Company Name,Facility Name,Category Type,Subcategory,State,State Code,County,City,Latitude,Longitude,Live IT MW (2026),U/C IT MW (2026),Committed IT MW (2026),Early Stage IT MW (2026),Landbanked Area h (2026),Total Sold MW (2026),Design PUE
Fermi America,HyperGrid Advanced Energy & Intelligence Campus,Colocation,Wholesale,Texas,TX,Potter,,35.384808063,-101.752527162,0.0,0.0,600.0,9800.0,,0.0,
Meta,Richland Parish,Self-build,Self-build AI,Louisiana,LA,Richland Parish,,32.514308754,-91.641480157,0.0,250.0,1750.0,3000.0,,2000.0,
Sailfish  Investors,Comanche Circle,Colocation,Build-to-suit,Texas,TX,Hood County,Tolar,32.412205673,-97.857849527,0.0,0.0,0.0,5000.0,,0.0,
Energy Abundance,Data City,Colocation,Wholesale,Texas,TX,Webb County,,27.637249019,-99.409863987,0.0,0.0,0.0,5000.0,,0.0,
Amazon Web Services,Barnesville,Self-build,Self-build Public Cloud,Georgia,GA,Lamar County,,33.177781598,-84.052624954,0.0,0.0,0.0,4854.0,,0.0,
Beale Infrastructure,Project Clydesdale,Colocation,Wholesale,Oklahoma,OK,Tulsa County,Tulsa,36.273006235,-95.90959556,0.0,550.0,1650.0,0.0,,0.0,
Crusoe,Project Jade,Colocation,Build-to-suit,Wyoming,WY,Laramie,,41.037064658,-104.802090787,0.0,0.0,1820.0,0.0,,0.0,
TECfusions,"New Kensington, PA",Colocation,Wholesale,Pennsylvania,PA,Westmoreland County,Upper Burrell Township,40.54649469,-79.651107943,12.0,0.0,988.0,1400.0,,1000.0,
Digital Realty,Digital Dulles,Colocation,Wholesale,Virginia,VA,Loudoun County,Sterling,38.964092732,-77.492705496,57.6,230.4,960.0,192.0,,189.0,
Crusoe,Stargate Site 1 (Abilene Clean Campus),Colocation,Build-to-suit,Texas,TX,Taylor County,Abilene,32.502642104,-99.78752874,206.0,600.0,0.0,800.0,,706.0,
CloudHQ,LC Campus,Colocation,Wholesale,Virginia,VA,Loudoun County,Ashburn,39.002173369,-77.472372971,328.0,288.0,617.0,0.0,,616.0,
PowerHouse Data Centers,PAX-1,Colocation,Wholesale,Pennsylvania,PA,Cumberland County,Carlisle,40.252275586,-77.114117837,0.0,0.0,1350.0,0.0,,0.0,
Wallace Jackson LLC,Wallace Jackson Data Center Campus,Colocation,,Georgia,GA,Spalding County,,33.281044655,-84.117705256,0.0,0.0,0.0,2668.0,,0.0,
"Eagle South, LLC",Project Eisenhower,Colocation,Build-to-suit,Georgia,GA,Richmond County,Augusta-Richmond County,33.443270961,-82.164469116,0.0,0.0,0.0,2500.8,,0.0,
Meta,Aiken,Self-build,Self-build Social Media,South Carolina,SC,Aiken County,,33.642801521,-81.84299135,0.0,1000.0,0.0,0.0,,1000.0,
Switch,The Keep 2.0 - Atlanta North,Colocation,Wholesale,Georgia,GA,Bartow County,Cartersville,34.108442594,-84.803428616,0.0,300.0,0.0,1700.0,,300.0,
Amazon Web Services,Hobart,Self-build,Self-build AI,Indiana,IN,Lake County,Hobart,41.505209,-87.291601,0.0,0.0,0.0,2400.0,,0.0,
TPA,Project Marvel,Colocation,Wholesale,Alabama,AL,Jefferson County,Bessemer,33.345155841,-87.037556,0.0,0.0,1188.0,0.0,,0.0,
xAI,Colossus 2,Self-build,Self-build Social Media,Tennessee,TN,Shelby County,Memphis,34.999543584,-90.04157506,212.0,0.0,900.0,0.0,,1112.0,
Amazon Web Services,AWS Razor5,Self-build,Self-build AI,Indiana,IN,St. Joseph County,Olive,41.668582826,-86.47403043,232.0,522.0,174.0,0.0,,928.0,
Prologis,Prologis Yorkville (Project Steel),Colocation,Wholesale,Illinois,IL,Kendall County,Yorkville,41.707688115,-88.481330817,0.0,0.0,0.0,2208.0,,0.0,
STACK Infrastructure,STC - Stafford,Colocation,Wholesale,Virginia,VA,Stafford County,Fredericksburg,38.386882939,-77.431124607,0.0,0.0,1100.0,0.0,,1100.0,
EdgeCore,EdgeCore Louisa,Colocation,Wholesale,Virginia,VA,Goochland County,Tabscott,37.884171449,-78.038200023,0.0,0.0,1100.0,0.0,,0.0,
"Interstate Health Systems, LLC",Highway 16 Interstate Health Development,Colocation,Wholesale,Georgia,GA,Butts County,,33.26342,-84.085402,0.0,0.0,0.0,2127.2,,0.0,
Vantage Data Centers,Project Lighthouse (Stargate),Colocation,Build-to-suit,Wisconsin,WI,Ozaukee County,Town of Port Washington,43.456341091,-87.852809549,0.0,248.0,752.0,0.0,,1000.0,
QTS Datacenters,Cedar Rapids,Colocation,Wholesale,Iowa,IA,Linn County,Fairfax,41.908234436,-91.756765836,0.0,143.0,857.0,0.0,,1000.0,
Digital Realty,Project Bunkhouse,Colocation,Wholesale,Georgia,GA,Bartow County,Cartersville,34.096532,-84.911951,0.0,0.0,1024.0,0.0,,0.0,
Vantage Data Centers,Stargate- Frontier Campus,Self-build,,Texas,TX,Shackelford County,Abilene,32.53750451,-99.57124555,0.0,140.0,420.0,840.0,,560.0,
SoftBank Group,Stargate Milam County,Self-build,,Texas,TX,Milam County,Burlington,31.003164616,-97.018642783,0.0,450.0,450.0,0.0,,900.0,
Amazon Web Services,Richmond County,Self-build,,North Carolina,NC,Richmond County,Hamlet,34.838453387,-79.725998537,0.0,50.0,950.0,0.0,,1000.0,
Related Digital,The Barn (Stargate),Colocation,Wholesale,Michigan,MI,Washtenaw County,Saline Township,42.117074798,-83.87971699,0.0,0.0,1000.0,0.0,,1000.0,
Google,Project Skyway,Colocation,,Minnesota,MN,Goodhue County,Pine Island,44.220541,-92.645118,0.0,0.0,0.0,1900.0,,0.0,
Terawulf,Lake Mariner,Colocation,Build-to-suit,New York,NY,Niagara County,Town of Somerset,43.359015799,-78.606018462,292.5,459.0,0.0,0.0,,751.5,
Tramell Crow Company,White Oak Technology Park,Colocation,Wholesale,Georgia,GA,Columbia,,33.507591389,-82.33931734,0.0,0.0,928.0,0.0,,0.0,
"Pioneer Development,LLC",Project Cardinal,Colocation,Build-to-suit,Illinois,IL,Kendall County,Yorkville,41.712792142,-88.455887004,0.0,0.0,0.0,1803.0,,0.0,
Tract,Buckeye Tech Corridor,Colocation,Wholesale,Arizona,AZ,Maricopa County,Buckeye,33.431647,-112.722572,0.0,0.0,0.0,1800.0,,0.0,
PowerHouse Data Centers,Joliet Technology Park,Colocation,,Illinois,IL,Will County,Joliet,41.456135,-88.071462,0.0,0.0,0.0,1800.0,,0.0,
Tract,Peru Shelf Technology Park,Colocation,Build-to-suit,Nevada,NV,Storey,,39.522019545,-119.511113414,0.0,270.0,540.0,0.0,,0.0,
Amazon Web Services,New Albany III (Beech and Miller),Self-build,Self-build Public Cloud,Ohio,OH,Licking County,Jersey Township,40.115485718,-82.750916968,192.0,48.0,0.0,1152.0,,240.0,
Microsoft,Boydton,Self-build,Self-build Public Cloud,Virginia,VA,Mecklenburg County,Boydton,36.67924693,-78.374275357,690.0,0.0,0.0,0.0,,690.0,
QTS Datacenters,Richmond Data Center,Colocation,Wholesale,Virginia,VA,Henrico County,,37.48811,-77.244402,189.0,168.0,168.0,475.0,,357.0,0.0
QTS Datacenters,Fayetteville,Colocation,Wholesale,Georgia,GA,Fayette County,Fayetteville,33.450343395,-84.523922321,48.0,240.0,480.0,0.0,,288.0,
Galaxy Digital Inc.,Helios Data Center Campus,Colocation,Build-to-suit,Texas,TX,Dickens County,,33.77464995,-100.86909904,0.0,133.0,393.0,545.0,,393.0,
Lerner Enterprises,Brightseat Tech Park,Colocation,Wholesale,Maryland,MD,Prince George's County,Hyattsville,38.920321744,-76.856393647,0.0,0.0,820.0,0.0,,0.0,
Meta,Sarpy,Self-build,Self-build Social Media,Nebraska,NE,Sarpy County,Papillion,41.122556577,-96.143177538,648.0,0.0,0.0,0.0,,648.0,
PowerHouse Data Centers,PH Grand Prairie,Colocation,Wholesale,Texas,TX,Dallas County,Grand Prairie,32.475845904,-97.06930022,0.0,0.0,567.0,469.0,,0.0,1.35
Potomac Developent Group,Dahlgren West,Colocation,,Virginia,VA,King George County,King George,38.311015288,-77.107806783,0.0,0.0,800.0,0.0,,0.0,
PowerHouse Data Centers,Powerhouse 95,Colocation,Wholesale,Virginia,VA,Spotsylvania County,Fredericksburg,38.221049105,-77.477009253,0.0,0.0,800.0,0.0,,500.0,
SoftBank Group,Stargate Lordstown,Self-build,Self-build AI,Ohio,OH,Trumbull County,Lordstown,41.145390833,-80.879157566,0.0,51.1,715.4,0.0,,766.5,
Prometheus Hyperscale,Casper Expansion Site,Colocation,Wholesale,Wyoming,WY,Converse,,42.736211398,-106.070450373,0.0,0.0,0.0,1500.0,,0.0,
NE Edge,Gouldsboro Data Center,Colocation,,Pennsylvania,PA,Lackawanna County,Clifton,41.253786188,-75.523426238,0.0,0.0,0.0,1500.0,,0.0,
Meta,Gallatin,Self-build,Self-build Social Media,Tennessee,TN,Sumner County,Gallatin,36.410919894,-86.369275225,360.0,180.0,0.0,120.0,,540.0,
T5 Data Centers,T5 Chicago IV (CHI IV),Colocation,Wholesale,Illinois,IL,Lake County,Grayslake,42.312407767,-88.047895876,0.0,60.0,120.0,1020.0,,0.0,
Tramell Crow Company,Forsyth Technology Campus,Colocation,Wholesale,Georgia,GA,Monroe County,Forsyth,33.115522007,-84.01171345,0.0,0.0,0.0,1393.0,,0.0,
Google,Stillwater,Self-build,Self-build AI,Oklahoma,OK,Payne County,Stillwater,36.17148087,-97.048383472,0.0,0.0,346.0,692.0,,346.0,
Chirisa Technology Parks,CTP Campus,Colocation,Wholesale,Virginia,VA,Chesterfield County,Meadowville,37.360361492,-77.327400579,28.0,120.0,500.0,0.0,,148.0,
Amazon Web Services,Kline Township,Self-build,,Pennsylvania,PA,Schuylkill County,Kline Township,40.878326698,-76.01276745,0.0,0.0,0.0,1360.0,,0.0,
CleanArc Data Centers,VA1 Campus,Colocation,Wholesale,Virginia,VA,Caroline County,Ruther Glen,38.01647377,-77.496682548,0.0,268.8,134.4,403.2,,0.0,
Tract,Tract (Cannon Falls Technology Park),Colocation,Build-to-suit,Minnesota,MN,Dakota County,Cannon Falls,44.530504,-92.92469,0.0,0.0,0.0,1294.44,,0.0,
Amazon Web Services,Madison County,Self-build,Self-build Public Cloud,Mississippi,MS,Madison County,Canton,32.589124424,-90.093280771,0.0,0.0,348.0,580.0,,348.0,
CalEthos,Lithium Valley,Colocation,Wholesale,California,CA,Imperial County,Calipatria,33.151927534,-115.621023362,0.0,0.0,0.0,1260.0,,0.0,
Meta,Mesa Campus,Self-build,Self-build AI,Arizona,AZ,Maricopa County,Mesa,33.341691422,-111.631092014,200.0,300.0,0.0,0.0,,500.0,
Plaza Realty & Management,Potomac Technology Park,Colocation,,Virginia,VA,Prince William County,Manassas,38.630816345,-77.423395132,0.0,0.0,0.0,1250.0,,0.0,
Atlas Compute,Sentinel Grove Technology Park,Colocation,Wholesale,Florida,FL,Saint Lucie County,,27.47370133,-80.535126661,0.0,0.0,240.0,760.0,,0.0,
Prometheus Hyperscale,Aspen Mountain Hyperscale,Colocation,Wholesale,Wyoming,WY,Uinta County,Altamont,41.23236,-110.7609,0.0,0.0,90.0,1030.0,,10.0,
Starwood Digital Ventures,Project Washington,Colocation,Wholesale,Delaware,DE,New Castle County,Tybouts Corner,39.617187498,-75.637963225,0.0,0.0,0.0,1200.0,,0.0,
CloudBurst,Texas Data Center,Colocation,Wholesale,Texas,TX,Hays County,San Marcos,29.941322495,-97.887186344,0.0,0.0,0.0,1200.0,,0.0,
TPA,Social Circle Technology Park,Colocation,Wholesale,Georgia,GA,Walton County,Social Circle,33.61628,-83.740124,0.0,0.0,594.0,0.0,,0.0,
Amazon Web Services,Amazon Quantum Frederick,Self-build,Self-build Public Cloud,Maryland,MD,Frederick County,Frederick,39.323850939,-77.484724477,130.275,332.96,0.0,0.0,,463.235,
AVAIO Digital Partners,Avaio Digital Leo,Colocation,Wholesale,Arkansas,AR,Pulaski County,Wrightsville,34.615326472,-92.244826758,0.0,0.0,150.0,850.0,,0.0,
"Industrial VI Enterprises, LLC",75 South Data Center Campus,Colocation,Wholesale,Georgia,GA,Spalding County,,33.257056685,-84.146121697,0.0,0.0,0.0,1148.0,,0.0,
Rowan Digital Infrastructure,Rowan Quantum Frederick,Colocation,,Maryland,MD,Frederick County,Buckeystown,39.331890012,-77.474615272,0.0,0.0,491.0,166.0,,231.0,
Meta,New Albany,Self-build,Self-build Social Media,Ohio,OH,Licking County,New Albany,40.068799,-82.750545,127.6,232.0,0.0,232.0,,359.6,
QTS Datacenters,Phoenix 3,Colocation,Wholesale,Arizona,AZ,Maricopa County,Litchfield Park,33.513286266,-112.434719699,0.0,240.0,0.0,528.0,,240.0,
Meta,Eagle Mountain Data Center,Self-build,Self-build Social Media,Utah,UT,Utah County,Cedar Fort,40.265485751,-112.013137757,412.5,37.5,0.0,0.0,,450.0,
DataCore Innovations,Rumble Technology Campus,Self-build,,Georgia,GA,Monroe County,,32.989842279,-83.837451478,0.0,0.0,0.0,1120.0,,0.0,
IREN,Childress,Self-build,Self-build Crypto,Texas,TX,Childress County,Childress,34.383278113,-100.056445782,335.0,0.0,0.0,265.0,,335.0,
Google,Project Mica,Self-build,Self-build AI,Missouri,MO,Jackson County,Kansas City,39.319899533,-94.573724194,0.0,0.0,538.46,0.0,,538.46,
Google,"Council Bluffs, Iowa (2)",Self-build,Self-build Public Cloud,Iowa,IA,Pottawattamie County,Council Bluffs,41.173058,-95.802729,429.73,0.0,0.0,0.0,,429.73,
Copia Power Devco,Monarch Data Center,Colocation,Build-to-suit,Nevada,NV,Lyon,,39.103182059,-119.150497677,0.0,0.0,0.0,1050.0,,0.0,
Tract,Tract Hanover County,Colocation,,Virginia,VA,Hanover County,Ashland,37.786229401,-77.440465914,0.0,0.0,0.0,1035.0,,0.0,
Amazon Web Services,Sycolin Road Campus,Self-build,Self-build Public Cloud,Virginia,VA,Loudoun County,Leesburg,39.05888172,-77.547862432,0.0,345.0,85.0,0.0,,430.0,
Compass Datacenters,Meridian,Colocation,Wholesale,Mississippi,MS,Lauderdale County,Meridian,32.392367865,-88.627501546,0.0,62.5,437.5,0.0,,0.0,
Google,Kansas City,Self-build,Self-build Public Cloud,Missouri,MO,Jackson County,Kansas City,39.175843166,-94.460144795,0.0,324.0,108.0,0.0,,432.0,
ServerFarm,HTX1,Colocation,Wholesale,Texas,TX,Harris County,Hockley,30.018808294,-95.863294686,410.0,0.0,0.0,0.0,,410.0,1.35
American Intelligence & Power Corporation,Monarch AI Data Center System,Colocation,Wholesale,West Virginia,WV,Mason County,Point Pleasant,38.880528531,-82.13542139,0.0,0.0,0.0,1000.0,,0.0,
Tract,Tract Altoona,Colocation,Wholesale,Iowa,IA,Polk County,Ankeny,41.681085274,-93.540570471,0.0,0.0,0.0,1000.0,,0.0,
Equinix,Minooka Campus Equinix,Colocation,,Illinois,IL,Kendall County,Minooka,41.475399,-88.262364,0.0,0.0,500.0,0.0,,500.0,
Atlas Agro,Richland Campus,Colocation,Wholesale,Washington,WA,Benton County,Richland,46.353788082,-119.301257944,0.0,0.0,0.0,1000.0,,0.0,
Arizona Land Consulting (ALC),Hassayampa Ranch Data Center,Colocation,Build-to-suit,Arizona,AZ,Maricopa County,Buckeye,33.497,-112.781,0.0,0.0,0.0,1000.0,,0.0,
COPT,COPT Iowa,Colocation,Wholesale,Iowa,IA,Dallas County,Adel,41.538185708,-93.936753191,0.0,0.0,0.0,999.0,,0.0,
STACK Infrastructure,NVA02,Colocation,Wholesale,Virginia,VA,Prince William County,Manassas,38.74481162,-77.534766132,197.5,66.0,159.0,0.0,,422.5,
Amazon Web Services,Northeast Creek Technology Campus,Self-build,Self-build Public Cloud,Virginia,VA,Louisa,,37.980491663,-77.951131738,0.0,0.0,0.0,975.0,,0.0,
Amazon Web Services,Summit Crossing Tech Campus,Self-build,Self-build Public Cloud,Virginia,VA,Spotsylvania County,Fredericksburg,38.192957632,-77.438799971,0.0,0.0,487.0,0.0,,487.0,
Microsoft,13490 University Blvd & 5941 Wellington Road,Self-build,Self-build Public Cloud,Virginia,VA,Prince William County,Gainesville,38.794498341,-77.584915487,0.0,0.0,0.0,970.0,,0.0,
Rowan Digital Infrastructure,Temple Green Data Campus,Colocation,Wholesale,Texas,TX,Bell County,Temple,31.056311517,-97.298825412,300.0,0.0,0.0,200.0,,300.0,
Amazon Web Services,Cosner Tech Campus,Self-build,Self-build Public Cloud,Virginia,VA,Spotsylvania County,Fredericksburg,38.201686605,-77.476591859,0.0,62.0,388.0,0.0,,450.0,
"Hampton Technology Park Owner, LLC",Hampton Technology Park,Colocation,,Georgia,GA,Henry County,Hampton,33.386311348,-84.348266822,0.0,0.0,0.0,920.0,,0.0,
Compass Datacenters,Red Oak Campus,Colocation,Wholesale,Texas,TX,Ellis County,Red Oak,32.538928731,-96.804331336,238.0,126.0,0.0,0.0,,357.0,
Eagle Rock Partners,Twiggs County,Colocation,Wholesale,Georgia,GA,Twiggs County,,32.581112689,-83.486142015,0.0,0.0,0.0,900.0,,0.0,
Cologix,Cologix Johnstown,Colocation,Wholesale,Ohio,OH,Licking County,Johnstown,40.136554745,-82.715053649,0.0,0.0,100.0,700.0,,0.0,
Bohler Places LLC,Fort Meade,Colocation,Wholesale,Florida,FL,Polk County,Fort Meade,27.786390464,-81.821222262,0.0,0.0,448.0,0.0,,0.0,
Meta,Huntsville,Self-build,Self-build Social Media,Alabama,AL,Madison County,Huntsville,34.84238544,-86.629670294,144.0,211.2,0.0,0.0,,355.2,
Applied Digital,Polaris Forge 1,Colocation,Build-to-suit,North Dakota,ND,Dickey County,Ellendale Township,46.008621317,-98.569654592,50.0,125.0,225.0,0.0,,400.0,1.18
Meta,Prineville,Self-build,Self-build Social Media,Oregon,OR,Crook County,Prineville,44.293641,-120.883225,344.0,0.0,0.0,0.0,,344.0,1.0
Microsoft,Fairwater,Self-build,Self-build AI,Wisconsin,WI,Racine County,Mount Pleasant,42.675181497,-87.900955481,168.801,168.801,0.0,0.0,,337.602,
Google,Google Hartman Stock Farm,Self-build,Self-build Public Cloud,Ohio,OH,Franklin County,Lockbourne,39.849556705,-82.995649333,168.0,168.0,0.0,0.0,,336.0,
CloudHQ,MCC Campus,Colocation,Wholesale,Virginia,VA,Prince William County,,38.716703,-77.500121,125.6,0.0,256.0,0.0,,245.6,
Aligned,SLC Campus,Colocation,Wholesale,Utah,UT,Salt Lake County,West Jordan,40.585935,-111.969672,162.0,40.0,60.0,200.0,,262.0,1.15
Amazon Web Services,Lake Anna Tech Campus,Self-build,Self-build Public Cloud,Virginia,VA,Louisa County,Mineral,38.048275319,-77.809481579,0.0,0.0,412.5,0.0,,412.5,
"Servistar Realties, LLC",Westfield Data Center Campus,Colocation,Wholesale,Massachusetts,MA,Hampden County,Westfield,42.158293897,-72.741061103,0.0,0.0,0.0,819.789,,0.0,
Skybox Datacenters,PowerCampus Austin,Colocation,Wholesale,Texas,TX,Williamson County,Hutto,30.542068497,-97.518562092,0.0,84.0,300.0,0.0,,0.0,
Google,Google Indiana - Project Zodiac,Self-build,Self-build Public Cloud,Indiana,IN,Allen County,Fort Wayne,41.036371923,-85.042075307,0.0,0.0,270.0,270.0,,270.0,
Amazon Web Services,Devlin Technology Park,Self-build,Self-build Public Cloud,Virginia,VA,Prince William County,Bristow,38.768897878,-77.57592512,0.0,0.0,405.0,0.0,,405.0,
Google,New Albany,Self-build,Self-build Public Cloud,Ohio,OH,Licking County,Pataskala,40.059495,-82.764378,322.6,0.0,0.0,0.0,,322.6,
Vantage Data Centers,Millersport,Colocation,Wholesale,Ohio,OH,Hocking,,39.4634,-82.28534,0.0,0.0,0.0,800.0,,0.0,
PointOne,Remington Technology Park,Colocation,,Virginia,VA,Fauquier County,Remington,38.548502872,-77.803958183,0.0,0.0,400.0,0.0,,0.0,
Meta,Montgomery,Self-build,Self-build Social Media,Alabama,AL,Montgomery County,Montgomery,32.281372516,-86.348440175,0.0,0.0,392.0,0.0,,392.0,
DataBank,Red Oak Campus (DFW 9-16),Colocation,Wholesale,Texas,TX,Ellis County,Red Oak,32.535818671,-96.732515028,0.0,120.0,120.0,240.0,,240.0,
Amazon Web Services,Mattameade Data Center Campus,Self-build,Self-build Public Cloud,Virginia,VA,Spotsylvania County,Woodford,38.123885117,-77.511038536,0.0,0.0,0.0,770.0,,0.0,
Google,Wellington Road,Self-build,Self-build Public Cloud,Virginia,VA,Prince William County,Bristow,38.785258029,-77.574683175,0.0,0.0,383.0,0.0,,383.0,
Meta,Stanton Springs - Campus 2,Self-build,Self-build Social Media,Georgia,GA,Morgan County,,33.599369706,-83.67321789,246.0,0.0,0.0,148.0,,246.0,
NTT Global Data Centers,NTT Gainesville Campus,Colocation,Wholesale,Virginia,VA,Prince William County,Gainesville,38.801706936,-77.610819559,74.0,94.0,168.0,0.0,,125.0,
Google,Bermuda Hundred Road,Self-build,Self-build Public Cloud,Virginia,VA,Chesterfield County,Chester,37.347924883,-77.3106661,0.0,0.0,372.0,0.0,,372.0,
EdgeConneX,"Austin, Texas",Colocation,Wholesale,Texas,TX,Travis County,Cedar Creek,30.142158506,-97.565885666,0.0,96.0,240.0,0.0,,96.0,
Yondr,Yondr Loudoun County,Colocation,Wholesale,Virginia,VA,Loudoun County,Aldie,38.949490117,-77.549628642,60.0,36.0,240.0,0.0,,120.0,
Google,Omaha,Self-build,Self-build Public Cloud,Nebraska,NE,Douglas County,Omaha,41.340754601,-96.087237824,80.0,80.0,160.0,0.0,,320.0,
Compass Datacenters,Goodyear Phoenix Campus,Colocation,Wholesale,Arizona,AZ,Maricopa County,Goodyear,33.44008966,-112.3792806,164.66,46.33,46.33,92.66,,257.32,
CorScale,Gainesville Crossing,Colocation,Wholesale,Virginia,VA,Prince William County,Gainesville,38.802567216,-77.585159911,72.0,126.0,108.0,0.0,,189.0,
PowerHouse Data Centers,Louisville,Colocation,Wholesale,Kentucky,KY,Jefferson County,Louisville,38.202726413,-85.852482851,0.0,0.0,301.5,100.5,,67.0,
Polaris Technology,Project Bitfrost,Self-build,Self-build Crypto,Oklahoma,OK,Muskogee County,,35.693370101,-95.386652489,200.0,0.0,0.0,200.0,,200.0,
Crusoe,Project Goodnight,Self-build,,Texas,TX,Armstrong County,,35.018357996,-101.311942877,0.0,0.0,0.0,700.0,,0.0,
CyrusOne,DFW10,Colocation,Wholesale,Texas,TX,Bosque County,,31.856861192,-97.356819972,0.0,144.0,144.0,50.0,,72.0,
CoreWeave,216 Greenfield Road,Colocation,Build-to-suit,Pennsylvania,PA,Lancaster County,Lancaster,40.048619766,-76.25985461,0.0,278.0,0.0,0.0,,278.0,
Google,Google Lancaster,Self-build,Self-build Public Cloud,Ohio,OH,Fairfield County,Lancaster,39.725743294,-82.685453981,276.0,0.0,0.0,0.0,,276.0,
1547 Critical Systems Realty,"Chester County, Pennsylvania",Colocation,Build-to-suit,Pennsylvania,PA,Chester County,East Whiteland,40.039648939,-75.589295024,0.0,0.0,290.0,110.0,,0.0,
Green Energy Partners,Surry Green Energy Center,Colocation,Wholesale,Virginia,VA,Surry County,Poolesville,37.151665339,-76.694347475,0.0,0.0,342.0,0.0,,0.0,
MCD 7 LLC,Project Laurel,Colocation,Wholesale,Pennsylvania,PA,Montgomery County,Pottstown,40.232192752,-75.581080656,0.0,0.0,0.0,666.0,,0.0,
Amazon Web Services,4120- Scioto Darby Rd (Hilliard III),Self-build,Self-build Public Cloud,Ohio,OH,Franklin County,Hilliard,40.015865257,-83.122689866,110.0,0.0,110.0,165.0,,220.0,
East Village Dothan LLC.,Hickman Property,Colocation,Wholesale,Georgia,GA,Douglas County,,33.707516687,-84.874605569,0.0,0.0,0.0,660.0,,0.0,
QTS Datacenters,Salt Lake City 1,Colocation,Retail,Utah,UT,Utah County,Eagle Mountain,40.266657589,-112.033531667,0.0,0.0,0.0,650.0,,0.0,
EdgeCore,EdgeCore Culpeper,Colocation,Wholesale,Virginia,VA,Culpeper County,Culpeper,38.463209911,-77.982736379,0.0,0.0,216.0,216.0,,0.0,
Meta,Project Domino,Self-build,Self-build Social Media,Indiana,IN,Boone County,Center,40.059315954,-86.537956234,0.0,0.0,211.2,211.2,,211.2,
Rowan Digital Infrastructure,Cinco,Colocation,Build-to-suit,Texas,TX,Medina County,,29.219539834,-98.838998174,0.0,60.0,240.0,0.0,,300.0,
DataOne,Nebius Data Center,Colocation,Build-to-suit,New Jersey,NJ,Cumberland County,Vineland,39.427569561,-75.016730796,50.0,0.0,250.0,0.0,,0.0,
TECfusions,"Clarksville, VA",Colocation,Wholesale,Virginia,VA,Mecklenburg County,Clarksville,36.601063441,-78.550200611,48.0,0.0,252.0,0.0,,80.0,
QTS Datacenters,York County,Colocation,Wholesale,South Carolina,SC,York County,York,35.038066991,-81.108028468,0.0,0.0,48.0,528.0,,0.0,
QTS Datacenters,Hillsboro - Portland Data Center,Colocation,Wholesale,Oregon,OR,Washington County,Hillsboro,45.558422515,-122.927890612,248.0,0.0,0.0,0.0,,248.0,
LaBella Associates,Wildcat Ridge AI Data Center Campus,Colocation,Wholesale,Pennsylvania,PA,Lackawanna County,Archbald,41.499793307,-75.586494522,0.0,0.0,0.0,616.14,,0.0,
Red Wolf DCD Properties LLC,Project Red Wolf,Colocation,Wholesale,Kansas,KS,Wyandotte County,Kansas City,39.132461805,-94.880338003,0.0,0.0,0.0,600.0,,0.0,
PowerHouse Data Centers,1600 Digital Drive,Colocation,Wholesale,Virginia,VA,Chesterfield County,Chester,37.357095543,-77.334700853,0.0,0.0,300.0,0.0,,0.0,
AVAIO Digital Partners,The Carmel Church Data Hub,Colocation,Wholesale,Virginia,VA,Caroline County,Ruther Glen,37.92809254,-77.4695182,0.0,0.0,300.0,0.0,,0.0,
Meta,DeKalb,Self-build,Self-build Social Media,Illinois,IL,DeKalb County,DeKalb,41.888150064,-88.721005683,240.0,0.0,0.0,0.0,,240.0,
Microsoft,Osmium,Self-build,Self-build Public Cloud,Iowa,IA,Warren County,West Des Moines,41.498363039,-93.786998984,240.0,0.0,0.0,0.0,,240.0,
Meta,Stanton Springs - Campus 1,Self-build,Self-build Social Media,Georgia,GA,Newton County,Social Circle,33.601465325,-83.700894306,240.0,0.0,0.0,0.0,,240.0,
Province Group,Powhatan Technology Park,Colocation,Wholesale,Virginia,VA,Powhatan County,Powhatan,37.509047697,-77.731655327,0.0,0.0,300.0,0.0,,0.0,
PointOne,Richmond Data Center Campus,Colocation,,Virginia,VA,Charles City,,37.335555927,-76.988461418,0.0,0.0,0.0,600.0,,0.0,
Amazon Web Services,Carter's Store Tech Campus,Self-build,Self-build Public Cloud,Virginia,VA,Spotsylvania County,Carters Store,38.191637998,-77.469986713,0.0,0.0,300.0,0.0,,300.0,
Vantage Data Centers,Ashburn (VA3) Data Center Campus,Colocation,Wholesale,Virginia,VA,Loudoun County,Ashburn,39.079567533,-77.506315262,25.0,16.0,247.0,0.0,,288.0,
NTT Global Data Centers,NTT Phoenix Data Center,Colocation,Wholesale,Arizona,AZ,Maricopa County,Mesa,33.355392814,-111.612489255,108.0,72.0,72.0,0.0,,180.0,
Meta,Henrico,Self-build,Self-build Social Media,Virginia,VA,Henrico County,Sandston,37.482161,-77.236406,180.0,0.0,72.0,0.0,,252.0,
Montana Property Group LLC,Project Spalding,Colocation,Wholesale,Georgia,GA,Spalding County,East Griffin,33.248037784,-84.229074407,0.0,0.0,296.0,0.0,,0.0,
Cielo Digital Infrastructure,Gaffney,Colocation,Wholesale,South Carolina,SC,Cherokee County,East Gaffney,35.080280809,-81.598010025,0.0,0.0,296.0,0.0,,0.0,
Amazon Web Services,New Albany II (Newton),Self-build,Self-build Public Cloud,Ohio,OH,Franklin County,Johnstown,40.095062681,-82.732357313,235.2,0.0,0.0,0.0,,235.2,
Google,Lincoln Agate,Self-build,Self-build Public Cloud,Nebraska,NE,Lancaster County,Lincoln,40.905714855,-96.649971292,0.0,40.0,240.0,0.0,,280.0,
EdgeCore,Mesa Campus,Colocation,Wholesale,Arizona,AZ,Maricopa County,Mesa,33.344481981,-111.630074326,26.0,180.0,0.0,62.0,,170.0,1.25
Microsoft,Bison Business Park,Self-build,Self-build Public Cloud,Wyoming,WY,Laramie,,41.061422463,-104.790282889,144.0,48.0,48.0,0.0,,240.0,
Amazon Web Services,5945 Wellington,Self-build,Self-build Public Cloud,Virginia,VA,Prince William County,Bristow,38.789013159,-77.585448977,0.0,86.0,180.0,0.0,,266.0,
Microsoft,Castroville Campus,Self-build,Self-build AI,Texas,TX,Medina County,Rio Medina,29.431156223,-98.875999571,120.0,0.0,135.0,0.0,,255.0,
Meta,Altoona Iowa,Self-build,Self-build Social Media,Iowa,IA,Polk County,Altoona,41.667607,-93.507662,228.0,0.0,0.0,0.0,,228.0,
Core Scientific,Denton 1,Colocation,Build-to-suit,Texas,TX,Denton County,Denton,33.219980709,-97.21252772,48.0,38.5,173.5,0.0,,48.0,
Amazon Web Services,Light Speed Drive,Self-build,Self-build Public Cloud,Virginia,VA,Loudoun County,Sterling,38.980615411,-77.494490951,0.0,67.0,192.0,0.0,,259.0,
Amazon Web Services,Hilliard II,Self-build,Self-build Public Cloud,Ohio,OH,Franklin County,Hilliard,40.04924189,-83.173147462,220.0,0.0,0.0,0.0,,220.0,
CloudHQ,MDC Campus,Colocation,Wholesale,Virginia,VA,Prince William County,Manassas,38.731397651,-77.50903045,0.0,84.0,168.0,0.0,,42.0,1.25
Meta,Project Cosmo,Self-build,Self-build AI,Wyoming,WY,Laramie County,Cheyenne,41.080904518,-104.817942782,0.0,216.0,0.0,0.0,,216.0,
STACK Infrastructure,PHX01-Avondale,Colocation,Build-to-suit,Arizona,AZ,Maricopa County,Avondale,33.416824268,-112.355532407,0.0,144.0,80.0,16.0,,0.0,
STACK Infrastructure,Lithia Springs Campus,Colocation,Build-to-suit,Georgia,GA,Douglas County,,33.762531703,-84.601812162,0.0,160.0,0.0,132.0,,52.0,
PowerHouse Data Centers,PowerHouse Pacific,Colocation,Wholesale,Virginia,VA,Loudoun County,Sterling,39.004848075,-77.447278375,0.0,0.0,265.0,0.0,,265.0,
xAI,Colossus 1,Self-build,Self-build AI,Tennessee,TN,Shelby County,Memphis,35.059848587,-90.156185387,212.0,0.0,0.0,0.0,,212.0,
Aligned,NEO-01,Colocation,Wholesale,Ohio,OH,Erie County,Perkins Township,41.431010517,-82.717160261,0.0,96.0,0.0,288.0,,0.0,
QTS Datacenters,Phoenix 2,Colocation,Wholesale,Arizona,AZ,Maricopa County,Phoenix,33.463157732,-111.997570622,210.0,0.0,0.0,0.0,,210.0,
T5 Data Centers,T5@Atlanta,Colocation,Wholesale,Georgia,GA,Douglas County,Lithia Springs,33.762694399,-84.605049432,0.0,178.2,39.6,0.0,,9.9,
Aligned,IAD-04,Colocation,Wholesale,Maryland,MD,Frederick County,Buckeystown,39.331890012,-77.474615272,0.0,72.0,147.0,45.0,,219.0,
Vantage Data Centers,Ashburn (VA1) Data Center Campus,Colocation,Wholesale,Virginia,VA,Loudoun County,Sterling,39.002799746,-77.438903715,156.0,50.0,0.0,0.0,,206.0,1.3
Hut 8,Vega,Self-build,Self-build Crypto,Texas,TX,Taylor County,,32.300286416,-100.113573004,205.0,0.0,0.0,0.0,,205.0,1.06
STACK Americas,DFW02 Campus,Colocation,Wholesale,Texas,TX,Dallas County,Dallas,32.585427825,-96.735035089,0.0,0.0,11.0,490.0,,0.0,
Beale Infrastructure,Project Blue,Colocation,Wholesale,Arizona,AZ,Pima County,,32.053333692,-110.781574347,0.0,0.0,0.0,510.0,,0.0,
Google,Papillion,Self-build,Self-build Public Cloud,Nebraska,NE,Sarpy County,Richland Viii,41.136126,-96.146213,203.0,0.0,0.0,0.0,,203.0,
Northmark Strategies,Project MOC-1,Self-build,,South Carolina,SC,Spartanburg County,Calico,34.923542365,-81.848345723,0.0,0.0,252.0,0.0,,252.0,
Atlas Development,Project Sassy,Colocation,,Georgia,GA,Floyd County,,34.377714927,-85.037045904,0.0,0.0,0.0,504.0,,0.0,
Microsoft,Goodyear 2,Self-build,Self-build Public Cloud,Arizona,AZ,Maricopa County,Goodyear,33.409028771,-112.364483038,200.0,0.0,0.0,0.0,,200.0,
US Air Force,Davis-Monthan Air Force Data Center,Self-build,Self-build Public Sector,Arizona,AZ,Pima County,Tucson,32.16554479,-110.889506997,0.0,0.0,0.0,500.0,,0.0,
Prologis,Project Sail,Colocation,Wholesale,Georgia,GA,Coweta County,Newnan,33.436761827,-84.88433476,0.0,0.0,0.0,484.2,,0.0,
Meta,Meta Rosemount,Self-build,Self-build Social Media,Minnesota,MN,Dakota County,Rosemount,44.736280084,-93.057827875,0.0,193.6,0.0,0.0,,193.6,
STACK Infrastructure,NVA03,Colocation,Wholesale,Virginia,VA,Prince William County,Innovation,38.747613993,-77.518504185,192.0,0.0,0.0,0.0,,192.0,
Digital Realty,Brickyard Way,Colocation,Wholesale,Virginia,VA,Prince William County,Manassas,38.737779412,-77.508533574,0.0,192.0,0.0,0.0,,128.0,
Vantage Data Centers,NV1 Campus,Colocation,Wholesale,Nevada,NV,Storey County,Sparks,39.549854535,-119.487500003,0.0,56.0,168.0,0.0,,200.0,
EdgeCore,Reno Campus,Colocation,Wholesale,Nevada,NV,Storey County,Sparks,39.524571918,-119.481779416,0.0,72.0,144.0,0.0,,72.0,1.25
Peterson Companies,Culpeper Technology Campus,Colocation,Wholesale,Virginia,VA,Culpeper County,Culpeper,38.461468114,-77.984049084,0.0,0.0,233.0,0.0,,0.0,
STACK Infrastructure,NVA04,Colocation,Build-to-suit,Virginia,VA,Loudoun County,Sterling,39.001999336,-77.463049614,0.0,132.0,66.0,0.0,,132.0,
Microsoft,Ginger-West,Self-build,Self-build Public Cloud,Iowa,IA,Polk County,West Des Moines,41.531617338,-93.861929906,112.0,28.0,56.0,0.0,,196.0,
Microsoft,Goodyear 1,Self-build,Self-build Public Cloud,Arizona,AZ,Maricopa County,Goodyear,33.491457283,-112.439825686,80.0,40.0,80.0,0.0,,200.0,
NorthPoint Development,Keystone Trade Center,Colocation,Wholesale,Pennsylvania,PA,Bucks County,Yardley,40.158000431,-74.754226682,0.0,0.0,230.0,0.0,,90.0,
Hyperscale Data Inc,Hyperscale Data Michigan,Colocation,Wholesale,Michigan,MI,Cass County,Dowagiac,41.992587045,-86.099823636,28.0,0.0,70.0,242.0,,28.0,
Google,13001 Rollins Ford Road,Self-build,Self-build Public Cloud,Virginia,VA,Prince William County,Bristow,38.77756674,-77.581984716,120.0,60.0,0.0,0.0,,180.0,
Peterson Companies,Project Sisson,Colocation,,Virginia,VA,Stafford County,,38.254132836,-77.389119857,0.0,0.0,0.0,440.0,,0.0,
Meta,Meta Jeffersonville,Self-build,Self-build Public Cloud,Indiana,IN,Clark County,Jeffersonville,38.356378759,-85.658550968,0.0,97.4,97.4,0.0,,194.8,
EdgeConneX,ATL Stonewall,Colocation,Wholesale,Georgia,GA,Henry County,,33.625142761,-84.562017275,0.0,67.0,134.0,0.0,,201.0,
QTS Datacenters,DFW1 Campus,Colocation,Wholesale,Texas,TX,Dallas County,Irving,32.897278858,-96.983004031,104.0,0.0,0.0,174.065,,99.2,1.73
BlackChamber Group,Tech Park at Brambleton,Colocation,Retail,Virginia,VA,Loudoun County,Ashburn,38.957578388,-77.534929427,0.0,51.0,153.0,0.0,,46.0,
Apple,Apple Waukee,Self-build,Self-build Other,Iowa,IA,Dallas County,Waukee,41.620340079,-93.920809011,0.0,34.5,172.5,0.0,,207.0,
Meta,Fort Worth,Self-build,Self-build Social Media,Texas,TX,Tarrant County,Fort Worth,32.98530681,-97.256983571,170.0,0.0,0.0,0.0,,170.0,
Meta,Project Accordion,Self-build,,Ohio,OH,Wood,,41.465580119,-83.638956454,0.0,0.0,211.2,0.0,,211.2,
Vantage Data Centers,VA4,Colocation,Wholesale,Virginia,VA,Stafford County,Fredericksburg,38.389574266,-77.466587112,0.0,72.0,120.0,0.0,,72.0,
Stream Data Centers,San Antonio III-VII,Colocation,Wholesale,Texas,TX,Bexar County,San Antonio,29.4483972,-98.7147556,40.0,0.0,160.0,0.0,,200.0,
DC Blox,Atlanta West,Colocation,Wholesale,Georgia,GA,Douglas County,Douglasville,33.734271831,-84.615100384,0.0,40.0,160.0,0.0,,135.0,1.3
CyrusOne,Phoenix Campus,Colocation,Wholesale,Arizona,AZ,Maricopa County,Chandler,33.27087,-111.882286,168.0,0.0,0.0,0.0,,168.0,
Switch,The Rock,Colocation,Wholesale,Texas,TX,Williamson County,Round Rock,30.487895541,-97.670447201,70.0,25.0,90.0,0.0,,40.0,
Vantage Data Centers,OH1,Colocation,Build-to-suit,Ohio,OH,Licking County,Johnstown,40.099275359,-82.748252493,0.0,64.0,128.0,0.0,,192.0,
STACK Infrastructure,Loudoun County - Arcola,Colocation,Wholesale,Virginia,VA,Loudoun County,Ashburn,38.9601632,-77.530399671,0.0,0.0,204.0,0.0,,0.0,
Microsoft,Microsoft Hebron/Union Township,Self-build,Self-build Public Cloud,Ohio,OH,Licking County,Hebron,39.967473799,-82.495587644,0.0,0.0,0.0,408.0,,0.0,
Skybox Datacenters,PowerCampus Dallas,Colocation,Build-to-suit,Texas,TX,Dallas County,Lancaster,32.57308336,-96.76469341,48.0,0.0,144.0,0.0,,192.0,
Meta,Project Peregrine,Self-build,Self-build Social Media,Idaho,ID,Ada County,Kuna,43.460390422,-116.271985742,90.0,0.0,90.0,0.0,,180.0,
PowerHouse Data Centers,Hobart,Colocation,Build-to-suit,Indiana,IN,Lake County,Hobart,41.501111,-87.282222,0.0,0.0,0.0,402.0,,0.0,
Digital Realty,ATL15/16,Colocation,Wholesale,Georgia,GA,Clayton County,Forest Park,33.619677931,-84.324503771,0.0,0.0,200.0,0.0,,0.0,
Hut 8,River Bend Campus,Colocation,Wholesale,Louisiana,LA,West Feliciana Parish,,30.716797743,-91.313784932,0.0,0.0,200.0,0.0,,0.0,
Stream Data Centers,Goodyear Campus,Colocation,Wholesale,Arizona,AZ,Maricopa County,Goodyear,33.42,-112.359,80.0,0.0,0.0,200.0,,80.0,
Menlo Equities,MD-VA3 (Richmond),Colocation,,Virginia,VA,,Petersburg,37.21182382,-77.362866144,0.0,0.0,200.0,0.0,,0.0,
Digital Realty,12899 Moores Chapel Road,Colocation,,North Carolina,NC,Mecklenburg County,Charlotte,35.25062525,-81.001390461,0.0,0.0,0.0,400.0,,0.0,
Anchorstone Advisors SOVA,Pittsylvania County,Colocation,,Virginia,VA,Pittsylvania County,Ringgold,36.579135129,-79.287577983,0.0,0.0,200.0,0.0,,0.0,
Active Infrastructure,Spring Valley Technology Park,Colocation,Wholesale,Virginia,VA,Loudoun County,,39.013059348,-77.572157137,0.0,0.0,0.0,400.0,,0.0,
Edged,Atlanta,Colocation,Wholesale,Georgia,GA,Fulton County,Atlanta,33.809610751,-84.455561193,127.0,0.0,41.0,0.0,,167.9,1.15
Novva Data Centers,Mesa Campus,Colocation,Wholesale,Arizona,AZ,Maricopa County,Mesa,33.339991056,-111.642692957,0.0,0.0,96.0,204.0,,51.0,
Prime Data Centers,Elk Grove Village,Colocation,Wholesale,Illinois,IL,Cook County,Elk Grove Village,42.023669342,-87.961354952,0.0,72.0,108.0,0.0,,0.0,1.3
Google,Red Oak,Self-build,Self-build Public Cloud,Texas,TX,Ellis County,Red Oak,32.535697283,-96.7942783,158.0,0.0,0.0,0.0,,158.0,
STACK Infrastructure,POR03,Colocation,Wholesale,Oregon,OR,Washington County,Hillsboro,45.554209143,-122.938350181,72.0,24.0,72.0,0.0,,72.0,
Microsoft,El Mirage,Self-build,Self-build Public Cloud,Arizona,AZ,Maricopa County,El Mirage,33.564240885,-112.338834826,100.0,20.0,0.0,80.0,,120.0,
CyrusOne,CyrusOne Yorkville,Colocation,Wholesale,Illinois,IL,Kendall County,Yorkville,41.68295,-88.470141,0.0,0.0,72.0,234.0,,0.0,
STACK Infrastructure,NVA05,Colocation,Wholesale,Virginia,VA,Prince William County,Manassas,38.762269855,-77.514766993,80.0,71.0,0.0,0.0,,139.0,
PowerHouse Data Centers,Charlotte,Colocation,Build-to-suit,North Carolina,NC,Mecklenburg County,Charlotte,35.311734817,-80.703532889,0.0,0.0,75.0,225.0,,0.0,
Switch,The Keep Campus,Colocation,Wholesale,Georgia,GA,Douglas County,Lithia Springs,33.755059015,-84.587280202,150.0,0.0,0.0,0.0,,149.1,
Archbald 25 Developer,Archbald Campus,Colocation,Wholesale,Pennsylvania,PA,Lackawanna County,Archbald,41.514403645,-75.565714583,0.0,0.0,0.0,374.0,,0.0,
SDC Capital Partners,Twin Creeks Assemblage,Colocation,Build-to-suit,Virginia,VA,Loudoun County,Leesburg,39.074593758,-77.519120496,0.0,0.0,185.0,0.0,,0.0,
Link Logistics,The Crossings,Colocation,,Georgia,GA,Fulton County,Union City,33.596027816,-84.54475819,0.0,0.0,0.0,365.0,,0.0,
TA Realty,Ellenwood Data Center,Colocation,Wholesale,Georgia,GA,Clayton County,Ellenwood,33.63752852,-84.304331915,0.0,0.0,180.0,0.0,,0.0,
QTS Datacenters,New Albany 1,Colocation,,Ohio,OH,Licking County,New Albany,40.062246831,-82.758204275,0.0,144.0,0.0,0.0,,144.0,
DC Blox,Charleston North,Colocation,Wholesale,South Carolina,SC,Berkeley,,33.158553749,-80.28441757,0.0,0.0,180.0,0.0,,0.0,
CloudHQ,Cloud HQ Chaska,Colocation,Wholesale,Minnesota,MN,Carver County,Chaska,44.811330335,-93.637008092,0.0,0.0,180.0,0.0,,0.0,
Microsoft,Oxford,Self-build,Self-build Public Cloud,Washington,WA,Grant County,Quincy,47.239016728,-119.885079134,143.2,0.0,0.0,0.0,,143.2,
Amazon Web Services,AWS - Luzerne County,Self-build,Self-build Public Cloud,Pennsylvania,PA,Luzerne County,Salem,41.083991059,-76.143280279,48.0,0.0,116.0,0.0,,164.0,
QTS Datacenters,Manassas Data Center,Colocation,Wholesale,Virginia,VA,Prince William County,Manassas,38.754505,-77.513103,106.5,0.0,42.0,0.0,,105.5,0.0
Soluna,Project Kati,Colocation,Wholesale,Texas,TX,Willacy County,Santa Monica,26.375029907,-97.586561801,0.0,36.0,130.0,0.0,,83.0,
Starwood Capital,Herndon Data Center Campus,Colocation,,Virginia,VA,Fairfax County,Floris,38.934567339,-77.424057323,0.0,62.5,0.0,187.5,,62.5,
STACK Infrastructure,PHX02 Campus,Colocation,Build-to-suit,Arizona,AZ,Maricopa County,Phoenix,33.457359392,-111.999801107,0.0,0.0,96.0,150.0,,0.0,
DC Blox,Atlanta East,Colocation,Wholesale,Georgia,GA,Rockdale County,Lakeview Estates,33.690117137,-84.046347149,0.0,30.0,80.0,106.0,,45.0,1.3
QTS Datacenters,New Albany 4 (Miller),Colocation,Build-to-suit,Ohio,OH,Franklin County,New Albany,40.114234488,-82.740512549,0.0,0.0,0.0,340.0,,0.0,
Microsoft,Microsoft Heath,Self-build,Self-build Public Cloud,Ohio,OH,Licking County,Newark,40.043965175,-82.476510805,0.0,0.0,0.0,340.0,,0.0,
Microsoft,Ginger-East,Self-build,Self-build Public Cloud,Iowa,IA,Polk County,West Des Moines,41.516065727,-93.718750937,84.0,28.0,28.0,0.0,,140.0,
Spalding Investments LLC,Griffin,Colocation,Wholesale,Georgia,GA,Spalding County,East Griffin,33.241494293,-84.194595152,0.0,0.0,166.4,0.0,,0.0,
QTS Datacenters,Denver Data Center Campus,Colocation,Wholesale,Colorado,CO,Arapahoe County,Aurora District,39.73259461,-104.714738867,25.0,0.0,135.0,0.0,,0.0,
Switch,The Citadel Campus,Colocation,Wholesale,Nevada,NV,Storey County,Sparks,39.514002639,-119.475176248,130.0,0.0,0.0,0.0,,0.0,1.18
JK Land Holdings,Greenlin Park,Colocation,Wholesale,Virginia,VA,Loudoun County,Goose Creek Village,39.056450741,-77.552783101,0.0,0.0,162.0,0.0,,0.0,
Red Wolf DCD Properties LLC,0 Rocky Creek,Colocation,Build-to-suit,Georgia,GA,Cobb County,Kennesaw,33.400175413,-84.222714232,0.0,0.0,160.0,0.0,,0.0,
Microsoft,Alluvion,Self-build,Self-build Public Cloud,Iowa,IA,Polk County,West Des Moines,41.516239665,-93.708857431,128.0,0.0,0.0,0.0,,128.0,
Microsoft,New Albany,Self-build,Self-build Public Cloud,Ohio,OH,Licking County,Jersey Township,40.103394941,-82.754051875,0.0,0.0,29.0,261.0,,29.0,
CyrusOne,NVA9,Colocation,Wholesale,Virginia,VA,Loudoun County,Sterling,38.956980196,-77.504981202,72.0,18.0,45.0,0.0,,89.4,
Microsoft,Microsoft Compass Creek,Self-build,Self-build Public Cloud,Virginia,VA,Loudoun County,Sycolin,39.071153932,-77.563100323,110.0,15.0,0.0,0.0,,125.0,
Iron Mountain,"Richmond, Virginia",Colocation,Wholesale,Virginia,VA,Henrico County,Sandston,37.49937263,-77.235840335,0.0,0.0,156.0,0.0,,0.0,
Microsoft,Hillcrest Data Center,Self-build,Self-build Public Cloud,Virginia,VA,Mecklenburg County,South Hill,36.746330346,-78.101790398,48.0,0.0,96.0,0.0,,144.0,
Pennhurst Group LLC,Pennhurst Data Center,Colocation,,Pennsylvania,PA,Chester County,East Vincent Township,40.194473195,-75.560708397,0.0,0.0,0.0,310.0,,0.0,
Microsoft,Elk Grove Technology Park,Self-build,Self-build Public Cloud,Illinois,IL,Cook County,Elk Grove Village,42.02323678,-87.972665727,16.4,59.2,59.2,0.0,,134.8,
Microsoft,Texas Research Park,Self-build,Self-build Public Cloud,Texas,TX,Bexar County,San Antonio,29.416077287,-98.802830596,92.0,30.0,0.0,0.0,,122.0,
PowerHouse Data Centers,Irving,Colocation,Wholesale,Texas,TX,Dallas County,Irving,32.88845031,-96.940009778,0.0,67.0,0.0,134.0,,0.0,
TigerDC,SC1,Self-build,,South Carolina,SC,Spartanburg County,Moore,34.869203498,-82.036893633,0.0,0.0,0.0,300.005,,0.0,
Applied Digital,Deuel,Colocation,Wholesale,South Dakota,SD,Deuel County,Scandinavia Township,44.57100538,-96.627205116,0.0,0.0,0.0,300.0,,0.0,
Amazon Web Services,Village Place Technology Park,Self-build,Self-build Public Cloud,Virginia,VA,Prince William County,Gainesville,38.801465675,-77.620299254,30.0,90.0,0.0,0.0,,120.0,
Amazon Web Services,PDX138,Self-build,Self-build Public Cloud,Oregon,OR,Umatilla County,Hermiston,45.809603325,-119.268149493,120.0,0.0,0.0,0.0,,120.0,
Amazon Web Services,PDX245,Self-build,Self-build Public Cloud,Oregon,OR,Umatilla County,Hermiston,45.80864917,-119.269070607,90.0,30.0,0.0,0.0,,120.0,
Amazon Web Services,PDX130,Self-build,Self-build Public Cloud,Oregon,OR,Umatilla County,,45.921375077,-119.231442918,120.0,0.0,0.0,0.0,,120.0,
Amazon Web Services,PDX109,Self-build,Self-build Public Cloud,Oregon,OR,Morrow County,,45.859863287,-119.608704664,120.0,0.0,0.0,0.0,,120.0,
Google,Henderson,Self-build,Self-build Public Cloud,Nevada,NV,Clark County,Henderson,36.05811,-115.00897,120.0,0.0,0.0,0.0,,120.0,
Google,Tahoe Reno Industrial Center,Self-build,Self-build Public Cloud,Nevada,NV,Storey County,,39.49669,-119.430845,120.0,0.0,0.0,0.0,,120.0,
SDC Capital Partners,Belmont Innovation Campus,Colocation,Build-to-suit,Virginia,VA,Loudoun County,Leesburg,39.073421447,-77.508915533,0.0,0.0,150.0,0.0,,0.0,
PowerHouse Data Centers,Reno,Colocation,Wholesale,Nevada,NV,Storey County,Sparks,39.556970862,-119.499170841,0.0,0.0,120.0,60.0,,0.0,
DataBank,Lithia Springs Campus,Colocation,Wholesale,Georgia,GA,Fulton County,Atlanta,33.743195785,-84.538880139,0.0,120.0,0.0,0.0,,120.0,
Bit Digital,Madison,Colocation,Wholesale,North Carolina,NC,Rockingham County,Madison,36.402836044,-79.988147946,0.0,0.0,99.0,100.0,,40.0,
Digital Realty,Garland Campus,Colocation,Wholesale,Texas,TX,Dallas County,Garland,32.977531913,-96.651213991,50.0,48.0,0.0,50.0,,98.0,
Aligned,CMH-02,Colocation,Wholesale,Ohio,OH,Coshocton County,Franklin Township,40.182798332,-81.871057088,0.0,9.0,135.0,0.0,,144.0,
Google,Berkeley County,Self-build,Self-build Public Cloud,South Carolina,SC,Berkeley County,,33.063974995,-80.042436788,112.0,0.0,0.0,11.0,,112.0,1.11
Microsoft,SAT89/90,Self-build,,Texas,TX,Medina County,,29.352081508,-98.938863392,0.0,0.0,0.0,290.0,,0.0,
Meta,Kansas City,Self-build,Self-build Social Media,Missouri,MO,Jackson County,Kansas City,39.323263648,-94.588859716,116.0,0.0,0.0,0.0,,116.0,
Menlo Equities,MD-VA2 (Sterling),Colocation,,Virginia,VA,Loudoun County,Sterling,39.000704092,-77.446399378,0.0,0.0,144.0,0.0,,0.0,
Prime Data Centers,Garland Campus,Colocation,Wholesale,Texas,TX,Dallas County,Garland,32.95847026,-96.656085329,0.0,96.0,0.0,48.0,,0.0,
AboutBit,AboutBit Indiana,Self-build,Self-build Crypto,Indiana,IN,Sullivan County,Gill,39.067889,-87.513056,115.0,0.0,0.0,0.0,,115.0,
CloudHQ,CloudHQ CLP Campus,Colocation,Build-to-suit,Virginia,VA,Culpeper County,,38.460210483,-77.977319321,0.0,0.0,142.0,0.0,,0.0,
CyrusOne,Mesa Campus,Colocation,Wholesale,Arizona,AZ,Maricopa County,Mesa,33.356202,-111.622496,0.0,0.0,81.0,121.5,,0.0,
Microsoft,East Point,Self-build,Self-build Public Cloud,Georgia,GA,Fulton County,Atlanta,33.642634318,-84.5164536,56.6,56.8,0.0,0.0,,113.4,1.12
Apple,Maiden North Carolina,Self-build,Self-build Other,North Carolina,NC,Catawba County,Maiden,35.588106647,-81.262404847,73.0,40.0,0.0,0.0,,113.0,
Atlas Development,Project Gracie,Colocation,,Georgia,GA,Floyd County,Rome,34.26683,-85.29861,0.0,0.0,0.0,280.0,,0.0,
Amazon Web Services,Luck Stone Quarry,Self-build,Self-build Public Cloud,Virginia,VA,Loudoun County,Leesburg,39.069169446,-77.531089277,0.0,0.0,0.0,280.0,,0.0,
Atlas Development,Avemore,Colocation,Wholesale,Georgia,GA,Carroll County,Villa Rica,33.7077837,-84.944738275,0.0,0.0,0.0,280.0,,0.0,
Aligned,Project Phoenix,Colocation,Wholesale,Pennsylvania,PA,Beaver County,Shippingport,40.627717187,-80.420638479,0.0,0.0,0.0,279.17,,0.0,
CoreWeave,1375 Harrisburg Pike,Colocation,Build-to-suit,Pennsylvania,PA,Lancaster County,Lancaster,40.059489511,-76.329473729,0.0,0.0,0.0,278.0,,0.0,
Terawulf,Cayuga Data Center,Colocation,,New York,NY,Tompkins County,Town of Lansing,42.60632531,-76.631221654,0.0,0.0,138.0,0.0,,0.0,
NEP Real Estate,NEP Real Estate Industrial Park,Colocation,,New Jersey,NJ,Cumberland County,Vineland,39.425130558,-75.014272189,0.0,0.0,0.0,276.0,,0.0,
Amazon Web Services,PDX80,Self-build,Self-build Public Cloud,Oregon,OR,Umatilla County,,45.797798547,-119.366449777,110.0,0.0,0.0,0.0,,110.0,
Amazon Web Services,AWS Platform Plaza,Self-build,Self-build Public Cloud,Virginia,VA,Loudoun County,Sterling,38.982073,-77.41755339,110.0,0.0,0.0,0.0,,110.0,
Amazon Web Services,PDX90,Self-build,Self-build Public Cloud,Oregon,OR,Morrow County,Boardman,45.837923782,-119.689293462,110.0,0.0,0.0,0.0,,110.0,
Prime Data Centers,Project Snow,Colocation,Wholesale,Texas,TX,Caldwell County,Lockhart,29.923575096,-97.749729478,0.0,0.0,0.0,274.5,,0.0,
Amazon Web Services,AWS Sunbury,Self-build,Self-build Public Cloud,Ohio,OH,Delaware County,Galena,40.220254674,-82.84760903,0.0,0.0,0.0,272.0,,0.0,
Microsoft,Microsoft Cherry Valley,Self-build,Self-build Public Cloud,Illinois,IL,Boone County,Cherry Valley,42.239896976,-88.920358623,0.0,0.0,0.0,272.0,,0.0,
EdgeCore,EdgeCore Dulles,Colocation,Wholesale,Virginia,VA,Loudoun County,Dulles Town Center,39.029512245,-77.427182289,72.0,36.0,0.0,0.0,,108.0,
Digital Realty,9401 W Grand Avenue,Colocation,Retail,Illinois,IL,Cook County,Franklin Park,41.927802965,-87.861636207,36.0,70.0,0.0,0.0,,106.0,
PointOne,Ashburn Data Center Campus,Colocation,Build-to-suit,Virginia,VA,Loudoun County,Sterling,39.008188579,-77.432794337,0.0,0.0,132.0,0.0,,0.0,
Aligned,Aligned IAD-02,Colocation,Wholesale,Virginia,VA,Loudoun County,Ashburn,39.01046144,-77.475260384,48.0,0.0,72.0,0.0,,72.0,
Amazon Web Services,PDX67,Self-build,Self-build Public Cloud,Oregon,OR,Umatilla County,Umatilla,45.901565405,-119.320398479,105.0,0.0,0.0,0.0,,105.0,
JLL,Project Hydroscale,Colocation,Wholesale,New York,NY,Genesee County,Basom,43.090046258,-78.400352187,0.0,104.0,0.0,0.0,,104.0,
CloudHQ,Mount Prospect Technology Center,Colocation,Wholesale,Illinois,IL,Cook County,Mount Prospect,42.034948494,-87.953411422,0.0,0.0,64.8,129.6,,0.0,
Core Scientific,Marble North Carolina,Colocation,Wholesale,North Carolina,NC,Cherokee County,,35.185669907,-83.916550325,0.0,103.0,0.0,0.0,,103.0,
Meta,Los Lunas,Self-build,Self-build Social Media,New Mexico,NM,Valencia County,Los Lunas,34.828481,-106.784407,0.0,0.0,127.7,0.0,,127.7,
Amazon Web Services,Amazon Willard Road,Self-build,Self-build Public Cloud,Virginia,VA,Loudoun County,South Riding,38.922125135,-77.483030646,30.3,0.0,88.8,0.0,,119.1,
Red Wolf DCD Properties LLC,Project Splice,Colocation,Wholesale,Georgia,GA,Crisp County,Cordele,31.971547,-83.731085,0.0,0.0,0.0,252.0,,0.0,
Menlo Equities,East Thistle Data Center,Colocation,Wholesale,Arizona,AZ,Maricopa County,Phoenix,33.311563682,-111.978510112,0.0,0.0,72.0,108.0,,0.0,
Google,Dorchester County,Self-build,Self-build Public Cloud,South Carolina,SC,Dorchester County,,32.95661922,-80.305955948,0.0,24.0,96.0,0.0,,120.0,
ServerFarm,Clarksville,Colocation,Wholesale,Arkansas,AR,Johnson County,Clarksville,35.452979678,-93.446252331,0.0,0.0,0.0,252.0,,0.0,
Amazon Web Services,AWS Becker,Self-build,Self-build Public Cloud,Minnesota,MN,Sherburne County,Becker,45.393916443,-93.881699159,0.0,0.0,0.0,250.4,,0.0,
Texas Critical Data Centers,Permian Basin,Colocation,Build-to-suit,Texas,TX,Gaines County,White City,32.855483375,-102.189772217,0.0,0.0,0.0,250.0,,0.0,
CyrusOne,Manor,Colocation,Wholesale,Texas,TX,Travis County,Manor,30.287508,-97.570392,0.0,0.0,0.0,250.0,,0.0,
Digital Realty,Broderick Drive,Colocation,Wholesale,Virginia,VA,Loudoun County,Ashburn,39.004447955,-77.451741661,100.0,0.0,0.0,0.0,,100.0,
Marathon Digital Holdings,Kearney,Self-build,Self-build Crypto,Nebraska,NE,Buffalo County,Center,40.726556628,-99.038105967,100.0,0.0,0.0,0.0,,100.0,
Amazon Web Services,PDX62,Self-build,Self-build Public Cloud,Oregon,OR,Morrow County,,45.847150909,-119.603825567,100.0,0.0,0.0,0.0,,100.0,
Stream Data Centers,Project Double Reed,Colocation,Wholesale,New York,NY,Genesee County,Town of Alabama,43.092950444,-78.406651052,0.0,0.0,0.0,250.0,,0.0,
Natelli Investments LLC,New Hill Digital Campus,Colocation,Wholesale,North Carolina,NC,Wake County,New Hill,35.665495152,-78.956615256,0.0,0.0,0.0,250.0,,0.0,
QTS Datacenters,QTS KC 2,Colocation,Build-to-suit,Kansas,KS,Johnson County,Clare,38.837686296,-94.874829371,0.0,0.0,122.8,0.0,,0.0,
Diode Ventures,Diode Ventures Harper Road Technology Park,Self-build,,Missouri,MO,Cass County,Peculiar,38.751197813,-94.490134518,0.0,0.0,0.0,245.0,,0.0,
Stream Data Centers,Chicago III,Colocation,Wholesale,Illinois,IL,Cook County,Elk Grove Township,42.015116436,-87.95375866,0.0,0.0,120.0,0.0,,0.0,
Compass Datacenters,Compass Hoffman Estates,Colocation,Wholesale,Illinois,IL,Cook County,Hoffman Estates,42.077061483,-88.215661497,0.0,0.0,120.0,0.0,,0.0,
Vantage Data Centers,Ashburn (VA2) Data Center Campus,Colocation,Retail,Virginia,VA,Loudoun County,Sterling,38.998030656,-77.430415322,96.0,0.0,0.0,0.0,,96.0,
Microsoft,Boyd Farms,Self-build,Self-build Public Cloud,North Carolina,NC,Catawba County,,35.592706562,-81.234174206,0.0,0.0,120.0,0.0,,120.0,
Microsoft,41840 Growth Mindset Lane,Self-build,Self-build Public Cloud,Virginia,VA,Loudoun County,Aldie,38.950380528,-77.555321563,50.0,46.0,0.0,0.0,,96.0,
Microsoft,Cheyenne Business Parkway,Self-build,Self-build Public Cloud,Wyoming,WY,Laramie County,Cheyenne,41.141673737,-104.716654426,96.0,0.0,0.0,0.0,,96.0,
Digital Realty,IAD39,Colocation,Wholesale,Virginia,VA,Loudoun County,Ashburn,39.007757454,-77.46849131,96.0,0.0,0.0,0.0,,94.0,
Stream Data Centers,Atlanta West,Colocation,Wholesale,Georgia,GA,Douglas County,Winston,33.733211217,-84.810007458,0.0,0.0,0.0,240.0,,0.0,
DataBank,Culpeper Campus Data Center (IAD6),Colocation,Wholesale,Virginia,VA,Culpeper County,Culpeper,38.449857921,-77.980829642,0.0,0.0,120.0,0.0,,0.0,
Convergent VA LLC,Convergent Technology Park,Colocation,,Virginia,VA,Fauquier County,Mandleys Corner,38.55467136,-77.802649439,0.0,0.0,0.0,240.0,,0.0,
Skybox Datacenters,Austin I,Colocation,Wholesale,Texas,TX,Travis County,Pflugerville,30.48219786,-97.6244338,45.0,50.0,0.0,0.0,,45.0,
Rowan Digital Infrastructure,Percheron,Colocation,Wholesale,Oregon,OR,Morrow County,,45.709831028,-119.824144912,0.0,0.0,39.24,156.96,,0.0,
QTS Datacenters,Ashburn 2,Colocation,Wholesale,Virginia,VA,Loudoun County,Sterling,38.995558,-77.45606,78.0,0.0,20.0,0.0,,78.0,
Microsoft,North Range Business Park,Self-build,Self-build Public Cloud,Wyoming,WY,Laramie County,Cheyenne,41.12613446,-104.901919444,94.0,0.0,0.0,0.0,,94.0,
AVAIO Digital Partners,Taurus Data Center Hub,Colocation,Wholesale,Mississippi,MS,Rankin County,Brandon,32.26373,-90.0218,0.0,0.0,116.0,0.0,,0.0,
Phoenix Michigan City Industrial Investors LLC,Project Maize,Colocation,Wholesale,Indiana,IN,LaPorte County,Michigan City,41.713453793,-86.842820858,0.0,51.168,51.168,0.0,,0.0,
T5 Data Centers,Charlotte,Colocation,Build-to-suit,North Carolina,NC,Cleveland County,Kings Mountain,35.250354,-81.395208,41.5,2.5,60.0,0.0,,44.0,
Tract,Peru Ridge,Colocation,Build-to-suit,Nevada,NV,Storey County,Sparks,39.542019545,-119.499113414,0.0,0.0,0.0,230.0,,0.0,
CR1/Culpeper LLC and CR2/Culpeper LLC,Copper Ridge Data Centre Campus,Colocation,Wholesale,Virginia,VA,Culpeper County,Culpeper,38.46583032,-77.985729176,0.0,0.0,0.0,230.0,,0.0,
Shenandoah Computing LLC,Project Kestrel,Colocation,Wholesale,Missouri,MO,Platte County,Kansas City,39.335781812,-94.690544633,0.0,0.0,0.0,229.944,,0.0,
Apple,Reno,Self-build,Self-build Other,Nevada,NV,Washoe County,Reno,39.567762413,-119.543184026,90.73,0.0,0.0,0.0,,90.73,
CoreSite,VA3 Campus,Colocation,Retail,Virginia,VA,Fairfax County,Reston,38.948576678,-77.372418305,48.0,4.0,48.0,0.0,,46.0,
QTS Datacenters,San Antonio Data Center,Colocation,Wholesale,Texas,TX,Bexar County,San Antonio,29.449155397,-98.653173772,90.0,0.0,0.0,0.0,,90.0,
Cologix,"Ashburn, VA",Colocation,Wholesale,Virginia,VA,Loudoun County,Ashburn,39.018095765,-77.459285216,86.0,4.0,0.0,0.0,,90.0,
Amazon Web Services,Amazon Avion Parkway,Self-build,Self-build Public Cloud,Virginia,VA,Fairfax County,Chantilly,38.904449265,-77.453296732,90.0,0.0,0.0,0.0,,90.0,
NTT Global Data Centers,Hillsboro DC Campus,Colocation,Wholesale,Oregon,OR,Washington County,Hillsboro,45.549603417,-122.936722101,36.0,30.0,0.0,60.0,,51.0,
Patmos,Patmos KC Star Building,Colocation,Wholesale,Missouri,MO,Jackson County,Kansas City,39.094947267,-94.579354242,41.66,8.33,50.01,0.0,,5.0,
Microsoft,East Wenatchee,Self-build,Self-build Public Cloud,Washington,WA,Douglas County,East Wenatchee,47.41606396,-120.208234955,42.0,14.0,28.0,28.0,,84.0,
PowerHouse Data Centers,PowerHouse Arcola,Colocation,Build-to-suit,Virginia,VA,Loudoun County,Sterling,38.943854592,-77.536016646,0.0,0.0,110.0,0.0,,0.0,
Digital Realty,PDX12,Colocation,Wholesale,Oregon,OR,Washington County,Hillsboro,45.56832656,-122.920103902,88.0,0.0,0.0,0.0,,88.0,
RSC Investment Management,Stonewall Tell,Colocation,Wholesale,Georgia,GA,Fulton County,Atlanta,33.615125,-84.552224,0.0,0.0,0.0,219.2,,0.0,
Amazon Web Services,42090 Reeds Farm Lane,Self-build,Self-build Public Cloud,Virginia,VA,Loudoun County,Aldie,38.945368271,-77.549525223,0.0,0.0,109.5,0.0,,109.5,
Microsoft,Rome,Self-build,Self-build Public Cloud,Georgia,GA,Floyd County,Rome,34.302402623,-85.303657526,0.0,0.0,0.0,218.4,,0.0,
Google,Loudoun County- Arcola Center,Self-build,Self-build Public Cloud,Virginia,VA,Loudoun County,Arcola,38.943794797,-77.524776158,54.0,33.0,0.0,0.0,,87.0,
Lincoln,Silicon Heartland,Colocation,Wholesale,Ohio,OH,Licking County,Johnstown,40.099275359,-82.748252493,0.0,0.0,0.0,216.0,,0.0,
CyrusOne,Sterling Campus,Colocation,Wholesale,Virginia,VA,Loudoun County,Broadlands,39.033247514,-77.52444,0.0,0.0,108.0,0.0,,0.0,
CyrusOne,Vint Hill Campus,Colocation,,Virginia,VA,Fauquier County,Warrenton,38.753930338,-77.672191398,0.0,0.0,108.0,0.0,,0.0,
Amazon Web Services,AWS Tanner Way Campus,Self-build,Self-build Public Cloud,Virginia,VA,Prince William County,Manassas,38.735418528,-77.50541077,86.0,0.0,0.0,0.0,,86.0,
QTS Datacenters,Chicago Data Center,Colocation,Retail,Illinois,IL,Cook County,Chicago,41.842313773,-87.669071997,42.0,0.0,54.0,0.0,,38.0,1.2
Prime Data Centers,Prime Phoenix,Colocation,Wholesale,Arizona,AZ,Maricopa County,Tolleson,33.417184662,-112.312472562,0.0,0.0,0.0,210.0,,0.0,1.25
QTS Datacenters,Ashburn 3,Colocation,Wholesale,Virginia,VA,Loudoun County,Ashburn,38.998743386,-77.475029023,84.0,0.0,0.0,0.0,,84.0,
Amazon Web Services,PDX2,Self-build,Self-build Public Cloud,Oregon,OR,Umatilla County,Umatilla,45.916295093,-119.266716306,84.0,0.0,0.0,0.0,,84.0,
Sabey Data Centers,SDC Umatilla,Colocation,Wholesale,Oregon,OR,Umatilla County,Umatilla,45.921835701,-119.260203644,0.0,0.0,60.0,90.0,,0.0,
Microsoft,Microsoft Van Meter,Self-build,Self-build Public Cloud,Iowa,IA,Dallas County,Van Meter,41.514661,-93.937716,0.0,0.0,0.0,210.0,,0.0,
"Walsh, Colucci, Lubeley & Walsh",The Gardner Property,Colocation,,Virginia,VA,Prince William County,Gainesville,38.797934625,-77.624163173,0.0,0.0,0.0,209.0,,0.0,
Atlas Capital Group,132 Griffin Road,Colocation,,Connecticut,CT,Capitol Planning Region,Bloomfield,41.88431062,-72.743811869,0.0,0.0,0.0,209.0,,0.0,
Red Ace Capital Management,Keyser Road Data Center,Colocation,,Virginia,VA,Culpeper County,Culpeper,38.469267472,-77.974517146,0.0,0.0,104.0,0.0,,0.0,
GotSpace Data Partners,Campus Griswold Site 2,Colocation,Wholesale,Connecticut,CT,Southeastern Connecticut Planning Region,Griswold,41.619965261,-71.946680873,0.0,0.0,0.0,208.0,,0.0,
CyrusOne,San Antonio V-XI,Colocation,Wholesale,Texas,TX,Bexar County,San Antonio,29.417569501,-98.787738902,18.0,0.0,54.0,54.0,,16.6,
Sabey Data Centers,Intergate.Quincy,Colocation,Wholesale,Washington,WA,Grant County,Quincy,47.245965,-119.815805,60.3,3.0,12.0,24.0,,60.3,1.2
PDC Realty LLC,Project Boson,Colocation,,Pennsylvania,PA,Lackawanna County,Archbald,41.512306488,-75.558359714,0.0,0.0,0.0,204.0,,0.0,
Edged,Chicago (Aurora),Colocation,Wholesale,Illinois,IL,Kane County,Aurora,41.804315148,-88.24393746,24.0,0.0,72.0,0.0,,96.0,1.15
Tramell Crow Company,Douglas Waldrop,Colocation,Wholesale,Georgia,GA,Douglas County,,33.724249,-84.866319,0.0,0.0,101.6,0.0,,0.0,
CyrusOne,NVA5-NVA7,Colocation,Wholesale,Virginia,VA,Loudoun County,Sterling,39.024625555,-77.433931896,81.0,0.0,0.0,0.0,,79.8,
Apple,Prineville,Self-build,Self-build Other,Oregon,OR,Crook County,Prineville,44.288701154,-120.870576771,80.65,0.0,0.0,0.0,,80.65,
CoreSite,Santa Clara Campus-SV9,Colocation,Wholesale,California,CA,Santa Clara County,Santa Clara,37.375092672,-121.969819547,48.6,23.0,11.0,0.0,,60.6,
T5 Data Centers,ATL IV,Colocation,Build-to-suit,Georgia,GA,Coweta County,Palmetto,33.517595087,-84.609473444,0.0,0.0,0.0,200.0,,0.0,
Applied Digital,Polaris Forge 2,Colocation,,North Dakota,ND,Cass County,Fargo,46.959141,-96.844693,0.0,0.0,0.0,200.0,,0.0,
Google,Google Cedar Rapids,Self-build,Self-build Public Cloud,Iowa,IA,Linn County,Cedar Rapids,41.907051635,-91.716863089,0.0,0.0,0.0,200.0,,0.0,
BlackChamber Group,Dulles 28 Technology Park,Colocation,Retail,Virginia,VA,Loudoun County,Ashburn,39.008668989,-77.442256644,0.0,80.0,0.0,0.0,,80.0,
Duos Edge AI,Pampa Energy Center,Colocation,Build-to-suit,Texas,TX,Gray County,Pampa,35.485723973,-101.044133082,0.0,0.0,0.0,200.0,,0.0,
Amazon Web Services,PDX178,Self-build,Self-build Public Cloud,Oregon,OR,Morrow County,,45.819531592,-119.628754748,80.0,0.0,0.0,0.0,,80.0,
Amazon Web Services,PDX194,Self-build,Self-build Public Cloud,Oregon,OR,Umatilla County,Umatilla,45.882813091,-119.340749154,60.0,20.0,0.0,0.0,,80.0,
Google,Jackson County,Self-build,Self-build Public Cloud,Alabama,AL,Jackson County,,34.913048578,-85.748105033,80.0,0.0,0.0,0.0,,80.0,
Google,"Lenoir, North Carolina",Self-build,Self-build Public Cloud,North Carolina,NC,Caldwell County,Lenoir,35.892478407,-81.546908184,50.0,30.0,0.0,0.0,,80.0,1.1
Microsoft,Lyle Creek,Self-build,Self-build Public Cloud,North Carolina,NC,Catawba County,Conover,35.734995572,-81.200270381,0.0,0.0,100.0,0.0,,100.0,
JK Land Holdings,JK Technology Park 2,Colocation,,Virginia,VA,Loudoun County,Arcola,38.948296567,-77.54339602,0.0,0.0,100.0,0.0,,0.0,
Edged,Project Lola,Colocation,Build-to-suit,Iowa,IA,Pottawattamie County,Council Bluffs,41.276608445,-95.790844574,0.0,0.0,0.0,200.0,,0.0,
Ada Infrastructure,Spotsylvania Campus,Colocation,,Virginia,VA,Stafford County,,38.321453456,-77.53771379,0.0,0.0,0.0,200.0,,0.0,
Meta,Meta Davenport,Self-build,Self-build Social Media,Iowa,IA,Scott County,Eldridge,41.616623359,-90.625054624,0.0,0.0,0.0,199.2,,0.0,
Sailfish  Investors,Social Circle,Colocation,Wholesale,Georgia,GA,Walton County,Social Circle,33.657116626,-83.679053674,0.0,0.0,0.0,196.8,,0.0,
Sabey Data Centers,SDC Ashburn,Colocation,Wholesale,Virginia,VA,Loudoun County,Ashburn,39.015484856,-77.47828506,31.8,18.0,36.0,0.0,,35.1,
QTS Datacenters,New Albany 2,Colocation,,Ohio,OH,Licking County,New Albany,40.057232573,-82.755536476,0.0,78.0,0.0,0.0,,0.0,
Stream Data Centers,South Dallas Campus,Colocation,Build-to-suit,Texas,TX,Dallas County,Wilmer,32.58157228,-96.701047288,30.0,0.0,60.0,0.0,,30.0,
Amazon Web Services,New Albany I (Beech),Self-build,Self-build Public Cloud,Ohio,OH,Licking County,Jersey Township,40.094804431,-82.75244158,77.3,0.0,0.0,0.0,,77.3,
Northern Data,Maysville,Colocation,Wholesale,Georgia,GA,Jackson County,Maysville,34.239738322,-83.549361764,0.0,0.0,96.0,0.0,,0.0,1.15
Vantage Data Centers,Atlanta,Colocation,Wholesale,Georgia,GA,Douglas County,Douglasville,33.710747683,-84.622385152,0.0,0.0,96.0,0.0,,0.0,
PowerTransitions,PowerTransitions KC,Colocation,Wholesale,Kansas,KS,Wyandotte County,Kansas City,39.148930547,-94.641397856,0.0,0.0,0.0,192.0,,0.0,
MMM Acquisitions,1751 Bells Ferry Road,Colocation,Wholesale,Georgia,GA,Cobb County,Marietta,33.994351499,-84.553610613,0.0,0.0,96.0,0.0,,0.0,
Vantage Data Centers,SANTA CLARA II (CA2),Colocation,Wholesale,California,CA,Santa Clara County,Santa Clara,37.363893,-121.947671,76.8,0.0,0.0,0.0,,76.8,1.2
Vantage Data Centers,SANTA CLARA I (CA1),Colocation,Wholesale,California,CA,Santa Clara County,Santa Clara,37.372549009,-121.973639212,76.8,0.0,0.0,0.0,,76.8,1.2
Amazon Web Services,AWS Quail Ridge Lane,Self-build,Self-build Public Cloud,Virginia,VA,Loudoun County,Aldie,38.948987114,-77.559666741,0.0,76.0,0.0,0.0,,76.0,
Novva Data Centers,Utah Data Center,Colocation,Wholesale,Utah,UT,Salt Lake County,West Jordan,40.574446599,-112.045666741,40.0,20.0,20.0,0.0,,60.0,1.18
Amazon Web Services,PDX4,Self-build,Self-build Public Cloud,Oregon,OR,Morrow County,Boardman,45.841117106,-119.65266481,76.0,0.0,0.0,0.0,,76.0,
5C Data Centers,5C CMH01,Colocation,Wholesale,Ohio,OH,Clark County,Springfield,39.912930439,-83.723707271,7.5,0.0,0.0,170.0,,7.5,
Compass Datacenters,Loudoun County Campus,Colocation,Wholesale,Virginia,VA,Loudoun County,Leesburg,39.043731,-77.53887,75.0,0.0,0.0,0.0,,72.0,
EdgeConneX,EDCPHX11,Colocation,Wholesale,Arizona,AZ,Maricopa County,Mesa,33.356909,-111.65177,0.0,36.0,32.0,32.0,,36.0,
Digital Realty,IAD41,Colocation,Wholesale,Virginia,VA,Loudoun County,Ashburn,39.009383335,-77.457584484,74.0,0.0,0.0,0.0,,74.0,
Amazon Web Services,PDX1,Self-build,Self-build Public Cloud,Oregon,OR,Morrow County,Boardman,45.850953828,-119.630631016,74.0,0.0,0.0,0.0,,74.0,
AVAIO Digital Partners,Project Perseus,Colocation,Wholesale,California,CA,Contra Costa County,Pittsburg,38.013502329,-121.9098061,0.0,0.0,92.0,0.0,,0.0,
Meta,Temple,Self-build,Self-build Social Media,Texas,TX,Bell County,Temple,31.129710107,-97.36786205,0.0,48.0,32.0,0.0,,80.0,
QTS Datacenters,Ashburn 1,Colocation,Wholesale,Virginia,VA,Loudoun County,Sterling,38.999765,-77.44987,32.0,22.0,23.0,0.0,,43.8,
QTS Datacenters,New Albany 3 (Babbitt),Colocation,Build-to-suit,Ohio,OH,Licking County,Jersey Township,40.074646515,-82.770422685,0.0,0.0,0.0,180.0,,0.0,
Decennial Group,Hammond,Colocation,Build-to-suit,Indiana,IN,Lake County,Hammond,41.70518312,-87.518887003,0.0,0.0,0.0,180.0,,0.0,
EdgeCore,AS01,Colocation,Wholesale,Virginia,VA,Loudoun County,Dulles Town Center,39.02208077,-77.415034409,0.0,72.0,0.0,0.0,,36.0,
Microsoft,Douglasville,Self-build,Self-build Public Cloud,Georgia,GA,Douglas County,,33.730861043,-84.62341482,40.0,0.0,40.0,0.0,,80.0,1.12
EdgeCore,Silicon Valley Data Center Campus,Colocation,Wholesale,California,CA,Santa Clara County,Santa Clara,37.384515145,-121.965690162,36.0,36.0,0.0,0.0,,0.0,1.25
Aligned,Aligned IAD-03,Colocation,Wholesale,Virginia,VA,Loudoun County,Sterling,38.988614592,-77.440910349,0.0,72.0,0.0,0.0,,72.0,
Aligned,Hillsboro Campus,Colocation,Wholesale,Oregon,OR,Washington County,Hillsboro,45.55356136,-122.951852209,24.0,48.0,0.0,0.0,,72.0,
Aligned,PHX-06,Colocation,Build-to-suit,Arizona,AZ,Maricopa County,Chandler,33.266245311,-111.886299223,0.0,72.0,0.0,0.0,,72.0,
QTS Datacenters,Atlanta DC3,Colocation,Wholesale,Georgia,GA,Fulton County,Atlanta,33.78276281,-84.422169522,72.0,0.0,0.0,0.0,,72.0,
QTS Datacenters,Atlanta DC4,Colocation,Wholesale,Georgia,GA,Fulton County,Atlanta,33.782680981,-84.420324151,72.0,0.0,0.0,0.0,,72.0,
Aligned,Northlake Campus (ORD-01 & ORD-02),Colocation,Wholesale,Illinois,IL,Cook County,Northlake,41.91361683,-87.917322533,72.0,0.0,0.0,0.0,,72.0,
QTS Datacenters,Atlanta DC2,Colocation,Wholesale,Georgia,GA,Fulton County,Atlanta,33.777306495,-84.419549974,49.2,22.8,0.0,0.0,,72.0,1.2
NTT Global Data Centers,CH1 & CH2,Colocation,Wholesale,Illinois,IL,DuPage County,Itasca,41.98817,-88.00733,72.0,0.0,0.0,0.0,,72.0,
Meta,Forest City,Self-build,Self-build Social Media,North Carolina,NC,Rutherford County,Forest City,35.316215,-81.825153,72.0,0.0,0.0,0.0,,72.0,
Microsoft,Westover Hills Campus,Self-build,Self-build Public Cloud,Texas,TX,Bexar County,San Antonio,29.479704186,-98.692767515,72.0,0.0,0.0,0.0,,72.0,
QTS Datacenters,Atlanta  DC1,Colocation,Wholesale,Georgia,GA,Fulton County,Atlanta,33.777577,-84.421012,72.0,0.0,0.0,0.0,,70.0,
Western Hospitality Partners,Project Gravity,Colocation,,Pennsylvania,PA,Lackawanna County,Archbald,41.518428511,-75.565336133,0.0,0.0,0.0,180.0,,0.0,
Amazon Web Services,Hilliard I,Self-build,Self-build Public Cloud,Ohio,OH,Franklin County,Hilliard,40.061243693,-83.135195416,70.6,0.0,0.0,0.0,,70.6,
PBA Holdings,Project Tango,Colocation,Wholesale,Florida,FL,Palm Beach County,Loxahatchee Groves,26.694295793,-80.372212919,0.0,0.0,0.0,176.4,,0.0,
Starwood Capital,6295 Edsall Road,Colocation,,Virginia,VA,Fairfax County,Springfield,38.802314336,-77.142393771,0.0,0.0,0.0,176.0,,0.0,
Vantage Data Centers,Westlake,Colocation,Build-to-suit,Georgia,GA,Fulton County,Atlanta,33.708493438,-84.584614744,0.0,0.0,87.6,0.0,,0.0,
Project West WHP - GA LLC,Project West,Colocation,Wholesale,Georgia,GA,Troup County,,32.98262,-85.014525,0.0,0.0,0.0,175.2,,0.0,
Crane Data Centers,Portland Metro Data Center Campus,Colocation,Wholesale,Oregon,OR,Washington County,Forest Grove,45.515878105,-123.079660263,0.0,50.0,0.0,50.0,,0.0,1.3
Digital Realty,IAD40,Colocation,Wholesale,Virginia,VA,Loudoun County,Ashburn,39.005962213,-77.467927248,70.0,0.0,0.0,0.0,,70.0,
Google,Douglas County (Google),Self-build,Self-build Public Cloud,Georgia,GA,Douglas County,,33.75003,-84.585255,70.0,0.0,0.0,0.0,,70.0,1.12
"Project Turbo, LLC",Project Azalea,Colocation,Wholesale,Georgia,GA,McDuffie County,,33.453555,-82.399583,0.0,0.0,0.0,174.0,,0.0,
Equinix,DA12,Colocation,,Texas,TX,Dallas County,Dallas,32.821192945,-96.858632916,0.0,0.0,86.52,0.0,,0.0,
Novva Data Centers,Tahoe Reno,Colocation,Wholesale,Nevada,NV,Storey County,Sparks,39.52789749,-119.488925137,60.0,0.0,10.0,0.0,,33.5,
Google,Port of The Dalles Data Center,Self-build,Self-build Public Cloud,Oregon,OR,Wasco County,The Dalles,45.624804816,-121.206323625,68.0,0.0,0.0,0.0,,68.0,
QTS Datacenters,Piscataway Data Center,Colocation,Wholesale,New Jersey,NJ,Middlesex County,Piscataway Township,40.557203,-74.4842,68.0,0.0,0.0,0.0,,68.0,
STACK Infrastructure,NVA06,Colocation,Wholesale,Virginia,VA,Loudoun County,Leesburg,39.081565786,-77.565574802,0.0,48.0,24.0,0.0,,72.0,
CyrusOne,DFW7,Colocation,Wholesale,Texas,TX,Tarrant County,Fort Worth,32.901995403,-97.393955893,0.0,0.0,66.7,33.3,,0.0,
Microsoft,SJDC Campus,Self-build,Self-build Public Cloud,California,CA,Santa Clara County,San Jose,37.425014003,-121.928572483,0.0,0.0,82.5,0.0,,82.5,1.2
DataNovaX,Pioneer Park,Colocation,Build-to-suit,Texas,TX,Wichita County,Wichita Falls,33.953367888,-98.524705047,6.0,0.0,0.0,150.0,,0.0,
Universal Planning LLC,Gregory Road Data Center,Colocation,Wholesale,Georgia,GA,Newton County,Covington,33.654474127,-83.820613729,0.0,0.0,0.0,163.2,,0.0,
Prologis,Prologis - Sterling,Colocation,Wholesale,Virginia,VA,Loudoun County,Sterling,38.962148265,-77.49857453,0.0,0.0,0.0,162.0,,0.0,
Vantage Data Centers,Santa Clara III (CA3),Colocation,Wholesale,California,CA,Santa Clara County,Santa Clara,37.370755484,-121.974762192,64.0,0.0,0.0,0.0,,62.0,
Microsoft,Palmetto,Self-build,Self-build Public Cloud,Georgia,GA,Fulton County,Palmetto,33.524605979,-84.629163061,20.0,20.0,0.0,60.0,,40.0,1.12
Data Journey,Spartanburg,Colocation,Wholesale,South Carolina,SC,Spartanburg County,Spartanburg,35.015812648,-81.884917692,0.0,0.0,60.0,40.0,,0.0,
Compass Datacenters,Statesville,Colocation,Wholesale,North Carolina,NC,Iredell County,Statesville,35.777080647,-80.977006016,0.0,0.0,0.0,160.0,,0.0,
"Project Turbo, LLC",Project Turbo,Colocation,Wholesale,Georgia,GA,Hall County,Gainesville,34.225341357,-83.780692722,0.0,0.0,0.0,156.0,,0.0,
CyrusOne,Quincy,Colocation,Wholesale,Washington,WA,Grant County,Quincy,47.242721,-119.870231,29.6,0.0,29.6,21.1,,28.0,
Microsoft,Malaga,Self-build,Self-build Public Cloud,Washington,WA,Chelan County,,47.359770663,-120.159083924,0.0,28.0,28.0,28.0,,56.0,
Microsoft,Hoffman Estates/CHI05,Self-build,Self-build Public Cloud,Illinois,IL,Cook County,Barrington,42.076498829,-88.1338869,0.0,28.4,17.4,48.0,,45.8,
Amazon Web Services,Amazon Prediction Lane,Self-build,Self-build Public Cloud,Virginia,VA,Loudoun County,South Riding,38.917456958,-77.494926822,61.5,0.0,0.0,0.0,,61.5,
Microsoft,SAT15,Self-build,Self-build Public Cloud,Texas,TX,Bexar County,San Antonio,29.471096381,-98.700180052,0.0,61.25,0.0,0.0,,61.25,
QTS Datacenters,East Windsor,Colocation,Retail,New Jersey,NJ,Mercer County,East Windsor,40.27590535,-74.547931342,20.0,18.0,29.0,0.0,,67.0,0.0
COPT,COPT Southpoint,Colocation,Build-to-suit,Virginia,VA,Prince William County,Manassas,38.776641989,-77.555596771,0.0,61.0,0.0,0.0,,61.0,
Amazon Web Services,AWS EDS Drive,Self-build,Self-build Public Cloud,Virginia,VA,Fairfax County,Herndon,38.922090984,-77.426349754,46.0,15.0,0.0,0.0,,61.0,
Google,Loudoun County- Stonewall Business Park,Self-build,Self-build Public Cloud,Virginia,VA,Loudoun County,,39.052719543,-77.539455492,26.2,34.0,0.0,0.0,,60.2,
CyrusOne,ABX-1,Colocation,Build-to-suit,Virginia,VA,Loudoun County,Ashburn,39.019780923,-77.450387102,0.0,60.0,0.0,0.0,,45.0,
Google,MSA HUB1,Self-build,Self-build Public Cloud,Arizona,AZ,Maricopa County,Mesa,33.354014879,-111.67541353,30.0,30.0,0.0,0.0,,60.0,
Aligned,DAL3,Colocation,Wholesale,Texas,TX,Tarrant County,Mansfield,32.550273193,-97.074827817,0.0,60.0,0.0,0.0,,30.0,
Aligned,PHX-04,Colocation,Wholesale,Arizona,AZ,Maricopa County,Chandler,33.269039089,-111.888210839,60.0,0.0,0.0,0.0,,60.0,
Novva Data Centers,Las Vegas,Colocation,Wholesale,Nevada,NV,Clark County,North Las Vegas,36.271432833,-115.048431047,60.0,0.0,0.0,0.0,,18.5,1.3
Digital Realty,PDX11,Colocation,Wholesale,Oregon,OR,Washington County,Hillsboro,45.568182294,-122.916996576,60.0,0.0,0.0,0.0,,30.0,
Aligned,Aligned IAD-01,Colocation,Wholesale,Virginia,VA,Loudoun County,Ashburn,39.013583742,-77.47054835,60.0,0.0,0.0,0.0,,60.0,1.15
Amazon Web Services,AWS Dublin (OH),Self-build,Self-build Public Cloud,Ohio,OH,Franklin County,Dublin,40.102878216,-83.199715959,60.0,0.0,0.0,0.0,,60.0,
CyrusOne,DFW I,Colocation,Retail,Texas,TX,Denton County,Carrollton,32.991688,-96.930143,60.0,0.0,0.0,0.0,,60.0,
Western Hospitality Partners,Project Lincoln: OC Data Center,Colocation,Wholesale,Kentucky,KY,Oldham County,,38.393612814,-85.408183086,0.0,0.0,0.0,150.0,,0.0,
BlackChamber Group,John Marshall Commons Tech Park,Colocation,Wholesale,Virginia,VA,Prince William County,Gainesville,38.802460652,-77.617692147,0.0,0.0,74.0,0.0,,0.0,
Flexential,Atlanta - Douglasville Campus,Colocation,Wholesale,Georgia,GA,Douglas County,,33.730882715,-84.615742767,58.5,0.0,0.0,0.0,,47.25,1.4
NE Edge,NE Edge - Waterford,Colocation,Wholesale,Connecticut,CT,New London County,Waterford,41.321971935,-72.16532045,0.0,0.0,0.0,145.0,,0.0,
Google,Project Pyramid,Self-build,,Arkansas,AR,Crittenden County,West Memphis,35.108877,-90.216323,0.0,0.0,0.0,145.0,,0.0,
CorScale,Kincora,Colocation,Wholesale,Virginia,VA,Loudoun County,Sterling,39.040524775,-77.433253956,0.0,0.0,72.0,0.0,,72.0,
Microsoft,Project Mountain,Self-build,Self-build Public Cloud,Iowa,IA,Polk County,West Des Moines,41.540204639,-93.82711694,57.6,0.0,0.0,0.0,,57.6,1.169
GI Partners,Bowers Data Center,Colocation,Wholesale,California,CA,Santa Clara County,Santa Clara,37.37229028,-121.976551478,0.0,0.0,72.0,0.0,,0.0,
DataBank,Culpeper Campus Data Center (IAD5),Colocation,Wholesale,Virginia,VA,Culpeper County,Culpeper,38.450060681,-77.980696496,0.0,0.0,72.0,0.0,,0.0,
Google,Mayes County,Self-build,Self-build Public Cloud,Oklahoma,OK,Mayes County,,36.239260551,-95.323299101,53.45,0.0,4.5,0.0,,57.95,1.1
Core Scientific,Port Muskogee,Colocation,Build-to-suit,Oklahoma,OK,Muskogee County,,35.78433936,-95.30007822,0.0,0.0,70.0,0.0,,70.0,
CyrusOne,DFW3-DFW5,Colocation,Wholesale,Texas,TX,Collin County,Allen,33.138515027,-96.660461371,6.0,50.0,0.0,0.0,,5.0,
Turning Point Real Estate,Raystock,Colocation,Build-to-suit,Maryland,MD,Frederick County,Ijamsville,39.314144803,-77.332190269,0.0,0.0,0.0,140.0,,0.0,
DataBank,Granite Point Campus,Colocation,Wholesale,Utah,UT,Salt Lake County,Riverton,40.481032969,-111.905854763,55.3,0.0,0.0,0.0,,37.0,
Microsoft,Columbia,Self-build,Self-build Public Cloud,Washington,WA,Grant County,Quincy,47.240112402,-119.863973751,55.1,0.0,0.0,0.0,,55.1,
Microsoft,Microsoft La Porte,Self-build,Self-build Public Cloud,Indiana,IN,LaPorte County,La Porte,41.620067024,-86.693048987,0.0,0.0,68.2,0.0,,68.2,
Core Scientific,Dalton 4,Colocation,Wholesale,Georgia,GA,Whitfield County,,34.691708283,-84.938404648,0.0,0.0,68.0,0.0,,0.0,
Google,The Dalles Data Center,Self-build,Self-build Public Cloud,Oregon,OR,Wasco County,The Dalles,45.632005,-121.201026,54.0,0.0,0.0,0.0,,54.0,1.1
Digital Realty,PHX15,Colocation,Wholesale,Arizona,AZ,Maricopa County,Chandler,33.274864465,-111.886544476,54.0,0.0,0.0,0.0,,52.69,
Urbacon Data Centre Solutions,Niagara Falls,Colocation,Wholesale,New York,NY,Niagara County,City of Niagara Falls,43.085926309,-79.05145765,0.0,0.0,0.0,135.0,,0.0,
SAMX,SAMX Fauquier County,Colocation,Wholesale,Virginia,VA,Fauquier County,Remington,38.545580244,-77.789805984,0.0,0.0,0.0,135.0,,0.0,
Amazon Web Services,Old Potomac Church Campus,Self-build,Self-build Public Cloud,Virginia,VA,Stafford County,Stafford,38.41071311,-77.406713583,0.0,30.0,30.0,0.0,,60.0,
DataBank,Plano Campus,Colocation,Wholesale,Texas,TX,Collin County,Plano,33.087660629,-96.815282571,13.5,40.496,0.0,0.0,,33.4,
JK Land Holdings,Hunter Trust,Colocation,,Virginia,VA,Prince William County,Linton Hall,38.770957029,-77.589376674,0.0,0.0,0.0,134.0,,0.0,
DC Blox,DC Blox Birmingham,Colocation,Retail,Alabama,AL,Jefferson County,Birmingham,33.500497,-86.821039,7.4,0.0,57.4,0.0,,3.6,
Digital Realty,2425-2553 Edgington Street ORD22,Colocation,Retail,Illinois,IL,Cook County,Franklin Park,41.924867077,-87.861378495,0.0,52.88,0.0,0.0,,0.0,
"Southeast Property Holdings, LLC.",Hampton,Colocation,Wholesale,Georgia,GA,Henry County,Hampton,33.390503117,-84.259801542,0.0,0.0,66.0,0.0,,0.0,
STACK Infrastructure,CHI01B,Colocation,Wholesale,Illinois,IL,Cook County,Elk Grove Village,42.006841356,-87.966344469,24.0,0.0,36.0,0.0,,24.0,1.3
Blueprint Data Centers,Taylor,Colocation,Build-to-suit,Texas,TX,Williamson County,Taylor,30.567468905,-97.387687734,0.0,20.0,40.0,0.0,,60.0,
5C Group,MEM01,Colocation,Wholesale,Tennessee,TN,Shelby County,Memphis,35.030967112,-89.935498118,0.0,20.0,40.0,0.0,,0.0,
Kimely-Horn,21300 Coach Gibbs Drive,Colocation,,Virginia,VA,Loudoun County,Ashburn,39.026418108,-77.44517787,0.0,0.0,0.0,130.0,,0.0,
Digital Realty,Digital Sterling,Colocation,Build-to-suit,Virginia,VA,Loudoun County,Sterling,38.989701243,-77.434795174,51.0,0.0,0.0,0.0,,51.0,
CyrusOne,CHI2,Colocation,Wholesale,Illinois,IL,Kane County,Aurora,41.796854694,-88.244580163,50.4,0.0,0.0,0.0,,50.4,
Skybox Datacenters,Legacy Campus,Colocation,Wholesale,Texas,TX,Collin County,Plano,33.068660039,-96.835092209,0.0,0.0,0.0,125.0,,0.0,1.3
Switch,The Pyramid Campus - Grand Rapids 2,Colocation,Wholesale,Michigan,MI,Kent County,Gaines,42.852174876,-85.563441018,0.0,50.0,0.0,0.0,,0.0,
Apple,Phoenix Data Center,Self-build,Self-build Other,Arizona,AZ,Maricopa County,Mesa,33.346797403,-111.603529349,50.0,0.0,0.0,0.0,,50.0,
Aligned,Dallas Campus,Colocation,Retail,Texas,TX,Collin County,Plano,33.009528116,-96.676406475,50.0,0.0,0.0,0.0,,50.0,1.15
Switch,The Core Campus - Las Vegas 8,Colocation,Wholesale,Nevada,NV,Clark County,Enterprise,36.057922114,-115.214249475,50.0,0.0,0.0,0.0,,50.0,
Iron Mountain,Iron Mountain Manassas,Colocation,Wholesale,Virginia,VA,Prince William County,,38.784907892,-77.536578069,0.0,0.0,0.0,125.0,,0.0,
Sabey Data Centers,Intergate.Seattle East Campus,Colocation,,Washington,WA,King County,Tukwila,47.492924,-122.290066,30.125,18.0,0.0,3.65,,28.045,1.2
T5 Data Centers,Silicon Valley,Colocation,Wholesale,California,CA,Alameda County,Newark,37.510076,-122.001483,17.0,32.1,0.0,0.0,,15.5,
Digital Realty,641 Walsh Avenue,Colocation,Wholesale,California,CA,Santa Clara County,Santa Clara,37.371067319,-121.946957289,12.0,24.0,16.0,0.0,,4.3,
CyrusOne,CHI1,Colocation,Retail,Illinois,IL,Kane County,Aurora,41.796475,-88.242964,48.78,0.0,0.0,0.0,,46.96,
Franks Investment Co. LLC,Resilient Technology Park,Colocation,Wholesale,Louisiana,LA,Caddo Parish,Shreveport,32.448325256,-93.905792018,0.0,0.0,0.0,121.8,,0.0,
Amazon Web Services,Amazon Fadeley Lane,Self-build,Self-build Public Cloud,Virginia,VA,Loudoun County,Sterling,38.948584478,-77.521004343,48.5,0.0,0.0,0.0,,48.5,
ServerFarm,Atlanta 2,Colocation,Wholesale,Georgia,GA,Newton County,Covington,33.622008945,-83.816132229,0.0,0.0,60.0,0.0,,60.0,
Menlo Equities,MD-VA1 (Herndon),Colocation,,Virginia,VA,Fairfax County,Sully Square,38.927107691,-77.424108154,0.0,48.0,0.0,0.0,,0.0,
EdgeConneX,EdgeConneX New Albany South,Colocation,Wholesale,Ohio,OH,Franklin County,New Albany,40.088037121,-82.722633971,0.0,0.0,0.0,120.0,,0.0,
COPT,Parkstone Tech Park,Colocation,Build-to-suit,Virginia,VA,Fairfax County,Chantilly,38.873328531,-77.464586754,0.0,0.0,60.0,0.0,,0.0,
Ankr,DC1,Self-build,Self-build Crypto,North Carolina,NC,Cherokee County,,35.06525495,-83.984314366,20.0,0.0,10.0,50.0,,30.0,
Amazon Web Services,AWS Import Plaza,Self-build,Self-build Public Cloud,Virginia,VA,Loudoun County,Ashburn,38.996455094,-77.473554655,48.0,0.0,0.0,0.0,,48.0,
Microsoft,Newton,Self-build,Self-build Public Cloud,North Carolina,NC,Catawba County,Newton,35.620047606,-81.31508362,0.0,0.0,60.0,0.0,,60.0,
Archer Data Centers,Archer Minnesota,Colocation,Wholesale,Minnesota,MN,Rice County,Faribault,44.365751965,-93.286628081,0.0,0.0,0.0,119.7,,0.0,
Iron Mountain,AZP-2,Colocation,Wholesale,Arizona,AZ,Maricopa County,Phoenix,33.452337743,-111.977838017,46.5,0.0,0.0,0.0,,46.5,1.2
TA Realty,ATL03,Colocation,Wholesale,Georgia,GA,Fulton County,Union City,33.563328384,-84.512793813,0.0,0.0,0.0,116.0,,0.0,
NTT Global Data Centers,NTT Mesa Data Campus,Colocation,Wholesale,Arizona,AZ,Maricopa County,Mesa,33.292333206,-111.617596217,0.0,0.0,0.0,115.7,,0.0,
GI Partners,22262 Cloud Plaza,Colocation,Wholesale,Virginia,VA,Loudoun County,Sterling,39.000841842,-77.439862646,46.0,0.0,0.0,0.0,,46.0,
NTT Global Data Centers,Garland Campus,Colocation,Retail,Texas,TX,Dallas County,Garland,32.980861937,-96.656455247,31.0,15.0,0.0,0.0,,29.0,
CyrusOne,DUR1,Colocation,Wholesale,North Carolina,NC,Durham County,Durham,35.936140764,-78.880404463,24.0,22.0,0.0,0.0,,46.0,
Data Foundry,Data Ranch,Colocation,Wholesale,Texas,TX,Travis County,Austin,30.199753101,-97.714044394,36.0,0.0,0.0,24.0,,24.19,
Microsoft,Microsoft Becker,Self-build,Self-build Public Cloud,Minnesota,MN,Sherburne County,Becker Township,45.403101678,-93.915968517,0.0,0.0,0.0,113.2,,0.0,
Amazon Web Services,Chantilly Premier,Self-build,Self-build Public Cloud,Virginia,VA,Fairfax County,Chantilly,38.905505675,-77.462951093,0.0,45.0,0.0,0.0,,45.0,
Amazon Web Services,Amazon Sutton Bay,Self-build,Self-build Public Cloud,Virginia,VA,Loudoun County,,38.916054168,-77.478635319,45.0,0.0,0.0,0.0,,45.0,
Sabey Data Centers,SDC Austin,Colocation,Wholesale,Texas,TX,Williamson County,Round Rock,30.488168958,-97.646821542,26.8,0.0,0.0,45.2,,0.0,
Amazon Web Services,Amazon Germanna Highway,Self-build,Self-build Public Cloud,Virginia,VA,Culpeper County,,38.440572387,-77.875829539,0.0,28.0,21.0,0.0,,49.0,
Iron Mountain,VA-3,Colocation,Wholesale,Virginia,VA,Prince William County,Linton Hall,38.775545029,-77.54519462,44.0,0.0,0.0,0.0,,44.0,
Google,Montgomery County Tennessee,Self-build,Self-build Public Cloud,Tennessee,TN,Montgomery County,Clarksville,36.625417,-87.263353,44.0,0.0,0.0,0.0,,44.0,
CyrusOne,NVA1-NVA3,Colocation,Wholesale,Virginia,VA,Loudoun County,Sterling,39.025833709,-77.414776109,43.5,0.0,0.0,0.0,,43.49,
Compass Datacenters,Compass PHX II,Colocation,Wholesale,Arizona,AZ,Maricopa County,El Mirage,33.578513674,-112.330216004,0.0,0.0,0.0,108.0,,0.0,
Stream Data Centers,DFW VII – Garland,Colocation,Retail,Texas,TX,Dallas County,Garland,32.983511,-96.654273,43.0,0.0,0.0,0.0,,43.0,
STACK Infrastructure,NAL01A,Colocation,Wholesale,Ohio,OH,Franklin County,New Albany,40.106276089,-82.800707891,4.3,0.0,48.0,0.0,,4.3,
Data Journey,2436 Penny Rd,Colocation,Build-to-suit,North Carolina,NC,Catawba County,Claremont,35.701454928,-81.156582695,1.0,0.0,5.0,94.0,,1.0,
165 Halsey Street,165 Halsey St,Colocation,Retail,New Jersey,NJ,Essex County,Newark,40.736857,-74.173404,24.865,0.0,20.4,3.14,,21.65,
Chirisa Technology Parks,182 Northpointe,Colocation,Wholesale,Pennsylvania,PA,Armstrong County,South Buffalo,40.754072785,-79.635885478,4.0,0.0,0.0,96.0,,0.0,
EdgeCore,AS02,Colocation,Wholesale,Virginia,VA,Loudoun County,Sterling,38.994671954,-77.446014041,0.0,42.0,0.0,0.0,,22.0,
H5 Data Centers,Ashburn Data Center,Colocation,Wholesale,Virginia,VA,Loudoun County,Ashburn,39.013613,-77.451886,42.0,0.0,0.0,0.0,,42.0,
Vantage Data Centers,Quincy Campus,Colocation,Retail,Washington,WA,Grant County,Quincy,47.250029,-119.814306,41.8,0.0,0.0,0.0,,39.8,1.3
Amazon Web Services,Amazon Bristow,Self-build,Self-build Public Cloud,Virginia,VA,Prince William County,Bristow,38.738484745,-77.541740282,0.0,0.0,0.0,104.0,,0.0,
Digital Realty,ACC7,Colocation,Wholesale,Virginia,VA,Loudoun County,Ashburn,39.017539,-77.465894,41.6,0.0,0.0,0.0,,40.58,
Oppidan Investment Company,Carol Stream,Colocation,Wholesale,Illinois,IL,DuPage County,Carol Stream,41.910795222,-88.11526383,0.0,23.007,22.997,0.0,,0.0,
1547 Critical Systems Realty,ORNY1,Colocation,Retail,New York,NY,Rockland County,Orangeburg,41.034702163,-73.975926133,13.3,4.0,30.0,0.0,,12.8,
Sabey Data Centers,Intergate.Columbia,Colocation,Retail,Washington,WA,Douglas County,,47.406919,-120.18782,33.9,0.0,0.0,18.0,,30.1,1.2
Iron Mountain,AZP-1,Colocation,Wholesale,Arizona,AZ,Maricopa County,Phoenix,33.454581075,-111.976424271,41.0,0.0,0.0,0.0,,38.5,1.2
CyrusOne,CyrusOne Lebanon (CIN5 & CIN7),Colocation,Wholesale,Ohio,OH,Warren County,Lebanon,39.389071157,-84.221897739,17.0,24.0,0.0,0.0,,14.0,
Markley,Lowell,Colocation,Retail,Massachusetts,MA,Middlesex County,Lowell,42.6305,-71.30461,34.0,0.0,0.0,16.0,,34.0,
Switch,The Pyramid Campus - Grand Rapids 3,Colocation,Wholesale,Michigan,MI,Kent County,Gaines,42.849848342,-85.560049666,0.0,0.0,50.0,0.0,,0.0,
Form8tion Data Centers,LaGrange,Colocation,Wholesale,Georgia,GA,Troup County,LaGrange,32.985205986,-85.055531551,0.0,0.0,0.0,100.0,,0.0,
Logistix,Hamilton Innovation Center,Colocation,Wholesale,Ohio,OH,Butler County,Hamilton,39.381315715,-84.558933549,0.0,0.0,0.0,100.0,,0.0,
DataBank,ATL4,Colocation,Wholesale,Georgia,GA,Fulton County,Atlanta,33.750427684,-84.548143415,40.0,0.0,0.0,0.0,,40.0,
Iron Mountain,VA-5,Colocation,Wholesale,Virginia,VA,Prince William County,Manassas,38.775705117,-77.5439169,40.0,0.0,0.0,0.0,,40.0,
DataBank,DataBank IAD3,Colocation,Wholesale,Virginia,VA,Loudoun County,Ashburn,39.018165911,-77.481756242,40.0,0.0,0.0,0.0,,40.0,
COPT,Maries Tech Park,Colocation,Wholesale,Virginia,VA,Loudoun County,Sterling,39.023916219,-77.419683752,40.0,0.0,0.0,0.0,,40.0,
Google,Taylor Lake Data Center,Self-build,Self-build Public Cloud,Oregon,OR,Wasco County,The Dalles,45.638523,-121.202427,40.0,0.0,0.0,0.0,,40.0,1.07
Amazon Web Services,Amazon Bethlehem Technology Park,Self-build,Self-build Public Cloud,Virginia,VA,Prince William County,Manassas,38.779597616,-77.54261202,40.0,0.0,0.0,0.0,,40.0,
STACK Infrastructure,POR02,Colocation,Wholesale,Oregon,OR,Washington County,Hillsboro,45.54750387,-122.89796106,40.0,0.0,0.0,0.0,,39.9,
H5 Data Centers,H5 Quincy,Colocation,Wholesale,Washington,WA,Grant County,Quincy,47.252303,-119.819816,18.0,22.0,0.0,0.0,,18.0,1.35
Centersquare,DFW1 Campus,Colocation,Retail,Texas,TX,Tarrant County,Fort Worth,32.832935407,-97.040834004,40.0,0.0,0.0,0.0,,39.998,
Edged,SLC01-1,Colocation,Wholesale,Utah,UT,Salt Lake County,Bluffdale,40.488276,-111.907391,0.0,0.0,0.0,100.0,,0.0,
Centersquare,ORD4,Colocation,Retail,Illinois,IL,DuPage County,Lisle,41.802326,-88.094811,14.1,0.0,32.0,0.0,,13.8,
Amazon Web Services,Gilroy,Self-build,Self-build Public Cloud,California,CA,Santa Clara County,Gilroy,37.016437604,-121.558988215,0.0,0.0,0.0,98.0,,0.0,
CoreSite,New Jersey NY2 & NY3,Colocation,Retail,New Jersey,NJ,Hudson County,Secaucus,40.784514672,-74.065149342,39.0,0.0,0.0,0.0,,28.1,
QTS Datacenters,Suwanee DC1,Colocation,Wholesale,Georgia,GA,Gwinnett County,Suwanee,34.035311,-84.061389,26.0,0.0,0.0,32.0,,22.0,
STACK Infrastructure,DFW01C,Colocation,Build-to-suit,Texas,TX,Collin County,Plano,33.065950193,-96.813666963,0.0,0.0,48.0,0.0,,0.0,
STACK Infrastructure,NAL01B,Colocation,Build-to-suit,Ohio,OH,Franklin County,New Albany,40.106505078,-82.803355637,0.0,0.0,48.0,0.0,,0.0,
STACK Infrastructure,SVY02A,Colocation,Wholesale,California,CA,Santa Clara County,Santa Clara,37.361828194,-121.953415753,12.0,0.0,30.0,6.0,,12.0,
Amazon Web Services,Amazon Charles View Drive,Self-build,Self-build Public Cloud,Virginia,VA,Loudoun County,Ashburn,39.017584073,-77.438932098,38.0,0.0,0.0,0.0,,38.0,
Amazon Web Services,Amazon Interconnection Plaza,Self-build,Self-build Public Cloud,Virginia,VA,Loudoun County,Ashburn,39.026707001,-77.450492813,38.0,0.0,0.0,0.0,,38.0,
Equinix,DC17,Colocation,Retail,Virginia,VA,Loudoun County,Ashburn,39.024907146,-77.453258132,0.0,38.0,0.0,0.0,,19.0,
Amazon Web Services,Mesa 1,Self-build,Self-build Public Cloud,Arizona,AZ,Maricopa County,Mesa,33.296183981,-111.608226724,0.0,26.4,0.0,26.4,,26.4,
Wise County Industrial Development Authority,Elam Farm - Abandoned Mine Land Economic Revitilazation,Colocation,Build-to-suit,Virginia,VA,Wise County,Wise,36.972449997,-82.537573451,0.0,0.0,46.0,0.0,,0.0,
Digital Realty,ACC5,Colocation,Wholesale,Virginia,VA,Loudoun County,Ashburn,39.020173,-77.463395,36.4,0.0,0.0,0.0,,36.4,
Digital Realty,CH1,Colocation,Wholesale,Illinois,IL,Cook County,Elk Grove Village,41.994519,-87.961944,36.4,0.0,0.0,0.0,,36.386,
Digital Realty,ACC4,Colocation,Wholesale,Virginia,VA,Loudoun County,Ashburn,39.017666,-77.462517,36.4,0.0,0.0,0.0,,36.4,
T5 Data Centers,T5 Chicago III,Colocation,Retail,Illinois,IL,Cook County,Northlake,41.917491301,-87.895605448,0.0,36.0,0.0,0.0,,0.0,
Iron Mountain,CHI-1,Colocation,Wholesale,Illinois,IL,Cook County,Rosemont,42.011421252,-87.88108573,0.0,36.0,0.0,0.0,,36.0,
Flexential,Portland - Hillsboro 5,Colocation,Wholesale,Oregon,OR,Washington County,Hillsboro,45.556706031,-122.939338599,0.0,36.0,0.0,0.0,,32.0,1.4
Iron Mountain,VA-7,Colocation,Wholesale,Virginia,VA,Prince William County,Manassas,38.774654876,-77.539964236,36.0,0.0,0.0,0.0,,36.0,
Edged,PHX01-1,Colocation,Wholesale,Arizona,AZ,Maricopa County,Mesa,33.335506685,-111.645022896,36.0,0.0,0.0,0.0,,22.5,1.15
DataBank,DataBank Orangeburg,Colocation,Wholesale,New York,NY,Rockland County,Orangeburg,41.040309546,-73.989868344,20.0,0.0,20.0,0.0,,20.0,
Amazon Web Services,Beaumeade DC Building,Self-build,Self-build Public Cloud,Virginia,VA,Loudoun County,Ashburn,39.016486475,-77.453085497,36.0,0.0,0.0,0.0,,36.0,
Flexential,Portland - Hillsboro 3,Colocation,Wholesale,Oregon,OR,Washington County,Hillsboro,45.559282464,-122.937834984,36.0,0.0,0.0,0.0,,32.0,1.3
Iron Mountain,VA-2,Colocation,Wholesale,Virginia,VA,Prince William County,Manassas,38.777293,-77.545991,36.0,0.0,0.0,0.0,,36.0,
Digital Realty,DFW18,Colocation,Wholesale,Texas,TX,Dallas County,Richardson,32.96503,-96.711633,36.0,0.0,0.0,0.0,,34.788,
CyrusOne,San Antonio II-IV,Colocation,Retail,Texas,TX,Bexar County,San Antonio,29.470905,-98.672999,36.0,0.0,0.0,0.0,,36.0,
GotSpace Data Partners,Norwich,Colocation,Wholesale,Connecticut,CT,Southeastern Connecticut Planning Region,Norwich,41.585043951,-72.105355889,0.0,0.0,0.0,90.0,,0.0,
Amazon Web Services,Amazon Santa Clara,Self-build,Self-build Public Cloud,California,CA,Santa Clara County,Santa Clara,37.390441518,-121.965963373,25.8,0.0,0.0,25.0,,25.8,
Amazon Web Services,AWS Chantilly,Self-build,Self-build Public Cloud,Virginia,VA,Loudoun County,South Riding,38.920318752,-77.474485515,0.0,0.0,43.5,0.0,,43.5,
CoreSite,DE3,Colocation,Retail,Colorado,CO,Denver County,Denver,39.785688912,-104.962990817,0.0,18.0,0.0,42.0,,2.0,
Verizon,Southlake City NOC,Self-build,Self-build Network & Telco,Texas,TX,Tarrant County,Southlake,32.972112229,-97.156791149,27.2,0.0,0.0,16.8,,27.2,
Vint Hill Corners,Vint Hill Corners,Colocation,Wholesale,Virginia,VA,Fauquier County,New Baltimore,38.743038887,-77.686207794,0.0,0.0,0.0,83.0,,0.0,
CoreWeave,11 NEST,Self-build,Self-build AI,New Jersey,NJ,Union County,Kenilworth,40.675640609,-74.274538537,0.0,33.0,0.0,0.0,,33.0,
Prime Data Centers,Vernon (LAX-01),Colocation,Wholesale,California,CA,Los Angeles County,Vernon,34.001192554,-118.231144739,33.0,0.0,0.0,0.0,,33.0,
Cologix,COL4,Colocation,Retail,Ohio,OH,Franklin County,Worthington,40.118168425,-82.999391238,33.0,0.0,0.0,0.0,,33.0,1.2
Amazon Web Services,Amazon Loudoun County Parkway,Self-build,Self-build Public Cloud,Virginia,VA,Loudoun County,Ashburn,39.035933483,-77.450258374,33.0,0.0,0.0,0.0,,33.0,
Amazon Web Services,Amazon John Marshall HWY,Self-build,Self-build Public Cloud,Virginia,VA,Prince William County,Haymarket,38.815687756,-77.652651597,33.0,0.0,0.0,0.0,,33.0,
Iron Mountain,AZP-3,Colocation,Wholesale,Arizona,AZ,Maricopa County,Phoenix,33.457755606,-111.973003725,0.0,18.0,18.0,0.0,,36.0,
CyrusOne,CyrusOne COL1,Colocation,Wholesale,Ohio,OH,Licking County,Johnstown,40.093450566,-82.71670952,0.0,18.0,18.0,0.0,,0.0,
Element Critical,Houston One,Colocation,Wholesale,Texas,TX,Harris County,Katy,29.802967466,-95.755670824,22.2,10.0,0.0,0.0,,26.6,
Digital Realty,Digital Filigree,Colocation,Wholesale,Virginia,VA,Loudoun County,Ashburn,39.014319896,-77.456847146,0.0,0.0,40.0,0.0,,0.0,
Iron Mountain,VA-4,Colocation,Wholesale,Virginia,VA,Prince William County,Linton Hall,38.77442458,-77.542132413,32.0,0.0,0.0,0.0,,32.0,
Iron Mountain,VA-6,Colocation,,Virginia,VA,Prince William County,Manassas,38.768288886,-77.538645201,32.0,0.0,0.0,0.0,,32.0,
Stream Data Centers,Chicago II,Colocation,Wholesale,Illinois,IL,Cook County,Elk Grove Village,41.999031955,-87.957625814,32.0,0.0,0.0,0.0,,31.8,
Vantage Data Centers,AZ1 Data Center Campus,Colocation,Wholesale,Arizona,AZ,Maricopa County,Goodyear,33.447315484,-112.372510276,0.0,0.0,16.0,48.0,,0.0,1.2
STACK Infrastructure,SVY01B,Colocation,Build-to-suit,California,CA,Santa Clara County,San Jose,37.402695002,-121.892481182,32.0,0.0,0.0,0.0,,32.0,
NTT Global Data Centers,ASHBURN VA5,Colocation,Wholesale,Virginia,VA,Loudoun County,Ashburn,39.01796,-77.47288,32.0,0.0,0.0,0.0,,32.0,
NTT Global Data Centers,ASHBURN VA4,Colocation,Wholesale,Virginia,VA,Loudoun County,Ashburn,39.020235018,-77.47270246,32.0,0.0,0.0,0.0,,32.0,
Amazon Web Services,AWS Pathfinder Plaza,Self-build,Self-build Public Cloud,Virginia,VA,Loudoun County,Sterling,38.988021712,-77.411152838,32.0,0.0,0.0,0.0,,32.0,
Microsoft,Stover,Self-build,Self-build Public Cloud,North Carolina,NC,Catawba County,Hickory,35.61659818,-81.318466,0.0,0.0,40.0,0.0,,40.0,
GotSpace Data Partners,Campus Griswold Site 1,Colocation,Build-to-suit,Connecticut,CT,Southeastern Connecticut Planning Region,Griswold,41.585275203,-71.973423947,0.0,0.0,0.0,80.0,,0.0,
9 Lives Digital Group,Niagara Falls AI Data Center,Self-build,Self-build AI,New York,NY,Niagara County,City of Niagara Falls,43.12294659,-79.040921936,0.0,0.0,0.0,80.0,,0.0,
Aligned,Phoenix  01/02/03/05,Colocation,Wholesale,Arizona,AZ,Maricopa County,Phoenix,33.658863,-112.111399,31.5,0.0,0.0,0.0,,28.8,1.15
Globalinx,Globalinx Virginia Beach,Colocation,Retail,Virginia,VA,City of Virginia Beach,Virginia Beach,36.784211133,-76.008588895,0.5,30.1,0.0,0.0,,0.43,
Digital Realty,2220 De La Cruz Boulevard (SC1 Data Center ),Colocation,Wholesale,California,CA,Santa Clara County,Santa Clara,37.361633,-121.943822,18.3,12.2,0.0,0.0,,24.3,
Cologix,Cologix COL5 (& COL6),Colocation,Wholesale,Ohio,OH,Delaware County,Lewis Center,40.190870886,-83.011122547,0.0,0.0,25.0,25.0,,0.0,
Skybox Datacenters,Virginia,Colocation,Wholesale,Virginia,VA,Loudoun County,Sterling,38.989289776,-77.449843283,16.0,14.0,0.0,0.0,,30.0,
BlackChamber Group,Tuscarora Land Bay 3,Colocation,Retail,Virginia,VA,Loudoun County,Leesburg,39.077897719,-77.532754127,0.0,0.0,0.0,75.0,,0.0,
Switch,The Core Campus - Las Vegas 15,Colocation,Wholesale,Nevada,NV,Clark County,Enterprise,36.063899666,-115.221234969,30.0,0.0,0.0,0.0,,26.08,
CyrusOne,NY1,Colocation,Wholesale,New Jersey,NJ,Somerset County,Somerset,40.538151,-74.54619,30.0,0.0,0.0,0.0,,28.1,
QTS Datacenters,Suwanee DC2,Colocation,Wholesale,Georgia,GA,Gwinnett County,Suwanee,34.036039045,-84.057523899,30.0,0.0,0.0,0.0,,26.2,
Equinix,DA11,Colocation,Retail,Texas,TX,Dallas County,Dallas,32.801553899,-96.821052344,29.625,0.0,0.0,0.0,,21.125,
Equinix,DC16,Colocation,Retail,Virginia,VA,Loudoun County,Ashburn,39.024635191,-77.452466494,6.4,12.8,12.8,0.0,,5.8,
DataBank,Westway Park Campus,Colocation,Wholesale,Texas,TX,Harris County,Houston,29.844410086,-95.555035934,29.1,0.0,0.0,0.0,,28.3,
STACK Infrastructure,NVA08,Colocation,Wholesale,Virginia,VA,Loudoun County,Leesburg,39.086341016,-77.520658302,0.0,0.0,36.0,0.0,,0.0,
T5 Data Centers,T5 Chicago V (CHI V),Colocation,Wholesale,Illinois,IL,Cook County,Elk Grove Village,42.000588049,-87.972199571,0.0,0.0,36.0,0.0,,0.0,
NTT Global Data Centers,ASHBURN VA7,Colocation,Wholesale,Virginia,VA,Loudoun County,Ashburn,39.016370351,-77.47226027,0.0,0.0,36.0,0.0,,30.0,
Amazon Web Services,AWS Nokesville Rd,Self-build,Self-build Public Cloud,Virginia,VA,City of Manassas,Manassas,38.749911336,-77.49268694,0.0,28.8,0.0,0.0,,28.8,
Microsoft,MNZ01 Balls Ford Road Data Center,Self-build,Self-build Public Cloud,Virginia,VA,Prince William County,Manassas,38.795655237,-77.534612102,0.0,0.0,36.0,0.0,,36.0,
Digital Realty,ACC9,Colocation,Wholesale,Virginia,VA,Loudoun County,Ashburn,39.015556,-77.467207,28.8,0.0,0.0,0.0,,28.8,
NTT Global Data Centers,CH3,Colocation,Wholesale,Illinois,IL,DuPage County,Itasca,41.989651781,-88.004605539,0.0,0.0,36.0,0.0,,0.0,
NTT Global Data Centers,CH4,Colocation,Wholesale,Illinois,IL,DuPage County,Itasca,41.988805034,-88.004234842,0.0,0.0,36.0,0.0,,0.0,
Amazon Web Services,AWS Manekin Plaza,Self-build,Self-build Public Cloud,Virginia,VA,Loudoun County,Sterling,39.023967786,-77.408002353,0.0,0.0,0.0,72.0,,0.0,
Amazon Web Services,AWS Nokes Boulevard,Self-build,Self-build Public Cloud,Virginia,VA,Loudoun County,Dulles Town Center,39.021956687,-77.410745601,0.0,0.0,0.0,72.0,,0.0,
Yahoo,Quincy,Self-build,,Washington,WA,Grant County,Quincy,47.246617916,-119.829332001,16.75,0.0,9.0,12.0,,25.75,
1547 Critical Systems Realty,PTOR1,Colocation,Retail,Oregon,OR,Multnomah County,Portland,45.521606312,-122.680684532,14.67,13.8,0.0,0.0,,11.385,
Iron Mountain,VA-9,Colocation,Retail,Virginia,VA,Prince William County,,38.772321302,-77.543498564,0.0,28.0,0.0,0.0,,28.0,
CyrusOne,CyrusOne CHI3 (Aurora 3),Colocation,Wholesale,Illinois,IL,Kane County,Aurora,41.802774306,-88.246970095,0.0,20.0,0.0,20.0,,0.0,
Digital Crossroad,Indiana Data Center,Colocation,Wholesale,Indiana,IN,Lake County,Hammond,41.70725812,-87.520211571,12.0,0.0,20.0,0.0,,12.0,1.3
Switch,The Core Campus - Las Vegas 9,Colocation,Wholesale,Nevada,NV,Clark County,Enterprise,36.055723251,-115.220142905,28.0,0.0,0.0,0.0,,28.0,
Prologis,Prologis Loudoun County,Colocation,Build-to-suit,Virginia,VA,Loudoun County,Sterling,38.989421554,-77.442105045,0.0,0.0,0.0,70.0,,0.0,
ForgeLight LLC,Conway,Self-build,,Arkansas,AR,Faulkner County,Conway,35.019288987,-92.546225187,0.0,0.0,0.0,70.0,,0.0,
Willowbend Capital LLC,Little Rock Port,Colocation,Wholesale,Arkansas,AR,Pulaski County,Little Rock,34.712691695,-92.161425714,0.0,0.0,34.8,0.0,,0.0,
Vantage Data Centers,TX11,Colocation,Wholesale,Texas,TX,Bexar County,San Antonio,29.41606622,-98.790064747,0.0,8.0,24.0,0.0,,0.0,
CyrusOne,Santa Clara,Colocation,Wholesale,California,CA,Santa Clara County,Santa Clara,37.369174739,-121.944123084,0.0,0.0,0.0,67.5,,0.0,1.23
Amazon Web Services,AWS Loisdale Road,Self-build,Self-build Public Cloud,Virginia,VA,Fairfax County,Springfield,38.742199825,-77.185869776,0.0,27.0,0.0,0.0,,27.0,
Digital Realty,CH3,Colocation,Wholesale,Illinois,IL,DuPage County,Elk Grove Village,41.993547,-87.965477,26.9,0.0,0.0,0.0,,22.74,
Digital Realty,CH2,Colocation,Wholesale,Illinois,IL,Cook County,Elk Grove Village,41.99438,-87.957689,26.8,0.0,0.0,0.0,,26.68,
T5 Data Centers,T5 Chicago I,Colocation,Wholesale,Illinois,IL,Cook County,Elk Grove Village,42.023014728,-87.974693163,26.6,0.0,0.0,0.0,,24.8,
Novva Data Centers,400 Paul Avenue,Colocation,Wholesale,California,CA,San Francisco County,San Francisco,37.724788476,-122.398925763,4.8,4.8,0.0,42.4,,4.8,
NTT Global Data Centers,CA2,Colocation,Wholesale,California,CA,Sacramento County,Sacramento,38.650420511,-121.491852203,26.1,0.0,0.0,0.0,,24.71,
Amazon Web Services,22760 Pacific Boulevard,Self-build,Self-build Public Cloud,Virginia,VA,Loudoun County,Sterling,38.987009049,-77.435693882,13.0,13.0,0.0,0.0,,26.0,
Microsoft,SAT14,Self-build,Self-build Public Cloud,Texas,TX,Bexar County,San Antonio,29.473924133,-98.682525342,24.0,0.0,0.0,5.0,,24.0,
Google,"Midlothian, Texas",Self-build,Self-build Public Cloud,Texas,TX,Ellis County,Midlothian,32.443199893,-97.062508821,26.0,0.0,0.0,0.0,,26.0,
Amazon Web Services,Amazon W Severn Way,Self-build,Self-build Public Cloud,Virginia,VA,Loudoun County,Ashburn,39.020193142,-77.433671829,26.0,0.0,0.0,0.0,,26.0,
Digital Realty,ACC6,Colocation,Wholesale,Virginia,VA,Loudoun County,Ashburn,39.020952798,-77.463638932,26.0,0.0,0.0,0.0,,26.0,
Digital Realty,IAD35,Colocation,Retail,Virginia,VA,Loudoun County,Ashburn,39.000429,-77.480043,25.65,0.0,0.0,0.0,,25.65,
Vantage Data Centers,Stacks Rd,Colocation,Wholesale,Georgia,GA,Fulton County,Atlanta,33.605263425,-84.532248314,0.0,0.0,0.0,64.0,,0.0,
JK Land Holdings,Cross Mill Center,Self-build,,Virginia,VA,Loudoun County,Sycolin,39.063917467,-77.550597096,0.0,0.0,0.0,64.0,,0.0,
Iron Mountain,Iron Mountain VA Campus - Future Expansion,Colocation,Wholesale,Virginia,VA,Prince William County,Manassas,38.774862,-77.539184,0.0,0.0,32.0,0.0,,32.0,
Microsoft,Hansen Farm Road,Self-build,Self-build Public Cloud,Virginia,VA,Prince William County,Bristow,38.779658574,-77.568743816,0.0,9.7,19.4,0.0,,29.1,
Flexential,Denver-Parker,Colocation,Wholesale,Colorado,CO,Douglas County,Parker,39.561320363,-104.810997911,0.0,0.0,22.5,18.0,,0.0,1.3
Centersquare,EWR2,Colocation,Retail,New Jersey,NJ,Hudson County,Weehawken,40.761852,-74.02523,25.2,0.0,0.0,0.0,,16.1,
Oppidan Investment Company,Memphis,Colocation,Retail,Tennessee,TN,Shelby County,Memphis,35.041939297,-89.884595273,25.0,0.0,0.0,0.0,,25.0,
STACK Infrastructure,SVY06,Colocation,Wholesale,California,CA,Santa Clara County,San Jose,37.401577708,-121.895324375,0.0,17.2,8.8,0.0,,0.0,
STACK Infrastructure,SVY05,Colocation,Wholesale,California,CA,Santa Clara County,San Jose,37.403011512,-121.895033445,0.0,24.0,0.0,0.0,,0.0,
Phoenixnap,PHX02,Self-build,Self-build Systems Integrator/Managed Service Providers,Arizona,AZ,Maricopa County,Phoenix,33.415452391,-112.012406119,0.0,0.0,30.0,0.0,,30.0,
Edged,DFW01,Colocation,Wholesale,Texas,TX,Dallas County,Irving,32.81758422,-96.918086694,24.0,0.0,0.0,0.0,,19.0,1.15
Edged,Edged New Albany,Colocation,Wholesale,Ohio,OH,Franklin County,New Albany,40.104870976,-82.814841983,13.0,11.0,0.0,0.0,,24.0,
Aligned,PHX-07 (El-mirage campus),Colocation,Wholesale,Arizona,AZ,Maricopa County,Waddell,33.564489787,-112.38924841,0.0,24.0,0.0,0.0,,14.0,
NTT Global Data Centers,ASHBURN VA6,Colocation,Retail,Virginia,VA,Loudoun County,Ashburn,39.016995969,-77.473529024,24.0,0.0,0.0,0.0,,24.0,
Edged,Kansas City,Colocation,Wholesale,Missouri,MO,Jackson County,Kansas City,39.157025081,-94.46411046,24.0,0.0,0.0,0.0,,12.0,1.15
Skybox Datacenters,Skybox Chicago I,Colocation,Wholesale,Illinois,IL,DuPage County,Elk Grove Village,41.993538922,-87.974881767,0.0,0.0,30.0,0.0,,0.0,
CyrusOne,NVA8,Colocation,Wholesale,Virginia,VA,Loudoun County,Sterling,39.021176115,-77.413389587,24.0,0.0,0.0,0.0,,23.0,
Amazon Web Services,Amazon Thomasson Barn Road,Self-build,Self-build Public Cloud,Virginia,VA,Prince William County,Manassas,38.744024891,-77.530405973,24.0,0.0,0.0,0.0,,24.0,
EdgeConneX,EDCCHI01,Colocation,Wholesale,Illinois,IL,Cook County,Elk Grove Village,42.000952,-87.950734,24.0,0.0,0.0,0.0,,24.0,
Flexential,Dallas - Plano,Colocation,Wholesale,Texas,TX,Collin County,Plano,33.007567729,-96.666344089,24.0,0.0,0.0,0.0,,24.0,1.3
University of Illinois Urbana Champaign,The National Petascale Computing Facility,Self-build,Self-build HPC,Illinois,IL,Champaign County,Champaign,40.0951688,-88.242070108,24.0,0.0,0.0,0.0,,24.0,
Equinix,CH3,Colocation,Retail,Illinois,IL,Cook County,Elk Grove Village,42.001361,-87.954863,23.78,0.0,0.0,0.0,,19.98,
Amazon Web Services,IAD145,Self-build,Self-build Public Cloud,Virginia,VA,Loudoun County,Sterling,38.982823889,-77.424818723,23.5,0.0,0.0,0.0,,23.5,
OVHcloud,VIN- 1,Self-build,Self-build Public Cloud,Virginia,VA,Fauquier County,New Baltimore,38.747552,-77.674425,8.0,4.0,14.0,0.0,,26.0,
Menlo Equities,760 Doug Davis Drive,Colocation,Wholesale,Georgia,GA,Fulton County,Atlanta,33.657054404,-84.415242951,22.8,0.0,0.0,0.0,,22.8,
Digital Fortress,"Piscataway, New Jersey",Colocation,Retail,New Jersey,NJ,Middlesex County,Piscataway Township,40.544215921,-74.496567301,2.0,0.0,25.0,2.0,,14.0,
Blueprint Data Centers,Georgetown,Colocation,Build-to-suit,Texas,TX,Williamson County,Georgetown,30.584359127,-97.672527532,0.0,12.5,12.5,0.0,,25.0,
DP Facilities,Mineral Gap Data Centre,Colocation,Retail,Virginia,VA,Wise County,Wise,36.978045995,-82.526766185,7.5,0.0,0.0,37.5,,6.9,1.2
Digital Realty,Digital Realty Piscataway Campus,Colocation,Wholesale,New Jersey,NJ,Middlesex County,Piscataway Township,40.553933893,-74.45716366,22.5,0.0,0.0,0.0,,18.3,
HMC Capital,HMC,Colocation,Wholesale,California,CA,Los Angeles County,Monterey Park,34.0485,-118.1226,0.0,0.0,0.0,56.0,,0.0,
PointOne,Dulles Design Center,Colocation,Wholesale,Virginia,VA,Loudoun County,Sterling,39.019780464,-77.42779637,0.0,0.0,28.0,0.0,,0.0,
TA Realty,45925 Horseshoe Drive,Colocation,Retail,Virginia,VA,Loudoun County,Dulles Town Center,39.026356231,-77.411522112,0.0,0.0,0.0,55.5,,0.0,
Amazon Web Services,IAD46 & IAD47,Self-build,Self-build Public Cloud,Virginia,VA,Loudoun County,,38.996859796,-77.435313158,22.0,0.0,0.0,0.0,,22.0,
Phoenixnap,PHX01,Self-build,Self-build Systems Integrator/Managed Service Providers,Arizona,AZ,Maricopa County,Phoenix,33.416049441,-112.009608091,20.0,0.0,0.0,5.0,,20.0,
ebay,SLC Campus,Self-build,Self-build Systems Integrator/Managed Service Providers,Utah,UT,Salt Lake County,South Jordan,40.564635837,-112.048562563,17.2,0.0,0.0,12.0,,17.2,1.4
DC Blox,Myrtle Beach Cable Landing Station,Self-build,Self-build Network & Telco,South Carolina,SC,Horry County,Myrtle Beach,33.674737026,-78.942867837,9.0,0.0,10.0,12.0,,19.0,
Switch,The Core Campus  - Las Vegas 7,Colocation,Wholesale,Nevada,NV,Clark County,Enterprise,36.059873139,-115.21040594,21.8,0.0,0.0,0.0,,21.7,
Sabey Data Centers,San Marcos Data Center,Colocation,Build-to-suit,Texas,TX,Hays County,San Marcos,29.793504856,-97.985403779,0.0,0.0,0.0,54.0,,0.0,
Aligned,10920 Balls Ford Road,Colocation,Wholesale,Virginia,VA,Prince William County,Manassas,38.799127909,-77.526876758,0.0,0.0,0.0,54.0,,0.0,
Digital Realty,321-337 E. 21st Street,Colocation,Wholesale,Illinois,IL,Cook County,Chicago,41.853971648,-87.619568277,0.0,0.0,0.0,53.95,,0.0,
Amazon Web Services,Mesa 2,Self-build,Self-build Public Cloud,Arizona,AZ,Maricopa County,Mesa,33.348469493,-111.61324718,0.0,0.0,0.0,52.8,,0.0,
CyrusOne,DFW6,Colocation,Wholesale,Texas,TX,Dallas County,Richardson,32.984269186,-96.696407193,0.0,21.0,0.0,0.0,,7.0,
Digital Realty,9905 Godwin Drive,Colocation,Retail,Virginia,VA,City of Manassas,Manassas,38.741274191,-77.503973998,21.0,0.0,0.0,0.0,,21.0,
Mesh Capital LLC,Mesh Capital LLC,Colocation,,Virginia,VA,Campbell County,Lynchburg,37.3757612,-79.031080403,0.0,0.0,0.0,52.5,,0.0,
Prime Data Centers,SMF01,Colocation,Wholesale,California,CA,Sacramento County,McClellan Park,38.643538341,-121.406874589,8.0,0.0,16.0,0.0,,8.0,
Iron Mountain,NJE-1,Colocation,Wholesale,New Jersey,NJ,Middlesex County,Edison,40.521352,-74.346965,20.8,0.0,0.0,0.0,,16.9,1.2
QTS Datacenters,Fort Worth - Dallas,Colocation,Retail,Texas,TX,Tarrant County,Fort Worth,32.989124542,-97.259059546,7.0,0.0,17.2,0.0,,7.0,
Equinix,MI1,Colocation,Retail,Florida,FL,Miami-Dade County,Miami,25.782453764,-80.193071247,20.75,0.0,0.0,0.0,,13.25,1.3
Digital Realty,ORD13,Colocation,Wholesale,Illinois,IL,Cook County,Franklin Park,41.926850368,-87.859473779,20.7,0.0,0.0,0.0,,18.68,
CoreSite,CH1,Colocation,Retail,Illinois,IL,Cook County,Chicago,41.876003,-87.631399,20.4,0.0,0.0,0.0,,17.11,
The Globe Building STL,Globe Building,Colocation,Retail,Missouri,MO,,St. Louis,38.632682678,-90.195707984,13.8,0.0,8.0,0.0,,13.8,
DataBank,DataBank IAD4,Colocation,Wholesale,Virginia,VA,Loudoun County,Ashburn,39.015946292,-77.483361365,0.0,20.0,0.0,0.0,,0.0,
Batavia DC Corp,Batavia Data Center (Hut 8),Self-build,Self-build HPC,Illinois,IL,Kane County,Batavia,41.859487985,-88.268364306,0.0,0.0,0.0,50.0,,0.0,
TPC Data Centers,6201 Frost Place,Colocation,Wholesale,Maryland,MD,Prince George's County,Laurel,39.088580574,-76.902039765,0.0,0.0,20.0,10.0,,0.0,1.1
Colovore,RN01,Colocation,Wholesale,Nevada,NV,Storey County,Sparks,39.531532737,-119.480956543,0.0,20.0,0.0,0.0,,0.0,
Switch,The Core Campus - Las Vegas 14,Colocation,Wholesale,Nevada,NV,Clark County,Enterprise,36.065106005,-115.222068993,0.0,20.0,0.0,0.0,,0.0,
Sentinum,Montana,Self-build,Self-build Crypto,Montana,MT,Fergus,,47.109006828,-109.114984335,20.0,0.0,0.0,0.0,,20.0,
NTT Global Data Centers,ASHBURN VA9,Colocation,Wholesale,Virginia,VA,Loudoun County,Ashburn,39.02015888,-77.475523898,20.0,0.0,0.0,0.0,,20.0,
Ankr,DC2,Self-build,Self-build Crypto,North Carolina,NC,Cherokee County,Murphy,35.026971517,-84.130959418,20.0,0.0,0.0,0.0,,20.0,
Amazon Web Services,ALE062,Self-build,Self-build Public Cloud,Texas,TX,Bexar County,San Antonio,29.415601035,-98.784405882,20.0,0.0,0.0,0.0,,20.0,
Amazon Web Services,IAD175,Self-build,Self-build Public Cloud,Virginia,VA,Loudoun County,Oak Grove,38.979826137,-77.425654958,20.0,0.0,0.0,0.0,,20.0,
Amazon Web Services,Amazon Freedom Center Blvd,Self-build,Self-build Public Cloud,Virginia,VA,Prince William County,Innovation,38.760469417,-77.519231816,20.0,0.0,0.0,0.0,,20.0,
Cologix,COL3,Colocation,,Ohio,OH,Franklin County,Worthington,40.115759,-83.00163,20.0,0.0,0.0,0.0,,20.0,
Prime Data Centers,Prime Hayward,Colocation,Build-to-suit,California,CA,Alameda County,Hayward,37.626217063,-122.113445616,20.0,0.0,0.0,0.0,,20.0,
DataBank,Centennial Campus (DEN2 & DEN5),Colocation,Wholesale,Colorado,CO,Arapahoe County,Centennial,39.591325874,-104.846750124,20.0,0.0,0.0,0.0,,16.33,1.3
Amazon Web Services,IAD12,Self-build,Self-build Public Cloud,Virginia,VA,Loudoun County,Sterling,38.98903855,-77.447654787,20.0,0.0,0.0,0.0,,20.0,
CoreSite,LA2,Colocation,Wholesale,California,CA,Los Angeles County,Los Angeles,34.05829,-118.235661,18.0,2.0,0.0,0.0,,17.8,
Centersquare,LAX3,Colocation,Retail,California,CA,Orange County,Irvine,33.687643181,-117.847382343,20.0,0.0,0.0,0.0,,11.93,
Amazon Web Services,Amazon Warrenton,Self-build,Self-build Public Cloud,Virginia,VA,Fauquier County,Warrenton,38.729012528,-77.787755624,0.0,0.0,25.0,0.0,,25.0,
Metrobloks,MIA MB01,Colocation,Wholesale,Florida,FL,Miami-Dade County,,25.783072029,-80.417178778,0.0,0.0,16.7,16.0,,0.0,1.2
Menlo Equities,Menlo Digital Sunnyvale,Colocation,Wholesale,California,CA,Santa Clara County,Sunnyvale,37.399945873,-122.014629758,0.0,0.0,0.0,49.0,,0.0,
Amazon Web Services,IAD50,Self-build,Self-build Public Cloud,Virginia,VA,Loudoun County,Ashburn,39.029823309,-77.459725238,19.5,0.0,0.0,0.0,,19.5,
Digital Realty,Westin Building Exchange,Colocation,Wholesale,Washington,WA,King County,Seattle,47.614403,-122.338779,19.5,0.0,0.0,0.0,,17.0,
CloudHQ,DC-6,Colocation,Wholesale,Virginia,VA,Prince William County,Manassas,38.747736338,-77.531749002,19.25,0.0,0.0,0.0,,19.25,
Radius DC,Plainsfield Campus Radius DC,Colocation,,Indiana,IN,Hendricks County,Plainfield,39.740782,-86.356018,0.0,0.0,24.0,0.0,,0.0,
DC Blox,Palm Coast,Self-build,Self-build Network & Telco,Florida,FL,Flagler County,Palm Coast,29.494617788,-81.196686207,0.0,0.0,24.0,0.0,,24.0,
Digital Realty,ACC11,Colocation,Wholesale,Virginia,VA,Loudoun County,Ashburn,39.014892464,-77.463895316,0.0,0.0,0.0,48.0,,0.0,
EdgeConneX,POR03,Colocation,Wholesale,Oregon,OR,Washington County,Hillsboro,45.556705373,-122.912262915,19.2,0.0,0.0,0.0,,0.0,
Digital Realty,IAD37,Colocation,Wholesale,Virginia,VA,Loudoun County,Ashburn,39.000033098,-77.477971396,19.2,0.0,0.0,0.0,,18.56,
EdgeConneX,EDCCHI03,Colocation,Wholesale,Illinois,IL,Cook County,Elk Grove Village,42.001865167,-87.95180323,0.0,3.833,19.165,0.0,,22.98,
Stream Data Centers,Chicago I,Colocation,Build-to-suit,Illinois,IL,Cook County,Elk Grove Village,42.002538,-87.951227,15.0,0.0,5.0,0.0,,20.0,
Digital Realty,ORD10,Colocation,Retail,Illinois,IL,Cook County,Chicago,41.853973,-87.618252,18.7,0.0,0.0,0.0,,17.52,
CyrusOne,Austin III,Colocation,Wholesale,Texas,TX,Travis County,Austin,30.206954,-97.701372,9.0,0.0,9.0,6.0,,8.0,
Flexential,Portland - Hillsboro 2,Colocation,Wholesale,Oregon,OR,Washington County,Hillsboro,45.558023034,-122.916928244,18.5,0.0,0.0,0.0,,17.6,1.3
H5 Data Centers,Charlotte Data Center,Colocation,Wholesale,North Carolina,NC,Mecklenburg County,Charlotte,35.32990141,-80.765845545,3.3,0.0,0.0,38.0,,1.3,
Fronius International,Fronius USA Data Centre,Self-build,Self-build Other,Indiana,IN,Porter County,Portage,41.607242384,-87.152945989,0.0,0.0,0.0,46.0,,0.0,
CyrusOne,CyrusOne Wood Dale (CHI6),Colocation,Wholesale,Illinois,IL,DuPage County,Bensenville,41.977989,-87.961687,0.0,18.0,0.0,0.0,,0.0,
T5 Data Centers,T5@Portland,Colocation,Build-to-suit,Oregon,OR,Washington County,Hillsboro,45.555454778,-122.938869748,13.5,4.5,0.0,0.0,,10.5,
CyrusOne,OCB1-Omaha-Council Bluffs,Colocation,Retail,Iowa,IA,Pottawattamie County,Council Bluffs,41.212197057,-95.877937419,18.0,0.0,0.0,0.0,,17.5,
CoreSite,CH2,Colocation,Retail,Illinois,IL,Cook County,Chicago,41.862855,-87.641292,12.0,6.0,0.0,0.0,,4.48,
CoreSite,LA3,Colocation,Wholesale,California,CA,Los Angeles County,Los Angeles,34.058900994,-118.235112542,6.0,12.0,0.0,0.0,,10.6,
Flexential,Denver - Englewood,Colocation,Retail,Colorado,CO,Douglas County,Englewood,39.558758361,-104.838438012,18.0,0.0,0.0,0.0,,15.75,1.3
H5 Data Centers,Chandler,Colocation,Retail,Arizona,AZ,Maricopa County,Chandler,33.277174907,-111.885736802,18.0,0.0,0.0,0.0,,14.5,1.17
H5 Data Centers,Buffalo I,Colocation,Retail,New York,NY,Niagara County,Town of Lockport,43.168698912,-78.751586683,18.0,0.0,0.0,0.0,,18.0,
Centersquare,EWR3,Colocation,Retail,New Jersey,NJ,Middlesex County,Piscataway Township,40.553933893,-74.45716366,18.0,0.0,0.0,0.0,,13.5,
Hudson Interxchange,60 Hudson Street,Colocation,Retail,New York,NY,New York County,New York,40.717721,-74.0101,15.0,2.0,1.0,0.0,,15.2,
Radius DC,55 Marietta St.,Colocation,Wholesale,Georgia,GA,Fulton County,Atlanta,33.755863511,-84.391058443,13.0,0.0,0.0,12.0,,13.0,
Equinix,SV12x,Colocation,Wholesale,California,CA,Santa Clara County,San Jose,37.240701192,-121.785790336,14.0,0.0,0.0,9.0,,13.0,
DC Blox,Montgomery (MGM1),Colocation,Wholesale,Alabama,AL,Montgomery County,Montgomery,32.269434111,-86.372551174,0.0,2.5,2.5,32.0,,5.0,
ark Data Centers,Green Bay,Colocation,Retail,Wisconsin,WI,Calumet County,Harrison,44.204692017,-88.344934703,1.3,0.0,20.0,0.0,,1.0,
Gray Wolf Data Centers,"Colchester, CT",Colocation,Build-to-suit,Connecticut,CT,Southeastern Connecticut Planning Region,Colchester,41.593261776,-72.334607838,0.0,0.0,21.5,0.0,,0.0,1.15
Equinix,NY3,Colocation,Retail,New Jersey,NJ,Hudson County,Secaucus,40.775240012,-74.068042258,6.0,11.2,0.0,0.0,,4.8,
Microsoft,DSM 14 3655 S.E Soteria Ave,Self-build,Self-build Public Cloud,Iowa,IA,Polk County,West Des Moines,41.524022732,-93.713866184,0.0,0.0,21.3,0.0,,21.3,
Equinix,SV11,Colocation,Retail,California,CA,Santa Clara County,San Jose,37.243327497,-121.783895818,17.0,0.0,0.0,0.0,,16.5,
STACK Infrastructure,NVA01A,Colocation,Wholesale,Virginia,VA,Loudoun County,Ashburn,39.005023212,-77.441881131,17.0,0.0,0.0,0.0,,17.0,
Amazon Web Services,45111 Loudoun Downs Lane,Self-build,Self-build Public Cloud,Virginia,VA,Loudoun County,,38.991701524,-77.441510358,17.0,0.0,0.0,0.0,,17.0,
TierPoint,Allentown TEK Park (TEK),Colocation,Retail,Pennsylvania,PA,Lehigh County,Upper Macungie Township,40.5439817,-75.654552958,17.0,0.0,0.0,0.0,,16.3,
Digital Realty,IAD36,Colocation,Wholesale,Virginia,VA,Loudoun County,Ashburn,39.001483757,-77.479494858,16.8,0.0,0.0,0.0,,15.8,
STACK Infrastructure,POR01,Colocation,Wholesale,Oregon,OR,Washington County,Hillsboro,45.54955916,-122.927737904,12.0,0.0,0.0,12.0,,11.5,
TRG Datacenters,Houston One,Colocation,Retail,Texas,TX,Harris County,Spring,30.066121736,-95.459035129,1.0,12.0,0.0,9.0,,6.5,
STACK Infrastructure,ATL01,Colocation,Wholesale,Georgia,GA,Fulton County,Alpharetta,34.075910045,-84.264287959,7.0,0.0,12.0,0.0,,6.11,1.45
Centersquare,EWR5,Colocation,Retail,New Jersey,NJ,Hudson County,Secaucus,40.786350978,-74.06914156,16.6,0.0,0.0,0.0,,16.4,
Digital Realty,DFW26,Colocation,Wholesale,Texas,TX,Denton County,Lewisville,33.001325,-96.997937,16.5,0.0,0.0,0.0,,16.3,
Netrality Data Centers,401 North Broad Street,Colocation,Retail,Pennsylvania,PA,Philadelphia County,Philadelphia,39.959814055,-75.160945398,14.0,0.0,3.0,0.0,,12.4,
Digital Realty,IAD38,Colocation,Wholesale,Virginia,VA,Loudoun County,Ashburn,39.001195,-77.477332,16.2,0.0,0.0,0.0,,15.52,
ebay,Project Mercury,Self-build,Self-build Systems Integrator/Managed Service Providers,Arizona,AZ,Maricopa County,Phoenix,33.493234299,-112.0704596,16.2,0.0,0.0,0.0,,16.2,
PowerHouse Data Centers,Quantum Connect,Colocation,Retail,Virginia,VA,Loudoun County,Ashburn,39.010240715,-77.471630674,0.0,0.0,20.0,0.0,,13.0,
Iron Mountain,MIA-1,Colocation,Wholesale,Florida,FL,Miami-Dade County,Miami,25.884790202,-80.247217529,0.0,16.0,0.0,0.0,,0.0,
ImpactData,Gateway Research Park,Colocation,Retail,North Carolina,NC,Guilford County,Greensboro,36.055983101,-79.746748147,0.0,0.0,20.0,0.0,,0.0,
NTT Global Data Centers,SV1,Colocation,Wholesale,California,CA,Santa Clara County,Santa Clara,37.369023033,-121.955232373,16.0,0.0,0.0,0.0,,16.0,
Yahoo! Japan,Actapio Wenatchee,Self-build,Self-build Systems Integrator/Managed Service Providers,Washington,WA,Douglas County,East Wenatchee,47.407385665,-120.214299297,8.0,8.0,0.0,0.0,,16.0,1.2
NTT Global Data Centers,ASHBURN VA3,Colocation,Wholesale,Virginia,VA,Loudoun County,Ashburn,39.01721,-77.47046,16.0,0.0,0.0,0.0,,15.9,
Switch,The Core Campus - Las Vegas 10,Colocation,Wholesale,Nevada,NV,Clark County,Enterprise,36.05557414,-115.222636238,16.0,0.0,0.0,0.0,,16.0,
CyrusOne,NYM2,Colocation,Wholesale,New Jersey,NJ,Passaic County,Totowa,40.907183,-74.242564,16.0,0.0,0.0,0.0,,15.5,
Centersquare,IAD1 - 21110 Ridgetop Circle,Colocation,Retail,Virginia,VA,Loudoun County,Sterling,39.024760764,-77.412265677,16.0,0.0,0.0,0.0,,15.38,
Core Scientific,"Austin, Texas Data Center (Austin 1)",Colocation,Wholesale,Texas,TX,Travis County,Austin,30.2687486,-97.666320427,16.0,0.0,0.0,0.0,,16.0,
Centersquare,BOS1 Campus,Colocation,Retail,Massachusetts,MA,Middlesex County,Waltham,42.39299,-71.26533,16.0,0.0,0.0,0.0,,14.6,
WRV Nurseries South Brunswick LLC,4405 US-1,Colocation,,New Jersey,NJ,Middlesex County,Monmouth Junction,40.361868838,-74.602961084,0.0,0.0,0.0,40.0,,0.0,
Prologis,45121 & 45181 Global Plaza,Colocation,,Virginia,VA,Loudoun County,Sterling,38.985563805,-77.43871708,0.0,0.0,0.0,40.0,,0.0,
Peterson Companies,Silverbrook Project,Colocation,,Virginia,VA,Loudoun County,Sterling,38.986286858,-77.416639224,0.0,0.0,0.0,40.0,,0.0,
JK Land Holdings,19886 Ashburn Road,Colocation,Wholesale,Virginia,VA,Loudoun County,Ashburn,39.066623044,-77.478587451,0.0,0.0,0.0,40.0,,0.0,
EIP,Energy & Innovation Park,Self-build,Self-build HPC,Connecticut,CT,Capitol Planning Region,New Britain,41.668637355,-72.794616711,0.0,0.0,20.0,0.0,,20.0,
CyrusOne,CIN2 (7th Street),Colocation,Wholesale,Ohio,OH,Hamilton County,Cincinnati,39.102792,-84.517339,11.5,0.0,5.6,0.0,,13.68,
Nexstar,720 N Rohlwing Rd,Colocation,Retail,Illinois,IL,Cook County,Elk Grove Village,42.011597852,-88.031903207,0.0,0.0,0.0,39.0,,0.0,
EdgeConneX,EDCATL02,Colocation,Retail,Georgia,GA,Fulton County,Atlanta,33.731886,-84.423559,6.0,0.0,12.0,0.0,,7.9,
Iron Mountain,DEN-1,Colocation,Wholesale,Colorado,CO,,Denver,39.777479,-104.967775,14.4,0.0,0.0,2.4,,11.3,1.2
STACK Infrastructure,DFW01A,Colocation,Build-to-suit,Texas,TX,Collin County,Plano,33.065003216,-96.811057998,15.0,0.0,0.0,0.0,,13.0,1.45
NASA,NCCIPS,Self-build,Self-build Public Sector,Mississippi,MS,Hancock County,,30.371586417,-89.617101889,15.0,0.0,0.0,0.0,,15.0,
Equinix,DC11,Colocation,Retail,Virginia,VA,Loudoun County,Ashburn,39.015015,-77.458643,15.0,0.0,0.0,0.0,,14.8,
Digital Realty,DFW17,Colocation,Wholesale,Texas,TX,Dallas County,Richardson,32.967280161,-96.713341634,15.0,0.0,0.0,0.0,,15.0,1.3
Yahoo,La Vista Data Centre,Self-build,Self-build Public Cloud,Nebraska,NE,Sarpy County,La Vista,41.180491052,-96.08507056,15.0,0.0,0.0,0.0,,15.0,
Aphorio Carter,60 & 80 Merritt Blvd,Colocation,Wholesale,Connecticut,CT,Greater Bridgeport Planning Region,Trumbull,41.241293,-73.147489,15.0,0.0,0.0,0.0,,13.995,
Google,"Council Bluffs, Iowa (1)",Self-build,Self-build Public Cloud,Iowa,IA,Pottawattamie County,Council Bluffs,41.221123,-95.863853,15.0,0.0,0.0,0.0,,15.0,
Centersquare,BOS4,Colocation,Retail,Massachusetts,MA,Middlesex County,Watertown,42.36632,-71.159313,15.0,0.0,0.0,0.0,,13.5,
Centersquare,LAX5,Colocation,Retail,California,CA,Orange County,Irvine,33.684884476,-117.836820902,15.0,0.0,0.0,0.0,,14.65,
Amazon Web Services,AWS Ridgetop Circle,Self-build,Self-build Public Cloud,Virginia,VA,Loudoun County,Sterling,39.024697791,-77.410287725,0.0,0.0,0.0,36.4,,0.0,
H5 Data Centers,Virginia Data Center,Colocation,Wholesale,Virginia,VA,Fairfax County,Chantilly,38.90953381,-77.472526292,10.6,0.0,4.8,0.0,,12.5,
Amazon Web Services,IAD59,Self-build,Self-build Public Cloud,Virginia,VA,Prince William County,Manassas,38.792406593,-77.548876331,14.4,0.0,0.0,0.0,,14.4,
ServerFarm,7980 & 7990 Quantum Drive,Colocation,Retail,Virginia,VA,Fairfax County,Tysons,38.908673049,-77.219950263,0.0,0.0,0.0,36.0,,0.0,
CoreSite,VA2,Colocation,Retail,Virginia,VA,Fairfax County,Reston,38.950906128,-77.363887716,14.3,0.0,0.0,0.0,,14.27,
CoreWeave,1000 Coit Road,Colocation,Retail,Texas,TX,Collin County,Plano,33.015099132,-96.764733061,13.0,0.0,0.0,3.0,,11.0,
Greenidge Generation,Greenidge Generation New York,Self-build,Self-build Crypto,New York,NY,Yates County,Town of Torrey,42.679453556,-76.948637128,14.0,0.0,0.0,0.0,,14.0,
Amazon Web Services,22945 International Dr,Self-build,Self-build Public Cloud,Virginia,VA,Loudoun County,Sterling,38.981794408,-77.427586149,14.0,0.0,0.0,0.0,,14.0,
Equinix,SV10,Colocation,Retail,California,CA,Santa Clara County,San Jose,37.241174261,-121.784706671,14.0,0.0,0.0,0.0,,13.88,
NTT Global Data Centers,ASHBURN VA2,Colocation,Wholesale,Virginia,VA,Loudoun County,Ashburn,39.02495,-77.4576,14.0,0.0,0.0,0.0,,13.9,1.29
NTT Global Data Centers,CA3,Colocation,Wholesale,California,CA,Sacramento County,,38.644551913,-121.498648335,14.0,0.0,0.0,0.0,,13.63,
CyrusOne,NYM5,Colocation,Wholesale,Connecticut,CT,Fairfield County,Norwalk,41.11283,-73.388597,6.0,0.0,10.0,0.0,,6.0,
ark Data Centers,Akron 1 & 2,Colocation,Retail,Ohio,OH,Summit County,Akron,41.057521453,-81.522350976,4.0,0.0,0.0,25.0,,1.75,
QTS Datacenters,Colorado Springs,Colocation,Wholesale,Colorado,CO,El Paso County,Colorado Springs,38.917978189,-104.847825842,14.0,0.0,0.0,0.0,,13.0,
Equinix,NY4,Colocation,Retail,New Jersey,NJ,Hudson County,Secaucus,40.777864,-74.069101,14.0,0.0,0.0,0.0,,13.5,1.3
Digital Realty,2045 & 2055 Lafayette Street,Colocation,Wholesale,California,CA,Santa Clara County,Santa Clara,37.361911086,-121.946322746,14.0,0.0,0.0,0.0,,14.0,
Digital Realty,ACC3,Colocation,Wholesale,Virginia,VA,Loudoun County,Ashburn,39.019862399,-77.459974102,13.9,0.0,0.0,0.0,,13.0,1.5
Switch,The Core Campus - Las Vegas 11,Colocation,Wholesale,Nevada,NV,Clark County,Enterprise,36.055900148,-115.21421516,13.75,0.0,0.0,0.0,,13.75,
Centersquare,IAD2 - 22860 International Drive,Colocation,Retail,Virginia,VA,Loudoun County,Sterling,38.98388,-77.4247,13.7,0.0,0.0,0.0,,13.7,
Amazon Web Services,IAD73,Self-build,Self-build Public Cloud,Virginia,VA,Prince William County,Manassas,38.777970905,-77.558516589,13.5,0.0,0.0,0.0,,13.5,
Amazon Web Services,IAD74,Self-build,Self-build Public Cloud,Virginia,VA,Prince William County,Manassas,38.777806337,-77.557745456,13.5,0.0,0.0,0.0,,13.5,
STACK Infrastructure,CHI01A,Colocation,Wholesale,Illinois,IL,Cook County,Elk Grove Village,42.006882796,-87.964451598,13.5,0.0,0.0,0.0,,13.5,
Amazon Web Services,IAD58,Self-build,Self-build Public Cloud,Virginia,VA,Loudoun County,,38.986421241,-77.441960102,13.5,0.0,0.0,0.0,,13.5,
Equinix,AT1,Colocation,Retail,Georgia,GA,Fulton County,Atlanta,33.758929356,-84.388114109,13.5,0.0,0.0,0.0,,8.32,
EdgeConneX,DEN02,Colocation,Wholesale,Colorado,CO,Douglas County,Englewood,39.562944997,-104.82934543,0.0,9.6,0.0,9.6,,3.84,1.4
Novva Data Centers,Colorado Springs,Colocation,Wholesale,Colorado,CO,El Paso County,Colorado Springs,39.014298673,-104.814696156,1.0,0.0,0.0,30.0,,0.3,1.3
Digital Realty,200 Paul Avenue,Colocation,Wholesale,California,CA,,San Francisco,37.723797692,-122.398072095,13.0,0.0,0.0,0.0,,12.9,
Digital Realty,VA3,Colocation,Wholesale,Virginia,VA,Fairfax County,Reston,38.948448,-77.327187,13.0,0.0,0.0,0.0,,13.0,
Digital Realty,IAH10,Colocation,Wholesale,Texas,TX,Harris County,Houston,29.941685571,-95.417274289,13.0,0.0,0.0,0.0,,7.22,
MetroEdge,IMD1,Colocation,Retail,Illinois,IL,Cook County,Chicago,41.863651101,-87.674956766,0.0,0.0,16.0,0.0,,2.0,
Digital Realty,ORD14,Colocation,Wholesale,Illinois,IL,Cook County,Franklin Park,41.928428266,-87.859268627,12.8,0.0,0.0,0.0,,8.96,
Core Scientific,Auburn 1,Colocation,Wholesale,Alabama,AL,Lee County,Auburn,32.600911309,-85.512759364,0.0,0.0,16.0,0.0,,0.0,
DataBank,Databank MCI3,Colocation,Retail,Kansas,KS,Johnson County,Lenexa,38.925336907,-94.770307422,12.75,0.0,0.0,0.0,,8.35,
CyrusOne,NVA4,Colocation,Wholesale,Virginia,VA,Loudoun County,Sterling,38.985117,-77.425274,12.6,0.0,0.0,0.0,,12.6,
NTT Global Data Centers,ASHBURN VA1,Colocation,Wholesale,Virginia,VA,Loudoun County,Ashburn,39.02276,-77.45495,12.6,0.0,0.0,0.0,,12.5,
NTT Global Data Centers,CA1,Colocation,Wholesale,California,CA,Sacramento County,Sacramento,38.650583908,-121.489395322,12.6,0.0,0.0,0.0,,12.6,
Quest Technology Management,Quest McClellan BRC,Colocation,Retail,California,CA,Sacramento County,McClellan Park,38.644213128,-121.407672276,12.5,0.0,0.0,0.0,,11.6,
Netrality Data Centers,Houston – 1301 Fannin,Colocation,Retail,Texas,TX,Harris County,Houston,29.753546517,-95.365697385,12.5,0.0,0.0,0.0,,9.0,
NTT Global Data Centers,ASHBURN VA8,Colocation,Wholesale,Virginia,VA,Loudoun County,Ashburn,39.018920548,-77.475136367,0.0,0.0,15.5,0.0,,0.0,
Iron Mountain,VA-1,Colocation,Wholesale,Virginia,VA,Prince William County,Manassas,38.777913,-77.547069,12.4,0.0,0.0,0.0,,12.4,
Sabey Data Centers,Intergate.Seattle West Campus,Colocation,Retail,Washington,WA,King County,Tukwila,47.49308078,-122.293678011,12.184,0.0,0.0,0.0,,12.171,1.4
Discover,Discover Technology Center,Self-build,Self-build Financial/Institutional,Illinois,IL,Lake County,Riverwoods,42.1555486,-87.88724149,12.092,0.0,0.0,0.0,,12.092,
H5 Data Centers,Herndon Data Center,Colocation,Retail,Virginia,VA,Fairfax County,Herndon,38.962904298,-77.37685436,0.0,0.0,15.0,0.0,,0.0,
HostDime,Orlando - Eatonville,Colocation,Retail,Florida,FL,Orange County,Maitland,28.614627181,-81.385270826,0.0,12.0,0.0,0.0,,0.0,
Digital Realty,701 Union Boulevard,Colocation,Retail,New Jersey,NJ,Passaic County,Totowa,40.89166515,-74.229666087,12.0,0.0,0.0,0.0,,12.0,
DataBank,ATL1,Colocation,Retail,Georgia,GA,Fulton County,Atlanta,33.775315,-84.387801,10.0,0.0,2.5,0.0,,10.0,1.2
Centersquare,Allen,Colocation,Retail,Texas,TX,Collin County,Allen,33.095097711,-96.6836824,12.0,0.0,0.0,0.0,,9.5,
ServerFarm,ATL1,Colocation,Wholesale,Georgia,GA,Gwinnett County,Suwanee,34.036064197,-84.06411568,12.0,0.0,0.0,0.0,,8.5,1.35
ServerFarm,LAX1,Colocation,Retail,California,CA,Los Angeles County,El Segundo,33.921809985,-118.386526587,12.0,0.0,0.0,0.0,,11.65,1.3
Equinix,DC10,Colocation,Retail,Virginia,VA,Loudoun County,Ashburn,39.020942,-77.451501,12.0,0.0,0.0,0.0,,11.75,
INAP,Dallas Data Center,Colocation,Retail,Texas,TX,Collin County,Plano,33.015775,-96.76872,12.0,0.0,0.0,0.0,,10.0,
Evocative,DAL6,Colocation,Retail,Texas,TX,Collin County,Plano,33.015723099,-96.768863646,12.0,0.0,0.0,0.0,,11.0,
Digital Realty,ORD23,Colocation,Wholesale,Illinois,IL,Cook County,Northlake,41.920483,-87.912334,12.0,0.0,0.0,0.0,,12.0,1.3
Equinix,NY2,Colocation,Retail,New Jersey,NJ,Hudson County,Secaucus,40.77781,-74.076335,12.0,0.0,0.0,0.0,,11.8,
Centersquare,SFO2,Colocation,Wholesale,California,CA,Santa Clara County,Santa Clara,37.39757,-121.98125,12.0,0.0,0.0,0.0,,11.81,
Landmark Dividend,PayPal Data Center,Self-build,Self-build Financial/Institutional,Arizona,AZ,Maricopa County,Phoenix,33.493184357,-112.070222955,9.0,0.0,0.0,7.0,,9.0,
Digital Realty,128 First Avenue,Colocation,Wholesale,Massachusetts,MA,Norfolk County,Needham,42.30123,-71.218994,11.7,0.0,0.0,0.0,,4.4,1.5
Undisclosed,Daly Group DPK Hillside,Colocation,Wholesale,Illinois,IL,Cook County,Hillside,41.871182111,-87.898440578,0.0,0.0,0.0,29.0,,0.0,
Centersquare,ORD2,Colocation,Retail,Illinois,IL,DuPage County,Elk Grove Village,41.99233,-87.95829,11.6,0.0,0.0,0.0,,9.09,
Digital Realty,2020 Fifth Avenue,Colocation,Wholesale,Washington,WA,King County,Seattle,47.614430931,-122.339746786,11.3,0.0,0.0,0.0,,11.3,
Flexential,Las Vegas - North,Colocation,Wholesale,Nevada,NV,Clark County,North Las Vegas,36.248179981,-115.101255156,11.25,0.0,0.0,0.0,,10.7,1.3
Digital Realty,10 Forsyth St NW,Colocation,Retail,Georgia,GA,Fulton County,Atlanta,33.755208501,-84.392019069,0.0,0.0,0.0,28.0,,0.0,
DC Blox,DC Blox Huntsville,Colocation,Retail,Alabama,AL,Madison County,Huntsville,34.709889043,-86.692898338,1.5,0.0,12.0,0.0,,1.15,
T5 Data Centers,T5 Minneapolis,Colocation,Retail,Minnesota,MN,Hennepin County,Minneapolis,44.971556192,-93.27031538,5.9,0.0,6.5,0.0,,2.0,
Verizon,Verizon Los Angeles,Self-build,Self-build Network & Telco,California,CA,Los Angeles County,Los Angeles,34.046007204,-118.258923485,11.0,0.0,0.0,0.0,,11.0,
Equinix,DC15,Colocation,Retail,Virginia,VA,Loudoun County,Ashburn,39.022398052,-77.450542767,11.0,0.0,0.0,0.0,,10.8,
New Jersey Fiber Exchange,NJFX,Colocation,Retail,New Jersey,NJ,Monmouth County,Wall Township,40.161593899,-74.053112006,3.6,0.0,9.0,0.0,,3.2,1.35
1547 Critical Systems Realty,MIWI1 (The Wells Building),Colocation,Retail,Wisconsin,WI,Milwaukee County,Milwaukee,43.039149061,-87.906789131,5.0,0.0,7.0,0.0,,2.5,
Segra,DataChambers Raleigh,Colocation,Retail,North Carolina,NC,Wake County,Raleigh,35.7253516,-78.662606226,3.0,0.0,2.0,15.0,,2.4,
Equinix,DC21,Colocation,Retail,Virginia,VA,Loudoun County,Ashburn,39.01178682,-77.454508867,10.5,0.0,0.0,0.0,,10.0,
Amazon Web Services,IAD55,Self-build,Self-build Public Cloud,Virginia,VA,Prince William County,Haymarket,38.815596212,-77.648411473,10.5,0.0,0.0,0.0,,10.5,
Amazon Web Services,IAD57,Self-build,Self-build Public Cloud,Virginia,VA,Loudoun County,,38.987199616,-77.442677302,10.5,0.0,0.0,0.0,,10.5,
365 Data Centers,Philadelphia - PA1,Colocation,Retail,Pennsylvania,PA,Philadelphia County,Philadelphia,39.962434045,-75.163899913,10.5,0.0,0.0,0.0,,10.1,
CoreSite,BO1,Colocation,Retail,Massachusetts,MA,Middlesex County,Somerville,42.376642,-71.080025,10.5,0.0,0.0,0.0,,8.9,
Digital Realty,ACC2,Colocation,Wholesale,Virginia,VA,Loudoun County,Ashburn,39.021759419,-77.459461476,10.4,0.0,0.0,0.0,,10.4,
Equinix,SV5,Colocation,Wholesale,California,CA,Santa Clara County,San Jose,37.241938,-121.781622,10.2,0.0,0.0,0.0,,10.2,
DataBank,SAN1,Colocation,Retail,California,CA,San Diego County,San Diego,32.988191655,-117.073335718,10.2,0.0,0.0,0.0,,6.7,
CENTRA,MSP1,Colocation,Retail,Minnesota,MN,Dakota County,Eagan,44.820978224,-93.113480361,0.0,3.0,9.0,0.0,,0.0,
Ardent Data Centers,Pittsburgh Data Center,Colocation,Build-to-suit,Pennsylvania,PA,Allegheny County,Pittsburgh,40.439627862,-80.142024945,2.4,0.0,9.6,0.0,,1.9,
Oppidan Investment Company,Albuquerque,Colocation,Wholesale,New Mexico,NM,Bernalillo County,Albuquerque,35.087128113,-106.741707688,0.0,10.0,0.0,0.0,,0.0,
1547 Critical Systems Realty,Chicago (CHIL1),Colocation,Retail,Illinois,IL,Cook County,Chicago,41.795048958,-87.622265955,0.0,0.0,0.0,25.0,,0.0,
RiCloud,RiCloud Data Center - San Jose,Self-build,Self-build Systems Integrator/Managed Service Providers,California,CA,Santa Clara County,San Jose,37.235479382,-121.782252427,10.0,0.0,0.0,0.0,,10.0,
Middletown Data,Middletown Data Centre,Colocation,Retail,Virginia,VA,Frederick County,Middletown,39.017686892,-78.291192045,10.0,0.0,0.0,0.0,,9.703,
Core Scientific,Grand Forks 1,Self-build,Self-build Crypto,North Dakota,ND,Grand Forks County,Grand Forks,47.910730141,-97.112219041,10.0,0.0,0.0,0.0,,10.0,
Centersquare,DA2,Colocation,Retail,Texas,TX,Dallas County,Dallas,32.912076806,-96.870685717,10.0,0.0,0.0,0.0,,9.0,
JP Morgan,Orangeburg,Self-build,Self-build Financial/Institutional,New York,NY,Rockland County,Orangeburg,41.051643587,-73.972000024,10.0,0.0,0.0,0.0,,10.0,
Sentinel,NY-1,Colocation,Build-to-suit,New York,NY,Rockland County,Orangeburg,41.03631629,-73.98728418,10.0,0.0,0.0,0.0,,10.0,
Equinix,DA6,Colocation,Retail,Texas,TX,Dallas County,Dallas,32.800861,-96.819354,10.0,0.0,0.0,0.0,,9.6,
Iron Mountain,WPA-1,Colocation,Wholesale,Pennsylvania,PA,Butler County,Cherry Township,41.092326,-79.911678,10.0,0.0,0.0,0.0,,7.93,1.3
H5 Data Centers,H5 Cleveland,Colocation,Wholesale,Ohio,OH,Cuyahoga County,Cleveland,41.506592,-81.683042,10.0,0.0,0.0,0.0,,9.7,
GI Partners,Quincy,Colocation,Wholesale,Washington,WA,Grant County,Quincy,47.243576748,-119.864847164,10.0,0.0,0.0,0.0,,10.0,
Equinix,NY5,Colocation,Retail,New Jersey,NJ,Hudson County,Secaucus,40.778599,-74.072477,10.0,0.0,0.0,0.0,,9.8,
Cisco Systems,Allen,Self-build,Self-build Network & Telco,Texas,TX,Collin County,Allen,33.135963168,-96.661581591,10.0,0.0,0.0,0.0,,10.0,
New York Stock Exchange,NYSE Data Center,Self-build,Self-build Financial/Institutional,New Jersey,NJ,Bergen County,Mahwah,41.078508773,-74.152963734,10.0,0.0,0.0,0.0,,10.0,
Citibank,Georgetown DC,Self-build,Self-build Financial/Institutional,Texas,TX,Williamson County,Georgetown,30.602983554,-97.675594712,10.0,0.0,0.0,0.0,,10.0,
Cisco Systems,RCDN9,Self-build,Self-build Network & Telco,Texas,TX,Dallas County,Richardson,32.998184193,-96.677526991,10.0,0.0,0.0,0.0,,10.0,
Digital Realty,PHX10,Colocation,Wholesale,Arizona,AZ,Maricopa County,Phoenix,33.45211,-112.071940478,10.0,0.0,0.0,0.0,,9.0,
Citibank,South West Data Center,Self-build,Self-build Financial/Institutional,Texas,TX,Denton County,Roanoke,33.005922721,-97.245351088,10.0,0.0,0.0,0.0,,10.0,
H5 Data Centers,Silicon Valley Data Center,Colocation,Wholesale,California,CA,Santa Clara County,Sunnyvale,37.372177354,-121.987566002,10.0,0.0,0.0,0.0,,9.33,
Equinix,HO1,Colocation,,Texas,TX,Harris County,Houston,29.935801,-95.364318,10.0,0.0,0.0,0.0,,7.0,1.5
Centersquare,IAD4,Colocation,Retail,Virginia,VA,Loudoun County,Ashburn,39.021860278,-77.453250743,10.0,0.0,0.0,0.0,,10.0,
DataBank,DataBank IAD1,Colocation,Retail,Virginia,VA,Loudoun County,Ashburn,39.015949,-77.481883,9.9,0.0,0.0,0.0,,9.9,
Cologix,SV1,Colocation,Retail,California,CA,Santa Clara County,Santa Clara,37.365562649,-121.96175936,3.0,0.0,0.0,17.0,,2.87,1.3
Equinix,NY11,Colocation,Wholesale,New Jersey,NJ,Middlesex County,Carteret,40.584363,-74.243551,9.8,0.0,0.0,0.0,,8.3,
Switch,The Pyramid Campus - Grand Rapids 1,Colocation,Wholesale,Michigan,MI,Kent County,Gaines Charter Township,42.852057,-85.560092,7.0,0.0,3.49,0.0,,6.44,
Equinix,LA7,Colocation,Retail,California,CA,Los Angeles County,Torrance,33.850815,-118.304087,9.7,0.0,0.0,0.0,,9.64,
Markley,One Summer Street,Colocation,Retail,Massachusetts,MA,Suffolk County,Boston,42.354504,-71.059692,9.7,0.0,0.0,0.0,,9.6,
Digital Realty,VA4,Colocation,Wholesale,Virginia,VA,Prince William County,Bristow,38.777573356,-77.595758928,9.6,0.0,0.0,0.0,,0.0,
IBM,Durham,Self-build,Self-build Other,North Carolina,NC,Durham County,,35.9162083,-78.855218415,6.0,0.0,0.0,9.0,,6.0,
Digital Realty,2401 & 2403 Walsh Avenue,Colocation,Wholesale,California,CA,Santa Clara County,Santa Clara,37.37156,-121.96988,9.6,0.0,0.0,0.0,,9.6,
CyrusOne,CIN4 (Hamilton),Colocation,Retail,Ohio,OH,Butler County,Hamilton,39.384847928,-84.566564225,9.5,0.0,0.0,0.0,,8.999,
365 Data Centers,Carlstadt Data Center,Colocation,Retail,New Jersey,NJ,Bergen County,Carlstadt,40.829344191,-74.049365204,9.5,0.0,0.0,0.0,,8.8,
CoreSite,VA1,Colocation,Retail,Virginia,VA,Fairfax County,Reston,38.950837771,-77.364564002,9.5,0.0,0.0,0.0,,9.48,
Element Critical,Austin One,Colocation,Retail,Texas,TX,Travis County,Austin,30.342828917,-97.696375914,7.0,0.0,0.0,6.0,,5.2,
Digital Realty,2805 Lafayette Street,Colocation,Wholesale,California,CA,Santa Clara County,Santa Clara,37.372226,-121.948237,9.3,0.0,0.0,0.0,,9.3,
Centersquare,ATL1,Colocation,Wholesale,Georgia,GA,Douglas County,Lithia Springs,33.74424915,-84.581222629,6.4,0.0,3.6,0.0,,4.7,
Edged,DSM01-1,Colocation,Wholesale,Iowa,IA,Polk County,Ankeny,41.65745132,-93.563093818,0.0,6.6,0.0,6.6,,0.0,
CyrusOne,CIN6,Colocation,Retail,Kentucky,KY,Boone County,Florence,38.981305,-84.618868,4.0,0.0,6.5,0.0,,8.41,
Digital Realty,ATL13,Colocation,Retail,Georgia,GA,Fulton County,Atlanta,33.755464967,-84.391542832,7.5,0.0,2.0,0.0,,9.4,
Digital Realty,365 Main Street,Colocation,Wholesale,California,CA,,San Francisco,37.789210492,-122.390456364,9.1,0.0,0.0,0.0,,8.27,
Prime Data Centers,1111 Comstock,Colocation,Wholesale,California,CA,Santa Clara County,Santa Clara,37.375254466,-121.953077273,9.0,0.0,0.0,0.0,,9.0,1.25
DC Blox,"Greenville, SC",Colocation,Retail,South Carolina,SC,Greenville County,Greenville,34.806892977,-82.345998671,3.0,0.0,0.0,15.0,,0.9,
DataBank,(MSP3) Brooklyn Park,Colocation,Retail,Minnesota,MN,Hennepin County,Brooklyn Park,45.143845313,-93.386314871,9.0,0.0,0.0,0.0,,0.75,
Equinix,DC12,Colocation,Retail,Virginia,VA,Loudoun County,Ashburn,39.022755,-77.449989,9.0,0.0,0.0,0.0,,8.85,1.3
Flexential,Minneapolis - Chaska,Colocation,Retail,Minnesota,MN,Carver County,Chaska,44.851632954,-93.598617211,9.0,0.0,0.0,0.0,,6.4,1.4
DataBank,HOU2,Colocation,Retail,Texas,TX,Harris County,Houston,29.844350285,-95.556737678,9.0,0.0,0.0,0.0,,7.2,
CyrusOne,San Antonio I,Colocation,Wholesale,Texas,TX,Bexar County,San Antonio,29.466596,-98.688067,9.0,0.0,0.0,0.0,,8.85,
Amazon Web Services,IAD13,Self-build,Self-build Public Cloud,Virginia,VA,Loudoun County,Ashburn,39.005109494,-77.485802531,9.0,0.0,0.0,0.0,,9.0,
GI Partners,43915 Devin Shafron Drive,Colocation,Wholesale,Virginia,VA,Loudoun County,Ashburn,39.00279833,-77.481984887,9.0,0.0,0.0,0.0,,9.0,
Digital Realty,IAD12,Colocation,Wholesale,Virginia,VA,Loudoun County,Ashburn,39.002218932,-77.48346386,9.0,0.0,0.0,0.0,,9.0,
STACK Infrastructure,SVY01A,Colocation,Build-to-suit,California,CA,Santa Clara County,Milpitas,37.402717816,-121.893205544,9.0,0.0,0.0,0.0,,7.5,
TierPoint,JAX,Colocation,Retail,Florida,FL,Duval County,Jacksonville,30.216365481,-81.581942807,3.5,5.5,0.0,0.0,,2.0,
PointOne,NAP of Virginia Beach,Self-build,Self-build Network & Telco,Virginia,VA,City of Virginia Beach,Virginia Beach,36.77669652,-76.009275176,0.0,6.0,3.6,0.0,,9.6,
Adobe,Adobe OR1,Self-build,,Oregon,OR,Washington County,Hillsboro,45.55024875,-122.9314563,8.8,0.0,0.0,0.0,,8.8,
DataBank,(ORD4) Oak Brook,Colocation,Retail,Illinois,IL,DuPage County,Oak Brook,41.853325,-87.920873,8.75,0.0,0.0,0.0,,7.0,
Equinix,SE4,Colocation,,Washington,WA,King County,Kent,47.420846,-122.247309,6.0,0.0,3.4,0.0,,5.185,
DartPoints,Colombus,Colocation,Retail,Indiana,IN,Bartholomew County,Columbus,39.182536301,-85.896863183,2.4,6.25,0.0,0.0,,2.4,
iM Critical,Pittsburgh - iM Critical,Colocation,Wholesale,Pennsylvania,PA,Allegheny County,Pittsburgh,40.433833791,-79.872697867,3.0,0.0,7.0,0.0,,2.0,
Sabey Data Centers,SDC Manhattan,Colocation,Retail,New York,NY,New York County,New York,40.710973,-74.001153,6.105,2.3,0.0,0.0,,5.35,1.34
Digital Realty,DFW35,Colocation,Wholesale,Texas,TX,Dallas County,Richardson,32.96508844,-96.710415312,8.4,0.0,0.0,0.0,,8.4,
CoreSite,MI2,Colocation,Wholesale,Florida,FL,Miami-Dade County,Doral,25.793326246,-80.333523143,4.3,0.0,5.0,0.0,,2.0,
EdgeConneX,POR02,Colocation,Wholesale,Oregon,OR,Washington County,Hillsboro,45.551602764,-122.914458526,8.25,0.0,0.0,0.0,,8.0,
Molina Healthcare,Molina Healthcare Data Center,Colocation,Build-to-suit,New Mexico,NM,Bernalillo County,Albuquerque,34.995489019,-106.617991032,3.6,0.0,0.0,11.4,,3.6,
HydraVault,2538 South Wabash Avenue,Colocation,Wholesale,Illinois,IL,Cook County,Chicago,41.84626834,-87.625700569,0.0,0.0,0.0,20.0,,0.0,1.19
DC Blox,High Point Data Center,Colocation,Retail,North Carolina,NC,Guilford County,Greensboro,36.053517037,-79.952179808,0.0,0.0,10.0,0.0,,0.0,
5C Data Centers,PHX01,Colocation,Retail,Arizona,AZ,Maricopa County,Goodyear,33.415639662,-112.358804792,0.0,0.0,0.0,20.0,,0.0,
Cogent Communications,Austin,Colocation,Retail,Texas,TX,Travis County,Austin,30.209345261,-97.697984054,8.0,0.0,0.0,0.0,,6.0,
Idaho National Laboratory,Collaborative Computing Center,Self-build,,Idaho,ID,Bonneville County,Idaho Falls,43.520714306,-112.052706734,8.0,0.0,0.0,0.0,,8.0,
Flexential,Nashville - Franklin,Colocation,Wholesale,Tennessee,TN,Williamson County,Franklin,35.920581843,-86.815516156,8.0,0.0,0.0,0.0,,3.5,1.75
Amazon Web Services,IAD76,Self-build,Self-build Public Cloud,Virginia,VA,Loudoun County,Sterling,38.993904752,-77.450699017,8.0,0.0,0.0,0.0,,8.0,
State Farm,Project Black Flag,Self-build,Self-build Other,Texas,TX,Collin County,Richardson,32.984392111,-96.698169659,8.0,0.0,0.0,0.0,,8.0,
Prime Data Centers,DFW01-01,Colocation,Retail,Texas,TX,Dallas County,Dallas,32.838078682,-96.878345527,8.0,0.0,0.0,0.0,,7.05,
Amazon Web Services,IAD52,Self-build,Self-build Public Cloud,Virginia,VA,Prince William County,Manassas,38.791157468,-77.547908817,8.0,0.0,0.0,0.0,,8.0,
DataBank,SNA2,Colocation,Retail,California,CA,Orange County,Irvine,33.688060806,-117.842439389,8.0,0.0,0.0,0.0,,7.99,
Amazon Web Services,IAD7,Self-build,Self-build Public Cloud,Virginia,VA,Prince William County,Manassas,38.791430946,-77.538239189,8.0,0.0,0.0,0.0,,8.0,
CoreSite,LA1,Colocation,Retail,California,CA,Los Angeles County,Los Angeles,34.048157,-118.255505,8.0,0.0,0.0,0.0,,8.0,
365 Data Centers,Aurora - CO1,Colocation,Retail,Colorado,CO,Adams County,Aurora,39.762880695,-104.762049628,8.0,0.0,0.0,0.0,,6.6,
Centersquare,IAD1 - 45845 Nokes Boulevard,Colocation,Retail,Virginia,VA,Loudoun County,Sterling,39.024248436,-77.41584863,8.0,0.0,0.0,0.0,,8.0,
JP Morgan,600 Central Boulevard,Self-build,Self-build Financial/Institutional,New Jersey,NJ,Bergen County,Carlstadt,40.82702239,-74.044637184,8.0,0.0,0.0,0.0,,8.0,
STACK Infrastructure,DFW01B,Colocation,Retail,Texas,TX,Collin County,Plano,33.066711551,-96.811508609,4.4,0.0,2.2,4.4,,1.5,1.3
Netrality Data Centers,KC2 - 7801 Nieman,Colocation,Retail,Kansas,KS,Johnson County,Overland Park,38.986503662,-94.712386762,5.0,0.0,0.0,7.0,,0.0,
SBA Edge,JAX,Colocation,Retail,Florida,FL,Duval County,Jacksonville,30.33146258,-81.66238627,3.0,0.0,6.0,0.0,,2.2,
Direct LTx,Direct LTx,Colocation,Retail,Pennsylvania,PA,Berks County,Bern Township,40.381125055,-75.981769389,7.8,0.0,0.0,0.0,,5.8,
Digital Realty,2260 E El Segundo Blvd (LAX12),Colocation,Wholesale,California,CA,Los Angeles County,El Segundo,33.915872111,-118.384789775,7.8,0.0,0.0,0.0,,6.5,
Goldman Sachs,Goldman Sachs Bridgewater,Self-build,Self-build Financial/Institutional,New Jersey,NJ,Somerset County,Bridgewater Township,40.570352471,-74.670036351,7.7,0.0,0.0,0.0,,7.7,
CyrusOne,NYM7,Colocation,Wholesale,New York,NY,Dutchess County,Village of Wappingers Falls,41.599597,-73.882215,3.7,0.0,0.0,10.0,,3.7,
US Signal,Des Moines,Colocation,Retail,Iowa,IA,Dallas County,Waukee,41.620240752,-93.854071704,1.6,6.0,0.0,0.0,,0.8,
Digital Realty,720 2nd Street,Colocation,Retail,California,CA,Alameda County,Oakland,37.799036538,-122.282664636,7.6,0.0,0.0,0.0,,7.09,
Equinix,SV18,Colocation,Retail,California,CA,Santa Clara County,,37.328091937,-121.722721196,0.0,0.0,0.0,18.8,,0.0,
Nautilus Data Technologies,Nautilus Los Angeles,Colocation,Retail,California,CA,Los Angeles County,Los Angeles,33.722607014,-118.273950158,7.5,0.0,0.0,0.0,,6.5,
123NET,123Net Detroit (DC1),Colocation,Retail,Michigan,MI,Oakland County,Southfield,42.471761826,-83.238055871,7.5,0.0,0.0,0.0,,5.25,
Amazon Web Services,IAD11,Self-build,Self-build Public Cloud,Virginia,VA,Prince William County,Manassas,38.790456698,-77.540983302,7.5,0.0,0.0,0.0,,7.5,
Equinix,DC6,Colocation,Retail,Virginia,VA,Loudoun County,Ashburn,39.014978,-77.458727,7.5,0.0,0.0,0.0,,7.4,
Cologix,JAX2,Colocation,Wholesale,Florida,FL,Duval County,Jacksonville,30.273239759,-81.613844589,7.5,0.0,0.0,0.0,,7.12,1.6
Equinix,LA3,Colocation,Wholesale,California,CA,Los Angeles County,El Segundo,33.926033,-118.394091,7.5,0.0,0.0,0.0,,7.5,
Centersquare,IAD1 - 45901 Nokes Boulevard,Colocation,Retail,Virginia,VA,Loudoun County,Sterling,39.023483906,-77.413293029,7.5,0.0,0.0,0.0,,7.3,
CyrusOne,CHI5,Colocation,Retail,Illinois,IL,DuPage County,Lombard,41.849214095,-88.029471237,1.2,0.0,7.8,0.0,,0.7,
Iron Mountain,AZS-1,Colocation,Wholesale,Arizona,AZ,Maricopa County,Scottsdale,33.64457041,-111.895712176,5.8,0.0,0.0,3.9,,5.8,
Prime Data Centers,Prime 1231 Comstock (SJC03),Colocation,Wholesale,California,CA,Santa Clara County,Santa Clara,37.375153114,-121.9547904,0.0,0.0,9.0,0.0,,4.0,
Applied Digital,Jamestown,Self-build,Self-build Crypto,North Dakota,ND,Stutsman County,Fried,47.026851542,-98.680503859,7.2,0.0,0.0,0.0,,7.2,
Stream Data Centers,DFW V,Colocation,Retail,Texas,TX,Dallas County,Richardson,32.998059464,-96.687392058,7.2,0.0,0.0,0.0,,7.2,
Flexential,Philadelphia - Collegeville,Colocation,Wholesale,Pennsylvania,PA,Montgomery County,Collegeville,40.152205564,-75.477675495,7.2,0.0,0.0,0.0,,6.43,
Amazon Web Services,8 Centennial Drive,Self-build,Self-build Public Cloud,Massachusetts,MA,Worcester County,Grafton,42.251378593,-71.687642155,7.2,0.0,0.0,0.0,,7.2,
Digital Realty,600 West 7th Street,Colocation,Wholesale,California,CA,Los Angeles County,Los Angeles,34.047540798,-118.257532436,7.2,0.0,0.0,0.0,,7.16,
Equinix,DC18,Colocation,Retail,Virginia,VA,Loudoun County,Ashburn,39.025344729,-77.453934049,0.0,0.0,0.0,18.0,,0.0,
TierPoint,Valley Forge (VFO),Colocation,Retail,Pennsylvania,PA,Montgomery County,Norristown,40.121885706,-75.420898017,7.11,0.0,0.0,0.0,,6.41,
Texas A&M University,Rellis Innovation & Tech Campus,Colocation,Retail,Texas,TX,Brazos County,,30.633663724,-96.48636235,0.0,7.0,0.0,0.0,,7.0,
Colovore,SJC02,Colocation,Retail,California,CA,Santa Clara County,Santa Clara,37.377302763,-121.953055813,7.0,0.0,0.0,0.0,,7.0,1.1
EdgeConneX,EDCCHI02,Colocation,Retail,Illinois,IL,Cook County,Elk Grove Village,42.001439622,-87.952617249,7.0,0.0,0.0,0.0,,4.4,
H5 Data Centers,H5 San Antonio,Colocation,Retail,Texas,TX,Bexar County,San Antonio,29.429535109,-98.486856776,7.0,0.0,0.0,0.0,,5.2,
Centeris Data Centers,South Hill SH1,Colocation,Retail,Washington,WA,Pierce County,Puyallup,47.160785,-122.279262,7.0,0.0,0.0,0.0,,7.0,
Visa,Visa Ashburn,Self-build,Self-build Financial/Institutional,Virginia,VA,Loudoun County,Ashburn,39.050370953,-77.445642542,7.0,0.0,0.0,0.0,,7.0,
DataBank,DFW1,Colocation,Retail,Texas,TX,Dallas County,Dallas,32.778343522,-96.798681483,7.0,0.0,0.0,0.0,,6.0,
Hurricane Electric,Hurricane Fremont 2,Colocation,Retail,California,CA,Alameda County,Fremont,37.472009481,-121.920142789,7.0,0.0,0.0,0.0,,6.68,
QTS Datacenters,Santa Clara Data Center,Colocation,Retail,California,CA,Santa Clara County,Santa Clara,37.394046,-121.978247,7.0,0.0,0.0,0.0,,7.0,
Equinix,DC4,Colocation,Retail,Virginia,VA,Loudoun County,Ashburn,39.016659,-77.461571,7.0,0.0,0.0,0.0,,6.8,
Equinix,DC5,Colocation,Retail,Virginia,VA,Loudoun County,Ashburn,39.015951,-77.461336,7.0,0.0,0.0,0.0,,6.9,
Equinix,DC2,Colocation,Retail,Virginia,VA,Loudoun County,Ashburn,39.016354,-77.459045,6.0,1.0,0.0,0.0,,6.5,
Equinix,DC3,Colocation,Retail,Virginia,VA,Loudoun County,Ashburn,39.022019,-77.461005,7.0,0.0,0.0,0.0,,6.8,
Digital Realty,DFW28,Colocation,Wholesale,Texas,TX,Dallas County,Richardson,32.967234,-96.714007,6.9,0.0,0.0,0.0,,6.9,1.3
Digital Realty,IAD14,Colocation,Wholesale,Virginia,VA,Loudoun County,Ashburn,39.003309764,-77.487314722,6.9,0.0,0.0,0.0,,6.4,
DartPoints,"Cincinnati, OH",Colocation,Retail,Ohio,OH,Hamilton County,Cincinnati,39.098242941,-84.517579923,0.6,6.25,0.0,0.0,,0.3,1.5
Amazon Web Services,AWS Portage,Self-build,Self-build Public Cloud,Indiana,IN,Porter County,Portage,41.609739527,-87.169721055,6.8,0.0,0.0,0.0,,6.8,
Equinix,CU4,Colocation,Retail,Virginia,VA,Culpeper County,Culpeper,38.454036601,-77.978732598,6.8,0.0,0.0,0.0,,4.6,1.3
Digital Realty,ORD12,Colocation,Wholesale,Illinois,IL,Cook County,Franklin Park,41.926858272,-87.858635003,6.8,0.0,0.0,0.0,,6.45,
Digital Realty,MIA10,Colocation,Wholesale,Florida,FL,Miami-Dade County,Miami,25.775927,-80.193125,6.8,0.0,0.0,0.0,,5.7,
Data Foundry,Houston 2,Colocation,Retail,Texas,TX,Harris County,Houston,29.945271175,-95.424292159,6.75,0.0,0.0,0.0,,5.9,
Stream Data Centers,SAN ANTONIO II,Colocation,Retail,Texas,TX,Bexar County,San Antonio,29.471913,-98.671766,6.75,0.0,0.0,0.0,,5.95,
Digital Realty,DFW29,Colocation,Wholesale,Texas,TX,Dallas County,Richardson,32.967064,-96.710656,6.75,0.0,0.0,0.0,,6.75,1.3
Digital Realty,DFW16,Colocation,Wholesale,Texas,TX,Dallas County,Richardson,32.966287,-96.715839,6.75,0.0,0.0,0.0,,6.4,1.5
Digital Realty,IAD24,Colocation,Wholesale,Virginia,VA,Loudoun County,Ashburn,39.004512,-77.484014,6.75,0.0,0.0,0.0,,6.55,
Digital Realty,DFW12,Colocation,Wholesale,Texas,TX,Dallas County,Carrollton,32.980078,-96.853805,6.75,0.0,0.0,0.0,,6.5,
Centersquare,DEN1,Colocation,Retail,Colorado,CO,Douglas County,Highlands Ranch,39.55014,-105.03431,6.75,0.0,0.0,0.0,,4.0,
Flexential,Denver - Aurora,Colocation,Retail,Colorado,CO,Arapahoe County,Aurora,39.661227774,-104.849460574,6.75,0.0,0.0,0.0,,3.625,1.4
Aventus Data Centers,AVENTUS LAKES,Colocation,Retail,Wisconsin,WI,Milwaukee County,Milwaukee,43.151388851,-88.00963152,6.741,0.0,0.0,0.0,,0.0,1.3
Equinix,NY7,Colocation,Retail,New Jersey,NJ,Hudson County,North Bergen,40.796753,-74.031204,6.7,0.0,0.0,0.0,,6.4,1.3
Lumen Technologies,85 10th Avenue,Colocation,Retail,New York,NY,New York County,New York,40.743468187,-74.00795366,6.7,0.0,0.0,0.0,,6.6,
DCX USA,GYR1,Colocation,Wholesale,Arizona,AZ,Maricopa County,Goodyear,33.411417801,-112.412098908,3.0,0.0,0.0,9.0,,0.0,
CyrusOne,AUS2,Colocation,Wholesale,Texas,TX,Travis County,Austin,30.205989,-97.698069,5.0,0.0,0.0,4.0,,4.5,1.3
Flexential,Dallas - Downtown,Colocation,Retail,Texas,TX,Dallas County,Dallas,32.800492711,-96.819541829,6.6,0.0,0.0,0.0,,6.6,2.0
National Security Agency,Fort Meade,Self-build,Self-build Public Sector,Maryland,MD,Anne Arundel County,Fort Meade,39.109324875,-76.770838664,6.5,0.0,0.0,0.0,,6.5,
H5 Data Centers,H5 Denver,Colocation,Wholesale,Colorado,CO,Arapahoe County,Greenwood Village,39.618053,-104.891515,6.5,0.0,0.0,0.0,,4.5,
Equinix,MI6,Colocation,Wholesale,Florida,FL,Miami-Dade County,Doral,25.787681457,-80.354678583,6.5,0.0,0.0,0.0,,5.2,1.3
Equinix,DC13,Colocation,Retail,Virginia,VA,Loudoun County,Ashburn,39.012487854,-77.475638708,6.5,0.0,0.0,0.0,,6.4,1.3
University of Virginia,Fontaine Research Park Data Center,Self-build,Self-build Financial/Institutional,Virginia,VA,Albemarle County,Charlottesville,38.024499382,-78.526217463,0.0,0.0,0.0,16.0,,0.0,
Equinix,DC22,Colocation,Retail,Virginia,VA,Loudoun County,Ashburn,39.014009716,-77.453900085,6.4,0.0,0.0,0.0,,4.2,
Digital Realty,1100 Space Park Drive,Colocation,Wholesale,California,CA,Santa Clara County,Santa Clara,37.375815,-121.953336,6.4,0.0,0.0,0.0,,6.4,
AiNET,AiNET Laurel,Colocation,Retail,Maryland,MD,Prince George's County,Laurel,39.101541655,-76.848039615,4.0,0.0,0.0,6.0,,2.0,
HCA,Nashville Data Center Crossings Center,Self-build,Self-build Other,Tennessee,TN,Davidson County,Antioch,36.032598385,-86.637887552,3.5,0.0,3.5,0.0,,7.0,
ValorC3,Oklahoma City,Colocation,Wholesale,Oklahoma,OK,Oklahoma County,Oklahoma City,35.42492685,-97.599748452,2.5,0.0,0.0,9.5,,2.5,
LightEdge,"Lenexa, KS Cavern",Colocation,Retail,Kansas,KS,Johnson County,Lenexa,38.952291107,-94.789568356,6.242,0.0,0.0,0.0,,0.0,
Nautilus Data Technologies,Stockton 1 Data Center,Colocation,Retail,California,CA,San Joaquin County,Stockton,37.965203305,-121.368420596,3.0,0.0,4.0,0.0,,3.96,
Cologix,LAK1,Colocation,Wholesale,Florida,FL,Polk County,Lakeland,28.079485,-81.974851,1.2,0.0,0.0,12.0,,0.4,1.7
Undisclosed,Apollo,Colocation,Wholesale,Florida,FL,Miami-Dade County,,25.582307802,-80.564830017,0.0,0.0,0.0,15.0,,0.0,
Foundry Digital,North Sioux City,Self-build,Self-build Crypto,South Dakota,SD,Union County,North Sioux City,42.532933477,-96.490838911,6.0,0.0,0.0,0.0,,6.0,
Flexential,Atlanta - Alpharetta,Colocation,Retail,Georgia,GA,Fulton County,Alpharetta,34.086960738,-84.252033926,6.0,0.0,0.0,0.0,,5.0,1.6
Digital Realty,3205 Alfred Street,Colocation,Wholesale,California,CA,Santa Clara County,Santa Clara,37.379188,-121.958154,6.0,0.0,0.0,0.0,,5.9,
DataBank,ATL3 - Atlanta West End,Colocation,Retail,Georgia,GA,Fulton County,Atlanta,33.734337949,-84.426609876,6.0,0.0,0.0,0.0,,6.0,
EdgeConneX,EDCMIA02,Colocation,Wholesale,Florida,FL,Miami-Dade County,Miami,25.945464747,-80.191455857,6.0,0.0,0.0,0.0,,6.0,
365 Data Centers,Commack - LI1,Colocation,Retail,New York,NY,Suffolk County,Commack,40.822776636,-73.291636173,6.0,0.0,0.0,0.0,,5.805,
Amazon Web Services,IAD14,Self-build,Self-build Public Cloud,Virginia,VA,Prince William County,Manassas,38.79010462,-77.547851215,6.0,0.0,0.0,0.0,,6.0,
National Security Agency,Bumblehive,Self-build,Self-build Financial/Institutional,Utah,UT,Utah County,Bluffdale,40.427235436,-111.934645709,6.0,0.0,0.0,0.0,,6.0,
Social Security Administration,National Support Center Social Security Administration,Self-build,Self-build Financial/Institutional,Maryland,MD,Frederick County,Urbana,39.313333836,-77.347731301,6.0,0.0,0.0,0.0,,6.0,
Amazon Web Services,IAD10,Self-build,Self-build Public Cloud,Virginia,VA,Loudoun County,Sterling,39.021309196,-77.432474546,6.0,0.0,0.0,0.0,,6.0,
Evocative,BOS1,Colocation,Retail,Massachusetts,MA,Middlesex County,Somerville,42.377913,-71.080377,6.0,0.0,0.0,0.0,,5.88,0.0
Digital Realty,3011 Lafayette Street,Colocation,Wholesale,California,CA,Santa Clara County,Santa Clara,37.376335,-121.948584,6.0,0.0,0.0,0.0,,5.95,
Bank of America,Bank of America Henrico,Self-build,Self-build Financial/Institutional,Virginia,VA,Henrico County,Lakeside,37.630522501,-77.464610495,6.0,0.0,0.0,0.0,,6.0,
Digital Realty,111 8th Avenue,Colocation,Wholesale,New York,NY,New York County,New York,40.741444,-74.00342,6.0,0.0,0.0,0.0,,5.6,
Fannie Mae,Fannie Mae Data Center,Self-build,Self-build Public Sector,Maryland,MD,Frederick County,Frederick,39.32017145,-77.349598588,6.0,0.0,0.0,0.0,,6.0,
Equinix,LA4,Colocation,Retail,California,CA,Los Angeles County,El Segundo,33.921451,-118.384063,5.0,1.0,0.0,0.0,,4.0,
Verizon,7777 Infantry Ridge Road,Self-build,Self-build Network & Telco,Virginia,VA,Prince William County,Manassas,38.804578545,-77.51188248,6.0,0.0,0.0,0.0,,6.0,
Equinix,SV2,Colocation,Retail,California,CA,Santa Clara County,Santa Clara,37.378304066,-121.955044752,6.0,0.0,0.0,0.0,,6.0,
TierPoint,Dallas,Colocation,Retail,Texas,TX,Dallas County,Dallas,32.80815436,-96.857061175,6.0,0.0,0.0,0.0,,5.0,
Navisite,Andover,Colocation,Retail,Massachusetts,MA,Essex County,North Andover,42.69672374,-71.211247377,6.0,0.0,0.0,0.0,,5.3,
Fibernet,Fibernet SJ1,Colocation,Retail,California,CA,Santa Clara County,San Jose,37.333577478,-121.904658204,6.0,0.0,0.0,0.0,,5.83,
iM Critical,Miami,Colocation,Retail,Florida,FL,Miami-Dade County,Miami,25.848352,-80.195095,6.0,0.0,0.0,0.0,,1.8,1.3
MetLife,MetLife - Rensselaer Tech Park,Self-build,Self-build Financial/Institutional,New York,NY,Rensselaer County,Troy,42.684431081,-73.696623252,6.0,0.0,0.0,0.0,,6.0,
H5 Data Centers,H5 Cincinnati II,Colocation,Wholesale,Ohio,OH,Hamilton County,Cincinnati,39.105750176,-84.536837629,6.0,0.0,0.0,0.0,,4.2,
BluSky AI,BluSky AI,Self-build,Self-build AI,Colorado,CO,Huerfano County,,37.651530931,-104.802139025,0.0,0.0,0.0,15.0,,0.0,
Flexential,Portland - Hillsboro 1,Colocation,Retail,Oregon,OR,Washington County,Hillsboro,45.549810202,-122.89084327,5.95,0.0,0.0,0.0,,5.825,1.4
Digital Realty,2 Peekay Drive,Colocation,Wholesale,New Jersey,NJ,Passaic County,Clifton,40.830537,-74.124468,5.9,0.0,0.0,0.0,,5.7,1.5
Centersquare,TPA,Colocation,Retail,Florida,FL,Hillsborough County,Tampa,27.94532,-82.35119,4.2,0.0,2.1,0.0,,2.53,
Equinix,BO2,Colocation,,Massachusetts,MA,Middlesex County,Billerica,42.550855675,-71.215274761,4.2,0.0,2.0,0.0,,3.01,
OpenColo,OpenColo Santa Clara,Colocation,Retail,California,CA,Santa Clara County,Santa Clara,37.379151608,-121.956259131,4.0,0.0,0.0,4.5,,3.55,
Equinix,NY6,Colocation,Retail,New Jersey,NJ,Hudson County,Secaucus,40.777499,-74.072813,5.8,0.0,0.0,0.0,,5.36,
Equinix,CU2,Colocation,Retail,Virginia,VA,Culpeper County,Culpeper,38.455532111,-77.976243508,5.8,0.0,0.0,0.0,,5.71,
Digital Realty,2820 Northwestern Parkway,Colocation,Wholesale,California,CA,Santa Clara County,Santa Clara,37.372375202,-121.973492095,5.7,0.0,0.0,0.0,,5.7,
DataBank,DFW2,Colocation,Retail,Texas,TX,Dallas County,Richardson,32.966324088,-96.711174552,5.7,0.0,0.0,0.0,,5.7,
T5 Data Centers,T5@Colorado,Colocation,Retail,Colorado,CO,El Paso County,Colorado Springs,38.786160518,-104.788668839,5.6,0.0,0.0,0.0,,5.6,
Evocative,EWR1,Colocation,Retail,New Jersey,NJ,Hudson County,Secaucus,40.787432,-74.068238,5.6,0.0,0.0,0.0,,3.8,
IronGate,Twin Cities East,Colocation,Retail,Minnesota,MN,Washington County,Woodbury,44.946490022,-92.95301089,4.0,0.0,2.0,0.0,,2.25,
Centersquare,SFO3,Colocation,Wholesale,California,CA,Santa Clara County,Sunnyvale,37.372183075,-121.985950609,5.6,0.0,0.0,0.0,,5.6,
Amazon Web Services,IAD71,Self-build,Self-build Public Cloud,Virginia,VA,Loudoun County,Ashburn,39.028165269,-77.456579131,5.5,0.0,0.0,0.0,,5.5,
EdgeConneX,EDCSEA01,Colocation,Wholesale,Washington,WA,King County,Tukwila,47.498226,-122.289497,5.5,0.0,0.0,0.0,,4.92,
Equinix,SV4,Colocation,Retail,California,CA,Santa Clara County,Sunnyvale,37.414805,-122.014496,5.5,0.0,0.0,0.0,,5.5,
TierPoint,Marlborough (MRL),Colocation,Retail,Massachusetts,MA,Middlesex County,Marlborough,42.313040941,-71.578967421,5.5,0.0,0.0,0.0,,4.7,
Rackspace,SJC2,Colocation,Retail,California,CA,Santa Clara County,San Jose,37.333652727,-121.888159442,5.4,0.0,0.0,0.0,,4.84,
EdgeConneX,EDCPHX01,Colocation,Wholesale,Arizona,AZ,Maricopa County,Tempe,33.39558,-111.97011,4.5,0.0,0.0,2.0,,3.0,
DataBank,HOU5,Colocation,Retail,Texas,TX,Harris County,Houston,29.728117,-95.445098,5.25,0.0,0.0,0.0,,4.25,1.3
CSX Corporation,ColoCSX,Colocation,Retail,Florida,FL,Duval County,Jacksonville,30.261352435,-81.601106502,2.0,0.0,4.0,0.0,,2.0,
Equinix,SV1,Colocation,Retail,California,CA,Santa Clara County,San Jose,37.241747037,-121.783506189,5.1,0.0,0.0,0.0,,5.1,
1623 Farnam,Omaha Carrier Hotel,Colocation,Retail,Nebraska,NE,Douglas County,Omaha,41.2574393,-95.938198549,5.1,0.0,0.0,0.0,,2.25,
ServerFarm,TiTAN Moses Lake,Colocation,Wholesale,Washington,WA,Grant County,Moses Lake,47.18149,-119.3215,5.04,0.0,0.0,0.0,,4.94,1.25
Oppidan Investment Company,Oppidan Eagan,Colocation,Build-to-suit,Minnesota,MN,Dakota County,Eagan,44.827430108,-93.108364336,0.0,5.0,0.0,0.0,,0.0,
TierPoint,Fort Worth Data Center,Colocation,Wholesale,Texas,TX,Tarrant County,Fort Worth,32.97979177,-97.25227341,5.0,0.0,0.0,0.0,,4.0,
Salcido,Pangborn,Self-build,Self-build Crypto,Washington,WA,Douglas County,East Wenatchee,47.391817134,-120.217558917,5.0,0.0,0.0,0.0,,5.0,
Provision Data Services,Live Oak Street,Colocation,Retail,Texas,TX,Dallas County,Dallas,32.783700769,-96.794691312,5.0,0.0,0.0,0.0,,4.0,
Verizon,Verizon HQ Office NE,Self-build,Self-build Network & Telco,New Jersey,NJ,Somerset County,Branchburg Township,40.555820454,-74.705491792,5.0,0.0,0.0,0.0,,5.0,
DataBank,(MSP2) East Twin Cities,Colocation,Retail,Minnesota,MN,Dakota County,Eagan,44.838641768,-93.146001023,5.0,0.0,0.0,0.0,,4.74,
Amazon Web Services,IAD15,Self-build,Self-build Public Cloud,Virginia,VA,Loudoun County,Sterling,38.991743382,-77.448038714,5.0,0.0,0.0,0.0,,5.0,
BP,Center for High-Performance Computing,Self-build,Self-build Financial/Institutional,Texas,TX,Harris County,Houston,29.784017186,-95.628587815,5.0,0.0,0.0,0.0,,5.0,
Bluebird Network,BlueBird Quad Cities,Colocation,Retail,Iowa,IA,Scott County,Bettendorf,41.550325451,-90.482499535,5.0,0.0,0.0,0.0,,2.5,1.3
Amazon Web Services,Smith Switch Road Campus,Self-build,Self-build Public Cloud,Virginia,VA,Loudoun County,Ashburn,39.028768502,-77.458544602,5.0,0.0,0.0,0.0,,5.0,
Morgan Stanley,Morgan Stanley Somerset,Self-build,Self-build Financial/Institutional,New Jersey,NJ,Somerset County,Franklin Township,40.539774965,-74.542192304,5.0,0.0,0.0,0.0,,5.0,
Flexential,Deer Valley Data Center,Colocation,Retail,Arizona,AZ,Maricopa County,Phoenix,33.684676157,-112.098291961,5.0,0.0,0.0,0.0,,4.0,1.6
QTS Datacenters,Sacramento Data Center,Colocation,Retail,California,CA,Sacramento County,,38.646332,-121.486212,5.0,0.0,0.0,0.0,,5.0,
AT&T,Alpharetta,Self-build,Self-build Network & Telco,Georgia,GA,Fulton County,Alpharetta,34.082349702,-84.267700197,5.0,0.0,0.0,0.0,,5.0,
Equinix,DC14,Colocation,Retail,Virginia,VA,Prince William County,Manassas,38.803493,-77.51061,5.0,0.0,0.0,0.0,,4.8,1.5
Bluebird Network,Bluebird Underground,Colocation,Retail,Missouri,MO,Greene County,Springfield,37.232119,-93.213946,5.0,0.0,0.0,0.0,,2.5,
H5 Data Centers,H5 San Jose,Colocation,Wholesale,California,CA,Santa Clara County,San Jose,37.399967,-121.895314,5.0,0.0,0.0,0.0,,5.0,
CENTRA,701 East Trade ST,Colocation,Retail,North Carolina,NC,Mecklenburg County,Charlotte,35.222268975,-80.836522568,5.0,0.0,0.0,0.0,,2.0,
Verizon,Verizon Beltsville,Self-build,Self-build Network & Telco,Maryland,MD,Prince George's County,Beltsville,39.062606641,-76.890309709,5.0,0.0,0.0,0.0,,5.0,
Conscious Data Centers,Concious Data Center Rancho Cordova,Colocation,Retail,California,CA,Sacramento County,Rancho Cordova,38.587043669,-121.282240971,5.0,0.0,0.0,0.0,,4.9,
Mapletree,1001 Windward Concourse,Colocation,Wholesale,Georgia,GA,Fulton County,Alpharetta,34.096818591,-84.236926748,5.0,0.0,0.0,0.0,,2.5,
DataBank,PIT2,Colocation,Retail,Pennsylvania,PA,Allegheny County,Pittsburgh,40.451285997,-80.19013166,5.0,0.0,0.0,0.0,,3.78,
DC Blox,Huntsville 2,Colocation,Build-to-suit,Alabama,AL,Madison County,Huntsville,34.692715022,-86.528554258,0.0,5.0,0.0,0.0,,0.0,
DC Blox,North Augusta,Colocation,Build-to-suit,South Carolina,SC,Aiken County,North Augusta,33.490766251,-81.92499296,0.0,5.0,0.0,0.0,,0.0,
Digital Realty,1500 Space Park Drive,Colocation,Retail,California,CA,Santa Clara County,Santa Clara,37.375808802,-121.955162449,4.9,0.0,0.0,0.0,,4.9,
Netrality Data Centers,St. Louis - 210 North Tucker,Colocation,Retail,Missouri,MO,,St. Louis,38.629338577,-90.197102676,3.9,0.0,1.2,0.0,,2.98,
Radius DC,Nashville I,Colocation,Retail,Tennessee,TN,Davidson County,Nashville,36.222337182,-86.783398558,0.0,0.0,6.0,0.0,,0.0,
Digital Realty,725 E Trade St.,Colocation,Wholesale,North Carolina,NC,Mecklenburg County,Charlotte,35.221809082,-80.836178514,0.0,0.0,0.0,12.0,,0.0,
Expedient,CMH2,Colocation,Retail,Ohio,OH,Franklin County,Dublin,40.091851,-83.143612,4.8,0.0,0.0,0.0,,2.4,
Centersquare,IAD3 - 22995 Wilder Court,Colocation,Retail,Virginia,VA,Loudoun County,Sterling,38.980943881,-77.444160865,4.8,0.0,0.0,0.0,,4.6,
Verizon,Atlanta DC 2,Self-build,Self-build Network & Telco,Georgia,GA,Fulton County,Roswell,34.030388736,-84.290778498,4.7,0.0,0.0,0.0,,4.7,
DataBridge Sites,DataBridge Sites: Silver Spring Data Center,Colocation,Retail,Maryland,MD,Montgomery County,Silver Spring,39.059144518,-76.964423146,4.7,0.0,0.0,0.0,,4.6,
KDDI Telehouse,Telehouse New York Teleport,Colocation,Retail,New York,NY,Richmond County,New York,40.606874,-74.17496,4.7,0.0,0.0,0.0,,2.9,
Aventus Data Centers,Aventus 715,Colocation,Retail,Wisconsin,WI,Wood County,Marshfield,44.632744442,-90.168642961,4.646,0.0,0.0,0.0,,0.0,
Segra,Kannapolis,Colocation,Retail,North Carolina,NC,Cabarrus County,Kannapolis,35.505267333,-80.622843934,3.0,0.0,2.0,0.0,,2.1,
Equinix,SV3,Colocation,Retail,California,CA,Santa Clara County,San Jose,37.388383858,-121.888457202,4.6,0.0,0.0,0.0,,4.6,
Ensono,1501 Opus Place,Self-build,Self-build Systems Integrator/Managed Service Providers,Illinois,IL,DuPage County,Downers Grove,41.827537975,-88.024657618,4.6,0.0,0.0,0.0,,4.6,
Actis,Key Center,Colocation,Build-to-suit,Florida,FL,Miami-Dade County,,25.796175784,-80.379798748,3.2,0.0,0.0,3.495,,2.4,
Digital Realty,3825 NW Aloclek Street,Colocation,Retail,Oregon,OR,Washington County,Hillsboro,45.547728218,-122.89194147,4.5,0.0,0.0,0.0,,4.208,1.3
Cologix,NNJ3,Colocation,Retail,New Jersey,NJ,Morris County,Parsippany-Troy Hills,40.857362986,-74.418740444,4.5,0.0,0.0,0.0,,4.33,
Digital Realty,3105 Alfred Street,Colocation,Wholesale,California,CA,Santa Clara County,Santa Clara,37.378278,-121.958155,4.5,0.0,0.0,0.0,,4.44,
Digital Realty,1525 Comstock Street,Colocation,Wholesale,California,CA,Santa Clara County,Santa Clara,37.375068576,-121.956096257,4.5,0.0,0.0,0.0,,4.44,
Elevance Health,1175 North Main Street,Self-build,Self-build Other,Virginia,VA,City of Harrisonburg,Harrisonburg,38.462181476,-78.856483529,4.5,0.0,0.0,0.0,,4.5,
Lumen Technologies,"New York, NY",Colocation,Retail,New York,NY,New York County,New York,40.741542,-74.003529,4.5,0.0,0.0,0.0,,4.4,
Digital Realty,DFW14,Colocation,Wholesale,Texas,TX,Dallas County,Farmers Branch,32.934102,-96.827926,4.5,0.0,0.0,0.0,,4.5,1.5
Amazon Web Services,600 Friberg Parkway,Self-build,Self-build Public Cloud,Massachusetts,MA,Worcester County,Westborough,42.280864413,-71.579938324,4.5,0.0,0.0,0.0,,4.5,
365 Data Centers,Richardson,Colocation,Retail,Texas,TX,Dallas County,Richardson,32.976163352,-96.707330745,3.25,0.0,0.0,3.0,,3.15,
Expedient,CMH3,Colocation,Retail,Ohio,OH,Delaware County,Lewis Center,40.154754302,-83.014154364,3.0,0.0,0.0,3.5,,3.0,
Expedient,Indianapolis Data Center,Colocation,Retail,Indiana,IN,Hamilton County,Carmel,39.963227212,-86.145308185,4.4,0.0,0.0,0.0,,4.0,
Digital Realty,DFW11,Colocation,Wholesale,Texas,TX,Dallas County,Carrollton,33.021509,-96.844989,4.4,0.0,0.0,0.0,,4.4,1.5
TierPoint,Chicago - Polk,Colocation,Retail,Illinois,IL,Cook County,Chicago,41.871640876,-87.643019031,2.3,0.0,2.6,0.0,,3.11,
Compass Datacenters,Nashville Data Center,Colocation,Retail,Tennessee,TN,Williamson County,Franklin,35.924435468,-86.855208352,2.4,0.0,0.0,4.8,,2.4,
Digital Realty,AUS11,Colocation,Wholesale,Texas,TX,Travis County,Austin,30.212511495,-97.695702927,4.3,0.0,0.0,0.0,,2.41,1.4
KDDI Telehouse,Telehouse New York Chelsea,Colocation,Retail,New York,NY,New York County,New York,40.743492573,-74.00795366,4.3,0.0,0.0,0.0,,4.203,1.69
365 Data Centers,Alpharetta,Colocation,Retail,Georgia,GA,Fulton County,Alpharetta,34.063408907,-84.272716734,4.3,0.0,0.0,0.0,,0.0,
Flexential,Raleigh,Colocation,Retail,North Carolina,NC,Wake County,Morrisville,35.850406466,-78.829042203,4.3,0.0,0.0,0.0,,4.3,1.4
Netrality Data Centers,Chicago - 717 South Wells,Colocation,Retail,Illinois,IL,Cook County,Chicago,41.872976036,-87.633310366,3.3,0.0,1.2,0.0,,2.5,
Colovore,SJC01,Colocation,Retail,California,CA,Santa Clara County,Santa Clara,37.376800848,-121.953264642,4.2,0.0,0.0,0.0,,3.91,1.1
Expedient,Pittsburgh - North Shore,Colocation,Retail,Pennsylvania,PA,Allegheny County,Pittsburgh,40.451644388,-80.00475846,4.2,0.0,0.0,0.0,,4.13,0.0
Equinix,CU1,Colocation,Retail,Virginia,VA,Culpeper County,Culpeper,38.455985799,-77.977262747,4.2,0.0,0.0,0.0,,4.18,
DataVerge,DataVerge Brooklyn,Colocation,Retail,New York,NY,Kings County,New York,40.657901486,-74.004991117,3.0,0.0,0.0,3.0,,2.0,
Lincoln,4267 Meridian Pkwy,Colocation,Retail,Illinois,IL,Kane County,Aurora,41.772142453,-88.217052595,2.7,0.0,1.8,0.0,,1.35,
Loring LiquidCool Data Center,Aroostook County Data Center,Colocation,,Maine,ME,Aroostook County,Limestone,46.943932348,-67.898882049,0.0,0.0,5.0,0.0,,0.0,
American Tower,Raleigh RA1,Colocation,Retail,North Carolina,NC,Wake County,Raleigh,35.78815419,-78.726566677,4.0,0.0,0.0,0.0,,2.0,
Idaho National Laboratory,Cybercore Integration Center,Self-build,,Idaho,ID,Bonneville County,Idaho Falls,43.519810208,-112.049018915,4.0,0.0,0.0,0.0,,4.0,
Telxius,Virginia Beach CLS Campus,Self-build,Self-build Network & Telco,Virginia,VA,City of Virginia Beach,Virginia Beach,36.777593812,-76.007162263,4.0,0.0,0.0,0.0,,4.0,
Lunavi,Cheyenne Data Centre,Colocation,Retail,Wyoming,WY,Laramie County,Cheyenne,41.12966045,-104.741541332,4.0,0.0,0.0,0.0,,3.56,1.17
LeFrak,111 Town Square Place,Colocation,Retail,New Jersey,NJ,Hudson County,Jersey City,40.726902623,-74.033567354,4.0,0.0,0.0,0.0,,3.1,
NFINIT,San Diego Lightwave,Colocation,Retail,California,CA,San Diego County,San Diego,32.827943945,-117.130110277,4.0,0.0,0.0,0.0,,3.8,
AiNET,AiNET CyberNAP,Colocation,Retail,Maryland,MD,Anne Arundel County,Glen Burnie,39.14029302,-76.606484533,4.0,0.0,0.0,0.0,,0.5,
Fortress,Fortress SF1,Colocation,Retail,California,CA,,San Francisco,37.782632034,-122.391864362,4.0,0.0,0.0,0.0,,3.88,
Equinix,SV15,Colocation,Retail,California,CA,Santa Clara County,Santa Clara,37.374942,-121.988311,4.0,0.0,0.0,0.0,,3.81,
Digital Realty,100 Delawanna Ave,Colocation,Wholesale,New Jersey,NJ,Passaic County,Clifton,40.829923,-74.126795,4.0,0.0,0.0,0.0,,3.8,
Amazon Web Services,IAD9,Self-build,Self-build Public Cloud,Virginia,VA,Fairfax County,Chantilly,38.899794574,-77.453229172,4.0,0.0,0.0,0.0,,4.0,
365 Data Centers,Smyrna,Colocation,Retail,Georgia,GA,Cobb County,Smyrna,33.840991198,-84.52243098,4.0,0.0,0.0,0.0,,1.0,
Lifeline Data Centers,Eastgate,Colocation,Retail,Indiana,IN,Marion County,Indianapolis,39.775866069,-86.042910933,4.0,0.0,0.0,0.0,,3.85,
Fidelity Investments,Morrisville,Self-build,Self-build Financial/Institutional,North Carolina,NC,Wake County,Morrisville,35.866699517,-78.886439591,4.0,0.0,0.0,0.0,,4.0,
DataBank,ATL2 - Atlanta West End,Colocation,Retail,Georgia,GA,Fulton County,Atlanta,33.733883943,-84.425740488,4.0,0.0,0.0,0.0,,4.0,
CyrusOne,NYM10,Colocation,Wholesale,Connecticut,CT,Western Connecticut Planning Region,Stamford,41.084055792,-73.518051099,4.0,0.0,0.0,0.0,,3.4,
Equinix,AT4,Colocation,Retail,Georgia,GA,Cobb County,Atlanta,33.89542,-84.453639,4.0,0.0,0.0,0.0,,3.0,1.3
Comcast,1354 Boot Road,Self-build,Self-build Network & Telco,Pennsylvania,PA,Chester County,West Chester,39.998650937,-75.574069033,4.0,0.0,0.0,0.0,,4.0,
Merrill Lynch,Merrill Lynch Data Center,Self-build,Self-build Financial/Institutional,New York,NY,,New York,40.607365728,-74.172962934,4.0,0.0,0.0,0.0,,4.0,
"Management Science Associates, Inc.",RockPointe,Colocation,Retail,Pennsylvania,PA,Allegheny County,West Deer Township,40.601607286,-79.819547715,4.0,0.0,0.0,0.0,,3.8,
Centersquare,CMH1 - Cyxtera,Colocation,Retail,Ohio,OH,Delaware County,Lewis Center,40.16884,-83.01079,4.0,0.0,0.0,0.0,,2.298,
Centersquare,SEA3,Colocation,,Washington,WA,Snohomish County,Lynnwood,47.841898,-122.30163,4.0,0.0,0.0,0.0,,3.98,
Element Critical,Chicago I,Colocation,Retail,Illinois,IL,DuPage County,Wood Dale,41.975802348,-87.964762899,4.0,0.0,0.0,0.0,,2.68,
DataBank,DFW4,Colocation,Retail,Texas,TX,Dallas County,Dallas,32.821684159,-96.873466209,4.0,0.0,0.0,0.0,,4.0,
Lumen Technologies,4021 Rose Lake Dr,Colocation,Retail,North Carolina,NC,Mecklenburg County,Charlotte,35.17873837,-80.928128829,4.0,0.0,0.0,0.0,,3.2,
CoreSite,SV1,Colocation,Retail,California,CA,Santa Clara County,San Jose,37.334185,-121.891637,4.0,0.0,0.0,0.0,,4.0,
Axela Noble Group,1309 Noble Street,Colocation,Wholesale,Pennsylvania,PA,Philadelphia County,Philadelphia,39.96074637,-75.160425785,4.0,0.0,0.0,0.0,,3.95,
11:11 Systems,777 Data Centre and Workplace Recovery Center,Colocation,Retail,New Jersey,NJ,Bergen County,Carlstadt,40.828249406,-74.04351771,4.0,0.0,0.0,0.0,,3.77,
AiNET,AiNET Beltsville,Colocation,Retail,Maryland,MD,Prince George's County,Beltsville,39.05295352,-76.92572177,4.0,0.0,0.0,0.0,,2.0,
Atos,Arlington,Colocation,Build-to-suit,Texas,TX,Tarrant County,Arlington,32.666926,-97.154754,4.0,0.0,0.0,0.0,,4.0,
Scott Data Center,Omaha Data Centre,Colocation,Retail,Nebraska,NE,Douglas County,Omaha,41.24282,-96.016458,3.96,0.0,0.0,0.0,,3.139,
Centersquare,SEA2,Colocation,Retail,Washington,WA,King County,Tukwila,47.44107,-122.256,3.94,0.0,0.0,0.0,,3.936,
EdgeConneX,EDCBOS01,Colocation,Wholesale,Massachusetts,MA,Middlesex County,Billerica,42.52855,-71.249532,1.5,0.0,3.0,0.0,,1.49,
Iron Mountain,KCM-1,Colocation,Retail,Missouri,MO,Jackson County,Kansas City,39.010166223,-94.504209076,3.9,0.0,0.0,0.0,,1.95,1.2
Equinix,DE2,Colocation,Retail,Colorado,CO,Douglas County,Englewood,39.560278,-104.857582,3.6,0.0,0.0,0.6,,1.5,1.5
Charter Communications,8730 Green Ridge Dr,Self-build,Self-build Network & Telco,North Carolina,NC,Mecklenburg County,Charlotte,35.142873151,-80.916281537,3.0,0.0,1.0,0.0,,4.0,
Flexential,Cincinnati,Colocation,Retail,Ohio,OH,Butler County,Hamilton,39.315882178,-84.449636522,3.8,0.0,0.0,0.0,,1.9,1.6
CoreSite,SV2,Colocation,Retail,California,CA,Santa Clara County,Milpitas,37.405622,-121.916247,3.8,0.0,0.0,0.0,,3.58,
Equinix,DC7,Colocation,Retail,Virginia,VA,Fairfax County,Tysons,38.908598,-77.220554,3.8,0.0,0.0,0.0,,3.78,1.5
OneNeck IT Solutions,Minneapolis,Colocation,Retail,Minnesota,MN,Hennepin County,Eden Prairie,44.877231561,-93.407487124,3.78,0.0,0.0,0.0,,3.42,
Flexential,Dallas - Richardson,Colocation,Retail,Texas,TX,Collin County,Richardson,32.994946356,-96.752280804,3.75,0.0,0.0,0.0,,3.03,1.4
DataBank,IND2,Colocation,Retail,Indiana,IN,Marion County,Indianapolis,39.760103158,-86.170518243,3.75,0.0,0.0,0.0,,3.75,
TierPoint,Raleigh - RTP,Colocation,Retail,North Carolina,NC,Durham County,Durham,35.896755113,-78.878658413,3.7,0.0,0.0,0.0,,3.0,
Equinix,CU3,Colocation,,Virginia,VA,Culpeper County,Culpeper,38.455588,-77.976292,3.7,0.0,0.0,0.0,,3.6,
EdgeConneX,POR01,Colocation,Wholesale,Oregon,OR,Washington County,Hillsboro,45.551723953,-122.915298596,3.65,0.0,0.0,0.0,,3.48,
Data Holdings,Milwaukee,Colocation,Retail,Wisconsin,WI,Milwaukee County,Milwaukee,43.043699,-87.953959,1.4,0.0,2.8,0.0,,0.7,1.28
Stream Data Centers,Minneapolis II,Colocation,Build-to-suit,Minnesota,MN,Carver County,Chaska,44.80719339,-93.636903011,3.6,0.0,0.0,0.0,,3.6,
LightEdge,Des Moines II,Colocation,Retail,Iowa,IA,Polk County,Altoona,41.666887371,-93.456040309,2.0,0.0,2.0,0.0,,1.0,
Iron Mountain,BOS-1,Colocation,Retail,Massachusetts,MA,Worcester County,Northborough,42.340468,-71.639929,3.6,0.0,0.0,0.0,,2.0,
LightEdge,Minneapolis I,Colocation,Retail,Minnesota,MN,Carver County,Chaska,44.808358,-93.637397,3.6,0.0,0.0,0.0,,2.81,
Digital Realty,DFW25,Colocation,Wholesale,Texas,TX,Dallas County,Richardson,32.964856,-96.715848,3.6,0.0,0.0,0.0,,3.6,
Centersquare,DEN2,Colocation,,Colorado,CO,Douglas County,Englewood,39.56094,-104.83068,3.6,0.0,0.0,0.0,,1.5,
Centersquare,EWR1,Colocation,Retail,New Jersey,NJ,Hudson County,Jersey City,40.719295129,-74.033294243,3.6,0.0,0.0,0.0,,3.6,
EdgeConneX,HOU01,Colocation,Retail,Texas,TX,Harris County,Katy,29.794696,-95.745387,0.9,0.0,0.0,6.65,,0.87,
DataBank,LAS1,Colocation,Retail,Nevada,NV,Clark County,Las Vegas,36.059659407,-115.146814924,3.55,0.0,0.0,0.0,,3.55,
EdgeConneX,EDCDET01,Colocation,Retail,Michigan,MI,Oakland County,Southfield,42.447656,-83.262921,1.3,0.0,2.8,0.0,,1.3,
CyrusOne,CIN3 (Mason),Colocation,Retail,Ohio,OH,Warren County,Deerfield,39.303856307,-84.311192261,1.7,0.0,2.3,0.0,,1.7,
Advance2000,155 Pineview Drive,Self-build,Self-build Systems Integrator/Managed Service Providers,New York,NY,Erie County,Buffalo,43.028781135,-78.802534588,3.5,0.0,0.0,0.0,,3.5,
H5 Data Centers,H5 Philadelphia,Colocation,Retail,Pennsylvania,PA,Philadelphia County,Philadelphia,39.962516257,-75.164050119,1.5,2.0,0.0,0.0,,3.4,
Amazon Web Services,IAD56,Self-build,Self-build Public Cloud,Virginia,VA,Loudoun County,,38.990817433,-77.437452075,3.5,0.0,0.0,0.0,,3.5,
Fidelity Investments,Papillion,Self-build,Self-build Financial/Institutional,Nebraska,NE,Sarpy County,Papillion,41.165550106,-96.083591471,3.5,0.0,0.0,0.0,,3.5,
Amazon Web Services,IAD16,Self-build,Self-build Public Cloud,Virginia,VA,Loudoun County,Sterling,38.990690094,-77.448814883,3.5,0.0,0.0,0.0,,3.5,
TierPoint,Tierpoint Lenexa,Colocation,Retail,Kansas,KS,Johnson County,Lenexa,38.941044928,-94.754991971,2.5,0.0,0.0,2.5,,1.9,1.57
Blue Cross and Blue Shield of Alabama,Data Center,Self-build,Self-build Financial/Institutional,Alabama,AL,Jefferson County,Birmingham,33.43155196,-86.883948771,3.5,0.0,0.0,0.0,,3.5,
Microsoft,Canyon Park Business Center,Self-build,Self-build Public Cloud,Washington,WA,Snohomish County,Bothell,47.79456046,-122.196703428,3.5,0.0,0.0,0.0,,3.5,
TierPoint,HWT,Colocation,Retail,New York,NY,Westchester County,Town of Mount Pleasant,41.088374503,-73.815336773,3.5,0.0,0.0,0.0,,3.35,
Lumen Technologies,Dallas 1,Colocation,Retail,Texas,TX,Dallas County,Dallas,32.80741146,-96.868501713,3.5,0.0,0.0,0.0,,3.5,
Equinix,NY9,Colocation,Retail,New York,NY,New York County,New York,40.741463,-74.00341,3.5,0.0,0.0,0.0,,3.35,
EdgeConneX,EDCMSP01,Colocation,Wholesale,Minnesota,MN,Hennepin County,Eden Prairie,44.878805,-93.404197,2.85,0.0,0.0,1.5,,2.6,
Digital Realty,1725 Comstock Street,Colocation,Wholesale,California,CA,Santa Clara County,Santa Clara,37.375009,-121.95816,3.4,0.0,0.0,0.0,,3.35,
LightEdge,Des Moines I,Colocation,Retail,Iowa,IA,Polk County,Altoona,41.667733161,-93.455498347,3.4,0.0,0.0,0.0,,2.38,
Equinix,DA9,Colocation,Retail,Texas,TX,Dallas County,Irving,32.830297,-96.91273,3.4,0.0,0.0,0.0,,3.4,
TierPoint,Raleigh,Colocation,Retail,North Carolina,NC,Wake County,Raleigh,35.854544556,-78.597022442,3.36,0.0,0.0,0.0,,2.7,
Stream Data Centers,Houston I - The Woodlands,Colocation,Retail,Texas,TX,Montgomery County,The Woodlands,30.177775,-95.48628,3.3,0.0,0.0,0.0,,2.2,
Cisco Systems,Research Triangle Park,Self-build,Self-build Network & Telco,North Carolina,NC,Wake County,,35.858718141,-78.875713266,3.3,0.0,0.0,0.0,,3.3,
SBA Edge,SBA Edge - West Chicago,Colocation,Retail,Illinois,IL,DuPage County,West Chicago,41.876012879,-88.249055082,1.8,0.0,1.8,0.0,,1.35,
QTS Datacenters,Ashburn Moran Data Center,Colocation,Wholesale,Virginia,VA,Loudoun County,Ashburn,38.99427,-77.447824,2.0,0.0,1.5,0.0,,1.07,
INAP,Los Angeles Data Center,Colocation,Retail,California,CA,Los Angeles County,Redondo Beach,33.889421451,-118.368711645,3.2,0.0,0.0,0.0,,2.96,
Digital Realty,2055 East Technology Circle,Colocation,Retail,Arizona,AZ,Maricopa County,Tempe,33.34462,-111.899293,3.2,0.0,0.0,0.0,,2.83,
Expedient,Boston,Colocation,Retail,Massachusetts,MA,Middlesex County,Medford,42.405408,-71.075269,3.2,0.0,0.0,0.0,,3.02,
Flexential,Fort Lauderdale,Colocation,Retail,Florida,FL,Broward County,Fort Lauderdale,26.190062051,-80.193243653,3.15,0.0,0.0,0.0,,2.095,1.65
Flexential,Nashville - Cool Springs,Colocation,Retail,Tennessee,TN,Williamson County,Franklin,35.951143011,-86.833245436,3.15,0.0,0.0,0.0,,2.85,1.4
GI Partners,KOMO Plaza West,Colocation,Retail,Washington,WA,King County,Seattle,47.618951002,-122.348421351,3.103,0.0,0.0,0.0,,3.103,
LightEdge,Kansas City,Colocation,Retail,Missouri,MO,Jackson County,Kansas City,39.15928359,-94.471010566,3.1,0.0,0.0,0.0,,2.25,1.5
Mapletree Industrial,"2455 Alft Lane, Elgin",Colocation,Retail,Illinois,IL,Kane County,Elgin,42.074824602,-88.341145722,3.1,0.0,0.0,0.0,,3.1,
OneNeck IT Solutions,Madison,Colocation,Retail,Wisconsin,WI,Dane County,Fitchburg,42.99471415,-89.423222554,3.1,0.0,0.0,0.0,,1.8,
Equinix,DA3,Colocation,Retail,Texas,TX,Dallas County,Dallas,32.801045126,-96.819140638,3.1,0.0,0.0,0.0,,3.1,
Flexential,Louisville - Downtown,Colocation,Retail,Kentucky,KY,Jefferson County,Louisville,38.242485854,-85.733275203,3.09,0.0,0.0,0.0,,2.19,1.5
Expedient,North Mountain,Colocation,Retail,Arizona,AZ,Maricopa County,Phoenix,33.564695475,-112.112776246,2.4,0.0,0.0,1.6,,0.72,
TierPoint,St. Louis - Millpark,Colocation,Retail,Missouri,MO,Saint Louis County,Maryland Heights,38.699918672,-90.410758816,3.0,0.0,0.0,0.0,,3.0,
Lifeline Data Centers,Fort Wayne,Colocation,Retail,Indiana,IN,Allen County,Fort Wayne,41.014257322,-85.110219426,3.0,0.0,0.0,0.0,,2.2,
H5 Data Centers,H5 Albuquerque,Colocation,Retail,New Mexico,NM,Bernalillo County,Albuquerque,35.088689307,-106.652697975,3.0,0.0,0.0,0.0,,3.0,
DataBank,DataBank IAD2,Colocation,Retail,Virginia,VA,Fairfax County,McLean,38.920114099,-77.213702918,3.0,0.0,0.0,0.0,,2.9,
AiNET,One Market Center,Colocation,Wholesale,Maryland,MD,,Baltimore,39.291807989,-76.62008876,3.0,0.0,0.0,0.0,,1.8,
Flexential,Tampa - North,Colocation,Retail,Florida,FL,Hillsborough County,Temple Terrace,28.073857245,-82.368269912,3.0,0.0,0.0,0.0,,1.4,1.75
EdgeConneX,EDCATL01,Colocation,Retail,Georgia,GA,Fulton County,Atlanta,33.729334,-84.420224,3.0,0.0,0.0,0.0,,2.6,
Otava,Indiana Data Centre,Colocation,Retail,Indiana,IN,Marion County,Indianapolis,39.758843564,-86.167731168,3.0,0.0,0.0,0.0,,2.0,
H5 Data Centers,H5 Atlanta,Colocation,Wholesale,Georgia,GA,Fulton County,Atlanta,33.765196454,-84.383742725,3.0,0.0,0.0,0.0,,2.5,
H5 Data Centers,H5 San Luis Obispo,Colocation,Retail,California,CA,San Luis Obispo County,San Luis Obispo,35.255952,-120.640741473,3.0,0.0,0.0,0.0,,3.0,
FirstLight Fiber,FirstLight Brunswick,Colocation,Retail,Maine,ME,Cumberland County,Brunswick,43.895183416,-69.923052161,3.0,0.0,0.0,0.0,,2.25,
EdgeConneX,DEN01,Colocation,Wholesale,Colorado,CO,Douglas County,Englewood,39.560993,-104.827643,3.0,0.0,0.0,0.0,,2.04,
EdgeConneX,EDCSAC01,Colocation,Retail,California,CA,Sacramento County,Rancho Cordova,38.592377,-121.277408,3.0,0.0,0.0,0.0,,2.59,
Amazon Web Services,IAD51,Self-build,Self-build Public Cloud,Virginia,VA,Loudoun County,,38.991548753,-77.436428324,3.0,0.0,0.0,0.0,,3.0,
DataBank,DataBank EWR2,Colocation,Retail,New Jersey,NJ,Middlesex County,Piscataway,40.549438758,-74.458241302,3.0,0.0,0.0,0.0,,2.6,
DataBank,SV1,Colocation,Retail,California,CA,Santa Clara County,Santa Clara,37.407291223,-121.966110997,3.0,0.0,0.0,0.0,,2.91,
Consolidated Communications,Consolidated Communications Manchester,Colocation,Retail,New Hampshire,NH,Hillsborough County,Manchester,42.989055907,-71.463593215,3.0,0.0,0.0,0.0,,2.8,
FIBERTOWN,Bryan Data Center,Colocation,Retail,Texas,TX,Brazos County,Tejas,30.674475456,-96.373673927,3.0,0.0,0.0,0.0,,2.5,
Data Canopy,Newark Data Center,Colocation,Retail,Delaware,DE,New Castle County,Newark,39.612799536,-75.761442466,3.0,0.0,0.0,0.0,,2.8,
QTS Datacenters,Jersey City Data Center,Colocation,Retail,New Jersey,NJ,Hudson County,Jersey City,40.719005,-74.042172,3.0,0.0,0.0,0.0,,3.0,0.0
Netrality Data Centers,Kansas City 1102 Grand,Colocation,Retail,Missouri,MO,Jackson County,Downtown Kansas City,39.100896688,-94.581244167,3.0,0.0,0.0,0.0,,1.5,
Verizon,Atlanta DC 1,Self-build,Self-build Network & Telco,Georgia,GA,Fulton County,Alpharetta,34.031749866,-84.290865042,3.0,0.0,0.0,0.0,,3.0,
Menlo Equities,Portland Data Center,Colocation,Retail,Oregon,OR,Multnomah County,Portland,45.523328275,-122.683658744,3.0,0.0,0.0,0.0,,0.0,
Lumen Technologies,Lumen Tustin,Colocation,Retail,California,CA,Orange County,Tustin,33.716680096,-117.805760085,3.0,0.0,0.0,0.0,,2.95,
Centersquare,PHX1-Mesa,Colocation,Retail,Arizona,AZ,Maricopa County,Mesa,33.421374446,-111.858825834,3.0,0.0,0.0,0.0,,3.0,
QuadraNet,QuadraNet Los Angeles,Colocation,Retail,California,CA,Los Angeles County,Los Angeles,34.048500737,-118.255169333,3.0,0.0,0.0,0.0,,2.97,
Equinix,DA1,Colocation,Retail,Texas,TX,Dallas County,Dallas,32.800486064,-96.819461029,3.0,0.0,0.0,0.0,,3.0,
Colocation America,NYDC1,Colocation,Retail,New York,NY,New York County,New York,40.71793847,-74.008266816,3.0,0.0,0.0,0.0,,2.7,
AT&T,Cambridge,Self-build,Self-build Network & Telco,Massachusetts,MA,Middlesex County,Cambridge,42.367125171,-71.084603414,3.0,0.0,0.0,0.0,,3.0,
VPLS,Orange County Data Centre,Colocation,Retail,California,CA,Orange County,Santa Ana,33.730097166,-117.852162887,3.0,0.0,0.0,0.0,,2.9,
Lumen Technologies,Lumen Sunnyvale,Colocation,Retail,California,CA,Santa Clara County,Sunnyvale,37.373504678,-121.987611887,3.0,0.0,0.0,0.0,,2.93,
CenturyLink,1755-1757 Old Meadow Road,Self-build,Self-build Network & Telco,Virginia,VA,Fairfax County,McLean,38.920054794,-77.211649687,3.0,0.0,0.0,0.0,,3.0,
INAP,INAP Santa Clara,Colocation,Retail,California,CA,Santa Clara County,Santa Clara,37.389689102,-121.962086945,3.0,0.0,0.0,0.0,,3.0,
Cigna Healthcare,9 Griffin Road,Self-build,Self-build Other,Connecticut,CT,Hartford County,Windsor Locks,41.881092775,-72.730792376,3.0,0.0,0.0,0.0,,3.0,
Centersquare,IAD2 - 22810 International Drive,Colocation,Retail,Virginia,VA,Loudoun County,Sterling,38.98442,-77.42378,2.9,0.0,0.0,0.0,,2.9,
Princeton Research Computing,High Performance Computing Research Center,Self-build,Self-build HPC,New Jersey,NJ,Middlesex County,Plainsboro Township,40.346251457,-74.616204619,2.4,0.0,0.6,0.0,,3.0,
Federal Bureau of Investigation,Grey Wolf,Self-build,Self-build Public Sector,Idaho,ID,Bannock County,Pocatello,42.904949428,-112.463902645,2.3,0.0,0.7,0.0,,3.0,
EdgeConneX,EDCDET02,Colocation,Retail,Michigan,MI,Oakland County,Southfield,42.448305358,-83.261408488,0.0,0.0,0.0,7.0,,0.0,
Amazon Web Services,Ezell Drive Campus,Self-build,Self-build Public Cloud,Texas,TX,Dallas County,DeSoto,32.624290196,-96.860109446,0.0,0.0,0.0,7.0,,0.0,
TierPoint,Oklahoma City 2,Colocation,Retail,Oklahoma,OK,Oklahoma County,Oklahoma City,35.513650917,-97.59516366,2.0,0.0,0.0,2.0,,1.0,
Cisco Systems,Cisco Raleigh,Self-build,Self-build Network & Telco,North Carolina,NC,Wake County,Morrisville,35.855331399,-78.86812795,2.8,0.0,0.0,0.0,,2.8,
Global IP Networks,Plano,Colocation,Retail,Texas,TX,Collin County,Plano,33.012442516,-96.683077213,2.8,0.0,0.0,0.0,,2.8,
Aphorio Carter,Tucson,Colocation,Wholesale,Arizona,AZ,Pima County,Tucson,32.173551816,-110.913445459,2.0,0.0,1.0,0.0,,0.0,
Flexential,Flexential Richmond,Colocation,Retail,Virginia,VA,Henrico County,Richmond,37.647211076,-77.438775518,2.8,0.0,0.0,0.0,,2.75,
365 Data Centers,Marlboro - MA1,Colocation,Retail,Massachusetts,MA,Middlesex County,Marlborough,42.352545211,-71.586026715,2.8,0.0,0.0,0.0,,2.763,
Equinix,NY13,Colocation,Retail,New York,NY,Westchester County,Village of Elmsford,41.070774,-73.820053,2.7,0.0,0.0,0.0,,2.5,
Rackspace,NYC2,Colocation,Retail,New Jersey,NJ,Somerset County,Franklin Township,40.540941275,-74.536955731,2.7,0.0,0.0,0.0,,2.6,
Expedient,Garfield Heights 1,Colocation,Retail,Ohio,OH,Cuyahoga County,North Randall,41.428128,-81.574069,2.7,0.0,0.0,0.0,,1.9,
365 Data Centers,Rancho Cordova - Sacramento Facility,Colocation,Retail,California,CA,Sacramento County,Rancho Cordova,38.59635703,-121.272482731,2.7,0.0,0.0,0.0,,2.47,
Equinix,SV8,Colocation,Retail,California,CA,Santa Clara County,Palo Alto,37.445957408,-122.160780116,2.7,0.0,0.0,0.0,,2.7,
Digital Realty,DFW10,Colocation,Wholesale,Texas,TX,Dallas County,Dallas,32.78722,-96.794179,2.7,0.0,0.0,0.0,,2.7,
Radius DC,1500 Champa,Colocation,Retail,Colorado,CO,,Denver,39.745761446,-104.994442217,2.7,0.0,0.0,0.0,,2.7,2.0
Digital Realty,LAX11 Data Center,Colocation,Retail,California,CA,Los Angeles County,El Segundo,33.91768,-118.38625,2.7,0.0,0.0,0.0,,2.7,
DataBank,SNA1,Colocation,Retail,California,CA,Orange County,Irvine,33.690610528,-117.840575702,2.7,0.0,0.0,0.0,,2.7,
NetApp,RTP Data Center,Self-build,Self-build Systems Integrator/Managed Service Providers,North Carolina,NC,Wake County,,35.857413897,-78.885679314,2.6,0.0,0.0,0.0,,2.6,1.2
Equinix,CH7,Colocation,Retail,Illinois,IL,DuPage County,Westmont,41.812689713,-87.973034915,2.6,0.0,0.0,0.0,,2.16,
Digital Realty,731 E Trade Street,Colocation,Wholesale,North Carolina,NC,Mecklenburg County,Charlotte,35.221547053,-80.836002601,2.6,0.0,0.0,0.0,,2.6,
Kyndryl,4499 Fisher Rd,Self-build,,Ohio,OH,Franklin County,Columbus,39.966526825,-83.121164039,2.6,0.0,0.0,0.0,,2.6,
ServaxNet,ServaxNet New Castle,Self-build,Self-build Systems Integrator/Managed Service Providers,Pennsylvania,PA,Lawrence County,New Castle,41.000623354,-80.346875801,2.5,0.0,0.0,0.0,,2.5,
SCATE Ventures,Dallesport,Self-build,Self-build Crypto,Washington,WA,Klickitat County,Dallesport,45.622794206,-121.137535663,2.5,0.0,0.0,0.0,,2.5,
QuadraNet,New Jersey Data Center,Colocation,Retail,New Jersey,NJ,Hudson County,Secaucus,40.786275715,-74.074283331,2.5,0.0,0.0,0.0,,2.405,
EdgeConneX,EDCNAS01,Colocation,Retail,Tennessee,TN,Davidson County,Nashville,36.145044,-86.701861,0.5,0.0,2.5,0.0,,3.0,
TierPoint,Seattle Data Center,Colocation,Retail,Washington,WA,King County,Seattle,47.619064308,-122.348512688,2.5,0.0,0.0,0.0,,2.5,
Segra,CLT2,Colocation,Retail,North Carolina,NC,Mecklenburg County,Charlotte,35.193837199,-80.938437668,2.5,0.0,0.0,0.0,,0.5,
ScaleMatrix,IS-WEST 01,Colocation,Retail,California,CA,San Diego County,San Diego,32.838353319,-117.133131458,2.5,0.0,0.0,0.0,,2.3,
Quasar,Quasar Data Center,Colocation,Retail,Texas,TX,Harris County,Houston,29.760312596,-95.361914396,2.5,0.0,0.0,0.0,,1.5,
Segra,DataChambers Winston-Salem,Colocation,Retail,North Carolina,NC,Forsyth County,Winston-Salem,36.05571,-80.227745421,2.5,0.0,0.0,0.0,,0.2,
Comcast,7059 S Potomac St.,Self-build,Self-build Network & Telco,Colorado,CO,Arapahoe County,Centennial,39.58822908,-104.833090909,2.5,0.0,0.0,0.0,,2.5,
Opti9,Opti9 NY1,Colocation,Retail,New York,NY,Nassau County,Village of Garden City,40.723086336,-73.631618916,2.5,0.0,0.0,0.0,,2.4,
Cologix,NNJ1,Colocation,,New Jersey,NJ,Morris County,Parsippany-Troy Hills,40.840165,-74.460072,2.5,0.0,0.0,0.0,,2.5,1.7
Cologix,NNJ2,Colocation,Retail,New Jersey,NJ,Morris County,Cedar Knolls,40.831948876,-74.44873726,2.5,0.0,0.0,0.0,,2.4,1.25
H5 Data Centers,H5 New Jersey,Colocation,Retail,New Jersey,NJ,Hudson County,Secaucus,40.785442081,-74.074969344,2.5,0.0,0.0,0.0,,2.4,
DRFortress,3375 Koapaka St,Colocation,Retail,Hawaii,HI,Honolulu County,Honolulu,21.33478034,-157.918255956,2.5,0.0,0.0,0.0,,2.12,
Digital Realty,113 North Myers St,Colocation,,North Carolina,NC,Mecklenburg County,Charlotte,35.221847,-80.835548,2.5,0.0,0.0,0.0,,2.25,
1547 Critical Systems Realty,HAII1,Colocation,Retail,Hawaii,HI,Honolulu,Kapolei,21.336932573,-158.090224137,1.0,1.5,0.0,0.0,,2.39,1.3
Evocative,DAL2,Colocation,Wholesale,Texas,TX,Collin County,McKinney,33.172124419,-96.725505058,2.5,0.0,0.0,0.0,,2.5,
Element Critical,Chicago II,Colocation,Retail,Illinois,IL,DuPage County,Wood Dale,41.974228362,-87.967220344,2.5,0.0,0.0,0.0,,2.33,
TierPoint,Andover (AND),Colocation,Retail,Massachusetts,MA,Essex County,Andover,42.685726602,-71.208724719,2.5,0.0,0.0,0.0,,2.4,
Equinix,DA2,Colocation,Retail,Texas,TX,Dallas County,Dallas,32.800636,-96.819161,2.46,0.0,0.0,0.0,,2.35,
Gray Wolf Data Centers,"Bristol, CT",Colocation,Build-to-suit,Connecticut,CT,Naugatuck Valley Planning Region,Bristol,41.669848879,-72.934552215,0.0,0.0,3.0,0.0,,0.0,1.19
Transformyx,Baton Rouge,Colocation,Retail,Louisiana,LA,East Baton Rouge Parish,Baton Rouge,30.387530701,-91.092460222,0.8,0.0,2.0,0.0,,0.7,
Digital Realty,DFW 26,Colocation,Wholesale,Texas,TX,Denton County,Lewisville,33.00255952,-97.005265576,2.4,0.0,0.0,0.0,,0.8,
Quest Technology Management,Quest HABC,Colocation,Retail,California,CA,Placer County,Roseville,38.790951148,-121.317801287,2.4,0.0,0.0,0.0,,0.85,
Novartis,Fort Worth,Self-build,Self-build Other,Texas,TX,Tarrant County,Fort Worth,32.651264054,-97.319776475,2.0,0.0,0.0,1.0,,2.0,
Centersquare,MSP1,Colocation,Retail,Minnesota,MN,Scott County,Shakopee,44.77882,-93.46198,2.4,0.0,0.0,0.0,,2.36,
General Electric,8700 Governors Hill Drive,Self-build,Self-build Other,Ohio,OH,Hamilton County,Montgomery,39.2881085,-84.321268631,2.0,0.0,0.5,0.0,,2.5,
CoreSite,Manhattan (NY1),Colocation,Retail,New York,NY,New York County,New York,40.720196848,-74.004822904,2.4,0.0,0.0,0.0,,2.35,
Centersquare,LAX4,Colocation,Retail,California,CA,Los Angeles County,Hawthorne,33.924441182,-118.320834589,2.4,0.0,0.0,0.0,,2.15,1.6
365 Data Centers,3065 Gold Camp Drive,Colocation,Retail,California,CA,Sacramento County,Rancho Cordova,38.592597957,-121.272071387,2.4,0.0,0.0,0.0,,2.4,
Digital Realty,105 Cabot Street,Colocation,,Massachusetts,MA,Norfolk County,Needham,42.302208,-71.219593,2.3,0.0,0.0,0.0,,1.199,1.5
Digital Realty,SJC15,Colocation,Retail,California,CA,Santa Clara County,Santa Clara,37.374943,-121.954091,2.3,0.0,0.0,0.0,,2.3,
365 Data Centers,"Bridgewater, NJ",Colocation,Retail,New Jersey,NJ,Somerset County,Bridgewater Township,40.581623117,-74.573880602,2.3,0.0,0.0,0.0,,1.78,
Lumen Technologies,Orlando,Colocation,Retail,Florida,FL,Orange County,Orlando,28.615925,-81.388991,2.3,0.0,0.0,0.0,,2.3,
DartPoints,"Baton Rouge, LA2",Colocation,Retail,Louisiana,LA,East Baton Rouge Parish,Baton Rouge,30.453993247,-91.11543399,1.8,0.0,0.6,0.0,,1.8,
TierPoint,Charlotte - Center Park,Colocation,Retail,North Carolina,NC,Mecklenburg County,Charlotte,35.173224685,-80.928096642,2.25,0.0,0.0,0.0,,1.89,
US Signal,Detroit Metro,Colocation,Retail,Michigan,MI,Wayne County,Belleville,42.235569492,-83.443742248,0.5,0.5,0.0,3.0,,0.35,
Enseva,IA1,Colocation,Retail,Iowa,IA,Linn County,Hiawatha,42.056337097,-91.679553004,1.0,0.0,0.0,3.0,,1.0,
Frontier Communications,Frontier Communications Huntington Beach,Self-build,Self-build Network & Telco,California,CA,Orange County,Huntington Beach,33.70747011,-118.000358516,2.2,0.0,0.0,0.0,,2.2,
TierPoint,Bellevue,Colocation,Retail,Nebraska,NE,Sarpy County,Bellevue,41.177032398,-95.924640885,2.165,0.0,0.0,0.0,,1.965,
TierPoint,Baltimore -BWI Data Center,Colocation,Retail,Maryland,MD,Anne Arundel County,Linthicum,39.21352891,-76.683038771,1.3,0.0,1.0,0.0,,1.0,
Digital Realty,JFK13,Colocation,Wholesale,New York,NY,New York County,New York,40.719871,-74.004697,2.1,0.0,0.0,0.0,,1.8,
DartPoints,North Charleston,Colocation,Retail,South Carolina,SC,Charleston County,North Charleston,32.964896323,-80.101225657,1.5,0.0,0.0,1.5,,1.0,
DataBank,IND1,Colocation,Retail,Indiana,IN,Marion County,Indianapolis,39.759366207,-86.172280947,2.1,0.0,0.0,0.0,,1.8,
Digital Fortress,Portland Data Center 1,Colocation,Retail,Oregon,OR,Multnomah County,Portland,45.521343727,-122.681843767,2.1,0.0,0.0,0.0,,2.1,
DataBank,(ORD3) Mount Prospect,Colocation,Retail,Illinois,IL,Cook County,Mount Prospect,42.078344,-87.92335,2.05,0.0,0.0,0.0,,1.5,
ValorC3,Boise,Colocation,Retail,Idaho,ID,Ada County,Boise,43.6079915,-116.310073533,2.003,0.0,0.0,0.0,,2.003,
Edge Centres,EC105,Colocation,Retail,Missouri,MO,,St. Louis,38.630968704,-90.192862037,2.0,0.0,0.0,0.0,,1.0,
Comarch,Data Center,Colocation,Retail,Arizona,AZ,Maricopa County,Mesa,33.355151894,-111.635196609,2.0,0.0,0.0,0.0,,2.0,
DāSTOR,"411 Swedeland Road – King of Prussia, Pennsylvania",Colocation,Retail,Pennsylvania,PA,Montgomery County,Conshohocken,40.075217659,-75.333734022,2.0,0.0,0.0,0.0,,1.92,
US Signal,Indianapolis,Colocation,Retail,Indiana,IN,Marion County,Indianapolis,39.870319839,-86.236883163,2.0,0.0,0.0,0.0,,0.4,
Servpac,MTP Data Center,Colocation,Retail,Hawaii,HI,Honolulu,Mililani Town,21.481022177,-158.019288237,2.0,0.0,0.0,0.0,,1.47,
Ace Host,Tampa Data Center,Self-build,Self-build Systems Integrator/Managed Service Providers,Florida,FL,Hillsborough County,Tampa,27.949109662,-82.456982977,2.0,0.0,0.0,0.0,,2.0,
Charles Schwab,CS Roanoke,Self-build,Self-build Financial/Institutional,Texas,TX,Denton County,Fort Worth,33.004472833,-97.246090606,2.0,0.0,0.0,0.0,,2.0,
American Electric Company,New Albany 2,Self-build,Self-build Other,Ohio,OH,Franklin County,Groveport,39.881069556,-82.881960965,2.0,0.0,0.0,0.0,,2.0,
TierPoint,HW2,Colocation,Retail,New York,NY,Westchester County,Town of Mount Pleasant,41.086631666,-73.817418387,2.0,0.0,0.0,0.0,,1.83,
TierPoint,Dallas - Allen,Colocation,Retail,Texas,TX,Collin County,Allen,33.137944333,-96.657528367,2.0,0.0,0.0,0.0,,2.0,
Switch,The Core Campus  - Las Vegas 12,Colocation,Retail,Nevada,NV,Clark County,Enterprise,36.059143478,-115.213671265,2.0,0.0,0.0,0.0,,2.0,
NASA,Katherine G. Johnson Computational Research Facility,Self-build,Self-build Other,Virginia,VA,City of Hampton,Hampton,37.088361998,-76.378788053,2.0,0.0,0.0,0.0,,2.0,
DC Blox,Chattanooga,Colocation,Retail,Tennessee,TN,Hamilton County,Chattanooga,35.031634,-85.297262,1.0,0.0,0.0,2.5,,0.1,
ark Data Centers,Independence,Colocation,Retail,Ohio,OH,Cuyahoga County,Independence,41.361221428,-81.632601041,2.0,0.0,0.0,0.0,,1.0,
365 Data Centers,Boca Raton,Colocation,Retail,Florida,FL,Palm Beach County,Boca Raton,26.38180754,-80.083963334,2.0,0.0,0.0,0.0,,1.68,
Lumen Technologies,300 Bent St,Self-build,Self-build Network & Telco,Massachusetts,MA,Middlesex County,Cambridge,42.367495892,-71.086555617,2.0,0.0,0.0,0.0,,2.0,
DataBank,(ORD2) Canal Street,Colocation,Retail,Illinois,IL,Cook County,Chicago,41.87095,-87.640078,2.0,0.0,0.0,0.0,,1.3,
US Signal,CO01,Colocation,Retail,Colorado,CO,Douglas County,Englewood,39.559137981,-104.833591842,2.0,0.0,0.0,0.0,,1.6,
Mapletree Industrial,1400 Cross Beam Dr Charlotte,Self-build,Self-build Systems Integrator/Managed Service Providers,North Carolina,NC,Mecklenburg County,Charlotte,35.180129504,-80.922663218,2.0,0.0,0.0,0.0,,2.0,
"Management Science Associates, Inc.",Evergreen Heights,Colocation,Retail,Pennsylvania,PA,Allegheny County,Pittsburgh,40.518711832,-80.015131012,2.0,0.0,0.0,0.0,,1.85,
Centersquare,ABQ1,Colocation,Retail,New Mexico,NM,Bernalillo County,Albuquerque,35.08593,-106.65188,2.0,0.0,0.0,0.0,,0.9,
ark Data Centers,Tucson,Colocation,Retail,Arizona,AZ,Pima County,Tucson,32.172302242,-110.954445097,2.0,0.0,0.0,0.0,,2.0,
Equinix,MI3,Colocation,Retail,Florida,FL,Palm Beach County,Boca Raton,26.388138101,-80.109053358,2.0,0.0,0.0,0.0,,1.6,
DataBank,Databank MCI2,Colocation,Retail,Kansas,KS,Johnson County,Overland Park,38.975338805,-94.708926764,2.0,0.0,0.0,0.0,,1.65,
DartPoints,Asheville,Colocation,Retail,North Carolina,NC,Buncombe County,Asheville,35.488116928,-82.558057811,2.0,0.0,0.0,0.0,,1.6,
TierPoint,St. Louis - Olive,Colocation,Retail,Missouri,MO,,St. Louis,38.629699738,-90.196258982,2.0,0.0,0.0,0.0,,1.0,
American Express,IPC2 Data Center,Self-build,Self-build Financial/Institutional,North Carolina,NC,Guilford County,Whitsett,36.047786803,-79.607690488,2.0,0.0,0.0,0.0,,2.0,
TierPoint,Midlands Data Center,Colocation,Retail,Nebraska,NE,Sarpy County,Papillion,41.134642162,-96.039179338,2.0,0.0,0.0,0.0,,1.768,
QTS Datacenters,Miami Data Center,Colocation,Retail,Florida,FL,Miami-Dade County,,25.791457,-80.379555,2.0,0.0,0.0,0.0,,2.0,
Northern Trust,Technology Parkway,Self-build,Self-build Financial/Institutional,Illinois,IL,Ogle County,Rochelle,41.942011051,-89.032172375,2.0,0.0,0.0,0.0,,2.0,
Expedient,Garfield Heights 2,Colocation,Retail,Ohio,OH,Cuyahoga County,North Randall,41.429367,-81.574095,2.0,0.0,0.0,0.0,,1.2,
Allstate Insurance Company,"Rochelle, IL",Self-build,Self-build Financial/Institutional,Illinois,IL,Ogle County,Rochelle,41.944361123,-89.032948765,2.0,0.0,0.0,0.0,,2.0,
Alchemy,Alchemy Irvine,Colocation,Retail,California,CA,Orange County,Irvine,33.681320785,-117.84187926,2.0,0.0,0.0,0.0,,1.89,
Valero Energy,Valero Energy  Data Center,Self-build,Self-build Other,Texas,TX,Bexar County,San Antonio,29.474451488,-98.680102493,2.0,0.0,0.0,0.0,,2.0,
FirstLight Fiber,FirstLight Tech Park,Colocation,Retail,New York,NY,Seneca County,Town of Varick,42.788070586,-76.878570833,2.0,0.0,0.0,0.0,,1.9,
Verizon,Verizon - Rensselaer Tech Park,Self-build,Self-build Network & Telco,New York,NY,Rensselaer County,Troy,42.678480993,-73.696920282,2.0,0.0,0.0,0.0,,2.0,
CENTRA,340 Cumberland Content Hotel,Colocation,Wholesale,Maine,ME,Cumberland County,Portland,43.657878264,-70.2612024,2.0,0.0,0.0,0.0,,1.85,
Volico,FLL1,Colocation,Retail,Florida,FL,Broward County,Leisureville,26.289857619,-80.130079818,2.0,0.0,0.0,0.0,,1.0,
DāSTOR,"3 Boulden Circle – New Castle, DE",Colocation,Retail,Delaware,DE,New Castle County,New Castle,39.687226861,-75.574436945,2.0,0.0,0.0,0.0,,1.2,
Otava,Otava Mid Michigan,Colocation,Retail,Michigan,MI,Genesee County,Flint,42.968687113,-83.779642167,2.0,0.0,0.0,0.0,,1.0,
LightEdge,Austin 1,Colocation,Retail,Texas,TX,Travis County,Austin,30.214284331,-97.712679326,2.0,0.0,0.0,0.0,,1.8,
DataBank,DEN1-Englewood,Colocation,Retail,Colorado,CO,Douglas County,,39.564181,-104.866573,2.0,0.0,0.0,0.0,,1.5,
Equinix,SV17,Colocation,Retail,California,CA,Santa Clara County,Santa Clara,37.376676553,-121.988395571,2.0,0.0,0.0,0.0,,1.9,
Comcast,650 Centerton Road,Self-build,Self-build Network & Telco,New Jersey,NJ,Burlington County,Moorestown Township,39.989424691,-74.889542842,2.0,0.0,0.0,0.0,,2.0,
Cologix,DAL1,Colocation,Retail,Texas,TX,Dallas County,Dallas,32.800924,-96.819743,2.0,0.0,0.0,0.0,,2.0,2.0
Verizon,8921 Research Dr Charlotte,Self-build,Self-build Network & Telco,North Carolina,NC,Mecklenburg County,Charlotte,35.318169937,-80.759680141,2.0,0.0,0.0,0.0,,2.0,
JK Land Holdings,11101 University Boulevard,Colocation,Wholesale,Virginia,VA,Prince William County,Innovation,38.753935153,-77.524859894,2.0,0.0,0.0,0.0,,0.0,
Flexential,Charlotte - South,Colocation,Retail,North Carolina,NC,Mecklenburg County,Charlotte,35.13545368,-80.936945544,2.0,0.0,0.0,0.0,,2.0,1.55
TierPoint,Lehigh Valley (LVQ),Colocation,Retail,Pennsylvania,PA,Northampton County,Bethlehem,40.674957803,-75.378088172,2.0,0.0,0.0,0.0,,1.95,
Cogent Communications,New York Office & Data Center,Colocation,Retail,New York,NY,New York County,New York,40.705517829,-74.013768431,2.0,0.0,0.0,0.0,,1.75,
HCL Technologies,61 Walsh Drive,Self-build,Self-build Systems Integrator/Managed Service Providers,New Jersey,NJ,Morris County,Parsippany,40.872744776,-74.451816528,2.0,0.0,0.0,0.0,,2.0,
H5 Data Centers,H5 Cincinnati I,Colocation,Wholesale,Ohio,OH,Hamilton County,Cincinnati,39.097973381,-84.524044862,2.0,0.0,0.0,0.0,,2.0,
Consolidated Communications,Consolidated Communications Burlington,Self-build,Self-build Network & Telco,Vermont,VT,Chittenden County,Burlington,44.476460046,-73.20863172,2.0,0.0,0.0,0.0,,2.0,
Charles Schwab,South Mountain Campus,Self-build,Self-build Financial/Institutional,Arizona,AZ,Maricopa County,Phoenix,33.37194074,-111.97992226,2.0,0.0,0.0,0.0,,2.0,
AT&T,AT&T Switching Center,Self-build,Self-build Network & Telco,New York,NY,New York County,New York,40.767239251,-73.990902038,2.0,0.0,0.0,0.0,,2.0,
DataBank,PIT1,Colocation,Retail,Pennsylvania,PA,Allegheny County,Pittsburgh,40.45166477,-80.004576073,1.9,0.0,0.0,0.0,,1.75,
Digital Fortress,Chicago (CHI),Colocation,Retail,Illinois,IL,DuPage County,Lombard,41.848204072,-88.007631561,1.9,0.0,0.0,0.0,,0.95,
H5 Data Centers,H5 Pittsburgh,Colocation,Retail,Pennsylvania,PA,Allegheny County,Pittsburgh,40.45181398,-79.980857829,1.5,0.0,0.0,1.0,,1.1,
TierPoint,SPO01 - SPO02,Colocation,Retail,Washington,WA,Spokane County,Liberty Lake,47.671987921,-117.091231269,1.825,0.0,0.0,0.0,,1.825,
Mass General Brigham,Mass General Brigham Data Centre,Self-build,Self-build Other,Massachusetts,MA,Middlesex County,Marlborough,42.326448766,-71.592143835,1.3,0.0,0.0,1.3,,1.3,
Flexential,Tampa - West,Colocation,Retail,Florida,FL,Hillsborough County,Tampa,28.037309288,-82.540025929,1.81,0.0,0.0,0.0,,1.2,1.6
CoreSite,DC2,Colocation,Retail,District of Columbia,DC,,Washington,38.903388,-77.031276,1.8,0.0,0.0,0.0,,1.5,0.0
ManagedWay,TYM2,Colocation,Retail,Michigan,MI,Oakland County,Troy,42.540664891,-83.098451597,1.0,0.0,1.0,0.0,,0.5,
US Signal,Grand Rapids East,Colocation,Retail,Michigan,MI,Kent County,Kentwood,42.876669312,-85.564359339,1.8,0.0,0.0,0.0,,1.13,
Digital Realty,60 Hudson St,Colocation,Wholesale,New York,NY,New York County,New York,40.71766,-74.008244,1.8,0.0,0.0,0.0,,1.7,
EdgeConneX,EDCSVC01,Colocation,Retail,California,CA,Santa Clara County,Santa Clara,37.364204,-121.958744,1.8,0.0,0.0,0.0,,1.8,
Netrality Data Centers,Indy Telcom Center,Colocation,Retail,Indiana,IN,Marion County,Indianapolis,39.759614869,-86.170947539,1.8,0.0,0.0,0.0,,0.6,
CoreSite,MI1,Colocation,Retail,Florida,FL,Miami-Dade County,Miami,25.797541857,-80.23005788,1.8,0.0,0.0,0.0,,0.7,
Expedient,Pittsburgh - South,Colocation,Retail,Pennsylvania,PA,Allegheny County,Pittsburgh,40.427306,-80.042365,1.8,0.0,0.0,0.0,,1.7,
CoreSite,OR1,Colocation,Retail,Florida,FL,Orange County,Orlando,28.427160624,-81.419885331,1.8,0.0,0.0,0.0,,1.2,
DataBank,Downtown Los Angeles (LAX1),Colocation,Retail,California,CA,Los Angeles County,Los Angeles,34.04795175,-118.255451749,1.784,0.0,0.0,0.0,,1.68,
1547 Critical Systems Realty,SB1,Colocation,Retail,Indiana,IN,Saint Joseph County,South Bend,41.669335898,-86.255984971,0.5,0.0,1.6,0.0,,0.5,
Digital Fortress,North Seattle Data Center,Colocation,Retail,Washington,WA,Snohomish County,Lynnwood,47.82252491,-122.289332861,1.77,0.0,0.0,0.0,,1.77,
EdgeConneX,LAS01,Colocation,Retail,Nevada,NV,Clark County,Paradise,36.065346,-115.130851,0.75,1.0,0.0,0.0,,1.25,
GE Appliances,GE Data Center,Self-build,Self-build Other,Kentucky,KY,Jefferson County,Louisville,38.16845576,-85.648237367,1.35,0.0,0.5,0.0,,1.85,
TierPoint,Charlotte - North Myers,Colocation,Retail,North Carolina,NC,Mecklenburg County,Charlotte,35.222095603,-80.835288763,1.75,0.0,0.0,0.0,,1.4,
CoreSite,DE1,Colocation,Retail,Colorado,CO,,Denver,39.745623,-104.995477,1.75,0.0,0.0,0.0,,1.34,
Lumen Technologies,1850 Pearl St.,Self-build,Self-build Network & Telco,Colorado,CO,,Denver,39.745712241,-104.979466184,1.75,0.0,0.0,0.0,,1.75,
Evocative,SEA1,Colocation,Retail,Washington,WA,King County,Seattle,47.619564,-122.348252,1.75,0.0,0.0,0.0,,1.75,
EdgeConneX,EDCMEM01,Colocation,Retail,Tennessee,TN,Shelby County,Memphis,35.039081532,-89.885640144,0.5,0.0,1.5,0.0,,0.37,
EdgeConneX,EDCSLC01,Colocation,Retail,Utah,UT,Salt Lake County,West Valley City,40.720904,-111.984981,0.5,0.0,1.5,0.0,,0.41,
Digital Realty,3015 Winona Avenue,Colocation,Retail,California,CA,Los Angeles County,Burbank,34.199761,-118.343863,1.7,0.0,0.0,0.0,,1.7,
Compugen,New Albany,Self-build,Self-build Systems Integrator/Managed Service Providers,Ohio,OH,Franklin County,New Albany,40.104554174,-82.805235322,1.7,0.0,0.0,0.0,,1.7,
Amazon Web Services,IAD32,Self-build,Self-build Public Cloud,Virginia,VA,Loudoun County,Sterling,39.021745212,-77.434766245,1.7,0.0,0.0,0.0,,1.7,
Aunalytics,Aunalytics South Bend,Self-build,Self-build Systems Integrator/Managed Service Providers,Indiana,IN,St. Joseph County,South Bend,41.659911627,-86.258276218,1.7,0.0,0.0,0.0,,1.7,
Digital Fortress,Downtown Seattle SEA,Colocation,Retail,Washington,WA,King County,Seattle,47.61790959,-122.356530232,1.7,0.0,0.0,0.0,,1.7,
Mapletree Industrial,3300 Essex Drive,Colocation,Wholesale,Texas,TX,Collin County,Richardson,33.000122301,-96.661659217,1.68,0.0,0.0,0.0,,1.68,
Tata Communications,Evergreen Parkway Data Centre,Colocation,Retail,Oregon,OR,Washington County,Hillsboro,45.546499502,-122.893703756,1.65,0.0,0.0,0.0,,1.63,
ColoCrossing,BUF1,Colocation,Retail,New York,NY,Erie County,Buffalo,42.892992299,-78.875256273,1.44,0.0,0.25,0.0,,1.41,
OVHcloud,HILL- 1,Self-build,Self-build Public Cloud,Oregon,OR,Washington County,Hillsboro,45.533710606,-122.955958315,1.6,0.0,0.0,0.0,,1.6,
Digital Realty,250 Williams Street NW (ATL14),Colocation,Retail,Georgia,GA,Fulton County,Atlanta,33.761704334,-84.391314431,1.6,0.0,0.0,0.0,,1.502,
OneColo,OneColo Tampa,Colocation,Build-to-suit,Florida,FL,Hillsborough County,Tampa,27.95036364,-82.456489818,1.6,0.0,0.0,0.0,,0.48,
Dakota Carrier Network,Bismarck,Colocation,Retail,North Dakota,ND,Burleigh County,Bismarck,46.852113253,-100.781751874,1.6,0.0,0.0,0.0,,1.6,
TierPoint,Bethlehem (BET),Colocation,Retail,Pennsylvania,PA,Northampton County,Bethlehem,40.670053096,-75.374652885,1.6,0.0,0.0,0.0,,1.46,
Expedient,Franklin,Colocation,Retail,Wisconsin,WI,Milwaukee County,Franklin,42.86321543,-87.977755763,1.6,0.0,0.0,0.0,,0.8,
Recovery Point,Recovery Point Data Center,Colocation,Retail,Maryland,MD,Montgomery County,Germantown,39.194800465,-77.265460205,1.6,0.0,0.0,0.0,,0.0,
CoreSite,DC1,Colocation,Retail,District of Columbia,DC,District of Columbia,Washington,38.903054712,-77.029287446,1.6,0.0,0.0,0.0,,1.5,0.0
Flexential,Denver - Centennial,Colocation,Retail,Colorado,CO,Arapahoe County,Centennial,39.594356994,-104.843154977,1.6,0.0,0.0,0.0,,1.6,1.8
Expedient,CMH1,Colocation,Retail,Ohio,OH,Franklin County,Upper Arlington,40.05783,-83.078376,1.6,0.0,0.0,0.0,,1.2,
EdgeConneX,EDCRIC01,Colocation,Wholesale,Virginia,VA,Henrico County,Middleton,37.638955,-77.467682,1.5,0.0,0.0,0.225,,1.33,
Long Island Interconnect,Long Island Interconnect,Colocation,Retail,New York,NY,Nassau County,Westbury,40.755497546,-73.558007928,1.55,0.0,0.0,0.0,,1.54,
Virginia Commonwealth University,Virginia Commonwealth University Technology Operations Center,Self-build,Self-build Other,Virginia,VA,City of Richmond,Richmond,37.549330121,-77.448690064,1.5,0.0,0.0,0.0,,1.5,
Cologix,MIN5,Colocation,Retail,Minnesota,MN,Hennepin County,Minneapolis,44.971513,-93.254739,1.5,0.0,0.0,0.0,,0.0,
Aureon,Downtown,Colocation,Retail,Iowa,IA,Polk County,Des Moines,41.588023951,-93.631063661,1.5,0.0,0.0,0.0,,1.25,
ark Data Centers,"Pittsburgh, Pennsylvania",Colocation,Retail,Pennsylvania,PA,Armstrong County,South Buffalo,40.752223554,-79.637279448,1.5,0.0,0.0,0.0,,1.45,
365 Data Centers,Tampa Bay,Colocation,Retail,Florida,FL,Hillsborough County,Tampa,27.949744686,-82.458223408,1.5,0.0,0.0,0.0,,1.44,
Simple Helix,Huntsville Data Center,Self-build,Self-build Systems Integrator/Managed Service Providers,Alabama,AL,Madison County,Huntsville,34.74548517,-86.691931439,1.5,0.0,0.0,0.0,,1.5,
EdgeConneX,EDCMIA01,Colocation,Wholesale,Florida,FL,Miami-Dade County,,25.793022564,-80.381204142,1.5,0.0,0.0,0.0,,1.5,
Cologix,MIN3,Colocation,Retail,Minnesota,MN,Hennepin County,Minneapolis,44.971513,-93.254739,1.5,0.0,0.0,0.0,,1.43,1.21
LOGIX,811 Louisiana Street,Colocation,Retail,Texas,TX,Harris County,Houston,29.759114828,-95.366288737,1.5,0.0,0.0,0.0,,1.2,
LightEdge,Austin 2,Colocation,Retail,Texas,TX,Travis County,Austin,30.200488644,-97.707408073,1.5,0.0,0.0,0.0,,1.2,
Crown Castle,34 St. Martin Drive,Colocation,Retail,Massachusetts,MA,Middlesex County,Marlborough,42.313040941,-71.578967421,1.5,0.0,0.0,0.0,,1.3,
Cologix,DAL2,Colocation,Retail,Texas,TX,Dallas County,Dallas,32.801057718,-96.81938351,1.5,0.0,0.0,0.0,,1.5,1.5
AT&T,RWC1,Colocation,Retail,California,CA,San Mateo County,Redwood City,37.480897145,-122.200578373,1.5,0.0,0.0,0.0,,1.48,
US Internet,12450 Wayzata Blvd,Colocation,Retail,Minnesota,MN,Hennepin County,Minnetonka,44.972082535,-93.43673749,1.5,0.0,0.0,0.0,,0.75,
Amazon Web Services,IAD24,Self-build,Self-build Public Cloud,Virginia,VA,Prince William County,Manassas,38.790459695,-77.539907464,1.5,0.0,0.0,0.0,,1.5,
University of Virginia,University of Virginia ITC Data Centre,Self-build,Self-build Financial/Institutional,Virginia,VA,City of Charlottesville,Charlottesville,38.048923708,-78.502493047,1.5,0.0,0.0,0.0,,1.5,
H5 Data Centers,H5 Seattle,Colocation,Wholesale,Washington,WA,King County,Seattle,47.619082,-122.336572,1.5,0.0,0.0,0.0,,1.491,1.3
Digital Fortress,Portland Data Center 3,Colocation,Retail,Oregon,OR,Washington County,Beaverton,45.475663916,-122.776140224,1.5,0.0,0.0,0.0,,1.126,
1547 Critical Systems Realty,Chicago Wells (CHIL2),Colocation,Retail,Illinois,IL,Cook County,Chicago,41.872594228,-87.633252212,1.5,0.0,0.0,0.0,,0.675,
Department of Veteran Affairs,Capital Region Readiness Center,Self-build,Self-build Public Sector,West Virginia,WV,Berkeley County,Martinsburg,39.415333371,-77.915343154,1.5,0.0,0.0,0.0,,1.5,
DāSTOR,"3400 Horizon Drive – King of Prussia, Pennsylvania",Colocation,Retail,Pennsylvania,PA,Montgomery County,King of Prussia,40.087853734,-75.339716081,1.5,0.0,0.0,0.0,,1.38,
SoftLayer,DAL07,Self-build,Self-build Public Cloud,Texas,TX,Collin County,Plano,33.00875482,-96.690014079,1.5,0.0,0.0,0.0,,1.5,
Prov.net,Prov.net Providence campus,Colocation,Retail,Rhode Island,RI,Providence County,Providence,41.817421723,-71.427671139,1.5,0.0,0.0,0.0,,1.3,
INAP,Phoenix Data Center,Self-build,Self-build Systems Integrator/Managed Service Providers,Arizona,AZ,Maricopa County,Chandler,33.301199,-111.886142,1.5,0.0,0.0,0.0,,1.5,
Equinix,SV6,Colocation,Retail,California,CA,Santa Clara County,Sunnyvale,37.399602,-122.014639,1.5,0.0,0.0,0.0,,1.5,
Digital Realty,DFW36,Colocation,Retail,Texas,TX,Dallas County,Dallas,32.827366,-96.873713,1.5,0.0,0.0,0.0,,1.2,
Colostore,Colostore,Colocation,Wholesale,Indiana,IN,Saint Joseph County,South Bend,41.667274223,-86.267044235,1.5,0.0,0.0,0.0,,1.4,
Volico,MIA1,Colocation,Retail,Florida,FL,Miami-Dade County,Miami,25.776034694,-80.188247602,1.5,0.0,0.0,0.0,,0.8,
Expedient,Baltimore - TierPoint Data Center,Colocation,Retail,Maryland,MD,,Baltimore,39.274661576,-76.591835222,1.5,0.0,0.0,0.0,,1.27,
TierPoint,Baltimore Data Center,Colocation,Retail,Maryland,MD,,Baltimore,39.275339405,-76.625568688,1.5,0.0,0.0,0.0,,1.0,
Centersquare,400 Holger Way,Colocation,Retail,California,CA,Santa Clara County,San Jose,37.418776995,-121.942982724,1.5,0.0,0.0,0.0,,1.49,
AIT,Fayetteville,Self-build,Self-build Systems Integrator/Managed Service Providers,North Carolina,NC,Cumberland County,Fayetteville,35.054490394,-78.882858185,1.5,0.0,0.0,0.0,,1.5,
Hivelocity,Hivelocity LA2,Colocation,Retail,California,CA,Los Angeles County,Los Angeles,34.047540798,-118.257532436,1.5,0.0,0.0,0.0,,1.43,
Evocative,SJC3,Colocation,Retail,California,CA,Santa Clara County,Santa Clara,37.378121265,-121.954304722,1.5,0.0,0.0,0.0,,1.5,
Equinix,SV16,Colocation,Retail,California,CA,Santa Clara County,Santa Clara,37.376122374,-121.988856911,1.5,0.0,0.0,0.0,,1.45,
Oracle,Hillsboro Data Center,Self-build,Self-build Public Cloud,Oregon,OR,Washington County,Hillsboro,45.544007677,-122.896598868,1.5,0.0,0.0,0.0,,1.5,
H5 Data Centers,H5 Portland,Colocation,Retail,Oregon,OR,Multnomah County,Portland,45.531916951,-122.683976331,1.5,0.0,0.0,0.0,,1.42,
amnet Technology Solutions,amnet Stamford,Colocation,Retail,Connecticut,CT,Western Connecticut Planning Region,Stamford,41.091619179,-73.516753963,1.5,0.0,0.0,0.0,,1.15,
Lumen Technologies,240 Scott Street,Self-build,Self-build Network & Telco,New York,NY,Erie County,Buffalo,42.875926974,-78.867475943,1.5,0.0,0.0,0.0,,1.5,
H5 Data Centers,H5 Minneapolis,Colocation,Retail,Minnesota,MN,Ramsey County,St. Paul,44.971572696,-93.14740405,1.5,0.0,0.0,0.0,,1.035,
Lumen Technologies,Houston 3,Colocation,Retail,Texas,TX,Harris County,Houston,29.771095509,-95.346237498,1.5,0.0,0.0,0.0,,1.5,
Rackspace,MCI1,Colocation,Retail,Missouri,MO,Jackson County,Kansas City,39.290483,-94.675861,1.5,0.0,0.0,0.0,,1.2,
Cogent Communications,Pasadena,Colocation,Retail,California,CA,Los Angeles County,Pasadena,34.168414004,-118.088972671,1.5,0.0,0.0,0.0,,1.3,
1547 Critical Systems Realty,Chase Tower- MCTX1,Colocation,Wholesale,Texas,TX,Hidalgo County,McAllen,26.202261491,-98.231415815,1.5,0.0,0.0,0.0,,1.2,
Flexential,Nashville - Brentwood,Colocation,Retail,Tennessee,TN,Williamson County,Brentwood,35.972447682,-86.808527859,1.49,0.0,0.0,0.0,,1.0,1.85
Expedient,Centennial Data Center,Colocation,Build-to-suit,Colorado,CO,Arapahoe County,Centennial,39.581275782,-104.842526646,1.0,0.0,0.6,0.0,,0.55,
Flexential,Louisville - East,Colocation,Retail,Kentucky,KY,Jefferson County,Louisville,38.277211646,-85.507080134,1.46,0.0,0.0,0.0,,0.73,2.1
DataBank,DFW5,Colocation,Retail,Texas,TX,Dallas County,Dallas,32.800486064,-96.819461029,1.45,0.0,0.0,0.0,,1.45,1.32
LightEdge,Omaha Data Center,Colocation,Retail,Nebraska,NE,Sarpy County,Papillion,41.159807326,-96.025657415,1.45,0.0,0.0,0.0,,1.315,
DartPoints,Greenville,Colocation,Retail,South Carolina,SC,Greenville County,Greenville,34.807245115,-82.343484928,1.45,0.0,0.0,0.0,,0.7,
EdgeConneX,EDCMAD01,Colocation,Retail,Wisconsin,WI,Dane County,Monona,43.049197,-89.29729,1.4,0.0,0.0,0.0,,1.28,
EdgeConneX,EDCPIT01,Colocation,Wholesale,Pennsylvania,PA,Allegheny County,Pittsburgh,40.4523,-80.041698,1.0,0.0,0.5,0.0,,0.99,
Iron Mountain,OHS-1,Colocation,Wholesale,Ohio,OH,Warren County,Miamisburg,39.590922844,-84.236441403,1.4,0.0,0.0,0.0,,0.7,1.2
CoreSpace,Dallas,Colocation,Retail,Texas,TX,Dallas County,Dallas,32.817633022,-96.873021349,1.4,0.0,0.0,0.0,,1.4,
TierPoint,Oklahoma City 1,Colocation,Retail,Oklahoma,OK,Oklahoma County,Oklahoma City,35.514334757,-97.596742634,1.4,0.0,0.0,0.0,,0.8,
Digital Realty,ORD011,Colocation,Retail,Illinois,IL,Cook County,Chicago,41.874384,-87.629991,1.4,0.0,0.0,0.0,,1.2,
Flexential,Jacksonville,Colocation,Retail,Florida,FL,Duval County,Jacksonville,30.24568376,-81.581857829,1.39,0.0,0.0,0.0,,1.0,1.65
Flexential,Las Vegas - Downtown,Colocation,Retail,Nevada,NV,Clark County,Las Vegas,36.168353855,-115.143157045,1.366,0.0,0.0,0.0,,1.36,2.0
DataBank,(MSP1)  West Twin Cities,Colocation,Retail,Minnesota,MN,Hennepin County,Edina,44.862622978,-93.330547473,1.35,0.0,0.0,0.0,,0.95,
TenHats,Fort Summit Way,Colocation,Retail,Tennessee,TN,Knox County,Knoxville,35.970528439,-83.912155904,1.3,0.0,0.0,0.0,,0.3,1.35
EdgeConneX,EDCSLI01,Colocation,Wholesale,Louisiana,LA,St. Tammany Parish,Slidell,30.287111,-89.737444,0.5,0.0,1.0,0.0,,0.4,
Expedient,Germantown,Colocation,Retail,Tennessee,TN,Shelby County,Germantown,35.063076,-89.786292,0.5,0.0,1.0,0.0,,0.4,
EdgeConneX,EDCJAX01,Colocation,Wholesale,Florida,FL,Duval County,Jacksonville,30.254224886,-81.60418799,0.5,0.0,1.0,0.0,,0.35,
365 Data Centers,Buffalo - BU1,Colocation,Retail,New York,NY,Erie County,Buffalo,42.884220173,-78.875409844,1.3,0.0,0.0,0.0,,1.052,
Enterhost,Burnett Plaza,Self-build,Self-build Public Cloud,Texas,TX,Tarrant County,Fort Worth,32.750640381,-97.334617426,1.3,0.0,0.0,0.0,,1.3,
Cologix,DAL3,Colocation,Retail,Texas,TX,Dallas County,Dallas,32.800933544,-96.819786534,1.25,0.0,0.0,0.0,,0.625,1.5
New York Internet,NYI Chicago,Colocation,Retail,Illinois,IL,DuPage County,Oak Brook,41.845517,-87.941394,1.25,0.0,0.0,0.0,,0.625,
Equinix,LA2,Colocation,Retail,California,CA,Los Angeles County,Los Angeles,34.048936,-118.259733,1.25,0.0,0.0,0.0,,1.25,
Ace Host,Raleigh-Durham Data Center,Self-build,Self-build Systems Integrator/Managed Service Providers,North Carolina,NC,Durham County,Durham,35.895776663,-78.849244062,1.25,0.0,0.0,0.0,,1.25,
TierPoint,State Farm Data Center,Colocation,Retail,Oklahoma,OK,Tulsa County,Tulsa,36.096404193,-95.840188239,1.2,0.0,0.0,0.0,,0.4,
Midco,Fargo Data Center,Colocation,Retail,North Dakota,ND,Cass County,Fargo,46.836529047,-96.866037596,1.2,0.0,0.0,0.0,,0.5,
American Electric Company,New Albany 1,Self-build,Self-build Other,Ohio,OH,Franklin County,New Albany,40.10374487,-82.80899556,1.2,0.0,0.0,0.0,,1.2,
Otava,Otava Metro Detroit,Colocation,Retail,Michigan,MI,Wayne County,Westland,42.331205701,-83.419496273,1.2,0.0,0.0,0.0,,0.6,
National Center for Atmospheric Research,NCAR-Wyoming Supercomputing Center,Self-build,Self-build HPC,Wyoming,WY,Laramie County,Cheyenne,41.128857573,-104.897366831,1.2,0.0,0.0,0.0,,1.2,
ValorC3,St. George,Colocation,Retail,Utah,UT,Washington County,St. George,37.081440974,-113.607279241,1.2,0.0,0.0,0.0,,0.7,
Expeditors International,Data Center,Self-build,Self-build Financial/Institutional,Washington,WA,Spokane County,Airway Heights,47.645898045,-117.573329104,1.2,0.0,0.0,0.0,,1.2,
Elm Data,Elm Data Centre,Colocation,Retail,New York,NY,Erie County,Buffalo,42.88738163,-78.868211024,1.2,0.0,0.0,0.0,,1.17,
Equinix,DC1,Colocation,Retail,Virginia,VA,Loudoun County,Ashburn,39.015903,-77.460041,1.2,0.0,0.0,0.0,,1.15,
Telesystem,DC-1,Colocation,Retail,Ohio,OH,Lucas County,Toledo,41.624344102,-83.656158735,1.2,0.0,0.0,0.0,,0.6,
Assurant,Assurant Data Center,Self-build,,Georgia,GA,Cobb County,Atlanta,33.89983196,-84.463467442,1.2,0.0,0.0,0.0,,1.2,
EnergyNet,EnergyNet Data Center,Colocation,Retail,Kentucky,KY,Christian County,Hopkinsville,36.848272032,-87.464625196,1.13,0.0,0.0,0.0,,0.57,
InfoBunker,InfoBunker,Colocation,Retail,Iowa,IA,Polk County,Des Moines,41.586424228,-93.659583567,1.1,0.0,0.0,0.0,,0.77,1.28
CenturyLink,Phoenix AZ,Colocation,Retail,Arizona,AZ,Maricopa County,Phoenix,33.439737,-112.046977,1.1,0.0,0.0,0.0,,0.8,1.3
Alpha Technologies,Alpha Technologies DC1,Colocation,Retail,West Virginia,WV,Kanawha County,South Charleston,38.353197724,-81.696171044,1.05,0.0,0.0,0.0,,0.95,
EdgeCloudLink,EdgeCloudLink,Colocation,,California,CA,Santa Clara County,Mountain View,37.395919463,-122.04694292799999,1.0,0.0,0.0,0.0,,1.0,1.05
National Nuclear Security Administration,NNSA Albuquerque Complex,Self-build,,New Mexico,NM,Bernalillo County,Albuquerque,35.058583119,-106.534448272,1.0,0.0,0.0,0.0,,1.0,
DāSTOR,"1201 North Market Street – Wilmington, DE",Colocation,Retail,Delaware,DE,New Castle County,Wilmington,39.748021805,-75.546784887,1.0,0.0,0.0,0.0,,0.94,
MDC Data Centers,MCA2,Colocation,Retail,Texas,TX,Hidalgo County,Mcallen,26.199355806,-98.232137336,1.0,0.0,0.0,0.0,,0.7,
Whitelabel IT Solutions,Whitelabel IT Solutions New Jersey,Colocation,Retail,New Jersey,NJ,Bergen County,Hackensack,40.883273503,-74.050279262,1.0,0.0,0.0,0.0,,0.97,
365 Data Centers,Fort Lauderdale,Colocation,Retail,Florida,FL,Broward County,Fort Lauderdale,26.184809631,-80.19069235,1.0,0.0,0.0,0.0,,0.82,
HMSA,Data Center,Self-build,Self-build Public Sector,Hawaii,HI,Honolulu County,Honolulu,21.2968567,-157.841528109,1.0,0.0,0.0,0.0,,1.0,
Data Suites,Murfreesboro,Colocation,Retail,Tennessee,TN,Rutherford County,Murfreesboro,35.857390094,-86.406521931,1.0,0.0,0.0,0.0,,0.5,
DartPoints,Shreveport,Colocation,Retail,Louisiana,LA,Caddo Parish,Shreveport,32.510947351,-93.749782796,1.0,0.0,0.0,0.0,,0.8,
CenturyLink,44633 Guilford Drive,Self-build,Self-build Network & Telco,Virginia,VA,Loudoun County,Ashburn,39.022161515,-77.457725025,1.0,0.0,0.0,0.0,,1.0,
Psychz Networks,Psychz 700 Wilshire Boulevard,Colocation,Retail,California,CA,Los Angeles County,Los Angeles,34.048901773,-118.257517074,1.0,0.0,0.0,0.0,,0.95,
NYS Office of the State Comptroller,NYS Office of the State Comptroller,Self-build,Self-build Public Sector,New York,NY,Rensselaer County,Troy,42.679001981,-73.698741344,1.0,0.0,0.0,0.0,,1.0,
Equinix,SV14,Colocation,Retail,California,CA,Santa Clara County,Santa Clara,37.374942433,-121.988518119,1.0,0.0,0.0,0.0,,1.0,
ark Data Centers,Boise II,Colocation,Retail,Idaho,ID,Ada County,Boise,43.580050163,-116.290781307,1.0,0.0,0.0,0.0,,0.99,
Midco,Sioux Falls Data Center,Colocation,Retail,South Dakota,SD,Minnehaha County,Sioux Falls,43.496632899,-96.785939609,1.0,0.0,0.0,0.0,,0.66,
Consolidated Communications,Consolidated Communications Laconia,Colocation,Retail,New Hampshire,NH,Belknap County,Laconia,43.531444011,-71.473301446,1.0,0.0,0.0,0.0,,0.87,
365 Data Centers,"Nashville, TN",Colocation,Retail,Tennessee,TN,Davidson County,Nashville,36.162598618,-86.778660013,1.0,0.0,0.0,0.0,,0.5,
Westelcom,Westelcom Plattsburgh,Self-build,Self-build Network & Telco,New York,NY,Clinton County,Plattsburgh,44.696431052,-73.45318902,1.0,0.0,0.0,0.0,,1.0,
Nocix,201 East 16th Ave.,Colocation,Retail,Missouri,MO,Clay County,North Kansas City,39.137472307,-94.578603377,1.0,0.0,0.0,0.0,,0.5,
Lumos,342 N Court Avenue,Self-build,Self-build Network & Telco,Virginia,VA,,Covington,37.792752831,-79.996555132,1.0,0.0,0.0,0.0,,1.0,
ark Data Centers,Duluth II,Colocation,Retail,Minnesota,MN,Saint Louis County,Duluth,46.827501581,-92.130373796,1.0,0.0,0.0,0.0,,0.5,
TierPoint,Little Rock,Colocation,Retail,Arkansas,AR,Pulaski County,Little Rock,34.756216814,-92.444719364,1.0,0.0,0.0,0.0,,0.5,
Mississippi ITS,State Data Center - Jackson,Self-build,Self-build Public Sector,Mississippi,MS,Hinds County,Jackson,32.335817263,-90.144948263,1.0,0.0,0.0,0.0,,1.0,
Equinix,DA4,Colocation,Retail,Texas,TX,Dallas County,Dallas,32.787235,-96.794209,1.0,0.0,0.0,0.0,,1.0,1.3
CyrusOne,CIN97 (Blue Ash),Colocation,Retail,Ohio,OH,Hamilton County,Blue Ash,39.244995,-84.379959,1.0,0.0,0.0,0.0,,0.5,
Centrilogic,Lenoir North Carolina,Colocation,Retail,North Carolina,NC,Caldwell County,Lenoir,35.922515214,-81.542927701,1.0,0.0,0.0,0.0,,0.9,1.2
Windstream,Windstream Ephrata,Self-build,Self-build Network & Telco,Pennsylvania,PA,Lancaster County,Ephrata,40.169719202,-76.177880729,1.0,0.0,0.0,0.0,,1.0,
Prov.net,Boston North,Colocation,Retail,Massachusetts,MA,Middlesex County,Chelmsford,42.597047417,-71.331438973,1.0,0.0,0.0,0.0,,0.91,
Microsoft,Redmond Ridge 1,Self-build,Self-build Other,Washington,WA,King County,Union Hill-Novelty Hill,47.691034246,-122.032081009,1.0,0.0,0.0,0.0,,1.0,
Dell EMC,Durham,Self-build,Self-build HPC,North Carolina,NC,Durham County,Durham,35.870123257,-78.846379495,1.0,0.0,0.0,0.0,,1.0,
Centrilogic,"Buffalo, New York Data Center",Colocation,Retail,New York,NY,Erie County,Buffalo,42.883946243,-78.875766512,1.0,0.0,0.0,0.0,,0.97,
Vision Net,Billings Data Center,Colocation,Retail,Montana,MT,Yellowstone County,Billings,45.768382962,-108.54138864,1.0,0.0,0.0,0.0,,1.0,
Xecunet,Xecunet Frederick,Self-build,Self-build Systems Integrator/Managed Service Providers,Maryland,MD,Frederick County,Frederick,39.39392466,-77.418740761,1.0,0.0,0.0,0.0,,1.0,
TierPoint,Philadelphia (PHI),Colocation,Retail,Pennsylvania,PA,Philadelphia County,Philadelphia,39.892553842,-75.165406046,1.0,0.0,0.0,0.0,,0.985,
TIAA,Charlotte,Self-build,Self-build Financial/Institutional,North Carolina,NC,Mecklenburg County,Charlotte,35.32707581,-80.750507209,1.0,0.0,0.0,0.0,,1.0,
CloudHQ,14100 Business Ctr Dr,Colocation,Wholesale,Minnesota,MN,Sherburne County,Elk River,45.303265714,-93.626386558,1.0,0.0,0.0,0.0,,1.0,
Centrilogic,Rochester New York Data Centre,Colocation,Retail,New York,NY,Monroe County,City of Rochester,43.167169711,-77.673079605,1.0,0.0,0.0,0.0,,0.98,
Windstream,Windstream State College,Self-build,Self-build Network & Telco,Pennsylvania,PA,Centre County,State College,40.784107293,-77.898913042,1.0,0.0,0.0,0.0,,1.0,
Lumos,524 W Broad Street,Self-build,Self-build Network & Telco,Virginia,VA,City of Waynesboro,Waynesboro,38.069692425,-78.89041411,1.0,0.0,0.0,0.0,,1.0,
FirstLight Fiber,FirstLight Bedford,Colocation,Retail,New Hampshire,NH,Hillsborough County,Bedford,42.928250039,-71.463854713,1.0,0.0,0.0,0.0,,0.9,
Vibrint,10977 Guilford Road,Self-build,Self-build Systems Integrator/Managed Service Providers,Maryland,MD,Howard County,Whitehurst,39.130994218,-76.7909051,1.0,0.0,0.0,0.0,,1.0,
Sitco Business Solutions,Sitco Business Solutions Evansville,Colocation,Retail,Indiana,IN,Vanderburgh County,Evansville,38.02025327,-87.521132968,1.0,0.0,0.0,0.0,,0.95,
Cologix,COL2,Colocation,Retail,Ohio,OH,Franklin County,Worthington,40.115582,-83.002648,1.0,0.0,0.0,0.0,,0.49,
University of Utah,UoT Data Center,Self-build,Self-build Financial/Institutional,Utah,UT,Salt Lake County,Salt Lake City,40.730193665,-111.951497782,1.0,0.0,0.0,0.0,,1.0,1.2
NFINIT,San Diego Tech Centre,Colocation,Retail,California,CA,San Diego County,San Diego,32.895190037,-117.201429842,1.0,0.0,0.0,0.0,,1.0,
Lumen Technologies,Salt Lake City Data Center,Colocation,Retail,Utah,UT,Salt Lake County,Salt Lake City,40.780817012,-112.011418792,1.0,0.0,0.0,0.0,,0.5,
Hivelocity,Hivelocity LA1,Colocation,Retail,California,CA,Los Angeles County,Los Angeles,34.048112138,-118.255432704,1.0,0.0,0.0,0.0,,1.0,
Flexential,Salt Lake City - Downtown,Colocation,Retail,Utah,UT,Salt Lake County,Salt Lake City,40.75631961,-111.954128653,1.0,0.0,0.0,0.0,,0.5,1.5
Flexential,Salt Lake City - South Valley,Colocation,Retail,Utah,UT,Salt Lake County,West Jordan,40.620176042,-111.985882082,1.0,0.0,0.0,0.0,,1.0,1.8
FirstLight Fiber,Firstlight Williston,Colocation,Retail,Vermont,VT,Chittenden County,St. George,44.450201181,-73.127532758,1.0,0.0,0.0,0.0,,0.87,
Colocation Northwest,Bellevue,Colocation,Retail,Washington,WA,King County,Bellevue,47.58366778,-122.134645834,1.0,0.0,0.0,0.0,,1.0,
Wells Fargo,Winston-Salem,Self-build,Self-build Financial/Institutional,North Carolina,NC,Forsyth County,Winston-Salem,36.140775565,-80.292557266,1.0,0.0,0.0,0.0,,1.0,
Wave Business,Wave Business Mountain View,Colocation,Retail,California,CA,Santa Clara County,Mountain View,37.415795192,-122.082025231,1.0,0.0,0.0,0.0,,1.0,
Verizon,4428 E Sahara Ave,Self-build,Self-build Network & Telco,Nevada,NV,Clark County,Sunrise Manor,36.144720824,-115.077830582,1.0,0.0,0.0,0.0,,1.0,
Mapletree Industrial Trust,"N15W24250 Riverwood Drive, Pewaukee",Colocation,Retail,Wisconsin,WI,Waukesha County,Waukesha,43.052855867,-88.230500076,1.0,0.0,0.0,0.0,,0.0,
Lumen Technologies,21 Harborview Avenue,Self-build,Self-build Network & Telco,Connecticut,CT,Western Connecticut Planning Region,Stamford,41.049208573,-73.530580867,1.0,0.0,0.0,0.0,,1.0,
Hewlett-Packard,9014 Research Dr Charlotte,Self-build,Self-build HPC,North Carolina,NC,Mecklenburg County,Charlotte,35.319306949,-80.757628489,1.0,0.0,0.0,0.0,,1.0,
Flex Data,EC104,Colocation,Wholesale,Virginia,VA,Fairfax County,Reston,38.952060065,-77.346542845,1.0,0.0,0.0,0.0,,0.96,
CISP,CISP,Colocation,Retail,Ohio,OH,Lucas County,Toledo,41.673677152,-83.69078356,1.0,0.0,0.0,0.0,,0.5,
Alchemy,Alchemy Downtown (West7),Colocation,Retail,California,CA,Los Angeles County,Los Angeles,34.051229256,-118.265965556,1.0,0.0,0.0,0.0,,0.97,
TierPoint,Waterbury Data Center,Colocation,Retail,Connecticut,CT,Naugatuck Valley Planning Region,Waterbury,41.554556944,-73.041069942,1.0,0.0,0.0,0.0,,0.985,
Lumen Technologies,155 Locust Street,Self-build,Self-build Network & Telco,Connecticut,CT,Hartford,Hartford,41.745183357,-72.665156829,1.0,0.0,0.0,0.0,,1.0,
Lumen Technologies,1603 Jessup Street,Self-build,Self-build Network & Telco,Delaware,DE,New Castle County,Wilmington,39.74953153,-75.538745488,1.0,0.0,0.0,0.0,,1.0,
Lumen Technologies,El Paso,Colocation,Retail,Texas,TX,El Paso County,El Paso,31.755834595,-106.49349503,1.0,0.0,0.0,0.0,,0.9,
Lumen Technologies,Lumen Santa Clara,Colocation,Retail,California,CA,Santa Clara County,Santa Clara,37.377184832,-121.95204296,1.0,0.0,0.0,0.0,,0.93,
Lumen Technologies,San Antonio 2,Colocation,Retail,Texas,TX,Bexar County,San Antonio,29.438277954,-98.506456659,1.0,0.0,0.0,0.0,,0.91,
HostRocket,HostRocket,Colocation,Retail,New York,NY,Saratoga County,Town of Clifton Park,42.84952195,-73.756874522,1.0,0.0,0.0,0.0,,0.9,
FirstLight Fiber,FirstLight Albany,Colocation,Retail,New York,NY,Albany County,City of Albany,42.649329018,-73.750972824,1.0,0.0,0.0,0.0,,0.97,
H5 Data Centers,H5 New York,Colocation,Retail,New York,NY,New York County,New York,40.727002234,-74.007702602,1.0,0.0,0.0,0.0,,0.85,
CenturyLink,200 Technology Drive,Self-build,Self-build Network & Telco,Pennsylvania,PA,Allegheny County,Pittsburgh,40.430104972,-79.959812087,1.0,0.0,0.0,0.0,,1.0,
Reign Capital,Birmingham,Self-build,Self-build Network & Telco,Alabama,AL,Jefferson County,Birmingham,33.517035054,-86.812566214,1.0,0.0,0.0,0.0,,1.0,
Pfizer,"Groton, CT Data Center",Self-build,Self-build Other,Connecticut,CT,Southeastern Connecticut Planning Region,Groton,41.334498673,-72.070634822,1.0,0.0,0.0,0.0,,1.0,
FirstLight Fiber,FirstLight Portsmouth,Colocation,Retail,New Hampshire,NH,Rockingham County,Portsmouth,43.07306016,-70.803062569,1.0,0.0,0.0,0.0,,0.98,
ChimeNet,ChimeNet,Colocation,Retail,Connecticut,CT,South Central Connecticut Planning Region,Wallingford,41.486729395,-72.80105905,1.0,0.0,0.0,0.0,,0.7,
Hurricane Electric,Hurricane Fremont 1,Colocation,Retail,California,CA,Alameda County,Fremont,37.490190175,-121.931055631,1.0,0.0,0.0,0.0,,1.0,
FirstLight Fiber,FirstLight Manchester,Colocation,Retail,New Hampshire,NH,Hillsborough County,Manchester,42.972373817,-71.46875238,1.0,0.0,0.0,0.0,,0.98,
Segra,Columbia,Self-build,Self-build Network & Telco,South Carolina,SC,Richland County,Columbia,34.006715143,-81.029864729,1.0,0.0,0.0,0.0,,1.0,
Frontier Communications,Frontier Communications Fort Wayne,Self-build,Self-build Network & Telco,Indiana,IN,Allen County,Fort Wayne,41.138764436,-85.138052925,1.0,0.0,0.0,0.0,,1.0,
Eternal Mind,Eternal Mind Loring,Self-build,Self-build AI,Maine,ME,Aroostook County,Limestone,46.940030447,-67.905656874,1.0,0.0,0.0,0.0,,1.0,
Aptum,Aptum Herndon,Colocation,Retail,Virginia,VA,Fairfax County,Herndon,38.950616358,-77.397066131,0.988,0.0,0.0,0.0,,0.84,
Cogent Communications,San Diego Towne Center,Colocation,Retail,California,CA,San Diego County,San Diego,32.880529021,-117.209541286,0.96,0.0,0.0,0.0,,0.95,
Dakota Carrier Network,Fargo,Colocation,Retail,North Dakota,ND,Cass County,Fargo,46.815246283,-96.844450786,0.95,0.0,0.0,0.0,,0.95,
DataBank,DFW7,Colocation,Retail,Texas,TX,Dallas County,Dallas,32.922885548,-96.7912922,0.94,0.0,0.0,0.0,,0.85,
TierPoint,SPO03,Colocation,Retail,Washington,WA,Spokane County,Liberty Lake,47.671869991,-117.095898303,0.92,0.0,0.0,0.0,,0.918,
Nexcess,Nexcess Southfield,Colocation,Retail,Michigan,MI,Oakland County,Southfield,42.446242192,-83.256735937,0.9,0.0,0.0,0.0,,0.63,
IronGate,Twin Cities West,Colocation,Retail,Minnesota,MN,Washington County,Woodbury,44.943866821,-92.936864373,0.5,0.0,0.5,0.0,,0.0,
DartPoints,Columbia,Colocation,Retail,South Carolina,SC,Richland County,Columbia,33.987747666,-81.030591115,0.9,0.0,0.0,0.0,,0.72,
H5 Data Centers,H5 Nashville,Colocation,Retail,Tennessee,TN,Davidson County,Nashville,36.162831548,-86.776193929,0.9,0.0,0.0,0.0,,0.7,
Digital Realty,125 N Myers Street,Colocation,Wholesale,North Carolina,NC,Mecklenburg County,Charlotte,35.222095603,-80.835288763,0.9,0.0,0.0,0.0,,0.8,
Cogent Communications,Cogent Oakland Data Centre,Colocation,Retail,California,CA,Alameda County,Oakland,37.8059111,-122.268266675,0.9,0.0,0.0,0.0,,0.9,
Datacate,Datacate Rancho Cordova,Colocation,Retail,California,CA,Sacramento County,Rancho Cordova,38.594503158,-121.268312927,0.9,0.0,0.0,0.0,,0.84,
M5 Hosting,SDTC,Colocation,Retail,California,CA,San Diego County,San Diego,32.896972458,-117.201228232,0.9,0.0,0.0,0.0,,0.9,
Windstream,5707 S 27th,Self-build,Self-build Network & Telco,Nebraska,NE,Lancaster County,Lincoln,40.754931404,-96.683135802,0.9,0.0,0.0,0.0,,0.9,
Cologix,JAX1,Colocation,Retail,Florida,FL,Duval County,Jacksonville,30.331485595,-81.662528062,0.885,0.0,0.0,0.0,,0.35,2.9
Flexential,Allentown,Colocation,Retail,Pennsylvania,PA,Lehigh County,Allentown,40.63571404,-75.45755002,0.849,0.0,0.0,0.0,,0.845,
Rack59,Oklahoma City,Colocation,Retail,Oklahoma,OK,Oklahoma County,Oklahoma City,35.466968041,-97.649536547,0.84,0.0,0.0,0.0,,0.0,
365 Data Centers,Herndon Data Center,Colocation,Retail,Virginia,VA,Fairfax County,Floris,38.934632401,-77.428733718,0.83,0.0,0.0,0.0,,0.82,
ark Data Centers,Marion,Colocation,Retail,Iowa,IA,Linn County,Marion,42.052883834,-91.554271252,0.81,0.0,0.0,0.0,,0.405,
Choctaw Nation of Oklahoma,Durant,Self-build,Self-build Financial/Institutional,Oklahoma,OK,Bryan County,Durant,33.97170427,-96.402876092,0.8,0.0,0.0,0.0,,0.8,
EdgeConneX,EDCNOR01,Colocation,Wholesale,Virginia,VA,,Norfolk,36.8618,-76.235352,0.8,0.0,0.0,0.0,,0.665,
Thin-nology,Pflugerville,Colocation,Retail,Texas,TX,Travis County,Pflugerville,30.421149074,-97.591619112,0.8,0.0,0.0,0.0,,0.8,
Expedient,Owings Mills Data Center,Colocation,Retail,Maryland,MD,Baltimore County,Owings Mills,39.427173604,-76.8117686,0.8,0.0,0.0,0.0,,0.792,
TierPoint,Sioux Falls - West,Colocation,Retail,South Dakota,SD,Minnehaha County,Sioux Falls,43.607727607,-96.80906406,0.6,0.2,0.0,0.0,,0.38,
HopOne Internet,HopOne DCA2,Colocation,Retail,Virginia,VA,Fairfax County,Tysons,38.922467493,-77.227325631,0.8,0.0,0.0,0.0,,0.675,
DataBank,ACT1,Colocation,Retail,Texas,TX,McLennan County,Waco,31.555145736,-97.133490658,0.8,0.0,0.0,0.0,,0.8,
Hancock Whitney Bank,20491 Landon Road,Self-build,Self-build Financial/Institutional,Mississippi,MS,Harrison County,Gulfport,30.434047521,-89.184855201,0.8,0.0,0.0,0.0,,0.8,
US Signal,Cedar Falls,Colocation,Retail,Iowa,IA,Black Hawk County,Cedar Falls,42.47389508,-92.458744255,0.8,0.0,0.0,0.0,,0.56,
Crown Castle,474 Main Street,Colocation,Retail,Massachusetts,MA,Worcester County,Worcester,42.262631331,-71.802963,0.8,0.0,0.0,0.0,,0.72,
Cogent Communications,West Jackson,Colocation,Retail,Illinois,IL,Cook County,Chicago,41.878444573,-87.634575097,0.8,0.0,0.0,0.0,,0.4,
Midco,Sioux Falls Data Center II,Colocation,Retail,South Dakota,SD,Minnehaha County,Sioux Falls,43.512701025,-96.734099731,0.8,0.0,0.0,0.0,,0.1,
Lumen Technologies,Atlanta 6,Self-build,Self-build Network & Telco,Georgia,GA,Fulton County,Atlanta,33.754841399,-84.35876458,0.8,0.0,0.0,0.0,,0.8,
Lumen Technologies,Minnetonka Premier Select,Colocation,Retail,Minnesota,MN,Hennepin County,Hopkins,44.903789566,-93.42034137,0.8,0.0,0.0,0.0,,0.48,
Lumen Technologies,Santa Teresa 1,Self-build,Self-build Network & Telco,New Mexico,NM,Doña Ana County,Santa Teresa,31.867032733,-106.698149204,0.77,0.0,0.0,0.0,,0.77,
INOC,4 Tower Place (ALB3),Colocation,Retail,New York,NY,Albany County,Town of Guilderland,42.686001603,-73.842624702,0.75,0.0,0.0,0.0,,0.705,
Consolidated Business Services,"207 Southwest Columbia Street, Bend",Colocation,Retail,Oregon,OR,Deschutes County,Bend,44.047444213,-121.328562141,0.75,0.0,0.0,0.0,,0.582,1.13
InfraDMS,IDMS - BALT01,Colocation,Retail,Maryland,MD,,Baltimore,39.289371684,-76.610461011,0.75,0.0,0.0,0.0,,0.71,
OneNeck IT Solutions,"20845 Sockeye Place, Bend",Colocation,Retail,Oregon,OR,Deschutes County,Bend,44.086105705,-121.283035655,0.75,0.0,0.0,0.0,,0.75,
DartPoints,Spartanburg,Colocation,Retail,South Carolina,SC,Spartanburg County,,34.996580506,-82.03484317,0.75,0.0,0.0,0.0,,0.55,
Genworth,Genworth Financial,Self-build,,North Carolina,NC,Wake County,Raleigh,35.894036649,-78.650195642,0.75,0.0,0.0,0.0,,0.75,
Evocative,SJC7,Colocation,Retail,California,CA,Santa Clara County,San Jose,37.338477743,-121.910494506,0.75,0.0,0.0,0.0,,0.75,
OneNeck IT Solutions,Phoenix Data Center,Self-build,Self-build Systems Integrator/Managed Service Providers,Arizona,AZ,Maricopa County,Gilbert,33.355136707,-111.826875765,0.75,0.0,0.0,0.0,,0.75,
DataBank,LGA1,Colocation,Retail,New York,NY,New York County,New York,40.717928207,-74.008262987,0.74,0.0,0.0,0.0,,0.72,
Switch,The Core Campus - Las Vegas 4 - NAP4,Colocation,Retail,Nevada,NV,Clark County,Sunrise Manor,36.143658604,-115.076758795,0.737,0.0,0.0,0.0,,0.736,
Psychz Networks,Psychz 609 West 7th Street,Colocation,Retail,California,CA,Los Angeles County,Los Angeles,34.04776877,-118.25684656,0.7,0.0,0.0,0.0,,0.65,
Nexus,Nashville Data Center,Colocation,Retail,Tennessee,TN,Davidson County,Nashville,36.103359159,-86.669270901,0.5,0.0,0.0,0.5,,0.4,
DartPoints,Eastgate Cincinnati,Colocation,Retail,Ohio,OH,Clermont County,Union,39.087090945,-84.286171868,0.7,0.0,0.0,0.0,,0.42,
Liberty Center One,4815 Delemere Ave,Colocation,Retail,Michigan,MI,Oakland County,Royal Oak,42.533491195,-83.177492579,0.7,0.0,0.0,0.0,,0.36,
Cogent Communications,La Mirada,Colocation,Retail,California,CA,Los Angeles County,La Mirada,33.879714695,-118.02664328,0.7,0.0,0.0,0.0,,0.7,
Crown Castle,1 Federal Street,Colocation,Retail,Massachusetts,MA,Hampden County,Springfield,42.109809133,-72.576479364,0.7,0.0,0.0,0.0,,0.66,
Cambridge Network Solutions,35 McGrath Hwy,Self-build,Self-build Network & Telco,Massachusetts,MA,Middlesex County,Somerville,42.37466105,-71.082570543,0.7,0.0,0.0,0.0,,0.7,
365 Data Centers,Philadelphia - PH2,Colocation,Retail,Pennsylvania,PA,Philadelphia County,Philadelphia,39.956882783,-75.196253383,0.7,0.0,0.0,0.0,,0.67,
Fireline Broadband,Data Centre,Colocation,Retail,California,CA,Los Angeles County,Los Angeles,34.062277475,-118.358577731,0.7,0.0,0.0,0.0,,0.7,
DataBank,LGA2,Colocation,Retail,New York,NY,New York County,New York,40.741555076,-74.003024772,0.681,0.0,0.0,0.0,,0.665,
DataBank,DFW6,Colocation,Retail,Texas,TX,Dallas County,Dallas,32.838768826,-96.8650081,0.674,0.0,0.0,0.0,,0.61,
The University of Oklahoma,HSC Data Center,Self-build,Self-build Financial/Institutional,Oklahoma,OK,Oklahoma County,Oklahoma City,35.481646087,-97.494128052,0.67,0.0,0.0,0.0,,0.67,
KDDI Telehouse,Telehouse Los Angeles Center,Colocation,Retail,California,CA,Los Angeles County,Los Angeles,34.048431527,-118.257012831,0.665,0.0,0.0,0.0,,0.66,
MDC Data Centers,LDO1,Colocation,Retail,Texas,TX,Webb County,Laredo,27.690625119,-99.450217607,0.65,0.0,0.0,0.0,,0.52,
C Spire,MSU Thad Cochran Research Park,Colocation,Retail,Mississippi,MS,Oktibbeha County,Starkville,33.470533895,-88.791193867,0.65,0.0,0.0,0.0,,0.2,
ark Data Centers,Canton,Colocation,Retail,Ohio,OH,Stark County,Canton,40.832578994,-81.431953842,0.65,0.0,0.0,0.0,,0.33,
William & Mary,West Campus Utility Plant,Self-build,Self-build Other,Virginia,VA,Williamsburg (city),Williamsburg,37.26910039,-76.717830816,0.6,0.0,0.0,0.0,,0.6,
ImOn Communications,713 Nebraska St,Self-build,Self-build Network & Telco,Iowa,IA,Woodbury County,Sioux City,42.498067153,-96.403927789,0.6,0.0,0.0,0.0,,0.6,
702 Communications,Fiechtner Dr Fargo,Colocation,Retail,North Dakota,ND,Cass County,Fargo,46.868416489,-96.827275166,0.6,0.0,0.0,0.0,,0.3,
Unisecure,Unisecure Conshohocken,Colocation,Retail,Pennsylvania,PA,Montgomery County,Whitemarsh Township,40.076811939,-75.287258315,0.6,0.0,0.0,0.0,,0.58,
Montana Opticom,Bozeman Data Centre,Self-build,Self-build Systems Integrator/Managed Service Providers,Montana,MT,Gallatin County,Four Corners,45.673335247,-111.189709937,0.6,0.0,0.0,0.0,,0.6,
Hamilton,Aurora Data Centre,Colocation,Retail,Nebraska,NE,Hamilton County,Aurora,40.86667435,-98.002527716,0.6,0.0,0.0,0.0,,0.465,
CloudSmart,CloudSmart,Colocation,Retail,Connecticut,CT,South Central Connecticut Planning Region,Branford,41.29950739,-72.751717142,0.6,0.0,0.0,0.0,,0.56,
Data Canopy,"San Francisco, CA",Self-build,Self-build Systems Integrator/Managed Service Providers,California,CA,San Francisco County,San Francisco,37.779488597,-122.394105289,0.6,0.0,0.0,0.0,,0.6,
DataBank,SAN2,Colocation,Retail,California,CA,San Diego County,San Diego,32.809917072,-117.120918682,0.6,0.0,0.0,0.0,,0.6,
Interserver,TEB2,Colocation,Retail,New Jersey,NJ,Hudson County,Secaucus,40.786250879,-74.07377806,0.6,0.0,0.0,0.0,,0.57,
Crown Castle,101 East Town Street,Colocation,Retail,Ohio,OH,Franklin County,Columbus,39.958901878,-82.996927705,0.6,0.0,0.0,0.0,,0.3,
Agility Colo,7901 W Clinton Ave,Colocation,Retail,Wisconsin,WI,Milwaukee County,Milwaukee,43.151342026,-88.009644809,0.6,0.0,0.0,0.0,,0.3,
XO Communications,"XO Communications Washington, DC",Colocation,Retail,District of Columbia,DC,,Washington,38.945106482,-77.063320571,0.6,0.0,0.0,0.0,,0.56,
Lumen Technologies,Crowfarn Dr Memphis,Self-build,Self-build Network & Telco,Tennessee,TN,Shelby County,Memphis,35.028892945,-89.930607962,0.6,0.0,0.0,0.0,,0.6,
Lumen Technologies,San Antonio,Colocation,Retail,Texas,TX,Bexar County,San Antonio,29.47573,-98.390694,0.6,0.0,0.0,0.0,,0.4,
Colocation America,NYDC2,Colocation,Retail,New York,NY,New York County,New York,40.741587612,-74.003121329,0.6,0.0,0.0,0.0,,0.57,
Cogent Communications,"Denver, CO",Colocation,Retail,Colorado,CO,Denver County,Denver,39.630564708,-104.89686145,0.6,0.0,0.0,0.0,,0.51,
365 Data Centers,New York - NY10,Colocation,Retail,New York,NY,New York County,New York,40.70731924,-74.012393344,0.6,0.0,0.0,0.0,,0.504,
UPS,Windward Alpharetta Data Center,Self-build,Self-build Other,Georgia,GA,Forsyth County,Alpharetta,34.103526443,-84.215079195,0.6,0.0,0.0,0.0,,0.6,
Lumen Technologies,Bellevue Data  Centre,Colocation,Retail,Nebraska,NE,Sarpy County,Bellevue,41.185531395,-95.93613997,0.57,0.0,0.0,0.0,,0.345,
Evocative,OAK1,Colocation,Retail,California,CA,Alameda County,Emeryville,37.846812385,-122.293384531,0.54,0.0,0.0,0.0,,0.54,
Cologix,MIN4,Colocation,Retail,Minnesota,MN,Hennepin County,Minneapolis,44.971391398,-93.254590771,0.54,0.0,0.0,0.0,,0.54,1.72
MDC Data Centers,San Diego,Colocation,Retail,California,CA,San Diego County,San Diego,32.59423481,-117.085428995,0.5,0.0,0.0,0.0,,0.33,
Pinnacle Technical Solutions,Pinnacle Technical Solutions Data Center,Colocation,Retail,West Virginia,WV,Putnam County,Nitro,38.443022322,-81.830517061,0.5,0.0,0.0,0.0,,0.485,
Flō Networks,WestStar Tower,Self-build,Self-build Network & Telco,Texas,TX,El Paso County,El Paso,31.761835043,-106.490415426,0.5,0.0,0.0,0.0,,0.5,
Plateau,Clovis,Colocation,Retail,New Mexico,NM,Curry County,Clovis,34.472076108,-103.195108112,0.5,0.0,0.0,0.0,,0.25,
Heartland Technology,1151 12th St,Colocation,Retail,Iowa,IA,Buchanan County,Jesup,42.471138693,-92.054148632,0.5,0.0,0.0,0.0,,0.25,
LKQ Corp,LKQ Nashville Headquarters,Self-build,,Tennessee,TN,Davidson County,Antioch,36.03934353,-86.639998773,0.5,0.0,0.0,0.0,,0.5,
Duke Energy,9626 David Taylor Dr,Self-build,Self-build Other,North Carolina,NC,Mecklenburg County,Charlotte,35.325613444,-80.754629348,0.5,0.0,0.0,0.0,,0.5,
Cologix,NNJ4,Colocation,Retail,New Jersey,NJ,Morris County,Hanover Township,40.834000846,-74.448085331,0.5,0.0,0.0,0.0,,0.45,
University of Hawaii,UH IT Center,Self-build,Self-build Financial/Institutional,Hawaii,HI,Honolulu County,Honolulu,21.299508492,-157.816607929,0.5,0.0,0.0,0.0,,0.5,
Pixel Factory,Pixel Factory Data Center,Colocation,Retail,Virginia,VA,Hanover County,Poindexters,37.699179837,-77.436478489,0.5,0.0,0.0,0.0,,0.44,
EdgeConneX,EDCSDG01,Colocation,Retail,California,CA,San Diego County,San Diego,32.841533406,-117.169903395,0.5,0.0,0.0,0.0,,0.36,
The University of Oklahoma,Norman Data Center,Self-build,Self-build Financial/Institutional,Oklahoma,OK,Cleveland County,Norman,35.183737536,-97.437127621,0.5,0.0,0.0,0.0,,0.5,
Aptum,Aptum Los Angeles,Colocation,Retail,California,CA,Los Angeles County,Los Angeles,34.047986994,-118.240132053,0.5,0.0,0.0,0.0,,0.49,
MIDCON Recovery Solutions,Oklahoma City,Colocation,Retail,Oklahoma,OK,Oklahoma County,Oklahoma City,35.606944461,-97.500106365,0.5,0.0,0.0,0.0,,0.3,
DataBank,Memphis Data Center,Colocation,Retail,Tennessee,TN,Shelby County,Memphis,35.203177112,-89.808871031,0.5,0.0,0.0,0.0,,0.4,
US Signal,Southfield,Colocation,Retail,Michigan,MI,Oakland County,Southfield,42.447325379,-83.256712207,0.5,0.0,0.0,0.0,,0.326,
TierPoint,Kansas City,Colocation,Retail,Missouri,MO,Platte County,Kansas City,39.290361069,-94.685000187,0.5,0.0,0.0,0.0,,0.25,
TechVault,TechVault Facility,Colocation,Retail,Vermont,VT,Chittenden County,South Burlington,44.454129458,-73.142005021,0.5,0.0,0.0,0.0,,0.44,
Cologix,MIN2,Colocation,Retail,Minnesota,MN,Hennepin County,Minneapolis,44.971513,-93.254739,0.5,0.0,0.0,0.0,,0.5,1.17
CityNet Telecom,"Citynet Bridgeport, WV",Colocation,Retail,West Virginia,WV,Harrison County,Bridgeport,39.276700172,-80.270143622,0.5,0.0,0.0,0.0,,0.475,
Synoptek,Synoptek,Self-build,Self-build Systems Integrator/Managed Service Providers,New York,NY,Monroe County,Town of Pittsford,43.049251374,-77.466625273,0.5,0.0,0.0,0.0,,0.5,
Stafford Associates,Stafford Associates Long Island Data Centre,Colocation,Retail,New York,NY,Suffolk County,Town of Brookhaven,40.930554049,-73.113910809,0.5,0.0,0.0,0.0,,0.475,
OnePartner,OnePartner ATAC,Colocation,Retail,Virginia,VA,Scott County,Duffield,36.711548593,-82.80236206,0.5,0.0,0.0,0.0,,0.46,
CityNet Telecom,"Citynet Charleston, WV",Colocation,Retail,West Virginia,WV,Kanawha County,Charleston,38.352491421,-81.640313814,0.5,0.0,0.0,0.0,,0.47,
C Spire,Ridgeland,Colocation,Retail,Mississippi,MS,Madison County,Ridgeland,32.437326538,-90.147241514,0.5,0.0,0.0,0.0,,0.1,
Flexential,Salt Lake City - Millcreek,Colocation,Retail,Utah,UT,Salt Lake County,Murray,40.685499342,-111.885037952,0.5,0.0,0.0,0.0,,0.25,1.4
Dynamic Quest,Greensboro,Self-build,Self-build Systems Integrator/Managed Service Providers,North Carolina,NC,Guilford County,Greensboro,36.049748851,-79.88159805,0.5,0.0,0.0,0.0,,0.5,
DataBank,(DEN4) Westminster,Colocation,Retail,Colorado,CO,Adams County,Broomfield,39.884617,-105.080028,0.5,0.0,0.0,0.0,,0.5,
Cogent Communications,San Diego  Data Centre,Colocation,Retail,California,CA,San Diego County,San Diego,32.717717294,-117.159623429,0.5,0.0,0.0,0.0,,0.49,
Hivelocity,ColoHouse Philadelphia,Colocation,Retail,Pennsylvania,PA,Philadelphia County,Philadelphia,39.950499581,-75.179971971,0.5,0.0,0.0,0.0,,0.46,
FirstLight Fiber,FirstLight Lebanon,Colocation,Retail,New Hampshire,NH,Grafton County,Lebanon,43.678966521,-72.25604565,0.5,0.0,0.0,0.0,,0.46,
FirstLight Fiber,FirstLight Rockland,Colocation,Retail,Massachusetts,MA,Plymouth County,Rockland,42.166310526,-70.898283871,0.5,0.0,0.0,0.0,,0.48,
DataBank,SLC1,Colocation,Retail,Utah,UT,Salt Lake County,Salt Lake City,40.768526877,-111.885842377,0.5,0.0,0.0,0.0,,0.25,
Metronet,Evansville,Self-build,Self-build Network & Telco,Indiana,IN,Vanderburgh County,Evansville,38.011874987,-87.483719603,0.5,0.0,0.0,0.0,,0.5,
Celito Communications,Raleigh Data Center,Colocation,Retail,North Carolina,NC,Wake County,Raleigh,35.798468838,-78.731140557,0.5,0.0,0.0,0.0,,0.5,
SDN Communications,Sioux Falls 2,Self-build,Self-build Network & Telco,South Dakota,SD,Minnehaha County,Sioux Falls,43.546703817,-96.76412528,0.5,0.0,0.0,0.0,,0.5,
Lumen Technologies,Lumen Springfield,Colocation,Retail,Massachusetts,MA,Hampden County,Springfield,42.109783042,-72.576516662,0.5,0.0,0.0,0.0,,0.36,
Cologix,COL1,Colocation,Retail,Ohio,OH,Franklin County,Worthington,40.115943,-83.001612,0.5,0.0,0.0,0.0,,0.49,1.3
Aecero,Aecero Data Center,Colocation,Retail,California,CA,Orange County,Anaheim,33.848900819,-117.970830186,0.5,0.0,0.0,0.0,,0.36,
Lumen Technologies,1918 Wake Forest Rd,Colocation,Retail,North Carolina,NC,Wake County,Raleigh,35.805852394,-78.624199567,0.5,0.0,0.0,0.0,,0.2,
Lumen Technologies,Lubbock 1,Colocation,Retail,Texas,TX,Harris County,Houston,29.771350272,-95.351013693,0.5,0.0,0.0,0.0,,0.4,
Lumen Technologies,Tucson Data Center,Colocation,Retail,Arizona,AZ,Pima County,Tucson,32.224277284,-110.968945152,0.5,0.0,0.0,0.0,,0.5,
Dynamic Internet,Dynamic Internet Data Center,Colocation,Retail,New Hampshire,NH,Rockingham County,Salem,42.763071424,-71.241751669,0.5,0.0,0.0,0.0,,0.445,
Verizon,100 S Charles Street,Self-build,Self-build Network & Telco,Maryland,MD,City of Baltimore,Baltimore,39.287263511,-76.615489356,0.5,0.0,0.0,0.0,,0.5,
Mid-West Data Depot,South Bend - Monroe,Colocation,Retail,Indiana,IN,St. Joseph County,South Bend,41.670743,-86.24628,0.5,0.0,0.0,0.0,,0.5,
IC2NET,IC2NET Tustin,Colocation,Retail,California,CA,Orange County,Tustin,33.717331097,-117.803262389,0.5,0.0,0.0,0.0,,0.48,
Crown Castle,300 Carpenter St,Colocation,Retail,Rhode Island,RI,Providence County,Providence,41.817910586,-71.428852436,0.5,0.0,0.0,0.0,,0.475,
TW Telecom,Durham NC,Self-build,Self-build Network & Telco,North Carolina,NC,Durham County,Durham,35.962022697,-78.870981988,0.5,0.0,0.0,0.0,,0.5,
Lumen Technologies,Lumen Sacramento,Colocation,Retail,California,CA,Sacramento County,Sacramento,38.591844874,-121.48803766,0.5,0.0,0.0,0.0,,0.49,
Lumen Technologies,Metairie,Self-build,Self-build Network & Telco,Louisiana,LA,Jefferson Parish,Metairie,29.97223377,-90.157814661,0.5,0.0,0.0,0.0,,0.5,
Lumen Technologies,Nashville Data Center,Colocation,Retail,Tennessee,TN,Davidson County,Nashville,36.188857274,-86.803566156,0.5,0.0,0.0,0.0,,0.4,
Lenovo,RTP,Self-build,Self-build Other,North Carolina,NC,Wake County,Morrisville,35.865748067,-78.873849679,0.5,0.0,0.0,0.0,,0.5,
Consolidated Communications,Consolidated Communications McClellan,Colocation,Retail,California,CA,Sacramento County,,38.660101923,-121.385390406,0.5,0.0,0.0,0.0,,0.49,
CBTS,"CBTS - Indianapolis, IN",Self-build,Self-build Systems Integrator/Managed Service Providers,Indiana,IN,Hamilton County,Indianapolis,39.929607912,-86.149087983,0.5,0.0,0.0,0.0,,0.5,
CARI.net,San Diego,Colocation,Retail,California,CA,San Diego County,San Diego,32.82951352,-117.133680822,0.5,0.0,0.0,0.0,,0.5,
Netrality Data Centers,St. Louis - 900 Walnut,Colocation,Retail,Missouri,MO,,St. Louis,38.625485606,-90.195200543,0.5,0.0,0.0,0.0,,0.47,
ManagedWay,Troy Datacenter,Colocation,Retail,Michigan,MI,Oakland County,Troy,42.537241947,-83.099880819,0.5,0.0,0.0,0.0,,0.25,
Lumen Technologies,1150 Legal Row,Colocation,Retail,Texas,TX,Dallas County,Dallas,32.828135786,-96.884407129,0.5,0.0,0.0,0.0,,0.47,
Lumen Technologies,316 N Pearl Street,Self-build,Self-build Network & Telco,New York,NY,Albany County,City of Albany,42.661453701,-73.747612478,0.5,0.0,0.0,0.0,,0.5,
Xfernet,Xfernet Los Angeles,Colocation,Retail,California,CA,Los Angeles County,Los Angeles,34.061507874,-118.293301614,0.5,0.0,0.0,0.0,,0.49,
Consolidated Communications,Consolidated Communications Citrus Heights,Colocation,Retail,California,CA,Sacramento County,Citrus Heights,38.697436241,-121.283023716,0.5,0.0,0.0,0.0,,0.49,
C Spire,Hattiesburg,Self-build,Self-build Network & Telco,Mississippi,MS,Forrest County,Hattiesburg,31.319607273,-89.389293175,0.5,0.0,0.0,0.0,,0.5,
Verizon,Memphis,Self-build,Self-build Network & Telco,Tennessee,TN,Shelby County,Memphis,35.108628528,-89.890965127,0.5,0.0,0.0,0.0,,0.5,
Verizon,Waltham - 36 Spring St,Self-build,,Massachusetts,MA,Middlesex County,Waltham,42.37765144,-71.239071978,0.5,0.0,0.0,0.0,,0.5,
EBS Data.net,EBS Data.net,Colocation,Retail,South Carolina,SC,Charleston County,Charleston,32.779227698,-79.926747287,0.5,0.0,0.0,0.0,,0.45,
Charter Communications,213 N Harrington St,Self-build,Self-build Network & Telco,North Carolina,NC,Wake County,Raleigh,35.783480354,-78.645194394,0.5,0.0,0.0,0.0,,0.5,
Westelcom,Westelcom Watertown,Self-build,Self-build Network & Telco,New York,NY,Jefferson County,City of Watertown,43.974749859,-75.91355894,0.5,0.0,0.0,0.0,,0.5,
MDC Data Centers,ELP1,Colocation,Retail,Texas,TX,El Paso County,El Paso,31.75000403,-106.309947441,0.5,0.0,0.0,0.0,,0.4,
Lumen Technologies,Lumen Pittsburgh,Colocation,Retail,Pennsylvania,PA,Allegheny County,Pittsburgh,40.425411338,-79.970356039,0.5,0.0,0.0,0.0,,0.495,
LOGIX,Austin,Colocation,Retail,Texas,TX,Travis County,Austin,30.26124534,-97.7220813,0.5,0.0,0.0,0.0,,0.5,2.7
EdgeConneX,EDCTAL01,Colocation,Wholesale,Florida,FL,Leon County,Tallahassee,30.47208,-84.353205,0.25,0.0,0.25,0.0,,0.24,
Parsec Data Management,Billings Data Centre,Colocation,Retail,Montana,MT,Yellowstone County,Billings,45.742714201,-108.603111395,0.45,0.0,0.0,0.0,,0.45,
CenturyLink,3944 E Silvestri Lane,Self-build,Self-build Network & Telco,Nevada,NV,Clark County,Paradise,36.077080005,-115.088219011,0.45,0.0,0.0,0.0,,0.45,
Epsilon,Epsilon 60 Hudson Street,Colocation,Retail,New York,NY,New York County,New York,40.717879437,-74.008316629,0.45,0.0,0.0,0.0,,0.43,
Verizon,Henderson Data Center,Self-build,Self-build Network & Telco,Nevada,NV,Clark County,Henderson,36.028133839,-115.08895175,0.439,0.0,0.0,0.0,,0.439,
Binary Net,Sharp Annex,Colocation,Retail,Nebraska,NE,Lancaster County,Lincoln,40.812078668,-96.702295559,0.43,0.0,0.0,0.0,,0.345,
DataBank,AUS1,Colocation,Retail,Texas,TX,Travis County,Austin,30.436079921,-97.766071356,0.405,0.0,0.0,0.0,,0.35,
Ritter Communications,Data Technology Center Jonesboro,Colocation,Retail,Arkansas,AR,Craighead County,Jonesboro,35.815429763,-90.689368961,0.4,0.0,0.0,0.0,,0.15,
Midco,Grand Forks Data Center,Colocation,Retail,North Dakota,ND,Grand Forks County,Grand Forks,47.888873785,-97.07615089,0.4,0.0,0.0,0.0,,0.1,
DataBank,CLE1,Colocation,Retail,Ohio,OH,Cuyahoga County,Cleveland,41.501168314,-81.683470642,0.4,0.0,0.0,0.0,,0.2,
LightEdge,Raleigh Data Center,Colocation,Retail,North Carolina,NC,Wake County,Raleigh,35.907487177,-78.778683586,0.4,0.0,0.0,0.0,,0.39,
Vaultas,"Alexandria, MN",Colocation,Retail,Minnesota,MN,Douglas County,Alexandria,45.883818631,-95.376469098,0.4,0.0,0.0,0.0,,0.2,
MDC Data Centers,MCA1,Colocation,Retail,Texas,TX,Hidalgo County,McAllen,26.201969742,-98.231645911,0.4,0.0,0.0,0.0,,0.36,
DartPoints,Dartpoint CMH01,Colocation,Retail,Ohio,OH,Franklin County,Dublin,40.093157009,-83.133698146,0.4,0.0,0.0,0.0,,0.24,
BlueBridge Networks,Sterling Building,Self-build,Self-build Systems Integrator/Managed Service Providers,Ohio,OH,Cuyahoga County,Cleveland,41.501168314,-81.683470642,0.4,0.0,0.0,0.0,,0.4,
TierPoint,Sioux Falls - East Data Center,Colocation,Retail,South Dakota,SD,Minnehaha County,Sioux Falls,43.595898366,-96.717211701,0.4,0.0,0.0,0.0,,0.32,
Equinix,DE1,Colocation,Retail,Colorado,CO,Arapahoe County,Centennial,39.58734,-104.876513,0.4,0.0,0.0,0.0,,0.4,1.5
Colocation America,LADC2,Colocation,Retail,California,CA,Los Angeles County,Los Angeles,34.04866425,-118.255578202,0.4,0.0,0.0,0.0,,0.39,
Cogent Communications,Waltham,Colocation,Retail,Massachusetts,MA,Middlesex County,Waltham,42.393349258,-71.255704342,0.4,0.0,0.0,0.0,,0.36,
eNET,eNET Columbus Ohio,Colocation,Retail,Ohio,OH,Franklin County,Columbus,40.083084377,-82.938481029,0.4,0.0,0.0,0.0,,0.2,
ICS Technology Group,ICS Corporate Center 1,Self-build,Self-build Network & Telco,Ohio,OH,Franklin County,Columbus,39.958777639,-82.997643648,0.4,0.0,0.0,0.0,,0.4,
BestLine Communications,Austin,Self-build,Self-build Network & Telco,Texas,TX,Travis County,Austin,30.274274164,-97.74290126,0.4,0.0,0.0,0.0,,0.4,
365 Data Centers,365 Data Centers Detroit,Colocation,Retail,Michigan,MI,Oakland County,Southfield,42.469860551,-83.259874397,0.4,0.0,0.0,0.0,,0.2,
Fredi Home Improvement,2 Elm Street,Colocation,Retail,Connecticut,CT,Naugatuck Valley Planning Region,Ansonia,41.333114589,-73.073324358,0.0,0.0,0.0,1.0,,0.0,
Binary Net,The Vault,Colocation,Retail,Nebraska,NE,Lancaster County,Lincoln,40.812791915,-96.702318111,0.38,0.0,0.0,0.0,,0.342,
ark Data Centers,Youngstown North,Colocation,Retail,Ohio,OH,Mahoning County,Youngstown,41.118389477,-80.657026295,0.37,0.0,0.0,0.0,,0.3,
Roper St. Francis,Roper St. Francis Data Center,Self-build,,South Carolina,SC,Charleston County,North Charleston,32.967717429,-80.108945958,0.36,0.0,0.0,0.0,,0.36,
Cogent Communications,Vienna,Colocation,Retail,Virginia,VA,Fairfax County,Tysons,38.913079075,-77.227354731,0.36,0.0,0.0,0.0,,0.345,
Segra,CLT1,Colocation,Retail,North Carolina,NC,Mecklenburg County,Charlotte,35.19391461,-80.936764248,0.35,0.0,0.0,0.0,,0.3,
The Division of Information Systems (DIS),Arkansas,Self-build,Self-build Financial/Institutional,Arkansas,AR,Pulaski County,Little Rock,34.747557764,-92.290983733,0.35,0.0,0.0,0.0,,0.35,
Lumen Technologies,112 N Myers St,Self-build,Self-build Network & Telco,North Carolina,NC,Mecklenburg County,Charlotte,35.221557556,-80.835422897,0.35,0.0,0.0,0.0,,0.35,
Cogent Communications,Columbus,Colocation,Retail,Ohio,OH,Franklin County,Columbus,39.968125847,-82.995553245,0.35,0.0,0.0,0.0,,0.17,
Lumen Technologies,4270 E Sahara Ave,Colocation,Retail,Nevada,NV,Clark County,Sunrise Manor,36.144686198,-115.081490636,0.33,0.0,0.0,0.0,,0.33,
American Tower,Highway 90,Colocation,Retail,Texas,TX,Bexar County,San Antonio,29.400496752,-98.640385833,0.3,0.0,0.0,0.0,,0.0,
Unisecure,Unisecure Philadelphia,Colocation,Retail,Pennsylvania,PA,Philadelphia County,Philadelphia,39.950335087,-75.180036344,0.3,0.0,0.0,0.0,,0.27,
ATI Solutions,DC-1,Colocation,Retail,Virginia,VA,Fairfax County,South Riding,38.908349871,-77.475293389,0.3,0.0,0.0,0.0,,0.29,
123NET,Grand Rapids (DC4),Colocation,Retail,Michigan,MI,Kent County,Byron,42.825471018,-85.672621287,0.3,0.0,0.0,0.0,,0.15,
Swift Systems,7340 Executive Way,Self-build,Self-build Systems Integrator/Managed Service Providers,Maryland,MD,Frederick County,Ballenger Creek,39.368520892,-77.406150831,0.3,0.0,0.0,0.0,,0.3,
TierPoint,Archer Data Center,Colocation,Retail,Oklahoma,OK,Tulsa County,Tulsa,36.158696864,-95.988642198,0.3,0.0,0.0,0.0,,0.25,
Hawaiian Telcom,Endeavor Data Center,Colocation,Retail,Hawaii,HI,Honolulu County,Honolulu,21.331787995,-157.887957991,0.3,0.0,0.0,0.0,,0.3,
Crown Castle,960 Main Street,Colocation,Retail,Connecticut,CT,Hartford,Hartford,41.768522918,-72.672207904,0.3,0.0,0.0,0.0,,0.255,
ark Data Centers,Duluth I,Colocation,Retail,Minnesota,MN,Saint Louis County,Duluth,46.795732815,-92.096088126,0.3,0.0,0.0,0.0,,0.3,
Cologix,MIN1,Colocation,Retail,Minnesota,MN,Hennepin County,Minneapolis,44.971513,-93.254739,0.3,0.0,0.0,0.0,,0.3,1.17
Crown Castle,5 Central Street,Colocation,Retail,Rhode Island,RI,Providence County,Providence,41.814942986,-71.421717709,0.3,0.0,0.0,0.0,,0.29,
Flō Networks,500 W Overland Ave,Self-build,Self-build Network & Telco,Texas,TX,El Paso County,El Paso,31.75537996,-106.493181902,0.3,0.0,0.0,0.0,,0.3,
Lumen Technologies,Cleveland Premier Select,Colocation,Retail,Ohio,OH,Cuyahoga County,Cleveland,41.505037147,-81.657788789,0.3,0.0,0.0,0.0,,0.15,
TierPoint,Milwaukee,Colocation,Retail,Wisconsin,WI,Milwaukee County,Milwaukee,43.009620382,-87.961089189,0.3,0.0,0.0,0.0,,0.15,
Lumen Technologies,4187 E Sahara Ave,Colocation,Retail,Nevada,NV,Clark County,Sunrise Manor,36.143969538,-115.083290858,0.3,0.0,0.0,0.0,,0.3,
DartPoints,"Baton Rouge, LA1",Colocation,Retail,Louisiana,LA,East Baton Rouge Parish,Baton Rouge,30.453787915,-91.116319975,0.3,0.0,0.0,0.0,,0.2,
CoreSite,DE2,Colocation,Retail,Colorado,CO,,Denver,39.7452408,-104.97934827,0.3,0.0,0.0,0.0,,0.3,
Vision Net,Billings Fiber Hotel,Colocation,Retail,Montana,MT,Yellowstone County,Billings,45.781065521,-108.512626186,0.3,0.0,0.0,0.0,,0.294,
Corserva,Corserva Connecticut,Self-build,Self-build Systems Integrator/Managed Service Providers,Connecticut,CT,Greater Bridgeport Planning Region,Trumbull,41.296968894,-73.229167874,0.3,0.0,0.0,0.0,,0.3,
Data Foundry,Houston 1,Colocation,Retail,Texas,TX,Harris County,Houston,29.749287781,-95.472295266,0.3,0.0,0.0,0.0,,0.29,
COMSAT,7000 Pine Grove Road Teleport,Self-build,Self-build Network & Telco,California,CA,Ventura County,Santa Paula,34.402030651,-119.073323515,0.3,0.0,0.0,0.0,,0.3,
Joe's Datacenter,Joe's Datacenter,Colocation,Retail,Missouri,MO,Jackson County,Kansas City,39.097215542,-94.567244233,0.25,0.0,0.0,0.0,,0.195,
Midco,Yankton Data Center,Colocation,Retail,South Dakota,SD,Yankton County,Yankton,42.892002391,-97.416511243,0.25,0.0,0.0,0.0,,0.2,
"Business Communications, Inc.",BCI Data Center,Self-build,Self-build Systems Integrator/Managed Service Providers,Mississippi,MS,Madison County,Ridgeland,32.415887596,-90.172363962,0.25,0.0,0.0,0.0,,0.25,
Optic Fusion,Tacoma,Colocation,Retail,Washington,WA,Pierce County,Tacoma,47.253352527,-122.436596431,0.25,0.0,0.0,0.0,,0.25,
Verizon,Waltham,Self-build,Self-build Network & Telco,Massachusetts,MA,Middlesex County,Waltham,42.377652396,-71.239032954,0.25,0.0,0.0,0.0,,0.25,
Lumen Technologies,4485 East Sahara,Colocation,Retail,Nevada,NV,Clark County,Sunrise Manor,36.142771086,-115.077524013,0.25,0.0,0.0,0.0,,0.25,
Colocation Northwest,Redmond,Colocation,Retail,Washington,WA,King County,Redmond,47.632489,-122.138512,0.25,0.0,0.0,0.0,,0.25,
Northland Communications,Northland Communications Syracuse,Colocation,Retail,New York,NY,Onondaga County,Syracuse,43.057569864,-76.157354935,0.25,0.0,0.0,0.0,,0.242,
Crown Castle,5 Landmark Square,Colocation,Retail,Connecticut,CT,Western Connecticut Planning Region,Stamford,41.054370589,-73.537598243,0.25,0.0,0.0,0.0,,0.22,
Charter Communications,301 S Elm St,Self-build,Self-build Network & Telco,North Carolina,NC,Guilford County,Greensboro,36.069991376,-79.79022812,0.25,0.0,0.0,0.0,,0.25,
North Data Center,Great Falls Data Center,Colocation,Retail,Montana,MT,Cascade County,Great Falls,47.505617061,-111.299836165,0.24,0.0,0.0,0.0,,0.232,
JSLLC,Bozeman Data Center,Colocation,Retail,Montana,MT,Gallatin County,Bozeman,45.680659792,-111.035356459,0.24,0.0,0.0,0.0,,0.236,
Lumen Technologies,1 Aerojet Way,Self-build,Self-build Network & Telco,Nevada,NV,Clark County,North Las Vegas,36.236613022,-115.117281842,0.232,0.0,0.0,0.0,,0.232,
Pioneer Broadband,Pioneer Broadband Data Center,Colocation,Retail,Maine,ME,Aroostook County,Presque Isle,46.681464872,-68.015102826,0.23,0.0,0.0,0.0,,0.0,
CenturyLink,Bandon Data Center,Colocation,Retail,Oregon,OR,Coos County,Bandon,43.247707617,-124.38386926,0.22,0.0,0.0,0.0,,0.22,
Exa Infrastructure,EXA New York,Colocation,Retail,New York,NY,New York County,New York,40.717721,-74.0101,0.21,0.0,0.0,0.0,,0.19,
Switch,The Core Campus - Las Vegas 3,Colocation,Retail,Nevada,NV,Clark County,Sunrise Manor,36.142743132,-115.076724127,0.207,0.0,0.0,0.0,,0.207,
St. Louis  Park Public Schools,St. Louis Park Public Schools,Self-build,Self-build Public Sector,Minnesota,MN,Hennepin County,Saint Louis Park,44.939532754,-93.361454776,0.2,0.0,0.0,0.0,,0.2,
Edge Centres,EC101,Colocation,Retail,California,CA,Los Angeles County,Los Angeles,34.049253098,-118.257018545,0.0,0.2,0.0,0.0,,0.15,1.1
Synoptek,Synoptek Sacramento,Self-build,Self-build Systems Integrator/Managed Service Providers,California,CA,Placer County,Roseville,38.743392474,-121.234117729,0.2,0.0,0.0,0.0,,0.2,
PointVoip,PointVoip,Self-build,Self-build Network & Telco,New York,NY,Suffolk County,Town of Islip,40.787995412,-73.126748022,0.2,0.0,0.0,0.0,,0.2,
Flexential,Salt Lake City - Lindon,Colocation,Retail,Utah,UT,Utah County,Lindon,40.332523762,-111.72797009,0.2,0.0,0.0,0.0,,0.2,2.0
Brownrice Internet,Taos Data Center,Self-build,Self-build Systems Integrator/Managed Service Providers,New Mexico,NM,Taos County,Taos,36.387669515,-105.588018805,0.2,0.0,0.0,0.0,,0.2,1.15
Verizon,Attleboro - 39 Bank St,Self-build,Self-build Network & Telco,Massachusetts,MA,Bristol County,Attleboro,41.946115831,-71.283200669,0.2,0.0,0.0,0.0,,0.2,
VTX1 Companies,Laredo,Self-build,Self-build Network & Telco,Texas,TX,Webb County,Laredo,27.506554603,-99.501419712,0.2,0.0,0.0,0.0,,0.2,
Segra,771 Chicago Avenue,Self-build,Self-build Network & Telco,Virginia,VA,City of Harrisonburg,Harrisonburg,38.459312103,-78.874748336,0.2,0.0,0.0,0.0,,0.2,
FiberHub,LAS1,Colocation,Retail,Nevada,NV,Clark County,Paradise,36.066158098,-115.138294681,0.2,0.0,0.0,0.0,,0.19,
Synoptek,Synoptek Irvine,Self-build,Self-build Systems Integrator/Managed Service Providers,California,CA,Orange County,Irvine,33.658101631,-117.859291491,0.2,0.0,0.0,0.0,,0.2,
ITS,22068 Business Hwy 151,Colocation,Retail,Iowa,IA,Jones County,Monticello,42.253048529,-91.160988557,0.2,0.0,0.0,0.0,,0.1,
CenturyLink,10 Airline Drive,Self-build,Self-build Network & Telco,New York,NY,Albany County,Town of Colonie,42.735790742,-73.818286426,0.2,0.0,0.0,0.0,,0.2,
CenturyLink,8145 Staples Mill Road,Self-build,Self-build Network & Telco,Virginia,VA,Henrico County,Richmond,37.623927542,-77.502345023,0.2,0.0,0.0,0.0,,0.2,
INOC,80 State Street (ALB1),Colocation,Retail,New York,NY,Albany County,City of Albany,42.649362678,-73.752690479,0.2,0.0,0.0,0.0,,0.191,
GigeNET,Chicago,Colocation,Retail,Illinois,IL,Cook County,Arlington Heights,42.0404824,-87.976075728,0.2,0.0,0.0,0.0,,0.2,
Vision Net,Helena Data Center,Colocation,Retail,Montana,MT,Lewis and Clark County,Helena,46.597059433,-112.02442915,0.2,0.0,0.0,0.0,,0.2,
QTS Datacenters,Overland Park - Kansas City Data Center,Self-build,Self-build Other,Kansas,KS,Johnson County,Overland Park,38.896221,-94.673435,0.2,0.0,0.0,0.0,,0.2,
Lumen Technologies,220 Gardner Street,Self-build,Self-build Network & Telco,Nevada,NV,Washoe County,Reno,39.525007036,-119.826991819,0.2,0.0,0.0,0.0,,0.2,
I-Evolve,I-Evolve Getzville,Self-build,Self-build Network & Telco,New York,NY,Erie County,Town of Amherst,43.017998499,-78.784729357,0.2,0.0,0.0,0.0,,0.2,
5Nines,Madison,Colocation,Retail,Wisconsin,WI,Dane County,Madison,43.073345674,-89.387006625,0.2,0.0,0.0,0.0,,0.1,
Wintek,Data Centre - Wintek,Colocation,Retail,Indiana,IN,Tippecanoe County,Lafayette,40.421527661,-86.890377583,0.2,0.0,0.0,0.0,,0.19,
MCNC,RTP,Colocation,Retail,North Carolina,NC,Durham County,,35.919704151,-78.870245729,0.2,0.0,0.0,0.0,,0.2,
Lumen Technologies,23901 E 6th Avenue,Self-build,Self-build Network & Telco,Colorado,CO,Arapahoe County,Aurora District,39.726156819,-104.709926242,0.2,0.0,0.0,0.0,,0.2,
Flexential,Salt Lake City - Fair Park,Colocation,Retail,Utah,UT,Salt Lake County,Salt Lake City,40.766788131,-111.920101682,0.2,0.0,0.0,0.0,,0.2,1.7
Infotel,Richmond VOIP Facility,Self-build,Self-build Network & Telco,Virginia,VA,Henrico County,Lakeside,37.613174701,-77.473402904,0.2,0.0,0.0,0.0,,0.2,
Meganet,Meganet Foundry Data Center,Colocation,Retail,Rhode Island,RI,Providence County,Providence,41.829377809,-71.420984219,0.2,0.0,0.0,0.0,,0.193,
eLink,eLink Johns Island,Colocation,Retail,South Carolina,SC,Charleston County,Charleston,32.730101417,-80.058935416,0.2,0.0,0.0,0.0,,0.18,
BluegrassNet,321 East Breckinridge Street,Self-build,,Kentucky,KY,Jefferson County,Louisville,38.241226137,-85.749339654,0.2,0.0,0.0,0.0,,0.2,
IgLou Internet Services,3315 Gilmore Industrial Blvd,Colocation,Retail,Kentucky,KY,Jefferson County,Louisville,38.178415578,-85.700213485,0.2,0.0,0.0,0.0,,0.13,
CenturyLink,144 Henry Street,Self-build,Self-build Network & Telco,New York,NY,Broome County,City of Binghamton,42.102036576,-75.904257506,0.2,0.0,0.0,0.0,,0.2,
SMS Data Center,SMS Irvine,Colocation,Retail,California,CA,Orange County,Irvine,33.683283204,-117.843929489,0.2,0.0,0.0,0.0,,0.2,
Lumen Technologies,1401 Main St,Self-build,Self-build Network & Telco,South Carolina,SC,Richland County,Columbia,34.004223966,-81.035215542,0.2,0.0,0.0,0.0,,0.2,
Goonhilly Earth Station,2120  River Road Teleport,Self-build,Self-build Network & Telco,Connecticut,CT,Naugatuck Valley Planning Region,Southbury,41.451739901,-73.289358812,0.2,0.0,0.0,0.0,,0.2,
CyberOne Data,Wisconsin,Colocation,Retail,Wisconsin,WI,Wood County,Port Edwards,44.34256366,-89.85974262,0.18,0.0,0.0,0.0,,0.09,
Dedispec,"Berkeley Springs, West Virginia",Colocation,Retail,West Virginia,WV,Morgan County,Bath,39.630944277,-78.225227007,0.169,0.0,0.0,0.0,,0.0,
Syringa Networks,Boise Data Center,Colocation,Retail,Idaho,ID,Ada County,Boise,43.568940877,-116.208820469,0.162,0.0,0.0,0.0,,0.162,
Consolidated Communications,Fargo Data Center,Colocation,Retail,North Dakota,ND,Cass County,Fargo,46.831699384,-96.849170184,0.16,0.0,0.0,0.0,,0.1,
Edge Centres,EC102,Colocation,Retail,Missouri,MO,City of St. Louis,St. Louis,38.62632926,-90.181920355,0.15,0.0,0.0,0.0,,0.15,1.1
Verizon,Milford - 9 Water St,Self-build,Self-build Network & Telco,Massachusetts,MA,Worcester County,Milford,42.138701089,-71.523793342,0.15,0.0,0.0,0.0,,0.15,
The University of Oklahoma,Tulsa Data Center,Self-build,Self-build Financial/Institutional,Oklahoma,OK,Tulsa County,Tulsa,36.101859376,-95.924605291,0.15,0.0,0.0,0.0,,0.15,
Verizon,Hyannis - 49 Ocean St,Self-build,Self-build Network & Telco,Massachusetts,MA,Barnstable,Barnstable County,41.652080733,-70.281820645,0.15,0.0,0.0,0.0,,0.15,
Colocation Northwest,Tacoma,Colocation,Retail,Washington,WA,Pierce County,Tacoma,47.253285,-122.436702,0.15,0.0,0.0,0.0,,0.15,
Lumen Technologies,Spartanburg,Self-build,Self-build Network & Telco,South Carolina,SC,Spartanburg County,Spartanburg,34.951135529,-81.932019242,0.15,0.0,0.0,0.0,,0.15,
Power Protection Products,LoCoCoLo,Colocation,Retail,Nebraska,NE,Douglas County,Omaha,41.248027084,-96.02823681,0.14,0.0,0.0,0.0,,0.14,
XNet,XNet Critical Computing,Colocation,Retail,Illinois,IL,DuPage County,Lisle,41.796778783,-88.112557778,0.14,0.0,0.0,0.0,,0.07,
Frederick County Government,Prospect Center,Self-build,Self-build Public Sector,Maryland,MD,Frederick County,Frederick,39.410106401,-77.437994918,0.0,0.0,0.0,0.35,,0.0,
FirstLight Fiber,FirstLight Bangor,Colocation,Retail,Maine,ME,Penobscot County,Bangor,44.796025554,-68.772333171,0.125,0.0,0.0,0.0,,0.12,
DataHouse,Honolulu,Self-build,Self-build Systems Integrator/Managed Service Providers,Hawaii,HI,Honolulu County,Honolulu,21.301536321,-157.855451956,0.12,0.0,0.0,0.0,,0.12,
Digital Fortress,Portland Data Center 2,Colocation,Retail,Oregon,OR,Washington County,Beaverton,45.476378366,-122.77636629,0.117,0.0,0.0,0.0,,0.113,
Switch,The Core Campus - Las Vegas 5,Colocation,Retail,Nevada,NV,Clark County,Sunrise Manor,36.143252276,-115.077503399,0.116,0.0,0.0,0.0,,0.116,
American Tower,Edge Data Center - Boulder,Colocation,Retail,Colorado,CO,Broomfield County,Broomfield,39.914013884,-105.09974808,0.1,0.0,0.0,0.0,,0.05,
American Tower,Edge Data Center - Denver,Colocation,Retail,Colorado,CO,Denver County,Denver,39.788117808,-104.987832095,0.1,0.0,0.0,0.0,,0.05,
JeanComputech,Brockton,Colocation,Retail,Massachusetts,MA,Plymouth County,Brockton,42.080620877,-71.021454318,0.1,0.0,0.0,0.0,,0.09,
Ampersand,Anchorage Data Center,Self-build,Self-build Systems Integrator/Managed Service Providers,Alaska,AK,Municipality of Anchorage,Anchorage,61.188871633,-149.912255789,0.1,0.0,0.0,0.0,,0.1,
PocketiNet,Walla Walla,Colocation,Retail,Washington,WA,Walla Walla County,Walla Walla,46.080039787,-118.287068998,0.1,0.0,0.0,0.0,,0.1,
U.S.NEXT,USNX Jackson,Colocation,Retail,Mississippi,MS,Hinds County,Jackson,32.398249446,-90.143118334,0.1,0.0,0.0,0.0,,0.1,
Vaultas,"St. Cloud, MN",Colocation,Retail,Minnesota,MN,Stearns County,St. Cloud,45.541245228,-94.203963253,0.1,0.0,0.0,0.0,,0.05,
Lunavi,Bellingham,Self-build,Self-build Systems Integrator/Managed Service Providers,Washington,WA,Whatcom County,Bellingham,48.759175879,-122.503485209,0.1,0.0,0.0,0.0,,0.1,
Nexcess,Nexcess Dearborn,Colocation,Retail,Michigan,MI,Wayne County,Dearborn,42.285566051,-83.233509464,0.1,0.0,0.0,0.0,,0.06,
MCBH,Data Center B208,Self-build,Self-build Public Sector,Hawaii,HI,Honolulu County,,21.444886246,-157.761917355,0.1,0.0,0.0,0.0,,0.1,
DQE Communications,DQE Communications Butler,Colocation,Retail,Pennsylvania,PA,Butler County,Butler,40.860608306,-79.90747954,0.1,0.0,0.0,0.0,,0.097,
Verizon,Cambridge - Fulkerson St,Self-build,Self-build Network & Telco,Massachusetts,MA,Middlesex County,Cambridge,42.369560907,-71.087867807,0.1,0.0,0.0,0.0,,0.1,
Spacelink,SpaceLink Data Center,Self-build,Self-build Systems Integrator/Managed Service Providers,California,CA,San Diego County,San Diego,32.830339578,-117.136803531,0.1,0.0,0.0,0.0,,0.1,
Franklin PUD,Franklin PUD Colocation,Colocation,Retail,Washington,WA,Franklin County,Pasco,46.229215933,-119.106578459,0.1,0.0,0.0,0.0,,0.1,
Verizon,Dorchester - 175 Adams St,Self-build,Self-build Network & Telco,Massachusetts,MA,Suffolk County,Boston,42.302821359,-71.060990735,0.1,0.0,0.0,0.0,,0.1,
Verizon,Quincy,Self-build,Self-build Network & Telco,Massachusetts,MA,Norfolk County,Quincy,42.255892935,-71.006634379,0.1,0.0,0.0,0.0,,0.1,
Nexus,Knoxville Data Center,Colocation,Retail,Tennessee,TN,Knox County,Knoxville,35.965385269,-83.921343891,0.1,0.0,0.0,0.0,,0.05,
Lumen Technologies,2530 Perimeter Pl Dr,Self-build,Self-build Network & Telco,Tennessee,TN,Davidson County,Nashville,36.149722084,-86.679695546,0.1,0.0,0.0,0.0,,0.1,
Lumen Technologies,Indianapolis,Self-build,Self-build Network & Telco,Indiana,IN,Marion County,Indianapolis,39.741486868,-86.150875963,0.1,0.0,0.0,0.0,,0.1,
Lumen Technologies,South Bend 1,Self-build,Self-build Network & Telco,Indiana,IN,Saint Joseph County,South Bend,41.662512798,-86.254402802,0.1,0.0,0.0,0.0,,0.1,
Global Access Point,SB2,Colocation,Retail,Indiana,IN,Saint Joseph County,South Bend,41.668635357,-86.255275032,0.1,0.0,0.0,0.0,,0.1,
LOGIX,Fort Worth,Colocation,Retail,Texas,TX,Tarrant County,Fort Worth,32.751633283,-97.331666829,0.1,0.0,0.0,0.0,,0.09,
ClearBearing,ClearBearing Burlington,Colocation,Retail,Vermont,VT,Chittenden County,Essex Junction,44.506679467,-73.132645821,0.1,0.0,0.0,0.0,,0.095,
Westelcom,Westelcom Syracuse,Self-build,Self-build Network & Telco,New York,NY,Onondaga County,City of Syracuse,43.050222098,-76.150374006,0.1,0.0,0.0,0.0,,0.1,
Digital West,Digital West San Luis Obispo,Colocation,Retail,California,CA,San Luis Obispo County,San Luis Obispo,35.255350945,-120.641497996,0.1,0.0,0.0,0.0,,0.1,
Lumen Technologies,Greensboro,Self-build,Self-build Network & Telco,North Carolina,NC,Guilford County,Greensboro,36.068947033,-79.951626443,0.1,0.0,0.0,0.0,,0.1,
DQE Communications,DQE Communications Pittsburgh,Colocation,Retail,Pennsylvania,PA,Allegheny County,Pittsburgh,40.438922681,-80.000543127,0.1,0.0,0.0,0.0,,0.09,
Northland Communications,Northland Communications Utica,Colocation,Retail,New York,NY,Oneida County,Utica,43.099796403,-75.235347127,0.1,0.0,0.0,0.0,,0.096,
Cogent Communications,Anaheim,Colocation,Retail,California,CA,Orange County,Anaheim,33.831810005,-117.918217902,0.1,0.0,0.0,0.0,,0.09,
CBTS,Houston,Self-build,Self-build Systems Integrator/Managed Service Providers,Texas,TX,Harris County,Houston,29.727162152,-95.554562021,0.1,0.0,0.0,0.0,,0.1,
CenturyLink,Eugene Data Center,Colocation,Retail,Oregon,OR,Lane County,Eugene,44.118339835,-123.16792373,0.08,0.0,0.0,0.0,,0.08,
ImOn Communications,1605 9th St,Self-build,Self-build Network & Telco,Iowa,IA,Woodbury County,Sioux City,42.499648061,-96.389914309,0.08,0.0,0.0,0.0,,0.08,
MCNC,Rosman,Self-build,Self-build Financial/Institutional,North Carolina,NC,Transylvania County,,35.199689573,-82.872990637,0.07,0.0,0.0,0.0,,0.07,
LV.Net,LAS02,Self-build,Self-build Network & Telco,Nevada,NV,Clark County,Las Vegas,36.156397184,-115.152059715,0.065,0.0,0.0,0.0,,0.065,
American Tower,Edge Data Center – Pittsburgh,Colocation,Retail,Pennsylvania,PA,Allegheny County,Baldwin,40.396868375,-79.97753088,0.05,0.0,0.0,0.0,,0.043,
American Tower,Edge Data Center – Austin,Colocation,Retail,Texas,TX,Travis County,Austin,30.2790541,-97.76027057,0.05,0.0,0.0,0.0,,0.04,
Fogo Solutions,New Orleans,Colocation,Retail,Louisiana,LA,Orleans Parish,New Orleans,29.952914718,-90.07315065,0.05,0.0,0.0,0.0,,0.035,
Peace Communications,Chattanooga,Colocation,Retail,Tennessee,TN,Hamilton County,Chattanooga,35.037393379,-85.293129364,0.05,0.0,0.0,0.0,,0.05,
LV.Net,Technology Center LAS01,Self-build,Self-build Network & Telco,Nevada,NV,Clark County,Sunrise Manor,36.157591379,-115.113972676,0.05,0.0,0.0,0.0,,0.05,
Indiana Data Center,Fort Wayne,Colocation,Retail,Indiana,IN,Allen County,Fort Wayne,41.118264079,-85.151641728,0.05,0.0,0.0,0.0,,0.05,
Global Access Point,IN1,Colocation,Retail,Indiana,IN,Marion County,Indianapolis,39.758825672,-86.172323908,0.05,0.0,0.0,0.0,,0.05,
Cogent Communications,New Orleans,Self-build,Self-build Network & Telco,Louisiana,LA,Orleans Parish,New Orleans,29.949025276,-90.070008194,0.05,0.0,0.0,0.0,,0.05,
ORI.NET,ORI.NET,Self-build,Self-build Public Cloud,Indiana,IN,Hamilton County,Noblesville,40.045456319,-86.013920277,0.05,0.0,0.0,0.0,,0.05,
Vision Net,Missoula Data Center,Colocation,Retail,Montana,MT,Missoula County,Missoula,46.88354333,-114.019358903,0.03,0.0,0.0,0.0,,0.03,
Roller Network,Reno DC,Colocation,Retail,Nevada,NV,Washoe County,Reno,39.469280908,-119.769454629,0.02,0.0,0.0,0.0,,0.02,
NETDOOR,NETDOOR JXN,Colocation,Retail,Mississippi,MS,Hinds County,Jackson,32.309058888,-90.178095251,0.02,0.0,0.0,0.0,,0.01,
Atlas Development,Project Bus,Colocation,,Georgia,GA,Carroll County,,33.704777439,-85.065452497,0.0,0.0,0.0,0.0,,0.0,
Balloonist LLC,Menomonie Data Center,Colocation,Wholesale,Wisconsin,WI,Dunn County,Town of Tainter,44.938366308,-91.859508149,0.0,0.0,0.0,0.0,131.118,0.0,
Grupo ACS,Fort Worth Campus,Colocation,Wholesale,Texas,TX,Tarrant County,Fort Worth,32.907015008,-97.394424908,0.0,0.0,0.0,0.0,,0.0,
Vantage Data Centers,105 Nortech Pkwy,Colocation,Wholesale,California,CA,Santa Clara County,San Jose,37.42612173,-121.960302853,0.0,0.0,0.0,0.0,,0.0,
Vantage Data Centers,AZ3,Colocation,Wholesale,Arizona,AZ,Maricopa County,Litchfield Park,33.51748437,-112.425831148,0.0,0.0,0.0,0.0,13.759,0.0,
Tract,Caldwell Valley,Colocation,Wholesale,Texas,TX,Caldwell,,29.919018282,-97.764392711,0.0,0.0,0.0,0.0,613.099,0.0,
New Era Energy & Digital,Lea County Data Center Campus,Self-build,Self-build AI,New Mexico,NM,Lea County,Caprock,33.39531251,-103.712710549,0.0,0.0,0.0,0.0,1416.4,0.0,
Nebius,Nebious Independence,Self-build,,Missouri,MO,Jackson County,Independence,39.1095,-94.31656,0.0,0.0,0.0,0.0,,0.0,
Meta,El Paso,Self-build,,Texas,TX,El Paso County,El Paso,31.994884872,-106.402905161,0.0,0.0,0.0,0.0,,0.0,
IREN,Sweetwater II,Colocation,Build-to-suit,Texas,TX,Fisher County,Hamlin,32.925407852,-100.216768874,0.0,0.0,0.0,0.0,,0.0,
Big Sky Digital Infrastructure,Big Sky Campus,Colocation,Wholesale,Montana,MT,Yellowstone County,Broadview,46.056962494,-108.850527124,0.0,0.0,0.0,0.0,2101.565,0.0,
Vantage Data Centers,AZ2,Colocation,Wholesale,Arizona,AZ,Maricopa County,Goodyear,33.405493737,-112.373101085,0.0,0.0,0.0,0.0,,0.0,
University of Dallas,UofD Data Center,Self-build,Self-build AI,Texas,TX,Dallas County,Irving,32.8534,-96.9182,0.0,0.0,0.0,0.0,,0.0,
Terra Ventures,SJL7,Colocation,Wholesale,California,CA,Santa Clara County,San Jose,37.42381763,-121.973858011,0.0,0.0,0.0,0.0,1.5,0.0,
ServerFarm,CTX1,Colocation,Wholesale,Texas,TX,Harris County,Houston,29.995753304,-95.563009478,0.0,0.0,0.0,0.0,,0.0,
Sequitor Edge LLC,Sequitor Edge Kearney,Colocation,,Nebraska,NE,Buffalo County,Center,40.72674,-99.04538,0.0,0.0,0.0,0.0,0.0,0.0,
Poolside AI,Project Horizon,Colocation,Wholesale,Texas,TX,Pecos County,,30.962306778,-102.845264223,0.0,0.0,0.0,0.0,,0.0,
Lincoln Property Company,STL1,Colocation,Retail,Missouri,MO,St. Louis County,St. Louis,38.671989137,-90.296012602,0.0,0.0,0.0,0.0,6.0,0.0,
Homer City Redevelopment,Homer Energy Campus,Self-build,Self-build AI,Pennsylvania,PA,Indiana County,Center Township,40.513391254,-79.196561288,0.0,0.0,0.0,0.0,1294.994,0.0,
Equinix,AT7,Colocation,Build-to-suit,Georgia,GA,Henry County,Hampton,33.365457847,-84.319790287,0.0,0.0,0.0,0.0,,0.0,
Digital Realty,727 S Grand Avenue,Colocation,Wholesale,California,CA,Los Angeles County,Los Angeles,34.046636093,-118.257696954,0.0,0.0,0.0,0.0,0.43,0.0,
Microsoft,Project Ruthenium,Self-build,Self-build Public Cloud,Iowa,IA,Madison County,Cumming,41.499519667,-93.802553233,0.0,0.0,0.0,0.0,14.7,0.0,
IREN,Sweetwater I,Colocation,Build-to-suit,Texas,TX,Fisher County,Sweetwater,32.631508047,-100.546908043,0.0,0.0,0.0,0.0,,0.0,
Prime Data Centers,DFW01-02,Colocation,Retail,Texas,TX,Dallas County,Dallas,32.837614198,-96.880563876,0.0,0.0,0.0,0.0,,0.0,
Microsoft,San Jose 2,Self-build,Self-build Public Cloud,California,CA,Santa Clara County,San Jose,37.380370497,-121.933718456,0.0,0.0,0.0,0.0,,0.0,
Avant Technologies,Avant Milwaukee,Colocation,Wholesale,Wisconsin,WI,Milwaukee County,Milwaukee,43.071575416,-87.913231785,0.0,0.0,0.0,0.0,,0.0,
Amazon Web Services,Amazon Santa Clara 2,Self-build,Self-build Public Cloud,California,CA,Santa Clara County,Santa Clara,37.372970108,-121.954050615,0.0,0.0,0.0,0.0,,0.0,
Atlas Power,Williston,Self-build,Self-build Crypto,North Dakota,ND,Williams County,Williston,48.14591755,-103.774300516,0.0,0.0,0.0,0.0,1.0,0.0,
Centeris Data Centers,South Hill SH2,Colocation,Build-to-suit,Washington,WA,Pierce County,Puyallup,47.15902384,-122.279857207,0.0,0.0,0.0,0.0,,0.0,
US Signal,MN01 Minneapolis Data Center,Colocation,Retail,Minnesota,MN,Hennepin County,Eden Prairie,44.8547,-93.4708,0.0,0.0,0.0,0.0,,0.0,
US Signal,OR01 Bend Data Center,Colocation,Retail,Oregon,OR,Deschutes County,Bend,44.086238,-121.282971,,,,,,,
US Signal,WI02 – Madison Data Center,Colocation,Retail,Wisconsin,WI,Dane County,Fitchburg,42.9947,-89.4236,0.0,0.0,0.0,0.0,,0.0,
Western Hospitality Partners,Western Hospitality Partners WHP Braidwood,Colocation,,Illinois,IL,Grundy County,Braidwood,41.254593,-88.241609,0.0,0.0,0.0,0.0,,0.0,
Western Hospitality Partners,Western Hospitality Partners WHP Perkin,Colocation,Wholesale,Illinois,IL,Tazewell County,Pekin,40.587607848,-89.6075971,0.0,0.0,0.0,0.0,,0.0,
University of Michigan,Ypsilanti,Self-build,Self-build AI,Michigan,MI,Washtenaw County,Ypsilanti Charter Township,42.20769542,-83.549806918,0.0,0.0,0.0,0.0,,0.0,
Undisclosed,Benton Township (Undisclosed Operator),Colocation,Wholesale,Michigan,MI,Berrien County,Benton Charter Township,42.100928441,-86.387270794,0.0,0.0,0.0,0.0,113.0,0.0,
Undisclosed,"Frenchcreek Township, PA",Self-build,Self-build Crypto,Pennsylvania,PA,Venango County,Frenchcreek,41.373691696,-79.95653595,0.0,0.0,0.0,0.0,12.723,0.0,
Undisclosed,Hampton Meadows Technology Park,Self-build,,Missouri,MO,Jackson County,Kansas City,39.309443374,-94.611857093,0.0,0.0,0.0,0.0,12.2,0.0,
Undisclosed,Maysville,Self-build,,Kentucky,KY,Mason County,,38.695593133,-83.871949065,0.0,0.0,0.0,0.0,2023.428,0.0,
Undisclosed,Van Wert,Colocation,Wholesale,Ohio,OH,Van Wert County,Van Wert,40.878157662,-84.566943545,0.0,0.0,0.0,0.0,,0.0,
Tract,Mountain Road Technology Park,Colocation,Wholesale,Virginia,VA,Hanover County,,37.697901956,-77.539503006,0.0,0.0,0.0,0.0,174.015,0.0,
Tract,Project Tripletail,Colocation,Build-to-suit,Utah,UT,Utah County,Eagle Mountain,40.300664,-112.054103,0.0,0.0,0.0,0.0,271.139,0.0,
Tract,South Valley,Colocation,Wholesale,Nevada,NV,Storey,,39.547715069,-119.504048686,0.0,0.0,0.0,0.0,620.788,0.0,
Tract,Virginia Highlands,Colocation,Wholesale,Nevada,NV,Storey,,39.437159811,-119.531124901,0.0,0.0,0.0,0.0,3476.25,0.0,
Terra Nexus Ventures,Camden,Colocation,Wholesale,South Carolina,SC,Kershaw County,Camden,34.297839392,-80.533087867,0.0,0.0,0.0,0.0,65.502,0.0,
Terawulf,Hawesville Data Center,Colocation,Wholesale,Kentucky,KY,Hancock County,Hawesville,37.9,-86.76,0.0,0.0,0.0,0.0,303.514,0.0,
Switch,Louis Henna Boulevard,Colocation,Wholesale,Texas,TX,Williamson County,Round Rock,30.48689156,-97.656706655,0.0,0.0,0.0,0.0,32.48,0.0,
Switch,The Core Campus - Las Vegas 16,Colocation,Wholesale,Nevada,NV,Clark County,Enterprise,36.065830489,-115.218516491,0.0,0.0,0.0,0.0,5.0,0.0,
Starwood Capital,3721 Stonecroft Boulevard,Colocation,,Virginia,VA,Fairfax County,Chantilly,38.913617687,-77.454465598,0.0,0.0,0.0,0.0,16.875,0.0,
STACK Infrastructure,Fredericksburg,Colocation,Wholesale,Virginia,VA,,Fredericksburg,38.319050947,-77.516681806,0.0,0.0,0.0,0.0,25.5,0.0,
STACK Infrastructure,Stargate Project Jupiter,Self-build,,New Mexico,NM,Doña Ana County,La Mesa,31.819417353,-106.676170942,0.0,0.0,0.0,0.0,,0.0,
Security Land and Development LP,Woodlawn Data Center,Colocation,Wholesale,Maryland,MD,Baltimore County,Baltimore,39.307704184,-76.738634129,0.0,0.0,0.0,0.0,,0.0,
Real Estate Pursuits 2 LC,Forest Lane Data Center,Colocation,,Virginia,VA,Stafford County,Fredericksburg,38.265332329,-77.393594575,0.0,0.0,0.0,0.0,343.983,0.0,
QTS Datacenters,Deforest QTS,Colocation,Wholesale,Wisconsin,WI,Dane County,Town of Vienna,43.2485,-89.4042,0.0,0.0,0.0,0.0,,0.0,
QTS Datacenters,IB10 Martinsburg Data Center Campus,Colocation,,West Virginia,WV,Berkeley County,Kearneysville,39.411458,-77.899185,0.0,0.0,0.0,0.0,,0.0,
QTS Datacenters,White Oak Technology Park 2,Colocation,Wholesale,Virginia,VA,Henrico County,Sandston,37.51286144,-77.262106645,0.0,0.0,0.0,0.0,251.714,0.0,
Provident Data Centers,Dauphin County Data Center,Colocation,Wholesale,Pennsylvania,PA,Dauphin County,Swatara Township,40.227873493,-76.809214397,0.0,0.0,0.0,0.0,101.171,0.0,
Prism Capital Partners,ON3 Campus,Colocation,,New Jersey,NJ,Essex County,Nutley,40.829502912,-74.153347446,0.0,0.0,0.0,0.0,46.944,0.0,
Panattoni,Project Cannoli,Colocation,,Michigan,MI,Wayne County,Van Buren,42.228135,-83.435841,0.0,0.0,0.0,0.0,,0.0,
Open Origin,Presidio Data Center,Colocation,Wholesale,Texas,TX,Presidio,,30.277465442,-104.069521967,0.0,0.0,0.0,0.0,32374.851,0.0,
Oakland University,253 Pioneer Dr,Colocation,Retail,Michigan,MI,Oakland County,Auburn Hills,42.668626689,-83.214266584,0.0,0.0,0.0,0.0,,0.0,
Novva Data Centers,North Las Vegas,Colocation,Wholesale,Nevada,NV,Clark County,North Las Vegas,36.306001893,-114.975549088,0.0,0.0,0.0,0.0,82.961,0.0,
NorthPoint Development,Project Hazelnut Lerta,Colocation,,Pennsylvania,PA,Luzerne County,Hazle Township,40.968539692,-76.054564278,0.0,0.0,0.0,0.0,519.212,0.0,
NE Edge,NE Edge - Killingly,Colocation,Wholesale,Connecticut,CT,Northeastern Connecticut Planning Region,Killingly,41.876409834,-71.898717458,0.0,0.0,0.0,0.0,15.7,0.0,
Microsoft,Crane Clean Energy Center,Self-build,Self-build Public Cloud,Pennsylvania,PA,Dauphin County,Londonderry Township,40.152651196,-76.725891337,0.0,0.0,0.0,0.0,75.0,0.0,
Microsoft,Kenosha Microsoft,Self-build,,Wisconsin,WI,Kenosha County,Union Grove,42.622381,-87.965949,0.0,0.0,0.0,0.0,,0.0,
Microsoft,Microsoft Grand Rapids,Self-build,Self-build Public Cloud,Michigan,MI,Kent County,Caledonia,42.826355971,-85.545594249,0.0,0.0,0.0,0.0,127.881,0.0,
Microsoft,Microsoft LYH03-08,Self-build,Self-build Network & Telco,Virginia,VA,Mecklenburg County,Clarksville,36.631662549,-78.516599712,0.0,0.0,0.0,0.0,34.0,0.0,
Microsoft,Microsoft Pataskala,Self-build,,Ohio,OH,Licking County,Pataskala,39.977712194,-82.718865509,0.0,0.0,0.0,0.0,116.9,0.0,
Microsoft,Microsoft Pebble Run,Self-build,Self-build Public Cloud,Virginia,VA,Loudoun County,Sterling,38.967799713,-77.501920102,0.0,0.0,0.0,0.0,5.8,0.0,
Microsoft,Microsoft Plano,Self-build,Self-build Public Cloud,Illinois,IL,Kendall County,Plano,41.687856189,-88.484704089,0.0,0.0,0.0,0.0,202.0,0.0,
Microsoft,Microsoft St. Joe Farm,Self-build,Self-build Public Cloud,Indiana,IN,Saint Joseph County,Granger,41.729613975,-86.129551691,0.0,0.0,0.0,0.0,400.0,0.0,
Microsoft,Mount Pleasant Microsoft,Self-build,,Wisconsin,WI,Milwaukee County,Cudahy,42.95144,-87.8769,0.0,0.0,0.0,0.0,,0.0,
Microsoft,Nevada,Self-build,Self-build Public Cloud,Nevada,NV,Lyon County,Silver Springs,39.415112182,-119.235878014,0.0,0.0,0.0,0.0,111.0,0.0,
Microsoft,New Albany 2,Self-build,,Ohio,OH,Franklin County,New Albany,40.071770337,-82.749325757,0.0,0.0,0.0,0.0,6.47,0.0,
Microsoft,Person Data Center,Self-build,,North Carolina,NC,Person County,Woodsdale,36.479804327,-78.989578663,0.0,0.0,0.0,0.0,1350.0,0.0,
Meta,Beaver Dam,Self-build,Self-build AI,Wisconsin,WI,Dodge County,Beaver Dam,43.451120295,-88.83465709,0.0,0.0,0.0,0.0,210.437,0.0,
Meta,Meta New Albany 2,Self-build,Self-build Social Media,Ohio,OH,Licking County,Jersey Township,40.117576295,-82.735006769,0.0,0.0,0.0,0.0,80.937,0.0,
Judd Ventures LLC,SunHill Project,Colocation,Wholesale,Arizona,AZ,Pinal County,Florence,33.1451556,-111.453458,0.0,0.0,0.0,0.0,38.85,0.0,
JK Land Holdings,19508 Freedom Trail Road,Colocation,,Virginia,VA,Loudoun County,Ashburn,39.076468344,-77.500649556,0.0,0.0,0.0,0.0,43.7,0.0,
JK Land Holdings,Manassas Properties,Colocation,,Virginia,VA,Prince William County,Manassas,38.754894498,-77.54119277,0.0,0.0,0.0,0.0,23.4,0.0,
Illinois Department of Central Management Services (CMS),Central Computing Facility (CCF),Self-build,Self-build Public Sector,Illinois,IL,Sangamon County,Springfield,39.781656836,-89.609100317,0.0,0.0,0.0,0.0,4.0,0.0,
Huntley LLC,"Page, AZ Campus",Colocation,Wholesale,Arizona,AZ,Coconino County,Page,36.896206976,-111.487821792,0.0,0.0,0.0,0.0,202.343,0.0,
Hourigan,"Sussex Tech, LLC",Colocation,,Virginia,VA,Sussex,,37.076137381,-77.129300776,0.0,0.0,0.0,0.0,815.442,0.0,
Google,Botetourt County,Self-build,Self-build Public Cloud,Virginia,VA,Botetourt County,Daleville,37.44384701,-79.914437554,0.0,0.0,0.0,0.0,126.262,0.0,
Google,Eagle Mountain,Self-build,Self-build Public Cloud,Utah,UT,Utah County,Eagle Mountain,40.2679972,-112.0039639,0.0,0.0,0.0,0.0,121.406,0.0,
Google,Google Franklin Furnace,Self-build,,Ohio,OH,Scioto County,Green,38.600007392,-82.83442539,0.0,0.0,0.0,0.0,,0.0,
Google,Jug and Harrison,Colocation,Wholesale,Ohio,OH,Licking County,Jersey,40.094300296,-82.737616457,0.0,0.0,0.0,0.0,34.0,0.0,
Google,Magnolia Green,Colocation,,Virginia,VA,Chesterfield County,Moseley,37.448205312,-77.781393753,0.0,0.0,0.0,0.0,396.187,0.0,
Google,Watkins Center South,Colocation,,Virginia,VA,Chesterfield County,Midlothian,37.500876906,-77.689228749,0.0,0.0,0.0,0.0,141.64,0.0,
Fairview Crossroads LLC,Fairview Township Data Center,Colocation,,Pennsylvania,PA,York County,Fairview,40.207790937,-76.880295458,0.0,0.0,0.0,0.0,,0.0,
Engineered Land Solutions,Project Delta,Colocation,Wholesale,North Carolina,NC,Stokes County,Walnut Cove,36.322975778,-80.102832945,0.0,0.0,0.0,0.0,,0.0,
EdgeConneX,EDCCHI04-05,Colocation,,Illinois,IL,Cook County,Des Plaines,42.012722,-87.900323,0.0,0.0,0.0,0.0,,0.0,
EdgeConneX,EdgeConneX New Albany North,Colocation,Wholesale,Ohio,OH,Licking County,Jersey Township,40.104177537,-82.718589644,0.0,0.0,0.0,0.0,68.797,0.0,
Digital Realty,Sandy Farms Data Center,Self-build,,Maryland,MD,Anne Arundel County,Severn,39.1375,-76.702,0.0,0.0,0.0,0.0,20.076,0.0,
dataprana,La Marque,Self-build,Self-build Crypto,Texas,TX,Galveston County,Texas City,29.394519549,-94.974688403,0.0,0.0,0.0,0.0,,0.0,
CoreSite,215 County Avenue,Colocation,,New Jersey,NJ,Hudson County,Secaucus,40.772521692,-74.066240005,0.0,0.0,0.0,0.0,,0.0,
Cipher Mining,Barber Lake,Colocation,Build-to-suit,Texas,TX,Mitchell County,Colorado City,32.397083318,-100.911903679,0.0,0.0,0.0,0.0,237.55,0.0,
Charah Solutions,Tarentum Data Center,Colocation,,Pennsylvania,PA,Allegheny County,Springdale Township,40.545280565,-79.768019519,0.0,0.0,0.0,0.0,22.662,0.0,
Cawley Partners,South Creek,Colocation,,Texas,TX,Dallas County,,32.554005163,-96.652579039,0.0,0.0,0.0,0.0,2104.365,0.0,
Calvano Development,Wichita Falls,Colocation,Wholesale,Texas,TX,Wichita County,Wichita Falls,33.958707528,-98.560373366,0.0,0.0,0.0,0.0,91.864,0.0,
Calpine Corporation,Calpine Data Center,Colocation,,Pennsylvania,PA,York County,Peach Bottom Township,39.759889271,-76.268737314,0.0,0.0,0.0,0.0,20.234,0.0,
BlackChamber Group,6895 Wellington Road,Colocation,,Virginia,VA,Prince William County,Gainesville,38.783086227,-77.560287662,0.0,0.0,0.0,0.0,15.378,0.0,
AVAIO Digital Partners,Appomattox County,Colocation,Wholesale,Virginia,VA,Appomattox County,Appomattox,37.370722452,-78.84506851,0.0,0.0,0.0,0.0,182.918,0.0,
Aurum Capital Ventures,Bismarck,Colocation,Wholesale,North Dakota,ND,Burleigh County,Bismarck,46.804230743,-100.72514237,0.0,0.0,0.0,0.0,121.406,0.0,
Amazon Web Services,14237 and 14209 Dumfries Road,Self-build,Self-build Public Cloud,Virginia,VA,Prince William County,Manassas,38.646470445,-77.4436258,0.0,0.0,0.0,0.0,37.0,0.0,
Amazon Web Services,7151 & 7350 Century Park Drive,Self-build,Self-build Public Cloud,Virginia,VA,Prince William County,Manassas,38.79741983,-77.544701624,0.0,0.0,0.0,0.0,11.0,0.0,
Amazon Web Services,8401 & 8501 Vulcan Lane,Self-build,Self-build Public Cloud,Virginia,VA,Prince William County,Manassas,38.774777473,-77.511755841,0.0,0.0,0.0,0.0,113.0,0.0,
Amazon Web Services,AWS - Mid-County Industrial Park,Self-build,Self-build Public Cloud,Virginia,VA,Prince William County,Manassas,38.62921641,-77.41165012,0.0,0.0,0.0,0.0,15.7,0.0,
Amazon Web Services,AWS Pickaway County,Self-build,Self-build Public Cloud,Ohio,OH,Pickaway County,Orient,39.787873322,-83.037635547,0.0,0.0,0.0,0.0,91.8,0.0,
Amazon Web Services,County Road 172,Self-build,Self-build Public Cloud,Texas,TX,Williamson County,Round Rock,30.482117693,-97.698311842,0.0,0.0,0.0,0.0,60.2,0.0,
Amazon Web Services,Covington,Self-build,,Georgia,GA,Newton County,Covington,33.637594157,-83.820753322,0.0,0.0,0.0,0.0,,0.0,
Amazon Web Services,Desper Creek Technology Campus,Self-build,Self-build Public Cloud,Virginia,VA,Louisa,,37.971879,-77.955353,0.0,0.0,0.0,0.0,56.656,0.0,
Amazon Web Services,Douglas County,Self-build,,Georgia,GA,Douglas County,Douglasville,33.743821471,-84.784710707,0.0,0.0,0.0,0.0,51.881,0.0,
Amazon Web Services,Jefferson Township,Self-build,Self-build Public Cloud,Ohio,OH,Fayette County,Jefferson,39.632952245,-83.568805755,0.0,0.0,0.0,0.0,238.765,0.0,
Amazon Web Services,Old Corpus Christi Hwy,Self-build,Self-build Public Cloud,Texas,TX,Bexar County,San Antonio,29.301677819,-98.388982575,0.0,0.0,0.0,0.0,,0.0,
Amazon Web Services,PDX146,Self-build,Self-build Public Cloud,Oregon,OR,Umatilla County,Hermiston,45.803071472,-119.295339178,0.0,0.0,0.0,0.0,48.0,0.0,
Amazon Web Services,PDX260,Self-build,Self-build Public Cloud,Oregon,OR,Umatilla County,Umatilla,45.889805,-119.339947,0.0,0.0,0.0,0.0,77.0,0.0,
Amazon Web Services,Virginia Science and Technology Campus,Self-build,Self-build Public Cloud,Virginia,VA,Loudoun County,University Center,39.058052685,-77.443598351,0.0,0.0,0.0,0.0,49.372,0.0,
Aligned,Elk Grove (ORD-03 & ORD-04),Colocation,,Illinois,IL,Cook County,Elk Grove Village,42.033612284,-87.982299468,0.0,0.0,0.0,0.0,,0.0,
Aligned,Pataskala,Colocation,Wholesale,Ohio,OH,Licking County,Pataskala,39.99357166,-82.730099404,0.0,0.0,0.0,0.0,36.17,0.0,
Air Products,Cetronia Road Data Center,Colocation,,Pennsylvania,PA,Lehigh County,Upper Macungie Township,40.55174947,-75.598659108,0.0,0.0,0.0,0.0,,0.0,
