hour,CAISO,ERCOT,PJM,NYISO,NEISO,MISO,SPP
1,31.5,24.5,26.6,29.4,28.0,22.4,21.0
2,31.96,24.86,26.99,29.83,28.41,22.73,21.31
3,33.31,25.91,28.13,31.09,29.61,23.69,22.21
4,35.45,27.58,29.94,33.09,31.51,25.21,23.64
5,38.25,29.75,32.3,35.7,34.0,27.2,25.5
6,41.51,32.28,35.05,38.74,36.89,29.52,27.67
7,45.0,35.0,38.0,42.0,40.0,32.0,30.0
8,48.49,37.72,40.95,45.26,43.11,34.48,32.33
9,51.75,40.25,43.7,48.3,46.0,36.8,34.5
10,54.55,42.42,46.06,50.91,48.49,38.79,36.36
11,56.69,44.09,47.87,52.91,50.39,40.31,37.79
12,58.04,45.14,49.01,54.17,51.59,41.27,38.69
13,58.5,45.5,49.4,54.6,52.0,41.6,39.0
14,58.04,45.14,49.01,54.17,51.59,41.27,38.69
15,56.69,44.09,47.87,52.91,50.39,40.31,37.79
16,54.55,42.42,46.06,50.91,48.49,38.79,36.36
17,51.75,40.25,43.7,48.3,46.0,36.8,34.5
18,48.49,37.72,40.95,45.26,43.11,34.48,32.33
19,45.0,35.0,38.0,42.0,40.0,32.0,30.0
20,41.51,32.28,35.05,38.74,36.89,29.52,27.67
21,38.25,29.75,32.3,35.7,34.0,27.2,25.5
22,35.45,27.58,29.94,33.09,31.51,25.21,23.64
23,33.31,25.91,28.13,31.09,29.61,23.69,22.21
24,31.96,24.86,26.99,29.83,28.41,22.73,21.31
25,31.5,24.5,26.6,29.4,28.0,22.4,21.0
26,31.96,24.86,26.99,29.83,28.41,22.73,21.31
27,33.31,25.91,28.13,31.09,29.61,23.69,22.21
28,35.45,27.58,29.94,33.09,31.51,25.21,23.64
29,38.25,29.75,32.3,35.7,34.0,27.2,25.5
30,41.51,32.28,35.05,38.74,36.89,29.52,27.67
31,45.0,35.0,38.0,42.0,40.0,32.0,30.0
32,48.49,37.72,40.95,45.26,43.11,34.48,32.33
33,51.75,40.25,43.7,48.3,46.0,36.8,34.5
34,54.55,42.42,46.06,50.91,48.49,38.79,36.36
35,56.69,44.09,47.87,52.91,50.39,40.31,37.79
36,58.04,45.14,49.01,54.17,51.59,41.27,38.69
37,58.5,45.5,49.4,54.6,52.0,41.6,39.0
38,58.04,45.14,49.01,54.17,51.59,41.27,38.69
39,56.69,44.09,47.87,52.91,50.39,40.31,37.79
40,54.55,42.42,46.06,50.91,48.49,38.79,36.36
41,51.75,40.25,43.7,48.3,46.0,36.8,34.5
42,48.49,37.72,40.95,45.26,43.11,34.48,32.33
43,45.0,35.0,38.0,42.0,40.0,32.0,30.0
44,41.51,32.28,35.05,38.74,36.89,29.52,27.67
45,38.25,29.75,32.3,35.7,34.0,27.2,25.5
46,35.45,27.58,29.94,33.09,31.51,25.21,23.64
47,33.31,25.91,28.13,31.09,29.61,23.69,22.21
48,31.96,24.86,26.99,29.83,28.41,22.73,21.31
49,31.5,24.5,26.6,29.4,28.0,22.4,21.0
50,31.96,24.86,26.99,29.83,28.41,22.73,21.31
51,33.31,25.91,28.13,31.09,29.61,23.69,22.21
52,35.45,27.58,29.94,33.09,31.51,25.21,23.64
53,38.25,29.75,32.3,35.7,34.0,27.2,25.5
54,41.51,32.28,35.05,38.74,36.89,29.52,27.67
55,45.0,35.0,38.0,42.0,40.0,32.0,30.0
56,48.49,37.72,40.95,45.26,43.11,34.48,32.33
57,51.75,40.25,43.7,48.3,46.0,36.8,34.5
58,54.55,42.42,46.06,50.91,48.49,38.79,36.36
59,56.69,44.09,47.87,52.91,50.39,40.31,37.79
60,58.04,45.14,49.01,54.17,51.59,41.27,38.69
61,58.5,45.5,49.4,54.6,52.0,41.6,39.0
62,58.04,45.14,49.01,54.17,51.59,41.27,38.69
63,56.69,44.09,47.87,52.91,50.39,40.31,37.79
64,54.55,42.42,46.06,50.91,48.49,38.79,36.36
65,51.75,40.25,43.7,48.3,46.0,36.8,34.5
66,48.49,37.72,40.95,45.26,43.11,34.48,32.33
67,45.0,35.0,38.0,42.0,40.0,32.0,30.0
68,41.51,32.28,35.05,38.74,36.89,29.52,27.67
69,38.25,29.75,32.3,35.7,34.0,27.2,25.5
70,35.45,27.58,29.94,33.09,31.51,25.21,23.64
71,33.31,25.91,28.13,31.09,29.61,23.69,22.21
72,31.96,24.86,26.99,29.83,28.41,22.73,21.31
73,31.5,24.5,26.6,29.4,28.0,22.4,21.0
74,31.96,24.86,26.99,29.83,28.41,22.73,21.31
75,33.31,25.91,28.13,31.09,29.61,23.69,22.21
76,35.45,27.58,29.94,33.09,31.51,25.21,23.64
77,38.25,29.75,32.3,35.7,34.0,27.2,25.5
78,41.51,32.28,35.05,38.74,36.89,29.52,27.67
79,45.0,35.0,38.0,42.0,40.0,32.0,30.0
80,48.49,37.72,40.95,45.26,43.11,34.48,32.33
81,51.75,40.25,43.7,48.3,46.0,36.8,34.5
82,54.55,42.42,46.06,50.91,48.49,38.79,36.36
83,56.69,44.09,47.87,52.91,50.39,40.31,37.79
84,58.04,45.14,49.01,54.17,51.59,41.27,38.69
85,58.5,45.5,49.4,54.6,52.0,41.6,39.0
86,58.04,45.14,49.01,54.17,51.59,41.27,38.69
87,56.69,44.09,47.87,52.91,50.39,40.31,37.79
88,54.55,42.42,46.06,50.91,48.49,38.79,36.36
89,51.75,40.25,43.7,48.3,46.0,36.8,34.5
90,48.49,37.72,40.95,45.26,43.11,34.48,32.33
91,45.0,35.0,38.0,42.0,40.0,32.0,30.0
92,41.51,32.28,35.05,38.74,36.89,29.52,27.67
93,38.25,29.75,32.3,35.7,34.0,27.2,25.5
94,35.45,27.58,29.94,33.09,31.51,25.21,23.64
95,33.31,25.91,28.13,31.09,29.61,23.69,22.21
96,31.96,24.86,26.99,29.83,28.41,22.73,21.31
97,31.5,24.5,26.6,29.4,28.0,22.4,21.0
98,31.96,24.86,26.99,29.83,28.41,22.73,21.31
99,33.31,25.91,28.13,31.09,29.61,23.69,22.21
100,35.45,27.58,29.94,33.09,31.51,25.21,23.64
101,38.25,29.75,32.3,35.7,34.0,27.2,25.5
102,41.51,32.28,35.05,38.74,36.89,29.52,27.67
103,45.0,35.0,38.0,42.0,40.0,32.0,30.0
104,48.49,37.72,40.95,45.26,43.11,34.48,32.33
105,51.75,40.25,43.7,48.3,46.0,36.8,34.5
106,54.55,42.42,46.06,50.91,48.49,38.79,36.36
107,56.69,44.09,47.87,52.91,50.39,40.31,37.79
108,58.04,45.14,49.01,54.17,51.59,41.27,38.69
109,58.5,45.5,49.4,54.6,52.0,41.6,39.0
110,58.04,45.14,49.01,54.17,51.59,41.27,38.69
111,56.69,44.09,47.87,52.91,50.39,40.31,37.79
112,54.55,42.42,46.06,50.91,48.49,38.79,36.36
113,51.75,40.25,43.7,48.3,46.0,36.8,34.5
114,48.49,37.72,40.95,45.26,43.11,34.48,32.33
115,45.0,35.0,38.0,42.0,40.0,32.0,30.0
116,41.51,32.28,35.05,38.74,36.89,29.52,27.67
117,38.25,29.75,32.3,35.7,34.0,27.2,25.5
118,35.45,27.58,29.94,33.09,31.51,25.21,23.64
119,33.31,25.91,28.13,31.09,29.61,23.69,22.21
120,31.96,24.86,26.99,29.83,28.41,22.73,21.31
121,31.5,24.5,26.6,29.4,28.0,22.4,21.0
122,31.96,24.86,26.99,29.83,28.41,22.73,21.31
123,33.31,25.91,28.13,31.09,29.61,23.69,22.21
124,35.45,27.58,29.94,33.09,31.51,25.21,23.64
125,38.25,29.75,32.3,35.7,34.0,27.2,25.5
126,41.51,32.28,35.05,38.74,36.89,29.52,27.67
127,45.0,35.0,38.0,42.0,40.0,32.0,30.0
128,48.49,37.72,40.95,45.26,43.11,34.48,32.33
129,51.75,40.25,43.7,48.3,46.0,36.8,34.5
130,54.55,42.42,46.06,50.91,48.49,38.79,36.36
131,56.69,44.09,47.87,52.91,50.39,40.31,37.79
132,58.04,45.14,49.01,54.17,51.59,41.27,38.69
133,58.5,45.5,49.4,54.6,52.0,41.6,39.0
134,58.04,45.14,49.01,54.17,51.59,41.27,38.69
135,56.69,44.09,47.87,52.91,50.39,40.31,37.79
136,54.55,42.42,46.06,50.91,48.49,38.79,36.36
137,51.75,40.25,43.7,48.3,46.0,36.8,34.5
138,48.49,37.72,40.95,45.26,43.11,34.48,32.33
139,45.0,35.0,38.0,42.0,40.0,32.0,30.0
140,41.51,32.28,35.05,38.74,36.89,29.52,27.67
141,38.25,29.75,32.3,35.7,34.0,27.2,25.5
142,35.45,27.58,29.94,33.09,31.51,25.21,23.64
143,33.31,25.91,28.13,31.09,29.61,23.69,22.21
144,31.96,24.86,26.99,29.83,28.41,22.73,21.31
145,31.5,24.5,26.6,29.4,28.0,22.4,21.0
146,31.96,24.86,26.99,29.83,28.41,22.73,21.31
147,33.31,25.91,28.13,31.09,29.61,23.69,22.21
148,35.45,27.58,29.94,33.09,31.51,25.21,23.64
149,38.25,29.75,32.3,35.7,34.0,27.2,25.5
150,41.51,32.28,35.05,38.74,36.89,29.52,27.67
151,45.0,35.0,38.0,42.0,40.0,32.0,30.0
152,48.49,37.72,40.95,45.26,43.11,34.48,32.33
153,51.75,40.25,43.7,48.3,46.0,36.8,34.5
154,54.55,42.42,46.06,50.91,48.49,38.79,36.36
155,56.69,44.09,47.87,52.91,50.39,40.31,37.79
156,58.04,45.14,49.01,54.17,51.59,41.27,38.69
157,58.5,45.5,49.4,54.6,52.0,41.6,39.0
158,58.04,45.14,49.01,54.17,51.59,41.27,38.69
159,56.69,44.09,47.87,52.91,50.39,40.31,37.79
160,54.55,42.42,46.06,50.91,48.49,38.79,36.36
161,51.75,40.25,43.7,48.3,46.0,36.8,34.5
162,48.49,37.72,40.95,45.26,43.11,34.48,32.33
163,45.0,35.0,38.0,42.0,40.0,32.0,30.0
164,41.51,32.28,35.05,38.74,36.89,29.52,27.67
165,38.25,29.75,32.3,35.7,34.0,27.2,25.5
166,35.45,27.58,29.94,33.09,31.51,25.21,23.64
167,33.31,25.91,28.13,31.09,29.61,23.69,22.21
168,31.96,24.86,26.99,29.83,28.41,22.73,21.31
169,31.5,24.5,26.6,29.4,28.0,22.4,21.0
170,31.96,24.86,26.99,29.83,28.41,22.73,21.31
171,33.31,25.91,28.13,31.09,29.61,23.69,22.21
172,35.45,27.58,29.94,33.09,31.51,25.21,23.64
173,38.25,29.75,32.3,35.7,34.0,27.2,25.5
174,41.51,32.28,35.05,38.74,36.89,29.52,27.67
175,45.0,35.0,38.0,42.0,40.0,32.0,30.0
176,48.49,37.72,40.95,45.26,43.11,34.48,32.33
177,51.75,40.25,43.7,48.3,46.0,36.8,34.5
178,54.55,42.42,46.06,50.91,48.49,38.79,36.36
179,56.69,44.09,47.87,52.91,50.39,40.31,37.79
180,58.04,45.14,49.01,54.17,51.59,41.27,38.69
181,58.5,45.5,49.4,54.6,52.0,41.6,39.0
182,58.04,45.14,49.01,54.17,51.59,41.27,38.69
183,56.69,44.09,47.87,52.91,50.39,40.31,37.79
184,54.55,42.42,46.06,50.91,48.49,38.79,36.36
185,51.75,40.25,43.7,48.3,46.0,36.8,34.5
186,48.49,37.72,40.95,45.26,43.11,34.48,32.33
187,45.0,35.0,38.0,42.0,40.0,32.0,30.0
188,41.51,32.28,35.05,38.74,36.89,29.52,27.67
189,38.25,29.75,32.3,35.7,34.0,27.2,25.5
190,35.45,27.58,29.94,33.09,31.51,25.21,23.64
191,33.31,25.91,28.13,31.09,29.61,23.69,22.21
192,31.96,24.86,26.99,29.83,28.41,22.73,21.31
193,31.5,24.5,26.6,29.4,28.0,22.4,21.0
194,31.96,24.86,26.99,29.83,28.41,22.73,21.31
195,33.31,25.91,28.13,31.09,29.61,23.69,22.21
196,35.45,27.58,29.94,33.09,31.51,25.21,23.64
197,38.25,29.75,32.3,35.7,34.0,27.2,25.5
198,41.51,32.28,35.05,38.74,36.89,29.52,27.67
199,45.0,35.0,38.0,42.0,40.0,32.0,30.0
200,48.49,37.72,40.95,45.26,43.11,34.48,32.33
201,51.75,40.25,43.7,48.3,46.0,36.8,34.5
202,54.55,42.42,46.06,50.91,48.49,38.79,36.36
203,56.69,44.09,47.87,52.91,50.39,40.31,37.79
204,58.04,45.14,49.01,54.17,51.59,41.27,38.69
205,58.5,45.5,49.4,54.6,52.0,41.6,39.0
206,58.04,45.14,49.01,54.17,51.59,41.27,38.69
207,56.69,44.09,47.87,52.91,50.39,40.31,37.79
208,54.55,42.42,46.06,50.91,48.49,38.79,36.36
209,51.75,40.25,43.7,48.3,46.0,36.8,34.5
210,48.49,37.72,40.95,45.26,43.11,34.48,32.33
211,45.0,35.0,38.0,42.0,40.0,32.0,30.0
212,41.51,32.28,35.05,38.74,36.89,29.52,27.67
213,38.25,29.75,32.3,35.7,34.0,27.2,25.5
214,35.45,27.58,29.94,33.09,31.51,25.21,23.64
215,33.31,25.91,28.13,31.09,29.61,23.69,22.21
216,31.96,24.86,26.99,29.83,28.41,22.73,21.31
217,31.5,24.5,26.6,29.4,28.0,22.4,21.0
218,31.96,24.86,26.99,29.83,28.41,22.73,21.31
219,33.31,25.91,28.13,31.09,29.61,23.69,22.21
220,35.45,27.58,29.94,33.09,31.51,25.21,23.64
221,38.25,29.75,32.3,35.7,34.0,27.2,25.5
222,41.51,32.28,35.05,38.74,36.89,29.52,27.67
223,45.0,35.0,38.0,42.0,40.0,32.0,30.0
224,48.49,37.72,40.95,45.26,43.11,34.48,32.33
225,51.75,40.25,43.7,48.3,46.0,36.8,34.5
226,54.55,42.42,46.06,50.91,48.49,38.79,36.36
227,56.69,44.09,47.87,52.91,50.39,40.31,37.79
228,58.04,45.14,49.01,54.17,51.59,41.27,38.69
229,58.5,45.5,49.4,54.6,52.0,41.6,39.0
230,58.04,45.14,49.01,54.17,51.59,41.27,38.69
231,56.69,44.09,47.87,52.91,50.39,40.31,37.79
232,54.55,42.42,46.06,50.91,48.49,38.79,36.36
233,51.75,40.25,43.7,48.3,46.0,36.8,34.5
234,48.49,37.72,40.95,45.26,43.11,34.48,32.33
235,45.0,35.0,38.0,42.0,40.0,32.0,30.0
236,41.51,32.28,35.05,38.74,36.89,29.52,27.67
237,38.25,29.75,32.3,35.7,34.0,27.2,25.5
238,35.45,27.58,29.94,33.09,31.51,25.21,23.64
239,33.31,25.91,28.13,31.09,29.61,23.69,22.21
240,31.96,24.86,26.99,29.83,28.41,22.73,21.31
241,31.5,24.5,26.6,29.4,28.0,22.4,21.0
242,31.96,24.86,26.99,29.83,28.41,22.73,21.31
243,33.31,25.91,28.13,31.09,29.61,23.69,22.21
244,35.45,27.58,29.94,33.09,31.51,25.21,23.64
245,38.25,29.75,32.3,35.7,34.0,27.2,25.5
246,41.51,32.28,35.05,38.74,36.89,29.52,27.67
247,45.0,35.0,38.0,42.0,40.0,32.0,30.0
248,48.49,37.72,40.95,45.26,43.11,34.48,32.33
249,51.75,40.25,43.7,48.3,46.0,36.8,34.5
250,54.55,42.42,46.06,50.91,48.49,38.79,36.36
251,56.69,44.09,47.87,52.91,50.39,40.31,37.79
252,58.04,45.14,49.01,54.17,51.59,41.27,38.69
253,58.5,45.5,49.4,54.6,52.0,41.6,39.0
254,58.04,45.14,49.01,54.17,51.59,41.27,38.69
255,56.69,44.09,47.87,52.91,50.39,40.31,37.79
256,54.55,42.42,46.06,50.91,48.49,38.79,36.36
257,51.75,40.25,43.7,48.3,46.0,36.8,34.5
258,48.49,37.72,40.95,45.26,43.11,34.48,32.33
259,45.0,35.0,38.0,42.0,40.0,32.0,30.0
260,41.51,32.28,35.05,38.74,36.89,29.52,27.67
261,38.25,29.75,32.3,35.7,34.0,27.2,25.5
262,35.45,27.58,29.94,33.09,31.51,25.21,23.64
263,33.31,25.91,28.13,31.09,29.61,23.69,22.21
264,31.96,24.86,26.99,29.83,28.41,22.73,21.31
265,31.5,24.5,26.6,29.4,28.0,22.4,21.0
266,31.96,24.86,26.99,29.83,28.41,22.73,21.31
267,33.31,25.91,28.13,31.09,29.61,23.69,22.21
268,35.45,27.58,29.94,33.09,31.51,25.21,23.64
269,38.25,29.75,32.3,35.7,34.0,27.2,25.5
270,41.51,32.28,35.05,38.74,36.89,29.52,27.67
271,45.0,35.0,38.0,42.0,40.0,32.0,30.0
272,48.49,37.72,40.95,45.26,43.11,34.48,32.33
273,51.75,40.25,43.7,48.3,46.0,36.8,34.5
274,54.55,42.42,46.06,50.91,48.49,38.79,36.36
275,56.69,44.09,47.87,52.91,50.39,40.31,37.79
276,58.04,45.14,49.01,54.17,51.59,41.27,38.69
277,58.5,45.5,49.4,54.6,52.0,41.6,39.0
278,58.04,45.14,49.01,54.17,51.59,41.27,38.69
279,56.69,44.09,47.87,52.91,50.39,40.31,37.79
280,54.55,42.42,46.06,50.91,48.49,38.79,36.36
281,51.75,40.25,43.7,48.3,46.0,36.8,34.5
282,48.49,37.72,40.95,45.26,43.11,34.48,32.33
283,45.0,35.0,38.0,42.0,40.0,32.0,30.0
284,41.51,32.28,35.05,38.74,36.89,29.52,27.67
285,38.25,29.75,32.3,35.7,34.0,27.2,25.5
286,35.45,27.58,29.94,33.09,31.51,25.21,23.64
287,33.31,25.91,28.13,31.09,29.61,23.69,22.21
288,31.96,24.86,26.99,29.83,28.41,22.73,21.31
289,31.5,24.5,26.6,29.4,28.0,22.4,21.0
290,31.96,24.86,26.99,29.83,28.41,22.73,21.31
291,33.31,25.91,28.13,31.09,29.61,23.69,22.21
292,35.45,27.58,29.94,33.09,31.51,25.21,23.64
293,38.25,29.75,32.3,35.7,34.0,27.2,25.5
294,41.51,32.28,35.05,38.74,36.89,29.52,27.67
295,45.0,35.0,38.0,42.0,40.0,32.0,30.0
296,48.49,37.72,40.95,45.26,43.11,34.48,32.33
297,51.75,40.25,43.7,48.3,46.0,36.8,34.5
298,54.55,42.42,46.06,50.91,48.49,38.79,36.36
299,56.69,44.09,47.87,52.91,50.39,40.31,37.79
300,58.04,45.14,49.01,54.17,51.59,41.27,38.69
301,58.5,45.5,49.4,54.6,52.0,41.6,39.0
302,58.04,45.14,49.01,54.17,51.59,41.27,38.69
303,56.69,44.09,47.87,52.91,50.39,40.31,37.79
304,54.55,42.42,46.06,50.91,48.49,38.79,36.36
305,51.75,40.25,43.7,48.3,46.0,36.8,34.5
306,48.49,37.72,40.95,45.26,43.11,34.48,32.33
307,45.0,35.0,38.0,42.0,40.0,32.0,30.0
308,41.51,32.28,35.05,38.74,36.89,29.52,27.67
309,38.25,29.75,32.3,35.7,34.0,27.2,25.5
310,35.45,27.58,29.94,33.09,31.51,25.21,23.64
311,33.31,25.91,28.13,31.09,29.61,23.69,22.21
312,31.96,24.86,26.99,29.83,28.41,22.73,21.31
313,31.5,24.5,26.6,29.4,28.0,22.4,21.0
314,31.96,24.86,26.99,29.83,28.41,22.73,21.31
315,33.31,25.91,28.13,31.09,29.61,23.69,22.21
316,35.45,27.58,29.94,33.09,31.51,25.21,23.64
317,38.25,29.75,32.3,35.7,34.0,27.2,25.5
318,41.51,32.28,35.05,38.74,36.89,29.52,27.67
319,45.0,35.0,38.0,42.0,40.0,32.0,30.0
320,48.49,37.72,40.95,45.26,43.11,34.48,32.33
321,51.75,40.25,43.7,48.3,46.0,36.8,34.5
322,54.55,42.42,46.06,50.91,48.49,38.79,36.36
323,56.69,44.09,47.87,52.91,50.39,40.31,37.79
324,58.04,45.14,49.01,54.17,51.59,41.27,38.69
325,58.5,45.5,49.4,54.6,52.0,41.6,39.0
326,58.04,45.14,49.01,54.17,51.59,41.27,38.69
327,56.69,44.09,47.87,52.91,50.39,40.31,37.79
328,54.55,42.42,46.06,50.91,48.49,38.79,36.36
329,51.75,40.25,43.7,48.3,46.0,36.8,34.5
330,48.49,37.72,40.95,45.26,43.11,34.48,32.33
331,45.0,35.0,38.0,42.0,40.0,32.0,30.0
332,41.51,32.28,35.05,38.74,36.89,29.52,27.67
333,38.25,29.75,32.3,35.7,34.0,27.2,25.5
334,35.45,27.58,29.94,33.09,31.51,25.21,23.64
335,33.31,25.91,28.13,31.09,29.61,23.69,22.21
336,31.96,24.86,26.99,29.83,28.41,22.73,21.31
337,31.5,24.5,26.6,29.4,28.0,22.4,21.0
338,31.96,24.86,26.99,29.83,28.41,22.73,21.31
339,33.31,25.91,28.13,31.09,29.61,23.69,22.21
340,35.45,27.58,29.94,33.09,31.51,25.21,23.64
341,38.25,29.75,32.3,35.7,34.0,27.2,25.5
342,41.51,32.28,35.05,38.74,36.89,29.52,27.67
343,45.0,35.0,38.0,42.0,40.0,32.0,30.0
344,48.49,37.72,40.95,45.26,43.11,34.48,32.33
345,51.75,40.25,43.7,48.3,46.0,36.8,34.5
346,54.55,42.42,46.06,50.91,48.49,38.79,36.36
347,56.69,44.09,47.87,52.91,50.39,40.31,37.79
348,58.04,45.14,49.01,54.17,51.59,41.27,38.69
349,58.5,45.5,49.4,54.6,52.0,41.6,39.0
350,58.04,45.14,49.01,54.17,51.59,41.27,38.69
351,56.69,44.09,47.87,52.91,50.39,40.31,37.79
352,54.55,42.42,46.06,50.91,48.49,38.79,36.36
353,51.75,40.25,43.7,48.3,46.0,36.8,34.5
354,48.49,37.72,40.95,45.26,43.11,34.48,32.33
355,45.0,35.0,38.0,42.0,40.0,32.0,30.0
356,41.51,32.28,35.05,38.74,36.89,29.52,27.67
357,38.25,29.75,32.3,35.7,34.0,27.2,25.5
358,35.45,27.58,29.94,33.09,31.51,25.21,23.64
359,33.31,25.91,28.13,31.09,29.61,23.69,22.21
360,31.96,24.86,26.99,29.83,28.41,22.73,21.31
361,31.5,24.5,26.6,29.4,28.0,22.4,21.0
362,31.96,24.86,26.99,29.83,28.41,22.73,21.31
363,33.31,25.91,28.13,31.09,29.61,23.69,22.21
364,35.45,27.58,29.94,33.09,31.51,25.21,23.64
365,38.25,29.75,32.3,35.7,34.0,27.2,25.5
366,41.51,32.28,35.05,38.74,36.89,29.52,27.67
367,45.0,35.0,38.0,42.0,40.0,32.0,30.0
368,48.49,37.72,40.95,45.26,43.11,34.48,32.33
369,51.75,40.25,43.7,48.3,46.0,36.8,34.5
370,54.55,42.42,46.06,50.91,48.49,38.79,36.36
371,56.69,44.09,47.87,52.91,50.39,40.31,37.79
372,58.04,45.14,49.01,54.17,51.59,41.27,38.69
373,58.5,45.5,49.4,54.6,52.0,41.6,39.0
374,58.04,45.14,49.01,54.17,51.59,41.27,38.69
375,56.69,44.09,47.87,52.91,50.39,40.31,37.79
376,54.55,42.42,46.06,50.91,48.49,38.79,36.36
377,51.75,40.25,43.7,48.3,46.0,36.8,34.5
378,48.49,37.72,40.95,45.26,43.11,34.48,32.33
379,45.0,35.0,38.0,42.0,40.0,32.0,30.0
380,41.51,32.28,35.05,38.74,36.89,29.52,27.67
381,38.25,29.75,32.3,35.7,34.0,27.2,25.5
382,35.45,27.58,29.94,33.09,31.51,25.21,23.64
383,33.31,25.91,28.13,31.09,29.61,23.69,22.21
384,31.96,24.86,26.99,29.83,28.41,22.73,21.31
385,31.5,24.5,26.6,29.4,28.0,22.4,21.0
386,31.96,24.86,26.99,29.83,28.41,22.73,21.31
387,33.31,25.91,28.13,31.09,29.61,23.69,22.21
388,35.45,27.58,29.94,33.09,31.51,25.21,23.64
389,38.25,29.75,32.3,35.7,34.0,27.2,25.5
390,41.51,32.28,35.05,38.74,36.89,29.52,27.67
391,45.0,35.0,38.0,42.0,40.0,32.0,30.0
392,48.49,37.72,40.95,45.26,43.11,34.48,32.33
393,51.75,40.25,43.7,48.3,46.0,36.8,34.5
394,54.55,42.42,46.06,50.91,48.49,38.79,36.36
395,56.69,44.09,47.87,52.91,50.39,40.31,37.79
396,58.04,45.14,49.01,54.17,51.59,41.27,38.69
397,58.5,45.5,49.4,54.6,52.0,41.6,39.0
398,58.04,45.14,49.01,54.17,51.59,41.27,38.69
399,56.69,44.09,47.87,52.91,50.39,40.31,37.79
400,54.55,42.42,46.06,50.91,48.49,38.79,36.36
401,51.75,40.25,43.7,48.3,46.0,36.8,34.5
402,48.49,37.72,40.95,45.26,43.11,34.48,32.33
403,45.0,35.0,38.0,42.0,40.0,32.0,30.0
404,41.51,32.28,35.05,38.74,36.89,29.52,27.67
405,38.25,29.75,32.3,35.7,34.0,27.2,25.5
406,35.45,27.58,29.94,33.09,31.51,25.21,23.64
407,33.31,25.91,28.13,31.09,29.61,23.69,22.21
408,31.96,24.86,26.99,29.83,28.41,22.73,21.31
409,31.5,24.5,26.6,29.4,28.0,22.4,21.0
410,31.96,24.86,26.99,29.83,28.41,22.73,21.31
411,33.31,25.91,28.13,31.09,29.61,23.69,22.21
412,35.45,27.58,29.94,33.09,31.51,25.21,23.64
413,38.25,29.75,32.3,35.7,34.0,27.2,25.5
414,41.51,32.28,35.05,38.74,36.89,29.52,27.67
415,45.0,35.0,38.0,42.0,40.0,32.0,30.0
416,48.49,37.72,40.95,45.26,43.11,34.48,32.33
417,51.75,40.25,43.7,48.3,46.0,36.8,34.5
418,54.55,42.42,46.06,50.91,48.49,38.79,36.36
419,56.69,44.09,47.87,52.91,50.39,40.31,37.79
420,58.04,45.14,49.01,54.17,51.59,41.27,38.69
421,58.5,45.5,49.4,54.6,52.0,41.6,39.0
422,58.04,45.14,49.01,54.17,51.59,41.27,38.69
423,56.69,44.09,47.87,52.91,50.39,40.31,37.79
424,54.55,42.42,46.06,50.91,48.49,38.79,36.36
425,51.75,40.25,43.7,48.3,46.0,36.8,34.5
426,48.49,37.72,40.95,45.26,43.11,34.48,32.33
427,45.0,35.0,38.0,42.0,40.0,32.0,30.0
428,41.51,32.28,35.05,38.74,36.89,29.52,27.67
429,38.25,29.75,32.3,35.7,34.0,27.2,25.5
430,35.45,27.58,29.94,33.09,31.51,25.21,23.64
431,33.31,25.91,28.13,31.09,29.61,23.69,22.21
432,31.96,24.86,26.99,29.83,28.41,22.73,21.31
433,31.5,24.5,26.6,29.4,28.0,22.4,21.0
434,31.96,24.86,26.99,29.83,28.41,22.73,21.31
435,33.31,25.91,28.13,31.09,29.61,23.69,22.21
436,35.45,27.58,29.94,33.09,31.51,25.21,23.64
437,38.25,29.75,32.3,35.7,34.0,27.2,25.5
438,41.51,32.28,35.05,38.74,36.89,29.52,27.67
439,45.0,35.0,38.0,42.0,40.0,32.0,30.0
440,48.49,37.72,40.95,45.26,43.11,34.48,32.33
441,51.75,40.25,43.7,48.3,46.0,36.8,34.5
442,54.55,42.42,46.06,50.91,48.49,38.79,36.36
443,56.69,44.09,47.87,52.91,50.39,40.31,37.79
444,58.04,45.14,49.01,54.17,51.59,41.27,38.69
445,58.5,45.5,49.4,54.6,52.0,41.6,39.0
446,58.04,45.14,49.01,54.17,51.59,41.27,38.69
447,56.69,44.09,47.87,52.91,50.39,40.31,37.79
448,54.55,42.42,46.06,50.91,48.49,38.79,36.36
449,51.75,40.25,43.7,48.3,46.0,36.8,34.5
450,48.49,37.72,40.95,45.26,43.11,34.48,32.33
451,45.0,35.0,38.0,42.0,40.0,32.0,30.0
452,41.51,32.28,35.05,38.74,36.89,29.52,27.67
453,38.25,29.75,32.3,35.7,34.0,27.2,25.5
454,35.45,27.58,29.94,33.09,31.51,25.21,23.64
455,33.31,25.91,28.13,31.09,29.61,23.69,22.21
456,31.96,24.86,26.99,29.83,28.41,22.73,21.31
457,31.5,24.5,26.6,29.4,28.0,22.4,21.0
458,31.96,24.86,26.99,29.83,28.41,22.73,21.31
459,33.31,25.91,28.13,31.09,29.61,23.69,22.21
460,35.45,27.58,29.94,33.09,31.51,25.21,23.64
461,38.25,29.75,32.3,35.7,34.0,27.2,25.5
462,41.51,32.28,35.05,38.74,36.89,29.52,27.67
463,45.0,35.0,38.0,42.0,40.0,32.0,30.0
464,48.49,37.72,40.95,45.26,43.11,34.48,32.33
465,51.75,40.25,43.7,48.3,46.0,36.8,34.5
466,54.55,42.42,46.06,50.91,48.49,38.79,36.36
467,56.69,44.09,47.87,52.91,50.39,40.31,37.79
468,58.04,45.14,49.01,54.17,51.59,41.27,38.69
469,58.5,45.5,49.4,54.6,52.0,41.6,39.0
470,58.04,45.14,49.01,54.17,51.59,41.27,38.69
471,56.69,44.09,47.87,52.91,50.39,40.31,37.79
472,54.55,42.42,46.06,50.91,48.49,38.79,36.36
473,51.75,40.25,43.7,48.3,46.0,36.8,34.5
474,48.49,37.72,40.95,45.26,43.11,34.48,32.33
475,45.0,35.0,38.0,42.0,40.0,32.0,30.0
476,41.51,32.28,35.05,38.74,36.89,29.52,27.67
477,38.25,29.75,32.3,35.7,34.0,27.2,25.5
478,35.45,27.58,29.94,33.09,31.51,25.21,23.64
479,33.31,25.91,28.13,31.09,29.61,23.69,22.21
480,31.96,24.86,26.99,29.83,28.41,22.73,21.31
481,31.5,24.5,26.6,29.4,28.0,22.4,21.0
482,31.96,24.86,26.99,29.83,28.41,22.73,21.31
483,33.31,25.91,28.13,31.09,29.61,23.69,22.21
484,35.45,27.58,29.94,33.09,31.51,25.21,23.64
485,38.25,29.75,32.3,35.7,34.0,27.2,25.5
486,41.51,32.28,35.05,38.74,36.89,29.52,27.67
487,45.0,35.0,38.0,42.0,40.0,32.0,30.0
488,48.49,37.72,40.95,45.26,43.11,34.48,32.33
489,51.75,40.25,43.7,48.3,46.0,36.8,34.5
490,54.55,42.42,46.06,50.91,48.49,38.79,36.36
491,56.69,44.09,47.87,52.91,50.39,40.31,37.79
492,58.04,45.14,49.01,54.17,51.59,41.27,38.69
493,58.5,45.5,49.4,54.6,52.0,41.6,39.0
494,58.04,45.14,49.01,54.17,51.59,41.27,38.69
495,56.69,44.09,47.87,52.91,50.39,40.31,37.79
496,54.55,42.42,46.06,50.91,48.49,38.79,36.36
497,51.75,40.25,43.7,48.3,46.0,36.8,34.5
498,48.49,37.72,40.95,45.26,43.11,34.48,32.33
499,45.0,35.0,38.0,42.0,40.0,32.0,30.0
500,41.51,32.28,35.05,38.74,36.89,29.52,27.67
501,38.25,29.75,32.3,35.7,34.0,27.2,25.5
502,35.45,27.58,29.94,33.09,31.51,25.21,23.64
503,33.31,25.91,28.13,31.09,29.61,23.69,22.21
504,31.96,24.86,26.99,29.83,28.41,22.73,21.31
505,31.5,24.5,26.6,29.4,28.0,22.4,21.0
506,31.96,24.86,26.99,29.83,28.41,22.73,21.31
507,33.31,25.91,28.13,31.09,29.61,23.69,22.21
508,35.45,27.58,29.94,33.09,31.51,25.21,23.64
509,38.25,29.75,32.3,35.7,34.0,27.2,25.5
510,41.51,32.28,35.05,38.74,36.89,29.52,27.67
511,45.0,35.0,38.0,42.0,40.0,32.0,30.0
512,48.49,37.72,40.95,45.26,43.11,34.48,32.33
513,51.75,40.25,43.7,48.3,46.0,36.8,34.5
514,54.55,42.42,46.06,50.91,48.49,38.79,36.36
515,56.69,44.09,47.87,52.91,50.39,40.31,37.79
516,58.04,45.14,49.01,54.17,51.59,41.27,38.69
517,58.5,45.5,49.4,54.6,52.0,41.6,39.0
518,58.04,45.14,49.01,54.17,51.59,41.27,38.69
519,56.69,44.09,47.87,52.91,50.39,40.31,37.79
520,54.55,42.42,46.06,50.91,48.49,38.79,36.36
521,51.75,40.25,43.7,48.3,46.0,36.8,34.5
522,48.49,37.72,40.95,45.26,43.11,34.48,32.33
523,45.0,35.0,38.0,42.0,40.0,32.0,30.0
524,41.51,32.28,35.05,38.74,36.89,29.52,27.67
525,38.25,29.75,32.3,35.7,34.0,27.2,25.5
526,35.45,27.58,29.94,33.09,31.51,25.21,23.64
527,33.31,25.91,28.13,31.09,29.61,23.69,22.21
528,31.96,24.86,26.99,29.83,28.41,22.73,21.31
529,31.5,24.5,26.6,29.4,28.0,22.4,21.0
530,31.96,24.86,26.99,29.83,28.41,22.73,21.31
531,33.31,25.91,28.13,31.09,29.61,23.69,22.21
532,35.45,27.58,29.94,33.09,31.51,25.21,23.64
533,38.25,29.75,32.3,35.7,34.0,27.2,25.5
534,41.51,32.28,35.05,38.74,36.89,29.52,27.67
535,45.0,35.0,38.0,42.0,40.0,32.0,30.0
536,48.49,37.72,40.95,45.26,43.11,34.48,32.33
537,51.75,40.25,43.7,48.3,46.0,36.8,34.5
538,54.55,42.42,46.06,50.91,48.49,38.79,36.36
539,56.69,44.09,47.87,52.91,50.39,40.31,37.79
540,58.04,45.14,49.01,54.17,51.59,41.27,38.69
541,58.5,45.5,49.4,54.6,52.0,41.6,39.0
542,58.04,45.14,49.01,54.17,51.59,41.27,38.69
543,56.69,44.09,47.87,52.91,50.39,40.31,37.79
544,54.55,42.42,46.06,50.91,48.49,38.79,36.36
545,51.75,40.25,43.7,48.3,46.0,36.8,34.5
546,48.49,37.72,40.95,45.26,43.11,34.48,32.33
547,45.0,35.0,38.0,42.0,40.0,32.0,30.0
548,41.51,32.28,35.05,38.74,36.89,29.52,27.67
549,38.25,29.75,32.3,35.7,34.0,27.2,25.5
550,35.45,27.58,29.94,33.09,31.51,25.21,23.64
551,33.31,25.91,28.13,31.09,29.61,23.69,22.21
552,31.96,24.86,26.99,29.83,28.41,22.73,21.31
553,31.5,24.5,26.6,29.4,28.0,22.4,21.0
554,31.96,24.86,26.99,29.83,28.41,22.73,21.31
555,33.31,25.91,28.13,31.09,29.61,23.69,22.21
556,35.45,27.58,29.94,33.09,31.51,25.21,23.64
557,38.25,29.75,32.3,35.7,34.0,27.2,25.5
558,41.51,32.28,35.05,38.74,36.89,29.52,27.67
559,45.0,35.0,38.0,42.0,40.0,32.0,30.0
560,48.49,37.72,40.95,45.26,43.11,34.48,32.33
561,51.75,40.25,43.7,48.3,46.0,36.8,34.5
562,54.55,42.42,46.06,50.91,48.49,38.79,36.36
563,56.69,44.09,47.87,52.91,50.39,40.31,37.79
564,58.04,45.14,49.01,54.17,51.59,41.27,38.69
565,58.5,45.5,49.4,54.6,52.0,41.6,39.0
566,58.04,45.14,49.01,54.17,51.59,41.27,38.69
567,56.69,44.09,47.87,52.91,50.39,40.31,37.79
568,54.55,42.42,46.06,50.91,48.49,38.79,36.36
569,51.75,40.25,43.7,48.3,46.0,36.8,34.5
570,48.49,37.72,40.95,45.26,43.11,34.48,32.33
571,45.0,35.0,38.0,42.0,40.0,32.0,30.0
572,41.51,32.28,35.05,38.74,36.89,29.52,27.67
573,38.25,29.75,32.3,35.7,34.0,27.2,25.5
574,35.45,27.58,29.94,33.09,31.51,25.21,23.64
575,33.31,25.91,28.13,31.09,29.61,23.69,22.21
576,31.96,24.86,26.99,29.83,28.41,22.73,21.31
577,31.5,24.5,26.6,29.4,28.0,22.4,21.0
578,31.96,24.86,26.99,29.83,28.41,22.73,21.31
579,33.31,25.91,28.13,31.09,29.61,23.69,22.21
580,35.45,27.58,29.94,33.09,31.51,25.21,23.64
581,38.25,29.75,32.3,35.7,34.0,27.2,25.5
582,41.51,32.28,35.05,38.74,36.89,29.52,27.67
583,45.0,35.0,38.0,42.0,40.0,32.0,30.0
584,48.49,37.72,40.95,45.26,43.11,34.48,32.33
585,51.75,40.25,43.7,48.3,46.0,36.8,34.5
586,54.55,42.42,46.06,50.91,48.49,38.79,36.36
587,56.69,44.09,47.87,52.91,50.39,40.31,37.79
588,58.04,45.14,49.01,54.17,51.59,41.27,38.69
589,58.5,45.5,49.4,54.6,52.0,41.6,39.0
590,58.04,45.14,49.01,54.17,51.59,41.27,38.69
591,56.69,44.09,47.87,52.91,50.39,40.31,37.79
592,54.55,42.42,46.06,50.91,48.49,38.79,36.36
593,51.75,40.25,43.7,48.3,46.0,36.8,34.5
594,48.49,37.72,40.95,45.26,43.11,34.48,32.33
595,45.0,35.0,38.0,42.0,40.0,32.0,30.0
596,41.51,32.28,35.05,38.74,36.89,29.52,27.67
597,38.25,29.75,32.3,35.7,34.0,27.2,25.5
598,35.45,27.58,29.94,33.09,31.51,25.21,23.64
599,33.31,25.91,28.13,31.09,29.61,23.69,22.21
600,31.96,24.86,26.99,29.83,28.41,22.73,21.31
601,31.5,24.5,26.6,29.4,28.0,22.4,21.0
602,31.96,24.86,26.99,29.83,28.41,22.73,21.31
603,33.31,25.91,28.13,31.09,29.61,23.69,22.21
604,35.45,27.58,29.94,33.09,31.51,25.21,23.64
605,38.25,29.75,32.3,35.7,34.0,27.2,25.5
606,41.51,32.28,35.05,38.74,36.89,29.52,27.67
607,45.0,35.0,38.0,42.0,40.0,32.0,30.0
608,48.49,37.72,40.95,45.26,43.11,34.48,32.33
609,51.75,40.25,43.7,48.3,46.0,36.8,34.5
610,54.55,42.42,46.06,50.91,48.49,38.79,36.36
611,56.69,44.09,47.87,52.91,50.39,40.31,37.79
612,58.04,45.14,49.01,54.17,51.59,41.27,38.69
613,58.5,45.5,49.4,54.6,52.0,41.6,39.0
614,58.04,45.14,49.01,54.17,51.59,41.27,38.69
615,56.69,44.09,47.87,52.91,50.39,40.31,37.79
616,54.55,42.42,46.06,50.91,48.49,38.79,36.36
617,51.75,40.25,43.7,48.3,46.0,36.8,34.5
618,48.49,37.72,40.95,45.26,43.11,34.48,32.33
619,45.0,35.0,38.0,42.0,40.0,32.0,30.0
620,41.51,32.28,35.05,38.74,36.89,29.52,27.67
621,38.25,29.75,32.3,35.7,34.0,27.2,25.5
622,35.45,27.58,29.94,33.09,31.51,25.21,23.64
623,33.31,25.91,28.13,31.09,29.61,23.69,22.21
624,31.96,24.86,26.99,29.83,28.41,22.73,21.31
625,31.5,24.5,26.6,29.4,28.0,22.4,21.0
626,31.96,24.86,26.99,29.83,28.41,22.73,21.31
627,33.31,25.91,28.13,31.09,29.61,23.69,22.21
628,35.45,27.58,29.94,33.09,31.51,25.21,23.64
629,38.25,29.75,32.3,35.7,34.0,27.2,25.5
630,41.51,32.28,35.05,38.74,36.89,29.52,27.67
631,45.0,35.0,38.0,42.0,40.0,32.0,30.0
632,48.49,37.72,40.95,45.26,43.11,34.48,32.33
633,51.75,40.25,43.7,48.3,46.0,36.8,34.5
634,54.55,42.42,46.06,50.91,48.49,38.79,36.36
635,56.69,44.09,47.87,52.91,50.39,40.31,37.79
636,58.04,45.14,49.01,54.17,51.59,41.27,38.69
637,58.5,45.5,49.4,54.6,52.0,41.6,39.0
638,58.04,45.14,49.01,54.17,51.59,41.27,38.69
639,56.69,44.09,47.87,52.91,50.39,40.31,37.79
640,54.55,42.42,46.06,50.91,48.49,38.79,36.36
641,51.75,40.25,43.7,48.3,46.0,36.8,34.5
642,48.49,37.72,40.95,45.26,43.11,34.48,32.33
643,45.0,35.0,38.0,42.0,40.0,32.0,30.0
644,41.51,32.28,35.05,38.74,36.89,29.52,27.67
645,38.25,29.75,32.3,35.7,34.0,27.2,25.5
646,35.45,27.58,29.94,33.09,31.51,25.21,23.64
647,33.31,25.91,28.13,31.09,29.61,23.69,22.21
648,31.96,24.86,26.99,29.83,28.41,22.73,21.31
649,31.5,24.5,26.6,29.4,28.0,22.4,21.0
650,31.96,24.86,26.99,29.83,28.41,22.73,21.31
651,33.31,25.91,28.13,31.09,29.61,23.69,22.21
652,35.45,27.58,29.94,33.09,31.51,25.21,23.64
653,38.25,29.75,32.3,35.7,34.0,27.2,25.5
654,41.51,32.28,35.05,38.74,36.89,29.52,27.67
655,45.0,35.0,38.0,42.0,40.0,32.0,30.0
656,48.49,37.72,40.95,45.26,43.11,34.48,32.33
657,51.75,40.25,43.7,48.3,46.0,36.8,34.5
658,54.55,42.42,46.06,50.91,48.49,38.79,36.36
659,56.69,44.09,47.87,52.91,50.39,40.31,37.79
660,58.04,45.14,49.01,54.17,51.59,41.27,38.69
661,58.5,45.5,49.4,54.6,52.0,41.6,39.0
662,58.04,45.14,49.01,54.17,51.59,41.27,38.69
663,56.69,44.09,47.87,52.91,50.39,40.31,37.79
664,54.55,42.42,46.06,50.91,48.49,38.79,36.36
665,51.75,40.25,43.7,48.3,46.0,36.8,34.5
666,48.49,37.72,40.95,45.26,43.11,34.48,32.33
667,45.0,35.0,38.0,42.0,40.0,32.0,30.0
668,41.51,32.28,35.05,38.74,36.89,29.52,27.67
669,38.25,29.75,32.3,35.7,34.0,27.2,25.5
670,35.45,27.58,29.94,33.09,31.51,25.21,23.64
671,33.31,25.91,28.13,31.09,29.61,23.69,22.21
672,31.96,24.86,26.99,29.83,28.41,22.73,21.31
673,31.5,24.5,26.6,29.4,28.0,22.4,21.0
674,31.96,24.86,26.99,29.83,28.41,22.73,21.31
675,33.31,25.91,28.13,31.09,29.61,23.69,22.21
676,35.45,27.58,29.94,33.09,31.51,25.21,23.64
677,38.25,29.75,32.3,35.7,34.0,27.2,25.5
678,41.51,32.28,35.05,38.74,36.89,29.52,27.67
679,45.0,35.0,38.0,42.0,40.0,32.0,30.0
680,48.49,37.72,40.95,45.26,43.11,34.48,32.33
681,51.75,40.25,43.7,48.3,46.0,36.8,34.5
682,54.55,42.42,46.06,50.91,48.49,38.79,36.36
683,56.69,44.09,47.87,52.91,50.39,40.31,37.79
684,58.04,45.14,49.01,54.17,51.59,41.27,38.69
685,58.5,45.5,49.4,54.6,52.0,41.6,39.0
686,58.04,45.14,49.01,54.17,51.59,41.27,38.69
687,56.69,44.09,47.87,52.91,50.39,40.31,37.79
688,54.55,42.42,46.06,50.91,48.49,38.79,36.36
689,51.75,40.25,43.7,48.3,46.0,36.8,34.5
690,48.49,37.72,40.95,45.26,43.11,34.48,32.33
691,45.0,35.0,38.0,42.0,40.0,32.0,30.0
692,41.51,32.28,35.05,38.74,36.89,29.52,27.67
693,38.25,29.75,32.3,35.7,34.0,27.2,25.5
694,35.45,27.58,29.94,33.09,31.51,25.21,23.64
695,33.31,25.91,28.13,31.09,29.61,23.69,22.21
696,31.96,24.86,26.99,29.83,28.41,22.73,21.31
697,31.5,24.5,26.6,29.4,28.0,22.4,21.0
698,31.96,24.86,26.99,29.83,28.41,22.73,21.31
699,33.31,25.91,28.13,31.09,29.61,23.69,22.21
700,35.45,27.58,29.94,33.09,31.51,25.21,23.64
701,38.25,29.75,32.3,35.7,34.0,27.2,25.5
702,41.51,32.28,35.05,38.74,36.89,29.52,27.67
703,45.0,35.0,38.0,42.0,40.0,32.0,30.0
704,48.49,37.72,40.95,45.26,43.11,34.48,32.33
705,51.75,40.25,43.7,48.3,46.0,36.8,34.5
706,54.55,42.42,46.06,50.91,48.49,38.79,36.36
707,56.69,44.09,47.87,52.91,50.39,40.31,37.79
708,58.04,45.14,49.01,54.17,51.59,41.27,38.69
709,58.5,45.5,49.4,54.6,52.0,41.6,39.0
710,58.04,45.14,49.01,54.17,51.59,41.27,38.69
711,56.69,44.09,47.87,52.91,50.39,40.31,37.79
712,54.55,42.42,46.06,50.91,48.49,38.79,36.36
713,51.75,40.25,43.7,48.3,46.0,36.8,34.5
714,48.49,37.72,40.95,45.26,43.11,34.48,32.33
715,45.0,35.0,38.0,42.0,40.0,32.0,30.0
716,41.51,32.28,35.05,38.74,36.89,29.52,27.67
717,38.25,29.75,32.3,35.7,34.0,27.2,25.5
718,35.45,27.58,29.94,33.09,31.51,25.21,23.64
719,33.31,25.91,28.13,31.09,29.61,23.69,22.21
720,31.96,24.86,26.99,29.83,28.41,22.73,21.31
721,31.5,24.5,26.6,29.4,28.0,22.4,21.0
722,31.96,24.86,26.99,29.83,28.41,22.73,21.31
723,33.31,25.91,28.13,31.09,29.61,23.69,22.21
724,35.45,27.58,29.94,33.09,31.51,25.21,23.64
725,38.25,29.75,32.3,35.7,34.0,27.2,25.5
726,41.51,32.28,35.05,38.74,36.89,29.52,27.67
727,45.0,35.0,38.0,42.0,40.0,32.0,30.0
728,48.49,37.72,40.95,45.26,43.11,34.48,32.33
729,51.75,40.25,43.7,48.3,46.0,36.8,34.5
730,54.55,42.42,46.06,50.91,48.49,38.79,36.36
731,56.69,44.09,47.87,52.91,50.39,40.31,37.79
732,58.04,45.14,49.01,54.17,51.59,41.27,38.69
733,58.5,45.5,49.4,54.6,52.0,41.6,39.0
734,58.04,45.14,49.01,54.17,51.59,41.27,38.69
735,56.69,44.09,47.87,52.91,50.39,40.31,37.79
736,54.55,42.42,46.06,50.91,48.49,38.79,36.36
737,51.75,40.25,43.7,48.3,46.0,36.8,34.5
738,48.49,37.72,40.95,45.26,43.11,34.48,32.33
739,45.0,35.0,38.0,42.0,40.0,32.0,30.0
740,41.51,32.28,35.05,38.74,36.89,29.52,27.67
741,38.25,29.75,32.3,35.7,34.0,27.2,25.5
742,35.45,27.58,29.94,33.09,31.51,25.21,23.64
743,33.31,25.91,28.13,31.09,29.61,23.69,22.21
744,31.96,24.86,26.99,29.83,28.41,22.73,21.31
745,31.5,24.5,26.6,29.4,28.0,22.4,21.0
746,31.96,24.86,26.99,29.83,28.41,22.73,21.31
747,33.31,25.91,28.13,31.09,29.61,23.69,22.21
748,35.45,27.58,29.94,33.09,31.51,25.21,23.64
749,38.25,29.75,32.3,35.7,34.0,27.2,25.5
750,41.51,32.28,35.05,38.74,36.89,29.52,27.67
751,45.0,35.0,38.0,42.0,40.0,32.0,30.0
752,48.49,37.72,40.95,45.26,43.11,34.48,32.33
753,51.75,40.25,43.7,48.3,46.0,36.8,34.5
754,54.55,42.42,46.06,50.91,48.49,38.79,36.36
755,56.69,44.09,47.87,52.91,50.39,40.31,37.79
756,58.04,45.14,49.01,54.17,51.59,41.27,38.69
757,58.5,45.5,49.4,54.6,52.0,41.6,39.0
758,58.04,45.14,49.01,54.17,51.59,41.27,38.69
759,56.69,44.09,47.87,52.91,50.39,40.31,37.79
760,54.55,42.42,46.06,50.91,48.49,38.79,36.36
761,51.75,40.25,43.7,48.3,46.0,36.8,34.5
762,48.49,37.72,40.95,45.26,43.11,34.48,32.33
763,45.0,35.0,38.0,42.0,40.0,32.0,30.0
764,41.51,32.28,35.05,38.74,36.89,29.52,27.67
765,38.25,29.75,32.3,35.7,34.0,27.2,25.5
766,35.45,27.58,29.94,33.09,31.51,25.21,23.64
767,33.31,25.91,28.13,31.09,29.61,23.69,22.21
768,31.96,24.86,26.99,29.83,28.41,22.73,21.31
769,31.5,24.5,26.6,29.4,28.0,22.4,21.0
770,31.96,24.86,26.99,29.83,28.41,22.73,21.31
771,33.31,25.91,28.13,31.09,29.61,23.69,22.21
772,35.45,27.58,29.94,33.09,31.51,25.21,23.64
773,38.25,29.75,32.3,35.7,34.0,27.2,25.5
774,41.51,32.28,35.05,38.74,36.89,29.52,27.67
775,45.0,35.0,38.0,42.0,40.0,32.0,30.0
776,48.49,37.72,40.95,45.26,43.11,34.48,32.33
777,51.75,40.25,43.7,48.3,46.0,36.8,34.5
778,54.55,42.42,46.06,50.91,48.49,38.79,36.36
779,56.69,44.09,47.87,52.91,50.39,40.31,37.79
780,58.04,45.14,49.01,54.17,51.59,41.27,38.69
781,58.5,45.5,49.4,54.6,52.0,41.6,39.0
782,58.04,45.14,49.01,54.17,51.59,41.27,38.69
783,56.69,44.09,47.87,52.91,50.39,40.31,37.79
784,54.55,42.42,46.06,50.91,48.49,38.79,36.36
785,51.75,40.25,43.7,48.3,46.0,36.8,34.5
786,48.49,37.72,40.95,45.26,43.11,34.48,32.33
787,45.0,35.0,38.0,42.0,40.0,32.0,30.0
788,41.51,32.28,35.05,38.74,36.89,29.52,27.67
789,38.25,29.75,32.3,35.7,34.0,27.2,25.5
790,35.45,27.58,29.94,33.09,31.51,25.21,23.64
791,33.31,25.91,28.13,31.09,29.61,23.69,22.21
792,31.96,24.86,26.99,29.83,28.41,22.73,21.31
793,31.5,24.5,26.6,29.4,28.0,22.4,21.0
794,31.96,24.86,26.99,29.83,28.41,22.73,21.31
795,33.31,25.91,28.13,31.09,29.61,23.69,22.21
796,35.45,27.58,29.94,33.09,31.51,25.21,23.64
797,38.25,29.75,32.3,35.7,34.0,27.2,25.5
798,41.51,32.28,35.05,38.74,36.89,29.52,27.67
799,45.0,35.0,38.0,42.0,40.0,32.0,30.0
800,48.49,37.72,40.95,45.26,43.11,34.48,32.33
801,51.75,40.25,43.7,48.3,46.0,36.8,34.5
802,54.55,42.42,46.06,50.91,48.49,38.79,36.36
803,56.69,44.09,47.87,52.91,50.39,40.31,37.79
804,58.04,45.14,49.01,54.17,51.59,41.27,38.69
805,58.5,45.5,49.4,54.6,52.0,41.6,39.0
806,58.04,45.14,49.01,54.17,51.59,41.27,38.69
807,56.69,44.09,47.87,52.91,50.39,40.31,37.79
808,54.55,42.42,46.06,50.91,48.49,38.79,36.36
809,51.75,40.25,43.7,48.3,46.0,36.8,34.5
810,48.49,37.72,40.95,45.26,43.11,34.48,32.33
811,45.0,35.0,38.0,42.0,40.0,32.0,30.0
812,41.51,32.28,35.05,38.74,36.89,29.52,27.67
813,38.25,29.75,32.3,35.7,34.0,27.2,25.5
814,35.45,27.58,29.94,33.09,31.51,25.21,23.64
815,33.31,25.91,28.13,31.09,29.61,23.69,22.21
816,31.96,24.86,26.99,29.83,28.41,22.73,21.31
817,31.5,24.5,26.6,29.4,28.0,22.4,21.0
818,31.96,24.86,26.99,29.83,28.41,22.73,21.31
819,33.31,25.91,28.13,31.09,29.61,23.69,22.21
820,35.45,27.58,29.94,33.09,31.51,25.21,23.64
821,38.25,29.75,32.3,35.7,34.0,27.2,25.5
822,41.51,32.28,35.05,38.74,36.89,29.52,27.67
823,45.0,35.0,38.0,42.0,40.0,32.0,30.0
824,48.49,37.72,40.95,45.26,43.11,34.48,32.33
825,51.75,40.25,43.7,48.3,46.0,36.8,34.5
826,54.55,42.42,46.06,50.91,48.49,38.79,36.36
827,56.69,44.09,47.87,52.91,50.39,40.31,37.79
828,58.04,45.14,49.01,54.17,51.59,41.27,38.69
829,58.5,45.5,49.4,54.6,52.0,41.6,39.0
830,58.04,45.14,49.01,54.17,51.59,41.27,38.69
831,56.69,44.09,47.87,52.91,50.39,40.31,37.79
832,54.55,42.42,46.06,50.91,48.49,38.79,36.36
833,51.75,40.25,43.7,48.3,46.0,36.8,34.5
834,48.49,37.72,40.95,45.26,43.11,34.48,32.33
835,45.0,35.0,38.0,42.0,40.0,32.0,30.0
836,41.51,32.28,35.05,38.74,36.89,29.52,27.67
837,38.25,29.75,32.3,35.7,34.0,27.2,25.5
838,35.45,27.58,29.94,33.09,31.51,25.21,23.64
839,33.31,25.91,28.13,31.09,29.61,23.69,22.21
840,31.96,24.86,26.99,29.83,28.41,22.73,21.31
841,31.5,24.5,26.6,29.4,28.0,22.4,21.0
842,31.96,24.86,26.99,29.83,28.41,22.73,21.31
843,33.31,25.91,28.13,31.09,29.61,23.69,22.21
844,35.45,27.58,29.94,33.09,31.51,25.21,23.64
845,38.25,29.75,32.3,35.7,34.0,27.2,25.5
846,41.51,32.28,35.05,38.74,36.89,29.52,27.67
847,45.0,35.0,38.0,42.0,40.0,32.0,30.0
848,48.49,37.72,40.95,45.26,43.11,34.48,32.33
849,51.75,40.25,43.7,48.3,46.0,36.8,34.5
850,54.55,42.42,46.06,50.91,48.49,38.79,36.36
851,56.69,44.09,47.87,52.91,50.39,40.31,37.79
852,58.04,45.14,49.01,54.17,51.59,41.27,38.69
853,58.5,45.5,49.4,54.6,52.0,41.6,39.0
854,58.04,45.14,49.01,54.17,51.59,41.27,38.69
855,56.69,44.09,47.87,52.91,50.39,40.31,37.79
856,54.55,42.42,46.06,50.91,48.49,38.79,36.36
857,51.75,40.25,43.7,48.3,46.0,36.8,34.5
858,48.49,37.72,40.95,45.26,43.11,34.48,32.33
859,45.0,35.0,38.0,42.0,40.0,32.0,30.0
860,41.51,32.28,35.05,38.74,36.89,29.52,27.67
861,38.25,29.75,32.3,35.7,34.0,27.2,25.5
862,35.45,27.58,29.94,33.09,31.51,25.21,23.64
863,33.31,25.91,28.13,31.09,29.61,23.69,22.21
864,31.96,24.86,26.99,29.83,28.41,22.73,21.31
865,31.5,24.5,26.6,29.4,28.0,22.4,21.0
866,31.96,24.86,26.99,29.83,28.41,22.73,21.31
867,33.31,25.91,28.13,31.09,29.61,23.69,22.21
868,35.45,27.58,29.94,33.09,31.51,25.21,23.64
869,38.25,29.75,32.3,35.7,34.0,27.2,25.5
870,41.51,32.28,35.05,38.74,36.89,29.52,27.67
871,45.0,35.0,38.0,42.0,40.0,32.0,30.0
872,48.49,37.72,40.95,45.26,43.11,34.48,32.33
873,51.75,40.25,43.7,48.3,46.0,36.8,34.5
874,54.55,42.42,46.06,50.91,48.49,38.79,36.36
875,56.69,44.09,47.87,52.91,50.39,40.31,37.79
876,58.04,45.14,49.01,54.17,51.59,41.27,38.69
877,58.5,45.5,49.4,54.6,52.0,41.6,39.0
878,58.04,45.14,49.01,54.17,51.59,41.27,38.69
879,56.69,44.09,47.87,52.91,50.39,40.31,37.79
880,54.55,42.42,46.06,50.91,48.49,38.79,36.36
881,51.75,40.25,43.7,48.3,46.0,36.8,34.5
882,48.49,37.72,40.95,45.26,43.11,34.48,32.33
883,45.0,35.0,38.0,42.0,40.0,32.0,30.0
884,41.51,32.28,35.05,38.74,36.89,29.52,27.67
885,38.25,29.75,32.3,35.7,34.0,27.2,25.5
886,35.45,27.58,29.94,33.09,31.51,25.21,23.64
887,33.31,25.91,28.13,31.09,29.61,23.69,22.21
888,31.96,24.86,26.99,29.83,28.41,22.73,21.31
889,31.5,24.5,26.6,29.4,28.0,22.4,21.0
890,31.96,24.86,26.99,29.83,28.41,22.73,21.31
891,33.31,25.91,28.13,31.09,29.61,23.69,22.21
892,35.45,27.58,29.94,33.09,31.51,25.21,23.64
893,38.25,29.75,32.3,35.7,34.0,27.2,25.5
894,41.51,32.28,35.05,38.74,36.89,29.52,27.67
895,45.0,35.0,38.0,42.0,40.0,32.0,30.0
896,48.49,37.72,40.95,45.26,43.11,34.48,32.33
897,51.75,40.25,43.7,48.3,46.0,36.8,34.5
898,54.55,42.42,46.06,50.91,48.49,38.79,36.36
899,56.69,44.09,47.87,52.91,50.39,40.31,37.79
900,58.04,45.14,49.01,54.17,51.59,41.27,38.69
901,58.5,45.5,49.4,54.6,52.0,41.6,39.0
902,58.04,45.14,49.01,54.17,51.59,41.27,38.69
903,56.69,44.09,47.87,52.91,50.39,40.31,37.79
904,54.55,42.42,46.06,50.91,48.49,38.79,36.36
905,51.75,40.25,43.7,48.3,46.0,36.8,34.5
906,48.49,37.72,40.95,45.26,43.11,34.48,32.33
907,45.0,35.0,38.0,42.0,40.0,32.0,30.0
908,41.51,32.28,35.05,38.74,36.89,29.52,27.67
909,38.25,29.75,32.3,35.7,34.0,27.2,25.5
910,35.45,27.58,29.94,33.09,31.51,25.21,23.64
911,33.31,25.91,28.13,31.09,29.61,23.69,22.21
912,31.96,24.86,26.99,29.83,28.41,22.73,21.31
913,31.5,24.5,26.6,29.4,28.0,22.4,21.0
914,31.96,24.86,26.99,29.83,28.41,22.73,21.31
915,33.31,25.91,28.13,31.09,29.61,23.69,22.21
916,35.45,27.58,29.94,33.09,31.51,25.21,23.64
917,38.25,29.75,32.3,35.7,34.0,27.2,25.5
918,41.51,32.28,35.05,38.74,36.89,29.52,27.67
919,45.0,35.0,38.0,42.0,40.0,32.0,30.0
920,48.49,37.72,40.95,45.26,43.11,34.48,32.33
921,51.75,40.25,43.7,48.3,46.0,36.8,34.5
922,54.55,42.42,46.06,50.91,48.49,38.79,36.36
923,56.69,44.09,47.87,52.91,50.39,40.31,37.79
924,58.04,45.14,49.01,54.17,51.59,41.27,38.69
925,58.5,45.5,49.4,54.6,52.0,41.6,39.0
926,58.04,45.14,49.01,54.17,51.59,41.27,38.69
927,56.69,44.09,47.87,52.91,50.39,40.31,37.79
928,54.55,42.42,46.06,50.91,48.49,38.79,36.36
929,51.75,40.25,43.7,48.3,46.0,36.8,34.5
930,48.49,37.72,40.95,45.26,43.11,34.48,32.33
931,45.0,35.0,38.0,42.0,40.0,32.0,30.0
932,41.51,32.28,35.05,38.74,36.89,29.52,27.67
933,38.25,29.75,32.3,35.7,34.0,27.2,25.5
934,35.45,27.58,29.94,33.09,31.51,25.21,23.64
935,33.31,25.91,28.13,31.09,29.61,23.69,22.21
936,31.96,24.86,26.99,29.83,28.41,22.73,21.31
937,31.5,24.5,26.6,29.4,28.0,22.4,21.0
938,31.96,24.86,26.99,29.83,28.41,22.73,21.31
939,33.31,25.91,28.13,31.09,29.61,23.69,22.21
940,35.45,27.58,29.94,33.09,31.51,25.21,23.64
941,38.25,29.75,32.3,35.7,34.0,27.2,25.5
942,41.51,32.28,35.05,38.74,36.89,29.52,27.67
943,45.0,35.0,38.0,42.0,40.0,32.0,30.0
944,48.49,37.72,40.95,45.26,43.11,34.48,32.33
945,51.75,40.25,43.7,48.3,46.0,36.8,34.5
946,54.55,42.42,46.06,50.91,48.49,38.79,36.36
947,56.69,44.09,47.87,52.91,50.39,40.31,37.79
948,58.04,45.14,49.01,54.17,51.59,41.27,38.69
949,58.5,45.5,49.4,54.6,52.0,41.6,39.0
950,58.04,45.14,49.01,54.17,51.59,41.27,38.69
951,56.69,44.09,47.87,52.91,50.39,40.31,37.79
952,54.55,42.42,46.06,50.91,48.49,38.79,36.36
953,51.75,40.25,43.7,48.3,46.0,36.8,34.5
954,48.49,37.72,40.95,45.26,43.11,34.48,32.33
955,45.0,35.0,38.0,42.0,40.0,32.0,30.0
956,41.51,32.28,35.05,38.74,36.89,29.52,27.67
957,38.25,29.75,32.3,35.7,34.0,27.2,25.5
958,35.45,27.58,29.94,33.09,31.51,25.21,23.64
959,33.31,25.91,28.13,31.09,29.61,23.69,22.21
960,31.96,24.86,26.99,29.83,28.41,22.73,21.31
961,31.5,24.5,26.6,29.4,28.0,22.4,21.0
962,31.96,24.86,26.99,29.83,28.41,22.73,21.31
963,33.31,25.91,28.13,31.09,29.61,23.69,22.21
964,35.45,27.58,29.94,33.09,31.51,25.21,23.64
965,38.25,29.75,32.3,35.7,34.0,27.2,25.5
966,41.51,32.28,35.05,38.74,36.89,29.52,27.67
967,45.0,35.0,38.0,42.0,40.0,32.0,30.0
968,48.49,37.72,40.95,45.26,43.11,34.48,32.33
969,51.75,40.25,43.7,48.3,46.0,36.8,34.5
970,54.55,42.42,46.06,50.91,48.49,38.79,36.36
971,56.69,44.09,47.87,52.91,50.39,40.31,37.79
972,58.04,45.14,49.01,54.17,51.59,41.27,38.69
973,58.5,45.5,49.4,54.6,52.0,41.6,39.0
974,58.04,45.14,49.01,54.17,51.59,41.27,38.69
975,56.69,44.09,47.87,52.91,50.39,40.31,37.79
976,54.55,42.42,46.06,50.91,48.49,38.79,36.36
977,51.75,40.25,43.7,48.3,46.0,36.8,34.5
978,48.49,37.72,40.95,45.26,43.11,34.48,32.33
979,45.0,35.0,38.0,42.0,40.0,32.0,30.0
980,41.51,32.28,35.05,38.74,36.89,29.52,27.67
981,38.25,29.75,32.3,35.7,34.0,27.2,25.5
982,35.45,27.58,29.94,33.09,31.51,25.21,23.64
983,33.31,25.91,28.13,31.09,29.61,23.69,22.21
984,31.96,24.86,26.99,29.83,28.41,22.73,21.31
985,31.5,24.5,26.6,29.4,28.0,22.4,21.0
986,31.96,24.86,26.99,29.83,28.41,22.73,21.31
987,33.31,25.91,28.13,31.09,29.61,23.69,22.21
988,35.45,27.58,29.94,33.09,31.51,25.21,23.64
989,38.25,29.75,32.3,35.7,34.0,27.2,25.5
990,41.51,32.28,35.05,38.74,36.89,29.52,27.67
991,45.0,35.0,38.0,42.0,40.0,32.0,30.0
992,48.49,37.72,40.95,45.26,43.11,34.48,32.33
993,51.75,40.25,43.7,48.3,46.0,36.8,34.5
994,54.55,42.42,46.06,50.91,48.49,38.79,36.36
995,56.69,44.09,47.87,52.91,50.39,40.31,37.79
996,58.04,45.14,49.01,54.17,51.59,41.27,38.69
997,58.5,45.5,49.4,54.6,52.0,41.6,39.0
998,58.04,45.14,49.01,54.17,51.59,41.27,38.69
999,56.69,44.09,47.87,52.91,50.39,40.31,37.79
1000,54.55,42.42,46.06,50.91,48.49,38.79,36.36
1001,51.75,40.25,43.7,48.3,46.0,36.8,34.5
1002,48.49,37.72,40.95,45.26,43.11,34.48,32.33
1003,45.0,35.0,38.0,42.0,40.0,32.0,30.0
1004,41.51,32.28,35.05,38.74,36.89,29.52,27.67
1005,38.25,29.75,32.3,35.7,34.0,27.2,25.5
1006,35.45,27.58,29.94,33.09,31.51,25.21,23.64
1007,33.31,25.91,28.13,31.09,29.61,23.69,22.21
1008,31.96,24.86,26.99,29.83,28.41,22.73,21.31
1009,31.5,24.5,26.6,29.4,28.0,22.4,21.0
1010,31.96,24.86,26.99,29.83,28.41,22.73,21.31
1011,33.31,25.91,28.13,31.09,29.61,23.69,22.21
1012,35.45,27.58,29.94,33.09,31.51,25.21,23.64
1013,38.25,29.75,32.3,35.7,34.0,27.2,25.5
1014,41.51,32.28,35.05,38.74,36.89,29.52,27.67
1015,45.0,35.0,38.0,42.0,40.0,32.0,30.0
1016,48.49,37.72,40.95,45.26,43.11,34.48,32.33
1017,51.75,40.25,43.7,48.3,46.0,36.8,34.5
1018,54.55,42.42,46.06,50.91,48.49,38.79,36.36
1019,56.69,44.09,47.87,52.91,50.39,40.31,37.79
1020,58.04,45.14,49.01,54.17,51.59,41.27,38.69
1021,58.5,45.5,49.4,54.6,52.0,41.6,39.0
1022,58.04,45.14,49.01,54.17,51.59,41.27,38.69
1023,56.69,44.09,47.87,52.91,50.39,40.31,37.79
1024,54.55,42.42,46.06,50.91,48.49,38.79,36.36
1025,51.75,40.25,43.7,48.3,46.0,36.8,34.5
1026,48.49,37.72,40.95,45.26,43.11,34.48,32.33
1027,45.0,35.0,38.0,42.0,40.0,32.0,30.0
1028,41.51,32.28,35.05,38.74,36.89,29.52,27.67
1029,38.25,29.75,32.3,35.7,34.0,27.2,25.5
1030,35.45,27.58,29.94,33.09,31.51,25.21,23.64
1031,33.31,25.91,28.13,31.09,29.61,23.69,22.21
1032,31.96,24.86,26.99,29.83,28.41,22.73,21.31
1033,31.5,24.5,26.6,29.4,28.0,22.4,21.0
1034,31.96,24.86,26.99,29.83,28.41,22.73,21.31
1035,33.31,25.91,28.13,31.09,29.61,23.69,22.21
1036,35.45,27.58,29.94,33.09,31.51,25.21,23.64
1037,38.25,29.75,32.3,35.7,34.0,27.2,25.5
1038,41.51,32.28,35.05,38.74,36.89,29.52,27.67
1039,45.0,35.0,38.0,42.0,40.0,32.0,30.0
1040,48.49,37.72,40.95,45.26,43.11,34.48,32.33
1041,51.75,40.25,43.7,48.3,46.0,36.8,34.5
1042,54.55,42.42,46.06,50.91,48.49,38.79,36.36
1043,56.69,44.09,47.87,52.91,50.39,40.31,37.79
1044,58.04,45.14,49.01,54.17,51.59,41.27,38.69
1045,58.5,45.5,49.4,54.6,52.0,41.6,39.0
1046,58.04,45.14,49.01,54.17,51.59,41.27,38.69
1047,56.69,44.09,47.87,52.91,50.39,40.31,37.79
1048,54.55,42.42,46.06,50.91,48.49,38.79,36.36
1049,51.75,40.25,43.7,48.3,46.0,36.8,34.5
1050,48.49,37.72,40.95,45.26,43.11,34.48,32.33
1051,45.0,35.0,38.0,42.0,40.0,32.0,30.0
1052,41.51,32.28,35.05,38.74,36.89,29.52,27.67
1053,38.25,29.75,32.3,35.7,34.0,27.2,25.5
1054,35.45,27.58,29.94,33.09,31.51,25.21,23.64
1055,33.31,25.91,28.13,31.09,29.61,23.69,22.21
1056,31.96,24.86,26.99,29.83,28.41,22.73,21.31
1057,31.5,24.5,26.6,29.4,28.0,22.4,21.0
1058,31.96,24.86,26.99,29.83,28.41,22.73,21.31
1059,33.31,25.91,28.13,31.09,29.61,23.69,22.21
1060,35.45,27.58,29.94,33.09,31.51,25.21,23.64
1061,38.25,29.75,32.3,35.7,34.0,27.2,25.5
1062,41.51,32.28,35.05,38.74,36.89,29.52,27.67
1063,45.0,35.0,38.0,42.0,40.0,32.0,30.0
1064,48.49,37.72,40.95,45.26,43.11,34.48,32.33
1065,51.75,40.25,43.7,48.3,46.0,36.8,34.5
1066,54.55,42.42,46.06,50.91,48.49,38.79,36.36
1067,56.69,44.09,47.87,52.91,50.39,40.31,37.79
1068,58.04,45.14,49.01,54.17,51.59,41.27,38.69
1069,58.5,45.5,49.4,54.6,52.0,41.6,39.0
1070,58.04,45.14,49.01,54.17,51.59,41.27,38.69
1071,56.69,44.09,47.87,52.91,50.39,40.31,37.79
1072,54.55,42.42,46.06,50.91,48.49,38.79,36.36
1073,51.75,40.25,43.7,48.3,46.0,36.8,34.5
1074,48.49,37.72,40.95,45.26,43.11,34.48,32.33
1075,45.0,35.0,38.0,42.0,40.0,32.0,30.0
1076,41.51,32.28,35.05,38.74,36.89,29.52,27.67
1077,38.25,29.75,32.3,35.7,34.0,27.2,25.5
1078,35.45,27.58,29.94,33.09,31.51,25.21,23.64
1079,33.31,25.91,28.13,31.09,29.61,23.69,22.21
1080,31.96,24.86,26.99,29.83,28.41,22.73,21.31
1081,31.5,24.5,26.6,29.4,28.0,22.4,21.0
1082,31.96,24.86,26.99,29.83,28.41,22.73,21.31
1083,33.31,25.91,28.13,31.09,29.61,23.69,22.21
1084,35.45,27.58,29.94,33.09,31.51,25.21,23.64
1085,38.25,29.75,32.3,35.7,34.0,27.2,25.5
1086,41.51,32.28,35.05,38.74,36.89,29.52,27.67
1087,45.0,35.0,38.0,42.0,40.0,32.0,30.0
1088,48.49,37.72,40.95,45.26,43.11,34.48,32.33
1089,51.75,40.25,43.7,48.3,46.0,36.8,34.5
1090,54.55,42.42,46.06,50.91,48.49,38.79,36.36
1091,56.69,44.09,47.87,52.91,50.39,40.31,37.79
1092,58.04,45.14,49.01,54.17,51.59,41.27,38.69
1093,58.5,45.5,49.4,54.6,52.0,41.6,39.0
1094,58.04,45.14,49.01,54.17,51.59,41.27,38.69
1095,56.69,44.09,47.87,52.91,50.39,40.31,37.79
1096,54.55,42.42,46.06,50.91,48.49,38.79,36.36
1097,51.75,40.25,43.7,48.3,46.0,36.8,34.5
1098,48.49,37.72,40.95,45.26,43.11,34.48,32.33
1099,45.0,35.0,38.0,42.0,40.0,32.0,30.0
1100,41.51,32.28,35.05,38.74,36.89,29.52,27.67
1101,38.25,29.75,32.3,35.7,34.0,27.2,25.5
1102,35.45,27.58,29.94,33.09,31.51,25.21,23.64
1103,33.31,25.91,28.13,31.09,29.61,23.69,22.21
1104,31.96,24.86,26.99,29.83,28.41,22.73,21.31
1105,31.5,24.5,26.6,29.4,28.0,22.4,21.0
1106,31.96,24.86,26.99,29.83,28.41,22.73,21.31
1107,33.31,25.91,28.13,31.09,29.61,23.69,22.21
1108,35.45,27.58,29.94,33.09,31.51,25.21,23.64
1109,38.25,29.75,32.3,35.7,34.0,27.2,25.5
1110,41.51,32.28,35.05,38.74,36.89,29.52,27.67
1111,45.0,35.0,38.0,42.0,40.0,32.0,30.0
1112,48.49,37.72,40.95,45.26,43.11,34.48,32.33
1113,51.75,40.25,43.7,48.3,46.0,36.8,34.5
1114,54.55,42.42,46.06,50.91,48.49,38.79,36.36
1115,56.69,44.09,47.87,52.91,50.39,40.31,37.79
1116,58.04,45.14,49.01,54.17,51.59,41.27,38.69
1117,58.5,45.5,49.4,54.6,52.0,41.6,39.0
1118,58.04,45.14,49.01,54.17,51.59,41.27,38.69
1119,56.69,44.09,47.87,52.91,50.39,40.31,37.79
1120,54.55,42.42,46.06,50.91,48.49,38.79,36.36
1121,51.75,40.25,43.7,48.3,46.0,36.8,34.5
1122,48.49,37.72,40.95,45.26,43.11,34.48,32.33
1123,45.0,35.0,38.0,42.0,40.0,32.0,30.0
1124,41.51,32.28,35.05,38.74,36.89,29.52,27.67
1125,38.25,29.75,32.3,35.7,34.0,27.2,25.5
1126,35.45,27.58,29.94,33.09,31.51,25.21,23.64
1127,33.31,25.91,28.13,31.09,29.61,23.69,22.21
1128,31.96,24.86,26.99,29.83,28.41,22.73,21.31
1129,31.5,24.5,26.6,29.4,28.0,22.4,21.0
1130,31.96,24.86,26.99,29.83,28.41,22.73,21.31
1131,33.31,25.91,28.13,31.09,29.61,23.69,22.21
1132,35.45,27.58,29.94,33.09,31.51,25.21,23.64
1133,38.25,29.75,32.3,35.7,34.0,27.2,25.5
1134,41.51,32.28,35.05,38.74,36.89,29.52,27.67
1135,45.0,35.0,38.0,42.0,40.0,32.0,30.0
1136,48.49,37.72,40.95,45.26,43.11,34.48,32.33
1137,51.75,40.25,43.7,48.3,46.0,36.8,34.5
1138,54.55,42.42,46.06,50.91,48.49,38.79,36.36
1139,56.69,44.09,47.87,52.91,50.39,40.31,37.79
1140,58.04,45.14,49.01,54.17,51.59,41.27,38.69
1141,58.5,45.5,49.4,54.6,52.0,41.6,39.0
1142,58.04,45.14,49.01,54.17,51.59,41.27,38.69
1143,56.69,44.09,47.87,52.91,50.39,40.31,37.79
1144,54.55,42.42,46.06,50.91,48.49,38.79,36.36
1145,51.75,40.25,43.7,48.3,46.0,36.8,34.5
1146,48.49,37.72,40.95,45.26,43.11,34.48,32.33
1147,45.0,35.0,38.0,42.0,40.0,32.0,30.0
1148,41.51,32.28,35.05,38.74,36.89,29.52,27.67
1149,38.25,29.75,32.3,35.7,34.0,27.2,25.5
1150,35.45,27.58,29.94,33.09,31.51,25.21,23.64
1151,33.31,25.91,28.13,31.09,29.61,23.69,22.21
1152,31.96,24.86,26.99,29.83,28.41,22.73,21.31
1153,31.5,24.5,26.6,29.4,28.0,22.4,21.0
1154,31.96,24.86,26.99,29.83,28.41,22.73,21.31
1155,33.31,25.91,28.13,31.09,29.61,23.69,22.21
1156,35.45,27.58,29.94,33.09,31.51,25.21,23.64
1157,38.25,29.75,32.3,35.7,34.0,27.2,25.5
1158,41.51,32.28,35.05,38.74,36.89,29.52,27.67
1159,45.0,35.0,38.0,42.0,40.0,32.0,30.0
1160,48.49,37.72,40.95,45.26,43.11,34.48,32.33
1161,51.75,40.25,43.7,48.3,46.0,36.8,34.5
1162,54.55,42.42,46.06,50.91,48.49,38.79,36.36
1163,56.69,44.09,47.87,52.91,50.39,40.31,37.79
1164,58.04,45.14,49.01,54.17,51.59,41.27,38.69
1165,58.5,45.5,49.4,54.6,52.0,41.6,39.0
1166,58.04,45.14,49.01,54.17,51.59,41.27,38.69
1167,56.69,44.09,47.87,52.91,50.39,40.31,37.79
1168,54.55,42.42,46.06,50.91,48.49,38.79,36.36
1169,51.75,40.25,43.7,48.3,46.0,36.8,34.5
1170,48.49,37.72,40.95,45.26,43.11,34.48,32.33
1171,45.0,35.0,38.0,42.0,40.0,32.0,30.0
1172,41.51,32.28,35.05,38.74,36.89,29.52,27.67
1173,38.25,29.75,32.3,35.7,34.0,27.2,25.5
1174,35.45,27.58,29.94,33.09,31.51,25.21,23.64
1175,33.31,25.91,28.13,31.09,29.61,23.69,22.21
1176,31.96,24.86,26.99,29.83,28.41,22.73,21.31
1177,31.5,24.5,26.6,29.4,28.0,22.4,21.0
1178,31.96,24.86,26.99,29.83,28.41,22.73,21.31
1179,33.31,25.91,28.13,31.09,29.61,23.69,22.21
1180,35.45,27.58,29.94,33.09,31.51,25.21,23.64
1181,38.25,29.75,32.3,35.7,34.0,27.2,25.5
1182,41.51,32.28,35.05,38.74,36.89,29.52,27.67
1183,45.0,35.0,38.0,42.0,40.0,32.0,30.0
1184,48.49,37.72,40.95,45.26,43.11,34.48,32.33
1185,51.75,40.25,43.7,48.3,46.0,36.8,34.5
1186,54.55,42.42,46.06,50.91,48.49,38.79,36.36
1187,56.69,44.09,47.87,52.91,50.39,40.31,37.79
1188,58.04,45.14,49.01,54.17,51.59,41.27,38.69
1189,58.5,45.5,49.4,54.6,52.0,41.6,39.0
1190,58.04,45.14,49.01,54.17,51.59,41.27,38.69
1191,56.69,44.09,47.87,52.91,50.39,40.31,37.79
1192,54.55,42.42,46.06,50.91,48.49,38.79,36.36
1193,51.75,40.25,43.7,48.3,46.0,36.8,34.5
1194,48.49,37.72,40.95,45.26,43.11,34.48,32.33
1195,45.0,35.0,38.0,42.0,40.0,32.0,30.0
1196,41.51,32.28,35.05,38.74,36.89,29.52,27.67
1197,38.25,29.75,32.3,35.7,34.0,27.2,25.5
1198,35.45,27.58,29.94,33.09,31.51,25.21,23.64
1199,33.31,25.91,28.13,31.09,29.61,23.69,22.21
1200,31.96,24.86,26.99,29.83,28.41,22.73,21.31
1201,31.5,24.5,26.6,29.4,28.0,22.4,21.0
1202,31.96,24.86,26.99,29.83,28.41,22.73,21.31
1203,33.31,25.91,28.13,31.09,29.61,23.69,22.21
1204,35.45,27.58,29.94,33.09,31.51,25.21,23.64
1205,38.25,29.75,32.3,35.7,34.0,27.2,25.5
1206,41.51,32.28,35.05,38.74,36.89,29.52,27.67
1207,45.0,35.0,38.0,42.0,40.0,32.0,30.0
1208,48.49,37.72,40.95,45.26,43.11,34.48,32.33
1209,51.75,40.25,43.7,48.3,46.0,36.8,34.5
1210,54.55,42.42,46.06,50.91,48.49,38.79,36.36
1211,56.69,44.09,47.87,52.91,50.39,40.31,37.79
1212,58.04,45.14,49.01,54.17,51.59,41.27,38.69
1213,58.5,45.5,49.4,54.6,52.0,41.6,39.0
1214,58.04,45.14,49.01,54.17,51.59,41.27,38.69
1215,56.69,44.09,47.87,52.91,50.39,40.31,37.79
1216,54.55,42.42,46.06,50.91,48.49,38.79,36.36
1217,51.75,40.25,43.7,48.3,46.0,36.8,34.5
1218,48.49,37.72,40.95,45.26,43.11,34.48,32.33
1219,45.0,35.0,38.0,42.0,40.0,32.0,30.0
1220,41.51,32.28,35.05,38.74,36.89,29.52,27.67
1221,38.25,29.75,32.3,35.7,34.0,27.2,25.5
1222,35.45,27.58,29.94,33.09,31.51,25.21,23.64
1223,33.31,25.91,28.13,31.09,29.61,23.69,22.21
1224,31.96,24.86,26.99,29.83,28.41,22.73,21.31
1225,31.5,24.5,26.6,29.4,28.0,22.4,21.0
1226,31.96,24.86,26.99,29.83,28.41,22.73,21.31
1227,33.31,25.91,28.13,31.09,29.61,23.69,22.21
1228,35.45,27.58,29.94,33.09,31.51,25.21,23.64
1229,38.25,29.75,32.3,35.7,34.0,27.2,25.5
1230,41.51,32.28,35.05,38.74,36.89,29.52,27.67
1231,45.0,35.0,38.0,42.0,40.0,32.0,30.0
1232,48.49,37.72,40.95,45.26,43.11,34.48,32.33
1233,51.75,40.25,43.7,48.3,46.0,36.8,34.5
1234,54.55,42.42,46.06,50.91,48.49,38.79,36.36
1235,56.69,44.09,47.87,52.91,50.39,40.31,37.79
1236,58.04,45.14,49.01,54.17,51.59,41.27,38.69
1237,58.5,45.5,49.4,54.6,52.0,41.6,39.0
1238,58.04,45.14,49.01,54.17,51.59,41.27,38.69
1239,56.69,44.09,47.87,52.91,50.39,40.31,37.79
1240,54.55,42.42,46.06,50.91,48.49,38.79,36.36
1241,51.75,40.25,43.7,48.3,46.0,36.8,34.5
1242,48.49,37.72,40.95,45.26,43.11,34.48,32.33
1243,45.0,35.0,38.0,42.0,40.0,32.0,30.0
1244,41.51,32.28,35.05,38.74,36.89,29.52,27.67
1245,38.25,29.75,32.3,35.7,34.0,27.2,25.5
1246,35.45,27.58,29.94,33.09,31.51,25.21,23.64
1247,33.31,25.91,28.13,31.09,29.61,23.69,22.21
1248,31.96,24.86,26.99,29.83,28.41,22.73,21.31
1249,31.5,24.5,26.6,29.4,28.0,22.4,21.0
1250,31.96,24.86,26.99,29.83,28.41,22.73,21.31
1251,33.31,25.91,28.13,31.09,29.61,23.69,22.21
1252,35.45,27.58,29.94,33.09,31.51,25.21,23.64
1253,38.25,29.75,32.3,35.7,34.0,27.2,25.5
1254,41.51,32.28,35.05,38.74,36.89,29.52,27.67
1255,45.0,35.0,38.0,42.0,40.0,32.0,30.0
1256,48.49,37.72,40.95,45.26,43.11,34.48,32.33
1257,51.75,40.25,43.7,48.3,46.0,36.8,34.5
1258,54.55,42.42,46.06,50.91,48.49,38.79,36.36
1259,56.69,44.09,47.87,52.91,50.39,40.31,37.79
1260,58.04,45.14,49.01,54.17,51.59,41.27,38.69
1261,58.5,45.5,49.4,54.6,52.0,41.6,39.0
1262,58.04,45.14,49.01,54.17,51.59,41.27,38.69
1263,56.69,44.09,47.87,52.91,50.39,40.31,37.79
1264,54.55,42.42,46.06,50.91,48.49,38.79,36.36
1265,51.75,40.25,43.7,48.3,46.0,36.8,34.5
1266,48.49,37.72,40.95,45.26,43.11,34.48,32.33
1267,45.0,35.0,38.0,42.0,40.0,32.0,30.0
1268,41.51,32.28,35.05,38.74,36.89,29.52,27.67
1269,38.25,29.75,32.3,35.7,34.0,27.2,25.5
1270,35.45,27.58,29.94,33.09,31.51,25.21,23.64
1271,33.31,25.91,28.13,31.09,29.61,23.69,22.21
1272,31.96,24.86,26.99,29.83,28.41,22.73,21.31
1273,31.5,24.5,26.6,29.4,28.0,22.4,21.0
1274,31.96,24.86,26.99,29.83,28.41,22.73,21.31
1275,33.31,25.91,28.13,31.09,29.61,23.69,22.21
1276,35.45,27.58,29.94,33.09,31.51,25.21,23.64
1277,38.25,29.75,32.3,35.7,34.0,27.2,25.5
1278,41.51,32.28,35.05,38.74,36.89,29.52,27.67
1279,45.0,35.0,38.0,42.0,40.0,32.0,30.0
1280,48.49,37.72,40.95,45.26,43.11,34.48,32.33
1281,51.75,40.25,43.7,48.3,46.0,36.8,34.5
1282,54.55,42.42,46.06,50.91,48.49,38.79,36.36
1283,56.69,44.09,47.87,52.91,50.39,40.31,37.79
1284,58.04,45.14,49.01,54.17,51.59,41.27,38.69
1285,58.5,45.5,49.4,54.6,52.0,41.6,39.0
1286,58.04,45.14,49.01,54.17,51.59,41.27,38.69
1287,56.69,44.09,47.87,52.91,50.39,40.31,37.79
1288,54.55,42.42,46.06,50.91,48.49,38.79,36.36
1289,51.75,40.25,43.7,48.3,46.0,36.8,34.5
1290,48.49,37.72,40.95,45.26,43.11,34.48,32.33
1291,45.0,35.0,38.0,42.0,40.0,32.0,30.0
1292,41.51,32.28,35.05,38.74,36.89,29.52,27.67
1293,38.25,29.75,32.3,35.7,34.0,27.2,25.5
1294,35.45,27.58,29.94,33.09,31.51,25.21,23.64
1295,33.31,25.91,28.13,31.09,29.61,23.69,22.21
1296,31.96,24.86,26.99,29.83,28.41,22.73,21.31
1297,31.5,24.5,26.6,29.4,28.0,22.4,21.0
1298,31.96,24.86,26.99,29.83,28.41,22.73,21.31
1299,33.31,25.91,28.13,31.09,29.61,23.69,22.21
1300,35.45,27.58,29.94,33.09,31.51,25.21,23.64
1301,38.25,29.75,32.3,35.7,34.0,27.2,25.5
1302,41.51,32.28,35.05,38.74,36.89,29.52,27.67
1303,45.0,35.0,38.0,42.0,40.0,32.0,30.0
1304,48.49,37.72,40.95,45.26,43.11,34.48,32.33
1305,51.75,40.25,43.7,48.3,46.0,36.8,34.5
1306,54.55,42.42,46.06,50.91,48.49,38.79,36.36
1307,56.69,44.09,47.87,52.91,50.39,40.31,37.79
1308,58.04,45.14,49.01,54.17,51.59,41.27,38.69
1309,58.5,45.5,49.4,54.6,52.0,41.6,39.0
1310,58.04,45.14,49.01,54.17,51.59,41.27,38.69
1311,56.69,44.09,47.87,52.91,50.39,40.31,37.79
1312,54.55,42.42,46.06,50.91,48.49,38.79,36.36
1313,51.75,40.25,43.7,48.3,46.0,36.8,34.5
1314,48.49,37.72,40.95,45.26,43.11,34.48,32.33
1315,45.0,35.0,38.0,42.0,40.0,32.0,30.0
1316,41.51,32.28,35.05,38.74,36.89,29.52,27.67
1317,38.25,29.75,32.3,35.7,34.0,27.2,25.5
1318,35.45,27.58,29.94,33.09,31.51,25.21,23.64
1319,33.31,25.91,28.13,31.09,29.61,23.69,22.21
1320,31.96,24.86,26.99,29.83,28.41,22.73,21.31
1321,31.5,24.5,26.6,29.4,28.0,22.4,21.0
1322,31.96,24.86,26.99,29.83,28.41,22.73,21.31
1323,33.31,25.91,28.13,31.09,29.61,23.69,22.21
1324,35.45,27.58,29.94,33.09,31.51,25.21,23.64
1325,38.25,29.75,32.3,35.7,34.0,27.2,25.5
1326,41.51,32.28,35.05,38.74,36.89,29.52,27.67
1327,45.0,35.0,38.0,42.0,40.0,32.0,30.0
1328,48.49,37.72,40.95,45.26,43.11,34.48,32.33
1329,51.75,40.25,43.7,48.3,46.0,36.8,34.5
1330,54.55,42.42,46.06,50.91,48.49,38.79,36.36
1331,56.69,44.09,47.87,52.91,50.39,40.31,37.79
1332,58.04,45.14,49.01,54.17,51.59,41.27,38.69
1333,58.5,45.5,49.4,54.6,52.0,41.6,39.0
1334,58.04,45.14,49.01,54.17,51.59,41.27,38.69
1335,56.69,44.09,47.87,52.91,50.39,40.31,37.79
1336,54.55,42.42,46.06,50.91,48.49,38.79,36.36
1337,51.75,40.25,43.7,48.3,46.0,36.8,34.5
1338,48.49,37.72,40.95,45.26,43.11,34.48,32.33
1339,45.0,35.0,38.0,42.0,40.0,32.0,30.0
1340,41.51,32.28,35.05,38.74,36.89,29.52,27.67
1341,38.25,29.75,32.3,35.7,34.0,27.2,25.5
1342,35.45,27.58,29.94,33.09,31.51,25.21,23.64
1343,33.31,25.91,28.13,31.09,29.61,23.69,22.21
1344,31.96,24.86,26.99,29.83,28.41,22.73,21.31
1345,31.5,24.5,26.6,29.4,28.0,22.4,21.0
1346,31.96,24.86,26.99,29.83,28.41,22.73,21.31
1347,33.31,25.91,28.13,31.09,29.61,23.69,22.21
1348,35.45,27.58,29.94,33.09,31.51,25.21,23.64
1349,38.25,29.75,32.3,35.7,34.0,27.2,25.5
1350,41.51,32.28,35.05,38.74,36.89,29.52,27.67
1351,45.0,35.0,38.0,42.0,40.0,32.0,30.0
1352,48.49,37.72,40.95,45.26,43.11,34.48,32.33
1353,51.75,40.25,43.7,48.3,46.0,36.8,34.5
1354,54.55,42.42,46.06,50.91,48.49,38.79,36.36
1355,56.69,44.09,47.87,52.91,50.39,40.31,37.79
1356,58.04,45.14,49.01,54.17,51.59,41.27,38.69
1357,58.5,45.5,49.4,54.6,52.0,41.6,39.0
1358,58.04,45.14,49.01,54.17,51.59,41.27,38.69
1359,56.69,44.09,47.87,52.91,50.39,40.31,37.79
1360,54.55,42.42,46.06,50.91,48.49,38.79,36.36
1361,51.75,40.25,43.7,48.3,46.0,36.8,34.5
1362,48.49,37.72,40.95,45.26,43.11,34.48,32.33
1363,45.0,35.0,38.0,42.0,40.0,32.0,30.0
1364,41.51,32.28,35.05,38.74,36.89,29.52,27.67
1365,38.25,29.75,32.3,35.7,34.0,27.2,25.5
1366,35.45,27.58,29.94,33.09,31.51,25.21,23.64
1367,33.31,25.91,28.13,31.09,29.61,23.69,22.21
1368,31.96,24.86,26.99,29.83,28.41,22.73,21.31
1369,31.5,24.5,26.6,29.4,28.0,22.4,21.0
1370,31.96,24.86,26.99,29.83,28.41,22.73,21.31
1371,33.31,25.91,28.13,31.09,29.61,23.69,22.21
1372,35.45,27.58,29.94,33.09,31.51,25.21,23.64
1373,38.25,29.75,32.3,35.7,34.0,27.2,25.5
1374,41.51,32.28,35.05,38.74,36.89,29.52,27.67
1375,45.0,35.0,38.0,42.0,40.0,32.0,30.0
1376,48.49,37.72,40.95,45.26,43.11,34.48,32.33
1377,51.75,40.25,43.7,48.3,46.0,36.8,34.5
1378,54.55,42.42,46.06,50.91,48.49,38.79,36.36
1379,56.69,44.09,47.87,52.91,50.39,40.31,37.79
1380,58.04,45.14,49.01,54.17,51.59,41.27,38.69
1381,58.5,45.5,49.4,54.6,52.0,41.6,39.0
1382,58.04,45.14,49.01,54.17,51.59,41.27,38.69
1383,56.69,44.09,47.87,52.91,50.39,40.31,37.79
1384,54.55,42.42,46.06,50.91,48.49,38.79,36.36
1385,51.75,40.25,43.7,48.3,46.0,36.8,34.5
1386,48.49,37.72,40.95,45.26,43.11,34.48,32.33
1387,45.0,35.0,38.0,42.0,40.0,32.0,30.0
1388,41.51,32.28,35.05,38.74,36.89,29.52,27.67
1389,38.25,29.75,32.3,35.7,34.0,27.2,25.5
1390,35.45,27.58,29.94,33.09,31.51,25.21,23.64
1391,33.31,25.91,28.13,31.09,29.61,23.69,22.21
1392,31.96,24.86,26.99,29.83,28.41,22.73,21.31
1393,31.5,24.5,26.6,29.4,28.0,22.4,21.0
1394,31.96,24.86,26.99,29.83,28.41,22.73,21.31
1395,33.31,25.91,28.13,31.09,29.61,23.69,22.21
1396,35.45,27.58,29.94,33.09,31.51,25.21,23.64
1397,38.25,29.75,32.3,35.7,34.0,27.2,25.5
1398,41.51,32.28,35.05,38.74,36.89,29.52,27.67
1399,45.0,35.0,38.0,42.0,40.0,32.0,30.0
1400,48.49,37.72,40.95,45.26,43.11,34.48,32.33
1401,51.75,40.25,43.7,48.3,46.0,36.8,34.5
1402,54.55,42.42,46.06,50.91,48.49,38.79,36.36
1403,56.69,44.09,47.87,52.91,50.39,40.31,37.79
1404,58.04,45.14,49.01,54.17,51.59,41.27,38.69
1405,58.5,45.5,49.4,54.6,52.0,41.6,39.0
1406,58.04,45.14,49.01,54.17,51.59,41.27,38.69
1407,56.69,44.09,47.87,52.91,50.39,40.31,37.79
1408,54.55,42.42,46.06,50.91,48.49,38.79,36.36
1409,51.75,40.25,43.7,48.3,46.0,36.8,34.5
1410,48.49,37.72,40.95,45.26,43.11,34.48,32.33
1411,45.0,35.0,38.0,42.0,40.0,32.0,30.0
1412,41.51,32.28,35.05,38.74,36.89,29.52,27.67
1413,38.25,29.75,32.3,35.7,34.0,27.2,25.5
1414,35.45,27.58,29.94,33.09,31.51,25.21,23.64
1415,33.31,25.91,28.13,31.09,29.61,23.69,22.21
1416,31.96,24.86,26.99,29.83,28.41,22.73,21.31
1417,31.5,24.5,26.6,29.4,28.0,22.4,21.0
1418,31.96,24.86,26.99,29.83,28.41,22.73,21.31
1419,33.31,25.91,28.13,31.09,29.61,23.69,22.21
1420,35.45,27.58,29.94,33.09,31.51,25.21,23.64
1421,38.25,29.75,32.3,35.7,34.0,27.2,25.5
1422,41.51,32.28,35.05,38.74,36.89,29.52,27.67
1423,45.0,35.0,38.0,42.0,40.0,32.0,30.0
1424,48.49,37.72,40.95,45.26,43.11,34.48,32.33
1425,51.75,40.25,43.7,48.3,46.0,36.8,34.5
1426,54.55,42.42,46.06,50.91,48.49,38.79,36.36
1427,56.69,44.09,47.87,52.91,50.39,40.31,37.79
1428,58.04,45.14,49.01,54.17,51.59,41.27,38.69
1429,58.5,45.5,49.4,54.6,52.0,41.6,39.0
1430,58.04,45.14,49.01,54.17,51.59,41.27,38.69
1431,56.69,44.09,47.87,52.91,50.39,40.31,37.79
1432,54.55,42.42,46.06,50.91,48.49,38.79,36.36
1433,51.75,40.25,43.7,48.3,46.0,36.8,34.5
1434,48.49,37.72,40.95,45.26,43.11,34.48,32.33
1435,45.0,35.0,38.0,42.0,40.0,32.0,30.0
1436,41.51,32.28,35.05,38.74,36.89,29.52,27.67
1437,38.25,29.75,32.3,35.7,34.0,27.2,25.5
1438,35.45,27.58,29.94,33.09,31.51,25.21,23.64
1439,33.31,25.91,28.13,31.09,29.61,23.69,22.21
1440,31.96,24.86,26.99,29.83,28.41,22.73,21.31
1441,31.5,24.5,26.6,29.4,28.0,22.4,21.0
1442,31.96,24.86,26.99,29.83,28.41,22.73,21.31
1443,33.31,25.91,28.13,31.09,29.61,23.69,22.21
1444,35.45,27.58,29.94,33.09,31.51,25.21,23.64
1445,38.25,29.75,32.3,35.7,34.0,27.2,25.5
1446,41.51,32.28,35.05,38.74,36.89,29.52,27.67
1447,45.0,35.0,38.0,42.0,40.0,32.0,30.0
1448,48.49,37.72,40.95,45.26,43.11,34.48,32.33
1449,51.75,40.25,43.7,48.3,46.0,36.8,34.5
1450,54.55,42.42,46.06,50.91,48.49,38.79,36.36
1451,56.69,44.09,47.87,52.91,50.39,40.31,37.79
1452,58.04,45.14,49.01,54.17,51.59,41.27,38.69
1453,58.5,45.5,49.4,54.6,52.0,41.6,39.0
1454,58.04,45.14,49.01,54.17,51.59,41.27,38.69
1455,56.69,44.09,47.87,52.91,50.39,40.31,37.79
1456,54.55,42.42,46.06,50.91,48.49,38.79,36.36
1457,51.75,40.25,43.7,48.3,46.0,36.8,34.5
1458,48.49,37.72,40.95,45.26,43.11,34.48,32.33
1459,45.0,35.0,38.0,42.0,40.0,32.0,30.0
1460,41.51,32.28,35.05,38.74,36.89,29.52,27.67
1461,38.25,29.75,32.3,35.7,34.0,27.2,25.5
1462,35.45,27.58,29.94,33.09,31.51,25.21,23.64
1463,33.31,25.91,28.13,31.09,29.61,23.69,22.21
1464,31.96,24.86,26.99,29.83,28.41,22.73,21.31
1465,31.5,24.5,26.6,29.4,28.0,22.4,21.0
1466,31.96,24.86,26.99,29.83,28.41,22.73,21.31
1467,33.31,25.91,28.13,31.09,29.61,23.69,22.21
1468,35.45,27.58,29.94,33.09,31.51,25.21,23.64
1469,38.25,29.75,32.3,35.7,34.0,27.2,25.5
1470,41.51,32.28,35.05,38.74,36.89,29.52,27.67
1471,45.0,35.0,38.0,42.0,40.0,32.0,30.0
1472,48.49,37.72,40.95,45.26,43.11,34.48,32.33
1473,51.75,40.25,43.7,48.3,46.0,36.8,34.5
1474,54.55,42.42,46.06,50.91,48.49,38.79,36.36
1475,56.69,44.09,47.87,52.91,50.39,40.31,37.79
1476,58.04,45.14,49.01,54.17,51.59,41.27,38.69
1477,58.5,45.5,49.4,54.6,52.0,41.6,39.0
1478,58.04,45.14,49.01,54.17,51.59,41.27,38.69
1479,56.69,44.09,47.87,52.91,50.39,40.31,37.79
1480,54.55,42.42,46.06,50.91,48.49,38.79,36.36
1481,51.75,40.25,43.7,48.3,46.0,36.8,34.5
1482,48.49,37.72,40.95,45.26,43.11,34.48,32.33
1483,45.0,35.0,38.0,42.0,40.0,32.0,30.0
1484,41.51,32.28,35.05,38.74,36.89,29.52,27.67
1485,38.25,29.75,32.3,35.7,34.0,27.2,25.5
1486,35.45,27.58,29.94,33.09,31.51,25.21,23.64
1487,33.31,25.91,28.13,31.09,29.61,23.69,22.21
1488,31.96,24.86,26.99,29.83,28.41,22.73,21.31
1489,31.5,24.5,26.6,29.4,28.0,22.4,21.0
1490,31.96,24.86,26.99,29.83,28.41,22.73,21.31
1491,33.31,25.91,28.13,31.09,29.61,23.69,22.21
1492,35.45,27.58,29.94,33.09,31.51,25.21,23.64
1493,38.25,29.75,32.3,35.7,34.0,27.2,25.5
1494,41.51,32.28,35.05,38.74,36.89,29.52,27.67
1495,45.0,35.0,38.0,42.0,40.0,32.0,30.0
1496,48.49,37.72,40.95,45.26,43.11,34.48,32.33
1497,51.75,40.25,43.7,48.3,46.0,36.8,34.5
1498,54.55,42.42,46.06,50.91,48.49,38.79,36.36
1499,56.69,44.09,47.87,52.91,50.39,40.31,37.79
1500,58.04,45.14,49.01,54.17,51.59,41.27,38.69
1501,58.5,45.5,49.4,54.6,52.0,41.6,39.0
1502,58.04,45.14,49.01,54.17,51.59,41.27,38.69
1503,56.69,44.09,47.87,52.91,50.39,40.31,37.79
1504,54.55,42.42,46.06,50.91,48.49,38.79,36.36
1505,51.75,40.25,43.7,48.3,46.0,36.8,34.5
1506,48.49,37.72,40.95,45.26,43.11,34.48,32.33
1507,45.0,35.0,38.0,42.0,40.0,32.0,30.0
1508,41.51,32.28,35.05,38.74,36.89,29.52,27.67
1509,38.25,29.75,32.3,35.7,34.0,27.2,25.5
1510,35.45,27.58,29.94,33.09,31.51,25.21,23.64
1511,33.31,25.91,28.13,31.09,29.61,23.69,22.21
1512,31.96,24.86,26.99,29.83,28.41,22.73,21.31
1513,31.5,24.5,26.6,29.4,28.0,22.4,21.0
1514,31.96,24.86,26.99,29.83,28.41,22.73,21.31
1515,33.31,25.91,28.13,31.09,29.61,23.69,22.21
1516,35.45,27.58,29.94,33.09,31.51,25.21,23.64
1517,38.25,29.75,32.3,35.7,34.0,27.2,25.5
1518,41.51,32.28,35.05,38.74,36.89,29.52,27.67
1519,45.0,35.0,38.0,42.0,40.0,32.0,30.0
1520,48.49,37.72,40.95,45.26,43.11,34.48,32.33
1521,51.75,40.25,43.7,48.3,46.0,36.8,34.5
1522,54.55,42.42,46.06,50.91,48.49,38.79,36.36
1523,56.69,44.09,47.87,52.91,50.39,40.31,37.79
1524,58.04,45.14,49.01,54.17,51.59,41.27,38.69
1525,58.5,45.5,49.4,54.6,52.0,41.6,39.0
1526,58.04,45.14,49.01,54.17,51.59,41.27,38.69
1527,56.69,44.09,47.87,52.91,50.39,40.31,37.79
1528,54.55,42.42,46.06,50.91,48.49,38.79,36.36
1529,51.75,40.25,43.7,48.3,46.0,36.8,34.5
1530,48.49,37.72,40.95,45.26,43.11,34.48,32.33
1531,45.0,35.0,38.0,42.0,40.0,32.0,30.0
1532,41.51,32.28,35.05,38.74,36.89,29.52,27.67
1533,38.25,29.75,32.3,35.7,34.0,27.2,25.5
1534,35.45,27.58,29.94,33.09,31.51,25.21,23.64
1535,33.31,25.91,28.13,31.09,29.61,23.69,22.21
1536,31.96,24.86,26.99,29.83,28.41,22.73,21.31
1537,31.5,24.5,26.6,29.4,28.0,22.4,21.0
1538,31.96,24.86,26.99,29.83,28.41,22.73,21.31
1539,33.31,25.91,28.13,31.09,29.61,23.69,22.21
1540,35.45,27.58,29.94,33.09,31.51,25.21,23.64
1541,38.25,29.75,32.3,35.7,34.0,27.2,25.5
1542,41.51,32.28,35.05,38.74,36.89,29.52,27.67
1543,45.0,35.0,38.0,42.0,40.0,32.0,30.0
1544,48.49,37.72,40.95,45.26,43.11,34.48,32.33
1545,51.75,40.25,43.7,48.3,46.0,36.8,34.5
1546,54.55,42.42,46.06,50.91,48.49,38.79,36.36
1547,56.69,44.09,47.87,52.91,50.39,40.31,37.79
1548,58.04,45.14,49.01,54.17,51.59,41.27,38.69
1549,58.5,45.5,49.4,54.6,52.0,41.6,39.0
1550,58.04,45.14,49.01,54.17,51.59,41.27,38.69
1551,56.69,44.09,47.87,52.91,50.39,40.31,37.79
1552,54.55,42.42,46.06,50.91,48.49,38.79,36.36
1553,51.75,40.25,43.7,48.3,46.0,36.8,34.5
1554,48.49,37.72,40.95,45.26,43.11,34.48,32.33
1555,45.0,35.0,38.0,42.0,40.0,32.0,30.0
1556,41.51,32.28,35.05,38.74,36.89,29.52,27.67
1557,38.25,29.75,32.3,35.7,34.0,27.2,25.5
1558,35.45,27.58,29.94,33.09,31.51,25.21,23.64
1559,33.31,25.91,28.13,31.09,29.61,23.69,22.21
1560,31.96,24.86,26.99,29.83,28.41,22.73,21.31
1561,31.5,24.5,26.6,29.4,28.0,22.4,21.0
1562,31.96,24.86,26.99,29.83,28.41,22.73,21.31
1563,33.31,25.91,28.13,31.09,29.61,23.69,22.21
1564,35.45,27.58,29.94,33.09,31.51,25.21,23.64
1565,38.25,29.75,32.3,35.7,34.0,27.2,25.5
1566,41.51,32.28,35.05,38.74,36.89,29.52,27.67
1567,45.0,35.0,38.0,42.0,40.0,32.0,30.0
1568,48.49,37.72,40.95,45.26,43.11,34.48,32.33
1569,51.75,40.25,43.7,48.3,46.0,36.8,34.5
1570,54.55,42.42,46.06,50.91,48.49,38.79,36.36
1571,56.69,44.09,47.87,52.91,50.39,40.31,37.79
1572,58.04,45.14,49.01,54.17,51.59,41.27,38.69
1573,58.5,45.5,49.4,54.6,52.0,41.6,39.0
1574,58.04,45.14,49.01,54.17,51.59,41.27,38.69
1575,56.69,44.09,47.87,52.91,50.39,40.31,37.79
1576,54.55,42.42,46.06,50.91,48.49,38.79,36.36
1577,51.75,40.25,43.7,48.3,46.0,36.8,34.5
1578,48.49,37.72,40.95,45.26,43.11,34.48,32.33
1579,45.0,35.0,38.0,42.0,40.0,32.0,30.0
1580,41.51,32.28,35.05,38.74,36.89,29.52,27.67
1581,38.25,29.75,32.3,35.7,34.0,27.2,25.5
1582,35.45,27.58,29.94,33.09,31.51,25.21,23.64
1583,33.31,25.91,28.13,31.09,29.61,23.69,22.21
1584,31.96,24.86,26.99,29.83,28.41,22.73,21.31
1585,31.5,24.5,26.6,29.4,28.0,22.4,21.0
1586,31.96,24.86,26.99,29.83,28.41,22.73,21.31
1587,33.31,25.91,28.13,31.09,29.61,23.69,22.21
1588,35.45,27.58,29.94,33.09,31.51,25.21,23.64
1589,38.25,29.75,32.3,35.7,34.0,27.2,25.5
1590,41.51,32.28,35.05,38.74,36.89,29.52,27.67
1591,45.0,35.0,38.0,42.0,40.0,32.0,30.0
1592,48.49,37.72,40.95,45.26,43.11,34.48,32.33
1593,51.75,40.25,43.7,48.3,46.0,36.8,34.5
1594,54.55,42.42,46.06,50.91,48.49,38.79,36.36
1595,56.69,44.09,47.87,52.91,50.39,40.31,37.79
1596,58.04,45.14,49.01,54.17,51.59,41.27,38.69
1597,58.5,45.5,49.4,54.6,52.0,41.6,39.0
1598,58.04,45.14,49.01,54.17,51.59,41.27,38.69
1599,56.69,44.09,47.87,52.91,50.39,40.31,37.79
1600,54.55,42.42,46.06,50.91,48.49,38.79,36.36
1601,51.75,40.25,43.7,48.3,46.0,36.8,34.5
1602,48.49,37.72,40.95,45.26,43.11,34.48,32.33
1603,45.0,35.0,38.0,42.0,40.0,32.0,30.0
1604,41.51,32.28,35.05,38.74,36.89,29.52,27.67
1605,38.25,29.75,32.3,35.7,34.0,27.2,25.5
1606,35.45,27.58,29.94,33.09,31.51,25.21,23.64
1607,33.31,25.91,28.13,31.09,29.61,23.69,22.21
1608,31.96,24.86,26.99,29.83,28.41,22.73,21.31
1609,31.5,24.5,26.6,29.4,28.0,22.4,21.0
1610,31.96,24.86,26.99,29.83,28.41,22.73,21.31
1611,33.31,25.91,28.13,31.09,29.61,23.69,22.21
1612,35.45,27.58,29.94,33.09,31.51,25.21,23.64
1613,38.25,29.75,32.3,35.7,34.0,27.2,25.5
1614,41.51,32.28,35.05,38.74,36.89,29.52,27.67
1615,45.0,35.0,38.0,42.0,40.0,32.0,30.0
1616,48.49,37.72,40.95,45.26,43.11,34.48,32.33
1617,51.75,40.25,43.7,48.3,46.0,36.8,34.5
1618,54.55,42.42,46.06,50.91,48.49,38.79,36.36
1619,56.69,44.09,47.87,52.91,50.39,40.31,37.79
1620,58.04,45.14,49.01,54.17,51.59,41.27,38.69
1621,58.5,45.5,49.4,54.6,52.0,41.6,39.0
1622,58.04,45.14,49.01,54.17,51.59,41.27,38.69
1623,56.69,44.09,47.87,52.91,50.39,40.31,37.79
1624,54.55,42.42,46.06,50.91,48.49,38.79,36.36
1625,51.75,40.25,43.7,48.3,46.0,36.8,34.5
1626,48.49,37.72,40.95,45.26,43.11,34.48,32.33
1627,45.0,35.0,38.0,42.0,40.0,32.0,30.0
1628,41.51,32.28,35.05,38.74,36.89,29.52,27.67
1629,38.25,29.75,32.3,35.7,34.0,27.2,25.5
1630,35.45,27.58,29.94,33.09,31.51,25.21,23.64
1631,33.31,25.91,28.13,31.09,29.61,23.69,22.21
1632,31.96,24.86,26.99,29.83,28.41,22.73,21.31
1633,31.5,24.5,26.6,29.4,28.0,22.4,21.0
1634,31.96,24.86,26.99,29.83,28.41,22.73,21.31
1635,33.31,25.91,28.13,31.09,29.61,23.69,22.21
1636,35.45,27.58,29.94,33.09,31.51,25.21,23.64
1637,38.25,29.75,32.3,35.7,34.0,27.2,25.5
1638,41.51,32.28,35.05,38.74,36.89,29.52,27.67
1639,45.0,35.0,38.0,42.0,40.0,32.0,30.0
1640,48.49,37.72,40.95,45.26,43.11,34.48,32.33
1641,51.75,40.25,43.7,48.3,46.0,36.8,34.5
1642,54.55,42.42,46.06,50.91,48.49,38.79,36.36
1643,56.69,44.09,47.87,52.91,50.39,40.31,37.79
1644,58.04,45.14,49.01,54.17,51.59,41.27,38.69
1645,58.5,45.5,49.4,54.6,52.0,41.6,39.0
1646,58.04,45.14,49.01,54.17,51.59,41.27,38.69
1647,56.69,44.09,47.87,52.91,50.39,40.31,37.79
1648,54.55,42.42,46.06,50.91,48.49,38.79,36.36
1649,51.75,40.25,43.7,48.3,46.0,36.8,34.5
1650,48.49,37.72,40.95,45.26,43.11,34.48,32.33
1651,45.0,35.0,38.0,42.0,40.0,32.0,30.0
1652,41.51,32.28,35.05,38.74,36.89,29.52,27.67
1653,38.25,29.75,32.3,35.7,34.0,27.2,25.5
1654,35.45,27.58,29.94,33.09,31.51,25.21,23.64
1655,33.31,25.91,28.13,31.09,29.61,23.69,22.21
1656,31.96,24.86,26.99,29.83,28.41,22.73,21.31
1657,31.5,24.5,26.6,29.4,28.0,22.4,21.0
1658,31.96,24.86,26.99,29.83,28.41,22.73,21.31
1659,33.31,25.91,28.13,31.09,29.61,23.69,22.21
1660,35.45,27.58,29.94,33.09,31.51,25.21,23.64
1661,38.25,29.75,32.3,35.7,34.0,27.2,25.5
1662,41.51,32.28,35.05,38.74,36.89,29.52,27.67
1663,45.0,35.0,38.0,42.0,40.0,32.0,30.0
1664,48.49,37.72,40.95,45.26,43.11,34.48,32.33
1665,51.75,40.25,43.7,48.3,46.0,36.8,34.5
1666,54.55,42.42,46.06,50.91,48.49,38.79,36.36
1667,56.69,44.09,47.87,52.91,50.39,40.31,37.79
1668,58.04,45.14,49.01,54.17,51.59,41.27,38.69
1669,58.5,45.5,49.4,54.6,52.0,41.6,39.0
1670,58.04,45.14,49.01,54.17,51.59,41.27,38.69
1671,56.69,44.09,47.87,52.91,50.39,40.31,37.79
1672,54.55,42.42,46.06,50.91,48.49,38.79,36.36
1673,51.75,40.25,43.7,48.3,46.0,36.8,34.5
1674,48.49,37.72,40.95,45.26,43.11,34.48,32.33
1675,45.0,35.0,38.0,42.0,40.0,32.0,30.0
1676,41.51,32.28,35.05,38.74,36.89,29.52,27.67
1677,38.25,29.75,32.3,35.7,34.0,27.2,25.5
1678,35.45,27.58,29.94,33.09,31.51,25.21,23.64
1679,33.31,25.91,28.13,31.09,29.61,23.69,22.21
1680,31.96,24.86,26.99,29.83,28.41,22.73,21.31
1681,31.5,24.5,26.6,29.4,28.0,22.4,21.0
1682,31.96,24.86,26.99,29.83,28.41,22.73,21.31
1683,33.31,25.91,28.13,31.09,29.61,23.69,22.21
1684,35.45,27.58,29.94,33.09,31.51,25.21,23.64
1685,38.25,29.75,32.3,35.7,34.0,27.2,25.5
1686,41.51,32.28,35.05,38.74,36.89,29.52,27.67
1687,45.0,35.0,38.0,42.0,40.0,32.0,30.0
1688,48.49,37.72,40.95,45.26,43.11,34.48,32.33
1689,51.75,40.25,43.7,48.3,46.0,36.8,34.5
1690,54.55,42.42,46.06,50.91,48.49,38.79,36.36
1691,56.69,44.09,47.87,52.91,50.39,40.31,37.79
1692,58.04,45.14,49.01,54.17,51.59,41.27,38.69
1693,58.5,45.5,49.4,54.6,52.0,41.6,39.0
1694,58.04,45.14,49.01,54.17,51.59,41.27,38.69
1695,56.69,44.09,47.87,52.91,50.39,40.31,37.79
1696,54.55,42.42,46.06,50.91,48.49,38.79,36.36
1697,51.75,40.25,43.7,48.3,46.0,36.8,34.5
1698,48.49,37.72,40.95,45.26,43.11,34.48,32.33
1699,45.0,35.0,38.0,42.0,40.0,32.0,30.0
1700,41.51,32.28,35.05,38.74,36.89,29.52,27.67
1701,38.25,29.75,32.3,35.7,34.0,27.2,25.5
1702,35.45,27.58,29.94,33.09,31.51,25.21,23.64
1703,33.31,25.91,28.13,31.09,29.61,23.69,22.21
1704,31.96,24.86,26.99,29.83,28.41,22.73,21.31
1705,31.5,24.5,26.6,29.4,28.0,22.4,21.0
1706,31.96,24.86,26.99,29.83,28.41,22.73,21.31
1707,33.31,25.91,28.13,31.09,29.61,23.69,22.21
1708,35.45,27.58,29.94,33.09,31.51,25.21,23.64
1709,38.25,29.75,32.3,35.7,34.0,27.2,25.5
1710,41.51,32.28,35.05,38.74,36.89,29.52,27.67
1711,45.0,35.0,38.0,42.0,40.0,32.0,30.0
1712,48.49,37.72,40.95,45.26,43.11,34.48,32.33
1713,51.75,40.25,43.7,48.3,46.0,36.8,34.5
1714,54.55,42.42,46.06,50.91,48.49,38.79,36.36
1715,56.69,44.09,47.87,52.91,50.39,40.31,37.79
1716,58.04,45.14,49.01,54.17,51.59,41.27,38.69
1717,58.5,45.5,49.4,54.6,52.0,41.6,39.0
1718,58.04,45.14,49.01,54.17,51.59,41.27,38.69
1719,56.69,44.09,47.87,52.91,50.39,40.31,37.79
1720,54.55,42.42,46.06,50.91,48.49,38.79,36.36
1721,51.75,40.25,43.7,48.3,46.0,36.8,34.5
1722,48.49,37.72,40.95,45.26,43.11,34.48,32.33
1723,45.0,35.0,38.0,42.0,40.0,32.0,30.0
1724,41.51,32.28,35.05,38.74,36.89,29.52,27.67
1725,38.25,29.75,32.3,35.7,34.0,27.2,25.5
1726,35.45,27.58,29.94,33.09,31.51,25.21,23.64
1727,33.31,25.91,28.13,31.09,29.61,23.69,22.21
1728,31.96,24.86,26.99,29.83,28.41,22.73,21.31
1729,31.5,24.5,26.6,29.4,28.0,22.4,21.0
1730,31.96,24.86,26.99,29.83,28.41,22.73,21.31
1731,33.31,25.91,28.13,31.09,29.61,23.69,22.21
1732,35.45,27.58,29.94,33.09,31.51,25.21,23.64
1733,38.25,29.75,32.3,35.7,34.0,27.2,25.5
1734,41.51,32.28,35.05,38.74,36.89,29.52,27.67
1735,45.0,35.0,38.0,42.0,40.0,32.0,30.0
1736,48.49,37.72,40.95,45.26,43.11,34.48,32.33
1737,51.75,40.25,43.7,48.3,46.0,36.8,34.5
1738,54.55,42.42,46.06,50.91,48.49,38.79,36.36
1739,56.69,44.09,47.87,52.91,50.39,40.31,37.79
1740,58.04,45.14,49.01,54.17,51.59,41.27,38.69
1741,58.5,45.5,49.4,54.6,52.0,41.6,39.0
1742,58.04,45.14,49.01,54.17,51.59,41.27,38.69
1743,56.69,44.09,47.87,52.91,50.39,40.31,37.79
1744,54.55,42.42,46.06,50.91,48.49,38.79,36.36
1745,51.75,40.25,43.7,48.3,46.0,36.8,34.5
1746,48.49,37.72,40.95,45.26,43.11,34.48,32.33
1747,45.0,35.0,38.0,42.0,40.0,32.0,30.0
1748,41.51,32.28,35.05,38.74,36.89,29.52,27.67
1749,38.25,29.75,32.3,35.7,34.0,27.2,25.5
1750,35.45,27.58,29.94,33.09,31.51,25.21,23.64
1751,33.31,25.91,28.13,31.09,29.61,23.69,22.21
1752,31.96,24.86,26.99,29.83,28.41,22.73,21.31
1753,31.5,24.5,26.6,29.4,28.0,22.4,21.0
1754,31.96,24.86,26.99,29.83,28.41,22.73,21.31
1755,33.31,25.91,28.13,31.09,29.61,23.69,22.21
1756,35.45,27.58,29.94,33.09,31.51,25.21,23.64
1757,38.25,29.75,32.3,35.7,34.0,27.2,25.5
1758,41.51,32.28,35.05,38.74,36.89,29.52,27.67
1759,45.0,35.0,38.0,42.0,40.0,32.0,30.0
1760,48.49,37.72,40.95,45.26,43.11,34.48,32.33
1761,51.75,40.25,43.7,48.3,46.0,36.8,34.5
1762,54.55,42.42,46.06,50.91,48.49,38.79,36.36
1763,56.69,44.09,47.87,52.91,50.39,40.31,37.79
1764,58.04,45.14,49.01,54.17,51.59,41.27,38.69
1765,58.5,45.5,49.4,54.6,52.0,41.6,39.0
1766,58.04,45.14,49.01,54.17,51.59,41.27,38.69
1767,56.69,44.09,47.87,52.91,50.39,40.31,37.79
1768,54.55,42.42,46.06,50.91,48.49,38.79,36.36
1769,51.75,40.25,43.7,48.3,46.0,36.8,34.5
1770,48.49,37.72,40.95,45.26,43.11,34.48,32.33
1771,45.0,35.0,38.0,42.0,40.0,32.0,30.0
1772,41.51,32.28,35.05,38.74,36.89,29.52,27.67
1773,38.25,29.75,32.3,35.7,34.0,27.2,25.5
1774,35.45,27.58,29.94,33.09,31.51,25.21,23.64
1775,33.31,25.91,28.13,31.09,29.61,23.69,22.21
1776,31.96,24.86,26.99,29.83,28.41,22.73,21.31
1777,31.5,24.5,26.6,29.4,28.0,22.4,21.0
1778,31.96,24.86,26.99,29.83,28.41,22.73,21.31
1779,33.31,25.91,28.13,31.09,29.61,23.69,22.21
1780,35.45,27.58,29.94,33.09,31.51,25.21,23.64
1781,38.25,29.75,32.3,35.7,34.0,27.2,25.5
1782,41.51,32.28,35.05,38.74,36.89,29.52,27.67
1783,45.0,35.0,38.0,42.0,40.0,32.0,30.0
1784,48.49,37.72,40.95,45.26,43.11,34.48,32.33
1785,51.75,40.25,43.7,48.3,46.0,36.8,34.5
1786,54.55,42.42,46.06,50.91,48.49,38.79,36.36
1787,56.69,44.09,47.87,52.91,50.39,40.31,37.79
1788,58.04,45.14,49.01,54.17,51.59,41.27,38.69
1789,58.5,45.5,49.4,54.6,52.0,41.6,39.0
1790,58.04,45.14,49.01,54.17,51.59,41.27,38.69
1791,56.69,44.09,47.87,52.91,50.39,40.31,37.79
1792,54.55,42.42,46.06,50.91,48.49,38.79,36.36
1793,51.75,40.25,43.7,48.3,46.0,36.8,34.5
1794,48.49,37.72,40.95,45.26,43.11,34.48,32.33
1795,45.0,35.0,38.0,42.0,40.0,32.0,30.0
1796,41.51,32.28,35.05,38.74,36.89,29.52,27.67
1797,38.25,29.75,32.3,35.7,34.0,27.2,25.5
1798,35.45,27.58,29.94,33.09,31.51,25.21,23.64
1799,33.31,25.91,28.13,31.09,29.61,23.69,22.21
1800,31.96,24.86,26.99,29.83,28.41,22.73,21.31
1801,31.5,24.5,26.6,29.4,28.0,22.4,21.0
1802,31.96,24.86,26.99,29.83,28.41,22.73,21.31
1803,33.31,25.91,28.13,31.09,29.61,23.69,22.21
1804,35.45,27.58,29.94,33.09,31.51,25.21,23.64
1805,38.25,29.75,32.3,35.7,34.0,27.2,25.5
1806,41.51,32.28,35.05,38.74,36.89,29.52,27.67
1807,45.0,35.0,38.0,42.0,40.0,32.0,30.0
1808,48.49,37.72,40.95,45.26,43.11,34.48,32.33
1809,51.75,40.25,43.7,48.3,46.0,36.8,34.5
1810,54.55,42.42,46.06,50.91,48.49,38.79,36.36
1811,56.69,44.09,47.87,52.91,50.39,40.31,37.79
1812,58.04,45.14,49.01,54.17,51.59,41.27,38.69
1813,58.5,45.5,49.4,54.6,52.0,41.6,39.0
1814,58.04,45.14,49.01,54.17,51.59,41.27,38.69
1815,56.69,44.09,47.87,52.91,50.39,40.31,37.79
1816,54.55,42.42,46.06,50.91,48.49,38.79,36.36
1817,51.75,40.25,43.7,48.3,46.0,36.8,34.5
1818,48.49,37.72,40.95,45.26,43.11,34.48,32.33
1819,45.0,35.0,38.0,42.0,40.0,32.0,30.0
1820,41.51,32.28,35.05,38.74,36.89,29.52,27.67
1821,38.25,29.75,32.3,35.7,34.0,27.2,25.5
1822,35.45,27.58,29.94,33.09,31.51,25.21,23.64
1823,33.31,25.91,28.13,31.09,29.61,23.69,22.21
1824,31.96,24.86,26.99,29.83,28.41,22.73,21.31
1825,31.5,24.5,26.6,29.4,28.0,22.4,21.0
1826,31.96,24.86,26.99,29.83,28.41,22.73,21.31
1827,33.31,25.91,28.13,31.09,29.61,23.69,22.21
1828,35.45,27.58,29.94,33.09,31.51,25.21,23.64
1829,38.25,29.75,32.3,35.7,34.0,27.2,25.5
1830,41.51,32.28,35.05,38.74,36.89,29.52,27.67
1831,45.0,35.0,38.0,42.0,40.0,32.0,30.0
1832,48.49,37.72,40.95,45.26,43.11,34.48,32.33
1833,51.75,40.25,43.7,48.3,46.0,36.8,34.5
1834,54.55,42.42,46.06,50.91,48.49,38.79,36.36
1835,56.69,44.09,47.87,52.91,50.39,40.31,37.79
1836,58.04,45.14,49.01,54.17,51.59,41.27,38.69
1837,58.5,45.5,49.4,54.6,52.0,41.6,39.0
1838,58.04,45.14,49.01,54.17,51.59,41.27,38.69
1839,56.69,44.09,47.87,52.91,50.39,40.31,37.79
1840,54.55,42.42,46.06,50.91,48.49,38.79,36.36
1841,51.75,40.25,43.7,48.3,46.0,36.8,34.5
1842,48.49,37.72,40.95,45.26,43.11,34.48,32.33
1843,45.0,35.0,38.0,42.0,40.0,32.0,30.0
1844,41.51,32.28,35.05,38.74,36.89,29.52,27.67
1845,38.25,29.75,32.3,35.7,34.0,27.2,25.5
1846,35.45,27.58,29.94,33.09,31.51,25.21,23.64
1847,33.31,25.91,28.13,31.09,29.61,23.69,22.21
1848,31.96,24.86,26.99,29.83,28.41,22.73,21.31
1849,31.5,24.5,26.6,29.4,28.0,22.4,21.0
1850,31.96,24.86,26.99,29.83,28.41,22.73,21.31
1851,33.31,25.91,28.13,31.09,29.61,23.69,22.21
1852,35.45,27.58,29.94,33.09,31.51,25.21,23.64
1853,38.25,29.75,32.3,35.7,34.0,27.2,25.5
1854,41.51,32.28,35.05,38.74,36.89,29.52,27.67
1855,45.0,35.0,38.0,42.0,40.0,32.0,30.0
1856,48.49,37.72,40.95,45.26,43.11,34.48,32.33
1857,51.75,40.25,43.7,48.3,46.0,36.8,34.5
1858,54.55,42.42,46.06,50.91,48.49,38.79,36.36
1859,56.69,44.09,47.87,52.91,50.39,40.31,37.79
1860,58.04,45.14,49.01,54.17,51.59,41.27,38.69
1861,58.5,45.5,49.4,54.6,52.0,41.6,39.0
1862,58.04,45.14,49.01,54.17,51.59,41.27,38.69
1863,56.69,44.09,47.87,52.91,50.39,40.31,37.79
1864,54.55,42.42,46.06,50.91,48.49,38.79,36.36
1865,51.75,40.25,43.7,48.3,46.0,36.8,34.5
1866,48.49,37.72,40.95,45.26,43.11,34.48,32.33
1867,45.0,35.0,38.0,42.0,40.0,32.0,30.0
1868,41.51,32.28,35.05,38.74,36.89,29.52,27.67
1869,38.25,29.75,32.3,35.7,34.0,27.2,25.5
1870,35.45,27.58,29.94,33.09,31.51,25.21,23.64
1871,33.31,25.91,28.13,31.09,29.61,23.69,22.21
1872,31.96,24.86,26.99,29.83,28.41,22.73,21.31
1873,31.5,24.5,26.6,29.4,28.0,22.4,21.0
1874,31.96,24.86,26.99,29.83,28.41,22.73,21.31
1875,33.31,25.91,28.13,31.09,29.61,23.69,22.21
1876,35.45,27.58,29.94,33.09,31.51,25.21,23.64
1877,38.25,29.75,32.3,35.7,34.0,27.2,25.5
1878,41.51,32.28,35.05,38.74,36.89,29.52,27.67
1879,45.0,35.0,38.0,42.0,40.0,32.0,30.0
1880,48.49,37.72,40.95,45.26,43.11,34.48,32.33
1881,51.75,40.25,43.7,48.3,46.0,36.8,34.5
1882,54.55,42.42,46.06,50.91,48.49,38.79,36.36
1883,56.69,44.09,47.87,52.91,50.39,40.31,37.79
1884,58.04,45.14,49.01,54.17,51.59,41.27,38.69
1885,58.5,45.5,49.4,54.6,52.0,41.6,39.0
1886,58.04,45.14,49.01,54.17,51.59,41.27,38.69
1887,56.69,44.09,47.87,52.91,50.39,40.31,37.79
1888,54.55,42.42,46.06,50.91,48.49,38.79,36.36
1889,51.75,40.25,43.7,48.3,46.0,36.8,34.5
1890,48.49,37.72,40.95,45.26,43.11,34.48,32.33
1891,45.0,35.0,38.0,42.0,40.0,32.0,30.0
1892,41.51,32.28,35.05,38.74,36.89,29.52,27.67
1893,38.25,29.75,32.3,35.7,34.0,27.2,25.5
1894,35.45,27.58,29.94,33.09,31.51,25.21,23.64
1895,33.31,25.91,28.13,31.09,29.61,23.69,22.21
1896,31.96,24.86,26.99,29.83,28.41,22.73,21.31
1897,31.5,24.5,26.6,29.4,28.0,22.4,21.0
1898,31.96,24.86,26.99,29.83,28.41,22.73,21.31
1899,33.31,25.91,28.13,31.09,29.61,23.69,22.21
1900,35.45,27.58,29.94,33.09,31.51,25.21,23.64
1901,38.25,29.75,32.3,35.7,34.0,27.2,25.5
1902,41.51,32.28,35.05,38.74,36.89,29.52,27.67
1903,45.0,35.0,38.0,42.0,40.0,32.0,30.0
1904,48.49,37.72,40.95,45.26,43.11,34.48,32.33
1905,51.75,40.25,43.7,48.3,46.0,36.8,34.5
1906,54.55,42.42,46.06,50.91,48.49,38.79,36.36
1907,56.69,44.09,47.87,52.91,50.39,40.31,37.79
1908,58.04,45.14,49.01,54.17,51.59,41.27,38.69
1909,58.5,45.5,49.4,54.6,52.0,41.6,39.0
1910,58.04,45.14,49.01,54.17,51.59,41.27,38.69
1911,56.69,44.09,47.87,52.91,50.39,40.31,37.79
1912,54.55,42.42,46.06,50.91,48.49,38.79,36.36
1913,51.75,40.25,43.7,48.3,46.0,36.8,34.5
1914,48.49,37.72,40.95,45.26,43.11,34.48,32.33
1915,45.0,35.0,38.0,42.0,40.0,32.0,30.0
1916,41.51,32.28,35.05,38.74,36.89,29.52,27.67
1917,38.25,29.75,32.3,35.7,34.0,27.2,25.5
1918,35.45,27.58,29.94,33.09,31.51,25.21,23.64
1919,33.31,25.91,28.13,31.09,29.61,23.69,22.21
1920,31.96,24.86,26.99,29.83,28.41,22.73,21.31
1921,31.5,24.5,26.6,29.4,28.0,22.4,21.0
1922,31.96,24.86,26.99,29.83,28.41,22.73,21.31
1923,33.31,25.91,28.13,31.09,29.61,23.69,22.21
1924,35.45,27.58,29.94,33.09,31.51,25.21,23.64
1925,38.25,29.75,32.3,35.7,34.0,27.2,25.5
1926,41.51,32.28,35.05,38.74,36.89,29.52,27.67
1927,45.0,35.0,38.0,42.0,40.0,32.0,30.0
1928,48.49,37.72,40.95,45.26,43.11,34.48,32.33
1929,51.75,40.25,43.7,48.3,46.0,36.8,34.5
1930,54.55,42.42,46.06,50.91,48.49,38.79,36.36
1931,56.69,44.09,47.87,52.91,50.39,40.31,37.79
1932,58.04,45.14,49.01,54.17,51.59,41.27,38.69
1933,58.5,45.5,49.4,54.6,52.0,41.6,39.0
1934,58.04,45.14,49.01,54.17,51.59,41.27,38.69
1935,56.69,44.09,47.87,52.91,50.39,40.31,37.79
1936,54.55,42.42,46.06,50.91,48.49,38.79,36.36
1937,51.75,40.25,43.7,48.3,46.0,36.8,34.5
1938,48.49,37.72,40.95,45.26,43.11,34.48,32.33
1939,45.0,35.0,38.0,42.0,40.0,32.0,30.0
1940,41.51,32.28,35.05,38.74,36.89,29.52,27.67
1941,38.25,29.75,32.3,35.7,34.0,27.2,25.5
1942,35.45,27.58,29.94,33.09,31.51,25.21,23.64
1943,33.31,25.91,28.13,31.09,29.61,23.69,22.21
1944,31.96,24.86,26.99,29.83,28.41,22.73,21.31
1945,31.5,24.5,26.6,29.4,28.0,22.4,21.0
1946,31.96,24.86,26.99,29.83,28.41,22.73,21.31
1947,33.31,25.91,28.13,31.09,29.61,23.69,22.21
1948,35.45,27.58,29.94,33.09,31.51,25.21,23.64
1949,38.25,29.75,32.3,35.7,34.0,27.2,25.5
1950,41.51,32.28,35.05,38.74,36.89,29.52,27.67
1951,45.0,35.0,38.0,42.0,40.0,32.0,30.0
1952,48.49,37.72,40.95,45.26,43.11,34.48,32.33
1953,51.75,40.25,43.7,48.3,46.0,36.8,34.5
1954,54.55,42.42,46.06,50.91,48.49,38.79,36.36
1955,56.69,44.09,47.87,52.91,50.39,40.31,37.79
1956,58.04,45.14,49.01,54.17,51.59,41.27,38.69
1957,58.5,45.5,49.4,54.6,52.0,41.6,39.0
1958,58.04,45.14,49.01,54.17,51.59,41.27,38.69
1959,56.69,44.09,47.87,52.91,50.39,40.31,37.79
1960,54.55,42.42,46.06,50.91,48.49,38.79,36.36
1961,51.75,40.25,43.7,48.3,46.0,36.8,34.5
1962,48.49,37.72,40.95,45.26,43.11,34.48,32.33
1963,45.0,35.0,38.0,42.0,40.0,32.0,30.0
1964,41.51,32.28,35.05,38.74,36.89,29.52,27.67
1965,38.25,29.75,32.3,35.7,34.0,27.2,25.5
1966,35.45,27.58,29.94,33.09,31.51,25.21,23.64
1967,33.31,25.91,28.13,31.09,29.61,23.69,22.21
1968,31.96,24.86,26.99,29.83,28.41,22.73,21.31
1969,31.5,24.5,26.6,29.4,28.0,22.4,21.0
1970,31.96,24.86,26.99,29.83,28.41,22.73,21.31
1971,33.31,25.91,28.13,31.09,29.61,23.69,22.21
1972,35.45,27.58,29.94,33.09,31.51,25.21,23.64
1973,38.25,29.75,32.3,35.7,34.0,27.2,25.5
1974,41.51,32.28,35.05,38.74,36.89,29.52,27.67
1975,45.0,35.0,38.0,42.0,40.0,32.0,30.0
1976,48.49,37.72,40.95,45.26,43.11,34.48,32.33
1977,51.75,40.25,43.7,48.3,46.0,36.8,34.5
1978,54.55,42.42,46.06,50.91,48.49,38.79,36.36
1979,56.69,44.09,47.87,52.91,50.39,40.31,37.79
1980,58.04,45.14,49.01,54.17,51.59,41.27,38.69
1981,58.5,45.5,49.4,54.6,52.0,41.6,39.0
1982,58.04,45.14,49.01,54.17,51.59,41.27,38.69
1983,56.69,44.09,47.87,52.91,50.39,40.31,37.79
1984,54.55,42.42,46.06,50.91,48.49,38.79,36.36
1985,51.75,40.25,43.7,48.3,46.0,36.8,34.5
1986,48.49,37.72,40.95,45.26,43.11,34.48,32.33
1987,45.0,35.0,38.0,42.0,40.0,32.0,30.0
1988,41.51,32.28,35.05,38.74,36.89,29.52,27.67
1989,38.25,29.75,32.3,35.7,34.0,27.2,25.5
1990,35.45,27.58,29.94,33.09,31.51,25.21,23.64
1991,33.31,25.91,28.13,31.09,29.61,23.69,22.21
1992,31.96,24.86,26.99,29.83,28.41,22.73,21.31
1993,31.5,24.5,26.6,29.4,28.0,22.4,21.0
1994,31.96,24.86,26.99,29.83,28.41,22.73,21.31
1995,33.31,25.91,28.13,31.09,29.61,23.69,22.21
1996,35.45,27.58,29.94,33.09,31.51,25.21,23.64
1997,38.25,29.75,32.3,35.7,34.0,27.2,25.5
1998,41.51,32.28,35.05,38.74,36.89,29.52,27.67
1999,45.0,35.0,38.0,42.0,40.0,32.0,30.0
2000,48.49,37.72,40.95,45.26,43.11,34.48,32.33
2001,51.75,40.25,43.7,48.3,46.0,36.8,34.5
2002,54.55,42.42,46.06,50.91,48.49,38.79,36.36
2003,56.69,44.09,47.87,52.91,50.39,40.31,37.79
2004,58.04,45.14,49.01,54.17,51.59,41.27,38.69
2005,58.5,45.5,49.4,54.6,52.0,41.6,39.0
2006,58.04,45.14,49.01,54.17,51.59,41.27,38.69
2007,56.69,44.09,47.87,52.91,50.39,40.31,37.79
2008,54.55,42.42,46.06,50.91,48.49,38.79,36.36
2009,51.75,40.25,43.7,48.3,46.0,36.8,34.5
2010,48.49,37.72,40.95,45.26,43.11,34.48,32.33
2011,45.0,35.0,38.0,42.0,40.0,32.0,30.0
2012,41.51,32.28,35.05,38.74,36.89,29.52,27.67
2013,38.25,29.75,32.3,35.7,34.0,27.2,25.5
2014,35.45,27.58,29.94,33.09,31.51,25.21,23.64
2015,33.31,25.91,28.13,31.09,29.61,23.69,22.21
2016,31.96,24.86,26.99,29.83,28.41,22.73,21.31
2017,31.5,24.5,26.6,29.4,28.0,22.4,21.0
2018,31.96,24.86,26.99,29.83,28.41,22.73,21.31
2019,33.31,25.91,28.13,31.09,29.61,23.69,22.21
2020,35.45,27.58,29.94,33.09,31.51,25.21,23.64
2021,38.25,29.75,32.3,35.7,34.0,27.2,25.5
2022,41.51,32.28,35.05,38.74,36.89,29.52,27.67
2023,45.0,35.0,38.0,42.0,40.0,32.0,30.0
2024,48.49,37.72,40.95,45.26,43.11,34.48,32.33
2025,51.75,40.25,43.7,48.3,46.0,36.8,34.5
2026,54.55,42.42,46.06,50.91,48.49,38.79,36.36
2027,56.69,44.09,47.87,52.91,50.39,40.31,37.79
2028,58.04,45.14,49.01,54.17,51.59,41.27,38.69
2029,58.5,45.5,49.4,54.6,52.0,41.6,39.0
2030,58.04,45.14,49.01,54.17,51.59,41.27,38.69
2031,56.69,44.09,47.87,52.91,50.39,40.31,37.79
2032,54.55,42.42,46.06,50.91,48.49,38.79,36.36
2033,51.75,40.25,43.7,48.3,46.0,36.8,34.5
2034,48.49,37.72,40.95,45.26,43.11,34.48,32.33
2035,45.0,35.0,38.0,42.0,40.0,32.0,30.0
2036,41.51,32.28,35.05,38.74,36.89,29.52,27.67
2037,38.25,29.75,32.3,35.7,34.0,27.2,25.5
2038,35.45,27.58,29.94,33.09,31.51,25.21,23.64
2039,33.31,25.91,28.13,31.09,29.61,23.69,22.21
2040,31.96,24.86,26.99,29.83,28.41,22.73,21.31
2041,31.5,24.5,26.6,29.4,28.0,22.4,21.0
2042,31.96,24.86,26.99,29.83,28.41,22.73,21.31
2043,33.31,25.91,28.13,31.09,29.61,23.69,22.21
2044,35.45,27.58,29.94,33.09,31.51,25.21,23.64
2045,38.25,29.75,32.3,35.7,34.0,27.2,25.5
2046,41.51,32.28,35.05,38.74,36.89,29.52,27.67
2047,45.0,35.0,38.0,42.0,40.0,32.0,30.0
2048,48.49,37.72,40.95,45.26,43.11,34.48,32.33
2049,51.75,40.25,43.7,48.3,46.0,36.8,34.5
2050,54.55,42.42,46.06,50.91,48.49,38.79,36.36
2051,56.69,44.09,47.87,52.91,50.39,40.31,37.79
2052,58.04,45.14,49.01,54.17,51.59,41.27,38.69
2053,58.5,45.5,49.4,54.6,52.0,41.6,39.0
2054,58.04,45.14,49.01,54.17,51.59,41.27,38.69
2055,56.69,44.09,47.87,52.91,50.39,40.31,37.79
2056,54.55,42.42,46.06,50.91,48.49,38.79,36.36
2057,51.75,40.25,43.7,48.3,46.0,36.8,34.5
2058,48.49,37.72,40.95,45.26,43.11,34.48,32.33
2059,45.0,35.0,38.0,42.0,40.0,32.0,30.0
2060,41.51,32.28,35.05,38.74,36.89,29.52,27.67
2061,38.25,29.75,32.3,35.7,34.0,27.2,25.5
2062,35.45,27.58,29.94,33.09,31.51,25.21,23.64
2063,33.31,25.91,28.13,31.09,29.61,23.69,22.21
2064,31.96,24.86,26.99,29.83,28.41,22.73,21.31
2065,31.5,24.5,26.6,29.4,28.0,22.4,21.0
2066,31.96,24.86,26.99,29.83,28.41,22.73,21.31
2067,33.31,25.91,28.13,31.09,29.61,23.69,22.21
2068,35.45,27.58,29.94,33.09,31.51,25.21,23.64
2069,38.25,29.75,32.3,35.7,34.0,27.2,25.5
2070,41.51,32.28,35.05,38.74,36.89,29.52,27.67
2071,45.0,35.0,38.0,42.0,40.0,32.0,30.0
2072,48.49,37.72,40.95,45.26,43.11,34.48,32.33
2073,51.75,40.25,43.7,48.3,46.0,36.8,34.5
2074,54.55,42.42,46.06,50.91,48.49,38.79,36.36
2075,56.69,44.09,47.87,52.91,50.39,40.31,37.79
2076,58.04,45.14,49.01,54.17,51.59,41.27,38.69
2077,58.5,45.5,49.4,54.6,52.0,41.6,39.0
2078,58.04,45.14,49.01,54.17,51.59,41.27,38.69
2079,56.69,44.09,47.87,52.91,50.39,40.31,37.79
2080,54.55,42.42,46.06,50.91,48.49,38.79,36.36
2081,51.75,40.25,43.7,48.3,46.0,36.8,34.5
2082,48.49,37.72,40.95,45.26,43.11,34.48,32.33
2083,45.0,35.0,38.0,42.0,40.0,32.0,30.0
2084,41.51,32.28,35.05,38.74,36.89,29.52,27.67
2085,38.25,29.75,32.3,35.7,34.0,27.2,25.5
2086,35.45,27.58,29.94,33.09,31.51,25.21,23.64
2087,33.31,25.91,28.13,31.09,29.61,23.69,22.21
2088,31.96,24.86,26.99,29.83,28.41,22.73,21.31
2089,31.5,24.5,26.6,29.4,28.0,22.4,21.0
2090,31.96,24.86,26.99,29.83,28.41,22.73,21.31
2091,33.31,25.91,28.13,31.09,29.61,23.69,22.21
2092,35.45,27.58,29.94,33.09,31.51,25.21,23.64
2093,38.25,29.75,32.3,35.7,34.0,27.2,25.5
2094,41.51,32.28,35.05,38.74,36.89,29.52,27.67
2095,45.0,35.0,38.0,42.0,40.0,32.0,30.0
2096,48.49,37.72,40.95,45.26,43.11,34.48,32.33
2097,51.75,40.25,43.7,48.3,46.0,36.8,34.5
2098,54.55,42.42,46.06,50.91,48.49,38.79,36.36
2099,56.69,44.09,47.87,52.91,50.39,40.31,37.79
2100,58.04,45.14,49.01,54.17,51.59,41.27,38.69
2101,58.5,45.5,49.4,54.6,52.0,41.6,39.0
2102,58.04,45.14,49.01,54.17,51.59,41.27,38.69
2103,56.69,44.09,47.87,52.91,50.39,40.31,37.79
2104,54.55,42.42,46.06,50.91,48.49,38.79,36.36
2105,51.75,40.25,43.7,48.3,46.0,36.8,34.5
2106,48.49,37.72,40.95,45.26,43.11,34.48,32.33
2107,45.0,35.0,38.0,42.0,40.0,32.0,30.0
2108,41.51,32.28,35.05,38.74,36.89,29.52,27.67
2109,38.25,29.75,32.3,35.7,34.0,27.2,25.5
2110,35.45,27.58,29.94,33.09,31.51,25.21,23.64
2111,33.31,25.91,28.13,31.09,29.61,23.69,22.21
2112,31.96,24.86,26.99,29.83,28.41,22.73,21.31
2113,31.5,24.5,26.6,29.4,28.0,22.4,21.0
2114,31.96,24.86,26.99,29.83,28.41,22.73,21.31
2115,33.31,25.91,28.13,31.09,29.61,23.69,22.21
2116,35.45,27.58,29.94,33.09,31.51,25.21,23.64
2117,38.25,29.75,32.3,35.7,34.0,27.2,25.5
2118,41.51,32.28,35.05,38.74,36.89,29.52,27.67
2119,45.0,35.0,38.0,42.0,40.0,32.0,30.0
2120,48.49,37.72,40.95,45.26,43.11,34.48,32.33
2121,51.75,40.25,43.7,48.3,46.0,36.8,34.5
2122,54.55,42.42,46.06,50.91,48.49,38.79,36.36
2123,56.69,44.09,47.87,52.91,50.39,40.31,37.79
2124,58.04,45.14,49.01,54.17,51.59,41.27,38.69
2125,58.5,45.5,49.4,54.6,52.0,41.6,39.0
2126,58.04,45.14,49.01,54.17,51.59,41.27,38.69
2127,56.69,44.09,47.87,52.91,50.39,40.31,37.79
2128,54.55,42.42,46.06,50.91,48.49,38.79,36.36
2129,51.75,40.25,43.7,48.3,46.0,36.8,34.5
2130,48.49,37.72,40.95,45.26,43.11,34.48,32.33
2131,45.0,35.0,38.0,42.0,40.0,32.0,30.0
2132,41.51,32.28,35.05,38.74,36.89,29.52,27.67
2133,38.25,29.75,32.3,35.7,34.0,27.2,25.5
2134,35.45,27.58,29.94,33.09,31.51,25.21,23.64
2135,33.31,25.91,28.13,31.09,29.61,23.69,22.21
2136,31.96,24.86,26.99,29.83,28.41,22.73,21.31
2137,31.5,24.5,26.6,29.4,28.0,22.4,21.0
2138,31.96,24.86,26.99,29.83,28.41,22.73,21.31
2139,33.31,25.91,28.13,31.09,29.61,23.69,22.21
2140,35.45,27.58,29.94,33.09,31.51,25.21,23.64
2141,38.25,29.75,32.3,35.7,34.0,27.2,25.5
2142,41.51,32.28,35.05,38.74,36.89,29.52,27.67
2143,45.0,35.0,38.0,42.0,40.0,32.0,30.0
2144,48.49,37.72,40.95,45.26,43.11,34.48,32.33
2145,51.75,40.25,43.7,48.3,46.0,36.8,34.5
2146,54.55,42.42,46.06,50.91,48.49,38.79,36.36
2147,56.69,44.09,47.87,52.91,50.39,40.31,37.79
2148,58.04,45.14,49.01,54.17,51.59,41.27,38.69
2149,58.5,45.5,49.4,54.6,52.0,41.6,39.0
2150,58.04,45.14,49.01,54.17,51.59,41.27,38.69
2151,56.69,44.09,47.87,52.91,50.39,40.31,37.79
2152,54.55,42.42,46.06,50.91,48.49,38.79,36.36
2153,51.75,40.25,43.7,48.3,46.0,36.8,34.5
2154,48.49,37.72,40.95,45.26,43.11,34.48,32.33
2155,45.0,35.0,38.0,42.0,40.0,32.0,30.0
2156,41.51,32.28,35.05,38.74,36.89,29.52,27.67
2157,38.25,29.75,32.3,35.7,34.0,27.2,25.5
2158,35.45,27.58,29.94,33.09,31.51,25.21,23.64
2159,33.31,25.91,28.13,31.09,29.61,23.69,22.21
2160,31.96,24.86,26.99,29.83,28.41,22.73,21.31
2161,31.5,24.5,26.6,29.4,28.0,22.4,21.0
2162,31.96,24.86,26.99,29.83,28.41,22.73,21.31
2163,33.31,25.91,28.13,31.09,29.61,23.69,22.21
2164,35.45,27.58,29.94,33.09,31.51,25.21,23.64
2165,38.25,29.75,32.3,35.7,34.0,27.2,25.5
2166,41.51,32.28,35.05,38.74,36.89,29.52,27.67
2167,45.0,35.0,38.0,42.0,40.0,32.0,30.0
2168,48.49,37.72,40.95,45.26,43.11,34.48,32.33
2169,51.75,40.25,43.7,48.3,46.0,36.8,34.5
2170,54.55,42.42,46.06,50.91,48.49,38.79,36.36
2171,56.69,44.09,47.87,52.91,50.39,40.31,37.79
2172,58.04,45.14,49.01,54.17,51.59,41.27,38.69
2173,58.5,45.5,49.4,54.6,52.0,41.6,39.0
2174,58.04,45.14,49.01,54.17,51.59,41.27,38.69
2175,56.69,44.09,47.87,52.91,50.39,40.31,37.79
2176,54.55,42.42,46.06,50.91,48.49,38.79,36.36
2177,51.75,40.25,43.7,48.3,46.0,36.8,34.5
2178,48.49,37.72,40.95,45.26,43.11,34.48,32.33
2179,45.0,35.0,38.0,42.0,40.0,32.0,30.0
2180,41.51,32.28,35.05,38.74,36.89,29.52,27.67
2181,38.25,29.75,32.3,35.7,34.0,27.2,25.5
2182,35.45,27.58,29.94,33.09,31.51,25.21,23.64
2183,33.31,25.91,28.13,31.09,29.61,23.69,22.21
2184,31.96,24.86,26.99,29.83,28.41,22.73,21.31
2185,31.5,24.5,26.6,29.4,28.0,22.4,21.0
2186,31.96,24.86,26.99,29.83,28.41,22.73,21.31
2187,33.31,25.91,28.13,31.09,29.61,23.69,22.21
2188,35.45,27.58,29.94,33.09,31.51,25.21,23.64
2189,38.25,29.75,32.3,35.7,34.0,27.2,25.5
2190,41.51,32.28,35.05,38.74,36.89,29.52,27.67
2191,45.0,35.0,38.0,42.0,40.0,32.0,30.0
2192,48.49,37.72,40.95,45.26,43.11,34.48,32.33
2193,51.75,40.25,43.7,48.3,46.0,36.8,34.5
2194,54.55,42.42,46.06,50.91,48.49,38.79,36.36
2195,56.69,44.09,47.87,52.91,50.39,40.31,37.79
2196,58.04,45.14,49.01,54.17,51.59,41.27,38.69
2197,58.5,45.5,49.4,54.6,52.0,41.6,39.0
2198,58.04,45.14,49.01,54.17,51.59,41.27,38.69
2199,56.69,44.09,47.87,52.91,50.39,40.31,37.79
2200,54.55,42.42,46.06,50.91,48.49,38.79,36.36
2201,51.75,40.25,43.7,48.3,46.0,36.8,34.5
2202,48.49,37.72,40.95,45.26,43.11,34.48,32.33
2203,45.0,35.0,38.0,42.0,40.0,32.0,30.0
2204,41.51,32.28,35.05,38.74,36.89,29.52,27.67
2205,38.25,29.75,32.3,35.7,34.0,27.2,25.5
2206,35.45,27.58,29.94,33.09,31.51,25.21,23.64
2207,33.31,25.91,28.13,31.09,29.61,23.69,22.21
2208,31.96,24.86,26.99,29.83,28.41,22.73,21.31
2209,31.5,24.5,26.6,29.4,28.0,22.4,21.0
2210,31.96,24.86,26.99,29.83,28.41,22.73,21.31
2211,33.31,25.91,28.13,31.09,29.61,23.69,22.21
2212,35.45,27.58,29.94,33.09,31.51,25.21,23.64
2213,38.25,29.75,32.3,35.7,34.0,27.2,25.5
2214,41.51,32.28,35.05,38.74,36.89,29.52,27.67
2215,45.0,35.0,38.0,42.0,40.0,32.0,30.0
2216,48.49,37.72,40.95,45.26,43.11,34.48,32.33
2217,51.75,40.25,43.7,48.3,46.0,36.8,34.5
2218,54.55,42.42,46.06,50.91,48.49,38.79,36.36
2219,56.69,44.09,47.87,52.91,50.39,40.31,37.79
2220,58.04,45.14,49.01,54.17,51.59,41.27,38.69
2221,58.5,45.5,49.4,54.6,52.0,41.6,39.0
2222,58.04,45.14,49.01,54.17,51.59,41.27,38.69
2223,56.69,44.09,47.87,52.91,50.39,40.31,37.79
2224,54.55,42.42,46.06,50.91,48.49,38.79,36.36
2225,51.75,40.25,43.7,48.3,46.0,36.8,34.5
2226,48.49,37.72,40.95,45.26,43.11,34.48,32.33
2227,45.0,35.0,38.0,42.0,40.0,32.0,30.0
2228,41.51,32.28,35.05,38.74,36.89,29.52,27.67
2229,38.25,29.75,32.3,35.7,34.0,27.2,25.5
2230,35.45,27.58,29.94,33.09,31.51,25.21,23.64
2231,33.31,25.91,28.13,31.09,29.61,23.69,22.21
2232,31.96,24.86,26.99,29.83,28.41,22.73,21.31
2233,31.5,24.5,26.6,29.4,28.0,22.4,21.0
2234,31.96,24.86,26.99,29.83,28.41,22.73,21.31
2235,33.31,25.91,28.13,31.09,29.61,23.69,22.21
2236,35.45,27.58,29.94,33.09,31.51,25.21,23.64
2237,38.25,29.75,32.3,35.7,34.0,27.2,25.5
2238,41.51,32.28,35.05,38.74,36.89,29.52,27.67
2239,45.0,35.0,38.0,42.0,40.0,32.0,30.0
2240,48.49,37.72,40.95,45.26,43.11,34.48,32.33
2241,51.75,40.25,43.7,48.3,46.0,36.8,34.5
2242,54.55,42.42,46.06,50.91,48.49,38.79,36.36
2243,56.69,44.09,47.87,52.91,50.39,40.31,37.79
2244,58.04,45.14,49.01,54.17,51.59,41.27,38.69
2245,58.5,45.5,49.4,54.6,52.0,41.6,39.0
2246,58.04,45.14,49.01,54.17,51.59,41.27,38.69
2247,56.69,44.09,47.87,52.91,50.39,40.31,37.79
2248,54.55,42.42,46.06,50.91,48.49,38.79,36.36
2249,51.75,40.25,43.7,48.3,46.0,36.8,34.5
2250,48.49,37.72,40.95,45.26,43.11,34.48,32.33
2251,45.0,35.0,38.0,42.0,40.0,32.0,30.0
2252,41.51,32.28,35.05,38.74,36.89,29.52,27.67
2253,38.25,29.75,32.3,35.7,34.0,27.2,25.5
2254,35.45,27.58,29.94,33.09,31.51,25.21,23.64
2255,33.31,25.91,28.13,31.09,29.61,23.69,22.21
2256,31.96,24.86,26.99,29.83,28.41,22.73,21.31
2257,31.5,24.5,26.6,29.4,28.0,22.4,21.0
2258,31.96,24.86,26.99,29.83,28.41,22.73,21.31
2259,33.31,25.91,28.13,31.09,29.61,23.69,22.21
2260,35.45,27.58,29.94,33.09,31.51,25.21,23.64
2261,38.25,29.75,32.3,35.7,34.0,27.2,25.5
2262,41.51,32.28,35.05,38.74,36.89,29.52,27.67
2263,45.0,35.0,38.0,42.0,40.0,32.0,30.0
2264,48.49,37.72,40.95,45.26,43.11,34.48,32.33
2265,51.75,40.25,43.7,48.3,46.0,36.8,34.5
2266,54.55,42.42,46.06,50.91,48.49,38.79,36.36
2267,56.69,44.09,47.87,52.91,50.39,40.31,37.79
2268,58.04,45.14,49.01,54.17,51.59,41.27,38.69
2269,58.5,45.5,49.4,54.6,52.0,41.6,39.0
2270,58.04,45.14,49.01,54.17,51.59,41.27,38.69
2271,56.69,44.09,47.87,52.91,50.39,40.31,37.79
2272,54.55,42.42,46.06,50.91,48.49,38.79,36.36
2273,51.75,40.25,43.7,48.3,46.0,36.8,34.5
2274,48.49,37.72,40.95,45.26,43.11,34.48,32.33
2275,45.0,35.0,38.0,42.0,40.0,32.0,30.0
2276,41.51,32.28,35.05,38.74,36.89,29.52,27.67
2277,38.25,29.75,32.3,35.7,34.0,27.2,25.5
2278,35.45,27.58,29.94,33.09,31.51,25.21,23.64
2279,33.31,25.91,28.13,31.09,29.61,23.69,22.21
2280,31.96,24.86,26.99,29.83,28.41,22.73,21.31
2281,31.5,24.5,26.6,29.4,28.0,22.4,21.0
2282,31.96,24.86,26.99,29.83,28.41,22.73,21.31
2283,33.31,25.91,28.13,31.09,29.61,23.69,22.21
2284,35.45,27.58,29.94,33.09,31.51,25.21,23.64
2285,38.25,29.75,32.3,35.7,34.0,27.2,25.5
2286,41.51,32.28,35.05,38.74,36.89,29.52,27.67
2287,45.0,35.0,38.0,42.0,40.0,32.0,30.0
2288,48.49,37.72,40.95,45.26,43.11,34.48,32.33
2289,51.75,40.25,43.7,48.3,46.0,36.8,34.5
2290,54.55,42.42,46.06,50.91,48.49,38.79,36.36
2291,56.69,44.09,47.87,52.91,50.39,40.31,37.79
2292,58.04,45.14,49.01,54.17,51.59,41.27,38.69
2293,58.5,45.5,49.4,54.6,52.0,41.6,39.0
2294,58.04,45.14,49.01,54.17,51.59,41.27,38.69
2295,56.69,44.09,47.87,52.91,50.39,40.31,37.79
2296,54.55,42.42,46.06,50.91,48.49,38.79,36.36
2297,51.75,40.25,43.7,48.3,46.0,36.8,34.5
2298,48.49,37.72,40.95,45.26,43.11,34.48,32.33
2299,45.0,35.0,38.0,42.0,40.0,32.0,30.0
2300,41.51,32.28,35.05,38.74,36.89,29.52,27.67
2301,38.25,29.75,32.3,35.7,34.0,27.2,25.5
2302,35.45,27.58,29.94,33.09,31.51,25.21,23.64
2303,33.31,25.91,28.13,31.09,29.61,23.69,22.21
2304,31.96,24.86,26.99,29.83,28.41,22.73,21.31
2305,31.5,24.5,26.6,29.4,28.0,22.4,21.0
2306,31.96,24.86,26.99,29.83,28.41,22.73,21.31
2307,33.31,25.91,28.13,31.09,29.61,23.69,22.21
2308,35.45,27.58,29.94,33.09,31.51,25.21,23.64
2309,38.25,29.75,32.3,35.7,34.0,27.2,25.5
2310,41.51,32.28,35.05,38.74,36.89,29.52,27.67
2311,45.0,35.0,38.0,42.0,40.0,32.0,30.0
2312,48.49,37.72,40.95,45.26,43.11,34.48,32.33
2313,51.75,40.25,43.7,48.3,46.0,36.8,34.5
2314,54.55,42.42,46.06,50.91,48.49,38.79,36.36
2315,56.69,44.09,47.87,52.91,50.39,40.31,37.79
2316,58.04,45.14,49.01,54.17,51.59,41.27,38.69
2317,58.5,45.5,49.4,54.6,52.0,41.6,39.0
2318,58.04,45.14,49.01,54.17,51.59,41.27,38.69
2319,56.69,44.09,47.87,52.91,50.39,40.31,37.79
2320,54.55,42.42,46.06,50.91,48.49,38.79,36.36
2321,51.75,40.25,43.7,48.3,46.0,36.8,34.5
2322,48.49,37.72,40.95,45.26,43.11,34.48,32.33
2323,45.0,35.0,38.0,42.0,40.0,32.0,30.0
2324,41.51,32.28,35.05,38.74,36.89,29.52,27.67
2325,38.25,29.75,32.3,35.7,34.0,27.2,25.5
2326,35.45,27.58,29.94,33.09,31.51,25.21,23.64
2327,33.31,25.91,28.13,31.09,29.61,23.69,22.21
2328,31.96,24.86,26.99,29.83,28.41,22.73,21.31
2329,31.5,24.5,26.6,29.4,28.0,22.4,21.0
2330,31.96,24.86,26.99,29.83,28.41,22.73,21.31
2331,33.31,25.91,28.13,31.09,29.61,23.69,22.21
2332,35.45,27.58,29.94,33.09,31.51,25.21,23.64
2333,38.25,29.75,32.3,35.7,34.0,27.2,25.5
2334,41.51,32.28,35.05,38.74,36.89,29.52,27.67
2335,45.0,35.0,38.0,42.0,40.0,32.0,30.0
2336,48.49,37.72,40.95,45.26,43.11,34.48,32.33
2337,51.75,40.25,43.7,48.3,46.0,36.8,34.5
2338,54.55,42.42,46.06,50.91,48.49,38.79,36.36
2339,56.69,44.09,47.87,52.91,50.39,40.31,37.79
2340,58.04,45.14,49.01,54.17,51.59,41.27,38.69
2341,58.5,45.5,49.4,54.6,52.0,41.6,39.0
2342,58.04,45.14,49.01,54.17,51.59,41.27,38.69
2343,56.69,44.09,47.87,52.91,50.39,40.31,37.79
2344,54.55,42.42,46.06,50.91,48.49,38.79,36.36
2345,51.75,40.25,43.7,48.3,46.0,36.8,34.5
2346,48.49,37.72,40.95,45.26,43.11,34.48,32.33
2347,45.0,35.0,38.0,42.0,40.0,32.0,30.0
2348,41.51,32.28,35.05,38.74,36.89,29.52,27.67
2349,38.25,29.75,32.3,35.7,34.0,27.2,25.5
2350,35.45,27.58,29.94,33.09,31.51,25.21,23.64
2351,33.31,25.91,28.13,31.09,29.61,23.69,22.21
2352,31.96,24.86,26.99,29.83,28.41,22.73,21.31
2353,31.5,24.5,26.6,29.4,28.0,22.4,21.0
2354,31.96,24.86,26.99,29.83,28.41,22.73,21.31
2355,33.31,25.91,28.13,31.09,29.61,23.69,22.21
2356,35.45,27.58,29.94,33.09,31.51,25.21,23.64
2357,38.25,29.75,32.3,35.7,34.0,27.2,25.5
2358,41.51,32.28,35.05,38.74,36.89,29.52,27.67
2359,45.0,35.0,38.0,42.0,40.0,32.0,30.0
2360,48.49,37.72,40.95,45.26,43.11,34.48,32.33
2361,51.75,40.25,43.7,48.3,46.0,36.8,34.5
2362,54.55,42.42,46.06,50.91,48.49,38.79,36.36
2363,56.69,44.09,47.87,52.91,50.39,40.31,37.79
2364,58.04,45.14,49.01,54.17,51.59,41.27,38.69
2365,58.5,45.5,49.4,54.6,52.0,41.6,39.0
2366,58.04,45.14,49.01,54.17,51.59,41.27,38.69
2367,56.69,44.09,47.87,52.91,50.39,40.31,37.79
2368,54.55,42.42,46.06,50.91,48.49,38.79,36.36
2369,51.75,40.25,43.7,48.3,46.0,36.8,34.5
2370,48.49,37.72,40.95,45.26,43.11,34.48,32.33
2371,45.0,35.0,38.0,42.0,40.0,32.0,30.0
2372,41.51,32.28,35.05,38.74,36.89,29.52,27.67
2373,38.25,29.75,32.3,35.7,34.0,27.2,25.5
2374,35.45,27.58,29.94,33.09,31.51,25.21,23.64
2375,33.31,25.91,28.13,31.09,29.61,23.69,22.21
2376,31.96,24.86,26.99,29.83,28.41,22.73,21.31
2377,31.5,24.5,26.6,29.4,28.0,22.4,21.0
2378,31.96,24.86,26.99,29.83,28.41,22.73,21.31
2379,33.31,25.91,28.13,31.09,29.61,23.69,22.21
2380,35.45,27.58,29.94,33.09,31.51,25.21,23.64
2381,38.25,29.75,32.3,35.7,34.0,27.2,25.5
2382,41.51,32.28,35.05,38.74,36.89,29.52,27.67
2383,45.0,35.0,38.0,42.0,40.0,32.0,30.0
2384,48.49,37.72,40.95,45.26,43.11,34.48,32.33
2385,51.75,40.25,43.7,48.3,46.0,36.8,34.5
2386,54.55,42.42,46.06,50.91,48.49,38.79,36.36
2387,56.69,44.09,47.87,52.91,50.39,40.31,37.79
2388,58.04,45.14,49.01,54.17,51.59,41.27,38.69
2389,58.5,45.5,49.4,54.6,52.0,41.6,39.0
2390,58.04,45.14,49.01,54.17,51.59,41.27,38.69
2391,56.69,44.09,47.87,52.91,50.39,40.31,37.79
2392,54.55,42.42,46.06,50.91,48.49,38.79,36.36
2393,51.75,40.25,43.7,48.3,46.0,36.8,34.5
2394,48.49,37.72,40.95,45.26,43.11,34.48,32.33
2395,45.0,35.0,38.0,42.0,40.0,32.0,30.0
2396,41.51,32.28,35.05,38.74,36.89,29.52,27.67
2397,38.25,29.75,32.3,35.7,34.0,27.2,25.5
2398,35.45,27.58,29.94,33.09,31.51,25.21,23.64
2399,33.31,25.91,28.13,31.09,29.61,23.69,22.21
2400,31.96,24.86,26.99,29.83,28.41,22.73,21.31
2401,31.5,24.5,26.6,29.4,28.0,22.4,21.0
2402,31.96,24.86,26.99,29.83,28.41,22.73,21.31
2403,33.31,25.91,28.13,31.09,29.61,23.69,22.21
2404,35.45,27.58,29.94,33.09,31.51,25.21,23.64
2405,38.25,29.75,32.3,35.7,34.0,27.2,25.5
2406,41.51,32.28,35.05,38.74,36.89,29.52,27.67
2407,45.0,35.0,38.0,42.0,40.0,32.0,30.0
2408,48.49,37.72,40.95,45.26,43.11,34.48,32.33
2409,51.75,40.25,43.7,48.3,46.0,36.8,34.5
2410,54.55,42.42,46.06,50.91,48.49,38.79,36.36
2411,56.69,44.09,47.87,52.91,50.39,40.31,37.79
2412,58.04,45.14,49.01,54.17,51.59,41.27,38.69
2413,58.5,45.5,49.4,54.6,52.0,41.6,39.0
2414,58.04,45.14,49.01,54.17,51.59,41.27,38.69
2415,56.69,44.09,47.87,52.91,50.39,40.31,37.79
2416,54.55,42.42,46.06,50.91,48.49,38.79,36.36
2417,51.75,40.25,43.7,48.3,46.0,36.8,34.5
2418,48.49,37.72,40.95,45.26,43.11,34.48,32.33
2419,45.0,35.0,38.0,42.0,40.0,32.0,30.0
2420,41.51,32.28,35.05,38.74,36.89,29.52,27.67
2421,38.25,29.75,32.3,35.7,34.0,27.2,25.5
2422,35.45,27.58,29.94,33.09,31.51,25.21,23.64
2423,33.31,25.91,28.13,31.09,29.61,23.69,22.21
2424,31.96,24.86,26.99,29.83,28.41,22.73,21.31
2425,31.5,24.5,26.6,29.4,28.0,22.4,21.0
2426,31.96,24.86,26.99,29.83,28.41,22.73,21.31
2427,33.31,25.91,28.13,31.09,29.61,23.69,22.21
2428,35.45,27.58,29.94,33.09,31.51,25.21,23.64
2429,38.25,29.75,32.3,35.7,34.0,27.2,25.5
2430,41.51,32.28,35.05,38.74,36.89,29.52,27.67
2431,45.0,35.0,38.0,42.0,40.0,32.0,30.0
2432,48.49,37.72,40.95,45.26,43.11,34.48,32.33
2433,51.75,40.25,43.7,48.3,46.0,36.8,34.5
2434,54.55,42.42,46.06,50.91,48.49,38.79,36.36
2435,56.69,44.09,47.87,52.91,50.39,40.31,37.79
2436,58.04,45.14,49.01,54.17,51.59,41.27,38.69
2437,58.5,45.5,49.4,54.6,52.0,41.6,39.0
2438,58.04,45.14,49.01,54.17,51.59,41.27,38.69
2439,56.69,44.09,47.87,52.91,50.39,40.31,37.79
2440,54.55,42.42,46.06,50.91,48.49,38.79,36.36
2441,51.75,40.25,43.7,48.3,46.0,36.8,34.5
2442,48.49,37.72,40.95,45.26,43.11,34.48,32.33
2443,45.0,35.0,38.0,42.0,40.0,32.0,30.0
2444,41.51,32.28,35.05,38.74,36.89,29.52,27.67
2445,38.25,29.75,32.3,35.7,34.0,27.2,25.5
2446,35.45,27.58,29.94,33.09,31.51,25.21,23.64
2447,33.31,25.91,28.13,31.09,29.61,23.69,22.21
2448,31.96,24.86,26.99,29.83,28.41,22.73,21.31
2449,31.5,24.5,26.6,29.4,28.0,22.4,21.0
2450,31.96,24.86,26.99,29.83,28.41,22.73,21.31
2451,33.31,25.91,28.13,31.09,29.61,23.69,22.21
2452,35.45,27.58,29.94,33.09,31.51,25.21,23.64
2453,38.25,29.75,32.3,35.7,34.0,27.2,25.5
2454,41.51,32.28,35.05,38.74,36.89,29.52,27.67
2455,45.0,35.0,38.0,42.0,40.0,32.0,30.0
2456,48.49,37.72,40.95,45.26,43.11,34.48,32.33
2457,51.75,40.25,43.7,48.3,46.0,36.8,34.5
2458,54.55,42.42,46.06,50.91,48.49,38.79,36.36
2459,56.69,44.09,47.87,52.91,50.39,40.31,37.79
2460,58.04,45.14,49.01,54.17,51.59,41.27,38.69
2461,58.5,45.5,49.4,54.6,52.0,41.6,39.0
2462,58.04,45.14,49.01,54.17,51.59,41.27,38.69
2463,56.69,44.09,47.87,52.91,50.39,40.31,37.79
2464,54.55,42.42,46.06,50.91,48.49,38.79,36.36
2465,51.75,40.25,43.7,48.3,46.0,36.8,34.5
2466,48.49,37.72,40.95,45.26,43.11,34.48,32.33
2467,45.0,35.0,38.0,42.0,40.0,32.0,30.0
2468,41.51,32.28,35.05,38.74,36.89,29.52,27.67
2469,38.25,29.75,32.3,35.7,34.0,27.2,25.5
2470,35.45,27.58,29.94,33.09,31.51,25.21,23.64
2471,33.31,25.91,28.13,31.09,29.61,23.69,22.21
2472,31.96,24.86,26.99,29.83,28.41,22.73,21.31
2473,31.5,24.5,26.6,29.4,28.0,22.4,21.0
2474,31.96,24.86,26.99,29.83,28.41,22.73,21.31
2475,33.31,25.91,28.13,31.09,29.61,23.69,22.21
2476,35.45,27.58,29.94,33.09,31.51,25.21,23.64
2477,38.25,29.75,32.3,35.7,34.0,27.2,25.5
2478,41.51,32.28,35.05,38.74,36.89,29.52,27.67
2479,45.0,35.0,38.0,42.0,40.0,32.0,30.0
2480,48.49,37.72,40.95,45.26,43.11,34.48,32.33
2481,51.75,40.25,43.7,48.3,46.0,36.8,34.5
2482,54.55,42.42,46.06,50.91,48.49,38.79,36.36
2483,56.69,44.09,47.87,52.91,50.39,40.31,37.79
2484,58.04,45.14,49.01,54.17,51.59,41.27,38.69
2485,58.5,45.5,49.4,54.6,52.0,41.6,39.0
2486,58.04,45.14,49.01,54.17,51.59,41.27,38.69
2487,56.69,44.09,47.87,52.91,50.39,40.31,37.79
2488,54.55,42.42,46.06,50.91,48.49,38.79,36.36
2489,51.75,40.25,43.7,48.3,46.0,36.8,34.5
2490,48.49,37.72,40.95,45.26,43.11,34.48,32.33
2491,45.0,35.0,38.0,42.0,40.0,32.0,30.0
2492,41.51,32.28,35.05,38.74,36.89,29.52,27.67
2493,38.25,29.75,32.3,35.7,34.0,27.2,25.5
2494,35.45,27.58,29.94,33.09,31.51,25.21,23.64
2495,33.31,25.91,28.13,31.09,29.61,23.69,22.21
2496,31.96,24.86,26.99,29.83,28.41,22.73,21.31
2497,31.5,24.5,26.6,29.4,28.0,22.4,21.0
2498,31.96,24.86,26.99,29.83,28.41,22.73,21.31
2499,33.31,25.91,28.13,31.09,29.61,23.69,22.21
2500,35.45,27.58,29.94,33.09,31.51,25.21,23.64
2501,38.25,29.75,32.3,35.7,34.0,27.2,25.5
2502,41.51,32.28,35.05,38.74,36.89,29.52,27.67
2503,45.0,35.0,38.0,42.0,40.0,32.0,30.0
2504,48.49,37.72,40.95,45.26,43.11,34.48,32.33
2505,51.75,40.25,43.7,48.3,46.0,36.8,34.5
2506,54.55,42.42,46.06,50.91,48.49,38.79,36.36
2507,56.69,44.09,47.87,52.91,50.39,40.31,37.79
2508,58.04,45.14,49.01,54.17,51.59,41.27,38.69
2509,58.5,45.5,49.4,54.6,52.0,41.6,39.0
2510,58.04,45.14,49.01,54.17,51.59,41.27,38.69
2511,56.69,44.09,47.87,52.91,50.39,40.31,37.79
2512,54.55,42.42,46.06,50.91,48.49,38.79,36.36
2513,51.75,40.25,43.7,48.3,46.0,36.8,34.5
2514,48.49,37.72,40.95,45.26,43.11,34.48,32.33
2515,45.0,35.0,38.0,42.0,40.0,32.0,30.0
2516,41.51,32.28,35.05,38.74,36.89,29.52,27.67
2517,38.25,29.75,32.3,35.7,34.0,27.2,25.5
2518,35.45,27.58,29.94,33.09,31.51,25.21,23.64
2519,33.31,25.91,28.13,31.09,29.61,23.69,22.21
2520,31.96,24.86,26.99,29.83,28.41,22.73,21.31
2521,31.5,24.5,26.6,29.4,28.0,22.4,21.0
2522,31.96,24.86,26.99,29.83,28.41,22.73,21.31
2523,33.31,25.91,28.13,31.09,29.61,23.69,22.21
2524,35.45,27.58,29.94,33.09,31.51,25.21,23.64
2525,38.25,29.75,32.3,35.7,34.0,27.2,25.5
2526,41.51,32.28,35.05,38.74,36.89,29.52,27.67
2527,45.0,35.0,38.0,42.0,40.0,32.0,30.0
2528,48.49,37.72,40.95,45.26,43.11,34.48,32.33
2529,51.75,40.25,43.7,48.3,46.0,36.8,34.5
2530,54.55,42.42,46.06,50.91,48.49,38.79,36.36
2531,56.69,44.09,47.87,52.91,50.39,40.31,37.79
2532,58.04,45.14,49.01,54.17,51.59,41.27,38.69
2533,58.5,45.5,49.4,54.6,52.0,41.6,39.0
2534,58.04,45.14,49.01,54.17,51.59,41.27,38.69
2535,56.69,44.09,47.87,52.91,50.39,40.31,37.79
2536,54.55,42.42,46.06,50.91,48.49,38.79,36.36
2537,51.75,40.25,43.7,48.3,46.0,36.8,34.5
2538,48.49,37.72,40.95,45.26,43.11,34.48,32.33
2539,45.0,35.0,38.0,42.0,40.0,32.0,30.0
2540,41.51,32.28,35.05,38.74,36.89,29.52,27.67
2541,38.25,29.75,32.3,35.7,34.0,27.2,25.5
2542,35.45,27.58,29.94,33.09,31.51,25.21,23.64
2543,33.31,25.91,28.13,31.09,29.61,23.69,22.21
2544,31.96,24.86,26.99,29.83,28.41,22.73,21.31
2545,31.5,24.5,26.6,29.4,28.0,22.4,21.0
2546,31.96,24.86,26.99,29.83,28.41,22.73,21.31
2547,33.31,25.91,28.13,31.09,29.61,23.69,22.21
2548,35.45,27.58,29.94,33.09,31.51,25.21,23.64
2549,38.25,29.75,32.3,35.7,34.0,27.2,25.5
2550,41.51,32.28,35.05,38.74,36.89,29.52,27.67
2551,45.0,35.0,38.0,42.0,40.0,32.0,30.0
2552,48.49,37.72,40.95,45.26,43.11,34.48,32.33
2553,51.75,40.25,43.7,48.3,46.0,36.8,34.5
2554,54.55,42.42,46.06,50.91,48.49,38.79,36.36
2555,56.69,44.09,47.87,52.91,50.39,40.31,37.79
2556,58.04,45.14,49.01,54.17,51.59,41.27,38.69
2557,58.5,45.5,49.4,54.6,52.0,41.6,39.0
2558,58.04,45.14,49.01,54.17,51.59,41.27,38.69
2559,56.69,44.09,47.87,52.91,50.39,40.31,37.79
2560,54.55,42.42,46.06,50.91,48.49,38.79,36.36
2561,51.75,40.25,43.7,48.3,46.0,36.8,34.5
2562,48.49,37.72,40.95,45.26,43.11,34.48,32.33
2563,45.0,35.0,38.0,42.0,40.0,32.0,30.0
2564,41.51,32.28,35.05,38.74,36.89,29.52,27.67
2565,38.25,29.75,32.3,35.7,34.0,27.2,25.5
2566,35.45,27.58,29.94,33.09,31.51,25.21,23.64
2567,33.31,25.91,28.13,31.09,29.61,23.69,22.21
2568,31.96,24.86,26.99,29.83,28.41,22.73,21.31
2569,31.5,24.5,26.6,29.4,28.0,22.4,21.0
2570,31.96,24.86,26.99,29.83,28.41,22.73,21.31
2571,33.31,25.91,28.13,31.09,29.61,23.69,22.21
2572,35.45,27.58,29.94,33.09,31.51,25.21,23.64
2573,38.25,29.75,32.3,35.7,34.0,27.2,25.5
2574,41.51,32.28,35.05,38.74,36.89,29.52,27.67
2575,45.0,35.0,38.0,42.0,40.0,32.0,30.0
2576,48.49,37.72,40.95,45.26,43.11,34.48,32.33
2577,51.75,40.25,43.7,48.3,46.0,36.8,34.5
2578,54.55,42.42,46.06,50.91,48.49,38.79,36.36
2579,56.69,44.09,47.87,52.91,50.39,40.31,37.79
2580,58.04,45.14,49.01,54.17,51.59,41.27,38.69
2581,58.5,45.5,49.4,54.6,52.0,41.6,39.0
2582,58.04,45.14,49.01,54.17,51.59,41.27,38.69
2583,56.69,44.09,47.87,52.91,50.39,40.31,37.79
2584,54.55,42.42,46.06,50.91,48.49,38.79,36.36
2585,51.75,40.25,43.7,48.3,46.0,36.8,34.5
2586,48.49,37.72,40.95,45.26,43.11,34.48,32.33
2587,45.0,35.0,38.0,42.0,40.0,32.0,30.0
2588,41.51,32.28,35.05,38.74,36.89,29.52,27.67
2589,38.25,29.75,32.3,35.7,34.0,27.2,25.5
2590,35.45,27.58,29.94,33.09,31.51,25.21,23.64
2591,33.31,25.91,28.13,31.09,29.61,23.69,22.21
2592,31.96,24.86,26.99,29.83,28.41,22.73,21.31
2593,31.5,24.5,26.6,29.4,28.0,22.4,21.0
2594,31.96,24.86,26.99,29.83,28.41,22.73,21.31
2595,33.31,25.91,28.13,31.09,29.61,23.69,22.21
2596,35.45,27.58,29.94,33.09,31.51,25.21,23.64
2597,38.25,29.75,32.3,35.7,34.0,27.2,25.5
2598,41.51,32.28,35.05,38.74,36.89,29.52,27.67
2599,45.0,35.0,38.0,42.0,40.0,32.0,30.0
2600,48.49,37.72,40.95,45.26,43.11,34.48,32.33
2601,51.75,40.25,43.7,48.3,46.0,36.8,34.5
2602,54.55,42.42,46.06,50.91,48.49,38.79,36.36
2603,56.69,44.09,47.87,52.91,50.39,40.31,37.79
2604,58.04,45.14,49.01,54.17,51.59,41.27,38.69
2605,58.5,45.5,49.4,54.6,52.0,41.6,39.0
2606,58.04,45.14,49.01,54.17,51.59,41.27,38.69
2607,56.69,44.09,47.87,52.91,50.39,40.31,37.79
2608,54.55,42.42,46.06,50.91,48.49,38.79,36.36
2609,51.75,40.25,43.7,48.3,46.0,36.8,34.5
2610,48.49,37.72,40.95,45.26,43.11,34.48,32.33
2611,45.0,35.0,38.0,42.0,40.0,32.0,30.0
2612,41.51,32.28,35.05,38.74,36.89,29.52,27.67
2613,38.25,29.75,32.3,35.7,34.0,27.2,25.5
2614,35.45,27.58,29.94,33.09,31.51,25.21,23.64
2615,33.31,25.91,28.13,31.09,29.61,23.69,22.21
2616,31.96,24.86,26.99,29.83,28.41,22.73,21.31
2617,31.5,24.5,26.6,29.4,28.0,22.4,21.0
2618,31.96,24.86,26.99,29.83,28.41,22.73,21.31
2619,33.31,25.91,28.13,31.09,29.61,23.69,22.21
2620,35.45,27.58,29.94,33.09,31.51,25.21,23.64
2621,38.25,29.75,32.3,35.7,34.0,27.2,25.5
2622,41.51,32.28,35.05,38.74,36.89,29.52,27.67
2623,45.0,35.0,38.0,42.0,40.0,32.0,30.0
2624,48.49,37.72,40.95,45.26,43.11,34.48,32.33
2625,51.75,40.25,43.7,48.3,46.0,36.8,34.5
2626,54.55,42.42,46.06,50.91,48.49,38.79,36.36
2627,56.69,44.09,47.87,52.91,50.39,40.31,37.79
2628,58.04,45.14,49.01,54.17,51.59,41.27,38.69
2629,58.5,45.5,49.4,54.6,52.0,41.6,39.0
2630,58.04,45.14,49.01,54.17,51.59,41.27,38.69
2631,56.69,44.09,47.87,52.91,50.39,40.31,37.79
2632,54.55,42.42,46.06,50.91,48.49,38.79,36.36
2633,51.75,40.25,43.7,48.3,46.0,36.8,34.5
2634,48.49,37.72,40.95,45.26,43.11,34.48,32.33
2635,45.0,35.0,38.0,42.0,40.0,32.0,30.0
2636,41.51,32.28,35.05,38.74,36.89,29.52,27.67
2637,38.25,29.75,32.3,35.7,34.0,27.2,25.5
2638,35.45,27.58,29.94,33.09,31.51,25.21,23.64
2639,33.31,25.91,28.13,31.09,29.61,23.69,22.21
2640,31.96,24.86,26.99,29.83,28.41,22.73,21.31
2641,31.5,24.5,26.6,29.4,28.0,22.4,21.0
2642,31.96,24.86,26.99,29.83,28.41,22.73,21.31
2643,33.31,25.91,28.13,31.09,29.61,23.69,22.21
2644,35.45,27.58,29.94,33.09,31.51,25.21,23.64
2645,38.25,29.75,32.3,35.7,34.0,27.2,25.5
2646,41.51,32.28,35.05,38.74,36.89,29.52,27.67
2647,45.0,35.0,38.0,42.0,40.0,32.0,30.0
2648,48.49,37.72,40.95,45.26,43.11,34.48,32.33
2649,51.75,40.25,43.7,48.3,46.0,36.8,34.5
2650,54.55,42.42,46.06,50.91,48.49,38.79,36.36
2651,56.69,44.09,47.87,52.91,50.39,40.31,37.79
2652,58.04,45.14,49.01,54.17,51.59,41.27,38.69
2653,58.5,45.5,49.4,54.6,52.0,41.6,39.0
2654,58.04,45.14,49.01,54.17,51.59,41.27,38.69
2655,56.69,44.09,47.87,52.91,50.39,40.31,37.79
2656,54.55,42.42,46.06,50.91,48.49,38.79,36.36
2657,51.75,40.25,43.7,48.3,46.0,36.8,34.5
2658,48.49,37.72,40.95,45.26,43.11,34.48,32.33
2659,45.0,35.0,38.0,42.0,40.0,32.0,30.0
2660,41.51,32.28,35.05,38.74,36.89,29.52,27.67
2661,38.25,29.75,32.3,35.7,34.0,27.2,25.5
2662,35.45,27.58,29.94,33.09,31.51,25.21,23.64
2663,33.31,25.91,28.13,31.09,29.61,23.69,22.21
2664,31.96,24.86,26.99,29.83,28.41,22.73,21.31
2665,31.5,24.5,26.6,29.4,28.0,22.4,21.0
2666,31.96,24.86,26.99,29.83,28.41,22.73,21.31
2667,33.31,25.91,28.13,31.09,29.61,23.69,22.21
2668,35.45,27.58,29.94,33.09,31.51,25.21,23.64
2669,38.25,29.75,32.3,35.7,34.0,27.2,25.5
2670,41.51,32.28,35.05,38.74,36.89,29.52,27.67
2671,45.0,35.0,38.0,42.0,40.0,32.0,30.0
2672,48.49,37.72,40.95,45.26,43.11,34.48,32.33
2673,51.75,40.25,43.7,48.3,46.0,36.8,34.5
2674,54.55,42.42,46.06,50.91,48.49,38.79,36.36
2675,56.69,44.09,47.87,52.91,50.39,40.31,37.79
2676,58.04,45.14,49.01,54.17,51.59,41.27,38.69
2677,58.5,45.5,49.4,54.6,52.0,41.6,39.0
2678,58.04,45.14,49.01,54.17,51.59,41.27,38.69
2679,56.69,44.09,47.87,52.91,50.39,40.31,37.79
2680,54.55,42.42,46.06,50.91,48.49,38.79,36.36
2681,51.75,40.25,43.7,48.3,46.0,36.8,34.5
2682,48.49,37.72,40.95,45.26,43.11,34.48,32.33
2683,45.0,35.0,38.0,42.0,40.0,32.0,30.0
2684,41.51,32.28,35.05,38.74,36.89,29.52,27.67
2685,38.25,29.75,32.3,35.7,34.0,27.2,25.5
2686,35.45,27.58,29.94,33.09,31.51,25.21,23.64
2687,33.31,25.91,28.13,31.09,29.61,23.69,22.21
2688,31.96,24.86,26.99,29.83,28.41,22.73,21.31
2689,31.5,24.5,26.6,29.4,28.0,22.4,21.0
2690,31.96,24.86,26.99,29.83,28.41,22.73,21.31
2691,33.31,25.91,28.13,31.09,29.61,23.69,22.21
2692,35.45,27.58,29.94,33.09,31.51,25.21,23.64
2693,38.25,29.75,32.3,35.7,34.0,27.2,25.5
2694,41.51,32.28,35.05,38.74,36.89,29.52,27.67
2695,45.0,35.0,38.0,42.0,40.0,32.0,30.0
2696,48.49,37.72,40.95,45.26,43.11,34.48,32.33
2697,51.75,40.25,43.7,48.3,46.0,36.8,34.5
2698,54.55,42.42,46.06,50.91,48.49,38.79,36.36
2699,56.69,44.09,47.87,52.91,50.39,40.31,37.79
2700,58.04,45.14,49.01,54.17,51.59,41.27,38.69
2701,58.5,45.5,49.4,54.6,52.0,41.6,39.0
2702,58.04,45.14,49.01,54.17,51.59,41.27,38.69
2703,56.69,44.09,47.87,52.91,50.39,40.31,37.79
2704,54.55,42.42,46.06,50.91,48.49,38.79,36.36
2705,51.75,40.25,43.7,48.3,46.0,36.8,34.5
2706,48.49,37.72,40.95,45.26,43.11,34.48,32.33
2707,45.0,35.0,38.0,42.0,40.0,32.0,30.0
2708,41.51,32.28,35.05,38.74,36.89,29.52,27.67
2709,38.25,29.75,32.3,35.7,34.0,27.2,25.5
2710,35.45,27.58,29.94,33.09,31.51,25.21,23.64
2711,33.31,25.91,28.13,31.09,29.61,23.69,22.21
2712,31.96,24.86,26.99,29.83,28.41,22.73,21.31
2713,31.5,24.5,26.6,29.4,28.0,22.4,21.0
2714,31.96,24.86,26.99,29.83,28.41,22.73,21.31
2715,33.31,25.91,28.13,31.09,29.61,23.69,22.21
2716,35.45,27.58,29.94,33.09,31.51,25.21,23.64
2717,38.25,29.75,32.3,35.7,34.0,27.2,25.5
2718,41.51,32.28,35.05,38.74,36.89,29.52,27.67
2719,45.0,35.0,38.0,42.0,40.0,32.0,30.0
2720,48.49,37.72,40.95,45.26,43.11,34.48,32.33
2721,51.75,40.25,43.7,48.3,46.0,36.8,34.5
2722,54.55,42.42,46.06,50.91,48.49,38.79,36.36
2723,56.69,44.09,47.87,52.91,50.39,40.31,37.79
2724,58.04,45.14,49.01,54.17,51.59,41.27,38.69
2725,58.5,45.5,49.4,54.6,52.0,41.6,39.0
2726,58.04,45.14,49.01,54.17,51.59,41.27,38.69
2727,56.69,44.09,47.87,52.91,50.39,40.31,37.79
2728,54.55,42.42,46.06,50.91,48.49,38.79,36.36
2729,51.75,40.25,43.7,48.3,46.0,36.8,34.5
2730,48.49,37.72,40.95,45.26,43.11,34.48,32.33
2731,45.0,35.0,38.0,42.0,40.0,32.0,30.0
2732,41.51,32.28,35.05,38.74,36.89,29.52,27.67
2733,38.25,29.75,32.3,35.7,34.0,27.2,25.5
2734,35.45,27.58,29.94,33.09,31.51,25.21,23.64
2735,33.31,25.91,28.13,31.09,29.61,23.69,22.21
2736,31.96,24.86,26.99,29.83,28.41,22.73,21.31
2737,31.5,24.5,26.6,29.4,28.0,22.4,21.0
2738,31.96,24.86,26.99,29.83,28.41,22.73,21.31
2739,33.31,25.91,28.13,31.09,29.61,23.69,22.21
2740,35.45,27.58,29.94,33.09,31.51,25.21,23.64
2741,38.25,29.75,32.3,35.7,34.0,27.2,25.5
2742,41.51,32.28,35.05,38.74,36.89,29.52,27.67
2743,45.0,35.0,38.0,42.0,40.0,32.0,30.0
2744,48.49,37.72,40.95,45.26,43.11,34.48,32.33
2745,51.75,40.25,43.7,48.3,46.0,36.8,34.5
2746,54.55,42.42,46.06,50.91,48.49,38.79,36.36
2747,56.69,44.09,47.87,52.91,50.39,40.31,37.79
2748,58.04,45.14,49.01,54.17,51.59,41.27,38.69
2749,58.5,45.5,49.4,54.6,52.0,41.6,39.0
2750,58.04,45.14,49.01,54.17,51.59,41.27,38.69
2751,56.69,44.09,47.87,52.91,50.39,40.31,37.79
2752,54.55,42.42,46.06,50.91,48.49,38.79,36.36
2753,51.75,40.25,43.7,48.3,46.0,36.8,34.5
2754,48.49,37.72,40.95,45.26,43.11,34.48,32.33
2755,45.0,35.0,38.0,42.0,40.0,32.0,30.0
2756,41.51,32.28,35.05,38.74,36.89,29.52,27.67
2757,38.25,29.75,32.3,35.7,34.0,27.2,25.5
2758,35.45,27.58,29.94,33.09,31.51,25.21,23.64
2759,33.31,25.91,28.13,31.09,29.61,23.69,22.21
2760,31.96,24.86,26.99,29.83,28.41,22.73,21.31
2761,31.5,24.5,26.6,29.4,28.0,22.4,21.0
2762,31.96,24.86,26.99,29.83,28.41,22.73,21.31
2763,33.31,25.91,28.13,31.09,29.61,23.69,22.21
2764,35.45,27.58,29.94,33.09,31.51,25.21,23.64
2765,38.25,29.75,32.3,35.7,34.0,27.2,25.5
2766,41.51,32.28,35.05,38.74,36.89,29.52,27.67
2767,45.0,35.0,38.0,42.0,40.0,32.0,30.0
2768,48.49,37.72,40.95,45.26,43.11,34.48,32.33
2769,51.75,40.25,43.7,48.3,46.0,36.8,34.5
2770,54.55,42.42,46.06,50.91,48.49,38.79,36.36
2771,56.69,44.09,47.87,52.91,50.39,40.31,37.79
2772,58.04,45.14,49.01,54.17,51.59,41.27,38.69
2773,58.5,45.5,49.4,54.6,52.0,41.6,39.0
2774,58.04,45.14,49.01,54.17,51.59,41.27,38.69
2775,56.69,44.09,47.87,52.91,50.39,40.31,37.79
2776,54.55,42.42,46.06,50.91,48.49,38.79,36.36
2777,51.75,40.25,43.7,48.3,46.0,36.8,34.5
2778,48.49,37.72,40.95,45.26,43.11,34.48,32.33
2779,45.0,35.0,38.0,42.0,40.0,32.0,30.0
2780,41.51,32.28,35.05,38.74,36.89,29.52,27.67
2781,38.25,29.75,32.3,35.7,34.0,27.2,25.5
2782,35.45,27.58,29.94,33.09,31.51,25.21,23.64
2783,33.31,25.91,28.13,31.09,29.61,23.69,22.21
2784,31.96,24.86,26.99,29.83,28.41,22.73,21.31
2785,31.5,24.5,26.6,29.4,28.0,22.4,21.0
2786,31.96,24.86,26.99,29.83,28.41,22.73,21.31
2787,33.31,25.91,28.13,31.09,29.61,23.69,22.21
2788,35.45,27.58,29.94,33.09,31.51,25.21,23.64
2789,38.25,29.75,32.3,35.7,34.0,27.2,25.5
2790,41.51,32.28,35.05,38.74,36.89,29.52,27.67
2791,45.0,35.0,38.0,42.0,40.0,32.0,30.0
2792,48.49,37.72,40.95,45.26,43.11,34.48,32.33
2793,51.75,40.25,43.7,48.3,46.0,36.8,34.5
2794,54.55,42.42,46.06,50.91,48.49,38.79,36.36
2795,56.69,44.09,47.87,52.91,50.39,40.31,37.79
2796,58.04,45.14,49.01,54.17,51.59,41.27,38.69
2797,58.5,45.5,49.4,54.6,52.0,41.6,39.0
2798,58.04,45.14,49.01,54.17,51.59,41.27,38.69
2799,56.69,44.09,47.87,52.91,50.39,40.31,37.79
2800,54.55,42.42,46.06,50.91,48.49,38.79,36.36
2801,51.75,40.25,43.7,48.3,46.0,36.8,34.5
2802,48.49,37.72,40.95,45.26,43.11,34.48,32.33
2803,45.0,35.0,38.0,42.0,40.0,32.0,30.0
2804,41.51,32.28,35.05,38.74,36.89,29.52,27.67
2805,38.25,29.75,32.3,35.7,34.0,27.2,25.5
2806,35.45,27.58,29.94,33.09,31.51,25.21,23.64
2807,33.31,25.91,28.13,31.09,29.61,23.69,22.21
2808,31.96,24.86,26.99,29.83,28.41,22.73,21.31
2809,31.5,24.5,26.6,29.4,28.0,22.4,21.0
2810,31.96,24.86,26.99,29.83,28.41,22.73,21.31
2811,33.31,25.91,28.13,31.09,29.61,23.69,22.21
2812,35.45,27.58,29.94,33.09,31.51,25.21,23.64
2813,38.25,29.75,32.3,35.7,34.0,27.2,25.5
2814,41.51,32.28,35.05,38.74,36.89,29.52,27.67
2815,45.0,35.0,38.0,42.0,40.0,32.0,30.0
2816,48.49,37.72,40.95,45.26,43.11,34.48,32.33
2817,51.75,40.25,43.7,48.3,46.0,36.8,34.5
2818,54.55,42.42,46.06,50.91,48.49,38.79,36.36
2819,56.69,44.09,47.87,52.91,50.39,40.31,37.79
2820,58.04,45.14,49.01,54.17,51.59,41.27,38.69
2821,58.5,45.5,49.4,54.6,52.0,41.6,39.0
2822,58.04,45.14,49.01,54.17,51.59,41.27,38.69
2823,56.69,44.09,47.87,52.91,50.39,40.31,37.79
2824,54.55,42.42,46.06,50.91,48.49,38.79,36.36
2825,51.75,40.25,43.7,48.3,46.0,36.8,34.5
2826,48.49,37.72,40.95,45.26,43.11,34.48,32.33
2827,45.0,35.0,38.0,42.0,40.0,32.0,30.0
2828,41.51,32.28,35.05,38.74,36.89,29.52,27.67
2829,38.25,29.75,32.3,35.7,34.0,27.2,25.5
2830,35.45,27.58,29.94,33.09,31.51,25.21,23.64
2831,33.31,25.91,28.13,31.09,29.61,23.69,22.21
2832,31.96,24.86,26.99,29.83,28.41,22.73,21.31
2833,31.5,24.5,26.6,29.4,28.0,22.4,21.0
2834,31.96,24.86,26.99,29.83,28.41,22.73,21.31
2835,33.31,25.91,28.13,31.09,29.61,23.69,22.21
2836,35.45,27.58,29.94,33.09,31.51,25.21,23.64
2837,38.25,29.75,32.3,35.7,34.0,27.2,25.5
2838,41.51,32.28,35.05,38.74,36.89,29.52,27.67
2839,45.0,35.0,38.0,42.0,40.0,32.0,30.0
2840,48.49,37.72,40.95,45.26,43.11,34.48,32.33
2841,51.75,40.25,43.7,48.3,46.0,36.8,34.5
2842,54.55,42.42,46.06,50.91,48.49,38.79,36.36
2843,56.69,44.09,47.87,52.91,50.39,40.31,37.79
2844,58.04,45.14,49.01,54.17,51.59,41.27,38.69
2845,58.5,45.5,49.4,54.6,52.0,41.6,39.0
2846,58.04,45.14,49.01,54.17,51.59,41.27,38.69
2847,56.69,44.09,47.87,52.91,50.39,40.31,37.79
2848,54.55,42.42,46.06,50.91,48.49,38.79,36.36
2849,51.75,40.25,43.7,48.3,46.0,36.8,34.5
2850,48.49,37.72,40.95,45.26,43.11,34.48,32.33
2851,45.0,35.0,38.0,42.0,40.0,32.0,30.0
2852,41.51,32.28,35.05,38.74,36.89,29.52,27.67
2853,38.25,29.75,32.3,35.7,34.0,27.2,25.5
2854,35.45,27.58,29.94,33.09,31.51,25.21,23.64
2855,33.31,25.91,28.13,31.09,29.61,23.69,22.21
2856,31.96,24.86,26.99,29.83,28.41,22.73,21.31
2857,31.5,24.5,26.6,29.4,28.0,22.4,21.0
2858,31.96,24.86,26.99,29.83,28.41,22.73,21.31
2859,33.31,25.91,28.13,31.09,29.61,23.69,22.21
2860,35.45,27.58,29.94,33.09,31.51,25.21,23.64
2861,38.25,29.75,32.3,35.7,34.0,27.2,25.5
2862,41.51,32.28,35.05,38.74,36.89,29.52,27.67
2863,45.0,35.0,38.0,42.0,40.0,32.0,30.0
2864,48.49,37.72,40.95,45.26,43.11,34.48,32.33
2865,51.75,40.25,43.7,48.3,46.0,36.8,34.5
2866,54.55,42.42,46.06,50.91,48.49,38.79,36.36
2867,56.69,44.09,47.87,52.91,50.39,40.31,37.79
2868,58.04,45.14,49.01,54.17,51.59,41.27,38.69
2869,58.5,45.5,49.4,54.6,52.0,41.6,39.0
2870,58.04,45.14,49.01,54.17,51.59,41.27,38.69
2871,56.69,44.09,47.87,52.91,50.39,40.31,37.79
2872,54.55,42.42,46.06,50.91,48.49,38.79,36.36
2873,51.75,40.25,43.7,48.3,46.0,36.8,34.5
2874,48.49,37.72,40.95,45.26,43.11,34.48,32.33
2875,45.0,35.0,38.0,42.0,40.0,32.0,30.0
2876,41.51,32.28,35.05,38.74,36.89,29.52,27.67
2877,38.25,29.75,32.3,35.7,34.0,27.2,25.5
2878,35.45,27.58,29.94,33.09,31.51,25.21,23.64
2879,33.31,25.91,28.13,31.09,29.61,23.69,22.21
2880,31.96,24.86,26.99,29.83,28.41,22.73,21.31
2881,31.5,24.5,26.6,29.4,28.0,22.4,21.0
2882,31.96,24.86,26.99,29.83,28.41,22.73,21.31
2883,33.31,25.91,28.13,31.09,29.61,23.69,22.21
2884,35.45,27.58,29.94,33.09,31.51,25.21,23.64
2885,38.25,29.75,32.3,35.7,34.0,27.2,25.5
2886,41.51,32.28,35.05,38.74,36.89,29.52,27.67
2887,45.0,35.0,38.0,42.0,40.0,32.0,30.0
2888,48.49,37.72,40.95,45.26,43.11,34.48,32.33
2889,51.75,40.25,43.7,48.3,46.0,36.8,34.5
2890,54.55,42.42,46.06,50.91,48.49,38.79,36.36
2891,56.69,44.09,47.87,52.91,50.39,40.31,37.79
2892,58.04,45.14,49.01,54.17,51.59,41.27,38.69
2893,58.5,45.5,49.4,54.6,52.0,41.6,39.0
2894,58.04,45.14,49.01,54.17,51.59,41.27,38.69
2895,56.69,44.09,47.87,52.91,50.39,40.31,37.79
2896,54.55,42.42,46.06,50.91,48.49,38.79,36.36
2897,51.75,40.25,43.7,48.3,46.0,36.8,34.5
2898,48.49,37.72,40.95,45.26,43.11,34.48,32.33
2899,45.0,35.0,38.0,42.0,40.0,32.0,30.0
2900,41.51,32.28,35.05,38.74,36.89,29.52,27.67
2901,38.25,29.75,32.3,35.7,34.0,27.2,25.5
2902,35.45,27.58,29.94,33.09,31.51,25.21,23.64
2903,33.31,25.91,28.13,31.09,29.61,23.69,22.21
2904,31.96,24.86,26.99,29.83,28.41,22.73,21.31
2905,31.5,24.5,26.6,29.4,28.0,22.4,21.0
2906,31.96,24.86,26.99,29.83,28.41,22.73,21.31
2907,33.31,25.91,28.13,31.09,29.61,23.69,22.21
2908,35.45,27.58,29.94,33.09,31.51,25.21,23.64
2909,38.25,29.75,32.3,35.7,34.0,27.2,25.5
2910,41.51,32.28,35.05,38.74,36.89,29.52,27.67
2911,45.0,35.0,38.0,42.0,40.0,32.0,30.0
2912,48.49,37.72,40.95,45.26,43.11,34.48,32.33
2913,51.75,40.25,43.7,48.3,46.0,36.8,34.5
2914,54.55,42.42,46.06,50.91,48.49,38.79,36.36
2915,56.69,44.09,47.87,52.91,50.39,40.31,37.79
2916,58.04,45.14,49.01,54.17,51.59,41.27,38.69
2917,58.5,45.5,49.4,54.6,52.0,41.6,39.0
2918,58.04,45.14,49.01,54.17,51.59,41.27,38.69
2919,56.69,44.09,47.87,52.91,50.39,40.31,37.79
2920,54.55,42.42,46.06,50.91,48.49,38.79,36.36
2921,51.75,40.25,43.7,48.3,46.0,36.8,34.5
2922,48.49,37.72,40.95,45.26,43.11,34.48,32.33
2923,45.0,35.0,38.0,42.0,40.0,32.0,30.0
2924,41.51,32.28,35.05,38.74,36.89,29.52,27.67
2925,38.25,29.75,32.3,35.7,34.0,27.2,25.5
2926,35.45,27.58,29.94,33.09,31.51,25.21,23.64
2927,33.31,25.91,28.13,31.09,29.61,23.69,22.21
2928,31.96,24.86,26.99,29.83,28.41,22.73,21.31
2929,31.5,24.5,26.6,29.4,28.0,22.4,21.0
2930,31.96,24.86,26.99,29.83,28.41,22.73,21.31
2931,33.31,25.91,28.13,31.09,29.61,23.69,22.21
2932,35.45,27.58,29.94,33.09,31.51,25.21,23.64
2933,38.25,29.75,32.3,35.7,34.0,27.2,25.5
2934,41.51,32.28,35.05,38.74,36.89,29.52,27.67
2935,45.0,35.0,38.0,42.0,40.0,32.0,30.0
2936,48.49,37.72,40.95,45.26,43.11,34.48,32.33
2937,51.75,40.25,43.7,48.3,46.0,36.8,34.5
2938,54.55,42.42,46.06,50.91,48.49,38.79,36.36
2939,56.69,44.09,47.87,52.91,50.39,40.31,37.79
2940,58.04,45.14,49.01,54.17,51.59,41.27,38.69
2941,58.5,45.5,49.4,54.6,52.0,41.6,39.0
2942,58.04,45.14,49.01,54.17,51.59,41.27,38.69
2943,56.69,44.09,47.87,52.91,50.39,40.31,37.79
2944,54.55,42.42,46.06,50.91,48.49,38.79,36.36
2945,51.75,40.25,43.7,48.3,46.0,36.8,34.5
2946,48.49,37.72,40.95,45.26,43.11,34.48,32.33
2947,45.0,35.0,38.0,42.0,40.0,32.0,30.0
2948,41.51,32.28,35.05,38.74,36.89,29.52,27.67
2949,38.25,29.75,32.3,35.7,34.0,27.2,25.5
2950,35.45,27.58,29.94,33.09,31.51,25.21,23.64
2951,33.31,25.91,28.13,31.09,29.61,23.69,22.21
2952,31.96,24.86,26.99,29.83,28.41,22.73,21.31
2953,31.5,24.5,26.6,29.4,28.0,22.4,21.0
2954,31.96,24.86,26.99,29.83,28.41,22.73,21.31
2955,33.31,25.91,28.13,31.09,29.61,23.69,22.21
2956,35.45,27.58,29.94,33.09,31.51,25.21,23.64
2957,38.25,29.75,32.3,35.7,34.0,27.2,25.5
2958,41.51,32.28,35.05,38.74,36.89,29.52,27.67
2959,45.0,35.0,38.0,42.0,40.0,32.0,30.0
2960,48.49,37.72,40.95,45.26,43.11,34.48,32.33
2961,51.75,40.25,43.7,48.3,46.0,36.8,34.5
2962,54.55,42.42,46.06,50.91,48.49,38.79,36.36
2963,56.69,44.09,47.87,52.91,50.39,40.31,37.79
2964,58.04,45.14,49.01,54.17,51.59,41.27,38.69
2965,58.5,45.5,49.4,54.6,52.0,41.6,39.0
2966,58.04,45.14,49.01,54.17,51.59,41.27,38.69
2967,56.69,44.09,47.87,52.91,50.39,40.31,37.79
2968,54.55,42.42,46.06,50.91,48.49,38.79,36.36
2969,51.75,40.25,43.7,48.3,46.0,36.8,34.5
2970,48.49,37.72,40.95,45.26,43.11,34.48,32.33
2971,45.0,35.0,38.0,42.0,40.0,32.0,30.0
2972,41.51,32.28,35.05,38.74,36.89,29.52,27.67
2973,38.25,29.75,32.3,35.7,34.0,27.2,25.5
2974,35.45,27.58,29.94,33.09,31.51,25.21,23.64
2975,33.31,25.91,28.13,31.09,29.61,23.69,22.21
2976,31.96,24.86,26.99,29.83,28.41,22.73,21.31
2977,31.5,24.5,26.6,29.4,28.0,22.4,21.0
2978,31.96,24.86,26.99,29.83,28.41,22.73,21.31
2979,33.31,25.91,28.13,31.09,29.61,23.69,22.21
2980,35.45,27.58,29.94,33.09,31.51,25.21,23.64
2981,38.25,29.75,32.3,35.7,34.0,27.2,25.5
2982,41.51,32.28,35.05,38.74,36.89,29.52,27.67
2983,45.0,35.0,38.0,42.0,40.0,32.0,30.0
2984,48.49,37.72,40.95,45.26,43.11,34.48,32.33
2985,51.75,40.25,43.7,48.3,46.0,36.8,34.5
2986,54.55,42.42,46.06,50.91,48.49,38.79,36.36
2987,56.69,44.09,47.87,52.91,50.39,40.31,37.79
2988,58.04,45.14,49.01,54.17,51.59,41.27,38.69
2989,58.5,45.5,49.4,54.6,52.0,41.6,39.0
2990,58.04,45.14,49.01,54.17,51.59,41.27,38.69
2991,56.69,44.09,47.87,52.91,50.39,40.31,37.79
2992,54.55,42.42,46.06,50.91,48.49,38.79,36.36
2993,51.75,40.25,43.7,48.3,46.0,36.8,34.5
2994,48.49,37.72,40.95,45.26,43.11,34.48,32.33
2995,45.0,35.0,38.0,42.0,40.0,32.0,30.0
2996,41.51,32.28,35.05,38.74,36.89,29.52,27.67
2997,38.25,29.75,32.3,35.7,34.0,27.2,25.5
2998,35.45,27.58,29.94,33.09,31.51,25.21,23.64
2999,33.31,25.91,28.13,31.09,29.61,23.69,22.21
3000,31.96,24.86,26.99,29.83,28.41,22.73,21.31
3001,31.5,24.5,26.6,29.4,28.0,22.4,21.0
3002,31.96,24.86,26.99,29.83,28.41,22.73,21.31
3003,33.31,25.91,28.13,31.09,29.61,23.69,22.21
3004,35.45,27.58,29.94,33.09,31.51,25.21,23.64
3005,38.25,29.75,32.3,35.7,34.0,27.2,25.5
3006,41.51,32.28,35.05,38.74,36.89,29.52,27.67
3007,45.0,35.0,38.0,42.0,40.0,32.0,30.0
3008,48.49,37.72,40.95,45.26,43.11,34.48,32.33
3009,51.75,40.25,43.7,48.3,46.0,36.8,34.5
3010,54.55,42.42,46.06,50.91,48.49,38.79,36.36
3011,56.69,44.09,47.87,52.91,50.39,40.31,37.79
3012,58.04,45.14,49.01,54.17,51.59,41.27,38.69
3013,58.5,45.5,49.4,54.6,52.0,41.6,39.0
3014,58.04,45.14,49.01,54.17,51.59,41.27,38.69
3015,56.69,44.09,47.87,52.91,50.39,40.31,37.79
3016,54.55,42.42,46.06,50.91,48.49,38.79,36.36
3017,51.75,40.25,43.7,48.3,46.0,36.8,34.5
3018,48.49,37.72,40.95,45.26,43.11,34.48,32.33
3019,45.0,35.0,38.0,42.0,40.0,32.0,30.0
3020,41.51,32.28,35.05,38.74,36.89,29.52,27.67
3021,38.25,29.75,32.3,35.7,34.0,27.2,25.5
3022,35.45,27.58,29.94,33.09,31.51,25.21,23.64
3023,33.31,25.91,28.13,31.09,29.61,23.69,22.21
3024,31.96,24.86,26.99,29.83,28.41,22.73,21.31
3025,31.5,24.5,26.6,29.4,28.0,22.4,21.0
3026,31.96,24.86,26.99,29.83,28.41,22.73,21.31
3027,33.31,25.91,28.13,31.09,29.61,23.69,22.21
3028,35.45,27.58,29.94,33.09,31.51,25.21,23.64
3029,38.25,29.75,32.3,35.7,34.0,27.2,25.5
3030,41.51,32.28,35.05,38.74,36.89,29.52,27.67
3031,45.0,35.0,38.0,42.0,40.0,32.0,30.0
3032,48.49,37.72,40.95,45.26,43.11,34.48,32.33
3033,51.75,40.25,43.7,48.3,46.0,36.8,34.5
3034,54.55,42.42,46.06,50.91,48.49,38.79,36.36
3035,56.69,44.09,47.87,52.91,50.39,40.31,37.79
3036,58.04,45.14,49.01,54.17,51.59,41.27,38.69
3037,58.5,45.5,49.4,54.6,52.0,41.6,39.0
3038,58.04,45.14,49.01,54.17,51.59,41.27,38.69
3039,56.69,44.09,47.87,52.91,50.39,40.31,37.79
3040,54.55,42.42,46.06,50.91,48.49,38.79,36.36
3041,51.75,40.25,43.7,48.3,46.0,36.8,34.5
3042,48.49,37.72,40.95,45.26,43.11,34.48,32.33
3043,45.0,35.0,38.0,42.0,40.0,32.0,30.0
3044,41.51,32.28,35.05,38.74,36.89,29.52,27.67
3045,38.25,29.75,32.3,35.7,34.0,27.2,25.5
3046,35.45,27.58,29.94,33.09,31.51,25.21,23.64
3047,33.31,25.91,28.13,31.09,29.61,23.69,22.21
3048,31.96,24.86,26.99,29.83,28.41,22.73,21.31
3049,31.5,24.5,26.6,29.4,28.0,22.4,21.0
3050,31.96,24.86,26.99,29.83,28.41,22.73,21.31
3051,33.31,25.91,28.13,31.09,29.61,23.69,22.21
3052,35.45,27.58,29.94,33.09,31.51,25.21,23.64
3053,38.25,29.75,32.3,35.7,34.0,27.2,25.5
3054,41.51,32.28,35.05,38.74,36.89,29.52,27.67
3055,45.0,35.0,38.0,42.0,40.0,32.0,30.0
3056,48.49,37.72,40.95,45.26,43.11,34.48,32.33
3057,51.75,40.25,43.7,48.3,46.0,36.8,34.5
3058,54.55,42.42,46.06,50.91,48.49,38.79,36.36
3059,56.69,44.09,47.87,52.91,50.39,40.31,37.79
3060,58.04,45.14,49.01,54.17,51.59,41.27,38.69
3061,58.5,45.5,49.4,54.6,52.0,41.6,39.0
3062,58.04,45.14,49.01,54.17,51.59,41.27,38.69
3063,56.69,44.09,47.87,52.91,50.39,40.31,37.79
3064,54.55,42.42,46.06,50.91,48.49,38.79,36.36
3065,51.75,40.25,43.7,48.3,46.0,36.8,34.5
3066,48.49,37.72,40.95,45.26,43.11,34.48,32.33
3067,45.0,35.0,38.0,42.0,40.0,32.0,30.0
3068,41.51,32.28,35.05,38.74,36.89,29.52,27.67
3069,38.25,29.75,32.3,35.7,34.0,27.2,25.5
3070,35.45,27.58,29.94,33.09,31.51,25.21,23.64
3071,33.31,25.91,28.13,31.09,29.61,23.69,22.21
3072,31.96,24.86,26.99,29.83,28.41,22.73,21.31
3073,31.5,24.5,26.6,29.4,28.0,22.4,21.0
3074,31.96,24.86,26.99,29.83,28.41,22.73,21.31
3075,33.31,25.91,28.13,31.09,29.61,23.69,22.21
3076,35.45,27.58,29.94,33.09,31.51,25.21,23.64
3077,38.25,29.75,32.3,35.7,34.0,27.2,25.5
3078,41.51,32.28,35.05,38.74,36.89,29.52,27.67
3079,45.0,35.0,38.0,42.0,40.0,32.0,30.0
3080,48.49,37.72,40.95,45.26,43.11,34.48,32.33
3081,51.75,40.25,43.7,48.3,46.0,36.8,34.5
3082,54.55,42.42,46.06,50.91,48.49,38.79,36.36
3083,56.69,44.09,47.87,52.91,50.39,40.31,37.79
3084,58.04,45.14,49.01,54.17,51.59,41.27,38.69
3085,58.5,45.5,49.4,54.6,52.0,41.6,39.0
3086,58.04,45.14,49.01,54.17,51.59,41.27,38.69
3087,56.69,44.09,47.87,52.91,50.39,40.31,37.79
3088,54.55,42.42,46.06,50.91,48.49,38.79,36.36
3089,51.75,40.25,43.7,48.3,46.0,36.8,34.5
3090,48.49,37.72,40.95,45.26,43.11,34.48,32.33
3091,45.0,35.0,38.0,42.0,40.0,32.0,30.0
3092,41.51,32.28,35.05,38.74,36.89,29.52,27.67
3093,38.25,29.75,32.3,35.7,34.0,27.2,25.5
3094,35.45,27.58,29.94,33.09,31.51,25.21,23.64
3095,33.31,25.91,28.13,31.09,29.61,23.69,22.21
3096,31.96,24.86,26.99,29.83,28.41,22.73,21.31
3097,31.5,24.5,26.6,29.4,28.0,22.4,21.0
3098,31.96,24.86,26.99,29.83,28.41,22.73,21.31
3099,33.31,25.91,28.13,31.09,29.61,23.69,22.21
3100,35.45,27.58,29.94,33.09,31.51,25.21,23.64
3101,38.25,29.75,32.3,35.7,34.0,27.2,25.5
3102,41.51,32.28,35.05,38.74,36.89,29.52,27.67
3103,45.0,35.0,38.0,42.0,40.0,32.0,30.0
3104,48.49,37.72,40.95,45.26,43.11,34.48,32.33
3105,51.75,40.25,43.7,48.3,46.0,36.8,34.5
3106,54.55,42.42,46.06,50.91,48.49,38.79,36.36
3107,56.69,44.09,47.87,52.91,50.39,40.31,37.79
3108,58.04,45.14,49.01,54.17,51.59,41.27,38.69
3109,58.5,45.5,49.4,54.6,52.0,41.6,39.0
3110,58.04,45.14,49.01,54.17,51.59,41.27,38.69
3111,56.69,44.09,47.87,52.91,50.39,40.31,37.79
3112,54.55,42.42,46.06,50.91,48.49,38.79,36.36
3113,51.75,40.25,43.7,48.3,46.0,36.8,34.5
3114,48.49,37.72,40.95,45.26,43.11,34.48,32.33
3115,45.0,35.0,38.0,42.0,40.0,32.0,30.0
3116,41.51,32.28,35.05,38.74,36.89,29.52,27.67
3117,38.25,29.75,32.3,35.7,34.0,27.2,25.5
3118,35.45,27.58,29.94,33.09,31.51,25.21,23.64
3119,33.31,25.91,28.13,31.09,29.61,23.69,22.21
3120,31.96,24.86,26.99,29.83,28.41,22.73,21.31
3121,31.5,24.5,26.6,29.4,28.0,22.4,21.0
3122,31.96,24.86,26.99,29.83,28.41,22.73,21.31
3123,33.31,25.91,28.13,31.09,29.61,23.69,22.21
3124,35.45,27.58,29.94,33.09,31.51,25.21,23.64
3125,38.25,29.75,32.3,35.7,34.0,27.2,25.5
3126,41.51,32.28,35.05,38.74,36.89,29.52,27.67
3127,45.0,35.0,38.0,42.0,40.0,32.0,30.0
3128,48.49,37.72,40.95,45.26,43.11,34.48,32.33
3129,51.75,40.25,43.7,48.3,46.0,36.8,34.5
3130,54.55,42.42,46.06,50.91,48.49,38.79,36.36
3131,56.69,44.09,47.87,52.91,50.39,40.31,37.79
3132,58.04,45.14,49.01,54.17,51.59,41.27,38.69
3133,58.5,45.5,49.4,54.6,52.0,41.6,39.0
3134,58.04,45.14,49.01,54.17,51.59,41.27,38.69
3135,56.69,44.09,47.87,52.91,50.39,40.31,37.79
3136,54.55,42.42,46.06,50.91,48.49,38.79,36.36
3137,51.75,40.25,43.7,48.3,46.0,36.8,34.5
3138,48.49,37.72,40.95,45.26,43.11,34.48,32.33
3139,45.0,35.0,38.0,42.0,40.0,32.0,30.0
3140,41.51,32.28,35.05,38.74,36.89,29.52,27.67
3141,38.25,29.75,32.3,35.7,34.0,27.2,25.5
3142,35.45,27.58,29.94,33.09,31.51,25.21,23.64
3143,33.31,25.91,28.13,31.09,29.61,23.69,22.21
3144,31.96,24.86,26.99,29.83,28.41,22.73,21.31
3145,31.5,24.5,26.6,29.4,28.0,22.4,21.0
3146,31.96,24.86,26.99,29.83,28.41,22.73,21.31
3147,33.31,25.91,28.13,31.09,29.61,23.69,22.21
3148,35.45,27.58,29.94,33.09,31.51,25.21,23.64
3149,38.25,29.75,32.3,35.7,34.0,27.2,25.5
3150,41.51,32.28,35.05,38.74,36.89,29.52,27.67
3151,45.0,35.0,38.0,42.0,40.0,32.0,30.0
3152,48.49,37.72,40.95,45.26,43.11,34.48,32.33
3153,51.75,40.25,43.7,48.3,46.0,36.8,34.5
3154,54.55,42.42,46.06,50.91,48.49,38.79,36.36
3155,56.69,44.09,47.87,52.91,50.39,40.31,37.79
3156,58.04,45.14,49.01,54.17,51.59,41.27,38.69
3157,58.5,45.5,49.4,54.6,52.0,41.6,39.0
3158,58.04,45.14,49.01,54.17,51.59,41.27,38.69
3159,56.69,44.09,47.87,52.91,50.39,40.31,37.79
3160,54.55,42.42,46.06,50.91,48.49,38.79,36.36
3161,51.75,40.25,43.7,48.3,46.0,36.8,34.5
3162,48.49,37.72,40.95,45.26,43.11,34.48,32.33
3163,45.0,35.0,38.0,42.0,40.0,32.0,30.0
3164,41.51,32.28,35.05,38.74,36.89,29.52,27.67
3165,38.25,29.75,32.3,35.7,34.0,27.2,25.5
3166,35.45,27.58,29.94,33.09,31.51,25.21,23.64
3167,33.31,25.91,28.13,31.09,29.61,23.69,22.21
3168,31.96,24.86,26.99,29.83,28.41,22.73,21.31
3169,31.5,24.5,26.6,29.4,28.0,22.4,21.0
3170,31.96,24.86,26.99,29.83,28.41,22.73,21.31
3171,33.31,25.91,28.13,31.09,29.61,23.69,22.21
3172,35.45,27.58,29.94,33.09,31.51,25.21,23.64
3173,38.25,29.75,32.3,35.7,34.0,27.2,25.5
3174,41.51,32.28,35.05,38.74,36.89,29.52,27.67
3175,45.0,35.0,38.0,42.0,40.0,32.0,30.0
3176,48.49,37.72,40.95,45.26,43.11,34.48,32.33
3177,51.75,40.25,43.7,48.3,46.0,36.8,34.5
3178,54.55,42.42,46.06,50.91,48.49,38.79,36.36
3179,56.69,44.09,47.87,52.91,50.39,40.31,37.79
3180,58.04,45.14,49.01,54.17,51.59,41.27,38.69
3181,58.5,45.5,49.4,54.6,52.0,41.6,39.0
3182,58.04,45.14,49.01,54.17,51.59,41.27,38.69
3183,56.69,44.09,47.87,52.91,50.39,40.31,37.79
3184,54.55,42.42,46.06,50.91,48.49,38.79,36.36
3185,51.75,40.25,43.7,48.3,46.0,36.8,34.5
3186,48.49,37.72,40.95,45.26,43.11,34.48,32.33
3187,45.0,35.0,38.0,42.0,40.0,32.0,30.0
3188,41.51,32.28,35.05,38.74,36.89,29.52,27.67
3189,38.25,29.75,32.3,35.7,34.0,27.2,25.5
3190,35.45,27.58,29.94,33.09,31.51,25.21,23.64
3191,33.31,25.91,28.13,31.09,29.61,23.69,22.21
3192,31.96,24.86,26.99,29.83,28.41,22.73,21.31
3193,31.5,24.5,26.6,29.4,28.0,22.4,21.0
3194,31.96,24.86,26.99,29.83,28.41,22.73,21.31
3195,33.31,25.91,28.13,31.09,29.61,23.69,22.21
3196,35.45,27.58,29.94,33.09,31.51,25.21,23.64
3197,38.25,29.75,32.3,35.7,34.0,27.2,25.5
3198,41.51,32.28,35.05,38.74,36.89,29.52,27.67
3199,45.0,35.0,38.0,42.0,40.0,32.0,30.0
3200,48.49,37.72,40.95,45.26,43.11,34.48,32.33
3201,51.75,40.25,43.7,48.3,46.0,36.8,34.5
3202,54.55,42.42,46.06,50.91,48.49,38.79,36.36
3203,56.69,44.09,47.87,52.91,50.39,40.31,37.79
3204,58.04,45.14,49.01,54.17,51.59,41.27,38.69
3205,58.5,45.5,49.4,54.6,52.0,41.6,39.0
3206,58.04,45.14,49.01,54.17,51.59,41.27,38.69
3207,56.69,44.09,47.87,52.91,50.39,40.31,37.79
3208,54.55,42.42,46.06,50.91,48.49,38.79,36.36
3209,51.75,40.25,43.7,48.3,46.0,36.8,34.5
3210,48.49,37.72,40.95,45.26,43.11,34.48,32.33
3211,45.0,35.0,38.0,42.0,40.0,32.0,30.0
3212,41.51,32.28,35.05,38.74,36.89,29.52,27.67
3213,38.25,29.75,32.3,35.7,34.0,27.2,25.5
3214,35.45,27.58,29.94,33.09,31.51,25.21,23.64
3215,33.31,25.91,28.13,31.09,29.61,23.69,22.21
3216,31.96,24.86,26.99,29.83,28.41,22.73,21.31
3217,31.5,24.5,26.6,29.4,28.0,22.4,21.0
3218,31.96,24.86,26.99,29.83,28.41,22.73,21.31
3219,33.31,25.91,28.13,31.09,29.61,23.69,22.21
3220,35.45,27.58,29.94,33.09,31.51,25.21,23.64
3221,38.25,29.75,32.3,35.7,34.0,27.2,25.5
3222,41.51,32.28,35.05,38.74,36.89,29.52,27.67
3223,45.0,35.0,38.0,42.0,40.0,32.0,30.0
3224,48.49,37.72,40.95,45.26,43.11,34.48,32.33
3225,51.75,40.25,43.7,48.3,46.0,36.8,34.5
3226,54.55,42.42,46.06,50.91,48.49,38.79,36.36
3227,56.69,44.09,47.87,52.91,50.39,40.31,37.79
3228,58.04,45.14,49.01,54.17,51.59,41.27,38.69
3229,58.5,45.5,49.4,54.6,52.0,41.6,39.0
3230,58.04,45.14,49.01,54.17,51.59,41.27,38.69
3231,56.69,44.09,47.87,52.91,50.39,40.31,37.79
3232,54.55,42.42,46.06,50.91,48.49,38.79,36.36
3233,51.75,40.25,43.7,48.3,46.0,36.8,34.5
3234,48.49,37.72,40.95,45.26,43.11,34.48,32.33
3235,45.0,35.0,38.0,42.0,40.0,32.0,30.0
3236,41.51,32.28,35.05,38.74,36.89,29.52,27.67
3237,38.25,29.75,32.3,35.7,34.0,27.2,25.5
3238,35.45,27.58,29.94,33.09,31.51,25.21,23.64
3239,33.31,25.91,28.13,31.09,29.61,23.69,22.21
3240,31.96,24.86,26.99,29.83,28.41,22.73,21.31
3241,31.5,24.5,26.6,29.4,28.0,22.4,21.0
3242,31.96,24.86,26.99,29.83,28.41,22.73,21.31
3243,33.31,25.91,28.13,31.09,29.61,23.69,22.21
3244,35.45,27.58,29.94,33.09,31.51,25.21,23.64
3245,38.25,29.75,32.3,35.7,34.0,27.2,25.5
3246,41.51,32.28,35.05,38.74,36.89,29.52,27.67
3247,45.0,35.0,38.0,42.0,40.0,32.0,30.0
3248,48.49,37.72,40.95,45.26,43.11,34.48,32.33
3249,51.75,40.25,43.7,48.3,46.0,36.8,34.5
3250,54.55,42.42,46.06,50.91,48.49,38.79,36.36
3251,56.69,44.09,47.87,52.91,50.39,40.31,37.79
3252,58.04,45.14,49.01,54.17,51.59,41.27,38.69
3253,58.5,45.5,49.4,54.6,52.0,41.6,39.0
3254,58.04,45.14,49.01,54.17,51.59,41.27,38.69
3255,56.69,44.09,47.87,52.91,50.39,40.31,37.79
3256,54.55,42.42,46.06,50.91,48.49,38.79,36.36
3257,51.75,40.25,43.7,48.3,46.0,36.8,34.5
3258,48.49,37.72,40.95,45.26,43.11,34.48,32.33
3259,45.0,35.0,38.0,42.0,40.0,32.0,30.0
3260,41.51,32.28,35.05,38.74,36.89,29.52,27.67
3261,38.25,29.75,32.3,35.7,34.0,27.2,25.5
3262,35.45,27.58,29.94,33.09,31.51,25.21,23.64
3263,33.31,25.91,28.13,31.09,29.61,23.69,22.21
3264,31.96,24.86,26.99,29.83,28.41,22.73,21.31
3265,31.5,24.5,26.6,29.4,28.0,22.4,21.0
3266,31.96,24.86,26.99,29.83,28.41,22.73,21.31
3267,33.31,25.91,28.13,31.09,29.61,23.69,22.21
3268,35.45,27.58,29.94,33.09,31.51,25.21,23.64
3269,38.25,29.75,32.3,35.7,34.0,27.2,25.5
3270,41.51,32.28,35.05,38.74,36.89,29.52,27.67
3271,45.0,35.0,38.0,42.0,40.0,32.0,30.0
3272,48.49,37.72,40.95,45.26,43.11,34.48,32.33
3273,51.75,40.25,43.7,48.3,46.0,36.8,34.5
3274,54.55,42.42,46.06,50.91,48.49,38.79,36.36
3275,56.69,44.09,47.87,52.91,50.39,40.31,37.79
3276,58.04,45.14,49.01,54.17,51.59,41.27,38.69
3277,58.5,45.5,49.4,54.6,52.0,41.6,39.0
3278,58.04,45.14,49.01,54.17,51.59,41.27,38.69
3279,56.69,44.09,47.87,52.91,50.39,40.31,37.79
3280,54.55,42.42,46.06,50.91,48.49,38.79,36.36
3281,51.75,40.25,43.7,48.3,46.0,36.8,34.5
3282,48.49,37.72,40.95,45.26,43.11,34.48,32.33
3283,45.0,35.0,38.0,42.0,40.0,32.0,30.0
3284,41.51,32.28,35.05,38.74,36.89,29.52,27.67
3285,38.25,29.75,32.3,35.7,34.0,27.2,25.5
3286,35.45,27.58,29.94,33.09,31.51,25.21,23.64
3287,33.31,25.91,28.13,31.09,29.61,23.69,22.21
3288,31.96,24.86,26.99,29.83,28.41,22.73,21.31
3289,31.5,24.5,26.6,29.4,28.0,22.4,21.0
3290,31.96,24.86,26.99,29.83,28.41,22.73,21.31
3291,33.31,25.91,28.13,31.09,29.61,23.69,22.21
3292,35.45,27.58,29.94,33.09,31.51,25.21,23.64
3293,38.25,29.75,32.3,35.7,34.0,27.2,25.5
3294,41.51,32.28,35.05,38.74,36.89,29.52,27.67
3295,45.0,35.0,38.0,42.0,40.0,32.0,30.0
3296,48.49,37.72,40.95,45.26,43.11,34.48,32.33
3297,51.75,40.25,43.7,48.3,46.0,36.8,34.5
3298,54.55,42.42,46.06,50.91,48.49,38.79,36.36
3299,56.69,44.09,47.87,52.91,50.39,40.31,37.79
3300,58.04,45.14,49.01,54.17,51.59,41.27,38.69
3301,58.5,45.5,49.4,54.6,52.0,41.6,39.0
3302,58.04,45.14,49.01,54.17,51.59,41.27,38.69
3303,56.69,44.09,47.87,52.91,50.39,40.31,37.79
3304,54.55,42.42,46.06,50.91,48.49,38.79,36.36
3305,51.75,40.25,43.7,48.3,46.0,36.8,34.5
3306,48.49,37.72,40.95,45.26,43.11,34.48,32.33
3307,45.0,35.0,38.0,42.0,40.0,32.0,30.0
3308,41.51,32.28,35.05,38.74,36.89,29.52,27.67
3309,38.25,29.75,32.3,35.7,34.0,27.2,25.5
3310,35.45,27.58,29.94,33.09,31.51,25.21,23.64
3311,33.31,25.91,28.13,31.09,29.61,23.69,22.21
3312,31.96,24.86,26.99,29.83,28.41,22.73,21.31
3313,31.5,24.5,26.6,29.4,28.0,22.4,21.0
3314,31.96,24.86,26.99,29.83,28.41,22.73,21.31
3315,33.31,25.91,28.13,31.09,29.61,23.69,22.21
3316,35.45,27.58,29.94,33.09,31.51,25.21,23.64
3317,38.25,29.75,32.3,35.7,34.0,27.2,25.5
3318,41.51,32.28,35.05,38.74,36.89,29.52,27.67
3319,45.0,35.0,38.0,42.0,40.0,32.0,30.0
3320,48.49,37.72,40.95,45.26,43.11,34.48,32.33
3321,51.75,40.25,43.7,48.3,46.0,36.8,34.5
3322,54.55,42.42,46.06,50.91,48.49,38.79,36.36
3323,56.69,44.09,47.87,52.91,50.39,40.31,37.79
3324,58.04,45.14,49.01,54.17,51.59,41.27,38.69
3325,58.5,45.5,49.4,54.6,52.0,41.6,39.0
3326,58.04,45.14,49.01,54.17,51.59,41.27,38.69
3327,56.69,44.09,47.87,52.91,50.39,40.31,37.79
3328,54.55,42.42,46.06,50.91,48.49,38.79,36.36
3329,51.75,40.25,43.7,48.3,46.0,36.8,34.5
3330,48.49,37.72,40.95,45.26,43.11,34.48,32.33
3331,45.0,35.0,38.0,42.0,40.0,32.0,30.0
3332,41.51,32.28,35.05,38.74,36.89,29.52,27.67
3333,38.25,29.75,32.3,35.7,34.0,27.2,25.5
3334,35.45,27.58,29.94,33.09,31.51,25.21,23.64
3335,33.31,25.91,28.13,31.09,29.61,23.69,22.21
3336,31.96,24.86,26.99,29.83,28.41,22.73,21.31
3337,31.5,24.5,26.6,29.4,28.0,22.4,21.0
3338,31.96,24.86,26.99,29.83,28.41,22.73,21.31
3339,33.31,25.91,28.13,31.09,29.61,23.69,22.21
3340,35.45,27.58,29.94,33.09,31.51,25.21,23.64
3341,38.25,29.75,32.3,35.7,34.0,27.2,25.5
3342,41.51,32.28,35.05,38.74,36.89,29.52,27.67
3343,45.0,35.0,38.0,42.0,40.0,32.0,30.0
3344,48.49,37.72,40.95,45.26,43.11,34.48,32.33
3345,51.75,40.25,43.7,48.3,46.0,36.8,34.5
3346,54.55,42.42,46.06,50.91,48.49,38.79,36.36
3347,56.69,44.09,47.87,52.91,50.39,40.31,37.79
3348,58.04,45.14,49.01,54.17,51.59,41.27,38.69
3349,58.5,45.5,49.4,54.6,52.0,41.6,39.0
3350,58.04,45.14,49.01,54.17,51.59,41.27,38.69
3351,56.69,44.09,47.87,52.91,50.39,40.31,37.79
3352,54.55,42.42,46.06,50.91,48.49,38.79,36.36
3353,51.75,40.25,43.7,48.3,46.0,36.8,34.5
3354,48.49,37.72,40.95,45.26,43.11,34.48,32.33
3355,45.0,35.0,38.0,42.0,40.0,32.0,30.0
3356,41.51,32.28,35.05,38.74,36.89,29.52,27.67
3357,38.25,29.75,32.3,35.7,34.0,27.2,25.5
3358,35.45,27.58,29.94,33.09,31.51,25.21,23.64
3359,33.31,25.91,28.13,31.09,29.61,23.69,22.21
3360,31.96,24.86,26.99,29.83,28.41,22.73,21.31
3361,31.5,24.5,26.6,29.4,28.0,22.4,21.0
3362,31.96,24.86,26.99,29.83,28.41,22.73,21.31
3363,33.31,25.91,28.13,31.09,29.61,23.69,22.21
3364,35.45,27.58,29.94,33.09,31.51,25.21,23.64
3365,38.25,29.75,32.3,35.7,34.0,27.2,25.5
3366,41.51,32.28,35.05,38.74,36.89,29.52,27.67
3367,45.0,35.0,38.0,42.0,40.0,32.0,30.0
3368,48.49,37.72,40.95,45.26,43.11,34.48,32.33
3369,51.75,40.25,43.7,48.3,46.0,36.8,34.5
3370,54.55,42.42,46.06,50.91,48.49,38.79,36.36
3371,56.69,44.09,47.87,52.91,50.39,40.31,37.79
3372,58.04,45.14,49.01,54.17,51.59,41.27,38.69
3373,58.5,45.5,49.4,54.6,52.0,41.6,39.0
3374,58.04,45.14,49.01,54.17,51.59,41.27,38.69
3375,56.69,44.09,47.87,52.91,50.39,40.31,37.79
3376,54.55,42.42,46.06,50.91,48.49,38.79,36.36
3377,51.75,40.25,43.7,48.3,46.0,36.8,34.5
3378,48.49,37.72,40.95,45.26,43.11,34.48,32.33
3379,45.0,35.0,38.0,42.0,40.0,32.0,30.0
3380,41.51,32.28,35.05,38.74,36.89,29.52,27.67
3381,38.25,29.75,32.3,35.7,34.0,27.2,25.5
3382,35.45,27.58,29.94,33.09,31.51,25.21,23.64
3383,33.31,25.91,28.13,31.09,29.61,23.69,22.21
3384,31.96,24.86,26.99,29.83,28.41,22.73,21.31
3385,31.5,24.5,26.6,29.4,28.0,22.4,21.0
3386,31.96,24.86,26.99,29.83,28.41,22.73,21.31
3387,33.31,25.91,28.13,31.09,29.61,23.69,22.21
3388,35.45,27.58,29.94,33.09,31.51,25.21,23.64
3389,38.25,29.75,32.3,35.7,34.0,27.2,25.5
3390,41.51,32.28,35.05,38.74,36.89,29.52,27.67
3391,45.0,35.0,38.0,42.0,40.0,32.0,30.0
3392,48.49,37.72,40.95,45.26,43.11,34.48,32.33
3393,51.75,40.25,43.7,48.3,46.0,36.8,34.5
3394,54.55,42.42,46.06,50.91,48.49,38.79,36.36
3395,56.69,44.09,47.87,52.91,50.39,40.31,37.79
3396,58.04,45.14,49.01,54.17,51.59,41.27,38.69
3397,58.5,45.5,49.4,54.6,52.0,41.6,39.0
3398,58.04,45.14,49.01,54.17,51.59,41.27,38.69
3399,56.69,44.09,47.87,52.91,50.39,40.31,37.79
3400,54.55,42.42,46.06,50.91,48.49,38.79,36.36
3401,51.75,40.25,43.7,48.3,46.0,36.8,34.5
3402,48.49,37.72,40.95,45.26,43.11,34.48,32.33
3403,45.0,35.0,38.0,42.0,40.0,32.0,30.0
3404,41.51,32.28,35.05,38.74,36.89,29.52,27.67
3405,38.25,29.75,32.3,35.7,34.0,27.2,25.5
3406,35.45,27.58,29.94,33.09,31.51,25.21,23.64
3407,33.31,25.91,28.13,31.09,29.61,23.69,22.21
3408,31.96,24.86,26.99,29.83,28.41,22.73,21.31
3409,31.5,24.5,26.6,29.4,28.0,22.4,21.0
3410,31.96,24.86,26.99,29.83,28.41,22.73,21.31
3411,33.31,25.91,28.13,31.09,29.61,23.69,22.21
3412,35.45,27.58,29.94,33.09,31.51,25.21,23.64
3413,38.25,29.75,32.3,35.7,34.0,27.2,25.5
3414,41.51,32.28,35.05,38.74,36.89,29.52,27.67
3415,45.0,35.0,38.0,42.0,40.0,32.0,30.0
3416,48.49,37.72,40.95,45.26,43.11,34.48,32.33
3417,51.75,40.25,43.7,48.3,46.0,36.8,34.5
3418,54.55,42.42,46.06,50.91,48.49,38.79,36.36
3419,56.69,44.09,47.87,52.91,50.39,40.31,37.79
3420,58.04,45.14,49.01,54.17,51.59,41.27,38.69
3421,58.5,45.5,49.4,54.6,52.0,41.6,39.0
3422,58.04,45.14,49.01,54.17,51.59,41.27,38.69
3423,56.69,44.09,47.87,52.91,50.39,40.31,37.79
3424,54.55,42.42,46.06,50.91,48.49,38.79,36.36
3425,51.75,40.25,43.7,48.3,46.0,36.8,34.5
3426,48.49,37.72,40.95,45.26,43.11,34.48,32.33
3427,45.0,35.0,38.0,42.0,40.0,32.0,30.0
3428,41.51,32.28,35.05,38.74,36.89,29.52,27.67
3429,38.25,29.75,32.3,35.7,34.0,27.2,25.5
3430,35.45,27.58,29.94,33.09,31.51,25.21,23.64
3431,33.31,25.91,28.13,31.09,29.61,23.69,22.21
3432,31.96,24.86,26.99,29.83,28.41,22.73,21.31
3433,31.5,24.5,26.6,29.4,28.0,22.4,21.0
3434,31.96,24.86,26.99,29.83,28.41,22.73,21.31
3435,33.31,25.91,28.13,31.09,29.61,23.69,22.21
3436,35.45,27.58,29.94,33.09,31.51,25.21,23.64
3437,38.25,29.75,32.3,35.7,34.0,27.2,25.5
3438,41.51,32.28,35.05,38.74,36.89,29.52,27.67
3439,45.0,35.0,38.0,42.0,40.0,32.0,30.0
3440,48.49,37.72,40.95,45.26,43.11,34.48,32.33
3441,51.75,40.25,43.7,48.3,46.0,36.8,34.5
3442,54.55,42.42,46.06,50.91,48.49,38.79,36.36
3443,56.69,44.09,47.87,52.91,50.39,40.31,37.79
3444,58.04,45.14,49.01,54.17,51.59,41.27,38.69
3445,58.5,45.5,49.4,54.6,52.0,41.6,39.0
3446,58.04,45.14,49.01,54.17,51.59,41.27,38.69
3447,56.69,44.09,47.87,52.91,50.39,40.31,37.79
3448,54.55,42.42,46.06,50.91,48.49,38.79,36.36
3449,51.75,40.25,43.7,48.3,46.0,36.8,34.5
3450,48.49,37.72,40.95,45.26,43.11,34.48,32.33
3451,45.0,35.0,38.0,42.0,40.0,32.0,30.0
3452,41.51,32.28,35.05,38.74,36.89,29.52,27.67
3453,38.25,29.75,32.3,35.7,34.0,27.2,25.5
3454,35.45,27.58,29.94,33.09,31.51,25.21,23.64
3455,33.31,25.91,28.13,31.09,29.61,23.69,22.21
3456,31.96,24.86,26.99,29.83,28.41,22.73,21.31
3457,31.5,24.5,26.6,29.4,28.0,22.4,21.0
3458,31.96,24.86,26.99,29.83,28.41,22.73,21.31
3459,33.31,25.91,28.13,31.09,29.61,23.69,22.21
3460,35.45,27.58,29.94,33.09,31.51,25.21,23.64
3461,38.25,29.75,32.3,35.7,34.0,27.2,25.5
3462,41.51,32.28,35.05,38.74,36.89,29.52,27.67
3463,45.0,35.0,38.0,42.0,40.0,32.0,30.0
3464,48.49,37.72,40.95,45.26,43.11,34.48,32.33
3465,51.75,40.25,43.7,48.3,46.0,36.8,34.5
3466,54.55,42.42,46.06,50.91,48.49,38.79,36.36
3467,56.69,44.09,47.87,52.91,50.39,40.31,37.79
3468,58.04,45.14,49.01,54.17,51.59,41.27,38.69
3469,58.5,45.5,49.4,54.6,52.0,41.6,39.0
3470,58.04,45.14,49.01,54.17,51.59,41.27,38.69
3471,56.69,44.09,47.87,52.91,50.39,40.31,37.79
3472,54.55,42.42,46.06,50.91,48.49,38.79,36.36
3473,51.75,40.25,43.7,48.3,46.0,36.8,34.5
3474,48.49,37.72,40.95,45.26,43.11,34.48,32.33
3475,45.0,35.0,38.0,42.0,40.0,32.0,30.0
3476,41.51,32.28,35.05,38.74,36.89,29.52,27.67
3477,38.25,29.75,32.3,35.7,34.0,27.2,25.5
3478,35.45,27.58,29.94,33.09,31.51,25.21,23.64
3479,33.31,25.91,28.13,31.09,29.61,23.69,22.21
3480,31.96,24.86,26.99,29.83,28.41,22.73,21.31
3481,31.5,24.5,26.6,29.4,28.0,22.4,21.0
3482,31.96,24.86,26.99,29.83,28.41,22.73,21.31
3483,33.31,25.91,28.13,31.09,29.61,23.69,22.21
3484,35.45,27.58,29.94,33.09,31.51,25.21,23.64
3485,38.25,29.75,32.3,35.7,34.0,27.2,25.5
3486,41.51,32.28,35.05,38.74,36.89,29.52,27.67
3487,45.0,35.0,38.0,42.0,40.0,32.0,30.0
3488,48.49,37.72,40.95,45.26,43.11,34.48,32.33
3489,51.75,40.25,43.7,48.3,46.0,36.8,34.5
3490,54.55,42.42,46.06,50.91,48.49,38.79,36.36
3491,56.69,44.09,47.87,52.91,50.39,40.31,37.79
3492,58.04,45.14,49.01,54.17,51.59,41.27,38.69
3493,58.5,45.5,49.4,54.6,52.0,41.6,39.0
3494,58.04,45.14,49.01,54.17,51.59,41.27,38.69
3495,56.69,44.09,47.87,52.91,50.39,40.31,37.79
3496,54.55,42.42,46.06,50.91,48.49,38.79,36.36
3497,51.75,40.25,43.7,48.3,46.0,36.8,34.5
3498,48.49,37.72,40.95,45.26,43.11,34.48,32.33
3499,45.0,35.0,38.0,42.0,40.0,32.0,30.0
3500,41.51,32.28,35.05,38.74,36.89,29.52,27.67
3501,38.25,29.75,32.3,35.7,34.0,27.2,25.5
3502,35.45,27.58,29.94,33.09,31.51,25.21,23.64
3503,33.31,25.91,28.13,31.09,29.61,23.69,22.21
3504,31.96,24.86,26.99,29.83,28.41,22.73,21.31
3505,31.5,24.5,26.6,29.4,28.0,22.4,21.0
3506,31.96,24.86,26.99,29.83,28.41,22.73,21.31
3507,33.31,25.91,28.13,31.09,29.61,23.69,22.21
3508,35.45,27.58,29.94,33.09,31.51,25.21,23.64
3509,38.25,29.75,32.3,35.7,34.0,27.2,25.5
3510,41.51,32.28,35.05,38.74,36.89,29.52,27.67
3511,45.0,35.0,38.0,42.0,40.0,32.0,30.0
3512,48.49,37.72,40.95,45.26,43.11,34.48,32.33
3513,51.75,40.25,43.7,48.3,46.0,36.8,34.5
3514,54.55,42.42,46.06,50.91,48.49,38.79,36.36
3515,56.69,44.09,47.87,52.91,50.39,40.31,37.79
3516,58.04,45.14,49.01,54.17,51.59,41.27,38.69
3517,58.5,45.5,49.4,54.6,52.0,41.6,39.0
3518,58.04,45.14,49.01,54.17,51.59,41.27,38.69
3519,56.69,44.09,47.87,52.91,50.39,40.31,37.79
3520,54.55,42.42,46.06,50.91,48.49,38.79,36.36
3521,51.75,40.25,43.7,48.3,46.0,36.8,34.5
3522,48.49,37.72,40.95,45.26,43.11,34.48,32.33
3523,45.0,35.0,38.0,42.0,40.0,32.0,30.0
3524,41.51,32.28,35.05,38.74,36.89,29.52,27.67
3525,38.25,29.75,32.3,35.7,34.0,27.2,25.5
3526,35.45,27.58,29.94,33.09,31.51,25.21,23.64
3527,33.31,25.91,28.13,31.09,29.61,23.69,22.21
3528,31.96,24.86,26.99,29.83,28.41,22.73,21.31
3529,31.5,24.5,26.6,29.4,28.0,22.4,21.0
3530,31.96,24.86,26.99,29.83,28.41,22.73,21.31
3531,33.31,25.91,28.13,31.09,29.61,23.69,22.21
3532,35.45,27.58,29.94,33.09,31.51,25.21,23.64
3533,38.25,29.75,32.3,35.7,34.0,27.2,25.5
3534,41.51,32.28,35.05,38.74,36.89,29.52,27.67
3535,45.0,35.0,38.0,42.0,40.0,32.0,30.0
3536,48.49,37.72,40.95,45.26,43.11,34.48,32.33
3537,51.75,40.25,43.7,48.3,46.0,36.8,34.5
3538,54.55,42.42,46.06,50.91,48.49,38.79,36.36
3539,56.69,44.09,47.87,52.91,50.39,40.31,37.79
3540,58.04,45.14,49.01,54.17,51.59,41.27,38.69
3541,58.5,45.5,49.4,54.6,52.0,41.6,39.0
3542,58.04,45.14,49.01,54.17,51.59,41.27,38.69
3543,56.69,44.09,47.87,52.91,50.39,40.31,37.79
3544,54.55,42.42,46.06,50.91,48.49,38.79,36.36
3545,51.75,40.25,43.7,48.3,46.0,36.8,34.5
3546,48.49,37.72,40.95,45.26,43.11,34.48,32.33
3547,45.0,35.0,38.0,42.0,40.0,32.0,30.0
3548,41.51,32.28,35.05,38.74,36.89,29.52,27.67
3549,38.25,29.75,32.3,35.7,34.0,27.2,25.5
3550,35.45,27.58,29.94,33.09,31.51,25.21,23.64
3551,33.31,25.91,28.13,31.09,29.61,23.69,22.21
3552,31.96,24.86,26.99,29.83,28.41,22.73,21.31
3553,31.5,24.5,26.6,29.4,28.0,22.4,21.0
3554,31.96,24.86,26.99,29.83,28.41,22.73,21.31
3555,33.31,25.91,28.13,31.09,29.61,23.69,22.21
3556,35.45,27.58,29.94,33.09,31.51,25.21,23.64
3557,38.25,29.75,32.3,35.7,34.0,27.2,25.5
3558,41.51,32.28,35.05,38.74,36.89,29.52,27.67
3559,45.0,35.0,38.0,42.0,40.0,32.0,30.0
3560,48.49,37.72,40.95,45.26,43.11,34.48,32.33
3561,51.75,40.25,43.7,48.3,46.0,36.8,34.5
3562,54.55,42.42,46.06,50.91,48.49,38.79,36.36
3563,56.69,44.09,47.87,52.91,50.39,40.31,37.79
3564,58.04,45.14,49.01,54.17,51.59,41.27,38.69
3565,58.5,45.5,49.4,54.6,52.0,41.6,39.0
3566,58.04,45.14,49.01,54.17,51.59,41.27,38.69
3567,56.69,44.09,47.87,52.91,50.39,40.31,37.79
3568,54.55,42.42,46.06,50.91,48.49,38.79,36.36
3569,51.75,40.25,43.7,48.3,46.0,36.8,34.5
3570,48.49,37.72,40.95,45.26,43.11,34.48,32.33
3571,45.0,35.0,38.0,42.0,40.0,32.0,30.0
3572,41.51,32.28,35.05,38.74,36.89,29.52,27.67
3573,38.25,29.75,32.3,35.7,34.0,27.2,25.5
3574,35.45,27.58,29.94,33.09,31.51,25.21,23.64
3575,33.31,25.91,28.13,31.09,29.61,23.69,22.21
3576,31.96,24.86,26.99,29.83,28.41,22.73,21.31
3577,31.5,24.5,26.6,29.4,28.0,22.4,21.0
3578,31.96,24.86,26.99,29.83,28.41,22.73,21.31
3579,33.31,25.91,28.13,31.09,29.61,23.69,22.21
3580,35.45,27.58,29.94,33.09,31.51,25.21,23.64
3581,38.25,29.75,32.3,35.7,34.0,27.2,25.5
3582,41.51,32.28,35.05,38.74,36.89,29.52,27.67
3583,45.0,35.0,38.0,42.0,40.0,32.0,30.0
3584,48.49,37.72,40.95,45.26,43.11,34.48,32.33
3585,51.75,40.25,43.7,48.3,46.0,36.8,34.5
3586,54.55,42.42,46.06,50.91,48.49,38.79,36.36
3587,56.69,44.09,47.87,52.91,50.39,40.31,37.79
3588,58.04,45.14,49.01,54.17,51.59,41.27,38.69
3589,58.5,45.5,49.4,54.6,52.0,41.6,39.0
3590,58.04,45.14,49.01,54.17,51.59,41.27,38.69
3591,56.69,44.09,47.87,52.91,50.39,40.31,37.79
3592,54.55,42.42,46.06,50.91,48.49,38.79,36.36
3593,51.75,40.25,43.7,48.3,46.0,36.8,34.5
3594,48.49,37.72,40.95,45.26,43.11,34.48,32.33
3595,45.0,35.0,38.0,42.0,40.0,32.0,30.0
3596,41.51,32.28,35.05,38.74,36.89,29.52,27.67
3597,38.25,29.75,32.3,35.7,34.0,27.2,25.5
3598,35.45,27.58,29.94,33.09,31.51,25.21,23.64
3599,33.31,25.91,28.13,31.09,29.61,23.69,22.21
3600,31.96,24.86,26.99,29.83,28.41,22.73,21.31
3601,31.5,24.5,26.6,29.4,28.0,22.4,21.0
3602,31.96,24.86,26.99,29.83,28.41,22.73,21.31
3603,33.31,25.91,28.13,31.09,29.61,23.69,22.21
3604,35.45,27.58,29.94,33.09,31.51,25.21,23.64
3605,38.25,29.75,32.3,35.7,34.0,27.2,25.5
3606,41.51,32.28,35.05,38.74,36.89,29.52,27.67
3607,45.0,35.0,38.0,42.0,40.0,32.0,30.0
3608,48.49,37.72,40.95,45.26,43.11,34.48,32.33
3609,51.75,40.25,43.7,48.3,46.0,36.8,34.5
3610,54.55,42.42,46.06,50.91,48.49,38.79,36.36
3611,56.69,44.09,47.87,52.91,50.39,40.31,37.79
3612,58.04,45.14,49.01,54.17,51.59,41.27,38.69
3613,58.5,45.5,49.4,54.6,52.0,41.6,39.0
3614,58.04,45.14,49.01,54.17,51.59,41.27,38.69
3615,56.69,44.09,47.87,52.91,50.39,40.31,37.79
3616,54.55,42.42,46.06,50.91,48.49,38.79,36.36
3617,51.75,40.25,43.7,48.3,46.0,36.8,34.5
3618,48.49,37.72,40.95,45.26,43.11,34.48,32.33
3619,45.0,35.0,38.0,42.0,40.0,32.0,30.0
3620,41.51,32.28,35.05,38.74,36.89,29.52,27.67
3621,38.25,29.75,32.3,35.7,34.0,27.2,25.5
3622,35.45,27.58,29.94,33.09,31.51,25.21,23.64
3623,33.31,25.91,28.13,31.09,29.61,23.69,22.21
3624,31.96,24.86,26.99,29.83,28.41,22.73,21.31
3625,31.5,24.5,26.6,29.4,28.0,22.4,21.0
3626,31.96,24.86,26.99,29.83,28.41,22.73,21.31
3627,33.31,25.91,28.13,31.09,29.61,23.69,22.21
3628,35.45,27.58,29.94,33.09,31.51,25.21,23.64
3629,38.25,29.75,32.3,35.7,34.0,27.2,25.5
3630,41.51,32.28,35.05,38.74,36.89,29.52,27.67
3631,45.0,35.0,38.0,42.0,40.0,32.0,30.0
3632,48.49,37.72,40.95,45.26,43.11,34.48,32.33
3633,51.75,40.25,43.7,48.3,46.0,36.8,34.5
3634,54.55,42.42,46.06,50.91,48.49,38.79,36.36
3635,56.69,44.09,47.87,52.91,50.39,40.31,37.79
3636,58.04,45.14,49.01,54.17,51.59,41.27,38.69
3637,58.5,45.5,49.4,54.6,52.0,41.6,39.0
3638,58.04,45.14,49.01,54.17,51.59,41.27,38.69
3639,56.69,44.09,47.87,52.91,50.39,40.31,37.79
3640,54.55,42.42,46.06,50.91,48.49,38.79,36.36
3641,51.75,40.25,43.7,48.3,46.0,36.8,34.5
3642,48.49,37.72,40.95,45.26,43.11,34.48,32.33
3643,45.0,35.0,38.0,42.0,40.0,32.0,30.0
3644,41.51,32.28,35.05,38.74,36.89,29.52,27.67
3645,38.25,29.75,32.3,35.7,34.0,27.2,25.5
3646,35.45,27.58,29.94,33.09,31.51,25.21,23.64
3647,33.31,25.91,28.13,31.09,29.61,23.69,22.21
3648,31.96,24.86,26.99,29.83,28.41,22.73,21.31
3649,31.5,24.5,26.6,29.4,28.0,22.4,21.0
3650,31.96,24.86,26.99,29.83,28.41,22.73,21.31
3651,33.31,25.91,28.13,31.09,29.61,23.69,22.21
3652,35.45,27.58,29.94,33.09,31.51,25.21,23.64
3653,38.25,29.75,32.3,35.7,34.0,27.2,25.5
3654,41.51,32.28,35.05,38.74,36.89,29.52,27.67
3655,45.0,35.0,38.0,42.0,40.0,32.0,30.0
3656,48.49,37.72,40.95,45.26,43.11,34.48,32.33
3657,51.75,40.25,43.7,48.3,46.0,36.8,34.5
3658,54.55,42.42,46.06,50.91,48.49,38.79,36.36
3659,56.69,44.09,47.87,52.91,50.39,40.31,37.79
3660,58.04,45.14,49.01,54.17,51.59,41.27,38.69
3661,58.5,45.5,49.4,54.6,52.0,41.6,39.0
3662,58.04,45.14,49.01,54.17,51.59,41.27,38.69
3663,56.69,44.09,47.87,52.91,50.39,40.31,37.79
3664,54.55,42.42,46.06,50.91,48.49,38.79,36.36
3665,51.75,40.25,43.7,48.3,46.0,36.8,34.5
3666,48.49,37.72,40.95,45.26,43.11,34.48,32.33
3667,45.0,35.0,38.0,42.0,40.0,32.0,30.0
3668,41.51,32.28,35.05,38.74,36.89,29.52,27.67
3669,38.25,29.75,32.3,35.7,34.0,27.2,25.5
3670,35.45,27.58,29.94,33.09,31.51,25.21,23.64
3671,33.31,25.91,28.13,31.09,29.61,23.69,22.21
3672,31.96,24.86,26.99,29.83,28.41,22.73,21.31
3673,31.5,24.5,26.6,29.4,28.0,22.4,21.0
3674,31.96,24.86,26.99,29.83,28.41,22.73,21.31
3675,33.31,25.91,28.13,31.09,29.61,23.69,22.21
3676,35.45,27.58,29.94,33.09,31.51,25.21,23.64
3677,38.25,29.75,32.3,35.7,34.0,27.2,25.5
3678,41.51,32.28,35.05,38.74,36.89,29.52,27.67
3679,45.0,35.0,38.0,42.0,40.0,32.0,30.0
3680,48.49,37.72,40.95,45.26,43.11,34.48,32.33
3681,51.75,40.25,43.7,48.3,46.0,36.8,34.5
3682,54.55,42.42,46.06,50.91,48.49,38.79,36.36
3683,56.69,44.09,47.87,52.91,50.39,40.31,37.79
3684,58.04,45.14,49.01,54.17,51.59,41.27,38.69
3685,58.5,45.5,49.4,54.6,52.0,41.6,39.0
3686,58.04,45.14,49.01,54.17,51.59,41.27,38.69
3687,56.69,44.09,47.87,52.91,50.39,40.31,37.79
3688,54.55,42.42,46.06,50.91,48.49,38.79,36.36
3689,51.75,40.25,43.7,48.3,46.0,36.8,34.5
3690,48.49,37.72,40.95,45.26,43.11,34.48,32.33
3691,45.0,35.0,38.0,42.0,40.0,32.0,30.0
3692,41.51,32.28,35.05,38.74,36.89,29.52,27.67
3693,38.25,29.75,32.3,35.7,34.0,27.2,25.5
3694,35.45,27.58,29.94,33.09,31.51,25.21,23.64
3695,33.31,25.91,28.13,31.09,29.61,23.69,22.21
3696,31.96,24.86,26.99,29.83,28.41,22.73,21.31
3697,31.5,24.5,26.6,29.4,28.0,22.4,21.0
3698,31.96,24.86,26.99,29.83,28.41,22.73,21.31
3699,33.31,25.91,28.13,31.09,29.61,23.69,22.21
3700,35.45,27.58,29.94,33.09,31.51,25.21,23.64
3701,38.25,29.75,32.3,35.7,34.0,27.2,25.5
3702,41.51,32.28,35.05,38.74,36.89,29.52,27.67
3703,45.0,35.0,38.0,42.0,40.0,32.0,30.0
3704,48.49,37.72,40.95,45.26,43.11,34.48,32.33
3705,51.75,40.25,43.7,48.3,46.0,36.8,34.5
3706,54.55,42.42,46.06,50.91,48.49,38.79,36.36
3707,56.69,44.09,47.87,52.91,50.39,40.31,37.79
3708,58.04,45.14,49.01,54.17,51.59,41.27,38.69
3709,58.5,45.5,49.4,54.6,52.0,41.6,39.0
3710,58.04,45.14,49.01,54.17,51.59,41.27,38.69
3711,56.69,44.09,47.87,52.91,50.39,40.31,37.79
3712,54.55,42.42,46.06,50.91,48.49,38.79,36.36
3713,51.75,40.25,43.7,48.3,46.0,36.8,34.5
3714,48.49,37.72,40.95,45.26,43.11,34.48,32.33
3715,45.0,35.0,38.0,42.0,40.0,32.0,30.0
3716,41.51,32.28,35.05,38.74,36.89,29.52,27.67
3717,38.25,29.75,32.3,35.7,34.0,27.2,25.5
3718,35.45,27.58,29.94,33.09,31.51,25.21,23.64
3719,33.31,25.91,28.13,31.09,29.61,23.69,22.21
3720,31.96,24.86,26.99,29.83,28.41,22.73,21.31
3721,31.5,24.5,26.6,29.4,28.0,22.4,21.0
3722,31.96,24.86,26.99,29.83,28.41,22.73,21.31
3723,33.31,25.91,28.13,31.09,29.61,23.69,22.21
3724,35.45,27.58,29.94,33.09,31.51,25.21,23.64
3725,38.25,29.75,32.3,35.7,34.0,27.2,25.5
3726,41.51,32.28,35.05,38.74,36.89,29.52,27.67
3727,45.0,35.0,38.0,42.0,40.0,32.0,30.0
3728,48.49,37.72,40.95,45.26,43.11,34.48,32.33
3729,51.75,40.25,43.7,48.3,46.0,36.8,34.5
3730,54.55,42.42,46.06,50.91,48.49,38.79,36.36
3731,56.69,44.09,47.87,52.91,50.39,40.31,37.79
3732,58.04,45.14,49.01,54.17,51.59,41.27,38.69
3733,58.5,45.5,49.4,54.6,52.0,41.6,39.0
3734,58.04,45.14,49.01,54.17,51.59,41.27,38.69
3735,56.69,44.09,47.87,52.91,50.39,40.31,37.79
3736,54.55,42.42,46.06,50.91,48.49,38.79,36.36
3737,51.75,40.25,43.7,48.3,46.0,36.8,34.5
3738,48.49,37.72,40.95,45.26,43.11,34.48,32.33
3739,45.0,35.0,38.0,42.0,40.0,32.0,30.0
3740,41.51,32.28,35.05,38.74,36.89,29.52,27.67
3741,38.25,29.75,32.3,35.7,34.0,27.2,25.5
3742,35.45,27.58,29.94,33.09,31.51,25.21,23.64
3743,33.31,25.91,28.13,31.09,29.61,23.69,22.21
3744,31.96,24.86,26.99,29.83,28.41,22.73,21.31
3745,31.5,24.5,26.6,29.4,28.0,22.4,21.0
3746,31.96,24.86,26.99,29.83,28.41,22.73,21.31
3747,33.31,25.91,28.13,31.09,29.61,23.69,22.21
3748,35.45,27.58,29.94,33.09,31.51,25.21,23.64
3749,38.25,29.75,32.3,35.7,34.0,27.2,25.5
3750,41.51,32.28,35.05,38.74,36.89,29.52,27.67
3751,45.0,35.0,38.0,42.0,40.0,32.0,30.0
3752,48.49,37.72,40.95,45.26,43.11,34.48,32.33
3753,51.75,40.25,43.7,48.3,46.0,36.8,34.5
3754,54.55,42.42,46.06,50.91,48.49,38.79,36.36
3755,56.69,44.09,47.87,52.91,50.39,40.31,37.79
3756,58.04,45.14,49.01,54.17,51.59,41.27,38.69
3757,58.5,45.5,49.4,54.6,52.0,41.6,39.0
3758,58.04,45.14,49.01,54.17,51.59,41.27,38.69
3759,56.69,44.09,47.87,52.91,50.39,40.31,37.79
3760,54.55,42.42,46.06,50.91,48.49,38.79,36.36
3761,51.75,40.25,43.7,48.3,46.0,36.8,34.5
3762,48.49,37.72,40.95,45.26,43.11,34.48,32.33
3763,45.0,35.0,38.0,42.0,40.0,32.0,30.0
3764,41.51,32.28,35.05,38.74,36.89,29.52,27.67
3765,38.25,29.75,32.3,35.7,34.0,27.2,25.5
3766,35.45,27.58,29.94,33.09,31.51,25.21,23.64
3767,33.31,25.91,28.13,31.09,29.61,23.69,22.21
3768,31.96,24.86,26.99,29.83,28.41,22.73,21.31
3769,31.5,24.5,26.6,29.4,28.0,22.4,21.0
3770,31.96,24.86,26.99,29.83,28.41,22.73,21.31
3771,33.31,25.91,28.13,31.09,29.61,23.69,22.21
3772,35.45,27.58,29.94,33.09,31.51,25.21,23.64
3773,38.25,29.75,32.3,35.7,34.0,27.2,25.5
3774,41.51,32.28,35.05,38.74,36.89,29.52,27.67
3775,45.0,35.0,38.0,42.0,40.0,32.0,30.0
3776,48.49,37.72,40.95,45.26,43.11,34.48,32.33
3777,51.75,40.25,43.7,48.3,46.0,36.8,34.5
3778,54.55,42.42,46.06,50.91,48.49,38.79,36.36
3779,56.69,44.09,47.87,52.91,50.39,40.31,37.79
3780,58.04,45.14,49.01,54.17,51.59,41.27,38.69
3781,58.5,45.5,49.4,54.6,52.0,41.6,39.0
3782,58.04,45.14,49.01,54.17,51.59,41.27,38.69
3783,56.69,44.09,47.87,52.91,50.39,40.31,37.79
3784,54.55,42.42,46.06,50.91,48.49,38.79,36.36
3785,51.75,40.25,43.7,48.3,46.0,36.8,34.5
3786,48.49,37.72,40.95,45.26,43.11,34.48,32.33
3787,45.0,35.0,38.0,42.0,40.0,32.0,30.0
3788,41.51,32.28,35.05,38.74,36.89,29.52,27.67
3789,38.25,29.75,32.3,35.7,34.0,27.2,25.5
3790,35.45,27.58,29.94,33.09,31.51,25.21,23.64
3791,33.31,25.91,28.13,31.09,29.61,23.69,22.21
3792,31.96,24.86,26.99,29.83,28.41,22.73,21.31
3793,31.5,24.5,26.6,29.4,28.0,22.4,21.0
3794,31.96,24.86,26.99,29.83,28.41,22.73,21.31
3795,33.31,25.91,28.13,31.09,29.61,23.69,22.21
3796,35.45,27.58,29.94,33.09,31.51,25.21,23.64
3797,38.25,29.75,32.3,35.7,34.0,27.2,25.5
3798,41.51,32.28,35.05,38.74,36.89,29.52,27.67
3799,45.0,35.0,38.0,42.0,40.0,32.0,30.0
3800,48.49,37.72,40.95,45.26,43.11,34.48,32.33
3801,51.75,40.25,43.7,48.3,46.0,36.8,34.5
3802,54.55,42.42,46.06,50.91,48.49,38.79,36.36
3803,56.69,44.09,47.87,52.91,50.39,40.31,37.79
3804,58.04,45.14,49.01,54.17,51.59,41.27,38.69
3805,58.5,45.5,49.4,54.6,52.0,41.6,39.0
3806,58.04,45.14,49.01,54.17,51.59,41.27,38.69
3807,56.69,44.09,47.87,52.91,50.39,40.31,37.79
3808,54.55,42.42,46.06,50.91,48.49,38.79,36.36
3809,51.75,40.25,43.7,48.3,46.0,36.8,34.5
3810,48.49,37.72,40.95,45.26,43.11,34.48,32.33
3811,45.0,35.0,38.0,42.0,40.0,32.0,30.0
3812,41.51,32.28,35.05,38.74,36.89,29.52,27.67
3813,38.25,29.75,32.3,35.7,34.0,27.2,25.5
3814,35.45,27.58,29.94,33.09,31.51,25.21,23.64
3815,33.31,25.91,28.13,31.09,29.61,23.69,22.21
3816,31.96,24.86,26.99,29.83,28.41,22.73,21.31
3817,31.5,24.5,26.6,29.4,28.0,22.4,21.0
3818,31.96,24.86,26.99,29.83,28.41,22.73,21.31
3819,33.31,25.91,28.13,31.09,29.61,23.69,22.21
3820,35.45,27.58,29.94,33.09,31.51,25.21,23.64
3821,38.25,29.75,32.3,35.7,34.0,27.2,25.5
3822,41.51,32.28,35.05,38.74,36.89,29.52,27.67
3823,45.0,35.0,38.0,42.0,40.0,32.0,30.0
3824,48.49,37.72,40.95,45.26,43.11,34.48,32.33
3825,51.75,40.25,43.7,48.3,46.0,36.8,34.5
3826,54.55,42.42,46.06,50.91,48.49,38.79,36.36
3827,56.69,44.09,47.87,52.91,50.39,40.31,37.79
3828,58.04,45.14,49.01,54.17,51.59,41.27,38.69
3829,58.5,45.5,49.4,54.6,52.0,41.6,39.0
3830,58.04,45.14,49.01,54.17,51.59,41.27,38.69
3831,56.69,44.09,47.87,52.91,50.39,40.31,37.79
3832,54.55,42.42,46.06,50.91,48.49,38.79,36.36
3833,51.75,40.25,43.7,48.3,46.0,36.8,34.5
3834,48.49,37.72,40.95,45.26,43.11,34.48,32.33
3835,45.0,35.0,38.0,42.0,40.0,32.0,30.0
3836,41.51,32.28,35.05,38.74,36.89,29.52,27.67
3837,38.25,29.75,32.3,35.7,34.0,27.2,25.5
3838,35.45,27.58,29.94,33.09,31.51,25.21,23.64
3839,33.31,25.91,28.13,31.09,29.61,23.69,22.21
3840,31.96,24.86,26.99,29.83,28.41,22.73,21.31
3841,31.5,24.5,26.6,29.4,28.0,22.4,21.0
3842,31.96,24.86,26.99,29.83,28.41,22.73,21.31
3843,33.31,25.91,28.13,31.09,29.61,23.69,22.21
3844,35.45,27.58,29.94,33.09,31.51,25.21,23.64
3845,38.25,29.75,32.3,35.7,34.0,27.2,25.5
3846,41.51,32.28,35.05,38.74,36.89,29.52,27.67
3847,45.0,35.0,38.0,42.0,40.0,32.0,30.0
3848,48.49,37.72,40.95,45.26,43.11,34.48,32.33
3849,51.75,40.25,43.7,48.3,46.0,36.8,34.5
3850,54.55,42.42,46.06,50.91,48.49,38.79,36.36
3851,56.69,44.09,47.87,52.91,50.39,40.31,37.79
3852,58.04,45.14,49.01,54.17,51.59,41.27,38.69
3853,58.5,45.5,49.4,54.6,52.0,41.6,39.0
3854,58.04,45.14,49.01,54.17,51.59,41.27,38.69
3855,56.69,44.09,47.87,52.91,50.39,40.31,37.79
3856,54.55,42.42,46.06,50.91,48.49,38.79,36.36
3857,51.75,40.25,43.7,48.3,46.0,36.8,34.5
3858,48.49,37.72,40.95,45.26,43.11,34.48,32.33
3859,45.0,35.0,38.0,42.0,40.0,32.0,30.0
3860,41.51,32.28,35.05,38.74,36.89,29.52,27.67
3861,38.25,29.75,32.3,35.7,34.0,27.2,25.5
3862,35.45,27.58,29.94,33.09,31.51,25.21,23.64
3863,33.31,25.91,28.13,31.09,29.61,23.69,22.21
3864,31.96,24.86,26.99,29.83,28.41,22.73,21.31
3865,31.5,24.5,26.6,29.4,28.0,22.4,21.0
3866,31.96,24.86,26.99,29.83,28.41,22.73,21.31
3867,33.31,25.91,28.13,31.09,29.61,23.69,22.21
3868,35.45,27.58,29.94,33.09,31.51,25.21,23.64
3869,38.25,29.75,32.3,35.7,34.0,27.2,25.5
3870,41.51,32.28,35.05,38.74,36.89,29.52,27.67
3871,45.0,35.0,38.0,42.0,40.0,32.0,30.0
3872,48.49,37.72,40.95,45.26,43.11,34.48,32.33
3873,51.75,40.25,43.7,48.3,46.0,36.8,34.5
3874,54.55,42.42,46.06,50.91,48.49,38.79,36.36
3875,56.69,44.09,47.87,52.91,50.39,40.31,37.79
3876,58.04,45.14,49.01,54.17,51.59,41.27,38.69
3877,58.5,45.5,49.4,54.6,52.0,41.6,39.0
3878,58.04,45.14,49.01,54.17,51.59,41.27,38.69
3879,56.69,44.09,47.87,52.91,50.39,40.31,37.79
3880,54.55,42.42,46.06,50.91,48.49,38.79,36.36
3881,51.75,40.25,43.7,48.3,46.0,36.8,34.5
3882,48.49,37.72,40.95,45.26,43.11,34.48,32.33
3883,45.0,35.0,38.0,42.0,40.0,32.0,30.0
3884,41.51,32.28,35.05,38.74,36.89,29.52,27.67
3885,38.25,29.75,32.3,35.7,34.0,27.2,25.5
3886,35.45,27.58,29.94,33.09,31.51,25.21,23.64
3887,33.31,25.91,28.13,31.09,29.61,23.69,22.21
3888,31.96,24.86,26.99,29.83,28.41,22.73,21.31
3889,31.5,24.5,26.6,29.4,28.0,22.4,21.0
3890,31.96,24.86,26.99,29.83,28.41,22.73,21.31
3891,33.31,25.91,28.13,31.09,29.61,23.69,22.21
3892,35.45,27.58,29.94,33.09,31.51,25.21,23.64
3893,38.25,29.75,32.3,35.7,34.0,27.2,25.5
3894,41.51,32.28,35.05,38.74,36.89,29.52,27.67
3895,45.0,35.0,38.0,42.0,40.0,32.0,30.0
3896,48.49,37.72,40.95,45.26,43.11,34.48,32.33
3897,51.75,40.25,43.7,48.3,46.0,36.8,34.5
3898,54.55,42.42,46.06,50.91,48.49,38.79,36.36
3899,56.69,44.09,47.87,52.91,50.39,40.31,37.79
3900,58.04,45.14,49.01,54.17,51.59,41.27,38.69
3901,58.5,45.5,49.4,54.6,52.0,41.6,39.0
3902,58.04,45.14,49.01,54.17,51.59,41.27,38.69
3903,56.69,44.09,47.87,52.91,50.39,40.31,37.79
3904,54.55,42.42,46.06,50.91,48.49,38.79,36.36
3905,51.75,40.25,43.7,48.3,46.0,36.8,34.5
3906,48.49,37.72,40.95,45.26,43.11,34.48,32.33
3907,45.0,35.0,38.0,42.0,40.0,32.0,30.0
3908,41.51,32.28,35.05,38.74,36.89,29.52,27.67
3909,38.25,29.75,32.3,35.7,34.0,27.2,25.5
3910,35.45,27.58,29.94,33.09,31.51,25.21,23.64
3911,33.31,25.91,28.13,31.09,29.61,23.69,22.21
3912,31.96,24.86,26.99,29.83,28.41,22.73,21.31
3913,31.5,24.5,26.6,29.4,28.0,22.4,21.0
3914,31.96,24.86,26.99,29.83,28.41,22.73,21.31
3915,33.31,25.91,28.13,31.09,29.61,23.69,22.21
3916,35.45,27.58,29.94,33.09,31.51,25.21,23.64
3917,38.25,29.75,32.3,35.7,34.0,27.2,25.5
3918,41.51,32.28,35.05,38.74,36.89,29.52,27.67
3919,45.0,35.0,38.0,42.0,40.0,32.0,30.0
3920,48.49,37.72,40.95,45.26,43.11,34.48,32.33
3921,51.75,40.25,43.7,48.3,46.0,36.8,34.5
3922,54.55,42.42,46.06,50.91,48.49,38.79,36.36
3923,56.69,44.09,47.87,52.91,50.39,40.31,37.79
3924,58.04,45.14,49.01,54.17,51.59,41.27,38.69
3925,58.5,45.5,49.4,54.6,52.0,41.6,39.0
3926,58.04,45.14,49.01,54.17,51.59,41.27,38.69
3927,56.69,44.09,47.87,52.91,50.39,40.31,37.79
3928,54.55,42.42,46.06,50.91,48.49,38.79,36.36
3929,51.75,40.25,43.7,48.3,46.0,36.8,34.5
3930,48.49,37.72,40.95,45.26,43.11,34.48,32.33
3931,45.0,35.0,38.0,42.0,40.0,32.0,30.0
3932,41.51,32.28,35.05,38.74,36.89,29.52,27.67
3933,38.25,29.75,32.3,35.7,34.0,27.2,25.5
3934,35.45,27.58,29.94,33.09,31.51,25.21,23.64
3935,33.31,25.91,28.13,31.09,29.61,23.69,22.21
3936,31.96,24.86,26.99,29.83,28.41,22.73,21.31
3937,31.5,24.5,26.6,29.4,28.0,22.4,21.0
3938,31.96,24.86,26.99,29.83,28.41,22.73,21.31
3939,33.31,25.91,28.13,31.09,29.61,23.69,22.21
3940,35.45,27.58,29.94,33.09,31.51,25.21,23.64
3941,38.25,29.75,32.3,35.7,34.0,27.2,25.5
3942,41.51,32.28,35.05,38.74,36.89,29.52,27.67
3943,45.0,35.0,38.0,42.0,40.0,32.0,30.0
3944,48.49,37.72,40.95,45.26,43.11,34.48,32.33
3945,51.75,40.25,43.7,48.3,46.0,36.8,34.5
3946,54.55,42.42,46.06,50.91,48.49,38.79,36.36
3947,56.69,44.09,47.87,52.91,50.39,40.31,37.79
3948,58.04,45.14,49.01,54.17,51.59,41.27,38.69
3949,58.5,45.5,49.4,54.6,52.0,41.6,39.0
3950,58.04,45.14,49.01,54.17,51.59,41.27,38.69
3951,56.69,44.09,47.87,52.91,50.39,40.31,37.79
3952,54.55,42.42,46.06,50.91,48.49,38.79,36.36
3953,51.75,40.25,43.7,48.3,46.0,36.8,34.5
3954,48.49,37.72,40.95,45.26,43.11,34.48,32.33
3955,45.0,35.0,38.0,42.0,40.0,32.0,30.0
3956,41.51,32.28,35.05,38.74,36.89,29.52,27.67
3957,38.25,29.75,32.3,35.7,34.0,27.2,25.5
3958,35.45,27.58,29.94,33.09,31.51,25.21,23.64
3959,33.31,25.91,28.13,31.09,29.61,23.69,22.21
3960,31.96,24.86,26.99,29.83,28.41,22.73,21.31
3961,31.5,24.5,26.6,29.4,28.0,22.4,21.0
3962,31.96,24.86,26.99,29.83,28.41,22.73,21.31
3963,33.31,25.91,28.13,31.09,29.61,23.69,22.21
3964,35.45,27.58,29.94,33.09,31.51,25.21,23.64
3965,38.25,29.75,32.3,35.7,34.0,27.2,25.5
3966,41.51,32.28,35.05,38.74,36.89,29.52,27.67
3967,45.0,35.0,38.0,42.0,40.0,32.0,30.0
3968,48.49,37.72,40.95,45.26,43.11,34.48,32.33
3969,51.75,40.25,43.7,48.3,46.0,36.8,34.5
3970,54.55,42.42,46.06,50.91,48.49,38.79,36.36
3971,56.69,44.09,47.87,52.91,50.39,40.31,37.79
3972,58.04,45.14,49.01,54.17,51.59,41.27,38.69
3973,58.5,45.5,49.4,54.6,52.0,41.6,39.0
3974,58.04,45.14,49.01,54.17,51.59,41.27,38.69
3975,56.69,44.09,47.87,52.91,50.39,40.31,37.79
3976,54.55,42.42,46.06,50.91,48.49,38.79,36.36
3977,51.75,40.25,43.7,48.3,46.0,36.8,34.5
3978,48.49,37.72,40.95,45.26,43.11,34.48,32.33
3979,45.0,35.0,38.0,42.0,40.0,32.0,30.0
3980,41.51,32.28,35.05,38.74,36.89,29.52,27.67
3981,38.25,29.75,32.3,35.7,34.0,27.2,25.5
3982,35.45,27.58,29.94,33.09,31.51,25.21,23.64
3983,33.31,25.91,28.13,31.09,29.61,23.69,22.21
3984,31.96,24.86,26.99,29.83,28.41,22.73,21.31
3985,31.5,24.5,26.6,29.4,28.0,22.4,21.0
3986,31.96,24.86,26.99,29.83,28.41,22.73,21.31
3987,33.31,25.91,28.13,31.09,29.61,23.69,22.21
3988,35.45,27.58,29.94,33.09,31.51,25.21,23.64
3989,38.25,29.75,32.3,35.7,34.0,27.2,25.5
3990,41.51,32.28,35.05,38.74,36.89,29.52,27.67
3991,45.0,35.0,38.0,42.0,40.0,32.0,30.0
3992,48.49,37.72,40.95,45.26,43.11,34.48,32.33
3993,51.75,40.25,43.7,48.3,46.0,36.8,34.5
3994,54.55,42.42,46.06,50.91,48.49,38.79,36.36
3995,56.69,44.09,47.87,52.91,50.39,40.31,37.79
3996,58.04,45.14,49.01,54.17,51.59,41.27,38.69
3997,58.5,45.5,49.4,54.6,52.0,41.6,39.0
3998,58.04,45.14,49.01,54.17,51.59,41.27,38.69
3999,56.69,44.09,47.87,52.91,50.39,40.31,37.79
4000,54.55,42.42,46.06,50.91,48.49,38.79,36.36
4001,51.75,40.25,43.7,48.3,46.0,36.8,34.5
4002,48.49,37.72,40.95,45.26,43.11,34.48,32.33
4003,45.0,35.0,38.0,42.0,40.0,32.0,30.0
4004,41.51,32.28,35.05,38.74,36.89,29.52,27.67
4005,38.25,29.75,32.3,35.7,34.0,27.2,25.5
4006,35.45,27.58,29.94,33.09,31.51,25.21,23.64
4007,33.31,25.91,28.13,31.09,29.61,23.69,22.21
4008,31.96,24.86,26.99,29.83,28.41,22.73,21.31
4009,31.5,24.5,26.6,29.4,28.0,22.4,21.0
4010,31.96,24.86,26.99,29.83,28.41,22.73,21.31
4011,33.31,25.91,28.13,31.09,29.61,23.69,22.21
4012,35.45,27.58,29.94,33.09,31.51,25.21,23.64
4013,38.25,29.75,32.3,35.7,34.0,27.2,25.5
4014,41.51,32.28,35.05,38.74,36.89,29.52,27.67
4015,45.0,35.0,38.0,42.0,40.0,32.0,30.0
4016,48.49,37.72,40.95,45.26,43.11,34.48,32.33
4017,51.75,40.25,43.7,48.3,46.0,36.8,34.5
4018,54.55,42.42,46.06,50.91,48.49,38.79,36.36
4019,56.69,44.09,47.87,52.91,50.39,40.31,37.79
4020,58.04,45.14,49.01,54.17,51.59,41.27,38.69
4021,58.5,45.5,49.4,54.6,52.0,41.6,39.0
4022,58.04,45.14,49.01,54.17,51.59,41.27,38.69
4023,56.69,44.09,47.87,52.91,50.39,40.31,37.79
4024,54.55,42.42,46.06,50.91,48.49,38.79,36.36
4025,51.75,40.25,43.7,48.3,46.0,36.8,34.5
4026,48.49,37.72,40.95,45.26,43.11,34.48,32.33
4027,45.0,35.0,38.0,42.0,40.0,32.0,30.0
4028,41.51,32.28,35.05,38.74,36.89,29.52,27.67
4029,38.25,29.75,32.3,35.7,34.0,27.2,25.5
4030,35.45,27.58,29.94,33.09,31.51,25.21,23.64
4031,33.31,25.91,28.13,31.09,29.61,23.69,22.21
4032,31.96,24.86,26.99,29.83,28.41,22.73,21.31
4033,31.5,24.5,26.6,29.4,28.0,22.4,21.0
4034,31.96,24.86,26.99,29.83,28.41,22.73,21.31
4035,33.31,25.91,28.13,31.09,29.61,23.69,22.21
4036,35.45,27.58,29.94,33.09,31.51,25.21,23.64
4037,38.25,29.75,32.3,35.7,34.0,27.2,25.5
4038,41.51,32.28,35.05,38.74,36.89,29.52,27.67
4039,45.0,35.0,38.0,42.0,40.0,32.0,30.0
4040,48.49,37.72,40.95,45.26,43.11,34.48,32.33
4041,51.75,40.25,43.7,48.3,46.0,36.8,34.5
4042,54.55,42.42,46.06,50.91,48.49,38.79,36.36
4043,56.69,44.09,47.87,52.91,50.39,40.31,37.79
4044,58.04,45.14,49.01,54.17,51.59,41.27,38.69
4045,58.5,45.5,49.4,54.6,52.0,41.6,39.0
4046,58.04,45.14,49.01,54.17,51.59,41.27,38.69
4047,56.69,44.09,47.87,52.91,50.39,40.31,37.79
4048,54.55,42.42,46.06,50.91,48.49,38.79,36.36
4049,51.75,40.25,43.7,48.3,46.0,36.8,34.5
4050,48.49,37.72,40.95,45.26,43.11,34.48,32.33
4051,45.0,35.0,38.0,42.0,40.0,32.0,30.0
4052,41.51,32.28,35.05,38.74,36.89,29.52,27.67
4053,38.25,29.75,32.3,35.7,34.0,27.2,25.5
4054,35.45,27.58,29.94,33.09,31.51,25.21,23.64
4055,33.31,25.91,28.13,31.09,29.61,23.69,22.21
4056,31.96,24.86,26.99,29.83,28.41,22.73,21.31
4057,31.5,24.5,26.6,29.4,28.0,22.4,21.0
4058,31.96,24.86,26.99,29.83,28.41,22.73,21.31
4059,33.31,25.91,28.13,31.09,29.61,23.69,22.21
4060,35.45,27.58,29.94,33.09,31.51,25.21,23.64
4061,38.25,29.75,32.3,35.7,34.0,27.2,25.5
4062,41.51,32.28,35.05,38.74,36.89,29.52,27.67
4063,45.0,35.0,38.0,42.0,40.0,32.0,30.0
4064,48.49,37.72,40.95,45.26,43.11,34.48,32.33
4065,51.75,40.25,43.7,48.3,46.0,36.8,34.5
4066,54.55,42.42,46.06,50.91,48.49,38.79,36.36
4067,56.69,44.09,47.87,52.91,50.39,40.31,37.79
4068,58.04,45.14,49.01,54.17,51.59,41.27,38.69
4069,58.5,45.5,49.4,54.6,52.0,41.6,39.0
4070,58.04,45.14,49.01,54.17,51.59,41.27,38.69
4071,56.69,44.09,47.87,52.91,50.39,40.31,37.79
4072,54.55,42.42,46.06,50.91,48.49,38.79,36.36
4073,51.75,40.25,43.7,48.3,46.0,36.8,34.5
4074,48.49,37.72,40.95,45.26,43.11,34.48,32.33
4075,45.0,35.0,38.0,42.0,40.0,32.0,30.0
4076,41.51,32.28,35.05,38.74,36.89,29.52,27.67
4077,38.25,29.75,32.3,35.7,34.0,27.2,25.5
4078,35.45,27.58,29.94,33.09,31.51,25.21,23.64
4079,33.31,25.91,28.13,31.09,29.61,23.69,22.21
4080,31.96,24.86,26.99,29.83,28.41,22.73,21.31
4081,31.5,24.5,26.6,29.4,28.0,22.4,21.0
4082,31.96,24.86,26.99,29.83,28.41,22.73,21.31
4083,33.31,25.91,28.13,31.09,29.61,23.69,22.21
4084,35.45,27.58,29.94,33.09,31.51,25.21,23.64
4085,38.25,29.75,32.3,35.7,34.0,27.2,25.5
4086,41.51,32.28,35.05,38.74,36.89,29.52,27.67
4087,45.0,35.0,38.0,42.0,40.0,32.0,30.0
4088,48.49,37.72,40.95,45.26,43.11,34.48,32.33
4089,51.75,40.25,43.7,48.3,46.0,36.8,34.5
4090,54.55,42.42,46.06,50.91,48.49,38.79,36.36
4091,56.69,44.09,47.87,52.91,50.39,40.31,37.79
4092,58.04,45.14,49.01,54.17,51.59,41.27,38.69
4093,58.5,45.5,49.4,54.6,52.0,41.6,39.0
4094,58.04,45.14,49.01,54.17,51.59,41.27,38.69
4095,56.69,44.09,47.87,52.91,50.39,40.31,37.79
4096,54.55,42.42,46.06,50.91,48.49,38.79,36.36
4097,51.75,40.25,43.7,48.3,46.0,36.8,34.5
4098,48.49,37.72,40.95,45.26,43.11,34.48,32.33
4099,45.0,35.0,38.0,42.0,40.0,32.0,30.0
4100,41.51,32.28,35.05,38.74,36.89,29.52,27.67
4101,38.25,29.75,32.3,35.7,34.0,27.2,25.5
4102,35.45,27.58,29.94,33.09,31.51,25.21,23.64
4103,33.31,25.91,28.13,31.09,29.61,23.69,22.21
4104,31.96,24.86,26.99,29.83,28.41,22.73,21.31
4105,31.5,24.5,26.6,29.4,28.0,22.4,21.0
4106,31.96,24.86,26.99,29.83,28.41,22.73,21.31
4107,33.31,25.91,28.13,31.09,29.61,23.69,22.21
4108,35.45,27.58,29.94,33.09,31.51,25.21,23.64
4109,38.25,29.75,32.3,35.7,34.0,27.2,25.5
4110,41.51,32.28,35.05,38.74,36.89,29.52,27.67
4111,45.0,35.0,38.0,42.0,40.0,32.0,30.0
4112,48.49,37.72,40.95,45.26,43.11,34.48,32.33
4113,51.75,40.25,43.7,48.3,46.0,36.8,34.5
4114,54.55,42.42,46.06,50.91,48.49,38.79,36.36
4115,56.69,44.09,47.87,52.91,50.39,40.31,37.79
4116,58.04,45.14,49.01,54.17,51.59,41.27,38.69
4117,58.5,45.5,49.4,54.6,52.0,41.6,39.0
4118,58.04,45.14,49.01,54.17,51.59,41.27,38.69
4119,56.69,44.09,47.87,52.91,50.39,40.31,37.79
4120,54.55,42.42,46.06,50.91,48.49,38.79,36.36
4121,51.75,40.25,43.7,48.3,46.0,36.8,34.5
4122,48.49,37.72,40.95,45.26,43.11,34.48,32.33
4123,45.0,35.0,38.0,42.0,40.0,32.0,30.0
4124,41.51,32.28,35.05,38.74,36.89,29.52,27.67
4125,38.25,29.75,32.3,35.7,34.0,27.2,25.5
4126,35.45,27.58,29.94,33.09,31.51,25.21,23.64
4127,33.31,25.91,28.13,31.09,29.61,23.69,22.21
4128,31.96,24.86,26.99,29.83,28.41,22.73,21.31
4129,31.5,24.5,26.6,29.4,28.0,22.4,21.0
4130,31.96,24.86,26.99,29.83,28.41,22.73,21.31
4131,33.31,25.91,28.13,31.09,29.61,23.69,22.21
4132,35.45,27.58,29.94,33.09,31.51,25.21,23.64
4133,38.25,29.75,32.3,35.7,34.0,27.2,25.5
4134,41.51,32.28,35.05,38.74,36.89,29.52,27.67
4135,45.0,35.0,38.0,42.0,40.0,32.0,30.0
4136,48.49,37.72,40.95,45.26,43.11,34.48,32.33
4137,51.75,40.25,43.7,48.3,46.0,36.8,34.5
4138,54.55,42.42,46.06,50.91,48.49,38.79,36.36
4139,56.69,44.09,47.87,52.91,50.39,40.31,37.79
4140,58.04,45.14,49.01,54.17,51.59,41.27,38.69
4141,58.5,45.5,49.4,54.6,52.0,41.6,39.0
4142,58.04,45.14,49.01,54.17,51.59,41.27,38.69
4143,56.69,44.09,47.87,52.91,50.39,40.31,37.79
4144,54.55,42.42,46.06,50.91,48.49,38.79,36.36
4145,51.75,40.25,43.7,48.3,46.0,36.8,34.5
4146,48.49,37.72,40.95,45.26,43.11,34.48,32.33
4147,45.0,35.0,38.0,42.0,40.0,32.0,30.0
4148,41.51,32.28,35.05,38.74,36.89,29.52,27.67
4149,38.25,29.75,32.3,35.7,34.0,27.2,25.5
4150,35.45,27.58,29.94,33.09,31.51,25.21,23.64
4151,33.31,25.91,28.13,31.09,29.61,23.69,22.21
4152,31.96,24.86,26.99,29.83,28.41,22.73,21.31
4153,31.5,24.5,26.6,29.4,28.0,22.4,21.0
4154,31.96,24.86,26.99,29.83,28.41,22.73,21.31
4155,33.31,25.91,28.13,31.09,29.61,23.69,22.21
4156,35.45,27.58,29.94,33.09,31.51,25.21,23.64
4157,38.25,29.75,32.3,35.7,34.0,27.2,25.5
4158,41.51,32.28,35.05,38.74,36.89,29.52,27.67
4159,45.0,35.0,38.0,42.0,40.0,32.0,30.0
4160,48.49,37.72,40.95,45.26,43.11,34.48,32.33
4161,51.75,40.25,43.7,48.3,46.0,36.8,34.5
4162,54.55,42.42,46.06,50.91,48.49,38.79,36.36
4163,56.69,44.09,47.87,52.91,50.39,40.31,37.79
4164,58.04,45.14,49.01,54.17,51.59,41.27,38.69
4165,58.5,45.5,49.4,54.6,52.0,41.6,39.0
4166,58.04,45.14,49.01,54.17,51.59,41.27,38.69
4167,56.69,44.09,47.87,52.91,50.39,40.31,37.79
4168,54.55,42.42,46.06,50.91,48.49,38.79,36.36
4169,51.75,40.25,43.7,48.3,46.0,36.8,34.5
4170,48.49,37.72,40.95,45.26,43.11,34.48,32.33
4171,45.0,35.0,38.0,42.0,40.0,32.0,30.0
4172,41.51,32.28,35.05,38.74,36.89,29.52,27.67
4173,38.25,29.75,32.3,35.7,34.0,27.2,25.5
4174,35.45,27.58,29.94,33.09,31.51,25.21,23.64
4175,33.31,25.91,28.13,31.09,29.61,23.69,22.21
4176,31.96,24.86,26.99,29.83,28.41,22.73,21.31
4177,31.5,24.5,26.6,29.4,28.0,22.4,21.0
4178,31.96,24.86,26.99,29.83,28.41,22.73,21.31
4179,33.31,25.91,28.13,31.09,29.61,23.69,22.21
4180,35.45,27.58,29.94,33.09,31.51,25.21,23.64
4181,38.25,29.75,32.3,35.7,34.0,27.2,25.5
4182,41.51,32.28,35.05,38.74,36.89,29.52,27.67
4183,45.0,35.0,38.0,42.0,40.0,32.0,30.0
4184,48.49,37.72,40.95,45.26,43.11,34.48,32.33
4185,51.75,40.25,43.7,48.3,46.0,36.8,34.5
4186,54.55,42.42,46.06,50.91,48.49,38.79,36.36
4187,56.69,44.09,47.87,52.91,50.39,40.31,37.79
4188,58.04,45.14,49.01,54.17,51.59,41.27,38.69
4189,58.5,45.5,49.4,54.6,52.0,41.6,39.0
4190,58.04,45.14,49.01,54.17,51.59,41.27,38.69
4191,56.69,44.09,47.87,52.91,50.39,40.31,37.79
4192,54.55,42.42,46.06,50.91,48.49,38.79,36.36
4193,51.75,40.25,43.7,48.3,46.0,36.8,34.5
4194,48.49,37.72,40.95,45.26,43.11,34.48,32.33
4195,45.0,35.0,38.0,42.0,40.0,32.0,30.0
4196,41.51,32.28,35.05,38.74,36.89,29.52,27.67
4197,38.25,29.75,32.3,35.7,34.0,27.2,25.5
4198,35.45,27.58,29.94,33.09,31.51,25.21,23.64
4199,33.31,25.91,28.13,31.09,29.61,23.69,22.21
4200,31.96,24.86,26.99,29.83,28.41,22.73,21.31
4201,31.5,24.5,26.6,29.4,28.0,22.4,21.0
4202,31.96,24.86,26.99,29.83,28.41,22.73,21.31
4203,33.31,25.91,28.13,31.09,29.61,23.69,22.21
4204,35.45,27.58,29.94,33.09,31.51,25.21,23.64
4205,38.25,29.75,32.3,35.7,34.0,27.2,25.5
4206,41.51,32.28,35.05,38.74,36.89,29.52,27.67
4207,45.0,35.0,38.0,42.0,40.0,32.0,30.0
4208,48.49,37.72,40.95,45.26,43.11,34.48,32.33
4209,51.75,40.25,43.7,48.3,46.0,36.8,34.5
4210,54.55,42.42,46.06,50.91,48.49,38.79,36.36
4211,56.69,44.09,47.87,52.91,50.39,40.31,37.79
4212,58.04,45.14,49.01,54.17,51.59,41.27,38.69
4213,58.5,45.5,49.4,54.6,52.0,41.6,39.0
4214,58.04,45.14,49.01,54.17,51.59,41.27,38.69
4215,56.69,44.09,47.87,52.91,50.39,40.31,37.79
4216,54.55,42.42,46.06,50.91,48.49,38.79,36.36
4217,51.75,40.25,43.7,48.3,46.0,36.8,34.5
4218,48.49,37.72,40.95,45.26,43.11,34.48,32.33
4219,45.0,35.0,38.0,42.0,40.0,32.0,30.0
4220,41.51,32.28,35.05,38.74,36.89,29.52,27.67
4221,38.25,29.75,32.3,35.7,34.0,27.2,25.5
4222,35.45,27.58,29.94,33.09,31.51,25.21,23.64
4223,33.31,25.91,28.13,31.09,29.61,23.69,22.21
4224,31.96,24.86,26.99,29.83,28.41,22.73,21.31
4225,31.5,24.5,26.6,29.4,28.0,22.4,21.0
4226,31.96,24.86,26.99,29.83,28.41,22.73,21.31
4227,33.31,25.91,28.13,31.09,29.61,23.69,22.21
4228,35.45,27.58,29.94,33.09,31.51,25.21,23.64
4229,38.25,29.75,32.3,35.7,34.0,27.2,25.5
4230,41.51,32.28,35.05,38.74,36.89,29.52,27.67
4231,45.0,35.0,38.0,42.0,40.0,32.0,30.0
4232,48.49,37.72,40.95,45.26,43.11,34.48,32.33
4233,51.75,40.25,43.7,48.3,46.0,36.8,34.5
4234,54.55,42.42,46.06,50.91,48.49,38.79,36.36
4235,56.69,44.09,47.87,52.91,50.39,40.31,37.79
4236,58.04,45.14,49.01,54.17,51.59,41.27,38.69
4237,58.5,45.5,49.4,54.6,52.0,41.6,39.0
4238,58.04,45.14,49.01,54.17,51.59,41.27,38.69
4239,56.69,44.09,47.87,52.91,50.39,40.31,37.79
4240,54.55,42.42,46.06,50.91,48.49,38.79,36.36
4241,51.75,40.25,43.7,48.3,46.0,36.8,34.5
4242,48.49,37.72,40.95,45.26,43.11,34.48,32.33
4243,45.0,35.0,38.0,42.0,40.0,32.0,30.0
4244,41.51,32.28,35.05,38.74,36.89,29.52,27.67
4245,38.25,29.75,32.3,35.7,34.0,27.2,25.5
4246,35.45,27.58,29.94,33.09,31.51,25.21,23.64
4247,33.31,25.91,28.13,31.09,29.61,23.69,22.21
4248,31.96,24.86,26.99,29.83,28.41,22.73,21.31
4249,31.5,24.5,26.6,29.4,28.0,22.4,21.0
4250,31.96,24.86,26.99,29.83,28.41,22.73,21.31
4251,33.31,25.91,28.13,31.09,29.61,23.69,22.21
4252,35.45,27.58,29.94,33.09,31.51,25.21,23.64
4253,38.25,29.75,32.3,35.7,34.0,27.2,25.5
4254,41.51,32.28,35.05,38.74,36.89,29.52,27.67
4255,45.0,35.0,38.0,42.0,40.0,32.0,30.0
4256,48.49,37.72,40.95,45.26,43.11,34.48,32.33
4257,51.75,40.25,43.7,48.3,46.0,36.8,34.5
4258,54.55,42.42,46.06,50.91,48.49,38.79,36.36
4259,56.69,44.09,47.87,52.91,50.39,40.31,37.79
4260,58.04,45.14,49.01,54.17,51.59,41.27,38.69
4261,58.5,45.5,49.4,54.6,52.0,41.6,39.0
4262,58.04,45.14,49.01,54.17,51.59,41.27,38.69
4263,56.69,44.09,47.87,52.91,50.39,40.31,37.79
4264,54.55,42.42,46.06,50.91,48.49,38.79,36.36
4265,51.75,40.25,43.7,48.3,46.0,36.8,34.5
4266,48.49,37.72,40.95,45.26,43.11,34.48,32.33
4267,45.0,35.0,38.0,42.0,40.0,32.0,30.0
4268,41.51,32.28,35.05,38.74,36.89,29.52,27.67
4269,38.25,29.75,32.3,35.7,34.0,27.2,25.5
4270,35.45,27.58,29.94,33.09,31.51,25.21,23.64
4271,33.31,25.91,28.13,31.09,29.61,23.69,22.21
4272,31.96,24.86,26.99,29.83,28.41,22.73,21.31
4273,31.5,24.5,26.6,29.4,28.0,22.4,21.0
4274,31.96,24.86,26.99,29.83,28.41,22.73,21.31
4275,33.31,25.91,28.13,31.09,29.61,23.69,22.21
4276,35.45,27.58,29.94,33.09,31.51,25.21,23.64
4277,38.25,29.75,32.3,35.7,34.0,27.2,25.5
4278,41.51,32.28,35.05,38.74,36.89,29.52,27.67
4279,45.0,35.0,38.0,42.0,40.0,32.0,30.0
4280,48.49,37.72,40.95,45.26,43.11,34.48,32.33
4281,51.75,40.25,43.7,48.3,46.0,36.8,34.5
4282,54.55,42.42,46.06,50.91,48.49,38.79,36.36
4283,56.69,44.09,47.87,52.91,50.39,40.31,37.79
4284,58.04,45.14,49.01,54.17,51.59,41.27,38.69
4285,58.5,45.5,49.4,54.6,52.0,41.6,39.0
4286,58.04,45.14,49.01,54.17,51.59,41.27,38.69
4287,56.69,44.09,47.87,52.91,50.39,40.31,37.79
4288,54.55,42.42,46.06,50.91,48.49,38.79,36.36
4289,51.75,40.25,43.7,48.3,46.0,36.8,34.5
4290,48.49,37.72,40.95,45.26,43.11,34.48,32.33
4291,45.0,35.0,38.0,42.0,40.0,32.0,30.0
4292,41.51,32.28,35.05,38.74,36.89,29.52,27.67
4293,38.25,29.75,32.3,35.7,34.0,27.2,25.5
4294,35.45,27.58,29.94,33.09,31.51,25.21,23.64
4295,33.31,25.91,28.13,31.09,29.61,23.69,22.21
4296,31.96,24.86,26.99,29.83,28.41,22.73,21.31
4297,31.5,24.5,26.6,29.4,28.0,22.4,21.0
4298,31.96,24.86,26.99,29.83,28.41,22.73,21.31
4299,33.31,25.91,28.13,31.09,29.61,23.69,22.21
4300,35.45,27.58,29.94,33.09,31.51,25.21,23.64
4301,38.25,29.75,32.3,35.7,34.0,27.2,25.5
4302,41.51,32.28,35.05,38.74,36.89,29.52,27.67
4303,45.0,35.0,38.0,42.0,40.0,32.0,30.0
4304,48.49,37.72,40.95,45.26,43.11,34.48,32.33
4305,51.75,40.25,43.7,48.3,46.0,36.8,34.5
4306,54.55,42.42,46.06,50.91,48.49,38.79,36.36
4307,56.69,44.09,47.87,52.91,50.39,40.31,37.79
4308,58.04,45.14,49.01,54.17,51.59,41.27,38.69
4309,58.5,45.5,49.4,54.6,52.0,41.6,39.0
4310,58.04,45.14,49.01,54.17,51.59,41.27,38.69
4311,56.69,44.09,47.87,52.91,50.39,40.31,37.79
4312,54.55,42.42,46.06,50.91,48.49,38.79,36.36
4313,51.75,40.25,43.7,48.3,46.0,36.8,34.5
4314,48.49,37.72,40.95,45.26,43.11,34.48,32.33
4315,45.0,35.0,38.0,42.0,40.0,32.0,30.0
4316,41.51,32.28,35.05,38.74,36.89,29.52,27.67
4317,38.25,29.75,32.3,35.7,34.0,27.2,25.5
4318,35.45,27.58,29.94,33.09,31.51,25.21,23.64
4319,33.31,25.91,28.13,31.09,29.61,23.69,22.21
4320,31.96,24.86,26.99,29.83,28.41,22.73,21.31
4321,31.5,24.5,26.6,29.4,28.0,22.4,21.0
4322,31.96,24.86,26.99,29.83,28.41,22.73,21.31
4323,33.31,25.91,28.13,31.09,29.61,23.69,22.21
4324,35.45,27.58,29.94,33.09,31.51,25.21,23.64
4325,38.25,29.75,32.3,35.7,34.0,27.2,25.5
4326,41.51,32.28,35.05,38.74,36.89,29.52,27.67
4327,45.0,35.0,38.0,42.0,40.0,32.0,30.0
4328,48.49,37.72,40.95,45.26,43.11,34.48,32.33
4329,51.75,40.25,43.7,48.3,46.0,36.8,34.5
4330,54.55,42.42,46.06,50.91,48.49,38.79,36.36
4331,56.69,44.09,47.87,52.91,50.39,40.31,37.79
4332,58.04,45.14,49.01,54.17,51.59,41.27,38.69
4333,58.5,45.5,49.4,54.6,52.0,41.6,39.0
4334,58.04,45.14,49.01,54.17,51.59,41.27,38.69
4335,56.69,44.09,47.87,52.91,50.39,40.31,37.79
4336,54.55,42.42,46.06,50.91,48.49,38.79,36.36
4337,51.75,40.25,43.7,48.3,46.0,36.8,34.5
4338,48.49,37.72,40.95,45.26,43.11,34.48,32.33
4339,45.0,35.0,38.0,42.0,40.0,32.0,30.0
4340,41.51,32.28,35.05,38.74,36.89,29.52,27.67
4341,38.25,29.75,32.3,35.7,34.0,27.2,25.5
4342,35.45,27.58,29.94,33.09,31.51,25.21,23.64
4343,33.31,25.91,28.13,31.09,29.61,23.69,22.21
4344,31.96,24.86,26.99,29.83,28.41,22.73,21.31
4345,31.5,24.5,26.6,29.4,28.0,22.4,21.0
4346,31.96,24.86,26.99,29.83,28.41,22.73,21.31
4347,33.31,25.91,28.13,31.09,29.61,23.69,22.21
4348,35.45,27.58,29.94,33.09,31.51,25.21,23.64
4349,38.25,29.75,32.3,35.7,34.0,27.2,25.5
4350,41.51,32.28,35.05,38.74,36.89,29.52,27.67
4351,45.0,35.0,38.0,42.0,40.0,32.0,30.0
4352,48.49,37.72,40.95,45.26,43.11,34.48,32.33
4353,51.75,40.25,43.7,48.3,46.0,36.8,34.5
4354,54.55,42.42,46.06,50.91,48.49,38.79,36.36
4355,56.69,44.09,47.87,52.91,50.39,40.31,37.79
4356,58.04,45.14,49.01,54.17,51.59,41.27,38.69
4357,58.5,45.5,49.4,54.6,52.0,41.6,39.0
4358,58.04,45.14,49.01,54.17,51.59,41.27,38.69
4359,56.69,44.09,47.87,52.91,50.39,40.31,37.79
4360,54.55,42.42,46.06,50.91,48.49,38.79,36.36
4361,51.75,40.25,43.7,48.3,46.0,36.8,34.5
4362,48.49,37.72,40.95,45.26,43.11,34.48,32.33
4363,45.0,35.0,38.0,42.0,40.0,32.0,30.0
4364,41.51,32.28,35.05,38.74,36.89,29.52,27.67
4365,38.25,29.75,32.3,35.7,34.0,27.2,25.5
4366,35.45,27.58,29.94,33.09,31.51,25.21,23.64
4367,33.31,25.91,28.13,31.09,29.61,23.69,22.21
4368,31.96,24.86,26.99,29.83,28.41,22.73,21.31
4369,31.5,24.5,26.6,29.4,28.0,22.4,21.0
4370,31.96,24.86,26.99,29.83,28.41,22.73,21.31
4371,33.31,25.91,28.13,31.09,29.61,23.69,22.21
4372,35.45,27.58,29.94,33.09,31.51,25.21,23.64
4373,38.25,29.75,32.3,35.7,34.0,27.2,25.5
4374,41.51,32.28,35.05,38.74,36.89,29.52,27.67
4375,45.0,35.0,38.0,42.0,40.0,32.0,30.0
4376,48.49,37.72,40.95,45.26,43.11,34.48,32.33
4377,51.75,40.25,43.7,48.3,46.0,36.8,34.5
4378,54.55,42.42,46.06,50.91,48.49,38.79,36.36
4379,56.69,44.09,47.87,52.91,50.39,40.31,37.79
4380,58.04,45.14,49.01,54.17,51.59,41.27,38.69
4381,58.5,45.5,49.4,54.6,52.0,41.6,39.0
4382,58.04,45.14,49.01,54.17,51.59,41.27,38.69
4383,56.69,44.09,47.87,52.91,50.39,40.31,37.79
4384,54.55,42.42,46.06,50.91,48.49,38.79,36.36
4385,51.75,40.25,43.7,48.3,46.0,36.8,34.5
4386,48.49,37.72,40.95,45.26,43.11,34.48,32.33
4387,45.0,35.0,38.0,42.0,40.0,32.0,30.0
4388,41.51,32.28,35.05,38.74,36.89,29.52,27.67
4389,38.25,29.75,32.3,35.7,34.0,27.2,25.5
4390,35.45,27.58,29.94,33.09,31.51,25.21,23.64
4391,33.31,25.91,28.13,31.09,29.61,23.69,22.21
4392,31.96,24.86,26.99,29.83,28.41,22.73,21.31
4393,31.5,24.5,26.6,29.4,28.0,22.4,21.0
4394,31.96,24.86,26.99,29.83,28.41,22.73,21.31
4395,33.31,25.91,28.13,31.09,29.61,23.69,22.21
4396,35.45,27.58,29.94,33.09,31.51,25.21,23.64
4397,38.25,29.75,32.3,35.7,34.0,27.2,25.5
4398,41.51,32.28,35.05,38.74,36.89,29.52,27.67
4399,45.0,35.0,38.0,42.0,40.0,32.0,30.0
4400,48.49,37.72,40.95,45.26,43.11,34.48,32.33
4401,51.75,40.25,43.7,48.3,46.0,36.8,34.5
4402,54.55,42.42,46.06,50.91,48.49,38.79,36.36
4403,56.69,44.09,47.87,52.91,50.39,40.31,37.79
4404,58.04,45.14,49.01,54.17,51.59,41.27,38.69
4405,58.5,45.5,49.4,54.6,52.0,41.6,39.0
4406,58.04,45.14,49.01,54.17,51.59,41.27,38.69
4407,56.69,44.09,47.87,52.91,50.39,40.31,37.79
4408,54.55,42.42,46.06,50.91,48.49,38.79,36.36
4409,51.75,40.25,43.7,48.3,46.0,36.8,34.5
4410,48.49,37.72,40.95,45.26,43.11,34.48,32.33
4411,45.0,35.0,38.0,42.0,40.0,32.0,30.0
4412,41.51,32.28,35.05,38.74,36.89,29.52,27.67
4413,38.25,29.75,32.3,35.7,34.0,27.2,25.5
4414,35.45,27.58,29.94,33.09,31.51,25.21,23.64
4415,33.31,25.91,28.13,31.09,29.61,23.69,22.21
4416,31.96,24.86,26.99,29.83,28.41,22.73,21.31
4417,31.5,24.5,26.6,29.4,28.0,22.4,21.0
4418,31.96,24.86,26.99,29.83,28.41,22.73,21.31
4419,33.31,25.91,28.13,31.09,29.61,23.69,22.21
4420,35.45,27.58,29.94,33.09,31.51,25.21,23.64
4421,38.25,29.75,32.3,35.7,34.0,27.2,25.5
4422,41.51,32.28,35.05,38.74,36.89,29.52,27.67
4423,45.0,35.0,38.0,42.0,40.0,32.0,30.0
4424,48.49,37.72,40.95,45.26,43.11,34.48,32.33
4425,51.75,40.25,43.7,48.3,46.0,36.8,34.5
4426,54.55,42.42,46.06,50.91,48.49,38.79,36.36
4427,56.69,44.09,47.87,52.91,50.39,40.31,37.79
4428,58.04,45.14,49.01,54.17,51.59,41.27,38.69
4429,58.5,45.5,49.4,54.6,52.0,41.6,39.0
4430,58.04,45.14,49.01,54.17,51.59,41.27,38.69
4431,56.69,44.09,47.87,52.91,50.39,40.31,37.79
4432,54.55,42.42,46.06,50.91,48.49,38.79,36.36
4433,51.75,40.25,43.7,48.3,46.0,36.8,34.5
4434,48.49,37.72,40.95,45.26,43.11,34.48,32.33
4435,45.0,35.0,38.0,42.0,40.0,32.0,30.0
4436,41.51,32.28,35.05,38.74,36.89,29.52,27.67
4437,38.25,29.75,32.3,35.7,34.0,27.2,25.5
4438,35.45,27.58,29.94,33.09,31.51,25.21,23.64
4439,33.31,25.91,28.13,31.09,29.61,23.69,22.21
4440,31.96,24.86,26.99,29.83,28.41,22.73,21.31
4441,31.5,24.5,26.6,29.4,28.0,22.4,21.0
4442,31.96,24.86,26.99,29.83,28.41,22.73,21.31
4443,33.31,25.91,28.13,31.09,29.61,23.69,22.21
4444,35.45,27.58,29.94,33.09,31.51,25.21,23.64
4445,38.25,29.75,32.3,35.7,34.0,27.2,25.5
4446,41.51,32.28,35.05,38.74,36.89,29.52,27.67
4447,45.0,35.0,38.0,42.0,40.0,32.0,30.0
4448,48.49,37.72,40.95,45.26,43.11,34.48,32.33
4449,51.75,40.25,43.7,48.3,46.0,36.8,34.5
4450,54.55,42.42,46.06,50.91,48.49,38.79,36.36
4451,56.69,44.09,47.87,52.91,50.39,40.31,37.79
4452,58.04,45.14,49.01,54.17,51.59,41.27,38.69
4453,58.5,45.5,49.4,54.6,52.0,41.6,39.0
4454,58.04,45.14,49.01,54.17,51.59,41.27,38.69
4455,56.69,44.09,47.87,52.91,50.39,40.31,37.79
4456,54.55,42.42,46.06,50.91,48.49,38.79,36.36
4457,51.75,40.25,43.7,48.3,46.0,36.8,34.5
4458,48.49,37.72,40.95,45.26,43.11,34.48,32.33
4459,45.0,35.0,38.0,42.0,40.0,32.0,30.0
4460,41.51,32.28,35.05,38.74,36.89,29.52,27.67
4461,38.25,29.75,32.3,35.7,34.0,27.2,25.5
4462,35.45,27.58,29.94,33.09,31.51,25.21,23.64
4463,33.31,25.91,28.13,31.09,29.61,23.69,22.21
4464,31.96,24.86,26.99,29.83,28.41,22.73,21.31
4465,31.5,24.5,26.6,29.4,28.0,22.4,21.0
4466,31.96,24.86,26.99,29.83,28.41,22.73,21.31
4467,33.31,25.91,28.13,31.09,29.61,23.69,22.21
4468,35.45,27.58,29.94,33.09,31.51,25.21,23.64
4469,38.25,29.75,32.3,35.7,34.0,27.2,25.5
4470,41.51,32.28,35.05,38.74,36.89,29.52,27.67
4471,45.0,35.0,38.0,42.0,40.0,32.0,30.0
4472,48.49,37.72,40.95,45.26,43.11,34.48,32.33
4473,51.75,40.25,43.7,48.3,46.0,36.8,34.5
4474,54.55,42.42,46.06,50.91,48.49,38.79,36.36
4475,56.69,44.09,47.87,52.91,50.39,40.31,37.79
4476,58.04,45.14,49.01,54.17,51.59,41.27,38.69
4477,58.5,45.5,49.4,54.6,52.0,41.6,39.0
4478,58.04,45.14,49.01,54.17,51.59,41.27,38.69
4479,56.69,44.09,47.87,52.91,50.39,40.31,37.79
4480,54.55,42.42,46.06,50.91,48.49,38.79,36.36
4481,51.75,40.25,43.7,48.3,46.0,36.8,34.5
4482,48.49,37.72,40.95,45.26,43.11,34.48,32.33
4483,45.0,35.0,38.0,42.0,40.0,32.0,30.0
4484,41.51,32.28,35.05,38.74,36.89,29.52,27.67
4485,38.25,29.75,32.3,35.7,34.0,27.2,25.5
4486,35.45,27.58,29.94,33.09,31.51,25.21,23.64
4487,33.31,25.91,28.13,31.09,29.61,23.69,22.21
4488,31.96,24.86,26.99,29.83,28.41,22.73,21.31
4489,31.5,24.5,26.6,29.4,28.0,22.4,21.0
4490,31.96,24.86,26.99,29.83,28.41,22.73,21.31
4491,33.31,25.91,28.13,31.09,29.61,23.69,22.21
4492,35.45,27.58,29.94,33.09,31.51,25.21,23.64
4493,38.25,29.75,32.3,35.7,34.0,27.2,25.5
4494,41.51,32.28,35.05,38.74,36.89,29.52,27.67
4495,45.0,35.0,38.0,42.0,40.0,32.0,30.0
4496,48.49,37.72,40.95,45.26,43.11,34.48,32.33
4497,51.75,40.25,43.7,48.3,46.0,36.8,34.5
4498,54.55,42.42,46.06,50.91,48.49,38.79,36.36
4499,56.69,44.09,47.87,52.91,50.39,40.31,37.79
4500,58.04,45.14,49.01,54.17,51.59,41.27,38.69
4501,58.5,45.5,49.4,54.6,52.0,41.6,39.0
4502,58.04,45.14,49.01,54.17,51.59,41.27,38.69
4503,56.69,44.09,47.87,52.91,50.39,40.31,37.79
4504,54.55,42.42,46.06,50.91,48.49,38.79,36.36
4505,51.75,40.25,43.7,48.3,46.0,36.8,34.5
4506,48.49,37.72,40.95,45.26,43.11,34.48,32.33
4507,45.0,35.0,38.0,42.0,40.0,32.0,30.0
4508,41.51,32.28,35.05,38.74,36.89,29.52,27.67
4509,38.25,29.75,32.3,35.7,34.0,27.2,25.5
4510,35.45,27.58,29.94,33.09,31.51,25.21,23.64
4511,33.31,25.91,28.13,31.09,29.61,23.69,22.21
4512,31.96,24.86,26.99,29.83,28.41,22.73,21.31
4513,31.5,24.5,26.6,29.4,28.0,22.4,21.0
4514,31.96,24.86,26.99,29.83,28.41,22.73,21.31
4515,33.31,25.91,28.13,31.09,29.61,23.69,22.21
4516,35.45,27.58,29.94,33.09,31.51,25.21,23.64
4517,38.25,29.75,32.3,35.7,34.0,27.2,25.5
4518,41.51,32.28,35.05,38.74,36.89,29.52,27.67
4519,45.0,35.0,38.0,42.0,40.0,32.0,30.0
4520,48.49,37.72,40.95,45.26,43.11,34.48,32.33
4521,51.75,40.25,43.7,48.3,46.0,36.8,34.5
4522,54.55,42.42,46.06,50.91,48.49,38.79,36.36
4523,56.69,44.09,47.87,52.91,50.39,40.31,37.79
4524,58.04,45.14,49.01,54.17,51.59,41.27,38.69
4525,58.5,45.5,49.4,54.6,52.0,41.6,39.0
4526,58.04,45.14,49.01,54.17,51.59,41.27,38.69
4527,56.69,44.09,47.87,52.91,50.39,40.31,37.79
4528,54.55,42.42,46.06,50.91,48.49,38.79,36.36
4529,51.75,40.25,43.7,48.3,46.0,36.8,34.5
4530,48.49,37.72,40.95,45.26,43.11,34.48,32.33
4531,45.0,35.0,38.0,42.0,40.0,32.0,30.0
4532,41.51,32.28,35.05,38.74,36.89,29.52,27.67
4533,38.25,29.75,32.3,35.7,34.0,27.2,25.5
4534,35.45,27.58,29.94,33.09,31.51,25.21,23.64
4535,33.31,25.91,28.13,31.09,29.61,23.69,22.21
4536,31.96,24.86,26.99,29.83,28.41,22.73,21.31
4537,31.5,24.5,26.6,29.4,28.0,22.4,21.0
4538,31.96,24.86,26.99,29.83,28.41,22.73,21.31
4539,33.31,25.91,28.13,31.09,29.61,23.69,22.21
4540,35.45,27.58,29.94,33.09,31.51,25.21,23.64
4541,38.25,29.75,32.3,35.7,34.0,27.2,25.5
4542,41.51,32.28,35.05,38.74,36.89,29.52,27.67
4543,45.0,35.0,38.0,42.0,40.0,32.0,30.0
4544,48.49,37.72,40.95,45.26,43.11,34.48,32.33
4545,51.75,40.25,43.7,48.3,46.0,36.8,34.5
4546,54.55,42.42,46.06,50.91,48.49,38.79,36.36
4547,56.69,44.09,47.87,52.91,50.39,40.31,37.79
4548,58.04,45.14,49.01,54.17,51.59,41.27,38.69
4549,58.5,45.5,49.4,54.6,52.0,41.6,39.0
4550,58.04,45.14,49.01,54.17,51.59,41.27,38.69
4551,56.69,44.09,47.87,52.91,50.39,40.31,37.79
4552,54.55,42.42,46.06,50.91,48.49,38.79,36.36
4553,51.75,40.25,43.7,48.3,46.0,36.8,34.5
4554,48.49,37.72,40.95,45.26,43.11,34.48,32.33
4555,45.0,35.0,38.0,42.0,40.0,32.0,30.0
4556,41.51,32.28,35.05,38.74,36.89,29.52,27.67
4557,38.25,29.75,32.3,35.7,34.0,27.2,25.5
4558,35.45,27.58,29.94,33.09,31.51,25.21,23.64
4559,33.31,25.91,28.13,31.09,29.61,23.69,22.21
4560,31.96,24.86,26.99,29.83,28.41,22.73,21.31
4561,31.5,24.5,26.6,29.4,28.0,22.4,21.0
4562,31.96,24.86,26.99,29.83,28.41,22.73,21.31
4563,33.31,25.91,28.13,31.09,29.61,23.69,22.21
4564,35.45,27.58,29.94,33.09,31.51,25.21,23.64
4565,38.25,29.75,32.3,35.7,34.0,27.2,25.5
4566,41.51,32.28,35.05,38.74,36.89,29.52,27.67
4567,45.0,35.0,38.0,42.0,40.0,32.0,30.0
4568,48.49,37.72,40.95,45.26,43.11,34.48,32.33
4569,51.75,40.25,43.7,48.3,46.0,36.8,34.5
4570,54.55,42.42,46.06,50.91,48.49,38.79,36.36
4571,56.69,44.09,47.87,52.91,50.39,40.31,37.79
4572,58.04,45.14,49.01,54.17,51.59,41.27,38.69
4573,58.5,45.5,49.4,54.6,52.0,41.6,39.0
4574,58.04,45.14,49.01,54.17,51.59,41.27,38.69
4575,56.69,44.09,47.87,52.91,50.39,40.31,37.79
4576,54.55,42.42,46.06,50.91,48.49,38.79,36.36
4577,51.75,40.25,43.7,48.3,46.0,36.8,34.5
4578,48.49,37.72,40.95,45.26,43.11,34.48,32.33
4579,45.0,35.0,38.0,42.0,40.0,32.0,30.0
4580,41.51,32.28,35.05,38.74,36.89,29.52,27.67
4581,38.25,29.75,32.3,35.7,34.0,27.2,25.5
4582,35.45,27.58,29.94,33.09,31.51,25.21,23.64
4583,33.31,25.91,28.13,31.09,29.61,23.69,22.21
4584,31.96,24.86,26.99,29.83,28.41,22.73,21.31
4585,31.5,24.5,26.6,29.4,28.0,22.4,21.0
4586,31.96,24.86,26.99,29.83,28.41,22.73,21.31
4587,33.31,25.91,28.13,31.09,29.61,23.69,22.21
4588,35.45,27.58,29.94,33.09,31.51,25.21,23.64
4589,38.25,29.75,32.3,35.7,34.0,27.2,25.5
4590,41.51,32.28,35.05,38.74,36.89,29.52,27.67
4591,45.0,35.0,38.0,42.0,40.0,32.0,30.0
4592,48.49,37.72,40.95,45.26,43.11,34.48,32.33
4593,51.75,40.25,43.7,48.3,46.0,36.8,34.5
4594,54.55,42.42,46.06,50.91,48.49,38.79,36.36
4595,56.69,44.09,47.87,52.91,50.39,40.31,37.79
4596,58.04,45.14,49.01,54.17,51.59,41.27,38.69
4597,58.5,45.5,49.4,54.6,52.0,41.6,39.0
4598,58.04,45.14,49.01,54.17,51.59,41.27,38.69
4599,56.69,44.09,47.87,52.91,50.39,40.31,37.79
4600,54.55,42.42,46.06,50.91,48.49,38.79,36.36
4601,51.75,40.25,43.7,48.3,46.0,36.8,34.5
4602,48.49,37.72,40.95,45.26,43.11,34.48,32.33
4603,45.0,35.0,38.0,42.0,40.0,32.0,30.0
4604,41.51,32.28,35.05,38.74,36.89,29.52,27.67
4605,38.25,29.75,32.3,35.7,34.0,27.2,25.5
4606,35.45,27.58,29.94,33.09,31.51,25.21,23.64
4607,33.31,25.91,28.13,31.09,29.61,23.69,22.21
4608,31.96,24.86,26.99,29.83,28.41,22.73,21.31
4609,31.5,24.5,26.6,29.4,28.0,22.4,21.0
4610,31.96,24.86,26.99,29.83,28.41,22.73,21.31
4611,33.31,25.91,28.13,31.09,29.61,23.69,22.21
4612,35.45,27.58,29.94,33.09,31.51,25.21,23.64
4613,38.25,29.75,32.3,35.7,34.0,27.2,25.5
4614,41.51,32.28,35.05,38.74,36.89,29.52,27.67
4615,45.0,35.0,38.0,42.0,40.0,32.0,30.0
4616,48.49,37.72,40.95,45.26,43.11,34.48,32.33
4617,51.75,40.25,43.7,48.3,46.0,36.8,34.5
4618,54.55,42.42,46.06,50.91,48.49,38.79,36.36
4619,56.69,44.09,47.87,52.91,50.39,40.31,37.79
4620,58.04,45.14,49.01,54.17,51.59,41.27,38.69
4621,58.5,45.5,49.4,54.6,52.0,41.6,39.0
4622,58.04,45.14,49.01,54.17,51.59,41.27,38.69
4623,56.69,44.09,47.87,52.91,50.39,40.31,37.79
4624,54.55,42.42,46.06,50.91,48.49,38.79,36.36
4625,51.75,40.25,43.7,48.3,46.0,36.8,34.5
4626,48.49,37.72,40.95,45.26,43.11,34.48,32.33
4627,45.0,35.0,38.0,42.0,40.0,32.0,30.0
4628,41.51,32.28,35.05,38.74,36.89,29.52,27.67
4629,38.25,29.75,32.3,35.7,34.0,27.2,25.5
4630,35.45,27.58,29.94,33.09,31.51,25.21,23.64
4631,33.31,25.91,28.13,31.09,29.61,23.69,22.21
4632,31.96,24.86,26.99,29.83,28.41,22.73,21.31
4633,31.5,24.5,26.6,29.4,28.0,22.4,21.0
4634,31.96,24.86,26.99,29.83,28.41,22.73,21.31
4635,33.31,25.91,28.13,31.09,29.61,23.69,22.21
4636,35.45,27.58,29.94,33.09,31.51,25.21,23.64
4637,38.25,29.75,32.3,35.7,34.0,27.2,25.5
4638,41.51,32.28,35.05,38.74,36.89,29.52,27.67
4639,45.0,35.0,38.0,42.0,40.0,32.0,30.0
4640,48.49,37.72,40.95,45.26,43.11,34.48,32.33
4641,51.75,40.25,43.7,48.3,46.0,36.8,34.5
4642,54.55,42.42,46.06,50.91,48.49,38.79,36.36
4643,56.69,44.09,47.87,52.91,50.39,40.31,37.79
4644,58.04,45.14,49.01,54.17,51.59,41.27,38.69
4645,58.5,45.5,49.4,54.6,52.0,41.6,39.0
4646,58.04,45.14,49.01,54.17,51.59,41.27,38.69
4647,56.69,44.09,47.87,52.91,50.39,40.31,37.79
4648,54.55,42.42,46.06,50.91,48.49,38.79,36.36
4649,51.75,40.25,43.7,48.3,46.0,36.8,34.5
4650,48.49,37.72,40.95,45.26,43.11,34.48,32.33
4651,45.0,35.0,38.0,42.0,40.0,32.0,30.0
4652,41.51,32.28,35.05,38.74,36.89,29.52,27.67
4653,38.25,29.75,32.3,35.7,34.0,27.2,25.5
4654,35.45,27.58,29.94,33.09,31.51,25.21,23.64
4655,33.31,25.91,28.13,31.09,29.61,23.69,22.21
4656,31.96,24.86,26.99,29.83,28.41,22.73,21.31
4657,31.5,24.5,26.6,29.4,28.0,22.4,21.0
4658,31.96,24.86,26.99,29.83,28.41,22.73,21.31
4659,33.31,25.91,28.13,31.09,29.61,23.69,22.21
4660,35.45,27.58,29.94,33.09,31.51,25.21,23.64
4661,38.25,29.75,32.3,35.7,34.0,27.2,25.5
4662,41.51,32.28,35.05,38.74,36.89,29.52,27.67
4663,45.0,35.0,38.0,42.0,40.0,32.0,30.0
4664,48.49,37.72,40.95,45.26,43.11,34.48,32.33
4665,51.75,40.25,43.7,48.3,46.0,36.8,34.5
4666,54.55,42.42,46.06,50.91,48.49,38.79,36.36
4667,56.69,44.09,47.87,52.91,50.39,40.31,37.79
4668,58.04,45.14,49.01,54.17,51.59,41.27,38.69
4669,58.5,45.5,49.4,54.6,52.0,41.6,39.0
4670,58.04,45.14,49.01,54.17,51.59,41.27,38.69
4671,56.69,44.09,47.87,52.91,50.39,40.31,37.79
4672,54.55,42.42,46.06,50.91,48.49,38.79,36.36
4673,51.75,40.25,43.7,48.3,46.0,36.8,34.5
4674,48.49,37.72,40.95,45.26,43.11,34.48,32.33
4675,45.0,35.0,38.0,42.0,40.0,32.0,30.0
4676,41.51,32.28,35.05,38.74,36.89,29.52,27.67
4677,38.25,29.75,32.3,35.7,34.0,27.2,25.5
4678,35.45,27.58,29.94,33.09,31.51,25.21,23.64
4679,33.31,25.91,28.13,31.09,29.61,23.69,22.21
4680,31.96,24.86,26.99,29.83,28.41,22.73,21.31
4681,31.5,24.5,26.6,29.4,28.0,22.4,21.0
4682,31.96,24.86,26.99,29.83,28.41,22.73,21.31
4683,33.31,25.91,28.13,31.09,29.61,23.69,22.21
4684,35.45,27.58,29.94,33.09,31.51,25.21,23.64
4685,38.25,29.75,32.3,35.7,34.0,27.2,25.5
4686,41.51,32.28,35.05,38.74,36.89,29.52,27.67
4687,45.0,35.0,38.0,42.0,40.0,32.0,30.0
4688,48.49,37.72,40.95,45.26,43.11,34.48,32.33
4689,51.75,40.25,43.7,48.3,46.0,36.8,34.5
4690,54.55,42.42,46.06,50.91,48.49,38.79,36.36
4691,56.69,44.09,47.87,52.91,50.39,40.31,37.79
4692,58.04,45.14,49.01,54.17,51.59,41.27,38.69
4693,58.5,45.5,49.4,54.6,52.0,41.6,39.0
4694,58.04,45.14,49.01,54.17,51.59,41.27,38.69
4695,56.69,44.09,47.87,52.91,50.39,40.31,37.79
4696,54.55,42.42,46.06,50.91,48.49,38.79,36.36
4697,51.75,40.25,43.7,48.3,46.0,36.8,34.5
4698,48.49,37.72,40.95,45.26,43.11,34.48,32.33
4699,45.0,35.0,38.0,42.0,40.0,32.0,30.0
4700,41.51,32.28,35.05,38.74,36.89,29.52,27.67
4701,38.25,29.75,32.3,35.7,34.0,27.2,25.5
4702,35.45,27.58,29.94,33.09,31.51,25.21,23.64
4703,33.31,25.91,28.13,31.09,29.61,23.69,22.21
4704,31.96,24.86,26.99,29.83,28.41,22.73,21.31
4705,31.5,24.5,26.6,29.4,28.0,22.4,21.0
4706,31.96,24.86,26.99,29.83,28.41,22.73,21.31
4707,33.31,25.91,28.13,31.09,29.61,23.69,22.21
4708,35.45,27.58,29.94,33.09,31.51,25.21,23.64
4709,38.25,29.75,32.3,35.7,34.0,27.2,25.5
4710,41.51,32.28,35.05,38.74,36.89,29.52,27.67
4711,45.0,35.0,38.0,42.0,40.0,32.0,30.0
4712,48.49,37.72,40.95,45.26,43.11,34.48,32.33
4713,51.75,40.25,43.7,48.3,46.0,36.8,34.5
4714,54.55,42.42,46.06,50.91,48.49,38.79,36.36
4715,56.69,44.09,47.87,52.91,50.39,40.31,37.79
4716,58.04,45.14,49.01,54.17,51.59,41.27,38.69
4717,58.5,45.5,49.4,54.6,52.0,41.6,39.0
4718,58.04,45.14,49.01,54.17,51.59,41.27,38.69
4719,56.69,44.09,47.87,52.91,50.39,40.31,37.79
4720,54.55,42.42,46.06,50.91,48.49,38.79,36.36
4721,51.75,40.25,43.7,48.3,46.0,36.8,34.5
4722,48.49,37.72,40.95,45.26,43.11,34.48,32.33
4723,45.0,35.0,38.0,42.0,40.0,32.0,30.0
4724,41.51,32.28,35.05,38.74,36.89,29.52,27.67
4725,38.25,29.75,32.3,35.7,34.0,27.2,25.5
4726,35.45,27.58,29.94,33.09,31.51,25.21,23.64
4727,33.31,25.91,28.13,31.09,29.61,23.69,22.21
4728,31.96,24.86,26.99,29.83,28.41,22.73,21.31
4729,31.5,24.5,26.6,29.4,28.0,22.4,21.0
4730,31.96,24.86,26.99,29.83,28.41,22.73,21.31
4731,33.31,25.91,28.13,31.09,29.61,23.69,22.21
4732,35.45,27.58,29.94,33.09,31.51,25.21,23.64
4733,38.25,29.75,32.3,35.7,34.0,27.2,25.5
4734,41.51,32.28,35.05,38.74,36.89,29.52,27.67
4735,45.0,35.0,38.0,42.0,40.0,32.0,30.0
4736,48.49,37.72,40.95,45.26,43.11,34.48,32.33
4737,51.75,40.25,43.7,48.3,46.0,36.8,34.5
4738,54.55,42.42,46.06,50.91,48.49,38.79,36.36
4739,56.69,44.09,47.87,52.91,50.39,40.31,37.79
4740,58.04,45.14,49.01,54.17,51.59,41.27,38.69
4741,58.5,45.5,49.4,54.6,52.0,41.6,39.0
4742,58.04,45.14,49.01,54.17,51.59,41.27,38.69
4743,56.69,44.09,47.87,52.91,50.39,40.31,37.79
4744,54.55,42.42,46.06,50.91,48.49,38.79,36.36
4745,51.75,40.25,43.7,48.3,46.0,36.8,34.5
4746,48.49,37.72,40.95,45.26,43.11,34.48,32.33
4747,45.0,35.0,38.0,42.0,40.0,32.0,30.0
4748,41.51,32.28,35.05,38.74,36.89,29.52,27.67
4749,38.25,29.75,32.3,35.7,34.0,27.2,25.5
4750,35.45,27.58,29.94,33.09,31.51,25.21,23.64
4751,33.31,25.91,28.13,31.09,29.61,23.69,22.21
4752,31.96,24.86,26.99,29.83,28.41,22.73,21.31
4753,31.5,24.5,26.6,29.4,28.0,22.4,21.0
4754,31.96,24.86,26.99,29.83,28.41,22.73,21.31
4755,33.31,25.91,28.13,31.09,29.61,23.69,22.21
4756,35.45,27.58,29.94,33.09,31.51,25.21,23.64
4757,38.25,29.75,32.3,35.7,34.0,27.2,25.5
4758,41.51,32.28,35.05,38.74,36.89,29.52,27.67
4759,45.0,35.0,38.0,42.0,40.0,32.0,30.0
4760,48.49,37.72,40.95,45.26,43.11,34.48,32.33
4761,51.75,40.25,43.7,48.3,46.0,36.8,34.5
4762,54.55,42.42,46.06,50.91,48.49,38.79,36.36
4763,56.69,44.09,47.87,52.91,50.39,40.31,37.79
4764,58.04,45.14,49.01,54.17,51.59,41.27,38.69
4765,58.5,45.5,49.4,54.6,52.0,41.6,39.0
4766,58.04,45.14,49.01,54.17,51.59,41.27,38.69
4767,56.69,44.09,47.87,52.91,50.39,40.31,37.79
4768,54.55,42.42,46.06,50.91,48.49,38.79,36.36
4769,51.75,40.25,43.7,48.3,46.0,36.8,34.5
4770,48.49,37.72,40.95,45.26,43.11,34.48,32.33
4771,45.0,35.0,38.0,42.0,40.0,32.0,30.0
4772,41.51,32.28,35.05,38.74,36.89,29.52,27.67
4773,38.25,29.75,32.3,35.7,34.0,27.2,25.5
4774,35.45,27.58,29.94,33.09,31.51,25.21,23.64
4775,33.31,25.91,28.13,31.09,29.61,23.69,22.21
4776,31.96,24.86,26.99,29.83,28.41,22.73,21.31
4777,31.5,24.5,26.6,29.4,28.0,22.4,21.0
4778,31.96,24.86,26.99,29.83,28.41,22.73,21.31
4779,33.31,25.91,28.13,31.09,29.61,23.69,22.21
4780,35.45,27.58,29.94,33.09,31.51,25.21,23.64
4781,38.25,29.75,32.3,35.7,34.0,27.2,25.5
4782,41.51,32.28,35.05,38.74,36.89,29.52,27.67
4783,45.0,35.0,38.0,42.0,40.0,32.0,30.0
4784,48.49,37.72,40.95,45.26,43.11,34.48,32.33
4785,51.75,40.25,43.7,48.3,46.0,36.8,34.5
4786,54.55,42.42,46.06,50.91,48.49,38.79,36.36
4787,56.69,44.09,47.87,52.91,50.39,40.31,37.79
4788,58.04,45.14,49.01,54.17,51.59,41.27,38.69
4789,58.5,45.5,49.4,54.6,52.0,41.6,39.0
4790,58.04,45.14,49.01,54.17,51.59,41.27,38.69
4791,56.69,44.09,47.87,52.91,50.39,40.31,37.79
4792,54.55,42.42,46.06,50.91,48.49,38.79,36.36
4793,51.75,40.25,43.7,48.3,46.0,36.8,34.5
4794,48.49,37.72,40.95,45.26,43.11,34.48,32.33
4795,45.0,35.0,38.0,42.0,40.0,32.0,30.0
4796,41.51,32.28,35.05,38.74,36.89,29.52,27.67
4797,38.25,29.75,32.3,35.7,34.0,27.2,25.5
4798,35.45,27.58,29.94,33.09,31.51,25.21,23.64
4799,33.31,25.91,28.13,31.09,29.61,23.69,22.21
4800,31.96,24.86,26.99,29.83,28.41,22.73,21.31
4801,31.5,24.5,26.6,29.4,28.0,22.4,21.0
4802,31.96,24.86,26.99,29.83,28.41,22.73,21.31
4803,33.31,25.91,28.13,31.09,29.61,23.69,22.21
4804,35.45,27.58,29.94,33.09,31.51,25.21,23.64
4805,38.25,29.75,32.3,35.7,34.0,27.2,25.5
4806,41.51,32.28,35.05,38.74,36.89,29.52,27.67
4807,45.0,35.0,38.0,42.0,40.0,32.0,30.0
4808,48.49,37.72,40.95,45.26,43.11,34.48,32.33
4809,51.75,40.25,43.7,48.3,46.0,36.8,34.5
4810,54.55,42.42,46.06,50.91,48.49,38.79,36.36
4811,56.69,44.09,47.87,52.91,50.39,40.31,37.79
4812,58.04,45.14,49.01,54.17,51.59,41.27,38.69
4813,58.5,45.5,49.4,54.6,52.0,41.6,39.0
4814,58.04,45.14,49.01,54.17,51.59,41.27,38.69
4815,56.69,44.09,47.87,52.91,50.39,40.31,37.79
4816,54.55,42.42,46.06,50.91,48.49,38.79,36.36
4817,51.75,40.25,43.7,48.3,46.0,36.8,34.5
4818,48.49,37.72,40.95,45.26,43.11,34.48,32.33
4819,45.0,35.0,38.0,42.0,40.0,32.0,30.0
4820,41.51,32.28,35.05,38.74,36.89,29.52,27.67
4821,38.25,29.75,32.3,35.7,34.0,27.2,25.5
4822,35.45,27.58,29.94,33.09,31.51,25.21,23.64
4823,33.31,25.91,28.13,31.09,29.61,23.69,22.21
4824,31.96,24.86,26.99,29.83,28.41,22.73,21.31
4825,31.5,24.5,26.6,29.4,28.0,22.4,21.0
4826,31.96,24.86,26.99,29.83,28.41,22.73,21.31
4827,33.31,25.91,28.13,31.09,29.61,23.69,22.21
4828,35.45,27.58,29.94,33.09,31.51,25.21,23.64
4829,38.25,29.75,32.3,35.7,34.0,27.2,25.5
4830,41.51,32.28,35.05,38.74,36.89,29.52,27.67
4831,45.0,35.0,38.0,42.0,40.0,32.0,30.0
4832,48.49,37.72,40.95,45.26,43.11,34.48,32.33
4833,51.75,40.25,43.7,48.3,46.0,36.8,34.5
4834,54.55,42.42,46.06,50.91,48.49,38.79,36.36
4835,56.69,44.09,47.87,52.91,50.39,40.31,37.79
4836,58.04,45.14,49.01,54.17,51.59,41.27,38.69
4837,58.5,45.5,49.4,54.6,52.0,41.6,39.0
4838,58.04,45.14,49.01,54.17,51.59,41.27,38.69
4839,56.69,44.09,47.87,52.91,50.39,40.31,37.79
4840,54.55,42.42,46.06,50.91,48.49,38.79,36.36
4841,51.75,40.25,43.7,48.3,46.0,36.8,34.5
4842,48.49,37.72,40.95,45.26,43.11,34.48,32.33
4843,45.0,35.0,38.0,42.0,40.0,32.0,30.0
4844,41.51,32.28,35.05,38.74,36.89,29.52,27.67
4845,38.25,29.75,32.3,35.7,34.0,27.2,25.5
4846,35.45,27.58,29.94,33.09,31.51,25.21,23.64
4847,33.31,25.91,28.13,31.09,29.61,23.69,22.21
4848,31.96,24.86,26.99,29.83,28.41,22.73,21.31
4849,31.5,24.5,26.6,29.4,28.0,22.4,21.0
4850,31.96,24.86,26.99,29.83,28.41,22.73,21.31
4851,33.31,25.91,28.13,31.09,29.61,23.69,22.21
4852,35.45,27.58,29.94,33.09,31.51,25.21,23.64
4853,38.25,29.75,32.3,35.7,34.0,27.2,25.5
4854,41.51,32.28,35.05,38.74,36.89,29.52,27.67
4855,45.0,35.0,38.0,42.0,40.0,32.0,30.0
4856,48.49,37.72,40.95,45.26,43.11,34.48,32.33
4857,51.75,40.25,43.7,48.3,46.0,36.8,34.5
4858,54.55,42.42,46.06,50.91,48.49,38.79,36.36
4859,56.69,44.09,47.87,52.91,50.39,40.31,37.79
4860,58.04,45.14,49.01,54.17,51.59,41.27,38.69
4861,58.5,45.5,49.4,54.6,52.0,41.6,39.0
4862,58.04,45.14,49.01,54.17,51.59,41.27,38.69
4863,56.69,44.09,47.87,52.91,50.39,40.31,37.79
4864,54.55,42.42,46.06,50.91,48.49,38.79,36.36
4865,51.75,40.25,43.7,48.3,46.0,36.8,34.5
4866,48.49,37.72,40.95,45.26,43.11,34.48,32.33
4867,45.0,35.0,38.0,42.0,40.0,32.0,30.0
4868,41.51,32.28,35.05,38.74,36.89,29.52,27.67
4869,38.25,29.75,32.3,35.7,34.0,27.2,25.5
4870,35.45,27.58,29.94,33.09,31.51,25.21,23.64
4871,33.31,25.91,28.13,31.09,29.61,23.69,22.21
4872,31.96,24.86,26.99,29.83,28.41,22.73,21.31
4873,31.5,24.5,26.6,29.4,28.0,22.4,21.0
4874,31.96,24.86,26.99,29.83,28.41,22.73,21.31
4875,33.31,25.91,28.13,31.09,29.61,23.69,22.21
4876,35.45,27.58,29.94,33.09,31.51,25.21,23.64
4877,38.25,29.75,32.3,35.7,34.0,27.2,25.5
4878,41.51,32.28,35.05,38.74,36.89,29.52,27.67
4879,45.0,35.0,38.0,42.0,40.0,32.0,30.0
4880,48.49,37.72,40.95,45.26,43.11,34.48,32.33
4881,51.75,40.25,43.7,48.3,46.0,36.8,34.5
4882,54.55,42.42,46.06,50.91,48.49,38.79,36.36
4883,56.69,44.09,47.87,52.91,50.39,40.31,37.79
4884,58.04,45.14,49.01,54.17,51.59,41.27,38.69
4885,58.5,45.5,49.4,54.6,52.0,41.6,39.0
4886,58.04,45.14,49.01,54.17,51.59,41.27,38.69
4887,56.69,44.09,47.87,52.91,50.39,40.31,37.79
4888,54.55,42.42,46.06,50.91,48.49,38.79,36.36
4889,51.75,40.25,43.7,48.3,46.0,36.8,34.5
4890,48.49,37.72,40.95,45.26,43.11,34.48,32.33
4891,45.0,35.0,38.0,42.0,40.0,32.0,30.0
4892,41.51,32.28,35.05,38.74,36.89,29.52,27.67
4893,38.25,29.75,32.3,35.7,34.0,27.2,25.5
4894,35.45,27.58,29.94,33.09,31.51,25.21,23.64
4895,33.31,25.91,28.13,31.09,29.61,23.69,22.21
4896,31.96,24.86,26.99,29.83,28.41,22.73,21.31
4897,31.5,24.5,26.6,29.4,28.0,22.4,21.0
4898,31.96,24.86,26.99,29.83,28.41,22.73,21.31
4899,33.31,25.91,28.13,31.09,29.61,23.69,22.21
4900,35.45,27.58,29.94,33.09,31.51,25.21,23.64
4901,38.25,29.75,32.3,35.7,34.0,27.2,25.5
4902,41.51,32.28,35.05,38.74,36.89,29.52,27.67
4903,45.0,35.0,38.0,42.0,40.0,32.0,30.0
4904,48.49,37.72,40.95,45.26,43.11,34.48,32.33
4905,51.75,40.25,43.7,48.3,46.0,36.8,34.5
4906,54.55,42.42,46.06,50.91,48.49,38.79,36.36
4907,56.69,44.09,47.87,52.91,50.39,40.31,37.79
4908,58.04,45.14,49.01,54.17,51.59,41.27,38.69
4909,58.5,45.5,49.4,54.6,52.0,41.6,39.0
4910,58.04,45.14,49.01,54.17,51.59,41.27,38.69
4911,56.69,44.09,47.87,52.91,50.39,40.31,37.79
4912,54.55,42.42,46.06,50.91,48.49,38.79,36.36
4913,51.75,40.25,43.7,48.3,46.0,36.8,34.5
4914,48.49,37.72,40.95,45.26,43.11,34.48,32.33
4915,45.0,35.0,38.0,42.0,40.0,32.0,30.0
4916,41.51,32.28,35.05,38.74,36.89,29.52,27.67
4917,38.25,29.75,32.3,35.7,34.0,27.2,25.5
4918,35.45,27.58,29.94,33.09,31.51,25.21,23.64
4919,33.31,25.91,28.13,31.09,29.61,23.69,22.21
4920,31.96,24.86,26.99,29.83,28.41,22.73,21.31
4921,31.5,24.5,26.6,29.4,28.0,22.4,21.0
4922,31.96,24.86,26.99,29.83,28.41,22.73,21.31
4923,33.31,25.91,28.13,31.09,29.61,23.69,22.21
4924,35.45,27.58,29.94,33.09,31.51,25.21,23.64
4925,38.25,29.75,32.3,35.7,34.0,27.2,25.5
4926,41.51,32.28,35.05,38.74,36.89,29.52,27.67
4927,45.0,35.0,38.0,42.0,40.0,32.0,30.0
4928,48.49,37.72,40.95,45.26,43.11,34.48,32.33
4929,51.75,40.25,43.7,48.3,46.0,36.8,34.5
4930,54.55,42.42,46.06,50.91,48.49,38.79,36.36
4931,56.69,44.09,47.87,52.91,50.39,40.31,37.79
4932,58.04,45.14,49.01,54.17,51.59,41.27,38.69
4933,58.5,45.5,49.4,54.6,52.0,41.6,39.0
4934,58.04,45.14,49.01,54.17,51.59,41.27,38.69
4935,56.69,44.09,47.87,52.91,50.39,40.31,37.79
4936,54.55,42.42,46.06,50.91,48.49,38.79,36.36
4937,51.75,40.25,43.7,48.3,46.0,36.8,34.5
4938,48.49,37.72,40.95,45.26,43.11,34.48,32.33
4939,45.0,35.0,38.0,42.0,40.0,32.0,30.0
4940,41.51,32.28,35.05,38.74,36.89,29.52,27.67
4941,38.25,29.75,32.3,35.7,34.0,27.2,25.5
4942,35.45,27.58,29.94,33.09,31.51,25.21,23.64
4943,33.31,25.91,28.13,31.09,29.61,23.69,22.21
4944,31.96,24.86,26.99,29.83,28.41,22.73,21.31
4945,31.5,24.5,26.6,29.4,28.0,22.4,21.0
4946,31.96,24.86,26.99,29.83,28.41,22.73,21.31
4947,33.31,25.91,28.13,31.09,29.61,23.69,22.21
4948,35.45,27.58,29.94,33.09,31.51,25.21,23.64
4949,38.25,29.75,32.3,35.7,34.0,27.2,25.5
4950,41.51,32.28,35.05,38.74,36.89,29.52,27.67
4951,45.0,35.0,38.0,42.0,40.0,32.0,30.0
4952,48.49,37.72,40.95,45.26,43.11,34.48,32.33
4953,51.75,40.25,43.7,48.3,46.0,36.8,34.5
4954,54.55,42.42,46.06,50.91,48.49,38.79,36.36
4955,56.69,44.09,47.87,52.91,50.39,40.31,37.79
4956,58.04,45.14,49.01,54.17,51.59,41.27,38.69
4957,58.5,45.5,49.4,54.6,52.0,41.6,39.0
4958,58.04,45.14,49.01,54.17,51.59,41.27,38.69
4959,56.69,44.09,47.87,52.91,50.39,40.31,37.79
4960,54.55,42.42,46.06,50.91,48.49,38.79,36.36
4961,51.75,40.25,43.7,48.3,46.0,36.8,34.5
4962,48.49,37.72,40.95,45.26,43.11,34.48,32.33
4963,45.0,35.0,38.0,42.0,40.0,32.0,30.0
4964,41.51,32.28,35.05,38.74,36.89,29.52,27.67
4965,38.25,29.75,32.3,35.7,34.0,27.2,25.5
4966,35.45,27.58,29.94,33.09,31.51,25.21,23.64
4967,33.31,25.91,28.13,31.09,29.61,23.69,22.21
4968,31.96,24.86,26.99,29.83,28.41,22.73,21.31
4969,31.5,24.5,26.6,29.4,28.0,22.4,21.0
4970,31.96,24.86,26.99,29.83,28.41,22.73,21.31
4971,33.31,25.91,28.13,31.09,29.61,23.69,22.21
4972,35.45,27.58,29.94,33.09,31.51,25.21,23.64
4973,38.25,29.75,32.3,35.7,34.0,27.2,25.5
4974,41.51,32.28,35.05,38.74,36.89,29.52,27.67
4975,45.0,35.0,38.0,42.0,40.0,32.0,30.0
4976,48.49,37.72,40.95,45.26,43.11,34.48,32.33
4977,51.75,40.25,43.7,48.3,46.0,36.8,34.5
4978,54.55,42.42,46.06,50.91,48.49,38.79,36.36
4979,56.69,44.09,47.87,52.91,50.39,40.31,37.79
4980,58.04,45.14,49.01,54.17,51.59,41.27,38.69
4981,58.5,45.5,49.4,54.6,52.0,41.6,39.0
4982,58.04,45.14,49.01,54.17,51.59,41.27,38.69
4983,56.69,44.09,47.87,52.91,50.39,40.31,37.79
4984,54.55,42.42,46.06,50.91,48.49,38.79,36.36
4985,51.75,40.25,43.7,48.3,46.0,36.8,34.5
4986,48.49,37.72,40.95,45.26,43.11,34.48,32.33
4987,45.0,35.0,38.0,42.0,40.0,32.0,30.0
4988,41.51,32.28,35.05,38.74,36.89,29.52,27.67
4989,38.25,29.75,32.3,35.7,34.0,27.2,25.5
4990,35.45,27.58,29.94,33.09,31.51,25.21,23.64
4991,33.31,25.91,28.13,31.09,29.61,23.69,22.21
4992,31.96,24.86,26.99,29.83,28.41,22.73,21.31
4993,31.5,24.5,26.6,29.4,28.0,22.4,21.0
4994,31.96,24.86,26.99,29.83,28.41,22.73,21.31
4995,33.31,25.91,28.13,31.09,29.61,23.69,22.21
4996,35.45,27.58,29.94,33.09,31.51,25.21,23.64
4997,38.25,29.75,32.3,35.7,34.0,27.2,25.5
4998,41.51,32.28,35.05,38.74,36.89,29.52,27.67
4999,45.0,35.0,38.0,42.0,40.0,32.0,30.0
5000,48.49,37.72,40.95,45.26,43.11,34.48,32.33
5001,51.75,40.25,43.7,48.3,46.0,36.8,34.5
5002,54.55,42.42,46.06,50.91,48.49,38.79,36.36
5003,56.69,44.09,47.87,52.91,50.39,40.31,37.79
5004,58.04,45.14,49.01,54.17,51.59,41.27,38.69
5005,58.5,45.5,49.4,54.6,52.0,41.6,39.0
5006,58.04,45.14,49.01,54.17,51.59,41.27,38.69
5007,56.69,44.09,47.87,52.91,50.39,40.31,37.79
5008,54.55,42.42,46.06,50.91,48.49,38.79,36.36
5009,51.75,40.25,43.7,48.3,46.0,36.8,34.5
5010,48.49,37.72,40.95,45.26,43.11,34.48,32.33
5011,45.0,35.0,38.0,42.0,40.0,32.0,30.0
5012,41.51,32.28,35.05,38.74,36.89,29.52,27.67
5013,38.25,29.75,32.3,35.7,34.0,27.2,25.5
5014,35.45,27.58,29.94,33.09,31.51,25.21,23.64
5015,33.31,25.91,28.13,31.09,29.61,23.69,22.21
5016,31.96,24.86,26.99,29.83,28.41,22.73,21.31
5017,31.5,24.5,26.6,29.4,28.0,22.4,21.0
5018,31.96,24.86,26.99,29.83,28.41,22.73,21.31
5019,33.31,25.91,28.13,31.09,29.61,23.69,22.21
5020,35.45,27.58,29.94,33.09,31.51,25.21,23.64
5021,38.25,29.75,32.3,35.7,34.0,27.2,25.5
5022,41.51,32.28,35.05,38.74,36.89,29.52,27.67
5023,45.0,35.0,38.0,42.0,40.0,32.0,30.0
5024,48.49,37.72,40.95,45.26,43.11,34.48,32.33
5025,51.75,40.25,43.7,48.3,46.0,36.8,34.5
5026,54.55,42.42,46.06,50.91,48.49,38.79,36.36
5027,56.69,44.09,47.87,52.91,50.39,40.31,37.79
5028,58.04,45.14,49.01,54.17,51.59,41.27,38.69
5029,58.5,45.5,49.4,54.6,52.0,41.6,39.0
5030,58.04,45.14,49.01,54.17,51.59,41.27,38.69
5031,56.69,44.09,47.87,52.91,50.39,40.31,37.79
5032,54.55,42.42,46.06,50.91,48.49,38.79,36.36
5033,51.75,40.25,43.7,48.3,46.0,36.8,34.5
5034,48.49,37.72,40.95,45.26,43.11,34.48,32.33
5035,45.0,35.0,38.0,42.0,40.0,32.0,30.0
5036,41.51,32.28,35.05,38.74,36.89,29.52,27.67
5037,38.25,29.75,32.3,35.7,34.0,27.2,25.5
5038,35.45,27.58,29.94,33.09,31.51,25.21,23.64
5039,33.31,25.91,28.13,31.09,29.61,23.69,22.21
5040,31.96,24.86,26.99,29.83,28.41,22.73,21.31
5041,31.5,24.5,26.6,29.4,28.0,22.4,21.0
5042,31.96,24.86,26.99,29.83,28.41,22.73,21.31
5043,33.31,25.91,28.13,31.09,29.61,23.69,22.21
5044,35.45,27.58,29.94,33.09,31.51,25.21,23.64
5045,38.25,29.75,32.3,35.7,34.0,27.2,25.5
5046,41.51,32.28,35.05,38.74,36.89,29.52,27.67
5047,45.0,35.0,38.0,42.0,40.0,32.0,30.0
5048,48.49,37.72,40.95,45.26,43.11,34.48,32.33
5049,51.75,40.25,43.7,48.3,46.0,36.8,34.5
5050,54.55,42.42,46.06,50.91,48.49,38.79,36.36
5051,56.69,44.09,47.87,52.91,50.39,40.31,37.79
5052,58.04,45.14,49.01,54.17,51.59,41.27,38.69
5053,58.5,45.5,49.4,54.6,52.0,41.6,39.0
5054,58.04,45.14,49.01,54.17,51.59,41.27,38.69
5055,56.69,44.09,47.87,52.91,50.39,40.31,37.79
5056,54.55,42.42,46.06,50.91,48.49,38.79,36.36
5057,51.75,40.25,43.7,48.3,46.0,36.8,34.5
5058,48.49,37.72,40.95,45.26,43.11,34.48,32.33
5059,45.0,35.0,38.0,42.0,40.0,32.0,30.0
5060,41.51,32.28,35.05,38.74,36.89,29.52,27.67
5061,38.25,29.75,32.3,35.7,34.0,27.2,25.5
5062,35.45,27.58,29.94,33.09,31.51,25.21,23.64
5063,33.31,25.91,28.13,31.09,29.61,23.69,22.21
5064,31.96,24.86,26.99,29.83,28.41,22.73,21.31
5065,31.5,24.5,26.6,29.4,28.0,22.4,21.0
5066,31.96,24.86,26.99,29.83,28.41,22.73,21.31
5067,33.31,25.91,28.13,31.09,29.61,23.69,22.21
5068,35.45,27.58,29.94,33.09,31.51,25.21,23.64
5069,38.25,29.75,32.3,35.7,34.0,27.2,25.5
5070,41.51,32.28,35.05,38.74,36.89,29.52,27.67
5071,45.0,35.0,38.0,42.0,40.0,32.0,30.0
5072,48.49,37.72,40.95,45.26,43.11,34.48,32.33
5073,51.75,40.25,43.7,48.3,46.0,36.8,34.5
5074,54.55,42.42,46.06,50.91,48.49,38.79,36.36
5075,56.69,44.09,47.87,52.91,50.39,40.31,37.79
5076,58.04,45.14,49.01,54.17,51.59,41.27,38.69
5077,58.5,45.5,49.4,54.6,52.0,41.6,39.0
5078,58.04,45.14,49.01,54.17,51.59,41.27,38.69
5079,56.69,44.09,47.87,52.91,50.39,40.31,37.79
5080,54.55,42.42,46.06,50.91,48.49,38.79,36.36
5081,51.75,40.25,43.7,48.3,46.0,36.8,34.5
5082,48.49,37.72,40.95,45.26,43.11,34.48,32.33
5083,45.0,35.0,38.0,42.0,40.0,32.0,30.0
5084,41.51,32.28,35.05,38.74,36.89,29.52,27.67
5085,38.25,29.75,32.3,35.7,34.0,27.2,25.5
5086,35.45,27.58,29.94,33.09,31.51,25.21,23.64
5087,33.31,25.91,28.13,31.09,29.61,23.69,22.21
5088,31.96,24.86,26.99,29.83,28.41,22.73,21.31
5089,31.5,24.5,26.6,29.4,28.0,22.4,21.0
5090,31.96,24.86,26.99,29.83,28.41,22.73,21.31
5091,33.31,25.91,28.13,31.09,29.61,23.69,22.21
5092,35.45,27.58,29.94,33.09,31.51,25.21,23.64
5093,38.25,29.75,32.3,35.7,34.0,27.2,25.5
5094,41.51,32.28,35.05,38.74,36.89,29.52,27.67
5095,45.0,35.0,38.0,42.0,40.0,32.0,30.0
5096,48.49,37.72,40.95,45.26,43.11,34.48,32.33
5097,51.75,40.25,43.7,48.3,46.0,36.8,34.5
5098,54.55,42.42,46.06,50.91,48.49,38.79,36.36
5099,56.69,44.09,47.87,52.91,50.39,40.31,37.79
5100,58.04,45.14,49.01,54.17,51.59,41.27,38.69
5101,58.5,45.5,49.4,54.6,52.0,41.6,39.0
5102,58.04,45.14,49.01,54.17,51.59,41.27,38.69
5103,56.69,44.09,47.87,52.91,50.39,40.31,37.79
5104,54.55,42.42,46.06,50.91,48.49,38.79,36.36
5105,51.75,40.25,43.7,48.3,46.0,36.8,34.5
5106,48.49,37.72,40.95,45.26,43.11,34.48,32.33
5107,45.0,35.0,38.0,42.0,40.0,32.0,30.0
5108,41.51,32.28,35.05,38.74,36.89,29.52,27.67
5109,38.25,29.75,32.3,35.7,34.0,27.2,25.5
5110,35.45,27.58,29.94,33.09,31.51,25.21,23.64
5111,33.31,25.91,28.13,31.09,29.61,23.69,22.21
5112,31.96,24.86,26.99,29.83,28.41,22.73,21.31
5113,31.5,24.5,26.6,29.4,28.0,22.4,21.0
5114,31.96,24.86,26.99,29.83,28.41,22.73,21.31
5115,33.31,25.91,28.13,31.09,29.61,23.69,22.21
5116,35.45,27.58,29.94,33.09,31.51,25.21,23.64
5117,38.25,29.75,32.3,35.7,34.0,27.2,25.5
5118,41.51,32.28,35.05,38.74,36.89,29.52,27.67
5119,45.0,35.0,38.0,42.0,40.0,32.0,30.0
5120,48.49,37.72,40.95,45.26,43.11,34.48,32.33
5121,51.75,40.25,43.7,48.3,46.0,36.8,34.5
5122,54.55,42.42,46.06,50.91,48.49,38.79,36.36
5123,56.69,44.09,47.87,52.91,50.39,40.31,37.79
5124,58.04,45.14,49.01,54.17,51.59,41.27,38.69
5125,58.5,45.5,49.4,54.6,52.0,41.6,39.0
5126,58.04,45.14,49.01,54.17,51.59,41.27,38.69
5127,56.69,44.09,47.87,52.91,50.39,40.31,37.79
5128,54.55,42.42,46.06,50.91,48.49,38.79,36.36
5129,51.75,40.25,43.7,48.3,46.0,36.8,34.5
5130,48.49,37.72,40.95,45.26,43.11,34.48,32.33
5131,45.0,35.0,38.0,42.0,40.0,32.0,30.0
5132,41.51,32.28,35.05,38.74,36.89,29.52,27.67
5133,38.25,29.75,32.3,35.7,34.0,27.2,25.5
5134,35.45,27.58,29.94,33.09,31.51,25.21,23.64
5135,33.31,25.91,28.13,31.09,29.61,23.69,22.21
5136,31.96,24.86,26.99,29.83,28.41,22.73,21.31
5137,31.5,24.5,26.6,29.4,28.0,22.4,21.0
5138,31.96,24.86,26.99,29.83,28.41,22.73,21.31
5139,33.31,25.91,28.13,31.09,29.61,23.69,22.21
5140,35.45,27.58,29.94,33.09,31.51,25.21,23.64
5141,38.25,29.75,32.3,35.7,34.0,27.2,25.5
5142,41.51,32.28,35.05,38.74,36.89,29.52,27.67
5143,45.0,35.0,38.0,42.0,40.0,32.0,30.0
5144,48.49,37.72,40.95,45.26,43.11,34.48,32.33
5145,51.75,40.25,43.7,48.3,46.0,36.8,34.5
5146,54.55,42.42,46.06,50.91,48.49,38.79,36.36
5147,56.69,44.09,47.87,52.91,50.39,40.31,37.79
5148,58.04,45.14,49.01,54.17,51.59,41.27,38.69
5149,58.5,45.5,49.4,54.6,52.0,41.6,39.0
5150,58.04,45.14,49.01,54.17,51.59,41.27,38.69
5151,56.69,44.09,47.87,52.91,50.39,40.31,37.79
5152,54.55,42.42,46.06,50.91,48.49,38.79,36.36
5153,51.75,40.25,43.7,48.3,46.0,36.8,34.5
5154,48.49,37.72,40.95,45.26,43.11,34.48,32.33
5155,45.0,35.0,38.0,42.0,40.0,32.0,30.0
5156,41.51,32.28,35.05,38.74,36.89,29.52,27.67
5157,38.25,29.75,32.3,35.7,34.0,27.2,25.5
5158,35.45,27.58,29.94,33.09,31.51,25.21,23.64
5159,33.31,25.91,28.13,31.09,29.61,23.69,22.21
5160,31.96,24.86,26.99,29.83,28.41,22.73,21.31
5161,31.5,24.5,26.6,29.4,28.0,22.4,21.0
5162,31.96,24.86,26.99,29.83,28.41,22.73,21.31
5163,33.31,25.91,28.13,31.09,29.61,23.69,22.21
5164,35.45,27.58,29.94,33.09,31.51,25.21,23.64
5165,38.25,29.75,32.3,35.7,34.0,27.2,25.5
5166,41.51,32.28,35.05,38.74,36.89,29.52,27.67
5167,45.0,35.0,38.0,42.0,40.0,32.0,30.0
5168,48.49,37.72,40.95,45.26,43.11,34.48,32.33
5169,51.75,40.25,43.7,48.3,46.0,36.8,34.5
5170,54.55,42.42,46.06,50.91,48.49,38.79,36.36
5171,56.69,44.09,47.87,52.91,50.39,40.31,37.79
5172,58.04,45.14,49.01,54.17,51.59,41.27,38.69
5173,58.5,45.5,49.4,54.6,52.0,41.6,39.0
5174,58.04,45.14,49.01,54.17,51.59,41.27,38.69
5175,56.69,44.09,47.87,52.91,50.39,40.31,37.79
5176,54.55,42.42,46.06,50.91,48.49,38.79,36.36
5177,51.75,40.25,43.7,48.3,46.0,36.8,34.5
5178,48.49,37.72,40.95,45.26,43.11,34.48,32.33
5179,45.0,35.0,38.0,42.0,40.0,32.0,30.0
5180,41.51,32.28,35.05,38.74,36.89,29.52,27.67
5181,38.25,29.75,32.3,35.7,34.0,27.2,25.5
5182,35.45,27.58,29.94,33.09,31.51,25.21,23.64
5183,33.31,25.91,28.13,31.09,29.61,23.69,22.21
5184,31.96,24.86,26.99,29.83,28.41,22.73,21.31
5185,31.5,24.5,26.6,29.4,28.0,22.4,21.0
5186,31.96,24.86,26.99,29.83,28.41,22.73,21.31
5187,33.31,25.91,28.13,31.09,29.61,23.69,22.21
5188,35.45,27.58,29.94,33.09,31.51,25.21,23.64
5189,38.25,29.75,32.3,35.7,34.0,27.2,25.5
5190,41.51,32.28,35.05,38.74,36.89,29.52,27.67
5191,45.0,35.0,38.0,42.0,40.0,32.0,30.0
5192,48.49,37.72,40.95,45.26,43.11,34.48,32.33
5193,51.75,40.25,43.7,48.3,46.0,36.8,34.5
5194,54.55,42.42,46.06,50.91,48.49,38.79,36.36
5195,56.69,44.09,47.87,52.91,50.39,40.31,37.79
5196,58.04,45.14,49.01,54.17,51.59,41.27,38.69
5197,58.5,45.5,49.4,54.6,52.0,41.6,39.0
5198,58.04,45.14,49.01,54.17,51.59,41.27,38.69
5199,56.69,44.09,47.87,52.91,50.39,40.31,37.79
5200,54.55,42.42,46.06,50.91,48.49,38.79,36.36
5201,51.75,40.25,43.7,48.3,46.0,36.8,34.5
5202,48.49,37.72,40.95,45.26,43.11,34.48,32.33
5203,45.0,35.0,38.0,42.0,40.0,32.0,30.0
5204,41.51,32.28,35.05,38.74,36.89,29.52,27.67
5205,38.25,29.75,32.3,35.7,34.0,27.2,25.5
5206,35.45,27.58,29.94,33.09,31.51,25.21,23.64
5207,33.31,25.91,28.13,31.09,29.61,23.69,22.21
5208,31.96,24.86,26.99,29.83,28.41,22.73,21.31
5209,31.5,24.5,26.6,29.4,28.0,22.4,21.0
5210,31.96,24.86,26.99,29.83,28.41,22.73,21.31
5211,33.31,25.91,28.13,31.09,29.61,23.69,22.21
5212,35.45,27.58,29.94,33.09,31.51,25.21,23.64
5213,38.25,29.75,32.3,35.7,34.0,27.2,25.5
5214,41.51,32.28,35.05,38.74,36.89,29.52,27.67
5215,45.0,35.0,38.0,42.0,40.0,32.0,30.0
5216,48.49,37.72,40.95,45.26,43.11,34.48,32.33
5217,51.75,40.25,43.7,48.3,46.0,36.8,34.5
5218,54.55,42.42,46.06,50.91,48.49,38.79,36.36
5219,56.69,44.09,47.87,52.91,50.39,40.31,37.79
5220,58.04,45.14,49.01,54.17,51.59,41.27,38.69
5221,58.5,45.5,49.4,54.6,52.0,41.6,39.0
5222,58.04,45.14,49.01,54.17,51.59,41.27,38.69
5223,56.69,44.09,47.87,52.91,50.39,40.31,37.79
5224,54.55,42.42,46.06,50.91,48.49,38.79,36.36
5225,51.75,40.25,43.7,48.3,46.0,36.8,34.5
5226,48.49,37.72,40.95,45.26,43.11,34.48,32.33
5227,45.0,35.0,38.0,42.0,40.0,32.0,30.0
5228,41.51,32.28,35.05,38.74,36.89,29.52,27.67
5229,38.25,29.75,32.3,35.7,34.0,27.2,25.5
5230,35.45,27.58,29.94,33.09,31.51,25.21,23.64
5231,33.31,25.91,28.13,31.09,29.61,23.69,22.21
5232,31.96,24.86,26.99,29.83,28.41,22.73,21.31
5233,31.5,24.5,26.6,29.4,28.0,22.4,21.0
5234,31.96,24.86,26.99,29.83,28.41,22.73,21.31
5235,33.31,25.91,28.13,31.09,29.61,23.69,22.21
5236,35.45,27.58,29.94,33.09,31.51,25.21,23.64
5237,38.25,29.75,32.3,35.7,34.0,27.2,25.5
5238,41.51,32.28,35.05,38.74,36.89,29.52,27.67
5239,45.0,35.0,38.0,42.0,40.0,32.0,30.0
5240,48.49,37.72,40.95,45.26,43.11,34.48,32.33
5241,51.75,40.25,43.7,48.3,46.0,36.8,34.5
5242,54.55,42.42,46.06,50.91,48.49,38.79,36.36
5243,56.69,44.09,47.87,52.91,50.39,40.31,37.79
5244,58.04,45.14,49.01,54.17,51.59,41.27,38.69
5245,58.5,45.5,49.4,54.6,52.0,41.6,39.0
5246,58.04,45.14,49.01,54.17,51.59,41.27,38.69
5247,56.69,44.09,47.87,52.91,50.39,40.31,37.79
5248,54.55,42.42,46.06,50.91,48.49,38.79,36.36
5249,51.75,40.25,43.7,48.3,46.0,36.8,34.5
5250,48.49,37.72,40.95,45.26,43.11,34.48,32.33
5251,45.0,35.0,38.0,42.0,40.0,32.0,30.0
5252,41.51,32.28,35.05,38.74,36.89,29.52,27.67
5253,38.25,29.75,32.3,35.7,34.0,27.2,25.5
5254,35.45,27.58,29.94,33.09,31.51,25.21,23.64
5255,33.31,25.91,28.13,31.09,29.61,23.69,22.21
5256,31.96,24.86,26.99,29.83,28.41,22.73,21.31
5257,31.5,24.5,26.6,29.4,28.0,22.4,21.0
5258,31.96,24.86,26.99,29.83,28.41,22.73,21.31
5259,33.31,25.91,28.13,31.09,29.61,23.69,22.21
5260,35.45,27.58,29.94,33.09,31.51,25.21,23.64
5261,38.25,29.75,32.3,35.7,34.0,27.2,25.5
5262,41.51,32.28,35.05,38.74,36.89,29.52,27.67
5263,45.0,35.0,38.0,42.0,40.0,32.0,30.0
5264,48.49,37.72,40.95,45.26,43.11,34.48,32.33
5265,51.75,40.25,43.7,48.3,46.0,36.8,34.5
5266,54.55,42.42,46.06,50.91,48.49,38.79,36.36
5267,56.69,44.09,47.87,52.91,50.39,40.31,37.79
5268,58.04,45.14,49.01,54.17,51.59,41.27,38.69
5269,58.5,45.5,49.4,54.6,52.0,41.6,39.0
5270,58.04,45.14,49.01,54.17,51.59,41.27,38.69
5271,56.69,44.09,47.87,52.91,50.39,40.31,37.79
5272,54.55,42.42,46.06,50.91,48.49,38.79,36.36
5273,51.75,40.25,43.7,48.3,46.0,36.8,34.5
5274,48.49,37.72,40.95,45.26,43.11,34.48,32.33
5275,45.0,35.0,38.0,42.0,40.0,32.0,30.0
5276,41.51,32.28,35.05,38.74,36.89,29.52,27.67
5277,38.25,29.75,32.3,35.7,34.0,27.2,25.5
5278,35.45,27.58,29.94,33.09,31.51,25.21,23.64
5279,33.31,25.91,28.13,31.09,29.61,23.69,22.21
5280,31.96,24.86,26.99,29.83,28.41,22.73,21.31
5281,31.5,24.5,26.6,29.4,28.0,22.4,21.0
5282,31.96,24.86,26.99,29.83,28.41,22.73,21.31
5283,33.31,25.91,28.13,31.09,29.61,23.69,22.21
5284,35.45,27.58,29.94,33.09,31.51,25.21,23.64
5285,38.25,29.75,32.3,35.7,34.0,27.2,25.5
5286,41.51,32.28,35.05,38.74,36.89,29.52,27.67
5287,45.0,35.0,38.0,42.0,40.0,32.0,30.0
5288,48.49,37.72,40.95,45.26,43.11,34.48,32.33
5289,51.75,40.25,43.7,48.3,46.0,36.8,34.5
5290,54.55,42.42,46.06,50.91,48.49,38.79,36.36
5291,56.69,44.09,47.87,52.91,50.39,40.31,37.79
5292,58.04,45.14,49.01,54.17,51.59,41.27,38.69
5293,58.5,45.5,49.4,54.6,52.0,41.6,39.0
5294,58.04,45.14,49.01,54.17,51.59,41.27,38.69
5295,56.69,44.09,47.87,52.91,50.39,40.31,37.79
5296,54.55,42.42,46.06,50.91,48.49,38.79,36.36
5297,51.75,40.25,43.7,48.3,46.0,36.8,34.5
5298,48.49,37.72,40.95,45.26,43.11,34.48,32.33
5299,45.0,35.0,38.0,42.0,40.0,32.0,30.0
5300,41.51,32.28,35.05,38.74,36.89,29.52,27.67
5301,38.25,29.75,32.3,35.7,34.0,27.2,25.5
5302,35.45,27.58,29.94,33.09,31.51,25.21,23.64
5303,33.31,25.91,28.13,31.09,29.61,23.69,22.21
5304,31.96,24.86,26.99,29.83,28.41,22.73,21.31
5305,31.5,24.5,26.6,29.4,28.0,22.4,21.0
5306,31.96,24.86,26.99,29.83,28.41,22.73,21.31
5307,33.31,25.91,28.13,31.09,29.61,23.69,22.21
5308,35.45,27.58,29.94,33.09,31.51,25.21,23.64
5309,38.25,29.75,32.3,35.7,34.0,27.2,25.5
5310,41.51,32.28,35.05,38.74,36.89,29.52,27.67
5311,45.0,35.0,38.0,42.0,40.0,32.0,30.0
5312,48.49,37.72,40.95,45.26,43.11,34.48,32.33
5313,51.75,40.25,43.7,48.3,46.0,36.8,34.5
5314,54.55,42.42,46.06,50.91,48.49,38.79,36.36
5315,56.69,44.09,47.87,52.91,50.39,40.31,37.79
5316,58.04,45.14,49.01,54.17,51.59,41.27,38.69
5317,58.5,45.5,49.4,54.6,52.0,41.6,39.0
5318,58.04,45.14,49.01,54.17,51.59,41.27,38.69
5319,56.69,44.09,47.87,52.91,50.39,40.31,37.79
5320,54.55,42.42,46.06,50.91,48.49,38.79,36.36
5321,51.75,40.25,43.7,48.3,46.0,36.8,34.5
5322,48.49,37.72,40.95,45.26,43.11,34.48,32.33
5323,45.0,35.0,38.0,42.0,40.0,32.0,30.0
5324,41.51,32.28,35.05,38.74,36.89,29.52,27.67
5325,38.25,29.75,32.3,35.7,34.0,27.2,25.5
5326,35.45,27.58,29.94,33.09,31.51,25.21,23.64
5327,33.31,25.91,28.13,31.09,29.61,23.69,22.21
5328,31.96,24.86,26.99,29.83,28.41,22.73,21.31
5329,31.5,24.5,26.6,29.4,28.0,22.4,21.0
5330,31.96,24.86,26.99,29.83,28.41,22.73,21.31
5331,33.31,25.91,28.13,31.09,29.61,23.69,22.21
5332,35.45,27.58,29.94,33.09,31.51,25.21,23.64
5333,38.25,29.75,32.3,35.7,34.0,27.2,25.5
5334,41.51,32.28,35.05,38.74,36.89,29.52,27.67
5335,45.0,35.0,38.0,42.0,40.0,32.0,30.0
5336,48.49,37.72,40.95,45.26,43.11,34.48,32.33
5337,51.75,40.25,43.7,48.3,46.0,36.8,34.5
5338,54.55,42.42,46.06,50.91,48.49,38.79,36.36
5339,56.69,44.09,47.87,52.91,50.39,40.31,37.79
5340,58.04,45.14,49.01,54.17,51.59,41.27,38.69
5341,58.5,45.5,49.4,54.6,52.0,41.6,39.0
5342,58.04,45.14,49.01,54.17,51.59,41.27,38.69
5343,56.69,44.09,47.87,52.91,50.39,40.31,37.79
5344,54.55,42.42,46.06,50.91,48.49,38.79,36.36
5345,51.75,40.25,43.7,48.3,46.0,36.8,34.5
5346,48.49,37.72,40.95,45.26,43.11,34.48,32.33
5347,45.0,35.0,38.0,42.0,40.0,32.0,30.0
5348,41.51,32.28,35.05,38.74,36.89,29.52,27.67
5349,38.25,29.75,32.3,35.7,34.0,27.2,25.5
5350,35.45,27.58,29.94,33.09,31.51,25.21,23.64
5351,33.31,25.91,28.13,31.09,29.61,23.69,22.21
5352,31.96,24.86,26.99,29.83,28.41,22.73,21.31
5353,31.5,24.5,26.6,29.4,28.0,22.4,21.0
5354,31.96,24.86,26.99,29.83,28.41,22.73,21.31
5355,33.31,25.91,28.13,31.09,29.61,23.69,22.21
5356,35.45,27.58,29.94,33.09,31.51,25.21,23.64
5357,38.25,29.75,32.3,35.7,34.0,27.2,25.5
5358,41.51,32.28,35.05,38.74,36.89,29.52,27.67
5359,45.0,35.0,38.0,42.0,40.0,32.0,30.0
5360,48.49,37.72,40.95,45.26,43.11,34.48,32.33
5361,51.75,40.25,43.7,48.3,46.0,36.8,34.5
5362,54.55,42.42,46.06,50.91,48.49,38.79,36.36
5363,56.69,44.09,47.87,52.91,50.39,40.31,37.79
5364,58.04,45.14,49.01,54.17,51.59,41.27,38.69
5365,58.5,45.5,49.4,54.6,52.0,41.6,39.0
5366,58.04,45.14,49.01,54.17,51.59,41.27,38.69
5367,56.69,44.09,47.87,52.91,50.39,40.31,37.79
5368,54.55,42.42,46.06,50.91,48.49,38.79,36.36
5369,51.75,40.25,43.7,48.3,46.0,36.8,34.5
5370,48.49,37.72,40.95,45.26,43.11,34.48,32.33
5371,45.0,35.0,38.0,42.0,40.0,32.0,30.0
5372,41.51,32.28,35.05,38.74,36.89,29.52,27.67
5373,38.25,29.75,32.3,35.7,34.0,27.2,25.5
5374,35.45,27.58,29.94,33.09,31.51,25.21,23.64
5375,33.31,25.91,28.13,31.09,29.61,23.69,22.21
5376,31.96,24.86,26.99,29.83,28.41,22.73,21.31
5377,31.5,24.5,26.6,29.4,28.0,22.4,21.0
5378,31.96,24.86,26.99,29.83,28.41,22.73,21.31
5379,33.31,25.91,28.13,31.09,29.61,23.69,22.21
5380,35.45,27.58,29.94,33.09,31.51,25.21,23.64
5381,38.25,29.75,32.3,35.7,34.0,27.2,25.5
5382,41.51,32.28,35.05,38.74,36.89,29.52,27.67
5383,45.0,35.0,38.0,42.0,40.0,32.0,30.0
5384,48.49,37.72,40.95,45.26,43.11,34.48,32.33
5385,51.75,40.25,43.7,48.3,46.0,36.8,34.5
5386,54.55,42.42,46.06,50.91,48.49,38.79,36.36
5387,56.69,44.09,47.87,52.91,50.39,40.31,37.79
5388,58.04,45.14,49.01,54.17,51.59,41.27,38.69
5389,58.5,45.5,49.4,54.6,52.0,41.6,39.0
5390,58.04,45.14,49.01,54.17,51.59,41.27,38.69
5391,56.69,44.09,47.87,52.91,50.39,40.31,37.79
5392,54.55,42.42,46.06,50.91,48.49,38.79,36.36
5393,51.75,40.25,43.7,48.3,46.0,36.8,34.5
5394,48.49,37.72,40.95,45.26,43.11,34.48,32.33
5395,45.0,35.0,38.0,42.0,40.0,32.0,30.0
5396,41.51,32.28,35.05,38.74,36.89,29.52,27.67
5397,38.25,29.75,32.3,35.7,34.0,27.2,25.5
5398,35.45,27.58,29.94,33.09,31.51,25.21,23.64
5399,33.31,25.91,28.13,31.09,29.61,23.69,22.21
5400,31.96,24.86,26.99,29.83,28.41,22.73,21.31
5401,31.5,24.5,26.6,29.4,28.0,22.4,21.0
5402,31.96,24.86,26.99,29.83,28.41,22.73,21.31
5403,33.31,25.91,28.13,31.09,29.61,23.69,22.21
5404,35.45,27.58,29.94,33.09,31.51,25.21,23.64
5405,38.25,29.75,32.3,35.7,34.0,27.2,25.5
5406,41.51,32.28,35.05,38.74,36.89,29.52,27.67
5407,45.0,35.0,38.0,42.0,40.0,32.0,30.0
5408,48.49,37.72,40.95,45.26,43.11,34.48,32.33
5409,51.75,40.25,43.7,48.3,46.0,36.8,34.5
5410,54.55,42.42,46.06,50.91,48.49,38.79,36.36
5411,56.69,44.09,47.87,52.91,50.39,40.31,37.79
5412,58.04,45.14,49.01,54.17,51.59,41.27,38.69
5413,58.5,45.5,49.4,54.6,52.0,41.6,39.0
5414,58.04,45.14,49.01,54.17,51.59,41.27,38.69
5415,56.69,44.09,47.87,52.91,50.39,40.31,37.79
5416,54.55,42.42,46.06,50.91,48.49,38.79,36.36
5417,51.75,40.25,43.7,48.3,46.0,36.8,34.5
5418,48.49,37.72,40.95,45.26,43.11,34.48,32.33
5419,45.0,35.0,38.0,42.0,40.0,32.0,30.0
5420,41.51,32.28,35.05,38.74,36.89,29.52,27.67
5421,38.25,29.75,32.3,35.7,34.0,27.2,25.5
5422,35.45,27.58,29.94,33.09,31.51,25.21,23.64
5423,33.31,25.91,28.13,31.09,29.61,23.69,22.21
5424,31.96,24.86,26.99,29.83,28.41,22.73,21.31
5425,31.5,24.5,26.6,29.4,28.0,22.4,21.0
5426,31.96,24.86,26.99,29.83,28.41,22.73,21.31
5427,33.31,25.91,28.13,31.09,29.61,23.69,22.21
5428,35.45,27.58,29.94,33.09,31.51,25.21,23.64
5429,38.25,29.75,32.3,35.7,34.0,27.2,25.5
5430,41.51,32.28,35.05,38.74,36.89,29.52,27.67
5431,45.0,35.0,38.0,42.0,40.0,32.0,30.0
5432,48.49,37.72,40.95,45.26,43.11,34.48,32.33
5433,51.75,40.25,43.7,48.3,46.0,36.8,34.5
5434,54.55,42.42,46.06,50.91,48.49,38.79,36.36
5435,56.69,44.09,47.87,52.91,50.39,40.31,37.79
5436,58.04,45.14,49.01,54.17,51.59,41.27,38.69
5437,58.5,45.5,49.4,54.6,52.0,41.6,39.0
5438,58.04,45.14,49.01,54.17,51.59,41.27,38.69
5439,56.69,44.09,47.87,52.91,50.39,40.31,37.79
5440,54.55,42.42,46.06,50.91,48.49,38.79,36.36
5441,51.75,40.25,43.7,48.3,46.0,36.8,34.5
5442,48.49,37.72,40.95,45.26,43.11,34.48,32.33
5443,45.0,35.0,38.0,42.0,40.0,32.0,30.0
5444,41.51,32.28,35.05,38.74,36.89,29.52,27.67
5445,38.25,29.75,32.3,35.7,34.0,27.2,25.5
5446,35.45,27.58,29.94,33.09,31.51,25.21,23.64
5447,33.31,25.91,28.13,31.09,29.61,23.69,22.21
5448,31.96,24.86,26.99,29.83,28.41,22.73,21.31
5449,31.5,24.5,26.6,29.4,28.0,22.4,21.0
5450,31.96,24.86,26.99,29.83,28.41,22.73,21.31
5451,33.31,25.91,28.13,31.09,29.61,23.69,22.21
5452,35.45,27.58,29.94,33.09,31.51,25.21,23.64
5453,38.25,29.75,32.3,35.7,34.0,27.2,25.5
5454,41.51,32.28,35.05,38.74,36.89,29.52,27.67
5455,45.0,35.0,38.0,42.0,40.0,32.0,30.0
5456,48.49,37.72,40.95,45.26,43.11,34.48,32.33
5457,51.75,40.25,43.7,48.3,46.0,36.8,34.5
5458,54.55,42.42,46.06,50.91,48.49,38.79,36.36
5459,56.69,44.09,47.87,52.91,50.39,40.31,37.79
5460,58.04,45.14,49.01,54.17,51.59,41.27,38.69
5461,58.5,45.5,49.4,54.6,52.0,41.6,39.0
5462,58.04,45.14,49.01,54.17,51.59,41.27,38.69
5463,56.69,44.09,47.87,52.91,50.39,40.31,37.79
5464,54.55,42.42,46.06,50.91,48.49,38.79,36.36
5465,51.75,40.25,43.7,48.3,46.0,36.8,34.5
5466,48.49,37.72,40.95,45.26,43.11,34.48,32.33
5467,45.0,35.0,38.0,42.0,40.0,32.0,30.0
5468,41.51,32.28,35.05,38.74,36.89,29.52,27.67
5469,38.25,29.75,32.3,35.7,34.0,27.2,25.5
5470,35.45,27.58,29.94,33.09,31.51,25.21,23.64
5471,33.31,25.91,28.13,31.09,29.61,23.69,22.21
5472,31.96,24.86,26.99,29.83,28.41,22.73,21.31
5473,31.5,24.5,26.6,29.4,28.0,22.4,21.0
5474,31.96,24.86,26.99,29.83,28.41,22.73,21.31
5475,33.31,25.91,28.13,31.09,29.61,23.69,22.21
5476,35.45,27.58,29.94,33.09,31.51,25.21,23.64
5477,38.25,29.75,32.3,35.7,34.0,27.2,25.5
5478,41.51,32.28,35.05,38.74,36.89,29.52,27.67
5479,45.0,35.0,38.0,42.0,40.0,32.0,30.0
5480,48.49,37.72,40.95,45.26,43.11,34.48,32.33
5481,51.75,40.25,43.7,48.3,46.0,36.8,34.5
5482,54.55,42.42,46.06,50.91,48.49,38.79,36.36
5483,56.69,44.09,47.87,52.91,50.39,40.31,37.79
5484,58.04,45.14,49.01,54.17,51.59,41.27,38.69
5485,58.5,45.5,49.4,54.6,52.0,41.6,39.0
5486,58.04,45.14,49.01,54.17,51.59,41.27,38.69
5487,56.69,44.09,47.87,52.91,50.39,40.31,37.79
5488,54.55,42.42,46.06,50.91,48.49,38.79,36.36
5489,51.75,40.25,43.7,48.3,46.0,36.8,34.5
5490,48.49,37.72,40.95,45.26,43.11,34.48,32.33
5491,45.0,35.0,38.0,42.0,40.0,32.0,30.0
5492,41.51,32.28,35.05,38.74,36.89,29.52,27.67
5493,38.25,29.75,32.3,35.7,34.0,27.2,25.5
5494,35.45,27.58,29.94,33.09,31.51,25.21,23.64
5495,33.31,25.91,28.13,31.09,29.61,23.69,22.21
5496,31.96,24.86,26.99,29.83,28.41,22.73,21.31
5497,31.5,24.5,26.6,29.4,28.0,22.4,21.0
5498,31.96,24.86,26.99,29.83,28.41,22.73,21.31
5499,33.31,25.91,28.13,31.09,29.61,23.69,22.21
5500,35.45,27.58,29.94,33.09,31.51,25.21,23.64
5501,38.25,29.75,32.3,35.7,34.0,27.2,25.5
5502,41.51,32.28,35.05,38.74,36.89,29.52,27.67
5503,45.0,35.0,38.0,42.0,40.0,32.0,30.0
5504,48.49,37.72,40.95,45.26,43.11,34.48,32.33
5505,51.75,40.25,43.7,48.3,46.0,36.8,34.5
5506,54.55,42.42,46.06,50.91,48.49,38.79,36.36
5507,56.69,44.09,47.87,52.91,50.39,40.31,37.79
5508,58.04,45.14,49.01,54.17,51.59,41.27,38.69
5509,58.5,45.5,49.4,54.6,52.0,41.6,39.0
5510,58.04,45.14,49.01,54.17,51.59,41.27,38.69
5511,56.69,44.09,47.87,52.91,50.39,40.31,37.79
5512,54.55,42.42,46.06,50.91,48.49,38.79,36.36
5513,51.75,40.25,43.7,48.3,46.0,36.8,34.5
5514,48.49,37.72,40.95,45.26,43.11,34.48,32.33
5515,45.0,35.0,38.0,42.0,40.0,32.0,30.0
5516,41.51,32.28,35.05,38.74,36.89,29.52,27.67
5517,38.25,29.75,32.3,35.7,34.0,27.2,25.5
5518,35.45,27.58,29.94,33.09,31.51,25.21,23.64
5519,33.31,25.91,28.13,31.09,29.61,23.69,22.21
5520,31.96,24.86,26.99,29.83,28.41,22.73,21.31
5521,31.5,24.5,26.6,29.4,28.0,22.4,21.0
5522,31.96,24.86,26.99,29.83,28.41,22.73,21.31
5523,33.31,25.91,28.13,31.09,29.61,23.69,22.21
5524,35.45,27.58,29.94,33.09,31.51,25.21,23.64
5525,38.25,29.75,32.3,35.7,34.0,27.2,25.5
5526,41.51,32.28,35.05,38.74,36.89,29.52,27.67
5527,45.0,35.0,38.0,42.0,40.0,32.0,30.0
5528,48.49,37.72,40.95,45.26,43.11,34.48,32.33
5529,51.75,40.25,43.7,48.3,46.0,36.8,34.5
5530,54.55,42.42,46.06,50.91,48.49,38.79,36.36
5531,56.69,44.09,47.87,52.91,50.39,40.31,37.79
5532,58.04,45.14,49.01,54.17,51.59,41.27,38.69
5533,58.5,45.5,49.4,54.6,52.0,41.6,39.0
5534,58.04,45.14,49.01,54.17,51.59,41.27,38.69
5535,56.69,44.09,47.87,52.91,50.39,40.31,37.79
5536,54.55,42.42,46.06,50.91,48.49,38.79,36.36
5537,51.75,40.25,43.7,48.3,46.0,36.8,34.5
5538,48.49,37.72,40.95,45.26,43.11,34.48,32.33
5539,45.0,35.0,38.0,42.0,40.0,32.0,30.0
5540,41.51,32.28,35.05,38.74,36.89,29.52,27.67
5541,38.25,29.75,32.3,35.7,34.0,27.2,25.5
5542,35.45,27.58,29.94,33.09,31.51,25.21,23.64
5543,33.31,25.91,28.13,31.09,29.61,23.69,22.21
5544,31.96,24.86,26.99,29.83,28.41,22.73,21.31
5545,31.5,24.5,26.6,29.4,28.0,22.4,21.0
5546,31.96,24.86,26.99,29.83,28.41,22.73,21.31
5547,33.31,25.91,28.13,31.09,29.61,23.69,22.21
5548,35.45,27.58,29.94,33.09,31.51,25.21,23.64
5549,38.25,29.75,32.3,35.7,34.0,27.2,25.5
5550,41.51,32.28,35.05,38.74,36.89,29.52,27.67
5551,45.0,35.0,38.0,42.0,40.0,32.0,30.0
5552,48.49,37.72,40.95,45.26,43.11,34.48,32.33
5553,51.75,40.25,43.7,48.3,46.0,36.8,34.5
5554,54.55,42.42,46.06,50.91,48.49,38.79,36.36
5555,56.69,44.09,47.87,52.91,50.39,40.31,37.79
5556,58.04,45.14,49.01,54.17,51.59,41.27,38.69
5557,58.5,45.5,49.4,54.6,52.0,41.6,39.0
5558,58.04,45.14,49.01,54.17,51.59,41.27,38.69
5559,56.69,44.09,47.87,52.91,50.39,40.31,37.79
5560,54.55,42.42,46.06,50.91,48.49,38.79,36.36
5561,51.75,40.25,43.7,48.3,46.0,36.8,34.5
5562,48.49,37.72,40.95,45.26,43.11,34.48,32.33
5563,45.0,35.0,38.0,42.0,40.0,32.0,30.0
5564,41.51,32.28,35.05,38.74,36.89,29.52,27.67
5565,38.25,29.75,32.3,35.7,34.0,27.2,25.5
5566,35.45,27.58,29.94,33.09,31.51,25.21,23.64
5567,33.31,25.91,28.13,31.09,29.61,23.69,22.21
5568,31.96,24.86,26.99,29.83,28.41,22.73,21.31
5569,31.5,24.5,26.6,29.4,28.0,22.4,21.0
5570,31.96,24.86,26.99,29.83,28.41,22.73,21.31
5571,33.31,25.91,28.13,31.09,29.61,23.69,22.21
5572,35.45,27.58,29.94,33.09,31.51,25.21,23.64
5573,38.25,29.75,32.3,35.7,34.0,27.2,25.5
5574,41.51,32.28,35.05,38.74,36.89,29.52,27.67
5575,45.0,35.0,38.0,42.0,40.0,32.0,30.0
5576,48.49,37.72,40.95,45.26,43.11,34.48,32.33
5577,51.75,40.25,43.7,48.3,46.0,36.8,34.5
5578,54.55,42.42,46.06,50.91,48.49,38.79,36.36
5579,56.69,44.09,47.87,52.91,50.39,40.31,37.79
5580,58.04,45.14,49.01,54.17,51.59,41.27,38.69
5581,58.5,45.5,49.4,54.6,52.0,41.6,39.0
5582,58.04,45.14,49.01,54.17,51.59,41.27,38.69
5583,56.69,44.09,47.87,52.91,50.39,40.31,37.79
5584,54.55,42.42,46.06,50.91,48.49,38.79,36.36
5585,51.75,40.25,43.7,48.3,46.0,36.8,34.5
5586,48.49,37.72,40.95,45.26,43.11,34.48,32.33
5587,45.0,35.0,38.0,42.0,40.0,32.0,30.0
5588,41.51,32.28,35.05,38.74,36.89,29.52,27.67
5589,38.25,29.75,32.3,35.7,34.0,27.2,25.5
5590,35.45,27.58,29.94,33.09,31.51,25.21,23.64
5591,33.31,25.91,28.13,31.09,29.61,23.69,22.21
5592,31.96,24.86,26.99,29.83,28.41,22.73,21.31
5593,31.5,24.5,26.6,29.4,28.0,22.4,21.0
5594,31.96,24.86,26.99,29.83,28.41,22.73,21.31
5595,33.31,25.91,28.13,31.09,29.61,23.69,22.21
5596,35.45,27.58,29.94,33.09,31.51,25.21,23.64
5597,38.25,29.75,32.3,35.7,34.0,27.2,25.5
5598,41.51,32.28,35.05,38.74,36.89,29.52,27.67
5599,45.0,35.0,38.0,42.0,40.0,32.0,30.0
5600,48.49,37.72,40.95,45.26,43.11,34.48,32.33
5601,51.75,40.25,43.7,48.3,46.0,36.8,34.5
5602,54.55,42.42,46.06,50.91,48.49,38.79,36.36
5603,56.69,44.09,47.87,52.91,50.39,40.31,37.79
5604,58.04,45.14,49.01,54.17,51.59,41.27,38.69
5605,58.5,45.5,49.4,54.6,52.0,41.6,39.0
5606,58.04,45.14,49.01,54.17,51.59,41.27,38.69
5607,56.69,44.09,47.87,52.91,50.39,40.31,37.79
5608,54.55,42.42,46.06,50.91,48.49,38.79,36.36
5609,51.75,40.25,43.7,48.3,46.0,36.8,34.5
5610,48.49,37.72,40.95,45.26,43.11,34.48,32.33
5611,45.0,35.0,38.0,42.0,40.0,32.0,30.0
5612,41.51,32.28,35.05,38.74,36.89,29.52,27.67
5613,38.25,29.75,32.3,35.7,34.0,27.2,25.5
5614,35.45,27.58,29.94,33.09,31.51,25.21,23.64
5615,33.31,25.91,28.13,31.09,29.61,23.69,22.21
5616,31.96,24.86,26.99,29.83,28.41,22.73,21.31
5617,31.5,24.5,26.6,29.4,28.0,22.4,21.0
5618,31.96,24.86,26.99,29.83,28.41,22.73,21.31
5619,33.31,25.91,28.13,31.09,29.61,23.69,22.21
5620,35.45,27.58,29.94,33.09,31.51,25.21,23.64
5621,38.25,29.75,32.3,35.7,34.0,27.2,25.5
5622,41.51,32.28,35.05,38.74,36.89,29.52,27.67
5623,45.0,35.0,38.0,42.0,40.0,32.0,30.0
5624,48.49,37.72,40.95,45.26,43.11,34.48,32.33
5625,51.75,40.25,43.7,48.3,46.0,36.8,34.5
5626,54.55,42.42,46.06,50.91,48.49,38.79,36.36
5627,56.69,44.09,47.87,52.91,50.39,40.31,37.79
5628,58.04,45.14,49.01,54.17,51.59,41.27,38.69
5629,58.5,45.5,49.4,54.6,52.0,41.6,39.0
5630,58.04,45.14,49.01,54.17,51.59,41.27,38.69
5631,56.69,44.09,47.87,52.91,50.39,40.31,37.79
5632,54.55,42.42,46.06,50.91,48.49,38.79,36.36
5633,51.75,40.25,43.7,48.3,46.0,36.8,34.5
5634,48.49,37.72,40.95,45.26,43.11,34.48,32.33
5635,45.0,35.0,38.0,42.0,40.0,32.0,30.0
5636,41.51,32.28,35.05,38.74,36.89,29.52,27.67
5637,38.25,29.75,32.3,35.7,34.0,27.2,25.5
5638,35.45,27.58,29.94,33.09,31.51,25.21,23.64
5639,33.31,25.91,28.13,31.09,29.61,23.69,22.21
5640,31.96,24.86,26.99,29.83,28.41,22.73,21.31
5641,31.5,24.5,26.6,29.4,28.0,22.4,21.0
5642,31.96,24.86,26.99,29.83,28.41,22.73,21.31
5643,33.31,25.91,28.13,31.09,29.61,23.69,22.21
5644,35.45,27.58,29.94,33.09,31.51,25.21,23.64
5645,38.25,29.75,32.3,35.7,34.0,27.2,25.5
5646,41.51,32.28,35.05,38.74,36.89,29.52,27.67
5647,45.0,35.0,38.0,42.0,40.0,32.0,30.0
5648,48.49,37.72,40.95,45.26,43.11,34.48,32.33
5649,51.75,40.25,43.7,48.3,46.0,36.8,34.5
5650,54.55,42.42,46.06,50.91,48.49,38.79,36.36
5651,56.69,44.09,47.87,52.91,50.39,40.31,37.79
5652,58.04,45.14,49.01,54.17,51.59,41.27,38.69
5653,58.5,45.5,49.4,54.6,52.0,41.6,39.0
5654,58.04,45.14,49.01,54.17,51.59,41.27,38.69
5655,56.69,44.09,47.87,52.91,50.39,40.31,37.79
5656,54.55,42.42,46.06,50.91,48.49,38.79,36.36
5657,51.75,40.25,43.7,48.3,46.0,36.8,34.5
5658,48.49,37.72,40.95,45.26,43.11,34.48,32.33
5659,45.0,35.0,38.0,42.0,40.0,32.0,30.0
5660,41.51,32.28,35.05,38.74,36.89,29.52,27.67
5661,38.25,29.75,32.3,35.7,34.0,27.2,25.5
5662,35.45,27.58,29.94,33.09,31.51,25.21,23.64
5663,33.31,25.91,28.13,31.09,29.61,23.69,22.21
5664,31.96,24.86,26.99,29.83,28.41,22.73,21.31
5665,31.5,24.5,26.6,29.4,28.0,22.4,21.0
5666,31.96,24.86,26.99,29.83,28.41,22.73,21.31
5667,33.31,25.91,28.13,31.09,29.61,23.69,22.21
5668,35.45,27.58,29.94,33.09,31.51,25.21,23.64
5669,38.25,29.75,32.3,35.7,34.0,27.2,25.5
5670,41.51,32.28,35.05,38.74,36.89,29.52,27.67
5671,45.0,35.0,38.0,42.0,40.0,32.0,30.0
5672,48.49,37.72,40.95,45.26,43.11,34.48,32.33
5673,51.75,40.25,43.7,48.3,46.0,36.8,34.5
5674,54.55,42.42,46.06,50.91,48.49,38.79,36.36
5675,56.69,44.09,47.87,52.91,50.39,40.31,37.79
5676,58.04,45.14,49.01,54.17,51.59,41.27,38.69
5677,58.5,45.5,49.4,54.6,52.0,41.6,39.0
5678,58.04,45.14,49.01,54.17,51.59,41.27,38.69
5679,56.69,44.09,47.87,52.91,50.39,40.31,37.79
5680,54.55,42.42,46.06,50.91,48.49,38.79,36.36
5681,51.75,40.25,43.7,48.3,46.0,36.8,34.5
5682,48.49,37.72,40.95,45.26,43.11,34.48,32.33
5683,45.0,35.0,38.0,42.0,40.0,32.0,30.0
5684,41.51,32.28,35.05,38.74,36.89,29.52,27.67
5685,38.25,29.75,32.3,35.7,34.0,27.2,25.5
5686,35.45,27.58,29.94,33.09,31.51,25.21,23.64
5687,33.31,25.91,28.13,31.09,29.61,23.69,22.21
5688,31.96,24.86,26.99,29.83,28.41,22.73,21.31
5689,31.5,24.5,26.6,29.4,28.0,22.4,21.0
5690,31.96,24.86,26.99,29.83,28.41,22.73,21.31
5691,33.31,25.91,28.13,31.09,29.61,23.69,22.21
5692,35.45,27.58,29.94,33.09,31.51,25.21,23.64
5693,38.25,29.75,32.3,35.7,34.0,27.2,25.5
5694,41.51,32.28,35.05,38.74,36.89,29.52,27.67
5695,45.0,35.0,38.0,42.0,40.0,32.0,30.0
5696,48.49,37.72,40.95,45.26,43.11,34.48,32.33
5697,51.75,40.25,43.7,48.3,46.0,36.8,34.5
5698,54.55,42.42,46.06,50.91,48.49,38.79,36.36
5699,56.69,44.09,47.87,52.91,50.39,40.31,37.79
5700,58.04,45.14,49.01,54.17,51.59,41.27,38.69
5701,58.5,45.5,49.4,54.6,52.0,41.6,39.0
5702,58.04,45.14,49.01,54.17,51.59,41.27,38.69
5703,56.69,44.09,47.87,52.91,50.39,40.31,37.79
5704,54.55,42.42,46.06,50.91,48.49,38.79,36.36
5705,51.75,40.25,43.7,48.3,46.0,36.8,34.5
5706,48.49,37.72,40.95,45.26,43.11,34.48,32.33
5707,45.0,35.0,38.0,42.0,40.0,32.0,30.0
5708,41.51,32.28,35.05,38.74,36.89,29.52,27.67
5709,38.25,29.75,32.3,35.7,34.0,27.2,25.5
5710,35.45,27.58,29.94,33.09,31.51,25.21,23.64
5711,33.31,25.91,28.13,31.09,29.61,23.69,22.21
5712,31.96,24.86,26.99,29.83,28.41,22.73,21.31
5713,31.5,24.5,26.6,29.4,28.0,22.4,21.0
5714,31.96,24.86,26.99,29.83,28.41,22.73,21.31
5715,33.31,25.91,28.13,31.09,29.61,23.69,22.21
5716,35.45,27.58,29.94,33.09,31.51,25.21,23.64
5717,38.25,29.75,32.3,35.7,34.0,27.2,25.5
5718,41.51,32.28,35.05,38.74,36.89,29.52,27.67
5719,45.0,35.0,38.0,42.0,40.0,32.0,30.0
5720,48.49,37.72,40.95,45.26,43.11,34.48,32.33
5721,51.75,40.25,43.7,48.3,46.0,36.8,34.5
5722,54.55,42.42,46.06,50.91,48.49,38.79,36.36
5723,56.69,44.09,47.87,52.91,50.39,40.31,37.79
5724,58.04,45.14,49.01,54.17,51.59,41.27,38.69
5725,58.5,45.5,49.4,54.6,52.0,41.6,39.0
5726,58.04,45.14,49.01,54.17,51.59,41.27,38.69
5727,56.69,44.09,47.87,52.91,50.39,40.31,37.79
5728,54.55,42.42,46.06,50.91,48.49,38.79,36.36
5729,51.75,40.25,43.7,48.3,46.0,36.8,34.5
5730,48.49,37.72,40.95,45.26,43.11,34.48,32.33
5731,45.0,35.0,38.0,42.0,40.0,32.0,30.0
5732,41.51,32.28,35.05,38.74,36.89,29.52,27.67
5733,38.25,29.75,32.3,35.7,34.0,27.2,25.5
5734,35.45,27.58,29.94,33.09,31.51,25.21,23.64
5735,33.31,25.91,28.13,31.09,29.61,23.69,22.21
5736,31.96,24.86,26.99,29.83,28.41,22.73,21.31
5737,31.5,24.5,26.6,29.4,28.0,22.4,21.0
5738,31.96,24.86,26.99,29.83,28.41,22.73,21.31
5739,33.31,25.91,28.13,31.09,29.61,23.69,22.21
5740,35.45,27.58,29.94,33.09,31.51,25.21,23.64
5741,38.25,29.75,32.3,35.7,34.0,27.2,25.5
5742,41.51,32.28,35.05,38.74,36.89,29.52,27.67
5743,45.0,35.0,38.0,42.0,40.0,32.0,30.0
5744,48.49,37.72,40.95,45.26,43.11,34.48,32.33
5745,51.75,40.25,43.7,48.3,46.0,36.8,34.5
5746,54.55,42.42,46.06,50.91,48.49,38.79,36.36
5747,56.69,44.09,47.87,52.91,50.39,40.31,37.79
5748,58.04,45.14,49.01,54.17,51.59,41.27,38.69
5749,58.5,45.5,49.4,54.6,52.0,41.6,39.0
5750,58.04,45.14,49.01,54.17,51.59,41.27,38.69
5751,56.69,44.09,47.87,52.91,50.39,40.31,37.79
5752,54.55,42.42,46.06,50.91,48.49,38.79,36.36
5753,51.75,40.25,43.7,48.3,46.0,36.8,34.5
5754,48.49,37.72,40.95,45.26,43.11,34.48,32.33
5755,45.0,35.0,38.0,42.0,40.0,32.0,30.0
5756,41.51,32.28,35.05,38.74,36.89,29.52,27.67
5757,38.25,29.75,32.3,35.7,34.0,27.2,25.5
5758,35.45,27.58,29.94,33.09,31.51,25.21,23.64
5759,33.31,25.91,28.13,31.09,29.61,23.69,22.21
5760,31.96,24.86,26.99,29.83,28.41,22.73,21.31
5761,31.5,24.5,26.6,29.4,28.0,22.4,21.0
5762,31.96,24.86,26.99,29.83,28.41,22.73,21.31
5763,33.31,25.91,28.13,31.09,29.61,23.69,22.21
5764,35.45,27.58,29.94,33.09,31.51,25.21,23.64
5765,38.25,29.75,32.3,35.7,34.0,27.2,25.5
5766,41.51,32.28,35.05,38.74,36.89,29.52,27.67
5767,45.0,35.0,38.0,42.0,40.0,32.0,30.0
5768,48.49,37.72,40.95,45.26,43.11,34.48,32.33
5769,51.75,40.25,43.7,48.3,46.0,36.8,34.5
5770,54.55,42.42,46.06,50.91,48.49,38.79,36.36
5771,56.69,44.09,47.87,52.91,50.39,40.31,37.79
5772,58.04,45.14,49.01,54.17,51.59,41.27,38.69
5773,58.5,45.5,49.4,54.6,52.0,41.6,39.0
5774,58.04,45.14,49.01,54.17,51.59,41.27,38.69
5775,56.69,44.09,47.87,52.91,50.39,40.31,37.79
5776,54.55,42.42,46.06,50.91,48.49,38.79,36.36
5777,51.75,40.25,43.7,48.3,46.0,36.8,34.5
5778,48.49,37.72,40.95,45.26,43.11,34.48,32.33
5779,45.0,35.0,38.0,42.0,40.0,32.0,30.0
5780,41.51,32.28,35.05,38.74,36.89,29.52,27.67
5781,38.25,29.75,32.3,35.7,34.0,27.2,25.5
5782,35.45,27.58,29.94,33.09,31.51,25.21,23.64
5783,33.31,25.91,28.13,31.09,29.61,23.69,22.21
5784,31.96,24.86,26.99,29.83,28.41,22.73,21.31
5785,31.5,24.5,26.6,29.4,28.0,22.4,21.0
5786,31.96,24.86,26.99,29.83,28.41,22.73,21.31
5787,33.31,25.91,28.13,31.09,29.61,23.69,22.21
5788,35.45,27.58,29.94,33.09,31.51,25.21,23.64
5789,38.25,29.75,32.3,35.7,34.0,27.2,25.5
5790,41.51,32.28,35.05,38.74,36.89,29.52,27.67
5791,45.0,35.0,38.0,42.0,40.0,32.0,30.0
5792,48.49,37.72,40.95,45.26,43.11,34.48,32.33
5793,51.75,40.25,43.7,48.3,46.0,36.8,34.5
5794,54.55,42.42,46.06,50.91,48.49,38.79,36.36
5795,56.69,44.09,47.87,52.91,50.39,40.31,37.79
5796,58.04,45.14,49.01,54.17,51.59,41.27,38.69
5797,58.5,45.5,49.4,54.6,52.0,41.6,39.0
5798,58.04,45.14,49.01,54.17,51.59,41.27,38.69
5799,56.69,44.09,47.87,52.91,50.39,40.31,37.79
5800,54.55,42.42,46.06,50.91,48.49,38.79,36.36
5801,51.75,40.25,43.7,48.3,46.0,36.8,34.5
5802,48.49,37.72,40.95,45.26,43.11,34.48,32.33
5803,45.0,35.0,38.0,42.0,40.0,32.0,30.0
5804,41.51,32.28,35.05,38.74,36.89,29.52,27.67
5805,38.25,29.75,32.3,35.7,34.0,27.2,25.5
5806,35.45,27.58,29.94,33.09,31.51,25.21,23.64
5807,33.31,25.91,28.13,31.09,29.61,23.69,22.21
5808,31.96,24.86,26.99,29.83,28.41,22.73,21.31
5809,31.5,24.5,26.6,29.4,28.0,22.4,21.0
5810,31.96,24.86,26.99,29.83,28.41,22.73,21.31
5811,33.31,25.91,28.13,31.09,29.61,23.69,22.21
5812,35.45,27.58,29.94,33.09,31.51,25.21,23.64
5813,38.25,29.75,32.3,35.7,34.0,27.2,25.5
5814,41.51,32.28,35.05,38.74,36.89,29.52,27.67
5815,45.0,35.0,38.0,42.0,40.0,32.0,30.0
5816,48.49,37.72,40.95,45.26,43.11,34.48,32.33
5817,51.75,40.25,43.7,48.3,46.0,36.8,34.5
5818,54.55,42.42,46.06,50.91,48.49,38.79,36.36
5819,56.69,44.09,47.87,52.91,50.39,40.31,37.79
5820,58.04,45.14,49.01,54.17,51.59,41.27,38.69
5821,58.5,45.5,49.4,54.6,52.0,41.6,39.0
5822,58.04,45.14,49.01,54.17,51.59,41.27,38.69
5823,56.69,44.09,47.87,52.91,50.39,40.31,37.79
5824,54.55,42.42,46.06,50.91,48.49,38.79,36.36
5825,51.75,40.25,43.7,48.3,46.0,36.8,34.5
5826,48.49,37.72,40.95,45.26,43.11,34.48,32.33
5827,45.0,35.0,38.0,42.0,40.0,32.0,30.0
5828,41.51,32.28,35.05,38.74,36.89,29.52,27.67
5829,38.25,29.75,32.3,35.7,34.0,27.2,25.5
5830,35.45,27.58,29.94,33.09,31.51,25.21,23.64
5831,33.31,25.91,28.13,31.09,29.61,23.69,22.21
5832,31.96,24.86,26.99,29.83,28.41,22.73,21.31
5833,31.5,24.5,26.6,29.4,28.0,22.4,21.0
5834,31.96,24.86,26.99,29.83,28.41,22.73,21.31
5835,33.31,25.91,28.13,31.09,29.61,23.69,22.21
5836,35.45,27.58,29.94,33.09,31.51,25.21,23.64
5837,38.25,29.75,32.3,35.7,34.0,27.2,25.5
5838,41.51,32.28,35.05,38.74,36.89,29.52,27.67
5839,45.0,35.0,38.0,42.0,40.0,32.0,30.0
5840,48.49,37.72,40.95,45.26,43.11,34.48,32.33
5841,51.75,40.25,43.7,48.3,46.0,36.8,34.5
5842,54.55,42.42,46.06,50.91,48.49,38.79,36.36
5843,56.69,44.09,47.87,52.91,50.39,40.31,37.79
5844,58.04,45.14,49.01,54.17,51.59,41.27,38.69
5845,58.5,45.5,49.4,54.6,52.0,41.6,39.0
5846,58.04,45.14,49.01,54.17,51.59,41.27,38.69
5847,56.69,44.09,47.87,52.91,50.39,40.31,37.79
5848,54.55,42.42,46.06,50.91,48.49,38.79,36.36
5849,51.75,40.25,43.7,48.3,46.0,36.8,34.5
5850,48.49,37.72,40.95,45.26,43.11,34.48,32.33
5851,45.0,35.0,38.0,42.0,40.0,32.0,30.0
5852,41.51,32.28,35.05,38.74,36.89,29.52,27.67
5853,38.25,29.75,32.3,35.7,34.0,27.2,25.5
5854,35.45,27.58,29.94,33.09,31.51,25.21,23.64
5855,33.31,25.91,28.13,31.09,29.61,23.69,22.21
5856,31.96,24.86,26.99,29.83,28.41,22.73,21.31
5857,31.5,24.5,26.6,29.4,28.0,22.4,21.0
5858,31.96,24.86,26.99,29.83,28.41,22.73,21.31
5859,33.31,25.91,28.13,31.09,29.61,23.69,22.21
5860,35.45,27.58,29.94,33.09,31.51,25.21,23.64
5861,38.25,29.75,32.3,35.7,34.0,27.2,25.5
5862,41.51,32.28,35.05,38.74,36.89,29.52,27.67
5863,45.0,35.0,38.0,42.0,40.0,32.0,30.0
5864,48.49,37.72,40.95,45.26,43.11,34.48,32.33
5865,51.75,40.25,43.7,48.3,46.0,36.8,34.5
5866,54.55,42.42,46.06,50.91,48.49,38.79,36.36
5867,56.69,44.09,47.87,52.91,50.39,40.31,37.79
5868,58.04,45.14,49.01,54.17,51.59,41.27,38.69
5869,58.5,45.5,49.4,54.6,52.0,41.6,39.0
5870,58.04,45.14,49.01,54.17,51.59,41.27,38.69
5871,56.69,44.09,47.87,52.91,50.39,40.31,37.79
5872,54.55,42.42,46.06,50.91,48.49,38.79,36.36
5873,51.75,40.25,43.7,48.3,46.0,36.8,34.5
5874,48.49,37.72,40.95,45.26,43.11,34.48,32.33
5875,45.0,35.0,38.0,42.0,40.0,32.0,30.0
5876,41.51,32.28,35.05,38.74,36.89,29.52,27.67
5877,38.25,29.75,32.3,35.7,34.0,27.2,25.5
5878,35.45,27.58,29.94,33.09,31.51,25.21,23.64
5879,33.31,25.91,28.13,31.09,29.61,23.69,22.21
5880,31.96,24.86,26.99,29.83,28.41,22.73,21.31
5881,31.5,24.5,26.6,29.4,28.0,22.4,21.0
5882,31.96,24.86,26.99,29.83,28.41,22.73,21.31
5883,33.31,25.91,28.13,31.09,29.61,23.69,22.21
5884,35.45,27.58,29.94,33.09,31.51,25.21,23.64
5885,38.25,29.75,32.3,35.7,34.0,27.2,25.5
5886,41.51,32.28,35.05,38.74,36.89,29.52,27.67
5887,45.0,35.0,38.0,42.0,40.0,32.0,30.0
5888,48.49,37.72,40.95,45.26,43.11,34.48,32.33
5889,51.75,40.25,43.7,48.3,46.0,36.8,34.5
5890,54.55,42.42,46.06,50.91,48.49,38.79,36.36
5891,56.69,44.09,47.87,52.91,50.39,40.31,37.79
5892,58.04,45.14,49.01,54.17,51.59,41.27,38.69
5893,58.5,45.5,49.4,54.6,52.0,41.6,39.0
5894,58.04,45.14,49.01,54.17,51.59,41.27,38.69
5895,56.69,44.09,47.87,52.91,50.39,40.31,37.79
5896,54.55,42.42,46.06,50.91,48.49,38.79,36.36
5897,51.75,40.25,43.7,48.3,46.0,36.8,34.5
5898,48.49,37.72,40.95,45.26,43.11,34.48,32.33
5899,45.0,35.0,38.0,42.0,40.0,32.0,30.0
5900,41.51,32.28,35.05,38.74,36.89,29.52,27.67
5901,38.25,29.75,32.3,35.7,34.0,27.2,25.5
5902,35.45,27.58,29.94,33.09,31.51,25.21,23.64
5903,33.31,25.91,28.13,31.09,29.61,23.69,22.21
5904,31.96,24.86,26.99,29.83,28.41,22.73,21.31
5905,31.5,24.5,26.6,29.4,28.0,22.4,21.0
5906,31.96,24.86,26.99,29.83,28.41,22.73,21.31
5907,33.31,25.91,28.13,31.09,29.61,23.69,22.21
5908,35.45,27.58,29.94,33.09,31.51,25.21,23.64
5909,38.25,29.75,32.3,35.7,34.0,27.2,25.5
5910,41.51,32.28,35.05,38.74,36.89,29.52,27.67
5911,45.0,35.0,38.0,42.0,40.0,32.0,30.0
5912,48.49,37.72,40.95,45.26,43.11,34.48,32.33
5913,51.75,40.25,43.7,48.3,46.0,36.8,34.5
5914,54.55,42.42,46.06,50.91,48.49,38.79,36.36
5915,56.69,44.09,47.87,52.91,50.39,40.31,37.79
5916,58.04,45.14,49.01,54.17,51.59,41.27,38.69
5917,58.5,45.5,49.4,54.6,52.0,41.6,39.0
5918,58.04,45.14,49.01,54.17,51.59,41.27,38.69
5919,56.69,44.09,47.87,52.91,50.39,40.31,37.79
5920,54.55,42.42,46.06,50.91,48.49,38.79,36.36
5921,51.75,40.25,43.7,48.3,46.0,36.8,34.5
5922,48.49,37.72,40.95,45.26,43.11,34.48,32.33
5923,45.0,35.0,38.0,42.0,40.0,32.0,30.0
5924,41.51,32.28,35.05,38.74,36.89,29.52,27.67
5925,38.25,29.75,32.3,35.7,34.0,27.2,25.5
5926,35.45,27.58,29.94,33.09,31.51,25.21,23.64
5927,33.31,25.91,28.13,31.09,29.61,23.69,22.21
5928,31.96,24.86,26.99,29.83,28.41,22.73,21.31
5929,31.5,24.5,26.6,29.4,28.0,22.4,21.0
5930,31.96,24.86,26.99,29.83,28.41,22.73,21.31
5931,33.31,25.91,28.13,31.09,29.61,23.69,22.21
5932,35.45,27.58,29.94,33.09,31.51,25.21,23.64
5933,38.25,29.75,32.3,35.7,34.0,27.2,25.5
5934,41.51,32.28,35.05,38.74,36.89,29.52,27.67
5935,45.0,35.0,38.0,42.0,40.0,32.0,30.0
5936,48.49,37.72,40.95,45.26,43.11,34.48,32.33
5937,51.75,40.25,43.7,48.3,46.0,36.8,34.5
5938,54.55,42.42,46.06,50.91,48.49,38.79,36.36
5939,56.69,44.09,47.87,52.91,50.39,40.31,37.79
5940,58.04,45.14,49.01,54.17,51.59,41.27,38.69
5941,58.5,45.5,49.4,54.6,52.0,41.6,39.0
5942,58.04,45.14,49.01,54.17,51.59,41.27,38.69
5943,56.69,44.09,47.87,52.91,50.39,40.31,37.79
5944,54.55,42.42,46.06,50.91,48.49,38.79,36.36
5945,51.75,40.25,43.7,48.3,46.0,36.8,34.5
5946,48.49,37.72,40.95,45.26,43.11,34.48,32.33
5947,45.0,35.0,38.0,42.0,40.0,32.0,30.0
5948,41.51,32.28,35.05,38.74,36.89,29.52,27.67
5949,38.25,29.75,32.3,35.7,34.0,27.2,25.5
5950,35.45,27.58,29.94,33.09,31.51,25.21,23.64
5951,33.31,25.91,28.13,31.09,29.61,23.69,22.21
5952,31.96,24.86,26.99,29.83,28.41,22.73,21.31
5953,31.5,24.5,26.6,29.4,28.0,22.4,21.0
5954,31.96,24.86,26.99,29.83,28.41,22.73,21.31
5955,33.31,25.91,28.13,31.09,29.61,23.69,22.21
5956,35.45,27.58,29.94,33.09,31.51,25.21,23.64
5957,38.25,29.75,32.3,35.7,34.0,27.2,25.5
5958,41.51,32.28,35.05,38.74,36.89,29.52,27.67
5959,45.0,35.0,38.0,42.0,40.0,32.0,30.0
5960,48.49,37.72,40.95,45.26,43.11,34.48,32.33
5961,51.75,40.25,43.7,48.3,46.0,36.8,34.5
5962,54.55,42.42,46.06,50.91,48.49,38.79,36.36
5963,56.69,44.09,47.87,52.91,50.39,40.31,37.79
5964,58.04,45.14,49.01,54.17,51.59,41.27,38.69
5965,58.5,45.5,49.4,54.6,52.0,41.6,39.0
5966,58.04,45.14,49.01,54.17,51.59,41.27,38.69
5967,56.69,44.09,47.87,52.91,50.39,40.31,37.79
5968,54.55,42.42,46.06,50.91,48.49,38.79,36.36
5969,51.75,40.25,43.7,48.3,46.0,36.8,34.5
5970,48.49,37.72,40.95,45.26,43.11,34.48,32.33
5971,45.0,35.0,38.0,42.0,40.0,32.0,30.0
5972,41.51,32.28,35.05,38.74,36.89,29.52,27.67
5973,38.25,29.75,32.3,35.7,34.0,27.2,25.5
5974,35.45,27.58,29.94,33.09,31.51,25.21,23.64
5975,33.31,25.91,28.13,31.09,29.61,23.69,22.21
5976,31.96,24.86,26.99,29.83,28.41,22.73,21.31
5977,31.5,24.5,26.6,29.4,28.0,22.4,21.0
5978,31.96,24.86,26.99,29.83,28.41,22.73,21.31
5979,33.31,25.91,28.13,31.09,29.61,23.69,22.21
5980,35.45,27.58,29.94,33.09,31.51,25.21,23.64
5981,38.25,29.75,32.3,35.7,34.0,27.2,25.5
5982,41.51,32.28,35.05,38.74,36.89,29.52,27.67
5983,45.0,35.0,38.0,42.0,40.0,32.0,30.0
5984,48.49,37.72,40.95,45.26,43.11,34.48,32.33
5985,51.75,40.25,43.7,48.3,46.0,36.8,34.5
5986,54.55,42.42,46.06,50.91,48.49,38.79,36.36
5987,56.69,44.09,47.87,52.91,50.39,40.31,37.79
5988,58.04,45.14,49.01,54.17,51.59,41.27,38.69
5989,58.5,45.5,49.4,54.6,52.0,41.6,39.0
5990,58.04,45.14,49.01,54.17,51.59,41.27,38.69
5991,56.69,44.09,47.87,52.91,50.39,40.31,37.79
5992,54.55,42.42,46.06,50.91,48.49,38.79,36.36
5993,51.75,40.25,43.7,48.3,46.0,36.8,34.5
5994,48.49,37.72,40.95,45.26,43.11,34.48,32.33
5995,45.0,35.0,38.0,42.0,40.0,32.0,30.0
5996,41.51,32.28,35.05,38.74,36.89,29.52,27.67
5997,38.25,29.75,32.3,35.7,34.0,27.2,25.5
5998,35.45,27.58,29.94,33.09,31.51,25.21,23.64
5999,33.31,25.91,28.13,31.09,29.61,23.69,22.21
6000,31.96,24.86,26.99,29.83,28.41,22.73,21.31
6001,31.5,24.5,26.6,29.4,28.0,22.4,21.0
6002,31.96,24.86,26.99,29.83,28.41,22.73,21.31
6003,33.31,25.91,28.13,31.09,29.61,23.69,22.21
6004,35.45,27.58,29.94,33.09,31.51,25.21,23.64
6005,38.25,29.75,32.3,35.7,34.0,27.2,25.5
6006,41.51,32.28,35.05,38.74,36.89,29.52,27.67
6007,45.0,35.0,38.0,42.0,40.0,32.0,30.0
6008,48.49,37.72,40.95,45.26,43.11,34.48,32.33
6009,51.75,40.25,43.7,48.3,46.0,36.8,34.5
6010,54.55,42.42,46.06,50.91,48.49,38.79,36.36
6011,56.69,44.09,47.87,52.91,50.39,40.31,37.79
6012,58.04,45.14,49.01,54.17,51.59,41.27,38.69
6013,58.5,45.5,49.4,54.6,52.0,41.6,39.0
6014,58.04,45.14,49.01,54.17,51.59,41.27,38.69
6015,56.69,44.09,47.87,52.91,50.39,40.31,37.79
6016,54.55,42.42,46.06,50.91,48.49,38.79,36.36
6017,51.75,40.25,43.7,48.3,46.0,36.8,34.5
6018,48.49,37.72,40.95,45.26,43.11,34.48,32.33
6019,45.0,35.0,38.0,42.0,40.0,32.0,30.0
6020,41.51,32.28,35.05,38.74,36.89,29.52,27.67
6021,38.25,29.75,32.3,35.7,34.0,27.2,25.5
6022,35.45,27.58,29.94,33.09,31.51,25.21,23.64
6023,33.31,25.91,28.13,31.09,29.61,23.69,22.21
6024,31.96,24.86,26.99,29.83,28.41,22.73,21.31
6025,31.5,24.5,26.6,29.4,28.0,22.4,21.0
6026,31.96,24.86,26.99,29.83,28.41,22.73,21.31
6027,33.31,25.91,28.13,31.09,29.61,23.69,22.21
6028,35.45,27.58,29.94,33.09,31.51,25.21,23.64
6029,38.25,29.75,32.3,35.7,34.0,27.2,25.5
6030,41.51,32.28,35.05,38.74,36.89,29.52,27.67
6031,45.0,35.0,38.0,42.0,40.0,32.0,30.0
6032,48.49,37.72,40.95,45.26,43.11,34.48,32.33
6033,51.75,40.25,43.7,48.3,46.0,36.8,34.5
6034,54.55,42.42,46.06,50.91,48.49,38.79,36.36
6035,56.69,44.09,47.87,52.91,50.39,40.31,37.79
6036,58.04,45.14,49.01,54.17,51.59,41.27,38.69
6037,58.5,45.5,49.4,54.6,52.0,41.6,39.0
6038,58.04,45.14,49.01,54.17,51.59,41.27,38.69
6039,56.69,44.09,47.87,52.91,50.39,40.31,37.79
6040,54.55,42.42,46.06,50.91,48.49,38.79,36.36
6041,51.75,40.25,43.7,48.3,46.0,36.8,34.5
6042,48.49,37.72,40.95,45.26,43.11,34.48,32.33
6043,45.0,35.0,38.0,42.0,40.0,32.0,30.0
6044,41.51,32.28,35.05,38.74,36.89,29.52,27.67
6045,38.25,29.75,32.3,35.7,34.0,27.2,25.5
6046,35.45,27.58,29.94,33.09,31.51,25.21,23.64
6047,33.31,25.91,28.13,31.09,29.61,23.69,22.21
6048,31.96,24.86,26.99,29.83,28.41,22.73,21.31
6049,31.5,24.5,26.6,29.4,28.0,22.4,21.0
6050,31.96,24.86,26.99,29.83,28.41,22.73,21.31
6051,33.31,25.91,28.13,31.09,29.61,23.69,22.21
6052,35.45,27.58,29.94,33.09,31.51,25.21,23.64
6053,38.25,29.75,32.3,35.7,34.0,27.2,25.5
6054,41.51,32.28,35.05,38.74,36.89,29.52,27.67
6055,45.0,35.0,38.0,42.0,40.0,32.0,30.0
6056,48.49,37.72,40.95,45.26,43.11,34.48,32.33
6057,51.75,40.25,43.7,48.3,46.0,36.8,34.5
6058,54.55,42.42,46.06,50.91,48.49,38.79,36.36
6059,56.69,44.09,47.87,52.91,50.39,40.31,37.79
6060,58.04,45.14,49.01,54.17,51.59,41.27,38.69
6061,58.5,45.5,49.4,54.6,52.0,41.6,39.0
6062,58.04,45.14,49.01,54.17,51.59,41.27,38.69
6063,56.69,44.09,47.87,52.91,50.39,40.31,37.79
6064,54.55,42.42,46.06,50.91,48.49,38.79,36.36
6065,51.75,40.25,43.7,48.3,46.0,36.8,34.5
6066,48.49,37.72,40.95,45.26,43.11,34.48,32.33
6067,45.0,35.0,38.0,42.0,40.0,32.0,30.0
6068,41.51,32.28,35.05,38.74,36.89,29.52,27.67
6069,38.25,29.75,32.3,35.7,34.0,27.2,25.5
6070,35.45,27.58,29.94,33.09,31.51,25.21,23.64
6071,33.31,25.91,28.13,31.09,29.61,23.69,22.21
6072,31.96,24.86,26.99,29.83,28.41,22.73,21.31
6073,31.5,24.5,26.6,29.4,28.0,22.4,21.0
6074,31.96,24.86,26.99,29.83,28.41,22.73,21.31
6075,33.31,25.91,28.13,31.09,29.61,23.69,22.21
6076,35.45,27.58,29.94,33.09,31.51,25.21,23.64
6077,38.25,29.75,32.3,35.7,34.0,27.2,25.5
6078,41.51,32.28,35.05,38.74,36.89,29.52,27.67
6079,45.0,35.0,38.0,42.0,40.0,32.0,30.0
6080,48.49,37.72,40.95,45.26,43.11,34.48,32.33
6081,51.75,40.25,43.7,48.3,46.0,36.8,34.5
6082,54.55,42.42,46.06,50.91,48.49,38.79,36.36
6083,56.69,44.09,47.87,52.91,50.39,40.31,37.79
6084,58.04,45.14,49.01,54.17,51.59,41.27,38.69
6085,58.5,45.5,49.4,54.6,52.0,41.6,39.0
6086,58.04,45.14,49.01,54.17,51.59,41.27,38.69
6087,56.69,44.09,47.87,52.91,50.39,40.31,37.79
6088,54.55,42.42,46.06,50.91,48.49,38.79,36.36
6089,51.75,40.25,43.7,48.3,46.0,36.8,34.5
6090,48.49,37.72,40.95,45.26,43.11,34.48,32.33
6091,45.0,35.0,38.0,42.0,40.0,32.0,30.0
6092,41.51,32.28,35.05,38.74,36.89,29.52,27.67
6093,38.25,29.75,32.3,35.7,34.0,27.2,25.5
6094,35.45,27.58,29.94,33.09,31.51,25.21,23.64
6095,33.31,25.91,28.13,31.09,29.61,23.69,22.21
6096,31.96,24.86,26.99,29.83,28.41,22.73,21.31
6097,31.5,24.5,26.6,29.4,28.0,22.4,21.0
6098,31.96,24.86,26.99,29.83,28.41,22.73,21.31
6099,33.31,25.91,28.13,31.09,29.61,23.69,22.21
6100,35.45,27.58,29.94,33.09,31.51,25.21,23.64
6101,38.25,29.75,32.3,35.7,34.0,27.2,25.5
6102,41.51,32.28,35.05,38.74,36.89,29.52,27.67
6103,45.0,35.0,38.0,42.0,40.0,32.0,30.0
6104,48.49,37.72,40.95,45.26,43.11,34.48,32.33
6105,51.75,40.25,43.7,48.3,46.0,36.8,34.5
6106,54.55,42.42,46.06,50.91,48.49,38.79,36.36
6107,56.69,44.09,47.87,52.91,50.39,40.31,37.79
6108,58.04,45.14,49.01,54.17,51.59,41.27,38.69
6109,58.5,45.5,49.4,54.6,52.0,41.6,39.0
6110,58.04,45.14,49.01,54.17,51.59,41.27,38.69
6111,56.69,44.09,47.87,52.91,50.39,40.31,37.79
6112,54.55,42.42,46.06,50.91,48.49,38.79,36.36
6113,51.75,40.25,43.7,48.3,46.0,36.8,34.5
6114,48.49,37.72,40.95,45.26,43.11,34.48,32.33
6115,45.0,35.0,38.0,42.0,40.0,32.0,30.0
6116,41.51,32.28,35.05,38.74,36.89,29.52,27.67
6117,38.25,29.75,32.3,35.7,34.0,27.2,25.5
6118,35.45,27.58,29.94,33.09,31.51,25.21,23.64
6119,33.31,25.91,28.13,31.09,29.61,23.69,22.21
6120,31.96,24.86,26.99,29.83,28.41,22.73,21.31
6121,31.5,24.5,26.6,29.4,28.0,22.4,21.0
6122,31.96,24.86,26.99,29.83,28.41,22.73,21.31
6123,33.31,25.91,28.13,31.09,29.61,23.69,22.21
6124,35.45,27.58,29.94,33.09,31.51,25.21,23.64
6125,38.25,29.75,32.3,35.7,34.0,27.2,25.5
6126,41.51,32.28,35.05,38.74,36.89,29.52,27.67
6127,45.0,35.0,38.0,42.0,40.0,32.0,30.0
6128,48.49,37.72,40.95,45.26,43.11,34.48,32.33
6129,51.75,40.25,43.7,48.3,46.0,36.8,34.5
6130,54.55,42.42,46.06,50.91,48.49,38.79,36.36
6131,56.69,44.09,47.87,52.91,50.39,40.31,37.79
6132,58.04,45.14,49.01,54.17,51.59,41.27,38.69
6133,58.5,45.5,49.4,54.6,52.0,41.6,39.0
6134,58.04,45.14,49.01,54.17,51.59,41.27,38.69
6135,56.69,44.09,47.87,52.91,50.39,40.31,37.79
6136,54.55,42.42,46.06,50.91,48.49,38.79,36.36
6137,51.75,40.25,43.7,48.3,46.0,36.8,34.5
6138,48.49,37.72,40.95,45.26,43.11,34.48,32.33
6139,45.0,35.0,38.0,42.0,40.0,32.0,30.0
6140,41.51,32.28,35.05,38.74,36.89,29.52,27.67
6141,38.25,29.75,32.3,35.7,34.0,27.2,25.5
6142,35.45,27.58,29.94,33.09,31.51,25.21,23.64
6143,33.31,25.91,28.13,31.09,29.61,23.69,22.21
6144,31.96,24.86,26.99,29.83,28.41,22.73,21.31
6145,31.5,24.5,26.6,29.4,28.0,22.4,21.0
6146,31.96,24.86,26.99,29.83,28.41,22.73,21.31
6147,33.31,25.91,28.13,31.09,29.61,23.69,22.21
6148,35.45,27.58,29.94,33.09,31.51,25.21,23.64
6149,38.25,29.75,32.3,35.7,34.0,27.2,25.5
6150,41.51,32.28,35.05,38.74,36.89,29.52,27.67
6151,45.0,35.0,38.0,42.0,40.0,32.0,30.0
6152,48.49,37.72,40.95,45.26,43.11,34.48,32.33
6153,51.75,40.25,43.7,48.3,46.0,36.8,34.5
6154,54.55,42.42,46.06,50.91,48.49,38.79,36.36
6155,56.69,44.09,47.87,52.91,50.39,40.31,37.79
6156,58.04,45.14,49.01,54.17,51.59,41.27,38.69
6157,58.5,45.5,49.4,54.6,52.0,41.6,39.0
6158,58.04,45.14,49.01,54.17,51.59,41.27,38.69
6159,56.69,44.09,47.87,52.91,50.39,40.31,37.79
6160,54.55,42.42,46.06,50.91,48.49,38.79,36.36
6161,51.75,40.25,43.7,48.3,46.0,36.8,34.5
6162,48.49,37.72,40.95,45.26,43.11,34.48,32.33
6163,45.0,35.0,38.0,42.0,40.0,32.0,30.0
6164,41.51,32.28,35.05,38.74,36.89,29.52,27.67
6165,38.25,29.75,32.3,35.7,34.0,27.2,25.5
6166,35.45,27.58,29.94,33.09,31.51,25.21,23.64
6167,33.31,25.91,28.13,31.09,29.61,23.69,22.21
6168,31.96,24.86,26.99,29.83,28.41,22.73,21.31
6169,31.5,24.5,26.6,29.4,28.0,22.4,21.0
6170,31.96,24.86,26.99,29.83,28.41,22.73,21.31
6171,33.31,25.91,28.13,31.09,29.61,23.69,22.21
6172,35.45,27.58,29.94,33.09,31.51,25.21,23.64
6173,38.25,29.75,32.3,35.7,34.0,27.2,25.5
6174,41.51,32.28,35.05,38.74,36.89,29.52,27.67
6175,45.0,35.0,38.0,42.0,40.0,32.0,30.0
6176,48.49,37.72,40.95,45.26,43.11,34.48,32.33
6177,51.75,40.25,43.7,48.3,46.0,36.8,34.5
6178,54.55,42.42,46.06,50.91,48.49,38.79,36.36
6179,56.69,44.09,47.87,52.91,50.39,40.31,37.79
6180,58.04,45.14,49.01,54.17,51.59,41.27,38.69
6181,58.5,45.5,49.4,54.6,52.0,41.6,39.0
6182,58.04,45.14,49.01,54.17,51.59,41.27,38.69
6183,56.69,44.09,47.87,52.91,50.39,40.31,37.79
6184,54.55,42.42,46.06,50.91,48.49,38.79,36.36
6185,51.75,40.25,43.7,48.3,46.0,36.8,34.5
6186,48.49,37.72,40.95,45.26,43.11,34.48,32.33
6187,45.0,35.0,38.0,42.0,40.0,32.0,30.0
6188,41.51,32.28,35.05,38.74,36.89,29.52,27.67
6189,38.25,29.75,32.3,35.7,34.0,27.2,25.5
6190,35.45,27.58,29.94,33.09,31.51,25.21,23.64
6191,33.31,25.91,28.13,31.09,29.61,23.69,22.21
6192,31.96,24.86,26.99,29.83,28.41,22.73,21.31
6193,31.5,24.5,26.6,29.4,28.0,22.4,21.0
6194,31.96,24.86,26.99,29.83,28.41,22.73,21.31
6195,33.31,25.91,28.13,31.09,29.61,23.69,22.21
6196,35.45,27.58,29.94,33.09,31.51,25.21,23.64
6197,38.25,29.75,32.3,35.7,34.0,27.2,25.5
6198,41.51,32.28,35.05,38.74,36.89,29.52,27.67
6199,45.0,35.0,38.0,42.0,40.0,32.0,30.0
6200,48.49,37.72,40.95,45.26,43.11,34.48,32.33
6201,51.75,40.25,43.7,48.3,46.0,36.8,34.5
6202,54.55,42.42,46.06,50.91,48.49,38.79,36.36
6203,56.69,44.09,47.87,52.91,50.39,40.31,37.79
6204,58.04,45.14,49.01,54.17,51.59,41.27,38.69
6205,58.5,45.5,49.4,54.6,52.0,41.6,39.0
6206,58.04,45.14,49.01,54.17,51.59,41.27,38.69
6207,56.69,44.09,47.87,52.91,50.39,40.31,37.79
6208,54.55,42.42,46.06,50.91,48.49,38.79,36.36
6209,51.75,40.25,43.7,48.3,46.0,36.8,34.5
6210,48.49,37.72,40.95,45.26,43.11,34.48,32.33
6211,45.0,35.0,38.0,42.0,40.0,32.0,30.0
6212,41.51,32.28,35.05,38.74,36.89,29.52,27.67
6213,38.25,29.75,32.3,35.7,34.0,27.2,25.5
6214,35.45,27.58,29.94,33.09,31.51,25.21,23.64
6215,33.31,25.91,28.13,31.09,29.61,23.69,22.21
6216,31.96,24.86,26.99,29.83,28.41,22.73,21.31
6217,31.5,24.5,26.6,29.4,28.0,22.4,21.0
6218,31.96,24.86,26.99,29.83,28.41,22.73,21.31
6219,33.31,25.91,28.13,31.09,29.61,23.69,22.21
6220,35.45,27.58,29.94,33.09,31.51,25.21,23.64
6221,38.25,29.75,32.3,35.7,34.0,27.2,25.5
6222,41.51,32.28,35.05,38.74,36.89,29.52,27.67
6223,45.0,35.0,38.0,42.0,40.0,32.0,30.0
6224,48.49,37.72,40.95,45.26,43.11,34.48,32.33
6225,51.75,40.25,43.7,48.3,46.0,36.8,34.5
6226,54.55,42.42,46.06,50.91,48.49,38.79,36.36
6227,56.69,44.09,47.87,52.91,50.39,40.31,37.79
6228,58.04,45.14,49.01,54.17,51.59,41.27,38.69
6229,58.5,45.5,49.4,54.6,52.0,41.6,39.0
6230,58.04,45.14,49.01,54.17,51.59,41.27,38.69
6231,56.69,44.09,47.87,52.91,50.39,40.31,37.79
6232,54.55,42.42,46.06,50.91,48.49,38.79,36.36
6233,51.75,40.25,43.7,48.3,46.0,36.8,34.5
6234,48.49,37.72,40.95,45.26,43.11,34.48,32.33
6235,45.0,35.0,38.0,42.0,40.0,32.0,30.0
6236,41.51,32.28,35.05,38.74,36.89,29.52,27.67
6237,38.25,29.75,32.3,35.7,34.0,27.2,25.5
6238,35.45,27.58,29.94,33.09,31.51,25.21,23.64
6239,33.31,25.91,28.13,31.09,29.61,23.69,22.21
6240,31.96,24.86,26.99,29.83,28.41,22.73,21.31
6241,31.5,24.5,26.6,29.4,28.0,22.4,21.0
6242,31.96,24.86,26.99,29.83,28.41,22.73,21.31
6243,33.31,25.91,28.13,31.09,29.61,23.69,22.21
6244,35.45,27.58,29.94,33.09,31.51,25.21,23.64
6245,38.25,29.75,32.3,35.7,34.0,27.2,25.5
6246,41.51,32.28,35.05,38.74,36.89,29.52,27.67
6247,45.0,35.0,38.0,42.0,40.0,32.0,30.0
6248,48.49,37.72,40.95,45.26,43.11,34.48,32.33
6249,51.75,40.25,43.7,48.3,46.0,36.8,34.5
6250,54.55,42.42,46.06,50.91,48.49,38.79,36.36
6251,56.69,44.09,47.87,52.91,50.39,40.31,37.79
6252,58.04,45.14,49.01,54.17,51.59,41.27,38.69
6253,58.5,45.5,49.4,54.6,52.0,41.6,39.0
6254,58.04,45.14,49.01,54.17,51.59,41.27,38.69
6255,56.69,44.09,47.87,52.91,50.39,40.31,37.79
6256,54.55,42.42,46.06,50.91,48.49,38.79,36.36
6257,51.75,40.25,43.7,48.3,46.0,36.8,34.5
6258,48.49,37.72,40.95,45.26,43.11,34.48,32.33
6259,45.0,35.0,38.0,42.0,40.0,32.0,30.0
6260,41.51,32.28,35.05,38.74,36.89,29.52,27.67
6261,38.25,29.75,32.3,35.7,34.0,27.2,25.5
6262,35.45,27.58,29.94,33.09,31.51,25.21,23.64
6263,33.31,25.91,28.13,31.09,29.61,23.69,22.21
6264,31.96,24.86,26.99,29.83,28.41,22.73,21.31
6265,31.5,24.5,26.6,29.4,28.0,22.4,21.0
6266,31.96,24.86,26.99,29.83,28.41,22.73,21.31
6267,33.31,25.91,28.13,31.09,29.61,23.69,22.21
6268,35.45,27.58,29.94,33.09,31.51,25.21,23.64
6269,38.25,29.75,32.3,35.7,34.0,27.2,25.5
6270,41.51,32.28,35.05,38.74,36.89,29.52,27.67
6271,45.0,35.0,38.0,42.0,40.0,32.0,30.0
6272,48.49,37.72,40.95,45.26,43.11,34.48,32.33
6273,51.75,40.25,43.7,48.3,46.0,36.8,34.5
6274,54.55,42.42,46.06,50.91,48.49,38.79,36.36
6275,56.69,44.09,47.87,52.91,50.39,40.31,37.79
6276,58.04,45.14,49.01,54.17,51.59,41.27,38.69
6277,58.5,45.5,49.4,54.6,52.0,41.6,39.0
6278,58.04,45.14,49.01,54.17,51.59,41.27,38.69
6279,56.69,44.09,47.87,52.91,50.39,40.31,37.79
6280,54.55,42.42,46.06,50.91,48.49,38.79,36.36
6281,51.75,40.25,43.7,48.3,46.0,36.8,34.5
6282,48.49,37.72,40.95,45.26,43.11,34.48,32.33
6283,45.0,35.0,38.0,42.0,40.0,32.0,30.0
6284,41.51,32.28,35.05,38.74,36.89,29.52,27.67
6285,38.25,29.75,32.3,35.7,34.0,27.2,25.5
6286,35.45,27.58,29.94,33.09,31.51,25.21,23.64
6287,33.31,25.91,28.13,31.09,29.61,23.69,22.21
6288,31.96,24.86,26.99,29.83,28.41,22.73,21.31
6289,31.5,24.5,26.6,29.4,28.0,22.4,21.0
6290,31.96,24.86,26.99,29.83,28.41,22.73,21.31
6291,33.31,25.91,28.13,31.09,29.61,23.69,22.21
6292,35.45,27.58,29.94,33.09,31.51,25.21,23.64
6293,38.25,29.75,32.3,35.7,34.0,27.2,25.5
6294,41.51,32.28,35.05,38.74,36.89,29.52,27.67
6295,45.0,35.0,38.0,42.0,40.0,32.0,30.0
6296,48.49,37.72,40.95,45.26,43.11,34.48,32.33
6297,51.75,40.25,43.7,48.3,46.0,36.8,34.5
6298,54.55,42.42,46.06,50.91,48.49,38.79,36.36
6299,56.69,44.09,47.87,52.91,50.39,40.31,37.79
6300,58.04,45.14,49.01,54.17,51.59,41.27,38.69
6301,58.5,45.5,49.4,54.6,52.0,41.6,39.0
6302,58.04,45.14,49.01,54.17,51.59,41.27,38.69
6303,56.69,44.09,47.87,52.91,50.39,40.31,37.79
6304,54.55,42.42,46.06,50.91,48.49,38.79,36.36
6305,51.75,40.25,43.7,48.3,46.0,36.8,34.5
6306,48.49,37.72,40.95,45.26,43.11,34.48,32.33
6307,45.0,35.0,38.0,42.0,40.0,32.0,30.0
6308,41.51,32.28,35.05,38.74,36.89,29.52,27.67
6309,38.25,29.75,32.3,35.7,34.0,27.2,25.5
6310,35.45,27.58,29.94,33.09,31.51,25.21,23.64
6311,33.31,25.91,28.13,31.09,29.61,23.69,22.21
6312,31.96,24.86,26.99,29.83,28.41,22.73,21.31
6313,31.5,24.5,26.6,29.4,28.0,22.4,21.0
6314,31.96,24.86,26.99,29.83,28.41,22.73,21.31
6315,33.31,25.91,28.13,31.09,29.61,23.69,22.21
6316,35.45,27.58,29.94,33.09,31.51,25.21,23.64
6317,38.25,29.75,32.3,35.7,34.0,27.2,25.5
6318,41.51,32.28,35.05,38.74,36.89,29.52,27.67
6319,45.0,35.0,38.0,42.0,40.0,32.0,30.0
6320,48.49,37.72,40.95,45.26,43.11,34.48,32.33
6321,51.75,40.25,43.7,48.3,46.0,36.8,34.5
6322,54.55,42.42,46.06,50.91,48.49,38.79,36.36
6323,56.69,44.09,47.87,52.91,50.39,40.31,37.79
6324,58.04,45.14,49.01,54.17,51.59,41.27,38.69
6325,58.5,45.5,49.4,54.6,52.0,41.6,39.0
6326,58.04,45.14,49.01,54.17,51.59,41.27,38.69
6327,56.69,44.09,47.87,52.91,50.39,40.31,37.79
6328,54.55,42.42,46.06,50.91,48.49,38.79,36.36
6329,51.75,40.25,43.7,48.3,46.0,36.8,34.5
6330,48.49,37.72,40.95,45.26,43.11,34.48,32.33
6331,45.0,35.0,38.0,42.0,40.0,32.0,30.0
6332,41.51,32.28,35.05,38.74,36.89,29.52,27.67
6333,38.25,29.75,32.3,35.7,34.0,27.2,25.5
6334,35.45,27.58,29.94,33.09,31.51,25.21,23.64
6335,33.31,25.91,28.13,31.09,29.61,23.69,22.21
6336,31.96,24.86,26.99,29.83,28.41,22.73,21.31
6337,31.5,24.5,26.6,29.4,28.0,22.4,21.0
6338,31.96,24.86,26.99,29.83,28.41,22.73,21.31
6339,33.31,25.91,28.13,31.09,29.61,23.69,22.21
6340,35.45,27.58,29.94,33.09,31.51,25.21,23.64
6341,38.25,29.75,32.3,35.7,34.0,27.2,25.5
6342,41.51,32.28,35.05,38.74,36.89,29.52,27.67
6343,45.0,35.0,38.0,42.0,40.0,32.0,30.0
6344,48.49,37.72,40.95,45.26,43.11,34.48,32.33
6345,51.75,40.25,43.7,48.3,46.0,36.8,34.5
6346,54.55,42.42,46.06,50.91,48.49,38.79,36.36
6347,56.69,44.09,47.87,52.91,50.39,40.31,37.79
6348,58.04,45.14,49.01,54.17,51.59,41.27,38.69
6349,58.5,45.5,49.4,54.6,52.0,41.6,39.0
6350,58.04,45.14,49.01,54.17,51.59,41.27,38.69
6351,56.69,44.09,47.87,52.91,50.39,40.31,37.79
6352,54.55,42.42,46.06,50.91,48.49,38.79,36.36
6353,51.75,40.25,43.7,48.3,46.0,36.8,34.5
6354,48.49,37.72,40.95,45.26,43.11,34.48,32.33
6355,45.0,35.0,38.0,42.0,40.0,32.0,30.0
6356,41.51,32.28,35.05,38.74,36.89,29.52,27.67
6357,38.25,29.75,32.3,35.7,34.0,27.2,25.5
6358,35.45,27.58,29.94,33.09,31.51,25.21,23.64
6359,33.31,25.91,28.13,31.09,29.61,23.69,22.21
6360,31.96,24.86,26.99,29.83,28.41,22.73,21.31
6361,31.5,24.5,26.6,29.4,28.0,22.4,21.0
6362,31.96,24.86,26.99,29.83,28.41,22.73,21.31
6363,33.31,25.91,28.13,31.09,29.61,23.69,22.21
6364,35.45,27.58,29.94,33.09,31.51,25.21,23.64
6365,38.25,29.75,32.3,35.7,34.0,27.2,25.5
6366,41.51,32.28,35.05,38.74,36.89,29.52,27.67
6367,45.0,35.0,38.0,42.0,40.0,32.0,30.0
6368,48.49,37.72,40.95,45.26,43.11,34.48,32.33
6369,51.75,40.25,43.7,48.3,46.0,36.8,34.5
6370,54.55,42.42,46.06,50.91,48.49,38.79,36.36
6371,56.69,44.09,47.87,52.91,50.39,40.31,37.79
6372,58.04,45.14,49.01,54.17,51.59,41.27,38.69
6373,58.5,45.5,49.4,54.6,52.0,41.6,39.0
6374,58.04,45.14,49.01,54.17,51.59,41.27,38.69
6375,56.69,44.09,47.87,52.91,50.39,40.31,37.79
6376,54.55,42.42,46.06,50.91,48.49,38.79,36.36
6377,51.75,40.25,43.7,48.3,46.0,36.8,34.5
6378,48.49,37.72,40.95,45.26,43.11,34.48,32.33
6379,45.0,35.0,38.0,42.0,40.0,32.0,30.0
6380,41.51,32.28,35.05,38.74,36.89,29.52,27.67
6381,38.25,29.75,32.3,35.7,34.0,27.2,25.5
6382,35.45,27.58,29.94,33.09,31.51,25.21,23.64
6383,33.31,25.91,28.13,31.09,29.61,23.69,22.21
6384,31.96,24.86,26.99,29.83,28.41,22.73,21.31
6385,31.5,24.5,26.6,29.4,28.0,22.4,21.0
6386,31.96,24.86,26.99,29.83,28.41,22.73,21.31
6387,33.31,25.91,28.13,31.09,29.61,23.69,22.21
6388,35.45,27.58,29.94,33.09,31.51,25.21,23.64
6389,38.25,29.75,32.3,35.7,34.0,27.2,25.5
6390,41.51,32.28,35.05,38.74,36.89,29.52,27.67
6391,45.0,35.0,38.0,42.0,40.0,32.0,30.0
6392,48.49,37.72,40.95,45.26,43.11,34.48,32.33
6393,51.75,40.25,43.7,48.3,46.0,36.8,34.5
6394,54.55,42.42,46.06,50.91,48.49,38.79,36.36
6395,56.69,44.09,47.87,52.91,50.39,40.31,37.79
6396,58.04,45.14,49.01,54.17,51.59,41.27,38.69
6397,58.5,45.5,49.4,54.6,52.0,41.6,39.0
6398,58.04,45.14,49.01,54.17,51.59,41.27,38.69
6399,56.69,44.09,47.87,52.91,50.39,40.31,37.79
6400,54.55,42.42,46.06,50.91,48.49,38.79,36.36
6401,51.75,40.25,43.7,48.3,46.0,36.8,34.5
6402,48.49,37.72,40.95,45.26,43.11,34.48,32.33
6403,45.0,35.0,38.0,42.0,40.0,32.0,30.0
6404,41.51,32.28,35.05,38.74,36.89,29.52,27.67
6405,38.25,29.75,32.3,35.7,34.0,27.2,25.5
6406,35.45,27.58,29.94,33.09,31.51,25.21,23.64
6407,33.31,25.91,28.13,31.09,29.61,23.69,22.21
6408,31.96,24.86,26.99,29.83,28.41,22.73,21.31
6409,31.5,24.5,26.6,29.4,28.0,22.4,21.0
6410,31.96,24.86,26.99,29.83,28.41,22.73,21.31
6411,33.31,25.91,28.13,31.09,29.61,23.69,22.21
6412,35.45,27.58,29.94,33.09,31.51,25.21,23.64
6413,38.25,29.75,32.3,35.7,34.0,27.2,25.5
6414,41.51,32.28,35.05,38.74,36.89,29.52,27.67
6415,45.0,35.0,38.0,42.0,40.0,32.0,30.0
6416,48.49,37.72,40.95,45.26,43.11,34.48,32.33
6417,51.75,40.25,43.7,48.3,46.0,36.8,34.5
6418,54.55,42.42,46.06,50.91,48.49,38.79,36.36
6419,56.69,44.09,47.87,52.91,50.39,40.31,37.79
6420,58.04,45.14,49.01,54.17,51.59,41.27,38.69
6421,58.5,45.5,49.4,54.6,52.0,41.6,39.0
6422,58.04,45.14,49.01,54.17,51.59,41.27,38.69
6423,56.69,44.09,47.87,52.91,50.39,40.31,37.79
6424,54.55,42.42,46.06,50.91,48.49,38.79,36.36
6425,51.75,40.25,43.7,48.3,46.0,36.8,34.5
6426,48.49,37.72,40.95,45.26,43.11,34.48,32.33
6427,45.0,35.0,38.0,42.0,40.0,32.0,30.0
6428,41.51,32.28,35.05,38.74,36.89,29.52,27.67
6429,38.25,29.75,32.3,35.7,34.0,27.2,25.5
6430,35.45,27.58,29.94,33.09,31.51,25.21,23.64
6431,33.31,25.91,28.13,31.09,29.61,23.69,22.21
6432,31.96,24.86,26.99,29.83,28.41,22.73,21.31
6433,31.5,24.5,26.6,29.4,28.0,22.4,21.0
6434,31.96,24.86,26.99,29.83,28.41,22.73,21.31
6435,33.31,25.91,28.13,31.09,29.61,23.69,22.21
6436,35.45,27.58,29.94,33.09,31.51,25.21,23.64
6437,38.25,29.75,32.3,35.7,34.0,27.2,25.5
6438,41.51,32.28,35.05,38.74,36.89,29.52,27.67
6439,45.0,35.0,38.0,42.0,40.0,32.0,30.0
6440,48.49,37.72,40.95,45.26,43.11,34.48,32.33
6441,51.75,40.25,43.7,48.3,46.0,36.8,34.5
6442,54.55,42.42,46.06,50.91,48.49,38.79,36.36
6443,56.69,44.09,47.87,52.91,50.39,40.31,37.79
6444,58.04,45.14,49.01,54.17,51.59,41.27,38.69
6445,58.5,45.5,49.4,54.6,52.0,41.6,39.0
6446,58.04,45.14,49.01,54.17,51.59,41.27,38.69
6447,56.69,44.09,47.87,52.91,50.39,40.31,37.79
6448,54.55,42.42,46.06,50.91,48.49,38.79,36.36
6449,51.75,40.25,43.7,48.3,46.0,36.8,34.5
6450,48.49,37.72,40.95,45.26,43.11,34.48,32.33
6451,45.0,35.0,38.0,42.0,40.0,32.0,30.0
6452,41.51,32.28,35.05,38.74,36.89,29.52,27.67
6453,38.25,29.75,32.3,35.7,34.0,27.2,25.5
6454,35.45,27.58,29.94,33.09,31.51,25.21,23.64
6455,33.31,25.91,28.13,31.09,29.61,23.69,22.21
6456,31.96,24.86,26.99,29.83,28.41,22.73,21.31
6457,31.5,24.5,26.6,29.4,28.0,22.4,21.0
6458,31.96,24.86,26.99,29.83,28.41,22.73,21.31
6459,33.31,25.91,28.13,31.09,29.61,23.69,22.21
6460,35.45,27.58,29.94,33.09,31.51,25.21,23.64
6461,38.25,29.75,32.3,35.7,34.0,27.2,25.5
6462,41.51,32.28,35.05,38.74,36.89,29.52,27.67
6463,45.0,35.0,38.0,42.0,40.0,32.0,30.0
6464,48.49,37.72,40.95,45.26,43.11,34.48,32.33
6465,51.75,40.25,43.7,48.3,46.0,36.8,34.5
6466,54.55,42.42,46.06,50.91,48.49,38.79,36.36
6467,56.69,44.09,47.87,52.91,50.39,40.31,37.79
6468,58.04,45.14,49.01,54.17,51.59,41.27,38.69
6469,58.5,45.5,49.4,54.6,52.0,41.6,39.0
6470,58.04,45.14,49.01,54.17,51.59,41.27,38.69
6471,56.69,44.09,47.87,52.91,50.39,40.31,37.79
6472,54.55,42.42,46.06,50.91,48.49,38.79,36.36
6473,51.75,40.25,43.7,48.3,46.0,36.8,34.5
6474,48.49,37.72,40.95,45.26,43.11,34.48,32.33
6475,45.0,35.0,38.0,42.0,40.0,32.0,30.0
6476,41.51,32.28,35.05,38.74,36.89,29.52,27.67
6477,38.25,29.75,32.3,35.7,34.0,27.2,25.5
6478,35.45,27.58,29.94,33.09,31.51,25.21,23.64
6479,33.31,25.91,28.13,31.09,29.61,23.69,22.21
6480,31.96,24.86,26.99,29.83,28.41,22.73,21.31
6481,31.5,24.5,26.6,29.4,28.0,22.4,21.0
6482,31.96,24.86,26.99,29.83,28.41,22.73,21.31
6483,33.31,25.91,28.13,31.09,29.61,23.69,22.21
6484,35.45,27.58,29.94,33.09,31.51,25.21,23.64
6485,38.25,29.75,32.3,35.7,34.0,27.2,25.5
6486,41.51,32.28,35.05,38.74,36.89,29.52,27.67
6487,45.0,35.0,38.0,42.0,40.0,32.0,30.0
6488,48.49,37.72,40.95,45.26,43.11,34.48,32.33
6489,51.75,40.25,43.7,48.3,46.0,36.8,34.5
6490,54.55,42.42,46.06,50.91,48.49,38.79,36.36
6491,56.69,44.09,47.87,52.91,50.39,40.31,37.79
6492,58.04,45.14,49.01,54.17,51.59,41.27,38.69
6493,58.5,45.5,49.4,54.6,52.0,41.6,39.0
6494,58.04,45.14,49.01,54.17,51.59,41.27,38.69
6495,56.69,44.09,47.87,52.91,50.39,40.31,37.79
6496,54.55,42.42,46.06,50.91,48.49,38.79,36.36
6497,51.75,40.25,43.7,48.3,46.0,36.8,34.5
6498,48.49,37.72,40.95,45.26,43.11,34.48,32.33
6499,45.0,35.0,38.0,42.0,40.0,32.0,30.0
6500,41.51,32.28,35.05,38.74,36.89,29.52,27.67
6501,38.25,29.75,32.3,35.7,34.0,27.2,25.5
6502,35.45,27.58,29.94,33.09,31.51,25.21,23.64
6503,33.31,25.91,28.13,31.09,29.61,23.69,22.21
6504,31.96,24.86,26.99,29.83,28.41,22.73,21.31
6505,31.5,24.5,26.6,29.4,28.0,22.4,21.0
6506,31.96,24.86,26.99,29.83,28.41,22.73,21.31
6507,33.31,25.91,28.13,31.09,29.61,23.69,22.21
6508,35.45,27.58,29.94,33.09,31.51,25.21,23.64
6509,38.25,29.75,32.3,35.7,34.0,27.2,25.5
6510,41.51,32.28,35.05,38.74,36.89,29.52,27.67
6511,45.0,35.0,38.0,42.0,40.0,32.0,30.0
6512,48.49,37.72,40.95,45.26,43.11,34.48,32.33
6513,51.75,40.25,43.7,48.3,46.0,36.8,34.5
6514,54.55,42.42,46.06,50.91,48.49,38.79,36.36
6515,56.69,44.09,47.87,52.91,50.39,40.31,37.79
6516,58.04,45.14,49.01,54.17,51.59,41.27,38.69
6517,58.5,45.5,49.4,54.6,52.0,41.6,39.0
6518,58.04,45.14,49.01,54.17,51.59,41.27,38.69
6519,56.69,44.09,47.87,52.91,50.39,40.31,37.79
6520,54.55,42.42,46.06,50.91,48.49,38.79,36.36
6521,51.75,40.25,43.7,48.3,46.0,36.8,34.5
6522,48.49,37.72,40.95,45.26,43.11,34.48,32.33
6523,45.0,35.0,38.0,42.0,40.0,32.0,30.0
6524,41.51,32.28,35.05,38.74,36.89,29.52,27.67
6525,38.25,29.75,32.3,35.7,34.0,27.2,25.5
6526,35.45,27.58,29.94,33.09,31.51,25.21,23.64
6527,33.31,25.91,28.13,31.09,29.61,23.69,22.21
6528,31.96,24.86,26.99,29.83,28.41,22.73,21.31
6529,31.5,24.5,26.6,29.4,28.0,22.4,21.0
6530,31.96,24.86,26.99,29.83,28.41,22.73,21.31
6531,33.31,25.91,28.13,31.09,29.61,23.69,22.21
6532,35.45,27.58,29.94,33.09,31.51,25.21,23.64
6533,38.25,29.75,32.3,35.7,34.0,27.2,25.5
6534,41.51,32.28,35.05,38.74,36.89,29.52,27.67
6535,45.0,35.0,38.0,42.0,40.0,32.0,30.0
6536,48.49,37.72,40.95,45.26,43.11,34.48,32.33
6537,51.75,40.25,43.7,48.3,46.0,36.8,34.5
6538,54.55,42.42,46.06,50.91,48.49,38.79,36.36
6539,56.69,44.09,47.87,52.91,50.39,40.31,37.79
6540,58.04,45.14,49.01,54.17,51.59,41.27,38.69
6541,58.5,45.5,49.4,54.6,52.0,41.6,39.0
6542,58.04,45.14,49.01,54.17,51.59,41.27,38.69
6543,56.69,44.09,47.87,52.91,50.39,40.31,37.79
6544,54.55,42.42,46.06,50.91,48.49,38.79,36.36
6545,51.75,40.25,43.7,48.3,46.0,36.8,34.5
6546,48.49,37.72,40.95,45.26,43.11,34.48,32.33
6547,45.0,35.0,38.0,42.0,40.0,32.0,30.0
6548,41.51,32.28,35.05,38.74,36.89,29.52,27.67
6549,38.25,29.75,32.3,35.7,34.0,27.2,25.5
6550,35.45,27.58,29.94,33.09,31.51,25.21,23.64
6551,33.31,25.91,28.13,31.09,29.61,23.69,22.21
6552,31.96,24.86,26.99,29.83,28.41,22.73,21.31
6553,31.5,24.5,26.6,29.4,28.0,22.4,21.0
6554,31.96,24.86,26.99,29.83,28.41,22.73,21.31
6555,33.31,25.91,28.13,31.09,29.61,23.69,22.21
6556,35.45,27.58,29.94,33.09,31.51,25.21,23.64
6557,38.25,29.75,32.3,35.7,34.0,27.2,25.5
6558,41.51,32.28,35.05,38.74,36.89,29.52,27.67
6559,45.0,35.0,38.0,42.0,40.0,32.0,30.0
6560,48.49,37.72,40.95,45.26,43.11,34.48,32.33
6561,51.75,40.25,43.7,48.3,46.0,36.8,34.5
6562,54.55,42.42,46.06,50.91,48.49,38.79,36.36
6563,56.69,44.09,47.87,52.91,50.39,40.31,37.79
6564,58.04,45.14,49.01,54.17,51.59,41.27,38.69
6565,58.5,45.5,49.4,54.6,52.0,41.6,39.0
6566,58.04,45.14,49.01,54.17,51.59,41.27,38.69
6567,56.69,44.09,47.87,52.91,50.39,40.31,37.79
6568,54.55,42.42,46.06,50.91,48.49,38.79,36.36
6569,51.75,40.25,43.7,48.3,46.0,36.8,34.5
6570,48.49,37.72,40.95,45.26,43.11,34.48,32.33
6571,45.0,35.0,38.0,42.0,40.0,32.0,30.0
6572,41.51,32.28,35.05,38.74,36.89,29.52,27.67
6573,38.25,29.75,32.3,35.7,34.0,27.2,25.5
6574,35.45,27.58,29.94,33.09,31.51,25.21,23.64
6575,33.31,25.91,28.13,31.09,29.61,23.69,22.21
6576,31.96,24.86,26.99,29.83,28.41,22.73,21.31
6577,31.5,24.5,26.6,29.4,28.0,22.4,21.0
6578,31.96,24.86,26.99,29.83,28.41,22.73,21.31
6579,33.31,25.91,28.13,31.09,29.61,23.69,22.21
6580,35.45,27.58,29.94,33.09,31.51,25.21,23.64
6581,38.25,29.75,32.3,35.7,34.0,27.2,25.5
6582,41.51,32.28,35.05,38.74,36.89,29.52,27.67
6583,45.0,35.0,38.0,42.0,40.0,32.0,30.0
6584,48.49,37.72,40.95,45.26,43.11,34.48,32.33
6585,51.75,40.25,43.7,48.3,46.0,36.8,34.5
6586,54.55,42.42,46.06,50.91,48.49,38.79,36.36
6587,56.69,44.09,47.87,52.91,50.39,40.31,37.79
6588,58.04,45.14,49.01,54.17,51.59,41.27,38.69
6589,58.5,45.5,49.4,54.6,52.0,41.6,39.0
6590,58.04,45.14,49.01,54.17,51.59,41.27,38.69
6591,56.69,44.09,47.87,52.91,50.39,40.31,37.79
6592,54.55,42.42,46.06,50.91,48.49,38.79,36.36
6593,51.75,40.25,43.7,48.3,46.0,36.8,34.5
6594,48.49,37.72,40.95,45.26,43.11,34.48,32.33
6595,45.0,35.0,38.0,42.0,40.0,32.0,30.0
6596,41.51,32.28,35.05,38.74,36.89,29.52,27.67
6597,38.25,29.75,32.3,35.7,34.0,27.2,25.5
6598,35.45,27.58,29.94,33.09,31.51,25.21,23.64
6599,33.31,25.91,28.13,31.09,29.61,23.69,22.21
6600,31.96,24.86,26.99,29.83,28.41,22.73,21.31
6601,31.5,24.5,26.6,29.4,28.0,22.4,21.0
6602,31.96,24.86,26.99,29.83,28.41,22.73,21.31
6603,33.31,25.91,28.13,31.09,29.61,23.69,22.21
6604,35.45,27.58,29.94,33.09,31.51,25.21,23.64
6605,38.25,29.75,32.3,35.7,34.0,27.2,25.5
6606,41.51,32.28,35.05,38.74,36.89,29.52,27.67
6607,45.0,35.0,38.0,42.0,40.0,32.0,30.0
6608,48.49,37.72,40.95,45.26,43.11,34.48,32.33
6609,51.75,40.25,43.7,48.3,46.0,36.8,34.5
6610,54.55,42.42,46.06,50.91,48.49,38.79,36.36
6611,56.69,44.09,47.87,52.91,50.39,40.31,37.79
6612,58.04,45.14,49.01,54.17,51.59,41.27,38.69
6613,58.5,45.5,49.4,54.6,52.0,41.6,39.0
6614,58.04,45.14,49.01,54.17,51.59,41.27,38.69
6615,56.69,44.09,47.87,52.91,50.39,40.31,37.79
6616,54.55,42.42,46.06,50.91,48.49,38.79,36.36
6617,51.75,40.25,43.7,48.3,46.0,36.8,34.5
6618,48.49,37.72,40.95,45.26,43.11,34.48,32.33
6619,45.0,35.0,38.0,42.0,40.0,32.0,30.0
6620,41.51,32.28,35.05,38.74,36.89,29.52,27.67
6621,38.25,29.75,32.3,35.7,34.0,27.2,25.5
6622,35.45,27.58,29.94,33.09,31.51,25.21,23.64
6623,33.31,25.91,28.13,31.09,29.61,23.69,22.21
6624,31.96,24.86,26.99,29.83,28.41,22.73,21.31
6625,31.5,24.5,26.6,29.4,28.0,22.4,21.0
6626,31.96,24.86,26.99,29.83,28.41,22.73,21.31
6627,33.31,25.91,28.13,31.09,29.61,23.69,22.21
6628,35.45,27.58,29.94,33.09,31.51,25.21,23.64
6629,38.25,29.75,32.3,35.7,34.0,27.2,25.5
6630,41.51,32.28,35.05,38.74,36.89,29.52,27.67
6631,45.0,35.0,38.0,42.0,40.0,32.0,30.0
6632,48.49,37.72,40.95,45.26,43.11,34.48,32.33
6633,51.75,40.25,43.7,48.3,46.0,36.8,34.5
6634,54.55,42.42,46.06,50.91,48.49,38.79,36.36
6635,56.69,44.09,47.87,52.91,50.39,40.31,37.79
6636,58.04,45.14,49.01,54.17,51.59,41.27,38.69
6637,58.5,45.5,49.4,54.6,52.0,41.6,39.0
6638,58.04,45.14,49.01,54.17,51.59,41.27,38.69
6639,56.69,44.09,47.87,52.91,50.39,40.31,37.79
6640,54.55,42.42,46.06,50.91,48.49,38.79,36.36
6641,51.75,40.25,43.7,48.3,46.0,36.8,34.5
6642,48.49,37.72,40.95,45.26,43.11,34.48,32.33
6643,45.0,35.0,38.0,42.0,40.0,32.0,30.0
6644,41.51,32.28,35.05,38.74,36.89,29.52,27.67
6645,38.25,29.75,32.3,35.7,34.0,27.2,25.5
6646,35.45,27.58,29.94,33.09,31.51,25.21,23.64
6647,33.31,25.91,28.13,31.09,29.61,23.69,22.21
6648,31.96,24.86,26.99,29.83,28.41,22.73,21.31
6649,31.5,24.5,26.6,29.4,28.0,22.4,21.0
6650,31.96,24.86,26.99,29.83,28.41,22.73,21.31
6651,33.31,25.91,28.13,31.09,29.61,23.69,22.21
6652,35.45,27.58,29.94,33.09,31.51,25.21,23.64
6653,38.25,29.75,32.3,35.7,34.0,27.2,25.5
6654,41.51,32.28,35.05,38.74,36.89,29.52,27.67
6655,45.0,35.0,38.0,42.0,40.0,32.0,30.0
6656,48.49,37.72,40.95,45.26,43.11,34.48,32.33
6657,51.75,40.25,43.7,48.3,46.0,36.8,34.5
6658,54.55,42.42,46.06,50.91,48.49,38.79,36.36
6659,56.69,44.09,47.87,52.91,50.39,40.31,37.79
6660,58.04,45.14,49.01,54.17,51.59,41.27,38.69
6661,58.5,45.5,49.4,54.6,52.0,41.6,39.0
6662,58.04,45.14,49.01,54.17,51.59,41.27,38.69
6663,56.69,44.09,47.87,52.91,50.39,40.31,37.79
6664,54.55,42.42,46.06,50.91,48.49,38.79,36.36
6665,51.75,40.25,43.7,48.3,46.0,36.8,34.5
6666,48.49,37.72,40.95,45.26,43.11,34.48,32.33
6667,45.0,35.0,38.0,42.0,40.0,32.0,30.0
6668,41.51,32.28,35.05,38.74,36.89,29.52,27.67
6669,38.25,29.75,32.3,35.7,34.0,27.2,25.5
6670,35.45,27.58,29.94,33.09,31.51,25.21,23.64
6671,33.31,25.91,28.13,31.09,29.61,23.69,22.21
6672,31.96,24.86,26.99,29.83,28.41,22.73,21.31
6673,31.5,24.5,26.6,29.4,28.0,22.4,21.0
6674,31.96,24.86,26.99,29.83,28.41,22.73,21.31
6675,33.31,25.91,28.13,31.09,29.61,23.69,22.21
6676,35.45,27.58,29.94,33.09,31.51,25.21,23.64
6677,38.25,29.75,32.3,35.7,34.0,27.2,25.5
6678,41.51,32.28,35.05,38.74,36.89,29.52,27.67
6679,45.0,35.0,38.0,42.0,40.0,32.0,30.0
6680,48.49,37.72,40.95,45.26,43.11,34.48,32.33
6681,51.75,40.25,43.7,48.3,46.0,36.8,34.5
6682,54.55,42.42,46.06,50.91,48.49,38.79,36.36
6683,56.69,44.09,47.87,52.91,50.39,40.31,37.79
6684,58.04,45.14,49.01,54.17,51.59,41.27,38.69
6685,58.5,45.5,49.4,54.6,52.0,41.6,39.0
6686,58.04,45.14,49.01,54.17,51.59,41.27,38.69
6687,56.69,44.09,47.87,52.91,50.39,40.31,37.79
6688,54.55,42.42,46.06,50.91,48.49,38.79,36.36
6689,51.75,40.25,43.7,48.3,46.0,36.8,34.5
6690,48.49,37.72,40.95,45.26,43.11,34.48,32.33
6691,45.0,35.0,38.0,42.0,40.0,32.0,30.0
6692,41.51,32.28,35.05,38.74,36.89,29.52,27.67
6693,38.25,29.75,32.3,35.7,34.0,27.2,25.5
6694,35.45,27.58,29.94,33.09,31.51,25.21,23.64
6695,33.31,25.91,28.13,31.09,29.61,23.69,22.21
6696,31.96,24.86,26.99,29.83,28.41,22.73,21.31
6697,31.5,24.5,26.6,29.4,28.0,22.4,21.0
6698,31.96,24.86,26.99,29.83,28.41,22.73,21.31
6699,33.31,25.91,28.13,31.09,29.61,23.69,22.21
6700,35.45,27.58,29.94,33.09,31.51,25.21,23.64
6701,38.25,29.75,32.3,35.7,34.0,27.2,25.5
6702,41.51,32.28,35.05,38.74,36.89,29.52,27.67
6703,45.0,35.0,38.0,42.0,40.0,32.0,30.0
6704,48.49,37.72,40.95,45.26,43.11,34.48,32.33
6705,51.75,40.25,43.7,48.3,46.0,36.8,34.5
6706,54.55,42.42,46.06,50.91,48.49,38.79,36.36
6707,56.69,44.09,47.87,52.91,50.39,40.31,37.79
6708,58.04,45.14,49.01,54.17,51.59,41.27,38.69
6709,58.5,45.5,49.4,54.6,52.0,41.6,39.0
6710,58.04,45.14,49.01,54.17,51.59,41.27,38.69
6711,56.69,44.09,47.87,52.91,50.39,40.31,37.79
6712,54.55,42.42,46.06,50.91,48.49,38.79,36.36
6713,51.75,40.25,43.7,48.3,46.0,36.8,34.5
6714,48.49,37.72,40.95,45.26,43.11,34.48,32.33
6715,45.0,35.0,38.0,42.0,40.0,32.0,30.0
6716,41.51,32.28,35.05,38.74,36.89,29.52,27.67
6717,38.25,29.75,32.3,35.7,34.0,27.2,25.5
6718,35.45,27.58,29.94,33.09,31.51,25.21,23.64
6719,33.31,25.91,28.13,31.09,29.61,23.69,22.21
6720,31.96,24.86,26.99,29.83,28.41,22.73,21.31
6721,31.5,24.5,26.6,29.4,28.0,22.4,21.0
6722,31.96,24.86,26.99,29.83,28.41,22.73,21.31
6723,33.31,25.91,28.13,31.09,29.61,23.69,22.21
6724,35.45,27.58,29.94,33.09,31.51,25.21,23.64
6725,38.25,29.75,32.3,35.7,34.0,27.2,25.5
6726,41.51,32.28,35.05,38.74,36.89,29.52,27.67
6727,45.0,35.0,38.0,42.0,40.0,32.0,30.0
6728,48.49,37.72,40.95,45.26,43.11,34.48,32.33
6729,51.75,40.25,43.7,48.3,46.0,36.8,34.5
6730,54.55,42.42,46.06,50.91,48.49,38.79,36.36
6731,56.69,44.09,47.87,52.91,50.39,40.31,37.79
6732,58.04,45.14,49.01,54.17,51.59,41.27,38.69
6733,58.5,45.5,49.4,54.6,52.0,41.6,39.0
6734,58.04,45.14,49.01,54.17,51.59,41.27,38.69
6735,56.69,44.09,47.87,52.91,50.39,40.31,37.79
6736,54.55,42.42,46.06,50.91,48.49,38.79,36.36
6737,51.75,40.25,43.7,48.3,46.0,36.8,34.5
6738,48.49,37.72,40.95,45.26,43.11,34.48,32.33
6739,45.0,35.0,38.0,42.0,40.0,32.0,30.0
6740,41.51,32.28,35.05,38.74,36.89,29.52,27.67
6741,38.25,29.75,32.3,35.7,34.0,27.2,25.5
6742,35.45,27.58,29.94,33.09,31.51,25.21,23.64
6743,33.31,25.91,28.13,31.09,29.61,23.69,22.21
6744,31.96,24.86,26.99,29.83,28.41,22.73,21.31
6745,31.5,24.5,26.6,29.4,28.0,22.4,21.0
6746,31.96,24.86,26.99,29.83,28.41,22.73,21.31
6747,33.31,25.91,28.13,31.09,29.61,23.69,22.21
6748,35.45,27.58,29.94,33.09,31.51,25.21,23.64
6749,38.25,29.75,32.3,35.7,34.0,27.2,25.5
6750,41.51,32.28,35.05,38.74,36.89,29.52,27.67
6751,45.0,35.0,38.0,42.0,40.0,32.0,30.0
6752,48.49,37.72,40.95,45.26,43.11,34.48,32.33
6753,51.75,40.25,43.7,48.3,46.0,36.8,34.5
6754,54.55,42.42,46.06,50.91,48.49,38.79,36.36
6755,56.69,44.09,47.87,52.91,50.39,40.31,37.79
6756,58.04,45.14,49.01,54.17,51.59,41.27,38.69
6757,58.5,45.5,49.4,54.6,52.0,41.6,39.0
6758,58.04,45.14,49.01,54.17,51.59,41.27,38.69
6759,56.69,44.09,47.87,52.91,50.39,40.31,37.79
6760,54.55,42.42,46.06,50.91,48.49,38.79,36.36
6761,51.75,40.25,43.7,48.3,46.0,36.8,34.5
6762,48.49,37.72,40.95,45.26,43.11,34.48,32.33
6763,45.0,35.0,38.0,42.0,40.0,32.0,30.0
6764,41.51,32.28,35.05,38.74,36.89,29.52,27.67
6765,38.25,29.75,32.3,35.7,34.0,27.2,25.5
6766,35.45,27.58,29.94,33.09,31.51,25.21,23.64
6767,33.31,25.91,28.13,31.09,29.61,23.69,22.21
6768,31.96,24.86,26.99,29.83,28.41,22.73,21.31
6769,31.5,24.5,26.6,29.4,28.0,22.4,21.0
6770,31.96,24.86,26.99,29.83,28.41,22.73,21.31
6771,33.31,25.91,28.13,31.09,29.61,23.69,22.21
6772,35.45,27.58,29.94,33.09,31.51,25.21,23.64
6773,38.25,29.75,32.3,35.7,34.0,27.2,25.5
6774,41.51,32.28,35.05,38.74,36.89,29.52,27.67
6775,45.0,35.0,38.0,42.0,40.0,32.0,30.0
6776,48.49,37.72,40.95,45.26,43.11,34.48,32.33
6777,51.75,40.25,43.7,48.3,46.0,36.8,34.5
6778,54.55,42.42,46.06,50.91,48.49,38.79,36.36
6779,56.69,44.09,47.87,52.91,50.39,40.31,37.79
6780,58.04,45.14,49.01,54.17,51.59,41.27,38.69
6781,58.5,45.5,49.4,54.6,52.0,41.6,39.0
6782,58.04,45.14,49.01,54.17,51.59,41.27,38.69
6783,56.69,44.09,47.87,52.91,50.39,40.31,37.79
6784,54.55,42.42,46.06,50.91,48.49,38.79,36.36
6785,51.75,40.25,43.7,48.3,46.0,36.8,34.5
6786,48.49,37.72,40.95,45.26,43.11,34.48,32.33
6787,45.0,35.0,38.0,42.0,40.0,32.0,30.0
6788,41.51,32.28,35.05,38.74,36.89,29.52,27.67
6789,38.25,29.75,32.3,35.7,34.0,27.2,25.5
6790,35.45,27.58,29.94,33.09,31.51,25.21,23.64
6791,33.31,25.91,28.13,31.09,29.61,23.69,22.21
6792,31.96,24.86,26.99,29.83,28.41,22.73,21.31
6793,31.5,24.5,26.6,29.4,28.0,22.4,21.0
6794,31.96,24.86,26.99,29.83,28.41,22.73,21.31
6795,33.31,25.91,28.13,31.09,29.61,23.69,22.21
6796,35.45,27.58,29.94,33.09,31.51,25.21,23.64
6797,38.25,29.75,32.3,35.7,34.0,27.2,25.5
6798,41.51,32.28,35.05,38.74,36.89,29.52,27.67
6799,45.0,35.0,38.0,42.0,40.0,32.0,30.0
6800,48.49,37.72,40.95,45.26,43.11,34.48,32.33
6801,51.75,40.25,43.7,48.3,46.0,36.8,34.5
6802,54.55,42.42,46.06,50.91,48.49,38.79,36.36
6803,56.69,44.09,47.87,52.91,50.39,40.31,37.79
6804,58.04,45.14,49.01,54.17,51.59,41.27,38.69
6805,58.5,45.5,49.4,54.6,52.0,41.6,39.0
6806,58.04,45.14,49.01,54.17,51.59,41.27,38.69
6807,56.69,44.09,47.87,52.91,50.39,40.31,37.79
6808,54.55,42.42,46.06,50.91,48.49,38.79,36.36
6809,51.75,40.25,43.7,48.3,46.0,36.8,34.5
6810,48.49,37.72,40.95,45.26,43.11,34.48,32.33
6811,45.0,35.0,38.0,42.0,40.0,32.0,30.0
6812,41.51,32.28,35.05,38.74,36.89,29.52,27.67
6813,38.25,29.75,32.3,35.7,34.0,27.2,25.5
6814,35.45,27.58,29.94,33.09,31.51,25.21,23.64
6815,33.31,25.91,28.13,31.09,29.61,23.69,22.21
6816,31.96,24.86,26.99,29.83,28.41,22.73,21.31
6817,31.5,24.5,26.6,29.4,28.0,22.4,21.0
6818,31.96,24.86,26.99,29.83,28.41,22.73,21.31
6819,33.31,25.91,28.13,31.09,29.61,23.69,22.21
6820,35.45,27.58,29.94,33.09,31.51,25.21,23.64
6821,38.25,29.75,32.3,35.7,34.0,27.2,25.5
6822,41.51,32.28,35.05,38.74,36.89,29.52,27.67
6823,45.0,35.0,38.0,42.0,40.0,32.0,30.0
6824,48.49,37.72,40.95,45.26,43.11,34.48,32.33
6825,51.75,40.25,43.7,48.3,46.0,36.8,34.5
6826,54.55,42.42,46.06,50.91,48.49,38.79,36.36
6827,56.69,44.09,47.87,52.91,50.39,40.31,37.79
6828,58.04,45.14,49.01,54.17,51.59,41.27,38.69
6829,58.5,45.5,49.4,54.6,52.0,41.6,39.0
6830,58.04,45.14,49.01,54.17,51.59,41.27,38.69
6831,56.69,44.09,47.87,52.91,50.39,40.31,37.79
6832,54.55,42.42,46.06,50.91,48.49,38.79,36.36
6833,51.75,40.25,43.7,48.3,46.0,36.8,34.5
6834,48.49,37.72,40.95,45.26,43.11,34.48,32.33
6835,45.0,35.0,38.0,42.0,40.0,32.0,30.0
6836,41.51,32.28,35.05,38.74,36.89,29.52,27.67
6837,38.25,29.75,32.3,35.7,34.0,27.2,25.5
6838,35.45,27.58,29.94,33.09,31.51,25.21,23.64
6839,33.31,25.91,28.13,31.09,29.61,23.69,22.21
6840,31.96,24.86,26.99,29.83,28.41,22.73,21.31
6841,31.5,24.5,26.6,29.4,28.0,22.4,21.0
6842,31.96,24.86,26.99,29.83,28.41,22.73,21.31
6843,33.31,25.91,28.13,31.09,29.61,23.69,22.21
6844,35.45,27.58,29.94,33.09,31.51,25.21,23.64
6845,38.25,29.75,32.3,35.7,34.0,27.2,25.5
6846,41.51,32.28,35.05,38.74,36.89,29.52,27.67
6847,45.0,35.0,38.0,42.0,40.0,32.0,30.0
6848,48.49,37.72,40.95,45.26,43.11,34.48,32.33
6849,51.75,40.25,43.7,48.3,46.0,36.8,34.5
6850,54.55,42.42,46.06,50.91,48.49,38.79,36.36
6851,56.69,44.09,47.87,52.91,50.39,40.31,37.79
6852,58.04,45.14,49.01,54.17,51.59,41.27,38.69
6853,58.5,45.5,49.4,54.6,52.0,41.6,39.0
6854,58.04,45.14,49.01,54.17,51.59,41.27,38.69
6855,56.69,44.09,47.87,52.91,50.39,40.31,37.79
6856,54.55,42.42,46.06,50.91,48.49,38.79,36.36
6857,51.75,40.25,43.7,48.3,46.0,36.8,34.5
6858,48.49,37.72,40.95,45.26,43.11,34.48,32.33
6859,45.0,35.0,38.0,42.0,40.0,32.0,30.0
6860,41.51,32.28,35.05,38.74,36.89,29.52,27.67
6861,38.25,29.75,32.3,35.7,34.0,27.2,25.5
6862,35.45,27.58,29.94,33.09,31.51,25.21,23.64
6863,33.31,25.91,28.13,31.09,29.61,23.69,22.21
6864,31.96,24.86,26.99,29.83,28.41,22.73,21.31
6865,31.5,24.5,26.6,29.4,28.0,22.4,21.0
6866,31.96,24.86,26.99,29.83,28.41,22.73,21.31
6867,33.31,25.91,28.13,31.09,29.61,23.69,22.21
6868,35.45,27.58,29.94,33.09,31.51,25.21,23.64
6869,38.25,29.75,32.3,35.7,34.0,27.2,25.5
6870,41.51,32.28,35.05,38.74,36.89,29.52,27.67
6871,45.0,35.0,38.0,42.0,40.0,32.0,30.0
6872,48.49,37.72,40.95,45.26,43.11,34.48,32.33
6873,51.75,40.25,43.7,48.3,46.0,36.8,34.5
6874,54.55,42.42,46.06,50.91,48.49,38.79,36.36
6875,56.69,44.09,47.87,52.91,50.39,40.31,37.79
6876,58.04,45.14,49.01,54.17,51.59,41.27,38.69
6877,58.5,45.5,49.4,54.6,52.0,41.6,39.0
6878,58.04,45.14,49.01,54.17,51.59,41.27,38.69
6879,56.69,44.09,47.87,52.91,50.39,40.31,37.79
6880,54.55,42.42,46.06,50.91,48.49,38.79,36.36
6881,51.75,40.25,43.7,48.3,46.0,36.8,34.5
6882,48.49,37.72,40.95,45.26,43.11,34.48,32.33
6883,45.0,35.0,38.0,42.0,40.0,32.0,30.0
6884,41.51,32.28,35.05,38.74,36.89,29.52,27.67
6885,38.25,29.75,32.3,35.7,34.0,27.2,25.5
6886,35.45,27.58,29.94,33.09,31.51,25.21,23.64
6887,33.31,25.91,28.13,31.09,29.61,23.69,22.21
6888,31.96,24.86,26.99,29.83,28.41,22.73,21.31
6889,31.5,24.5,26.6,29.4,28.0,22.4,21.0
6890,31.96,24.86,26.99,29.83,28.41,22.73,21.31
6891,33.31,25.91,28.13,31.09,29.61,23.69,22.21
6892,35.45,27.58,29.94,33.09,31.51,25.21,23.64
6893,38.25,29.75,32.3,35.7,34.0,27.2,25.5
6894,41.51,32.28,35.05,38.74,36.89,29.52,27.67
6895,45.0,35.0,38.0,42.0,40.0,32.0,30.0
6896,48.49,37.72,40.95,45.26,43.11,34.48,32.33
6897,51.75,40.25,43.7,48.3,46.0,36.8,34.5
6898,54.55,42.42,46.06,50.91,48.49,38.79,36.36
6899,56.69,44.09,47.87,52.91,50.39,40.31,37.79
6900,58.04,45.14,49.01,54.17,51.59,41.27,38.69
6901,58.5,45.5,49.4,54.6,52.0,41.6,39.0
6902,58.04,45.14,49.01,54.17,51.59,41.27,38.69
6903,56.69,44.09,47.87,52.91,50.39,40.31,37.79
6904,54.55,42.42,46.06,50.91,48.49,38.79,36.36
6905,51.75,40.25,43.7,48.3,46.0,36.8,34.5
6906,48.49,37.72,40.95,45.26,43.11,34.48,32.33
6907,45.0,35.0,38.0,42.0,40.0,32.0,30.0
6908,41.51,32.28,35.05,38.74,36.89,29.52,27.67
6909,38.25,29.75,32.3,35.7,34.0,27.2,25.5
6910,35.45,27.58,29.94,33.09,31.51,25.21,23.64
6911,33.31,25.91,28.13,31.09,29.61,23.69,22.21
6912,31.96,24.86,26.99,29.83,28.41,22.73,21.31
6913,31.5,24.5,26.6,29.4,28.0,22.4,21.0
6914,31.96,24.86,26.99,29.83,28.41,22.73,21.31
6915,33.31,25.91,28.13,31.09,29.61,23.69,22.21
6916,35.45,27.58,29.94,33.09,31.51,25.21,23.64
6917,38.25,29.75,32.3,35.7,34.0,27.2,25.5
6918,41.51,32.28,35.05,38.74,36.89,29.52,27.67
6919,45.0,35.0,38.0,42.0,40.0,32.0,30.0
6920,48.49,37.72,40.95,45.26,43.11,34.48,32.33
6921,51.75,40.25,43.7,48.3,46.0,36.8,34.5
6922,54.55,42.42,46.06,50.91,48.49,38.79,36.36
6923,56.69,44.09,47.87,52.91,50.39,40.31,37.79
6924,58.04,45.14,49.01,54.17,51.59,41.27,38.69
6925,58.5,45.5,49.4,54.6,52.0,41.6,39.0
6926,58.04,45.14,49.01,54.17,51.59,41.27,38.69
6927,56.69,44.09,47.87,52.91,50.39,40.31,37.79
6928,54.55,42.42,46.06,50.91,48.49,38.79,36.36
6929,51.75,40.25,43.7,48.3,46.0,36.8,34.5
6930,48.49,37.72,40.95,45.26,43.11,34.48,32.33
6931,45.0,35.0,38.0,42.0,40.0,32.0,30.0
6932,41.51,32.28,35.05,38.74,36.89,29.52,27.67
6933,38.25,29.75,32.3,35.7,34.0,27.2,25.5
6934,35.45,27.58,29.94,33.09,31.51,25.21,23.64
6935,33.31,25.91,28.13,31.09,29.61,23.69,22.21
6936,31.96,24.86,26.99,29.83,28.41,22.73,21.31
6937,31.5,24.5,26.6,29.4,28.0,22.4,21.0
6938,31.96,24.86,26.99,29.83,28.41,22.73,21.31
6939,33.31,25.91,28.13,31.09,29.61,23.69,22.21
6940,35.45,27.58,29.94,33.09,31.51,25.21,23.64
6941,38.25,29.75,32.3,35.7,34.0,27.2,25.5
6942,41.51,32.28,35.05,38.74,36.89,29.52,27.67
6943,45.0,35.0,38.0,42.0,40.0,32.0,30.0
6944,48.49,37.72,40.95,45.26,43.11,34.48,32.33
6945,51.75,40.25,43.7,48.3,46.0,36.8,34.5
6946,54.55,42.42,46.06,50.91,48.49,38.79,36.36
6947,56.69,44.09,47.87,52.91,50.39,40.31,37.79
6948,58.04,45.14,49.01,54.17,51.59,41.27,38.69
6949,58.5,45.5,49.4,54.6,52.0,41.6,39.0
6950,58.04,45.14,49.01,54.17,51.59,41.27,38.69
6951,56.69,44.09,47.87,52.91,50.39,40.31,37.79
6952,54.55,42.42,46.06,50.91,48.49,38.79,36.36
6953,51.75,40.25,43.7,48.3,46.0,36.8,34.5
6954,48.49,37.72,40.95,45.26,43.11,34.48,32.33
6955,45.0,35.0,38.0,42.0,40.0,32.0,30.0
6956,41.51,32.28,35.05,38.74,36.89,29.52,27.67
6957,38.25,29.75,32.3,35.7,34.0,27.2,25.5
6958,35.45,27.58,29.94,33.09,31.51,25.21,23.64
6959,33.31,25.91,28.13,31.09,29.61,23.69,22.21
6960,31.96,24.86,26.99,29.83,28.41,22.73,21.31
6961,31.5,24.5,26.6,29.4,28.0,22.4,21.0
6962,31.96,24.86,26.99,29.83,28.41,22.73,21.31
6963,33.31,25.91,28.13,31.09,29.61,23.69,22.21
6964,35.45,27.58,29.94,33.09,31.51,25.21,23.64
6965,38.25,29.75,32.3,35.7,34.0,27.2,25.5
6966,41.51,32.28,35.05,38.74,36.89,29.52,27.67
6967,45.0,35.0,38.0,42.0,40.0,32.0,30.0
6968,48.49,37.72,40.95,45.26,43.11,34.48,32.33
6969,51.75,40.25,43.7,48.3,46.0,36.8,34.5
6970,54.55,42.42,46.06,50.91,48.49,38.79,36.36
6971,56.69,44.09,47.87,52.91,50.39,40.31,37.79
6972,58.04,45.14,49.01,54.17,51.59,41.27,38.69
6973,58.5,45.5,49.4,54.6,52.0,41.6,39.0
6974,58.04,45.14,49.01,54.17,51.59,41.27,38.69
6975,56.69,44.09,47.87,52.91,50.39,40.31,37.79
6976,54.55,42.42,46.06,50.91,48.49,38.79,36.36
6977,51.75,40.25,43.7,48.3,46.0,36.8,34.5
6978,48.49,37.72,40.95,45.26,43.11,34.48,32.33
6979,45.0,35.0,38.0,42.0,40.0,32.0,30.0
6980,41.51,32.28,35.05,38.74,36.89,29.52,27.67
6981,38.25,29.75,32.3,35.7,34.0,27.2,25.5
6982,35.45,27.58,29.94,33.09,31.51,25.21,23.64
6983,33.31,25.91,28.13,31.09,29.61,23.69,22.21
6984,31.96,24.86,26.99,29.83,28.41,22.73,21.31
6985,31.5,24.5,26.6,29.4,28.0,22.4,21.0
6986,31.96,24.86,26.99,29.83,28.41,22.73,21.31
6987,33.31,25.91,28.13,31.09,29.61,23.69,22.21
6988,35.45,27.58,29.94,33.09,31.51,25.21,23.64
6989,38.25,29.75,32.3,35.7,34.0,27.2,25.5
6990,41.51,32.28,35.05,38.74,36.89,29.52,27.67
6991,45.0,35.0,38.0,42.0,40.0,32.0,30.0
6992,48.49,37.72,40.95,45.26,43.11,34.48,32.33
6993,51.75,40.25,43.7,48.3,46.0,36.8,34.5
6994,54.55,42.42,46.06,50.91,48.49,38.79,36.36
6995,56.69,44.09,47.87,52.91,50.39,40.31,37.79
6996,58.04,45.14,49.01,54.17,51.59,41.27,38.69
6997,58.5,45.5,49.4,54.6,52.0,41.6,39.0
6998,58.04,45.14,49.01,54.17,51.59,41.27,38.69
6999,56.69,44.09,47.87,52.91,50.39,40.31,37.79
7000,54.55,42.42,46.06,50.91,48.49,38.79,36.36
7001,51.75,40.25,43.7,48.3,46.0,36.8,34.5
7002,48.49,37.72,40.95,45.26,43.11,34.48,32.33
7003,45.0,35.0,38.0,42.0,40.0,32.0,30.0
7004,41.51,32.28,35.05,38.74,36.89,29.52,27.67
7005,38.25,29.75,32.3,35.7,34.0,27.2,25.5
7006,35.45,27.58,29.94,33.09,31.51,25.21,23.64
7007,33.31,25.91,28.13,31.09,29.61,23.69,22.21
7008,31.96,24.86,26.99,29.83,28.41,22.73,21.31
7009,31.5,24.5,26.6,29.4,28.0,22.4,21.0
7010,31.96,24.86,26.99,29.83,28.41,22.73,21.31
7011,33.31,25.91,28.13,31.09,29.61,23.69,22.21
7012,35.45,27.58,29.94,33.09,31.51,25.21,23.64
7013,38.25,29.75,32.3,35.7,34.0,27.2,25.5
7014,41.51,32.28,35.05,38.74,36.89,29.52,27.67
7015,45.0,35.0,38.0,42.0,40.0,32.0,30.0
7016,48.49,37.72,40.95,45.26,43.11,34.48,32.33
7017,51.75,40.25,43.7,48.3,46.0,36.8,34.5
7018,54.55,42.42,46.06,50.91,48.49,38.79,36.36
7019,56.69,44.09,47.87,52.91,50.39,40.31,37.79
7020,58.04,45.14,49.01,54.17,51.59,41.27,38.69
7021,58.5,45.5,49.4,54.6,52.0,41.6,39.0
7022,58.04,45.14,49.01,54.17,51.59,41.27,38.69
7023,56.69,44.09,47.87,52.91,50.39,40.31,37.79
7024,54.55,42.42,46.06,50.91,48.49,38.79,36.36
7025,51.75,40.25,43.7,48.3,46.0,36.8,34.5
7026,48.49,37.72,40.95,45.26,43.11,34.48,32.33
7027,45.0,35.0,38.0,42.0,40.0,32.0,30.0
7028,41.51,32.28,35.05,38.74,36.89,29.52,27.67
7029,38.25,29.75,32.3,35.7,34.0,27.2,25.5
7030,35.45,27.58,29.94,33.09,31.51,25.21,23.64
7031,33.31,25.91,28.13,31.09,29.61,23.69,22.21
7032,31.96,24.86,26.99,29.83,28.41,22.73,21.31
7033,31.5,24.5,26.6,29.4,28.0,22.4,21.0
7034,31.96,24.86,26.99,29.83,28.41,22.73,21.31
7035,33.31,25.91,28.13,31.09,29.61,23.69,22.21
7036,35.45,27.58,29.94,33.09,31.51,25.21,23.64
7037,38.25,29.75,32.3,35.7,34.0,27.2,25.5
7038,41.51,32.28,35.05,38.74,36.89,29.52,27.67
7039,45.0,35.0,38.0,42.0,40.0,32.0,30.0
7040,48.49,37.72,40.95,45.26,43.11,34.48,32.33
7041,51.75,40.25,43.7,48.3,46.0,36.8,34.5
7042,54.55,42.42,46.06,50.91,48.49,38.79,36.36
7043,56.69,44.09,47.87,52.91,50.39,40.31,37.79
7044,58.04,45.14,49.01,54.17,51.59,41.27,38.69
7045,58.5,45.5,49.4,54.6,52.0,41.6,39.0
7046,58.04,45.14,49.01,54.17,51.59,41.27,38.69
7047,56.69,44.09,47.87,52.91,50.39,40.31,37.79
7048,54.55,42.42,46.06,50.91,48.49,38.79,36.36
7049,51.75,40.25,43.7,48.3,46.0,36.8,34.5
7050,48.49,37.72,40.95,45.26,43.11,34.48,32.33
7051,45.0,35.0,38.0,42.0,40.0,32.0,30.0
7052,41.51,32.28,35.05,38.74,36.89,29.52,27.67
7053,38.25,29.75,32.3,35.7,34.0,27.2,25.5
7054,35.45,27.58,29.94,33.09,31.51,25.21,23.64
7055,33.31,25.91,28.13,31.09,29.61,23.69,22.21
7056,31.96,24.86,26.99,29.83,28.41,22.73,21.31
7057,31.5,24.5,26.6,29.4,28.0,22.4,21.0
7058,31.96,24.86,26.99,29.83,28.41,22.73,21.31
7059,33.31,25.91,28.13,31.09,29.61,23.69,22.21
7060,35.45,27.58,29.94,33.09,31.51,25.21,23.64
7061,38.25,29.75,32.3,35.7,34.0,27.2,25.5
7062,41.51,32.28,35.05,38.74,36.89,29.52,27.67
7063,45.0,35.0,38.0,42.0,40.0,32.0,30.0
7064,48.49,37.72,40.95,45.26,43.11,34.48,32.33
7065,51.75,40.25,43.7,48.3,46.0,36.8,34.5
7066,54.55,42.42,46.06,50.91,48.49,38.79,36.36
7067,56.69,44.09,47.87,52.91,50.39,40.31,37.79
7068,58.04,45.14,49.01,54.17,51.59,41.27,38.69
7069,58.5,45.5,49.4,54.6,52.0,41.6,39.0
7070,58.04,45.14,49.01,54.17,51.59,41.27,38.69
7071,56.69,44.09,47.87,52.91,50.39,40.31,37.79
7072,54.55,42.42,46.06,50.91,48.49,38.79,36.36
7073,51.75,40.25,43.7,48.3,46.0,36.8,34.5
7074,48.49,37.72,40.95,45.26,43.11,34.48,32.33
7075,45.0,35.0,38.0,42.0,40.0,32.0,30.0
7076,41.51,32.28,35.05,38.74,36.89,29.52,27.67
7077,38.25,29.75,32.3,35.7,34.0,27.2,25.5
7078,35.45,27.58,29.94,33.09,31.51,25.21,23.64
7079,33.31,25.91,28.13,31.09,29.61,23.69,22.21
7080,31.96,24.86,26.99,29.83,28.41,22.73,21.31
7081,31.5,24.5,26.6,29.4,28.0,22.4,21.0
7082,31.96,24.86,26.99,29.83,28.41,22.73,21.31
7083,33.31,25.91,28.13,31.09,29.61,23.69,22.21
7084,35.45,27.58,29.94,33.09,31.51,25.21,23.64
7085,38.25,29.75,32.3,35.7,34.0,27.2,25.5
7086,41.51,32.28,35.05,38.74,36.89,29.52,27.67
7087,45.0,35.0,38.0,42.0,40.0,32.0,30.0
7088,48.49,37.72,40.95,45.26,43.11,34.48,32.33
7089,51.75,40.25,43.7,48.3,46.0,36.8,34.5
7090,54.55,42.42,46.06,50.91,48.49,38.79,36.36
7091,56.69,44.09,47.87,52.91,50.39,40.31,37.79
7092,58.04,45.14,49.01,54.17,51.59,41.27,38.69
7093,58.5,45.5,49.4,54.6,52.0,41.6,39.0
7094,58.04,45.14,49.01,54.17,51.59,41.27,38.69
7095,56.69,44.09,47.87,52.91,50.39,40.31,37.79
7096,54.55,42.42,46.06,50.91,48.49,38.79,36.36
7097,51.75,40.25,43.7,48.3,46.0,36.8,34.5
7098,48.49,37.72,40.95,45.26,43.11,34.48,32.33
7099,45.0,35.0,38.0,42.0,40.0,32.0,30.0
7100,41.51,32.28,35.05,38.74,36.89,29.52,27.67
7101,38.25,29.75,32.3,35.7,34.0,27.2,25.5
7102,35.45,27.58,29.94,33.09,31.51,25.21,23.64
7103,33.31,25.91,28.13,31.09,29.61,23.69,22.21
7104,31.96,24.86,26.99,29.83,28.41,22.73,21.31
7105,31.5,24.5,26.6,29.4,28.0,22.4,21.0
7106,31.96,24.86,26.99,29.83,28.41,22.73,21.31
7107,33.31,25.91,28.13,31.09,29.61,23.69,22.21
7108,35.45,27.58,29.94,33.09,31.51,25.21,23.64
7109,38.25,29.75,32.3,35.7,34.0,27.2,25.5
7110,41.51,32.28,35.05,38.74,36.89,29.52,27.67
7111,45.0,35.0,38.0,42.0,40.0,32.0,30.0
7112,48.49,37.72,40.95,45.26,43.11,34.48,32.33
7113,51.75,40.25,43.7,48.3,46.0,36.8,34.5
7114,54.55,42.42,46.06,50.91,48.49,38.79,36.36
7115,56.69,44.09,47.87,52.91,50.39,40.31,37.79
7116,58.04,45.14,49.01,54.17,51.59,41.27,38.69
7117,58.5,45.5,49.4,54.6,52.0,41.6,39.0
7118,58.04,45.14,49.01,54.17,51.59,41.27,38.69
7119,56.69,44.09,47.87,52.91,50.39,40.31,37.79
7120,54.55,42.42,46.06,50.91,48.49,38.79,36.36
7121,51.75,40.25,43.7,48.3,46.0,36.8,34.5
7122,48.49,37.72,40.95,45.26,43.11,34.48,32.33
7123,45.0,35.0,38.0,42.0,40.0,32.0,30.0
7124,41.51,32.28,35.05,38.74,36.89,29.52,27.67
7125,38.25,29.75,32.3,35.7,34.0,27.2,25.5
7126,35.45,27.58,29.94,33.09,31.51,25.21,23.64
7127,33.31,25.91,28.13,31.09,29.61,23.69,22.21
7128,31.96,24.86,26.99,29.83,28.41,22.73,21.31
7129,31.5,24.5,26.6,29.4,28.0,22.4,21.0
7130,31.96,24.86,26.99,29.83,28.41,22.73,21.31
7131,33.31,25.91,28.13,31.09,29.61,23.69,22.21
7132,35.45,27.58,29.94,33.09,31.51,25.21,23.64
7133,38.25,29.75,32.3,35.7,34.0,27.2,25.5
7134,41.51,32.28,35.05,38.74,36.89,29.52,27.67
7135,45.0,35.0,38.0,42.0,40.0,32.0,30.0
7136,48.49,37.72,40.95,45.26,43.11,34.48,32.33
7137,51.75,40.25,43.7,48.3,46.0,36.8,34.5
7138,54.55,42.42,46.06,50.91,48.49,38.79,36.36
7139,56.69,44.09,47.87,52.91,50.39,40.31,37.79
7140,58.04,45.14,49.01,54.17,51.59,41.27,38.69
7141,58.5,45.5,49.4,54.6,52.0,41.6,39.0
7142,58.04,45.14,49.01,54.17,51.59,41.27,38.69
7143,56.69,44.09,47.87,52.91,50.39,40.31,37.79
7144,54.55,42.42,46.06,50.91,48.49,38.79,36.36
7145,51.75,40.25,43.7,48.3,46.0,36.8,34.5
7146,48.49,37.72,40.95,45.26,43.11,34.48,32.33
7147,45.0,35.0,38.0,42.0,40.0,32.0,30.0
7148,41.51,32.28,35.05,38.74,36.89,29.52,27.67
7149,38.25,29.75,32.3,35.7,34.0,27.2,25.5
7150,35.45,27.58,29.94,33.09,31.51,25.21,23.64
7151,33.31,25.91,28.13,31.09,29.61,23.69,22.21
7152,31.96,24.86,26.99,29.83,28.41,22.73,21.31
7153,31.5,24.5,26.6,29.4,28.0,22.4,21.0
7154,31.96,24.86,26.99,29.83,28.41,22.73,21.31
7155,33.31,25.91,28.13,31.09,29.61,23.69,22.21
7156,35.45,27.58,29.94,33.09,31.51,25.21,23.64
7157,38.25,29.75,32.3,35.7,34.0,27.2,25.5
7158,41.51,32.28,35.05,38.74,36.89,29.52,27.67
7159,45.0,35.0,38.0,42.0,40.0,32.0,30.0
7160,48.49,37.72,40.95,45.26,43.11,34.48,32.33
7161,51.75,40.25,43.7,48.3,46.0,36.8,34.5
7162,54.55,42.42,46.06,50.91,48.49,38.79,36.36
7163,56.69,44.09,47.87,52.91,50.39,40.31,37.79
7164,58.04,45.14,49.01,54.17,51.59,41.27,38.69
7165,58.5,45.5,49.4,54.6,52.0,41.6,39.0
7166,58.04,45.14,49.01,54.17,51.59,41.27,38.69
7167,56.69,44.09,47.87,52.91,50.39,40.31,37.79
7168,54.55,42.42,46.06,50.91,48.49,38.79,36.36
7169,51.75,40.25,43.7,48.3,46.0,36.8,34.5
7170,48.49,37.72,40.95,45.26,43.11,34.48,32.33
7171,45.0,35.0,38.0,42.0,40.0,32.0,30.0
7172,41.51,32.28,35.05,38.74,36.89,29.52,27.67
7173,38.25,29.75,32.3,35.7,34.0,27.2,25.5
7174,35.45,27.58,29.94,33.09,31.51,25.21,23.64
7175,33.31,25.91,28.13,31.09,29.61,23.69,22.21
7176,31.96,24.86,26.99,29.83,28.41,22.73,21.31
7177,31.5,24.5,26.6,29.4,28.0,22.4,21.0
7178,31.96,24.86,26.99,29.83,28.41,22.73,21.31
7179,33.31,25.91,28.13,31.09,29.61,23.69,22.21
7180,35.45,27.58,29.94,33.09,31.51,25.21,23.64
7181,38.25,29.75,32.3,35.7,34.0,27.2,25.5
7182,41.51,32.28,35.05,38.74,36.89,29.52,27.67
7183,45.0,35.0,38.0,42.0,40.0,32.0,30.0
7184,48.49,37.72,40.95,45.26,43.11,34.48,32.33
7185,51.75,40.25,43.7,48.3,46.0,36.8,34.5
7186,54.55,42.42,46.06,50.91,48.49,38.79,36.36
7187,56.69,44.09,47.87,52.91,50.39,40.31,37.79
7188,58.04,45.14,49.01,54.17,51.59,41.27,38.69
7189,58.5,45.5,49.4,54.6,52.0,41.6,39.0
7190,58.04,45.14,49.01,54.17,51.59,41.27,38.69
7191,56.69,44.09,47.87,52.91,50.39,40.31,37.79
7192,54.55,42.42,46.06,50.91,48.49,38.79,36.36
7193,51.75,40.25,43.7,48.3,46.0,36.8,34.5
7194,48.49,37.72,40.95,45.26,43.11,34.48,32.33
7195,45.0,35.0,38.0,42.0,40.0,32.0,30.0
7196,41.51,32.28,35.05,38.74,36.89,29.52,27.67
7197,38.25,29.75,32.3,35.7,34.0,27.2,25.5
7198,35.45,27.58,29.94,33.09,31.51,25.21,23.64
7199,33.31,25.91,28.13,31.09,29.61,23.69,22.21
7200,31.96,24.86,26.99,29.83,28.41,22.73,21.31
7201,31.5,24.5,26.6,29.4,28.0,22.4,21.0
7202,31.96,24.86,26.99,29.83,28.41,22.73,21.31
7203,33.31,25.91,28.13,31.09,29.61,23.69,22.21
7204,35.45,27.58,29.94,33.09,31.51,25.21,23.64
7205,38.25,29.75,32.3,35.7,34.0,27.2,25.5
7206,41.51,32.28,35.05,38.74,36.89,29.52,27.67
7207,45.0,35.0,38.0,42.0,40.0,32.0,30.0
7208,48.49,37.72,40.95,45.26,43.11,34.48,32.33
7209,51.75,40.25,43.7,48.3,46.0,36.8,34.5
7210,54.55,42.42,46.06,50.91,48.49,38.79,36.36
7211,56.69,44.09,47.87,52.91,50.39,40.31,37.79
7212,58.04,45.14,49.01,54.17,51.59,41.27,38.69
7213,58.5,45.5,49.4,54.6,52.0,41.6,39.0
7214,58.04,45.14,49.01,54.17,51.59,41.27,38.69
7215,56.69,44.09,47.87,52.91,50.39,40.31,37.79
7216,54.55,42.42,46.06,50.91,48.49,38.79,36.36
7217,51.75,40.25,43.7,48.3,46.0,36.8,34.5
7218,48.49,37.72,40.95,45.26,43.11,34.48,32.33
7219,45.0,35.0,38.0,42.0,40.0,32.0,30.0
7220,41.51,32.28,35.05,38.74,36.89,29.52,27.67
7221,38.25,29.75,32.3,35.7,34.0,27.2,25.5
7222,35.45,27.58,29.94,33.09,31.51,25.21,23.64
7223,33.31,25.91,28.13,31.09,29.61,23.69,22.21
7224,31.96,24.86,26.99,29.83,28.41,22.73,21.31
7225,31.5,24.5,26.6,29.4,28.0,22.4,21.0
7226,31.96,24.86,26.99,29.83,28.41,22.73,21.31
7227,33.31,25.91,28.13,31.09,29.61,23.69,22.21
7228,35.45,27.58,29.94,33.09,31.51,25.21,23.64
7229,38.25,29.75,32.3,35.7,34.0,27.2,25.5
7230,41.51,32.28,35.05,38.74,36.89,29.52,27.67
7231,45.0,35.0,38.0,42.0,40.0,32.0,30.0
7232,48.49,37.72,40.95,45.26,43.11,34.48,32.33
7233,51.75,40.25,43.7,48.3,46.0,36.8,34.5
7234,54.55,42.42,46.06,50.91,48.49,38.79,36.36
7235,56.69,44.09,47.87,52.91,50.39,40.31,37.79
7236,58.04,45.14,49.01,54.17,51.59,41.27,38.69
7237,58.5,45.5,49.4,54.6,52.0,41.6,39.0
7238,58.04,45.14,49.01,54.17,51.59,41.27,38.69
7239,56.69,44.09,47.87,52.91,50.39,40.31,37.79
7240,54.55,42.42,46.06,50.91,48.49,38.79,36.36
7241,51.75,40.25,43.7,48.3,46.0,36.8,34.5
7242,48.49,37.72,40.95,45.26,43.11,34.48,32.33
7243,45.0,35.0,38.0,42.0,40.0,32.0,30.0
7244,41.51,32.28,35.05,38.74,36.89,29.52,27.67
7245,38.25,29.75,32.3,35.7,34.0,27.2,25.5
7246,35.45,27.58,29.94,33.09,31.51,25.21,23.64
7247,33.31,25.91,28.13,31.09,29.61,23.69,22.21
7248,31.96,24.86,26.99,29.83,28.41,22.73,21.31
7249,31.5,24.5,26.6,29.4,28.0,22.4,21.0
7250,31.96,24.86,26.99,29.83,28.41,22.73,21.31
7251,33.31,25.91,28.13,31.09,29.61,23.69,22.21
7252,35.45,27.58,29.94,33.09,31.51,25.21,23.64
7253,38.25,29.75,32.3,35.7,34.0,27.2,25.5
7254,41.51,32.28,35.05,38.74,36.89,29.52,27.67
7255,45.0,35.0,38.0,42.0,40.0,32.0,30.0
7256,48.49,37.72,40.95,45.26,43.11,34.48,32.33
7257,51.75,40.25,43.7,48.3,46.0,36.8,34.5
7258,54.55,42.42,46.06,50.91,48.49,38.79,36.36
7259,56.69,44.09,47.87,52.91,50.39,40.31,37.79
7260,58.04,45.14,49.01,54.17,51.59,41.27,38.69
7261,58.5,45.5,49.4,54.6,52.0,41.6,39.0
7262,58.04,45.14,49.01,54.17,51.59,41.27,38.69
7263,56.69,44.09,47.87,52.91,50.39,40.31,37.79
7264,54.55,42.42,46.06,50.91,48.49,38.79,36.36
7265,51.75,40.25,43.7,48.3,46.0,36.8,34.5
7266,48.49,37.72,40.95,45.26,43.11,34.48,32.33
7267,45.0,35.0,38.0,42.0,40.0,32.0,30.0
7268,41.51,32.28,35.05,38.74,36.89,29.52,27.67
7269,38.25,29.75,32.3,35.7,34.0,27.2,25.5
7270,35.45,27.58,29.94,33.09,31.51,25.21,23.64
7271,33.31,25.91,28.13,31.09,29.61,23.69,22.21
7272,31.96,24.86,26.99,29.83,28.41,22.73,21.31
7273,31.5,24.5,26.6,29.4,28.0,22.4,21.0
7274,31.96,24.86,26.99,29.83,28.41,22.73,21.31
7275,33.31,25.91,28.13,31.09,29.61,23.69,22.21
7276,35.45,27.58,29.94,33.09,31.51,25.21,23.64
7277,38.25,29.75,32.3,35.7,34.0,27.2,25.5
7278,41.51,32.28,35.05,38.74,36.89,29.52,27.67
7279,45.0,35.0,38.0,42.0,40.0,32.0,30.0
7280,48.49,37.72,40.95,45.26,43.11,34.48,32.33
7281,51.75,40.25,43.7,48.3,46.0,36.8,34.5
7282,54.55,42.42,46.06,50.91,48.49,38.79,36.36
7283,56.69,44.09,47.87,52.91,50.39,40.31,37.79
7284,58.04,45.14,49.01,54.17,51.59,41.27,38.69
7285,58.5,45.5,49.4,54.6,52.0,41.6,39.0
7286,58.04,45.14,49.01,54.17,51.59,41.27,38.69
7287,56.69,44.09,47.87,52.91,50.39,40.31,37.79
7288,54.55,42.42,46.06,50.91,48.49,38.79,36.36
7289,51.75,40.25,43.7,48.3,46.0,36.8,34.5
7290,48.49,37.72,40.95,45.26,43.11,34.48,32.33
7291,45.0,35.0,38.0,42.0,40.0,32.0,30.0
7292,41.51,32.28,35.05,38.74,36.89,29.52,27.67
7293,38.25,29.75,32.3,35.7,34.0,27.2,25.5
7294,35.45,27.58,29.94,33.09,31.51,25.21,23.64
7295,33.31,25.91,28.13,31.09,29.61,23.69,22.21
7296,31.96,24.86,26.99,29.83,28.41,22.73,21.31
7297,31.5,24.5,26.6,29.4,28.0,22.4,21.0
7298,31.96,24.86,26.99,29.83,28.41,22.73,21.31
7299,33.31,25.91,28.13,31.09,29.61,23.69,22.21
7300,35.45,27.58,29.94,33.09,31.51,25.21,23.64
7301,38.25,29.75,32.3,35.7,34.0,27.2,25.5
7302,41.51,32.28,35.05,38.74,36.89,29.52,27.67
7303,45.0,35.0,38.0,42.0,40.0,32.0,30.0
7304,48.49,37.72,40.95,45.26,43.11,34.48,32.33
7305,51.75,40.25,43.7,48.3,46.0,36.8,34.5
7306,54.55,42.42,46.06,50.91,48.49,38.79,36.36
7307,56.69,44.09,47.87,52.91,50.39,40.31,37.79
7308,58.04,45.14,49.01,54.17,51.59,41.27,38.69
7309,58.5,45.5,49.4,54.6,52.0,41.6,39.0
7310,58.04,45.14,49.01,54.17,51.59,41.27,38.69
7311,56.69,44.09,47.87,52.91,50.39,40.31,37.79
7312,54.55,42.42,46.06,50.91,48.49,38.79,36.36
7313,51.75,40.25,43.7,48.3,46.0,36.8,34.5
7314,48.49,37.72,40.95,45.26,43.11,34.48,32.33
7315,45.0,35.0,38.0,42.0,40.0,32.0,30.0
7316,41.51,32.28,35.05,38.74,36.89,29.52,27.67
7317,38.25,29.75,32.3,35.7,34.0,27.2,25.5
7318,35.45,27.58,29.94,33.09,31.51,25.21,23.64
7319,33.31,25.91,28.13,31.09,29.61,23.69,22.21
7320,31.96,24.86,26.99,29.83,28.41,22.73,21.31
7321,31.5,24.5,26.6,29.4,28.0,22.4,21.0
7322,31.96,24.86,26.99,29.83,28.41,22.73,21.31
7323,33.31,25.91,28.13,31.09,29.61,23.69,22.21
7324,35.45,27.58,29.94,33.09,31.51,25.21,23.64
7325,38.25,29.75,32.3,35.7,34.0,27.2,25.5
7326,41.51,32.28,35.05,38.74,36.89,29.52,27.67
7327,45.0,35.0,38.0,42.0,40.0,32.0,30.0
7328,48.49,37.72,40.95,45.26,43.11,34.48,32.33
7329,51.75,40.25,43.7,48.3,46.0,36.8,34.5
7330,54.55,42.42,46.06,50.91,48.49,38.79,36.36
7331,56.69,44.09,47.87,52.91,50.39,40.31,37.79
7332,58.04,45.14,49.01,54.17,51.59,41.27,38.69
7333,58.5,45.5,49.4,54.6,52.0,41.6,39.0
7334,58.04,45.14,49.01,54.17,51.59,41.27,38.69
7335,56.69,44.09,47.87,52.91,50.39,40.31,37.79
7336,54.55,42.42,46.06,50.91,48.49,38.79,36.36
7337,51.75,40.25,43.7,48.3,46.0,36.8,34.5
7338,48.49,37.72,40.95,45.26,43.11,34.48,32.33
7339,45.0,35.0,38.0,42.0,40.0,32.0,30.0
7340,41.51,32.28,35.05,38.74,36.89,29.52,27.67
7341,38.25,29.75,32.3,35.7,34.0,27.2,25.5
7342,35.45,27.58,29.94,33.09,31.51,25.21,23.64
7343,33.31,25.91,28.13,31.09,29.61,23.69,22.21
7344,31.96,24.86,26.99,29.83,28.41,22.73,21.31
7345,31.5,24.5,26.6,29.4,28.0,22.4,21.0
7346,31.96,24.86,26.99,29.83,28.41,22.73,21.31
7347,33.31,25.91,28.13,31.09,29.61,23.69,22.21
7348,35.45,27.58,29.94,33.09,31.51,25.21,23.64
7349,38.25,29.75,32.3,35.7,34.0,27.2,25.5
7350,41.51,32.28,35.05,38.74,36.89,29.52,27.67
7351,45.0,35.0,38.0,42.0,40.0,32.0,30.0
7352,48.49,37.72,40.95,45.26,43.11,34.48,32.33
7353,51.75,40.25,43.7,48.3,46.0,36.8,34.5
7354,54.55,42.42,46.06,50.91,48.49,38.79,36.36
7355,56.69,44.09,47.87,52.91,50.39,40.31,37.79
7356,58.04,45.14,49.01,54.17,51.59,41.27,38.69
7357,58.5,45.5,49.4,54.6,52.0,41.6,39.0
7358,58.04,45.14,49.01,54.17,51.59,41.27,38.69
7359,56.69,44.09,47.87,52.91,50.39,40.31,37.79
7360,54.55,42.42,46.06,50.91,48.49,38.79,36.36
7361,51.75,40.25,43.7,48.3,46.0,36.8,34.5
7362,48.49,37.72,40.95,45.26,43.11,34.48,32.33
7363,45.0,35.0,38.0,42.0,40.0,32.0,30.0
7364,41.51,32.28,35.05,38.74,36.89,29.52,27.67
7365,38.25,29.75,32.3,35.7,34.0,27.2,25.5
7366,35.45,27.58,29.94,33.09,31.51,25.21,23.64
7367,33.31,25.91,28.13,31.09,29.61,23.69,22.21
7368,31.96,24.86,26.99,29.83,28.41,22.73,21.31
7369,31.5,24.5,26.6,29.4,28.0,22.4,21.0
7370,31.96,24.86,26.99,29.83,28.41,22.73,21.31
7371,33.31,25.91,28.13,31.09,29.61,23.69,22.21
7372,35.45,27.58,29.94,33.09,31.51,25.21,23.64
7373,38.25,29.75,32.3,35.7,34.0,27.2,25.5
7374,41.51,32.28,35.05,38.74,36.89,29.52,27.67
7375,45.0,35.0,38.0,42.0,40.0,32.0,30.0
7376,48.49,37.72,40.95,45.26,43.11,34.48,32.33
7377,51.75,40.25,43.7,48.3,46.0,36.8,34.5
7378,54.55,42.42,46.06,50.91,48.49,38.79,36.36
7379,56.69,44.09,47.87,52.91,50.39,40.31,37.79
7380,58.04,45.14,49.01,54.17,51.59,41.27,38.69
7381,58.5,45.5,49.4,54.6,52.0,41.6,39.0
7382,58.04,45.14,49.01,54.17,51.59,41.27,38.69
7383,56.69,44.09,47.87,52.91,50.39,40.31,37.79
7384,54.55,42.42,46.06,50.91,48.49,38.79,36.36
7385,51.75,40.25,43.7,48.3,46.0,36.8,34.5
7386,48.49,37.72,40.95,45.26,43.11,34.48,32.33
7387,45.0,35.0,38.0,42.0,40.0,32.0,30.0
7388,41.51,32.28,35.05,38.74,36.89,29.52,27.67
7389,38.25,29.75,32.3,35.7,34.0,27.2,25.5
7390,35.45,27.58,29.94,33.09,31.51,25.21,23.64
7391,33.31,25.91,28.13,31.09,29.61,23.69,22.21
7392,31.96,24.86,26.99,29.83,28.41,22.73,21.31
7393,31.5,24.5,26.6,29.4,28.0,22.4,21.0
7394,31.96,24.86,26.99,29.83,28.41,22.73,21.31
7395,33.31,25.91,28.13,31.09,29.61,23.69,22.21
7396,35.45,27.58,29.94,33.09,31.51,25.21,23.64
7397,38.25,29.75,32.3,35.7,34.0,27.2,25.5
7398,41.51,32.28,35.05,38.74,36.89,29.52,27.67
7399,45.0,35.0,38.0,42.0,40.0,32.0,30.0
7400,48.49,37.72,40.95,45.26,43.11,34.48,32.33
7401,51.75,40.25,43.7,48.3,46.0,36.8,34.5
7402,54.55,42.42,46.06,50.91,48.49,38.79,36.36
7403,56.69,44.09,47.87,52.91,50.39,40.31,37.79
7404,58.04,45.14,49.01,54.17,51.59,41.27,38.69
7405,58.5,45.5,49.4,54.6,52.0,41.6,39.0
7406,58.04,45.14,49.01,54.17,51.59,41.27,38.69
7407,56.69,44.09,47.87,52.91,50.39,40.31,37.79
7408,54.55,42.42,46.06,50.91,48.49,38.79,36.36
7409,51.75,40.25,43.7,48.3,46.0,36.8,34.5
7410,48.49,37.72,40.95,45.26,43.11,34.48,32.33
7411,45.0,35.0,38.0,42.0,40.0,32.0,30.0
7412,41.51,32.28,35.05,38.74,36.89,29.52,27.67
7413,38.25,29.75,32.3,35.7,34.0,27.2,25.5
7414,35.45,27.58,29.94,33.09,31.51,25.21,23.64
7415,33.31,25.91,28.13,31.09,29.61,23.69,22.21
7416,31.96,24.86,26.99,29.83,28.41,22.73,21.31
7417,31.5,24.5,26.6,29.4,28.0,22.4,21.0
7418,31.96,24.86,26.99,29.83,28.41,22.73,21.31
7419,33.31,25.91,28.13,31.09,29.61,23.69,22.21
7420,35.45,27.58,29.94,33.09,31.51,25.21,23.64
7421,38.25,29.75,32.3,35.7,34.0,27.2,25.5
7422,41.51,32.28,35.05,38.74,36.89,29.52,27.67
7423,45.0,35.0,38.0,42.0,40.0,32.0,30.0
7424,48.49,37.72,40.95,45.26,43.11,34.48,32.33
7425,51.75,40.25,43.7,48.3,46.0,36.8,34.5
7426,54.55,42.42,46.06,50.91,48.49,38.79,36.36
7427,56.69,44.09,47.87,52.91,50.39,40.31,37.79
7428,58.04,45.14,49.01,54.17,51.59,41.27,38.69
7429,58.5,45.5,49.4,54.6,52.0,41.6,39.0
7430,58.04,45.14,49.01,54.17,51.59,41.27,38.69
7431,56.69,44.09,47.87,52.91,50.39,40.31,37.79
7432,54.55,42.42,46.06,50.91,48.49,38.79,36.36
7433,51.75,40.25,43.7,48.3,46.0,36.8,34.5
7434,48.49,37.72,40.95,45.26,43.11,34.48,32.33
7435,45.0,35.0,38.0,42.0,40.0,32.0,30.0
7436,41.51,32.28,35.05,38.74,36.89,29.52,27.67
7437,38.25,29.75,32.3,35.7,34.0,27.2,25.5
7438,35.45,27.58,29.94,33.09,31.51,25.21,23.64
7439,33.31,25.91,28.13,31.09,29.61,23.69,22.21
7440,31.96,24.86,26.99,29.83,28.41,22.73,21.31
7441,31.5,24.5,26.6,29.4,28.0,22.4,21.0
7442,31.96,24.86,26.99,29.83,28.41,22.73,21.31
7443,33.31,25.91,28.13,31.09,29.61,23.69,22.21
7444,35.45,27.58,29.94,33.09,31.51,25.21,23.64
7445,38.25,29.75,32.3,35.7,34.0,27.2,25.5
7446,41.51,32.28,35.05,38.74,36.89,29.52,27.67
7447,45.0,35.0,38.0,42.0,40.0,32.0,30.0
7448,48.49,37.72,40.95,45.26,43.11,34.48,32.33
7449,51.75,40.25,43.7,48.3,46.0,36.8,34.5
7450,54.55,42.42,46.06,50.91,48.49,38.79,36.36
7451,56.69,44.09,47.87,52.91,50.39,40.31,37.79
7452,58.04,45.14,49.01,54.17,51.59,41.27,38.69
7453,58.5,45.5,49.4,54.6,52.0,41.6,39.0
7454,58.04,45.14,49.01,54.17,51.59,41.27,38.69
7455,56.69,44.09,47.87,52.91,50.39,40.31,37.79
7456,54.55,42.42,46.06,50.91,48.49,38.79,36.36
7457,51.75,40.25,43.7,48.3,46.0,36.8,34.5
7458,48.49,37.72,40.95,45.26,43.11,34.48,32.33
7459,45.0,35.0,38.0,42.0,40.0,32.0,30.0
7460,41.51,32.28,35.05,38.74,36.89,29.52,27.67
7461,38.25,29.75,32.3,35.7,34.0,27.2,25.5
7462,35.45,27.58,29.94,33.09,31.51,25.21,23.64
7463,33.31,25.91,28.13,31.09,29.61,23.69,22.21
7464,31.96,24.86,26.99,29.83,28.41,22.73,21.31
7465,31.5,24.5,26.6,29.4,28.0,22.4,21.0
7466,31.96,24.86,26.99,29.83,28.41,22.73,21.31
7467,33.31,25.91,28.13,31.09,29.61,23.69,22.21
7468,35.45,27.58,29.94,33.09,31.51,25.21,23.64
7469,38.25,29.75,32.3,35.7,34.0,27.2,25.5
7470,41.51,32.28,35.05,38.74,36.89,29.52,27.67
7471,45.0,35.0,38.0,42.0,40.0,32.0,30.0
7472,48.49,37.72,40.95,45.26,43.11,34.48,32.33
7473,51.75,40.25,43.7,48.3,46.0,36.8,34.5
7474,54.55,42.42,46.06,50.91,48.49,38.79,36.36
7475,56.69,44.09,47.87,52.91,50.39,40.31,37.79
7476,58.04,45.14,49.01,54.17,51.59,41.27,38.69
7477,58.5,45.5,49.4,54.6,52.0,41.6,39.0
7478,58.04,45.14,49.01,54.17,51.59,41.27,38.69
7479,56.69,44.09,47.87,52.91,50.39,40.31,37.79
7480,54.55,42.42,46.06,50.91,48.49,38.79,36.36
7481,51.75,40.25,43.7,48.3,46.0,36.8,34.5
7482,48.49,37.72,40.95,45.26,43.11,34.48,32.33
7483,45.0,35.0,38.0,42.0,40.0,32.0,30.0
7484,41.51,32.28,35.05,38.74,36.89,29.52,27.67
7485,38.25,29.75,32.3,35.7,34.0,27.2,25.5
7486,35.45,27.58,29.94,33.09,31.51,25.21,23.64
7487,33.31,25.91,28.13,31.09,29.61,23.69,22.21
7488,31.96,24.86,26.99,29.83,28.41,22.73,21.31
7489,31.5,24.5,26.6,29.4,28.0,22.4,21.0
7490,31.96,24.86,26.99,29.83,28.41,22.73,21.31
7491,33.31,25.91,28.13,31.09,29.61,23.69,22.21
7492,35.45,27.58,29.94,33.09,31.51,25.21,23.64
7493,38.25,29.75,32.3,35.7,34.0,27.2,25.5
7494,41.51,32.28,35.05,38.74,36.89,29.52,27.67
7495,45.0,35.0,38.0,42.0,40.0,32.0,30.0
7496,48.49,37.72,40.95,45.26,43.11,34.48,32.33
7497,51.75,40.25,43.7,48.3,46.0,36.8,34.5
7498,54.55,42.42,46.06,50.91,48.49,38.79,36.36
7499,56.69,44.09,47.87,52.91,50.39,40.31,37.79
7500,58.04,45.14,49.01,54.17,51.59,41.27,38.69
7501,58.5,45.5,49.4,54.6,52.0,41.6,39.0
7502,58.04,45.14,49.01,54.17,51.59,41.27,38.69
7503,56.69,44.09,47.87,52.91,50.39,40.31,37.79
7504,54.55,42.42,46.06,50.91,48.49,38.79,36.36
7505,51.75,40.25,43.7,48.3,46.0,36.8,34.5
7506,48.49,37.72,40.95,45.26,43.11,34.48,32.33
7507,45.0,35.0,38.0,42.0,40.0,32.0,30.0
7508,41.51,32.28,35.05,38.74,36.89,29.52,27.67
7509,38.25,29.75,32.3,35.7,34.0,27.2,25.5
7510,35.45,27.58,29.94,33.09,31.51,25.21,23.64
7511,33.31,25.91,28.13,31.09,29.61,23.69,22.21
7512,31.96,24.86,26.99,29.83,28.41,22.73,21.31
7513,31.5,24.5,26.6,29.4,28.0,22.4,21.0
7514,31.96,24.86,26.99,29.83,28.41,22.73,21.31
7515,33.31,25.91,28.13,31.09,29.61,23.69,22.21
7516,35.45,27.58,29.94,33.09,31.51,25.21,23.64
7517,38.25,29.75,32.3,35.7,34.0,27.2,25.5
7518,41.51,32.28,35.05,38.74,36.89,29.52,27.67
7519,45.0,35.0,38.0,42.0,40.0,32.0,30.0
7520,48.49,37.72,40.95,45.26,43.11,34.48,32.33
7521,51.75,40.25,43.7,48.3,46.0,36.8,34.5
7522,54.55,42.42,46.06,50.91,48.49,38.79,36.36
7523,56.69,44.09,47.87,52.91,50.39,40.31,37.79
7524,58.04,45.14,49.01,54.17,51.59,41.27,38.69
7525,58.5,45.5,49.4,54.6,52.0,41.6,39.0
7526,58.04,45.14,49.01,54.17,51.59,41.27,38.69
7527,56.69,44.09,47.87,52.91,50.39,40.31,37.79
7528,54.55,42.42,46.06,50.91,48.49,38.79,36.36
7529,51.75,40.25,43.7,48.3,46.0,36.8,34.5
7530,48.49,37.72,40.95,45.26,43.11,34.48,32.33
7531,45.0,35.0,38.0,42.0,40.0,32.0,30.0
7532,41.51,32.28,35.05,38.74,36.89,29.52,27.67
7533,38.25,29.75,32.3,35.7,34.0,27.2,25.5
7534,35.45,27.58,29.94,33.09,31.51,25.21,23.64
7535,33.31,25.91,28.13,31.09,29.61,23.69,22.21
7536,31.96,24.86,26.99,29.83,28.41,22.73,21.31
7537,31.5,24.5,26.6,29.4,28.0,22.4,21.0
7538,31.96,24.86,26.99,29.83,28.41,22.73,21.31
7539,33.31,25.91,28.13,31.09,29.61,23.69,22.21
7540,35.45,27.58,29.94,33.09,31.51,25.21,23.64
7541,38.25,29.75,32.3,35.7,34.0,27.2,25.5
7542,41.51,32.28,35.05,38.74,36.89,29.52,27.67
7543,45.0,35.0,38.0,42.0,40.0,32.0,30.0
7544,48.49,37.72,40.95,45.26,43.11,34.48,32.33
7545,51.75,40.25,43.7,48.3,46.0,36.8,34.5
7546,54.55,42.42,46.06,50.91,48.49,38.79,36.36
7547,56.69,44.09,47.87,52.91,50.39,40.31,37.79
7548,58.04,45.14,49.01,54.17,51.59,41.27,38.69
7549,58.5,45.5,49.4,54.6,52.0,41.6,39.0
7550,58.04,45.14,49.01,54.17,51.59,41.27,38.69
7551,56.69,44.09,47.87,52.91,50.39,40.31,37.79
7552,54.55,42.42,46.06,50.91,48.49,38.79,36.36
7553,51.75,40.25,43.7,48.3,46.0,36.8,34.5
7554,48.49,37.72,40.95,45.26,43.11,34.48,32.33
7555,45.0,35.0,38.0,42.0,40.0,32.0,30.0
7556,41.51,32.28,35.05,38.74,36.89,29.52,27.67
7557,38.25,29.75,32.3,35.7,34.0,27.2,25.5
7558,35.45,27.58,29.94,33.09,31.51,25.21,23.64
7559,33.31,25.91,28.13,31.09,29.61,23.69,22.21
7560,31.96,24.86,26.99,29.83,28.41,22.73,21.31
7561,31.5,24.5,26.6,29.4,28.0,22.4,21.0
7562,31.96,24.86,26.99,29.83,28.41,22.73,21.31
7563,33.31,25.91,28.13,31.09,29.61,23.69,22.21
7564,35.45,27.58,29.94,33.09,31.51,25.21,23.64
7565,38.25,29.75,32.3,35.7,34.0,27.2,25.5
7566,41.51,32.28,35.05,38.74,36.89,29.52,27.67
7567,45.0,35.0,38.0,42.0,40.0,32.0,30.0
7568,48.49,37.72,40.95,45.26,43.11,34.48,32.33
7569,51.75,40.25,43.7,48.3,46.0,36.8,34.5
7570,54.55,42.42,46.06,50.91,48.49,38.79,36.36
7571,56.69,44.09,47.87,52.91,50.39,40.31,37.79
7572,58.04,45.14,49.01,54.17,51.59,41.27,38.69
7573,58.5,45.5,49.4,54.6,52.0,41.6,39.0
7574,58.04,45.14,49.01,54.17,51.59,41.27,38.69
7575,56.69,44.09,47.87,52.91,50.39,40.31,37.79
7576,54.55,42.42,46.06,50.91,48.49,38.79,36.36
7577,51.75,40.25,43.7,48.3,46.0,36.8,34.5
7578,48.49,37.72,40.95,45.26,43.11,34.48,32.33
7579,45.0,35.0,38.0,42.0,40.0,32.0,30.0
7580,41.51,32.28,35.05,38.74,36.89,29.52,27.67
7581,38.25,29.75,32.3,35.7,34.0,27.2,25.5
7582,35.45,27.58,29.94,33.09,31.51,25.21,23.64
7583,33.31,25.91,28.13,31.09,29.61,23.69,22.21
7584,31.96,24.86,26.99,29.83,28.41,22.73,21.31
7585,31.5,24.5,26.6,29.4,28.0,22.4,21.0
7586,31.96,24.86,26.99,29.83,28.41,22.73,21.31
7587,33.31,25.91,28.13,31.09,29.61,23.69,22.21
7588,35.45,27.58,29.94,33.09,31.51,25.21,23.64
7589,38.25,29.75,32.3,35.7,34.0,27.2,25.5
7590,41.51,32.28,35.05,38.74,36.89,29.52,27.67
7591,45.0,35.0,38.0,42.0,40.0,32.0,30.0
7592,48.49,37.72,40.95,45.26,43.11,34.48,32.33
7593,51.75,40.25,43.7,48.3,46.0,36.8,34.5
7594,54.55,42.42,46.06,50.91,48.49,38.79,36.36
7595,56.69,44.09,47.87,52.91,50.39,40.31,37.79
7596,58.04,45.14,49.01,54.17,51.59,41.27,38.69
7597,58.5,45.5,49.4,54.6,52.0,41.6,39.0
7598,58.04,45.14,49.01,54.17,51.59,41.27,38.69
7599,56.69,44.09,47.87,52.91,50.39,40.31,37.79
7600,54.55,42.42,46.06,50.91,48.49,38.79,36.36
7601,51.75,40.25,43.7,48.3,46.0,36.8,34.5
7602,48.49,37.72,40.95,45.26,43.11,34.48,32.33
7603,45.0,35.0,38.0,42.0,40.0,32.0,30.0
7604,41.51,32.28,35.05,38.74,36.89,29.52,27.67
7605,38.25,29.75,32.3,35.7,34.0,27.2,25.5
7606,35.45,27.58,29.94,33.09,31.51,25.21,23.64
7607,33.31,25.91,28.13,31.09,29.61,23.69,22.21
7608,31.96,24.86,26.99,29.83,28.41,22.73,21.31
7609,31.5,24.5,26.6,29.4,28.0,22.4,21.0
7610,31.96,24.86,26.99,29.83,28.41,22.73,21.31
7611,33.31,25.91,28.13,31.09,29.61,23.69,22.21
7612,35.45,27.58,29.94,33.09,31.51,25.21,23.64
7613,38.25,29.75,32.3,35.7,34.0,27.2,25.5
7614,41.51,32.28,35.05,38.74,36.89,29.52,27.67
7615,45.0,35.0,38.0,42.0,40.0,32.0,30.0
7616,48.49,37.72,40.95,45.26,43.11,34.48,32.33
7617,51.75,40.25,43.7,48.3,46.0,36.8,34.5
7618,54.55,42.42,46.06,50.91,48.49,38.79,36.36
7619,56.69,44.09,47.87,52.91,50.39,40.31,37.79
7620,58.04,45.14,49.01,54.17,51.59,41.27,38.69
7621,58.5,45.5,49.4,54.6,52.0,41.6,39.0
7622,58.04,45.14,49.01,54.17,51.59,41.27,38.69
7623,56.69,44.09,47.87,52.91,50.39,40.31,37.79
7624,54.55,42.42,46.06,50.91,48.49,38.79,36.36
7625,51.75,40.25,43.7,48.3,46.0,36.8,34.5
7626,48.49,37.72,40.95,45.26,43.11,34.48,32.33
7627,45.0,35.0,38.0,42.0,40.0,32.0,30.0
7628,41.51,32.28,35.05,38.74,36.89,29.52,27.67
7629,38.25,29.75,32.3,35.7,34.0,27.2,25.5
7630,35.45,27.58,29.94,33.09,31.51,25.21,23.64
7631,33.31,25.91,28.13,31.09,29.61,23.69,22.21
7632,31.96,24.86,26.99,29.83,28.41,22.73,21.31
7633,31.5,24.5,26.6,29.4,28.0,22.4,21.0
7634,31.96,24.86,26.99,29.83,28.41,22.73,21.31
7635,33.31,25.91,28.13,31.09,29.61,23.69,22.21
7636,35.45,27.58,29.94,33.09,31.51,25.21,23.64
7637,38.25,29.75,32.3,35.7,34.0,27.2,25.5
7638,41.51,32.28,35.05,38.74,36.89,29.52,27.67
7639,45.0,35.0,38.0,42.0,40.0,32.0,30.0
7640,48.49,37.72,40.95,45.26,43.11,34.48,32.33
7641,51.75,40.25,43.7,48.3,46.0,36.8,34.5
7642,54.55,42.42,46.06,50.91,48.49,38.79,36.36
7643,56.69,44.09,47.87,52.91,50.39,40.31,37.79
7644,58.04,45.14,49.01,54.17,51.59,41.27,38.69
7645,58.5,45.5,49.4,54.6,52.0,41.6,39.0
7646,58.04,45.14,49.01,54.17,51.59,41.27,38.69
7647,56.69,44.09,47.87,52.91,50.39,40.31,37.79
7648,54.55,42.42,46.06,50.91,48.49,38.79,36.36
7649,51.75,40.25,43.7,48.3,46.0,36.8,34.5
7650,48.49,37.72,40.95,45.26,43.11,34.48,32.33
7651,45.0,35.0,38.0,42.0,40.0,32.0,30.0
7652,41.51,32.28,35.05,38.74,36.89,29.52,27.67
7653,38.25,29.75,32.3,35.7,34.0,27.2,25.5
7654,35.45,27.58,29.94,33.09,31.51,25.21,23.64
7655,33.31,25.91,28.13,31.09,29.61,23.69,22.21
7656,31.96,24.86,26.99,29.83,28.41,22.73,21.31
7657,31.5,24.5,26.6,29.4,28.0,22.4,21.0
7658,31.96,24.86,26.99,29.83,28.41,22.73,21.31
7659,33.31,25.91,28.13,31.09,29.61,23.69,22.21
7660,35.45,27.58,29.94,33.09,31.51,25.21,23.64
7661,38.25,29.75,32.3,35.7,34.0,27.2,25.5
7662,41.51,32.28,35.05,38.74,36.89,29.52,27.67
7663,45.0,35.0,38.0,42.0,40.0,32.0,30.0
7664,48.49,37.72,40.95,45.26,43.11,34.48,32.33
7665,51.75,40.25,43.7,48.3,46.0,36.8,34.5
7666,54.55,42.42,46.06,50.91,48.49,38.79,36.36
7667,56.69,44.09,47.87,52.91,50.39,40.31,37.79
7668,58.04,45.14,49.01,54.17,51.59,41.27,38.69
7669,58.5,45.5,49.4,54.6,52.0,41.6,39.0
7670,58.04,45.14,49.01,54.17,51.59,41.27,38.69
7671,56.69,44.09,47.87,52.91,50.39,40.31,37.79
7672,54.55,42.42,46.06,50.91,48.49,38.79,36.36
7673,51.75,40.25,43.7,48.3,46.0,36.8,34.5
7674,48.49,37.72,40.95,45.26,43.11,34.48,32.33
7675,45.0,35.0,38.0,42.0,40.0,32.0,30.0
7676,41.51,32.28,35.05,38.74,36.89,29.52,27.67
7677,38.25,29.75,32.3,35.7,34.0,27.2,25.5
7678,35.45,27.58,29.94,33.09,31.51,25.21,23.64
7679,33.31,25.91,28.13,31.09,29.61,23.69,22.21
7680,31.96,24.86,26.99,29.83,28.41,22.73,21.31
7681,31.5,24.5,26.6,29.4,28.0,22.4,21.0
7682,31.96,24.86,26.99,29.83,28.41,22.73,21.31
7683,33.31,25.91,28.13,31.09,29.61,23.69,22.21
7684,35.45,27.58,29.94,33.09,31.51,25.21,23.64
7685,38.25,29.75,32.3,35.7,34.0,27.2,25.5
7686,41.51,32.28,35.05,38.74,36.89,29.52,27.67
7687,45.0,35.0,38.0,42.0,40.0,32.0,30.0
7688,48.49,37.72,40.95,45.26,43.11,34.48,32.33
7689,51.75,40.25,43.7,48.3,46.0,36.8,34.5
7690,54.55,42.42,46.06,50.91,48.49,38.79,36.36
7691,56.69,44.09,47.87,52.91,50.39,40.31,37.79
7692,58.04,45.14,49.01,54.17,51.59,41.27,38.69
7693,58.5,45.5,49.4,54.6,52.0,41.6,39.0
7694,58.04,45.14,49.01,54.17,51.59,41.27,38.69
7695,56.69,44.09,47.87,52.91,50.39,40.31,37.79
7696,54.55,42.42,46.06,50.91,48.49,38.79,36.36
7697,51.75,40.25,43.7,48.3,46.0,36.8,34.5
7698,48.49,37.72,40.95,45.26,43.11,34.48,32.33
7699,45.0,35.0,38.0,42.0,40.0,32.0,30.0
7700,41.51,32.28,35.05,38.74,36.89,29.52,27.67
7701,38.25,29.75,32.3,35.7,34.0,27.2,25.5
7702,35.45,27.58,29.94,33.09,31.51,25.21,23.64
7703,33.31,25.91,28.13,31.09,29.61,23.69,22.21
7704,31.96,24.86,26.99,29.83,28.41,22.73,21.31
7705,31.5,24.5,26.6,29.4,28.0,22.4,21.0
7706,31.96,24.86,26.99,29.83,28.41,22.73,21.31
7707,33.31,25.91,28.13,31.09,29.61,23.69,22.21
7708,35.45,27.58,29.94,33.09,31.51,25.21,23.64
7709,38.25,29.75,32.3,35.7,34.0,27.2,25.5
7710,41.51,32.28,35.05,38.74,36.89,29.52,27.67
7711,45.0,35.0,38.0,42.0,40.0,32.0,30.0
7712,48.49,37.72,40.95,45.26,43.11,34.48,32.33
7713,51.75,40.25,43.7,48.3,46.0,36.8,34.5
7714,54.55,42.42,46.06,50.91,48.49,38.79,36.36
7715,56.69,44.09,47.87,52.91,50.39,40.31,37.79
7716,58.04,45.14,49.01,54.17,51.59,41.27,38.69
7717,58.5,45.5,49.4,54.6,52.0,41.6,39.0
7718,58.04,45.14,49.01,54.17,51.59,41.27,38.69
7719,56.69,44.09,47.87,52.91,50.39,40.31,37.79
7720,54.55,42.42,46.06,50.91,48.49,38.79,36.36
7721,51.75,40.25,43.7,48.3,46.0,36.8,34.5
7722,48.49,37.72,40.95,45.26,43.11,34.48,32.33
7723,45.0,35.0,38.0,42.0,40.0,32.0,30.0
7724,41.51,32.28,35.05,38.74,36.89,29.52,27.67
7725,38.25,29.75,32.3,35.7,34.0,27.2,25.5
7726,35.45,27.58,29.94,33.09,31.51,25.21,23.64
7727,33.31,25.91,28.13,31.09,29.61,23.69,22.21
7728,31.96,24.86,26.99,29.83,28.41,22.73,21.31
7729,31.5,24.5,26.6,29.4,28.0,22.4,21.0
7730,31.96,24.86,26.99,29.83,28.41,22.73,21.31
7731,33.31,25.91,28.13,31.09,29.61,23.69,22.21
7732,35.45,27.58,29.94,33.09,31.51,25.21,23.64
7733,38.25,29.75,32.3,35.7,34.0,27.2,25.5
7734,41.51,32.28,35.05,38.74,36.89,29.52,27.67
7735,45.0,35.0,38.0,42.0,40.0,32.0,30.0
7736,48.49,37.72,40.95,45.26,43.11,34.48,32.33
7737,51.75,40.25,43.7,48.3,46.0,36.8,34.5
7738,54.55,42.42,46.06,50.91,48.49,38.79,36.36
7739,56.69,44.09,47.87,52.91,50.39,40.31,37.79
7740,58.04,45.14,49.01,54.17,51.59,41.27,38.69
7741,58.5,45.5,49.4,54.6,52.0,41.6,39.0
7742,58.04,45.14,49.01,54.17,51.59,41.27,38.69
7743,56.69,44.09,47.87,52.91,50.39,40.31,37.79
7744,54.55,42.42,46.06,50.91,48.49,38.79,36.36
7745,51.75,40.25,43.7,48.3,46.0,36.8,34.5
7746,48.49,37.72,40.95,45.26,43.11,34.48,32.33
7747,45.0,35.0,38.0,42.0,40.0,32.0,30.0
7748,41.51,32.28,35.05,38.74,36.89,29.52,27.67
7749,38.25,29.75,32.3,35.7,34.0,27.2,25.5
7750,35.45,27.58,29.94,33.09,31.51,25.21,23.64
7751,33.31,25.91,28.13,31.09,29.61,23.69,22.21
7752,31.96,24.86,26.99,29.83,28.41,22.73,21.31
7753,31.5,24.5,26.6,29.4,28.0,22.4,21.0
7754,31.96,24.86,26.99,29.83,28.41,22.73,21.31
7755,33.31,25.91,28.13,31.09,29.61,23.69,22.21
7756,35.45,27.58,29.94,33.09,31.51,25.21,23.64
7757,38.25,29.75,32.3,35.7,34.0,27.2,25.5
7758,41.51,32.28,35.05,38.74,36.89,29.52,27.67
7759,45.0,35.0,38.0,42.0,40.0,32.0,30.0
7760,48.49,37.72,40.95,45.26,43.11,34.48,32.33
7761,51.75,40.25,43.7,48.3,46.0,36.8,34.5
7762,54.55,42.42,46.06,50.91,48.49,38.79,36.36
7763,56.69,44.09,47.87,52.91,50.39,40.31,37.79
7764,58.04,45.14,49.01,54.17,51.59,41.27,38.69
7765,58.5,45.5,49.4,54.6,52.0,41.6,39.0
7766,58.04,45.14,49.01,54.17,51.59,41.27,38.69
7767,56.69,44.09,47.87,52.91,50.39,40.31,37.79
7768,54.55,42.42,46.06,50.91,48.49,38.79,36.36
7769,51.75,40.25,43.7,48.3,46.0,36.8,34.5
7770,48.49,37.72,40.95,45.26,43.11,34.48,32.33
7771,45.0,35.0,38.0,42.0,40.0,32.0,30.0
7772,41.51,32.28,35.05,38.74,36.89,29.52,27.67
7773,38.25,29.75,32.3,35.7,34.0,27.2,25.5
7774,35.45,27.58,29.94,33.09,31.51,25.21,23.64
7775,33.31,25.91,28.13,31.09,29.61,23.69,22.21
7776,31.96,24.86,26.99,29.83,28.41,22.73,21.31
7777,31.5,24.5,26.6,29.4,28.0,22.4,21.0
7778,31.96,24.86,26.99,29.83,28.41,22.73,21.31
7779,33.31,25.91,28.13,31.09,29.61,23.69,22.21
7780,35.45,27.58,29.94,33.09,31.51,25.21,23.64
7781,38.25,29.75,32.3,35.7,34.0,27.2,25.5
7782,41.51,32.28,35.05,38.74,36.89,29.52,27.67
7783,45.0,35.0,38.0,42.0,40.0,32.0,30.0
7784,48.49,37.72,40.95,45.26,43.11,34.48,32.33
7785,51.75,40.25,43.7,48.3,46.0,36.8,34.5
7786,54.55,42.42,46.06,50.91,48.49,38.79,36.36
7787,56.69,44.09,47.87,52.91,50.39,40.31,37.79
7788,58.04,45.14,49.01,54.17,51.59,41.27,38.69
7789,58.5,45.5,49.4,54.6,52.0,41.6,39.0
7790,58.04,45.14,49.01,54.17,51.59,41.27,38.69
7791,56.69,44.09,47.87,52.91,50.39,40.31,37.79
7792,54.55,42.42,46.06,50.91,48.49,38.79,36.36
7793,51.75,40.25,43.7,48.3,46.0,36.8,34.5
7794,48.49,37.72,40.95,45.26,43.11,34.48,32.33
7795,45.0,35.0,38.0,42.0,40.0,32.0,30.0
7796,41.51,32.28,35.05,38.74,36.89,29.52,27.67
7797,38.25,29.75,32.3,35.7,34.0,27.2,25.5
7798,35.45,27.58,29.94,33.09,31.51,25.21,23.64
7799,33.31,25.91,28.13,31.09,29.61,23.69,22.21
7800,31.96,24.86,26.99,29.83,28.41,22.73,21.31
7801,31.5,24.5,26.6,29.4,28.0,22.4,21.0
7802,31.96,24.86,26.99,29.83,28.41,22.73,21.31
7803,33.31,25.91,28.13,31.09,29.61,23.69,22.21
7804,35.45,27.58,29.94,33.09,31.51,25.21,23.64
7805,38.25,29.75,32.3,35.7,34.0,27.2,25.5
7806,41.51,32.28,35.05,38.74,36.89,29.52,27.67
7807,45.0,35.0,38.0,42.0,40.0,32.0,30.0
7808,48.49,37.72,40.95,45.26,43.11,34.48,32.33
7809,51.75,40.25,43.7,48.3,46.0,36.8,34.5
7810,54.55,42.42,46.06,50.91,48.49,38.79,36.36
7811,56.69,44.09,47.87,52.91,50.39,40.31,37.79
7812,58.04,45.14,49.01,54.17,51.59,41.27,38.69
7813,58.5,45.5,49.4,54.6,52.0,41.6,39.0
7814,58.04,45.14,49.01,54.17,51.59,41.27,38.69
7815,56.69,44.09,47.87,52.91,50.39,40.31,37.79
7816,54.55,42.42,46.06,50.91,48.49,38.79,36.36
7817,51.75,40.25,43.7,48.3,46.0,36.8,34.5
7818,48.49,37.72,40.95,45.26,43.11,34.48,32.33
7819,45.0,35.0,38.0,42.0,40.0,32.0,30.0
7820,41.51,32.28,35.05,38.74,36.89,29.52,27.67
7821,38.25,29.75,32.3,35.7,34.0,27.2,25.5
7822,35.45,27.58,29.94,33.09,31.51,25.21,23.64
7823,33.31,25.91,28.13,31.09,29.61,23.69,22.21
7824,31.96,24.86,26.99,29.83,28.41,22.73,21.31
7825,31.5,24.5,26.6,29.4,28.0,22.4,21.0
7826,31.96,24.86,26.99,29.83,28.41,22.73,21.31
7827,33.31,25.91,28.13,31.09,29.61,23.69,22.21
7828,35.45,27.58,29.94,33.09,31.51,25.21,23.64
7829,38.25,29.75,32.3,35.7,34.0,27.2,25.5
7830,41.51,32.28,35.05,38.74,36.89,29.52,27.67
7831,45.0,35.0,38.0,42.0,40.0,32.0,30.0
7832,48.49,37.72,40.95,45.26,43.11,34.48,32.33
7833,51.75,40.25,43.7,48.3,46.0,36.8,34.5
7834,54.55,42.42,46.06,50.91,48.49,38.79,36.36
7835,56.69,44.09,47.87,52.91,50.39,40.31,37.79
7836,58.04,45.14,49.01,54.17,51.59,41.27,38.69
7837,58.5,45.5,49.4,54.6,52.0,41.6,39.0
7838,58.04,45.14,49.01,54.17,51.59,41.27,38.69
7839,56.69,44.09,47.87,52.91,50.39,40.31,37.79
7840,54.55,42.42,46.06,50.91,48.49,38.79,36.36
7841,51.75,40.25,43.7,48.3,46.0,36.8,34.5
7842,48.49,37.72,40.95,45.26,43.11,34.48,32.33
7843,45.0,35.0,38.0,42.0,40.0,32.0,30.0
7844,41.51,32.28,35.05,38.74,36.89,29.52,27.67
7845,38.25,29.75,32.3,35.7,34.0,27.2,25.5
7846,35.45,27.58,29.94,33.09,31.51,25.21,23.64
7847,33.31,25.91,28.13,31.09,29.61,23.69,22.21
7848,31.96,24.86,26.99,29.83,28.41,22.73,21.31
7849,31.5,24.5,26.6,29.4,28.0,22.4,21.0
7850,31.96,24.86,26.99,29.83,28.41,22.73,21.31
7851,33.31,25.91,28.13,31.09,29.61,23.69,22.21
7852,35.45,27.58,29.94,33.09,31.51,25.21,23.64
7853,38.25,29.75,32.3,35.7,34.0,27.2,25.5
7854,41.51,32.28,35.05,38.74,36.89,29.52,27.67
7855,45.0,35.0,38.0,42.0,40.0,32.0,30.0
7856,48.49,37.72,40.95,45.26,43.11,34.48,32.33
7857,51.75,40.25,43.7,48.3,46.0,36.8,34.5
7858,54.55,42.42,46.06,50.91,48.49,38.79,36.36
7859,56.69,44.09,47.87,52.91,50.39,40.31,37.79
7860,58.04,45.14,49.01,54.17,51.59,41.27,38.69
7861,58.5,45.5,49.4,54.6,52.0,41.6,39.0
7862,58.04,45.14,49.01,54.17,51.59,41.27,38.69
7863,56.69,44.09,47.87,52.91,50.39,40.31,37.79
7864,54.55,42.42,46.06,50.91,48.49,38.79,36.36
7865,51.75,40.25,43.7,48.3,46.0,36.8,34.5
7866,48.49,37.72,40.95,45.26,43.11,34.48,32.33
7867,45.0,35.0,38.0,42.0,40.0,32.0,30.0
7868,41.51,32.28,35.05,38.74,36.89,29.52,27.67
7869,38.25,29.75,32.3,35.7,34.0,27.2,25.5
7870,35.45,27.58,29.94,33.09,31.51,25.21,23.64
7871,33.31,25.91,28.13,31.09,29.61,23.69,22.21
7872,31.96,24.86,26.99,29.83,28.41,22.73,21.31
7873,31.5,24.5,26.6,29.4,28.0,22.4,21.0
7874,31.96,24.86,26.99,29.83,28.41,22.73,21.31
7875,33.31,25.91,28.13,31.09,29.61,23.69,22.21
7876,35.45,27.58,29.94,33.09,31.51,25.21,23.64
7877,38.25,29.75,32.3,35.7,34.0,27.2,25.5
7878,41.51,32.28,35.05,38.74,36.89,29.52,27.67
7879,45.0,35.0,38.0,42.0,40.0,32.0,30.0
7880,48.49,37.72,40.95,45.26,43.11,34.48,32.33
7881,51.75,40.25,43.7,48.3,46.0,36.8,34.5
7882,54.55,42.42,46.06,50.91,48.49,38.79,36.36
7883,56.69,44.09,47.87,52.91,50.39,40.31,37.79
7884,58.04,45.14,49.01,54.17,51.59,41.27,38.69
7885,58.5,45.5,49.4,54.6,52.0,41.6,39.0
7886,58.04,45.14,49.01,54.17,51.59,41.27,38.69
7887,56.69,44.09,47.87,52.91,50.39,40.31,37.79
7888,54.55,42.42,46.06,50.91,48.49,38.79,36.36
7889,51.75,40.25,43.7,48.3,46.0,36.8,34.5
7890,48.49,37.72,40.95,45.26,43.11,34.48,32.33
7891,45.0,35.0,38.0,42.0,40.0,32.0,30.0
7892,41.51,32.28,35.05,38.74,36.89,29.52,27.67
7893,38.25,29.75,32.3,35.7,34.0,27.2,25.5
7894,35.45,27.58,29.94,33.09,31.51,25.21,23.64
7895,33.31,25.91,28.13,31.09,29.61,23.69,22.21
7896,31.96,24.86,26.99,29.83,28.41,22.73,21.31
7897,31.5,24.5,26.6,29.4,28.0,22.4,21.0
7898,31.96,24.86,26.99,29.83,28.41,22.73,21.31
7899,33.31,25.91,28.13,31.09,29.61,23.69,22.21
7900,35.45,27.58,29.94,33.09,31.51,25.21,23.64
7901,38.25,29.75,32.3,35.7,34.0,27.2,25.5
7902,41.51,32.28,35.05,38.74,36.89,29.52,27.67
7903,45.0,35.0,38.0,42.0,40.0,32.0,30.0
7904,48.49,37.72,40.95,45.26,43.11,34.48,32.33
7905,51.75,40.25,43.7,48.3,46.0,36.8,34.5
7906,54.55,42.42,46.06,50.91,48.49,38.79,36.36
7907,56.69,44.09,47.87,52.91,50.39,40.31,37.79
7908,58.04,45.14,49.01,54.17,51.59,41.27,38.69
7909,58.5,45.5,49.4,54.6,52.0,41.6,39.0
7910,58.04,45.14,49.01,54.17,51.59,41.27,38.69
7911,56.69,44.09,47.87,52.91,50.39,40.31,37.79
7912,54.55,42.42,46.06,50.91,48.49,38.79,36.36
7913,51.75,40.25,43.7,48.3,46.0,36.8,34.5
7914,48.49,37.72,40.95,45.26,43.11,34.48,32.33
7915,45.0,35.0,38.0,42.0,40.0,32.0,30.0
7916,41.51,32.28,35.05,38.74,36.89,29.52,27.67
7917,38.25,29.75,32.3,35.7,34.0,27.2,25.5
7918,35.45,27.58,29.94,33.09,31.51,25.21,23.64
7919,33.31,25.91,28.13,31.09,29.61,23.69,22.21
7920,31.96,24.86,26.99,29.83,28.41,22.73,21.31
7921,31.5,24.5,26.6,29.4,28.0,22.4,21.0
7922,31.96,24.86,26.99,29.83,28.41,22.73,21.31
7923,33.31,25.91,28.13,31.09,29.61,23.69,22.21
7924,35.45,27.58,29.94,33.09,31.51,25.21,23.64
7925,38.25,29.75,32.3,35.7,34.0,27.2,25.5
7926,41.51,32.28,35.05,38.74,36.89,29.52,27.67
7927,45.0,35.0,38.0,42.0,40.0,32.0,30.0
7928,48.49,37.72,40.95,45.26,43.11,34.48,32.33
7929,51.75,40.25,43.7,48.3,46.0,36.8,34.5
7930,54.55,42.42,46.06,50.91,48.49,38.79,36.36
7931,56.69,44.09,47.87,52.91,50.39,40.31,37.79
7932,58.04,45.14,49.01,54.17,51.59,41.27,38.69
7933,58.5,45.5,49.4,54.6,52.0,41.6,39.0
7934,58.04,45.14,49.01,54.17,51.59,41.27,38.69
7935,56.69,44.09,47.87,52.91,50.39,40.31,37.79
7936,54.55,42.42,46.06,50.91,48.49,38.79,36.36
7937,51.75,40.25,43.7,48.3,46.0,36.8,34.5
7938,48.49,37.72,40.95,45.26,43.11,34.48,32.33
7939,45.0,35.0,38.0,42.0,40.0,32.0,30.0
7940,41.51,32.28,35.05,38.74,36.89,29.52,27.67
7941,38.25,29.75,32.3,35.7,34.0,27.2,25.5
7942,35.45,27.58,29.94,33.09,31.51,25.21,23.64
7943,33.31,25.91,28.13,31.09,29.61,23.69,22.21
7944,31.96,24.86,26.99,29.83,28.41,22.73,21.31
7945,31.5,24.5,26.6,29.4,28.0,22.4,21.0
7946,31.96,24.86,26.99,29.83,28.41,22.73,21.31
7947,33.31,25.91,28.13,31.09,29.61,23.69,22.21
7948,35.45,27.58,29.94,33.09,31.51,25.21,23.64
7949,38.25,29.75,32.3,35.7,34.0,27.2,25.5
7950,41.51,32.28,35.05,38.74,36.89,29.52,27.67
7951,45.0,35.0,38.0,42.0,40.0,32.0,30.0
7952,48.49,37.72,40.95,45.26,43.11,34.48,32.33
7953,51.75,40.25,43.7,48.3,46.0,36.8,34.5
7954,54.55,42.42,46.06,50.91,48.49,38.79,36.36
7955,56.69,44.09,47.87,52.91,50.39,40.31,37.79
7956,58.04,45.14,49.01,54.17,51.59,41.27,38.69
7957,58.5,45.5,49.4,54.6,52.0,41.6,39.0
7958,58.04,45.14,49.01,54.17,51.59,41.27,38.69
7959,56.69,44.09,47.87,52.91,50.39,40.31,37.79
7960,54.55,42.42,46.06,50.91,48.49,38.79,36.36
7961,51.75,40.25,43.7,48.3,46.0,36.8,34.5
7962,48.49,37.72,40.95,45.26,43.11,34.48,32.33
7963,45.0,35.0,38.0,42.0,40.0,32.0,30.0
7964,41.51,32.28,35.05,38.74,36.89,29.52,27.67
7965,38.25,29.75,32.3,35.7,34.0,27.2,25.5
7966,35.45,27.58,29.94,33.09,31.51,25.21,23.64
7967,33.31,25.91,28.13,31.09,29.61,23.69,22.21
7968,31.96,24.86,26.99,29.83,28.41,22.73,21.31
7969,31.5,24.5,26.6,29.4,28.0,22.4,21.0
7970,31.96,24.86,26.99,29.83,28.41,22.73,21.31
7971,33.31,25.91,28.13,31.09,29.61,23.69,22.21
7972,35.45,27.58,29.94,33.09,31.51,25.21,23.64
7973,38.25,29.75,32.3,35.7,34.0,27.2,25.5
7974,41.51,32.28,35.05,38.74,36.89,29.52,27.67
7975,45.0,35.0,38.0,42.0,40.0,32.0,30.0
7976,48.49,37.72,40.95,45.26,43.11,34.48,32.33
7977,51.75,40.25,43.7,48.3,46.0,36.8,34.5
7978,54.55,42.42,46.06,50.91,48.49,38.79,36.36
7979,56.69,44.09,47.87,52.91,50.39,40.31,37.79
7980,58.04,45.14,49.01,54.17,51.59,41.27,38.69
7981,58.5,45.5,49.4,54.6,52.0,41.6,39.0
7982,58.04,45.14,49.01,54.17,51.59,41.27,38.69
7983,56.69,44.09,47.87,52.91,50.39,40.31,37.79
7984,54.55,42.42,46.06,50.91,48.49,38.79,36.36
7985,51.75,40.25,43.7,48.3,46.0,36.8,34.5
7986,48.49,37.72,40.95,45.26,43.11,34.48,32.33
7987,45.0,35.0,38.0,42.0,40.0,32.0,30.0
7988,41.51,32.28,35.05,38.74,36.89,29.52,27.67
7989,38.25,29.75,32.3,35.7,34.0,27.2,25.5
7990,35.45,27.58,29.94,33.09,31.51,25.21,23.64
7991,33.31,25.91,28.13,31.09,29.61,23.69,22.21
7992,31.96,24.86,26.99,29.83,28.41,22.73,21.31
7993,31.5,24.5,26.6,29.4,28.0,22.4,21.0
7994,31.96,24.86,26.99,29.83,28.41,22.73,21.31
7995,33.31,25.91,28.13,31.09,29.61,23.69,22.21
7996,35.45,27.58,29.94,33.09,31.51,25.21,23.64
7997,38.25,29.75,32.3,35.7,34.0,27.2,25.5
7998,41.51,32.28,35.05,38.74,36.89,29.52,27.67
7999,45.0,35.0,38.0,42.0,40.0,32.0,30.0
8000,48.49,37.72,40.95,45.26,43.11,34.48,32.33
8001,51.75,40.25,43.7,48.3,46.0,36.8,34.5
8002,54.55,42.42,46.06,50.91,48.49,38.79,36.36
8003,56.69,44.09,47.87,52.91,50.39,40.31,37.79
8004,58.04,45.14,49.01,54.17,51.59,41.27,38.69
8005,58.5,45.5,49.4,54.6,52.0,41.6,39.0
8006,58.04,45.14,49.01,54.17,51.59,41.27,38.69
8007,56.69,44.09,47.87,52.91,50.39,40.31,37.79
8008,54.55,42.42,46.06,50.91,48.49,38.79,36.36
8009,51.75,40.25,43.7,48.3,46.0,36.8,34.5
8010,48.49,37.72,40.95,45.26,43.11,34.48,32.33
8011,45.0,35.0,38.0,42.0,40.0,32.0,30.0
8012,41.51,32.28,35.05,38.74,36.89,29.52,27.67
8013,38.25,29.75,32.3,35.7,34.0,27.2,25.5
8014,35.45,27.58,29.94,33.09,31.51,25.21,23.64
8015,33.31,25.91,28.13,31.09,29.61,23.69,22.21
8016,31.96,24.86,26.99,29.83,28.41,22.73,21.31
8017,31.5,24.5,26.6,29.4,28.0,22.4,21.0
8018,31.96,24.86,26.99,29.83,28.41,22.73,21.31
8019,33.31,25.91,28.13,31.09,29.61,23.69,22.21
8020,35.45,27.58,29.94,33.09,31.51,25.21,23.64
8021,38.25,29.75,32.3,35.7,34.0,27.2,25.5
8022,41.51,32.28,35.05,38.74,36.89,29.52,27.67
8023,45.0,35.0,38.0,42.0,40.0,32.0,30.0
8024,48.49,37.72,40.95,45.26,43.11,34.48,32.33
8025,51.75,40.25,43.7,48.3,46.0,36.8,34.5
8026,54.55,42.42,46.06,50.91,48.49,38.79,36.36
8027,56.69,44.09,47.87,52.91,50.39,40.31,37.79
8028,58.04,45.14,49.01,54.17,51.59,41.27,38.69
8029,58.5,45.5,49.4,54.6,52.0,41.6,39.0
8030,58.04,45.14,49.01,54.17,51.59,41.27,38.69
8031,56.69,44.09,47.87,52.91,50.39,40.31,37.79
8032,54.55,42.42,46.06,50.91,48.49,38.79,36.36
8033,51.75,40.25,43.7,48.3,46.0,36.8,34.5
8034,48.49,37.72,40.95,45.26,43.11,34.48,32.33
8035,45.0,35.0,38.0,42.0,40.0,32.0,30.0
8036,41.51,32.28,35.05,38.74,36.89,29.52,27.67
8037,38.25,29.75,32.3,35.7,34.0,27.2,25.5
8038,35.45,27.58,29.94,33.09,31.51,25.21,23.64
8039,33.31,25.91,28.13,31.09,29.61,23.69,22.21
8040,31.96,24.86,26.99,29.83,28.41,22.73,21.31
8041,31.5,24.5,26.6,29.4,28.0,22.4,21.0
8042,31.96,24.86,26.99,29.83,28.41,22.73,21.31
8043,33.31,25.91,28.13,31.09,29.61,23.69,22.21
8044,35.45,27.58,29.94,33.09,31.51,25.21,23.64
8045,38.25,29.75,32.3,35.7,34.0,27.2,25.5
8046,41.51,32.28,35.05,38.74,36.89,29.52,27.67
8047,45.0,35.0,38.0,42.0,40.0,32.0,30.0
8048,48.49,37.72,40.95,45.26,43.11,34.48,32.33
8049,51.75,40.25,43.7,48.3,46.0,36.8,34.5
8050,54.55,42.42,46.06,50.91,48.49,38.79,36.36
8051,56.69,44.09,47.87,52.91,50.39,40.31,37.79
8052,58.04,45.14,49.01,54.17,51.59,41.27,38.69
8053,58.5,45.5,49.4,54.6,52.0,41.6,39.0
8054,58.04,45.14,49.01,54.17,51.59,41.27,38.69
8055,56.69,44.09,47.87,52.91,50.39,40.31,37.79
8056,54.55,42.42,46.06,50.91,48.49,38.79,36.36
8057,51.75,40.25,43.7,48.3,46.0,36.8,34.5
8058,48.49,37.72,40.95,45.26,43.11,34.48,32.33
8059,45.0,35.0,38.0,42.0,40.0,32.0,30.0
8060,41.51,32.28,35.05,38.74,36.89,29.52,27.67
8061,38.25,29.75,32.3,35.7,34.0,27.2,25.5
8062,35.45,27.58,29.94,33.09,31.51,25.21,23.64
8063,33.31,25.91,28.13,31.09,29.61,23.69,22.21
8064,31.96,24.86,26.99,29.83,28.41,22.73,21.31
8065,31.5,24.5,26.6,29.4,28.0,22.4,21.0
8066,31.96,24.86,26.99,29.83,28.41,22.73,21.31
8067,33.31,25.91,28.13,31.09,29.61,23.69,22.21
8068,35.45,27.58,29.94,33.09,31.51,25.21,23.64
8069,38.25,29.75,32.3,35.7,34.0,27.2,25.5
8070,41.51,32.28,35.05,38.74,36.89,29.52,27.67
8071,45.0,35.0,38.0,42.0,40.0,32.0,30.0
8072,48.49,37.72,40.95,45.26,43.11,34.48,32.33
8073,51.75,40.25,43.7,48.3,46.0,36.8,34.5
8074,54.55,42.42,46.06,50.91,48.49,38.79,36.36
8075,56.69,44.09,47.87,52.91,50.39,40.31,37.79
8076,58.04,45.14,49.01,54.17,51.59,41.27,38.69
8077,58.5,45.5,49.4,54.6,52.0,41.6,39.0
8078,58.04,45.14,49.01,54.17,51.59,41.27,38.69
8079,56.69,44.09,47.87,52.91,50.39,40.31,37.79
8080,54.55,42.42,46.06,50.91,48.49,38.79,36.36
8081,51.75,40.25,43.7,48.3,46.0,36.8,34.5
8082,48.49,37.72,40.95,45.26,43.11,34.48,32.33
8083,45.0,35.0,38.0,42.0,40.0,32.0,30.0
8084,41.51,32.28,35.05,38.74,36.89,29.52,27.67
8085,38.25,29.75,32.3,35.7,34.0,27.2,25.5
8086,35.45,27.58,29.94,33.09,31.51,25.21,23.64
8087,33.31,25.91,28.13,31.09,29.61,23.69,22.21
8088,31.96,24.86,26.99,29.83,28.41,22.73,21.31
8089,31.5,24.5,26.6,29.4,28.0,22.4,21.0
8090,31.96,24.86,26.99,29.83,28.41,22.73,21.31
8091,33.31,25.91,28.13,31.09,29.61,23.69,22.21
8092,35.45,27.58,29.94,33.09,31.51,25.21,23.64
8093,38.25,29.75,32.3,35.7,34.0,27.2,25.5
8094,41.51,32.28,35.05,38.74,36.89,29.52,27.67
8095,45.0,35.0,38.0,42.0,40.0,32.0,30.0
8096,48.49,37.72,40.95,45.26,43.11,34.48,32.33
8097,51.75,40.25,43.7,48.3,46.0,36.8,34.5
8098,54.55,42.42,46.06,50.91,48.49,38.79,36.36
8099,56.69,44.09,47.87,52.91,50.39,40.31,37.79
8100,58.04,45.14,49.01,54.17,51.59,41.27,38.69
8101,58.5,45.5,49.4,54.6,52.0,41.6,39.0
8102,58.04,45.14,49.01,54.17,51.59,41.27,38.69
8103,56.69,44.09,47.87,52.91,50.39,40.31,37.79
8104,54.55,42.42,46.06,50.91,48.49,38.79,36.36
8105,51.75,40.25,43.7,48.3,46.0,36.8,34.5
8106,48.49,37.72,40.95,45.26,43.11,34.48,32.33
8107,45.0,35.0,38.0,42.0,40.0,32.0,30.0
8108,41.51,32.28,35.05,38.74,36.89,29.52,27.67
8109,38.25,29.75,32.3,35.7,34.0,27.2,25.5
8110,35.45,27.58,29.94,33.09,31.51,25.21,23.64
8111,33.31,25.91,28.13,31.09,29.61,23.69,22.21
8112,31.96,24.86,26.99,29.83,28.41,22.73,21.31
8113,31.5,24.5,26.6,29.4,28.0,22.4,21.0
8114,31.96,24.86,26.99,29.83,28.41,22.73,21.31
8115,33.31,25.91,28.13,31.09,29.61,23.69,22.21
8116,35.45,27.58,29.94,33.09,31.51,25.21,23.64
8117,38.25,29.75,32.3,35.7,34.0,27.2,25.5
8118,41.51,32.28,35.05,38.74,36.89,29.52,27.67
8119,45.0,35.0,38.0,42.0,40.0,32.0,30.0
8120,48.49,37.72,40.95,45.26,43.11,34.48,32.33
8121,51.75,40.25,43.7,48.3,46.0,36.8,34.5
8122,54.55,42.42,46.06,50.91,48.49,38.79,36.36
8123,56.69,44.09,47.87,52.91,50.39,40.31,37.79
8124,58.04,45.14,49.01,54.17,51.59,41.27,38.69
8125,58.5,45.5,49.4,54.6,52.0,41.6,39.0
8126,58.04,45.14,49.01,54.17,51.59,41.27,38.69
8127,56.69,44.09,47.87,52.91,50.39,40.31,37.79
8128,54.55,42.42,46.06,50.91,48.49,38.79,36.36
8129,51.75,40.25,43.7,48.3,46.0,36.8,34.5
8130,48.49,37.72,40.95,45.26,43.11,34.48,32.33
8131,45.0,35.0,38.0,42.0,40.0,32.0,30.0
8132,41.51,32.28,35.05,38.74,36.89,29.52,27.67
8133,38.25,29.75,32.3,35.7,34.0,27.2,25.5
8134,35.45,27.58,29.94,33.09,31.51,25.21,23.64
8135,33.31,25.91,28.13,31.09,29.61,23.69,22.21
8136,31.96,24.86,26.99,29.83,28.41,22.73,21.31
8137,31.5,24.5,26.6,29.4,28.0,22.4,21.0
8138,31.96,24.86,26.99,29.83,28.41,22.73,21.31
8139,33.31,25.91,28.13,31.09,29.61,23.69,22.21
8140,35.45,27.58,29.94,33.09,31.51,25.21,23.64
8141,38.25,29.75,32.3,35.7,34.0,27.2,25.5
8142,41.51,32.28,35.05,38.74,36.89,29.52,27.67
8143,45.0,35.0,38.0,42.0,40.0,32.0,30.0
8144,48.49,37.72,40.95,45.26,43.11,34.48,32.33
8145,51.75,40.25,43.7,48.3,46.0,36.8,34.5
8146,54.55,42.42,46.06,50.91,48.49,38.79,36.36
8147,56.69,44.09,47.87,52.91,50.39,40.31,37.79
8148,58.04,45.14,49.01,54.17,51.59,41.27,38.69
8149,58.5,45.5,49.4,54.6,52.0,41.6,39.0
8150,58.04,45.14,49.01,54.17,51.59,41.27,38.69
8151,56.69,44.09,47.87,52.91,50.39,40.31,37.79
8152,54.55,42.42,46.06,50.91,48.49,38.79,36.36
8153,51.75,40.25,43.7,48.3,46.0,36.8,34.5
8154,48.49,37.72,40.95,45.26,43.11,34.48,32.33
8155,45.0,35.0,38.0,42.0,40.0,32.0,30.0
8156,41.51,32.28,35.05,38.74,36.89,29.52,27.67
8157,38.25,29.75,32.3,35.7,34.0,27.2,25.5
8158,35.45,27.58,29.94,33.09,31.51,25.21,23.64
8159,33.31,25.91,28.13,31.09,29.61,23.69,22.21
8160,31.96,24.86,26.99,29.83,28.41,22.73,21.31
8161,31.5,24.5,26.6,29.4,28.0,22.4,21.0
8162,31.96,24.86,26.99,29.83,28.41,22.73,21.31
8163,33.31,25.91,28.13,31.09,29.61,23.69,22.21
8164,35.45,27.58,29.94,33.09,31.51,25.21,23.64
8165,38.25,29.75,32.3,35.7,34.0,27.2,25.5
8166,41.51,32.28,35.05,38.74,36.89,29.52,27.67
8167,45.0,35.0,38.0,42.0,40.0,32.0,30.0
8168,48.49,37.72,40.95,45.26,43.11,34.48,32.33
8169,51.75,40.25,43.7,48.3,46.0,36.8,34.5
8170,54.55,42.42,46.06,50.91,48.49,38.79,36.36
8171,56.69,44.09,47.87,52.91,50.39,40.31,37.79
8172,58.04,45.14,49.01,54.17,51.59,41.27,38.69
8173,58.5,45.5,49.4,54.6,52.0,41.6,39.0
8174,58.04,45.14,49.01,54.17,51.59,41.27,38.69
8175,56.69,44.09,47.87,52.91,50.39,40.31,37.79
8176,54.55,42.42,46.06,50.91,48.49,38.79,36.36
8177,51.75,40.25,43.7,48.3,46.0,36.8,34.5
8178,48.49,37.72,40.95,45.26,43.11,34.48,32.33
8179,45.0,35.0,38.0,42.0,40.0,32.0,30.0
8180,41.51,32.28,35.05,38.74,36.89,29.52,27.67
8181,38.25,29.75,32.3,35.7,34.0,27.2,25.5
8182,35.45,27.58,29.94,33.09,31.51,25.21,23.64
8183,33.31,25.91,28.13,31.09,29.61,23.69,22.21
8184,31.96,24.86,26.99,29.83,28.41,22.73,21.31
8185,31.5,24.5,26.6,29.4,28.0,22.4,21.0
8186,31.96,24.86,26.99,29.83,28.41,22.73,21.31
8187,33.31,25.91,28.13,31.09,29.61,23.69,22.21
8188,35.45,27.58,29.94,33.09,31.51,25.21,23.64
8189,38.25,29.75,32.3,35.7,34.0,27.2,25.5
8190,41.51,32.28,35.05,38.74,36.89,29.52,27.67
8191,45.0,35.0,38.0,42.0,40.0,32.0,30.0
8192,48.49,37.72,40.95,45.26,43.11,34.48,32.33
8193,51.75,40.25,43.7,48.3,46.0,36.8,34.5
8194,54.55,42.42,46.06,50.91,48.49,38.79,36.36
8195,56.69,44.09,47.87,52.91,50.39,40.31,37.79
8196,58.04,45.14,49.01,54.17,51.59,41.27,38.69
8197,58.5,45.5,49.4,54.6,52.0,41.6,39.0
8198,58.04,45.14,49.01,54.17,51.59,41.27,38.69
8199,56.69,44.09,47.87,52.91,50.39,40.31,37.79
8200,54.55,42.42,46.06,50.91,48.49,38.79,36.36
8201,51.75,40.25,43.7,48.3,46.0,36.8,34.5
8202,48.49,37.72,40.95,45.26,43.11,34.48,32.33
8203,45.0,35.0,38.0,42.0,40.0,32.0,30.0
8204,41.51,32.28,35.05,38.74,36.89,29.52,27.67
8205,38.25,29.75,32.3,35.7,34.0,27.2,25.5
8206,35.45,27.58,29.94,33.09,31.51,25.21,23.64
8207,33.31,25.91,28.13,31.09,29.61,23.69,22.21
8208,31.96,24.86,26.99,29.83,28.41,22.73,21.31
8209,31.5,24.5,26.6,29.4,28.0,22.4,21.0
8210,31.96,24.86,26.99,29.83,28.41,22.73,21.31
8211,33.31,25.91,28.13,31.09,29.61,23.69,22.21
8212,35.45,27.58,29.94,33.09,31.51,25.21,23.64
8213,38.25,29.75,32.3,35.7,34.0,27.2,25.5
8214,41.51,32.28,35.05,38.74,36.89,29.52,27.67
8215,45.0,35.0,38.0,42.0,40.0,32.0,30.0
8216,48.49,37.72,40.95,45.26,43.11,34.48,32.33
8217,51.75,40.25,43.7,48.3,46.0,36.8,34.5
8218,54.55,42.42,46.06,50.91,48.49,38.79,36.36
8219,56.69,44.09,47.87,52.91,50.39,40.31,37.79
8220,58.04,45.14,49.01,54.17,51.59,41.27,38.69
8221,58.5,45.5,49.4,54.6,52.0,41.6,39.0
8222,58.04,45.14,49.01,54.17,51.59,41.27,38.69
8223,56.69,44.09,47.87,52.91,50.39,40.31,37.79
8224,54.55,42.42,46.06,50.91,48.49,38.79,36.36
8225,51.75,40.25,43.7,48.3,46.0,36.8,34.5
8226,48.49,37.72,40.95,45.26,43.11,34.48,32.33
8227,45.0,35.0,38.0,42.0,40.0,32.0,30.0
8228,41.51,32.28,35.05,38.74,36.89,29.52,27.67
8229,38.25,29.75,32.3,35.7,34.0,27.2,25.5
8230,35.45,27.58,29.94,33.09,31.51,25.21,23.64
8231,33.31,25.91,28.13,31.09,29.61,23.69,22.21
8232,31.96,24.86,26.99,29.83,28.41,22.73,21.31
8233,31.5,24.5,26.6,29.4,28.0,22.4,21.0
8234,31.96,24.86,26.99,29.83,28.41,22.73,21.31
8235,33.31,25.91,28.13,31.09,29.61,23.69,22.21
8236,35.45,27.58,29.94,33.09,31.51,25.21,23.64
8237,38.25,29.75,32.3,35.7,34.0,27.2,25.5
8238,41.51,32.28,35.05,38.74,36.89,29.52,27.67
8239,45.0,35.0,38.0,42.0,40.0,32.0,30.0
8240,48.49,37.72,40.95,45.26,43.11,34.48,32.33
8241,51.75,40.25,43.7,48.3,46.0,36.8,34.5
8242,54.55,42.42,46.06,50.91,48.49,38.79,36.36
8243,56.69,44.09,47.87,52.91,50.39,40.31,37.79
8244,58.04,45.14,49.01,54.17,51.59,41.27,38.69
8245,58.5,45.5,49.4,54.6,52.0,41.6,39.0
8246,58.04,45.14,49.01,54.17,51.59,41.27,38.69
8247,56.69,44.09,47.87,52.91,50.39,40.31,37.79
8248,54.55,42.42,46.06,50.91,48.49,38.79,36.36
8249,51.75,40.25,43.7,48.3,46.0,36.8,34.5
8250,48.49,37.72,40.95,45.26,43.11,34.48,32.33
8251,45.0,35.0,38.0,42.0,40.0,32.0,30.0
8252,41.51,32.28,35.05,38.74,36.89,29.52,27.67
8253,38.25,29.75,32.3,35.7,34.0,27.2,25.5
8254,35.45,27.58,29.94,33.09,31.51,25.21,23.64
8255,33.31,25.91,28.13,31.09,29.61,23.69,22.21
8256,31.96,24.86,26.99,29.83,28.41,22.73,21.31
8257,31.5,24.5,26.6,29.4,28.0,22.4,21.0
8258,31.96,24.86,26.99,29.83,28.41,22.73,21.31
8259,33.31,25.91,28.13,31.09,29.61,23.69,22.21
8260,35.45,27.58,29.94,33.09,31.51,25.21,23.64
8261,38.25,29.75,32.3,35.7,34.0,27.2,25.5
8262,41.51,32.28,35.05,38.74,36.89,29.52,27.67
8263,45.0,35.0,38.0,42.0,40.0,32.0,30.0
8264,48.49,37.72,40.95,45.26,43.11,34.48,32.33
8265,51.75,40.25,43.7,48.3,46.0,36.8,34.5
8266,54.55,42.42,46.06,50.91,48.49,38.79,36.36
8267,56.69,44.09,47.87,52.91,50.39,40.31,37.79
8268,58.04,45.14,49.01,54.17,51.59,41.27,38.69
8269,58.5,45.5,49.4,54.6,52.0,41.6,39.0
8270,58.04,45.14,49.01,54.17,51.59,41.27,38.69
8271,56.69,44.09,47.87,52.91,50.39,40.31,37.79
8272,54.55,42.42,46.06,50.91,48.49,38.79,36.36
8273,51.75,40.25,43.7,48.3,46.0,36.8,34.5
8274,48.49,37.72,40.95,45.26,43.11,34.48,32.33
8275,45.0,35.0,38.0,42.0,40.0,32.0,30.0
8276,41.51,32.28,35.05,38.74,36.89,29.52,27.67
8277,38.25,29.75,32.3,35.7,34.0,27.2,25.5
8278,35.45,27.58,29.94,33.09,31.51,25.21,23.64
8279,33.31,25.91,28.13,31.09,29.61,23.69,22.21
8280,31.96,24.86,26.99,29.83,28.41,22.73,21.31
8281,31.5,24.5,26.6,29.4,28.0,22.4,21.0
8282,31.96,24.86,26.99,29.83,28.41,22.73,21.31
8283,33.31,25.91,28.13,31.09,29.61,23.69,22.21
8284,35.45,27.58,29.94,33.09,31.51,25.21,23.64
8285,38.25,29.75,32.3,35.7,34.0,27.2,25.5
8286,41.51,32.28,35.05,38.74,36.89,29.52,27.67
8287,45.0,35.0,38.0,42.0,40.0,32.0,30.0
8288,48.49,37.72,40.95,45.26,43.11,34.48,32.33
8289,51.75,40.25,43.7,48.3,46.0,36.8,34.5
8290,54.55,42.42,46.06,50.91,48.49,38.79,36.36
8291,56.69,44.09,47.87,52.91,50.39,40.31,37.79
8292,58.04,45.14,49.01,54.17,51.59,41.27,38.69
8293,58.5,45.5,49.4,54.6,52.0,41.6,39.0
8294,58.04,45.14,49.01,54.17,51.59,41.27,38.69
8295,56.69,44.09,47.87,52.91,50.39,40.31,37.79
8296,54.55,42.42,46.06,50.91,48.49,38.79,36.36
8297,51.75,40.25,43.7,48.3,46.0,36.8,34.5
8298,48.49,37.72,40.95,45.26,43.11,34.48,32.33
8299,45.0,35.0,38.0,42.0,40.0,32.0,30.0
8300,41.51,32.28,35.05,38.74,36.89,29.52,27.67
8301,38.25,29.75,32.3,35.7,34.0,27.2,25.5
8302,35.45,27.58,29.94,33.09,31.51,25.21,23.64
8303,33.31,25.91,28.13,31.09,29.61,23.69,22.21
8304,31.96,24.86,26.99,29.83,28.41,22.73,21.31
8305,31.5,24.5,26.6,29.4,28.0,22.4,21.0
8306,31.96,24.86,26.99,29.83,28.41,22.73,21.31
8307,33.31,25.91,28.13,31.09,29.61,23.69,22.21
8308,35.45,27.58,29.94,33.09,31.51,25.21,23.64
8309,38.25,29.75,32.3,35.7,34.0,27.2,25.5
8310,41.51,32.28,35.05,38.74,36.89,29.52,27.67
8311,45.0,35.0,38.0,42.0,40.0,32.0,30.0
8312,48.49,37.72,40.95,45.26,43.11,34.48,32.33
8313,51.75,40.25,43.7,48.3,46.0,36.8,34.5
8314,54.55,42.42,46.06,50.91,48.49,38.79,36.36
8315,56.69,44.09,47.87,52.91,50.39,40.31,37.79
8316,58.04,45.14,49.01,54.17,51.59,41.27,38.69
8317,58.5,45.5,49.4,54.6,52.0,41.6,39.0
8318,58.04,45.14,49.01,54.17,51.59,41.27,38.69
8319,56.69,44.09,47.87,52.91,50.39,40.31,37.79
8320,54.55,42.42,46.06,50.91,48.49,38.79,36.36
8321,51.75,40.25,43.7,48.3,46.0,36.8,34.5
8322,48.49,37.72,40.95,45.26,43.11,34.48,32.33
8323,45.0,35.0,38.0,42.0,40.0,32.0,30.0
8324,41.51,32.28,35.05,38.74,36.89,29.52,27.67
8325,38.25,29.75,32.3,35.7,34.0,27.2,25.5
8326,35.45,27.58,29.94,33.09,31.51,25.21,23.64
8327,33.31,25.91,28.13,31.09,29.61,23.69,22.21
8328,31.96,24.86,26.99,29.83,28.41,22.73,21.31
8329,31.5,24.5,26.6,29.4,28.0,22.4,21.0
8330,31.96,24.86,26.99,29.83,28.41,22.73,21.31
8331,33.31,25.91,28.13,31.09,29.61,23.69,22.21
8332,35.45,27.58,29.94,33.09,31.51,25.21,23.64
8333,38.25,29.75,32.3,35.7,34.0,27.2,25.5
8334,41.51,32.28,35.05,38.74,36.89,29.52,27.67
8335,45.0,35.0,38.0,42.0,40.0,32.0,30.0
8336,48.49,37.72,40.95,45.26,43.11,34.48,32.33
8337,51.75,40.25,43.7,48.3,46.0,36.8,34.5
8338,54.55,42.42,46.06,50.91,48.49,38.79,36.36
8339,56.69,44.09,47.87,52.91,50.39,40.31,37.79
8340,58.04,45.14,49.01,54.17,51.59,41.27,38.69
8341,58.5,45.5,49.4,54.6,52.0,41.6,39.0
8342,58.04,45.14,49.01,54.17,51.59,41.27,38.69
8343,56.69,44.09,47.87,52.91,50.39,40.31,37.79
8344,54.55,42.42,46.06,50.91,48.49,38.79,36.36
8345,51.75,40.25,43.7,48.3,46.0,36.8,34.5
8346,48.49,37.72,40.95,45.26,43.11,34.48,32.33
8347,45.0,35.0,38.0,42.0,40.0,32.0,30.0
8348,41.51,32.28,35.05,38.74,36.89,29.52,27.67
8349,38.25,29.75,32.3,35.7,34.0,27.2,25.5
8350,35.45,27.58,29.94,33.09,31.51,25.21,23.64
8351,33.31,25.91,28.13,31.09,29.61,23.69,22.21
8352,31.96,24.86,26.99,29.83,28.41,22.73,21.31
8353,31.5,24.5,26.6,29.4,28.0,22.4,21.0
8354,31.96,24.86,26.99,29.83,28.41,22.73,21.31
8355,33.31,25.91,28.13,31.09,29.61,23.69,22.21
8356,35.45,27.58,29.94,33.09,31.51,25.21,23.64
8357,38.25,29.75,32.3,35.7,34.0,27.2,25.5
8358,41.51,32.28,35.05,38.74,36.89,29.52,27.67
8359,45.0,35.0,38.0,42.0,40.0,32.0,30.0
8360,48.49,37.72,40.95,45.26,43.11,34.48,32.33
8361,51.75,40.25,43.7,48.3,46.0,36.8,34.5
8362,54.55,42.42,46.06,50.91,48.49,38.79,36.36
8363,56.69,44.09,47.87,52.91,50.39,40.31,37.79
8364,58.04,45.14,49.01,54.17,51.59,41.27,38.69
8365,58.5,45.5,49.4,54.6,52.0,41.6,39.0
8366,58.04,45.14,49.01,54.17,51.59,41.27,38.69
8367,56.69,44.09,47.87,52.91,50.39,40.31,37.79
8368,54.55,42.42,46.06,50.91,48.49,38.79,36.36
8369,51.75,40.25,43.7,48.3,46.0,36.8,34.5
8370,48.49,37.72,40.95,45.26,43.11,34.48,32.33
8371,45.0,35.0,38.0,42.0,40.0,32.0,30.0
8372,41.51,32.28,35.05,38.74,36.89,29.52,27.67
8373,38.25,29.75,32.3,35.7,34.0,27.2,25.5
8374,35.45,27.58,29.94,33.09,31.51,25.21,23.64
8375,33.31,25.91,28.13,31.09,29.61,23.69,22.21
8376,31.96,24.86,26.99,29.83,28.41,22.73,21.31
8377,31.5,24.5,26.6,29.4,28.0,22.4,21.0
8378,31.96,24.86,26.99,29.83,28.41,22.73,21.31
8379,33.31,25.91,28.13,31.09,29.61,23.69,22.21
8380,35.45,27.58,29.94,33.09,31.51,25.21,23.64
8381,38.25,29.75,32.3,35.7,34.0,27.2,25.5
8382,41.51,32.28,35.05,38.74,36.89,29.52,27.67
8383,45.0,35.0,38.0,42.0,40.0,32.0,30.0
8384,48.49,37.72,40.95,45.26,43.11,34.48,32.33
8385,51.75,40.25,43.7,48.3,46.0,36.8,34.5
8386,54.55,42.42,46.06,50.91,48.49,38.79,36.36
8387,56.69,44.09,47.87,52.91,50.39,40.31,37.79
8388,58.04,45.14,49.01,54.17,51.59,41.27,38.69
8389,58.5,45.5,49.4,54.6,52.0,41.6,39.0
8390,58.04,45.14,49.01,54.17,51.59,41.27,38.69
8391,56.69,44.09,47.87,52.91,50.39,40.31,37.79
8392,54.55,42.42,46.06,50.91,48.49,38.79,36.36
8393,51.75,40.25,43.7,48.3,46.0,36.8,34.5
8394,48.49,37.72,40.95,45.26,43.11,34.48,32.33
8395,45.0,35.0,38.0,42.0,40.0,32.0,30.0
8396,41.51,32.28,35.05,38.74,36.89,29.52,27.67
8397,38.25,29.75,32.3,35.7,34.0,27.2,25.5
8398,35.45,27.58,29.94,33.09,31.51,25.21,23.64
8399,33.31,25.91,28.13,31.09,29.61,23.69,22.21
8400,31.96,24.86,26.99,29.83,28.41,22.73,21.31
8401,31.5,24.5,26.6,29.4,28.0,22.4,21.0
8402,31.96,24.86,26.99,29.83,28.41,22.73,21.31
8403,33.31,25.91,28.13,31.09,29.61,23.69,22.21
8404,35.45,27.58,29.94,33.09,31.51,25.21,23.64
8405,38.25,29.75,32.3,35.7,34.0,27.2,25.5
8406,41.51,32.28,35.05,38.74,36.89,29.52,27.67
8407,45.0,35.0,38.0,42.0,40.0,32.0,30.0
8408,48.49,37.72,40.95,45.26,43.11,34.48,32.33
8409,51.75,40.25,43.7,48.3,46.0,36.8,34.5
8410,54.55,42.42,46.06,50.91,48.49,38.79,36.36
8411,56.69,44.09,47.87,52.91,50.39,40.31,37.79
8412,58.04,45.14,49.01,54.17,51.59,41.27,38.69
8413,58.5,45.5,49.4,54.6,52.0,41.6,39.0
8414,58.04,45.14,49.01,54.17,51.59,41.27,38.69
8415,56.69,44.09,47.87,52.91,50.39,40.31,37.79
8416,54.55,42.42,46.06,50.91,48.49,38.79,36.36
8417,51.75,40.25,43.7,48.3,46.0,36.8,34.5
8418,48.49,37.72,40.95,45.26,43.11,34.48,32.33
8419,45.0,35.0,38.0,42.0,40.0,32.0,30.0
8420,41.51,32.28,35.05,38.74,36.89,29.52,27.67
8421,38.25,29.75,32.3,35.7,34.0,27.2,25.5
8422,35.45,27.58,29.94,33.09,31.51,25.21,23.64
8423,33.31,25.91,28.13,31.09,29.61,23.69,22.21
8424,31.96,24.86,26.99,29.83,28.41,22.73,21.31
8425,31.5,24.5,26.6,29.4,28.0,22.4,21.0
8426,31.96,24.86,26.99,29.83,28.41,22.73,21.31
8427,33.31,25.91,28.13,31.09,29.61,23.69,22.21
8428,35.45,27.58,29.94,33.09,31.51,25.21,23.64
8429,38.25,29.75,32.3,35.7,34.0,27.2,25.5
8430,41.51,32.28,35.05,38.74,36.89,29.52,27.67
8431,45.0,35.0,38.0,42.0,40.0,32.0,30.0
8432,48.49,37.72,40.95,45.26,43.11,34.48,32.33
8433,51.75,40.25,43.7,48.3,46.0,36.8,34.5
8434,54.55,42.42,46.06,50.91,48.49,38.79,36.36
8435,56.69,44.09,47.87,52.91,50.39,40.31,37.79
8436,58.04,45.14,49.01,54.17,51.59,41.27,38.69
8437,58.5,45.5,49.4,54.6,52.0,41.6,39.0
8438,58.04,45.14,49.01,54.17,51.59,41.27,38.69
8439,56.69,44.09,47.87,52.91,50.39,40.31,37.79
8440,54.55,42.42,46.06,50.91,48.49,38.79,36.36
8441,51.75,40.25,43.7,48.3,46.0,36.8,34.5
8442,48.49,37.72,40.95,45.26,43.11,34.48,32.33
8443,45.0,35.0,38.0,42.0,40.0,32.0,30.0
8444,41.51,32.28,35.05,38.74,36.89,29.52,27.67
8445,38.25,29.75,32.3,35.7,34.0,27.2,25.5
8446,35.45,27.58,29.94,33.09,31.51,25.21,23.64
8447,33.31,25.91,28.13,31.09,29.61,23.69,22.21
8448,31.96,24.86,26.99,29.83,28.41,22.73,21.31
8449,31.5,24.5,26.6,29.4,28.0,22.4,21.0
8450,31.96,24.86,26.99,29.83,28.41,22.73,21.31
8451,33.31,25.91,28.13,31.09,29.61,23.69,22.21
8452,35.45,27.58,29.94,33.09,31.51,25.21,23.64
8453,38.25,29.75,32.3,35.7,34.0,27.2,25.5
8454,41.51,32.28,35.05,38.74,36.89,29.52,27.67
8455,45.0,35.0,38.0,42.0,40.0,32.0,30.0
8456,48.49,37.72,40.95,45.26,43.11,34.48,32.33
8457,51.75,40.25,43.7,48.3,46.0,36.8,34.5
8458,54.55,42.42,46.06,50.91,48.49,38.79,36.36
8459,56.69,44.09,47.87,52.91,50.39,40.31,37.79
8460,58.04,45.14,49.01,54.17,51.59,41.27,38.69
8461,58.5,45.5,49.4,54.6,52.0,41.6,39.0
8462,58.04,45.14,49.01,54.17,51.59,41.27,38.69
8463,56.69,44.09,47.87,52.91,50.39,40.31,37.79
8464,54.55,42.42,46.06,50.91,48.49,38.79,36.36
8465,51.75,40.25,43.7,48.3,46.0,36.8,34.5
8466,48.49,37.72,40.95,45.26,43.11,34.48,32.33
8467,45.0,35.0,38.0,42.0,40.0,32.0,30.0
8468,41.51,32.28,35.05,38.74,36.89,29.52,27.67
8469,38.25,29.75,32.3,35.7,34.0,27.2,25.5
8470,35.45,27.58,29.94,33.09,31.51,25.21,23.64
8471,33.31,25.91,28.13,31.09,29.61,23.69,22.21
8472,31.96,24.86,26.99,29.83,28.41,22.73,21.31
8473,31.5,24.5,26.6,29.4,28.0,22.4,21.0
8474,31.96,24.86,26.99,29.83,28.41,22.73,21.31
8475,33.31,25.91,28.13,31.09,29.61,23.69,22.21
8476,35.45,27.58,29.94,33.09,31.51,25.21,23.64
8477,38.25,29.75,32.3,35.7,34.0,27.2,25.5
8478,41.51,32.28,35.05,38.74,36.89,29.52,27.67
8479,45.0,35.0,38.0,42.0,40.0,32.0,30.0
8480,48.49,37.72,40.95,45.26,43.11,34.48,32.33
8481,51.75,40.25,43.7,48.3,46.0,36.8,34.5
8482,54.55,42.42,46.06,50.91,48.49,38.79,36.36
8483,56.69,44.09,47.87,52.91,50.39,40.31,37.79
8484,58.04,45.14,49.01,54.17,51.59,41.27,38.69
8485,58.5,45.5,49.4,54.6,52.0,41.6,39.0
8486,58.04,45.14,49.01,54.17,51.59,41.27,38.69
8487,56.69,44.09,47.87,52.91,50.39,40.31,37.79
8488,54.55,42.42,46.06,50.91,48.49,38.79,36.36
8489,51.75,40.25,43.7,48.3,46.0,36.8,34.5
8490,48.49,37.72,40.95,45.26,43.11,34.48,32.33
8491,45.0,35.0,38.0,42.0,40.0,32.0,30.0
8492,41.51,32.28,35.05,38.74,36.89,29.52,27.67
8493,38.25,29.75,32.3,35.7,34.0,27.2,25.5
8494,35.45,27.58,29.94,33.09,31.51,25.21,23.64
8495,33.31,25.91,28.13,31.09,29.61,23.69,22.21
8496,31.96,24.86,26.99,29.83,28.41,22.73,21.31
8497,31.5,24.5,26.6,29.4,28.0,22.4,21.0
8498,31.96,24.86,26.99,29.83,28.41,22.73,21.31
8499,33.31,25.91,28.13,31.09,29.61,23.69,22.21
8500,35.45,27.58,29.94,33.09,31.51,25.21,23.64
8501,38.25,29.75,32.3,35.7,34.0,27.2,25.5
8502,41.51,32.28,35.05,38.74,36.89,29.52,27.67
8503,45.0,35.0,38.0,42.0,40.0,32.0,30.0
8504,48.49,37.72,40.95,45.26,43.11,34.48,32.33
8505,51.75,40.25,43.7,48.3,46.0,36.8,34.5
8506,54.55,42.42,46.06,50.91,48.49,38.79,36.36
8507,56.69,44.09,47.87,52.91,50.39,40.31,37.79
8508,58.04,45.14,49.01,54.17,51.59,41.27,38.69
8509,58.5,45.5,49.4,54.6,52.0,41.6,39.0
8510,58.04,45.14,49.01,54.17,51.59,41.27,38.69
8511,56.69,44.09,47.87,52.91,50.39,40.31,37.79
8512,54.55,42.42,46.06,50.91,48.49,38.79,36.36
8513,51.75,40.25,43.7,48.3,46.0,36.8,34.5
8514,48.49,37.72,40.95,45.26,43.11,34.48,32.33
8515,45.0,35.0,38.0,42.0,40.0,32.0,30.0
8516,41.51,32.28,35.05,38.74,36.89,29.52,27.67
8517,38.25,29.75,32.3,35.7,34.0,27.2,25.5
8518,35.45,27.58,29.94,33.09,31.51,25.21,23.64
8519,33.31,25.91,28.13,31.09,29.61,23.69,22.21
8520,31.96,24.86,26.99,29.83,28.41,22.73,21.31
8521,31.5,24.5,26.6,29.4,28.0,22.4,21.0
8522,31.96,24.86,26.99,29.83,28.41,22.73,21.31
8523,33.31,25.91,28.13,31.09,29.61,23.69,22.21
8524,35.45,27.58,29.94,33.09,31.51,25.21,23.64
8525,38.25,29.75,32.3,35.7,34.0,27.2,25.5
8526,41.51,32.28,35.05,38.74,36.89,29.52,27.67
8527,45.0,35.0,38.0,42.0,40.0,32.0,30.0
8528,48.49,37.72,40.95,45.26,43.11,34.48,32.33
8529,51.75,40.25,43.7,48.3,46.0,36.8,34.5
8530,54.55,42.42,46.06,50.91,48.49,38.79,36.36
8531,56.69,44.09,47.87,52.91,50.39,40.31,37.79
8532,58.04,45.14,49.01,54.17,51.59,41.27,38.69
8533,58.5,45.5,49.4,54.6,52.0,41.6,39.0
8534,58.04,45.14,49.01,54.17,51.59,41.27,38.69
8535,56.69,44.09,47.87,52.91,50.39,40.31,37.79
8536,54.55,42.42,46.06,50.91,48.49,38.79,36.36
8537,51.75,40.25,43.7,48.3,46.0,36.8,34.5
8538,48.49,37.72,40.95,45.26,43.11,34.48,32.33
8539,45.0,35.0,38.0,42.0,40.0,32.0,30.0
8540,41.51,32.28,35.05,38.74,36.89,29.52,27.67
8541,38.25,29.75,32.3,35.7,34.0,27.2,25.5
8542,35.45,27.58,29.94,33.09,31.51,25.21,23.64
8543,33.31,25.91,28.13,31.09,29.61,23.69,22.21
8544,31.96,24.86,26.99,29.83,28.41,22.73,21.31
8545,31.5,24.5,26.6,29.4,28.0,22.4,21.0
8546,31.96,24.86,26.99,29.83,28.41,22.73,21.31
8547,33.31,25.91,28.13,31.09,29.61,23.69,22.21
8548,35.45,27.58,29.94,33.09,31.51,25.21,23.64
8549,38.25,29.75,32.3,35.7,34.0,27.2,25.5
8550,41.51,32.28,35.05,38.74,36.89,29.52,27.67
8551,45.0,35.0,38.0,42.0,40.0,32.0,30.0
8552,48.49,37.72,40.95,45.26,43.11,34.48,32.33
8553,51.75,40.25,43.7,48.3,46.0,36.8,34.5
8554,54.55,42.42,46.06,50.91,48.49,38.79,36.36
8555,56.69,44.09,47.87,52.91,50.39,40.31,37.79
8556,58.04,45.14,49.01,54.17,51.59,41.27,38.69
8557,58.5,45.5,49.4,54.6,52.0,41.6,39.0
8558,58.04,45.14,49.01,54.17,51.59,41.27,38.69
8559,56.69,44.09,47.87,52.91,50.39,40.31,37.79
8560,54.55,42.42,46.06,50.91,48.49,38.79,36.36
8561,51.75,40.25,43.7,48.3,46.0,36.8,34.5
8562,48.49,37.72,40.95,45.26,43.11,34.48,32.33
8563,45.0,35.0,38.0,42.0,40.0,32.0,30.0
8564,41.51,32.28,35.05,38.74,36.89,29.52,27.67
8565,38.25,29.75,32.3,35.7,34.0,27.2,25.5
8566,35.45,27.58,29.94,33.09,31.51,25.21,23.64
8567,33.31,25.91,28.13,31.09,29.61,23.69,22.21
8568,31.96,24.86,26.99,29.83,28.41,22.73,21.31
8569,31.5,24.5,26.6,29.4,28.0,22.4,21.0
8570,31.96,24.86,26.99,29.83,28.41,22.73,21.31
8571,33.31,25.91,28.13,31.09,29.61,23.69,22.21
8572,35.45,27.58,29.94,33.09,31.51,25.21,23.64
8573,38.25,29.75,32.3,35.7,34.0,27.2,25.5
8574,41.51,32.28,35.05,38.74,36.89,29.52,27.67
8575,45.0,35.0,38.0,42.0,40.0,32.0,30.0
8576,48.49,37.72,40.95,45.26,43.11,34.48,32.33
8577,51.75,40.25,43.7,48.3,46.0,36.8,34.5
8578,54.55,42.42,46.06,50.91,48.49,38.79,36.36
8579,56.69,44.09,47.87,52.91,50.39,40.31,37.79
8580,58.04,45.14,49.01,54.17,51.59,41.27,38.69
8581,58.5,45.5,49.4,54.6,52.0,41.6,39.0
8582,58.04,45.14,49.01,54.17,51.59,41.27,38.69
8583,56.69,44.09,47.87,52.91,50.39,40.31,37.79
8584,54.55,42.42,46.06,50.91,48.49,38.79,36.36
8585,51.75,40.25,43.7,48.3,46.0,36.8,34.5
8586,48.49,37.72,40.95,45.26,43.11,34.48,32.33
8587,45.0,35.0,38.0,42.0,40.0,32.0,30.0
8588,41.51,32.28,35.05,38.74,36.89,29.52,27.67
8589,38.25,29.75,32.3,35.7,34.0,27.2,25.5
8590,35.45,27.58,29.94,33.09,31.51,25.21,23.64
8591,33.31,25.91,28.13,31.09,29.61,23.69,22.21
8592,31.96,24.86,26.99,29.83,28.41,22.73,21.31
8593,31.5,24.5,26.6,29.4,28.0,22.4,21.0
8594,31.96,24.86,26.99,29.83,28.41,22.73,21.31
8595,33.31,25.91,28.13,31.09,29.61,23.69,22.21
8596,35.45,27.58,29.94,33.09,31.51,25.21,23.64
8597,38.25,29.75,32.3,35.7,34.0,27.2,25.5
8598,41.51,32.28,35.05,38.74,36.89,29.52,27.67
8599,45.0,35.0,38.0,42.0,40.0,32.0,30.0
8600,48.49,37.72,40.95,45.26,43.11,34.48,32.33
8601,51.75,40.25,43.7,48.3,46.0,36.8,34.5
8602,54.55,42.42,46.06,50.91,48.49,38.79,36.36
8603,56.69,44.09,47.87,52.91,50.39,40.31,37.79
8604,58.04,45.14,49.01,54.17,51.59,41.27,38.69
8605,58.5,45.5,49.4,54.6,52.0,41.6,39.0
8606,58.04,45.14,49.01,54.17,51.59,41.27,38.69
8607,56.69,44.09,47.87,52.91,50.39,40.31,37.79
8608,54.55,42.42,46.06,50.91,48.49,38.79,36.36
8609,51.75,40.25,43.7,48.3,46.0,36.8,34.5
8610,48.49,37.72,40.95,45.26,43.11,34.48,32.33
8611,45.0,35.0,38.0,42.0,40.0,32.0,30.0
8612,41.51,32.28,35.05,38.74,36.89,29.52,27.67
8613,38.25,29.75,32.3,35.7,34.0,27.2,25.5
8614,35.45,27.58,29.94,33.09,31.51,25.21,23.64
8615,33.31,25.91,28.13,31.09,29.61,23.69,22.21
8616,31.96,24.86,26.99,29.83,28.41,22.73,21.31
8617,31.5,24.5,26.6,29.4,28.0,22.4,21.0
8618,31.96,24.86,26.99,29.83,28.41,22.73,21.31
8619,33.31,25.91,28.13,31.09,29.61,23.69,22.21
8620,35.45,27.58,29.94,33.09,31.51,25.21,23.64
8621,38.25,29.75,32.3,35.7,34.0,27.2,25.5
8622,41.51,32.28,35.05,38.74,36.89,29.52,27.67
8623,45.0,35.0,38.0,42.0,40.0,32.0,30.0
8624,48.49,37.72,40.95,45.26,43.11,34.48,32.33
8625,51.75,40.25,43.7,48.3,46.0,36.8,34.5
8626,54.55,42.42,46.06,50.91,48.49,38.79,36.36
8627,56.69,44.09,47.87,52.91,50.39,40.31,37.79
8628,58.04,45.14,49.01,54.17,51.59,41.27,38.69
8629,58.5,45.5,49.4,54.6,52.0,41.6,39.0
8630,58.04,45.14,49.01,54.17,51.59,41.27,38.69
8631,56.69,44.09,47.87,52.91,50.39,40.31,37.79
8632,54.55,42.42,46.06,50.91,48.49,38.79,36.36
8633,51.75,40.25,43.7,48.3,46.0,36.8,34.5
8634,48.49,37.72,40.95,45.26,43.11,34.48,32.33
8635,45.0,35.0,38.0,42.0,40.0,32.0,30.0
8636,41.51,32.28,35.05,38.74,36.89,29.52,27.67
8637,38.25,29.75,32.3,35.7,34.0,27.2,25.5
8638,35.45,27.58,29.94,33.09,31.51,25.21,23.64
8639,33.31,25.91,28.13,31.09,29.61,23.69,22.21
8640,31.96,24.86,26.99,29.83,28.41,22.73,21.31
8641,31.5,24.5,26.6,29.4,28.0,22.4,21.0
8642,31.96,24.86,26.99,29.83,28.41,22.73,21.31
8643,33.31,25.91,28.13,31.09,29.61,23.69,22.21
8644,35.45,27.58,29.94,33.09,31.51,25.21,23.64
8645,38.25,29.75,32.3,35.7,34.0,27.2,25.5
8646,41.51,32.28,35.05,38.74,36.89,29.52,27.67
8647,45.0,35.0,38.0,42.0,40.0,32.0,30.0
8648,48.49,37.72,40.95,45.26,43.11,34.48,32.33
8649,51.75,40.25,43.7,48.3,46.0,36.8,34.5
8650,54.55,42.42,46.06,50.91,48.49,38.79,36.36
8651,56.69,44.09,47.87,52.91,50.39,40.31,37.79
8652,58.04,45.14,49.01,54.17,51.59,41.27,38.69
8653,58.5,45.5,49.4,54.6,52.0,41.6,39.0
8654,58.04,45.14,49.01,54.17,51.59,41.27,38.69
8655,56.69,44.09,47.87,52.91,50.39,40.31,37.79
8656,54.55,42.42,46.06,50.91,48.49,38.79,36.36
8657,51.75,40.25,43.7,48.3,46.0,36.8,34.5
8658,48.49,37.72,40.95,45.26,43.11,34.48,32.33
8659,45.0,35.0,38.0,42.0,40.0,32.0,30.0
8660,41.51,32.28,35.05,38.74,36.89,29.52,27.67
8661,38.25,29.75,32.3,35.7,34.0,27.2,25.5
8662,35.45,27.58,29.94,33.09,31.51,25.21,23.64
8663,33.31,25.91,28.13,31.09,29.61,23.69,22.21
8664,31.96,24.86,26.99,29.83,28.41,22.73,21.31
8665,31.5,24.5,26.6,29.4,28.0,22.4,21.0
8666,31.96,24.86,26.99,29.83,28.41,22.73,21.31
8667,33.31,25.91,28.13,31.09,29.61,23.69,22.21
8668,35.45,27.58,29.94,33.09,31.51,25.21,23.64
8669,38.25,29.75,32.3,35.7,34.0,27.2,25.5
8670,41.51,32.28,35.05,38.74,36.89,29.52,27.67
8671,45.0,35.0,38.0,42.0,40.0,32.0,30.0
8672,48.49,37.72,40.95,45.26,43.11,34.48,32.33
8673,51.75,40.25,43.7,48.3,46.0,36.8,34.5
8674,54.55,42.42,46.06,50.91,48.49,38.79,36.36
8675,56.69,44.09,47.87,52.91,50.39,40.31,37.79
8676,58.04,45.14,49.01,54.17,51.59,41.27,38.69
8677,58.5,45.5,49.4,54.6,52.0,41.6,39.0
8678,58.04,45.14,49.01,54.17,51.59,41.27,38.69
8679,56.69,44.09,47.87,52.91,50.39,40.31,37.79
8680,54.55,42.42,46.06,50.91,48.49,38.79,36.36
8681,51.75,40.25,43.7,48.3,46.0,36.8,34.5
8682,48.49,37.72,40.95,45.26,43.11,34.48,32.33
8683,45.0,35.0,38.0,42.0,40.0,32.0,30.0
8684,41.51,32.28,35.05,38.74,36.89,29.52,27.67
8685,38.25,29.75,32.3,35.7,34.0,27.2,25.5
8686,35.45,27.58,29.94,33.09,31.51,25.21,23.64
8687,33.31,25.91,28.13,31.09,29.61,23.69,22.21
8688,31.96,24.86,26.99,29.83,28.41,22.73,21.31
8689,31.5,24.5,26.6,29.4,28.0,22.4,21.0
8690,31.96,24.86,26.99,29.83,28.41,22.73,21.31
8691,33.31,25.91,28.13,31.09,29.61,23.69,22.21
8692,35.45,27.58,29.94,33.09,31.51,25.21,23.64
8693,38.25,29.75,32.3,35.7,34.0,27.2,25.5
8694,41.51,32.28,35.05,38.74,36.89,29.52,27.67
8695,45.0,35.0,38.0,42.0,40.0,32.0,30.0
8696,48.49,37.72,40.95,45.26,43.11,34.48,32.33
8697,51.75,40.25,43.7,48.3,46.0,36.8,34.5
8698,54.55,42.42,46.06,50.91,48.49,38.79,36.36
8699,56.69,44.09,47.87,52.91,50.39,40.31,37.79
8700,58.04,45.14,49.01,54.17,51.59,41.27,38.69
8701,58.5,45.5,49.4,54.6,52.0,41.6,39.0
8702,58.04,45.14,49.01,54.17,51.59,41.27,38.69
8703,56.69,44.09,47.87,52.91,50.39,40.31,37.79
8704,54.55,42.42,46.06,50.91,48.49,38.79,36.36
8705,51.75,40.25,43.7,48.3,46.0,36.8,34.5
8706,48.49,37.72,40.95,45.26,43.11,34.48,32.33
8707,45.0,35.0,38.0,42.0,40.0,32.0,30.0
8708,41.51,32.28,35.05,38.74,36.89,29.52,27.67
8709,38.25,29.75,32.3,35.7,34.0,27.2,25.5
8710,35.45,27.58,29.94,33.09,31.51,25.21,23.64
8711,33.31,25.91,28.13,31.09,29.61,23.69,22.21
8712,31.96,24.86,26.99,29.83,28.41,22.73,21.31
8713,31.5,24.5,26.6,29.4,28.0,22.4,21.0
8714,31.96,24.86,26.99,29.83,28.41,22.73,21.31
8715,33.31,25.91,28.13,31.09,29.61,23.69,22.21
8716,35.45,27.58,29.94,33.09,31.51,25.21,23.64
8717,38.25,29.75,32.3,35.7,34.0,27.2,25.5
8718,41.51,32.28,35.05,38.74,36.89,29.52,27.67
8719,45.0,35.0,38.0,42.0,40.0,32.0,30.0
8720,48.49,37.72,40.95,45.26,43.11,34.48,32.33
8721,51.75,40.25,43.7,48.3,46.0,36.8,34.5
8722,54.55,42.42,46.06,50.91,48.49,38.79,36.36
8723,56.69,44.09,47.87,52.91,50.39,40.31,37.79
8724,58.04,45.14,49.01,54.17,51.59,41.27,38.69
8725,58.5,45.5,49.4,54.6,52.0,41.6,39.0
8726,58.04,45.14,49.01,54.17,51.59,41.27,38.69
8727,56.69,44.09,47.87,52.91,50.39,40.31,37.79
8728,54.55,42.42,46.06,50.91,48.49,38.79,36.36
8729,51.75,40.25,43.7,48.3,46.0,36.8,34.5
8730,48.49,37.72,40.95,45.26,43.11,34.48,32.33
8731,45.0,35.0,38.0,42.0,40.0,32.0,30.0
8732,41.51,32.28,35.05,38.74,36.89,29.52,27.67
8733,38.25,29.75,32.3,35.7,34.0,27.2,25.5
8734,35.45,27.58,29.94,33.09,31.51,25.21,23.64
8735,33.31,25.91,28.13,31.09,29.61,23.69,22.21
8736,31.96,24.86,26.99,29.83,28.41,22.73,21.31
8737,31.5,24.5,26.6,29.4,28.0,22.4,21.0
8738,31.96,24.86,26.99,29.83,28.41,22.73,21.31
8739,33.31,25.91,28.13,31.09,29.61,23.69,22.21
8740,35.45,27.58,29.94,33.09,31.51,25.21,23.64
8741,38.25,29.75,32.3,35.7,34.0,27.2,25.5
8742,41.51,32.28,35.05,38.74,36.89,29.52,27.67
8743,45.0,35.0,38.0,42.0,40.0,32.0,30.0
8744,48.49,37.72,40.95,45.26,43.11,34.48,32.33
8745,51.75,40.25,43.7,48.3,46.0,36.8,34.5
8746,54.55,42.42,46.06,50.91,48.49,38.79,36.36
8747,56.69,44.09,47.87,52.91,50.39,40.31,37.79
8748,58.04,45.14,49.01,54.17,51.59,41.27,38.69
8749,58.5,45.5,49.4,54.6,52.0,41.6,39.0
8750,58.04,45.14,49.01,54.17,51.59,41.27,38.69
8751,56.69,44.09,47.87,52.91,50.39,40.31,37.79
8752,54.55,42.42,46.06,50.91,48.49,38.79,36.36
8753,51.75,40.25,43.7,48.3,46.0,36.8,34.5
8754,48.49,37.72,40.95,45.26,43.11,34.48,32.33
8755,45.0,35.0,38.0,42.0,40.0,32.0,30.0
8756,41.51,32.28,35.05,38.74,36.89,29.52,27.67
8757,38.25,29.75,32.3,35.7,34.0,27.2,25.5
8758,35.45,27.58,29.94,33.09,31.51,25.21,23.64
8759,33.31,25.91,28.13,31.09,29.61,23.69,22.21
8760,31.96,24.86,26.99,29.83,28.41,22.73,21.31
