iso,threshold,clean_firm,solar,wind,hydro,procurement_pct,battery_dispatch_pct,battery8_dispatch_pct,ldes_dispatch_pct,hourly_match_score,pareto_type
ERCOT,92.5,0,0,100,0,147,0.0,0.0,0.0,93.1,
ERCOT,92.5,0,5,95,0,132,0.0,0.0,0.0,92.88,
ERCOT,92.5,0,10,90,0,127,0.0,0.0,0.0,93.44,
ERCOT,92.5,0,15,85,0,122,0.0,0.0,0.0,93.29,
ERCOT,92.5,0,20,80,0,122,0.0,0.0,0.0,93.54,
ERCOT,92.5,0,25,75,0,122,0.0,0.0,0.0,92.95,
ERCOT,92.5,0,30,70,0,127,0.0,0.0,0.0,92.68,
ERCOT,92.5,0,35,65,0,137,0.0,0.0,0.0,92.91,
ERCOT,92.5,0,40,60,0,147,0.0,0.0,0.0,92.82,
ERCOT,92.5,0,45,55,0,162,0.0,0.0,0.0,93.14,
ERCOT,92.5,0,50,50,0,177,0.0,0.0,0.0,93.07,
ERCOT,92.5,0,55,45,0,192,0.0,0.0,0.0,92.59,
ERCOT,92.5,0,60,40,0,217,0.0,0.0,0.0,92.78,
ERCOT,92.5,0,65,35,0,247,0.0,0.0,0.0,92.77,
ERCOT,92.5,5,0,95,0,142,0.0,0.0,0.0,92.93,
ERCOT,92.5,5,5,90,0,132,0.0,0.0,0.0,93.36,
ERCOT,92.5,5,10,85,0,122,0.0,0.0,0.0,92.81,
ERCOT,92.5,5,15,80,0,122,0.0,0.0,0.0,93.71,
ERCOT,92.5,5,20,75,0,117,0.0,0.0,0.0,92.64,
ERCOT,92.5,5,25,70,0,122,0.0,0.0,0.0,93.17,
ERCOT,92.5,5,30,65,0,127,0.0,0.0,0.0,92.84,
ERCOT,92.5,5,35,60,0,137,0.0,0.0,0.0,93.07,
ERCOT,92.5,5,40,55,0,147,0.0,0.0,0.0,92.98,
ERCOT,92.5,5,45,50,0,157,0.0,0.0,0.0,92.56,
ERCOT,92.5,5,50,45,0,172,0.0,0.0,0.0,92.55,
ERCOT,92.5,5,55,40,0,192,0.0,0.0,0.0,92.76,
ERCOT,92.5,5,60,35,0,217,0.0,0.0,0.0,92.98,
ERCOT,92.5,5,65,30,0,247,0.0,0.0,0.0,92.98,
ERCOT,92.5,10,0,90,0,137,0.0,0.0,0.0,92.69,
ERCOT,92.5,10,5,85,0,127,0.0,0.0,0.0,92.91,
ERCOT,92.5,10,10,80,0,122,0.0,0.0,0.0,93.26,
ERCOT,92.5,10,15,75,0,117,0.0,0.0,0.0,92.83,
ERCOT,92.5,10,20,70,0,117,0.0,0.0,0.0,92.95,
ERCOT,92.5,10,25,65,0,122,0.0,0.0,0.0,93.38,
ERCOT,92.5,10,30,60,0,127,0.0,0.0,0.0,92.98,
ERCOT,92.5,10,35,55,0,137,0.0,0.0,0.0,93.22,
ERCOT,92.5,10,40,50,0,147,0.0,0.0,0.0,93.12,
ERCOT,92.5,10,45,45,0,157,0.0,0.0,0.0,92.68,
ERCOT,92.5,10,50,40,0,172,0.0,0.0,0.0,92.67,
ERCOT,92.5,10,55,35,0,192,0.0,0.0,0.0,92.9,
ERCOT,92.5,10,60,30,0,217,0.0,0.0,0.0,93.12,
ERCOT,92.5,10,65,25,0,242,0.0,0.0,0.0,92.55,
ERCOT,92.5,15,0,85,0,137,0.0,0.0,0.0,93.15,
ERCOT,92.5,15,5,80,0,127,0.0,0.0,0.0,93.37,
ERCOT,92.5,15,10,75,0,122,0.0,0.0,0.0,93.7,
ERCOT,92.5,15,15,70,0,117,0.0,0.0,0.0,93.22,
ERCOT,92.5,15,20,65,0,117,0.0,0.0,0.0,93.25,
ERCOT,92.5,15,25,60,0,122,0.0,0.0,0.0,93.56,
ERCOT,92.5,15,30,55,0,127,0.0,0.0,0.0,93.11,
ERCOT,92.5,15,35,50,0,137,0.0,0.0,0.0,93.35,
ERCOT,92.5,15,40,45,0,147,0.0,0.0,0.0,93.24,
ERCOT,92.5,15,45,40,0,157,0.0,0.0,0.0,92.77,
ERCOT,92.5,15,50,35,0,172,0.0,0.0,0.0,92.75,
ERCOT,92.5,15,55,30,0,192,0.0,0.0,0.0,92.98,
ERCOT,92.5,15,60,25,0,212,0.0,0.0,0.0,92.51,
ERCOT,92.5,15,65,20,0,242,0.0,0.0,0.0,92.53,
ERCOT,92.5,20,0,80,0,132,0.0,0.0,0.0,92.82,
ERCOT,92.5,20,5,75,0,122,0.0,0.0,0.0,92.77,
ERCOT,92.5,20,10,70,0,117,0.0,0.0,0.0,92.87,
ERCOT,92.5,20,15,65,0,117,0.0,0.0,0.0,93.6,
ERCOT,92.5,20,20,60,0,117,0.0,0.0,0.0,93.52,
ERCOT,92.5,20,25,55,0,122,0.0,0.0,0.0,93.72,
ERCOT,92.5,20,30,50,0,127,0.0,0.0,0.0,93.22,
ERCOT,92.5,20,35,45,0,137,0.0,0.0,0.0,93.46,
ERCOT,92.5,20,40,40,0,147,0.0,0.0,0.0,93.33,
ERCOT,92.5,20,45,35,0,157,0.0,0.0,0.0,92.82,
ERCOT,92.5,20,50,30,0,172,0.0,0.0,0.0,92.78,
ERCOT,92.5,20,55,25,0,192,0.0,0.0,0.0,92.99,
ERCOT,92.5,20,60,20,0,217,0.0,0.0,0.0,93.19,
ERCOT,92.5,20,65,15,0,247,0.0,0.0,0.0,93.06,
ERCOT,92.5,25,0,75,0,132,0.0,0.0,0.0,93.26,
ERCOT,92.5,25,5,70,0,122,0.0,0.0,0.0,93.21,
ERCOT,92.5,25,10,65,0,117,0.0,0.0,0.0,93.29,
ERCOT,92.5,25,15,60,0,117,0.0,0.0,0.0,93.95,
ERCOT,92.5,25,20,55,0,117,0.0,0.0,0.0,93.77,
ERCOT,92.5,25,25,50,0,117,0.0,0.0,0.0,92.6,
ERCOT,92.5,25,30,45,0,127,0.0,0.0,0.0,93.3,
ERCOT,92.5,25,35,40,0,137,0.0,0.0,0.0,93.53,
ERCOT,92.5,25,40,35,0,147,0.0,0.0,0.0,93.38,
ERCOT,92.5,25,45,30,0,157,0.0,0.0,0.0,92.82,
ERCOT,92.5,25,50,25,0,172,0.0,0.0,0.0,92.74,
ERCOT,92.5,25,55,20,0,192,0.0,0.0,0.0,92.92,
ERCOT,92.5,25,60,15,0,217,0.0,0.0,0.0,93.04,
ERCOT,92.5,25,65,10,0,247,0.0,0.0,0.0,92.75,
ERCOT,92.5,30,0,70,0,127,0.0,0.0,0.0,92.81,
ERCOT,92.5,30,5,65,0,122,0.0,0.0,0.0,93.64,
ERCOT,92.5,30,10,60,0,117,0.0,0.0,0.0,93.69,
ERCOT,92.5,30,15,55,0,112,0.0,0.0,0.0,92.75,
ERCOT,92.5,30,20,50,0,117,0.0,0.0,0.0,93.99,
ERCOT,92.5,30,25,45,0,117,0.0,0.0,0.0,92.67,
ERCOT,92.5,30,30,40,0,127,0.0,0.0,0.0,93.36,
ERCOT,92.5,30,35,35,0,137,0.0,0.0,0.0,93.58,
ERCOT,92.5,30,40,30,0,147,0.0,0.0,0.0,93.39,
ERCOT,92.5,30,45,25,0,157,0.0,0.0,0.0,92.76,
ERCOT,92.5,30,50,20,0,172,0.0,0.0,0.0,92.62,
ERCOT,92.5,30,55,15,0,192,0.0,0.0,0.0,92.72,
ERCOT,92.5,30,60,10,0,217,0.0,0.0,0.0,92.71,
ERCOT,92.5,30,65,5,0,250,0.0,0.0,0.0,92.65,
ERCOT,92.5,35,0,65,0,127,0.0,0.0,0.0,93.22,
ERCOT,92.5,35,5,60,0,117,0.0,0.0,0.0,92.84,
ERCOT,92.5,35,10,55,0,112,0.0,0.0,0.0,92.58,
ERCOT,92.5,35,15,50,0,112,0.0,0.0,0.0,93.05,
ERCOT,92.5,35,20,45,0,112,0.0,0.0,0.0,92.63,
ERCOT,92.5,35,25,40,0,117,0.0,0.0,0.0,92.71,
ERCOT,92.5,35,30,35,0,127,0.0,0.0,0.0,93.39,
ERCOT,92.5,35,35,30,0,137,0.0,0.0,0.0,93.59,
ERCOT,92.5,35,40,25,0,147,0.0,0.0,0.0,93.35,
ERCOT,92.5,35,45,20,0,157,0.0,0.0,0.0,92.62,
ERCOT,92.5,35,50,15,0,177,0.0,0.0,0.0,93.43,
ERCOT,92.5,35,55,10,0,197,0.0,0.0,0.0,93.34,
ERCOT,92.5,35,60,5,0,222,0.0,0.0,0.0,93.07,
ERCOT,92.5,40,0,60,0,122,0.0,0.0,0.0,92.64,
ERCOT,92.5,40,5,55,0,117,0.0,0.0,0.0,93.24,
ERCOT,92.5,40,10,50,0,112,0.0,0.0,0.0,92.93,
ERCOT,92.5,40,15,45,0,112,0.0,0.0,0.0,93.33,
ERCOT,92.5,40,20,40,0,112,0.0,0.0,0.0,92.76,
ERCOT,92.5,40,25,35,0,117,0.0,0.0,0.0,92.71,
ERCOT,92.5,40,30,30,0,127,0.0,0.0,0.0,93.38,
ERCOT,92.5,40,35,25,0,137,0.0,0.0,0.0,93.54,
ERCOT,92.5,40,40,20,0,147,0.0,0.0,0.0,93.23,
ERCOT,92.5,40,45,15,0,162,0.0,0.0,0.0,93.54,
ERCOT,92.5,40,50,10,0,177,0.0,0.0,0.0,93.14,
ERCOT,92.5,40,55,5,0,197,0.0,0.0,0.0,92.87,
ERCOT,92.5,40,60,0,0,227,0.0,0.0,0.0,93.23,
ERCOT,92.5,45,0,55,0,122,0.0,0.0,0.0,93.03,
ERCOT,92.5,45,5,50,0,117,0.0,0.0,0.0,93.62,
ERCOT,92.5,45,10,45,0,112,0.0,0.0,0.0,93.27,
ERCOT,92.5,45,15,40,0,112,0.0,0.0,0.0,93.58,
ERCOT,92.5,45,20,35,0,112,0.0,0.0,0.0,92.85,
ERCOT,92.5,45,25,30,0,117,0.0,0.0,0.0,92.66,
ERCOT,92.5,45,30,25,0,127,0.0,0.0,0.0,93.31,
ERCOT,92.5,45,35,20,0,137,0.0,0.0,0.0,93.43,
ERCOT,92.5,45,40,15,0,147,0.0,0.0,0.0,93.03,
ERCOT,92.5,45,45,10,0,162,0.0,0.0,0.0,93.26,
ERCOT,92.5,45,50,5,0,177,0.0,0.0,0.0,92.68,
ERCOT,92.5,45,55,0,0,202,0.0,0.0,0.0,93.21,
ERCOT,92.5,50,0,50,0,122,0.0,0.0,0.0,93.4,
ERCOT,92.5,50,5,45,0,112,0.0,0.0,0.0,92.56,
ERCOT,92.5,50,10,40,0,112,0.0,0.0,0.0,93.59,
ERCOT,92.5,50,15,35,0,112,0.0,0.0,0.0,93.8,
ERCOT,92.5,50,20,30,0,112,0.0,0.0,0.0,92.89,
ERCOT,92.5,50,25,25,0,117,0.0,0.0,0.0,92.56,
ERCOT,92.5,50,30,20,0,127,0.0,0.0,0.0,93.18,
ERCOT,92.5,50,35,15,0,137,0.0,0.0,0.0,93.25,
ERCOT,92.5,50,40,10,0,147,0.0,0.0,0.0,92.73,
ERCOT,92.5,50,45,5,0,162,0.0,0.0,0.0,92.84,
ERCOT,92.5,50,50,0,0,182,0.0,0.0,0.0,93.2,
ERCOT,92.5,55,0,45,0,117,0.0,0.0,0.0,92.63,
ERCOT,92.5,55,5,40,0,112,0.0,0.0,0.0,92.9,
ERCOT,92.5,55,10,35,0,112,0.0,0.0,0.0,93.88,
ERCOT,92.5,55,15,30,0,112,0.0,0.0,0.0,93.97,
ERCOT,92.5,55,20,25,0,112,0.0,0.0,0.0,92.86,
ERCOT,92.5,55,25,20,0,122,0.0,0.0,0.0,93.99,
ERCOT,92.5,55,30,15,0,127,0.0,0.0,0.0,92.98,
ERCOT,92.5,55,35,10,0,137,0.0,0.0,0.0,92.96,
ERCOT,92.5,55,40,5,0,152,0.0,0.0,0.0,93.66,
ERCOT,92.5,55,45,0,0,167,0.0,0.0,0.0,93.52,
ERCOT,92.5,60,0,40,0,117,0.0,0.0,0.0,92.97,
ERCOT,92.5,60,5,35,0,112,0.0,0.0,0.0,93.22,
ERCOT,92.5,60,10,30,0,112,0.0,0.0,0.0,94.14,
ERCOT,92.5,60,15,25,0,112,0.0,0.0,0.0,94.1,
ERCOT,92.5,60,20,20,0,112,0.0,0.0,0.0,92.77,
ERCOT,92.5,60,25,15,0,122,0.0,0.0,0.0,93.84,
ERCOT,92.5,60,30,10,0,127,0.0,0.0,0.0,92.7,
ERCOT,92.5,60,35,5,0,137,0.0,0.0,0.0,92.57,
ERCOT,92.5,60,40,0,0,152,0.0,0.0,0.0,93.16,
ERCOT,92.5,65,0,35,0,117,0.0,0.0,0.0,93.29,
ERCOT,92.5,65,5,30,0,112,0.0,0.0,0.0,93.51,
ERCOT,92.5,65,10,25,0,112,0.0,0.0,0.0,94.37,
ERCOT,92.5,65,15,20,0,112,0.0,0.0,0.0,94.17,
ERCOT,92.5,65,20,15,0,112,0.0,0.0,0.0,92.61,
ERCOT,92.5,65,25,10,0,122,0.0,0.0,0.0,93.62,
ERCOT,92.5,65,30,5,0,132,0.0,0.0,0.0,93.92,
ERCOT,92.5,65,35,0,0,142,0.0,0.0,0.0,93.57,
ERCOT,92.5,70,0,30,0,117,0.0,0.0,0.0,93.59,
ERCOT,92.5,70,5,25,0,112,0.0,0.0,0.0,93.78,
ERCOT,92.5,70,10,20,0,107,0.0,0.0,0.0,92.56,
ERCOT,92.5,70,15,15,0,112,0.0,0.0,0.0,94.17,
ERCOT,92.5,70,20,10,0,117,0.0,0.0,0.0,94.21,
ERCOT,92.5,70,25,5,0,122,0.0,0.0,0.0,93.31,
ERCOT,92.5,70,30,0,0,132,0.0,0.0,0.0,93.5,
ERCOT,92.5,75,0,25,0,112,0.0,0.0,0.0,92.54,
ERCOT,92.5,75,5,20,0,112,0.0,0.0,0.0,94.01,
ERCOT,92.5,75,10,15,0,107,0.0,0.0,0.0,92.65,
ERCOT,92.5,75,15,10,0,112,0.0,0.0,0.0,94.1,
ERCOT,92.5,75,20,5,0,117,0.0,0.0,0.0,93.96,
ERCOT,92.5,75,25,0,0,122,0.0,0.0,0.0,92.89,
ERCOT,92.5,80,0,20,0,112,0.0,0.0,0.0,92.77,
ERCOT,92.5,80,5,15,0,112,0.0,0.0,0.0,94.2,
ERCOT,92.5,80,10,10,0,107,0.0,0.0,0.0,92.67,
ERCOT,92.5,80,15,5,0,112,0.0,0.0,0.0,93.95,
ERCOT,92.5,80,20,0,0,117,0.0,0.0,0.0,93.61,
ERCOT,92.5,85,0,15,0,112,0.0,0.0,0.0,92.97,
ERCOT,92.5,85,5,10,0,112,0.0,0.0,0.0,94.34,
ERCOT,92.5,85,10,5,0,107,0.0,0.0,0.0,92.62,
ERCOT,92.5,85,15,0,0,112,0.0,0.0,0.0,93.69,
ERCOT,92.5,90,0,10,0,112,0.0,0.0,0.0,93.12,
ERCOT,92.5,90,5,5,0,112,0.0,0.0,0.0,94.42,
ERCOT,92.5,90,10,0,0,112,0.0,0.0,0.0,94.63,
ERCOT,92.5,95,0,5,0,112,0.0,0.0,0.0,93.22,
ERCOT,92.5,95,5,0,0,112,0.0,0.0,0.0,94.43,
ERCOT,92.5,100,0,0,0,112,0.0,0.0,0.0,93.26,
ERCOT,92.5,0,70,30,0,227,0.0,0.0,0.5,93.09,
ERCOT,92.5,0,70,30,0,187,0.0,0.0,1.0,92.53,
ERCOT,92.5,0,70,30,0,162,0.0,0.0,1.5,93.27,
ERCOT,92.5,0,70,30,0,142,0.0,0.0,2.0,92.89,
ERCOT,92.5,0,70,30,0,137,0.0,0.0,2.5,92.95,
ERCOT,92.5,0,70,30,0,122,0.0,0.25,0.0,93.61,
ERCOT,92.5,0,70,30,0,117,0.0,0.25,0.5,92.56,
ERCOT,92.5,0,70,30,0,117,0.0,0.25,1.0,92.84,
ERCOT,92.5,0,70,30,0,117,0.0,0.5,0.0,92.66,
ERCOT,92.5,0,70,30,0,117,0.0,0.5,0.5,92.66,
ERCOT,92.5,0,70,30,0,117,0.0,0.75,0.0,92.66,
ERCOT,92.5,0,70,30,0,117,0.0,0.75,0.5,92.66,
ERCOT,92.5,0,70,30,0,117,0.0,1.0,0.0,92.66,
ERCOT,92.5,0,70,30,0,117,0.0,1.0,0.5,92.66,
ERCOT,92.5,0,70,30,0,117,0.25,0.0,0.0,92.52,
ERCOT,92.5,0,70,30,0,117,0.25,0.0,0.5,92.52,
ERCOT,92.5,0,70,30,0,117,0.25,0.25,0.0,92.52,
ERCOT,92.5,0,70,30,0,117,0.25,0.25,0.5,92.52,
ERCOT,92.5,0,70,30,0,117,0.25,0.5,0.0,92.52,
ERCOT,92.5,0,70,30,0,117,0.25,0.5,0.5,92.52,
ERCOT,92.5,0,70,30,0,117,0.25,0.75,0.0,92.52,
ERCOT,92.5,0,70,30,0,117,0.25,0.75,0.5,92.52,
ERCOT,92.5,0,70,30,0,117,0.25,1.0,0.0,92.52,
ERCOT,92.5,0,70,30,0,117,0.25,1.0,0.5,92.52,
ERCOT,92.5,0,70,30,0,117,0.5,0.0,0.0,92.52,
ERCOT,92.5,0,70,30,0,117,0.5,0.0,0.5,92.52,
ERCOT,92.5,0,70,30,0,117,0.5,0.25,0.0,92.52,
ERCOT,92.5,0,70,30,0,117,0.5,0.25,0.5,92.52,
ERCOT,92.5,0,70,30,0,117,0.5,0.5,0.0,92.52,
ERCOT,92.5,0,70,30,0,117,0.5,0.5,0.5,92.52,
ERCOT,92.5,0,70,30,0,117,0.5,0.75,0.0,92.52,
ERCOT,92.5,0,70,30,0,117,0.5,0.75,0.5,92.52,
ERCOT,92.5,0,70,30,0,117,0.5,1.0,0.0,92.52,
ERCOT,92.5,0,70,30,0,117,0.5,1.0,0.5,92.52,
ERCOT,92.5,0,75,25,0,222,0.0,0.0,1.0,92.58,
ERCOT,92.5,0,75,25,0,187,0.0,0.0,1.5,92.95,
ERCOT,92.5,0,75,25,0,157,0.0,0.0,2.0,92.69,
ERCOT,92.5,0,75,25,0,147,0.0,0.0,2.5,93.38,
ERCOT,92.5,0,75,25,0,127,0.0,0.25,0.0,92.78,
ERCOT,92.5,0,75,25,0,122,0.0,0.25,0.5,92.53,
ERCOT,92.5,0,75,25,0,122,0.0,0.25,1.0,93.35,
ERCOT,92.5,0,75,25,0,122,0.0,0.5,0.0,93.24,
ERCOT,92.5,0,75,25,0,122,0.0,0.5,0.5,93.24,
ERCOT,92.5,0,75,25,0,122,0.0,0.75,0.0,93.24,
ERCOT,92.5,0,75,25,0,122,0.0,0.75,0.5,93.24,
ERCOT,92.5,0,75,25,0,122,0.0,1.0,0.0,93.24,
ERCOT,92.5,0,75,25,0,122,0.0,1.0,0.5,93.24,
ERCOT,92.5,0,75,25,0,122,0.25,0.0,0.0,93.16,
ERCOT,92.5,0,75,25,0,122,0.25,0.0,0.5,93.16,
ERCOT,92.5,0,75,25,0,122,0.25,0.25,0.0,93.16,
ERCOT,92.5,0,75,25,0,122,0.25,0.25,0.5,93.16,
ERCOT,92.5,0,75,25,0,122,0.25,0.5,0.0,93.16,
ERCOT,92.5,0,75,25,0,122,0.25,0.5,0.5,93.16,
ERCOT,92.5,0,75,25,0,122,0.25,0.75,0.0,93.16,
ERCOT,92.5,0,75,25,0,122,0.25,0.75,0.5,93.16,
ERCOT,92.5,0,75,25,0,122,0.25,1.0,0.0,93.16,
ERCOT,92.5,0,75,25,0,122,0.25,1.0,0.5,93.16,
ERCOT,92.5,0,75,25,0,122,0.5,0.0,0.0,93.16,
ERCOT,92.5,0,75,25,0,122,0.5,0.0,0.5,93.16,
ERCOT,92.5,0,75,25,0,122,0.5,0.25,0.0,93.16,
ERCOT,92.5,0,75,25,0,122,0.5,0.25,0.5,93.16,
ERCOT,92.5,0,75,25,0,122,0.5,0.5,0.0,93.16,
ERCOT,92.5,0,75,25,0,122,0.5,0.5,0.5,93.16,
ERCOT,92.5,0,75,25,0,122,0.5,0.75,0.0,93.16,
ERCOT,92.5,0,75,25,0,122,0.5,0.75,0.5,93.16,
ERCOT,92.5,0,75,25,0,122,0.5,1.0,0.0,93.16,
ERCOT,92.5,0,75,25,0,122,0.5,1.0,0.5,93.16,
ERCOT,92.5,0,80,20,0,227,0.0,0.0,1.5,92.87,
ERCOT,92.5,0,80,20,0,187,0.0,0.0,2.0,93.05,
ERCOT,92.5,0,80,20,0,162,0.0,0.0,2.5,93.22,
ERCOT,92.5,0,80,20,0,142,0.0,0.25,0.0,93.5,
ERCOT,92.5,0,80,20,0,132,0.0,0.25,0.5,92.9,
ERCOT,92.5,0,80,20,0,127,0.0,0.25,1.0,92.91,
ERCOT,92.5,0,80,20,0,127,0.0,0.25,1.5,93.88,
ERCOT,92.5,0,80,20,0,127,0.0,0.5,0.0,93.41,
ERCOT,92.5,0,80,20,0,127,0.0,0.5,0.5,93.41,
ERCOT,92.5,0,80,20,0,127,0.0,0.75,0.0,93.41,
ERCOT,92.5,0,80,20,0,127,0.0,0.75,0.5,93.41,
ERCOT,92.5,0,80,20,0,127,0.0,1.0,0.0,93.41,
ERCOT,92.5,0,80,20,0,127,0.0,1.0,0.5,93.41,
ERCOT,92.5,0,80,20,0,127,0.25,0.0,0.0,93.33,
ERCOT,92.5,0,80,20,0,127,0.25,0.0,0.5,93.33,
ERCOT,92.5,0,80,20,0,127,0.25,0.25,0.0,93.33,
ERCOT,92.5,0,80,20,0,127,0.25,0.25,0.5,93.33,
ERCOT,92.5,0,80,20,0,127,0.25,0.5,0.0,93.33,
ERCOT,92.5,0,80,20,0,127,0.25,0.5,0.5,93.33,
ERCOT,92.5,0,80,20,0,127,0.25,0.75,0.0,93.33,
ERCOT,92.5,0,80,20,0,127,0.25,0.75,0.5,93.33,
ERCOT,92.5,0,80,20,0,127,0.25,1.0,0.0,93.33,
ERCOT,92.5,0,80,20,0,127,0.25,1.0,0.5,93.33,
ERCOT,92.5,0,80,20,0,127,0.5,0.0,0.0,93.33,
ERCOT,92.5,0,80,20,0,127,0.5,0.0,0.5,93.33,
ERCOT,92.5,0,80,20,0,127,0.5,0.25,0.0,93.33,
ERCOT,92.5,0,80,20,0,127,0.5,0.25,0.5,93.33,
ERCOT,92.5,0,80,20,0,127,0.5,0.5,0.0,93.33,
ERCOT,92.5,0,80,20,0,127,0.5,0.5,0.5,93.33,
ERCOT,92.5,0,80,20,0,127,0.5,0.75,0.0,93.33,
ERCOT,92.5,0,80,20,0,127,0.5,0.75,0.5,93.33,
ERCOT,92.5,0,80,20,0,127,0.5,1.0,0.0,93.33,
ERCOT,92.5,0,80,20,0,127,0.5,1.0,0.5,93.33,
ERCOT,92.5,0,85,15,0,232,0.0,0.0,2.0,92.68,
ERCOT,92.5,0,85,15,0,187,0.0,0.0,2.5,92.75,
ERCOT,92.5,0,85,15,0,157,0.0,0.25,0.0,92.7,
ERCOT,92.5,0,85,15,0,142,0.0,0.25,0.5,92.5,
ERCOT,92.5,0,85,15,0,137,0.0,0.25,1.0,93.12,
ERCOT,92.5,0,85,15,0,132,0.0,0.25,1.5,93.2,
ERCOT,92.5,0,85,15,0,127,0.0,0.25,2.0,92.8,
ERCOT,92.5,0,85,15,0,127,0.0,0.25,2.5,93.38,
ERCOT,92.5,0,85,15,0,132,0.0,0.5,0.0,93.21,
ERCOT,92.5,0,85,15,0,132,0.0,0.5,0.5,93.21,
ERCOT,92.5,0,85,15,0,132,0.0,0.75,0.0,93.21,
ERCOT,92.5,0,85,15,0,132,0.0,0.75,0.5,93.21,
ERCOT,92.5,0,85,15,0,132,0.0,1.0,0.0,93.21,
ERCOT,92.5,0,85,15,0,132,0.0,1.0,0.5,93.21,
ERCOT,92.5,0,85,15,0,132,0.25,0.0,0.0,93.16,
ERCOT,92.5,0,85,15,0,132,0.25,0.0,0.5,93.18,
ERCOT,92.5,0,85,15,0,132,0.25,0.25,0.0,93.16,
ERCOT,92.5,0,85,15,0,132,0.25,0.25,0.5,93.16,
ERCOT,92.5,0,85,15,0,132,0.25,0.5,0.0,93.16,
ERCOT,92.5,0,85,15,0,132,0.25,0.5,0.5,93.16,
ERCOT,92.5,0,85,15,0,132,0.25,0.75,0.0,93.16,
ERCOT,92.5,0,85,15,0,132,0.25,0.75,0.5,93.16,
ERCOT,92.5,0,85,15,0,132,0.25,1.0,0.0,93.16,
ERCOT,92.5,0,85,15,0,132,0.25,1.0,0.5,93.16,
ERCOT,92.5,0,85,15,0,132,0.5,0.0,0.0,93.16,
ERCOT,92.5,0,85,15,0,132,0.5,0.0,0.5,93.16,
ERCOT,92.5,0,85,15,0,132,0.5,0.25,0.0,93.16,
ERCOT,92.5,0,85,15,0,132,0.5,0.25,0.5,93.16,
ERCOT,92.5,0,85,15,0,132,0.5,0.5,0.0,93.16,
ERCOT,92.5,0,85,15,0,132,0.5,0.5,0.5,93.16,
ERCOT,92.5,0,85,15,0,132,0.5,0.75,0.0,93.16,
ERCOT,92.5,0,85,15,0,132,0.5,0.75,0.5,93.16,
ERCOT,92.5,0,85,15,0,132,0.5,1.0,0.0,93.16,
ERCOT,92.5,0,85,15,0,132,0.5,1.0,0.5,93.16,
ERCOT,92.5,0,90,10,0,247,0.0,0.0,2.5,92.69,
ERCOT,92.5,0,90,10,0,207,0.0,0.25,0.0,92.57,
ERCOT,92.5,0,90,10,0,167,0.0,0.25,0.5,92.98,
ERCOT,92.5,0,90,10,0,147,0.0,0.25,1.0,92.57,
ERCOT,92.5,0,90,10,0,142,0.0,0.25,1.5,93.15,
ERCOT,92.5,0,90,10,0,137,0.0,0.25,2.0,93.24,
ERCOT,92.5,0,90,10,0,132,0.0,0.25,2.5,92.85,
ERCOT,92.5,0,90,10,0,137,0.0,0.5,0.0,92.8,
ERCOT,92.5,0,90,10,0,137,0.0,0.5,0.5,92.91,
ERCOT,92.5,0,90,10,0,137,0.0,0.75,0.0,92.8,
ERCOT,92.5,0,90,10,0,137,0.0,0.75,0.5,92.8,
ERCOT,92.5,0,90,10,0,137,0.0,1.0,0.0,92.8,
ERCOT,92.5,0,90,10,0,137,0.0,1.0,0.5,92.8,
ERCOT,92.5,0,90,10,0,137,0.25,0.0,0.0,92.73,
ERCOT,92.5,0,90,10,0,137,0.25,0.0,0.5,92.9,
ERCOT,92.5,0,90,10,0,137,0.25,0.25,0.0,92.73,
ERCOT,92.5,0,90,10,0,137,0.25,0.25,0.5,92.73,
ERCOT,92.5,0,90,10,0,137,0.25,0.5,0.0,92.73,
ERCOT,92.5,0,90,10,0,137,0.25,0.5,0.5,92.73,
ERCOT,92.5,0,90,10,0,137,0.25,0.75,0.0,92.73,
ERCOT,92.5,0,90,10,0,137,0.25,0.75,0.5,92.73,
ERCOT,92.5,0,90,10,0,137,0.25,1.0,0.0,92.73,
ERCOT,92.5,0,90,10,0,137,0.25,1.0,0.5,92.73,
ERCOT,92.5,0,90,10,0,137,0.5,0.0,0.0,92.73,
ERCOT,92.5,0,90,10,0,137,0.5,0.0,0.5,92.73,
ERCOT,92.5,0,90,10,0,137,0.5,0.25,0.0,92.73,
ERCOT,92.5,0,90,10,0,137,0.5,0.25,0.5,92.73,
ERCOT,92.5,0,90,10,0,137,0.5,0.5,0.0,92.73,
ERCOT,92.5,0,90,10,0,137,0.5,0.5,0.5,92.73,
ERCOT,92.5,0,90,10,0,137,0.5,0.75,0.0,92.73,
ERCOT,92.5,0,90,10,0,137,0.5,0.75,0.5,92.73,
ERCOT,92.5,0,90,10,0,137,0.5,1.0,0.0,92.73,
ERCOT,92.5,0,90,10,0,137,0.5,1.0,0.5,92.73,
ERCOT,92.5,5,70,25,0,227,0.0,0.0,0.5,92.74,
ERCOT,92.5,5,70,25,0,192,0.0,0.0,1.0,92.9,
ERCOT,92.5,5,70,25,0,162,0.0,0.0,1.5,92.87,
ERCOT,92.5,5,70,25,0,142,0.0,0.0,2.0,92.58,
ERCOT,92.5,5,70,25,0,137,0.0,0.0,2.5,92.71,
ERCOT,92.5,5,70,25,0,122,0.0,0.25,0.0,93.56,
ERCOT,92.5,5,70,25,0,117,0.0,0.25,0.5,92.55,
ERCOT,92.5,5,70,25,0,117,0.0,0.25,1.0,92.85,
ERCOT,92.5,5,70,25,0,117,0.0,0.5,0.0,92.69,
ERCOT,92.5,5,70,25,0,117,0.0,0.5,0.5,92.69,
ERCOT,92.5,5,70,25,0,117,0.0,0.75,0.0,92.69,
ERCOT,92.5,5,70,25,0,117,0.0,0.75,0.5,92.69,
ERCOT,92.5,5,70,25,0,117,0.0,1.0,0.0,92.69,
ERCOT,92.5,5,70,25,0,117,0.0,1.0,0.5,92.69,
ERCOT,92.5,5,70,25,0,117,0.25,0.0,0.0,92.53,
ERCOT,92.5,5,70,25,0,117,0.25,0.0,0.5,92.53,
ERCOT,92.5,5,70,25,0,117,0.25,0.25,0.0,92.53,
ERCOT,92.5,5,70,25,0,117,0.25,0.25,0.5,92.53,
ERCOT,92.5,5,70,25,0,117,0.25,0.5,0.0,92.53,
ERCOT,92.5,5,70,25,0,117,0.25,0.5,0.5,92.53,
ERCOT,92.5,5,70,25,0,117,0.25,0.75,0.0,92.53,
ERCOT,92.5,5,70,25,0,117,0.25,0.75,0.5,92.53,
ERCOT,92.5,5,70,25,0,117,0.25,1.0,0.0,92.53,
ERCOT,92.5,5,70,25,0,117,0.25,1.0,0.5,92.53,
ERCOT,92.5,5,70,25,0,117,0.5,0.0,0.0,92.53,
ERCOT,92.5,5,70,25,0,117,0.5,0.0,0.5,92.53,
ERCOT,92.5,5,70,25,0,117,0.5,0.25,0.0,92.53,
ERCOT,92.5,5,70,25,0,117,0.5,0.25,0.5,92.53,
ERCOT,92.5,5,70,25,0,117,0.5,0.5,0.0,92.53,
ERCOT,92.5,5,70,25,0,117,0.5,0.5,0.5,92.53,
ERCOT,92.5,5,70,25,0,117,0.5,0.75,0.0,92.53,
ERCOT,92.5,5,70,25,0,117,0.5,0.75,0.5,92.53,
ERCOT,92.5,5,70,25,0,117,0.5,1.0,0.0,92.53,
ERCOT,92.5,5,70,25,0,117,0.5,1.0,0.5,92.53,
ERCOT,92.5,5,75,20,0,227,0.0,0.0,1.0,92.7,
ERCOT,92.5,5,75,20,0,192,0.0,0.0,1.5,93.2,
ERCOT,92.5,5,75,20,0,162,0.0,0.0,2.0,93.2,
ERCOT,92.5,5,75,20,0,147,0.0,0.0,2.5,93.08,
ERCOT,92.5,5,75,20,0,127,0.0,0.25,0.0,92.65,
ERCOT,92.5,5,75,20,0,127,0.0,0.25,0.5,93.74,
ERCOT,92.5,5,75,20,0,122,0.0,0.5,0.0,93.23,
ERCOT,92.5,5,75,20,0,122,0.0,0.5,0.5,93.23,
ERCOT,92.5,5,75,20,0,122,0.0,0.75,0.0,93.23,
ERCOT,92.5,5,75,20,0,122,0.0,0.75,0.5,93.23,
ERCOT,92.5,5,75,20,0,122,0.0,1.0,0.0,93.23,
ERCOT,92.5,5,75,20,0,122,0.0,1.0,0.5,93.23,
ERCOT,92.5,5,75,20,0,122,0.25,0.0,0.0,93.12,
ERCOT,92.5,5,75,20,0,122,0.25,0.0,0.5,93.12,
ERCOT,92.5,5,75,20,0,122,0.25,0.25,0.0,93.12,
ERCOT,92.5,5,75,20,0,122,0.25,0.25,0.5,93.12,
ERCOT,92.5,5,75,20,0,122,0.25,0.5,0.0,93.12,
ERCOT,92.5,5,75,20,0,122,0.25,0.5,0.5,93.12,
ERCOT,92.5,5,75,20,0,122,0.25,0.75,0.0,93.12,
ERCOT,92.5,5,75,20,0,122,0.25,0.75,0.5,93.12,
ERCOT,92.5,5,75,20,0,122,0.25,1.0,0.0,93.12,
ERCOT,92.5,5,75,20,0,122,0.25,1.0,0.5,93.12,
ERCOT,92.5,5,75,20,0,122,0.5,0.0,0.0,93.12,
ERCOT,92.5,5,75,20,0,122,0.5,0.0,0.5,93.12,
ERCOT,92.5,5,75,20,0,122,0.5,0.25,0.0,93.12,
ERCOT,92.5,5,75,20,0,122,0.5,0.25,0.5,93.12,
ERCOT,92.5,5,75,20,0,122,0.5,0.5,0.0,93.12,
ERCOT,92.5,5,75,20,0,122,0.5,0.5,0.5,93.12,
ERCOT,92.5,5,75,20,0,122,0.5,0.75,0.0,93.12,
ERCOT,92.5,5,75,20,0,122,0.5,0.75,0.5,93.12,
ERCOT,92.5,5,75,20,0,122,0.5,1.0,0.0,93.12,
ERCOT,92.5,5,75,20,0,122,0.5,1.0,0.5,93.12,
ERCOT,92.5,5,80,15,0,232,0.0,0.0,1.5,92.84,
ERCOT,92.5,5,80,15,0,187,0.0,0.0,2.0,92.56,
ERCOT,92.5,5,80,15,0,162,0.0,0.0,2.5,92.85,
ERCOT,92.5,5,80,15,0,142,0.0,0.25,0.0,93.33,
ERCOT,92.5,5,80,15,0,132,0.0,0.25,0.5,92.72,
ERCOT,92.5,5,80,15,0,127,0.0,0.25,1.0,92.73,
ERCOT,92.5,5,80,15,0,127,0.0,0.25,1.5,93.73,
ERCOT,92.5,5,80,15,0,127,0.0,0.5,0.0,93.35,
ERCOT,92.5,5,80,15,0,127,0.0,0.5,0.5,93.35,
ERCOT,92.5,5,80,15,0,127,0.0,0.75,0.0,93.35,
ERCOT,92.5,5,80,15,0,127,0.0,0.75,0.5,93.35,
ERCOT,92.5,5,80,15,0,127,0.0,1.0,0.0,93.35,
ERCOT,92.5,5,80,15,0,127,0.0,1.0,0.5,93.35,
ERCOT,92.5,5,80,15,0,127,0.25,0.0,0.0,93.25,
ERCOT,92.5,5,80,15,0,127,0.25,0.0,0.5,93.25,
ERCOT,92.5,5,80,15,0,127,0.25,0.25,0.0,93.25,
ERCOT,92.5,5,80,15,0,127,0.25,0.25,0.5,93.25,
ERCOT,92.5,5,80,15,0,127,0.25,0.5,0.0,93.25,
ERCOT,92.5,5,80,15,0,127,0.25,0.5,0.5,93.25,
ERCOT,92.5,5,80,15,0,127,0.25,0.75,0.0,93.25,
ERCOT,92.5,5,80,15,0,127,0.25,0.75,0.5,93.25,
ERCOT,92.5,5,80,15,0,127,0.25,1.0,0.0,93.25,
ERCOT,92.5,5,80,15,0,127,0.25,1.0,0.5,93.25,
ERCOT,92.5,5,80,15,0,127,0.5,0.0,0.0,93.25,
ERCOT,92.5,5,80,15,0,127,0.5,0.0,0.5,93.25,
ERCOT,92.5,5,80,15,0,127,0.5,0.25,0.0,93.25,
ERCOT,92.5,5,80,15,0,127,0.5,0.25,0.5,93.25,
ERCOT,92.5,5,80,15,0,127,0.5,0.5,0.0,93.25,
ERCOT,92.5,5,80,15,0,127,0.5,0.5,0.5,93.25,
ERCOT,92.5,5,80,15,0,127,0.5,0.75,0.0,93.25,
ERCOT,92.5,5,80,15,0,127,0.5,0.75,0.5,93.25,
ERCOT,92.5,5,80,15,0,127,0.5,1.0,0.0,93.25,
ERCOT,92.5,5,80,15,0,127,0.5,1.0,0.5,93.25,
ERCOT,92.5,5,85,10,0,242,0.0,0.0,2.0,92.94,
ERCOT,92.5,5,85,10,0,192,0.0,0.0,2.5,92.85,
ERCOT,92.5,5,85,10,0,162,0.0,0.25,0.0,93.02,
ERCOT,92.5,5,85,10,0,147,0.0,0.25,0.5,93.26,
ERCOT,92.5,5,85,10,0,137,0.0,0.25,1.0,92.83,
ERCOT,92.5,5,85,10,0,132,0.0,0.25,1.5,92.97,
ERCOT,92.5,5,85,10,0,127,0.0,0.25,2.0,92.59,
ERCOT,92.5,5,85,10,0,127,0.0,0.25,2.5,93.2,
ERCOT,92.5,5,85,10,0,132,0.0,0.5,0.0,93.09,
ERCOT,92.5,5,85,10,0,132,0.0,0.5,0.5,93.1,
ERCOT,92.5,5,85,10,0,132,0.0,0.75,0.0,93.09,
ERCOT,92.5,5,85,10,0,132,0.0,0.75,0.5,93.09,
ERCOT,92.5,5,85,10,0,132,0.0,1.0,0.0,93.09,
ERCOT,92.5,5,85,10,0,132,0.0,1.0,0.5,93.09,
ERCOT,92.5,5,85,10,0,132,0.25,0.0,0.0,93.02,
ERCOT,92.5,5,85,10,0,132,0.25,0.0,0.5,93.04,
ERCOT,92.5,5,85,10,0,132,0.25,0.25,0.0,93.02,
ERCOT,92.5,5,85,10,0,132,0.25,0.25,0.5,93.02,
ERCOT,92.5,5,85,10,0,132,0.25,0.5,0.0,93.02,
ERCOT,92.5,5,85,10,0,132,0.25,0.5,0.5,93.02,
ERCOT,92.5,5,85,10,0,132,0.25,0.75,0.0,93.02,
ERCOT,92.5,5,85,10,0,132,0.25,0.75,0.5,93.02,
ERCOT,92.5,5,85,10,0,132,0.25,1.0,0.0,93.02,
ERCOT,92.5,5,85,10,0,132,0.25,1.0,0.5,93.02,
ERCOT,92.5,5,85,10,0,132,0.5,0.0,0.0,93.02,
ERCOT,92.5,5,85,10,0,132,0.5,0.0,0.5,93.02,
ERCOT,92.5,5,85,10,0,132,0.5,0.25,0.0,93.02,
ERCOT,92.5,5,85,10,0,132,0.5,0.25,0.5,93.02,
ERCOT,92.5,5,85,10,0,132,0.5,0.5,0.0,93.02,
ERCOT,92.5,5,85,10,0,132,0.5,0.5,0.5,93.02,
ERCOT,92.5,5,85,10,0,132,0.5,0.75,0.0,93.02,
ERCOT,92.5,5,85,10,0,132,0.5,0.75,0.5,93.02,
ERCOT,92.5,5,85,10,0,132,0.5,1.0,0.0,93.02,
ERCOT,92.5,5,85,10,0,132,0.5,1.0,0.5,93.02,
ERCOT,92.5,5,90,5,0,217,0.0,0.25,0.0,92.58,
ERCOT,92.5,5,90,5,0,167,0.0,0.25,0.5,92.64,
ERCOT,92.5,5,90,5,0,152,0.0,0.25,1.0,93.31,
ERCOT,92.5,5,90,5,0,142,0.0,0.25,1.5,92.87,
ERCOT,92.5,5,90,5,0,137,0.0,0.25,2.0,92.99,
ERCOT,92.5,5,90,5,0,132,0.0,0.25,2.5,92.63,
ERCOT,92.5,5,90,5,0,137,0.0,0.5,0.0,92.65,
ERCOT,92.5,5,90,5,0,137,0.0,0.5,0.5,92.77,
ERCOT,92.5,5,90,5,0,137,0.0,0.75,0.0,92.65,
ERCOT,92.5,5,90,5,0,137,0.0,0.75,0.5,92.65,
ERCOT,92.5,5,90,5,0,137,0.0,1.0,0.0,92.65,
ERCOT,92.5,5,90,5,0,137,0.0,1.0,0.5,92.65,
ERCOT,92.5,5,90,5,0,137,0.25,0.0,0.0,92.55,
ERCOT,92.5,5,90,5,0,137,0.25,0.0,0.5,92.74,
ERCOT,92.5,5,90,5,0,137,0.25,0.25,0.0,92.55,
ERCOT,92.5,5,90,5,0,137,0.25,0.25,0.5,92.55,
ERCOT,92.5,5,90,5,0,137,0.25,0.5,0.0,92.55,
ERCOT,92.5,5,90,5,0,137,0.25,0.5,0.5,92.55,
ERCOT,92.5,5,90,5,0,137,0.25,0.75,0.0,92.55,
ERCOT,92.5,5,90,5,0,137,0.25,0.75,0.5,92.55,
ERCOT,92.5,5,90,5,0,137,0.25,1.0,0.0,92.55,
ERCOT,92.5,5,90,5,0,137,0.25,1.0,0.5,92.55,
ERCOT,92.5,5,90,5,0,137,0.5,0.0,0.0,92.55,
ERCOT,92.5,5,90,5,0,137,0.5,0.0,0.5,92.55,
ERCOT,92.5,5,90,5,0,137,0.5,0.25,0.0,92.55,
ERCOT,92.5,5,90,5,0,137,0.5,0.25,0.5,92.55,
ERCOT,92.5,5,90,5,0,137,0.5,0.5,0.0,92.55,
ERCOT,92.5,5,90,5,0,137,0.5,0.5,0.5,92.55,
ERCOT,92.5,5,90,5,0,137,0.5,0.75,0.0,92.55,
ERCOT,92.5,5,90,5,0,137,0.5,0.75,0.5,92.55,
ERCOT,92.5,5,90,5,0,137,0.5,1.0,0.0,92.55,
ERCOT,92.5,5,90,5,0,137,0.5,1.0,0.5,92.55,
ERCOT,92.5,10,70,20,0,232,0.0,0.0,0.5,92.99,
ERCOT,92.5,10,70,20,0,197,0.0,0.0,1.0,93.23,
ERCOT,92.5,10,70,20,0,167,0.0,0.0,1.5,93.35,
ERCOT,92.5,10,70,20,0,147,0.0,0.0,2.0,93.45,
ERCOT,92.5,10,70,20,0,142,0.0,0.0,2.5,94.15,
ERCOT,92.5,10,70,20,0,122,0.0,0.25,0.0,93.48,
ERCOT,92.5,10,70,20,0,122,0.0,0.25,0.5,94.19,
ERCOT,92.5,10,70,20,0,117,0.0,0.5,0.0,92.67,
ERCOT,92.5,10,70,20,0,117,0.0,0.5,0.5,92.67,
ERCOT,92.5,10,70,20,0,117,0.0,0.75,0.0,92.67,
ERCOT,92.5,10,70,20,0,117,0.0,0.75,0.5,92.67,
ERCOT,92.5,10,70,20,0,117,0.0,1.0,0.0,92.67,
ERCOT,92.5,10,70,20,0,117,0.0,1.0,0.5,92.67,
ERCOT,92.5,10,70,20,0,117,0.25,0.0,0.0,92.52,
ERCOT,92.5,10,70,20,0,117,0.25,0.0,0.5,92.52,
ERCOT,92.5,10,70,20,0,117,0.25,0.25,0.0,92.52,
ERCOT,92.5,10,70,20,0,117,0.25,0.25,0.5,92.52,
ERCOT,92.5,10,70,20,0,117,0.25,0.5,0.0,92.52,
ERCOT,92.5,10,70,20,0,117,0.25,0.5,0.5,92.52,
ERCOT,92.5,10,70,20,0,117,0.25,0.75,0.0,92.52,
ERCOT,92.5,10,70,20,0,117,0.25,0.75,0.5,92.52,
ERCOT,92.5,10,70,20,0,117,0.25,1.0,0.0,92.52,
ERCOT,92.5,10,70,20,0,117,0.25,1.0,0.5,92.52,
ERCOT,92.5,10,70,20,0,117,0.5,0.0,0.0,92.52,
ERCOT,92.5,10,70,20,0,117,0.5,0.0,0.5,92.52,
ERCOT,92.5,10,70,20,0,117,0.5,0.25,0.0,92.52,
ERCOT,92.5,10,70,20,0,117,0.5,0.25,0.5,92.52,
ERCOT,92.5,10,70,20,0,117,0.5,0.5,0.0,92.52,
ERCOT,92.5,10,70,20,0,117,0.5,0.5,0.5,92.52,
ERCOT,92.5,10,70,20,0,117,0.5,0.75,0.0,92.52,
ERCOT,92.5,10,70,20,0,117,0.5,0.75,0.5,92.52,
ERCOT,92.5,10,70,20,0,117,0.5,1.0,0.0,92.52,
ERCOT,92.5,10,70,20,0,117,0.5,1.0,0.5,92.52,
ERCOT,92.5,10,75,15,0,232,0.0,0.0,1.0,92.77,
ERCOT,92.5,10,75,15,0,192,0.0,0.0,1.5,92.7,
ERCOT,92.5,10,75,15,0,162,0.0,0.0,2.0,92.78,
ERCOT,92.5,10,75,15,0,147,0.0,0.0,2.5,92.77,
ERCOT,92.5,10,75,15,0,132,0.0,0.25,0.0,93.65,
ERCOT,92.5,10,75,15,0,127,0.0,0.25,0.5,93.6,
ERCOT,92.5,10,75,15,0,122,0.0,0.25,1.0,93.19,
ERCOT,92.5,10,75,15,0,122,0.0,0.25,1.5,93.87,
ERCOT,92.5,10,75,15,0,122,0.0,0.5,0.0,93.19,
ERCOT,92.5,10,75,15,0,122,0.0,0.5,0.5,93.19,
ERCOT,92.5,10,75,15,0,122,0.0,0.75,0.0,93.19,
ERCOT,92.5,10,75,15,0,122,0.0,0.75,0.5,93.19,
ERCOT,92.5,10,75,15,0,122,0.0,1.0,0.0,93.19,
ERCOT,92.5,10,75,15,0,122,0.0,1.0,0.5,93.19,
ERCOT,92.5,10,75,15,0,122,0.25,0.0,0.0,93.07,
ERCOT,92.5,10,75,15,0,122,0.25,0.0,0.5,93.07,
ERCOT,92.5,10,75,15,0,122,0.25,0.25,0.0,93.07,
ERCOT,92.5,10,75,15,0,122,0.25,0.25,0.5,93.07,
ERCOT,92.5,10,75,15,0,122,0.25,0.5,0.0,93.07,
ERCOT,92.5,10,75,15,0,122,0.25,0.5,0.5,93.07,
ERCOT,92.5,10,75,15,0,122,0.25,0.75,0.0,93.07,
ERCOT,92.5,10,75,15,0,122,0.25,0.75,0.5,93.07,
ERCOT,92.5,10,75,15,0,122,0.25,1.0,0.0,93.07,
ERCOT,92.5,10,75,15,0,122,0.25,1.0,0.5,93.07,
ERCOT,92.5,10,75,15,0,122,0.5,0.0,0.0,93.07,
ERCOT,92.5,10,75,15,0,122,0.5,0.0,0.5,93.07,
ERCOT,92.5,10,75,15,0,122,0.5,0.25,0.0,93.07,
ERCOT,92.5,10,75,15,0,122,0.5,0.25,0.5,93.07,
ERCOT,92.5,10,75,15,0,122,0.5,0.5,0.0,93.07,
ERCOT,92.5,10,75,15,0,122,0.5,0.5,0.5,93.07,
ERCOT,92.5,10,75,15,0,122,0.5,0.75,0.0,93.07,
ERCOT,92.5,10,75,15,0,122,0.5,0.75,0.5,93.07,
ERCOT,92.5,10,75,15,0,122,0.5,1.0,0.0,93.07,
ERCOT,92.5,10,75,15,0,122,0.5,1.0,0.5,93.07,
ERCOT,92.5,10,80,10,0,237,0.0,0.0,1.5,92.76,
ERCOT,92.5,10,80,10,0,192,0.0,0.0,2.0,92.69,
ERCOT,92.5,10,80,10,0,167,0.0,0.0,2.5,93.31,
ERCOT,92.5,10,80,10,0,142,0.0,0.25,0.0,93.09,
ERCOT,92.5,10,80,10,0,137,0.0,0.25,0.5,93.67,
ERCOT,92.5,10,80,10,0,127,0.0,0.25,1.0,92.53,
ERCOT,92.5,10,80,10,0,127,0.0,0.25,1.5,93.57,
ERCOT,92.5,10,80,10,0,127,0.0,0.5,0.0,93.26,
ERCOT,92.5,10,80,10,0,127,0.0,0.5,0.5,93.26,
ERCOT,92.5,10,80,10,0,127,0.0,0.75,0.0,93.26,
ERCOT,92.5,10,80,10,0,127,0.0,0.75,0.5,93.26,
ERCOT,92.5,10,80,10,0,127,0.0,1.0,0.0,93.26,
ERCOT,92.5,10,80,10,0,127,0.0,1.0,0.5,93.26,
ERCOT,92.5,10,80,10,0,127,0.25,0.0,0.0,93.13,
ERCOT,92.5,10,80,10,0,127,0.25,0.0,0.5,93.13,
ERCOT,92.5,10,80,10,0,127,0.25,0.25,0.0,93.13,
ERCOT,92.5,10,80,10,0,127,0.25,0.25,0.5,93.13,
ERCOT,92.5,10,80,10,0,127,0.25,0.5,0.0,93.13,
ERCOT,92.5,10,80,10,0,127,0.25,0.5,0.5,93.13,
ERCOT,92.5,10,80,10,0,127,0.25,0.75,0.0,93.13,
ERCOT,92.5,10,80,10,0,127,0.25,0.75,0.5,93.13,
ERCOT,92.5,10,80,10,0,127,0.25,1.0,0.0,93.13,
ERCOT,92.5,10,80,10,0,127,0.25,1.0,0.5,93.13,
ERCOT,92.5,10,80,10,0,127,0.5,0.0,0.0,93.13,
ERCOT,92.5,10,80,10,0,127,0.5,0.0,0.5,93.13,
ERCOT,92.5,10,80,10,0,127,0.5,0.25,0.0,93.13,
ERCOT,92.5,10,80,10,0,127,0.5,0.25,0.5,93.13,
ERCOT,92.5,10,80,10,0,127,0.5,0.5,0.0,93.13,
ERCOT,92.5,10,80,10,0,127,0.5,0.5,0.5,93.13,
ERCOT,92.5,10,80,10,0,127,0.5,0.75,0.0,93.13,
ERCOT,92.5,10,80,10,0,127,0.5,0.75,0.5,93.13,
ERCOT,92.5,10,80,10,0,127,0.5,1.0,0.0,93.13,
ERCOT,92.5,10,80,10,0,127,0.5,1.0,0.5,93.13,
ERCOT,92.5,10,85,5,0,247,0.0,0.0,2.0,92.71,
ERCOT,92.5,10,85,5,0,197,0.0,0.0,2.5,92.9,
ERCOT,92.5,10,85,5,0,162,0.0,0.25,0.0,92.62,
ERCOT,92.5,10,85,5,0,147,0.0,0.25,0.5,92.93,
ERCOT,92.5,10,85,5,0,137,0.0,0.25,1.0,92.52,
ERCOT,92.5,10,85,5,0,132,0.0,0.25,1.5,92.71,
ERCOT,92.5,10,85,5,0,132,0.0,0.25,2.0,93.68,
ERCOT,92.5,10,85,5,0,132,0.0,0.5,0.0,92.96,
ERCOT,92.5,10,85,5,0,132,0.0,0.5,0.5,92.97,
ERCOT,92.5,10,85,5,0,132,0.0,0.75,0.0,92.96,
ERCOT,92.5,10,85,5,0,132,0.0,0.75,0.5,92.96,
ERCOT,92.5,10,85,5,0,132,0.0,1.0,0.0,92.96,
ERCOT,92.5,10,85,5,0,132,0.0,1.0,0.5,92.96,
ERCOT,92.5,10,85,5,0,132,0.25,0.0,0.0,92.84,
ERCOT,92.5,10,85,5,0,132,0.25,0.0,0.5,92.86,
ERCOT,92.5,10,85,5,0,132,0.25,0.25,0.0,92.84,
ERCOT,92.5,10,85,5,0,132,0.25,0.25,0.5,92.84,
ERCOT,92.5,10,85,5,0,132,0.25,0.5,0.0,92.84,
ERCOT,92.5,10,85,5,0,132,0.25,0.5,0.5,92.84,
ERCOT,92.5,10,85,5,0,132,0.25,0.75,0.0,92.84,
ERCOT,92.5,10,85,5,0,132,0.25,0.75,0.5,92.84,
ERCOT,92.5,10,85,5,0,132,0.25,1.0,0.0,92.84,
ERCOT,92.5,10,85,5,0,132,0.25,1.0,0.5,92.84,
ERCOT,92.5,10,85,5,0,132,0.5,0.0,0.0,92.84,
ERCOT,92.5,10,85,5,0,132,0.5,0.0,0.5,92.84,
ERCOT,92.5,10,85,5,0,132,0.5,0.25,0.0,92.84,
ERCOT,92.5,10,85,5,0,132,0.5,0.25,0.5,92.84,
ERCOT,92.5,10,85,5,0,132,0.5,0.5,0.0,92.84,
ERCOT,92.5,10,85,5,0,132,0.5,0.5,0.5,92.84,
ERCOT,92.5,10,85,5,0,132,0.5,0.75,0.0,92.84,
ERCOT,92.5,10,85,5,0,132,0.5,0.75,0.5,92.84,
ERCOT,92.5,10,85,5,0,132,0.5,1.0,0.0,92.84,
ERCOT,92.5,10,85,5,0,132,0.5,1.0,0.5,92.84,
ERCOT,92.5,10,90,0,0,232,0.0,0.25,0.0,92.75,
ERCOT,92.5,10,90,0,0,172,0.0,0.25,0.5,92.67,
ERCOT,92.5,10,90,0,0,152,0.0,0.25,1.0,92.96,
ERCOT,92.5,10,90,0,0,142,0.0,0.25,1.5,92.56,
ERCOT,92.5,10,90,0,0,137,0.0,0.25,2.0,92.74,
ERCOT,92.5,10,90,0,0,137,0.0,0.25,2.5,93.35,
ERCOT,92.5,10,90,0,0,142,0.0,0.5,0.0,93.26,
ERCOT,92.5,10,90,0,0,137,0.0,0.5,0.5,92.57,
ERCOT,92.5,10,90,0,0,137,0.0,0.5,1.0,92.67,
ERCOT,92.5,10,90,0,0,142,0.0,0.75,0.0,93.26,
ERCOT,92.5,10,90,0,0,142,0.0,0.75,0.5,93.26,
ERCOT,92.5,10,90,0,0,142,0.0,1.0,0.0,93.26,
ERCOT,92.5,10,90,0,0,142,0.0,1.0,0.5,93.26,
ERCOT,92.5,10,90,0,0,142,0.25,0.0,0.0,93.13,
ERCOT,92.5,10,90,0,0,137,0.25,0.0,0.5,92.53,
ERCOT,92.5,10,90,0,0,137,0.25,0.0,1.0,92.64,
ERCOT,92.5,10,90,0,0,142,0.25,0.25,0.0,93.13,
ERCOT,92.5,10,90,0,0,142,0.25,0.25,0.5,93.13,
ERCOT,92.5,10,90,0,0,142,0.25,0.5,0.0,93.13,
ERCOT,92.5,10,90,0,0,142,0.25,0.5,0.5,93.13,
ERCOT,92.5,10,90,0,0,142,0.25,0.75,0.0,93.13,
ERCOT,92.5,10,90,0,0,142,0.25,0.75,0.5,93.13,
ERCOT,92.5,10,90,0,0,142,0.25,1.0,0.0,93.13,
ERCOT,92.5,10,90,0,0,142,0.25,1.0,0.5,93.13,
ERCOT,92.5,10,90,0,0,142,0.5,0.0,0.0,93.13,
ERCOT,92.5,10,90,0,0,142,0.5,0.0,0.5,93.13,
ERCOT,92.5,10,90,0,0,142,0.5,0.25,0.0,93.13,
ERCOT,92.5,10,90,0,0,142,0.5,0.25,0.5,93.13,
ERCOT,92.5,10,90,0,0,142,0.5,0.5,0.0,93.13,
ERCOT,92.5,10,90,0,0,142,0.5,0.5,0.5,93.13,
ERCOT,92.5,10,90,0,0,142,0.5,0.75,0.0,93.13,
ERCOT,92.5,10,90,0,0,142,0.5,0.75,0.5,93.13,
ERCOT,92.5,10,90,0,0,142,0.5,1.0,0.0,93.13,
ERCOT,92.5,10,90,0,0,142,0.5,1.0,0.5,93.13,
ERCOT,92.5,15,70,15,0,237,0.0,0.0,0.5,93.17,
ERCOT,92.5,15,70,15,0,197,0.0,0.0,1.0,92.69,
ERCOT,92.5,15,70,15,0,167,0.0,0.0,1.5,92.92,
ERCOT,92.5,15,70,15,0,147,0.0,0.0,2.0,93.08,
ERCOT,92.5,15,70,15,0,142,0.0,0.0,2.5,93.9,
ERCOT,92.5,15,70,15,0,122,0.0,0.25,0.0,93.38,
ERCOT,92.5,15,70,15,0,122,0.0,0.25,0.5,94.12,
ERCOT,92.5,15,70,15,0,117,0.0,0.5,0.0,92.61,
ERCOT,92.5,15,70,15,0,117,0.0,0.5,0.5,92.61,
ERCOT,92.5,15,70,15,0,117,0.0,0.75,0.0,92.61,
ERCOT,92.5,15,70,15,0,117,0.0,0.75,0.5,92.61,
ERCOT,92.5,15,70,15,0,117,0.0,1.0,0.0,92.61,
ERCOT,92.5,15,70,15,0,117,0.0,1.0,0.5,92.61,
ERCOT,92.5,15,70,15,0,122,0.25,0.0,0.0,94.1,
ERCOT,92.5,15,70,15,0,122,0.25,0.0,0.5,94.1,
ERCOT,92.5,15,70,15,0,122,0.25,0.25,0.0,94.1,
ERCOT,92.5,15,70,15,0,122,0.25,0.25,0.5,94.1,
ERCOT,92.5,15,70,15,0,122,0.25,0.5,0.0,94.1,
ERCOT,92.5,15,70,15,0,122,0.25,0.5,0.5,94.1,
ERCOT,92.5,15,70,15,0,122,0.25,0.75,0.0,94.1,
ERCOT,92.5,15,70,15,0,122,0.25,0.75,0.5,94.1,
ERCOT,92.5,15,70,15,0,122,0.25,1.0,0.0,94.1,
ERCOT,92.5,15,70,15,0,122,0.25,1.0,0.5,94.1,
ERCOT,92.5,15,70,15,0,122,0.5,0.0,0.0,94.1,
ERCOT,92.5,15,70,15,0,122,0.5,0.0,0.5,94.1,
ERCOT,92.5,15,70,15,0,122,0.5,0.25,0.0,94.1,
ERCOT,92.5,15,70,15,0,122,0.5,0.25,0.5,94.1,
ERCOT,92.5,15,70,15,0,122,0.5,0.5,0.0,94.1,
ERCOT,92.5,15,70,15,0,122,0.5,0.5,0.5,94.1,
ERCOT,92.5,15,70,15,0,122,0.5,0.75,0.0,94.1,
ERCOT,92.5,15,70,15,0,122,0.5,0.75,0.5,94.1,
ERCOT,92.5,15,70,15,0,122,0.5,1.0,0.0,94.1,
ERCOT,92.5,15,70,15,0,122,0.5,1.0,0.5,94.1,
ERCOT,92.5,15,75,10,0,237,0.0,0.0,1.0,92.77,
ERCOT,92.5,15,75,10,0,197,0.0,0.0,1.5,92.87,
ERCOT,92.5,15,75,10,0,167,0.0,0.0,2.0,93.2,
ERCOT,92.5,15,75,10,0,152,0.0,0.0,2.5,93.62,
ERCOT,92.5,15,75,10,0,132,0.0,0.25,0.0,93.47,
ERCOT,92.5,15,75,10,0,127,0.0,0.25,0.5,93.43,
ERCOT,92.5,15,75,10,0,122,0.0,0.25,1.0,93.03,
ERCOT,92.5,15,75,10,0,122,0.0,0.25,1.5,93.72,
ERCOT,92.5,15,75,10,0,122,0.0,0.5,0.0,93.11,
ERCOT,92.5,15,75,10,0,122,0.0,0.5,0.5,93.11,
ERCOT,92.5,15,75,10,0,122,0.0,0.75,0.0,93.11,
ERCOT,92.5,15,75,10,0,122,0.0,0.75,0.5,93.11,
ERCOT,92.5,15,75,10,0,122,0.0,1.0,0.0,93.11,
ERCOT,92.5,15,75,10,0,122,0.0,1.0,0.5,93.11,
ERCOT,92.5,15,75,10,0,122,0.25,0.0,0.0,92.95,
ERCOT,92.5,15,75,10,0,122,0.25,0.0,0.5,92.95,
ERCOT,92.5,15,75,10,0,122,0.25,0.25,0.0,92.95,
ERCOT,92.5,15,75,10,0,122,0.25,0.25,0.5,92.95,
ERCOT,92.5,15,75,10,0,122,0.25,0.5,0.0,92.95,
ERCOT,92.5,15,75,10,0,122,0.25,0.5,0.5,92.95,
ERCOT,92.5,15,75,10,0,122,0.25,0.75,0.0,92.95,
ERCOT,92.5,15,75,10,0,122,0.25,0.75,0.5,92.95,
ERCOT,92.5,15,75,10,0,122,0.25,1.0,0.0,92.95,
ERCOT,92.5,15,75,10,0,122,0.25,1.0,0.5,92.95,
ERCOT,92.5,15,75,10,0,122,0.5,0.0,0.0,92.95,
ERCOT,92.5,15,75,10,0,122,0.5,0.0,0.5,92.95,
ERCOT,92.5,15,75,10,0,122,0.5,0.25,0.0,92.95,
ERCOT,92.5,15,75,10,0,122,0.5,0.25,0.5,92.95,
ERCOT,92.5,15,75,10,0,122,0.5,0.5,0.0,92.95,
ERCOT,92.5,15,75,10,0,122,0.5,0.5,0.5,92.95,
ERCOT,92.5,15,75,10,0,122,0.5,0.75,0.0,92.95,
ERCOT,92.5,15,75,10,0,122,0.5,0.75,0.5,92.95,
ERCOT,92.5,15,75,10,0,122,0.5,1.0,0.0,92.95,
ERCOT,92.5,15,75,10,0,122,0.5,1.0,0.5,92.95,
ERCOT,92.5,15,80,5,0,242,0.0,0.0,1.5,92.62,
ERCOT,92.5,15,80,5,0,197,0.0,0.0,2.0,92.76,
ERCOT,92.5,15,80,5,0,167,0.0,0.0,2.5,92.9,
ERCOT,92.5,15,80,5,0,142,0.0,0.25,0.0,92.81,
ERCOT,92.5,15,80,5,0,137,0.0,0.25,0.5,93.42,
ERCOT,92.5,15,80,5,0,132,0.0,0.25,1.0,93.67,
ERCOT,92.5,15,80,5,0,127,0.0,0.25,1.5,93.36,
ERCOT,92.5,15,80,5,0,127,0.0,0.25,2.0,94.05,
ERCOT,92.5,15,80,5,0,127,0.0,0.5,0.0,93.1,
ERCOT,92.5,15,80,5,0,127,0.0,0.5,0.5,93.1,
ERCOT,92.5,15,80,5,0,127,0.0,0.75,0.0,93.1,
ERCOT,92.5,15,80,5,0,127,0.0,0.75,0.5,93.1,
ERCOT,92.5,15,80,5,0,127,0.0,1.0,0.0,93.1,
ERCOT,92.5,15,80,5,0,127,0.0,1.0,0.5,93.1,
ERCOT,92.5,15,80,5,0,127,0.25,0.0,0.0,92.95,
ERCOT,92.5,15,80,5,0,127,0.25,0.0,0.5,92.95,
ERCOT,92.5,15,80,5,0,127,0.25,0.25,0.0,92.95,
ERCOT,92.5,15,80,5,0,127,0.25,0.25,0.5,92.95,
ERCOT,92.5,15,80,5,0,127,0.25,0.5,0.0,92.95,
ERCOT,92.5,15,80,5,0,127,0.25,0.5,0.5,92.95,
ERCOT,92.5,15,80,5,0,127,0.25,0.75,0.0,92.95,
ERCOT,92.5,15,80,5,0,127,0.25,0.75,0.5,92.95,
ERCOT,92.5,15,80,5,0,127,0.25,1.0,0.0,92.95,
ERCOT,92.5,15,80,5,0,127,0.25,1.0,0.5,92.95,
ERCOT,92.5,15,80,5,0,127,0.5,0.0,0.0,92.95,
ERCOT,92.5,15,80,5,0,127,0.5,0.0,0.5,92.95,
ERCOT,92.5,15,80,5,0,127,0.5,0.25,0.0,92.95,
ERCOT,92.5,15,80,5,0,127,0.5,0.25,0.5,92.95,
ERCOT,92.5,15,80,5,0,127,0.5,0.5,0.0,92.95,
ERCOT,92.5,15,80,5,0,127,0.5,0.5,0.5,92.95,
ERCOT,92.5,15,80,5,0,127,0.5,0.75,0.0,92.95,
ERCOT,92.5,15,80,5,0,127,0.5,0.75,0.5,92.95,
ERCOT,92.5,15,80,5,0,127,0.5,1.0,0.0,92.95,
ERCOT,92.5,15,80,5,0,127,0.5,1.0,0.5,92.95,
ERCOT,92.5,15,85,0,0,202,0.0,0.0,2.5,92.88,
ERCOT,92.5,15,85,0,0,167,0.0,0.25,0.0,92.76,
ERCOT,92.5,15,85,0,0,147,0.0,0.25,0.5,92.57,
ERCOT,92.5,15,85,0,0,142,0.0,0.25,1.0,93.42,
ERCOT,92.5,15,85,0,0,137,0.0,0.25,1.5,93.71,
ERCOT,92.5,15,85,0,0,132,0.0,0.25,2.0,93.44,
ERCOT,92.5,15,85,0,0,127,0.0,0.25,2.5,92.78,
ERCOT,92.5,15,85,0,0,132,0.0,0.5,0.0,92.73,
ERCOT,92.5,15,85,0,0,132,0.0,0.5,0.5,92.74,
ERCOT,92.5,15,85,0,0,132,0.0,0.75,0.0,92.73,
ERCOT,92.5,15,85,0,0,132,0.0,0.75,0.5,92.73,
ERCOT,92.5,15,85,0,0,132,0.0,1.0,0.0,92.73,
ERCOT,92.5,15,85,0,0,132,0.0,1.0,0.5,92.73,
ERCOT,92.5,15,85,0,0,132,0.25,0.0,0.0,92.6,
ERCOT,92.5,15,85,0,0,132,0.25,0.0,0.5,92.62,
ERCOT,92.5,15,85,0,0,132,0.25,0.25,0.0,92.6,
ERCOT,92.5,15,85,0,0,132,0.25,0.25,0.5,92.6,
ERCOT,92.5,15,85,0,0,132,0.25,0.5,0.0,92.6,
ERCOT,92.5,15,85,0,0,132,0.25,0.5,0.5,92.6,
ERCOT,92.5,15,85,0,0,132,0.25,0.75,0.0,92.6,
ERCOT,92.5,15,85,0,0,132,0.25,0.75,0.5,92.6,
ERCOT,92.5,15,85,0,0,132,0.25,1.0,0.0,92.6,
ERCOT,92.5,15,85,0,0,132,0.25,1.0,0.5,92.6,
ERCOT,92.5,15,85,0,0,132,0.5,0.0,0.0,92.6,
ERCOT,92.5,15,85,0,0,132,0.5,0.0,0.5,92.6,
ERCOT,92.5,15,85,0,0,132,0.5,0.25,0.0,92.6,
ERCOT,92.5,15,85,0,0,132,0.5,0.25,0.5,92.6,
ERCOT,92.5,15,85,0,0,132,0.5,0.5,0.0,92.6,
ERCOT,92.5,15,85,0,0,132,0.5,0.5,0.5,92.6,
ERCOT,92.5,15,85,0,0,132,0.5,0.75,0.0,92.6,
ERCOT,92.5,15,85,0,0,132,0.5,0.75,0.5,92.6,
ERCOT,92.5,15,85,0,0,132,0.5,1.0,0.0,92.6,
ERCOT,92.5,15,85,0,0,132,0.5,1.0,0.5,92.6,
ERCOT,92.5,20,70,10,0,242,0.0,0.0,0.5,93.28,
ERCOT,92.5,20,70,10,0,202,0.0,0.0,1.0,92.92,
ERCOT,92.5,20,70,10,0,172,0.0,0.0,1.5,93.33,
ERCOT,92.5,20,70,10,0,147,0.0,0.0,2.0,92.7,
ERCOT,92.5,20,70,10,0,142,0.0,0.0,2.5,93.62,
ERCOT,92.5,20,70,10,0,122,0.0,0.25,0.0,93.22,
ERCOT,92.5,20,70,10,0,122,0.0,0.25,0.5,93.99,
ERCOT,92.5,20,70,10,0,122,0.0,0.5,0.0,94.14,
ERCOT,92.5,20,70,10,0,122,0.0,0.5,0.5,94.14,
ERCOT,92.5,20,70,10,0,122,0.0,0.75,0.0,94.14,
ERCOT,92.5,20,70,10,0,122,0.0,0.75,0.5,94.14,
ERCOT,92.5,20,70,10,0,122,0.0,1.0,0.0,94.14,
ERCOT,92.5,20,70,10,0,122,0.0,1.0,0.5,94.14,
ERCOT,92.5,20,70,10,0,122,0.25,0.0,0.0,94.02,
ERCOT,92.5,20,70,10,0,122,0.25,0.0,0.5,94.02,
ERCOT,92.5,20,70,10,0,122,0.25,0.25,0.0,94.02,
ERCOT,92.5,20,70,10,0,122,0.25,0.25,0.5,94.02,
ERCOT,92.5,20,70,10,0,122,0.25,0.5,0.0,94.02,
ERCOT,92.5,20,70,10,0,122,0.25,0.5,0.5,94.02,
ERCOT,92.5,20,70,10,0,122,0.25,0.75,0.0,94.02,
ERCOT,92.5,20,70,10,0,122,0.25,0.75,0.5,94.02,
ERCOT,92.5,20,70,10,0,122,0.25,1.0,0.0,94.02,
ERCOT,92.5,20,70,10,0,122,0.25,1.0,0.5,94.02,
ERCOT,92.5,20,70,10,0,122,0.5,0.0,0.0,94.02,
ERCOT,92.5,20,70,10,0,122,0.5,0.0,0.5,94.02,
ERCOT,92.5,20,70,10,0,122,0.5,0.25,0.0,94.02,
ERCOT,92.5,20,70,10,0,122,0.5,0.25,0.5,94.02,
ERCOT,92.5,20,70,10,0,122,0.5,0.5,0.0,94.02,
ERCOT,92.5,20,70,10,0,122,0.5,0.5,0.5,94.02,
ERCOT,92.5,20,70,10,0,122,0.5,0.75,0.0,94.02,
ERCOT,92.5,20,70,10,0,122,0.5,0.75,0.5,94.02,
ERCOT,92.5,20,70,10,0,122,0.5,1.0,0.0,94.02,
ERCOT,92.5,20,70,10,0,122,0.5,1.0,0.5,94.02,
ERCOT,92.5,20,75,5,0,242,0.0,0.0,1.0,92.67,
ERCOT,92.5,20,75,5,0,202,0.0,0.0,1.5,93.01,
ERCOT,92.5,20,75,5,0,167,0.0,0.0,2.0,92.75,
ERCOT,92.5,20,75,5,0,152,0.0,0.0,2.5,93.28,
ERCOT,92.5,20,75,5,0,132,0.0,0.25,0.0,93.24,
ERCOT,92.5,20,75,5,0,127,0.0,0.25,0.5,93.22,
ERCOT,92.5,20,75,5,0,122,0.0,0.25,1.0,92.74,
ERCOT,92.5,20,75,5,0,122,0.0,0.25,1.5,93.46,
ERCOT,92.5,20,75,5,0,122,0.0,0.5,0.0,92.94,
ERCOT,92.5,20,75,5,0,122,0.0,0.5,0.5,92.94,
ERCOT,92.5,20,75,5,0,122,0.0,0.75,0.0,92.94,
ERCOT,92.5,20,75,5,0,122,0.0,0.75,0.5,92.94,
ERCOT,92.5,20,75,5,0,122,0.0,1.0,0.0,92.94,
ERCOT,92.5,20,75,5,0,122,0.0,1.0,0.5,92.94,
ERCOT,92.5,20,75,5,0,122,0.25,0.0,0.0,92.77,
ERCOT,92.5,20,75,5,0,122,0.25,0.0,0.5,92.77,
ERCOT,92.5,20,75,5,0,122,0.25,0.25,0.0,92.77,
ERCOT,92.5,20,75,5,0,122,0.25,0.25,0.5,92.77,
ERCOT,92.5,20,75,5,0,122,0.25,0.5,0.0,92.77,
ERCOT,92.5,20,75,5,0,122,0.25,0.5,0.5,92.77,
ERCOT,92.5,20,75,5,0,122,0.25,0.75,0.0,92.77,
ERCOT,92.5,20,75,5,0,122,0.25,0.75,0.5,92.77,
ERCOT,92.5,20,75,5,0,122,0.25,1.0,0.0,92.77,
ERCOT,92.5,20,75,5,0,122,0.25,1.0,0.5,92.77,
ERCOT,92.5,20,75,5,0,122,0.5,0.0,0.0,92.77,
ERCOT,92.5,20,75,5,0,122,0.5,0.0,0.5,92.77,
ERCOT,92.5,20,75,5,0,122,0.5,0.25,0.0,92.77,
ERCOT,92.5,20,75,5,0,122,0.5,0.25,0.5,92.77,
ERCOT,92.5,20,75,5,0,122,0.5,0.5,0.0,92.77,
ERCOT,92.5,20,75,5,0,122,0.5,0.5,0.5,92.77,
ERCOT,92.5,20,75,5,0,122,0.5,0.75,0.0,92.77,
ERCOT,92.5,20,75,5,0,122,0.5,0.75,0.5,92.77,
ERCOT,92.5,20,75,5,0,122,0.5,1.0,0.0,92.77,
ERCOT,92.5,20,75,5,0,122,0.5,1.0,0.5,92.77,
ERCOT,92.5,20,80,0,0,250,0.0,0.0,1.5,92.74,
ERCOT,92.5,20,80,0,0,202,0.0,0.0,2.0,92.8,
ERCOT,92.5,20,80,0,0,172,0.0,0.0,2.5,93.26,
ERCOT,92.5,20,80,0,0,147,0.0,0.25,0.0,93.45,
ERCOT,92.5,20,80,0,0,137,0.0,0.25,0.5,93.12,
ERCOT,92.5,20,80,0,0,132,0.0,0.25,1.0,93.39,
ERCOT,92.5,20,80,0,0,127,0.0,0.25,1.5,93.14,
ERCOT,92.5,20,80,0,0,127,0.0,0.25,2.0,93.85,
ERCOT,92.5,20,80,0,0,127,0.0,0.5,0.0,92.86,
ERCOT,92.5,20,80,0,0,127,0.0,0.5,0.5,92.86,
ERCOT,92.5,20,80,0,0,127,0.0,0.75,0.0,92.86,
ERCOT,92.5,20,80,0,0,127,0.0,0.75,0.5,92.86,
ERCOT,92.5,20,80,0,0,127,0.0,1.0,0.0,92.86,
ERCOT,92.5,20,80,0,0,127,0.0,1.0,0.5,92.86,
ERCOT,92.5,20,80,0,0,127,0.25,0.0,0.0,92.69,
ERCOT,92.5,20,80,0,0,127,0.25,0.0,0.5,92.69,
ERCOT,92.5,20,80,0,0,127,0.25,0.25,0.0,92.69,
ERCOT,92.5,20,80,0,0,127,0.25,0.25,0.5,92.69,
ERCOT,92.5,20,80,0,0,127,0.25,0.5,0.0,92.69,
ERCOT,92.5,20,80,0,0,127,0.25,0.5,0.5,92.69,
ERCOT,92.5,20,80,0,0,127,0.25,0.75,0.0,92.69,
ERCOT,92.5,20,80,0,0,127,0.25,0.75,0.5,92.69,
ERCOT,92.5,20,80,0,0,127,0.25,1.0,0.0,92.69,
ERCOT,92.5,20,80,0,0,127,0.25,1.0,0.5,92.69,
ERCOT,92.5,20,80,0,0,127,0.5,0.0,0.0,92.69,
ERCOT,92.5,20,80,0,0,127,0.5,0.0,0.5,92.69,
ERCOT,92.5,20,80,0,0,127,0.5,0.25,0.0,92.69,
ERCOT,92.5,20,80,0,0,127,0.5,0.25,0.5,92.69,
ERCOT,92.5,20,80,0,0,127,0.5,0.5,0.0,92.69,
ERCOT,92.5,20,80,0,0,127,0.5,0.5,0.5,92.69,
ERCOT,92.5,20,80,0,0,127,0.5,0.75,0.0,92.69,
ERCOT,92.5,20,80,0,0,127,0.5,0.75,0.5,92.69,
ERCOT,92.5,20,80,0,0,127,0.5,1.0,0.0,92.69,
ERCOT,92.5,20,80,0,0,127,0.5,1.0,0.5,92.69,
ERCOT,92.5,25,70,5,0,247,0.0,0.0,0.5,93.27,
ERCOT,92.5,25,70,5,0,207,0.0,0.0,1.0,93.09,
ERCOT,92.5,25,70,5,0,172,0.0,0.0,1.5,92.83,
ERCOT,92.5,25,70,5,0,152,0.0,0.0,2.0,93.42,
ERCOT,92.5,25,70,5,0,142,0.0,0.0,2.5,93.27,
ERCOT,92.5,25,70,5,0,122,0.0,0.25,0.0,92.97,
ERCOT,92.5,25,70,5,0,122,0.0,0.25,0.5,93.79,
ERCOT,92.5,25,70,5,0,122,0.0,0.5,0.0,94.01,
ERCOT,92.5,25,70,5,0,122,0.0,0.5,0.5,94.01,
ERCOT,92.5,25,70,5,0,122,0.0,0.75,0.0,94.01,
ERCOT,92.5,25,70,5,0,122,0.0,0.75,0.5,94.01,
ERCOT,92.5,25,70,5,0,122,0.0,1.0,0.0,94.01,
ERCOT,92.5,25,70,5,0,122,0.0,1.0,0.5,94.01,
ERCOT,92.5,25,70,5,0,122,0.25,0.0,0.0,93.87,
ERCOT,92.5,25,70,5,0,122,0.25,0.0,0.5,93.87,
ERCOT,92.5,25,70,5,0,122,0.25,0.25,0.0,93.87,
ERCOT,92.5,25,70,5,0,122,0.25,0.25,0.5,93.87,
ERCOT,92.5,25,70,5,0,122,0.25,0.5,0.0,93.87,
ERCOT,92.5,25,70,5,0,122,0.25,0.5,0.5,93.87,
ERCOT,92.5,25,70,5,0,122,0.25,0.75,0.0,93.87,
ERCOT,92.5,25,70,5,0,122,0.25,0.75,0.5,93.87,
ERCOT,92.5,25,70,5,0,122,0.25,1.0,0.0,93.87,
ERCOT,92.5,25,70,5,0,122,0.25,1.0,0.5,93.87,
ERCOT,92.5,25,70,5,0,122,0.5,0.0,0.0,93.87,
ERCOT,92.5,25,70,5,0,122,0.5,0.0,0.5,93.87,
ERCOT,92.5,25,70,5,0,122,0.5,0.25,0.0,93.87,
ERCOT,92.5,25,70,5,0,122,0.5,0.25,0.5,93.87,
ERCOT,92.5,25,70,5,0,122,0.5,0.5,0.0,93.87,
ERCOT,92.5,25,70,5,0,122,0.5,0.5,0.5,93.87,
ERCOT,92.5,25,70,5,0,122,0.5,0.75,0.0,93.87,
ERCOT,92.5,25,70,5,0,122,0.5,0.75,0.5,93.87,
ERCOT,92.5,25,70,5,0,122,0.5,1.0,0.0,93.87,
ERCOT,92.5,25,70,5,0,122,0.5,1.0,0.5,93.87,
ERCOT,92.5,25,75,0,0,250,0.0,0.0,1.0,92.84,
ERCOT,92.5,25,75,0,0,207,0.0,0.0,1.5,93.08,
ERCOT,92.5,25,75,0,0,172,0.0,0.0,2.0,93.08,
ERCOT,92.5,25,75,0,0,152,0.0,0.0,2.5,92.91,
ERCOT,92.5,25,75,0,0,132,0.0,0.25,0.0,92.96,
ERCOT,92.5,25,75,0,0,127,0.0,0.25,0.5,92.96,
ERCOT,92.5,25,75,0,0,127,0.0,0.25,1.0,94.08,
ERCOT,92.5,25,75,0,0,122,0.0,0.5,0.0,92.68,
ERCOT,92.5,25,75,0,0,122,0.0,0.5,0.5,92.68,
ERCOT,92.5,25,75,0,0,122,0.0,0.75,0.0,92.68,
ERCOT,92.5,25,75,0,0,122,0.0,0.75,0.5,92.68,
ERCOT,92.5,25,75,0,0,122,0.0,1.0,0.0,92.68,
ERCOT,92.5,25,75,0,0,122,0.0,1.0,0.5,92.68,
ERCOT,92.5,25,75,0,0,127,0.25,0.0,0.0,93.86,
ERCOT,92.5,25,75,0,0,127,0.25,0.0,0.5,93.86,
ERCOT,92.5,25,75,0,0,127,0.25,0.25,0.0,93.86,
ERCOT,92.5,25,75,0,0,127,0.25,0.25,0.5,93.86,
ERCOT,92.5,25,75,0,0,127,0.25,0.5,0.0,93.86,
ERCOT,92.5,25,75,0,0,127,0.25,0.5,0.5,93.86,
ERCOT,92.5,25,75,0,0,127,0.25,0.75,0.0,93.86,
ERCOT,92.5,25,75,0,0,127,0.25,0.75,0.5,93.86,
ERCOT,92.5,25,75,0,0,127,0.25,1.0,0.0,93.86,
ERCOT,92.5,25,75,0,0,127,0.25,1.0,0.5,93.86,
ERCOT,92.5,25,75,0,0,127,0.5,0.0,0.0,93.86,
ERCOT,92.5,25,75,0,0,127,0.5,0.0,0.5,93.86,
ERCOT,92.5,25,75,0,0,127,0.5,0.25,0.0,93.86,
ERCOT,92.5,25,75,0,0,127,0.5,0.25,0.5,93.86,
ERCOT,92.5,25,75,0,0,127,0.5,0.5,0.0,93.86,
ERCOT,92.5,25,75,0,0,127,0.5,0.5,0.5,93.86,
ERCOT,92.5,25,75,0,0,127,0.5,0.75,0.0,93.86,
ERCOT,92.5,25,75,0,0,127,0.5,0.75,0.5,93.86,
ERCOT,92.5,25,75,0,0,127,0.5,1.0,0.0,93.86,
ERCOT,92.5,25,75,0,0,127,0.5,1.0,0.5,93.86,
ERCOT,92.5,30,70,0,0,250,0.0,0.0,0.5,92.64,
ERCOT,92.5,30,70,0,0,212,0.0,0.0,1.0,93.14,
ERCOT,92.5,30,70,0,0,177,0.0,0.0,1.5,93.16,
ERCOT,92.5,30,70,0,0,152,0.0,0.0,2.0,93.02,
ERCOT,92.5,30,70,0,0,142,0.0,0.0,2.5,92.53,
ERCOT,92.5,30,70,0,0,122,0.0,0.25,0.0,92.63,
ERCOT,92.5,30,70,0,0,122,0.0,0.25,0.5,93.48,
ERCOT,92.5,30,70,0,0,122,0.0,0.5,0.0,93.77,
ERCOT,92.5,30,70,0,0,122,0.0,0.5,0.5,93.77,
ERCOT,92.5,30,70,0,0,122,0.0,0.75,0.0,93.77,
ERCOT,92.5,30,70,0,0,122,0.0,0.75,0.5,93.77,
ERCOT,92.5,30,70,0,0,122,0.0,1.0,0.0,93.77,
ERCOT,92.5,30,70,0,0,122,0.0,1.0,0.5,93.77,
ERCOT,92.5,30,70,0,0,122,0.25,0.0,0.0,93.61,
ERCOT,92.5,30,70,0,0,122,0.25,0.0,0.5,93.61,
ERCOT,92.5,30,70,0,0,122,0.25,0.25,0.0,93.61,
ERCOT,92.5,30,70,0,0,122,0.25,0.25,0.5,93.61,
ERCOT,92.5,30,70,0,0,122,0.25,0.5,0.0,93.61,
ERCOT,92.5,30,70,0,0,122,0.25,0.5,0.5,93.61,
ERCOT,92.5,30,70,0,0,122,0.25,0.75,0.0,93.61,
ERCOT,92.5,30,70,0,0,122,0.25,0.75,0.5,93.61,
ERCOT,92.5,30,70,0,0,122,0.25,1.0,0.0,93.61,
ERCOT,92.5,30,70,0,0,122,0.25,1.0,0.5,93.61,
ERCOT,92.5,30,70,0,0,122,0.5,0.0,0.0,93.61,
ERCOT,92.5,30,70,0,0,122,0.5,0.0,0.5,93.61,
ERCOT,92.5,30,70,0,0,122,0.5,0.25,0.0,93.61,
ERCOT,92.5,30,70,0,0,122,0.5,0.25,0.5,93.61,
ERCOT,92.5,30,70,0,0,122,0.5,0.5,0.0,93.61,
ERCOT,92.5,30,70,0,0,122,0.5,0.5,0.5,93.61,
ERCOT,92.5,30,70,0,0,122,0.5,0.75,0.0,93.61,
ERCOT,92.5,30,70,0,0,122,0.5,0.75,0.5,93.61,
ERCOT,92.5,30,70,0,0,122,0.5,1.0,0.0,93.61,
ERCOT,92.5,30,70,0,0,122,0.5,1.0,0.5,93.61,
ERCOT,92.5,35,65,0,0,217,0.0,0.0,0.5,93.01,
ERCOT,92.5,35,65,0,0,182,0.0,0.0,1.0,92.77,
ERCOT,92.5,35,65,0,0,157,0.0,0.0,1.5,93.44,
ERCOT,92.5,35,65,0,0,142,0.0,0.0,2.0,93.61,
ERCOT,92.5,35,65,0,0,137,0.0,0.0,2.5,92.77,
ERCOT,92.5,35,65,0,0,117,0.0,0.25,0.0,92.79,
ERCOT,92.5,35,65,0,0,117,0.0,0.25,0.5,93.08,
ERCOT,92.5,35,65,0,0,117,0.0,0.5,0.0,93.02,
ERCOT,92.5,35,65,0,0,117,0.0,0.5,0.5,93.02,
ERCOT,92.5,35,65,0,0,117,0.0,0.75,0.0,93.02,
ERCOT,92.5,35,65,0,0,117,0.0,0.75,0.5,93.02,
ERCOT,92.5,35,65,0,0,117,0.0,1.0,0.0,93.02,
ERCOT,92.5,35,65,0,0,117,0.0,1.0,0.5,93.02,
ERCOT,92.5,35,65,0,0,117,0.25,0.0,0.0,92.81,
ERCOT,92.5,35,65,0,0,117,0.25,0.0,0.5,92.81,
ERCOT,92.5,35,65,0,0,117,0.25,0.25,0.0,92.81,
ERCOT,92.5,35,65,0,0,117,0.25,0.25,0.5,92.81,
ERCOT,92.5,35,65,0,0,117,0.25,0.5,0.0,92.81,
ERCOT,92.5,35,65,0,0,117,0.25,0.5,0.5,92.81,
ERCOT,92.5,35,65,0,0,117,0.25,0.75,0.0,92.81,
ERCOT,92.5,35,65,0,0,117,0.25,0.75,0.5,92.81,
ERCOT,92.5,35,65,0,0,117,0.25,1.0,0.0,92.81,
ERCOT,92.5,35,65,0,0,117,0.25,1.0,0.5,92.81,
ERCOT,92.5,35,65,0,0,117,0.5,0.0,0.0,92.81,
ERCOT,92.5,35,65,0,0,117,0.5,0.0,0.5,92.81,
ERCOT,92.5,35,65,0,0,117,0.5,0.25,0.0,92.81,
ERCOT,92.5,35,65,0,0,117,0.5,0.25,0.5,92.81,
ERCOT,92.5,35,65,0,0,117,0.5,0.5,0.0,92.81,
ERCOT,92.5,35,65,0,0,117,0.5,0.5,0.5,92.81,
ERCOT,92.5,35,65,0,0,117,0.5,0.75,0.0,92.81,
ERCOT,92.5,35,65,0,0,117,0.5,0.75,0.5,92.81,
ERCOT,92.5,35,65,0,0,117,0.5,1.0,0.0,92.81,
ERCOT,92.5,35,65,0,0,117,0.5,1.0,0.5,92.81,
ERCOT,92.5,41,10,49,0,112,0.0,0.0,0.0,93.0,
ERCOT,92.5,41,11,48,0,112,0.0,0.0,0.0,93.15,
ERCOT,92.5,41,12,47,0,112,0.0,0.0,0.0,93.25,
ERCOT,92.5,41,13,46,0,112,0.0,0.0,0.0,93.33,
ERCOT,92.5,41,14,45,0,112,0.0,0.0,0.0,93.38,
ERCOT,92.5,42,9,49,0,112,0.0,0.0,0.0,92.9,
ERCOT,92.5,42,10,48,0,112,0.0,0.0,0.0,93.07,
ERCOT,92.5,42,11,47,0,112,0.0,0.0,0.0,93.21,
ERCOT,92.5,42,12,46,0,112,0.0,0.0,0.0,93.32,
ERCOT,92.5,42,13,45,0,112,0.0,0.0,0.0,93.39,
ERCOT,92.5,42,14,44,0,112,0.0,0.0,0.0,93.43,
ERCOT,92.5,43,8,49,0,112,0.0,0.0,0.0,92.78,
ERCOT,92.5,43,9,48,0,112,0.0,0.0,0.0,92.97,
ERCOT,92.5,43,10,47,0,112,0.0,0.0,0.0,93.14,
ERCOT,92.5,43,11,46,0,112,0.0,0.0,0.0,93.28,
ERCOT,92.5,43,12,45,0,112,0.0,0.0,0.0,93.38,
ERCOT,92.5,43,13,44,0,112,0.0,0.0,0.0,93.45,
ERCOT,92.5,43,14,43,0,112,0.0,0.0,0.0,93.49,
ERCOT,92.5,44,7,49,0,112,0.0,0.0,0.0,92.63,
ERCOT,92.5,44,8,48,0,112,0.0,0.0,0.0,92.85,
ERCOT,92.5,44,9,47,0,112,0.0,0.0,0.0,93.04,
ERCOT,92.5,44,10,46,0,112,0.0,0.0,0.0,93.21,
ERCOT,92.5,44,11,45,0,112,0.0,0.0,0.0,93.34,
ERCOT,92.5,44,12,44,0,112,0.0,0.0,0.0,93.44,
ERCOT,92.5,44,13,43,0,112,0.0,0.0,0.0,93.51,
ERCOT,92.5,44,14,42,0,112,0.0,0.0,0.0,93.54,
ERCOT,92.5,45,6,49,0,117,0.0,0.0,0.0,93.91,
ERCOT,92.5,45,7,48,0,112,0.0,0.0,0.0,92.7,
ERCOT,92.5,45,8,47,0,112,0.0,0.0,0.0,92.92,
ERCOT,92.5,45,9,46,0,112,0.0,0.0,0.0,93.11,
ERCOT,92.5,45,11,44,0,112,0.0,0.0,0.0,93.4,
ERCOT,92.5,45,12,43,0,112,0.0,0.0,0.0,93.5,
ERCOT,92.5,45,13,42,0,112,0.0,0.0,0.0,93.56,
ERCOT,92.5,45,14,41,0,112,0.0,0.0,0.0,93.59,
ERCOT,92.5,46,6,48,0,112,0.0,0.0,0.0,92.54,
ERCOT,92.5,46,7,47,0,112,0.0,0.0,0.0,92.78,
ERCOT,92.5,46,8,46,0,112,0.0,0.0,0.0,92.99,
ERCOT,92.5,46,9,45,0,112,0.0,0.0,0.0,93.18,
ERCOT,92.5,46,10,44,0,112,0.0,0.0,0.0,93.34,
ERCOT,92.5,46,11,43,0,112,0.0,0.0,0.0,93.46,
ERCOT,92.5,46,12,42,0,112,0.0,0.0,0.0,93.56,
ERCOT,92.5,46,13,41,0,112,0.0,0.0,0.0,93.62,
ERCOT,92.5,47,6,47,0,112,0.0,0.0,0.0,92.61,
ERCOT,92.5,47,7,46,0,112,0.0,0.0,0.0,92.85,
ERCOT,92.5,47,8,45,0,112,0.0,0.0,0.0,93.06,
ERCOT,92.5,47,9,44,0,112,0.0,0.0,0.0,93.25,
ERCOT,92.5,47,10,43,0,112,0.0,0.0,0.0,93.4,
ERCOT,92.5,47,11,42,0,112,0.0,0.0,0.0,93.53,
ERCOT,92.5,47,12,41,0,112,0.0,0.0,0.0,93.62,
ERCOT,92.5,48,6,46,0,112,0.0,0.0,0.0,92.68,
ERCOT,92.5,48,7,45,0,112,0.0,0.0,0.0,92.92,
ERCOT,92.5,48,8,44,0,112,0.0,0.0,0.0,93.13,
ERCOT,92.5,48,9,43,0,112,0.0,0.0,0.0,93.31,
ERCOT,92.5,48,10,42,0,112,0.0,0.0,0.0,93.47,
ERCOT,92.5,48,11,41,0,112,0.0,0.0,0.0,93.59,
ERCOT,92.5,49,6,45,0,112,0.0,0.0,0.0,92.75,
ERCOT,92.5,49,7,44,0,112,0.0,0.0,0.0,92.98,
ERCOT,92.5,49,8,43,0,112,0.0,0.0,0.0,93.2,
ERCOT,92.5,49,9,42,0,112,0.0,0.0,0.0,93.38,
ERCOT,92.5,49,10,41,0,112,0.0,0.0,0.0,93.53,
ERCOT,92.5,61,25,14,0,122,0.0,0.0,0.0,93.81,
ERCOT,92.5,61,26,13,0,122,0.0,0.0,0.0,93.29,
ERCOT,92.5,61,27,12,0,122,0.0,0.0,0.0,92.74,
ERCOT,92.5,61,28,11,0,127,0.0,0.0,0.0,93.79,
ERCOT,92.5,61,29,10,0,127,0.0,0.0,0.0,93.23,
ERCOT,92.5,62,24,14,0,117,0.0,0.0,0.0,92.61,
ERCOT,92.5,62,25,13,0,122,0.0,0.0,0.0,93.76,
ERCOT,92.5,62,26,12,0,122,0.0,0.0,0.0,93.24,
ERCOT,92.5,62,27,11,0,122,0.0,0.0,0.0,92.68,
ERCOT,92.5,62,28,10,0,127,0.0,0.0,0.0,93.74,
ERCOT,92.5,62,29,9,0,127,0.0,0.0,0.0,93.17,
ERCOT,92.5,63,23,14,0,117,0.0,0.0,0.0,93.08,
ERCOT,92.5,63,24,13,0,117,0.0,0.0,0.0,92.56,
ERCOT,92.5,63,25,12,0,122,0.0,0.0,0.0,93.72,
ERCOT,92.5,63,26,11,0,122,0.0,0.0,0.0,93.19,
ERCOT,92.5,63,27,10,0,122,0.0,0.0,0.0,92.62,
ERCOT,92.5,63,28,9,0,127,0.0,0.0,0.0,93.68,
ERCOT,92.5,63,29,8,0,127,0.0,0.0,0.0,93.1,
ERCOT,92.5,64,22,14,0,117,0.0,0.0,0.0,93.53,
ERCOT,92.5,64,23,13,0,117,0.0,0.0,0.0,93.03,
ERCOT,92.5,64,24,12,0,117,0.0,0.0,0.0,92.5,
ERCOT,92.5,64,25,11,0,122,0.0,0.0,0.0,93.67,
ERCOT,92.5,64,26,10,0,122,0.0,0.0,0.0,93.13,
ERCOT,92.5,64,27,9,0,122,0.0,0.0,0.0,92.55,
ERCOT,92.5,64,28,8,0,127,0.0,0.0,0.0,93.62,
ERCOT,92.5,64,29,7,0,127,0.0,0.0,0.0,93.03,
ERCOT,92.5,65,21,14,0,117,0.0,0.0,0.0,93.95,
ERCOT,92.5,65,22,13,0,117,0.0,0.0,0.0,93.49,
ERCOT,92.5,65,23,12,0,117,0.0,0.0,0.0,92.98,
ERCOT,92.5,65,24,11,0,122,0.0,0.0,0.0,94.13,
ERCOT,92.5,65,26,9,0,122,0.0,0.0,0.0,93.07,
ERCOT,92.5,65,27,8,0,127,0.0,0.0,0.0,94.12,
ERCOT,92.5,65,28,7,0,127,0.0,0.0,0.0,93.56,
ERCOT,92.5,65,29,6,0,127,0.0,0.0,0.0,92.96,
ERCOT,92.5,66,21,13,0,117,0.0,0.0,0.0,93.92,
ERCOT,92.5,66,22,12,0,117,0.0,0.0,0.0,93.44,
ERCOT,92.5,66,23,11,0,117,0.0,0.0,0.0,92.93,
ERCOT,92.5,66,24,10,0,122,0.0,0.0,0.0,94.08,
ERCOT,92.5,66,25,9,0,122,0.0,0.0,0.0,93.56,
ERCOT,92.5,66,26,8,0,122,0.0,0.0,0.0,93.01,
ERCOT,92.5,66,27,7,0,127,0.0,0.0,0.0,94.06,
ERCOT,92.5,66,28,6,0,127,0.0,0.0,0.0,93.49,
ERCOT,92.5,67,21,12,0,117,0.0,0.0,0.0,93.88,
ERCOT,92.5,67,22,11,0,117,0.0,0.0,0.0,93.39,
ERCOT,92.5,67,23,10,0,117,0.0,0.0,0.0,92.87,
ERCOT,92.5,67,24,9,0,122,0.0,0.0,0.0,94.03,
ERCOT,92.5,67,25,8,0,122,0.0,0.0,0.0,93.51,
ERCOT,92.5,67,26,7,0,122,0.0,0.0,0.0,92.94,
ERCOT,92.5,67,27,6,0,127,0.0,0.0,0.0,94.0,
ERCOT,92.5,68,21,11,0,117,0.0,0.0,0.0,93.83,
ERCOT,92.5,68,22,10,0,117,0.0,0.0,0.0,93.34,
ERCOT,92.5,68,23,9,0,117,0.0,0.0,0.0,92.82,
ERCOT,92.5,68,24,8,0,122,0.0,0.0,0.0,93.98,
ERCOT,92.5,68,25,7,0,122,0.0,0.0,0.0,93.44,
ERCOT,92.5,68,26,6,0,122,0.0,0.0,0.0,92.87,
ERCOT,92.5,69,21,10,0,117,0.0,0.0,0.0,93.79,
ERCOT,92.5,69,22,9,0,117,0.0,0.0,0.0,93.29,
ERCOT,92.5,69,23,8,0,117,0.0,0.0,0.0,92.75,
ERCOT,92.5,69,24,7,0,122,0.0,0.0,0.0,93.92,
ERCOT,92.5,69,25,6,0,122,0.0,0.0,0.0,93.38,
ERCOT,92.5,26,50,24,0,172,0.0,0.0,0.0,92.73,
ERCOT,92.5,26,51,23,0,177,0.0,0.0,0.0,93.01,
ERCOT,92.5,26,52,22,0,182,0.0,0.0,0.0,93.25,
ERCOT,92.5,26,53,21,0,182,0.0,0.0,0.0,92.55,
ERCOT,92.5,26,54,20,0,187,0.0,0.0,0.0,92.74,
ERCOT,92.5,27,49,24,0,172,0.0,0.0,0.0,93.35,
ERCOT,92.5,27,50,23,0,172,0.0,0.0,0.0,92.71,
ERCOT,92.5,27,51,22,0,177,0.0,0.0,0.0,92.99,
ERCOT,92.5,27,52,21,0,182,0.0,0.0,0.0,93.24,
ERCOT,92.5,27,53,20,0,182,0.0,0.0,0.0,92.52,
ERCOT,92.5,27,54,19,0,187,0.0,0.0,0.0,92.71,
ERCOT,92.5,28,48,24,0,167,0.0,0.0,0.0,93.0,
ERCOT,92.5,28,49,23,0,172,0.0,0.0,0.0,93.34,
ERCOT,92.5,28,50,22,0,172,0.0,0.0,0.0,92.68,
ERCOT,92.5,28,51,21,0,177,0.0,0.0,0.0,92.97,
ERCOT,92.5,28,52,20,0,182,0.0,0.0,0.0,93.21,
ERCOT,92.5,28,53,19,0,187,0.0,0.0,0.0,93.41,
ERCOT,92.5,28,54,18,0,187,0.0,0.0,0.0,92.67,
ERCOT,92.5,29,47,24,0,162,0.0,0.0,0.0,92.6,
ERCOT,92.5,29,48,23,0,167,0.0,0.0,0.0,92.98,
ERCOT,92.5,29,49,22,0,172,0.0,0.0,0.0,93.32,
ERCOT,92.5,29,50,21,0,172,0.0,0.0,0.0,92.66,
ERCOT,92.5,29,51,20,0,177,0.0,0.0,0.0,92.94,
ERCOT,92.5,29,52,19,0,182,0.0,0.0,0.0,93.19,
ERCOT,92.5,29,53,18,0,187,0.0,0.0,0.0,93.39,
ERCOT,92.5,29,54,17,0,187,0.0,0.0,0.0,92.63,
ERCOT,92.5,30,46,24,0,162,0.0,0.0,0.0,93.2,
ERCOT,92.5,30,47,23,0,162,0.0,0.0,0.0,92.57,
ERCOT,92.5,30,48,22,0,167,0.0,0.0,0.0,92.96,
ERCOT,92.5,30,49,21,0,172,0.0,0.0,0.0,93.3,
ERCOT,92.5,30,51,19,0,177,0.0,0.0,0.0,92.91,
ERCOT,92.5,30,52,18,0,182,0.0,0.0,0.0,93.15,
ERCOT,92.5,30,53,17,0,187,0.0,0.0,0.0,93.35,
ERCOT,92.5,30,54,16,0,187,0.0,0.0,0.0,92.58,
ERCOT,92.5,31,46,23,0,162,0.0,0.0,0.0,93.18,
ERCOT,92.5,31,47,22,0,162,0.0,0.0,0.0,92.55,
ERCOT,92.5,31,48,21,0,167,0.0,0.0,0.0,92.94,
ERCOT,92.5,31,49,20,0,172,0.0,0.0,0.0,93.28,
ERCOT,92.5,31,50,19,0,172,0.0,0.0,0.0,92.58,
ERCOT,92.5,31,51,18,0,177,0.0,0.0,0.0,92.87,
ERCOT,92.5,31,52,17,0,182,0.0,0.0,0.0,93.12,
ERCOT,92.5,31,53,16,0,187,0.0,0.0,0.0,93.32,
ERCOT,92.5,32,46,22,0,162,0.0,0.0,0.0,93.16,
ERCOT,92.5,32,47,21,0,162,0.0,0.0,0.0,92.51,
ERCOT,92.5,32,48,20,0,167,0.0,0.0,0.0,92.91,
ERCOT,92.5,32,49,19,0,172,0.0,0.0,0.0,93.25,
ERCOT,92.5,32,50,18,0,172,0.0,0.0,0.0,92.54,
ERCOT,92.5,32,51,17,0,177,0.0,0.0,0.0,92.83,
ERCOT,92.5,32,52,16,0,182,0.0,0.0,0.0,93.08,
ERCOT,92.5,33,46,21,0,162,0.0,0.0,0.0,93.14,
ERCOT,92.5,33,47,20,0,167,0.0,0.0,0.0,93.53,
ERCOT,92.5,33,48,19,0,167,0.0,0.0,0.0,92.87,
ERCOT,92.5,33,49,18,0,172,0.0,0.0,0.0,93.22,
ERCOT,92.5,33,50,17,0,177,0.0,0.0,0.0,93.51,
ERCOT,92.5,33,51,16,0,177,0.0,0.0,0.0,92.79,
ERCOT,92.5,34,46,20,0,162,0.0,0.0,0.0,93.11,
ERCOT,92.5,34,47,19,0,167,0.0,0.0,0.0,93.5,
ERCOT,92.5,34,48,18,0,167,0.0,0.0,0.0,92.83,
ERCOT,92.5,34,49,17,0,172,0.0,0.0,0.0,93.18,
ERCOT,92.5,34,50,16,0,177,0.0,0.0,0.0,93.48,
ERCOT,92.5,1,10,89,0,127,0.0,0.0,0.0,93.53,
ERCOT,92.5,1,11,88,0,122,0.0,0.0,0.0,92.67,
ERCOT,92.5,1,12,87,0,122,0.0,0.0,0.0,92.88,
ERCOT,92.5,1,13,86,0,122,0.0,0.0,0.0,93.07,
ERCOT,92.5,1,14,85,0,122,0.0,0.0,0.0,93.23,
ERCOT,92.5,2,9,89,0,127,0.0,0.0,0.0,93.37,
ERCOT,92.5,2,10,88,0,122,0.0,0.0,0.0,92.53,
ERCOT,92.5,2,11,87,0,122,0.0,0.0,0.0,92.76,
ERCOT,92.5,2,12,86,0,122,0.0,0.0,0.0,92.97,
ERCOT,92.5,2,13,85,0,122,0.0,0.0,0.0,93.16,
ERCOT,92.5,2,14,84,0,122,0.0,0.0,0.0,93.32,
ERCOT,92.5,3,8,89,0,127,0.0,0.0,0.0,93.19,
ERCOT,92.5,3,9,88,0,127,0.0,0.0,0.0,93.46,
ERCOT,92.5,3,10,87,0,122,0.0,0.0,0.0,92.63,
ERCOT,92.5,3,11,86,0,122,0.0,0.0,0.0,92.85,
ERCOT,92.5,3,12,85,0,122,0.0,0.0,0.0,93.06,
ERCOT,92.5,3,13,84,0,122,0.0,0.0,0.0,93.24,
ERCOT,92.5,3,14,83,0,122,0.0,0.0,0.0,93.41,
ERCOT,92.5,4,7,89,0,127,0.0,0.0,0.0,92.99,
ERCOT,92.5,4,8,88,0,127,0.0,0.0,0.0,93.28,
ERCOT,92.5,4,9,87,0,127,0.0,0.0,0.0,93.55,
ERCOT,92.5,4,10,86,0,122,0.0,0.0,0.0,92.72,
ERCOT,92.5,4,11,85,0,122,0.0,0.0,0.0,92.94,
ERCOT,92.5,4,12,84,0,122,0.0,0.0,0.0,93.15,
ERCOT,92.5,4,13,83,0,122,0.0,0.0,0.0,93.33,
ERCOT,92.5,4,14,82,0,122,0.0,0.0,0.0,93.49,
ERCOT,92.5,5,6,89,0,127,0.0,0.0,0.0,92.77,
ERCOT,92.5,5,7,88,0,127,0.0,0.0,0.0,93.08,
ERCOT,92.5,5,8,87,0,127,0.0,0.0,0.0,93.37,
ERCOT,92.5,5,9,86,0,122,0.0,0.0,0.0,92.56,
ERCOT,92.5,5,11,84,0,122,0.0,0.0,0.0,93.03,
ERCOT,92.5,5,12,83,0,122,0.0,0.0,0.0,93.24,
ERCOT,92.5,5,13,82,0,122,0.0,0.0,0.0,93.42,
ERCOT,92.5,5,14,81,0,122,0.0,0.0,0.0,93.58,
ERCOT,92.5,6,6,88,0,127,0.0,0.0,0.0,92.86,
ERCOT,92.5,6,7,87,0,127,0.0,0.0,0.0,93.17,
ERCOT,92.5,6,8,86,0,127,0.0,0.0,0.0,93.47,
ERCOT,92.5,6,9,85,0,122,0.0,0.0,0.0,92.66,
ERCOT,92.5,6,10,84,0,122,0.0,0.0,0.0,92.9,
ERCOT,92.5,6,11,83,0,122,0.0,0.0,0.0,93.12,
ERCOT,92.5,6,12,82,0,122,0.0,0.0,0.0,93.33,
ERCOT,92.5,6,13,81,0,122,0.0,0.0,0.0,93.51,
ERCOT,92.5,7,6,87,0,127,0.0,0.0,0.0,92.96,
ERCOT,92.5,7,7,86,0,127,0.0,0.0,0.0,93.27,
ERCOT,92.5,7,8,85,0,127,0.0,0.0,0.0,93.56,
ERCOT,92.5,7,9,84,0,122,0.0,0.0,0.0,92.75,
ERCOT,92.5,7,10,83,0,122,0.0,0.0,0.0,92.99,
ERCOT,92.5,7,11,82,0,122,0.0,0.0,0.0,93.21,
ERCOT,92.5,7,12,81,0,122,0.0,0.0,0.0,93.41,
ERCOT,92.5,8,6,86,0,127,0.0,0.0,0.0,93.05,
ERCOT,92.5,8,7,85,0,127,0.0,0.0,0.0,93.36,
ERCOT,92.5,8,8,84,0,122,0.0,0.0,0.0,92.58,
ERCOT,92.5,8,9,83,0,122,0.0,0.0,0.0,92.84,
ERCOT,92.5,8,10,82,0,122,0.0,0.0,0.0,93.08,
ERCOT,92.5,8,11,81,0,122,0.0,0.0,0.0,93.3,
ERCOT,92.5,9,6,85,0,127,0.0,0.0,0.0,93.14,
ERCOT,92.5,9,7,84,0,127,0.0,0.0,0.0,93.45,
ERCOT,92.5,9,8,83,0,122,0.0,0.0,0.0,92.67,
ERCOT,92.5,9,9,82,0,122,0.0,0.0,0.0,92.93,
ERCOT,92.5,9,10,81,0,122,0.0,0.0,0.0,93.17,
ERCOT,92.5,1,20,79,0,122,0.0,0.0,0.0,93.6,
ERCOT,92.5,1,21,78,0,122,0.0,0.0,0.0,93.55,
ERCOT,92.5,1,22,77,0,122,0.0,0.0,0.0,93.47,
ERCOT,92.5,1,23,76,0,122,0.0,0.0,0.0,93.34,
ERCOT,92.5,1,24,75,0,122,0.0,0.0,0.0,93.19,
ERCOT,92.5,2,19,79,0,122,0.0,0.0,0.0,93.7,
ERCOT,92.5,2,20,78,0,122,0.0,0.0,0.0,93.67,
ERCOT,92.5,2,21,77,0,122,0.0,0.0,0.0,93.61,
ERCOT,92.5,2,22,76,0,122,0.0,0.0,0.0,93.52,
ERCOT,92.5,2,23,75,0,122,0.0,0.0,0.0,93.4,
ERCOT,92.5,2,24,74,0,122,0.0,0.0,0.0,93.24,
ERCOT,92.5,3,18,79,0,117,0.0,0.0,0.0,92.51,
ERCOT,92.5,3,19,78,0,117,0.0,0.0,0.0,92.53,
ERCOT,92.5,3,20,77,0,117,0.0,0.0,0.0,92.51,
ERCOT,92.5,3,21,76,0,122,0.0,0.0,0.0,93.68,
ERCOT,92.5,3,22,75,0,122,0.0,0.0,0.0,93.58,
ERCOT,92.5,3,23,74,0,122,0.0,0.0,0.0,93.45,
ERCOT,92.5,3,24,73,0,122,0.0,0.0,0.0,93.29,
ERCOT,92.5,4,17,79,0,117,0.0,0.0,0.0,92.53,
ERCOT,92.5,4,18,78,0,117,0.0,0.0,0.0,92.58,
ERCOT,92.5,4,19,77,0,117,0.0,0.0,0.0,92.6,
ERCOT,92.5,4,20,76,0,117,0.0,0.0,0.0,92.57,
ERCOT,92.5,4,21,75,0,117,0.0,0.0,0.0,92.52,
ERCOT,92.5,4,22,74,0,122,0.0,0.0,0.0,93.64,
ERCOT,92.5,4,23,73,0,122,0.0,0.0,0.0,93.51,
ERCOT,92.5,4,24,72,0,122,0.0,0.0,0.0,93.34,
ERCOT,92.5,5,16,79,0,117,0.0,0.0,0.0,92.53,
ERCOT,92.5,5,17,78,0,117,0.0,0.0,0.0,92.61,
ERCOT,92.5,5,18,77,0,117,0.0,0.0,0.0,92.65,
ERCOT,92.5,5,19,76,0,117,0.0,0.0,0.0,92.67,
ERCOT,92.5,5,21,74,0,117,0.0,0.0,0.0,92.58,
ERCOT,92.5,5,22,73,0,122,0.0,0.0,0.0,93.7,
ERCOT,92.5,5,23,72,0,122,0.0,0.0,0.0,93.56,
ERCOT,92.5,5,24,71,0,122,0.0,0.0,0.0,93.38,
ERCOT,92.5,6,16,78,0,117,0.0,0.0,0.0,92.61,
ERCOT,92.5,6,17,77,0,117,0.0,0.0,0.0,92.69,
ERCOT,92.5,6,18,76,0,117,0.0,0.0,0.0,92.73,
ERCOT,92.5,6,19,75,0,117,0.0,0.0,0.0,92.73,
ERCOT,92.5,6,20,74,0,117,0.0,0.0,0.0,92.7,
ERCOT,92.5,6,21,73,0,117,0.0,0.0,0.0,92.64,
ERCOT,92.5,6,22,72,0,117,0.0,0.0,0.0,92.54,
ERCOT,92.5,6,23,71,0,122,0.0,0.0,0.0,93.61,
ERCOT,92.5,7,16,77,0,117,0.0,0.0,0.0,92.69,
ERCOT,92.5,7,17,76,0,117,0.0,0.0,0.0,92.76,
ERCOT,92.5,7,18,75,0,117,0.0,0.0,0.0,92.8,
ERCOT,92.5,7,19,74,0,117,0.0,0.0,0.0,92.8,
ERCOT,92.5,7,20,73,0,117,0.0,0.0,0.0,92.77,
ERCOT,92.5,7,21,72,0,117,0.0,0.0,0.0,92.7,
ERCOT,92.5,7,22,71,0,117,0.0,0.0,0.0,92.59,
ERCOT,92.5,8,16,76,0,117,0.0,0.0,0.0,92.77,
ERCOT,92.5,8,17,75,0,117,0.0,0.0,0.0,92.84,
ERCOT,92.5,8,18,74,0,117,0.0,0.0,0.0,92.87,
ERCOT,92.5,8,19,73,0,117,0.0,0.0,0.0,92.87,
ERCOT,92.5,8,20,72,0,117,0.0,0.0,0.0,92.83,
ERCOT,92.5,8,21,71,0,117,0.0,0.0,0.0,92.76,
ERCOT,92.5,9,16,75,0,117,0.0,0.0,0.0,92.85,
ERCOT,92.5,9,17,74,0,117,0.0,0.0,0.0,92.91,
ERCOT,92.5,9,18,73,0,117,0.0,0.0,0.0,92.94,
ERCOT,92.5,9,19,72,0,117,0.0,0.0,0.0,92.93,
ERCOT,92.5,9,20,71,0,117,0.0,0.0,0.0,92.89,
ERCOT,92.5,6,5,89,0,127,0.0,0.0,0.0,92.53,
ERCOT,92.5,7,4,89,0,132,0.0,0.0,0.0,93.2,
ERCOT,92.5,7,5,88,0,127,0.0,0.0,0.0,92.63,
ERCOT,92.5,8,3,89,0,132,0.0,0.0,0.0,92.92,
ERCOT,92.5,8,4,88,0,132,0.0,0.0,0.0,93.29,
ERCOT,92.5,8,5,87,0,127,0.0,0.0,0.0,92.72,
ERCOT,92.5,9,2,89,0,132,0.0,0.0,0.0,92.63,
ERCOT,92.5,9,3,88,0,132,0.0,0.0,0.0,93.01,
ERCOT,92.5,9,4,87,0,132,0.0,0.0,0.0,93.39,
ERCOT,92.5,9,5,86,0,127,0.0,0.0,0.0,92.81,
ERCOT,92.5,10,1,89,0,137,0.0,0.0,0.0,93.12,
ERCOT,92.5,10,2,88,0,132,0.0,0.0,0.0,92.72,
ERCOT,92.5,10,3,87,0,132,0.0,0.0,0.0,93.11,
ERCOT,92.5,10,4,86,0,127,0.0,0.0,0.0,92.56,
ERCOT,92.5,10,6,84,0,127,0.0,0.0,0.0,93.24,
ERCOT,92.5,10,7,83,0,127,0.0,0.0,0.0,93.55,
ERCOT,92.5,10,8,82,0,122,0.0,0.0,0.0,92.76,
ERCOT,92.5,10,9,81,0,122,0.0,0.0,0.0,93.02,
ERCOT,92.5,11,1,88,0,137,0.0,0.0,0.0,93.21,
ERCOT,92.5,11,2,87,0,132,0.0,0.0,0.0,92.81,
ERCOT,92.5,11,3,86,0,132,0.0,0.0,0.0,93.2,
ERCOT,92.5,11,4,85,0,127,0.0,0.0,0.0,92.65,
ERCOT,92.5,11,5,84,0,127,0.0,0.0,0.0,93.0,
ERCOT,92.5,11,6,83,0,127,0.0,0.0,0.0,93.33,
ERCOT,92.5,11,7,82,0,122,0.0,0.0,0.0,92.57,
ERCOT,92.5,11,8,81,0,122,0.0,0.0,0.0,92.85,
ERCOT,92.5,12,1,87,0,132,0.0,0.0,0.0,92.5,
ERCOT,92.5,12,2,86,0,132,0.0,0.0,0.0,92.91,
ERCOT,92.5,12,3,85,0,132,0.0,0.0,0.0,93.3,
ERCOT,92.5,12,4,84,0,127,0.0,0.0,0.0,92.75,
ERCOT,92.5,12,5,83,0,127,0.0,0.0,0.0,93.09,
ERCOT,92.5,12,6,82,0,127,0.0,0.0,0.0,93.42,
ERCOT,92.5,12,7,81,0,122,0.0,0.0,0.0,92.66,
ERCOT,92.5,13,1,86,0,132,0.0,0.0,0.0,92.6,
ERCOT,92.5,13,2,85,0,132,0.0,0.0,0.0,93.0,
ERCOT,92.5,13,3,84,0,132,0.0,0.0,0.0,93.39,
ERCOT,92.5,13,4,83,0,127,0.0,0.0,0.0,92.84,
ERCOT,92.5,13,5,82,0,127,0.0,0.0,0.0,93.19,
ERCOT,92.5,13,6,81,0,127,0.0,0.0,0.0,93.51,
ERCOT,92.5,14,1,85,0,132,0.0,0.0,0.0,92.69,
ERCOT,92.5,14,2,84,0,132,0.0,0.0,0.0,93.09,
ERCOT,92.5,14,3,83,0,127,0.0,0.0,0.0,92.57,
ERCOT,92.5,14,4,82,0,127,0.0,0.0,0.0,92.93,
ERCOT,92.5,14,5,81,0,127,0.0,0.0,0.0,93.28,
ERCOT,92.5,26,15,59,0,117,0.0,0.0,0.0,94.02,
ERCOT,92.5,26,16,58,0,112,0.0,0.0,0.0,92.53,
ERCOT,92.5,26,17,57,0,112,0.0,0.0,0.0,92.52,
ERCOT,92.5,26,18,56,0,117,0.0,0.0,0.0,94.01,
ERCOT,92.5,26,19,55,0,117,0.0,0.0,0.0,93.93,
ERCOT,92.5,27,14,59,0,117,0.0,0.0,0.0,94.02,
ERCOT,92.5,27,15,58,0,112,0.0,0.0,0.0,92.56,
ERCOT,92.5,27,16,57,0,112,0.0,0.0,0.0,92.59,
ERCOT,92.5,27,17,56,0,112,0.0,0.0,0.0,92.58,
ERCOT,92.5,27,18,55,0,112,0.0,0.0,0.0,92.54,
ERCOT,92.5,27,19,54,0,117,0.0,0.0,0.0,93.98,
ERCOT,92.5,28,13,59,0,117,0.0,0.0,0.0,93.99,
ERCOT,92.5,28,14,58,0,112,0.0,0.0,0.0,92.57,
ERCOT,92.5,28,15,57,0,112,0.0,0.0,0.0,92.63,
ERCOT,92.5,28,16,56,0,112,0.0,0.0,0.0,92.65,
ERCOT,92.5,28,17,55,0,112,0.0,0.0,0.0,92.64,
ERCOT,92.5,28,18,54,0,112,0.0,0.0,0.0,92.59,
ERCOT,92.5,28,19,53,0,112,0.0,0.0,0.0,92.51,
ERCOT,92.5,29,12,59,0,117,0.0,0.0,0.0,93.94,
ERCOT,92.5,29,13,58,0,112,0.0,0.0,0.0,92.55,
ERCOT,92.5,29,14,57,0,112,0.0,0.0,0.0,92.64,
ERCOT,92.5,29,15,56,0,112,0.0,0.0,0.0,92.69,
ERCOT,92.5,29,16,55,0,112,0.0,0.0,0.0,92.71,
ERCOT,92.5,29,17,54,0,112,0.0,0.0,0.0,92.69,
ERCOT,92.5,29,18,53,0,112,0.0,0.0,0.0,92.64,
ERCOT,92.5,29,19,52,0,112,0.0,0.0,0.0,92.55,
ERCOT,92.5,30,11,59,0,117,0.0,0.0,0.0,93.87,
ERCOT,92.5,30,12,58,0,112,0.0,0.0,0.0,92.51,
ERCOT,92.5,30,13,57,0,112,0.0,0.0,0.0,92.62,
ERCOT,92.5,30,14,56,0,112,0.0,0.0,0.0,92.7,
ERCOT,92.5,30,16,54,0,112,0.0,0.0,0.0,92.77,
ERCOT,92.5,30,17,53,0,112,0.0,0.0,0.0,92.75,
ERCOT,92.5,30,18,52,0,112,0.0,0.0,0.0,92.69,
ERCOT,92.5,30,19,51,0,112,0.0,0.0,0.0,92.6,
ERCOT,92.5,31,11,58,0,117,0.0,0.0,0.0,93.94,
ERCOT,92.5,31,12,57,0,112,0.0,0.0,0.0,92.58,
ERCOT,92.5,31,13,56,0,112,0.0,0.0,0.0,92.69,
ERCOT,92.5,31,14,55,0,112,0.0,0.0,0.0,92.77,
ERCOT,92.5,31,15,54,0,112,0.0,0.0,0.0,92.81,
ERCOT,92.5,31,16,53,0,112,0.0,0.0,0.0,92.83,
ERCOT,92.5,31,17,52,0,112,0.0,0.0,0.0,92.8,
ERCOT,92.5,31,18,51,0,112,0.0,0.0,0.0,92.74,
ERCOT,92.5,32,11,57,0,112,0.0,0.0,0.0,92.52,
ERCOT,92.5,32,12,56,0,112,0.0,0.0,0.0,92.65,
ERCOT,92.5,32,13,55,0,112,0.0,0.0,0.0,92.76,
ERCOT,92.5,32,14,54,0,112,0.0,0.0,0.0,92.83,
ERCOT,92.5,32,15,53,0,112,0.0,0.0,0.0,92.87,
ERCOT,92.5,32,16,52,0,112,0.0,0.0,0.0,92.88,
ERCOT,92.5,32,17,51,0,112,0.0,0.0,0.0,92.86,
ERCOT,92.5,33,11,56,0,112,0.0,0.0,0.0,92.59,
ERCOT,92.5,33,12,55,0,112,0.0,0.0,0.0,92.72,
ERCOT,92.5,33,13,54,0,112,0.0,0.0,0.0,92.82,
ERCOT,92.5,33,14,53,0,112,0.0,0.0,0.0,92.9,
ERCOT,92.5,33,15,52,0,112,0.0,0.0,0.0,92.93,
ERCOT,92.5,33,16,51,0,112,0.0,0.0,0.0,92.94,
ERCOT,92.5,34,11,55,0,112,0.0,0.0,0.0,92.66,
ERCOT,92.5,34,12,54,0,112,0.0,0.0,0.0,92.79,
ERCOT,92.5,34,13,53,0,112,0.0,0.0,0.0,92.89,
ERCOT,92.5,34,14,52,0,112,0.0,0.0,0.0,92.96,
ERCOT,92.5,34,15,51,0,112,0.0,0.0,0.0,92.99,
ERCOT,92.5,0,46,54,0,162,0.0,0.0,0.0,92.74,
ERCOT,92.5,0,47,53,0,167,0.0,0.0,0.0,93.02,
ERCOT,92.5,0,48,52,0,167,0.0,0.0,0.0,92.6,
ERCOT,92.5,0,49,51,0,172,0.0,0.0,0.0,92.85,
ERCOT,92.5,0,51,49,0,177,0.0,0.0,0.0,92.62,
ERCOT,92.5,0,52,48,0,182,0.0,0.0,0.0,92.8,
ERCOT,92.5,0,53,47,0,187,0.0,0.0,0.0,92.96,
ERCOT,92.5,0,54,46,0,192,0.0,0.0,0.0,93.08,
ERCOT,92.5,1,46,53,0,162,0.0,0.0,0.0,92.77,
ERCOT,92.5,1,47,52,0,167,0.0,0.0,0.0,93.06,
ERCOT,92.5,1,48,51,0,167,0.0,0.0,0.0,92.64,
ERCOT,92.5,1,49,50,0,172,0.0,0.0,0.0,92.89,
ERCOT,92.5,1,50,49,0,177,0.0,0.0,0.0,93.11,
ERCOT,92.5,1,51,48,0,177,0.0,0.0,0.0,92.66,
ERCOT,92.5,1,52,47,0,182,0.0,0.0,0.0,92.84,
ERCOT,92.5,1,53,46,0,187,0.0,0.0,0.0,93.0,
ERCOT,92.5,2,46,52,0,162,0.0,0.0,0.0,92.81,
ERCOT,92.5,2,47,51,0,167,0.0,0.0,0.0,93.1,
ERCOT,92.5,2,48,50,0,167,0.0,0.0,0.0,92.67,
ERCOT,92.5,2,49,49,0,172,0.0,0.0,0.0,92.92,
ERCOT,92.5,2,50,48,0,177,0.0,0.0,0.0,93.14,
ERCOT,92.5,2,51,47,0,177,0.0,0.0,0.0,92.69,
ERCOT,92.5,2,52,46,0,182,0.0,0.0,0.0,92.88,
ERCOT,92.5,3,46,51,0,162,0.0,0.0,0.0,92.84,
ERCOT,92.5,3,47,50,0,167,0.0,0.0,0.0,93.13,
ERCOT,92.5,3,48,49,0,167,0.0,0.0,0.0,92.7,
ERCOT,92.5,3,49,48,0,172,0.0,0.0,0.0,92.96,
ERCOT,92.5,3,50,47,0,177,0.0,0.0,0.0,93.18,
ERCOT,92.5,3,51,46,0,177,0.0,0.0,0.0,92.72,
ERCOT,92.5,4,46,50,0,162,0.0,0.0,0.0,92.87,
ERCOT,92.5,4,47,49,0,167,0.0,0.0,0.0,93.17,
ERCOT,92.5,4,48,48,0,167,0.0,0.0,0.0,92.73,
ERCOT,92.5,4,49,47,0,172,0.0,0.0,0.0,92.99,
ERCOT,92.5,4,50,46,0,172,0.0,0.0,0.0,92.53,
ERCOT,92.5,0,11,89,0,122,0.0,0.0,0.0,92.58,
ERCOT,92.5,0,12,88,0,122,0.0,0.0,0.0,92.79,
ERCOT,92.5,0,13,87,0,122,0.0,0.0,0.0,92.98,
ERCOT,92.5,0,14,86,0,122,0.0,0.0,0.0,93.15,
ERCOT,92.5,0,16,84,0,122,0.0,0.0,0.0,93.41,
ERCOT,92.5,0,17,83,0,122,0.0,0.0,0.0,93.49,
ERCOT,92.5,0,18,82,0,122,0.0,0.0,0.0,93.54,
ERCOT,92.5,0,19,81,0,122,0.0,0.0,0.0,93.55,
ERCOT,92.5,1,15,84,0,122,0.0,0.0,0.0,93.38,
ERCOT,92.5,1,16,83,0,122,0.0,0.0,0.0,93.49,
ERCOT,92.5,1,17,82,0,122,0.0,0.0,0.0,93.57,
ERCOT,92.5,1,18,81,0,122,0.0,0.0,0.0,93.61,
ERCOT,92.5,2,15,83,0,122,0.0,0.0,0.0,93.46,
ERCOT,92.5,2,16,82,0,122,0.0,0.0,0.0,93.57,
ERCOT,92.5,2,17,81,0,122,0.0,0.0,0.0,93.65,
ERCOT,92.5,3,15,82,0,122,0.0,0.0,0.0,93.55,
ERCOT,92.5,3,16,81,0,122,0.0,0.0,0.0,93.65,
ERCOT,92.5,4,15,81,0,122,0.0,0.0,0.0,93.63,
ERCOT,92.5,11,20,69,0,117,0.0,0.0,0.0,93.01,
ERCOT,92.5,11,21,68,0,117,0.0,0.0,0.0,92.93,
ERCOT,92.5,11,22,67,0,117,0.0,0.0,0.0,92.81,
ERCOT,92.5,11,23,66,0,117,0.0,0.0,0.0,92.65,
ERCOT,92.5,11,24,65,0,122,0.0,0.0,0.0,93.64,
ERCOT,92.5,12,19,69,0,117,0.0,0.0,0.0,93.13,
ERCOT,92.5,12,20,68,0,117,0.0,0.0,0.0,93.07,
ERCOT,92.5,12,21,67,0,117,0.0,0.0,0.0,92.98,
ERCOT,92.5,12,22,66,0,117,0.0,0.0,0.0,92.86,
ERCOT,92.5,12,23,65,0,117,0.0,0.0,0.0,92.7,
ERCOT,92.5,12,24,64,0,122,0.0,0.0,0.0,93.69,
ERCOT,92.5,13,18,69,0,117,0.0,0.0,0.0,93.21,
ERCOT,92.5,13,19,68,0,117,0.0,0.0,0.0,93.19,
ERCOT,92.5,13,20,67,0,117,0.0,0.0,0.0,93.13,
ERCOT,92.5,13,21,66,0,117,0.0,0.0,0.0,93.04,
ERCOT,92.5,13,22,65,0,117,0.0,0.0,0.0,92.91,
ERCOT,92.5,13,23,64,0,117,0.0,0.0,0.0,92.74,
ERCOT,92.5,13,24,63,0,117,0.0,0.0,0.0,92.54,
ERCOT,92.5,14,17,69,0,117,0.0,0.0,0.0,93.27,
ERCOT,92.5,14,18,68,0,117,0.0,0.0,0.0,93.28,
ERCOT,92.5,14,19,67,0,117,0.0,0.0,0.0,93.25,
ERCOT,92.5,14,20,66,0,117,0.0,0.0,0.0,93.19,
ERCOT,92.5,14,21,65,0,117,0.0,0.0,0.0,93.09,
ERCOT,92.5,14,22,64,0,117,0.0,0.0,0.0,92.96,
ERCOT,92.5,14,23,63,0,117,0.0,0.0,0.0,92.79,
ERCOT,92.5,14,24,62,0,117,0.0,0.0,0.0,92.57,
ERCOT,92.5,15,16,69,0,117,0.0,0.0,0.0,93.3,
ERCOT,92.5,15,17,68,0,117,0.0,0.0,0.0,93.34,
ERCOT,92.5,15,18,67,0,117,0.0,0.0,0.0,93.34,
ERCOT,92.5,15,19,66,0,117,0.0,0.0,0.0,93.31,
ERCOT,92.5,15,21,64,0,117,0.0,0.0,0.0,93.14,
ERCOT,92.5,15,22,63,0,117,0.0,0.0,0.0,93.0,
ERCOT,92.5,15,23,62,0,117,0.0,0.0,0.0,92.83,
ERCOT,92.5,15,24,61,0,117,0.0,0.0,0.0,92.61,
ERCOT,92.5,16,16,68,0,117,0.0,0.0,0.0,93.37,
ERCOT,92.5,16,17,67,0,117,0.0,0.0,0.0,93.41,
ERCOT,92.5,16,18,66,0,117,0.0,0.0,0.0,93.41,
ERCOT,92.5,16,19,65,0,117,0.0,0.0,0.0,93.37,
ERCOT,92.5,16,20,64,0,117,0.0,0.0,0.0,93.3,
ERCOT,92.5,16,21,63,0,117,0.0,0.0,0.0,93.19,
ERCOT,92.5,16,22,62,0,117,0.0,0.0,0.0,93.05,
ERCOT,92.5,16,23,61,0,117,0.0,0.0,0.0,92.87,
ERCOT,92.5,17,16,67,0,117,0.0,0.0,0.0,93.44,
ERCOT,92.5,17,17,66,0,117,0.0,0.0,0.0,93.47,
ERCOT,92.5,17,18,65,0,117,0.0,0.0,0.0,93.47,
ERCOT,92.5,17,19,64,0,117,0.0,0.0,0.0,93.43,
ERCOT,92.5,17,20,63,0,117,0.0,0.0,0.0,93.36,
ERCOT,92.5,17,21,62,0,117,0.0,0.0,0.0,93.25,
ERCOT,92.5,17,22,61,0,117,0.0,0.0,0.0,93.1,
ERCOT,92.5,18,16,66,0,117,0.0,0.0,0.0,93.51,
ERCOT,92.5,18,17,65,0,117,0.0,0.0,0.0,93.54,
ERCOT,92.5,18,18,64,0,117,0.0,0.0,0.0,93.53,
ERCOT,92.5,18,19,63,0,117,0.0,0.0,0.0,93.49,
ERCOT,92.5,18,20,62,0,117,0.0,0.0,0.0,93.41,
ERCOT,92.5,18,21,61,0,117,0.0,0.0,0.0,93.3,
ERCOT,92.5,19,16,65,0,117,0.0,0.0,0.0,93.58,
ERCOT,92.5,19,17,64,0,117,0.0,0.0,0.0,93.61,
ERCOT,92.5,19,18,63,0,117,0.0,0.0,0.0,93.6,
ERCOT,92.5,19,19,62,0,117,0.0,0.0,0.0,93.55,
ERCOT,92.5,19,20,61,0,117,0.0,0.0,0.0,93.47,
ERCOT,92.5,0,71,29,0,232,0.0,0.0,0.5,92.77,
ERCOT,92.5,0,71,29,0,197,0.0,0.0,1.0,93.16,
ERCOT,92.5,0,71,29,0,167,0.0,0.0,1.5,93.34,
ERCOT,92.5,0,71,29,0,147,0.0,0.0,2.0,93.42,
ERCOT,92.5,0,71,29,0,142,0.0,0.0,2.5,94.13,
ERCOT,92.5,0,71,29,0,122,0.0,0.25,0.0,93.24,
ERCOT,92.5,0,71,29,0,122,0.0,0.25,0.5,93.98,
ERCOT,92.5,0,71,29,0,122,0.0,0.5,0.0,94.01,
ERCOT,92.5,0,71,29,0,122,0.0,0.5,0.5,94.01,
ERCOT,92.5,0,71,29,0,122,0.0,0.75,0.0,94.01,
ERCOT,92.5,0,71,29,0,122,0.0,0.75,0.5,94.01,
ERCOT,92.5,0,71,29,0,122,0.0,1.0,0.0,94.01,
ERCOT,92.5,0,71,29,0,122,0.0,1.0,0.5,94.01,
ERCOT,92.5,0,71,29,0,122,0.25,0.0,0.0,93.95,
ERCOT,92.5,0,71,29,0,122,0.25,0.0,0.5,93.95,
ERCOT,92.5,0,71,29,0,122,0.25,0.25,0.0,93.95,
ERCOT,92.5,0,71,29,0,122,0.25,0.25,0.5,93.95,
ERCOT,92.5,0,71,29,0,122,0.25,0.5,0.0,93.95,
ERCOT,92.5,0,71,29,0,122,0.25,0.5,0.5,93.95,
ERCOT,92.5,0,71,29,0,122,0.25,0.75,0.0,93.95,
ERCOT,92.5,0,71,29,0,122,0.25,0.75,0.5,93.95,
ERCOT,92.5,0,71,29,0,122,0.25,1.0,0.0,93.95,
ERCOT,92.5,0,71,29,0,122,0.25,1.0,0.5,93.95,
ERCOT,92.5,0,71,29,0,122,0.5,0.0,0.0,93.95,
ERCOT,92.5,0,71,29,0,122,0.5,0.0,0.5,93.95,
ERCOT,92.5,0,71,29,0,122,0.5,0.25,0.0,93.95,
ERCOT,92.5,0,71,29,0,122,0.5,0.25,0.5,93.95,
ERCOT,92.5,0,71,29,0,122,0.5,0.5,0.0,93.95,
ERCOT,92.5,0,71,29,0,122,0.5,0.5,0.5,93.95,
ERCOT,92.5,0,71,29,0,122,0.5,0.75,0.0,93.95,
ERCOT,92.5,0,71,29,0,122,0.5,0.75,0.5,93.95,
ERCOT,92.5,0,71,29,0,122,0.5,1.0,0.0,93.95,
ERCOT,92.5,0,71,29,0,122,0.5,1.0,0.5,93.95,
ERCOT,92.5,0,72,28,0,242,0.0,0.0,0.5,93.01,
ERCOT,92.5,0,72,28,0,202,0.0,0.0,1.0,92.94,
ERCOT,92.5,0,72,28,0,172,0.0,0.0,1.5,93.34,
ERCOT,92.5,0,72,28,0,147,0.0,0.0,2.0,92.79,
ERCOT,92.5,0,72,28,0,142,0.0,0.0,2.5,93.63,
ERCOT,92.5,0,72,28,0,122,0.0,0.25,0.0,92.87,
ERCOT,92.5,0,72,28,0,122,0.0,0.25,0.5,93.64,
ERCOT,92.5,0,72,28,0,122,0.0,0.5,0.0,93.82,
ERCOT,92.5,0,72,28,0,122,0.0,0.5,0.5,93.82,
ERCOT,92.5,0,72,28,0,122,0.0,0.75,0.0,93.82,
ERCOT,92.5,0,72,28,0,122,0.0,0.75,0.5,93.82,
ERCOT,92.5,0,72,28,0,122,0.0,1.0,0.0,93.82,
ERCOT,92.5,0,72,28,0,122,0.0,1.0,0.5,93.82,
ERCOT,92.5,0,72,28,0,122,0.25,0.0,0.0,93.76,
ERCOT,92.5,0,72,28,0,122,0.25,0.0,0.5,93.76,
ERCOT,92.5,0,72,28,0,122,0.25,0.25,0.0,93.76,
ERCOT,92.5,0,72,28,0,122,0.25,0.25,0.5,93.76,
ERCOT,92.5,0,72,28,0,122,0.25,0.5,0.0,93.76,
ERCOT,92.5,0,72,28,0,122,0.25,0.5,0.5,93.76,
ERCOT,92.5,0,72,28,0,122,0.25,0.75,0.0,93.76,
ERCOT,92.5,0,72,28,0,122,0.25,0.75,0.5,93.76,
ERCOT,92.5,0,72,28,0,122,0.25,1.0,0.0,93.76,
ERCOT,92.5,0,72,28,0,122,0.25,1.0,0.5,93.76,
ERCOT,92.5,0,72,28,0,122,0.5,0.0,0.0,93.76,
ERCOT,92.5,0,72,28,0,122,0.5,0.0,0.5,93.76,
ERCOT,92.5,0,72,28,0,122,0.5,0.25,0.0,93.76,
ERCOT,92.5,0,72,28,0,122,0.5,0.25,0.5,93.76,
ERCOT,92.5,0,72,28,0,122,0.5,0.5,0.0,93.76,
ERCOT,92.5,0,72,28,0,122,0.5,0.5,0.5,93.76,
ERCOT,92.5,0,72,28,0,122,0.5,0.75,0.0,93.76,
ERCOT,92.5,0,72,28,0,122,0.5,0.75,0.5,93.76,
ERCOT,92.5,0,72,28,0,122,0.5,1.0,0.0,93.76,
ERCOT,92.5,0,72,28,0,122,0.5,1.0,0.5,93.76,
ERCOT,92.5,0,73,27,0,247,0.0,0.0,0.5,92.58,
ERCOT,92.5,0,73,27,0,207,0.0,0.0,1.0,92.65,
ERCOT,92.5,0,73,27,0,177,0.0,0.0,1.5,93.28,
ERCOT,92.5,0,73,27,0,152,0.0,0.0,2.0,93.15,
ERCOT,92.5,0,73,27,0,142,0.0,0.0,2.5,93.11,
ERCOT,92.5,0,73,27,0,127,0.0,0.25,0.0,93.65,
ERCOT,92.5,0,73,27,0,122,0.0,0.25,0.5,93.29,
ERCOT,92.5,0,73,27,0,122,0.0,0.25,1.0,94.02,
ERCOT,92.5,0,73,27,0,122,0.0,0.5,0.0,93.63,
ERCOT,92.5,0,73,27,0,122,0.0,0.5,0.5,93.63,
ERCOT,92.5,0,73,27,0,122,0.0,0.75,0.0,93.63,
ERCOT,92.5,0,73,27,0,122,0.0,0.75,0.5,93.63,
ERCOT,92.5,0,73,27,0,122,0.0,1.0,0.0,93.63,
ERCOT,92.5,0,73,27,0,122,0.0,1.0,0.5,93.63,
ERCOT,92.5,0,73,27,0,122,0.25,0.0,0.0,93.56,
ERCOT,92.5,0,73,27,0,122,0.25,0.0,0.5,93.56,
ERCOT,92.5,0,73,27,0,122,0.25,0.25,0.0,93.56,
ERCOT,92.5,0,73,27,0,122,0.25,0.25,0.5,93.56,
ERCOT,92.5,0,73,27,0,122,0.25,0.5,0.0,93.56,
ERCOT,92.5,0,73,27,0,122,0.25,0.5,0.5,93.56,
ERCOT,92.5,0,73,27,0,122,0.25,0.75,0.0,93.56,
ERCOT,92.5,0,73,27,0,122,0.25,0.75,0.5,93.56,
ERCOT,92.5,0,73,27,0,122,0.25,1.0,0.0,93.56,
ERCOT,92.5,0,73,27,0,122,0.25,1.0,0.5,93.56,
ERCOT,92.5,0,73,27,0,122,0.5,0.0,0.0,93.56,
ERCOT,92.5,0,73,27,0,122,0.5,0.0,0.5,93.56,
ERCOT,92.5,0,73,27,0,122,0.5,0.25,0.0,93.56,
ERCOT,92.5,0,73,27,0,122,0.5,0.25,0.5,93.56,
ERCOT,92.5,0,73,27,0,122,0.5,0.5,0.0,93.56,
ERCOT,92.5,0,73,27,0,122,0.5,0.5,0.5,93.56,
ERCOT,92.5,0,73,27,0,122,0.5,0.75,0.0,93.56,
ERCOT,92.5,0,73,27,0,122,0.5,0.75,0.5,93.56,
ERCOT,92.5,0,73,27,0,122,0.5,1.0,0.0,93.56,
ERCOT,92.5,0,73,27,0,122,0.5,1.0,0.5,93.56,
ERCOT,92.5,0,74,26,0,217,0.0,0.0,1.0,93.0,
ERCOT,92.5,0,74,26,0,182,0.0,0.0,1.5,93.15,
ERCOT,92.5,0,74,26,0,157,0.0,0.0,2.0,93.4,
ERCOT,92.5,0,74,26,0,142,0.0,0.0,2.5,92.58,
ERCOT,92.5,0,74,26,0,127,0.0,0.25,0.0,93.22,
ERCOT,92.5,0,74,26,0,122,0.0,0.25,0.5,92.91,
ERCOT,92.5,0,74,26,0,122,0.0,0.25,1.0,93.69,
ERCOT,92.5,0,74,26,0,122,0.0,0.5,0.0,93.44,
ERCOT,92.5,0,74,26,0,122,0.0,0.5,0.5,93.44,
ERCOT,92.5,0,74,26,0,122,0.0,0.75,0.0,93.44,
ERCOT,92.5,0,74,26,0,122,0.0,0.75,0.5,93.44,
ERCOT,92.5,0,74,26,0,122,0.0,1.0,0.0,93.44,
ERCOT,92.5,0,74,26,0,122,0.0,1.0,0.5,93.44,
ERCOT,92.5,0,74,26,0,122,0.25,0.0,0.0,93.36,
ERCOT,92.5,0,74,26,0,122,0.25,0.0,0.5,93.36,
ERCOT,92.5,0,74,26,0,122,0.25,0.25,0.0,93.36,
ERCOT,92.5,0,74,26,0,122,0.25,0.25,0.5,93.36,
ERCOT,92.5,0,74,26,0,122,0.25,0.5,0.0,93.36,
ERCOT,92.5,0,74,26,0,122,0.25,0.5,0.5,93.36,
ERCOT,92.5,0,74,26,0,122,0.25,0.75,0.0,93.36,
ERCOT,92.5,0,74,26,0,122,0.25,0.75,0.5,93.36,
ERCOT,92.5,0,74,26,0,122,0.25,1.0,0.0,93.36,
ERCOT,92.5,0,74,26,0,122,0.25,1.0,0.5,93.36,
ERCOT,92.5,0,74,26,0,122,0.5,0.0,0.0,93.36,
ERCOT,92.5,0,74,26,0,122,0.5,0.0,0.5,93.36,
ERCOT,92.5,0,74,26,0,122,0.5,0.25,0.0,93.36,
ERCOT,92.5,0,74,26,0,122,0.5,0.25,0.5,93.36,
ERCOT,92.5,0,74,26,0,122,0.5,0.5,0.0,93.36,
ERCOT,92.5,0,74,26,0,122,0.5,0.5,0.5,93.36,
ERCOT,92.5,0,74,26,0,122,0.5,0.75,0.0,93.36,
ERCOT,92.5,0,74,26,0,122,0.5,0.75,0.5,93.36,
ERCOT,92.5,0,74,26,0,122,0.5,1.0,0.0,93.36,
ERCOT,92.5,0,74,26,0,122,0.5,1.0,0.5,93.36,
ERCOT,92.5,0,76,24,0,232,0.0,0.0,1.0,92.74,
ERCOT,92.5,0,76,24,0,192,0.0,0.0,1.5,92.7,
ERCOT,92.5,0,76,24,0,162,0.0,0.0,2.0,92.82,
ERCOT,92.5,0,76,24,0,147,0.0,0.0,2.5,92.78,
ERCOT,92.5,0,76,24,0,132,0.0,0.25,0.0,93.44,
ERCOT,92.5,0,76,24,0,127,0.0,0.25,0.5,93.44,
ERCOT,92.5,0,76,24,0,122,0.0,0.25,1.0,93.02,
ERCOT,92.5,0,76,24,0,122,0.0,0.25,1.5,93.71,
ERCOT,92.5,0,76,24,0,122,0.0,0.5,0.0,93.04,
ERCOT,92.5,0,76,24,0,122,0.0,0.5,0.5,93.04,
ERCOT,92.5,0,76,24,0,122,0.0,0.75,0.0,93.04,
ERCOT,92.5,0,76,24,0,122,0.0,0.75,0.5,93.04,
ERCOT,92.5,0,76,24,0,122,0.0,1.0,0.0,93.04,
ERCOT,92.5,0,76,24,0,122,0.0,1.0,0.5,93.04,
ERCOT,92.5,0,76,24,0,122,0.25,0.0,0.0,92.95,
ERCOT,92.5,0,76,24,0,122,0.25,0.0,0.5,92.95,
ERCOT,92.5,0,76,24,0,122,0.25,0.25,0.0,92.95,
ERCOT,92.5,0,76,24,0,122,0.25,0.25,0.5,92.95,
ERCOT,92.5,0,76,24,0,122,0.25,0.5,0.0,92.95,
ERCOT,92.5,0,76,24,0,122,0.25,0.5,0.5,92.95,
ERCOT,92.5,0,76,24,0,122,0.25,0.75,0.0,92.95,
ERCOT,92.5,0,76,24,0,122,0.25,0.75,0.5,92.95,
ERCOT,92.5,0,76,24,0,122,0.25,1.0,0.0,92.95,
ERCOT,92.5,0,76,24,0,122,0.25,1.0,0.5,92.95,
ERCOT,92.5,0,76,24,0,122,0.5,0.0,0.0,92.95,
ERCOT,92.5,0,76,24,0,122,0.5,0.0,0.5,92.95,
ERCOT,92.5,0,76,24,0,122,0.5,0.25,0.0,92.95,
ERCOT,92.5,0,76,24,0,122,0.5,0.25,0.5,92.95,
ERCOT,92.5,0,76,24,0,122,0.5,0.5,0.0,92.95,
ERCOT,92.5,0,76,24,0,122,0.5,0.5,0.5,92.95,
ERCOT,92.5,0,76,24,0,122,0.5,0.75,0.0,92.95,
ERCOT,92.5,0,76,24,0,122,0.5,0.75,0.5,92.95,
ERCOT,92.5,0,76,24,0,122,0.5,1.0,0.0,92.95,
ERCOT,92.5,0,76,24,0,122,0.5,1.0,0.5,92.95,
ERCOT,92.5,0,77,23,0,242,0.0,0.0,1.0,92.8,
ERCOT,92.5,0,77,23,0,202,0.0,0.0,1.5,93.07,
ERCOT,92.5,0,77,23,0,167,0.0,0.0,2.0,92.84,
ERCOT,92.5,0,77,23,0,152,0.0,0.0,2.5,93.32,
ERCOT,92.5,0,77,23,0,132,0.0,0.25,0.0,92.96,
ERCOT,92.5,0,77,23,0,127,0.0,0.25,0.5,93.02,
ERCOT,92.5,0,77,23,0,122,0.0,0.25,1.0,92.68,
ERCOT,92.5,0,77,23,0,122,0.0,0.25,1.5,93.43,
ERCOT,92.5,0,77,23,0,122,0.0,0.5,0.0,92.84,
ERCOT,92.5,0,77,23,0,122,0.0,0.5,0.5,92.84,
ERCOT,92.5,0,77,23,0,122,0.0,0.75,0.0,92.84,
ERCOT,92.5,0,77,23,0,122,0.0,0.75,0.5,92.84,
ERCOT,92.5,0,77,23,0,122,0.0,1.0,0.0,92.84,
ERCOT,92.5,0,77,23,0,122,0.0,1.0,0.5,92.84,
ERCOT,92.5,0,77,23,0,122,0.25,0.0,0.0,92.74,
ERCOT,92.5,0,77,23,0,122,0.25,0.0,0.5,92.74,
ERCOT,92.5,0,77,23,0,122,0.25,0.25,0.0,92.74,
ERCOT,92.5,0,77,23,0,122,0.25,0.25,0.5,92.74,
ERCOT,92.5,0,77,23,0,122,0.25,0.5,0.0,92.74,
ERCOT,92.5,0,77,23,0,122,0.25,0.5,0.5,92.74,
ERCOT,92.5,0,77,23,0,122,0.25,0.75,0.0,92.74,
ERCOT,92.5,0,77,23,0,122,0.25,0.75,0.5,92.74,
ERCOT,92.5,0,77,23,0,122,0.25,1.0,0.0,92.74,
ERCOT,92.5,0,77,23,0,122,0.25,1.0,0.5,92.74,
ERCOT,92.5,0,77,23,0,122,0.5,0.0,0.0,92.74,
ERCOT,92.5,0,77,23,0,122,0.5,0.0,0.5,92.74,
ERCOT,92.5,0,77,23,0,122,0.5,0.25,0.0,92.74,
ERCOT,92.5,0,77,23,0,122,0.5,0.25,0.5,92.74,
ERCOT,92.5,0,77,23,0,122,0.5,0.5,0.0,92.74,
ERCOT,92.5,0,77,23,0,122,0.5,0.5,0.5,92.74,
ERCOT,92.5,0,77,23,0,122,0.5,0.75,0.0,92.74,
ERCOT,92.5,0,77,23,0,122,0.5,0.75,0.5,92.74,
ERCOT,92.5,0,77,23,0,122,0.5,1.0,0.0,92.74,
ERCOT,92.5,0,77,23,0,122,0.5,1.0,0.5,92.74,
ERCOT,92.5,0,78,22,0,250,0.0,0.0,1.0,92.51,
ERCOT,92.5,0,78,22,0,207,0.0,0.0,1.5,92.67,
ERCOT,92.5,0,78,22,0,172,0.0,0.0,2.0,92.77,
ERCOT,92.5,0,78,22,0,152,0.0,0.0,2.5,92.67,
ERCOT,92.5,0,78,22,0,137,0.0,0.25,0.0,93.55,
ERCOT,92.5,0,78,22,0,127,0.0,0.25,0.5,92.59,
ERCOT,92.5,0,78,22,0,127,0.0,0.25,1.0,93.71,
ERCOT,92.5,0,78,22,0,122,0.0,0.5,0.0,92.63,
ERCOT,92.5,0,78,22,0,122,0.0,0.5,0.5,92.63,
ERCOT,92.5,0,78,22,0,122,0.0,0.75,0.0,92.63,
ERCOT,92.5,0,78,22,0,122,0.0,0.75,0.5,92.63,
ERCOT,92.5,0,78,22,0,122,0.0,1.0,0.0,92.63,
ERCOT,92.5,0,78,22,0,122,0.0,1.0,0.5,92.63,
ERCOT,92.5,0,78,22,0,122,0.25,0.0,0.0,92.53,
ERCOT,92.5,0,78,22,0,122,0.25,0.0,0.5,92.53,
ERCOT,92.5,0,78,22,0,122,0.25,0.25,0.0,92.53,
ERCOT,92.5,0,78,22,0,122,0.25,0.25,0.5,92.53,
ERCOT,92.5,0,78,22,0,122,0.25,0.5,0.0,92.53,
ERCOT,92.5,0,78,22,0,122,0.25,0.5,0.5,92.53,
ERCOT,92.5,0,78,22,0,122,0.25,0.75,0.0,92.53,
ERCOT,92.5,0,78,22,0,122,0.25,0.75,0.5,92.53,
ERCOT,92.5,0,78,22,0,122,0.25,1.0,0.0,92.53,
ERCOT,92.5,0,78,22,0,122,0.25,1.0,0.5,92.53,
ERCOT,92.5,0,78,22,0,122,0.5,0.0,0.0,92.53,
ERCOT,92.5,0,78,22,0,122,0.5,0.0,0.5,92.53,
ERCOT,92.5,0,78,22,0,122,0.5,0.25,0.0,92.53,
ERCOT,92.5,0,78,22,0,122,0.5,0.25,0.5,92.53,
ERCOT,92.5,0,78,22,0,122,0.5,0.5,0.0,92.53,
ERCOT,92.5,0,78,22,0,122,0.5,0.5,0.5,92.53,
ERCOT,92.5,0,78,22,0,122,0.5,0.75,0.0,92.53,
ERCOT,92.5,0,78,22,0,122,0.5,0.75,0.5,92.53,
ERCOT,92.5,0,78,22,0,122,0.5,1.0,0.0,92.53,
ERCOT,92.5,0,78,22,0,122,0.5,1.0,0.5,92.53,
ERCOT,92.5,0,79,21,0,217,0.0,0.0,1.5,92.83,
ERCOT,92.5,0,79,21,0,177,0.0,0.0,2.0,92.62,
ERCOT,92.5,0,79,21,0,157,0.0,0.0,2.5,93.01,
ERCOT,92.5,0,79,21,0,137,0.0,0.25,0.0,93.03,
ERCOT,92.5,0,79,21,0,132,0.0,0.25,0.5,93.35,
ERCOT,92.5,0,79,21,0,127,0.0,0.25,1.0,93.33,
ERCOT,92.5,0,79,21,0,122,0.0,0.25,1.5,92.76,
ERCOT,92.5,0,79,21,0,122,0.0,0.25,2.0,93.37,
ERCOT,92.5,0,79,21,0,127,0.0,0.5,0.0,93.64,
ERCOT,92.5,0,79,21,0,127,0.0,0.5,0.5,93.64,
ERCOT,92.5,0,79,21,0,127,0.0,0.75,0.0,93.64,
ERCOT,92.5,0,79,21,0,127,0.0,0.75,0.5,93.64,
ERCOT,92.5,0,79,21,0,127,0.0,1.0,0.0,93.64,
ERCOT,92.5,0,79,21,0,127,0.0,1.0,0.5,93.64,
ERCOT,92.5,0,79,21,0,127,0.25,0.0,0.0,93.56,
ERCOT,92.5,0,79,21,0,127,0.25,0.0,0.5,93.56,
ERCOT,92.5,0,79,21,0,127,0.25,0.25,0.0,93.56,
ERCOT,92.5,0,79,21,0,127,0.25,0.25,0.5,93.56,
ERCOT,92.5,0,79,21,0,127,0.25,0.5,0.0,93.56,
ERCOT,92.5,0,79,21,0,127,0.25,0.5,0.5,93.56,
ERCOT,92.5,0,79,21,0,127,0.25,0.75,0.0,93.56,
ERCOT,92.5,0,79,21,0,127,0.25,0.75,0.5,93.56,
ERCOT,92.5,0,79,21,0,127,0.25,1.0,0.0,93.56,
ERCOT,92.5,0,79,21,0,127,0.25,1.0,0.5,93.56,
ERCOT,92.5,0,79,21,0,127,0.5,0.0,0.0,93.56,
ERCOT,92.5,0,79,21,0,127,0.5,0.0,0.5,93.56,
ERCOT,92.5,0,79,21,0,127,0.5,0.25,0.0,93.56,
ERCOT,92.5,0,79,21,0,127,0.5,0.25,0.5,93.56,
ERCOT,92.5,0,79,21,0,127,0.5,0.5,0.0,93.56,
ERCOT,92.5,0,79,21,0,127,0.5,0.5,0.5,93.56,
ERCOT,92.5,0,79,21,0,127,0.5,0.75,0.0,93.56,
ERCOT,92.5,0,79,21,0,127,0.5,0.75,0.5,93.56,
ERCOT,92.5,0,79,21,0,127,0.5,1.0,0.0,93.56,
ERCOT,92.5,0,79,21,0,127,0.5,1.0,0.5,93.56,
ERCOT,92.5,1,71,28,0,232,0.0,0.0,0.5,92.71,
ERCOT,92.5,1,71,28,0,197,0.0,0.0,1.0,93.08,
ERCOT,92.5,1,71,28,0,167,0.0,0.0,1.5,93.26,
ERCOT,92.5,1,71,28,0,147,0.0,0.0,2.0,93.36,
ERCOT,92.5,1,71,28,0,142,0.0,0.0,2.5,94.09,
ERCOT,92.5,1,71,28,0,122,0.0,0.25,0.0,93.23,
ERCOT,92.5,1,71,28,0,122,0.0,0.25,0.5,93.97,
ERCOT,92.5,1,71,28,0,122,0.0,0.5,0.0,94.02,
ERCOT,92.5,1,71,28,0,122,0.0,0.5,0.5,94.02,
ERCOT,92.5,1,71,28,0,122,0.0,0.75,0.0,94.02,
ERCOT,92.5,1,71,28,0,122,0.0,0.75,0.5,94.02,
ERCOT,92.5,1,71,28,0,122,0.0,1.0,0.0,94.02,
ERCOT,92.5,1,71,28,0,122,0.0,1.0,0.5,94.02,
ERCOT,92.5,1,71,28,0,122,0.25,0.0,0.0,93.95,
ERCOT,92.5,1,71,28,0,122,0.25,0.0,0.5,93.95,
ERCOT,92.5,1,71,28,0,122,0.25,0.25,0.0,93.95,
ERCOT,92.5,1,71,28,0,122,0.25,0.25,0.5,93.95,
ERCOT,92.5,1,71,28,0,122,0.25,0.5,0.0,93.95,
ERCOT,92.5,1,71,28,0,122,0.25,0.5,0.5,93.95,
ERCOT,92.5,1,71,28,0,122,0.25,0.75,0.0,93.95,
ERCOT,92.5,1,71,28,0,122,0.25,0.75,0.5,93.95,
ERCOT,92.5,1,71,28,0,122,0.25,1.0,0.0,93.95,
ERCOT,92.5,1,71,28,0,122,0.25,1.0,0.5,93.95,
ERCOT,92.5,1,71,28,0,122,0.5,0.0,0.0,93.95,
ERCOT,92.5,1,71,28,0,122,0.5,0.0,0.5,93.95,
ERCOT,92.5,1,71,28,0,122,0.5,0.25,0.0,93.95,
ERCOT,92.5,1,71,28,0,122,0.5,0.25,0.5,93.95,
ERCOT,92.5,1,71,28,0,122,0.5,0.5,0.0,93.95,
ERCOT,92.5,1,71,28,0,122,0.5,0.5,0.5,93.95,
ERCOT,92.5,1,71,28,0,122,0.5,0.75,0.0,93.95,
ERCOT,92.5,1,71,28,0,122,0.5,0.75,0.5,93.95,
ERCOT,92.5,1,71,28,0,122,0.5,1.0,0.0,93.95,
ERCOT,92.5,1,71,28,0,122,0.5,1.0,0.5,93.95,
ERCOT,92.5,1,72,27,0,242,0.0,0.0,0.5,92.96,
ERCOT,92.5,1,72,27,0,202,0.0,0.0,1.0,92.84,
ERCOT,92.5,1,72,27,0,172,0.0,0.0,1.5,93.26,
ERCOT,92.5,1,72,27,0,147,0.0,0.0,2.0,92.73,
ERCOT,92.5,1,72,27,0,142,0.0,0.0,2.5,93.58,
ERCOT,92.5,1,72,27,0,122,0.0,0.25,0.0,92.85,
ERCOT,92.5,1,72,27,0,122,0.0,0.25,0.5,93.63,
ERCOT,92.5,1,72,27,0,122,0.0,0.5,0.0,93.83,
ERCOT,92.5,1,72,27,0,122,0.0,0.5,0.5,93.83,
ERCOT,92.5,1,72,27,0,122,0.0,0.75,0.0,93.83,
ERCOT,92.5,1,72,27,0,122,0.0,0.75,0.5,93.83,
ERCOT,92.5,1,72,27,0,122,0.0,1.0,0.0,93.83,
ERCOT,92.5,1,72,27,0,122,0.0,1.0,0.5,93.83,
ERCOT,92.5,1,72,27,0,122,0.25,0.0,0.0,93.76,
ERCOT,92.5,1,72,27,0,122,0.25,0.0,0.5,93.76,
ERCOT,92.5,1,72,27,0,122,0.25,0.25,0.0,93.76,
ERCOT,92.5,1,72,27,0,122,0.25,0.25,0.5,93.76,
ERCOT,92.5,1,72,27,0,122,0.25,0.5,0.0,93.76,
ERCOT,92.5,1,72,27,0,122,0.25,0.5,0.5,93.76,
ERCOT,92.5,1,72,27,0,122,0.25,0.75,0.0,93.76,
ERCOT,92.5,1,72,27,0,122,0.25,0.75,0.5,93.76,
ERCOT,92.5,1,72,27,0,122,0.25,1.0,0.0,93.76,
ERCOT,92.5,1,72,27,0,122,0.25,1.0,0.5,93.76,
ERCOT,92.5,1,72,27,0,122,0.5,0.0,0.0,93.76,
ERCOT,92.5,1,72,27,0,122,0.5,0.0,0.5,93.76,
ERCOT,92.5,1,72,27,0,122,0.5,0.25,0.0,93.76,
ERCOT,92.5,1,72,27,0,122,0.5,0.25,0.5,93.76,
ERCOT,92.5,1,72,27,0,122,0.5,0.5,0.0,93.76,
ERCOT,92.5,1,72,27,0,122,0.5,0.5,0.5,93.76,
ERCOT,92.5,1,72,27,0,122,0.5,0.75,0.0,93.76,
ERCOT,92.5,1,72,27,0,122,0.5,0.75,0.5,93.76,
ERCOT,92.5,1,72,27,0,122,0.5,1.0,0.0,93.76,
ERCOT,92.5,1,72,27,0,122,0.5,1.0,0.5,93.76,
ERCOT,92.5,1,73,26,0,250,0.0,0.0,0.5,92.88,
ERCOT,92.5,1,73,26,0,207,0.0,0.0,1.0,92.55,
ERCOT,92.5,1,73,26,0,177,0.0,0.0,1.5,93.19,
ERCOT,92.5,1,73,26,0,152,0.0,0.0,2.0,93.09,
ERCOT,92.5,1,73,26,0,142,0.0,0.0,2.5,93.06,
ERCOT,92.5,1,73,26,0,127,0.0,0.25,0.0,93.63,
ERCOT,92.5,1,73,26,0,122,0.0,0.25,0.5,93.28,
ERCOT,92.5,1,73,26,0,122,0.0,0.25,1.0,94.01,
ERCOT,92.5,1,73,26,0,122,0.0,0.5,0.0,93.64,
ERCOT,92.5,1,73,26,0,122,0.0,0.5,0.5,93.64,
ERCOT,92.5,1,73,26,0,122,0.0,0.75,0.0,93.64,
ERCOT,92.5,1,73,26,0,122,0.0,0.75,0.5,93.64,
ERCOT,92.5,1,73,26,0,122,0.0,1.0,0.0,93.64,
ERCOT,92.5,1,73,26,0,122,0.0,1.0,0.5,93.64,
ERCOT,92.5,1,73,26,0,122,0.25,0.0,0.0,93.56,
ERCOT,92.5,1,73,26,0,122,0.25,0.0,0.5,93.56,
ERCOT,92.5,1,73,26,0,122,0.25,0.25,0.0,93.56,
ERCOT,92.5,1,73,26,0,122,0.25,0.25,0.5,93.56,
ERCOT,92.5,1,73,26,0,122,0.25,0.5,0.0,93.56,
ERCOT,92.5,1,73,26,0,122,0.25,0.5,0.5,93.56,
ERCOT,92.5,1,73,26,0,122,0.25,0.75,0.0,93.56,
ERCOT,92.5,1,73,26,0,122,0.25,0.75,0.5,93.56,
ERCOT,92.5,1,73,26,0,122,0.25,1.0,0.0,93.56,
ERCOT,92.5,1,73,26,0,122,0.25,1.0,0.5,93.56,
ERCOT,92.5,1,73,26,0,122,0.5,0.0,0.0,93.56,
ERCOT,92.5,1,73,26,0,122,0.5,0.0,0.5,93.56,
ERCOT,92.5,1,73,26,0,122,0.5,0.25,0.0,93.56,
ERCOT,92.5,1,73,26,0,122,0.5,0.25,0.5,93.56,
ERCOT,92.5,1,73,26,0,122,0.5,0.5,0.0,93.56,
ERCOT,92.5,1,73,26,0,122,0.5,0.5,0.5,93.56,
ERCOT,92.5,1,73,26,0,122,0.5,0.75,0.0,93.56,
ERCOT,92.5,1,73,26,0,122,0.5,0.75,0.5,93.56,
ERCOT,92.5,1,73,26,0,122,0.5,1.0,0.0,93.56,
ERCOT,92.5,1,73,26,0,122,0.5,1.0,0.5,93.56,
ERCOT,92.5,1,74,25,0,217,0.0,0.0,1.0,92.91,
ERCOT,92.5,1,74,25,0,182,0.0,0.0,1.5,93.05,
ERCOT,92.5,1,74,25,0,157,0.0,0.0,2.0,93.34,
ERCOT,92.5,1,74,25,0,142,0.0,0.0,2.5,92.53,
ERCOT,92.5,1,74,25,0,127,0.0,0.25,0.0,93.2,
ERCOT,92.5,1,74,25,0,122,0.0,0.25,0.5,92.89,
ERCOT,92.5,1,74,25,0,122,0.0,0.25,1.0,93.68,
ERCOT,92.5,1,74,25,0,122,0.0,0.5,0.0,93.44,
ERCOT,92.5,1,74,25,0,122,0.0,0.5,0.5,93.44,
ERCOT,92.5,1,74,25,0,122,0.0,0.75,0.0,93.44,
ERCOT,92.5,1,74,25,0,122,0.0,0.75,0.5,93.44,
ERCOT,92.5,1,74,25,0,122,0.0,1.0,0.0,93.44,
ERCOT,92.5,1,74,25,0,122,0.0,1.0,0.5,93.44,
ERCOT,92.5,1,74,25,0,122,0.25,0.0,0.0,93.36,
ERCOT,92.5,1,74,25,0,122,0.25,0.0,0.5,93.36,
ERCOT,92.5,1,74,25,0,122,0.25,0.25,0.0,93.36,
ERCOT,92.5,1,74,25,0,122,0.25,0.25,0.5,93.36,
ERCOT,92.5,1,74,25,0,122,0.25,0.5,0.0,93.36,
ERCOT,92.5,1,74,25,0,122,0.25,0.5,0.5,93.36,
ERCOT,92.5,1,74,25,0,122,0.25,0.75,0.0,93.36,
ERCOT,92.5,1,74,25,0,122,0.25,0.75,0.5,93.36,
ERCOT,92.5,1,74,25,0,122,0.25,1.0,0.0,93.36,
ERCOT,92.5,1,74,25,0,122,0.25,1.0,0.5,93.36,
ERCOT,92.5,1,74,25,0,122,0.5,0.0,0.0,93.36,
ERCOT,92.5,1,74,25,0,122,0.5,0.0,0.5,93.36,
ERCOT,92.5,1,74,25,0,122,0.5,0.25,0.0,93.36,
ERCOT,92.5,1,74,25,0,122,0.5,0.25,0.5,93.36,
ERCOT,92.5,1,74,25,0,122,0.5,0.5,0.0,93.36,
ERCOT,92.5,1,74,25,0,122,0.5,0.5,0.5,93.36,
ERCOT,92.5,1,74,25,0,122,0.5,0.75,0.0,93.36,
ERCOT,92.5,1,74,25,0,122,0.5,0.75,0.5,93.36,
ERCOT,92.5,1,74,25,0,122,0.5,1.0,0.0,93.36,
ERCOT,92.5,1,74,25,0,122,0.5,1.0,0.5,93.36,
ERCOT,92.5,1,75,24,0,227,0.0,0.0,1.0,93.14,
ERCOT,92.5,1,75,24,0,187,0.0,0.0,1.5,92.85,
ERCOT,92.5,1,75,24,0,157,0.0,0.0,2.0,92.62,
ERCOT,92.5,1,75,24,0,147,0.0,0.0,2.5,93.32,
ERCOT,92.5,1,75,24,0,127,0.0,0.25,0.0,92.76,
ERCOT,92.5,1,75,24,0,122,0.0,0.25,0.5,92.51,
ERCOT,92.5,1,75,24,0,122,0.0,0.25,1.0,93.34,
ERCOT,92.5,1,75,24,0,122,0.0,0.5,0.0,93.24,
ERCOT,92.5,1,75,24,0,122,0.0,0.5,0.5,93.24,
ERCOT,92.5,1,75,24,0,122,0.0,0.75,0.0,93.24,
ERCOT,92.5,1,75,24,0,122,0.0,0.75,0.5,93.24,
ERCOT,92.5,1,75,24,0,122,0.0,1.0,0.0,93.24,
ERCOT,92.5,1,75,24,0,122,0.0,1.0,0.5,93.24,
ERCOT,92.5,1,75,24,0,122,0.25,0.0,0.0,93.15,
ERCOT,92.5,1,75,24,0,122,0.25,0.0,0.5,93.15,
ERCOT,92.5,1,75,24,0,122,0.25,0.25,0.0,93.15,
ERCOT,92.5,1,75,24,0,122,0.25,0.25,0.5,93.15,
ERCOT,92.5,1,75,24,0,122,0.25,0.5,0.0,93.15,
ERCOT,92.5,1,75,24,0,122,0.25,0.5,0.5,93.15,
ERCOT,92.5,1,75,24,0,122,0.25,0.75,0.0,93.15,
ERCOT,92.5,1,75,24,0,122,0.25,0.75,0.5,93.15,
ERCOT,92.5,1,75,24,0,122,0.25,1.0,0.0,93.15,
ERCOT,92.5,1,75,24,0,122,0.25,1.0,0.5,93.15,
ERCOT,92.5,1,75,24,0,122,0.5,0.0,0.0,93.15,
ERCOT,92.5,1,75,24,0,122,0.5,0.0,0.5,93.15,
ERCOT,92.5,1,75,24,0,122,0.5,0.25,0.0,93.15,
ERCOT,92.5,1,75,24,0,122,0.5,0.25,0.5,93.15,
ERCOT,92.5,1,75,24,0,122,0.5,0.5,0.0,93.15,
ERCOT,92.5,1,75,24,0,122,0.5,0.5,0.5,93.15,
ERCOT,92.5,1,75,24,0,122,0.5,0.75,0.0,93.15,
ERCOT,92.5,1,75,24,0,122,0.5,0.75,0.5,93.15,
ERCOT,92.5,1,75,24,0,122,0.5,1.0,0.0,93.15,
ERCOT,92.5,1,75,24,0,122,0.5,1.0,0.5,93.15,
ERCOT,92.5,1,76,23,0,232,0.0,0.0,1.0,92.63,
ERCOT,92.5,1,76,23,0,192,0.0,0.0,1.5,92.6,
ERCOT,92.5,1,76,23,0,162,0.0,0.0,2.0,92.74,
ERCOT,92.5,1,76,23,0,147,0.0,0.0,2.5,92.72,
ERCOT,92.5,1,76,23,0,132,0.0,0.25,0.0,93.42,
ERCOT,92.5,1,76,23,0,127,0.0,0.25,0.5,93.42,
ERCOT,92.5,1,76,23,0,122,0.0,0.25,1.0,93.0,
ERCOT,92.5,1,76,23,0,122,0.0,0.25,1.5,93.7,
ERCOT,92.5,1,76,23,0,122,0.0,0.5,0.0,93.04,
ERCOT,92.5,1,76,23,0,122,0.0,0.5,0.5,93.04,
ERCOT,92.5,1,76,23,0,122,0.0,0.75,0.0,93.04,
ERCOT,92.5,1,76,23,0,122,0.0,0.75,0.5,93.04,
ERCOT,92.5,1,76,23,0,122,0.0,1.0,0.0,93.04,
ERCOT,92.5,1,76,23,0,122,0.0,1.0,0.5,93.04,
ERCOT,92.5,1,76,23,0,122,0.25,0.0,0.0,92.94,
ERCOT,92.5,1,76,23,0,122,0.25,0.0,0.5,92.94,
ERCOT,92.5,1,76,23,0,122,0.25,0.25,0.0,92.94,
ERCOT,92.5,1,76,23,0,122,0.25,0.25,0.5,92.94,
ERCOT,92.5,1,76,23,0,122,0.25,0.5,0.0,92.94,
ERCOT,92.5,1,76,23,0,122,0.25,0.5,0.5,92.94,
ERCOT,92.5,1,76,23,0,122,0.25,0.75,0.0,92.94,
ERCOT,92.5,1,76,23,0,122,0.25,0.75,0.5,92.94,
ERCOT,92.5,1,76,23,0,122,0.25,1.0,0.0,92.94,
ERCOT,92.5,1,76,23,0,122,0.25,1.0,0.5,92.94,
ERCOT,92.5,1,76,23,0,122,0.5,0.0,0.0,92.94,
ERCOT,92.5,1,76,23,0,122,0.5,0.0,0.5,92.94,
ERCOT,92.5,1,76,23,0,122,0.5,0.25,0.0,92.94,
ERCOT,92.5,1,76,23,0,122,0.5,0.25,0.5,92.94,
ERCOT,92.5,1,76,23,0,122,0.5,0.5,0.0,92.94,
ERCOT,92.5,1,76,23,0,122,0.5,0.5,0.5,92.94,
ERCOT,92.5,1,76,23,0,122,0.5,0.75,0.0,92.94,
ERCOT,92.5,1,76,23,0,122,0.5,0.75,0.5,92.94,
ERCOT,92.5,1,76,23,0,122,0.5,1.0,0.0,92.94,
ERCOT,92.5,1,76,23,0,122,0.5,1.0,0.5,92.94,
ERCOT,92.5,1,77,22,0,242,0.0,0.0,1.0,92.68,
ERCOT,92.5,1,77,22,0,202,0.0,0.0,1.5,92.96,
ERCOT,92.5,1,77,22,0,167,0.0,0.0,2.0,92.76,
ERCOT,92.5,1,77,22,0,152,0.0,0.0,2.5,93.25,
ERCOT,92.5,1,77,22,0,132,0.0,0.25,0.0,92.93,
ERCOT,92.5,1,77,22,0,127,0.0,0.25,0.5,93.0,
ERCOT,92.5,1,77,22,0,122,0.0,0.25,1.0,92.66,
ERCOT,92.5,1,77,22,0,122,0.0,0.25,1.5,93.41,
ERCOT,92.5,1,77,22,0,122,0.0,0.5,0.0,92.84,
ERCOT,92.5,1,77,22,0,122,0.0,0.5,0.5,92.84,
ERCOT,92.5,1,77,22,0,122,0.0,0.75,0.0,92.84,
ERCOT,92.5,1,77,22,0,122,0.0,0.75,0.5,92.84,
ERCOT,92.5,1,77,22,0,122,0.0,1.0,0.0,92.84,
ERCOT,92.5,1,77,22,0,122,0.0,1.0,0.5,92.84,
ERCOT,92.5,1,77,22,0,122,0.25,0.0,0.0,92.73,
ERCOT,92.5,1,77,22,0,122,0.25,0.0,0.5,92.73,
ERCOT,92.5,1,77,22,0,122,0.25,0.25,0.0,92.73,
ERCOT,92.5,1,77,22,0,122,0.25,0.25,0.5,92.73,
ERCOT,92.5,1,77,22,0,122,0.25,0.5,0.0,92.73,
ERCOT,92.5,1,77,22,0,122,0.25,0.5,0.5,92.73,
ERCOT,92.5,1,77,22,0,122,0.25,0.75,0.0,92.73,
ERCOT,92.5,1,77,22,0,122,0.25,0.75,0.5,92.73,
ERCOT,92.5,1,77,22,0,122,0.25,1.0,0.0,92.73,
ERCOT,92.5,1,77,22,0,122,0.25,1.0,0.5,92.73,
ERCOT,92.5,1,77,22,0,122,0.5,0.0,0.0,92.73,
ERCOT,92.5,1,77,22,0,122,0.5,0.0,0.5,92.73,
ERCOT,92.5,1,77,22,0,122,0.5,0.25,0.0,92.73,
ERCOT,92.5,1,77,22,0,122,0.5,0.25,0.5,92.73,
ERCOT,92.5,1,77,22,0,122,0.5,0.5,0.0,92.73,
ERCOT,92.5,1,77,22,0,122,0.5,0.5,0.5,92.73,
ERCOT,92.5,1,77,22,0,122,0.5,0.75,0.0,92.73,
ERCOT,92.5,1,77,22,0,122,0.5,0.75,0.5,92.73,
ERCOT,92.5,1,77,22,0,122,0.5,1.0,0.0,92.73,
ERCOT,92.5,1,77,22,0,122,0.5,1.0,0.5,92.73,
ERCOT,92.5,1,78,21,0,207,0.0,0.0,1.5,92.56,
ERCOT,92.5,1,78,21,0,172,0.0,0.0,2.0,92.69,
ERCOT,92.5,1,78,21,0,152,0.0,0.0,2.5,92.6,
ERCOT,92.5,1,78,21,0,137,0.0,0.25,0.0,93.52,
ERCOT,92.5,1,78,21,0,127,0.0,0.25,0.5,92.56,
ERCOT,92.5,1,78,21,0,127,0.0,0.25,1.0,93.69,
ERCOT,92.5,1,78,21,0,122,0.0,0.5,0.0,92.63,
ERCOT,92.5,1,78,21,0,122,0.0,0.5,0.5,92.63,
ERCOT,92.5,1,78,21,0,122,0.0,0.75,0.0,92.63,
ERCOT,92.5,1,78,21,0,122,0.0,0.75,0.5,92.63,
ERCOT,92.5,1,78,21,0,122,0.0,1.0,0.0,92.63,
ERCOT,92.5,1,78,21,0,122,0.0,1.0,0.5,92.63,
ERCOT,92.5,1,78,21,0,122,0.25,0.0,0.0,92.52,
ERCOT,92.5,1,78,21,0,122,0.25,0.0,0.5,92.52,
ERCOT,92.5,1,78,21,0,122,0.25,0.25,0.0,92.52,
ERCOT,92.5,1,78,21,0,122,0.25,0.25,0.5,92.52,
ERCOT,92.5,1,78,21,0,122,0.25,0.5,0.0,92.52,
ERCOT,92.5,1,78,21,0,122,0.25,0.5,0.5,92.52,
ERCOT,92.5,1,78,21,0,122,0.25,0.75,0.0,92.52,
ERCOT,92.5,1,78,21,0,122,0.25,0.75,0.5,92.52,
ERCOT,92.5,1,78,21,0,122,0.25,1.0,0.0,92.52,
ERCOT,92.5,1,78,21,0,122,0.25,1.0,0.5,92.52,
ERCOT,92.5,1,78,21,0,122,0.5,0.0,0.0,92.52,
ERCOT,92.5,1,78,21,0,122,0.5,0.0,0.5,92.52,
ERCOT,92.5,1,78,21,0,122,0.5,0.25,0.0,92.52,
ERCOT,92.5,1,78,21,0,122,0.5,0.25,0.5,92.52,
ERCOT,92.5,1,78,21,0,122,0.5,0.5,0.0,92.52,
ERCOT,92.5,1,78,21,0,122,0.5,0.5,0.5,92.52,
ERCOT,92.5,1,78,21,0,122,0.5,0.75,0.0,92.52,
ERCOT,92.5,1,78,21,0,122,0.5,0.75,0.5,92.52,
ERCOT,92.5,1,78,21,0,122,0.5,1.0,0.0,92.52,
ERCOT,92.5,1,78,21,0,122,0.5,1.0,0.5,92.52,
ERCOT,92.5,2,71,27,0,232,0.0,0.0,0.5,92.63,
ERCOT,92.5,2,71,27,0,197,0.0,0.0,1.0,92.99,
ERCOT,92.5,2,71,27,0,167,0.0,0.0,1.5,93.18,
ERCOT,92.5,2,71,27,0,147,0.0,0.0,2.0,93.3,
ERCOT,92.5,2,71,27,0,142,0.0,0.0,2.5,94.04,
ERCOT,92.5,2,71,27,0,122,0.0,0.25,0.0,93.22,
ERCOT,92.5,2,71,27,0,122,0.0,0.25,0.5,93.96,
ERCOT,92.5,2,71,27,0,122,0.0,0.5,0.0,94.03,
ERCOT,92.5,2,71,27,0,122,0.0,0.5,0.5,94.03,
ERCOT,92.5,2,71,27,0,122,0.0,0.75,0.0,94.03,
ERCOT,92.5,2,71,27,0,122,0.0,0.75,0.5,94.03,
ERCOT,92.5,2,71,27,0,122,0.0,1.0,0.0,94.03,
ERCOT,92.5,2,71,27,0,122,0.0,1.0,0.5,94.03,
ERCOT,92.5,2,71,27,0,122,0.25,0.0,0.0,93.96,
ERCOT,92.5,2,71,27,0,122,0.25,0.0,0.5,93.96,
ERCOT,92.5,2,71,27,0,122,0.25,0.25,0.0,93.96,
ERCOT,92.5,2,71,27,0,122,0.25,0.25,0.5,93.96,
ERCOT,92.5,2,71,27,0,122,0.25,0.5,0.0,93.96,
ERCOT,92.5,2,71,27,0,122,0.25,0.5,0.5,93.96,
ERCOT,92.5,2,71,27,0,122,0.25,0.75,0.0,93.96,
ERCOT,92.5,2,71,27,0,122,0.25,0.75,0.5,93.96,
ERCOT,92.5,2,71,27,0,122,0.25,1.0,0.0,93.96,
ERCOT,92.5,2,71,27,0,122,0.25,1.0,0.5,93.96,
ERCOT,92.5,2,71,27,0,122,0.5,0.0,0.0,93.96,
ERCOT,92.5,2,71,27,0,122,0.5,0.0,0.5,93.96,
ERCOT,92.5,2,71,27,0,122,0.5,0.25,0.0,93.96,
ERCOT,92.5,2,71,27,0,122,0.5,0.25,0.5,93.96,
ERCOT,92.5,2,71,27,0,122,0.5,0.5,0.0,93.96,
ERCOT,92.5,2,71,27,0,122,0.5,0.5,0.5,93.96,
ERCOT,92.5,2,71,27,0,122,0.5,0.75,0.0,93.96,
ERCOT,92.5,2,71,27,0,122,0.5,0.75,0.5,93.96,
ERCOT,92.5,2,71,27,0,122,0.5,1.0,0.0,93.96,
ERCOT,92.5,2,71,27,0,122,0.5,1.0,0.5,93.96,
ERCOT,92.5,2,72,26,0,242,0.0,0.0,0.5,92.89,
ERCOT,92.5,2,72,26,0,202,0.0,0.0,1.0,92.75,
ERCOT,92.5,2,72,26,0,172,0.0,0.0,1.5,93.17,
ERCOT,92.5,2,72,26,0,147,0.0,0.0,2.0,92.66,
ERCOT,92.5,2,72,26,0,142,0.0,0.0,2.5,93.53,
ERCOT,92.5,2,72,26,0,122,0.0,0.25,0.0,92.84,
ERCOT,92.5,2,72,26,0,122,0.0,0.25,0.5,93.62,
ERCOT,92.5,2,72,26,0,122,0.0,0.5,0.0,93.84,
ERCOT,92.5,2,72,26,0,122,0.0,0.5,0.5,93.84,
ERCOT,92.5,2,72,26,0,122,0.0,0.75,0.0,93.84,
ERCOT,92.5,2,72,26,0,122,0.0,0.75,0.5,93.84,
ERCOT,92.5,2,72,26,0,122,0.0,1.0,0.0,93.84,
ERCOT,92.5,2,72,26,0,122,0.0,1.0,0.5,93.84,
ERCOT,92.5,2,72,26,0,122,0.25,0.0,0.0,93.76,
ERCOT,92.5,2,72,26,0,122,0.25,0.0,0.5,93.76,
ERCOT,92.5,2,72,26,0,122,0.25,0.25,0.0,93.76,
ERCOT,92.5,2,72,26,0,122,0.25,0.25,0.5,93.76,
ERCOT,92.5,2,72,26,0,122,0.25,0.5,0.0,93.76,
ERCOT,92.5,2,72,26,0,122,0.25,0.5,0.5,93.76,
ERCOT,92.5,2,72,26,0,122,0.25,0.75,0.0,93.76,
ERCOT,92.5,2,72,26,0,122,0.25,0.75,0.5,93.76,
ERCOT,92.5,2,72,26,0,122,0.25,1.0,0.0,93.76,
ERCOT,92.5,2,72,26,0,122,0.25,1.0,0.5,93.76,
ERCOT,92.5,2,72,26,0,122,0.5,0.0,0.0,93.76,
ERCOT,92.5,2,72,26,0,122,0.5,0.0,0.5,93.76,
ERCOT,92.5,2,72,26,0,122,0.5,0.25,0.0,93.76,
ERCOT,92.5,2,72,26,0,122,0.5,0.25,0.5,93.76,
ERCOT,92.5,2,72,26,0,122,0.5,0.5,0.0,93.76,
ERCOT,92.5,2,72,26,0,122,0.5,0.5,0.5,93.76,
ERCOT,92.5,2,72,26,0,122,0.5,0.75,0.0,93.76,
ERCOT,92.5,2,72,26,0,122,0.5,0.75,0.5,93.76,
ERCOT,92.5,2,72,26,0,122,0.5,1.0,0.0,93.76,
ERCOT,92.5,2,72,26,0,122,0.5,1.0,0.5,93.76,
ERCOT,92.5,2,73,25,0,250,0.0,0.0,0.5,92.79,
ERCOT,92.5,2,73,25,0,212,0.0,0.0,1.0,93.18,
ERCOT,92.5,2,73,25,0,177,0.0,0.0,1.5,93.1,
ERCOT,92.5,2,73,25,0,152,0.0,0.0,2.0,93.02,
ERCOT,92.5,2,73,25,0,142,0.0,0.0,2.5,93.01,
ERCOT,92.5,2,73,25,0,127,0.0,0.25,0.0,93.61,
ERCOT,92.5,2,73,25,0,122,0.0,0.25,0.5,93.26,
ERCOT,92.5,2,73,25,0,122,0.0,0.25,1.0,94.0,
ERCOT,92.5,2,73,25,0,122,0.0,0.5,0.0,93.64,
ERCOT,92.5,2,73,25,0,122,0.0,0.5,0.5,93.64,
ERCOT,92.5,2,73,25,0,122,0.0,0.75,0.0,93.64,
ERCOT,92.5,2,73,25,0,122,0.0,0.75,0.5,93.64,
ERCOT,92.5,2,73,25,0,122,0.0,1.0,0.0,93.64,
ERCOT,92.5,2,73,25,0,122,0.0,1.0,0.5,93.64,
ERCOT,92.5,2,73,25,0,122,0.25,0.0,0.0,93.56,
ERCOT,92.5,2,73,25,0,122,0.25,0.0,0.5,93.56,
ERCOT,92.5,2,73,25,0,122,0.25,0.25,0.0,93.56,
ERCOT,92.5,2,73,25,0,122,0.25,0.25,0.5,93.56,
ERCOT,92.5,2,73,25,0,122,0.25,0.5,0.0,93.56,
ERCOT,92.5,2,73,25,0,122,0.25,0.5,0.5,93.56,
ERCOT,92.5,2,73,25,0,122,0.25,0.75,0.0,93.56,
ERCOT,92.5,2,73,25,0,122,0.25,0.75,0.5,93.56,
ERCOT,92.5,2,73,25,0,122,0.25,1.0,0.0,93.56,
ERCOT,92.5,2,73,25,0,122,0.25,1.0,0.5,93.56,
ERCOT,92.5,2,73,25,0,122,0.5,0.0,0.0,93.56,
ERCOT,92.5,2,73,25,0,122,0.5,0.0,0.5,93.56,
ERCOT,92.5,2,73,25,0,122,0.5,0.25,0.0,93.56,
ERCOT,92.5,2,73,25,0,122,0.5,0.25,0.5,93.56,
ERCOT,92.5,2,73,25,0,122,0.5,0.5,0.0,93.56,
ERCOT,92.5,2,73,25,0,122,0.5,0.5,0.5,93.56,
ERCOT,92.5,2,73,25,0,122,0.5,0.75,0.0,93.56,
ERCOT,92.5,2,73,25,0,122,0.5,0.75,0.5,93.56,
ERCOT,92.5,2,73,25,0,122,0.5,1.0,0.0,93.56,
ERCOT,92.5,2,73,25,0,122,0.5,1.0,0.5,93.56,
ERCOT,92.5,2,74,24,0,217,0.0,0.0,1.0,92.8,
ERCOT,92.5,2,74,24,0,182,0.0,0.0,1.5,92.96,
ERCOT,92.5,2,74,24,0,157,0.0,0.0,2.0,93.27,
ERCOT,92.5,2,74,24,0,147,0.0,0.0,2.5,93.85,
ERCOT,92.5,2,74,24,0,127,0.0,0.25,0.0,93.18,
ERCOT,92.5,2,74,24,0,122,0.0,0.25,0.5,92.87,
ERCOT,92.5,2,74,24,0,122,0.0,0.25,1.0,93.67,
ERCOT,92.5,2,74,24,0,122,0.0,0.5,0.0,93.44,
ERCOT,92.5,2,74,24,0,122,0.0,0.5,0.5,93.44,
ERCOT,92.5,2,74,24,0,122,0.0,0.75,0.0,93.44,
ERCOT,92.5,2,74,24,0,122,0.0,0.75,0.5,93.44,
ERCOT,92.5,2,74,24,0,122,0.0,1.0,0.0,93.44,
ERCOT,92.5,2,74,24,0,122,0.0,1.0,0.5,93.44,
ERCOT,92.5,2,74,24,0,122,0.25,0.0,0.0,93.36,
ERCOT,92.5,2,74,24,0,122,0.25,0.0,0.5,93.36,
ERCOT,92.5,2,74,24,0,122,0.25,0.25,0.0,93.36,
ERCOT,92.5,2,74,24,0,122,0.25,0.25,0.5,93.36,
ERCOT,92.5,2,74,24,0,122,0.25,0.5,0.0,93.36,
ERCOT,92.5,2,74,24,0,122,0.25,0.5,0.5,93.36,
ERCOT,92.5,2,74,24,0,122,0.25,0.75,0.0,93.36,
ERCOT,92.5,2,74,24,0,122,0.25,0.75,0.5,93.36,
ERCOT,92.5,2,74,24,0,122,0.25,1.0,0.0,93.36,
ERCOT,92.5,2,74,24,0,122,0.25,1.0,0.5,93.36,
ERCOT,92.5,2,74,24,0,122,0.5,0.0,0.0,93.36,
ERCOT,92.5,2,74,24,0,122,0.5,0.0,0.5,93.36,
ERCOT,92.5,2,74,24,0,122,0.5,0.25,0.0,93.36,
ERCOT,92.5,2,74,24,0,122,0.5,0.25,0.5,93.36,
ERCOT,92.5,2,74,24,0,122,0.5,0.5,0.0,93.36,
ERCOT,92.5,2,74,24,0,122,0.5,0.5,0.5,93.36,
ERCOT,92.5,2,74,24,0,122,0.5,0.75,0.0,93.36,
ERCOT,92.5,2,74,24,0,122,0.5,0.75,0.5,93.36,
ERCOT,92.5,2,74,24,0,122,0.5,1.0,0.0,93.36,
ERCOT,92.5,2,74,24,0,122,0.5,1.0,0.5,93.36,
ERCOT,92.5,2,75,23,0,227,0.0,0.0,1.0,93.04,
ERCOT,92.5,2,75,23,0,187,0.0,0.0,1.5,92.76,
ERCOT,92.5,2,75,23,0,157,0.0,0.0,2.0,92.54,
ERCOT,92.5,2,75,23,0,147,0.0,0.0,2.5,93.26,
ERCOT,92.5,2,75,23,0,127,0.0,0.25,0.0,92.73,
ERCOT,92.5,2,75,23,0,127,0.0,0.25,0.5,93.79,
ERCOT,92.5,2,75,23,0,122,0.0,0.5,0.0,93.24,
ERCOT,92.5,2,75,23,0,122,0.0,0.5,0.5,93.24,
ERCOT,92.5,2,75,23,0,122,0.0,0.75,0.0,93.24,
ERCOT,92.5,2,75,23,0,122,0.0,0.75,0.5,93.24,
ERCOT,92.5,2,75,23,0,122,0.0,1.0,0.0,93.24,
ERCOT,92.5,2,75,23,0,122,0.0,1.0,0.5,93.24,
ERCOT,92.5,2,75,23,0,122,0.25,0.0,0.0,93.15,
ERCOT,92.5,2,75,23,0,122,0.25,0.0,0.5,93.15,
ERCOT,92.5,2,75,23,0,122,0.25,0.25,0.0,93.15,
ERCOT,92.5,2,75,23,0,122,0.25,0.25,0.5,93.15,
ERCOT,92.5,2,75,23,0,122,0.25,0.5,0.0,93.15,
ERCOT,92.5,2,75,23,0,122,0.25,0.5,0.5,93.15,
ERCOT,92.5,2,75,23,0,122,0.25,0.75,0.0,93.15,
ERCOT,92.5,2,75,23,0,122,0.25,0.75,0.5,93.15,
ERCOT,92.5,2,75,23,0,122,0.25,1.0,0.0,93.15,
ERCOT,92.5,2,75,23,0,122,0.25,1.0,0.5,93.15,
ERCOT,92.5,2,75,23,0,122,0.5,0.0,0.0,93.15,
ERCOT,92.5,2,75,23,0,122,0.5,0.0,0.5,93.15,
ERCOT,92.5,2,75,23,0,122,0.5,0.25,0.0,93.15,
ERCOT,92.5,2,75,23,0,122,0.5,0.25,0.5,93.15,
ERCOT,92.5,2,75,23,0,122,0.5,0.5,0.0,93.15,
ERCOT,92.5,2,75,23,0,122,0.5,0.5,0.5,93.15,
ERCOT,92.5,2,75,23,0,122,0.5,0.75,0.0,93.15,
ERCOT,92.5,2,75,23,0,122,0.5,0.75,0.5,93.15,
ERCOT,92.5,2,75,23,0,122,0.5,1.0,0.0,93.15,
ERCOT,92.5,2,75,23,0,122,0.5,1.0,0.5,93.15,
ERCOT,92.5,2,76,22,0,232,0.0,0.0,1.0,92.51,
ERCOT,92.5,2,76,22,0,197,0.0,0.0,1.5,93.21,
ERCOT,92.5,2,76,22,0,162,0.0,0.0,2.0,92.66,
ERCOT,92.5,2,76,22,0,147,0.0,0.0,2.5,92.66,
ERCOT,92.5,2,76,22,0,132,0.0,0.25,0.0,93.39,
ERCOT,92.5,2,76,22,0,127,0.0,0.25,0.5,93.4,
ERCOT,92.5,2,76,22,0,122,0.0,0.25,1.0,92.99,
ERCOT,92.5,2,76,22,0,122,0.0,0.25,1.5,93.69,
ERCOT,92.5,2,76,22,0,122,0.0,0.5,0.0,93.04,
ERCOT,92.5,2,76,22,0,122,0.0,0.5,0.5,93.04,
ERCOT,92.5,2,76,22,0,122,0.0,0.75,0.0,93.04,
ERCOT,92.5,2,76,22,0,122,0.0,0.75,0.5,93.04,
ERCOT,92.5,2,76,22,0,122,0.0,1.0,0.0,93.04,
ERCOT,92.5,2,76,22,0,122,0.0,1.0,0.5,93.04,
ERCOT,92.5,2,76,22,0,122,0.25,0.0,0.0,92.94,
ERCOT,92.5,2,76,22,0,122,0.25,0.0,0.5,92.94,
ERCOT,92.5,2,76,22,0,122,0.25,0.25,0.0,92.94,
ERCOT,92.5,2,76,22,0,122,0.25,0.25,0.5,92.94,
ERCOT,92.5,2,76,22,0,122,0.25,0.5,0.0,92.94,
ERCOT,92.5,2,76,22,0,122,0.25,0.5,0.5,92.94,
ERCOT,92.5,2,76,22,0,122,0.25,0.75,0.0,92.94,
ERCOT,92.5,2,76,22,0,122,0.25,0.75,0.5,92.94,
ERCOT,92.5,2,76,22,0,122,0.25,1.0,0.0,92.94,
ERCOT,92.5,2,76,22,0,122,0.25,1.0,0.5,92.94,
ERCOT,92.5,2,76,22,0,122,0.5,0.0,0.0,92.94,
ERCOT,92.5,2,76,22,0,122,0.5,0.0,0.5,92.94,
ERCOT,92.5,2,76,22,0,122,0.5,0.25,0.0,92.94,
ERCOT,92.5,2,76,22,0,122,0.5,0.25,0.5,92.94,
ERCOT,92.5,2,76,22,0,122,0.5,0.5,0.0,92.94,
ERCOT,92.5,2,76,22,0,122,0.5,0.5,0.5,92.94,
ERCOT,92.5,2,76,22,0,122,0.5,0.75,0.0,92.94,
ERCOT,92.5,2,76,22,0,122,0.5,0.75,0.5,92.94,
ERCOT,92.5,2,76,22,0,122,0.5,1.0,0.0,92.94,
ERCOT,92.5,2,76,22,0,122,0.5,1.0,0.5,92.94,
ERCOT,92.5,2,77,21,0,242,0.0,0.0,1.0,92.56,
ERCOT,92.5,2,77,21,0,202,0.0,0.0,1.5,92.86,
ERCOT,92.5,2,77,21,0,167,0.0,0.0,2.0,92.68,
ERCOT,92.5,2,77,21,0,152,0.0,0.0,2.5,93.19,
ERCOT,92.5,2,77,21,0,132,0.0,0.25,0.0,92.9,
ERCOT,92.5,2,77,21,0,127,0.0,0.25,0.5,92.98,
ERCOT,92.5,2,77,21,0,122,0.0,0.25,1.0,92.64,
ERCOT,92.5,2,77,21,0,122,0.0,0.25,1.5,93.4,
ERCOT,92.5,2,77,21,0,122,0.0,0.5,0.0,92.83,
ERCOT,92.5,2,77,21,0,122,0.0,0.5,0.5,92.83,
ERCOT,92.5,2,77,21,0,122,0.0,0.75,0.0,92.83,
ERCOT,92.5,2,77,21,0,122,0.0,0.75,0.5,92.83,
ERCOT,92.5,2,77,21,0,122,0.0,1.0,0.0,92.83,
ERCOT,92.5,2,77,21,0,122,0.0,1.0,0.5,92.83,
ERCOT,92.5,2,77,21,0,122,0.25,0.0,0.0,92.72,
ERCOT,92.5,2,77,21,0,122,0.25,0.0,0.5,92.72,
ERCOT,92.5,2,77,21,0,122,0.25,0.25,0.0,92.72,
ERCOT,92.5,2,77,21,0,122,0.25,0.25,0.5,92.72,
ERCOT,92.5,2,77,21,0,122,0.25,0.5,0.0,92.72,
ERCOT,92.5,2,77,21,0,122,0.25,0.5,0.5,92.72,
ERCOT,92.5,2,77,21,0,122,0.25,0.75,0.0,92.72,
ERCOT,92.5,2,77,21,0,122,0.25,0.75,0.5,92.72,
ERCOT,92.5,2,77,21,0,122,0.25,1.0,0.0,92.72,
ERCOT,92.5,2,77,21,0,122,0.25,1.0,0.5,92.72,
ERCOT,92.5,2,77,21,0,122,0.5,0.0,0.0,92.72,
ERCOT,92.5,2,77,21,0,122,0.5,0.0,0.5,92.72,
ERCOT,92.5,2,77,21,0,122,0.5,0.25,0.0,92.72,
ERCOT,92.5,2,77,21,0,122,0.5,0.25,0.5,92.72,
ERCOT,92.5,2,77,21,0,122,0.5,0.5,0.0,92.72,
ERCOT,92.5,2,77,21,0,122,0.5,0.5,0.5,92.72,
ERCOT,92.5,2,77,21,0,122,0.5,0.75,0.0,92.72,
ERCOT,92.5,2,77,21,0,122,0.5,0.75,0.5,92.72,
ERCOT,92.5,2,77,21,0,122,0.5,1.0,0.0,92.72,
ERCOT,92.5,2,77,21,0,122,0.5,1.0,0.5,92.72,
ERCOT,92.5,3,71,26,0,232,0.0,0.0,0.5,92.54,
ERCOT,92.5,3,71,26,0,197,0.0,0.0,1.0,92.9,
ERCOT,92.5,3,71,26,0,167,0.0,0.0,1.5,93.09,
ERCOT,92.5,3,71,26,0,147,0.0,0.0,2.0,93.25,
ERCOT,92.5,3,71,26,0,142,0.0,0.0,2.5,94.0,
ERCOT,92.5,3,71,26,0,122,0.0,0.25,0.0,93.21,
ERCOT,92.5,3,71,26,0,122,0.0,0.25,0.5,93.95,
ERCOT,92.5,3,71,26,0,117,0.0,0.5,0.0,92.5,
ERCOT,92.5,3,71,26,0,117,0.0,0.5,0.5,92.5,
ERCOT,92.5,3,71,26,0,117,0.0,0.75,0.0,92.5,
ERCOT,92.5,3,71,26,0,117,0.0,0.75,0.5,92.5,
ERCOT,92.5,3,71,26,0,117,0.0,1.0,0.0,92.5,
ERCOT,92.5,3,71,26,0,117,0.0,1.0,0.5,92.5,
ERCOT,92.5,3,71,26,0,122,0.25,0.0,0.0,93.96,
ERCOT,92.5,3,71,26,0,122,0.25,0.0,0.5,93.96,
ERCOT,92.5,3,71,26,0,122,0.25,0.25,0.0,93.96,
ERCOT,92.5,3,71,26,0,122,0.25,0.25,0.5,93.96,
ERCOT,92.5,3,71,26,0,122,0.25,0.5,0.0,93.96,
ERCOT,92.5,3,71,26,0,122,0.25,0.5,0.5,93.96,
ERCOT,92.5,3,71,26,0,122,0.25,0.75,0.0,93.96,
ERCOT,92.5,3,71,26,0,122,0.25,0.75,0.5,93.96,
ERCOT,92.5,3,71,26,0,122,0.25,1.0,0.0,93.96,
ERCOT,92.5,3,71,26,0,122,0.25,1.0,0.5,93.96,
ERCOT,92.5,3,71,26,0,122,0.5,0.0,0.0,93.96,
ERCOT,92.5,3,71,26,0,122,0.5,0.0,0.5,93.96,
ERCOT,92.5,3,71,26,0,122,0.5,0.25,0.0,93.96,
ERCOT,92.5,3,71,26,0,122,0.5,0.25,0.5,93.96,
ERCOT,92.5,3,71,26,0,122,0.5,0.5,0.0,93.96,
ERCOT,92.5,3,71,26,0,122,0.5,0.5,0.5,93.96,
ERCOT,92.5,3,71,26,0,122,0.5,0.75,0.0,93.96,
ERCOT,92.5,3,71,26,0,122,0.5,0.75,0.5,93.96,
ERCOT,92.5,3,71,26,0,122,0.5,1.0,0.0,93.96,
ERCOT,92.5,3,71,26,0,122,0.5,1.0,0.5,93.96,
ERCOT,92.5,3,72,25,0,242,0.0,0.0,0.5,92.8,
ERCOT,92.5,3,72,25,0,202,0.0,0.0,1.0,92.65,
ERCOT,92.5,3,72,25,0,172,0.0,0.0,1.5,93.08,
ERCOT,92.5,3,72,25,0,147,0.0,0.0,2.0,92.59,
ERCOT,92.5,3,72,25,0,142,0.0,0.0,2.5,93.48,
ERCOT,92.5,3,72,25,0,122,0.0,0.25,0.0,92.82,
ERCOT,92.5,3,72,25,0,122,0.0,0.25,0.5,93.61,
ERCOT,92.5,3,72,25,0,122,0.0,0.5,0.0,93.84,
ERCOT,92.5,3,72,25,0,122,0.0,0.5,0.5,93.84,
ERCOT,92.5,3,72,25,0,122,0.0,0.75,0.0,93.84,
ERCOT,92.5,3,72,25,0,122,0.0,0.75,0.5,93.84,
ERCOT,92.5,3,72,25,0,122,0.0,1.0,0.0,93.84,
ERCOT,92.5,3,72,25,0,122,0.0,1.0,0.5,93.84,
ERCOT,92.5,3,72,25,0,122,0.25,0.0,0.0,93.76,
ERCOT,92.5,3,72,25,0,122,0.25,0.0,0.5,93.76,
ERCOT,92.5,3,72,25,0,122,0.25,0.25,0.0,93.76,
ERCOT,92.5,3,72,25,0,122,0.25,0.25,0.5,93.76,
ERCOT,92.5,3,72,25,0,122,0.25,0.5,0.0,93.76,
ERCOT,92.5,3,72,25,0,122,0.25,0.5,0.5,93.76,
ERCOT,92.5,3,72,25,0,122,0.25,0.75,0.0,93.76,
ERCOT,92.5,3,72,25,0,122,0.25,0.75,0.5,93.76,
ERCOT,92.5,3,72,25,0,122,0.25,1.0,0.0,93.76,
ERCOT,92.5,3,72,25,0,122,0.25,1.0,0.5,93.76,
ERCOT,92.5,3,72,25,0,122,0.5,0.0,0.0,93.76,
ERCOT,92.5,3,72,25,0,122,0.5,0.0,0.5,93.76,
ERCOT,92.5,3,72,25,0,122,0.5,0.25,0.0,93.76,
ERCOT,92.5,3,72,25,0,122,0.5,0.25,0.5,93.76,
ERCOT,92.5,3,72,25,0,122,0.5,0.5,0.0,93.76,
ERCOT,92.5,3,72,25,0,122,0.5,0.5,0.5,93.76,
ERCOT,92.5,3,72,25,0,122,0.5,0.75,0.0,93.76,
ERCOT,92.5,3,72,25,0,122,0.5,0.75,0.5,93.76,
ERCOT,92.5,3,72,25,0,122,0.5,1.0,0.0,93.76,
ERCOT,92.5,3,72,25,0,122,0.5,1.0,0.5,93.76,
ERCOT,92.5,3,73,24,0,250,0.0,0.0,0.5,92.71,
ERCOT,92.5,3,73,24,0,212,0.0,0.0,1.0,93.08,
ERCOT,92.5,3,73,24,0,177,0.0,0.0,1.5,93.0,
ERCOT,92.5,3,73,24,0,152,0.0,0.0,2.0,92.96,
ERCOT,92.5,3,73,24,0,142,0.0,0.0,2.5,92.96,
ERCOT,92.5,3,73,24,0,127,0.0,0.25,0.0,93.59,
ERCOT,92.5,3,73,24,0,122,0.0,0.25,0.5,93.24,
ERCOT,92.5,3,73,24,0,122,0.0,0.25,1.0,93.99,
ERCOT,92.5,3,73,24,0,122,0.0,0.5,0.0,93.64,
ERCOT,92.5,3,73,24,0,122,0.0,0.5,0.5,93.64,
ERCOT,92.5,3,73,24,0,122,0.0,0.75,0.0,93.64,
ERCOT,92.5,3,73,24,0,122,0.0,0.75,0.5,93.64,
ERCOT,92.5,3,73,24,0,122,0.0,1.0,0.0,93.64,
ERCOT,92.5,3,73,24,0,122,0.0,1.0,0.5,93.64,
ERCOT,92.5,3,73,24,0,122,0.25,0.0,0.0,93.56,
ERCOT,92.5,3,73,24,0,122,0.25,0.0,0.5,93.56,
ERCOT,92.5,3,73,24,0,122,0.25,0.25,0.0,93.56,
ERCOT,92.5,3,73,24,0,122,0.25,0.25,0.5,93.56,
ERCOT,92.5,3,73,24,0,122,0.25,0.5,0.0,93.56,
ERCOT,92.5,3,73,24,0,122,0.25,0.5,0.5,93.56,
ERCOT,92.5,3,73,24,0,122,0.25,0.75,0.0,93.56,
ERCOT,92.5,3,73,24,0,122,0.25,0.75,0.5,93.56,
ERCOT,92.5,3,73,24,0,122,0.25,1.0,0.0,93.56,
ERCOT,92.5,3,73,24,0,122,0.25,1.0,0.5,93.56,
ERCOT,92.5,3,73,24,0,122,0.5,0.0,0.0,93.56,
ERCOT,92.5,3,73,24,0,122,0.5,0.0,0.5,93.56,
ERCOT,92.5,3,73,24,0,122,0.5,0.25,0.0,93.56,
ERCOT,92.5,3,73,24,0,122,0.5,0.25,0.5,93.56,
ERCOT,92.5,3,73,24,0,122,0.5,0.5,0.0,93.56,
ERCOT,92.5,3,73,24,0,122,0.5,0.5,0.5,93.56,
ERCOT,92.5,3,73,24,0,122,0.5,0.75,0.0,93.56,
ERCOT,92.5,3,73,24,0,122,0.5,0.75,0.5,93.56,
ERCOT,92.5,3,73,24,0,122,0.5,1.0,0.0,93.56,
ERCOT,92.5,3,73,24,0,122,0.5,1.0,0.5,93.56,
ERCOT,92.5,3,74,23,0,217,0.0,0.0,1.0,92.69,
ERCOT,92.5,3,74,23,0,182,0.0,0.0,1.5,92.86,
ERCOT,92.5,3,74,23,0,157,0.0,0.0,2.0,93.21,
ERCOT,92.5,3,74,23,0,147,0.0,0.0,2.5,93.79,
ERCOT,92.5,3,74,23,0,127,0.0,0.25,0.0,93.16,
ERCOT,92.5,3,74,23,0,122,0.0,0.25,0.5,92.86,
ERCOT,92.5,3,74,23,0,122,0.0,0.25,1.0,93.65,
ERCOT,92.5,3,74,23,0,122,0.0,0.5,0.0,93.44,
ERCOT,92.5,3,74,23,0,122,0.0,0.5,0.5,93.44,
ERCOT,92.5,3,74,23,0,122,0.0,0.75,0.0,93.44,
ERCOT,92.5,3,74,23,0,122,0.0,0.75,0.5,93.44,
ERCOT,92.5,3,74,23,0,122,0.0,1.0,0.0,93.44,
ERCOT,92.5,3,74,23,0,122,0.0,1.0,0.5,93.44,
ERCOT,92.5,3,74,23,0,122,0.25,0.0,0.0,93.35,
ERCOT,92.5,3,74,23,0,122,0.25,0.0,0.5,93.35,
ERCOT,92.5,3,74,23,0,122,0.25,0.25,0.0,93.35,
ERCOT,92.5,3,74,23,0,122,0.25,0.25,0.5,93.35,
ERCOT,92.5,3,74,23,0,122,0.25,0.5,0.0,93.35,
ERCOT,92.5,3,74,23,0,122,0.25,0.5,0.5,93.35,
ERCOT,92.5,3,74,23,0,122,0.25,0.75,0.0,93.35,
ERCOT,92.5,3,74,23,0,122,0.25,0.75,0.5,93.35,
ERCOT,92.5,3,74,23,0,122,0.25,1.0,0.0,93.35,
ERCOT,92.5,3,74,23,0,122,0.25,1.0,0.5,93.35,
ERCOT,92.5,3,74,23,0,122,0.5,0.0,0.0,93.35,
ERCOT,92.5,3,74,23,0,122,0.5,0.0,0.5,93.35,
ERCOT,92.5,3,74,23,0,122,0.5,0.25,0.0,93.35,
ERCOT,92.5,3,74,23,0,122,0.5,0.25,0.5,93.35,
ERCOT,92.5,3,74,23,0,122,0.5,0.5,0.0,93.35,
ERCOT,92.5,3,74,23,0,122,0.5,0.5,0.5,93.35,
ERCOT,92.5,3,74,23,0,122,0.5,0.75,0.0,93.35,
ERCOT,92.5,3,74,23,0,122,0.5,0.75,0.5,93.35,
ERCOT,92.5,3,74,23,0,122,0.5,1.0,0.0,93.35,
ERCOT,92.5,3,74,23,0,122,0.5,1.0,0.5,93.35,
ERCOT,92.5,3,75,22,0,227,0.0,0.0,1.0,92.92,
ERCOT,92.5,3,75,22,0,187,0.0,0.0,1.5,92.66,
ERCOT,92.5,3,75,22,0,162,0.0,0.0,2.0,93.35,
ERCOT,92.5,3,75,22,0,147,0.0,0.0,2.5,93.2,
ERCOT,92.5,3,75,22,0,127,0.0,0.25,0.0,92.71,
ERCOT,92.5,3,75,22,0,127,0.0,0.25,0.5,93.78,
ERCOT,92.5,3,75,22,0,122,0.0,0.5,0.0,93.24,
ERCOT,92.5,3,75,22,0,122,0.0,0.5,0.5,93.24,
ERCOT,92.5,3,75,22,0,122,0.0,0.75,0.0,93.24,
ERCOT,92.5,3,75,22,0,122,0.0,0.75,0.5,93.24,
ERCOT,92.5,3,75,22,0,122,0.0,1.0,0.0,93.24,
ERCOT,92.5,3,75,22,0,122,0.0,1.0,0.5,93.24,
ERCOT,92.5,3,75,22,0,122,0.25,0.0,0.0,93.14,
ERCOT,92.5,3,75,22,0,122,0.25,0.0,0.5,93.14,
ERCOT,92.5,3,75,22,0,122,0.25,0.25,0.0,93.14,
ERCOT,92.5,3,75,22,0,122,0.25,0.25,0.5,93.14,
ERCOT,92.5,3,75,22,0,122,0.25,0.5,0.0,93.14,
ERCOT,92.5,3,75,22,0,122,0.25,0.5,0.5,93.14,
ERCOT,92.5,3,75,22,0,122,0.25,0.75,0.0,93.14,
ERCOT,92.5,3,75,22,0,122,0.25,0.75,0.5,93.14,
ERCOT,92.5,3,75,22,0,122,0.25,1.0,0.0,93.14,
ERCOT,92.5,3,75,22,0,122,0.25,1.0,0.5,93.14,
ERCOT,92.5,3,75,22,0,122,0.5,0.0,0.0,93.14,
ERCOT,92.5,3,75,22,0,122,0.5,0.0,0.5,93.14,
ERCOT,92.5,3,75,22,0,122,0.5,0.25,0.0,93.14,
ERCOT,92.5,3,75,22,0,122,0.5,0.25,0.5,93.14,
ERCOT,92.5,3,75,22,0,122,0.5,0.5,0.0,93.14,
ERCOT,92.5,3,75,22,0,122,0.5,0.5,0.5,93.14,
ERCOT,92.5,3,75,22,0,122,0.5,0.75,0.0,93.14,
ERCOT,92.5,3,75,22,0,122,0.5,0.75,0.5,93.14,
ERCOT,92.5,3,75,22,0,122,0.5,1.0,0.0,93.14,
ERCOT,92.5,3,75,22,0,122,0.5,1.0,0.5,93.14,
ERCOT,92.5,3,76,21,0,237,0.0,0.0,1.0,93.04,
ERCOT,92.5,3,76,21,0,197,0.0,0.0,1.5,93.1,
ERCOT,92.5,3,76,21,0,162,0.0,0.0,2.0,92.57,
ERCOT,92.5,3,76,21,0,147,0.0,0.0,2.5,92.6,
ERCOT,92.5,3,76,21,0,132,0.0,0.25,0.0,93.37,
ERCOT,92.5,3,76,21,0,127,0.0,0.25,0.5,93.38,
ERCOT,92.5,3,76,21,0,122,0.0,0.25,1.0,92.97,
ERCOT,92.5,3,76,21,0,122,0.0,0.25,1.5,93.68,
ERCOT,92.5,3,76,21,0,122,0.0,0.5,0.0,93.03,
ERCOT,92.5,3,76,21,0,122,0.0,0.5,0.5,93.03,
ERCOT,92.5,3,76,21,0,122,0.0,0.75,0.0,93.03,
ERCOT,92.5,3,76,21,0,122,0.0,0.75,0.5,93.03,
ERCOT,92.5,3,76,21,0,122,0.0,1.0,0.0,93.03,
ERCOT,92.5,3,76,21,0,122,0.0,1.0,0.5,93.03,
ERCOT,92.5,3,76,21,0,122,0.25,0.0,0.0,92.93,
ERCOT,92.5,3,76,21,0,122,0.25,0.0,0.5,92.93,
ERCOT,92.5,3,76,21,0,122,0.25,0.25,0.0,92.93,
ERCOT,92.5,3,76,21,0,122,0.25,0.25,0.5,92.93,
ERCOT,92.5,3,76,21,0,122,0.25,0.5,0.0,92.93,
ERCOT,92.5,3,76,21,0,122,0.25,0.5,0.5,92.93,
ERCOT,92.5,3,76,21,0,122,0.25,0.75,0.0,92.93,
ERCOT,92.5,3,76,21,0,122,0.25,0.75,0.5,92.93,
ERCOT,92.5,3,76,21,0,122,0.25,1.0,0.0,92.93,
ERCOT,92.5,3,76,21,0,122,0.25,1.0,0.5,92.93,
ERCOT,92.5,3,76,21,0,122,0.5,0.0,0.0,92.93,
ERCOT,92.5,3,76,21,0,122,0.5,0.0,0.5,92.93,
ERCOT,92.5,3,76,21,0,122,0.5,0.25,0.0,92.93,
ERCOT,92.5,3,76,21,0,122,0.5,0.25,0.5,92.93,
ERCOT,92.5,3,76,21,0,122,0.5,0.5,0.0,92.93,
ERCOT,92.5,3,76,21,0,122,0.5,0.5,0.5,92.93,
ERCOT,92.5,3,76,21,0,122,0.5,0.75,0.0,92.93,
ERCOT,92.5,3,76,21,0,122,0.5,0.75,0.5,92.93,
ERCOT,92.5,3,76,21,0,122,0.5,1.0,0.0,92.93,
ERCOT,92.5,3,76,21,0,122,0.5,1.0,0.5,92.93,
ERCOT,92.5,4,71,25,0,237,0.0,0.0,0.5,93.15,
ERCOT,92.5,4,71,25,0,197,0.0,0.0,1.0,92.8,
ERCOT,92.5,4,71,25,0,167,0.0,0.0,1.5,93.01,
ERCOT,92.5,4,71,25,0,147,0.0,0.0,2.0,93.19,
ERCOT,92.5,4,71,25,0,142,0.0,0.0,2.5,93.95,
ERCOT,92.5,4,71,25,0,122,0.0,0.25,0.0,93.2,
ERCOT,92.5,4,71,25,0,122,0.0,0.25,0.5,93.94,
ERCOT,92.5,4,71,25,0,117,0.0,0.5,0.0,92.5,
ERCOT,92.5,4,71,25,0,117,0.0,0.5,0.5,92.5,
ERCOT,92.5,4,71,25,0,117,0.0,0.75,0.0,92.5,
ERCOT,92.5,4,71,25,0,117,0.0,0.75,0.5,92.5,
ERCOT,92.5,4,71,25,0,117,0.0,1.0,0.0,92.5,
ERCOT,92.5,4,71,25,0,117,0.0,1.0,0.5,92.5,
ERCOT,92.5,4,71,25,0,122,0.25,0.0,0.0,93.96,
ERCOT,92.5,4,71,25,0,122,0.25,0.0,0.5,93.96,
ERCOT,92.5,4,71,25,0,122,0.25,0.25,0.0,93.96,
ERCOT,92.5,4,71,25,0,122,0.25,0.25,0.5,93.96,
ERCOT,92.5,4,71,25,0,122,0.25,0.5,0.0,93.96,
ERCOT,92.5,4,71,25,0,122,0.25,0.5,0.5,93.96,
ERCOT,92.5,4,71,25,0,122,0.25,0.75,0.0,93.96,
ERCOT,92.5,4,71,25,0,122,0.25,0.75,0.5,93.96,
ERCOT,92.5,4,71,25,0,122,0.25,1.0,0.0,93.96,
ERCOT,92.5,4,71,25,0,122,0.25,1.0,0.5,93.96,
ERCOT,92.5,4,71,25,0,122,0.5,0.0,0.0,93.96,
ERCOT,92.5,4,71,25,0,122,0.5,0.0,0.5,93.96,
ERCOT,92.5,4,71,25,0,122,0.5,0.25,0.0,93.96,
ERCOT,92.5,4,71,25,0,122,0.5,0.25,0.5,93.96,
ERCOT,92.5,4,71,25,0,122,0.5,0.5,0.0,93.96,
ERCOT,92.5,4,71,25,0,122,0.5,0.5,0.5,93.96,
ERCOT,92.5,4,71,25,0,122,0.5,0.75,0.0,93.96,
ERCOT,92.5,4,71,25,0,122,0.5,0.75,0.5,93.96,
ERCOT,92.5,4,71,25,0,122,0.5,1.0,0.0,93.96,
ERCOT,92.5,4,71,25,0,122,0.5,1.0,0.5,93.96,
ERCOT,92.5,4,72,24,0,242,0.0,0.0,0.5,92.71,
ERCOT,92.5,4,72,24,0,202,0.0,0.0,1.0,92.55,
ERCOT,92.5,4,72,24,0,172,0.0,0.0,1.5,92.99,
ERCOT,92.5,4,72,24,0,147,0.0,0.0,2.0,92.51,
ERCOT,92.5,4,72,24,0,142,0.0,0.0,2.5,93.43,
ERCOT,92.5,4,72,24,0,122,0.0,0.25,0.0,92.8,
ERCOT,92.5,4,72,24,0,122,0.0,0.25,0.5,93.6,
ERCOT,92.5,4,72,24,0,122,0.0,0.5,0.0,93.84,
ERCOT,92.5,4,72,24,0,122,0.0,0.5,0.5,93.84,
ERCOT,92.5,4,72,24,0,122,0.0,0.75,0.0,93.84,
ERCOT,92.5,4,72,24,0,122,0.0,0.75,0.5,93.84,
ERCOT,92.5,4,72,24,0,122,0.0,1.0,0.0,93.84,
ERCOT,92.5,4,72,24,0,122,0.0,1.0,0.5,93.84,
ERCOT,92.5,4,72,24,0,122,0.25,0.0,0.0,93.76,
ERCOT,92.5,4,72,24,0,122,0.25,0.0,0.5,93.76,
ERCOT,92.5,4,72,24,0,122,0.25,0.25,0.0,93.76,
ERCOT,92.5,4,72,24,0,122,0.25,0.25,0.5,93.76,
ERCOT,92.5,4,72,24,0,122,0.25,0.5,0.0,93.76,
ERCOT,92.5,4,72,24,0,122,0.25,0.5,0.5,93.76,
ERCOT,92.5,4,72,24,0,122,0.25,0.75,0.0,93.76,
ERCOT,92.5,4,72,24,0,122,0.25,0.75,0.5,93.76,
ERCOT,92.5,4,72,24,0,122,0.25,1.0,0.0,93.76,
ERCOT,92.5,4,72,24,0,122,0.25,1.0,0.5,93.76,
ERCOT,92.5,4,72,24,0,122,0.5,0.0,0.0,93.76,
ERCOT,92.5,4,72,24,0,122,0.5,0.0,0.5,93.76,
ERCOT,92.5,4,72,24,0,122,0.5,0.25,0.0,93.76,
ERCOT,92.5,4,72,24,0,122,0.5,0.25,0.5,93.76,
ERCOT,92.5,4,72,24,0,122,0.5,0.5,0.0,93.76,
ERCOT,92.5,4,72,24,0,122,0.5,0.5,0.5,93.76,
ERCOT,92.5,4,72,24,0,122,0.5,0.75,0.0,93.76,
ERCOT,92.5,4,72,24,0,122,0.5,0.75,0.5,93.76,
ERCOT,92.5,4,72,24,0,122,0.5,1.0,0.0,93.76,
ERCOT,92.5,4,72,24,0,122,0.5,1.0,0.5,93.76,
ERCOT,92.5,4,73,23,0,250,0.0,0.0,0.5,92.61,
ERCOT,92.5,4,73,23,0,212,0.0,0.0,1.0,92.98,
ERCOT,92.5,4,73,23,0,177,0.0,0.0,1.5,92.91,
ERCOT,92.5,4,73,23,0,152,0.0,0.0,2.0,92.89,
ERCOT,92.5,4,73,23,0,142,0.0,0.0,2.5,92.9,
ERCOT,92.5,4,73,23,0,127,0.0,0.25,0.0,93.57,
ERCOT,92.5,4,73,23,0,122,0.0,0.25,0.5,93.23,
ERCOT,92.5,4,73,23,0,122,0.0,0.25,1.0,93.98,
ERCOT,92.5,4,73,23,0,122,0.0,0.5,0.0,93.64,
ERCOT,92.5,4,73,23,0,122,0.0,0.5,0.5,93.64,
ERCOT,92.5,4,73,23,0,122,0.0,0.75,0.0,93.64,
ERCOT,92.5,4,73,23,0,122,0.0,0.75,0.5,93.64,
ERCOT,92.5,4,73,23,0,122,0.0,1.0,0.0,93.64,
ERCOT,92.5,4,73,23,0,122,0.0,1.0,0.5,93.64,
ERCOT,92.5,4,73,23,0,122,0.25,0.0,0.0,93.55,
ERCOT,92.5,4,73,23,0,122,0.25,0.0,0.5,93.55,
ERCOT,92.5,4,73,23,0,122,0.25,0.25,0.0,93.55,
ERCOT,92.5,4,73,23,0,122,0.25,0.25,0.5,93.55,
ERCOT,92.5,4,73,23,0,122,0.25,0.5,0.0,93.55,
ERCOT,92.5,4,73,23,0,122,0.25,0.5,0.5,93.55,
ERCOT,92.5,4,73,23,0,122,0.25,0.75,0.0,93.55,
ERCOT,92.5,4,73,23,0,122,0.25,0.75,0.5,93.55,
ERCOT,92.5,4,73,23,0,122,0.25,1.0,0.0,93.55,
ERCOT,92.5,4,73,23,0,122,0.25,1.0,0.5,93.55,
ERCOT,92.5,4,73,23,0,122,0.5,0.0,0.0,93.55,
ERCOT,92.5,4,73,23,0,122,0.5,0.0,0.5,93.55,
ERCOT,92.5,4,73,23,0,122,0.5,0.25,0.0,93.55,
ERCOT,92.5,4,73,23,0,122,0.5,0.25,0.5,93.55,
ERCOT,92.5,4,73,23,0,122,0.5,0.5,0.0,93.55,
ERCOT,92.5,4,73,23,0,122,0.5,0.5,0.5,93.55,
ERCOT,92.5,4,73,23,0,122,0.5,0.75,0.0,93.55,
ERCOT,92.5,4,73,23,0,122,0.5,0.75,0.5,93.55,
ERCOT,92.5,4,73,23,0,122,0.5,1.0,0.0,93.55,
ERCOT,92.5,4,73,23,0,122,0.5,1.0,0.5,93.55,
ERCOT,92.5,4,74,22,0,217,0.0,0.0,1.0,92.59,
ERCOT,92.5,4,74,22,0,182,0.0,0.0,1.5,92.77,
ERCOT,92.5,4,74,22,0,157,0.0,0.0,2.0,93.14,
ERCOT,92.5,4,74,22,0,147,0.0,0.0,2.5,93.73,
ERCOT,92.5,4,74,22,0,127,0.0,0.25,0.0,93.14,
ERCOT,92.5,4,74,22,0,122,0.0,0.25,0.5,92.84,
ERCOT,92.5,4,74,22,0,122,0.0,0.25,1.0,93.64,
ERCOT,92.5,4,74,22,0,122,0.0,0.5,0.0,93.44,
ERCOT,92.5,4,74,22,0,122,0.0,0.5,0.5,93.44,
ERCOT,92.5,4,74,22,0,122,0.0,0.75,0.0,93.44,
ERCOT,92.5,4,74,22,0,122,0.0,0.75,0.5,93.44,
ERCOT,92.5,4,74,22,0,122,0.0,1.0,0.0,93.44,
ERCOT,92.5,4,74,22,0,122,0.0,1.0,0.5,93.44,
ERCOT,92.5,4,74,22,0,122,0.25,0.0,0.0,93.34,
ERCOT,92.5,4,74,22,0,122,0.25,0.0,0.5,93.34,
ERCOT,92.5,4,74,22,0,122,0.25,0.25,0.0,93.34,
ERCOT,92.5,4,74,22,0,122,0.25,0.25,0.5,93.34,
ERCOT,92.5,4,74,22,0,122,0.25,0.5,0.0,93.34,
ERCOT,92.5,4,74,22,0,122,0.25,0.5,0.5,93.34,
ERCOT,92.5,4,74,22,0,122,0.25,0.75,0.0,93.34,
ERCOT,92.5,4,74,22,0,122,0.25,0.75,0.5,93.34,
ERCOT,92.5,4,74,22,0,122,0.25,1.0,0.0,93.34,
ERCOT,92.5,4,74,22,0,122,0.25,1.0,0.5,93.34,
ERCOT,92.5,4,74,22,0,122,0.5,0.0,0.0,93.34,
ERCOT,92.5,4,74,22,0,122,0.5,0.0,0.5,93.34,
ERCOT,92.5,4,74,22,0,122,0.5,0.25,0.0,93.34,
ERCOT,92.5,4,74,22,0,122,0.5,0.25,0.5,93.34,
ERCOT,92.5,4,74,22,0,122,0.5,0.5,0.0,93.34,
ERCOT,92.5,4,74,22,0,122,0.5,0.5,0.5,93.34,
ERCOT,92.5,4,74,22,0,122,0.5,0.75,0.0,93.34,
ERCOT,92.5,4,74,22,0,122,0.5,0.75,0.5,93.34,
ERCOT,92.5,4,74,22,0,122,0.5,1.0,0.0,93.34,
ERCOT,92.5,4,74,22,0,122,0.5,1.0,0.5,93.34,
ERCOT,92.5,4,75,21,0,227,0.0,0.0,1.0,92.81,
ERCOT,92.5,4,75,21,0,187,0.0,0.0,1.5,92.56,
ERCOT,92.5,4,75,21,0,162,0.0,0.0,2.0,93.28,
ERCOT,92.5,4,75,21,0,147,0.0,0.0,2.5,93.14,
ERCOT,92.5,4,75,21,0,127,0.0,0.25,0.0,92.68,
ERCOT,92.5,4,75,21,0,127,0.0,0.25,0.5,93.76,
ERCOT,92.5,4,75,21,0,122,0.0,0.5,0.0,93.24,
ERCOT,92.5,4,75,21,0,122,0.0,0.5,0.5,93.24,
ERCOT,92.5,4,75,21,0,122,0.0,0.75,0.0,93.24,
ERCOT,92.5,4,75,21,0,122,0.0,0.75,0.5,93.24,
ERCOT,92.5,4,75,21,0,122,0.0,1.0,0.0,93.24,
ERCOT,92.5,4,75,21,0,122,0.0,1.0,0.5,93.24,
ERCOT,92.5,4,75,21,0,122,0.25,0.0,0.0,93.13,
ERCOT,92.5,4,75,21,0,122,0.25,0.0,0.5,93.13,
ERCOT,92.5,4,75,21,0,122,0.25,0.25,0.0,93.13,
ERCOT,92.5,4,75,21,0,122,0.25,0.25,0.5,93.13,
ERCOT,92.5,4,75,21,0,122,0.25,0.5,0.0,93.13,
ERCOT,92.5,4,75,21,0,122,0.25,0.5,0.5,93.13,
ERCOT,92.5,4,75,21,0,122,0.25,0.75,0.0,93.13,
ERCOT,92.5,4,75,21,0,122,0.25,0.75,0.5,93.13,
ERCOT,92.5,4,75,21,0,122,0.25,1.0,0.0,93.13,
ERCOT,92.5,4,75,21,0,122,0.25,1.0,0.5,93.13,
ERCOT,92.5,4,75,21,0,122,0.5,0.0,0.0,93.13,
ERCOT,92.5,4,75,21,0,122,0.5,0.0,0.5,93.13,
ERCOT,92.5,4,75,21,0,122,0.5,0.25,0.0,93.13,
ERCOT,92.5,4,75,21,0,122,0.5,0.25,0.5,93.13,
ERCOT,92.5,4,75,21,0,122,0.5,0.5,0.0,93.13,
ERCOT,92.5,4,75,21,0,122,0.5,0.5,0.5,93.13,
ERCOT,92.5,4,75,21,0,122,0.5,0.75,0.0,93.13,
ERCOT,92.5,4,75,21,0,122,0.5,0.75,0.5,93.13,
ERCOT,92.5,4,75,21,0,122,0.5,1.0,0.0,93.13,
ERCOT,92.5,4,75,21,0,122,0.5,1.0,0.5,93.13,
ERCOT,92.5,31,0,69,0,127,0.0,0.0,0.0,92.89,
ERCOT,92.5,31,1,68,0,127,0.0,0.0,0.0,93.3,
ERCOT,92.5,31,2,67,0,122,0.0,0.0,0.0,92.68,
ERCOT,92.5,31,3,66,0,122,0.0,0.0,0.0,93.05,
ERCOT,92.5,31,4,65,0,122,0.0,0.0,0.0,93.4,
ERCOT,92.5,32,0,68,0,127,0.0,0.0,0.0,92.98,
ERCOT,92.5,32,1,67,0,127,0.0,0.0,0.0,93.39,
ERCOT,92.5,32,2,66,0,122,0.0,0.0,0.0,92.76,
ERCOT,92.5,32,3,65,0,122,0.0,0.0,0.0,93.13,
ERCOT,92.5,32,4,64,0,122,0.0,0.0,0.0,93.48,
ERCOT,92.5,33,0,67,0,127,0.0,0.0,0.0,93.06,
ERCOT,92.5,33,1,66,0,127,0.0,0.0,0.0,93.47,
ERCOT,92.5,33,2,65,0,122,0.0,0.0,0.0,92.85,
ERCOT,92.5,33,3,64,0,122,0.0,0.0,0.0,93.21,
ERCOT,92.5,33,4,63,0,122,0.0,0.0,0.0,93.56,
ERCOT,92.5,34,0,66,0,127,0.0,0.0,0.0,93.14,
ERCOT,92.5,34,1,65,0,122,0.0,0.0,0.0,92.55,
ERCOT,92.5,34,2,64,0,122,0.0,0.0,0.0,92.93,
ERCOT,92.5,34,3,63,0,122,0.0,0.0,0.0,93.3,
ERCOT,92.5,34,4,62,0,122,0.0,0.0,0.0,93.65,
ERCOT,92.5,35,1,64,0,122,0.0,0.0,0.0,92.63,
ERCOT,92.5,35,2,63,0,122,0.0,0.0,0.0,93.01,
ERCOT,92.5,35,3,62,0,122,0.0,0.0,0.0,93.38,
ERCOT,92.5,35,4,61,0,117,0.0,0.0,0.0,92.53,
ERCOT,92.5,36,0,64,0,127,0.0,0.0,0.0,93.31,
ERCOT,92.5,36,1,63,0,122,0.0,0.0,0.0,92.71,
ERCOT,92.5,36,2,62,0,122,0.0,0.0,0.0,93.1,
ERCOT,92.5,36,3,61,0,122,0.0,0.0,0.0,93.46,
ERCOT,92.5,37,0,63,0,127,0.0,0.0,0.0,93.39,
ERCOT,92.5,37,1,62,0,122,0.0,0.0,0.0,92.79,
ERCOT,92.5,37,2,61,0,122,0.0,0.0,0.0,93.18,
ERCOT,92.5,38,0,62,0,127,0.0,0.0,0.0,93.47,
ERCOT,92.5,38,1,61,0,122,0.0,0.0,0.0,92.88,
ERCOT,92.5,39,0,61,0,122,0.0,0.0,0.0,92.56,
ERCOT,92.5,16,5,79,0,127,0.0,0.0,0.0,93.46,
ERCOT,92.5,16,6,78,0,122,0.0,0.0,0.0,92.73,
ERCOT,92.5,16,7,77,0,122,0.0,0.0,0.0,93.02,
ERCOT,92.5,16,8,76,0,122,0.0,0.0,0.0,93.3,
ERCOT,92.5,16,9,75,0,122,0.0,0.0,0.0,93.55,
ERCOT,92.5,17,4,79,0,127,0.0,0.0,0.0,93.21,
ERCOT,92.5,17,5,78,0,122,0.0,0.0,0.0,92.5,
ERCOT,92.5,17,6,77,0,122,0.0,0.0,0.0,92.82,
ERCOT,92.5,17,7,76,0,122,0.0,0.0,0.0,93.11,
ERCOT,92.5,17,8,75,0,122,0.0,0.0,0.0,93.39,
ERCOT,92.5,17,9,74,0,122,0.0,0.0,0.0,93.64,
ERCOT,92.5,18,3,79,0,127,0.0,0.0,0.0,92.94,
ERCOT,92.5,18,4,78,0,127,0.0,0.0,0.0,93.3,
ERCOT,92.5,18,5,77,0,122,0.0,0.0,0.0,92.59,
ERCOT,92.5,18,6,76,0,122,0.0,0.0,0.0,92.91,
ERCOT,92.5,18,7,75,0,122,0.0,0.0,0.0,93.2,
ERCOT,92.5,18,8,74,0,122,0.0,0.0,0.0,93.48,
ERCOT,92.5,18,9,73,0,122,0.0,0.0,0.0,93.73,
ERCOT,92.5,19,2,79,0,127,0.0,0.0,0.0,92.65,
ERCOT,92.5,19,3,78,0,127,0.0,0.0,0.0,93.03,
ERCOT,92.5,19,4,77,0,127,0.0,0.0,0.0,93.39,
ERCOT,92.5,19,5,76,0,122,0.0,0.0,0.0,92.68,
ERCOT,92.5,19,6,75,0,122,0.0,0.0,0.0,93.0,
ERCOT,92.5,19,7,74,0,122,0.0,0.0,0.0,93.29,
ERCOT,92.5,19,8,73,0,122,0.0,0.0,0.0,93.56,
ERCOT,92.5,19,9,72,0,117,0.0,0.0,0.0,92.57,
ERCOT,92.5,20,1,79,0,132,0.0,0.0,0.0,93.24,
ERCOT,92.5,20,2,78,0,127,0.0,0.0,0.0,92.74,
ERCOT,92.5,20,3,77,0,127,0.0,0.0,0.0,93.12,
ERCOT,92.5,20,4,76,0,127,0.0,0.0,0.0,93.48,
ERCOT,92.5,20,6,74,0,122,0.0,0.0,0.0,93.08,
ERCOT,92.5,20,7,73,0,122,0.0,0.0,0.0,93.38,
ERCOT,92.5,20,8,72,0,122,0.0,0.0,0.0,93.65,
ERCOT,92.5,20,9,71,0,117,0.0,0.0,0.0,92.66,
ERCOT,92.5,21,1,78,0,132,0.0,0.0,0.0,93.33,
ERCOT,92.5,21,2,77,0,127,0.0,0.0,0.0,92.83,
ERCOT,92.5,21,3,76,0,127,0.0,0.0,0.0,93.21,
ERCOT,92.5,21,4,75,0,122,0.0,0.0,0.0,92.53,
ERCOT,92.5,21,5,74,0,122,0.0,0.0,0.0,92.86,
ERCOT,92.5,21,6,73,0,122,0.0,0.0,0.0,93.17,
ERCOT,92.5,21,7,72,0,122,0.0,0.0,0.0,93.47,
ERCOT,92.5,21,8,71,0,117,0.0,0.0,0.0,92.5,
ERCOT,92.5,22,1,77,0,127,0.0,0.0,0.0,92.52,
ERCOT,92.5,22,2,76,0,127,0.0,0.0,0.0,92.92,
ERCOT,92.5,22,3,75,0,127,0.0,0.0,0.0,93.3,
ERCOT,92.5,22,4,74,0,122,0.0,0.0,0.0,92.62,
ERCOT,92.5,22,5,73,0,122,0.0,0.0,0.0,92.95,
ERCOT,92.5,22,6,72,0,122,0.0,0.0,0.0,93.26,
ERCOT,92.5,22,7,71,0,122,0.0,0.0,0.0,93.55,
ERCOT,92.5,23,1,76,0,127,0.0,0.0,0.0,92.61,
ERCOT,92.5,23,2,75,0,127,0.0,0.0,0.0,93.01,
ERCOT,92.5,23,3,74,0,127,0.0,0.0,0.0,93.39,
ERCOT,92.5,23,4,73,0,122,0.0,0.0,0.0,92.71,
ERCOT,92.5,23,5,72,0,122,0.0,0.0,0.0,93.04,
ERCOT,92.5,23,6,71,0,122,0.0,0.0,0.0,93.35,
ERCOT,92.5,24,1,75,0,127,0.0,0.0,0.0,92.7,
ERCOT,92.5,24,2,74,0,127,0.0,0.0,0.0,93.09,
ERCOT,92.5,24,3,73,0,127,0.0,0.0,0.0,93.47,
ERCOT,92.5,24,4,72,0,122,0.0,0.0,0.0,92.79,
ERCOT,92.5,24,5,71,0,122,0.0,0.0,0.0,93.13,
ERCOT,92.5,6,80,14,0,232,0.0,0.0,1.5,92.72,
ERCOT,92.5,6,80,14,0,192,0.0,0.0,2.0,93.1,
ERCOT,92.5,6,80,14,0,162,0.0,0.0,2.5,92.77,
ERCOT,92.5,6,80,14,0,142,0.0,0.25,0.0,93.28,
ERCOT,92.5,6,80,14,0,132,0.0,0.25,0.5,92.68,
ERCOT,92.5,6,80,14,0,127,0.0,0.25,1.0,92.69,
ERCOT,92.5,6,80,14,0,127,0.0,0.25,1.5,93.7,
ERCOT,92.5,6,80,14,0,127,0.0,0.5,0.0,93.33,
ERCOT,92.5,6,80,14,0,127,0.0,0.5,0.5,93.33,
ERCOT,92.5,6,80,14,0,127,0.0,0.75,0.0,93.33,
ERCOT,92.5,6,80,14,0,127,0.0,0.75,0.5,93.33,
ERCOT,92.5,6,80,14,0,127,0.0,1.0,0.0,93.33,
ERCOT,92.5,6,80,14,0,127,0.0,1.0,0.5,93.33,
ERCOT,92.5,6,80,14,0,127,0.25,0.0,0.0,93.23,
ERCOT,92.5,6,80,14,0,127,0.25,0.0,0.5,93.23,
ERCOT,92.5,6,80,14,0,127,0.25,0.25,0.0,93.23,
ERCOT,92.5,6,80,14,0,127,0.25,0.25,0.5,93.23,
ERCOT,92.5,6,80,14,0,127,0.25,0.5,0.0,93.23,
ERCOT,92.5,6,80,14,0,127,0.25,0.5,0.5,93.23,
ERCOT,92.5,6,80,14,0,127,0.25,0.75,0.0,93.23,
ERCOT,92.5,6,80,14,0,127,0.25,0.75,0.5,93.23,
ERCOT,92.5,6,80,14,0,127,0.25,1.0,0.0,93.23,
ERCOT,92.5,6,80,14,0,127,0.25,1.0,0.5,93.23,
ERCOT,92.5,6,80,14,0,127,0.5,0.0,0.0,93.23,
ERCOT,92.5,6,80,14,0,127,0.5,0.0,0.5,93.23,
ERCOT,92.5,6,80,14,0,127,0.5,0.25,0.0,93.23,
ERCOT,92.5,6,80,14,0,127,0.5,0.25,0.5,93.23,
ERCOT,92.5,6,80,14,0,127,0.5,0.5,0.0,93.23,
ERCOT,92.5,6,80,14,0,127,0.5,0.5,0.5,93.23,
ERCOT,92.5,6,80,14,0,127,0.5,0.75,0.0,93.23,
ERCOT,92.5,6,80,14,0,127,0.5,0.75,0.5,93.23,
ERCOT,92.5,6,80,14,0,127,0.5,1.0,0.0,93.23,
ERCOT,92.5,6,80,14,0,127,0.5,1.0,0.5,93.23,
ERCOT,92.5,6,81,13,0,242,0.0,0.0,1.5,92.56,
ERCOT,92.5,6,81,13,0,197,0.0,0.0,2.0,92.71,
ERCOT,92.5,6,81,13,0,167,0.0,0.0,2.5,92.85,
ERCOT,92.5,6,81,13,0,142,0.0,0.25,0.0,92.67,
ERCOT,92.5,6,81,13,0,137,0.0,0.25,0.5,93.34,
ERCOT,92.5,6,81,13,0,132,0.0,0.25,1.0,93.59,
ERCOT,92.5,6,81,13,0,127,0.0,0.25,1.5,93.33,
ERCOT,92.5,6,81,13,0,127,0.0,0.25,2.0,94.02,
ERCOT,92.5,6,81,13,0,127,0.0,0.5,0.0,93.1,
ERCOT,92.5,6,81,13,0,127,0.0,0.5,0.5,93.1,
ERCOT,92.5,6,81,13,0,127,0.0,0.75,0.0,93.1,
ERCOT,92.5,6,81,13,0,127,0.0,0.75,0.5,93.1,
ERCOT,92.5,6,81,13,0,127,0.0,1.0,0.0,93.1,
ERCOT,92.5,6,81,13,0,127,0.0,1.0,0.5,93.1,
ERCOT,92.5,6,81,13,0,127,0.25,0.0,0.0,92.99,
ERCOT,92.5,6,81,13,0,127,0.25,0.0,0.5,92.99,
ERCOT,92.5,6,81,13,0,127,0.25,0.25,0.0,92.99,
ERCOT,92.5,6,81,13,0,127,0.25,0.25,0.5,92.99,
ERCOT,92.5,6,81,13,0,127,0.25,0.5,0.0,92.99,
ERCOT,92.5,6,81,13,0,127,0.25,0.5,0.5,92.99,
ERCOT,92.5,6,81,13,0,127,0.25,0.75,0.0,92.99,
ERCOT,92.5,6,81,13,0,127,0.25,0.75,0.5,92.99,
ERCOT,92.5,6,81,13,0,127,0.25,1.0,0.0,92.99,
ERCOT,92.5,6,81,13,0,127,0.25,1.0,0.5,92.99,
ERCOT,92.5,6,81,13,0,127,0.5,0.0,0.0,92.99,
ERCOT,92.5,6,81,13,0,127,0.5,0.0,0.5,92.99,
ERCOT,92.5,6,81,13,0,127,0.5,0.25,0.0,92.99,
ERCOT,92.5,6,81,13,0,127,0.5,0.25,0.5,92.99,
ERCOT,92.5,6,81,13,0,127,0.5,0.5,0.0,92.99,
ERCOT,92.5,6,81,13,0,127,0.5,0.5,0.5,92.99,
ERCOT,92.5,6,81,13,0,127,0.5,0.75,0.0,92.99,
ERCOT,92.5,6,81,13,0,127,0.5,0.75,0.5,92.99,
ERCOT,92.5,6,81,13,0,127,0.5,1.0,0.0,92.99,
ERCOT,92.5,6,81,13,0,127,0.5,1.0,0.5,92.99,
ERCOT,92.5,6,82,12,0,207,0.0,0.0,2.0,92.82,
ERCOT,92.5,6,82,12,0,172,0.0,0.0,2.5,92.83,
ERCOT,92.5,6,82,12,0,147,0.0,0.25,0.0,92.96,
ERCOT,92.5,6,82,12,0,137,0.0,0.25,0.5,92.8,
ERCOT,92.5,6,82,12,0,132,0.0,0.25,1.0,93.11,
ERCOT,92.5,6,82,12,0,127,0.0,0.25,1.5,92.9,
ERCOT,92.5,6,82,12,0,127,0.0,0.25,2.0,93.68,
ERCOT,92.5,6,82,12,0,127,0.0,0.5,0.0,92.87,
ERCOT,92.5,6,82,12,0,127,0.0,0.5,0.5,92.87,
ERCOT,92.5,6,82,12,0,127,0.0,0.75,0.0,92.87,
ERCOT,92.5,6,82,12,0,127,0.0,0.75,0.5,92.87,
ERCOT,92.5,6,82,12,0,127,0.0,1.0,0.0,92.87,
ERCOT,92.5,6,82,12,0,127,0.0,1.0,0.5,92.87,
ERCOT,92.5,6,82,12,0,127,0.25,0.0,0.0,92.74,
ERCOT,92.5,6,82,12,0,127,0.25,0.0,0.5,92.74,
ERCOT,92.5,6,82,12,0,127,0.25,0.25,0.0,92.74,
ERCOT,92.5,6,82,12,0,127,0.25,0.25,0.5,92.74,
ERCOT,92.5,6,82,12,0,127,0.25,0.5,0.0,92.74,
ERCOT,92.5,6,82,12,0,127,0.25,0.5,0.5,92.74,
ERCOT,92.5,6,82,12,0,127,0.25,0.75,0.0,92.74,
ERCOT,92.5,6,82,12,0,127,0.25,0.75,0.5,92.74,
ERCOT,92.5,6,82,12,0,127,0.25,1.0,0.0,92.74,
ERCOT,92.5,6,82,12,0,127,0.25,1.0,0.5,92.74,
ERCOT,92.5,6,82,12,0,127,0.5,0.0,0.0,92.74,
ERCOT,92.5,6,82,12,0,127,0.5,0.0,0.5,92.74,
ERCOT,92.5,6,82,12,0,127,0.5,0.25,0.0,92.74,
ERCOT,92.5,6,82,12,0,127,0.5,0.25,0.5,92.74,
ERCOT,92.5,6,82,12,0,127,0.5,0.5,0.0,92.74,
ERCOT,92.5,6,82,12,0,127,0.5,0.5,0.5,92.74,
ERCOT,92.5,6,82,12,0,127,0.5,0.75,0.0,92.74,
ERCOT,92.5,6,82,12,0,127,0.5,0.75,0.5,92.74,
ERCOT,92.5,6,82,12,0,127,0.5,1.0,0.0,92.74,
ERCOT,92.5,6,82,12,0,127,0.5,1.0,0.5,92.74,
ERCOT,92.5,6,83,11,0,217,0.0,0.0,2.0,92.79,
ERCOT,92.5,6,83,11,0,177,0.0,0.0,2.5,92.72,
ERCOT,92.5,6,83,11,0,152,0.0,0.25,0.0,93.09,
ERCOT,92.5,6,83,11,0,142,0.0,0.25,0.5,93.36,
ERCOT,92.5,6,83,11,0,132,0.0,0.25,1.0,92.58,
ERCOT,92.5,6,83,11,0,132,0.0,0.25,1.5,93.84,
ERCOT,92.5,6,83,11,0,127,0.0,0.5,0.0,92.63,
ERCOT,92.5,6,83,11,0,127,0.0,0.5,0.5,92.63,
ERCOT,92.5,6,83,11,0,127,0.0,0.75,0.0,92.63,
ERCOT,92.5,6,83,11,0,127,0.0,0.75,0.5,92.63,
ERCOT,92.5,6,83,11,0,127,0.0,1.0,0.0,92.63,
ERCOT,92.5,6,83,11,0,127,0.0,1.0,0.5,92.63,
ERCOT,92.5,6,83,11,0,132,0.25,0.0,0.0,93.51,
ERCOT,92.5,6,83,11,0,132,0.25,0.0,0.5,93.52,
ERCOT,92.5,6,83,11,0,132,0.25,0.25,0.0,93.51,
ERCOT,92.5,6,83,11,0,132,0.25,0.25,0.5,93.51,
ERCOT,92.5,6,83,11,0,132,0.25,0.5,0.0,93.51,
ERCOT,92.5,6,83,11,0,132,0.25,0.5,0.5,93.51,
ERCOT,92.5,6,83,11,0,132,0.25,0.75,0.0,93.51,
ERCOT,92.5,6,83,11,0,132,0.25,0.75,0.5,93.51,
ERCOT,92.5,6,83,11,0,132,0.25,1.0,0.0,93.51,
ERCOT,92.5,6,83,11,0,132,0.25,1.0,0.5,93.51,
ERCOT,92.5,6,83,11,0,132,0.5,0.0,0.0,93.51,
ERCOT,92.5,6,83,11,0,132,0.5,0.0,0.5,93.51,
ERCOT,92.5,6,83,11,0,132,0.5,0.25,0.0,93.51,
ERCOT,92.5,6,83,11,0,132,0.5,0.25,0.5,93.51,
ERCOT,92.5,6,83,11,0,132,0.5,0.5,0.0,93.51,
ERCOT,92.5,6,83,11,0,132,0.5,0.5,0.5,93.51,
ERCOT,92.5,6,83,11,0,132,0.5,0.75,0.0,93.51,
ERCOT,92.5,6,83,11,0,132,0.5,0.75,0.5,93.51,
ERCOT,92.5,6,83,11,0,132,0.5,1.0,0.0,93.51,
ERCOT,92.5,6,83,11,0,132,0.5,1.0,0.5,93.51,
ERCOT,92.5,6,84,10,0,227,0.0,0.0,2.0,92.64,
ERCOT,92.5,6,84,10,0,182,0.0,0.0,2.5,92.51,
ERCOT,92.5,6,84,10,0,157,0.0,0.25,0.0,93.07,
ERCOT,92.5,6,84,10,0,142,0.0,0.25,0.5,92.77,
ERCOT,92.5,6,84,10,0,137,0.0,0.25,1.0,93.33,
ERCOT,92.5,6,84,10,0,132,0.0,0.25,1.5,93.4,
ERCOT,92.5,6,84,10,0,127,0.0,0.25,2.0,92.94,
ERCOT,92.5,6,84,10,0,127,0.0,0.25,2.5,93.51,
ERCOT,92.5,6,84,10,0,132,0.0,0.5,0.0,93.31,
ERCOT,92.5,6,84,10,0,132,0.0,0.5,0.5,93.32,
ERCOT,92.5,6,84,10,0,132,0.0,0.75,0.0,93.31,
ERCOT,92.5,6,84,10,0,132,0.0,0.75,0.5,93.31,
ERCOT,92.5,6,84,10,0,132,0.0,1.0,0.0,93.31,
ERCOT,92.5,6,84,10,0,132,0.0,1.0,0.5,93.31,
ERCOT,92.5,6,84,10,0,132,0.25,0.0,0.0,93.25,
ERCOT,92.5,6,84,10,0,132,0.25,0.0,0.5,93.26,
ERCOT,92.5,6,84,10,0,132,0.25,0.25,0.0,93.25,
ERCOT,92.5,6,84,10,0,132,0.25,0.25,0.5,93.25,
ERCOT,92.5,6,84,10,0,132,0.25,0.5,0.0,93.25,
ERCOT,92.5,6,84,10,0,132,0.25,0.5,0.5,93.25,
ERCOT,92.5,6,84,10,0,132,0.25,0.75,0.0,93.25,
ERCOT,92.5,6,84,10,0,132,0.25,0.75,0.5,93.25,
ERCOT,92.5,6,84,10,0,132,0.25,1.0,0.0,93.25,
ERCOT,92.5,6,84,10,0,132,0.25,1.0,0.5,93.25,
ERCOT,92.5,6,84,10,0,132,0.5,0.0,0.0,93.25,
ERCOT,92.5,6,84,10,0,132,0.5,0.0,0.5,93.25,
ERCOT,92.5,6,84,10,0,132,0.5,0.25,0.0,93.25,
ERCOT,92.5,6,84,10,0,132,0.5,0.25,0.5,93.25,
ERCOT,92.5,6,84,10,0,132,0.5,0.5,0.0,93.25,
ERCOT,92.5,6,84,10,0,132,0.5,0.5,0.5,93.25,
ERCOT,92.5,6,84,10,0,132,0.5,0.75,0.0,93.25,
ERCOT,92.5,6,84,10,0,132,0.5,0.75,0.5,93.25,
ERCOT,92.5,6,84,10,0,132,0.5,1.0,0.0,93.25,
ERCOT,92.5,6,84,10,0,132,0.5,1.0,0.5,93.25,
ERCOT,92.5,7,79,14,0,222,0.0,0.0,1.5,92.63,
ERCOT,92.5,7,79,14,0,182,0.0,0.0,2.0,92.65,
ERCOT,92.5,7,79,14,0,157,0.0,0.0,2.5,92.51,
ERCOT,92.5,7,79,14,0,137,0.0,0.25,0.0,92.79,
ERCOT,92.5,7,79,14,0,132,0.0,0.25,0.5,93.14,
ERCOT,92.5,7,79,14,0,127,0.0,0.25,1.0,93.1,
ERCOT,92.5,7,79,14,0,122,0.0,0.25,1.5,92.55,
ERCOT,92.5,7,79,14,0,122,0.0,0.25,2.0,93.15,
ERCOT,92.5,7,79,14,0,127,0.0,0.5,0.0,93.54,
ERCOT,92.5,7,79,14,0,127,0.0,0.5,0.5,93.54,
ERCOT,92.5,7,79,14,0,127,0.0,0.75,0.0,93.54,
ERCOT,92.5,7,79,14,0,127,0.0,0.75,0.5,93.54,
ERCOT,92.5,7,79,14,0,127,0.0,1.0,0.0,93.54,
ERCOT,92.5,7,79,14,0,127,0.0,1.0,0.5,93.54,
ERCOT,92.5,7,79,14,0,127,0.25,0.0,0.0,93.45,
ERCOT,92.5,7,79,14,0,127,0.25,0.0,0.5,93.45,
ERCOT,92.5,7,79,14,0,127,0.25,0.25,0.0,93.45,
ERCOT,92.5,7,79,14,0,127,0.25,0.25,0.5,93.45,
ERCOT,92.5,7,79,14,0,127,0.25,0.5,0.0,93.45,
ERCOT,92.5,7,79,14,0,127,0.25,0.5,0.5,93.45,
ERCOT,92.5,7,79,14,0,127,0.25,0.75,0.0,93.45,
ERCOT,92.5,7,79,14,0,127,0.25,0.75,0.5,93.45,
ERCOT,92.5,7,79,14,0,127,0.25,1.0,0.0,93.45,
ERCOT,92.5,7,79,14,0,127,0.25,1.0,0.5,93.45,
ERCOT,92.5,7,79,14,0,127,0.5,0.0,0.0,93.45,
ERCOT,92.5,7,79,14,0,127,0.5,0.0,0.5,93.45,
ERCOT,92.5,7,79,14,0,127,0.5,0.25,0.0,93.45,
ERCOT,92.5,7,79,14,0,127,0.5,0.25,0.5,93.45,
ERCOT,92.5,7,79,14,0,127,0.5,0.5,0.0,93.45,
ERCOT,92.5,7,79,14,0,127,0.5,0.5,0.5,93.45,
ERCOT,92.5,7,79,14,0,127,0.5,0.75,0.0,93.45,
ERCOT,92.5,7,79,14,0,127,0.5,0.75,0.5,93.45,
ERCOT,92.5,7,79,14,0,127,0.5,1.0,0.0,93.45,
ERCOT,92.5,7,79,14,0,127,0.5,1.0,0.5,93.45,
ERCOT,92.5,7,80,13,0,232,0.0,0.0,1.5,92.59,
ERCOT,92.5,7,80,13,0,192,0.0,0.0,2.0,93.0,
ERCOT,92.5,7,80,13,0,162,0.0,0.0,2.5,92.7,
ERCOT,92.5,7,80,13,0,142,0.0,0.25,0.0,93.24,
ERCOT,92.5,7,80,13,0,132,0.0,0.25,0.5,92.63,
ERCOT,92.5,7,80,13,0,127,0.0,0.25,1.0,92.66,
ERCOT,92.5,7,80,13,0,127,0.0,0.25,1.5,93.67,
ERCOT,92.5,7,80,13,0,127,0.0,0.5,0.0,93.31,
ERCOT,92.5,7,80,13,0,127,0.0,0.5,0.5,93.31,
ERCOT,92.5,7,80,13,0,127,0.0,0.75,0.0,93.31,
ERCOT,92.5,7,80,13,0,127,0.0,0.75,0.5,93.31,
ERCOT,92.5,7,80,13,0,127,0.0,1.0,0.0,93.31,
ERCOT,92.5,7,80,13,0,127,0.0,1.0,0.5,93.31,
ERCOT,92.5,7,80,13,0,127,0.25,0.0,0.0,93.21,
ERCOT,92.5,7,80,13,0,127,0.25,0.0,0.5,93.21,
ERCOT,92.5,7,80,13,0,127,0.25,0.25,0.0,93.21,
ERCOT,92.5,7,80,13,0,127,0.25,0.25,0.5,93.21,
ERCOT,92.5,7,80,13,0,127,0.25,0.5,0.0,93.21,
ERCOT,92.5,7,80,13,0,127,0.25,0.5,0.5,93.21,
ERCOT,92.5,7,80,13,0,127,0.25,0.75,0.0,93.21,
ERCOT,92.5,7,80,13,0,127,0.25,0.75,0.5,93.21,
ERCOT,92.5,7,80,13,0,127,0.25,1.0,0.0,93.21,
ERCOT,92.5,7,80,13,0,127,0.25,1.0,0.5,93.21,
ERCOT,92.5,7,80,13,0,127,0.5,0.0,0.0,93.21,
ERCOT,92.5,7,80,13,0,127,0.5,0.0,0.5,93.21,
ERCOT,92.5,7,80,13,0,127,0.5,0.25,0.0,93.21,
ERCOT,92.5,7,80,13,0,127,0.5,0.25,0.5,93.21,
ERCOT,92.5,7,80,13,0,127,0.5,0.5,0.0,93.21,
ERCOT,92.5,7,80,13,0,127,0.5,0.5,0.5,93.21,
ERCOT,92.5,7,80,13,0,127,0.5,0.75,0.0,93.21,
ERCOT,92.5,7,80,13,0,127,0.5,0.75,0.5,93.21,
ERCOT,92.5,7,80,13,0,127,0.5,1.0,0.0,93.21,
ERCOT,92.5,7,80,13,0,127,0.5,1.0,0.5,93.21,
ERCOT,92.5,7,81,12,0,247,0.0,0.0,1.5,92.96,
ERCOT,92.5,7,81,12,0,197,0.0,0.0,2.0,92.6,
ERCOT,92.5,7,81,12,0,167,0.0,0.0,2.5,92.77,
ERCOT,92.5,7,81,12,0,142,0.0,0.25,0.0,92.62,
ERCOT,92.5,7,81,12,0,137,0.0,0.25,0.5,93.29,
ERCOT,92.5,7,81,12,0,132,0.0,0.25,1.0,93.55,
ERCOT,92.5,7,81,12,0,127,0.0,0.25,1.5,93.29,
ERCOT,92.5,7,81,12,0,127,0.0,0.25,2.0,93.99,
ERCOT,92.5,7,81,12,0,127,0.0,0.5,0.0,93.08,
ERCOT,92.5,7,81,12,0,127,0.0,0.5,0.5,93.08,
ERCOT,92.5,7,81,12,0,127,0.0,0.75,0.0,93.08,
ERCOT,92.5,7,81,12,0,127,0.0,0.75,0.5,93.08,
ERCOT,92.5,7,81,12,0,127,0.0,1.0,0.0,93.08,
ERCOT,92.5,7,81,12,0,127,0.0,1.0,0.5,93.08,
ERCOT,92.5,7,81,12,0,127,0.25,0.0,0.0,92.97,
ERCOT,92.5,7,81,12,0,127,0.25,0.0,0.5,92.97,
ERCOT,92.5,7,81,12,0,127,0.25,0.25,0.0,92.97,
ERCOT,92.5,7,81,12,0,127,0.25,0.25,0.5,92.97,
ERCOT,92.5,7,81,12,0,127,0.25,0.5,0.0,92.97,
ERCOT,92.5,7,81,12,0,127,0.25,0.5,0.5,92.97,
ERCOT,92.5,7,81,12,0,127,0.25,0.75,0.0,92.97,
ERCOT,92.5,7,81,12,0,127,0.25,0.75,0.5,92.97,
ERCOT,92.5,7,81,12,0,127,0.25,1.0,0.0,92.97,
ERCOT,92.5,7,81,12,0,127,0.25,1.0,0.5,92.97,
ERCOT,92.5,7,81,12,0,127,0.5,0.0,0.0,92.97,
ERCOT,92.5,7,81,12,0,127,0.5,0.0,0.5,92.97,
ERCOT,92.5,7,81,12,0,127,0.5,0.25,0.0,92.97,
ERCOT,92.5,7,81,12,0,127,0.5,0.25,0.5,92.97,
ERCOT,92.5,7,81,12,0,127,0.5,0.5,0.0,92.97,
ERCOT,92.5,7,81,12,0,127,0.5,0.5,0.5,92.97,
ERCOT,92.5,7,81,12,0,127,0.5,0.75,0.0,92.97,
ERCOT,92.5,7,81,12,0,127,0.5,0.75,0.5,92.97,
ERCOT,92.5,7,81,12,0,127,0.5,1.0,0.0,92.97,
ERCOT,92.5,7,81,12,0,127,0.5,1.0,0.5,92.97,
ERCOT,92.5,7,82,11,0,207,0.0,0.0,2.0,92.71,
ERCOT,92.5,7,82,11,0,172,0.0,0.0,2.5,92.75,
ERCOT,92.5,7,82,11,0,147,0.0,0.25,0.0,92.9,
ERCOT,92.5,7,82,11,0,137,0.0,0.25,0.5,92.75,
ERCOT,92.5,7,82,11,0,132,0.0,0.25,1.0,93.06,
ERCOT,92.5,7,82,11,0,127,0.0,0.25,1.5,92.86,
ERCOT,92.5,7,82,11,0,127,0.0,0.25,2.0,93.64,
ERCOT,92.5,7,82,11,0,127,0.0,0.5,0.0,92.85,
ERCOT,92.5,7,82,11,0,127,0.0,0.5,0.5,92.85,
ERCOT,92.5,7,82,11,0,127,0.0,0.75,0.0,92.85,
ERCOT,92.5,7,82,11,0,127,0.0,0.75,0.5,92.85,
ERCOT,92.5,7,82,11,0,127,0.0,1.0,0.0,92.85,
ERCOT,92.5,7,82,11,0,127,0.0,1.0,0.5,92.85,
ERCOT,92.5,7,82,11,0,127,0.25,0.0,0.0,92.72,
ERCOT,92.5,7,82,11,0,127,0.25,0.0,0.5,92.72,
ERCOT,92.5,7,82,11,0,127,0.25,0.25,0.0,92.72,
ERCOT,92.5,7,82,11,0,127,0.25,0.25,0.5,92.72,
ERCOT,92.5,7,82,11,0,127,0.25,0.5,0.0,92.72,
ERCOT,92.5,7,82,11,0,127,0.25,0.5,0.5,92.72,
ERCOT,92.5,7,82,11,0,127,0.25,0.75,0.0,92.72,
ERCOT,92.5,7,82,11,0,127,0.25,0.75,0.5,92.72,
ERCOT,92.5,7,82,11,0,127,0.25,1.0,0.0,92.72,
ERCOT,92.5,7,82,11,0,127,0.25,1.0,0.5,92.72,
ERCOT,92.5,7,82,11,0,127,0.5,0.0,0.0,92.72,
ERCOT,92.5,7,82,11,0,127,0.5,0.0,0.5,92.72,
ERCOT,92.5,7,82,11,0,127,0.5,0.25,0.0,92.72,
ERCOT,92.5,7,82,11,0,127,0.5,0.25,0.5,92.72,
ERCOT,92.5,7,82,11,0,127,0.5,0.5,0.0,92.72,
ERCOT,92.5,7,82,11,0,127,0.5,0.5,0.5,92.72,
ERCOT,92.5,7,82,11,0,127,0.5,0.75,0.0,92.72,
ERCOT,92.5,7,82,11,0,127,0.5,0.75,0.5,92.72,
ERCOT,92.5,7,82,11,0,127,0.5,1.0,0.0,92.72,
ERCOT,92.5,7,82,11,0,127,0.5,1.0,0.5,92.72,
ERCOT,92.5,7,83,10,0,217,0.0,0.0,2.0,92.67,
ERCOT,92.5,7,83,10,0,177,0.0,0.0,2.5,92.64,
ERCOT,92.5,7,83,10,0,152,0.0,0.25,0.0,93.03,
ERCOT,92.5,7,83,10,0,142,0.0,0.25,0.5,93.31,
ERCOT,92.5,7,83,10,0,132,0.0,0.25,1.0,92.53,
ERCOT,92.5,7,83,10,0,132,0.0,0.25,1.5,93.79,
ERCOT,92.5,7,83,10,0,127,0.0,0.5,0.0,92.61,
ERCOT,92.5,7,83,10,0,127,0.0,0.5,0.5,92.61,
ERCOT,92.5,7,83,10,0,127,0.0,0.75,0.0,92.61,
ERCOT,92.5,7,83,10,0,127,0.0,0.75,0.5,92.61,
ERCOT,92.5,7,83,10,0,127,0.0,1.0,0.0,92.61,
ERCOT,92.5,7,83,10,0,127,0.0,1.0,0.5,92.61,
ERCOT,92.5,7,83,10,0,132,0.25,0.0,0.0,93.48,
ERCOT,92.5,7,83,10,0,132,0.25,0.0,0.5,93.49,
ERCOT,92.5,7,83,10,0,132,0.25,0.25,0.0,93.48,
ERCOT,92.5,7,83,10,0,132,0.25,0.25,0.5,93.48,
ERCOT,92.5,7,83,10,0,132,0.25,0.5,0.0,93.48,
ERCOT,92.5,7,83,10,0,132,0.25,0.5,0.5,93.48,
ERCOT,92.5,7,83,10,0,132,0.25,0.75,0.0,93.48,
ERCOT,92.5,7,83,10,0,132,0.25,0.75,0.5,93.48,
ERCOT,92.5,7,83,10,0,132,0.25,1.0,0.0,93.48,
ERCOT,92.5,7,83,10,0,132,0.25,1.0,0.5,93.48,
ERCOT,92.5,7,83,10,0,132,0.5,0.0,0.0,93.48,
ERCOT,92.5,7,83,10,0,132,0.5,0.0,0.5,93.48,
ERCOT,92.5,7,83,10,0,132,0.5,0.25,0.0,93.48,
ERCOT,92.5,7,83,10,0,132,0.5,0.25,0.5,93.48,
ERCOT,92.5,7,83,10,0,132,0.5,0.5,0.0,93.48,
ERCOT,92.5,7,83,10,0,132,0.5,0.5,0.5,93.48,
ERCOT,92.5,7,83,10,0,132,0.5,0.75,0.0,93.48,
ERCOT,92.5,7,83,10,0,132,0.5,0.75,0.5,93.48,
ERCOT,92.5,7,83,10,0,132,0.5,1.0,0.0,93.48,
ERCOT,92.5,7,83,10,0,132,0.5,1.0,0.5,93.48,
ERCOT,92.5,7,84,9,0,227,0.0,0.0,2.0,92.51,
ERCOT,92.5,7,84,9,0,187,0.0,0.0,2.5,93.02,
ERCOT,92.5,7,84,9,0,157,0.0,0.25,0.0,93.01,
ERCOT,92.5,7,84,9,0,142,0.0,0.25,0.5,92.7,
ERCOT,92.5,7,84,9,0,137,0.0,0.25,1.0,93.27,
ERCOT,92.5,7,84,9,0,132,0.0,0.25,1.5,93.36,
ERCOT,92.5,7,84,9,0,127,0.0,0.25,2.0,92.9,
ERCOT,92.5,7,84,9,0,127,0.0,0.25,2.5,93.47,
ERCOT,92.5,7,84,9,0,132,0.0,0.5,0.0,93.29,
ERCOT,92.5,7,84,9,0,132,0.0,0.5,0.5,93.3,
ERCOT,92.5,7,84,9,0,132,0.0,0.75,0.0,93.29,
ERCOT,92.5,7,84,9,0,132,0.0,0.75,0.5,93.29,
ERCOT,92.5,7,84,9,0,132,0.0,1.0,0.0,93.29,
ERCOT,92.5,7,84,9,0,132,0.0,1.0,0.5,93.29,
ERCOT,92.5,7,84,9,0,132,0.25,0.0,0.0,93.22,
ERCOT,92.5,7,84,9,0,132,0.25,0.0,0.5,93.23,
ERCOT,92.5,7,84,9,0,132,0.25,0.25,0.0,93.22,
ERCOT,92.5,7,84,9,0,132,0.25,0.25,0.5,93.22,
ERCOT,92.5,7,84,9,0,132,0.25,0.5,0.0,93.22,
ERCOT,92.5,7,84,9,0,132,0.25,0.5,0.5,93.22,
ERCOT,92.5,7,84,9,0,132,0.25,0.75,0.0,93.22,
ERCOT,92.5,7,84,9,0,132,0.25,0.75,0.5,93.22,
ERCOT,92.5,7,84,9,0,132,0.25,1.0,0.0,93.22,
ERCOT,92.5,7,84,9,0,132,0.25,1.0,0.5,93.22,
ERCOT,92.5,7,84,9,0,132,0.5,0.0,0.0,93.22,
ERCOT,92.5,7,84,9,0,132,0.5,0.0,0.5,93.22,
ERCOT,92.5,7,84,9,0,132,0.5,0.25,0.0,93.22,
ERCOT,92.5,7,84,9,0,132,0.5,0.25,0.5,93.22,
ERCOT,92.5,7,84,9,0,132,0.5,0.5,0.0,93.22,
ERCOT,92.5,7,84,9,0,132,0.5,0.5,0.5,93.22,
ERCOT,92.5,7,84,9,0,132,0.5,0.75,0.0,93.22,
ERCOT,92.5,7,84,9,0,132,0.5,0.75,0.5,93.22,
ERCOT,92.5,7,84,9,0,132,0.5,1.0,0.0,93.22,
ERCOT,92.5,7,84,9,0,132,0.5,1.0,0.5,93.22,
ERCOT,92.5,8,78,14,0,217,0.0,0.0,1.5,93.06,
ERCOT,92.5,8,78,14,0,177,0.0,0.0,2.0,92.77,
ERCOT,92.5,8,78,14,0,157,0.0,0.0,2.5,93.14,
ERCOT,92.5,8,78,14,0,137,0.0,0.25,0.0,93.3,
ERCOT,92.5,8,78,14,0,132,0.0,0.25,0.5,93.57,
ERCOT,92.5,8,78,14,0,127,0.0,0.25,1.0,93.5,
ERCOT,92.5,8,78,14,0,122,0.0,0.25,1.5,92.9,
ERCOT,92.5,8,78,14,0,122,0.0,0.25,2.0,93.43,
ERCOT,92.5,8,78,14,0,122,0.0,0.5,0.0,92.56,
ERCOT,92.5,8,78,14,0,122,0.0,0.5,0.5,92.56,
ERCOT,92.5,8,78,14,0,122,0.0,0.75,0.0,92.56,
ERCOT,92.5,8,78,14,0,122,0.0,0.75,0.5,92.56,
ERCOT,92.5,8,78,14,0,122,0.0,1.0,0.0,92.56,
ERCOT,92.5,8,78,14,0,122,0.0,1.0,0.5,92.56,
ERCOT,92.5,8,78,14,0,127,0.25,0.0,0.0,93.67,
ERCOT,92.5,8,78,14,0,127,0.25,0.0,0.5,93.67,
ERCOT,92.5,8,78,14,0,127,0.25,0.25,0.0,93.67,
ERCOT,92.5,8,78,14,0,127,0.25,0.25,0.5,93.67,
ERCOT,92.5,8,78,14,0,127,0.25,0.5,0.0,93.67,
ERCOT,92.5,8,78,14,0,127,0.25,0.5,0.5,93.67,
ERCOT,92.5,8,78,14,0,127,0.25,0.75,0.0,93.67,
ERCOT,92.5,8,78,14,0,127,0.25,0.75,0.5,93.67,
ERCOT,92.5,8,78,14,0,127,0.25,1.0,0.0,93.67,
ERCOT,92.5,8,78,14,0,127,0.25,1.0,0.5,93.67,
ERCOT,92.5,8,78,14,0,127,0.5,0.0,0.0,93.67,
ERCOT,92.5,8,78,14,0,127,0.5,0.0,0.5,93.67,
ERCOT,92.5,8,78,14,0,127,0.5,0.25,0.0,93.67,
ERCOT,92.5,8,78,14,0,127,0.5,0.25,0.5,93.67,
ERCOT,92.5,8,78,14,0,127,0.5,0.5,0.0,93.67,
ERCOT,92.5,8,78,14,0,127,0.5,0.5,0.5,93.67,
ERCOT,92.5,8,78,14,0,127,0.5,0.75,0.0,93.67,
ERCOT,92.5,8,78,14,0,127,0.5,0.75,0.5,93.67,
ERCOT,92.5,8,78,14,0,127,0.5,1.0,0.0,93.67,
ERCOT,92.5,8,78,14,0,127,0.5,1.0,0.5,93.67,
ERCOT,92.5,8,79,13,0,222,0.0,0.0,1.5,92.51,
ERCOT,92.5,8,79,13,0,182,0.0,0.0,2.0,92.55,
ERCOT,92.5,8,79,13,0,162,0.0,0.0,2.5,93.36,
ERCOT,92.5,8,79,13,0,137,0.0,0.25,0.0,92.75,
ERCOT,92.5,8,79,13,0,132,0.0,0.25,0.5,93.1,
ERCOT,92.5,8,79,13,0,127,0.0,0.25,1.0,93.06,
ERCOT,92.5,8,79,13,0,122,0.0,0.25,1.5,92.51,
ERCOT,92.5,8,79,13,0,122,0.0,0.25,2.0,93.11,
ERCOT,92.5,8,79,13,0,127,0.0,0.5,0.0,93.53,
ERCOT,92.5,8,79,13,0,127,0.0,0.5,0.5,93.53,
ERCOT,92.5,8,79,13,0,127,0.0,0.75,0.0,93.53,
ERCOT,92.5,8,79,13,0,127,0.0,0.75,0.5,93.53,
ERCOT,92.5,8,79,13,0,127,0.0,1.0,0.0,93.53,
ERCOT,92.5,8,79,13,0,127,0.0,1.0,0.5,93.53,
ERCOT,92.5,8,79,13,0,127,0.25,0.0,0.0,93.43,
ERCOT,92.5,8,79,13,0,127,0.25,0.0,0.5,93.43,
ERCOT,92.5,8,79,13,0,127,0.25,0.25,0.0,93.43,
ERCOT,92.5,8,79,13,0,127,0.25,0.25,0.5,93.43,
ERCOT,92.5,8,79,13,0,127,0.25,0.5,0.0,93.43,
ERCOT,92.5,8,79,13,0,127,0.25,0.5,0.5,93.43,
ERCOT,92.5,8,79,13,0,127,0.25,0.75,0.0,93.43,
ERCOT,92.5,8,79,13,0,127,0.25,0.75,0.5,93.43,
ERCOT,92.5,8,79,13,0,127,0.25,1.0,0.0,93.43,
ERCOT,92.5,8,79,13,0,127,0.25,1.0,0.5,93.43,
ERCOT,92.5,8,79,13,0,127,0.5,0.0,0.0,93.43,
ERCOT,92.5,8,79,13,0,127,0.5,0.0,0.5,93.43,
ERCOT,92.5,8,79,13,0,127,0.5,0.25,0.0,93.43,
ERCOT,92.5,8,79,13,0,127,0.5,0.25,0.5,93.43,
ERCOT,92.5,8,79,13,0,127,0.5,0.5,0.0,93.43,
ERCOT,92.5,8,79,13,0,127,0.5,0.5,0.5,93.43,
ERCOT,92.5,8,79,13,0,127,0.5,0.75,0.0,93.43,
ERCOT,92.5,8,79,13,0,127,0.5,0.75,0.5,93.43,
ERCOT,92.5,8,79,13,0,127,0.5,1.0,0.0,93.43,
ERCOT,92.5,8,79,13,0,127,0.5,1.0,0.5,93.43,
ERCOT,92.5,8,80,12,0,237,0.0,0.0,1.5,93.02,
ERCOT,92.5,8,80,12,0,192,0.0,0.0,2.0,92.9,
ERCOT,92.5,8,80,12,0,162,0.0,0.0,2.5,92.62,
ERCOT,92.5,8,80,12,0,142,0.0,0.25,0.0,93.19,
ERCOT,92.5,8,80,12,0,132,0.0,0.25,0.5,92.59,
ERCOT,92.5,8,80,12,0,127,0.0,0.25,1.0,92.62,
ERCOT,92.5,8,80,12,0,127,0.0,0.25,1.5,93.64,
ERCOT,92.5,8,80,12,0,127,0.0,0.5,0.0,93.3,
ERCOT,92.5,8,80,12,0,127,0.0,0.5,0.5,93.3,
ERCOT,92.5,8,80,12,0,127,0.0,0.75,0.0,93.3,
ERCOT,92.5,8,80,12,0,127,0.0,0.75,0.5,93.3,
ERCOT,92.5,8,80,12,0,127,0.0,1.0,0.0,93.3,
ERCOT,92.5,8,80,12,0,127,0.0,1.0,0.5,93.3,
ERCOT,92.5,8,80,12,0,127,0.25,0.0,0.0,93.19,
ERCOT,92.5,8,80,12,0,127,0.25,0.0,0.5,93.19,
ERCOT,92.5,8,80,12,0,127,0.25,0.25,0.0,93.19,
ERCOT,92.5,8,80,12,0,127,0.25,0.25,0.5,93.19,
ERCOT,92.5,8,80,12,0,127,0.25,0.5,0.0,93.19,
ERCOT,92.5,8,80,12,0,127,0.25,0.5,0.5,93.19,
ERCOT,92.5,8,80,12,0,127,0.25,0.75,0.0,93.19,
ERCOT,92.5,8,80,12,0,127,0.25,0.75,0.5,93.19,
ERCOT,92.5,8,80,12,0,127,0.25,1.0,0.0,93.19,
ERCOT,92.5,8,80,12,0,127,0.25,1.0,0.5,93.19,
ERCOT,92.5,8,80,12,0,127,0.5,0.0,0.0,93.19,
ERCOT,92.5,8,80,12,0,127,0.5,0.0,0.5,93.19,
ERCOT,92.5,8,80,12,0,127,0.5,0.25,0.0,93.19,
ERCOT,92.5,8,80,12,0,127,0.5,0.25,0.5,93.19,
ERCOT,92.5,8,80,12,0,127,0.5,0.5,0.0,93.19,
ERCOT,92.5,8,80,12,0,127,0.5,0.5,0.5,93.19,
ERCOT,92.5,8,80,12,0,127,0.5,0.75,0.0,93.19,
ERCOT,92.5,8,80,12,0,127,0.5,0.75,0.5,93.19,
ERCOT,92.5,8,80,12,0,127,0.5,1.0,0.0,93.19,
ERCOT,92.5,8,80,12,0,127,0.5,1.0,0.5,93.19,
ERCOT,92.5,8,81,11,0,247,0.0,0.0,1.5,92.83,
ERCOT,92.5,8,81,11,0,202,0.0,0.0,2.0,93.09,
ERCOT,92.5,8,81,11,0,167,0.0,0.0,2.5,92.69,
ERCOT,92.5,8,81,11,0,142,0.0,0.25,0.0,92.57,
ERCOT,92.5,8,81,11,0,137,0.0,0.25,0.5,93.24,
ERCOT,92.5,8,81,11,0,132,0.0,0.25,1.0,93.5,
ERCOT,92.5,8,81,11,0,127,0.0,0.25,1.5,93.25,
ERCOT,92.5,8,81,11,0,127,0.0,0.25,2.0,93.96,
ERCOT,92.5,8,81,11,0,127,0.0,0.5,0.0,93.06,
ERCOT,92.5,8,81,11,0,127,0.0,0.5,0.5,93.06,
ERCOT,92.5,8,81,11,0,127,0.0,0.75,0.0,93.06,
ERCOT,92.5,8,81,11,0,127,0.0,0.75,0.5,93.06,
ERCOT,92.5,8,81,11,0,127,0.0,1.0,0.0,93.06,
ERCOT,92.5,8,81,11,0,127,0.0,1.0,0.5,93.06,
ERCOT,92.5,8,81,11,0,127,0.25,0.0,0.0,92.94,
ERCOT,92.5,8,81,11,0,127,0.25,0.0,0.5,92.94,
ERCOT,92.5,8,81,11,0,127,0.25,0.25,0.0,92.94,
ERCOT,92.5,8,81,11,0,127,0.25,0.25,0.5,92.94,
ERCOT,92.5,8,81,11,0,127,0.25,0.5,0.0,92.94,
ERCOT,92.5,8,81,11,0,127,0.25,0.5,0.5,92.94,
ERCOT,92.5,8,81,11,0,127,0.25,0.75,0.0,92.94,
ERCOT,92.5,8,81,11,0,127,0.25,0.75,0.5,92.94,
ERCOT,92.5,8,81,11,0,127,0.25,1.0,0.0,92.94,
ERCOT,92.5,8,81,11,0,127,0.25,1.0,0.5,92.94,
ERCOT,92.5,8,81,11,0,127,0.5,0.0,0.0,92.94,
ERCOT,92.5,8,81,11,0,127,0.5,0.0,0.5,92.94,
ERCOT,92.5,8,81,11,0,127,0.5,0.25,0.0,92.94,
ERCOT,92.5,8,81,11,0,127,0.5,0.25,0.5,92.94,
ERCOT,92.5,8,81,11,0,127,0.5,0.5,0.0,92.94,
ERCOT,92.5,8,81,11,0,127,0.5,0.5,0.5,92.94,
ERCOT,92.5,8,81,11,0,127,0.5,0.75,0.0,92.94,
ERCOT,92.5,8,81,11,0,127,0.5,0.75,0.5,92.94,
ERCOT,92.5,8,81,11,0,127,0.5,1.0,0.0,92.94,
ERCOT,92.5,8,81,11,0,127,0.5,1.0,0.5,92.94,
ERCOT,92.5,8,82,10,0,207,0.0,0.0,2.0,92.59,
ERCOT,92.5,8,82,10,0,172,0.0,0.0,2.5,92.67,
ERCOT,92.5,8,82,10,0,147,0.0,0.25,0.0,92.85,
ERCOT,92.5,8,82,10,0,137,0.0,0.25,0.5,92.69,
ERCOT,92.5,8,82,10,0,132,0.0,0.25,1.0,93.01,
ERCOT,92.5,8,82,10,0,127,0.0,0.25,1.5,92.82,
ERCOT,92.5,8,82,10,0,127,0.0,0.25,2.0,93.6,
ERCOT,92.5,8,82,10,0,127,0.0,0.5,0.0,92.83,
ERCOT,92.5,8,82,10,0,127,0.0,0.5,0.5,92.83,
ERCOT,92.5,8,82,10,0,127,0.0,0.75,0.0,92.83,
ERCOT,92.5,8,82,10,0,127,0.0,0.75,0.5,92.83,
ERCOT,92.5,8,82,10,0,127,0.0,1.0,0.0,92.83,
ERCOT,92.5,8,82,10,0,127,0.0,1.0,0.5,92.83,
ERCOT,92.5,8,82,10,0,127,0.25,0.0,0.0,92.68,
ERCOT,92.5,8,82,10,0,127,0.25,0.0,0.5,92.68,
ERCOT,92.5,8,82,10,0,127,0.25,0.25,0.0,92.68,
ERCOT,92.5,8,82,10,0,127,0.25,0.25,0.5,92.68,
ERCOT,92.5,8,82,10,0,127,0.25,0.5,0.0,92.68,
ERCOT,92.5,8,82,10,0,127,0.25,0.5,0.5,92.68,
ERCOT,92.5,8,82,10,0,127,0.25,0.75,0.0,92.68,
ERCOT,92.5,8,82,10,0,127,0.25,0.75,0.5,92.68,
ERCOT,92.5,8,82,10,0,127,0.25,1.0,0.0,92.68,
ERCOT,92.5,8,82,10,0,127,0.25,1.0,0.5,92.68,
ERCOT,92.5,8,82,10,0,127,0.5,0.0,0.0,92.68,
ERCOT,92.5,8,82,10,0,127,0.5,0.0,0.5,92.68,
ERCOT,92.5,8,82,10,0,127,0.5,0.25,0.0,92.68,
ERCOT,92.5,8,82,10,0,127,0.5,0.25,0.5,92.68,
ERCOT,92.5,8,82,10,0,127,0.5,0.5,0.0,92.68,
ERCOT,92.5,8,82,10,0,127,0.5,0.5,0.5,92.68,
ERCOT,92.5,8,82,10,0,127,0.5,0.75,0.0,92.68,
ERCOT,92.5,8,82,10,0,127,0.5,0.75,0.5,92.68,
ERCOT,92.5,8,82,10,0,127,0.5,1.0,0.0,92.68,
ERCOT,92.5,8,82,10,0,127,0.5,1.0,0.5,92.68,
ERCOT,92.5,8,83,9,0,217,0.0,0.0,2.0,92.55,
ERCOT,92.5,8,83,9,0,177,0.0,0.0,2.5,92.55,
ERCOT,92.5,8,83,9,0,152,0.0,0.25,0.0,92.97,
ERCOT,92.5,8,83,9,0,142,0.0,0.25,0.5,93.25,
ERCOT,92.5,8,83,9,0,137,0.0,0.25,1.0,93.76,
ERCOT,92.5,8,83,9,0,132,0.0,0.25,1.5,93.75,
ERCOT,92.5,8,83,9,0,127,0.0,0.25,2.0,93.24,
ERCOT,92.5,8,83,9,0,127,0.0,0.25,2.5,93.78,
ERCOT,92.5,8,83,9,0,127,0.0,0.5,0.0,92.58,
ERCOT,92.5,8,83,9,0,127,0.0,0.5,0.5,92.58,
ERCOT,92.5,8,83,9,0,127,0.0,0.75,0.0,92.58,
ERCOT,92.5,8,83,9,0,127,0.0,0.75,0.5,92.58,
ERCOT,92.5,8,83,9,0,127,0.0,1.0,0.0,92.58,
ERCOT,92.5,8,83,9,0,127,0.0,1.0,0.5,92.58,
ERCOT,92.5,8,83,9,0,132,0.25,0.0,0.0,93.45,
ERCOT,92.5,8,83,9,0,132,0.25,0.0,0.5,93.46,
ERCOT,92.5,8,83,9,0,132,0.25,0.25,0.0,93.45,
ERCOT,92.5,8,83,9,0,132,0.25,0.25,0.5,93.45,
ERCOT,92.5,8,83,9,0,132,0.25,0.5,0.0,93.45,
ERCOT,92.5,8,83,9,0,132,0.25,0.5,0.5,93.45,
ERCOT,92.5,8,83,9,0,132,0.25,0.75,0.0,93.45,
ERCOT,92.5,8,83,9,0,132,0.25,0.75,0.5,93.45,
ERCOT,92.5,8,83,9,0,132,0.25,1.0,0.0,93.45,
ERCOT,92.5,8,83,9,0,132,0.25,1.0,0.5,93.45,
ERCOT,92.5,8,83,9,0,132,0.5,0.0,0.0,93.45,
ERCOT,92.5,8,83,9,0,132,0.5,0.0,0.5,93.45,
ERCOT,92.5,8,83,9,0,132,0.5,0.25,0.0,93.45,
ERCOT,92.5,8,83,9,0,132,0.5,0.25,0.5,93.45,
ERCOT,92.5,8,83,9,0,132,0.5,0.5,0.0,93.45,
ERCOT,92.5,8,83,9,0,132,0.5,0.5,0.5,93.45,
ERCOT,92.5,8,83,9,0,132,0.5,0.75,0.0,93.45,
ERCOT,92.5,8,83,9,0,132,0.5,0.75,0.5,93.45,
ERCOT,92.5,8,83,9,0,132,0.5,1.0,0.0,93.45,
ERCOT,92.5,8,83,9,0,132,0.5,1.0,0.5,93.45,
ERCOT,92.5,8,84,8,0,232,0.0,0.0,2.0,92.86,
ERCOT,92.5,8,84,8,0,187,0.0,0.0,2.5,92.93,
ERCOT,92.5,8,84,8,0,157,0.0,0.25,0.0,92.94,
ERCOT,92.5,8,84,8,0,142,0.0,0.25,0.5,92.63,
ERCOT,92.5,8,84,8,0,137,0.0,0.25,1.0,93.21,
ERCOT,92.5,8,84,8,0,132,0.0,0.25,1.5,93.31,
ERCOT,92.5,8,84,8,0,127,0.0,0.25,2.0,92.86,
ERCOT,92.5,8,84,8,0,127,0.0,0.25,2.5,93.43,
ERCOT,92.5,8,84,8,0,132,0.0,0.5,0.0,93.27,
ERCOT,92.5,8,84,8,0,132,0.0,0.5,0.5,93.27,
ERCOT,92.5,8,84,8,0,132,0.0,0.75,0.0,93.27,
ERCOT,92.5,8,84,8,0,132,0.0,0.75,0.5,93.27,
ERCOT,92.5,8,84,8,0,132,0.0,1.0,0.0,93.27,
ERCOT,92.5,8,84,8,0,132,0.0,1.0,0.5,93.27,
ERCOT,92.5,8,84,8,0,132,0.25,0.0,0.0,93.19,
ERCOT,92.5,8,84,8,0,132,0.25,0.0,0.5,93.2,
ERCOT,92.5,8,84,8,0,132,0.25,0.25,0.0,93.19,
ERCOT,92.5,8,84,8,0,132,0.25,0.25,0.5,93.19,
ERCOT,92.5,8,84,8,0,132,0.25,0.5,0.0,93.19,
ERCOT,92.5,8,84,8,0,132,0.25,0.5,0.5,93.19,
ERCOT,92.5,8,84,8,0,132,0.25,0.75,0.0,93.19,
ERCOT,92.5,8,84,8,0,132,0.25,0.75,0.5,93.19,
ERCOT,92.5,8,84,8,0,132,0.25,1.0,0.0,93.19,
ERCOT,92.5,8,84,8,0,132,0.25,1.0,0.5,93.19,
ERCOT,92.5,8,84,8,0,132,0.5,0.0,0.0,93.19,
ERCOT,92.5,8,84,8,0,132,0.5,0.0,0.5,93.19,
ERCOT,92.5,8,84,8,0,132,0.5,0.25,0.0,93.19,
ERCOT,92.5,8,84,8,0,132,0.5,0.25,0.5,93.19,
ERCOT,92.5,8,84,8,0,132,0.5,0.5,0.0,93.19,
ERCOT,92.5,8,84,8,0,132,0.5,0.5,0.5,93.19,
ERCOT,92.5,8,84,8,0,132,0.5,0.75,0.0,93.19,
ERCOT,92.5,8,84,8,0,132,0.5,0.75,0.5,93.19,
ERCOT,92.5,8,84,8,0,132,0.5,1.0,0.0,93.19,
ERCOT,92.5,8,84,8,0,132,0.5,1.0,0.5,93.19,
ERCOT,92.5,9,77,14,0,250,0.0,0.0,1.0,92.66,
ERCOT,92.5,9,77,14,0,207,0.0,0.0,1.5,92.77,
ERCOT,92.5,9,77,14,0,172,0.0,0.0,2.0,92.83,
ERCOT,92.5,9,77,14,0,152,0.0,0.0,2.5,92.72,
ERCOT,92.5,9,77,14,0,132,0.0,0.25,0.0,92.68,
ERCOT,92.5,9,77,14,0,127,0.0,0.25,0.5,92.75,
ERCOT,92.5,9,77,14,0,127,0.0,0.25,1.0,93.89,
ERCOT,92.5,9,77,14,0,122,0.0,0.5,0.0,92.77,
ERCOT,92.5,9,77,14,0,122,0.0,0.5,0.5,92.77,
ERCOT,92.5,9,77,14,0,122,0.0,0.75,0.0,92.77,
ERCOT,92.5,9,77,14,0,122,0.0,0.75,0.5,92.77,
ERCOT,92.5,9,77,14,0,122,0.0,1.0,0.0,92.77,
ERCOT,92.5,9,77,14,0,122,0.0,1.0,0.5,92.77,
ERCOT,92.5,9,77,14,0,122,0.25,0.0,0.0,92.62,
ERCOT,92.5,9,77,14,0,122,0.25,0.0,0.5,92.62,
ERCOT,92.5,9,77,14,0,122,0.25,0.25,0.0,92.62,
ERCOT,92.5,9,77,14,0,122,0.25,0.25,0.5,92.62,
ERCOT,92.5,9,77,14,0,122,0.25,0.5,0.0,92.62,
ERCOT,92.5,9,77,14,0,122,0.25,0.5,0.5,92.62,
ERCOT,92.5,9,77,14,0,122,0.25,0.75,0.0,92.62,
ERCOT,92.5,9,77,14,0,122,0.25,0.75,0.5,92.62,
ERCOT,92.5,9,77,14,0,122,0.25,1.0,0.0,92.62,
ERCOT,92.5,9,77,14,0,122,0.25,1.0,0.5,92.62,
ERCOT,92.5,9,77,14,0,122,0.5,0.0,0.0,92.62,
ERCOT,92.5,9,77,14,0,122,0.5,0.0,0.5,92.62,
ERCOT,92.5,9,77,14,0,122,0.5,0.25,0.0,92.62,
ERCOT,92.5,9,77,14,0,122,0.5,0.25,0.5,92.62,
ERCOT,92.5,9,77,14,0,122,0.5,0.5,0.0,92.62,
ERCOT,92.5,9,77,14,0,122,0.5,0.5,0.5,92.62,
ERCOT,92.5,9,77,14,0,122,0.5,0.75,0.0,92.62,
ERCOT,92.5,9,77,14,0,122,0.5,0.75,0.5,92.62,
ERCOT,92.5,9,77,14,0,122,0.5,1.0,0.0,92.62,
ERCOT,92.5,9,77,14,0,122,0.5,1.0,0.5,92.62,
ERCOT,92.5,9,78,13,0,217,0.0,0.0,1.5,92.94,
ERCOT,92.5,9,78,13,0,177,0.0,0.0,2.0,92.68,
ERCOT,92.5,9,78,13,0,157,0.0,0.0,2.5,93.07,
ERCOT,92.5,9,78,13,0,137,0.0,0.25,0.0,93.26,
ERCOT,92.5,9,78,13,0,132,0.0,0.25,0.5,93.53,
ERCOT,92.5,9,78,13,0,127,0.0,0.25,1.0,93.46,
ERCOT,92.5,9,78,13,0,122,0.0,0.25,1.5,92.87,
ERCOT,92.5,9,78,13,0,122,0.0,0.25,2.0,93.4,
ERCOT,92.5,9,78,13,0,122,0.0,0.5,0.0,92.55,
ERCOT,92.5,9,78,13,0,122,0.0,0.5,0.5,92.55,
ERCOT,92.5,9,78,13,0,122,0.0,0.75,0.0,92.55,
ERCOT,92.5,9,78,13,0,122,0.0,0.75,0.5,92.55,
ERCOT,92.5,9,78,13,0,122,0.0,1.0,0.0,92.55,
ERCOT,92.5,9,78,13,0,122,0.0,1.0,0.5,92.55,
ERCOT,92.5,9,78,13,0,127,0.25,0.0,0.0,93.65,
ERCOT,92.5,9,78,13,0,127,0.25,0.0,0.5,93.65,
ERCOT,92.5,9,78,13,0,127,0.25,0.25,0.0,93.65,
ERCOT,92.5,9,78,13,0,127,0.25,0.25,0.5,93.65,
ERCOT,92.5,9,78,13,0,127,0.25,0.5,0.0,93.65,
ERCOT,92.5,9,78,13,0,127,0.25,0.5,0.5,93.65,
ERCOT,92.5,9,78,13,0,127,0.25,0.75,0.0,93.65,
ERCOT,92.5,9,78,13,0,127,0.25,0.75,0.5,93.65,
ERCOT,92.5,9,78,13,0,127,0.25,1.0,0.0,93.65,
ERCOT,92.5,9,78,13,0,127,0.25,1.0,0.5,93.65,
ERCOT,92.5,9,78,13,0,127,0.5,0.0,0.0,93.65,
ERCOT,92.5,9,78,13,0,127,0.5,0.0,0.5,93.65,
ERCOT,92.5,9,78,13,0,127,0.5,0.25,0.0,93.65,
ERCOT,92.5,9,78,13,0,127,0.5,0.25,0.5,93.65,
ERCOT,92.5,9,78,13,0,127,0.5,0.5,0.0,93.65,
ERCOT,92.5,9,78,13,0,127,0.5,0.5,0.5,93.65,
ERCOT,92.5,9,78,13,0,127,0.5,0.75,0.0,93.65,
ERCOT,92.5,9,78,13,0,127,0.5,0.75,0.5,93.65,
ERCOT,92.5,9,78,13,0,127,0.5,1.0,0.0,93.65,
ERCOT,92.5,9,78,13,0,127,0.5,1.0,0.5,93.65,
ERCOT,92.5,9,79,12,0,227,0.0,0.0,1.5,92.98,
ERCOT,92.5,9,79,12,0,187,0.0,0.0,2.0,93.12,
ERCOT,92.5,9,79,12,0,162,0.0,0.0,2.5,93.28,
ERCOT,92.5,9,79,12,0,137,0.0,0.25,0.0,92.7,
ERCOT,92.5,9,79,12,0,132,0.0,0.25,0.5,93.05,
ERCOT,92.5,9,79,12,0,127,0.0,0.25,1.0,93.03,
ERCOT,92.5,9,79,12,0,127,0.0,0.25,1.5,93.97,
ERCOT,92.5,9,79,12,0,127,0.0,0.5,0.0,93.51,
ERCOT,92.5,9,79,12,0,127,0.0,0.5,0.5,93.51,
ERCOT,92.5,9,79,12,0,127,0.0,0.75,0.0,93.51,
ERCOT,92.5,9,79,12,0,127,0.0,0.75,0.5,93.51,
ERCOT,92.5,9,79,12,0,127,0.0,1.0,0.0,93.51,
ERCOT,92.5,9,79,12,0,127,0.0,1.0,0.5,93.51,
ERCOT,92.5,9,79,12,0,127,0.25,0.0,0.0,93.41,
ERCOT,92.5,9,79,12,0,127,0.25,0.0,0.5,93.41,
ERCOT,92.5,9,79,12,0,127,0.25,0.25,0.0,93.41,
ERCOT,92.5,9,79,12,0,127,0.25,0.25,0.5,93.41,
ERCOT,92.5,9,79,12,0,127,0.25,0.5,0.0,93.41,
ERCOT,92.5,9,79,12,0,127,0.25,0.5,0.5,93.41,
ERCOT,92.5,9,79,12,0,127,0.25,0.75,0.0,93.41,
ERCOT,92.5,9,79,12,0,127,0.25,0.75,0.5,93.41,
ERCOT,92.5,9,79,12,0,127,0.25,1.0,0.0,93.41,
ERCOT,92.5,9,79,12,0,127,0.25,1.0,0.5,93.41,
ERCOT,92.5,9,79,12,0,127,0.5,0.0,0.0,93.41,
ERCOT,92.5,9,79,12,0,127,0.5,0.0,0.5,93.41,
ERCOT,92.5,9,79,12,0,127,0.5,0.25,0.0,93.41,
ERCOT,92.5,9,79,12,0,127,0.5,0.25,0.5,93.41,
ERCOT,92.5,9,79,12,0,127,0.5,0.5,0.0,93.41,
ERCOT,92.5,9,79,12,0,127,0.5,0.5,0.5,93.41,
ERCOT,92.5,9,79,12,0,127,0.5,0.75,0.0,93.41,
ERCOT,92.5,9,79,12,0,127,0.5,0.75,0.5,93.41,
ERCOT,92.5,9,79,12,0,127,0.5,1.0,0.0,93.41,
ERCOT,92.5,9,79,12,0,127,0.5,1.0,0.5,93.41,
ERCOT,92.5,9,80,11,0,237,0.0,0.0,1.5,92.9,
ERCOT,92.5,9,80,11,0,192,0.0,0.0,2.0,92.79,
ERCOT,92.5,9,80,11,0,162,0.0,0.0,2.5,92.55,
ERCOT,92.5,9,80,11,0,142,0.0,0.25,0.0,93.14,
ERCOT,92.5,9,80,11,0,132,0.0,0.25,0.5,92.54,
ERCOT,92.5,9,80,11,0,127,0.0,0.25,1.0,92.57,
ERCOT,92.5,9,80,11,0,127,0.0,0.25,1.5,93.61,
ERCOT,92.5,9,80,11,0,127,0.0,0.5,0.0,93.28,
ERCOT,92.5,9,80,11,0,127,0.0,0.5,0.5,93.28,
ERCOT,92.5,9,80,11,0,127,0.0,0.75,0.0,93.28,
ERCOT,92.5,9,80,11,0,127,0.0,0.75,0.5,93.28,
ERCOT,92.5,9,80,11,0,127,0.0,1.0,0.0,93.28,
ERCOT,92.5,9,80,11,0,127,0.0,1.0,0.5,93.28,
ERCOT,92.5,9,80,11,0,127,0.25,0.0,0.0,93.16,
ERCOT,92.5,9,80,11,0,127,0.25,0.0,0.5,93.16,
ERCOT,92.5,9,80,11,0,127,0.25,0.25,0.0,93.16,
ERCOT,92.5,9,80,11,0,127,0.25,0.25,0.5,93.16,
ERCOT,92.5,9,80,11,0,127,0.25,0.5,0.0,93.16,
ERCOT,92.5,9,80,11,0,127,0.25,0.5,0.5,93.16,
ERCOT,92.5,9,80,11,0,127,0.25,0.75,0.0,93.16,
ERCOT,92.5,9,80,11,0,127,0.25,0.75,0.5,93.16,
ERCOT,92.5,9,80,11,0,127,0.25,1.0,0.0,93.16,
ERCOT,92.5,9,80,11,0,127,0.25,1.0,0.5,93.16,
ERCOT,92.5,9,80,11,0,127,0.5,0.0,0.0,93.16,
ERCOT,92.5,9,80,11,0,127,0.5,0.0,0.5,93.16,
ERCOT,92.5,9,80,11,0,127,0.5,0.25,0.0,93.16,
ERCOT,92.5,9,80,11,0,127,0.5,0.25,0.5,93.16,
ERCOT,92.5,9,80,11,0,127,0.5,0.5,0.0,93.16,
ERCOT,92.5,9,80,11,0,127,0.5,0.5,0.5,93.16,
ERCOT,92.5,9,80,11,0,127,0.5,0.75,0.0,93.16,
ERCOT,92.5,9,80,11,0,127,0.5,0.75,0.5,93.16,
ERCOT,92.5,9,80,11,0,127,0.5,1.0,0.0,93.16,
ERCOT,92.5,9,80,11,0,127,0.5,1.0,0.5,93.16,
ERCOT,92.5,9,81,10,0,247,0.0,0.0,1.5,92.69,
ERCOT,92.5,9,81,10,0,202,0.0,0.0,2.0,92.98,
ERCOT,92.5,9,81,10,0,167,0.0,0.0,2.5,92.62,
ERCOT,92.5,9,81,10,0,142,0.0,0.25,0.0,92.52,
ERCOT,92.5,9,81,10,0,137,0.0,0.25,0.5,93.2,
ERCOT,92.5,9,81,10,0,132,0.0,0.25,1.0,93.46,
ERCOT,92.5,9,81,10,0,127,0.0,0.25,1.5,93.21,
ERCOT,92.5,9,81,10,0,127,0.0,0.25,2.0,93.92,
ERCOT,92.5,9,81,10,0,127,0.0,0.5,0.0,93.04,
ERCOT,92.5,9,81,10,0,127,0.0,0.5,0.5,93.04,
ERCOT,92.5,9,81,10,0,127,0.0,0.75,0.0,93.04,
ERCOT,92.5,9,81,10,0,127,0.0,0.75,0.5,93.04,
ERCOT,92.5,9,81,10,0,127,0.0,1.0,0.0,93.04,
ERCOT,92.5,9,81,10,0,127,0.0,1.0,0.5,93.04,
ERCOT,92.5,9,81,10,0,127,0.25,0.0,0.0,92.91,
ERCOT,92.5,9,81,10,0,127,0.25,0.0,0.5,92.91,
ERCOT,92.5,9,81,10,0,127,0.25,0.25,0.0,92.91,
ERCOT,92.5,9,81,10,0,127,0.25,0.25,0.5,92.91,
ERCOT,92.5,9,81,10,0,127,0.25,0.5,0.0,92.91,
ERCOT,92.5,9,81,10,0,127,0.25,0.5,0.5,92.91,
ERCOT,92.5,9,81,10,0,127,0.25,0.75,0.0,92.91,
ERCOT,92.5,9,81,10,0,127,0.25,0.75,0.5,92.91,
ERCOT,92.5,9,81,10,0,127,0.25,1.0,0.0,92.91,
ERCOT,92.5,9,81,10,0,127,0.25,1.0,0.5,92.91,
ERCOT,92.5,9,81,10,0,127,0.5,0.0,0.0,92.91,
ERCOT,92.5,9,81,10,0,127,0.5,0.0,0.5,92.91,
ERCOT,92.5,9,81,10,0,127,0.5,0.25,0.0,92.91,
ERCOT,92.5,9,81,10,0,127,0.5,0.25,0.5,92.91,
ERCOT,92.5,9,81,10,0,127,0.5,0.5,0.0,92.91,
ERCOT,92.5,9,81,10,0,127,0.5,0.5,0.5,92.91,
ERCOT,92.5,9,81,10,0,127,0.5,0.75,0.0,92.91,
ERCOT,92.5,9,81,10,0,127,0.5,0.75,0.5,92.91,
ERCOT,92.5,9,81,10,0,127,0.5,1.0,0.0,92.91,
ERCOT,92.5,9,81,10,0,127,0.5,1.0,0.5,92.91,
ERCOT,92.5,9,82,9,0,212,0.0,0.0,2.0,93.02,
ERCOT,92.5,9,82,9,0,172,0.0,0.0,2.5,92.59,
ERCOT,92.5,9,82,9,0,147,0.0,0.25,0.0,92.79,
ERCOT,92.5,9,82,9,0,137,0.0,0.25,0.5,92.64,
ERCOT,92.5,9,82,9,0,132,0.0,0.25,1.0,92.95,
ERCOT,92.5,9,82,9,0,127,0.0,0.25,1.5,92.78,
ERCOT,92.5,9,82,9,0,127,0.0,0.25,2.0,93.56,
ERCOT,92.5,9,82,9,0,127,0.0,0.5,0.0,92.8,
ERCOT,92.5,9,82,9,0,127,0.0,0.5,0.5,92.8,
ERCOT,92.5,9,82,9,0,127,0.0,0.75,0.0,92.8,
ERCOT,92.5,9,82,9,0,127,0.0,0.75,0.5,92.8,
ERCOT,92.5,9,82,9,0,127,0.0,1.0,0.0,92.8,
ERCOT,92.5,9,82,9,0,127,0.0,1.0,0.5,92.8,
ERCOT,92.5,9,82,9,0,127,0.25,0.0,0.0,92.65,
ERCOT,92.5,9,82,9,0,127,0.25,0.0,0.5,92.65,
ERCOT,92.5,9,82,9,0,127,0.25,0.25,0.0,92.65,
ERCOT,92.5,9,82,9,0,127,0.25,0.25,0.5,92.65,
ERCOT,92.5,9,82,9,0,127,0.25,0.5,0.0,92.65,
ERCOT,92.5,9,82,9,0,127,0.25,0.5,0.5,92.65,
ERCOT,92.5,9,82,9,0,127,0.25,0.75,0.0,92.65,
ERCOT,92.5,9,82,9,0,127,0.25,0.75,0.5,92.65,
ERCOT,92.5,9,82,9,0,127,0.25,1.0,0.0,92.65,
ERCOT,92.5,9,82,9,0,127,0.25,1.0,0.5,92.65,
ERCOT,92.5,9,82,9,0,127,0.5,0.0,0.0,92.65,
ERCOT,92.5,9,82,9,0,127,0.5,0.0,0.5,92.65,
ERCOT,92.5,9,82,9,0,127,0.5,0.25,0.0,92.65,
ERCOT,92.5,9,82,9,0,127,0.5,0.25,0.5,92.65,
ERCOT,92.5,9,82,9,0,127,0.5,0.5,0.0,92.65,
ERCOT,92.5,9,82,9,0,127,0.5,0.5,0.5,92.65,
ERCOT,92.5,9,82,9,0,127,0.5,0.75,0.0,92.65,
ERCOT,92.5,9,82,9,0,127,0.5,0.75,0.5,92.65,
ERCOT,92.5,9,82,9,0,127,0.5,1.0,0.0,92.65,
ERCOT,92.5,9,82,9,0,127,0.5,1.0,0.5,92.65,
ERCOT,92.5,9,83,8,0,222,0.0,0.0,2.0,92.94,
ERCOT,92.5,9,83,8,0,182,0.0,0.0,2.5,93.11,
ERCOT,92.5,9,83,8,0,152,0.0,0.25,0.0,92.91,
ERCOT,92.5,9,83,8,0,142,0.0,0.25,0.5,93.2,
ERCOT,92.5,9,83,8,0,137,0.0,0.25,1.0,93.7,
ERCOT,92.5,9,83,8,0,132,0.0,0.25,1.5,93.7,
ERCOT,92.5,9,83,8,0,127,0.0,0.25,2.0,93.2,
ERCOT,92.5,9,83,8,0,127,0.0,0.25,2.5,93.74,
ERCOT,92.5,9,83,8,0,127,0.0,0.5,0.0,92.55,
ERCOT,92.5,9,83,8,0,127,0.0,0.5,0.5,92.55,
ERCOT,92.5,9,83,8,0,127,0.0,0.75,0.0,92.55,
ERCOT,92.5,9,83,8,0,127,0.0,0.75,0.5,92.55,
ERCOT,92.5,9,83,8,0,127,0.0,1.0,0.0,92.55,
ERCOT,92.5,9,83,8,0,127,0.0,1.0,0.5,92.55,
ERCOT,92.5,9,83,8,0,132,0.25,0.0,0.0,93.41,
ERCOT,92.5,9,83,8,0,132,0.25,0.0,0.5,93.43,
ERCOT,92.5,9,83,8,0,132,0.25,0.25,0.0,93.41,
ERCOT,92.5,9,83,8,0,132,0.25,0.25,0.5,93.41,
ERCOT,92.5,9,83,8,0,132,0.25,0.5,0.0,93.41,
ERCOT,92.5,9,83,8,0,132,0.25,0.5,0.5,93.41,
ERCOT,92.5,9,83,8,0,132,0.25,0.75,0.0,93.41,
ERCOT,92.5,9,83,8,0,132,0.25,0.75,0.5,93.41,
ERCOT,92.5,9,83,8,0,132,0.25,1.0,0.0,93.41,
ERCOT,92.5,9,83,8,0,132,0.25,1.0,0.5,93.41,
ERCOT,92.5,9,83,8,0,132,0.5,0.0,0.0,93.41,
ERCOT,92.5,9,83,8,0,132,0.5,0.0,0.5,93.41,
ERCOT,92.5,9,83,8,0,132,0.5,0.25,0.0,93.41,
ERCOT,92.5,9,83,8,0,132,0.5,0.25,0.5,93.41,
ERCOT,92.5,9,83,8,0,132,0.5,0.5,0.0,93.41,
ERCOT,92.5,9,83,8,0,132,0.5,0.5,0.5,93.41,
ERCOT,92.5,9,83,8,0,132,0.5,0.75,0.0,93.41,
ERCOT,92.5,9,83,8,0,132,0.5,0.75,0.5,93.41,
ERCOT,92.5,9,83,8,0,132,0.5,1.0,0.0,93.41,
ERCOT,92.5,9,83,8,0,132,0.5,1.0,0.5,93.41,
ERCOT,92.5,9,84,7,0,232,0.0,0.0,2.0,92.73,
ERCOT,92.5,9,84,7,0,187,0.0,0.0,2.5,92.84,
ERCOT,92.5,9,84,7,0,157,0.0,0.25,0.0,92.87,
ERCOT,92.5,9,84,7,0,142,0.0,0.25,0.5,92.56,
ERCOT,92.5,9,84,7,0,137,0.0,0.25,1.0,93.15,
ERCOT,92.5,9,84,7,0,132,0.0,0.25,1.5,93.26,
ERCOT,92.5,9,84,7,0,127,0.0,0.25,2.0,92.81,
ERCOT,92.5,9,84,7,0,127,0.0,0.25,2.5,93.39,
ERCOT,92.5,9,84,7,0,132,0.0,0.5,0.0,93.24,
ERCOT,92.5,9,84,7,0,132,0.0,0.5,0.5,93.25,
ERCOT,92.5,9,84,7,0,132,0.0,0.75,0.0,93.24,
ERCOT,92.5,9,84,7,0,132,0.0,0.75,0.5,93.24,
ERCOT,92.5,9,84,7,0,132,0.0,1.0,0.0,93.24,
ERCOT,92.5,9,84,7,0,132,0.0,1.0,0.5,93.24,
ERCOT,92.5,9,84,7,0,132,0.25,0.0,0.0,93.15,
ERCOT,92.5,9,84,7,0,132,0.25,0.0,0.5,93.16,
ERCOT,92.5,9,84,7,0,132,0.25,0.25,0.0,93.15,
ERCOT,92.5,9,84,7,0,132,0.25,0.25,0.5,93.15,
ERCOT,92.5,9,84,7,0,132,0.25,0.5,0.0,93.15,
ERCOT,92.5,9,84,7,0,132,0.25,0.5,0.5,93.15,
ERCOT,92.5,9,84,7,0,132,0.25,0.75,0.0,93.15,
ERCOT,92.5,9,84,7,0,132,0.25,0.75,0.5,93.15,
ERCOT,92.5,9,84,7,0,132,0.25,1.0,0.0,93.15,
ERCOT,92.5,9,84,7,0,132,0.25,1.0,0.5,93.15,
ERCOT,92.5,9,84,7,0,132,0.5,0.0,0.0,93.15,
ERCOT,92.5,9,84,7,0,132,0.5,0.0,0.5,93.15,
ERCOT,92.5,9,84,7,0,132,0.5,0.25,0.0,93.15,
ERCOT,92.5,9,84,7,0,132,0.5,0.25,0.5,93.15,
ERCOT,92.5,9,84,7,0,132,0.5,0.5,0.0,93.15,
ERCOT,92.5,9,84,7,0,132,0.5,0.5,0.5,93.15,
ERCOT,92.5,9,84,7,0,132,0.5,0.75,0.0,93.15,
ERCOT,92.5,9,84,7,0,132,0.5,0.75,0.5,93.15,
ERCOT,92.5,9,84,7,0,132,0.5,1.0,0.0,93.15,
ERCOT,92.5,9,84,7,0,132,0.5,1.0,0.5,93.15,
ERCOT,92.5,10,76,14,0,242,0.0,0.0,1.0,92.82,
ERCOT,92.5,10,76,14,0,202,0.0,0.0,1.5,93.07,
ERCOT,92.5,10,76,14,0,167,0.0,0.0,2.0,92.81,
ERCOT,92.5,10,76,14,0,152,0.0,0.0,2.5,93.31,
ERCOT,92.5,10,76,14,0,132,0.0,0.25,0.0,93.15,
ERCOT,92.5,10,76,14,0,127,0.0,0.25,0.5,93.18,
ERCOT,92.5,10,76,14,0,122,0.0,0.25,1.0,92.81,
ERCOT,92.5,10,76,14,0,122,0.0,0.25,1.5,93.55,
ERCOT,92.5,10,76,14,0,122,0.0,0.5,0.0,92.98,
ERCOT,92.5,10,76,14,0,122,0.0,0.5,0.5,92.98,
ERCOT,92.5,10,76,14,0,122,0.0,0.75,0.0,92.98,
ERCOT,92.5,10,76,14,0,122,0.0,0.75,0.5,92.98,
ERCOT,92.5,10,76,14,0,122,0.0,1.0,0.0,92.98,
ERCOT,92.5,10,76,14,0,122,0.0,1.0,0.5,92.98,
ERCOT,92.5,10,76,14,0,122,0.25,0.0,0.0,92.84,
ERCOT,92.5,10,76,14,0,122,0.25,0.0,0.5,92.84,
ERCOT,92.5,10,76,14,0,122,0.25,0.25,0.0,92.84,
ERCOT,92.5,10,76,14,0,122,0.25,0.25,0.5,92.84,
ERCOT,92.5,10,76,14,0,122,0.25,0.5,0.0,92.84,
ERCOT,92.5,10,76,14,0,122,0.25,0.5,0.5,92.84,
ERCOT,92.5,10,76,14,0,122,0.25,0.75,0.0,92.84,
ERCOT,92.5,10,76,14,0,122,0.25,0.75,0.5,92.84,
ERCOT,92.5,10,76,14,0,122,0.25,1.0,0.0,92.84,
ERCOT,92.5,10,76,14,0,122,0.25,1.0,0.5,92.84,
ERCOT,92.5,10,76,14,0,122,0.5,0.0,0.0,92.84,
ERCOT,92.5,10,76,14,0,122,0.5,0.0,0.5,92.84,
ERCOT,92.5,10,76,14,0,122,0.5,0.25,0.0,92.84,
ERCOT,92.5,10,76,14,0,122,0.5,0.25,0.5,92.84,
ERCOT,92.5,10,76,14,0,122,0.5,0.5,0.0,92.84,
ERCOT,92.5,10,76,14,0,122,0.5,0.5,0.5,92.84,
ERCOT,92.5,10,76,14,0,122,0.5,0.75,0.0,92.84,
ERCOT,92.5,10,76,14,0,122,0.5,0.75,0.5,92.84,
ERCOT,92.5,10,76,14,0,122,0.5,1.0,0.0,92.84,
ERCOT,92.5,10,76,14,0,122,0.5,1.0,0.5,92.84,
ERCOT,92.5,10,77,13,0,250,0.0,0.0,1.0,92.52,
ERCOT,92.5,10,77,13,0,207,0.0,0.0,1.5,92.66,
ERCOT,92.5,10,77,13,0,172,0.0,0.0,2.0,92.74,
ERCOT,92.5,10,77,13,0,152,0.0,0.0,2.5,92.65,
ERCOT,92.5,10,77,13,0,132,0.0,0.25,0.0,92.64,
ERCOT,92.5,10,77,13,0,127,0.0,0.25,0.5,92.71,
ERCOT,92.5,10,77,13,0,127,0.0,0.25,1.0,93.86,
ERCOT,92.5,10,77,13,0,122,0.0,0.5,0.0,92.75,
ERCOT,92.5,10,77,13,0,122,0.0,0.5,0.5,92.75,
ERCOT,92.5,10,77,13,0,122,0.0,0.75,0.0,92.75,
ERCOT,92.5,10,77,13,0,122,0.0,0.75,0.5,92.75,
ERCOT,92.5,10,77,13,0,122,0.0,1.0,0.0,92.75,
ERCOT,92.5,10,77,13,0,122,0.0,1.0,0.5,92.75,
ERCOT,92.5,10,77,13,0,122,0.25,0.0,0.0,92.6,
ERCOT,92.5,10,77,13,0,122,0.25,0.0,0.5,92.6,
ERCOT,92.5,10,77,13,0,122,0.25,0.25,0.0,92.6,
ERCOT,92.5,10,77,13,0,122,0.25,0.25,0.5,92.6,
ERCOT,92.5,10,77,13,0,122,0.25,0.5,0.0,92.6,
ERCOT,92.5,10,77,13,0,122,0.25,0.5,0.5,92.6,
ERCOT,92.5,10,77,13,0,122,0.25,0.75,0.0,92.6,
ERCOT,92.5,10,77,13,0,122,0.25,0.75,0.5,92.6,
ERCOT,92.5,10,77,13,0,122,0.25,1.0,0.0,92.6,
ERCOT,92.5,10,77,13,0,122,0.25,1.0,0.5,92.6,
ERCOT,92.5,10,77,13,0,122,0.5,0.0,0.0,92.6,
ERCOT,92.5,10,77,13,0,122,0.5,0.0,0.5,92.6,
ERCOT,92.5,10,77,13,0,122,0.5,0.25,0.0,92.6,
ERCOT,92.5,10,77,13,0,122,0.5,0.25,0.5,92.6,
ERCOT,92.5,10,77,13,0,122,0.5,0.5,0.0,92.6,
ERCOT,92.5,10,77,13,0,122,0.5,0.5,0.5,92.6,
ERCOT,92.5,10,77,13,0,122,0.5,0.75,0.0,92.6,
ERCOT,92.5,10,77,13,0,122,0.5,0.75,0.5,92.6,
ERCOT,92.5,10,77,13,0,122,0.5,1.0,0.0,92.6,
ERCOT,92.5,10,77,13,0,122,0.5,1.0,0.5,92.6,
ERCOT,92.5,10,78,12,0,217,0.0,0.0,1.5,92.82,
ERCOT,92.5,10,78,12,0,177,0.0,0.0,2.0,92.58,
ERCOT,92.5,10,78,12,0,157,0.0,0.0,2.5,93.0,
ERCOT,92.5,10,78,12,0,137,0.0,0.25,0.0,93.22,
ERCOT,92.5,10,78,12,0,132,0.0,0.25,0.5,93.49,
ERCOT,92.5,10,78,12,0,127,0.0,0.25,1.0,93.43,
ERCOT,92.5,10,78,12,0,122,0.0,0.25,1.5,92.84,
ERCOT,92.5,10,78,12,0,122,0.0,0.25,2.0,93.36,
ERCOT,92.5,10,78,12,0,122,0.0,0.5,0.0,92.53,
ERCOT,92.5,10,78,12,0,122,0.0,0.5,0.5,92.53,
ERCOT,92.5,10,78,12,0,122,0.0,0.75,0.0,92.53,
ERCOT,92.5,10,78,12,0,122,0.0,0.75,0.5,92.53,
ERCOT,92.5,10,78,12,0,122,0.0,1.0,0.0,92.53,
ERCOT,92.5,10,78,12,0,122,0.0,1.0,0.5,92.53,
ERCOT,92.5,10,78,12,0,127,0.25,0.0,0.0,93.63,
ERCOT,92.5,10,78,12,0,127,0.25,0.0,0.5,93.63,
ERCOT,92.5,10,78,12,0,127,0.25,0.25,0.0,93.63,
ERCOT,92.5,10,78,12,0,127,0.25,0.25,0.5,93.63,
ERCOT,92.5,10,78,12,0,127,0.25,0.5,0.0,93.63,
ERCOT,92.5,10,78,12,0,127,0.25,0.5,0.5,93.63,
ERCOT,92.5,10,78,12,0,127,0.25,0.75,0.0,93.63,
ERCOT,92.5,10,78,12,0,127,0.25,0.75,0.5,93.63,
ERCOT,92.5,10,78,12,0,127,0.25,1.0,0.0,93.63,
ERCOT,92.5,10,78,12,0,127,0.25,1.0,0.5,93.63,
ERCOT,92.5,10,78,12,0,127,0.5,0.0,0.0,93.63,
ERCOT,92.5,10,78,12,0,127,0.5,0.0,0.5,93.63,
ERCOT,92.5,10,78,12,0,127,0.5,0.25,0.0,93.63,
ERCOT,92.5,10,78,12,0,127,0.5,0.25,0.5,93.63,
ERCOT,92.5,10,78,12,0,127,0.5,0.5,0.0,93.63,
ERCOT,92.5,10,78,12,0,127,0.5,0.5,0.5,93.63,
ERCOT,92.5,10,78,12,0,127,0.5,0.75,0.0,93.63,
ERCOT,92.5,10,78,12,0,127,0.5,0.75,0.5,93.63,
ERCOT,92.5,10,78,12,0,127,0.5,1.0,0.0,93.63,
ERCOT,92.5,10,78,12,0,127,0.5,1.0,0.5,93.63,
ERCOT,92.5,10,79,11,0,227,0.0,0.0,1.5,92.86,
ERCOT,92.5,10,79,11,0,187,0.0,0.0,2.0,93.02,
ERCOT,92.5,10,79,11,0,162,0.0,0.0,2.5,93.21,
ERCOT,92.5,10,79,11,0,137,0.0,0.25,0.0,92.66,
ERCOT,92.5,10,79,11,0,132,0.0,0.25,0.5,93.01,
ERCOT,92.5,10,79,11,0,127,0.0,0.25,1.0,92.99,
ERCOT,92.5,10,79,11,0,127,0.0,0.25,1.5,93.94,
ERCOT,92.5,10,79,11,0,127,0.0,0.5,0.0,93.49,
ERCOT,92.5,10,79,11,0,127,0.0,0.5,0.5,93.49,
ERCOT,92.5,10,79,11,0,127,0.0,0.75,0.0,93.49,
ERCOT,92.5,10,79,11,0,127,0.0,0.75,0.5,93.49,
ERCOT,92.5,10,79,11,0,127,0.0,1.0,0.0,93.49,
ERCOT,92.5,10,79,11,0,127,0.0,1.0,0.5,93.49,
ERCOT,92.5,10,79,11,0,127,0.25,0.0,0.0,93.38,
ERCOT,92.5,10,79,11,0,127,0.25,0.0,0.5,93.38,
ERCOT,92.5,10,79,11,0,127,0.25,0.25,0.0,93.38,
ERCOT,92.5,10,79,11,0,127,0.25,0.25,0.5,93.38,
ERCOT,92.5,10,79,11,0,127,0.25,0.5,0.0,93.38,
ERCOT,92.5,10,79,11,0,127,0.25,0.5,0.5,93.38,
ERCOT,92.5,10,79,11,0,127,0.25,0.75,0.0,93.38,
ERCOT,92.5,10,79,11,0,127,0.25,0.75,0.5,93.38,
ERCOT,92.5,10,79,11,0,127,0.25,1.0,0.0,93.38,
ERCOT,92.5,10,79,11,0,127,0.25,1.0,0.5,93.38,
ERCOT,92.5,10,79,11,0,127,0.5,0.0,0.0,93.38,
ERCOT,92.5,10,79,11,0,127,0.5,0.0,0.5,93.38,
ERCOT,92.5,10,79,11,0,127,0.5,0.25,0.0,93.38,
ERCOT,92.5,10,79,11,0,127,0.5,0.25,0.5,93.38,
ERCOT,92.5,10,79,11,0,127,0.5,0.5,0.0,93.38,
ERCOT,92.5,10,79,11,0,127,0.5,0.5,0.5,93.38,
ERCOT,92.5,10,79,11,0,127,0.5,0.75,0.0,93.38,
ERCOT,92.5,10,79,11,0,127,0.5,0.75,0.5,93.38,
ERCOT,92.5,10,79,11,0,127,0.5,1.0,0.0,93.38,
ERCOT,92.5,10,79,11,0,127,0.5,1.0,0.5,93.38,
ERCOT,92.5,10,81,9,0,247,0.0,0.0,1.5,92.55,
ERCOT,92.5,10,81,9,0,202,0.0,0.0,2.0,92.87,
ERCOT,92.5,10,81,9,0,167,0.0,0.0,2.5,92.53,
ERCOT,92.5,10,81,9,0,147,0.0,0.25,0.0,93.4,
ERCOT,92.5,10,81,9,0,137,0.0,0.25,0.5,93.15,
ERCOT,92.5,10,81,9,0,132,0.0,0.25,1.0,93.41,
ERCOT,92.5,10,81,9,0,127,0.0,0.25,1.5,93.17,
ERCOT,92.5,10,81,9,0,127,0.0,0.25,2.0,93.88,
ERCOT,92.5,10,81,9,0,127,0.0,0.5,0.0,93.02,
ERCOT,92.5,10,81,9,0,127,0.0,0.5,0.5,93.02,
ERCOT,92.5,10,81,9,0,127,0.0,0.75,0.0,93.02,
ERCOT,92.5,10,81,9,0,127,0.0,0.75,0.5,93.02,
ERCOT,92.5,10,81,9,0,127,0.0,1.0,0.0,93.02,
ERCOT,92.5,10,81,9,0,127,0.0,1.0,0.5,93.02,
ERCOT,92.5,10,81,9,0,127,0.25,0.0,0.0,92.87,
ERCOT,92.5,10,81,9,0,127,0.25,0.0,0.5,92.87,
ERCOT,92.5,10,81,9,0,127,0.25,0.25,0.0,92.87,
ERCOT,92.5,10,81,9,0,127,0.25,0.25,0.5,92.87,
ERCOT,92.5,10,81,9,0,127,0.25,0.5,0.0,92.87,
ERCOT,92.5,10,81,9,0,127,0.25,0.5,0.5,92.87,
ERCOT,92.5,10,81,9,0,127,0.25,0.75,0.0,92.87,
ERCOT,92.5,10,81,9,0,127,0.25,0.75,0.5,92.87,
ERCOT,92.5,10,81,9,0,127,0.25,1.0,0.0,92.87,
ERCOT,92.5,10,81,9,0,127,0.25,1.0,0.5,92.87,
ERCOT,92.5,10,81,9,0,127,0.5,0.0,0.0,92.87,
ERCOT,92.5,10,81,9,0,127,0.5,0.0,0.5,92.87,
ERCOT,92.5,10,81,9,0,127,0.5,0.25,0.0,92.87,
ERCOT,92.5,10,81,9,0,127,0.5,0.25,0.5,92.87,
ERCOT,92.5,10,81,9,0,127,0.5,0.5,0.0,92.87,
ERCOT,92.5,10,81,9,0,127,0.5,0.5,0.5,92.87,
ERCOT,92.5,10,81,9,0,127,0.5,0.75,0.0,92.87,
ERCOT,92.5,10,81,9,0,127,0.5,0.75,0.5,92.87,
ERCOT,92.5,10,81,9,0,127,0.5,1.0,0.0,92.87,
ERCOT,92.5,10,81,9,0,127,0.5,1.0,0.5,92.87,
ERCOT,92.5,10,82,8,0,212,0.0,0.0,2.0,92.91,
ERCOT,92.5,10,82,8,0,177,0.0,0.0,2.5,93.21,
ERCOT,92.5,10,82,8,0,147,0.0,0.25,0.0,92.74,
ERCOT,92.5,10,82,8,0,137,0.0,0.25,0.5,92.58,
ERCOT,92.5,10,82,8,0,132,0.0,0.25,1.0,92.9,
ERCOT,92.5,10,82,8,0,127,0.0,0.25,1.5,92.73,
ERCOT,92.5,10,82,8,0,127,0.0,0.25,2.0,93.53,
ERCOT,92.5,10,82,8,0,127,0.0,0.5,0.0,92.77,
ERCOT,92.5,10,82,8,0,127,0.0,0.5,0.5,92.77,
ERCOT,92.5,10,82,8,0,127,0.0,0.75,0.0,92.77,
ERCOT,92.5,10,82,8,0,127,0.0,0.75,0.5,92.77,
ERCOT,92.5,10,82,8,0,127,0.0,1.0,0.0,92.77,
ERCOT,92.5,10,82,8,0,127,0.0,1.0,0.5,92.77,
ERCOT,92.5,10,82,8,0,127,0.25,0.0,0.0,92.61,
ERCOT,92.5,10,82,8,0,127,0.25,0.0,0.5,92.61,
ERCOT,92.5,10,82,8,0,127,0.25,0.25,0.0,92.61,
ERCOT,92.5,10,82,8,0,127,0.25,0.25,0.5,92.61,
ERCOT,92.5,10,82,8,0,127,0.25,0.5,0.0,92.61,
ERCOT,92.5,10,82,8,0,127,0.25,0.5,0.5,92.61,
ERCOT,92.5,10,82,8,0,127,0.25,0.75,0.0,92.61,
ERCOT,92.5,10,82,8,0,127,0.25,0.75,0.5,92.61,
ERCOT,92.5,10,82,8,0,127,0.25,1.0,0.0,92.61,
ERCOT,92.5,10,82,8,0,127,0.25,1.0,0.5,92.61,
ERCOT,92.5,10,82,8,0,127,0.5,0.0,0.0,92.61,
ERCOT,92.5,10,82,8,0,127,0.5,0.0,0.5,92.61,
ERCOT,92.5,10,82,8,0,127,0.5,0.25,0.0,92.61,
ERCOT,92.5,10,82,8,0,127,0.5,0.25,0.5,92.61,
ERCOT,92.5,10,82,8,0,127,0.5,0.5,0.0,92.61,
ERCOT,92.5,10,82,8,0,127,0.5,0.5,0.5,92.61,
ERCOT,92.5,10,82,8,0,127,0.5,0.75,0.0,92.61,
ERCOT,92.5,10,82,8,0,127,0.5,0.75,0.5,92.61,
ERCOT,92.5,10,82,8,0,127,0.5,1.0,0.0,92.61,
ERCOT,92.5,10,82,8,0,127,0.5,1.0,0.5,92.61,
ERCOT,92.5,10,83,7,0,222,0.0,0.0,2.0,92.82,
ERCOT,92.5,10,83,7,0,182,0.0,0.0,2.5,93.03,
ERCOT,92.5,10,83,7,0,152,0.0,0.25,0.0,92.84,
ERCOT,92.5,10,83,7,0,142,0.0,0.25,0.5,93.13,
ERCOT,92.5,10,83,7,0,137,0.0,0.25,1.0,93.65,
ERCOT,92.5,10,83,7,0,132,0.0,0.25,1.5,93.65,
ERCOT,92.5,10,83,7,0,127,0.0,0.25,2.0,93.16,
ERCOT,92.5,10,83,7,0,127,0.0,0.25,2.5,93.7,
ERCOT,92.5,10,83,7,0,127,0.0,0.5,0.0,92.51,
ERCOT,92.5,10,83,7,0,127,0.0,0.5,0.5,92.51,
ERCOT,92.5,10,83,7,0,127,0.0,0.75,0.0,92.51,
ERCOT,92.5,10,83,7,0,127,0.0,0.75,0.5,92.51,
ERCOT,92.5,10,83,7,0,127,0.0,1.0,0.0,92.51,
ERCOT,92.5,10,83,7,0,127,0.0,1.0,0.5,92.51,
ERCOT,92.5,10,83,7,0,132,0.25,0.0,0.0,93.38,
ERCOT,92.5,10,83,7,0,132,0.25,0.0,0.5,93.39,
ERCOT,92.5,10,83,7,0,132,0.25,0.25,0.0,93.38,
ERCOT,92.5,10,83,7,0,132,0.25,0.25,0.5,93.38,
ERCOT,92.5,10,83,7,0,132,0.25,0.5,0.0,93.38,
ERCOT,92.5,10,83,7,0,132,0.25,0.5,0.5,93.38,
ERCOT,92.5,10,83,7,0,132,0.25,0.75,0.0,93.38,
ERCOT,92.5,10,83,7,0,132,0.25,0.75,0.5,93.38,
ERCOT,92.5,10,83,7,0,132,0.25,1.0,0.0,93.38,
ERCOT,92.5,10,83,7,0,132,0.25,1.0,0.5,93.38,
ERCOT,92.5,10,83,7,0,132,0.5,0.0,0.0,93.38,
ERCOT,92.5,10,83,7,0,132,0.5,0.0,0.5,93.38,
ERCOT,92.5,10,83,7,0,132,0.5,0.25,0.0,93.38,
ERCOT,92.5,10,83,7,0,132,0.5,0.25,0.5,93.38,
ERCOT,92.5,10,83,7,0,132,0.5,0.5,0.0,93.38,
ERCOT,92.5,10,83,7,0,132,0.5,0.5,0.5,93.38,
ERCOT,92.5,10,83,7,0,132,0.5,0.75,0.0,93.38,
ERCOT,92.5,10,83,7,0,132,0.5,0.75,0.5,93.38,
ERCOT,92.5,10,83,7,0,132,0.5,1.0,0.0,93.38,
ERCOT,92.5,10,83,7,0,132,0.5,1.0,0.5,93.38,
ERCOT,92.5,10,84,6,0,232,0.0,0.0,2.0,92.61,
ERCOT,92.5,10,84,6,0,187,0.0,0.0,2.5,92.74,
ERCOT,92.5,10,84,6,0,157,0.0,0.25,0.0,92.79,
ERCOT,92.5,10,84,6,0,147,0.0,0.25,0.5,93.56,
ERCOT,92.5,10,84,6,0,137,0.0,0.25,1.0,93.09,
ERCOT,92.5,10,84,6,0,132,0.0,0.25,1.5,93.21,
ERCOT,92.5,10,84,6,0,127,0.0,0.25,2.0,92.77,
ERCOT,92.5,10,84,6,0,127,0.0,0.25,2.5,93.35,
ERCOT,92.5,10,84,6,0,132,0.0,0.5,0.0,93.22,
ERCOT,92.5,10,84,6,0,132,0.0,0.5,0.5,93.22,
ERCOT,92.5,10,84,6,0,132,0.0,0.75,0.0,93.22,
ERCOT,92.5,10,84,6,0,132,0.0,0.75,0.5,93.22,
ERCOT,92.5,10,84,6,0,132,0.0,1.0,0.0,93.22,
ERCOT,92.5,10,84,6,0,132,0.0,1.0,0.5,93.22,
ERCOT,92.5,10,84,6,0,132,0.25,0.0,0.0,93.11,
ERCOT,92.5,10,84,6,0,132,0.25,0.0,0.5,93.13,
ERCOT,92.5,10,84,6,0,132,0.25,0.25,0.0,93.11,
ERCOT,92.5,10,84,6,0,132,0.25,0.25,0.5,93.11,
ERCOT,92.5,10,84,6,0,132,0.25,0.5,0.0,93.11,
ERCOT,92.5,10,84,6,0,132,0.25,0.5,0.5,93.11,
ERCOT,92.5,10,84,6,0,132,0.25,0.75,0.0,93.11,
ERCOT,92.5,10,84,6,0,132,0.25,0.75,0.5,93.11,
ERCOT,92.5,10,84,6,0,132,0.25,1.0,0.0,93.11,
ERCOT,92.5,10,84,6,0,132,0.25,1.0,0.5,93.11,
ERCOT,92.5,10,84,6,0,132,0.5,0.0,0.0,93.11,
ERCOT,92.5,10,84,6,0,132,0.5,0.0,0.5,93.11,
ERCOT,92.5,10,84,6,0,132,0.5,0.25,0.0,93.11,
ERCOT,92.5,10,84,6,0,132,0.5,0.25,0.5,93.11,
ERCOT,92.5,10,84,6,0,132,0.5,0.5,0.0,93.11,
ERCOT,92.5,10,84,6,0,132,0.5,0.5,0.5,93.11,
ERCOT,92.5,10,84,6,0,132,0.5,0.75,0.0,93.11,
ERCOT,92.5,10,84,6,0,132,0.5,0.75,0.5,93.11,
ERCOT,92.5,10,84,6,0,132,0.5,1.0,0.0,93.11,
ERCOT,92.5,10,84,6,0,132,0.5,1.0,0.5,93.11,
ERCOT,92.5,11,76,13,0,242,0.0,0.0,1.0,92.69,
ERCOT,92.5,11,76,13,0,202,0.0,0.0,1.5,92.96,
ERCOT,92.5,11,76,13,0,167,0.0,0.0,2.0,92.72,
ERCOT,92.5,11,76,13,0,152,0.0,0.0,2.5,93.24,
ERCOT,92.5,11,76,13,0,132,0.0,0.25,0.0,93.12,
ERCOT,92.5,11,76,13,0,127,0.0,0.25,0.5,93.14,
ERCOT,92.5,11,76,13,0,122,0.0,0.25,1.0,92.78,
ERCOT,92.5,11,76,13,0,122,0.0,0.25,1.5,93.52,
ERCOT,92.5,11,76,13,0,122,0.0,0.5,0.0,92.96,
ERCOT,92.5,11,76,13,0,122,0.0,0.5,0.5,92.96,
ERCOT,92.5,11,76,13,0,122,0.0,0.75,0.0,92.96,
ERCOT,92.5,11,76,13,0,122,0.0,0.75,0.5,92.96,
ERCOT,92.5,11,76,13,0,122,0.0,1.0,0.0,92.96,
ERCOT,92.5,11,76,13,0,122,0.0,1.0,0.5,92.96,
ERCOT,92.5,11,76,13,0,122,0.25,0.0,0.0,92.81,
ERCOT,92.5,11,76,13,0,122,0.25,0.0,0.5,92.81,
ERCOT,92.5,11,76,13,0,122,0.25,0.25,0.0,92.81,
ERCOT,92.5,11,76,13,0,122,0.25,0.25,0.5,92.81,
ERCOT,92.5,11,76,13,0,122,0.25,0.5,0.0,92.81,
ERCOT,92.5,11,76,13,0,122,0.25,0.5,0.5,92.81,
ERCOT,92.5,11,76,13,0,122,0.25,0.75,0.0,92.81,
ERCOT,92.5,11,76,13,0,122,0.25,0.75,0.5,92.81,
ERCOT,92.5,11,76,13,0,122,0.25,1.0,0.0,92.81,
ERCOT,92.5,11,76,13,0,122,0.25,1.0,0.5,92.81,
ERCOT,92.5,11,76,13,0,122,0.5,0.0,0.0,92.81,
ERCOT,92.5,11,76,13,0,122,0.5,0.0,0.5,92.81,
ERCOT,92.5,11,76,13,0,122,0.5,0.25,0.0,92.81,
ERCOT,92.5,11,76,13,0,122,0.5,0.25,0.5,92.81,
ERCOT,92.5,11,76,13,0,122,0.5,0.5,0.0,92.81,
ERCOT,92.5,11,76,13,0,122,0.5,0.5,0.5,92.81,
ERCOT,92.5,11,76,13,0,122,0.5,0.75,0.0,92.81,
ERCOT,92.5,11,76,13,0,122,0.5,0.75,0.5,92.81,
ERCOT,92.5,11,76,13,0,122,0.5,1.0,0.0,92.81,
ERCOT,92.5,11,76,13,0,122,0.5,1.0,0.5,92.81,
ERCOT,92.5,11,77,12,0,207,0.0,0.0,1.5,92.54,
ERCOT,92.5,11,77,12,0,172,0.0,0.0,2.0,92.64,
ERCOT,92.5,11,77,12,0,152,0.0,0.0,2.5,92.59,
ERCOT,92.5,11,77,12,0,132,0.0,0.25,0.0,92.59,
ERCOT,92.5,11,77,12,0,127,0.0,0.25,0.5,92.67,
ERCOT,92.5,11,77,12,0,127,0.0,0.25,1.0,93.82,
ERCOT,92.5,11,77,12,0,122,0.0,0.5,0.0,92.74,
ERCOT,92.5,11,77,12,0,122,0.0,0.5,0.5,92.74,
ERCOT,92.5,11,77,12,0,122,0.0,0.75,0.0,92.74,
ERCOT,92.5,11,77,12,0,122,0.0,0.75,0.5,92.74,
ERCOT,92.5,11,77,12,0,122,0.0,1.0,0.0,92.74,
ERCOT,92.5,11,77,12,0,122,0.0,1.0,0.5,92.74,
ERCOT,92.5,11,77,12,0,122,0.25,0.0,0.0,92.57,
ERCOT,92.5,11,77,12,0,122,0.25,0.0,0.5,92.57,
ERCOT,92.5,11,77,12,0,122,0.25,0.25,0.0,92.57,
ERCOT,92.5,11,77,12,0,122,0.25,0.25,0.5,92.57,
ERCOT,92.5,11,77,12,0,122,0.25,0.5,0.0,92.57,
ERCOT,92.5,11,77,12,0,122,0.25,0.5,0.5,92.57,
ERCOT,92.5,11,77,12,0,122,0.25,0.75,0.0,92.57,
ERCOT,92.5,11,77,12,0,122,0.25,0.75,0.5,92.57,
ERCOT,92.5,11,77,12,0,122,0.25,1.0,0.0,92.57,
ERCOT,92.5,11,77,12,0,122,0.25,1.0,0.5,92.57,
ERCOT,92.5,11,77,12,0,122,0.5,0.0,0.0,92.57,
ERCOT,92.5,11,77,12,0,122,0.5,0.0,0.5,92.57,
ERCOT,92.5,11,77,12,0,122,0.5,0.25,0.0,92.57,
ERCOT,92.5,11,77,12,0,122,0.5,0.25,0.5,92.57,
ERCOT,92.5,11,77,12,0,122,0.5,0.5,0.0,92.57,
ERCOT,92.5,11,77,12,0,122,0.5,0.5,0.5,92.57,
ERCOT,92.5,11,77,12,0,122,0.5,0.75,0.0,92.57,
ERCOT,92.5,11,77,12,0,122,0.5,0.75,0.5,92.57,
ERCOT,92.5,11,77,12,0,122,0.5,1.0,0.0,92.57,
ERCOT,92.5,11,77,12,0,122,0.5,1.0,0.5,92.57,
ERCOT,92.5,11,78,11,0,217,0.0,0.0,1.5,92.7,
ERCOT,92.5,11,78,11,0,182,0.0,0.0,2.0,93.19,
ERCOT,92.5,11,78,11,0,157,0.0,0.0,2.5,92.93,
ERCOT,92.5,11,78,11,0,137,0.0,0.25,0.0,93.18,
ERCOT,92.5,11,78,11,0,132,0.0,0.25,0.5,93.45,
ERCOT,92.5,11,78,11,0,127,0.0,0.25,1.0,93.39,
ERCOT,92.5,11,78,11,0,122,0.0,0.25,1.5,92.8,
ERCOT,92.5,11,78,11,0,122,0.0,0.25,2.0,93.31,
ERCOT,92.5,11,78,11,0,122,0.0,0.5,0.0,92.5,
ERCOT,92.5,11,78,11,0,122,0.0,0.5,0.5,92.5,
ERCOT,92.5,11,78,11,0,122,0.0,0.75,0.0,92.5,
ERCOT,92.5,11,78,11,0,122,0.0,0.75,0.5,92.5,
ERCOT,92.5,11,78,11,0,122,0.0,1.0,0.0,92.5,
ERCOT,92.5,11,78,11,0,122,0.0,1.0,0.5,92.5,
ERCOT,92.5,11,78,11,0,127,0.25,0.0,0.0,93.6,
ERCOT,92.5,11,78,11,0,127,0.25,0.0,0.5,93.6,
ERCOT,92.5,11,78,11,0,127,0.25,0.25,0.0,93.6,
ERCOT,92.5,11,78,11,0,127,0.25,0.25,0.5,93.6,
ERCOT,92.5,11,78,11,0,127,0.25,0.5,0.0,93.6,
ERCOT,92.5,11,78,11,0,127,0.25,0.5,0.5,93.6,
ERCOT,92.5,11,78,11,0,127,0.25,0.75,0.0,93.6,
ERCOT,92.5,11,78,11,0,127,0.25,0.75,0.5,93.6,
ERCOT,92.5,11,78,11,0,127,0.25,1.0,0.0,93.6,
ERCOT,92.5,11,78,11,0,127,0.25,1.0,0.5,93.6,
ERCOT,92.5,11,78,11,0,127,0.5,0.0,0.0,93.6,
ERCOT,92.5,11,78,11,0,127,0.5,0.0,0.5,93.6,
ERCOT,92.5,11,78,11,0,127,0.5,0.25,0.0,93.6,
ERCOT,92.5,11,78,11,0,127,0.5,0.25,0.5,93.6,
ERCOT,92.5,11,78,11,0,127,0.5,0.5,0.0,93.6,
ERCOT,92.5,11,78,11,0,127,0.5,0.5,0.5,93.6,
ERCOT,92.5,11,78,11,0,127,0.5,0.75,0.0,93.6,
ERCOT,92.5,11,78,11,0,127,0.5,0.75,0.5,93.6,
ERCOT,92.5,11,78,11,0,127,0.5,1.0,0.0,93.6,
ERCOT,92.5,11,78,11,0,127,0.5,1.0,0.5,93.6,
ERCOT,92.5,11,79,10,0,227,0.0,0.0,1.5,92.72,
ERCOT,92.5,11,79,10,0,187,0.0,0.0,2.0,92.92,
ERCOT,92.5,11,79,10,0,162,0.0,0.0,2.5,93.13,
ERCOT,92.5,11,79,10,0,137,0.0,0.25,0.0,92.6,
ERCOT,92.5,11,79,10,0,132,0.0,0.25,0.5,92.97,
ERCOT,92.5,11,79,10,0,127,0.0,0.25,1.0,92.95,
ERCOT,92.5,11,79,10,0,127,0.0,0.25,1.5,93.91,
ERCOT,92.5,11,79,10,0,127,0.0,0.5,0.0,93.47,
ERCOT,92.5,11,79,10,0,127,0.0,0.5,0.5,93.47,
ERCOT,92.5,11,79,10,0,127,0.0,0.75,0.0,93.47,
ERCOT,92.5,11,79,10,0,127,0.0,0.75,0.5,93.47,
ERCOT,92.5,11,79,10,0,127,0.0,1.0,0.0,93.47,
ERCOT,92.5,11,79,10,0,127,0.0,1.0,0.5,93.47,
ERCOT,92.5,11,79,10,0,127,0.25,0.0,0.0,93.35,
ERCOT,92.5,11,79,10,0,127,0.25,0.0,0.5,93.35,
ERCOT,92.5,11,79,10,0,127,0.25,0.25,0.0,93.35,
ERCOT,92.5,11,79,10,0,127,0.25,0.25,0.5,93.35,
ERCOT,92.5,11,79,10,0,127,0.25,0.5,0.0,93.35,
ERCOT,92.5,11,79,10,0,127,0.25,0.5,0.5,93.35,
ERCOT,92.5,11,79,10,0,127,0.25,0.75,0.0,93.35,
ERCOT,92.5,11,79,10,0,127,0.25,0.75,0.5,93.35,
ERCOT,92.5,11,79,10,0,127,0.25,1.0,0.0,93.35,
ERCOT,92.5,11,79,10,0,127,0.25,1.0,0.5,93.35,
ERCOT,92.5,11,79,10,0,127,0.5,0.0,0.0,93.35,
ERCOT,92.5,11,79,10,0,127,0.5,0.0,0.5,93.35,
ERCOT,92.5,11,79,10,0,127,0.5,0.25,0.0,93.35,
ERCOT,92.5,11,79,10,0,127,0.5,0.25,0.5,93.35,
ERCOT,92.5,11,79,10,0,127,0.5,0.5,0.0,93.35,
ERCOT,92.5,11,79,10,0,127,0.5,0.5,0.5,93.35,
ERCOT,92.5,11,79,10,0,127,0.5,0.75,0.0,93.35,
ERCOT,92.5,11,79,10,0,127,0.5,0.75,0.5,93.35,
ERCOT,92.5,11,79,10,0,127,0.5,1.0,0.0,93.35,
ERCOT,92.5,11,79,10,0,127,0.5,1.0,0.5,93.35,
ERCOT,92.5,11,80,9,0,237,0.0,0.0,1.5,92.63,
ERCOT,92.5,11,80,9,0,192,0.0,0.0,2.0,92.58,
ERCOT,92.5,11,80,9,0,167,0.0,0.0,2.5,93.23,
ERCOT,92.5,11,80,9,0,142,0.0,0.25,0.0,93.04,
ERCOT,92.5,11,80,9,0,137,0.0,0.25,0.5,93.63,
ERCOT,92.5,11,80,9,0,132,0.0,0.25,1.0,93.85,
ERCOT,92.5,11,80,9,0,127,0.0,0.25,1.5,93.53,
ERCOT,92.5,11,80,9,0,122,0.0,0.25,2.0,92.57,
ERCOT,92.5,11,80,9,0,122,0.0,0.25,2.5,92.79,
ERCOT,92.5,11,80,9,0,127,0.0,0.5,0.0,93.24,
ERCOT,92.5,11,80,9,0,127,0.0,0.5,0.5,93.24,
ERCOT,92.5,11,80,9,0,127,0.0,0.75,0.0,93.24,
ERCOT,92.5,11,80,9,0,127,0.0,0.75,0.5,93.24,
ERCOT,92.5,11,80,9,0,127,0.0,1.0,0.0,93.24,
ERCOT,92.5,11,80,9,0,127,0.0,1.0,0.5,93.24,
ERCOT,92.5,11,80,9,0,127,0.25,0.0,0.0,93.1,
ERCOT,92.5,11,80,9,0,127,0.25,0.0,0.5,93.1,
ERCOT,92.5,11,80,9,0,127,0.25,0.25,0.0,93.1,
ERCOT,92.5,11,80,9,0,127,0.25,0.25,0.5,93.1,
ERCOT,92.5,11,80,9,0,127,0.25,0.5,0.0,93.1,
ERCOT,92.5,11,80,9,0,127,0.25,0.5,0.5,93.1,
ERCOT,92.5,11,80,9,0,127,0.25,0.75,0.0,93.1,
ERCOT,92.5,11,80,9,0,127,0.25,0.75,0.5,93.1,
ERCOT,92.5,11,80,9,0,127,0.25,1.0,0.0,93.1,
ERCOT,92.5,11,80,9,0,127,0.25,1.0,0.5,93.1,
ERCOT,92.5,11,80,9,0,127,0.5,0.0,0.0,93.1,
ERCOT,92.5,11,80,9,0,127,0.5,0.0,0.5,93.1,
ERCOT,92.5,11,80,9,0,127,0.5,0.25,0.0,93.1,
ERCOT,92.5,11,80,9,0,127,0.5,0.25,0.5,93.1,
ERCOT,92.5,11,80,9,0,127,0.5,0.5,0.0,93.1,
ERCOT,92.5,11,80,9,0,127,0.5,0.5,0.5,93.1,
ERCOT,92.5,11,80,9,0,127,0.5,0.75,0.0,93.1,
ERCOT,92.5,11,80,9,0,127,0.5,0.75,0.5,93.1,
ERCOT,92.5,11,80,9,0,127,0.5,1.0,0.0,93.1,
ERCOT,92.5,11,80,9,0,127,0.5,1.0,0.5,93.1,
ERCOT,92.5,11,81,8,0,250,0.0,0.0,1.5,92.72,
ERCOT,92.5,11,81,8,0,202,0.0,0.0,2.0,92.76,
ERCOT,92.5,11,81,8,0,172,0.0,0.0,2.5,93.23,
ERCOT,92.5,11,81,8,0,147,0.0,0.25,0.0,93.35,
ERCOT,92.5,11,81,8,0,137,0.0,0.25,0.5,93.09,
ERCOT,92.5,11,81,8,0,132,0.0,0.25,1.0,93.37,
ERCOT,92.5,11,81,8,0,127,0.0,0.25,1.5,93.12,
ERCOT,92.5,11,81,8,0,127,0.0,0.25,2.0,93.84,
ERCOT,92.5,11,81,8,0,127,0.0,0.5,0.0,93.0,
ERCOT,92.5,11,81,8,0,127,0.0,0.5,0.5,93.0,
ERCOT,92.5,11,81,8,0,127,0.0,0.75,0.0,93.0,
ERCOT,92.5,11,81,8,0,127,0.0,0.75,0.5,93.0,
ERCOT,92.5,11,81,8,0,127,0.0,1.0,0.0,93.0,
ERCOT,92.5,11,81,8,0,127,0.0,1.0,0.5,93.0,
ERCOT,92.5,11,81,8,0,127,0.25,0.0,0.0,92.84,
ERCOT,92.5,11,81,8,0,127,0.25,0.0,0.5,92.84,
ERCOT,92.5,11,81,8,0,127,0.25,0.25,0.0,92.84,
ERCOT,92.5,11,81,8,0,127,0.25,0.25,0.5,92.84,
ERCOT,92.5,11,81,8,0,127,0.25,0.5,0.0,92.84,
ERCOT,92.5,11,81,8,0,127,0.25,0.5,0.5,92.84,
ERCOT,92.5,11,81,8,0,127,0.25,0.75,0.0,92.84,
ERCOT,92.5,11,81,8,0,127,0.25,0.75,0.5,92.84,
ERCOT,92.5,11,81,8,0,127,0.25,1.0,0.0,92.84,
ERCOT,92.5,11,81,8,0,127,0.25,1.0,0.5,92.84,
ERCOT,92.5,11,81,8,0,127,0.5,0.0,0.0,92.84,
ERCOT,92.5,11,81,8,0,127,0.5,0.0,0.5,92.84,
ERCOT,92.5,11,81,8,0,127,0.5,0.25,0.0,92.84,
ERCOT,92.5,11,81,8,0,127,0.5,0.25,0.5,92.84,
ERCOT,92.5,11,81,8,0,127,0.5,0.5,0.0,92.84,
ERCOT,92.5,11,81,8,0,127,0.5,0.5,0.5,92.84,
ERCOT,92.5,11,81,8,0,127,0.5,0.75,0.0,92.84,
ERCOT,92.5,11,81,8,0,127,0.5,0.75,0.5,92.84,
ERCOT,92.5,11,81,8,0,127,0.5,1.0,0.0,92.84,
ERCOT,92.5,11,81,8,0,127,0.5,1.0,0.5,92.84,
ERCOT,92.5,11,82,7,0,212,0.0,0.0,2.0,92.79,
ERCOT,92.5,11,82,7,0,177,0.0,0.0,2.5,93.13,
ERCOT,92.5,11,82,7,0,147,0.0,0.25,0.0,92.67,
ERCOT,92.5,11,82,7,0,137,0.0,0.25,0.5,92.52,
ERCOT,92.5,11,82,7,0,132,0.0,0.25,1.0,92.84,
ERCOT,92.5,11,82,7,0,127,0.0,0.25,1.5,92.69,
ERCOT,92.5,11,82,7,0,127,0.0,0.25,2.0,93.49,
ERCOT,92.5,11,82,7,0,127,0.0,0.5,0.0,92.74,
ERCOT,92.5,11,82,7,0,127,0.0,0.5,0.5,92.74,
ERCOT,92.5,11,82,7,0,127,0.0,0.75,0.0,92.74,
ERCOT,92.5,11,82,7,0,127,0.0,0.75,0.5,92.74,
ERCOT,92.5,11,82,7,0,127,0.0,1.0,0.0,92.74,
ERCOT,92.5,11,82,7,0,127,0.0,1.0,0.5,92.74,
ERCOT,92.5,11,82,7,0,127,0.25,0.0,0.0,92.57,
ERCOT,92.5,11,82,7,0,127,0.25,0.0,0.5,92.57,
ERCOT,92.5,11,82,7,0,127,0.25,0.25,0.0,92.57,
ERCOT,92.5,11,82,7,0,127,0.25,0.25,0.5,92.57,
ERCOT,92.5,11,82,7,0,127,0.25,0.5,0.0,92.57,
ERCOT,92.5,11,82,7,0,127,0.25,0.5,0.5,92.57,
ERCOT,92.5,11,82,7,0,127,0.25,0.75,0.0,92.57,
ERCOT,92.5,11,82,7,0,127,0.25,0.75,0.5,92.57,
ERCOT,92.5,11,82,7,0,127,0.25,1.0,0.0,92.57,
ERCOT,92.5,11,82,7,0,127,0.25,1.0,0.5,92.57,
ERCOT,92.5,11,82,7,0,127,0.5,0.0,0.0,92.57,
ERCOT,92.5,11,82,7,0,127,0.5,0.0,0.5,92.57,
ERCOT,92.5,11,82,7,0,127,0.5,0.25,0.0,92.57,
ERCOT,92.5,11,82,7,0,127,0.5,0.25,0.5,92.57,
ERCOT,92.5,11,82,7,0,127,0.5,0.5,0.0,92.57,
ERCOT,92.5,11,82,7,0,127,0.5,0.5,0.5,92.57,
ERCOT,92.5,11,82,7,0,127,0.5,0.75,0.0,92.57,
ERCOT,92.5,11,82,7,0,127,0.5,0.75,0.5,92.57,
ERCOT,92.5,11,82,7,0,127,0.5,1.0,0.0,92.57,
ERCOT,92.5,11,82,7,0,127,0.5,1.0,0.5,92.57,
ERCOT,92.5,11,83,6,0,222,0.0,0.0,2.0,92.7,
ERCOT,92.5,11,83,6,0,182,0.0,0.0,2.5,92.93,
ERCOT,92.5,11,83,6,0,152,0.0,0.25,0.0,92.77,
ERCOT,92.5,11,83,6,0,142,0.0,0.25,0.5,93.07,
ERCOT,92.5,11,83,6,0,137,0.0,0.25,1.0,93.59,
ERCOT,92.5,11,83,6,0,132,0.0,0.25,1.5,93.61,
ERCOT,92.5,11,83,6,0,127,0.0,0.25,2.0,93.12,
ERCOT,92.5,11,83,6,0,127,0.0,0.25,2.5,93.66,
ERCOT,92.5,11,83,6,0,132,0.0,0.5,0.0,93.44,
ERCOT,92.5,11,83,6,0,132,0.0,0.5,0.5,93.44,
ERCOT,92.5,11,83,6,0,132,0.0,0.75,0.0,93.44,
ERCOT,92.5,11,83,6,0,132,0.0,0.75,0.5,93.44,
ERCOT,92.5,11,83,6,0,132,0.0,1.0,0.0,93.44,
ERCOT,92.5,11,83,6,0,132,0.0,1.0,0.5,93.44,
ERCOT,92.5,11,83,6,0,132,0.25,0.0,0.0,93.34,
ERCOT,92.5,11,83,6,0,132,0.25,0.0,0.5,93.35,
ERCOT,92.5,11,83,6,0,132,0.25,0.25,0.0,93.34,
ERCOT,92.5,11,83,6,0,132,0.25,0.25,0.5,93.34,
ERCOT,92.5,11,83,6,0,132,0.25,0.5,0.0,93.34,
ERCOT,92.5,11,83,6,0,132,0.25,0.5,0.5,93.34,
ERCOT,92.5,11,83,6,0,132,0.25,0.75,0.0,93.34,
ERCOT,92.5,11,83,6,0,132,0.25,0.75,0.5,93.34,
ERCOT,92.5,11,83,6,0,132,0.25,1.0,0.0,93.34,
ERCOT,92.5,11,83,6,0,132,0.25,1.0,0.5,93.34,
ERCOT,92.5,11,83,6,0,132,0.5,0.0,0.0,93.34,
ERCOT,92.5,11,83,6,0,132,0.5,0.0,0.5,93.34,
ERCOT,92.5,11,83,6,0,132,0.5,0.25,0.0,93.34,
ERCOT,92.5,11,83,6,0,132,0.5,0.25,0.5,93.34,
ERCOT,92.5,11,83,6,0,132,0.5,0.5,0.0,93.34,
ERCOT,92.5,11,83,6,0,132,0.5,0.5,0.5,93.34,
ERCOT,92.5,11,83,6,0,132,0.5,0.75,0.0,93.34,
ERCOT,92.5,11,83,6,0,132,0.5,0.75,0.5,93.34,
ERCOT,92.5,11,83,6,0,132,0.5,1.0,0.0,93.34,
ERCOT,92.5,11,83,6,0,132,0.5,1.0,0.5,93.34,
ERCOT,92.5,12,76,12,0,242,0.0,0.0,1.0,92.55,
ERCOT,92.5,12,76,12,0,202,0.0,0.0,1.5,92.85,
ERCOT,92.5,12,76,12,0,167,0.0,0.0,2.0,92.63,
ERCOT,92.5,12,76,12,0,152,0.0,0.0,2.5,93.17,
ERCOT,92.5,12,76,12,0,132,0.0,0.25,0.0,93.08,
ERCOT,92.5,12,76,12,0,127,0.0,0.25,0.5,93.1,
ERCOT,92.5,12,76,12,0,122,0.0,0.25,1.0,92.74,
ERCOT,92.5,12,76,12,0,122,0.0,0.25,1.5,93.49,
ERCOT,92.5,12,76,12,0,122,0.0,0.5,0.0,92.95,
ERCOT,92.5,12,76,12,0,122,0.0,0.5,0.5,92.95,
ERCOT,92.5,12,76,12,0,122,0.0,0.75,0.0,92.95,
ERCOT,92.5,12,76,12,0,122,0.0,0.75,0.5,92.95,
ERCOT,92.5,12,76,12,0,122,0.0,1.0,0.0,92.95,
ERCOT,92.5,12,76,12,0,122,0.0,1.0,0.5,92.95,
ERCOT,92.5,12,76,12,0,122,0.25,0.0,0.0,92.79,
ERCOT,92.5,12,76,12,0,122,0.25,0.0,0.5,92.79,
ERCOT,92.5,12,76,12,0,122,0.25,0.25,0.0,92.79,
ERCOT,92.5,12,76,12,0,122,0.25,0.25,0.5,92.79,
ERCOT,92.5,12,76,12,0,122,0.25,0.5,0.0,92.79,
ERCOT,92.5,12,76,12,0,122,0.25,0.5,0.5,92.79,
ERCOT,92.5,12,76,12,0,122,0.25,0.75,0.0,92.79,
ERCOT,92.5,12,76,12,0,122,0.25,0.75,0.5,92.79,
ERCOT,92.5,12,76,12,0,122,0.25,1.0,0.0,92.79,
ERCOT,92.5,12,76,12,0,122,0.25,1.0,0.5,92.79,
ERCOT,92.5,12,76,12,0,122,0.5,0.0,0.0,92.79,
ERCOT,92.5,12,76,12,0,122,0.5,0.0,0.5,92.79,
ERCOT,92.5,12,76,12,0,122,0.5,0.25,0.0,92.79,
ERCOT,92.5,12,76,12,0,122,0.5,0.25,0.5,92.79,
ERCOT,92.5,12,76,12,0,122,0.5,0.5,0.0,92.79,
ERCOT,92.5,12,76,12,0,122,0.5,0.5,0.5,92.79,
ERCOT,92.5,12,76,12,0,122,0.5,0.75,0.0,92.79,
ERCOT,92.5,12,76,12,0,122,0.5,0.75,0.5,92.79,
ERCOT,92.5,12,76,12,0,122,0.5,1.0,0.0,92.79,
ERCOT,92.5,12,76,12,0,122,0.5,1.0,0.5,92.79,
ERCOT,92.5,12,77,11,0,212,0.0,0.0,1.5,93.09,
ERCOT,92.5,12,77,11,0,172,0.0,0.0,2.0,92.55,
ERCOT,92.5,12,77,11,0,152,0.0,0.0,2.5,92.52,
ERCOT,92.5,12,77,11,0,132,0.0,0.25,0.0,92.54,
ERCOT,92.5,12,77,11,0,127,0.0,0.25,0.5,92.63,
ERCOT,92.5,12,77,11,0,127,0.0,0.25,1.0,93.79,
ERCOT,92.5,12,77,11,0,122,0.0,0.5,0.0,92.71,
ERCOT,92.5,12,77,11,0,122,0.0,0.5,0.5,92.71,
ERCOT,92.5,12,77,11,0,122,0.0,0.75,0.0,92.71,
ERCOT,92.5,12,77,11,0,122,0.0,0.75,0.5,92.71,
ERCOT,92.5,12,77,11,0,122,0.0,1.0,0.0,92.71,
ERCOT,92.5,12,77,11,0,122,0.0,1.0,0.5,92.71,
ERCOT,92.5,12,77,11,0,122,0.25,0.0,0.0,92.54,
ERCOT,92.5,12,77,11,0,122,0.25,0.0,0.5,92.54,
ERCOT,92.5,12,77,11,0,122,0.25,0.25,0.0,92.54,
ERCOT,92.5,12,77,11,0,122,0.25,0.25,0.5,92.54,
ERCOT,92.5,12,77,11,0,122,0.25,0.5,0.0,92.54,
ERCOT,92.5,12,77,11,0,122,0.25,0.5,0.5,92.54,
ERCOT,92.5,12,77,11,0,122,0.25,0.75,0.0,92.54,
ERCOT,92.5,12,77,11,0,122,0.25,0.75,0.5,92.54,
ERCOT,92.5,12,77,11,0,122,0.25,1.0,0.0,92.54,
ERCOT,92.5,12,77,11,0,122,0.25,1.0,0.5,92.54,
ERCOT,92.5,12,77,11,0,122,0.5,0.0,0.0,92.54,
ERCOT,92.5,12,77,11,0,122,0.5,0.0,0.5,92.54,
ERCOT,92.5,12,77,11,0,122,0.5,0.25,0.0,92.54,
ERCOT,92.5,12,77,11,0,122,0.5,0.25,0.5,92.54,
ERCOT,92.5,12,77,11,0,122,0.5,0.5,0.0,92.54,
ERCOT,92.5,12,77,11,0,122,0.5,0.5,0.5,92.54,
ERCOT,92.5,12,77,11,0,122,0.5,0.75,0.0,92.54,
ERCOT,92.5,12,77,11,0,122,0.5,0.75,0.5,92.54,
ERCOT,92.5,12,77,11,0,122,0.5,1.0,0.0,92.54,
ERCOT,92.5,12,77,11,0,122,0.5,1.0,0.5,92.54,
ERCOT,92.5,12,78,10,0,217,0.0,0.0,1.5,92.58,
ERCOT,92.5,12,78,10,0,182,0.0,0.0,2.0,93.09,
ERCOT,92.5,12,78,10,0,157,0.0,0.0,2.5,92.85,
ERCOT,92.5,12,78,10,0,137,0.0,0.25,0.0,93.13,
ERCOT,92.5,12,78,10,0,132,0.0,0.25,0.5,93.41,
ERCOT,92.5,12,78,10,0,127,0.0,0.25,1.0,93.36,
ERCOT,92.5,12,78,10,0,122,0.0,0.25,1.5,92.75,
ERCOT,92.5,12,78,10,0,122,0.0,0.25,2.0,93.27,
ERCOT,92.5,12,78,10,0,127,0.0,0.5,0.0,93.69,
ERCOT,92.5,12,78,10,0,127,0.0,0.5,0.5,93.69,
ERCOT,92.5,12,78,10,0,127,0.0,0.75,0.0,93.69,
ERCOT,92.5,12,78,10,0,127,0.0,0.75,0.5,93.69,
ERCOT,92.5,12,78,10,0,127,0.0,1.0,0.0,93.69,
ERCOT,92.5,12,78,10,0,127,0.0,1.0,0.5,93.69,
ERCOT,92.5,12,78,10,0,127,0.25,0.0,0.0,93.58,
ERCOT,92.5,12,78,10,0,127,0.25,0.0,0.5,93.58,
ERCOT,92.5,12,78,10,0,127,0.25,0.25,0.0,93.58,
ERCOT,92.5,12,78,10,0,127,0.25,0.25,0.5,93.58,
ERCOT,92.5,12,78,10,0,127,0.25,0.5,0.0,93.58,
ERCOT,92.5,12,78,10,0,127,0.25,0.5,0.5,93.58,
ERCOT,92.5,12,78,10,0,127,0.25,0.75,0.0,93.58,
ERCOT,92.5,12,78,10,0,127,0.25,0.75,0.5,93.58,
ERCOT,92.5,12,78,10,0,127,0.25,1.0,0.0,93.58,
ERCOT,92.5,12,78,10,0,127,0.25,1.0,0.5,93.58,
ERCOT,92.5,12,78,10,0,127,0.5,0.0,0.0,93.58,
ERCOT,92.5,12,78,10,0,127,0.5,0.0,0.5,93.58,
ERCOT,92.5,12,78,10,0,127,0.5,0.25,0.0,93.58,
ERCOT,92.5,12,78,10,0,127,0.5,0.25,0.5,93.58,
ERCOT,92.5,12,78,10,0,127,0.5,0.5,0.0,93.58,
ERCOT,92.5,12,78,10,0,127,0.5,0.5,0.5,93.58,
ERCOT,92.5,12,78,10,0,127,0.5,0.75,0.0,93.58,
ERCOT,92.5,12,78,10,0,127,0.5,0.75,0.5,93.58,
ERCOT,92.5,12,78,10,0,127,0.5,1.0,0.0,93.58,
ERCOT,92.5,12,78,10,0,127,0.5,1.0,0.5,93.58,
ERCOT,92.5,12,79,9,0,227,0.0,0.0,1.5,92.59,
ERCOT,92.5,12,79,9,0,187,0.0,0.0,2.0,92.82,
ERCOT,92.5,12,79,9,0,162,0.0,0.0,2.5,93.06,
ERCOT,92.5,12,79,9,0,137,0.0,0.25,0.0,92.55,
ERCOT,92.5,12,79,9,0,132,0.0,0.25,0.5,92.92,
ERCOT,92.5,12,79,9,0,127,0.0,0.25,1.0,92.91,
ERCOT,92.5,12,79,9,0,127,0.0,0.25,1.5,93.88,
ERCOT,92.5,12,79,9,0,127,0.0,0.5,0.0,93.45,
ERCOT,92.5,12,79,9,0,127,0.0,0.5,0.5,93.45,
ERCOT,92.5,12,79,9,0,127,0.0,0.75,0.0,93.45,
ERCOT,92.5,12,79,9,0,127,0.0,0.75,0.5,93.45,
ERCOT,92.5,12,79,9,0,127,0.0,1.0,0.0,93.45,
ERCOT,92.5,12,79,9,0,127,0.0,1.0,0.5,93.45,
ERCOT,92.5,12,79,9,0,127,0.25,0.0,0.0,93.32,
ERCOT,92.5,12,79,9,0,127,0.25,0.0,0.5,93.32,
ERCOT,92.5,12,79,9,0,127,0.25,0.25,0.0,93.32,
ERCOT,92.5,12,79,9,0,127,0.25,0.25,0.5,93.32,
ERCOT,92.5,12,79,9,0,127,0.25,0.5,0.0,93.32,
ERCOT,92.5,12,79,9,0,127,0.25,0.5,0.5,93.32,
ERCOT,92.5,12,79,9,0,127,0.25,0.75,0.0,93.32,
ERCOT,92.5,12,79,9,0,127,0.25,0.75,0.5,93.32,
ERCOT,92.5,12,79,9,0,127,0.25,1.0,0.0,93.32,
ERCOT,92.5,12,79,9,0,127,0.25,1.0,0.5,93.32,
ERCOT,92.5,12,79,9,0,127,0.5,0.0,0.0,93.32,
ERCOT,92.5,12,79,9,0,127,0.5,0.0,0.5,93.32,
ERCOT,92.5,12,79,9,0,127,0.5,0.25,0.0,93.32,
ERCOT,92.5,12,79,9,0,127,0.5,0.25,0.5,93.32,
ERCOT,92.5,12,79,9,0,127,0.5,0.5,0.0,93.32,
ERCOT,92.5,12,79,9,0,127,0.5,0.5,0.5,93.32,
ERCOT,92.5,12,79,9,0,127,0.5,0.75,0.0,93.32,
ERCOT,92.5,12,79,9,0,127,0.5,0.75,0.5,93.32,
ERCOT,92.5,12,79,9,0,127,0.5,1.0,0.0,93.32,
ERCOT,92.5,12,79,9,0,127,0.5,1.0,0.5,93.32,
ERCOT,92.5,12,80,8,0,242,0.0,0.0,1.5,93.04,
ERCOT,92.5,12,80,8,0,197,0.0,0.0,2.0,93.09,
ERCOT,92.5,12,80,8,0,167,0.0,0.0,2.5,93.15,
ERCOT,92.5,12,80,8,0,142,0.0,0.25,0.0,92.99,
ERCOT,92.5,12,80,8,0,137,0.0,0.25,0.5,93.58,
ERCOT,92.5,12,80,8,0,132,0.0,0.25,1.0,93.81,
ERCOT,92.5,12,80,8,0,127,0.0,0.25,1.5,93.49,
ERCOT,92.5,12,80,8,0,127,0.0,0.25,2.0,94.17,
ERCOT,92.5,12,80,8,0,127,0.0,0.5,0.0,93.21,
ERCOT,92.5,12,80,8,0,127,0.0,0.5,0.5,93.21,
ERCOT,92.5,12,80,8,0,127,0.0,0.75,0.0,93.21,
ERCOT,92.5,12,80,8,0,127,0.0,0.75,0.5,93.21,
ERCOT,92.5,12,80,8,0,127,0.0,1.0,0.0,93.21,
ERCOT,92.5,12,80,8,0,127,0.0,1.0,0.5,93.21,
ERCOT,92.5,12,80,8,0,127,0.25,0.0,0.0,93.06,
ERCOT,92.5,12,80,8,0,127,0.25,0.0,0.5,93.06,
ERCOT,92.5,12,80,8,0,127,0.25,0.25,0.0,93.06,
ERCOT,92.5,12,80,8,0,127,0.25,0.25,0.5,93.06,
ERCOT,92.5,12,80,8,0,127,0.25,0.5,0.0,93.06,
ERCOT,92.5,12,80,8,0,127,0.25,0.5,0.5,93.06,
ERCOT,92.5,12,80,8,0,127,0.25,0.75,0.0,93.06,
ERCOT,92.5,12,80,8,0,127,0.25,0.75,0.5,93.06,
ERCOT,92.5,12,80,8,0,127,0.25,1.0,0.0,93.06,
ERCOT,92.5,12,80,8,0,127,0.25,1.0,0.5,93.06,
ERCOT,92.5,12,80,8,0,127,0.5,0.0,0.0,93.06,
ERCOT,92.5,12,80,8,0,127,0.5,0.0,0.5,93.06,
ERCOT,92.5,12,80,8,0,127,0.5,0.25,0.0,93.06,
ERCOT,92.5,12,80,8,0,127,0.5,0.25,0.5,93.06,
ERCOT,92.5,12,80,8,0,127,0.5,0.5,0.0,93.06,
ERCOT,92.5,12,80,8,0,127,0.5,0.5,0.5,93.06,
ERCOT,92.5,12,80,8,0,127,0.5,0.75,0.0,93.06,
ERCOT,92.5,12,80,8,0,127,0.5,0.75,0.5,93.06,
ERCOT,92.5,12,80,8,0,127,0.5,1.0,0.0,93.06,
ERCOT,92.5,12,80,8,0,127,0.5,1.0,0.5,93.06,
ERCOT,92.5,12,81,7,0,250,0.0,0.0,1.5,92.58,
ERCOT,92.5,12,81,7,0,202,0.0,0.0,2.0,92.64,
ERCOT,92.5,12,81,7,0,172,0.0,0.0,2.5,93.14,
ERCOT,92.5,12,81,7,0,147,0.0,0.25,0.0,93.29,
ERCOT,92.5,12,81,7,0,137,0.0,0.25,0.5,93.04,
ERCOT,92.5,12,81,7,0,132,0.0,0.25,1.0,93.32,
ERCOT,92.5,12,81,7,0,127,0.0,0.25,1.5,93.08,
ERCOT,92.5,12,81,7,0,127,0.0,0.25,2.0,93.8,
ERCOT,92.5,12,81,7,0,127,0.0,0.5,0.0,92.96,
ERCOT,92.5,12,81,7,0,127,0.0,0.5,0.5,92.96,
ERCOT,92.5,12,81,7,0,127,0.0,0.75,0.0,92.96,
ERCOT,92.5,12,81,7,0,127,0.0,0.75,0.5,92.96,
ERCOT,92.5,12,81,7,0,127,0.0,1.0,0.0,92.96,
ERCOT,92.5,12,81,7,0,127,0.0,1.0,0.5,92.96,
ERCOT,92.5,12,81,7,0,127,0.25,0.0,0.0,92.8,
ERCOT,92.5,12,81,7,0,127,0.25,0.0,0.5,92.8,
ERCOT,92.5,12,81,7,0,127,0.25,0.25,0.0,92.8,
ERCOT,92.5,12,81,7,0,127,0.25,0.25,0.5,92.8,
ERCOT,92.5,12,81,7,0,127,0.25,0.5,0.0,92.8,
ERCOT,92.5,12,81,7,0,127,0.25,0.5,0.5,92.8,
ERCOT,92.5,12,81,7,0,127,0.25,0.75,0.0,92.8,
ERCOT,92.5,12,81,7,0,127,0.25,0.75,0.5,92.8,
ERCOT,92.5,12,81,7,0,127,0.25,1.0,0.0,92.8,
ERCOT,92.5,12,81,7,0,127,0.25,1.0,0.5,92.8,
ERCOT,92.5,12,81,7,0,127,0.5,0.0,0.0,92.8,
ERCOT,92.5,12,81,7,0,127,0.5,0.0,0.5,92.8,
ERCOT,92.5,12,81,7,0,127,0.5,0.25,0.0,92.8,
ERCOT,92.5,12,81,7,0,127,0.5,0.25,0.5,92.8,
ERCOT,92.5,12,81,7,0,127,0.5,0.5,0.0,92.8,
ERCOT,92.5,12,81,7,0,127,0.5,0.5,0.5,92.8,
ERCOT,92.5,12,81,7,0,127,0.5,0.75,0.0,92.8,
ERCOT,92.5,12,81,7,0,127,0.5,0.75,0.5,92.8,
ERCOT,92.5,12,81,7,0,127,0.5,1.0,0.0,92.8,
ERCOT,92.5,12,81,7,0,127,0.5,1.0,0.5,92.8,
ERCOT,92.5,12,82,6,0,212,0.0,0.0,2.0,92.68,
ERCOT,92.5,12,82,6,0,177,0.0,0.0,2.5,93.04,
ERCOT,92.5,12,82,6,0,147,0.0,0.25,0.0,92.61,
ERCOT,92.5,12,82,6,0,142,0.0,0.25,0.5,93.6,
ERCOT,92.5,12,82,6,0,132,0.0,0.25,1.0,92.79,
ERCOT,92.5,12,82,6,0,127,0.0,0.25,1.5,92.64,
ERCOT,92.5,12,82,6,0,127,0.0,0.25,2.0,93.45,
ERCOT,92.5,12,82,6,0,127,0.0,0.5,0.0,92.7,
ERCOT,92.5,12,82,6,0,127,0.0,0.5,0.5,92.7,
ERCOT,92.5,12,82,6,0,127,0.0,0.75,0.0,92.7,
ERCOT,92.5,12,82,6,0,127,0.0,0.75,0.5,92.7,
ERCOT,92.5,12,82,6,0,127,0.0,1.0,0.0,92.7,
ERCOT,92.5,12,82,6,0,127,0.0,1.0,0.5,92.7,
ERCOT,92.5,12,82,6,0,127,0.25,0.0,0.0,92.53,
ERCOT,92.5,12,82,6,0,127,0.25,0.0,0.5,92.53,
ERCOT,92.5,12,82,6,0,127,0.25,0.25,0.0,92.53,
ERCOT,92.5,12,82,6,0,127,0.25,0.25,0.5,92.53,
ERCOT,92.5,12,82,6,0,127,0.25,0.5,0.0,92.53,
ERCOT,92.5,12,82,6,0,127,0.25,0.5,0.5,92.53,
ERCOT,92.5,12,82,6,0,127,0.25,0.75,0.0,92.53,
ERCOT,92.5,12,82,6,0,127,0.25,0.75,0.5,92.53,
ERCOT,92.5,12,82,6,0,127,0.25,1.0,0.0,92.53,
ERCOT,92.5,12,82,6,0,127,0.25,1.0,0.5,92.53,
ERCOT,92.5,12,82,6,0,127,0.5,0.0,0.0,92.53,
ERCOT,92.5,12,82,6,0,127,0.5,0.0,0.5,92.53,
ERCOT,92.5,12,82,6,0,127,0.5,0.25,0.0,92.53,
ERCOT,92.5,12,82,6,0,127,0.5,0.25,0.5,92.53,
ERCOT,92.5,12,82,6,0,127,0.5,0.5,0.0,92.53,
ERCOT,92.5,12,82,6,0,127,0.5,0.5,0.5,92.53,
ERCOT,92.5,12,82,6,0,127,0.5,0.75,0.0,92.53,
ERCOT,92.5,12,82,6,0,127,0.5,0.75,0.5,92.53,
ERCOT,92.5,12,82,6,0,127,0.5,1.0,0.0,92.53,
ERCOT,92.5,12,82,6,0,127,0.5,1.0,0.5,92.53,
ERCOT,92.5,13,76,11,0,247,0.0,0.0,1.0,93.06,
ERCOT,92.5,13,76,11,0,202,0.0,0.0,1.5,92.73,
ERCOT,92.5,13,76,11,0,167,0.0,0.0,2.0,92.54,
ERCOT,92.5,13,76,11,0,152,0.0,0.0,2.5,93.11,
ERCOT,92.5,13,76,11,0,132,0.0,0.25,0.0,93.04,
ERCOT,92.5,13,76,11,0,127,0.0,0.25,0.5,93.06,
ERCOT,92.5,13,76,11,0,122,0.0,0.25,1.0,92.7,
ERCOT,92.5,13,76,11,0,122,0.0,0.25,1.5,93.45,
ERCOT,92.5,13,76,11,0,122,0.0,0.5,0.0,92.92,
ERCOT,92.5,13,76,11,0,122,0.0,0.5,0.5,92.92,
ERCOT,92.5,13,76,11,0,122,0.0,0.75,0.0,92.92,
ERCOT,92.5,13,76,11,0,122,0.0,0.75,0.5,92.92,
ERCOT,92.5,13,76,11,0,122,0.0,1.0,0.0,92.92,
ERCOT,92.5,13,76,11,0,122,0.0,1.0,0.5,92.92,
ERCOT,92.5,13,76,11,0,122,0.25,0.0,0.0,92.76,
ERCOT,92.5,13,76,11,0,122,0.25,0.0,0.5,92.76,
ERCOT,92.5,13,76,11,0,122,0.25,0.25,0.0,92.76,
ERCOT,92.5,13,76,11,0,122,0.25,0.25,0.5,92.76,
ERCOT,92.5,13,76,11,0,122,0.25,0.5,0.0,92.76,
ERCOT,92.5,13,76,11,0,122,0.25,0.5,0.5,92.76,
ERCOT,92.5,13,76,11,0,122,0.25,0.75,0.0,92.76,
ERCOT,92.5,13,76,11,0,122,0.25,0.75,0.5,92.76,
ERCOT,92.5,13,76,11,0,122,0.25,1.0,0.0,92.76,
ERCOT,92.5,13,76,11,0,122,0.25,1.0,0.5,92.76,
ERCOT,92.5,13,76,11,0,122,0.5,0.0,0.0,92.76,
ERCOT,92.5,13,76,11,0,122,0.5,0.0,0.5,92.76,
ERCOT,92.5,13,76,11,0,122,0.5,0.25,0.0,92.76,
ERCOT,92.5,13,76,11,0,122,0.5,0.25,0.5,92.76,
ERCOT,92.5,13,76,11,0,122,0.5,0.5,0.0,92.76,
ERCOT,92.5,13,76,11,0,122,0.5,0.5,0.5,92.76,
ERCOT,92.5,13,76,11,0,122,0.5,0.75,0.0,92.76,
ERCOT,92.5,13,76,11,0,122,0.5,0.75,0.5,92.76,
ERCOT,92.5,13,76,11,0,122,0.5,1.0,0.0,92.76,
ERCOT,92.5,13,76,11,0,122,0.5,1.0,0.5,92.76,
ERCOT,92.5,13,77,10,0,212,0.0,0.0,1.5,92.97,
ERCOT,92.5,13,77,10,0,177,0.0,0.0,2.0,93.2,
ERCOT,92.5,13,77,10,0,157,0.0,0.0,2.5,93.48,
ERCOT,92.5,13,77,10,0,137,0.0,0.25,0.0,93.64,
ERCOT,92.5,13,77,10,0,127,0.0,0.25,0.5,92.59,
ERCOT,92.5,13,77,10,0,127,0.0,0.25,1.0,93.76,
ERCOT,92.5,13,77,10,0,122,0.0,0.5,0.0,92.69,
ERCOT,92.5,13,77,10,0,122,0.0,0.5,0.5,92.69,
ERCOT,92.5,13,77,10,0,122,0.0,0.75,0.0,92.69,
ERCOT,92.5,13,77,10,0,122,0.0,0.75,0.5,92.69,
ERCOT,92.5,13,77,10,0,122,0.0,1.0,0.0,92.69,
ERCOT,92.5,13,77,10,0,122,0.0,1.0,0.5,92.69,
ERCOT,92.5,13,77,10,0,122,0.25,0.0,0.0,92.52,
ERCOT,92.5,13,77,10,0,122,0.25,0.0,0.5,92.52,
ERCOT,92.5,13,77,10,0,122,0.25,0.25,0.0,92.52,
ERCOT,92.5,13,77,10,0,122,0.25,0.25,0.5,92.52,
ERCOT,92.5,13,77,10,0,122,0.25,0.5,0.0,92.52,
ERCOT,92.5,13,77,10,0,122,0.25,0.5,0.5,92.52,
ERCOT,92.5,13,77,10,0,122,0.25,0.75,0.0,92.52,
ERCOT,92.5,13,77,10,0,122,0.25,0.75,0.5,92.52,
ERCOT,92.5,13,77,10,0,122,0.25,1.0,0.0,92.52,
ERCOT,92.5,13,77,10,0,122,0.25,1.0,0.5,92.52,
ERCOT,92.5,13,77,10,0,122,0.5,0.0,0.0,92.52,
ERCOT,92.5,13,77,10,0,122,0.5,0.0,0.5,92.52,
ERCOT,92.5,13,77,10,0,122,0.5,0.25,0.0,92.52,
ERCOT,92.5,13,77,10,0,122,0.5,0.25,0.5,92.52,
ERCOT,92.5,13,77,10,0,122,0.5,0.5,0.0,92.52,
ERCOT,92.5,13,77,10,0,122,0.5,0.5,0.5,92.52,
ERCOT,92.5,13,77,10,0,122,0.5,0.75,0.0,92.52,
ERCOT,92.5,13,77,10,0,122,0.5,0.75,0.5,92.52,
ERCOT,92.5,13,77,10,0,122,0.5,1.0,0.0,92.52,
ERCOT,92.5,13,77,10,0,122,0.5,1.0,0.5,92.52,
ERCOT,92.5,13,78,9,0,222,0.0,0.0,1.5,93.07,
ERCOT,92.5,13,78,9,0,182,0.0,0.0,2.0,92.99,
ERCOT,92.5,13,78,9,0,157,0.0,0.0,2.5,92.78,
ERCOT,92.5,13,78,9,0,137,0.0,0.25,0.0,93.08,
ERCOT,92.5,13,78,9,0,132,0.0,0.25,0.5,93.36,
ERCOT,92.5,13,78,9,0,127,0.0,0.25,1.0,93.32,
ERCOT,92.5,13,78,9,0,122,0.0,0.25,1.5,92.69,
ERCOT,92.5,13,78,9,0,122,0.0,0.25,2.0,93.21,
ERCOT,92.5,13,78,9,0,127,0.0,0.5,0.0,93.67,
ERCOT,92.5,13,78,9,0,127,0.0,0.5,0.5,93.67,
ERCOT,92.5,13,78,9,0,127,0.0,0.75,0.0,93.67,
ERCOT,92.5,13,78,9,0,127,0.0,0.75,0.5,93.67,
ERCOT,92.5,13,78,9,0,127,0.0,1.0,0.0,93.67,
ERCOT,92.5,13,78,9,0,127,0.0,1.0,0.5,93.67,
ERCOT,92.5,13,78,9,0,127,0.25,0.0,0.0,93.54,
ERCOT,92.5,13,78,9,0,127,0.25,0.0,0.5,93.54,
ERCOT,92.5,13,78,9,0,127,0.25,0.25,0.0,93.54,
ERCOT,92.5,13,78,9,0,127,0.25,0.25,0.5,93.54,
ERCOT,92.5,13,78,9,0,127,0.25,0.5,0.0,93.54,
ERCOT,92.5,13,78,9,0,127,0.25,0.5,0.5,93.54,
ERCOT,92.5,13,78,9,0,127,0.25,0.75,0.0,93.54,
ERCOT,92.5,13,78,9,0,127,0.25,0.75,0.5,93.54,
ERCOT,92.5,13,78,9,0,127,0.25,1.0,0.0,93.54,
ERCOT,92.5,13,78,9,0,127,0.25,1.0,0.5,93.54,
ERCOT,92.5,13,78,9,0,127,0.5,0.0,0.0,93.54,
ERCOT,92.5,13,78,9,0,127,0.5,0.0,0.5,93.54,
ERCOT,92.5,13,78,9,0,127,0.5,0.25,0.0,93.54,
ERCOT,92.5,13,78,9,0,127,0.5,0.25,0.5,93.54,
ERCOT,92.5,13,78,9,0,127,0.5,0.5,0.0,93.54,
ERCOT,92.5,13,78,9,0,127,0.5,0.5,0.5,93.54,
ERCOT,92.5,13,78,9,0,127,0.5,0.75,0.0,93.54,
ERCOT,92.5,13,78,9,0,127,0.5,0.75,0.5,93.54,
ERCOT,92.5,13,78,9,0,127,0.5,1.0,0.0,93.54,
ERCOT,92.5,13,78,9,0,127,0.5,1.0,0.5,93.54,
ERCOT,92.5,13,79,8,0,232,0.0,0.0,1.5,93.05,
ERCOT,92.5,13,79,8,0,187,0.0,0.0,2.0,92.72,
ERCOT,92.5,13,79,8,0,162,0.0,0.0,2.5,92.98,
ERCOT,92.5,13,79,8,0,142,0.0,0.25,0.0,93.55,
ERCOT,92.5,13,79,8,0,132,0.0,0.25,0.5,92.87,
ERCOT,92.5,13,79,8,0,127,0.0,0.25,1.0,92.86,
ERCOT,92.5,13,79,8,0,127,0.0,0.25,1.5,93.84,
ERCOT,92.5,13,79,8,0,127,0.0,0.5,0.0,93.43,
ERCOT,92.5,13,79,8,0,127,0.0,0.5,0.5,93.43,
ERCOT,92.5,13,79,8,0,127,0.0,0.75,0.0,93.43,
ERCOT,92.5,13,79,8,0,127,0.0,0.75,0.5,93.43,
ERCOT,92.5,13,79,8,0,127,0.0,1.0,0.0,93.43,
ERCOT,92.5,13,79,8,0,127,0.0,1.0,0.5,93.43,
ERCOT,92.5,13,79,8,0,127,0.25,0.0,0.0,93.29,
ERCOT,92.5,13,79,8,0,127,0.25,0.0,0.5,93.29,
ERCOT,92.5,13,79,8,0,127,0.25,0.25,0.0,93.29,
ERCOT,92.5,13,79,8,0,127,0.25,0.25,0.5,93.29,
ERCOT,92.5,13,79,8,0,127,0.25,0.5,0.0,93.29,
ERCOT,92.5,13,79,8,0,127,0.25,0.5,0.5,93.29,
ERCOT,92.5,13,79,8,0,127,0.25,0.75,0.0,93.29,
ERCOT,92.5,13,79,8,0,127,0.25,0.75,0.5,93.29,
ERCOT,92.5,13,79,8,0,127,0.25,1.0,0.0,93.29,
ERCOT,92.5,13,79,8,0,127,0.25,1.0,0.5,93.29,
ERCOT,92.5,13,79,8,0,127,0.5,0.0,0.0,93.29,
ERCOT,92.5,13,79,8,0,127,0.5,0.0,0.5,93.29,
ERCOT,92.5,13,79,8,0,127,0.5,0.25,0.0,93.29,
ERCOT,92.5,13,79,8,0,127,0.5,0.25,0.5,93.29,
ERCOT,92.5,13,79,8,0,127,0.5,0.5,0.0,93.29,
ERCOT,92.5,13,79,8,0,127,0.5,0.5,0.5,93.29,
ERCOT,92.5,13,79,8,0,127,0.5,0.75,0.0,93.29,
ERCOT,92.5,13,79,8,0,127,0.5,0.75,0.5,93.29,
ERCOT,92.5,13,79,8,0,127,0.5,1.0,0.0,93.29,
ERCOT,92.5,13,79,8,0,127,0.5,1.0,0.5,93.29,
ERCOT,92.5,13,80,7,0,242,0.0,0.0,1.5,92.91,
ERCOT,92.5,13,80,7,0,197,0.0,0.0,2.0,92.98,
ERCOT,92.5,13,80,7,0,167,0.0,0.0,2.5,93.07,
ERCOT,92.5,13,80,7,0,142,0.0,0.25,0.0,92.93,
ERCOT,92.5,13,80,7,0,137,0.0,0.25,0.5,93.53,
ERCOT,92.5,13,80,7,0,132,0.0,0.25,1.0,93.76,
ERCOT,92.5,13,80,7,0,127,0.0,0.25,1.5,93.45,
ERCOT,92.5,13,80,7,0,127,0.0,0.25,2.0,94.13,
ERCOT,92.5,13,80,7,0,127,0.0,0.5,0.0,93.18,
ERCOT,92.5,13,80,7,0,127,0.0,0.5,0.5,93.18,
ERCOT,92.5,13,80,7,0,127,0.0,0.75,0.0,93.18,
ERCOT,92.5,13,80,7,0,127,0.0,0.75,0.5,93.18,
ERCOT,92.5,13,80,7,0,127,0.0,1.0,0.0,93.18,
ERCOT,92.5,13,80,7,0,127,0.0,1.0,0.5,93.18,
ERCOT,92.5,13,80,7,0,127,0.25,0.0,0.0,93.03,
ERCOT,92.5,13,80,7,0,127,0.25,0.0,0.5,93.03,
ERCOT,92.5,13,80,7,0,127,0.25,0.25,0.0,93.03,
ERCOT,92.5,13,80,7,0,127,0.25,0.25,0.5,93.03,
ERCOT,92.5,13,80,7,0,127,0.25,0.5,0.0,93.03,
ERCOT,92.5,13,80,7,0,127,0.25,0.5,0.5,93.03,
ERCOT,92.5,13,80,7,0,127,0.25,0.75,0.0,93.03,
ERCOT,92.5,13,80,7,0,127,0.25,0.75,0.5,93.03,
ERCOT,92.5,13,80,7,0,127,0.25,1.0,0.0,93.03,
ERCOT,92.5,13,80,7,0,127,0.25,1.0,0.5,93.03,
ERCOT,92.5,13,80,7,0,127,0.5,0.0,0.0,93.03,
ERCOT,92.5,13,80,7,0,127,0.5,0.0,0.5,93.03,
ERCOT,92.5,13,80,7,0,127,0.5,0.25,0.0,93.03,
ERCOT,92.5,13,80,7,0,127,0.5,0.25,0.5,93.03,
ERCOT,92.5,13,80,7,0,127,0.5,0.5,0.0,93.03,
ERCOT,92.5,13,80,7,0,127,0.5,0.5,0.5,93.03,
ERCOT,92.5,13,80,7,0,127,0.5,0.75,0.0,93.03,
ERCOT,92.5,13,80,7,0,127,0.5,0.75,0.5,93.03,
ERCOT,92.5,13,80,7,0,127,0.5,1.0,0.0,93.03,
ERCOT,92.5,13,80,7,0,127,0.5,1.0,0.5,93.03,
ERCOT,92.5,13,81,6,0,202,0.0,0.0,2.0,92.53,
ERCOT,92.5,13,81,6,0,172,0.0,0.0,2.5,93.06,
ERCOT,92.5,13,81,6,0,147,0.0,0.25,0.0,93.23,
ERCOT,92.5,13,81,6,0,137,0.0,0.25,0.5,92.98,
ERCOT,92.5,13,81,6,0,132,0.0,0.25,1.0,93.26,
ERCOT,92.5,13,81,6,0,127,0.0,0.25,1.5,93.04,
ERCOT,92.5,13,81,6,0,127,0.0,0.25,2.0,93.77,
ERCOT,92.5,13,81,6,0,127,0.0,0.5,0.0,92.92,
ERCOT,92.5,13,81,6,0,127,0.0,0.5,0.5,92.92,
ERCOT,92.5,13,81,6,0,127,0.0,0.75,0.0,92.92,
ERCOT,92.5,13,81,6,0,127,0.0,0.75,0.5,92.92,
ERCOT,92.5,13,81,6,0,127,0.0,1.0,0.0,92.92,
ERCOT,92.5,13,81,6,0,127,0.0,1.0,0.5,92.92,
ERCOT,92.5,13,81,6,0,127,0.25,0.0,0.0,92.76,
ERCOT,92.5,13,81,6,0,127,0.25,0.0,0.5,92.76,
ERCOT,92.5,13,81,6,0,127,0.25,0.25,0.0,92.76,
ERCOT,92.5,13,81,6,0,127,0.25,0.25,0.5,92.76,
ERCOT,92.5,13,81,6,0,127,0.25,0.5,0.0,92.76,
ERCOT,92.5,13,81,6,0,127,0.25,0.5,0.5,92.76,
ERCOT,92.5,13,81,6,0,127,0.25,0.75,0.0,92.76,
ERCOT,92.5,13,81,6,0,127,0.25,0.75,0.5,92.76,
ERCOT,92.5,13,81,6,0,127,0.25,1.0,0.0,92.76,
ERCOT,92.5,13,81,6,0,127,0.25,1.0,0.5,92.76,
ERCOT,92.5,13,81,6,0,127,0.5,0.0,0.0,92.76,
ERCOT,92.5,13,81,6,0,127,0.5,0.0,0.5,92.76,
ERCOT,92.5,13,81,6,0,127,0.5,0.25,0.0,92.76,
ERCOT,92.5,13,81,6,0,127,0.5,0.25,0.5,92.76,
ERCOT,92.5,13,81,6,0,127,0.5,0.5,0.0,92.76,
ERCOT,92.5,13,81,6,0,127,0.5,0.5,0.5,92.76,
ERCOT,92.5,13,81,6,0,127,0.5,0.75,0.0,92.76,
ERCOT,92.5,13,81,6,0,127,0.5,0.75,0.5,92.76,
ERCOT,92.5,13,81,6,0,127,0.5,1.0,0.0,92.76,
ERCOT,92.5,13,81,6,0,127,0.5,1.0,0.5,92.76,
ERCOT,92.5,14,76,10,0,247,0.0,0.0,1.0,92.91,
ERCOT,92.5,14,76,10,0,202,0.0,0.0,1.5,92.62,
ERCOT,92.5,14,76,10,0,172,0.0,0.0,2.0,93.24,
ERCOT,92.5,14,76,10,0,152,0.0,0.0,2.5,93.04,
ERCOT,92.5,14,76,10,0,132,0.0,0.25,0.0,92.99,
ERCOT,92.5,14,76,10,0,127,0.0,0.25,0.5,93.02,
ERCOT,92.5,14,76,10,0,122,0.0,0.25,1.0,92.65,
ERCOT,92.5,14,76,10,0,122,0.0,0.25,1.5,93.4,
ERCOT,92.5,14,76,10,0,122,0.0,0.5,0.0,92.9,
ERCOT,92.5,14,76,10,0,122,0.0,0.5,0.5,92.9,
ERCOT,92.5,14,76,10,0,122,0.0,0.75,0.0,92.9,
ERCOT,92.5,14,76,10,0,122,0.0,0.75,0.5,92.9,
ERCOT,92.5,14,76,10,0,122,0.0,1.0,0.0,92.9,
ERCOT,92.5,14,76,10,0,122,0.0,1.0,0.5,92.9,
ERCOT,92.5,14,76,10,0,122,0.25,0.0,0.0,92.73,
ERCOT,92.5,14,76,10,0,122,0.25,0.0,0.5,92.73,
ERCOT,92.5,14,76,10,0,122,0.25,0.25,0.0,92.73,
ERCOT,92.5,14,76,10,0,122,0.25,0.25,0.5,92.73,
ERCOT,92.5,14,76,10,0,122,0.25,0.5,0.0,92.73,
ERCOT,92.5,14,76,10,0,122,0.25,0.5,0.5,92.73,
ERCOT,92.5,14,76,10,0,122,0.25,0.75,0.0,92.73,
ERCOT,92.5,14,76,10,0,122,0.25,0.75,0.5,92.73,
ERCOT,92.5,14,76,10,0,122,0.25,1.0,0.0,92.73,
ERCOT,92.5,14,76,10,0,122,0.25,1.0,0.5,92.73,
ERCOT,92.5,14,76,10,0,122,0.5,0.0,0.0,92.73,
ERCOT,92.5,14,76,10,0,122,0.5,0.0,0.5,92.73,
ERCOT,92.5,14,76,10,0,122,0.5,0.25,0.0,92.73,
ERCOT,92.5,14,76,10,0,122,0.5,0.25,0.5,92.73,
ERCOT,92.5,14,76,10,0,122,0.5,0.5,0.0,92.73,
ERCOT,92.5,14,76,10,0,122,0.5,0.5,0.5,92.73,
ERCOT,92.5,14,76,10,0,122,0.5,0.75,0.0,92.73,
ERCOT,92.5,14,76,10,0,122,0.5,0.75,0.5,92.73,
ERCOT,92.5,14,76,10,0,122,0.5,1.0,0.0,92.73,
ERCOT,92.5,14,76,10,0,122,0.5,1.0,0.5,92.73,
ERCOT,92.5,14,77,9,0,212,0.0,0.0,1.5,92.85,
ERCOT,92.5,14,77,9,0,177,0.0,0.0,2.0,93.1,
ERCOT,92.5,14,77,9,0,157,0.0,0.0,2.5,93.4,
ERCOT,92.5,14,77,9,0,137,0.0,0.25,0.0,93.6,
ERCOT,92.5,14,77,9,0,127,0.0,0.25,0.5,92.55,
ERCOT,92.5,14,77,9,0,127,0.0,0.25,1.0,93.72,
ERCOT,92.5,14,77,9,0,122,0.0,0.5,0.0,92.66,
ERCOT,92.5,14,77,9,0,122,0.0,0.5,0.5,92.66,
ERCOT,92.5,14,77,9,0,122,0.0,0.75,0.0,92.66,
ERCOT,92.5,14,77,9,0,122,0.0,0.75,0.5,92.66,
ERCOT,92.5,14,77,9,0,122,0.0,1.0,0.0,92.66,
ERCOT,92.5,14,77,9,0,122,0.0,1.0,0.5,92.66,
ERCOT,92.5,14,77,9,0,127,0.25,0.0,0.0,93.77,
ERCOT,92.5,14,77,9,0,127,0.25,0.0,0.5,93.77,
ERCOT,92.5,14,77,9,0,127,0.25,0.25,0.0,93.77,
ERCOT,92.5,14,77,9,0,127,0.25,0.25,0.5,93.77,
ERCOT,92.5,14,77,9,0,127,0.25,0.5,0.0,93.77,
ERCOT,92.5,14,77,9,0,127,0.25,0.5,0.5,93.77,
ERCOT,92.5,14,77,9,0,127,0.25,0.75,0.0,93.77,
ERCOT,92.5,14,77,9,0,127,0.25,0.75,0.5,93.77,
ERCOT,92.5,14,77,9,0,127,0.25,1.0,0.0,93.77,
ERCOT,92.5,14,77,9,0,127,0.25,1.0,0.5,93.77,
ERCOT,92.5,14,77,9,0,127,0.5,0.0,0.0,93.77,
ERCOT,92.5,14,77,9,0,127,0.5,0.0,0.5,93.77,
ERCOT,92.5,14,77,9,0,127,0.5,0.25,0.0,93.77,
ERCOT,92.5,14,77,9,0,127,0.5,0.25,0.5,93.77,
ERCOT,92.5,14,77,9,0,127,0.5,0.5,0.0,93.77,
ERCOT,92.5,14,77,9,0,127,0.5,0.5,0.5,93.77,
ERCOT,92.5,14,77,9,0,127,0.5,0.75,0.0,93.77,
ERCOT,92.5,14,77,9,0,127,0.5,0.75,0.5,93.77,
ERCOT,92.5,14,77,9,0,127,0.5,1.0,0.0,93.77,
ERCOT,92.5,14,77,9,0,127,0.5,1.0,0.5,93.77,
ERCOT,92.5,14,78,8,0,222,0.0,0.0,1.5,92.95,
ERCOT,92.5,14,78,8,0,182,0.0,0.0,2.0,92.89,
ERCOT,92.5,14,78,8,0,157,0.0,0.0,2.5,92.7,
ERCOT,92.5,14,78,8,0,137,0.0,0.25,0.0,93.03,
ERCOT,92.5,14,78,8,0,132,0.0,0.25,0.5,93.32,
ERCOT,92.5,14,78,8,0,127,0.0,0.25,1.0,93.28,
ERCOT,92.5,14,78,8,0,122,0.0,0.25,1.5,92.62,
ERCOT,92.5,14,78,8,0,122,0.0,0.25,2.0,93.15,
ERCOT,92.5,14,78,8,0,127,0.0,0.5,0.0,93.65,
ERCOT,92.5,14,78,8,0,127,0.0,0.5,0.5,93.65,
ERCOT,92.5,14,78,8,0,127,0.0,0.75,0.0,93.65,
ERCOT,92.5,14,78,8,0,127,0.0,0.75,0.5,93.65,
ERCOT,92.5,14,78,8,0,127,0.0,1.0,0.0,93.65,
ERCOT,92.5,14,78,8,0,127,0.0,1.0,0.5,93.65,
ERCOT,92.5,14,78,8,0,127,0.25,0.0,0.0,93.51,
ERCOT,92.5,14,78,8,0,127,0.25,0.0,0.5,93.51,
ERCOT,92.5,14,78,8,0,127,0.25,0.25,0.0,93.51,
ERCOT,92.5,14,78,8,0,127,0.25,0.25,0.5,93.51,
ERCOT,92.5,14,78,8,0,127,0.25,0.5,0.0,93.51,
ERCOT,92.5,14,78,8,0,127,0.25,0.5,0.5,93.51,
ERCOT,92.5,14,78,8,0,127,0.25,0.75,0.0,93.51,
ERCOT,92.5,14,78,8,0,127,0.25,0.75,0.5,93.51,
ERCOT,92.5,14,78,8,0,127,0.25,1.0,0.0,93.51,
ERCOT,92.5,14,78,8,0,127,0.25,1.0,0.5,93.51,
ERCOT,92.5,14,78,8,0,127,0.5,0.0,0.0,93.51,
ERCOT,92.5,14,78,8,0,127,0.5,0.0,0.5,93.51,
ERCOT,92.5,14,78,8,0,127,0.5,0.25,0.0,93.51,
ERCOT,92.5,14,78,8,0,127,0.5,0.25,0.5,93.51,
ERCOT,92.5,14,78,8,0,127,0.5,0.5,0.0,93.51,
ERCOT,92.5,14,78,8,0,127,0.5,0.5,0.5,93.51,
ERCOT,92.5,14,78,8,0,127,0.5,0.75,0.0,93.51,
ERCOT,92.5,14,78,8,0,127,0.5,0.75,0.5,93.51,
ERCOT,92.5,14,78,8,0,127,0.5,1.0,0.0,93.51,
ERCOT,92.5,14,78,8,0,127,0.5,1.0,0.5,93.51,
ERCOT,92.5,14,79,7,0,232,0.0,0.0,1.5,92.92,
ERCOT,92.5,14,79,7,0,187,0.0,0.0,2.0,92.61,
ERCOT,92.5,14,79,7,0,162,0.0,0.0,2.5,92.9,
ERCOT,92.5,14,79,7,0,142,0.0,0.25,0.0,93.5,
ERCOT,92.5,14,79,7,0,132,0.0,0.25,0.5,92.82,
ERCOT,92.5,14,79,7,0,127,0.0,0.25,1.0,92.81,
ERCOT,92.5,14,79,7,0,127,0.0,0.25,1.5,93.8,
ERCOT,92.5,14,79,7,0,127,0.0,0.5,0.0,93.4,
ERCOT,92.5,14,79,7,0,127,0.0,0.5,0.5,93.4,
ERCOT,92.5,14,79,7,0,127,0.0,0.75,0.0,93.4,
ERCOT,92.5,14,79,7,0,127,0.0,0.75,0.5,93.4,
ERCOT,92.5,14,79,7,0,127,0.0,1.0,0.0,93.4,
ERCOT,92.5,14,79,7,0,127,0.0,1.0,0.5,93.4,
ERCOT,92.5,14,79,7,0,127,0.25,0.0,0.0,93.25,
ERCOT,92.5,14,79,7,0,127,0.25,0.0,0.5,93.25,
ERCOT,92.5,14,79,7,0,127,0.25,0.25,0.0,93.25,
ERCOT,92.5,14,79,7,0,127,0.25,0.25,0.5,93.25,
ERCOT,92.5,14,79,7,0,127,0.25,0.5,0.0,93.25,
ERCOT,92.5,14,79,7,0,127,0.25,0.5,0.5,93.25,
ERCOT,92.5,14,79,7,0,127,0.25,0.75,0.0,93.25,
ERCOT,92.5,14,79,7,0,127,0.25,0.75,0.5,93.25,
ERCOT,92.5,14,79,7,0,127,0.25,1.0,0.0,93.25,
ERCOT,92.5,14,79,7,0,127,0.25,1.0,0.5,93.25,
ERCOT,92.5,14,79,7,0,127,0.5,0.0,0.0,93.25,
ERCOT,92.5,14,79,7,0,127,0.5,0.0,0.5,93.25,
ERCOT,92.5,14,79,7,0,127,0.5,0.25,0.0,93.25,
ERCOT,92.5,14,79,7,0,127,0.5,0.25,0.5,93.25,
ERCOT,92.5,14,79,7,0,127,0.5,0.5,0.0,93.25,
ERCOT,92.5,14,79,7,0,127,0.5,0.5,0.5,93.25,
ERCOT,92.5,14,79,7,0,127,0.5,0.75,0.0,93.25,
ERCOT,92.5,14,79,7,0,127,0.5,0.75,0.5,93.25,
ERCOT,92.5,14,79,7,0,127,0.5,1.0,0.0,93.25,
ERCOT,92.5,14,79,7,0,127,0.5,1.0,0.5,93.25,
ERCOT,92.5,14,80,6,0,242,0.0,0.0,1.5,92.77,
ERCOT,92.5,14,80,6,0,197,0.0,0.0,2.0,92.87,
ERCOT,92.5,14,80,6,0,167,0.0,0.0,2.5,92.98,
ERCOT,92.5,14,80,6,0,142,0.0,0.25,0.0,92.87,
ERCOT,92.5,14,80,6,0,137,0.0,0.25,0.5,93.48,
ERCOT,92.5,14,80,6,0,132,0.0,0.25,1.0,93.72,
ERCOT,92.5,14,80,6,0,127,0.0,0.25,1.5,93.4,
ERCOT,92.5,14,80,6,0,127,0.0,0.25,2.0,94.09,
ERCOT,92.5,14,80,6,0,127,0.0,0.5,0.0,93.15,
ERCOT,92.5,14,80,6,0,127,0.0,0.5,0.5,93.15,
ERCOT,92.5,14,80,6,0,127,0.0,0.75,0.0,93.15,
ERCOT,92.5,14,80,6,0,127,0.0,0.75,0.5,93.15,
ERCOT,92.5,14,80,6,0,127,0.0,1.0,0.0,93.15,
ERCOT,92.5,14,80,6,0,127,0.0,1.0,0.5,93.15,
ERCOT,92.5,14,80,6,0,127,0.25,0.0,0.0,92.99,
ERCOT,92.5,14,80,6,0,127,0.25,0.0,0.5,92.99,
ERCOT,92.5,14,80,6,0,127,0.25,0.25,0.0,92.99,
ERCOT,92.5,14,80,6,0,127,0.25,0.25,0.5,92.99,
ERCOT,92.5,14,80,6,0,127,0.25,0.5,0.0,92.99,
ERCOT,92.5,14,80,6,0,127,0.25,0.5,0.5,92.99,
ERCOT,92.5,14,80,6,0,127,0.25,0.75,0.0,92.99,
ERCOT,92.5,14,80,6,0,127,0.25,0.75,0.5,92.99,
ERCOT,92.5,14,80,6,0,127,0.25,1.0,0.0,92.99,
ERCOT,92.5,14,80,6,0,127,0.25,1.0,0.5,92.99,
ERCOT,92.5,14,80,6,0,127,0.5,0.0,0.0,92.99,
ERCOT,92.5,14,80,6,0,127,0.5,0.0,0.5,92.99,
ERCOT,92.5,14,80,6,0,127,0.5,0.25,0.0,92.99,
ERCOT,92.5,14,80,6,0,127,0.5,0.25,0.5,92.99,
ERCOT,92.5,14,80,6,0,127,0.5,0.5,0.0,92.99,
ERCOT,92.5,14,80,6,0,127,0.5,0.5,0.5,92.99,
ERCOT,92.5,14,80,6,0,127,0.5,0.75,0.0,92.99,
ERCOT,92.5,14,80,6,0,127,0.5,0.75,0.5,92.99,
ERCOT,92.5,14,80,6,0,127,0.5,1.0,0.0,92.99,
ERCOT,92.5,14,80,6,0,127,0.5,1.0,0.5,92.99,
ERCOT,92.5,21,40,39,0,147,0.0,0.0,0.0,93.34,
ERCOT,92.5,21,41,38,0,147,0.0,0.0,0.0,92.88,
ERCOT,92.5,21,42,37,0,152,0.0,0.0,0.0,93.37,
ERCOT,92.5,21,43,36,0,152,0.0,0.0,0.0,92.89,
ERCOT,92.5,21,44,35,0,157,0.0,0.0,0.0,93.33,
ERCOT,92.5,22,39,39,0,142,0.0,0.0,0.0,92.8,
ERCOT,92.5,22,40,38,0,147,0.0,0.0,0.0,93.35,
ERCOT,92.5,22,41,37,0,147,0.0,0.0,0.0,92.88,
ERCOT,92.5,22,42,36,0,152,0.0,0.0,0.0,93.38,
ERCOT,92.5,22,43,35,0,152,0.0,0.0,0.0,92.89,
ERCOT,92.5,22,44,34,0,157,0.0,0.0,0.0,93.34,
ERCOT,92.5,23,38,39,0,142,0.0,0.0,0.0,93.26,
ERCOT,92.5,23,39,38,0,142,0.0,0.0,0.0,92.81,
ERCOT,92.5,23,40,37,0,147,0.0,0.0,0.0,93.36,
ERCOT,92.5,23,41,36,0,147,0.0,0.0,0.0,92.89,
ERCOT,92.5,23,42,35,0,152,0.0,0.0,0.0,93.39,
ERCOT,92.5,23,43,34,0,152,0.0,0.0,0.0,92.9,
ERCOT,92.5,23,44,33,0,157,0.0,0.0,0.0,93.35,
ERCOT,92.5,24,37,39,0,137,0.0,0.0,0.0,92.65,
ERCOT,92.5,24,38,38,0,142,0.0,0.0,0.0,93.27,
ERCOT,92.5,24,39,37,0,142,0.0,0.0,0.0,92.81,
ERCOT,92.5,24,40,36,0,147,0.0,0.0,0.0,93.37,
ERCOT,92.5,24,41,35,0,147,0.0,0.0,0.0,92.89,
ERCOT,92.5,24,42,34,0,152,0.0,0.0,0.0,93.4,
ERCOT,92.5,24,43,33,0,152,0.0,0.0,0.0,92.9,
ERCOT,92.5,24,44,32,0,157,0.0,0.0,0.0,93.36,
ERCOT,92.5,25,36,39,0,137,0.0,0.0,0.0,93.11,
ERCOT,92.5,25,37,38,0,137,0.0,0.0,0.0,92.66,
ERCOT,92.5,25,38,37,0,142,0.0,0.0,0.0,93.28,
ERCOT,92.5,25,39,36,0,142,0.0,0.0,0.0,92.82,
ERCOT,92.5,25,41,34,0,147,0.0,0.0,0.0,92.89,
ERCOT,92.5,25,42,33,0,152,0.0,0.0,0.0,93.41,
ERCOT,92.5,25,43,32,0,152,0.0,0.0,0.0,92.9,
ERCOT,92.5,25,44,31,0,157,0.0,0.0,0.0,93.36,
ERCOT,92.5,26,36,38,0,137,0.0,0.0,0.0,93.12,
ERCOT,92.5,26,37,37,0,137,0.0,0.0,0.0,92.66,
ERCOT,92.5,26,38,36,0,142,0.0,0.0,0.0,93.29,
ERCOT,92.5,26,39,35,0,142,0.0,0.0,0.0,92.82,
ERCOT,92.5,26,40,34,0,147,0.0,0.0,0.0,93.39,
ERCOT,92.5,26,41,33,0,147,0.0,0.0,0.0,92.89,
ERCOT,92.5,26,42,32,0,152,0.0,0.0,0.0,93.41,
ERCOT,92.5,26,43,31,0,152,0.0,0.0,0.0,92.89,
ERCOT,92.5,27,36,37,0,137,0.0,0.0,0.0,93.12,
ERCOT,92.5,27,37,36,0,137,0.0,0.0,0.0,92.66,
ERCOT,92.5,27,38,35,0,142,0.0,0.0,0.0,93.3,
ERCOT,92.5,27,39,34,0,142,0.0,0.0,0.0,92.82,
ERCOT,92.5,27,40,33,0,147,0.0,0.0,0.0,93.39,
ERCOT,92.5,27,41,32,0,147,0.0,0.0,0.0,92.89,
ERCOT,92.5,27,42,31,0,152,0.0,0.0,0.0,93.41,
ERCOT,92.5,28,36,36,0,137,0.0,0.0,0.0,93.13,
ERCOT,92.5,28,37,35,0,137,0.0,0.0,0.0,92.66,
ERCOT,92.5,28,38,34,0,142,0.0,0.0,0.0,93.3,
ERCOT,92.5,28,39,33,0,142,0.0,0.0,0.0,92.81,
ERCOT,92.5,28,40,32,0,147,0.0,0.0,0.0,93.39,
ERCOT,92.5,28,41,31,0,147,0.0,0.0,0.0,92.89,
ERCOT,92.5,29,36,35,0,137,0.0,0.0,0.0,93.13,
ERCOT,92.5,29,37,34,0,137,0.0,0.0,0.0,92.65,
ERCOT,92.5,29,38,33,0,142,0.0,0.0,0.0,93.3,
ERCOT,92.5,29,39,32,0,142,0.0,0.0,0.0,92.81,
ERCOT,92.5,29,40,31,0,147,0.0,0.0,0.0,93.39,
ERCOT,92.5,21,9,70,0,117,0.0,0.0,0.0,92.74,
ERCOT,92.5,22,8,70,0,117,0.0,0.0,0.0,92.59,
ERCOT,92.5,22,9,69,0,117,0.0,0.0,0.0,92.83,
ERCOT,92.5,23,7,70,0,122,0.0,0.0,0.0,93.64,
ERCOT,92.5,23,8,69,0,117,0.0,0.0,0.0,92.67,
ERCOT,92.5,23,9,68,0,117,0.0,0.0,0.0,92.91,
ERCOT,92.5,24,6,70,0,122,0.0,0.0,0.0,93.44,
ERCOT,92.5,24,7,69,0,122,0.0,0.0,0.0,93.73,
ERCOT,92.5,24,8,68,0,117,0.0,0.0,0.0,92.76,
ERCOT,92.5,24,9,67,0,117,0.0,0.0,0.0,92.99,
ERCOT,92.5,25,1,74,0,127,0.0,0.0,0.0,92.79,
ERCOT,92.5,25,2,73,0,127,0.0,0.0,0.0,93.18,
ERCOT,92.5,25,3,72,0,122,0.0,0.0,0.0,92.53,
ERCOT,92.5,25,4,71,0,122,0.0,0.0,0.0,92.88,
ERCOT,92.5,25,6,69,0,122,0.0,0.0,0.0,93.52,
ERCOT,92.5,25,7,68,0,117,0.0,0.0,0.0,92.58,
ERCOT,92.5,25,8,67,0,117,0.0,0.0,0.0,92.84,
ERCOT,92.5,25,9,66,0,117,0.0,0.0,0.0,93.08,
ERCOT,92.5,26,1,73,0,127,0.0,0.0,0.0,92.87,
ERCOT,92.5,26,2,72,0,127,0.0,0.0,0.0,93.27,
ERCOT,92.5,26,3,71,0,122,0.0,0.0,0.0,92.62,
ERCOT,92.5,26,4,70,0,122,0.0,0.0,0.0,92.97,
ERCOT,92.5,26,5,69,0,122,0.0,0.0,0.0,93.3,
ERCOT,92.5,26,6,68,0,122,0.0,0.0,0.0,93.61,
ERCOT,92.5,26,7,67,0,117,0.0,0.0,0.0,92.67,
ERCOT,92.5,26,8,66,0,117,0.0,0.0,0.0,92.93,
ERCOT,92.5,27,1,72,0,127,0.0,0.0,0.0,92.96,
ERCOT,92.5,27,2,71,0,127,0.0,0.0,0.0,93.36,
ERCOT,92.5,27,3,70,0,122,0.0,0.0,0.0,92.7,
ERCOT,92.5,27,4,69,0,122,0.0,0.0,0.0,93.06,
ERCOT,92.5,27,5,68,0,122,0.0,0.0,0.0,93.39,
ERCOT,92.5,27,6,67,0,122,0.0,0.0,0.0,93.69,
ERCOT,92.5,27,7,66,0,117,0.0,0.0,0.0,92.75,
ERCOT,92.5,28,1,71,0,127,0.0,0.0,0.0,93.05,
ERCOT,92.5,28,2,70,0,127,0.0,0.0,0.0,93.44,
ERCOT,92.5,28,3,69,0,122,0.0,0.0,0.0,92.79,
ERCOT,92.5,28,4,68,0,122,0.0,0.0,0.0,93.14,
ERCOT,92.5,28,5,67,0,122,0.0,0.0,0.0,93.47,
ERCOT,92.5,28,6,66,0,117,0.0,0.0,0.0,92.56,
ERCOT,92.5,29,1,70,0,127,0.0,0.0,0.0,93.13,
ERCOT,92.5,29,2,69,0,122,0.0,0.0,0.0,92.51,
ERCOT,92.5,29,3,68,0,122,0.0,0.0,0.0,92.88,
ERCOT,92.5,29,4,67,0,122,0.0,0.0,0.0,93.23,
ERCOT,92.5,29,5,66,0,122,0.0,0.0,0.0,93.56,
ERCOT,92.5,21,50,29,0,172,0.0,0.0,0.0,92.78,
ERCOT,92.5,21,51,28,0,177,0.0,0.0,0.0,93.05,
ERCOT,92.5,21,52,27,0,182,0.0,0.0,0.0,93.29,
ERCOT,92.5,21,53,26,0,182,0.0,0.0,0.0,92.65,
ERCOT,92.5,21,54,25,0,187,0.0,0.0,0.0,92.84,
ERCOT,92.5,22,49,29,0,172,0.0,0.0,0.0,93.37,
ERCOT,92.5,22,50,28,0,172,0.0,0.0,0.0,92.78,
ERCOT,92.5,22,51,27,0,177,0.0,0.0,0.0,93.05,
ERCOT,92.5,22,52,26,0,182,0.0,0.0,0.0,93.29,
ERCOT,92.5,22,53,25,0,182,0.0,0.0,0.0,92.64,
ERCOT,92.5,22,54,24,0,187,0.0,0.0,0.0,92.83,
ERCOT,92.5,23,48,29,0,167,0.0,0.0,0.0,93.05,
ERCOT,92.5,23,49,28,0,172,0.0,0.0,0.0,93.37,
ERCOT,92.5,23,50,27,0,172,0.0,0.0,0.0,92.77,
ERCOT,92.5,23,51,26,0,177,0.0,0.0,0.0,93.05,
ERCOT,92.5,23,52,25,0,182,0.0,0.0,0.0,93.28,
ERCOT,92.5,23,53,24,0,182,0.0,0.0,0.0,92.62,
ERCOT,92.5,23,54,23,0,187,0.0,0.0,0.0,92.81,
ERCOT,92.5,24,47,29,0,162,0.0,0.0,0.0,92.67,
ERCOT,92.5,24,48,28,0,167,0.0,0.0,0.0,93.04,
ERCOT,92.5,24,49,27,0,172,0.0,0.0,0.0,93.37,
ERCOT,92.5,24,50,26,0,172,0.0,0.0,0.0,92.76,
ERCOT,92.5,24,51,25,0,177,0.0,0.0,0.0,93.04,
ERCOT,92.5,24,52,24,0,182,0.0,0.0,0.0,93.28,
ERCOT,92.5,24,53,23,0,182,0.0,0.0,0.0,92.6,
ERCOT,92.5,24,54,22,0,187,0.0,0.0,0.0,92.79,
ERCOT,92.5,25,46,29,0,162,0.0,0.0,0.0,93.24,
ERCOT,92.5,25,47,28,0,162,0.0,0.0,0.0,92.66,
ERCOT,92.5,25,48,27,0,167,0.0,0.0,0.0,93.04,
ERCOT,92.5,25,49,26,0,172,0.0,0.0,0.0,93.37,
ERCOT,92.5,25,51,24,0,177,0.0,0.0,0.0,93.03,
ERCOT,92.5,25,52,23,0,182,0.0,0.0,0.0,93.27,
ERCOT,92.5,25,53,22,0,182,0.0,0.0,0.0,92.58,
ERCOT,92.5,25,54,21,0,187,0.0,0.0,0.0,92.77,
ERCOT,92.5,26,46,28,0,162,0.0,0.0,0.0,93.24,
ERCOT,92.5,26,47,27,0,162,0.0,0.0,0.0,92.65,
ERCOT,92.5,26,48,26,0,167,0.0,0.0,0.0,93.03,
ERCOT,92.5,26,49,25,0,172,0.0,0.0,0.0,93.36,
ERCOT,92.5,27,46,27,0,162,0.0,0.0,0.0,93.23,
ERCOT,92.5,27,47,26,0,162,0.0,0.0,0.0,92.64,
ERCOT,92.5,27,48,25,0,167,0.0,0.0,0.0,93.02,
ERCOT,92.5,28,46,26,0,162,0.0,0.0,0.0,93.23,
ERCOT,92.5,28,47,25,0,162,0.0,0.0,0.0,92.62,
ERCOT,92.5,29,46,25,0,162,0.0,0.0,0.0,93.21,
ERCOT,92.5,71,15,14,0,112,0.0,0.0,0.0,94.16,
ERCOT,92.5,71,16,13,0,112,0.0,0.0,0.0,93.91,
ERCOT,92.5,71,17,12,0,112,0.0,0.0,0.0,93.6,
ERCOT,92.5,71,18,11,0,112,0.0,0.0,0.0,93.22,
ERCOT,92.5,71,19,10,0,112,0.0,0.0,0.0,92.8,
ERCOT,92.5,72,14,14,0,112,0.0,0.0,0.0,94.36,
ERCOT,92.5,72,15,13,0,112,0.0,0.0,0.0,94.15,
ERCOT,92.5,72,16,12,0,112,0.0,0.0,0.0,93.89,
ERCOT,92.5,72,17,11,0,112,0.0,0.0,0.0,93.57,
ERCOT,92.5,72,18,10,0,112,0.0,0.0,0.0,93.18,
ERCOT,92.5,72,19,9,0,112,0.0,0.0,0.0,92.74,
ERCOT,92.5,73,13,14,0,112,0.0,0.0,0.0,94.51,
ERCOT,92.5,73,14,13,0,112,0.0,0.0,0.0,94.35,
ERCOT,92.5,73,15,12,0,112,0.0,0.0,0.0,94.14,
ERCOT,92.5,73,16,11,0,112,0.0,0.0,0.0,93.87,
ERCOT,92.5,73,17,10,0,112,0.0,0.0,0.0,93.53,
ERCOT,92.5,73,18,9,0,112,0.0,0.0,0.0,93.14,
ERCOT,92.5,73,19,8,0,112,0.0,0.0,0.0,92.69,
ERCOT,92.5,74,12,14,0,107,0.0,0.0,0.0,92.51,
ERCOT,92.5,74,13,13,0,112,0.0,0.0,0.0,94.51,
ERCOT,92.5,74,14,12,0,112,0.0,0.0,0.0,94.34,
ERCOT,92.5,74,15,11,0,112,0.0,0.0,0.0,94.12,
ERCOT,92.5,74,16,10,0,112,0.0,0.0,0.0,93.84,
ERCOT,92.5,74,17,9,0,112,0.0,0.0,0.0,93.49,
ERCOT,92.5,74,18,8,0,112,0.0,0.0,0.0,93.09,
ERCOT,92.5,74,19,7,0,112,0.0,0.0,0.0,92.63,
ERCOT,92.5,75,11,14,0,107,0.0,0.0,0.0,92.6,
ERCOT,92.5,75,12,13,0,107,0.0,0.0,0.0,92.51,
ERCOT,92.5,75,13,12,0,112,0.0,0.0,0.0,94.51,
ERCOT,92.5,75,14,11,0,112,0.0,0.0,0.0,94.33,
ERCOT,92.5,75,16,9,0,112,0.0,0.0,0.0,93.81,
ERCOT,92.5,75,17,8,0,112,0.0,0.0,0.0,93.45,
ERCOT,92.5,75,18,7,0,112,0.0,0.0,0.0,93.04,
ERCOT,92.5,75,19,6,0,112,0.0,0.0,0.0,92.57,
ERCOT,92.5,76,11,13,0,107,0.0,0.0,0.0,92.61,
ERCOT,92.5,76,12,12,0,107,0.0,0.0,0.0,92.51,
ERCOT,92.5,76,13,11,0,112,0.0,0.0,0.0,94.5,
ERCOT,92.5,76,14,10,0,112,0.0,0.0,0.0,94.32,
ERCOT,92.5,76,15,9,0,112,0.0,0.0,0.0,94.08,
ERCOT,92.5,76,16,8,0,112,0.0,0.0,0.0,93.77,
ERCOT,92.5,76,17,7,0,112,0.0,0.0,0.0,93.41,
ERCOT,92.5,76,18,6,0,112,0.0,0.0,0.0,92.98,
ERCOT,92.5,77,11,12,0,107,0.0,0.0,0.0,92.61,
ERCOT,92.5,77,12,11,0,112,0.0,0.0,0.0,94.62,
ERCOT,92.5,77,13,10,0,112,0.0,0.0,0.0,94.49,
ERCOT,92.5,77,14,9,0,112,0.0,0.0,0.0,94.3,
ERCOT,92.5,77,15,8,0,112,0.0,0.0,0.0,94.05,
ERCOT,92.5,77,16,7,0,112,0.0,0.0,0.0,93.74,
ERCOT,92.5,77,17,6,0,112,0.0,0.0,0.0,93.36,
ERCOT,92.5,78,11,11,0,107,0.0,0.0,0.0,92.61,
ERCOT,92.5,78,12,10,0,112,0.0,0.0,0.0,94.62,
ERCOT,92.5,78,13,9,0,112,0.0,0.0,0.0,94.48,
ERCOT,92.5,78,14,8,0,112,0.0,0.0,0.0,94.28,
ERCOT,92.5,78,15,7,0,112,0.0,0.0,0.0,94.02,
ERCOT,92.5,78,16,6,0,112,0.0,0.0,0.0,93.7,
ERCOT,92.5,79,11,10,0,107,0.0,0.0,0.0,92.6,
ERCOT,92.5,79,12,9,0,112,0.0,0.0,0.0,94.62,
ERCOT,92.5,79,13,8,0,112,0.0,0.0,0.0,94.47,
ERCOT,92.5,79,14,7,0,112,0.0,0.0,0.0,94.26,
ERCOT,92.5,79,15,6,0,112,0.0,0.0,0.0,93.99,
ERCOT,92.5,26,45,29,0,157,0.0,0.0,0.0,92.82,
ERCOT,92.5,27,44,29,0,157,0.0,0.0,0.0,93.36,
ERCOT,92.5,27,45,28,0,157,0.0,0.0,0.0,92.81,
ERCOT,92.5,28,43,29,0,152,0.0,0.0,0.0,92.88,
ERCOT,92.5,28,44,28,0,157,0.0,0.0,0.0,93.36,
ERCOT,92.5,28,45,27,0,157,0.0,0.0,0.0,92.79,
ERCOT,92.5,29,42,29,0,152,0.0,0.0,0.0,93.41,
ERCOT,92.5,29,43,28,0,152,0.0,0.0,0.0,92.87,
ERCOT,92.5,29,44,27,0,157,0.0,0.0,0.0,93.35,
ERCOT,92.5,29,45,26,0,157,0.0,0.0,0.0,92.78,
ERCOT,92.5,30,41,29,0,147,0.0,0.0,0.0,92.87,
ERCOT,92.5,30,42,28,0,152,0.0,0.0,0.0,93.41,
ERCOT,92.5,30,43,27,0,152,0.0,0.0,0.0,92.86,
ERCOT,92.5,30,44,26,0,157,0.0,0.0,0.0,93.35,
ERCOT,92.5,31,41,28,0,147,0.0,0.0,0.0,92.86,
ERCOT,92.5,31,42,27,0,152,0.0,0.0,0.0,93.4,
ERCOT,92.5,31,43,26,0,152,0.0,0.0,0.0,92.84,
ERCOT,92.5,31,44,25,0,157,0.0,0.0,0.0,93.33,
ERCOT,92.5,31,45,24,0,157,0.0,0.0,0.0,92.74,
ERCOT,92.5,32,41,27,0,147,0.0,0.0,0.0,92.84,
ERCOT,92.5,32,42,26,0,152,0.0,0.0,0.0,93.39,
ERCOT,92.5,32,43,25,0,152,0.0,0.0,0.0,92.82,
ERCOT,92.5,32,44,24,0,157,0.0,0.0,0.0,93.32,
ERCOT,92.5,32,45,23,0,157,0.0,0.0,0.0,92.72,
ERCOT,92.5,33,41,26,0,147,0.0,0.0,0.0,92.83,
ERCOT,92.5,33,42,25,0,152,0.0,0.0,0.0,93.38,
ERCOT,92.5,33,43,24,0,152,0.0,0.0,0.0,92.8,
ERCOT,92.5,33,44,23,0,157,0.0,0.0,0.0,93.3,
ERCOT,92.5,33,45,22,0,157,0.0,0.0,0.0,92.69,
ERCOT,92.5,34,41,25,0,147,0.0,0.0,0.0,92.81,
ERCOT,92.5,34,42,24,0,152,0.0,0.0,0.0,93.36,
ERCOT,92.5,34,43,23,0,152,0.0,0.0,0.0,92.78,
ERCOT,92.5,34,44,22,0,157,0.0,0.0,0.0,93.28,
ERCOT,92.5,34,45,21,0,157,0.0,0.0,0.0,92.66,
ERCOT,92.5,51,40,9,0,147,0.0,0.0,0.0,92.65,
ERCOT,92.5,51,41,8,0,152,0.0,0.0,0.0,93.26,
ERCOT,92.5,51,42,7,0,152,0.0,0.0,0.0,92.52,
ERCOT,92.5,51,43,6,0,157,0.0,0.0,0.0,93.06,
ERCOT,92.5,51,44,5,0,162,0.0,0.0,0.0,93.54,
ERCOT,92.5,52,39,9,0,147,0.0,0.0,0.0,93.28,
ERCOT,92.5,52,40,8,0,147,0.0,0.0,0.0,92.57,
ERCOT,92.5,52,41,7,0,152,0.0,0.0,0.0,93.19,
ERCOT,92.5,52,42,6,0,157,0.0,0.0,0.0,93.72,
ERCOT,92.5,52,43,5,0,157,0.0,0.0,0.0,92.97,
ERCOT,92.5,52,44,4,0,162,0.0,0.0,0.0,93.44,
ERCOT,92.5,53,38,9,0,142,0.0,0.0,0.0,92.52,
ERCOT,92.5,53,39,8,0,147,0.0,0.0,0.0,93.21,
ERCOT,92.5,53,40,7,0,152,0.0,0.0,0.0,93.81,
ERCOT,92.5,53,41,6,0,152,0.0,0.0,0.0,93.1,
ERCOT,92.5,53,42,5,0,157,0.0,0.0,0.0,93.64,
ERCOT,92.5,53,43,4,0,157,0.0,0.0,0.0,92.87,
ERCOT,92.5,53,44,3,0,162,0.0,0.0,0.0,93.34,
ERCOT,92.5,54,37,9,0,142,0.0,0.0,0.0,93.13,
ERCOT,92.5,54,38,8,0,147,0.0,0.0,0.0,93.81,
ERCOT,92.5,54,39,7,0,147,0.0,0.0,0.0,93.13,
ERCOT,92.5,54,40,6,0,152,0.0,0.0,0.0,93.74,
ERCOT,92.5,54,41,5,0,152,0.0,0.0,0.0,93.01,
ERCOT,92.5,54,42,4,0,157,0.0,0.0,0.0,93.55,
ERCOT,92.5,54,43,3,0,157,0.0,0.0,0.0,92.76,
ERCOT,92.5,54,44,2,0,162,0.0,0.0,0.0,93.24,
ERCOT,92.5,55,36,9,0,142,0.0,0.0,0.0,93.72,
ERCOT,92.5,55,37,8,0,142,0.0,0.0,0.0,93.06,
ERCOT,92.5,55,38,7,0,147,0.0,0.0,0.0,93.74,
ERCOT,92.5,55,39,6,0,147,0.0,0.0,0.0,93.05,
ERCOT,92.5,55,41,4,0,152,0.0,0.0,0.0,92.91,
ERCOT,92.5,55,42,3,0,157,0.0,0.0,0.0,93.46,
ERCOT,92.5,55,43,2,0,157,0.0,0.0,0.0,92.65,
ERCOT,92.5,55,44,1,0,162,0.0,0.0,0.0,93.12,
ERCOT,92.5,56,36,8,0,142,0.0,0.0,0.0,93.65,
ERCOT,92.5,56,37,7,0,142,0.0,0.0,0.0,92.99,
ERCOT,92.5,56,38,6,0,147,0.0,0.0,0.0,93.67,
ERCOT,92.5,56,39,5,0,147,0.0,0.0,0.0,92.96,
ERCOT,92.5,56,40,4,0,152,0.0,0.0,0.0,93.57,
ERCOT,92.5,56,41,3,0,152,0.0,0.0,0.0,92.81,
ERCOT,92.5,56,42,2,0,157,0.0,0.0,0.0,93.35,
ERCOT,92.5,56,43,1,0,157,0.0,0.0,0.0,92.52,
ERCOT,92.5,57,36,7,0,142,0.0,0.0,0.0,93.58,
ERCOT,92.5,57,37,6,0,142,0.0,0.0,0.0,92.9,
ERCOT,92.5,57,38,5,0,147,0.0,0.0,0.0,93.59,
ERCOT,92.5,57,39,4,0,147,0.0,0.0,0.0,92.86,
ERCOT,92.5,57,40,3,0,152,0.0,0.0,0.0,93.48,
ERCOT,92.5,57,41,2,0,152,0.0,0.0,0.0,92.7,
ERCOT,92.5,57,42,1,0,157,0.0,0.0,0.0,93.24,
ERCOT,92.5,58,36,6,0,142,0.0,0.0,0.0,93.51,
ERCOT,92.5,58,37,5,0,142,0.0,0.0,0.0,92.81,
ERCOT,92.5,58,38,4,0,147,0.0,0.0,0.0,93.51,
ERCOT,92.5,58,39,3,0,147,0.0,0.0,0.0,92.76,
ERCOT,92.5,58,40,2,0,152,0.0,0.0,0.0,93.38,
ERCOT,92.5,58,41,1,0,152,0.0,0.0,0.0,92.58,
ERCOT,92.5,59,36,5,0,142,0.0,0.0,0.0,93.43,
ERCOT,92.5,59,37,4,0,142,0.0,0.0,0.0,92.72,
ERCOT,92.5,59,38,3,0,147,0.0,0.0,0.0,93.41,
ERCOT,92.5,59,39,2,0,147,0.0,0.0,0.0,92.65,
ERCOT,92.5,59,40,1,0,152,0.0,0.0,0.0,93.27,
ERCOT,92.5,31,30,39,0,127,0.0,0.0,0.0,93.37,
ERCOT,92.5,31,31,38,0,127,0.0,0.0,0.0,92.96,
ERCOT,92.5,31,32,37,0,127,0.0,0.0,0.0,92.52,
ERCOT,92.5,31,33,36,0,132,0.0,0.0,0.0,93.32,
ERCOT,92.5,31,34,35,0,132,0.0,0.0,0.0,92.87,
ERCOT,92.5,32,29,39,0,127,0.0,0.0,0.0,93.77,
ERCOT,92.5,32,30,38,0,127,0.0,0.0,0.0,93.38,
ERCOT,92.5,32,31,37,0,127,0.0,0.0,0.0,92.96,
ERCOT,92.5,32,32,36,0,127,0.0,0.0,0.0,92.52,
ERCOT,92.5,32,33,35,0,132,0.0,0.0,0.0,93.32,
ERCOT,92.5,32,34,34,0,132,0.0,0.0,0.0,92.87,
ERCOT,92.5,33,28,39,0,122,0.0,0.0,0.0,92.91,
ERCOT,92.5,33,29,38,0,127,0.0,0.0,0.0,93.78,
ERCOT,92.5,33,30,37,0,127,0.0,0.0,0.0,93.38,
ERCOT,92.5,33,31,36,0,127,0.0,0.0,0.0,92.96,
ERCOT,92.5,33,32,35,0,127,0.0,0.0,0.0,92.51,
ERCOT,92.5,33,33,34,0,132,0.0,0.0,0.0,93.32,
ERCOT,92.5,33,34,33,0,132,0.0,0.0,0.0,92.86,
ERCOT,92.5,34,27,39,0,122,0.0,0.0,0.0,93.31,
ERCOT,92.5,34,28,38,0,122,0.0,0.0,0.0,92.92,
ERCOT,92.5,34,29,37,0,127,0.0,0.0,0.0,93.78,
ERCOT,92.5,34,30,36,0,127,0.0,0.0,0.0,93.39,
ERCOT,92.5,34,31,35,0,127,0.0,0.0,0.0,92.96,
ERCOT,92.5,34,32,34,0,127,0.0,0.0,0.0,92.5,
ERCOT,92.5,34,33,33,0,132,0.0,0.0,0.0,93.32,
ERCOT,92.5,34,34,32,0,132,0.0,0.0,0.0,92.86,
ERCOT,92.5,35,26,39,0,122,0.0,0.0,0.0,93.69,
ERCOT,92.5,35,27,38,0,122,0.0,0.0,0.0,93.32,
ERCOT,92.5,35,28,37,0,122,0.0,0.0,0.0,92.92,
ERCOT,92.5,35,29,36,0,127,0.0,0.0,0.0,93.79,
ERCOT,92.5,35,31,34,0,127,0.0,0.0,0.0,92.96,
ERCOT,92.5,35,32,33,0,132,0.0,0.0,0.0,93.76,
ERCOT,92.5,35,33,32,0,132,0.0,0.0,0.0,93.32,
ERCOT,92.5,35,34,31,0,132,0.0,0.0,0.0,92.85,
ERCOT,92.5,36,26,38,0,122,0.0,0.0,0.0,93.7,
ERCOT,92.5,36,27,37,0,122,0.0,0.0,0.0,93.32,
ERCOT,92.5,36,28,36,0,122,0.0,0.0,0.0,92.92,
ERCOT,92.5,36,29,35,0,127,0.0,0.0,0.0,93.8,
ERCOT,92.5,36,30,34,0,127,0.0,0.0,0.0,93.39,
ERCOT,92.5,36,31,33,0,127,0.0,0.0,0.0,92.95,
ERCOT,92.5,36,32,32,0,132,0.0,0.0,0.0,93.76,
ERCOT,92.5,36,33,31,0,132,0.0,0.0,0.0,93.32,
ERCOT,92.5,37,26,37,0,122,0.0,0.0,0.0,93.71,
ERCOT,92.5,37,27,36,0,122,0.0,0.0,0.0,93.32,
ERCOT,92.5,37,28,35,0,122,0.0,0.0,0.0,92.91,
ERCOT,92.5,37,29,34,0,127,0.0,0.0,0.0,93.8,
ERCOT,92.5,37,30,33,0,127,0.0,0.0,0.0,93.39,
ERCOT,92.5,37,31,32,0,127,0.0,0.0,0.0,92.95,
ERCOT,92.5,37,32,31,0,132,0.0,0.0,0.0,93.76,
ERCOT,92.5,38,26,36,0,122,0.0,0.0,0.0,93.71,
ERCOT,92.5,38,27,35,0,122,0.0,0.0,0.0,93.33,
ERCOT,92.5,38,28,34,0,122,0.0,0.0,0.0,92.91,
ERCOT,92.5,38,29,33,0,127,0.0,0.0,0.0,93.81,
ERCOT,92.5,38,30,32,0,127,0.0,0.0,0.0,93.39,
ERCOT,92.5,38,31,31,0,127,0.0,0.0,0.0,92.94,
ERCOT,92.5,39,26,35,0,122,0.0,0.0,0.0,93.72,
ERCOT,92.5,39,27,34,0,122,0.0,0.0,0.0,93.32,
ERCOT,92.5,39,28,33,0,122,0.0,0.0,0.0,92.9,
ERCOT,92.5,39,29,32,0,127,0.0,0.0,0.0,93.81,
ERCOT,92.5,39,30,31,0,127,0.0,0.0,0.0,93.38,
ERCOT,92.5,36,10,54,0,112,0.0,0.0,0.0,92.65,
ERCOT,92.5,36,11,53,0,112,0.0,0.0,0.0,92.8,
ERCOT,92.5,36,12,52,0,112,0.0,0.0,0.0,92.93,
ERCOT,92.5,36,13,51,0,112,0.0,0.0,0.0,93.02,
ERCOT,92.5,36,14,50,0,112,0.0,0.0,0.0,93.08,
ERCOT,92.5,37,9,54,0,112,0.0,0.0,0.0,92.54,
ERCOT,92.5,37,10,53,0,112,0.0,0.0,0.0,92.72,
ERCOT,92.5,37,11,52,0,112,0.0,0.0,0.0,92.87,
ERCOT,92.5,37,12,51,0,112,0.0,0.0,0.0,93.0,
ERCOT,92.5,37,13,50,0,112,0.0,0.0,0.0,93.09,
ERCOT,92.5,37,14,49,0,112,0.0,0.0,0.0,93.14,
ERCOT,92.5,38,8,54,0,117,0.0,0.0,0.0,93.89,
ERCOT,92.5,38,9,53,0,112,0.0,0.0,0.0,92.62,
ERCOT,92.5,38,10,52,0,112,0.0,0.0,0.0,92.79,
ERCOT,92.5,38,11,51,0,112,0.0,0.0,0.0,92.94,
ERCOT,92.5,38,12,50,0,112,0.0,0.0,0.0,93.06,
ERCOT,92.5,38,13,49,0,112,0.0,0.0,0.0,93.15,
ERCOT,92.5,38,14,48,0,112,0.0,0.0,0.0,93.2,
ERCOT,92.5,39,7,54,0,117,0.0,0.0,0.0,93.72,
ERCOT,92.5,39,8,53,0,117,0.0,0.0,0.0,93.96,
ERCOT,92.5,39,9,52,0,112,0.0,0.0,0.0,92.69,
ERCOT,92.5,39,10,51,0,112,0.0,0.0,0.0,92.86,
ERCOT,92.5,39,11,50,0,112,0.0,0.0,0.0,93.01,
ERCOT,92.5,39,12,49,0,112,0.0,0.0,0.0,93.13,
ERCOT,92.5,39,13,48,0,112,0.0,0.0,0.0,93.21,
ERCOT,92.5,39,14,47,0,112,0.0,0.0,0.0,93.26,
ERCOT,92.5,40,6,54,0,117,0.0,0.0,0.0,93.53,
ERCOT,92.5,40,7,53,0,117,0.0,0.0,0.0,93.8,
ERCOT,92.5,40,8,52,0,112,0.0,0.0,0.0,92.56,
ERCOT,92.5,40,9,51,0,112,0.0,0.0,0.0,92.76,
ERCOT,92.5,40,11,49,0,112,0.0,0.0,0.0,93.08,
ERCOT,92.5,40,12,48,0,112,0.0,0.0,0.0,93.19,
ERCOT,92.5,40,13,47,0,112,0.0,0.0,0.0,93.27,
ERCOT,92.5,40,14,46,0,112,0.0,0.0,0.0,93.32,
ERCOT,92.5,41,6,53,0,117,0.0,0.0,0.0,93.61,
ERCOT,92.5,41,7,52,0,117,0.0,0.0,0.0,93.88,
ERCOT,92.5,41,8,51,0,112,0.0,0.0,0.0,92.64,
ERCOT,92.5,41,9,50,0,112,0.0,0.0,0.0,92.83,
ERCOT,92.5,42,6,52,0,117,0.0,0.0,0.0,93.69,
ERCOT,92.5,42,7,51,0,117,0.0,0.0,0.0,93.95,
ERCOT,92.5,42,8,50,0,112,0.0,0.0,0.0,92.71,
ERCOT,92.5,43,6,51,0,117,0.0,0.0,0.0,93.76,
ERCOT,92.5,43,7,50,0,112,0.0,0.0,0.0,92.56,
ERCOT,92.5,44,6,50,0,117,0.0,0.0,0.0,93.84,
ERCOT,92.5,21,65,14,0,247,0.0,0.0,0.0,93.02,
ERCOT,92.5,21,66,13,0,212,0.0,0.0,0.5,93.08,
ERCOT,92.5,21,66,13,0,177,0.0,0.0,1.0,92.55,
ERCOT,92.5,21,66,13,0,152,0.0,0.0,1.5,92.83,
ERCOT,92.5,21,66,13,0,137,0.0,0.0,2.0,92.56,
ERCOT,92.5,21,66,13,0,137,0.0,0.0,2.5,93.76,
ERCOT,92.5,21,66,13,0,117,0.0,0.25,0.0,93.15,
ERCOT,92.5,21,66,13,0,117,0.0,0.25,0.5,93.41,
ERCOT,92.5,21,66,13,0,117,0.0,0.5,0.0,93.36,
ERCOT,92.5,21,66,13,0,117,0.0,0.5,0.5,93.36,
ERCOT,92.5,21,66,13,0,117,0.0,0.75,0.0,93.36,
ERCOT,92.5,21,66,13,0,117,0.0,0.75,0.5,93.36,
ERCOT,92.5,21,66,13,0,117,0.0,1.0,0.0,93.36,
ERCOT,92.5,21,66,13,0,117,0.0,1.0,0.5,93.36,
ERCOT,92.5,21,66,13,0,117,0.25,0.0,0.0,93.22,
ERCOT,92.5,21,66,13,0,117,0.25,0.0,0.5,93.22,
ERCOT,92.5,21,66,13,0,117,0.25,0.25,0.0,93.22,
ERCOT,92.5,21,66,13,0,117,0.25,0.25,0.5,93.22,
ERCOT,92.5,21,66,13,0,117,0.25,0.5,0.0,93.22,
ERCOT,92.5,21,66,13,0,117,0.25,0.5,0.5,93.22,
ERCOT,92.5,21,66,13,0,117,0.25,0.75,0.0,93.22,
ERCOT,92.5,21,66,13,0,117,0.25,0.75,0.5,93.22,
ERCOT,92.5,21,66,13,0,117,0.25,1.0,0.0,93.22,
ERCOT,92.5,21,66,13,0,117,0.25,1.0,0.5,93.22,
ERCOT,92.5,21,66,13,0,117,0.5,0.0,0.0,93.22,
ERCOT,92.5,21,66,13,0,117,0.5,0.0,0.5,93.22,
ERCOT,92.5,21,66,13,0,117,0.5,0.25,0.0,93.22,
ERCOT,92.5,21,66,13,0,117,0.5,0.25,0.5,93.22,
ERCOT,92.5,21,66,13,0,117,0.5,0.5,0.0,93.22,
ERCOT,92.5,21,66,13,0,117,0.5,0.5,0.5,93.22,
ERCOT,92.5,21,66,13,0,117,0.5,0.75,0.0,93.22,
ERCOT,92.5,21,66,13,0,117,0.5,0.75,0.5,93.22,
ERCOT,92.5,21,66,13,0,117,0.5,1.0,0.0,93.22,
ERCOT,92.5,21,66,13,0,117,0.5,1.0,0.5,93.22,
ERCOT,92.5,21,67,12,0,217,0.0,0.0,0.5,92.78,
ERCOT,92.5,21,67,12,0,187,0.0,0.0,1.0,93.42,
ERCOT,92.5,21,67,12,0,157,0.0,0.0,1.5,93.05,
ERCOT,92.5,21,67,12,0,142,0.0,0.0,2.0,93.38,
ERCOT,92.5,21,67,12,0,137,0.0,0.0,2.5,93.3,
ERCOT,92.5,21,67,12,0,117,0.0,0.25,0.0,92.83,
ERCOT,92.5,21,67,12,0,117,0.0,0.25,0.5,93.15,
ERCOT,92.5,21,67,12,0,117,0.0,0.5,0.0,93.13,
ERCOT,92.5,21,67,12,0,117,0.0,0.5,0.5,93.13,
ERCOT,92.5,21,67,12,0,117,0.0,0.75,0.0,93.13,
ERCOT,92.5,21,67,12,0,117,0.0,0.75,0.5,93.13,
ERCOT,92.5,21,67,12,0,117,0.0,1.0,0.0,93.13,
ERCOT,92.5,21,67,12,0,117,0.0,1.0,0.5,93.13,
ERCOT,92.5,21,67,12,0,117,0.25,0.0,0.0,93.0,
ERCOT,92.5,21,67,12,0,117,0.25,0.0,0.5,93.0,
ERCOT,92.5,21,67,12,0,117,0.25,0.25,0.0,93.0,
ERCOT,92.5,21,67,12,0,117,0.25,0.25,0.5,93.0,
ERCOT,92.5,21,67,12,0,117,0.25,0.5,0.0,93.0,
ERCOT,92.5,21,67,12,0,117,0.25,0.5,0.5,93.0,
ERCOT,92.5,21,67,12,0,117,0.25,0.75,0.0,93.0,
ERCOT,92.5,21,67,12,0,117,0.25,0.75,0.5,93.0,
ERCOT,92.5,21,67,12,0,117,0.25,1.0,0.0,93.0,
ERCOT,92.5,21,67,12,0,117,0.25,1.0,0.5,93.0,
ERCOT,92.5,21,67,12,0,117,0.5,0.0,0.0,93.0,
ERCOT,92.5,21,67,12,0,117,0.5,0.0,0.5,93.0,
ERCOT,92.5,21,67,12,0,117,0.5,0.25,0.0,93.0,
ERCOT,92.5,21,67,12,0,117,0.5,0.25,0.5,93.0,
ERCOT,92.5,21,67,12,0,117,0.5,0.5,0.0,93.0,
ERCOT,92.5,21,67,12,0,117,0.5,0.5,0.5,93.0,
ERCOT,92.5,21,67,12,0,117,0.5,0.75,0.0,93.0,
ERCOT,92.5,21,67,12,0,117,0.5,0.75,0.5,93.0,
ERCOT,92.5,21,67,12,0,117,0.5,1.0,0.0,93.0,
ERCOT,92.5,21,67,12,0,117,0.5,1.0,0.5,93.0,
ERCOT,92.5,21,68,11,0,227,0.0,0.0,0.5,93.28,
ERCOT,92.5,21,68,11,0,192,0.0,0.0,1.0,93.28,
ERCOT,92.5,21,68,11,0,162,0.0,0.0,1.5,93.19,
ERCOT,92.5,21,68,11,0,142,0.0,0.0,2.0,92.74,
ERCOT,92.5,21,68,11,0,137,0.0,0.0,2.5,92.76,
ERCOT,92.5,21,68,11,0,122,0.0,0.25,0.0,94.02,
ERCOT,92.5,21,68,11,0,117,0.0,0.25,0.5,92.85,
ERCOT,92.5,21,68,11,0,117,0.0,0.25,1.0,93.12,
ERCOT,92.5,21,68,11,0,117,0.0,0.5,0.0,92.91,
ERCOT,92.5,21,68,11,0,117,0.0,0.5,0.5,92.91,
ERCOT,92.5,21,68,11,0,117,0.0,0.75,0.0,92.91,
ERCOT,92.5,21,68,11,0,117,0.0,0.75,0.5,92.91,
ERCOT,92.5,21,68,11,0,117,0.0,1.0,0.0,92.91,
ERCOT,92.5,21,68,11,0,117,0.0,1.0,0.5,92.91,
ERCOT,92.5,21,68,11,0,117,0.25,0.0,0.0,92.77,
ERCOT,92.5,21,68,11,0,117,0.25,0.0,0.5,92.77,
ERCOT,92.5,21,68,11,0,117,0.25,0.25,0.0,92.77,
ERCOT,92.5,21,68,11,0,117,0.25,0.25,0.5,92.77,
ERCOT,92.5,21,68,11,0,117,0.25,0.5,0.0,92.77,
ERCOT,92.5,21,68,11,0,117,0.25,0.5,0.5,92.77,
ERCOT,92.5,21,68,11,0,117,0.25,0.75,0.0,92.77,
ERCOT,92.5,21,68,11,0,117,0.25,0.75,0.5,92.77,
ERCOT,92.5,21,68,11,0,117,0.25,1.0,0.0,92.77,
ERCOT,92.5,21,68,11,0,117,0.25,1.0,0.5,92.77,
ERCOT,92.5,21,68,11,0,117,0.5,0.0,0.0,92.77,
ERCOT,92.5,21,68,11,0,117,0.5,0.0,0.5,92.77,
ERCOT,92.5,21,68,11,0,117,0.5,0.25,0.0,92.77,
ERCOT,92.5,21,68,11,0,117,0.5,0.25,0.5,92.77,
ERCOT,92.5,21,68,11,0,117,0.5,0.5,0.0,92.77,
ERCOT,92.5,21,68,11,0,117,0.5,0.5,0.5,92.77,
ERCOT,92.5,21,68,11,0,117,0.5,0.75,0.0,92.77,
ERCOT,92.5,21,68,11,0,117,0.5,0.75,0.5,92.77,
ERCOT,92.5,21,68,11,0,117,0.5,1.0,0.0,92.77,
ERCOT,92.5,21,68,11,0,117,0.5,1.0,0.5,92.77,
ERCOT,92.5,21,69,10,0,232,0.0,0.0,0.5,92.83,
ERCOT,92.5,21,69,10,0,197,0.0,0.0,1.0,93.07,
ERCOT,92.5,21,69,10,0,167,0.0,0.0,1.5,93.25,
ERCOT,92.5,21,69,10,0,147,0.0,0.0,2.0,93.31,
ERCOT,92.5,21,69,10,0,142,0.0,0.0,2.5,94.09,
ERCOT,92.5,21,69,10,0,122,0.0,0.25,0.0,93.62,
ERCOT,92.5,21,69,10,0,122,0.0,0.25,0.5,94.33,
ERCOT,92.5,21,69,10,0,117,0.0,0.5,0.0,92.67,
ERCOT,92.5,21,69,10,0,117,0.0,0.5,0.5,92.67,
ERCOT,92.5,21,69,10,0,117,0.0,0.75,0.0,92.67,
ERCOT,92.5,21,69,10,0,117,0.0,0.75,0.5,92.67,
ERCOT,92.5,21,69,10,0,117,0.0,1.0,0.0,92.67,
ERCOT,92.5,21,69,10,0,117,0.0,1.0,0.5,92.67,
ERCOT,92.5,21,69,10,0,117,0.25,0.0,0.0,92.54,
ERCOT,92.5,21,69,10,0,117,0.25,0.0,0.5,92.54,
ERCOT,92.5,21,69,10,0,117,0.25,0.25,0.0,92.54,
ERCOT,92.5,21,69,10,0,117,0.25,0.25,0.5,92.54,
ERCOT,92.5,21,69,10,0,117,0.25,0.5,0.0,92.54,
ERCOT,92.5,21,69,10,0,117,0.25,0.5,0.5,92.54,
ERCOT,92.5,21,69,10,0,117,0.25,0.75,0.0,92.54,
ERCOT,92.5,21,69,10,0,117,0.25,0.75,0.5,92.54,
ERCOT,92.5,21,69,10,0,117,0.25,1.0,0.0,92.54,
ERCOT,92.5,21,69,10,0,117,0.25,1.0,0.5,92.54,
ERCOT,92.5,21,69,10,0,117,0.5,0.0,0.0,92.54,
ERCOT,92.5,21,69,10,0,117,0.5,0.0,0.5,92.54,
ERCOT,92.5,21,69,10,0,117,0.5,0.25,0.0,92.54,
ERCOT,92.5,21,69,10,0,117,0.5,0.25,0.5,92.54,
ERCOT,92.5,21,69,10,0,117,0.5,0.5,0.0,92.54,
ERCOT,92.5,21,69,10,0,117,0.5,0.5,0.5,92.54,
ERCOT,92.5,21,69,10,0,117,0.5,0.75,0.0,92.54,
ERCOT,92.5,21,69,10,0,117,0.5,0.75,0.5,92.54,
ERCOT,92.5,21,69,10,0,117,0.5,1.0,0.0,92.54,
ERCOT,92.5,21,69,10,0,117,0.5,1.0,0.5,92.54,
ERCOT,92.5,22,64,14,0,237,0.0,0.0,0.0,92.53,
ERCOT,92.5,22,65,13,0,247,0.0,0.0,0.0,92.97,
ERCOT,92.5,22,66,12,0,212,0.0,0.0,0.5,92.95,
ERCOT,92.5,22,66,12,0,182,0.0,0.0,1.0,93.4,
ERCOT,92.5,22,66,12,0,152,0.0,0.0,1.5,92.75,
ERCOT,92.5,22,66,12,0,142,0.0,0.0,2.0,93.95,
ERCOT,92.5,22,66,12,0,137,0.0,0.0,2.5,93.71,
ERCOT,92.5,22,66,12,0,117,0.0,0.25,0.0,93.12,
ERCOT,92.5,22,66,12,0,117,0.0,0.25,0.5,93.39,
ERCOT,92.5,22,66,12,0,117,0.0,0.5,0.0,93.33,
ERCOT,92.5,22,66,12,0,117,0.0,0.5,0.5,93.33,
ERCOT,92.5,22,66,12,0,117,0.0,0.75,0.0,93.33,
ERCOT,92.5,22,66,12,0,117,0.0,0.75,0.5,93.33,
ERCOT,92.5,22,66,12,0,117,0.0,1.0,0.0,93.33,
ERCOT,92.5,22,66,12,0,117,0.0,1.0,0.5,93.33,
ERCOT,92.5,22,66,12,0,117,0.25,0.0,0.0,93.2,
ERCOT,92.5,22,66,12,0,117,0.25,0.0,0.5,93.2,
ERCOT,92.5,22,66,12,0,117,0.25,0.25,0.0,93.2,
ERCOT,92.5,22,66,12,0,117,0.25,0.25,0.5,93.2,
ERCOT,92.5,22,66,12,0,117,0.25,0.5,0.0,93.2,
ERCOT,92.5,22,66,12,0,117,0.25,0.5,0.5,93.2,
ERCOT,92.5,22,66,12,0,117,0.25,0.75,0.0,93.2,
ERCOT,92.5,22,66,12,0,117,0.25,0.75,0.5,93.2,
ERCOT,92.5,22,66,12,0,117,0.25,1.0,0.0,93.2,
ERCOT,92.5,22,66,12,0,117,0.25,1.0,0.5,93.2,
ERCOT,92.5,22,66,12,0,117,0.5,0.0,0.0,93.2,
ERCOT,92.5,22,66,12,0,117,0.5,0.0,0.5,93.2,
ERCOT,92.5,22,66,12,0,117,0.5,0.25,0.0,93.2,
ERCOT,92.5,22,66,12,0,117,0.5,0.25,0.5,93.2,
ERCOT,92.5,22,66,12,0,117,0.5,0.5,0.0,93.2,
ERCOT,92.5,22,66,12,0,117,0.5,0.5,0.5,93.2,
ERCOT,92.5,22,66,12,0,117,0.5,0.75,0.0,93.2,
ERCOT,92.5,22,66,12,0,117,0.5,0.75,0.5,93.2,
ERCOT,92.5,22,66,12,0,117,0.5,1.0,0.0,93.2,
ERCOT,92.5,22,66,12,0,117,0.5,1.0,0.5,93.2,
ERCOT,92.5,22,67,11,0,217,0.0,0.0,0.5,92.65,
ERCOT,92.5,22,67,11,0,187,0.0,0.0,1.0,93.31,
ERCOT,92.5,22,67,11,0,157,0.0,0.0,1.5,92.96,
ERCOT,92.5,22,67,11,0,142,0.0,0.0,2.0,93.31,
ERCOT,92.5,22,67,11,0,137,0.0,0.0,2.5,93.25,
ERCOT,92.5,22,67,11,0,117,0.0,0.25,0.0,92.79,
ERCOT,92.5,22,67,11,0,117,0.0,0.25,0.5,93.12,
ERCOT,92.5,22,67,11,0,117,0.0,0.5,0.0,93.11,
ERCOT,92.5,22,67,11,0,117,0.0,0.5,0.5,93.11,
ERCOT,92.5,22,67,11,0,117,0.0,0.75,0.0,93.11,
ERCOT,92.5,22,67,11,0,117,0.0,0.75,0.5,93.11,
ERCOT,92.5,22,67,11,0,117,0.0,1.0,0.0,93.11,
ERCOT,92.5,22,67,11,0,117,0.0,1.0,0.5,93.11,
ERCOT,92.5,22,67,11,0,117,0.25,0.0,0.0,92.97,
ERCOT,92.5,22,67,11,0,117,0.25,0.0,0.5,92.97,
ERCOT,92.5,22,67,11,0,117,0.25,0.25,0.0,92.97,
ERCOT,92.5,22,67,11,0,117,0.25,0.25,0.5,92.97,
ERCOT,92.5,22,67,11,0,117,0.25,0.5,0.0,92.97,
ERCOT,92.5,22,67,11,0,117,0.25,0.5,0.5,92.97,
ERCOT,92.5,22,67,11,0,117,0.25,0.75,0.0,92.97,
ERCOT,92.5,22,67,11,0,117,0.25,0.75,0.5,92.97,
ERCOT,92.5,22,67,11,0,117,0.25,1.0,0.0,92.97,
ERCOT,92.5,22,67,11,0,117,0.25,1.0,0.5,92.97,
ERCOT,92.5,22,67,11,0,117,0.5,0.0,0.0,92.97,
ERCOT,92.5,22,67,11,0,117,0.5,0.0,0.5,92.97,
ERCOT,92.5,22,67,11,0,117,0.5,0.25,0.0,92.97,
ERCOT,92.5,22,67,11,0,117,0.5,0.25,0.5,92.97,
ERCOT,92.5,22,67,11,0,117,0.5,0.5,0.0,92.97,
ERCOT,92.5,22,67,11,0,117,0.5,0.5,0.5,92.97,
ERCOT,92.5,22,67,11,0,117,0.5,0.75,0.0,92.97,
ERCOT,92.5,22,67,11,0,117,0.5,0.75,0.5,92.97,
ERCOT,92.5,22,67,11,0,117,0.5,1.0,0.0,92.97,
ERCOT,92.5,22,67,11,0,117,0.5,1.0,0.5,92.97,
ERCOT,92.5,22,68,10,0,227,0.0,0.0,0.5,93.14,
ERCOT,92.5,22,68,10,0,192,0.0,0.0,1.0,93.16,
ERCOT,92.5,22,68,10,0,162,0.0,0.0,1.5,93.09,
ERCOT,92.5,22,68,10,0,142,0.0,0.0,2.0,92.67,
ERCOT,92.5,22,68,10,0,137,0.0,0.0,2.5,92.63,
ERCOT,92.5,22,68,10,0,122,0.0,0.25,0.0,93.99,
ERCOT,92.5,22,68,10,0,117,0.0,0.25,0.5,92.81,
ERCOT,92.5,22,68,10,0,117,0.0,0.25,1.0,93.09,
ERCOT,92.5,22,68,10,0,117,0.0,0.5,0.0,92.88,
ERCOT,92.5,22,68,10,0,117,0.0,0.5,0.5,92.88,
ERCOT,92.5,22,68,10,0,117,0.0,0.75,0.0,92.88,
ERCOT,92.5,22,68,10,0,117,0.0,0.75,0.5,92.88,
ERCOT,92.5,22,68,10,0,117,0.0,1.0,0.0,92.88,
ERCOT,92.5,22,68,10,0,117,0.0,1.0,0.5,92.88,
ERCOT,92.5,22,68,10,0,117,0.25,0.0,0.0,92.74,
ERCOT,92.5,22,68,10,0,117,0.25,0.0,0.5,92.74,
ERCOT,92.5,22,68,10,0,117,0.25,0.25,0.0,92.74,
ERCOT,92.5,22,68,10,0,117,0.25,0.25,0.5,92.74,
ERCOT,92.5,22,68,10,0,117,0.25,0.5,0.0,92.74,
ERCOT,92.5,22,68,10,0,117,0.25,0.5,0.5,92.74,
ERCOT,92.5,22,68,10,0,117,0.25,0.75,0.0,92.74,
ERCOT,92.5,22,68,10,0,117,0.25,0.75,0.5,92.74,
ERCOT,92.5,22,68,10,0,117,0.25,1.0,0.0,92.74,
ERCOT,92.5,22,68,10,0,117,0.25,1.0,0.5,92.74,
ERCOT,92.5,22,68,10,0,117,0.5,0.0,0.0,92.74,
ERCOT,92.5,22,68,10,0,117,0.5,0.0,0.5,92.74,
ERCOT,92.5,22,68,10,0,117,0.5,0.25,0.0,92.74,
ERCOT,92.5,22,68,10,0,117,0.5,0.25,0.5,92.74,
ERCOT,92.5,22,68,10,0,117,0.5,0.5,0.0,92.74,
ERCOT,92.5,22,68,10,0,117,0.5,0.5,0.5,92.74,
ERCOT,92.5,22,68,10,0,117,0.5,0.75,0.0,92.74,
ERCOT,92.5,22,68,10,0,117,0.5,0.75,0.5,92.74,
ERCOT,92.5,22,68,10,0,117,0.5,1.0,0.0,92.74,
ERCOT,92.5,22,68,10,0,117,0.5,1.0,0.5,92.74,
ERCOT,92.5,22,69,9,0,232,0.0,0.0,0.5,92.69,
ERCOT,92.5,22,69,9,0,197,0.0,0.0,1.0,92.94,
ERCOT,92.5,22,69,9,0,167,0.0,0.0,1.5,93.15,
ERCOT,92.5,22,69,9,0,147,0.0,0.0,2.0,93.24,
ERCOT,92.5,22,69,9,0,142,0.0,0.0,2.5,94.04,
ERCOT,92.5,22,69,9,0,122,0.0,0.25,0.0,93.58,
ERCOT,92.5,22,69,9,0,122,0.0,0.25,0.5,94.3,
ERCOT,92.5,22,69,9,0,117,0.0,0.5,0.0,92.64,
ERCOT,92.5,22,69,9,0,117,0.0,0.5,0.5,92.64,
ERCOT,92.5,22,69,9,0,117,0.0,0.75,0.0,92.64,
ERCOT,92.5,22,69,9,0,117,0.0,0.75,0.5,92.64,
ERCOT,92.5,22,69,9,0,117,0.0,1.0,0.0,92.64,
ERCOT,92.5,22,69,9,0,117,0.0,1.0,0.5,92.64,
ERCOT,92.5,22,69,9,0,117,0.25,0.0,0.0,92.5,
ERCOT,92.5,22,69,9,0,117,0.25,0.0,0.5,92.5,
ERCOT,92.5,22,69,9,0,117,0.25,0.25,0.0,92.5,
ERCOT,92.5,22,69,9,0,117,0.25,0.25,0.5,92.5,
ERCOT,92.5,22,69,9,0,117,0.25,0.5,0.0,92.5,
ERCOT,92.5,22,69,9,0,117,0.25,0.5,0.5,92.5,
ERCOT,92.5,22,69,9,0,117,0.25,0.75,0.0,92.5,
ERCOT,92.5,22,69,9,0,117,0.25,0.75,0.5,92.5,
ERCOT,92.5,22,69,9,0,117,0.25,1.0,0.0,92.5,
ERCOT,92.5,22,69,9,0,117,0.25,1.0,0.5,92.5,
ERCOT,92.5,22,69,9,0,117,0.5,0.0,0.0,92.5,
ERCOT,92.5,22,69,9,0,117,0.5,0.0,0.5,92.5,
ERCOT,92.5,22,69,9,0,117,0.5,0.25,0.0,92.5,
ERCOT,92.5,22,69,9,0,117,0.5,0.25,0.5,92.5,
ERCOT,92.5,22,69,9,0,117,0.5,0.5,0.0,92.5,
ERCOT,92.5,22,69,9,0,117,0.5,0.5,0.5,92.5,
ERCOT,92.5,22,69,9,0,117,0.5,0.75,0.0,92.5,
ERCOT,92.5,22,69,9,0,117,0.5,0.75,0.5,92.5,
ERCOT,92.5,22,69,9,0,117,0.5,1.0,0.0,92.5,
ERCOT,92.5,22,69,9,0,117,0.5,1.0,0.5,92.5,
ERCOT,92.5,23,63,14,0,232,0.0,0.0,0.0,92.7,
ERCOT,92.5,23,64,13,0,242,0.0,0.0,0.0,93.2,
ERCOT,92.5,23,65,12,0,247,0.0,0.0,0.0,92.91,
ERCOT,92.5,23,66,11,0,212,0.0,0.0,0.5,92.82,
ERCOT,92.5,23,66,11,0,182,0.0,0.0,1.0,93.29,
ERCOT,92.5,23,66,11,0,152,0.0,0.0,1.5,92.66,
ERCOT,92.5,23,66,11,0,142,0.0,0.0,2.0,93.88,
ERCOT,92.5,23,66,11,0,137,0.0,0.0,2.5,93.66,
ERCOT,92.5,23,66,11,0,117,0.0,0.25,0.0,93.09,
ERCOT,92.5,23,66,11,0,117,0.0,0.25,0.5,93.37,
ERCOT,92.5,23,66,11,0,117,0.0,0.5,0.0,93.31,
ERCOT,92.5,23,66,11,0,117,0.0,0.5,0.5,93.31,
ERCOT,92.5,23,66,11,0,117,0.0,0.75,0.0,93.31,
ERCOT,92.5,23,66,11,0,117,0.0,0.75,0.5,93.31,
ERCOT,92.5,23,66,11,0,117,0.0,1.0,0.0,93.31,
ERCOT,92.5,23,66,11,0,117,0.0,1.0,0.5,93.31,
ERCOT,92.5,23,66,11,0,117,0.25,0.0,0.0,93.17,
ERCOT,92.5,23,66,11,0,117,0.25,0.0,0.5,93.17,
ERCOT,92.5,23,66,11,0,117,0.25,0.25,0.0,93.17,
ERCOT,92.5,23,66,11,0,117,0.25,0.25,0.5,93.17,
ERCOT,92.5,23,66,11,0,117,0.25,0.5,0.0,93.17,
ERCOT,92.5,23,66,11,0,117,0.25,0.5,0.5,93.17,
ERCOT,92.5,23,66,11,0,117,0.25,0.75,0.0,93.17,
ERCOT,92.5,23,66,11,0,117,0.25,0.75,0.5,93.17,
ERCOT,92.5,23,66,11,0,117,0.25,1.0,0.0,93.17,
ERCOT,92.5,23,66,11,0,117,0.25,1.0,0.5,93.17,
ERCOT,92.5,23,66,11,0,117,0.5,0.0,0.0,93.17,
ERCOT,92.5,23,66,11,0,117,0.5,0.0,0.5,93.17,
ERCOT,92.5,23,66,11,0,117,0.5,0.25,0.0,93.17,
ERCOT,92.5,23,66,11,0,117,0.5,0.25,0.5,93.17,
ERCOT,92.5,23,66,11,0,117,0.5,0.5,0.0,93.17,
ERCOT,92.5,23,66,11,0,117,0.5,0.5,0.5,93.17,
ERCOT,92.5,23,66,11,0,117,0.5,0.75,0.0,93.17,
ERCOT,92.5,23,66,11,0,117,0.5,0.75,0.5,93.17,
ERCOT,92.5,23,66,11,0,117,0.5,1.0,0.0,93.17,
ERCOT,92.5,23,66,11,0,117,0.5,1.0,0.5,93.17,
ERCOT,92.5,23,67,10,0,217,0.0,0.0,0.5,92.51,
ERCOT,92.5,23,67,10,0,187,0.0,0.0,1.0,93.2,
ERCOT,92.5,23,67,10,0,157,0.0,0.0,1.5,92.88,
ERCOT,92.5,23,67,10,0,142,0.0,0.0,2.0,93.24,
ERCOT,92.5,23,67,10,0,137,0.0,0.0,2.5,93.13,
ERCOT,92.5,23,67,10,0,117,0.0,0.25,0.0,92.75,
ERCOT,92.5,23,67,10,0,117,0.0,0.25,0.5,93.09,
ERCOT,92.5,23,67,10,0,117,0.0,0.5,0.0,93.08,
ERCOT,92.5,23,67,10,0,117,0.0,0.5,0.5,93.08,
ERCOT,92.5,23,67,10,0,117,0.0,0.75,0.0,93.08,
ERCOT,92.5,23,67,10,0,117,0.0,0.75,0.5,93.08,
ERCOT,92.5,23,67,10,0,117,0.0,1.0,0.0,93.08,
ERCOT,92.5,23,67,10,0,117,0.0,1.0,0.5,93.08,
ERCOT,92.5,23,67,10,0,117,0.25,0.0,0.0,92.94,
ERCOT,92.5,23,67,10,0,117,0.25,0.0,0.5,92.94,
ERCOT,92.5,23,67,10,0,117,0.25,0.25,0.0,92.94,
ERCOT,92.5,23,67,10,0,117,0.25,0.25,0.5,92.94,
ERCOT,92.5,23,67,10,0,117,0.25,0.5,0.0,92.94,
ERCOT,92.5,23,67,10,0,117,0.25,0.5,0.5,92.94,
ERCOT,92.5,23,67,10,0,117,0.25,0.75,0.0,92.94,
ERCOT,92.5,23,67,10,0,117,0.25,0.75,0.5,92.94,
ERCOT,92.5,23,67,10,0,117,0.25,1.0,0.0,92.94,
ERCOT,92.5,23,67,10,0,117,0.25,1.0,0.5,92.94,
ERCOT,92.5,23,67,10,0,117,0.5,0.0,0.0,92.94,
ERCOT,92.5,23,67,10,0,117,0.5,0.0,0.5,92.94,
ERCOT,92.5,23,67,10,0,117,0.5,0.25,0.0,92.94,
ERCOT,92.5,23,67,10,0,117,0.5,0.25,0.5,92.94,
ERCOT,92.5,23,67,10,0,117,0.5,0.5,0.0,92.94,
ERCOT,92.5,23,67,10,0,117,0.5,0.5,0.5,92.94,
ERCOT,92.5,23,67,10,0,117,0.5,0.75,0.0,92.94,
ERCOT,92.5,23,67,10,0,117,0.5,0.75,0.5,92.94,
ERCOT,92.5,23,67,10,0,117,0.5,1.0,0.0,92.94,
ERCOT,92.5,23,67,10,0,117,0.5,1.0,0.5,92.94,
ERCOT,92.5,23,68,9,0,227,0.0,0.0,0.5,93.0,
ERCOT,92.5,23,68,9,0,192,0.0,0.0,1.0,93.04,
ERCOT,92.5,23,68,9,0,162,0.0,0.0,1.5,93.0,
ERCOT,92.5,23,68,9,0,142,0.0,0.0,2.0,92.6,
ERCOT,92.5,23,68,9,0,142,0.0,0.0,2.5,94.5,
ERCOT,92.5,23,68,9,0,122,0.0,0.25,0.0,93.96,
ERCOT,92.5,23,68,9,0,117,0.0,0.25,0.5,92.77,
ERCOT,92.5,23,68,9,0,117,0.0,0.25,1.0,93.05,
ERCOT,92.5,23,68,9,0,117,0.0,0.5,0.0,92.84,
ERCOT,92.5,23,68,9,0,117,0.0,0.5,0.5,92.84,
ERCOT,92.5,23,68,9,0,117,0.0,0.75,0.0,92.84,
ERCOT,92.5,23,68,9,0,117,0.0,0.75,0.5,92.84,
ERCOT,92.5,23,68,9,0,117,0.0,1.0,0.0,92.84,
ERCOT,92.5,23,68,9,0,117,0.0,1.0,0.5,92.84,
ERCOT,92.5,23,68,9,0,117,0.25,0.0,0.0,92.71,
ERCOT,92.5,23,68,9,0,117,0.25,0.0,0.5,92.71,
ERCOT,92.5,23,68,9,0,117,0.25,0.25,0.0,92.71,
ERCOT,92.5,23,68,9,0,117,0.25,0.25,0.5,92.71,
ERCOT,92.5,23,68,9,0,117,0.25,0.5,0.0,92.71,
ERCOT,92.5,23,68,9,0,117,0.25,0.5,0.5,92.71,
ERCOT,92.5,23,68,9,0,117,0.25,0.75,0.0,92.71,
ERCOT,92.5,23,68,9,0,117,0.25,0.75,0.5,92.71,
ERCOT,92.5,23,68,9,0,117,0.25,1.0,0.0,92.71,
ERCOT,92.5,23,68,9,0,117,0.25,1.0,0.5,92.71,
ERCOT,92.5,23,68,9,0,117,0.5,0.0,0.0,92.71,
ERCOT,92.5,23,68,9,0,117,0.5,0.0,0.5,92.71,
ERCOT,92.5,23,68,9,0,117,0.5,0.25,0.0,92.71,
ERCOT,92.5,23,68,9,0,117,0.5,0.25,0.5,92.71,
ERCOT,92.5,23,68,9,0,117,0.5,0.5,0.0,92.71,
ERCOT,92.5,23,68,9,0,117,0.5,0.5,0.5,92.71,
ERCOT,92.5,23,68,9,0,117,0.5,0.75,0.0,92.71,
ERCOT,92.5,23,68,9,0,117,0.5,0.75,0.5,92.71,
ERCOT,92.5,23,68,9,0,117,0.5,1.0,0.0,92.71,
ERCOT,92.5,23,68,9,0,117,0.5,1.0,0.5,92.71,
ERCOT,92.5,23,69,8,0,232,0.0,0.0,0.5,92.54,
ERCOT,92.5,23,69,8,0,197,0.0,0.0,1.0,92.81,
ERCOT,92.5,23,69,8,0,167,0.0,0.0,1.5,93.06,
ERCOT,92.5,23,69,8,0,147,0.0,0.0,2.0,93.16,
ERCOT,92.5,23,69,8,0,142,0.0,0.0,2.5,93.98,
ERCOT,92.5,23,69,8,0,122,0.0,0.25,0.0,93.54,
ERCOT,92.5,23,69,8,0,122,0.0,0.25,0.5,94.27,
ERCOT,92.5,23,69,8,0,117,0.0,0.5,0.0,92.59,
ERCOT,92.5,23,69,8,0,117,0.0,0.5,0.5,92.59,
ERCOT,92.5,23,69,8,0,117,0.0,0.75,0.0,92.59,
ERCOT,92.5,23,69,8,0,117,0.0,0.75,0.5,92.59,
ERCOT,92.5,23,69,8,0,117,0.0,1.0,0.0,92.59,
ERCOT,92.5,23,69,8,0,117,0.0,1.0,0.5,92.59,
ERCOT,92.5,23,69,8,0,122,0.25,0.0,0.0,94.18,
ERCOT,92.5,23,69,8,0,122,0.25,0.0,0.5,94.18,
ERCOT,92.5,23,69,8,0,122,0.25,0.25,0.0,94.18,
ERCOT,92.5,23,69,8,0,122,0.25,0.25,0.5,94.18,
ERCOT,92.5,23,69,8,0,122,0.25,0.5,0.0,94.18,
ERCOT,92.5,23,69,8,0,122,0.25,0.5,0.5,94.18,
ERCOT,92.5,23,69,8,0,122,0.25,0.75,0.0,94.18,
ERCOT,92.5,23,69,8,0,122,0.25,0.75,0.5,94.18,
ERCOT,92.5,23,69,8,0,122,0.25,1.0,0.0,94.18,
ERCOT,92.5,23,69,8,0,122,0.25,1.0,0.5,94.18,
ERCOT,92.5,23,69,8,0,122,0.5,0.0,0.0,94.18,
ERCOT,92.5,23,69,8,0,122,0.5,0.0,0.5,94.18,
ERCOT,92.5,23,69,8,0,122,0.5,0.25,0.0,94.18,
ERCOT,92.5,23,69,8,0,122,0.5,0.25,0.5,94.18,
ERCOT,92.5,23,69,8,0,122,0.5,0.5,0.0,94.18,
ERCOT,92.5,23,69,8,0,122,0.5,0.5,0.5,94.18,
ERCOT,92.5,23,69,8,0,122,0.5,0.75,0.0,94.18,
ERCOT,92.5,23,69,8,0,122,0.5,0.75,0.5,94.18,
ERCOT,92.5,23,69,8,0,122,0.5,1.0,0.0,94.18,
ERCOT,92.5,23,69,8,0,122,0.5,1.0,0.5,94.18,
ERCOT,92.5,24,62,14,0,227,0.0,0.0,0.0,92.84,
ERCOT,92.5,24,63,13,0,232,0.0,0.0,0.0,92.64,
ERCOT,92.5,24,64,12,0,242,0.0,0.0,0.0,93.14,
ERCOT,92.5,24,65,11,0,247,0.0,0.0,0.0,92.84,
ERCOT,92.5,24,66,10,0,212,0.0,0.0,0.5,92.69,
ERCOT,92.5,24,66,10,0,182,0.0,0.0,1.0,93.18,
ERCOT,92.5,24,66,10,0,152,0.0,0.0,1.5,92.57,
ERCOT,92.5,24,66,10,0,142,0.0,0.0,2.0,93.81,
ERCOT,92.5,24,66,10,0,137,0.0,0.0,2.5,93.61,
ERCOT,92.5,24,66,10,0,117,0.0,0.25,0.0,93.06,
ERCOT,92.5,24,66,10,0,117,0.0,0.25,0.5,93.34,
ERCOT,92.5,24,66,10,0,117,0.0,0.5,0.0,93.28,
ERCOT,92.5,24,66,10,0,117,0.0,0.5,0.5,93.28,
ERCOT,92.5,24,66,10,0,117,0.0,0.75,0.0,93.28,
ERCOT,92.5,24,66,10,0,117,0.0,0.75,0.5,93.28,
ERCOT,92.5,24,66,10,0,117,0.0,1.0,0.0,93.28,
ERCOT,92.5,24,66,10,0,117,0.0,1.0,0.5,93.28,
ERCOT,92.5,24,66,10,0,117,0.25,0.0,0.0,93.15,
ERCOT,92.5,24,66,10,0,117,0.25,0.0,0.5,93.15,
ERCOT,92.5,24,66,10,0,117,0.25,0.25,0.0,93.15,
ERCOT,92.5,24,66,10,0,117,0.25,0.25,0.5,93.15,
ERCOT,92.5,24,66,10,0,117,0.25,0.5,0.0,93.15,
ERCOT,92.5,24,66,10,0,117,0.25,0.5,0.5,93.15,
ERCOT,92.5,24,66,10,0,117,0.25,0.75,0.0,93.15,
ERCOT,92.5,24,66,10,0,117,0.25,0.75,0.5,93.15,
ERCOT,92.5,24,66,10,0,117,0.25,1.0,0.0,93.15,
ERCOT,92.5,24,66,10,0,117,0.25,1.0,0.5,93.15,
ERCOT,92.5,24,66,10,0,117,0.5,0.0,0.0,93.15,
ERCOT,92.5,24,66,10,0,117,0.5,0.0,0.5,93.15,
ERCOT,92.5,24,66,10,0,117,0.5,0.25,0.0,93.15,
ERCOT,92.5,24,66,10,0,117,0.5,0.25,0.5,93.15,
ERCOT,92.5,24,66,10,0,117,0.5,0.5,0.0,93.15,
ERCOT,92.5,24,66,10,0,117,0.5,0.5,0.5,93.15,
ERCOT,92.5,24,66,10,0,117,0.5,0.75,0.0,93.15,
ERCOT,92.5,24,66,10,0,117,0.5,0.75,0.5,93.15,
ERCOT,92.5,24,66,10,0,117,0.5,1.0,0.0,93.15,
ERCOT,92.5,24,66,10,0,117,0.5,1.0,0.5,93.15,
ERCOT,92.5,24,67,9,0,222,0.0,0.0,0.5,93.26,
ERCOT,92.5,24,67,9,0,187,0.0,0.0,1.0,93.08,
ERCOT,92.5,24,67,9,0,157,0.0,0.0,1.5,92.78,
ERCOT,92.5,24,67,9,0,142,0.0,0.0,2.0,93.17,
ERCOT,92.5,24,67,9,0,137,0.0,0.0,2.5,92.99,
ERCOT,92.5,24,67,9,0,117,0.0,0.25,0.0,92.71,
ERCOT,92.5,24,67,9,0,117,0.0,0.25,0.5,93.05,
ERCOT,92.5,24,67,9,0,117,0.0,0.5,0.0,93.04,
ERCOT,92.5,24,67,9,0,117,0.0,0.5,0.5,93.04,
ERCOT,92.5,24,67,9,0,117,0.0,0.75,0.0,93.04,
ERCOT,92.5,24,67,9,0,117,0.0,0.75,0.5,93.04,
ERCOT,92.5,24,67,9,0,117,0.0,1.0,0.0,93.04,
ERCOT,92.5,24,67,9,0,117,0.0,1.0,0.5,93.04,
ERCOT,92.5,24,67,9,0,117,0.25,0.0,0.0,92.91,
ERCOT,92.5,24,67,9,0,117,0.25,0.0,0.5,92.91,
ERCOT,92.5,24,67,9,0,117,0.25,0.25,0.0,92.91,
ERCOT,92.5,24,67,9,0,117,0.25,0.25,0.5,92.91,
ERCOT,92.5,24,67,9,0,117,0.25,0.5,0.0,92.91,
ERCOT,92.5,24,67,9,0,117,0.25,0.5,0.5,92.91,
ERCOT,92.5,24,67,9,0,117,0.25,0.75,0.0,92.91,
ERCOT,92.5,24,67,9,0,117,0.25,0.75,0.5,92.91,
ERCOT,92.5,24,67,9,0,117,0.25,1.0,0.0,92.91,
ERCOT,92.5,24,67,9,0,117,0.25,1.0,0.5,92.91,
ERCOT,92.5,24,67,9,0,117,0.5,0.0,0.0,92.91,
ERCOT,92.5,24,67,9,0,117,0.5,0.0,0.5,92.91,
ERCOT,92.5,24,67,9,0,117,0.5,0.25,0.0,92.91,
ERCOT,92.5,24,67,9,0,117,0.5,0.25,0.5,92.91,
ERCOT,92.5,24,67,9,0,117,0.5,0.5,0.0,92.91,
ERCOT,92.5,24,67,9,0,117,0.5,0.5,0.5,92.91,
ERCOT,92.5,24,67,9,0,117,0.5,0.75,0.0,92.91,
ERCOT,92.5,24,67,9,0,117,0.5,0.75,0.5,92.91,
ERCOT,92.5,24,67,9,0,117,0.5,1.0,0.0,92.91,
ERCOT,92.5,24,67,9,0,117,0.5,1.0,0.5,92.91,
ERCOT,92.5,24,68,8,0,227,0.0,0.0,0.5,92.85,
ERCOT,92.5,24,68,8,0,192,0.0,0.0,1.0,92.91,
ERCOT,92.5,24,68,8,0,162,0.0,0.0,1.5,92.91,
ERCOT,92.5,24,68,8,0,142,0.0,0.0,2.0,92.53,
ERCOT,92.5,24,68,8,0,142,0.0,0.0,2.5,94.45,
ERCOT,92.5,24,68,8,0,122,0.0,0.25,0.0,93.92,
ERCOT,92.5,24,68,8,0,117,0.0,0.25,0.5,92.71,
ERCOT,92.5,24,68,8,0,117,0.0,0.25,1.0,93.01,
ERCOT,92.5,24,68,8,0,117,0.0,0.5,0.0,92.8,
ERCOT,92.5,24,68,8,0,117,0.0,0.5,0.5,92.8,
ERCOT,92.5,24,68,8,0,117,0.0,0.75,0.0,92.8,
ERCOT,92.5,24,68,8,0,117,0.0,0.75,0.5,92.8,
ERCOT,92.5,24,68,8,0,117,0.0,1.0,0.0,92.8,
ERCOT,92.5,24,68,8,0,117,0.0,1.0,0.5,92.8,
ERCOT,92.5,24,68,8,0,117,0.25,0.0,0.0,92.67,
ERCOT,92.5,24,68,8,0,117,0.25,0.0,0.5,92.67,
ERCOT,92.5,24,68,8,0,117,0.25,0.25,0.0,92.67,
ERCOT,92.5,24,68,8,0,117,0.25,0.25,0.5,92.67,
ERCOT,92.5,24,68,8,0,117,0.25,0.5,0.0,92.67,
ERCOT,92.5,24,68,8,0,117,0.25,0.5,0.5,92.67,
ERCOT,92.5,24,68,8,0,117,0.25,0.75,0.0,92.67,
ERCOT,92.5,24,68,8,0,117,0.25,0.75,0.5,92.67,
ERCOT,92.5,24,68,8,0,117,0.25,1.0,0.0,92.67,
ERCOT,92.5,24,68,8,0,117,0.25,1.0,0.5,92.67,
ERCOT,92.5,24,68,8,0,117,0.5,0.0,0.0,92.67,
ERCOT,92.5,24,68,8,0,117,0.5,0.0,0.5,92.67,
ERCOT,92.5,24,68,8,0,117,0.5,0.25,0.0,92.67,
ERCOT,92.5,24,68,8,0,117,0.5,0.25,0.5,92.67,
ERCOT,92.5,24,68,8,0,117,0.5,0.5,0.0,92.67,
ERCOT,92.5,24,68,8,0,117,0.5,0.5,0.5,92.67,
ERCOT,92.5,24,68,8,0,117,0.5,0.75,0.0,92.67,
ERCOT,92.5,24,68,8,0,117,0.5,0.75,0.5,92.67,
ERCOT,92.5,24,68,8,0,117,0.5,1.0,0.0,92.67,
ERCOT,92.5,24,68,8,0,117,0.5,1.0,0.5,92.67,
ERCOT,92.5,24,69,7,0,237,0.0,0.0,0.5,93.21,
ERCOT,92.5,24,69,7,0,197,0.0,0.0,1.0,92.68,
ERCOT,92.5,24,69,7,0,167,0.0,0.0,1.5,92.96,
ERCOT,92.5,24,69,7,0,147,0.0,0.0,2.0,93.08,
ERCOT,92.5,24,69,7,0,142,0.0,0.0,2.5,93.92,
ERCOT,92.5,24,69,7,0,122,0.0,0.25,0.0,93.49,
ERCOT,92.5,24,69,7,0,122,0.0,0.25,0.5,94.24,
ERCOT,92.5,24,69,7,0,117,0.0,0.5,0.0,92.55,
ERCOT,92.5,24,69,7,0,117,0.0,0.5,0.5,92.55,
ERCOT,92.5,24,69,7,0,117,0.0,0.75,0.0,92.55,
ERCOT,92.5,24,69,7,0,117,0.0,0.75,0.5,92.55,
ERCOT,92.5,24,69,7,0,117,0.0,1.0,0.0,92.55,
ERCOT,92.5,24,69,7,0,117,0.0,1.0,0.5,92.55,
ERCOT,92.5,24,69,7,0,122,0.25,0.0,0.0,94.15,
ERCOT,92.5,24,69,7,0,122,0.25,0.0,0.5,94.15,
ERCOT,92.5,24,69,7,0,122,0.25,0.25,0.0,94.15,
ERCOT,92.5,24,69,7,0,122,0.25,0.25,0.5,94.15,
ERCOT,92.5,24,69,7,0,122,0.25,0.5,0.0,94.15,
ERCOT,92.5,24,69,7,0,122,0.25,0.5,0.5,94.15,
ERCOT,92.5,24,69,7,0,122,0.25,0.75,0.0,94.15,
ERCOT,92.5,24,69,7,0,122,0.25,0.75,0.5,94.15,
ERCOT,92.5,24,69,7,0,122,0.25,1.0,0.0,94.15,
ERCOT,92.5,24,69,7,0,122,0.25,1.0,0.5,94.15,
ERCOT,92.5,24,69,7,0,122,0.5,0.0,0.0,94.15,
ERCOT,92.5,24,69,7,0,122,0.5,0.0,0.5,94.15,
ERCOT,92.5,24,69,7,0,122,0.5,0.25,0.0,94.15,
ERCOT,92.5,24,69,7,0,122,0.5,0.25,0.5,94.15,
ERCOT,92.5,24,69,7,0,122,0.5,0.5,0.0,94.15,
ERCOT,92.5,24,69,7,0,122,0.5,0.5,0.5,94.15,
ERCOT,92.5,24,69,7,0,122,0.5,0.75,0.0,94.15,
ERCOT,92.5,24,69,7,0,122,0.5,0.75,0.5,94.15,
ERCOT,92.5,24,69,7,0,122,0.5,1.0,0.0,94.15,
ERCOT,92.5,24,69,7,0,122,0.5,1.0,0.5,94.15,
ERCOT,92.5,25,61,14,0,222,0.0,0.0,0.0,92.94,
ERCOT,92.5,25,62,13,0,227,0.0,0.0,0.0,92.78,
ERCOT,92.5,25,63,12,0,232,0.0,0.0,0.0,92.57,
ERCOT,92.5,25,64,11,0,242,0.0,0.0,0.0,93.08,
ERCOT,92.5,25,66,9,0,212,0.0,0.0,0.5,92.55,
ERCOT,92.5,25,66,9,0,182,0.0,0.0,1.0,93.06,
ERCOT,92.5,25,66,9,0,157,0.0,0.0,1.5,93.52,
ERCOT,92.5,25,66,9,0,142,0.0,0.0,2.0,93.74,
ERCOT,92.5,25,66,9,0,137,0.0,0.0,2.5,93.48,
ERCOT,92.5,25,66,9,0,117,0.0,0.25,0.0,93.02,
ERCOT,92.5,25,66,9,0,117,0.0,0.25,0.5,93.31,
ERCOT,92.5,25,66,9,0,117,0.0,0.5,0.0,93.25,
ERCOT,92.5,25,66,9,0,117,0.0,0.5,0.5,93.25,
ERCOT,92.5,25,66,9,0,117,0.0,0.75,0.0,93.25,
ERCOT,92.5,25,66,9,0,117,0.0,0.75,0.5,93.25,
ERCOT,92.5,25,66,9,0,117,0.0,1.0,0.0,93.25,
ERCOT,92.5,25,66,9,0,117,0.0,1.0,0.5,93.25,
ERCOT,92.5,25,66,9,0,117,0.25,0.0,0.0,93.11,
ERCOT,92.5,25,66,9,0,117,0.25,0.0,0.5,93.11,
ERCOT,92.5,25,66,9,0,117,0.25,0.25,0.0,93.11,
ERCOT,92.5,25,66,9,0,117,0.25,0.25,0.5,93.11,
ERCOT,92.5,25,66,9,0,117,0.25,0.5,0.0,93.11,
ERCOT,92.5,25,66,9,0,117,0.25,0.5,0.5,93.11,
ERCOT,92.5,25,66,9,0,117,0.25,0.75,0.0,93.11,
ERCOT,92.5,25,66,9,0,117,0.25,0.75,0.5,93.11,
ERCOT,92.5,25,66,9,0,117,0.25,1.0,0.0,93.11,
ERCOT,92.5,25,66,9,0,117,0.25,1.0,0.5,93.11,
ERCOT,92.5,25,66,9,0,117,0.5,0.0,0.0,93.11,
ERCOT,92.5,25,66,9,0,117,0.5,0.0,0.5,93.11,
ERCOT,92.5,25,66,9,0,117,0.5,0.25,0.0,93.11,
ERCOT,92.5,25,66,9,0,117,0.5,0.25,0.5,93.11,
ERCOT,92.5,25,66,9,0,117,0.5,0.5,0.0,93.11,
ERCOT,92.5,25,66,9,0,117,0.5,0.5,0.5,93.11,
ERCOT,92.5,25,66,9,0,117,0.5,0.75,0.0,93.11,
ERCOT,92.5,25,66,9,0,117,0.5,0.75,0.5,93.11,
ERCOT,92.5,25,66,9,0,117,0.5,1.0,0.0,93.11,
ERCOT,92.5,25,66,9,0,117,0.5,1.0,0.5,93.11,
ERCOT,92.5,25,67,8,0,222,0.0,0.0,0.5,93.12,
ERCOT,92.5,25,67,8,0,187,0.0,0.0,1.0,92.95,
ERCOT,92.5,25,67,8,0,157,0.0,0.0,1.5,92.68,
ERCOT,92.5,25,67,8,0,142,0.0,0.0,2.0,93.1,
ERCOT,92.5,25,67,8,0,137,0.0,0.0,2.5,92.86,
ERCOT,92.5,25,67,8,0,117,0.0,0.25,0.0,92.66,
ERCOT,92.5,25,67,8,0,117,0.0,0.25,0.5,93.01,
ERCOT,92.5,25,67,8,0,117,0.0,0.5,0.0,93.01,
ERCOT,92.5,25,67,8,0,117,0.0,0.5,0.5,93.01,
ERCOT,92.5,25,67,8,0,117,0.0,0.75,0.0,93.01,
ERCOT,92.5,25,67,8,0,117,0.0,0.75,0.5,93.01,
ERCOT,92.5,25,67,8,0,117,0.0,1.0,0.0,93.01,
ERCOT,92.5,25,67,8,0,117,0.0,1.0,0.5,93.01,
ERCOT,92.5,25,67,8,0,117,0.25,0.0,0.0,92.87,
ERCOT,92.5,25,67,8,0,117,0.25,0.0,0.5,92.87,
ERCOT,92.5,25,67,8,0,117,0.25,0.25,0.0,92.87,
ERCOT,92.5,25,67,8,0,117,0.25,0.25,0.5,92.87,
ERCOT,92.5,25,67,8,0,117,0.25,0.5,0.0,92.87,
ERCOT,92.5,25,67,8,0,117,0.25,0.5,0.5,92.87,
ERCOT,92.5,25,67,8,0,117,0.25,0.75,0.0,92.87,
ERCOT,92.5,25,67,8,0,117,0.25,0.75,0.5,92.87,
ERCOT,92.5,25,67,8,0,117,0.25,1.0,0.0,92.87,
ERCOT,92.5,25,67,8,0,117,0.25,1.0,0.5,92.87,
ERCOT,92.5,25,67,8,0,117,0.5,0.0,0.0,92.87,
ERCOT,92.5,25,67,8,0,117,0.5,0.0,0.5,92.87,
ERCOT,92.5,25,67,8,0,117,0.5,0.25,0.0,92.87,
ERCOT,92.5,25,67,8,0,117,0.5,0.25,0.5,92.87,
ERCOT,92.5,25,67,8,0,117,0.5,0.5,0.0,92.87,
ERCOT,92.5,25,67,8,0,117,0.5,0.5,0.5,92.87,
ERCOT,92.5,25,67,8,0,117,0.5,0.75,0.0,92.87,
ERCOT,92.5,25,67,8,0,117,0.5,0.75,0.5,92.87,
ERCOT,92.5,25,67,8,0,117,0.5,1.0,0.0,92.87,
ERCOT,92.5,25,67,8,0,117,0.5,1.0,0.5,92.87,
ERCOT,92.5,25,68,7,0,227,0.0,0.0,0.5,92.69,
ERCOT,92.5,25,68,7,0,192,0.0,0.0,1.0,92.78,
ERCOT,92.5,25,68,7,0,162,0.0,0.0,1.5,92.81,
ERCOT,92.5,25,68,7,0,147,0.0,0.0,2.0,93.7,
ERCOT,92.5,25,68,7,0,142,0.0,0.0,2.5,94.39,
ERCOT,92.5,25,68,7,0,122,0.0,0.25,0.0,93.87,
ERCOT,92.5,25,68,7,0,117,0.0,0.25,0.5,92.66,
ERCOT,92.5,25,68,7,0,117,0.0,0.25,1.0,92.96,
ERCOT,92.5,25,68,7,0,117,0.0,0.5,0.0,92.76,
ERCOT,92.5,25,68,7,0,117,0.0,0.5,0.5,92.76,
ERCOT,92.5,25,68,7,0,117,0.0,0.75,0.0,92.76,
ERCOT,92.5,25,68,7,0,117,0.0,0.75,0.5,92.76,
ERCOT,92.5,25,68,7,0,117,0.0,1.0,0.0,92.76,
ERCOT,92.5,25,68,7,0,117,0.0,1.0,0.5,92.76,
ERCOT,92.5,25,68,7,0,117,0.25,0.0,0.0,92.62,
ERCOT,92.5,25,68,7,0,117,0.25,0.0,0.5,92.62,
ERCOT,92.5,25,68,7,0,117,0.25,0.25,0.0,92.62,
ERCOT,92.5,25,68,7,0,117,0.25,0.25,0.5,92.62,
ERCOT,92.5,25,68,7,0,117,0.25,0.5,0.0,92.62,
ERCOT,92.5,25,68,7,0,117,0.25,0.5,0.5,92.62,
ERCOT,92.5,25,68,7,0,117,0.25,0.75,0.0,92.62,
ERCOT,92.5,25,68,7,0,117,0.25,0.75,0.5,92.62,
ERCOT,92.5,25,68,7,0,117,0.25,1.0,0.0,92.62,
ERCOT,92.5,25,68,7,0,117,0.25,1.0,0.5,92.62,
ERCOT,92.5,25,68,7,0,117,0.5,0.0,0.0,92.62,
ERCOT,92.5,25,68,7,0,117,0.5,0.0,0.5,92.62,
ERCOT,92.5,25,68,7,0,117,0.5,0.25,0.0,92.62,
ERCOT,92.5,25,68,7,0,117,0.5,0.25,0.5,92.62,
ERCOT,92.5,25,68,7,0,117,0.5,0.5,0.0,92.62,
ERCOT,92.5,25,68,7,0,117,0.5,0.5,0.5,92.62,
ERCOT,92.5,25,68,7,0,117,0.5,0.75,0.0,92.62,
ERCOT,92.5,25,68,7,0,117,0.5,0.75,0.5,92.62,
ERCOT,92.5,25,68,7,0,117,0.5,1.0,0.0,92.62,
ERCOT,92.5,25,68,7,0,117,0.5,1.0,0.5,92.62,
ERCOT,92.5,25,69,6,0,237,0.0,0.0,0.5,93.04,
ERCOT,92.5,25,69,6,0,197,0.0,0.0,1.0,92.54,
ERCOT,92.5,25,69,6,0,167,0.0,0.0,1.5,92.86,
ERCOT,92.5,25,69,6,0,147,0.0,0.0,2.0,93.01,
ERCOT,92.5,25,69,6,0,142,0.0,0.0,2.5,93.87,
ERCOT,92.5,25,69,6,0,122,0.0,0.25,0.0,93.44,
ERCOT,92.5,25,69,6,0,122,0.0,0.25,0.5,94.2,
ERCOT,92.5,25,69,6,0,117,0.0,0.5,0.0,92.5,
ERCOT,92.5,25,69,6,0,117,0.0,0.5,0.5,92.5,
ERCOT,92.5,25,69,6,0,117,0.0,0.75,0.0,92.5,
ERCOT,92.5,25,69,6,0,117,0.0,0.75,0.5,92.5,
ERCOT,92.5,25,69,6,0,117,0.0,1.0,0.0,92.5,
ERCOT,92.5,25,69,6,0,117,0.0,1.0,0.5,92.5,
ERCOT,92.5,25,69,6,0,122,0.25,0.0,0.0,94.13,
ERCOT,92.5,25,69,6,0,122,0.25,0.0,0.5,94.13,
ERCOT,92.5,25,69,6,0,122,0.25,0.25,0.0,94.13,
ERCOT,92.5,25,69,6,0,122,0.25,0.25,0.5,94.13,
ERCOT,92.5,25,69,6,0,122,0.25,0.5,0.0,94.13,
ERCOT,92.5,25,69,6,0,122,0.25,0.5,0.5,94.13,
ERCOT,92.5,25,69,6,0,122,0.25,0.75,0.0,94.13,
ERCOT,92.5,25,69,6,0,122,0.25,0.75,0.5,94.13,
ERCOT,92.5,25,69,6,0,122,0.25,1.0,0.0,94.13,
ERCOT,92.5,25,69,6,0,122,0.25,1.0,0.5,94.13,
ERCOT,92.5,25,69,6,0,122,0.5,0.0,0.0,94.13,
ERCOT,92.5,25,69,6,0,122,0.5,0.0,0.5,94.13,
ERCOT,92.5,25,69,6,0,122,0.5,0.25,0.0,94.13,
ERCOT,92.5,25,69,6,0,122,0.5,0.25,0.5,94.13,
ERCOT,92.5,25,69,6,0,122,0.5,0.5,0.0,94.13,
ERCOT,92.5,25,69,6,0,122,0.5,0.5,0.5,94.13,
ERCOT,92.5,25,69,6,0,122,0.5,0.75,0.0,94.13,
ERCOT,92.5,25,69,6,0,122,0.5,0.75,0.5,94.13,
ERCOT,92.5,25,69,6,0,122,0.5,1.0,0.0,94.13,
ERCOT,92.5,25,69,6,0,122,0.5,1.0,0.5,94.13,
ERCOT,92.5,26,61,13,0,222,0.0,0.0,0.0,92.88,
ERCOT,92.5,26,62,12,0,227,0.0,0.0,0.0,92.71,
ERCOT,92.5,26,63,11,0,237,0.0,0.0,0.0,93.27,
ERCOT,92.5,26,64,10,0,242,0.0,0.0,0.0,93.0,
ERCOT,92.5,26,65,9,0,247,0.0,0.0,0.0,92.66,
ERCOT,92.5,26,66,8,0,217,0.0,0.0,0.5,93.33,
ERCOT,92.5,26,66,8,0,182,0.0,0.0,1.0,92.94,
ERCOT,92.5,26,66,8,0,157,0.0,0.0,1.5,93.44,
ERCOT,92.5,26,66,8,0,142,0.0,0.0,2.0,93.67,
ERCOT,92.5,26,66,8,0,137,0.0,0.0,2.5,93.35,
ERCOT,92.5,26,66,8,0,117,0.0,0.25,0.0,92.97,
ERCOT,92.5,26,66,8,0,117,0.0,0.25,0.5,93.27,
ERCOT,92.5,26,66,8,0,117,0.0,0.5,0.0,93.21,
ERCOT,92.5,26,66,8,0,117,0.0,0.5,0.5,93.21,
ERCOT,92.5,26,66,8,0,117,0.0,0.75,0.0,93.21,
ERCOT,92.5,26,66,8,0,117,0.0,0.75,0.5,93.21,
ERCOT,92.5,26,66,8,0,117,0.0,1.0,0.0,93.21,
ERCOT,92.5,26,66,8,0,117,0.0,1.0,0.5,93.21,
ERCOT,92.5,26,66,8,0,117,0.25,0.0,0.0,93.08,
ERCOT,92.5,26,66,8,0,117,0.25,0.0,0.5,93.08,
ERCOT,92.5,26,66,8,0,117,0.25,0.25,0.0,93.08,
ERCOT,92.5,26,66,8,0,117,0.25,0.25,0.5,93.08,
ERCOT,92.5,26,66,8,0,117,0.25,0.5,0.0,93.08,
ERCOT,92.5,26,66,8,0,117,0.25,0.5,0.5,93.08,
ERCOT,92.5,26,66,8,0,117,0.25,0.75,0.0,93.08,
ERCOT,92.5,26,66,8,0,117,0.25,0.75,0.5,93.08,
ERCOT,92.5,26,66,8,0,117,0.25,1.0,0.0,93.08,
ERCOT,92.5,26,66,8,0,117,0.25,1.0,0.5,93.08,
ERCOT,92.5,26,66,8,0,117,0.5,0.0,0.0,93.08,
ERCOT,92.5,26,66,8,0,117,0.5,0.0,0.5,93.08,
ERCOT,92.5,26,66,8,0,117,0.5,0.25,0.0,93.08,
ERCOT,92.5,26,66,8,0,117,0.5,0.25,0.5,93.08,
ERCOT,92.5,26,66,8,0,117,0.5,0.5,0.0,93.08,
ERCOT,92.5,26,66,8,0,117,0.5,0.5,0.5,93.08,
ERCOT,92.5,26,66,8,0,117,0.5,0.75,0.0,93.08,
ERCOT,92.5,26,66,8,0,117,0.5,0.75,0.5,93.08,
ERCOT,92.5,26,66,8,0,117,0.5,1.0,0.0,93.08,
ERCOT,92.5,26,66,8,0,117,0.5,1.0,0.5,93.08,
ERCOT,92.5,26,67,7,0,222,0.0,0.0,0.5,92.97,
ERCOT,92.5,26,67,7,0,187,0.0,0.0,1.0,92.83,
ERCOT,92.5,26,67,7,0,157,0.0,0.0,1.5,92.58,
ERCOT,92.5,26,67,7,0,142,0.0,0.0,2.0,93.03,
ERCOT,92.5,26,67,7,0,137,0.0,0.0,2.5,92.72,
ERCOT,92.5,26,67,7,0,117,0.0,0.25,0.0,92.6,
ERCOT,92.5,26,67,7,0,117,0.0,0.25,0.5,92.96,
ERCOT,92.5,26,67,7,0,117,0.0,0.5,0.0,92.96,
ERCOT,92.5,26,67,7,0,117,0.0,0.5,0.5,92.96,
ERCOT,92.5,26,67,7,0,117,0.0,0.75,0.0,92.96,
ERCOT,92.5,26,67,7,0,117,0.0,0.75,0.5,92.96,
ERCOT,92.5,26,67,7,0,117,0.0,1.0,0.0,92.96,
ERCOT,92.5,26,67,7,0,117,0.0,1.0,0.5,92.96,
ERCOT,92.5,26,67,7,0,117,0.25,0.0,0.0,92.83,
ERCOT,92.5,26,67,7,0,117,0.25,0.0,0.5,92.83,
ERCOT,92.5,26,67,7,0,117,0.25,0.25,0.0,92.83,
ERCOT,92.5,26,67,7,0,117,0.25,0.25,0.5,92.83,
ERCOT,92.5,26,67,7,0,117,0.25,0.5,0.0,92.83,
ERCOT,92.5,26,67,7,0,117,0.25,0.5,0.5,92.83,
ERCOT,92.5,26,67,7,0,117,0.25,0.75,0.0,92.83,
ERCOT,92.5,26,67,7,0,117,0.25,0.75,0.5,92.83,
ERCOT,92.5,26,67,7,0,117,0.25,1.0,0.0,92.83,
ERCOT,92.5,26,67,7,0,117,0.25,1.0,0.5,92.83,
ERCOT,92.5,26,67,7,0,117,0.5,0.0,0.0,92.83,
ERCOT,92.5,26,67,7,0,117,0.5,0.0,0.5,92.83,
ERCOT,92.5,26,67,7,0,117,0.5,0.25,0.0,92.83,
ERCOT,92.5,26,67,7,0,117,0.5,0.25,0.5,92.83,
ERCOT,92.5,26,67,7,0,117,0.5,0.5,0.0,92.83,
ERCOT,92.5,26,67,7,0,117,0.5,0.5,0.5,92.83,
ERCOT,92.5,26,67,7,0,117,0.5,0.75,0.0,92.83,
ERCOT,92.5,26,67,7,0,117,0.5,0.75,0.5,92.83,
ERCOT,92.5,26,67,7,0,117,0.5,1.0,0.0,92.83,
ERCOT,92.5,26,67,7,0,117,0.5,1.0,0.5,92.83,
ERCOT,92.5,26,68,6,0,227,0.0,0.0,0.5,92.5,
ERCOT,92.5,26,68,6,0,192,0.0,0.0,1.0,92.65,
ERCOT,92.5,26,68,6,0,162,0.0,0.0,1.5,92.71,
ERCOT,92.5,26,68,6,0,147,0.0,0.0,2.0,93.62,
ERCOT,92.5,26,68,6,0,142,0.0,0.0,2.5,94.34,
ERCOT,92.5,26,68,6,0,122,0.0,0.25,0.0,93.83,
ERCOT,92.5,26,68,6,0,117,0.0,0.25,0.5,92.6,
ERCOT,92.5,26,68,6,0,117,0.0,0.25,1.0,92.91,
ERCOT,92.5,26,68,6,0,117,0.0,0.5,0.0,92.71,
ERCOT,92.5,26,68,6,0,117,0.0,0.5,0.5,92.71,
ERCOT,92.5,26,68,6,0,117,0.0,0.75,0.0,92.71,
ERCOT,92.5,26,68,6,0,117,0.0,0.75,0.5,92.71,
ERCOT,92.5,26,68,6,0,117,0.0,1.0,0.0,92.71,
ERCOT,92.5,26,68,6,0,117,0.0,1.0,0.5,92.71,
ERCOT,92.5,26,68,6,0,117,0.25,0.0,0.0,92.57,
ERCOT,92.5,26,68,6,0,117,0.25,0.0,0.5,92.57,
ERCOT,92.5,26,68,6,0,117,0.25,0.25,0.0,92.57,
ERCOT,92.5,26,68,6,0,117,0.25,0.25,0.5,92.57,
ERCOT,92.5,26,68,6,0,117,0.25,0.5,0.0,92.57,
ERCOT,92.5,26,68,6,0,117,0.25,0.5,0.5,92.57,
ERCOT,92.5,26,68,6,0,117,0.25,0.75,0.0,92.57,
ERCOT,92.5,26,68,6,0,117,0.25,0.75,0.5,92.57,
ERCOT,92.5,26,68,6,0,117,0.25,1.0,0.0,92.57,
ERCOT,92.5,26,68,6,0,117,0.25,1.0,0.5,92.57,
ERCOT,92.5,26,68,6,0,117,0.5,0.0,0.0,92.57,
ERCOT,92.5,26,68,6,0,117,0.5,0.0,0.5,92.57,
ERCOT,92.5,26,68,6,0,117,0.5,0.25,0.0,92.57,
ERCOT,92.5,26,68,6,0,117,0.5,0.25,0.5,92.57,
ERCOT,92.5,26,68,6,0,117,0.5,0.5,0.0,92.57,
ERCOT,92.5,26,68,6,0,117,0.5,0.5,0.5,92.57,
ERCOT,92.5,26,68,6,0,117,0.5,0.75,0.0,92.57,
ERCOT,92.5,26,68,6,0,117,0.5,0.75,0.5,92.57,
ERCOT,92.5,26,68,6,0,117,0.5,1.0,0.0,92.57,
ERCOT,92.5,26,68,6,0,117,0.5,1.0,0.5,92.57,
ERCOT,92.5,27,61,12,0,222,0.0,0.0,0.0,92.81,
ERCOT,92.5,27,62,11,0,227,0.0,0.0,0.0,92.64,
ERCOT,92.5,27,63,10,0,237,0.0,0.0,0.0,93.2,
ERCOT,92.5,27,64,9,0,242,0.0,0.0,0.0,92.91,
ERCOT,92.5,27,65,8,0,247,0.0,0.0,0.0,92.55,
ERCOT,92.5,27,66,7,0,217,0.0,0.0,0.5,93.18,
ERCOT,92.5,27,66,7,0,182,0.0,0.0,1.0,92.82,
ERCOT,92.5,27,66,7,0,157,0.0,0.0,1.5,93.35,
ERCOT,92.5,27,66,7,0,142,0.0,0.0,2.0,93.6,
ERCOT,92.5,27,66,7,0,137,0.0,0.0,2.5,93.22,
ERCOT,92.5,27,66,7,0,117,0.0,0.25,0.0,92.92,
ERCOT,92.5,27,66,7,0,117,0.0,0.25,0.5,93.22,
ERCOT,92.5,27,66,7,0,117,0.0,0.5,0.0,93.17,
ERCOT,92.5,27,66,7,0,117,0.0,0.5,0.5,93.17,
ERCOT,92.5,27,66,7,0,117,0.0,0.75,0.0,93.17,
ERCOT,92.5,27,66,7,0,117,0.0,0.75,0.5,93.17,
ERCOT,92.5,27,66,7,0,117,0.0,1.0,0.0,93.17,
ERCOT,92.5,27,66,7,0,117,0.0,1.0,0.5,93.17,
ERCOT,92.5,27,66,7,0,117,0.25,0.0,0.0,93.03,
ERCOT,92.5,27,66,7,0,117,0.25,0.0,0.5,93.03,
ERCOT,92.5,27,66,7,0,117,0.25,0.25,0.0,93.03,
ERCOT,92.5,27,66,7,0,117,0.25,0.25,0.5,93.03,
ERCOT,92.5,27,66,7,0,117,0.25,0.5,0.0,93.03,
ERCOT,92.5,27,66,7,0,117,0.25,0.5,0.5,93.03,
ERCOT,92.5,27,66,7,0,117,0.25,0.75,0.0,93.03,
ERCOT,92.5,27,66,7,0,117,0.25,0.75,0.5,93.03,
ERCOT,92.5,27,66,7,0,117,0.25,1.0,0.0,93.03,
ERCOT,92.5,27,66,7,0,117,0.25,1.0,0.5,93.03,
ERCOT,92.5,27,66,7,0,117,0.5,0.0,0.0,93.03,
ERCOT,92.5,27,66,7,0,117,0.5,0.0,0.5,93.03,
ERCOT,92.5,27,66,7,0,117,0.5,0.25,0.0,93.03,
ERCOT,92.5,27,66,7,0,117,0.5,0.25,0.5,93.03,
ERCOT,92.5,27,66,7,0,117,0.5,0.5,0.0,93.03,
ERCOT,92.5,27,66,7,0,117,0.5,0.5,0.5,93.03,
ERCOT,92.5,27,66,7,0,117,0.5,0.75,0.0,93.03,
ERCOT,92.5,27,66,7,0,117,0.5,0.75,0.5,93.03,
ERCOT,92.5,27,66,7,0,117,0.5,1.0,0.0,93.03,
ERCOT,92.5,27,66,7,0,117,0.5,1.0,0.5,93.03,
ERCOT,92.5,27,67,6,0,222,0.0,0.0,0.5,92.79,
ERCOT,92.5,27,67,6,0,187,0.0,0.0,1.0,92.7,
ERCOT,92.5,27,67,6,0,162,0.0,0.0,1.5,93.5,
ERCOT,92.5,27,67,6,0,142,0.0,0.0,2.0,92.96,
ERCOT,92.5,27,67,6,0,137,0.0,0.0,2.5,92.59,
ERCOT,92.5,27,67,6,0,117,0.0,0.25,0.0,92.54,
ERCOT,92.5,27,67,6,0,117,0.0,0.25,0.5,92.91,
ERCOT,92.5,27,67,6,0,117,0.0,0.5,0.0,92.92,
ERCOT,92.5,27,67,6,0,117,0.0,0.5,0.5,92.92,
ERCOT,92.5,27,67,6,0,117,0.0,0.75,0.0,92.92,
ERCOT,92.5,27,67,6,0,117,0.0,0.75,0.5,92.92,
ERCOT,92.5,27,67,6,0,117,0.0,1.0,0.0,92.92,
ERCOT,92.5,27,67,6,0,117,0.0,1.0,0.5,92.92,
ERCOT,92.5,27,67,6,0,117,0.25,0.0,0.0,92.78,
ERCOT,92.5,27,67,6,0,117,0.25,0.0,0.5,92.78,
ERCOT,92.5,27,67,6,0,117,0.25,0.25,0.0,92.78,
ERCOT,92.5,27,67,6,0,117,0.25,0.25,0.5,92.78,
ERCOT,92.5,27,67,6,0,117,0.25,0.5,0.0,92.78,
ERCOT,92.5,27,67,6,0,117,0.25,0.5,0.5,92.78,
ERCOT,92.5,27,67,6,0,117,0.25,0.75,0.0,92.78,
ERCOT,92.5,27,67,6,0,117,0.25,0.75,0.5,92.78,
ERCOT,92.5,27,67,6,0,117,0.25,1.0,0.0,92.78,
ERCOT,92.5,27,67,6,0,117,0.25,1.0,0.5,92.78,
ERCOT,92.5,27,67,6,0,117,0.5,0.0,0.0,92.78,
ERCOT,92.5,27,67,6,0,117,0.5,0.0,0.5,92.78,
ERCOT,92.5,27,67,6,0,117,0.5,0.25,0.0,92.78,
ERCOT,92.5,27,67,6,0,117,0.5,0.25,0.5,92.78,
ERCOT,92.5,27,67,6,0,117,0.5,0.5,0.0,92.78,
ERCOT,92.5,27,67,6,0,117,0.5,0.5,0.5,92.78,
ERCOT,92.5,27,67,6,0,117,0.5,0.75,0.0,92.78,
ERCOT,92.5,27,67,6,0,117,0.5,0.75,0.5,92.78,
ERCOT,92.5,27,67,6,0,117,0.5,1.0,0.0,92.78,
ERCOT,92.5,27,67,6,0,117,0.5,1.0,0.5,92.78,
ERCOT,92.5,28,61,11,0,222,0.0,0.0,0.0,92.74,
ERCOT,92.5,28,62,10,0,227,0.0,0.0,0.0,92.55,
ERCOT,92.5,28,63,9,0,237,0.0,0.0,0.0,93.12,
ERCOT,92.5,28,64,8,0,242,0.0,0.0,0.0,92.81,
ERCOT,92.5,28,65,7,0,250,0.0,0.0,0.0,92.91,
ERCOT,92.5,28,66,6,0,217,0.0,0.0,0.5,93.02,
ERCOT,92.5,28,66,6,0,182,0.0,0.0,1.0,92.7,
ERCOT,92.5,28,66,6,0,157,0.0,0.0,1.5,93.26,
ERCOT,92.5,28,66,6,0,142,0.0,0.0,2.0,93.52,
ERCOT,92.5,28,66,6,0,137,0.0,0.0,2.5,93.08,
ERCOT,92.5,28,66,6,0,117,0.0,0.25,0.0,92.87,
ERCOT,92.5,28,66,6,0,117,0.0,0.25,0.5,93.17,
ERCOT,92.5,28,66,6,0,117,0.0,0.5,0.0,93.13,
ERCOT,92.5,28,66,6,0,117,0.0,0.5,0.5,93.13,
ERCOT,92.5,28,66,6,0,117,0.0,0.75,0.0,93.13,
ERCOT,92.5,28,66,6,0,117,0.0,0.75,0.5,93.13,
ERCOT,92.5,28,66,6,0,117,0.0,1.0,0.0,93.13,
ERCOT,92.5,28,66,6,0,117,0.0,1.0,0.5,93.13,
ERCOT,92.5,28,66,6,0,117,0.25,0.0,0.0,92.98,
ERCOT,92.5,28,66,6,0,117,0.25,0.0,0.5,92.98,
ERCOT,92.5,28,66,6,0,117,0.25,0.25,0.0,92.98,
ERCOT,92.5,28,66,6,0,117,0.25,0.25,0.5,92.98,
ERCOT,92.5,28,66,6,0,117,0.25,0.5,0.0,92.98,
ERCOT,92.5,28,66,6,0,117,0.25,0.5,0.5,92.98,
ERCOT,92.5,28,66,6,0,117,0.25,0.75,0.0,92.98,
ERCOT,92.5,28,66,6,0,117,0.25,0.75,0.5,92.98,
ERCOT,92.5,28,66,6,0,117,0.25,1.0,0.0,92.98,
ERCOT,92.5,28,66,6,0,117,0.25,1.0,0.5,92.98,
ERCOT,92.5,28,66,6,0,117,0.5,0.0,0.0,92.98,
ERCOT,92.5,28,66,6,0,117,0.5,0.0,0.5,92.98,
ERCOT,92.5,28,66,6,0,117,0.5,0.25,0.0,92.98,
ERCOT,92.5,28,66,6,0,117,0.5,0.25,0.5,92.98,
ERCOT,92.5,28,66,6,0,117,0.5,0.5,0.0,92.98,
ERCOT,92.5,28,66,6,0,117,0.5,0.5,0.5,92.98,
ERCOT,92.5,28,66,6,0,117,0.5,0.75,0.0,92.98,
ERCOT,92.5,28,66,6,0,117,0.5,0.75,0.5,92.98,
ERCOT,92.5,28,66,6,0,117,0.5,1.0,0.0,92.98,
ERCOT,92.5,28,66,6,0,117,0.5,1.0,0.5,92.98,
ERCOT,92.5,29,61,10,0,222,0.0,0.0,0.0,92.65,
ERCOT,92.5,29,62,9,0,232,0.0,0.0,0.0,93.28,
ERCOT,92.5,29,63,8,0,237,0.0,0.0,0.0,93.02,
ERCOT,92.5,29,64,7,0,242,0.0,0.0,0.0,92.7,
ERCOT,92.5,29,65,6,0,250,0.0,0.0,0.0,92.78,
ERCOT,92.5,21,30,49,0,127,0.0,0.0,0.0,93.24,
ERCOT,92.5,21,31,48,0,127,0.0,0.0,0.0,92.87,
ERCOT,92.5,21,32,47,0,132,0.0,0.0,0.0,93.59,
ERCOT,92.5,21,33,46,0,132,0.0,0.0,0.0,93.22,
ERCOT,92.5,21,34,45,0,132,0.0,0.0,0.0,92.82,
ERCOT,92.5,22,29,49,0,127,0.0,0.0,0.0,93.61,
ERCOT,92.5,22,30,48,0,127,0.0,0.0,0.0,93.26,
ERCOT,92.5,22,31,47,0,127,0.0,0.0,0.0,92.88,
ERCOT,92.5,22,32,46,0,132,0.0,0.0,0.0,93.61,
ERCOT,92.5,22,33,45,0,132,0.0,0.0,0.0,93.23,
ERCOT,92.5,22,34,44,0,132,0.0,0.0,0.0,92.83,
ERCOT,92.5,23,28,49,0,122,0.0,0.0,0.0,92.82,
ERCOT,92.5,23,29,48,0,127,0.0,0.0,0.0,93.63,
ERCOT,92.5,23,30,47,0,127,0.0,0.0,0.0,93.27,
ERCOT,92.5,23,31,46,0,127,0.0,0.0,0.0,92.9,
ERCOT,92.5,23,32,45,0,132,0.0,0.0,0.0,93.63,
ERCOT,92.5,23,33,44,0,132,0.0,0.0,0.0,93.25,
ERCOT,92.5,23,34,43,0,132,0.0,0.0,0.0,92.84,
ERCOT,92.5,24,27,49,0,122,0.0,0.0,0.0,93.19,
ERCOT,92.5,24,28,48,0,122,0.0,0.0,0.0,92.84,
ERCOT,92.5,24,29,47,0,127,0.0,0.0,0.0,93.65,
ERCOT,92.5,24,30,46,0,127,0.0,0.0,0.0,93.29,
ERCOT,92.5,24,31,45,0,127,0.0,0.0,0.0,92.91,
ERCOT,92.5,24,32,44,0,127,0.0,0.0,0.0,92.5,
ERCOT,92.5,24,33,43,0,132,0.0,0.0,0.0,93.26,
ERCOT,92.5,24,34,42,0,132,0.0,0.0,0.0,92.85,
ERCOT,92.5,25,26,49,0,122,0.0,0.0,0.0,93.54,
ERCOT,92.5,25,27,48,0,122,0.0,0.0,0.0,93.21,
ERCOT,92.5,25,28,47,0,122,0.0,0.0,0.0,92.85,
ERCOT,92.5,25,29,46,0,127,0.0,0.0,0.0,93.67,
ERCOT,92.5,25,31,44,0,127,0.0,0.0,0.0,92.92,
ERCOT,92.5,25,32,43,0,127,0.0,0.0,0.0,92.51,
ERCOT,92.5,25,33,42,0,132,0.0,0.0,0.0,93.27,
ERCOT,92.5,25,34,41,0,132,0.0,0.0,0.0,92.86,
ERCOT,92.5,26,26,48,0,122,0.0,0.0,0.0,93.56,
ERCOT,92.5,26,27,47,0,122,0.0,0.0,0.0,93.22,
ERCOT,92.5,26,28,46,0,122,0.0,0.0,0.0,92.86,
ERCOT,92.5,26,29,45,0,127,0.0,0.0,0.0,93.68,
ERCOT,92.5,26,30,44,0,127,0.0,0.0,0.0,93.32,
ERCOT,92.5,26,31,43,0,127,0.0,0.0,0.0,92.93,
ERCOT,92.5,26,32,42,0,127,0.0,0.0,0.0,92.52,
ERCOT,92.5,26,33,41,0,132,0.0,0.0,0.0,93.28,
ERCOT,92.5,27,26,47,0,122,0.0,0.0,0.0,93.58,
ERCOT,92.5,27,27,46,0,122,0.0,0.0,0.0,93.24,
ERCOT,92.5,27,28,45,0,122,0.0,0.0,0.0,92.87,
ERCOT,92.5,27,29,44,0,127,0.0,0.0,0.0,93.7,
ERCOT,92.5,27,30,43,0,127,0.0,0.0,0.0,93.33,
ERCOT,92.5,27,31,42,0,127,0.0,0.0,0.0,92.94,
ERCOT,92.5,27,32,41,0,127,0.0,0.0,0.0,92.52,
ERCOT,92.5,28,26,46,0,122,0.0,0.0,0.0,93.6,
ERCOT,92.5,28,27,45,0,122,0.0,0.0,0.0,93.25,
ERCOT,92.5,28,28,44,0,122,0.0,0.0,0.0,92.88,
ERCOT,92.5,28,29,43,0,127,0.0,0.0,0.0,93.72,
ERCOT,92.5,28,30,42,0,127,0.0,0.0,0.0,93.34,
ERCOT,92.5,28,31,41,0,127,0.0,0.0,0.0,92.95,
ERCOT,92.5,29,26,45,0,122,0.0,0.0,0.0,93.62,
ERCOT,92.5,29,27,44,0,122,0.0,0.0,0.0,93.27,
ERCOT,92.5,29,28,43,0,122,0.0,0.0,0.0,92.89,
ERCOT,92.5,29,29,42,0,127,0.0,0.0,0.0,93.73,
ERCOT,92.5,29,30,41,0,127,0.0,0.0,0.0,93.35,
ERCOT,92.5,0,6,94,0,132,0.0,0.0,0.0,93.22,
ERCOT,92.5,0,7,93,0,127,0.0,0.0,0.0,92.61,
ERCOT,92.5,0,8,92,0,127,0.0,0.0,0.0,92.9,
ERCOT,92.5,0,9,91,0,127,0.0,0.0,0.0,93.18,
ERCOT,92.5,1,6,93,0,132,0.0,0.0,0.0,93.32,
ERCOT,92.5,1,7,92,0,127,0.0,0.0,0.0,92.7,
ERCOT,92.5,1,8,91,0,127,0.0,0.0,0.0,93.0,
ERCOT,92.5,1,9,90,0,127,0.0,0.0,0.0,93.27,
ERCOT,92.5,2,6,92,0,132,0.0,0.0,0.0,93.42,
ERCOT,92.5,2,7,91,0,127,0.0,0.0,0.0,92.8,
ERCOT,92.5,2,8,90,0,127,0.0,0.0,0.0,93.09,
ERCOT,92.5,3,6,91,0,127,0.0,0.0,0.0,92.58,
ERCOT,92.5,3,7,90,0,127,0.0,0.0,0.0,92.89,
ERCOT,92.5,4,6,90,0,127,0.0,0.0,0.0,92.67,
ERCOT,92.5,41,20,39,0,112,0.0,0.0,0.0,92.78,
ERCOT,92.5,41,21,38,0,112,0.0,0.0,0.0,92.53,
ERCOT,92.5,41,22,37,0,117,0.0,0.0,0.0,93.8,
ERCOT,92.5,41,23,36,0,117,0.0,0.0,0.0,93.47,
ERCOT,92.5,41,24,35,0,117,0.0,0.0,0.0,93.1,
ERCOT,92.5,42,19,39,0,112,0.0,0.0,0.0,93.02,
ERCOT,92.5,42,20,38,0,112,0.0,0.0,0.0,92.8,
ERCOT,92.5,42,21,37,0,112,0.0,0.0,0.0,92.54,
ERCOT,92.5,42,22,36,0,117,0.0,0.0,0.0,93.81,
ERCOT,92.5,42,23,35,0,117,0.0,0.0,0.0,93.47,
ERCOT,92.5,42,24,34,0,117,0.0,0.0,0.0,93.1,
ERCOT,92.5,43,18,39,0,112,0.0,0.0,0.0,93.22,
ERCOT,92.5,43,19,38,0,112,0.0,0.0,0.0,93.05,
ERCOT,92.5,43,20,37,0,112,0.0,0.0,0.0,92.82,
ERCOT,92.5,43,21,36,0,112,0.0,0.0,0.0,92.55,
ERCOT,92.5,43,22,35,0,117,0.0,0.0,0.0,93.82,
ERCOT,92.5,43,23,34,0,117,0.0,0.0,0.0,93.48,
ERCOT,92.5,43,24,33,0,117,0.0,0.0,0.0,93.1,
ERCOT,92.5,44,17,39,0,112,0.0,0.0,0.0,93.39,
ERCOT,92.5,44,18,38,0,112,0.0,0.0,0.0,93.25,
ERCOT,92.5,44,19,37,0,112,0.0,0.0,0.0,93.07,
ERCOT,92.5,44,20,36,0,112,0.0,0.0,0.0,92.84,
ERCOT,92.5,44,21,35,0,112,0.0,0.0,0.0,92.56,
ERCOT,92.5,44,22,34,0,117,0.0,0.0,0.0,93.83,
ERCOT,92.5,44,23,33,0,117,0.0,0.0,0.0,93.48,
ERCOT,92.5,44,24,32,0,117,0.0,0.0,0.0,93.09,
ERCOT,92.5,45,16,39,0,112,0.0,0.0,0.0,93.53,
ERCOT,92.5,45,17,38,0,112,0.0,0.0,0.0,93.43,
ERCOT,92.5,45,18,37,0,112,0.0,0.0,0.0,93.28,
ERCOT,92.5,45,19,36,0,112,0.0,0.0,0.0,93.09,
ERCOT,92.5,45,21,34,0,112,0.0,0.0,0.0,92.56,
ERCOT,92.5,45,22,33,0,117,0.0,0.0,0.0,93.83,
ERCOT,92.5,45,23,32,0,117,0.0,0.0,0.0,93.48,
ERCOT,92.5,45,24,31,0,117,0.0,0.0,0.0,93.09,
ERCOT,92.5,46,16,38,0,112,0.0,0.0,0.0,93.57,
ERCOT,92.5,46,17,37,0,112,0.0,0.0,0.0,93.46,
ERCOT,92.5,46,18,36,0,112,0.0,0.0,0.0,93.31,
ERCOT,92.5,46,19,35,0,112,0.0,0.0,0.0,93.11,
ERCOT,92.5,46,20,34,0,112,0.0,0.0,0.0,92.86,
ERCOT,92.5,46,21,33,0,112,0.0,0.0,0.0,92.56,
ERCOT,92.5,46,22,32,0,117,0.0,0.0,0.0,93.84,
ERCOT,92.5,46,23,31,0,117,0.0,0.0,0.0,93.47,
ERCOT,92.5,47,16,37,0,112,0.0,0.0,0.0,93.61,
ERCOT,92.5,47,17,36,0,112,0.0,0.0,0.0,93.49,
ERCOT,92.5,47,18,35,0,112,0.0,0.0,0.0,93.34,
ERCOT,92.5,47,19,34,0,112,0.0,0.0,0.0,93.13,
ERCOT,92.5,47,20,33,0,112,0.0,0.0,0.0,92.87,
ERCOT,92.5,47,21,32,0,112,0.0,0.0,0.0,92.57,
ERCOT,92.5,47,22,31,0,117,0.0,0.0,0.0,93.84,
ERCOT,92.5,48,16,36,0,112,0.0,0.0,0.0,93.64,
ERCOT,92.5,48,17,35,0,112,0.0,0.0,0.0,93.52,
ERCOT,92.5,48,18,34,0,112,0.0,0.0,0.0,93.36,
ERCOT,92.5,48,19,33,0,112,0.0,0.0,0.0,93.15,
ERCOT,92.5,48,20,32,0,112,0.0,0.0,0.0,92.88,
ERCOT,92.5,48,21,31,0,112,0.0,0.0,0.0,92.56,
ERCOT,92.5,49,16,35,0,112,0.0,0.0,0.0,93.68,
ERCOT,92.5,49,17,34,0,112,0.0,0.0,0.0,93.55,
ERCOT,92.5,49,18,33,0,112,0.0,0.0,0.0,93.38,
ERCOT,92.5,49,19,32,0,112,0.0,0.0,0.0,93.16,
ERCOT,92.5,49,20,31,0,112,0.0,0.0,0.0,92.89,
ERCOT,92.5,46,30,24,0,127,0.0,0.0,0.0,93.29,
ERCOT,92.5,46,31,23,0,127,0.0,0.0,0.0,92.78,
ERCOT,92.5,46,32,22,0,132,0.0,0.0,0.0,93.66,
ERCOT,92.5,46,33,21,0,132,0.0,0.0,0.0,93.15,
ERCOT,92.5,46,34,20,0,132,0.0,0.0,0.0,92.59,
ERCOT,92.5,47,29,24,0,127,0.0,0.0,0.0,93.75,
ERCOT,92.5,47,30,23,0,127,0.0,0.0,0.0,93.27,
ERCOT,92.5,47,31,22,0,127,0.0,0.0,0.0,92.75,
ERCOT,92.5,47,32,21,0,132,0.0,0.0,0.0,93.64,
ERCOT,92.5,47,33,20,0,132,0.0,0.0,0.0,93.12,
ERCOT,92.5,47,34,19,0,132,0.0,0.0,0.0,92.55,
ERCOT,92.5,48,28,24,0,122,0.0,0.0,0.0,92.75,
ERCOT,92.5,48,29,23,0,127,0.0,0.0,0.0,93.73,
ERCOT,92.5,48,30,22,0,127,0.0,0.0,0.0,93.24,
ERCOT,92.5,48,31,21,0,127,0.0,0.0,0.0,92.72,
ERCOT,92.5,48,32,20,0,132,0.0,0.0,0.0,93.62,
ERCOT,92.5,48,33,19,0,132,0.0,0.0,0.0,93.08,
ERCOT,92.5,48,34,18,0,132,0.0,0.0,0.0,92.51,
ERCOT,92.5,49,27,24,0,122,0.0,0.0,0.0,93.21,
ERCOT,92.5,49,28,23,0,122,0.0,0.0,0.0,92.72,
ERCOT,92.5,49,29,22,0,127,0.0,0.0,0.0,93.71,
ERCOT,92.5,49,30,21,0,127,0.0,0.0,0.0,93.21,
ERCOT,92.5,49,31,20,0,127,0.0,0.0,0.0,92.68,
ERCOT,92.5,49,32,19,0,132,0.0,0.0,0.0,93.59,
ERCOT,92.5,49,33,18,0,132,0.0,0.0,0.0,93.04,
ERCOT,92.5,49,34,17,0,137,0.0,0.0,0.0,93.85,
ERCOT,92.5,50,26,24,0,122,0.0,0.0,0.0,93.65,
ERCOT,92.5,50,27,23,0,122,0.0,0.0,0.0,93.19,
ERCOT,92.5,50,28,22,0,122,0.0,0.0,0.0,92.69,
ERCOT,92.5,50,29,21,0,127,0.0,0.0,0.0,93.68,
ERCOT,92.5,50,31,19,0,127,0.0,0.0,0.0,92.64,
ERCOT,92.5,50,32,18,0,132,0.0,0.0,0.0,93.55,
ERCOT,92.5,50,33,17,0,132,0.0,0.0,0.0,93.0,
ERCOT,92.5,50,34,16,0,137,0.0,0.0,0.0,93.82,
ERCOT,92.5,51,26,23,0,122,0.0,0.0,0.0,93.63,
ERCOT,92.5,51,27,22,0,122,0.0,0.0,0.0,93.16,
ERCOT,92.5,51,28,21,0,122,0.0,0.0,0.0,92.66,
ERCOT,92.5,51,29,20,0,127,0.0,0.0,0.0,93.66,
ERCOT,92.5,51,30,19,0,127,0.0,0.0,0.0,93.15,
ERCOT,92.5,51,31,18,0,127,0.0,0.0,0.0,92.6,
ERCOT,92.5,51,32,17,0,132,0.0,0.0,0.0,93.52,
ERCOT,92.5,51,33,16,0,132,0.0,0.0,0.0,92.96,
ERCOT,92.5,52,26,22,0,122,0.0,0.0,0.0,93.61,
ERCOT,92.5,52,27,21,0,122,0.0,0.0,0.0,93.13,
ERCOT,92.5,52,28,20,0,122,0.0,0.0,0.0,92.62,
ERCOT,92.5,52,29,19,0,127,0.0,0.0,0.0,93.63,
ERCOT,92.5,52,30,18,0,127,0.0,0.0,0.0,93.11,
ERCOT,92.5,52,31,17,0,127,0.0,0.0,0.0,92.56,
ERCOT,92.5,52,32,16,0,132,0.0,0.0,0.0,93.48,
ERCOT,92.5,53,26,21,0,122,0.0,0.0,0.0,93.58,
ERCOT,92.5,53,27,20,0,122,0.0,0.0,0.0,93.1,
ERCOT,92.5,53,28,19,0,122,0.0,0.0,0.0,92.58,
ERCOT,92.5,53,29,18,0,127,0.0,0.0,0.0,93.6,
ERCOT,92.5,53,30,17,0,127,0.0,0.0,0.0,93.07,
ERCOT,92.5,53,31,16,0,127,0.0,0.0,0.0,92.51,
ERCOT,92.5,54,26,20,0,122,0.0,0.0,0.0,93.56,
ERCOT,92.5,54,27,19,0,122,0.0,0.0,0.0,93.07,
ERCOT,92.5,54,28,18,0,122,0.0,0.0,0.0,92.54,
ERCOT,92.5,54,29,17,0,127,0.0,0.0,0.0,93.56,
ERCOT,92.5,54,30,16,0,127,0.0,0.0,0.0,93.03,
ERCOT,92.5,61,0,39,0,117,0.0,0.0,0.0,93.04,
ERCOT,92.5,61,1,38,0,117,0.0,0.0,0.0,93.41,
ERCOT,92.5,61,2,37,0,117,0.0,0.0,0.0,93.77,
ERCOT,92.5,61,3,36,0,112,0.0,0.0,0.0,92.72,
ERCOT,92.5,61,4,35,0,112,0.0,0.0,0.0,93.02,
ERCOT,92.5,62,0,38,0,117,0.0,0.0,0.0,93.1,
ERCOT,92.5,62,1,37,0,117,0.0,0.0,0.0,93.48,
ERCOT,92.5,62,2,36,0,117,0.0,0.0,0.0,93.83,
ERCOT,92.5,62,3,35,0,112,0.0,0.0,0.0,92.79,
ERCOT,92.5,62,4,34,0,112,0.0,0.0,0.0,93.08,
ERCOT,92.5,63,0,37,0,117,0.0,0.0,0.0,93.16,
ERCOT,92.5,63,1,36,0,117,0.0,0.0,0.0,93.54,
ERCOT,92.5,63,2,35,0,112,0.0,0.0,0.0,92.54,
ERCOT,92.5,63,3,34,0,112,0.0,0.0,0.0,92.85,
ERCOT,92.5,63,4,33,0,112,0.0,0.0,0.0,93.14,
ERCOT,92.5,64,0,36,0,117,0.0,0.0,0.0,93.23,
ERCOT,92.5,64,1,35,0,117,0.0,0.0,0.0,93.6,
ERCOT,92.5,64,2,34,0,112,0.0,0.0,0.0,92.6,
ERCOT,92.5,64,3,33,0,112,0.0,0.0,0.0,92.91,
ERCOT,92.5,64,4,32,0,112,0.0,0.0,0.0,93.2,
ERCOT,92.5,65,1,34,0,117,0.0,0.0,0.0,93.66,
ERCOT,92.5,65,2,33,0,112,0.0,0.0,0.0,92.66,
ERCOT,92.5,65,3,32,0,112,0.0,0.0,0.0,92.97,
ERCOT,92.5,65,4,31,0,112,0.0,0.0,0.0,93.25,
ERCOT,92.5,66,0,34,0,117,0.0,0.0,0.0,93.35,
ERCOT,92.5,66,1,33,0,117,0.0,0.0,0.0,93.72,
ERCOT,92.5,66,2,32,0,112,0.0,0.0,0.0,92.72,
ERCOT,92.5,66,3,31,0,112,0.0,0.0,0.0,93.03,
ERCOT,92.5,67,0,33,0,117,0.0,0.0,0.0,93.41,
ERCOT,92.5,67,1,32,0,117,0.0,0.0,0.0,93.78,
ERCOT,92.5,67,2,31,0,112,0.0,0.0,0.0,92.78,
ERCOT,92.5,68,0,32,0,117,0.0,0.0,0.0,93.47,
ERCOT,92.5,68,1,31,0,112,0.0,0.0,0.0,92.51,
ERCOT,92.5,69,0,31,0,117,0.0,0.0,0.0,93.53,
ERCOT,92.5,5,86,9,0,202,0.0,0.0,2.5,92.92,
ERCOT,92.5,5,86,9,0,167,0.0,0.25,0.0,92.82,
ERCOT,92.5,5,86,9,0,147,0.0,0.25,0.5,92.63,
ERCOT,92.5,5,86,9,0,142,0.0,0.25,1.0,93.48,
ERCOT,92.5,5,86,9,0,137,0.0,0.25,1.5,93.76,
ERCOT,92.5,5,86,9,0,132,0.0,0.25,2.0,93.5,
ERCOT,92.5,5,86,9,0,127,0.0,0.25,2.5,92.84,
ERCOT,92.5,5,86,9,0,132,0.0,0.5,0.0,92.84,
ERCOT,92.5,5,86,9,0,132,0.0,0.5,0.5,92.86,
ERCOT,92.5,5,86,9,0,132,0.0,0.75,0.0,92.84,
ERCOT,92.5,5,86,9,0,132,0.0,0.75,0.5,92.84,
ERCOT,92.5,5,86,9,0,132,0.0,1.0,0.0,92.84,
ERCOT,92.5,5,86,9,0,132,0.0,1.0,0.5,92.84,
ERCOT,92.5,5,86,9,0,132,0.25,0.0,0.0,92.76,
ERCOT,92.5,5,86,9,0,132,0.25,0.0,0.5,92.78,
ERCOT,92.5,5,86,9,0,132,0.25,0.25,0.0,92.76,
ERCOT,92.5,5,86,9,0,132,0.25,0.25,0.5,92.76,
ERCOT,92.5,5,86,9,0,132,0.25,0.5,0.0,92.76,
ERCOT,92.5,5,86,9,0,132,0.25,0.5,0.5,92.76,
ERCOT,92.5,5,86,9,0,132,0.25,0.75,0.0,92.76,
ERCOT,92.5,5,86,9,0,132,0.25,0.75,0.5,92.76,
ERCOT,92.5,5,86,9,0,132,0.25,1.0,0.0,92.76,
ERCOT,92.5,5,86,9,0,132,0.25,1.0,0.5,92.76,
ERCOT,92.5,5,86,9,0,132,0.5,0.0,0.0,92.76,
ERCOT,92.5,5,86,9,0,132,0.5,0.0,0.5,92.76,
ERCOT,92.5,5,86,9,0,132,0.5,0.25,0.0,92.76,
ERCOT,92.5,5,86,9,0,132,0.5,0.25,0.5,92.76,
ERCOT,92.5,5,86,9,0,132,0.5,0.5,0.0,92.76,
ERCOT,92.5,5,86,9,0,132,0.5,0.5,0.5,92.76,
ERCOT,92.5,5,86,9,0,132,0.5,0.75,0.0,92.76,
ERCOT,92.5,5,86,9,0,132,0.5,0.75,0.5,92.76,
ERCOT,92.5,5,86,9,0,132,0.5,1.0,0.0,92.76,
ERCOT,92.5,5,86,9,0,132,0.5,1.0,0.5,92.76,
ERCOT,92.5,6,86,8,0,202,0.0,0.0,2.5,92.83,
ERCOT,92.5,6,86,8,0,167,0.0,0.25,0.0,92.73,
ERCOT,92.5,6,86,8,0,147,0.0,0.25,0.5,92.57,
ERCOT,92.5,6,86,8,0,142,0.0,0.25,1.0,93.41,
ERCOT,92.5,6,86,8,0,137,0.0,0.25,1.5,93.71,
ERCOT,92.5,6,86,8,0,132,0.0,0.25,2.0,93.46,
ERCOT,92.5,6,86,8,0,127,0.0,0.25,2.5,92.8,
ERCOT,92.5,6,86,8,0,132,0.0,0.5,0.0,92.82,
ERCOT,92.5,6,86,8,0,132,0.0,0.5,0.5,92.84,
ERCOT,92.5,6,86,8,0,132,0.0,0.75,0.0,92.82,
ERCOT,92.5,6,86,8,0,132,0.0,0.75,0.5,92.82,
ERCOT,92.5,6,86,8,0,132,0.0,1.0,0.0,92.82,
ERCOT,92.5,6,86,8,0,132,0.0,1.0,0.5,92.82,
ERCOT,92.5,6,86,8,0,132,0.25,0.0,0.0,92.73,
ERCOT,92.5,6,86,8,0,132,0.25,0.0,0.5,92.75,
ERCOT,92.5,6,86,8,0,132,0.25,0.25,0.0,92.73,
ERCOT,92.5,6,86,8,0,132,0.25,0.25,0.5,92.73,
ERCOT,92.5,6,86,8,0,132,0.25,0.5,0.0,92.73,
ERCOT,92.5,6,86,8,0,132,0.25,0.5,0.5,92.73,
ERCOT,92.5,6,86,8,0,132,0.25,0.75,0.0,92.73,
ERCOT,92.5,6,86,8,0,132,0.25,0.75,0.5,92.73,
ERCOT,92.5,6,86,8,0,132,0.25,1.0,0.0,92.73,
ERCOT,92.5,6,86,8,0,132,0.25,1.0,0.5,92.73,
ERCOT,92.5,6,86,8,0,132,0.5,0.0,0.0,92.73,
ERCOT,92.5,6,86,8,0,132,0.5,0.0,0.5,92.73,
ERCOT,92.5,6,86,8,0,132,0.5,0.25,0.0,92.73,
ERCOT,92.5,6,86,8,0,132,0.5,0.25,0.5,92.73,
ERCOT,92.5,6,86,8,0,132,0.5,0.5,0.0,92.73,
ERCOT,92.5,6,86,8,0,132,0.5,0.5,0.5,92.73,
ERCOT,92.5,6,86,8,0,132,0.5,0.75,0.0,92.73,
ERCOT,92.5,6,86,8,0,132,0.5,0.75,0.5,92.73,
ERCOT,92.5,6,86,8,0,132,0.5,1.0,0.0,92.73,
ERCOT,92.5,6,86,8,0,132,0.5,1.0,0.5,92.73,
ERCOT,92.5,7,86,7,0,202,0.0,0.0,2.5,92.72,
ERCOT,92.5,7,86,7,0,167,0.0,0.25,0.0,92.64,
ERCOT,92.5,7,86,7,0,147,0.0,0.25,0.5,92.5,
ERCOT,92.5,7,86,7,0,142,0.0,0.25,1.0,93.35,
ERCOT,92.5,7,86,7,0,137,0.0,0.25,1.5,93.66,
ERCOT,92.5,7,86,7,0,132,0.0,0.25,2.0,93.41,
ERCOT,92.5,7,86,7,0,127,0.0,0.25,2.5,92.76,
ERCOT,92.5,7,86,7,0,132,0.0,0.5,0.0,92.8,
ERCOT,92.5,7,86,7,0,132,0.0,0.5,0.5,92.81,
ERCOT,92.5,7,86,7,0,132,0.0,0.75,0.0,92.8,
ERCOT,92.5,7,86,7,0,132,0.0,0.75,0.5,92.8,
ERCOT,92.5,7,86,7,0,132,0.0,1.0,0.0,92.8,
ERCOT,92.5,7,86,7,0,132,0.0,1.0,0.5,92.8,
ERCOT,92.5,7,86,7,0,132,0.25,0.0,0.0,92.69,
ERCOT,92.5,7,86,7,0,132,0.25,0.0,0.5,92.71,
ERCOT,92.5,7,86,7,0,132,0.25,0.25,0.0,92.69,
ERCOT,92.5,7,86,7,0,132,0.25,0.25,0.5,92.69,
ERCOT,92.5,7,86,7,0,132,0.25,0.5,0.0,92.69,
ERCOT,92.5,7,86,7,0,132,0.25,0.5,0.5,92.69,
ERCOT,92.5,7,86,7,0,132,0.25,0.75,0.0,92.69,
ERCOT,92.5,7,86,7,0,132,0.25,0.75,0.5,92.69,
ERCOT,92.5,7,86,7,0,132,0.25,1.0,0.0,92.69,
ERCOT,92.5,7,86,7,0,132,0.25,1.0,0.5,92.69,
ERCOT,92.5,7,86,7,0,132,0.5,0.0,0.0,92.69,
ERCOT,92.5,7,86,7,0,132,0.5,0.0,0.5,92.69,
ERCOT,92.5,7,86,7,0,132,0.5,0.25,0.0,92.69,
ERCOT,92.5,7,86,7,0,132,0.5,0.25,0.5,92.69,
ERCOT,92.5,7,86,7,0,132,0.5,0.5,0.0,92.69,
ERCOT,92.5,7,86,7,0,132,0.5,0.5,0.5,92.69,
ERCOT,92.5,7,86,7,0,132,0.5,0.75,0.0,92.69,
ERCOT,92.5,7,86,7,0,132,0.5,0.75,0.5,92.69,
ERCOT,92.5,7,86,7,0,132,0.5,1.0,0.0,92.69,
ERCOT,92.5,7,86,7,0,132,0.5,1.0,0.5,92.69,
ERCOT,92.5,8,86,6,0,202,0.0,0.0,2.5,92.62,
ERCOT,92.5,8,86,6,0,167,0.0,0.25,0.0,92.54,
ERCOT,92.5,8,86,6,0,152,0.0,0.25,0.5,93.28,
ERCOT,92.5,8,86,6,0,142,0.0,0.25,1.0,93.28,
ERCOT,92.5,8,86,6,0,137,0.0,0.25,1.5,93.61,
ERCOT,92.5,8,86,6,0,132,0.0,0.25,2.0,93.36,
ERCOT,92.5,8,86,6,0,127,0.0,0.25,2.5,92.72,
ERCOT,92.5,8,86,6,0,132,0.0,0.5,0.0,92.77,
ERCOT,92.5,8,86,6,0,132,0.0,0.5,0.5,92.78,
ERCOT,92.5,8,86,6,0,132,0.0,0.75,0.0,92.77,
ERCOT,92.5,8,86,6,0,132,0.0,0.75,0.5,92.77,
ERCOT,92.5,8,86,6,0,132,0.0,1.0,0.0,92.77,
ERCOT,92.5,8,86,6,0,132,0.0,1.0,0.5,92.77,
ERCOT,92.5,8,86,6,0,132,0.25,0.0,0.0,92.65,
ERCOT,92.5,8,86,6,0,132,0.25,0.0,0.5,92.67,
ERCOT,92.5,8,86,6,0,132,0.25,0.25,0.0,92.65,
ERCOT,92.5,8,86,6,0,132,0.25,0.25,0.5,92.65,
ERCOT,92.5,8,86,6,0,132,0.25,0.5,0.0,92.65,
ERCOT,92.5,8,86,6,0,132,0.25,0.5,0.5,92.65,
ERCOT,92.5,8,86,6,0,132,0.25,0.75,0.0,92.65,
ERCOT,92.5,8,86,6,0,132,0.25,0.75,0.5,92.65,
ERCOT,92.5,8,86,6,0,132,0.25,1.0,0.0,92.65,
ERCOT,92.5,8,86,6,0,132,0.25,1.0,0.5,92.65,
ERCOT,92.5,8,86,6,0,132,0.5,0.0,0.0,92.65,
ERCOT,92.5,8,86,6,0,132,0.5,0.0,0.5,92.65,
ERCOT,92.5,8,86,6,0,132,0.5,0.25,0.0,92.65,
ERCOT,92.5,8,86,6,0,132,0.5,0.25,0.5,92.65,
ERCOT,92.5,8,86,6,0,132,0.5,0.5,0.0,92.65,
ERCOT,92.5,8,86,6,0,132,0.5,0.5,0.5,92.65,
ERCOT,92.5,8,86,6,0,132,0.5,0.75,0.0,92.65,
ERCOT,92.5,8,86,6,0,132,0.5,0.75,0.5,92.65,
ERCOT,92.5,8,86,6,0,132,0.5,1.0,0.0,92.65,
ERCOT,92.5,8,86,6,0,132,0.5,1.0,0.5,92.65,
ERCOT,92.5,9,86,5,0,202,0.0,0.0,2.5,92.51,
ERCOT,92.5,9,86,5,0,172,0.0,0.25,0.0,93.0,
ERCOT,92.5,9,86,5,0,152,0.0,0.25,0.5,93.22,
ERCOT,92.5,9,86,5,0,142,0.0,0.25,1.0,93.22,
ERCOT,92.5,9,86,5,0,137,0.0,0.25,1.5,93.56,
ERCOT,92.5,9,86,5,0,132,0.0,0.25,2.0,93.31,
ERCOT,92.5,9,86,5,0,127,0.0,0.25,2.5,92.68,
ERCOT,92.5,9,86,5,0,132,0.0,0.5,0.0,92.73,
ERCOT,92.5,9,86,5,0,132,0.0,0.5,0.5,92.75,
ERCOT,92.5,9,86,5,0,132,0.0,0.75,0.0,92.73,
ERCOT,92.5,9,86,5,0,132,0.0,0.75,0.5,92.73,
ERCOT,92.5,9,86,5,0,132,0.0,1.0,0.0,92.73,
ERCOT,92.5,9,86,5,0,132,0.0,1.0,0.5,92.73,
ERCOT,92.5,9,86,5,0,132,0.25,0.0,0.0,92.6,
ERCOT,92.5,9,86,5,0,132,0.25,0.0,0.5,92.63,
ERCOT,92.5,9,86,5,0,132,0.25,0.25,0.0,92.6,
ERCOT,92.5,9,86,5,0,132,0.25,0.25,0.5,92.6,
ERCOT,92.5,9,86,5,0,132,0.25,0.5,0.0,92.6,
ERCOT,92.5,9,86,5,0,132,0.25,0.5,0.5,92.6,
ERCOT,92.5,9,86,5,0,132,0.25,0.75,0.0,92.6,
ERCOT,92.5,9,86,5,0,132,0.25,0.75,0.5,92.6,
ERCOT,92.5,9,86,5,0,132,0.25,1.0,0.0,92.6,
ERCOT,92.5,9,86,5,0,132,0.25,1.0,0.5,92.6,
ERCOT,92.5,9,86,5,0,132,0.5,0.0,0.0,92.6,
ERCOT,92.5,9,86,5,0,132,0.5,0.0,0.5,92.6,
ERCOT,92.5,9,86,5,0,132,0.5,0.25,0.0,92.6,
ERCOT,92.5,9,86,5,0,132,0.5,0.25,0.5,92.6,
ERCOT,92.5,9,86,5,0,132,0.5,0.5,0.0,92.6,
ERCOT,92.5,9,86,5,0,132,0.5,0.5,0.5,92.6,
ERCOT,92.5,9,86,5,0,132,0.5,0.75,0.0,92.6,
ERCOT,92.5,9,86,5,0,132,0.5,0.75,0.5,92.6,
ERCOT,92.5,9,86,5,0,132,0.5,1.0,0.0,92.6,
ERCOT,92.5,9,86,5,0,132,0.5,1.0,0.5,92.6,
ERCOT,92.5,1,5,94,0,132,0.0,0.0,0.0,92.98,
ERCOT,92.5,2,4,94,0,132,0.0,0.0,0.0,92.72,
ERCOT,92.5,2,5,93,0,132,0.0,0.0,0.0,93.08,
ERCOT,92.5,3,3,94,0,137,0.0,0.0,0.0,93.26,
ERCOT,92.5,3,4,93,0,132,0.0,0.0,0.0,92.82,
ERCOT,92.5,3,5,92,0,132,0.0,0.0,0.0,93.17,
ERCOT,92.5,4,2,94,0,137,0.0,0.0,0.0,92.96,
ERCOT,92.5,4,3,93,0,132,0.0,0.0,0.0,92.54,
ERCOT,92.5,4,4,92,0,132,0.0,0.0,0.0,92.91,
ERCOT,92.5,4,5,91,0,132,0.0,0.0,0.0,93.27,
ERCOT,92.5,5,1,94,0,137,0.0,0.0,0.0,92.64,
ERCOT,92.5,5,2,93,0,137,0.0,0.0,0.0,93.05,
ERCOT,92.5,5,3,92,0,132,0.0,0.0,0.0,92.64,
ERCOT,92.5,5,4,91,0,132,0.0,0.0,0.0,93.01,
ERCOT,92.5,6,1,93,0,137,0.0,0.0,0.0,92.74,
ERCOT,92.5,6,2,92,0,137,0.0,0.0,0.0,93.15,
ERCOT,92.5,6,3,91,0,132,0.0,0.0,0.0,92.73,
ERCOT,92.5,6,4,90,0,132,0.0,0.0,0.0,93.1,
ERCOT,92.5,7,1,92,0,137,0.0,0.0,0.0,92.83,
ERCOT,92.5,7,2,91,0,137,0.0,0.0,0.0,93.25,
ERCOT,92.5,7,3,90,0,132,0.0,0.0,0.0,92.83,
ERCOT,92.5,8,1,91,0,137,0.0,0.0,0.0,92.93,
ERCOT,92.5,8,2,90,0,132,0.0,0.0,0.0,92.53,
ERCOT,92.5,9,1,90,0,137,0.0,0.0,0.0,93.02,
ERCOT,92.5,6,75,19,0,227,0.0,0.0,1.0,92.58,
ERCOT,92.5,6,75,19,0,192,0.0,0.0,1.5,93.1,
ERCOT,92.5,6,75,19,0,162,0.0,0.0,2.0,93.12,
ERCOT,92.5,6,75,19,0,147,0.0,0.0,2.5,93.01,
ERCOT,92.5,6,75,19,0,127,0.0,0.25,0.0,92.62,
ERCOT,92.5,6,75,19,0,127,0.0,0.25,0.5,93.71,
ERCOT,92.5,6,75,19,0,122,0.0,0.5,0.0,93.23,
ERCOT,92.5,6,75,19,0,122,0.0,0.5,0.5,93.23,
ERCOT,92.5,6,75,19,0,122,0.0,0.75,0.0,93.23,
ERCOT,92.5,6,75,19,0,122,0.0,0.75,0.5,93.23,
ERCOT,92.5,6,75,19,0,122,0.0,1.0,0.0,93.23,
ERCOT,92.5,6,75,19,0,122,0.0,1.0,0.5,93.23,
ERCOT,92.5,6,75,19,0,122,0.25,0.0,0.0,93.12,
ERCOT,92.5,6,75,19,0,122,0.25,0.0,0.5,93.12,
ERCOT,92.5,6,75,19,0,122,0.25,0.25,0.0,93.12,
ERCOT,92.5,6,75,19,0,122,0.25,0.25,0.5,93.12,
ERCOT,92.5,6,75,19,0,122,0.25,0.5,0.0,93.12,
ERCOT,92.5,6,75,19,0,122,0.25,0.5,0.5,93.12,
ERCOT,92.5,6,75,19,0,122,0.25,0.75,0.0,93.12,
ERCOT,92.5,6,75,19,0,122,0.25,0.75,0.5,93.12,
ERCOT,92.5,6,75,19,0,122,0.25,1.0,0.0,93.12,
ERCOT,92.5,6,75,19,0,122,0.25,1.0,0.5,93.12,
ERCOT,92.5,6,75,19,0,122,0.5,0.0,0.0,93.12,
ERCOT,92.5,6,75,19,0,122,0.5,0.0,0.5,93.12,
ERCOT,92.5,6,75,19,0,122,0.5,0.25,0.0,93.12,
ERCOT,92.5,6,75,19,0,122,0.5,0.25,0.5,93.12,
ERCOT,92.5,6,75,19,0,122,0.5,0.5,0.0,93.12,
ERCOT,92.5,6,75,19,0,122,0.5,0.5,0.5,93.12,
ERCOT,92.5,6,75,19,0,122,0.5,0.75,0.0,93.12,
ERCOT,92.5,6,75,19,0,122,0.5,0.75,0.5,93.12,
ERCOT,92.5,6,75,19,0,122,0.5,1.0,0.0,93.12,
ERCOT,92.5,6,75,19,0,122,0.5,1.0,0.5,93.12,
ERCOT,92.5,6,76,18,0,237,0.0,0.0,1.0,92.69,
ERCOT,92.5,6,76,18,0,197,0.0,0.0,1.5,92.8,
ERCOT,92.5,6,76,18,0,167,0.0,0.0,2.0,93.16,
ERCOT,92.5,6,76,18,0,152,0.0,0.0,2.5,93.57,
ERCOT,92.5,6,76,18,0,132,0.0,0.25,0.0,93.28,
ERCOT,92.5,6,76,18,0,127,0.0,0.25,0.5,93.3,
ERCOT,92.5,6,76,18,0,122,0.0,0.25,1.0,92.91,
ERCOT,92.5,6,76,18,0,122,0.0,0.25,1.5,93.64,
ERCOT,92.5,6,76,18,0,122,0.0,0.5,0.0,93.02,
ERCOT,92.5,6,76,18,0,122,0.0,0.5,0.5,93.02,
ERCOT,92.5,6,76,18,0,122,0.0,0.75,0.0,93.02,
ERCOT,92.5,6,76,18,0,122,0.0,0.75,0.5,93.02,
ERCOT,92.5,6,76,18,0,122,0.0,1.0,0.0,93.02,
ERCOT,92.5,6,76,18,0,122,0.0,1.0,0.5,93.02,
ERCOT,92.5,6,76,18,0,122,0.25,0.0,0.0,92.9,
ERCOT,92.5,6,76,18,0,122,0.25,0.0,0.5,92.9,
ERCOT,92.5,6,76,18,0,122,0.25,0.25,0.0,92.9,
ERCOT,92.5,6,76,18,0,122,0.25,0.25,0.5,92.9,
ERCOT,92.5,6,76,18,0,122,0.25,0.5,0.0,92.9,
ERCOT,92.5,6,76,18,0,122,0.25,0.5,0.5,92.9,
ERCOT,92.5,6,76,18,0,122,0.25,0.75,0.0,92.9,
ERCOT,92.5,6,76,18,0,122,0.25,0.75,0.5,92.9,
ERCOT,92.5,6,76,18,0,122,0.25,1.0,0.0,92.9,
ERCOT,92.5,6,76,18,0,122,0.25,1.0,0.5,92.9,
ERCOT,92.5,6,76,18,0,122,0.5,0.0,0.0,92.9,
ERCOT,92.5,6,76,18,0,122,0.5,0.0,0.5,92.9,
ERCOT,92.5,6,76,18,0,122,0.5,0.25,0.0,92.9,
ERCOT,92.5,6,76,18,0,122,0.5,0.25,0.5,92.9,
ERCOT,92.5,6,76,18,0,122,0.5,0.5,0.0,92.9,
ERCOT,92.5,6,76,18,0,122,0.5,0.5,0.5,92.9,
ERCOT,92.5,6,76,18,0,122,0.5,0.75,0.0,92.9,
ERCOT,92.5,6,76,18,0,122,0.5,0.75,0.5,92.9,
ERCOT,92.5,6,76,18,0,122,0.5,1.0,0.0,92.9,
ERCOT,92.5,6,76,18,0,122,0.5,1.0,0.5,92.9,
ERCOT,92.5,6,77,17,0,247,0.0,0.0,1.0,92.68,
ERCOT,92.5,6,77,17,0,207,0.0,0.0,1.5,93.1,
ERCOT,92.5,6,77,17,0,172,0.0,0.0,2.0,93.11,
ERCOT,92.5,6,77,17,0,152,0.0,0.0,2.5,92.92,
ERCOT,92.5,6,77,17,0,132,0.0,0.25,0.0,92.78,
ERCOT,92.5,6,77,17,0,127,0.0,0.25,0.5,92.86,
ERCOT,92.5,6,77,17,0,122,0.0,0.25,1.0,92.54,
ERCOT,92.5,6,77,17,0,122,0.0,0.25,1.5,93.32,
ERCOT,92.5,6,77,17,0,122,0.0,0.5,0.0,92.81,
ERCOT,92.5,6,77,17,0,122,0.0,0.5,0.5,92.81,
ERCOT,92.5,6,77,17,0,122,0.0,0.75,0.0,92.81,
ERCOT,92.5,6,77,17,0,122,0.0,0.75,0.5,92.81,
ERCOT,92.5,6,77,17,0,122,0.0,1.0,0.0,92.81,
ERCOT,92.5,6,77,17,0,122,0.0,1.0,0.5,92.81,
ERCOT,92.5,6,77,17,0,122,0.25,0.0,0.0,92.68,
ERCOT,92.5,6,77,17,0,122,0.25,0.0,0.5,92.68,
ERCOT,92.5,6,77,17,0,122,0.25,0.25,0.0,92.68,
ERCOT,92.5,6,77,17,0,122,0.25,0.25,0.5,92.68,
ERCOT,92.5,6,77,17,0,122,0.25,0.5,0.0,92.68,
ERCOT,92.5,6,77,17,0,122,0.25,0.5,0.5,92.68,
ERCOT,92.5,6,77,17,0,122,0.25,0.75,0.0,92.68,
ERCOT,92.5,6,77,17,0,122,0.25,0.75,0.5,92.68,
ERCOT,92.5,6,77,17,0,122,0.25,1.0,0.0,92.68,
ERCOT,92.5,6,77,17,0,122,0.25,1.0,0.5,92.68,
ERCOT,92.5,6,77,17,0,122,0.5,0.0,0.0,92.68,
ERCOT,92.5,6,77,17,0,122,0.5,0.0,0.5,92.68,
ERCOT,92.5,6,77,17,0,122,0.5,0.25,0.0,92.68,
ERCOT,92.5,6,77,17,0,122,0.5,0.25,0.5,92.68,
ERCOT,92.5,6,77,17,0,122,0.5,0.5,0.0,92.68,
ERCOT,92.5,6,77,17,0,122,0.5,0.5,0.5,92.68,
ERCOT,92.5,6,77,17,0,122,0.5,0.75,0.0,92.68,
ERCOT,92.5,6,77,17,0,122,0.5,0.75,0.5,92.68,
ERCOT,92.5,6,77,17,0,122,0.5,1.0,0.0,92.68,
ERCOT,92.5,6,77,17,0,122,0.5,1.0,0.5,92.68,
ERCOT,92.5,6,78,16,0,212,0.0,0.0,1.5,92.66,
ERCOT,92.5,6,78,16,0,177,0.0,0.0,2.0,92.96,
ERCOT,92.5,6,78,16,0,157,0.0,0.0,2.5,93.28,
ERCOT,92.5,6,78,16,0,137,0.0,0.25,0.0,93.36,
ERCOT,92.5,6,78,16,0,132,0.0,0.25,0.5,93.64,
ERCOT,92.5,6,78,16,0,127,0.0,0.25,1.0,93.56,
ERCOT,92.5,6,78,16,0,122,0.0,0.25,1.5,92.96,
ERCOT,92.5,6,78,16,0,122,0.0,0.25,2.0,93.51,
ERCOT,92.5,6,78,16,0,122,0.0,0.5,0.0,92.59,
ERCOT,92.5,6,78,16,0,122,0.0,0.5,0.5,92.59,
ERCOT,92.5,6,78,16,0,122,0.0,0.75,0.0,92.59,
ERCOT,92.5,6,78,16,0,122,0.0,0.75,0.5,92.59,
ERCOT,92.5,6,78,16,0,122,0.0,1.0,0.0,92.59,
ERCOT,92.5,6,78,16,0,122,0.0,1.0,0.5,92.59,
ERCOT,92.5,6,78,16,0,127,0.25,0.0,0.0,93.7,
ERCOT,92.5,6,78,16,0,127,0.25,0.0,0.5,93.7,
ERCOT,92.5,6,78,16,0,127,0.25,0.25,0.0,93.7,
ERCOT,92.5,6,78,16,0,127,0.25,0.25,0.5,93.7,
ERCOT,92.5,6,78,16,0,127,0.25,0.5,0.0,93.7,
ERCOT,92.5,6,78,16,0,127,0.25,0.5,0.5,93.7,
ERCOT,92.5,6,78,16,0,127,0.25,0.75,0.0,93.7,
ERCOT,92.5,6,78,16,0,127,0.25,0.75,0.5,93.7,
ERCOT,92.5,6,78,16,0,127,0.25,1.0,0.0,93.7,
ERCOT,92.5,6,78,16,0,127,0.25,1.0,0.5,93.7,
ERCOT,92.5,6,78,16,0,127,0.5,0.0,0.0,93.7,
ERCOT,92.5,6,78,16,0,127,0.5,0.0,0.5,93.7,
ERCOT,92.5,6,78,16,0,127,0.5,0.25,0.0,93.7,
ERCOT,92.5,6,78,16,0,127,0.5,0.25,0.5,93.7,
ERCOT,92.5,6,78,16,0,127,0.5,0.5,0.0,93.7,
ERCOT,92.5,6,78,16,0,127,0.5,0.5,0.5,93.7,
ERCOT,92.5,6,78,16,0,127,0.5,0.75,0.0,93.7,
ERCOT,92.5,6,78,16,0,127,0.5,0.75,0.5,93.7,
ERCOT,92.5,6,78,16,0,127,0.5,1.0,0.0,93.7,
ERCOT,92.5,6,78,16,0,127,0.5,1.0,0.5,93.7,
ERCOT,92.5,6,79,15,0,222,0.0,0.0,1.5,92.75,
ERCOT,92.5,6,79,15,0,182,0.0,0.0,2.0,92.75,
ERCOT,92.5,6,79,15,0,157,0.0,0.0,2.5,92.59,
ERCOT,92.5,6,79,15,0,137,0.0,0.25,0.0,92.83,
ERCOT,92.5,6,79,15,0,132,0.0,0.25,0.5,93.18,
ERCOT,92.5,6,79,15,0,127,0.0,0.25,1.0,93.13,
ERCOT,92.5,6,79,15,0,122,0.0,0.25,1.5,92.58,
ERCOT,92.5,6,79,15,0,122,0.0,0.25,2.0,93.19,
ERCOT,92.5,6,79,15,0,127,0.0,0.5,0.0,93.56,
ERCOT,92.5,6,79,15,0,127,0.0,0.5,0.5,93.56,
ERCOT,92.5,6,79,15,0,127,0.0,0.75,0.0,93.56,
ERCOT,92.5,6,79,15,0,127,0.0,0.75,0.5,93.56,
ERCOT,92.5,6,79,15,0,127,0.0,1.0,0.0,93.56,
ERCOT,92.5,6,79,15,0,127,0.0,1.0,0.5,93.56,
ERCOT,92.5,6,79,15,0,127,0.25,0.0,0.0,93.47,
ERCOT,92.5,6,79,15,0,127,0.25,0.0,0.5,93.47,
ERCOT,92.5,6,79,15,0,127,0.25,0.25,0.0,93.47,
ERCOT,92.5,6,79,15,0,127,0.25,0.25,0.5,93.47,
ERCOT,92.5,6,79,15,0,127,0.25,0.5,0.0,93.47,
ERCOT,92.5,6,79,15,0,127,0.25,0.5,0.5,93.47,
ERCOT,92.5,6,79,15,0,127,0.25,0.75,0.0,93.47,
ERCOT,92.5,6,79,15,0,127,0.25,0.75,0.5,93.47,
ERCOT,92.5,6,79,15,0,127,0.25,1.0,0.0,93.47,
ERCOT,92.5,6,79,15,0,127,0.25,1.0,0.5,93.47,
ERCOT,92.5,6,79,15,0,127,0.5,0.0,0.0,93.47,
ERCOT,92.5,6,79,15,0,127,0.5,0.0,0.5,93.47,
ERCOT,92.5,6,79,15,0,127,0.5,0.25,0.0,93.47,
ERCOT,92.5,6,79,15,0,127,0.5,0.25,0.5,93.47,
ERCOT,92.5,6,79,15,0,127,0.5,0.5,0.0,93.47,
ERCOT,92.5,6,79,15,0,127,0.5,0.5,0.5,93.47,
ERCOT,92.5,6,79,15,0,127,0.5,0.75,0.0,93.47,
ERCOT,92.5,6,79,15,0,127,0.5,0.75,0.5,93.47,
ERCOT,92.5,6,79,15,0,127,0.5,1.0,0.0,93.47,
ERCOT,92.5,6,79,15,0,127,0.5,1.0,0.5,93.47,
ERCOT,92.5,7,74,19,0,222,0.0,0.0,1.0,92.95,
ERCOT,92.5,7,74,19,0,187,0.0,0.0,1.5,93.24,
ERCOT,92.5,7,74,19,0,157,0.0,0.0,2.0,92.9,
ERCOT,92.5,7,74,19,0,147,0.0,0.0,2.5,93.55,
ERCOT,92.5,7,74,19,0,127,0.0,0.25,0.0,93.06,
ERCOT,92.5,7,74,19,0,122,0.0,0.25,0.5,92.77,
ERCOT,92.5,7,74,19,0,122,0.0,0.25,1.0,93.59,
ERCOT,92.5,7,74,19,0,122,0.0,0.5,0.0,93.43,
ERCOT,92.5,7,74,19,0,122,0.0,0.5,0.5,93.43,
ERCOT,92.5,7,74,19,0,122,0.0,0.75,0.0,93.43,
ERCOT,92.5,7,74,19,0,122,0.0,0.75,0.5,93.43,
ERCOT,92.5,7,74,19,0,122,0.0,1.0,0.0,93.43,
ERCOT,92.5,7,74,19,0,122,0.0,1.0,0.5,93.43,
ERCOT,92.5,7,74,19,0,122,0.25,0.0,0.0,93.32,
ERCOT,92.5,7,74,19,0,122,0.25,0.0,0.5,93.32,
ERCOT,92.5,7,74,19,0,122,0.25,0.25,0.0,93.32,
ERCOT,92.5,7,74,19,0,122,0.25,0.25,0.5,93.32,
ERCOT,92.5,7,74,19,0,122,0.25,0.5,0.0,93.32,
ERCOT,92.5,7,74,19,0,122,0.25,0.5,0.5,93.32,
ERCOT,92.5,7,74,19,0,122,0.25,0.75,0.0,93.32,
ERCOT,92.5,7,74,19,0,122,0.25,0.75,0.5,93.32,
ERCOT,92.5,7,74,19,0,122,0.25,1.0,0.0,93.32,
ERCOT,92.5,7,74,19,0,122,0.25,1.0,0.5,93.32,
ERCOT,92.5,7,74,19,0,122,0.5,0.0,0.0,93.32,
ERCOT,92.5,7,74,19,0,122,0.5,0.0,0.5,93.32,
ERCOT,92.5,7,74,19,0,122,0.5,0.25,0.0,93.32,
ERCOT,92.5,7,74,19,0,122,0.5,0.25,0.5,93.32,
ERCOT,92.5,7,74,19,0,122,0.5,0.5,0.0,93.32,
ERCOT,92.5,7,74,19,0,122,0.5,0.5,0.5,93.32,
ERCOT,92.5,7,74,19,0,122,0.5,0.75,0.0,93.32,
ERCOT,92.5,7,74,19,0,122,0.5,0.75,0.5,93.32,
ERCOT,92.5,7,74,19,0,122,0.5,1.0,0.0,93.32,
ERCOT,92.5,7,74,19,0,122,0.5,1.0,0.5,93.32,
ERCOT,92.5,7,75,18,0,232,0.0,0.0,1.0,93.13,
ERCOT,92.5,7,75,18,0,192,0.0,0.0,1.5,93.0,
ERCOT,92.5,7,75,18,0,162,0.0,0.0,2.0,93.04,
ERCOT,92.5,7,75,18,0,147,0.0,0.0,2.5,92.95,
ERCOT,92.5,7,75,18,0,127,0.0,0.25,0.0,92.58,
ERCOT,92.5,7,75,18,0,127,0.0,0.25,0.5,93.69,
ERCOT,92.5,7,75,18,0,122,0.0,0.5,0.0,93.22,
ERCOT,92.5,7,75,18,0,122,0.0,0.5,0.5,93.22,
ERCOT,92.5,7,75,18,0,122,0.0,0.75,0.0,93.22,
ERCOT,92.5,7,75,18,0,122,0.0,0.75,0.5,93.22,
ERCOT,92.5,7,75,18,0,122,0.0,1.0,0.0,93.22,
ERCOT,92.5,7,75,18,0,122,0.0,1.0,0.5,93.22,
ERCOT,92.5,7,75,18,0,122,0.25,0.0,0.0,93.11,
ERCOT,92.5,7,75,18,0,122,0.25,0.0,0.5,93.11,
ERCOT,92.5,7,75,18,0,122,0.25,0.25,0.0,93.11,
ERCOT,92.5,7,75,18,0,122,0.25,0.25,0.5,93.11,
ERCOT,92.5,7,75,18,0,122,0.25,0.5,0.0,93.11,
ERCOT,92.5,7,75,18,0,122,0.25,0.5,0.5,93.11,
ERCOT,92.5,7,75,18,0,122,0.25,0.75,0.0,93.11,
ERCOT,92.5,7,75,18,0,122,0.25,0.75,0.5,93.11,
ERCOT,92.5,7,75,18,0,122,0.25,1.0,0.0,93.11,
ERCOT,92.5,7,75,18,0,122,0.25,1.0,0.5,93.11,
ERCOT,92.5,7,75,18,0,122,0.5,0.0,0.0,93.11,
ERCOT,92.5,7,75,18,0,122,0.5,0.0,0.5,93.11,
ERCOT,92.5,7,75,18,0,122,0.5,0.25,0.0,93.11,
ERCOT,92.5,7,75,18,0,122,0.5,0.25,0.5,93.11,
ERCOT,92.5,7,75,18,0,122,0.5,0.5,0.0,93.11,
ERCOT,92.5,7,75,18,0,122,0.5,0.5,0.5,93.11,
ERCOT,92.5,7,75,18,0,122,0.5,0.75,0.0,93.11,
ERCOT,92.5,7,75,18,0,122,0.5,0.75,0.5,93.11,
ERCOT,92.5,7,75,18,0,122,0.5,1.0,0.0,93.11,
ERCOT,92.5,7,75,18,0,122,0.5,1.0,0.5,93.11,
ERCOT,92.5,7,76,17,0,237,0.0,0.0,1.0,92.56,
ERCOT,92.5,7,76,17,0,197,0.0,0.0,1.5,92.69,
ERCOT,92.5,7,76,17,0,167,0.0,0.0,2.0,93.07,
ERCOT,92.5,7,76,17,0,152,0.0,0.0,2.5,93.51,
ERCOT,92.5,7,76,17,0,132,0.0,0.25,0.0,93.25,
ERCOT,92.5,7,76,17,0,127,0.0,0.25,0.5,93.27,
ERCOT,92.5,7,76,17,0,122,0.0,0.25,1.0,92.89,
ERCOT,92.5,7,76,17,0,122,0.0,0.25,1.5,93.62,
ERCOT,92.5,7,76,17,0,122,0.0,0.5,0.0,93.01,
ERCOT,92.5,7,76,17,0,122,0.0,0.5,0.5,93.01,
ERCOT,92.5,7,76,17,0,122,0.0,0.75,0.0,93.01,
ERCOT,92.5,7,76,17,0,122,0.0,0.75,0.5,93.01,
ERCOT,92.5,7,76,17,0,122,0.0,1.0,0.0,93.01,
ERCOT,92.5,7,76,17,0,122,0.0,1.0,0.5,93.01,
ERCOT,92.5,7,76,17,0,122,0.25,0.0,0.0,92.89,
ERCOT,92.5,7,76,17,0,122,0.25,0.0,0.5,92.89,
ERCOT,92.5,7,76,17,0,122,0.25,0.25,0.0,92.89,
ERCOT,92.5,7,76,17,0,122,0.25,0.25,0.5,92.89,
ERCOT,92.5,7,76,17,0,122,0.25,0.5,0.0,92.89,
ERCOT,92.5,7,76,17,0,122,0.25,0.5,0.5,92.89,
ERCOT,92.5,7,76,17,0,122,0.25,0.75,0.0,92.89,
ERCOT,92.5,7,76,17,0,122,0.25,0.75,0.5,92.89,
ERCOT,92.5,7,76,17,0,122,0.25,1.0,0.0,92.89,
ERCOT,92.5,7,76,17,0,122,0.25,1.0,0.5,92.89,
ERCOT,92.5,7,76,17,0,122,0.5,0.0,0.0,92.89,
ERCOT,92.5,7,76,17,0,122,0.5,0.0,0.5,92.89,
ERCOT,92.5,7,76,17,0,122,0.5,0.25,0.0,92.89,
ERCOT,92.5,7,76,17,0,122,0.5,0.25,0.5,92.89,
ERCOT,92.5,7,76,17,0,122,0.5,0.5,0.0,92.89,
ERCOT,92.5,7,76,17,0,122,0.5,0.5,0.5,92.89,
ERCOT,92.5,7,76,17,0,122,0.5,0.75,0.0,92.89,
ERCOT,92.5,7,76,17,0,122,0.5,0.75,0.5,92.89,
ERCOT,92.5,7,76,17,0,122,0.5,1.0,0.0,92.89,
ERCOT,92.5,7,76,17,0,122,0.5,1.0,0.5,92.89,
ERCOT,92.5,7,77,16,0,247,0.0,0.0,1.0,92.55,
ERCOT,92.5,7,77,16,0,207,0.0,0.0,1.5,92.99,
ERCOT,92.5,7,77,16,0,172,0.0,0.0,2.0,93.01,
ERCOT,92.5,7,77,16,0,152,0.0,0.0,2.5,92.86,
ERCOT,92.5,7,77,16,0,132,0.0,0.25,0.0,92.75,
ERCOT,92.5,7,77,16,0,127,0.0,0.25,0.5,92.83,
ERCOT,92.5,7,77,16,0,122,0.0,0.25,1.0,92.51,
ERCOT,92.5,7,77,16,0,122,0.0,0.25,1.5,93.3,
ERCOT,92.5,7,77,16,0,122,0.0,0.5,0.0,92.8,
ERCOT,92.5,7,77,16,0,122,0.0,0.5,0.5,92.8,
ERCOT,92.5,7,77,16,0,122,0.0,0.75,0.0,92.8,
ERCOT,92.5,7,77,16,0,122,0.0,0.75,0.5,92.8,
ERCOT,92.5,7,77,16,0,122,0.0,1.0,0.0,92.8,
ERCOT,92.5,7,77,16,0,122,0.0,1.0,0.5,92.8,
ERCOT,92.5,7,77,16,0,122,0.25,0.0,0.0,92.66,
ERCOT,92.5,7,77,16,0,122,0.25,0.0,0.5,92.66,
ERCOT,92.5,7,77,16,0,122,0.25,0.25,0.0,92.66,
ERCOT,92.5,7,77,16,0,122,0.25,0.25,0.5,92.66,
ERCOT,92.5,7,77,16,0,122,0.25,0.5,0.0,92.66,
ERCOT,92.5,7,77,16,0,122,0.25,0.5,0.5,92.66,
ERCOT,92.5,7,77,16,0,122,0.25,0.75,0.0,92.66,
ERCOT,92.5,7,77,16,0,122,0.25,0.75,0.5,92.66,
ERCOT,92.5,7,77,16,0,122,0.25,1.0,0.0,92.66,
ERCOT,92.5,7,77,16,0,122,0.25,1.0,0.5,92.66,
ERCOT,92.5,7,77,16,0,122,0.5,0.0,0.0,92.66,
ERCOT,92.5,7,77,16,0,122,0.5,0.0,0.5,92.66,
ERCOT,92.5,7,77,16,0,122,0.5,0.25,0.0,92.66,
ERCOT,92.5,7,77,16,0,122,0.5,0.25,0.5,92.66,
ERCOT,92.5,7,77,16,0,122,0.5,0.5,0.0,92.66,
ERCOT,92.5,7,77,16,0,122,0.5,0.5,0.5,92.66,
ERCOT,92.5,7,77,16,0,122,0.5,0.75,0.0,92.66,
ERCOT,92.5,7,77,16,0,122,0.5,0.75,0.5,92.66,
ERCOT,92.5,7,77,16,0,122,0.5,1.0,0.0,92.66,
ERCOT,92.5,7,77,16,0,122,0.5,1.0,0.5,92.66,
ERCOT,92.5,7,78,15,0,212,0.0,0.0,1.5,92.54,
ERCOT,92.5,7,78,15,0,177,0.0,0.0,2.0,92.87,
ERCOT,92.5,7,78,15,0,157,0.0,0.0,2.5,93.21,
ERCOT,92.5,7,78,15,0,137,0.0,0.25,0.0,93.33,
ERCOT,92.5,7,78,15,0,132,0.0,0.25,0.5,93.6,
ERCOT,92.5,7,78,15,0,127,0.0,0.25,1.0,93.53,
ERCOT,92.5,7,78,15,0,122,0.0,0.25,1.5,92.93,
ERCOT,92.5,7,78,15,0,122,0.0,0.25,2.0,93.47,
ERCOT,92.5,7,78,15,0,122,0.0,0.5,0.0,92.58,
ERCOT,92.5,7,78,15,0,122,0.0,0.5,0.5,92.58,
ERCOT,92.5,7,78,15,0,122,0.0,0.75,0.0,92.58,
ERCOT,92.5,7,78,15,0,122,0.0,0.75,0.5,92.58,
ERCOT,92.5,7,78,15,0,122,0.0,1.0,0.0,92.58,
ERCOT,92.5,7,78,15,0,122,0.0,1.0,0.5,92.58,
ERCOT,92.5,7,78,15,0,127,0.25,0.0,0.0,93.68,
ERCOT,92.5,7,78,15,0,127,0.25,0.0,0.5,93.68,
ERCOT,92.5,7,78,15,0,127,0.25,0.25,0.0,93.68,
ERCOT,92.5,7,78,15,0,127,0.25,0.25,0.5,93.68,
ERCOT,92.5,7,78,15,0,127,0.25,0.5,0.0,93.68,
ERCOT,92.5,7,78,15,0,127,0.25,0.5,0.5,93.68,
ERCOT,92.5,7,78,15,0,127,0.25,0.75,0.0,93.68,
ERCOT,92.5,7,78,15,0,127,0.25,0.75,0.5,93.68,
ERCOT,92.5,7,78,15,0,127,0.25,1.0,0.0,93.68,
ERCOT,92.5,7,78,15,0,127,0.25,1.0,0.5,93.68,
ERCOT,92.5,7,78,15,0,127,0.5,0.0,0.0,93.68,
ERCOT,92.5,7,78,15,0,127,0.5,0.0,0.5,93.68,
ERCOT,92.5,7,78,15,0,127,0.5,0.25,0.0,93.68,
ERCOT,92.5,7,78,15,0,127,0.5,0.25,0.5,93.68,
ERCOT,92.5,7,78,15,0,127,0.5,0.5,0.0,93.68,
ERCOT,92.5,7,78,15,0,127,0.5,0.5,0.5,93.68,
ERCOT,92.5,7,78,15,0,127,0.5,0.75,0.0,93.68,
ERCOT,92.5,7,78,15,0,127,0.5,0.75,0.5,93.68,
ERCOT,92.5,7,78,15,0,127,0.5,1.0,0.0,93.68,
ERCOT,92.5,7,78,15,0,127,0.5,1.0,0.5,93.68,
ERCOT,92.5,8,73,19,0,212,0.0,0.0,1.0,92.55,
ERCOT,92.5,8,73,19,0,177,0.0,0.0,1.5,92.54,
ERCOT,92.5,8,73,19,0,152,0.0,0.0,2.0,92.57,
ERCOT,92.5,8,73,19,0,142,0.0,0.0,2.5,92.69,
ERCOT,92.5,8,73,19,0,127,0.0,0.25,0.0,93.5,
ERCOT,92.5,8,73,19,0,122,0.0,0.25,0.5,93.15,
ERCOT,92.5,8,73,19,0,122,0.0,0.25,1.0,93.92,
ERCOT,92.5,8,73,19,0,122,0.0,0.5,0.0,93.63,
ERCOT,92.5,8,73,19,0,122,0.0,0.5,0.5,93.63,
ERCOT,92.5,8,73,19,0,122,0.0,0.75,0.0,93.63,
ERCOT,92.5,8,73,19,0,122,0.0,0.75,0.5,93.63,
ERCOT,92.5,8,73,19,0,122,0.0,1.0,0.0,93.63,
ERCOT,92.5,8,73,19,0,122,0.0,1.0,0.5,93.63,
ERCOT,92.5,8,73,19,0,122,0.25,0.0,0.0,93.53,
ERCOT,92.5,8,73,19,0,122,0.25,0.0,0.5,93.53,
ERCOT,92.5,8,73,19,0,122,0.25,0.25,0.0,93.53,
ERCOT,92.5,8,73,19,0,122,0.25,0.25,0.5,93.53,
ERCOT,92.5,8,73,19,0,122,0.25,0.5,0.0,93.53,
ERCOT,92.5,8,73,19,0,122,0.25,0.5,0.5,93.53,
ERCOT,92.5,8,73,19,0,122,0.25,0.75,0.0,93.53,
ERCOT,92.5,8,73,19,0,122,0.25,0.75,0.5,93.53,
ERCOT,92.5,8,73,19,0,122,0.25,1.0,0.0,93.53,
ERCOT,92.5,8,73,19,0,122,0.25,1.0,0.5,93.53,
ERCOT,92.5,8,73,19,0,122,0.5,0.0,0.0,93.53,
ERCOT,92.5,8,73,19,0,122,0.5,0.0,0.5,93.53,
ERCOT,92.5,8,73,19,0,122,0.5,0.25,0.0,93.53,
ERCOT,92.5,8,73,19,0,122,0.5,0.25,0.5,93.53,
ERCOT,92.5,8,73,19,0,122,0.5,0.5,0.0,93.53,
ERCOT,92.5,8,73,19,0,122,0.5,0.5,0.5,93.53,
ERCOT,92.5,8,73,19,0,122,0.5,0.75,0.0,93.53,
ERCOT,92.5,8,73,19,0,122,0.5,0.75,0.5,93.53,
ERCOT,92.5,8,73,19,0,122,0.5,1.0,0.0,93.53,
ERCOT,92.5,8,73,19,0,122,0.5,1.0,0.5,93.53,
ERCOT,92.5,8,74,18,0,222,0.0,0.0,1.0,92.84,
ERCOT,92.5,8,74,18,0,187,0.0,0.0,1.5,93.15,
ERCOT,92.5,8,74,18,0,157,0.0,0.0,2.0,92.82,
ERCOT,92.5,8,74,18,0,147,0.0,0.0,2.5,93.49,
ERCOT,92.5,8,74,18,0,127,0.0,0.25,0.0,93.03,
ERCOT,92.5,8,74,18,0,122,0.0,0.25,0.5,92.74,
ERCOT,92.5,8,74,18,0,122,0.0,0.25,1.0,93.58,
ERCOT,92.5,8,74,18,0,122,0.0,0.5,0.0,93.42,
ERCOT,92.5,8,74,18,0,122,0.0,0.5,0.5,93.42,
ERCOT,92.5,8,74,18,0,122,0.0,0.75,0.0,93.42,
ERCOT,92.5,8,74,18,0,122,0.0,0.75,0.5,93.42,
ERCOT,92.5,8,74,18,0,122,0.0,1.0,0.0,93.42,
ERCOT,92.5,8,74,18,0,122,0.0,1.0,0.5,93.42,
ERCOT,92.5,8,74,18,0,122,0.25,0.0,0.0,93.31,
ERCOT,92.5,8,74,18,0,122,0.25,0.0,0.5,93.31,
ERCOT,92.5,8,74,18,0,122,0.25,0.25,0.0,93.31,
ERCOT,92.5,8,74,18,0,122,0.25,0.25,0.5,93.31,
ERCOT,92.5,8,74,18,0,122,0.25,0.5,0.0,93.31,
ERCOT,92.5,8,74,18,0,122,0.25,0.5,0.5,93.31,
ERCOT,92.5,8,74,18,0,122,0.25,0.75,0.0,93.31,
ERCOT,92.5,8,74,18,0,122,0.25,0.75,0.5,93.31,
ERCOT,92.5,8,74,18,0,122,0.25,1.0,0.0,93.31,
ERCOT,92.5,8,74,18,0,122,0.25,1.0,0.5,93.31,
ERCOT,92.5,8,74,18,0,122,0.5,0.0,0.0,93.31,
ERCOT,92.5,8,74,18,0,122,0.5,0.0,0.5,93.31,
ERCOT,92.5,8,74,18,0,122,0.5,0.25,0.0,93.31,
ERCOT,92.5,8,74,18,0,122,0.5,0.25,0.5,93.31,
ERCOT,92.5,8,74,18,0,122,0.5,0.5,0.0,93.31,
ERCOT,92.5,8,74,18,0,122,0.5,0.5,0.5,93.31,
ERCOT,92.5,8,74,18,0,122,0.5,0.75,0.0,93.31,
ERCOT,92.5,8,74,18,0,122,0.5,0.75,0.5,93.31,
ERCOT,92.5,8,74,18,0,122,0.5,1.0,0.0,93.31,
ERCOT,92.5,8,74,18,0,122,0.5,1.0,0.5,93.31,
ERCOT,92.5,8,75,17,0,232,0.0,0.0,1.0,93.01,
ERCOT,92.5,8,75,17,0,192,0.0,0.0,1.5,92.9,
ERCOT,92.5,8,75,17,0,162,0.0,0.0,2.0,92.95,
ERCOT,92.5,8,75,17,0,147,0.0,0.0,2.5,92.89,
ERCOT,92.5,8,75,17,0,127,0.0,0.25,0.0,92.55,
ERCOT,92.5,8,75,17,0,127,0.0,0.25,0.5,93.66,
ERCOT,92.5,8,75,17,0,122,0.0,0.5,0.0,93.21,
ERCOT,92.5,8,75,17,0,122,0.0,0.5,0.5,93.21,
ERCOT,92.5,8,75,17,0,122,0.0,0.75,0.0,93.21,
ERCOT,92.5,8,75,17,0,122,0.0,0.75,0.5,93.21,
ERCOT,92.5,8,75,17,0,122,0.0,1.0,0.0,93.21,
ERCOT,92.5,8,75,17,0,122,0.0,1.0,0.5,93.21,
ERCOT,92.5,8,75,17,0,122,0.25,0.0,0.0,93.1,
ERCOT,92.5,8,75,17,0,122,0.25,0.0,0.5,93.1,
ERCOT,92.5,8,75,17,0,122,0.25,0.25,0.0,93.1,
ERCOT,92.5,8,75,17,0,122,0.25,0.25,0.5,93.1,
ERCOT,92.5,8,75,17,0,122,0.25,0.5,0.0,93.1,
ERCOT,92.5,8,75,17,0,122,0.25,0.5,0.5,93.1,
ERCOT,92.5,8,75,17,0,122,0.25,0.75,0.0,93.1,
ERCOT,92.5,8,75,17,0,122,0.25,0.75,0.5,93.1,
ERCOT,92.5,8,75,17,0,122,0.25,1.0,0.0,93.1,
ERCOT,92.5,8,75,17,0,122,0.25,1.0,0.5,93.1,
ERCOT,92.5,8,75,17,0,122,0.5,0.0,0.0,93.1,
ERCOT,92.5,8,75,17,0,122,0.5,0.0,0.5,93.1,
ERCOT,92.5,8,75,17,0,122,0.5,0.25,0.0,93.1,
ERCOT,92.5,8,75,17,0,122,0.5,0.25,0.5,93.1,
ERCOT,92.5,8,75,17,0,122,0.5,0.5,0.0,93.1,
ERCOT,92.5,8,75,17,0,122,0.5,0.5,0.5,93.1,
ERCOT,92.5,8,75,17,0,122,0.5,0.75,0.0,93.1,
ERCOT,92.5,8,75,17,0,122,0.5,0.75,0.5,93.1,
ERCOT,92.5,8,75,17,0,122,0.5,1.0,0.0,93.1,
ERCOT,92.5,8,75,17,0,122,0.5,1.0,0.5,93.1,
ERCOT,92.5,8,76,16,0,242,0.0,0.0,1.0,93.08,
ERCOT,92.5,8,76,16,0,197,0.0,0.0,1.5,92.59,
ERCOT,92.5,8,76,16,0,167,0.0,0.0,2.0,92.99,
ERCOT,92.5,8,76,16,0,152,0.0,0.0,2.5,93.44,
ERCOT,92.5,8,76,16,0,132,0.0,0.25,0.0,93.22,
ERCOT,92.5,8,76,16,0,127,0.0,0.25,0.5,93.24,
ERCOT,92.5,8,76,16,0,122,0.0,0.25,1.0,92.87,
ERCOT,92.5,8,76,16,0,122,0.0,0.25,1.5,93.6,
ERCOT,92.5,8,76,16,0,122,0.0,0.5,0.0,93.0,
ERCOT,92.5,8,76,16,0,122,0.0,0.5,0.5,93.0,
ERCOT,92.5,8,76,16,0,122,0.0,0.75,0.0,93.0,
ERCOT,92.5,8,76,16,0,122,0.0,0.75,0.5,93.0,
ERCOT,92.5,8,76,16,0,122,0.0,1.0,0.0,93.0,
ERCOT,92.5,8,76,16,0,122,0.0,1.0,0.5,93.0,
ERCOT,92.5,8,76,16,0,122,0.25,0.0,0.0,92.87,
ERCOT,92.5,8,76,16,0,122,0.25,0.0,0.5,92.87,
ERCOT,92.5,8,76,16,0,122,0.25,0.25,0.0,92.87,
ERCOT,92.5,8,76,16,0,122,0.25,0.25,0.5,92.87,
ERCOT,92.5,8,76,16,0,122,0.25,0.5,0.0,92.87,
ERCOT,92.5,8,76,16,0,122,0.25,0.5,0.5,92.87,
ERCOT,92.5,8,76,16,0,122,0.25,0.75,0.0,92.87,
ERCOT,92.5,8,76,16,0,122,0.25,0.75,0.5,92.87,
ERCOT,92.5,8,76,16,0,122,0.25,1.0,0.0,92.87,
ERCOT,92.5,8,76,16,0,122,0.25,1.0,0.5,92.87,
ERCOT,92.5,8,76,16,0,122,0.5,0.0,0.0,92.87,
ERCOT,92.5,8,76,16,0,122,0.5,0.0,0.5,92.87,
ERCOT,92.5,8,76,16,0,122,0.5,0.25,0.0,92.87,
ERCOT,92.5,8,76,16,0,122,0.5,0.25,0.5,92.87,
ERCOT,92.5,8,76,16,0,122,0.5,0.5,0.0,92.87,
ERCOT,92.5,8,76,16,0,122,0.5,0.5,0.5,92.87,
ERCOT,92.5,8,76,16,0,122,0.5,0.75,0.0,92.87,
ERCOT,92.5,8,76,16,0,122,0.5,0.75,0.5,92.87,
ERCOT,92.5,8,76,16,0,122,0.5,1.0,0.0,92.87,
ERCOT,92.5,8,76,16,0,122,0.5,1.0,0.5,92.87,
ERCOT,92.5,8,77,15,0,250,0.0,0.0,1.0,92.79,
ERCOT,92.5,8,77,15,0,207,0.0,0.0,1.5,92.88,
ERCOT,92.5,8,77,15,0,172,0.0,0.0,2.0,92.92,
ERCOT,92.5,8,77,15,0,152,0.0,0.0,2.5,92.79,
ERCOT,92.5,8,77,15,0,132,0.0,0.25,0.0,92.71,
ERCOT,92.5,8,77,15,0,127,0.0,0.25,0.5,92.79,
ERCOT,92.5,8,77,15,0,127,0.0,0.25,1.0,93.92,
ERCOT,92.5,8,77,15,0,122,0.0,0.5,0.0,92.79,
ERCOT,92.5,8,77,15,0,122,0.0,0.5,0.5,92.79,
ERCOT,92.5,8,77,15,0,122,0.0,0.75,0.0,92.79,
ERCOT,92.5,8,77,15,0,122,0.0,0.75,0.5,92.79,
ERCOT,92.5,8,77,15,0,122,0.0,1.0,0.0,92.79,
ERCOT,92.5,8,77,15,0,122,0.0,1.0,0.5,92.79,
ERCOT,92.5,8,77,15,0,122,0.25,0.0,0.0,92.65,
ERCOT,92.5,8,77,15,0,122,0.25,0.0,0.5,92.65,
ERCOT,92.5,8,77,15,0,122,0.25,0.25,0.0,92.65,
ERCOT,92.5,8,77,15,0,122,0.25,0.25,0.5,92.65,
ERCOT,92.5,8,77,15,0,122,0.25,0.5,0.0,92.65,
ERCOT,92.5,8,77,15,0,122,0.25,0.5,0.5,92.65,
ERCOT,92.5,8,77,15,0,122,0.25,0.75,0.0,92.65,
ERCOT,92.5,8,77,15,0,122,0.25,0.75,0.5,92.65,
ERCOT,92.5,8,77,15,0,122,0.25,1.0,0.0,92.65,
ERCOT,92.5,8,77,15,0,122,0.25,1.0,0.5,92.65,
ERCOT,92.5,8,77,15,0,122,0.5,0.0,0.0,92.65,
ERCOT,92.5,8,77,15,0,122,0.5,0.0,0.5,92.65,
ERCOT,92.5,8,77,15,0,122,0.5,0.25,0.0,92.65,
ERCOT,92.5,8,77,15,0,122,0.5,0.25,0.5,92.65,
ERCOT,92.5,8,77,15,0,122,0.5,0.5,0.0,92.65,
ERCOT,92.5,8,77,15,0,122,0.5,0.5,0.5,92.65,
ERCOT,92.5,8,77,15,0,122,0.5,0.75,0.0,92.65,
ERCOT,92.5,8,77,15,0,122,0.5,0.75,0.5,92.65,
ERCOT,92.5,8,77,15,0,122,0.5,1.0,0.0,92.65,
ERCOT,92.5,8,77,15,0,122,0.5,1.0,0.5,92.65,
ERCOT,92.5,9,72,19,0,247,0.0,0.0,0.5,92.88,
ERCOT,92.5,9,72,19,0,207,0.0,0.0,1.0,92.79,
ERCOT,92.5,9,72,19,0,172,0.0,0.0,1.5,92.55,
ERCOT,92.5,9,72,19,0,152,0.0,0.0,2.0,93.23,
ERCOT,92.5,9,72,19,0,142,0.0,0.0,2.5,93.17,
ERCOT,92.5,9,72,19,0,122,0.0,0.25,0.0,92.68,
ERCOT,92.5,9,72,19,0,122,0.0,0.25,0.5,93.51,
ERCOT,92.5,9,72,19,0,122,0.0,0.5,0.0,93.83,
ERCOT,92.5,9,72,19,0,122,0.0,0.5,0.5,93.83,
ERCOT,92.5,9,72,19,0,122,0.0,0.75,0.0,93.83,
ERCOT,92.5,9,72,19,0,122,0.0,0.75,0.5,93.83,
ERCOT,92.5,9,72,19,0,122,0.0,1.0,0.0,93.83,
ERCOT,92.5,9,72,19,0,122,0.0,1.0,0.5,93.83,
ERCOT,92.5,9,72,19,0,122,0.25,0.0,0.0,93.73,
ERCOT,92.5,9,72,19,0,122,0.25,0.0,0.5,93.73,
ERCOT,92.5,9,72,19,0,122,0.25,0.25,0.0,93.73,
ERCOT,92.5,9,72,19,0,122,0.25,0.25,0.5,93.73,
ERCOT,92.5,9,72,19,0,122,0.25,0.5,0.0,93.73,
ERCOT,92.5,9,72,19,0,122,0.25,0.5,0.5,93.73,
ERCOT,92.5,9,72,19,0,122,0.25,0.75,0.0,93.73,
ERCOT,92.5,9,72,19,0,122,0.25,0.75,0.5,93.73,
ERCOT,92.5,9,72,19,0,122,0.25,1.0,0.0,93.73,
ERCOT,92.5,9,72,19,0,122,0.25,1.0,0.5,93.73,
ERCOT,92.5,9,72,19,0,122,0.5,0.0,0.0,93.73,
ERCOT,92.5,9,72,19,0,122,0.5,0.0,0.5,93.73,
ERCOT,92.5,9,72,19,0,122,0.5,0.25,0.0,93.73,
ERCOT,92.5,9,72,19,0,122,0.5,0.25,0.5,93.73,
ERCOT,92.5,9,72,19,0,122,0.5,0.5,0.0,93.73,
ERCOT,92.5,9,72,19,0,122,0.5,0.5,0.5,93.73,
ERCOT,92.5,9,72,19,0,122,0.5,0.75,0.0,93.73,
ERCOT,92.5,9,72,19,0,122,0.5,0.75,0.5,93.73,
ERCOT,92.5,9,72,19,0,122,0.5,1.0,0.0,93.73,
ERCOT,92.5,9,72,19,0,122,0.5,1.0,0.5,93.73,
ERCOT,92.5,9,73,18,0,217,0.0,0.0,1.0,93.16,
ERCOT,92.5,9,73,18,0,182,0.0,0.0,1.5,93.24,
ERCOT,92.5,9,73,18,0,157,0.0,0.0,2.0,93.51,
ERCOT,92.5,9,73,18,0,142,0.0,0.0,2.5,92.63,
ERCOT,92.5,9,73,18,0,127,0.0,0.25,0.0,93.47,
ERCOT,92.5,9,73,18,0,122,0.0,0.25,0.5,93.13,
ERCOT,92.5,9,73,18,0,122,0.0,0.25,1.0,93.91,
ERCOT,92.5,9,73,18,0,122,0.0,0.5,0.0,93.62,
ERCOT,92.5,9,73,18,0,122,0.0,0.5,0.5,93.62,
ERCOT,92.5,9,73,18,0,122,0.0,0.75,0.0,93.62,
ERCOT,92.5,9,73,18,0,122,0.0,0.75,0.5,93.62,
ERCOT,92.5,9,73,18,0,122,0.0,1.0,0.0,93.62,
ERCOT,92.5,9,73,18,0,122,0.0,1.0,0.5,93.62,
ERCOT,92.5,9,73,18,0,122,0.25,0.0,0.0,93.52,
ERCOT,92.5,9,73,18,0,122,0.25,0.0,0.5,93.52,
ERCOT,92.5,9,73,18,0,122,0.25,0.25,0.0,93.52,
ERCOT,92.5,9,73,18,0,122,0.25,0.25,0.5,93.52,
ERCOT,92.5,9,73,18,0,122,0.25,0.5,0.0,93.52,
ERCOT,92.5,9,73,18,0,122,0.25,0.5,0.5,93.52,
ERCOT,92.5,9,73,18,0,122,0.25,0.75,0.0,93.52,
ERCOT,92.5,9,73,18,0,122,0.25,0.75,0.5,93.52,
ERCOT,92.5,9,73,18,0,122,0.25,1.0,0.0,93.52,
ERCOT,92.5,9,73,18,0,122,0.25,1.0,0.5,93.52,
ERCOT,92.5,9,73,18,0,122,0.5,0.0,0.0,93.52,
ERCOT,92.5,9,73,18,0,122,0.5,0.0,0.5,93.52,
ERCOT,92.5,9,73,18,0,122,0.5,0.25,0.0,93.52,
ERCOT,92.5,9,73,18,0,122,0.5,0.25,0.5,93.52,
ERCOT,92.5,9,73,18,0,122,0.5,0.5,0.0,93.52,
ERCOT,92.5,9,73,18,0,122,0.5,0.5,0.5,93.52,
ERCOT,92.5,9,73,18,0,122,0.5,0.75,0.0,93.52,
ERCOT,92.5,9,73,18,0,122,0.5,0.75,0.5,93.52,
ERCOT,92.5,9,73,18,0,122,0.5,1.0,0.0,93.52,
ERCOT,92.5,9,73,18,0,122,0.5,1.0,0.5,93.52,
ERCOT,92.5,9,74,17,0,222,0.0,0.0,1.0,92.72,
ERCOT,92.5,9,74,17,0,187,0.0,0.0,1.5,93.05,
ERCOT,92.5,9,74,17,0,157,0.0,0.0,2.0,92.73,
ERCOT,92.5,9,74,17,0,147,0.0,0.0,2.5,93.43,
ERCOT,92.5,9,74,17,0,127,0.0,0.25,0.0,93.0,
ERCOT,92.5,9,74,17,0,122,0.0,0.25,0.5,92.72,
ERCOT,92.5,9,74,17,0,122,0.0,0.25,1.0,93.56,
ERCOT,92.5,9,74,17,0,122,0.0,0.5,0.0,93.42,
ERCOT,92.5,9,74,17,0,122,0.0,0.5,0.5,93.42,
ERCOT,92.5,9,74,17,0,122,0.0,0.75,0.0,93.42,
ERCOT,92.5,9,74,17,0,122,0.0,0.75,0.5,93.42,
ERCOT,92.5,9,74,17,0,122,0.0,1.0,0.0,93.42,
ERCOT,92.5,9,74,17,0,122,0.0,1.0,0.5,93.42,
ERCOT,92.5,9,74,17,0,122,0.25,0.0,0.0,93.3,
ERCOT,92.5,9,74,17,0,122,0.25,0.0,0.5,93.3,
ERCOT,92.5,9,74,17,0,122,0.25,0.25,0.0,93.3,
ERCOT,92.5,9,74,17,0,122,0.25,0.25,0.5,93.3,
ERCOT,92.5,9,74,17,0,122,0.25,0.5,0.0,93.3,
ERCOT,92.5,9,74,17,0,122,0.25,0.5,0.5,93.3,
ERCOT,92.5,9,74,17,0,122,0.25,0.75,0.0,93.3,
ERCOT,92.5,9,74,17,0,122,0.25,0.75,0.5,93.3,
ERCOT,92.5,9,74,17,0,122,0.25,1.0,0.0,93.3,
ERCOT,92.5,9,74,17,0,122,0.25,1.0,0.5,93.3,
ERCOT,92.5,9,74,17,0,122,0.5,0.0,0.0,93.3,
ERCOT,92.5,9,74,17,0,122,0.5,0.0,0.5,93.3,
ERCOT,92.5,9,74,17,0,122,0.5,0.25,0.0,93.3,
ERCOT,92.5,9,74,17,0,122,0.5,0.25,0.5,93.3,
ERCOT,92.5,9,74,17,0,122,0.5,0.5,0.0,93.3,
ERCOT,92.5,9,74,17,0,122,0.5,0.5,0.5,93.3,
ERCOT,92.5,9,74,17,0,122,0.5,0.75,0.0,93.3,
ERCOT,92.5,9,74,17,0,122,0.5,0.75,0.5,93.3,
ERCOT,92.5,9,74,17,0,122,0.5,1.0,0.0,93.3,
ERCOT,92.5,9,74,17,0,122,0.5,1.0,0.5,93.3,
ERCOT,92.5,9,75,16,0,232,0.0,0.0,1.0,92.89,
ERCOT,92.5,9,75,16,0,192,0.0,0.0,1.5,92.8,
ERCOT,92.5,9,75,16,0,162,0.0,0.0,2.0,92.87,
ERCOT,92.5,9,75,16,0,147,0.0,0.0,2.5,92.83,
ERCOT,92.5,9,75,16,0,127,0.0,0.25,0.0,92.52,
ERCOT,92.5,9,75,16,0,127,0.0,0.25,0.5,93.63,
ERCOT,92.5,9,75,16,0,122,0.0,0.5,0.0,93.2,
ERCOT,92.5,9,75,16,0,122,0.0,0.5,0.5,93.2,
ERCOT,92.5,9,75,16,0,122,0.0,0.75,0.0,93.2,
ERCOT,92.5,9,75,16,0,122,0.0,0.75,0.5,93.2,
ERCOT,92.5,9,75,16,0,122,0.0,1.0,0.0,93.2,
ERCOT,92.5,9,75,16,0,122,0.0,1.0,0.5,93.2,
ERCOT,92.5,9,75,16,0,122,0.25,0.0,0.0,93.08,
ERCOT,92.5,9,75,16,0,122,0.25,0.0,0.5,93.08,
ERCOT,92.5,9,75,16,0,122,0.25,0.25,0.0,93.08,
ERCOT,92.5,9,75,16,0,122,0.25,0.25,0.5,93.08,
ERCOT,92.5,9,75,16,0,122,0.25,0.5,0.0,93.08,
ERCOT,92.5,9,75,16,0,122,0.25,0.5,0.5,93.08,
ERCOT,92.5,9,75,16,0,122,0.25,0.75,0.0,93.08,
ERCOT,92.5,9,75,16,0,122,0.25,0.75,0.5,93.08,
ERCOT,92.5,9,75,16,0,122,0.25,1.0,0.0,93.08,
ERCOT,92.5,9,75,16,0,122,0.25,1.0,0.5,93.08,
ERCOT,92.5,9,75,16,0,122,0.5,0.0,0.0,93.08,
ERCOT,92.5,9,75,16,0,122,0.5,0.0,0.5,93.08,
ERCOT,92.5,9,75,16,0,122,0.5,0.25,0.0,93.08,
ERCOT,92.5,9,75,16,0,122,0.5,0.25,0.5,93.08,
ERCOT,92.5,9,75,16,0,122,0.5,0.5,0.0,93.08,
ERCOT,92.5,9,75,16,0,122,0.5,0.5,0.5,93.08,
ERCOT,92.5,9,75,16,0,122,0.5,0.75,0.0,93.08,
ERCOT,92.5,9,75,16,0,122,0.5,0.75,0.5,93.08,
ERCOT,92.5,9,75,16,0,122,0.5,1.0,0.0,93.08,
ERCOT,92.5,9,75,16,0,122,0.5,1.0,0.5,93.08,
ERCOT,92.5,9,76,15,0,242,0.0,0.0,1.0,92.95,
ERCOT,92.5,9,76,15,0,202,0.0,0.0,1.5,93.17,
ERCOT,92.5,9,76,15,0,167,0.0,0.0,2.0,92.9,
ERCOT,92.5,9,76,15,0,152,0.0,0.0,2.5,93.37,
ERCOT,92.5,9,76,15,0,132,0.0,0.25,0.0,93.19,
ERCOT,92.5,9,76,15,0,127,0.0,0.25,0.5,93.21,
ERCOT,92.5,9,76,15,0,122,0.0,0.25,1.0,92.84,
ERCOT,92.5,9,76,15,0,122,0.0,0.25,1.5,93.58,
ERCOT,92.5,9,76,15,0,122,0.0,0.5,0.0,92.99,
ERCOT,92.5,9,76,15,0,122,0.0,0.5,0.5,92.99,
ERCOT,92.5,9,76,15,0,122,0.0,0.75,0.0,92.99,
ERCOT,92.5,9,76,15,0,122,0.0,0.75,0.5,92.99,
ERCOT,92.5,9,76,15,0,122,0.0,1.0,0.0,92.99,
ERCOT,92.5,9,76,15,0,122,0.0,1.0,0.5,92.99,
ERCOT,92.5,9,76,15,0,122,0.25,0.0,0.0,92.86,
ERCOT,92.5,9,76,15,0,122,0.25,0.0,0.5,92.86,
ERCOT,92.5,9,76,15,0,122,0.25,0.25,0.0,92.86,
ERCOT,92.5,9,76,15,0,122,0.25,0.25,0.5,92.86,
ERCOT,92.5,9,76,15,0,122,0.25,0.5,0.0,92.86,
ERCOT,92.5,9,76,15,0,122,0.25,0.5,0.5,92.86,
ERCOT,92.5,9,76,15,0,122,0.25,0.75,0.0,92.86,
ERCOT,92.5,9,76,15,0,122,0.25,0.75,0.5,92.86,
ERCOT,92.5,9,76,15,0,122,0.25,1.0,0.0,92.86,
ERCOT,92.5,9,76,15,0,122,0.25,1.0,0.5,92.86,
ERCOT,92.5,9,76,15,0,122,0.5,0.0,0.0,92.86,
ERCOT,92.5,9,76,15,0,122,0.5,0.0,0.5,92.86,
ERCOT,92.5,9,76,15,0,122,0.5,0.25,0.0,92.86,
ERCOT,92.5,9,76,15,0,122,0.5,0.25,0.5,92.86,
ERCOT,92.5,9,76,15,0,122,0.5,0.5,0.0,92.86,
ERCOT,92.5,9,76,15,0,122,0.5,0.5,0.5,92.86,
ERCOT,92.5,9,76,15,0,122,0.5,0.75,0.0,92.86,
ERCOT,92.5,9,76,15,0,122,0.5,0.75,0.5,92.86,
ERCOT,92.5,9,76,15,0,122,0.5,1.0,0.0,92.86,
ERCOT,92.5,9,76,15,0,122,0.5,1.0,0.5,92.86,
ERCOT,92.5,10,71,19,0,237,0.0,0.0,0.5,92.54,
ERCOT,92.5,10,71,19,0,202,0.0,0.0,1.0,92.98,
ERCOT,92.5,10,71,19,0,172,0.0,0.0,1.5,93.35,
ERCOT,92.5,10,71,19,0,147,0.0,0.0,2.0,92.76,
ERCOT,92.5,10,71,19,0,142,0.0,0.0,2.5,93.64,
ERCOT,92.5,10,71,19,0,122,0.0,0.25,0.0,93.08,
ERCOT,92.5,10,71,19,0,122,0.0,0.25,0.5,93.85,
ERCOT,92.5,10,71,19,0,122,0.0,0.5,0.0,94.03,
ERCOT,92.5,10,71,19,0,122,0.0,0.5,0.5,94.03,
ERCOT,92.5,10,71,19,0,122,0.0,0.75,0.0,94.03,
ERCOT,92.5,10,71,19,0,122,0.0,0.75,0.5,94.03,
ERCOT,92.5,10,71,19,0,122,0.0,1.0,0.0,94.03,
ERCOT,92.5,10,71,19,0,122,0.0,1.0,0.5,94.03,
ERCOT,92.5,10,71,19,0,122,0.25,0.0,0.0,93.93,
ERCOT,92.5,10,71,19,0,122,0.25,0.0,0.5,93.93,
ERCOT,92.5,10,71,19,0,122,0.25,0.25,0.0,93.93,
ERCOT,92.5,10,71,19,0,122,0.25,0.25,0.5,93.93,
ERCOT,92.5,10,71,19,0,122,0.25,0.5,0.0,93.93,
ERCOT,92.5,10,71,19,0,122,0.25,0.5,0.5,93.93,
ERCOT,92.5,10,71,19,0,122,0.25,0.75,0.0,93.93,
ERCOT,92.5,10,71,19,0,122,0.25,0.75,0.5,93.93,
ERCOT,92.5,10,71,19,0,122,0.25,1.0,0.0,93.93,
ERCOT,92.5,10,71,19,0,122,0.25,1.0,0.5,93.93,
ERCOT,92.5,10,71,19,0,122,0.5,0.0,0.0,93.93,
ERCOT,92.5,10,71,19,0,122,0.5,0.0,0.5,93.93,
ERCOT,92.5,10,71,19,0,122,0.5,0.25,0.0,93.93,
ERCOT,92.5,10,71,19,0,122,0.5,0.25,0.5,93.93,
ERCOT,92.5,10,71,19,0,122,0.5,0.5,0.0,93.93,
ERCOT,92.5,10,71,19,0,122,0.5,0.5,0.5,93.93,
ERCOT,92.5,10,71,19,0,122,0.5,0.75,0.0,93.93,
ERCOT,92.5,10,71,19,0,122,0.5,0.75,0.5,93.93,
ERCOT,92.5,10,71,19,0,122,0.5,1.0,0.0,93.93,
ERCOT,92.5,10,71,19,0,122,0.5,1.0,0.5,93.93,
ERCOT,92.5,10,72,18,0,247,0.0,0.0,0.5,92.76,
ERCOT,92.5,10,72,18,0,207,0.0,0.0,1.0,92.68,
ERCOT,92.5,10,72,18,0,177,0.0,0.0,1.5,93.28,
ERCOT,92.5,10,72,18,0,152,0.0,0.0,2.0,93.15,
ERCOT,92.5,10,72,18,0,142,0.0,0.0,2.5,93.12,
ERCOT,92.5,10,72,18,0,122,0.0,0.25,0.0,92.65,
ERCOT,92.5,10,72,18,0,122,0.0,0.25,0.5,93.49,
ERCOT,92.5,10,72,18,0,122,0.0,0.5,0.0,93.83,
ERCOT,92.5,10,72,18,0,122,0.0,0.5,0.5,93.83,
ERCOT,92.5,10,72,18,0,122,0.0,0.75,0.0,93.83,
ERCOT,92.5,10,72,18,0,122,0.0,0.75,0.5,93.83,
ERCOT,92.5,10,72,18,0,122,0.0,1.0,0.0,93.83,
ERCOT,92.5,10,72,18,0,122,0.0,1.0,0.5,93.83,
ERCOT,92.5,10,72,18,0,122,0.25,0.0,0.0,93.72,
ERCOT,92.5,10,72,18,0,122,0.25,0.0,0.5,93.72,
ERCOT,92.5,10,72,18,0,122,0.25,0.25,0.0,93.72,
ERCOT,92.5,10,72,18,0,122,0.25,0.25,0.5,93.72,
ERCOT,92.5,10,72,18,0,122,0.25,0.5,0.0,93.72,
ERCOT,92.5,10,72,18,0,122,0.25,0.5,0.5,93.72,
ERCOT,92.5,10,72,18,0,122,0.25,0.75,0.0,93.72,
ERCOT,92.5,10,72,18,0,122,0.25,0.75,0.5,93.72,
ERCOT,92.5,10,72,18,0,122,0.25,1.0,0.0,93.72,
ERCOT,92.5,10,72,18,0,122,0.25,1.0,0.5,93.72,
ERCOT,92.5,10,72,18,0,122,0.5,0.0,0.0,93.72,
ERCOT,92.5,10,72,18,0,122,0.5,0.0,0.5,93.72,
ERCOT,92.5,10,72,18,0,122,0.5,0.25,0.0,93.72,
ERCOT,92.5,10,72,18,0,122,0.5,0.25,0.5,93.72,
ERCOT,92.5,10,72,18,0,122,0.5,0.5,0.0,93.72,
ERCOT,92.5,10,72,18,0,122,0.5,0.5,0.5,93.72,
ERCOT,92.5,10,72,18,0,122,0.5,0.75,0.0,93.72,
ERCOT,92.5,10,72,18,0,122,0.5,0.75,0.5,93.72,
ERCOT,92.5,10,72,18,0,122,0.5,1.0,0.0,93.72,
ERCOT,92.5,10,72,18,0,122,0.5,1.0,0.5,93.72,
ERCOT,92.5,10,73,17,0,217,0.0,0.0,1.0,93.05,
ERCOT,92.5,10,73,17,0,182,0.0,0.0,1.5,93.15,
ERCOT,92.5,10,73,17,0,157,0.0,0.0,2.0,93.42,
ERCOT,92.5,10,73,17,0,142,0.0,0.0,2.5,92.58,
ERCOT,92.5,10,73,17,0,127,0.0,0.25,0.0,93.44,
ERCOT,92.5,10,73,17,0,122,0.0,0.25,0.5,93.1,
ERCOT,92.5,10,73,17,0,122,0.0,0.25,1.0,93.89,
ERCOT,92.5,10,73,17,0,122,0.0,0.5,0.0,93.62,
ERCOT,92.5,10,73,17,0,122,0.0,0.5,0.5,93.62,
ERCOT,92.5,10,73,17,0,122,0.0,0.75,0.0,93.62,
ERCOT,92.5,10,73,17,0,122,0.0,0.75,0.5,93.62,
ERCOT,92.5,10,73,17,0,122,0.0,1.0,0.0,93.62,
ERCOT,92.5,10,73,17,0,122,0.0,1.0,0.5,93.62,
ERCOT,92.5,10,73,17,0,122,0.25,0.0,0.0,93.51,
ERCOT,92.5,10,73,17,0,122,0.25,0.0,0.5,93.51,
ERCOT,92.5,10,73,17,0,122,0.25,0.25,0.0,93.51,
ERCOT,92.5,10,73,17,0,122,0.25,0.25,0.5,93.51,
ERCOT,92.5,10,73,17,0,122,0.25,0.5,0.0,93.51,
ERCOT,92.5,10,73,17,0,122,0.25,0.5,0.5,93.51,
ERCOT,92.5,10,73,17,0,122,0.25,0.75,0.0,93.51,
ERCOT,92.5,10,73,17,0,122,0.25,0.75,0.5,93.51,
ERCOT,92.5,10,73,17,0,122,0.25,1.0,0.0,93.51,
ERCOT,92.5,10,73,17,0,122,0.25,1.0,0.5,93.51,
ERCOT,92.5,10,73,17,0,122,0.5,0.0,0.0,93.51,
ERCOT,92.5,10,73,17,0,122,0.5,0.0,0.5,93.51,
ERCOT,92.5,10,73,17,0,122,0.5,0.25,0.0,93.51,
ERCOT,92.5,10,73,17,0,122,0.5,0.25,0.5,93.51,
ERCOT,92.5,10,73,17,0,122,0.5,0.5,0.0,93.51,
ERCOT,92.5,10,73,17,0,122,0.5,0.5,0.5,93.51,
ERCOT,92.5,10,73,17,0,122,0.5,0.75,0.0,93.51,
ERCOT,92.5,10,73,17,0,122,0.5,0.75,0.5,93.51,
ERCOT,92.5,10,73,17,0,122,0.5,1.0,0.0,93.51,
ERCOT,92.5,10,73,17,0,122,0.5,1.0,0.5,93.51,
ERCOT,92.5,10,74,16,0,222,0.0,0.0,1.0,92.61,
ERCOT,92.5,10,74,16,0,187,0.0,0.0,1.5,92.95,
ERCOT,92.5,10,74,16,0,157,0.0,0.0,2.0,92.65,
ERCOT,92.5,10,74,16,0,147,0.0,0.0,2.5,93.37,
ERCOT,92.5,10,74,16,0,127,0.0,0.25,0.0,92.97,
ERCOT,92.5,10,74,16,0,122,0.0,0.25,0.5,92.69,
ERCOT,92.5,10,74,16,0,122,0.0,0.25,1.0,93.54,
ERCOT,92.5,10,74,16,0,122,0.0,0.5,0.0,93.41,
ERCOT,92.5,10,74,16,0,122,0.0,0.5,0.5,93.41,
ERCOT,92.5,10,74,16,0,122,0.0,0.75,0.0,93.41,
ERCOT,92.5,10,74,16,0,122,0.0,0.75,0.5,93.41,
ERCOT,92.5,10,74,16,0,122,0.0,1.0,0.0,93.41,
ERCOT,92.5,10,74,16,0,122,0.0,1.0,0.5,93.41,
ERCOT,92.5,10,74,16,0,122,0.25,0.0,0.0,93.29,
ERCOT,92.5,10,74,16,0,122,0.25,0.0,0.5,93.29,
ERCOT,92.5,10,74,16,0,122,0.25,0.25,0.0,93.29,
ERCOT,92.5,10,74,16,0,122,0.25,0.25,0.5,93.29,
ERCOT,92.5,10,74,16,0,122,0.25,0.5,0.0,93.29,
ERCOT,92.5,10,74,16,0,122,0.25,0.5,0.5,93.29,
ERCOT,92.5,10,74,16,0,122,0.25,0.75,0.0,93.29,
ERCOT,92.5,10,74,16,0,122,0.25,0.75,0.5,93.29,
ERCOT,92.5,10,74,16,0,122,0.25,1.0,0.0,93.29,
ERCOT,92.5,10,74,16,0,122,0.25,1.0,0.5,93.29,
ERCOT,92.5,10,74,16,0,122,0.5,0.0,0.0,93.29,
ERCOT,92.5,10,74,16,0,122,0.5,0.0,0.5,93.29,
ERCOT,92.5,10,74,16,0,122,0.5,0.25,0.0,93.29,
ERCOT,92.5,10,74,16,0,122,0.5,0.25,0.5,93.29,
ERCOT,92.5,10,74,16,0,122,0.5,0.5,0.0,93.29,
ERCOT,92.5,10,74,16,0,122,0.5,0.5,0.5,93.29,
ERCOT,92.5,10,74,16,0,122,0.5,0.75,0.0,93.29,
ERCOT,92.5,10,74,16,0,122,0.5,0.75,0.5,93.29,
ERCOT,92.5,10,74,16,0,122,0.5,1.0,0.0,93.29,
ERCOT,92.5,10,74,16,0,122,0.5,1.0,0.5,93.29,
ERCOT,92.5,11,71,18,0,242,0.0,0.0,0.5,93.17,
ERCOT,92.5,11,71,18,0,202,0.0,0.0,1.0,92.88,
ERCOT,92.5,11,71,18,0,172,0.0,0.0,1.5,93.26,
ERCOT,92.5,11,71,18,0,147,0.0,0.0,2.0,92.68,
ERCOT,92.5,11,71,18,0,142,0.0,0.0,2.5,93.59,
ERCOT,92.5,11,71,18,0,122,0.0,0.25,0.0,93.06,
ERCOT,92.5,11,71,18,0,122,0.0,0.25,0.5,93.83,
ERCOT,92.5,11,71,18,0,122,0.0,0.5,0.0,94.03,
ERCOT,92.5,11,71,18,0,122,0.0,0.5,0.5,94.03,
ERCOT,92.5,11,71,18,0,122,0.0,0.75,0.0,94.03,
ERCOT,92.5,11,71,18,0,122,0.0,0.75,0.5,94.03,
ERCOT,92.5,11,71,18,0,122,0.0,1.0,0.0,94.03,
ERCOT,92.5,11,71,18,0,122,0.0,1.0,0.5,94.03,
ERCOT,92.5,11,71,18,0,122,0.25,0.0,0.0,93.92,
ERCOT,92.5,11,71,18,0,122,0.25,0.0,0.5,93.92,
ERCOT,92.5,11,71,18,0,122,0.25,0.25,0.0,93.92,
ERCOT,92.5,11,71,18,0,122,0.25,0.25,0.5,93.92,
ERCOT,92.5,11,71,18,0,122,0.25,0.5,0.0,93.92,
ERCOT,92.5,11,71,18,0,122,0.25,0.5,0.5,93.92,
ERCOT,92.5,11,71,18,0,122,0.25,0.75,0.0,93.92,
ERCOT,92.5,11,71,18,0,122,0.25,0.75,0.5,93.92,
ERCOT,92.5,11,71,18,0,122,0.25,1.0,0.0,93.92,
ERCOT,92.5,11,71,18,0,122,0.25,1.0,0.5,93.92,
ERCOT,92.5,11,71,18,0,122,0.5,0.0,0.0,93.92,
ERCOT,92.5,11,71,18,0,122,0.5,0.0,0.5,93.92,
ERCOT,92.5,11,71,18,0,122,0.5,0.25,0.0,93.92,
ERCOT,92.5,11,71,18,0,122,0.5,0.25,0.5,93.92,
ERCOT,92.5,11,71,18,0,122,0.5,0.5,0.0,93.92,
ERCOT,92.5,11,71,18,0,122,0.5,0.5,0.5,93.92,
ERCOT,92.5,11,71,18,0,122,0.5,0.75,0.0,93.92,
ERCOT,92.5,11,71,18,0,122,0.5,0.75,0.5,93.92,
ERCOT,92.5,11,71,18,0,122,0.5,1.0,0.0,93.92,
ERCOT,92.5,11,71,18,0,122,0.5,1.0,0.5,93.92,
ERCOT,92.5,11,72,17,0,247,0.0,0.0,0.5,92.63,
ERCOT,92.5,11,72,17,0,207,0.0,0.0,1.0,92.57,
ERCOT,92.5,11,72,17,0,177,0.0,0.0,1.5,93.19,
ERCOT,92.5,11,72,17,0,152,0.0,0.0,2.0,93.07,
ERCOT,92.5,11,72,17,0,142,0.0,0.0,2.5,93.06,
ERCOT,92.5,11,72,17,0,122,0.0,0.25,0.0,92.62,
ERCOT,92.5,11,72,17,0,122,0.0,0.25,0.5,93.47,
ERCOT,92.5,11,72,17,0,122,0.0,0.5,0.0,93.82,
ERCOT,92.5,11,72,17,0,122,0.0,0.5,0.5,93.82,
ERCOT,92.5,11,72,17,0,122,0.0,0.75,0.0,93.82,
ERCOT,92.5,11,72,17,0,122,0.0,0.75,0.5,93.82,
ERCOT,92.5,11,72,17,0,122,0.0,1.0,0.0,93.82,
ERCOT,92.5,11,72,17,0,122,0.0,1.0,0.5,93.82,
ERCOT,92.5,11,72,17,0,122,0.25,0.0,0.0,93.71,
ERCOT,92.5,11,72,17,0,122,0.25,0.0,0.5,93.71,
ERCOT,92.5,11,72,17,0,122,0.25,0.25,0.0,93.71,
ERCOT,92.5,11,72,17,0,122,0.25,0.25,0.5,93.71,
ERCOT,92.5,11,72,17,0,122,0.25,0.5,0.0,93.71,
ERCOT,92.5,11,72,17,0,122,0.25,0.5,0.5,93.71,
ERCOT,92.5,11,72,17,0,122,0.25,0.75,0.0,93.71,
ERCOT,92.5,11,72,17,0,122,0.25,0.75,0.5,93.71,
ERCOT,92.5,11,72,17,0,122,0.25,1.0,0.0,93.71,
ERCOT,92.5,11,72,17,0,122,0.25,1.0,0.5,93.71,
ERCOT,92.5,11,72,17,0,122,0.5,0.0,0.0,93.71,
ERCOT,92.5,11,72,17,0,122,0.5,0.0,0.5,93.71,
ERCOT,92.5,11,72,17,0,122,0.5,0.25,0.0,93.71,
ERCOT,92.5,11,72,17,0,122,0.5,0.25,0.5,93.71,
ERCOT,92.5,11,72,17,0,122,0.5,0.5,0.0,93.71,
ERCOT,92.5,11,72,17,0,122,0.5,0.5,0.5,93.71,
ERCOT,92.5,11,72,17,0,122,0.5,0.75,0.0,93.71,
ERCOT,92.5,11,72,17,0,122,0.5,0.75,0.5,93.71,
ERCOT,92.5,11,72,17,0,122,0.5,1.0,0.0,93.71,
ERCOT,92.5,11,72,17,0,122,0.5,1.0,0.5,93.71,
ERCOT,92.5,11,73,16,0,217,0.0,0.0,1.0,92.93,
ERCOT,92.5,11,73,16,0,182,0.0,0.0,1.5,93.05,
ERCOT,92.5,11,73,16,0,157,0.0,0.0,2.0,93.34,
ERCOT,92.5,11,73,16,0,142,0.0,0.0,2.5,92.52,
ERCOT,92.5,11,73,16,0,127,0.0,0.25,0.0,93.41,
ERCOT,92.5,11,73,16,0,122,0.0,0.25,0.5,93.08,
ERCOT,92.5,11,73,16,0,122,0.0,0.25,1.0,93.87,
ERCOT,92.5,11,73,16,0,122,0.0,0.5,0.0,93.61,
ERCOT,92.5,11,73,16,0,122,0.0,0.5,0.5,93.61,
ERCOT,92.5,11,73,16,0,122,0.0,0.75,0.0,93.61,
ERCOT,92.5,11,73,16,0,122,0.0,0.75,0.5,93.61,
ERCOT,92.5,11,73,16,0,122,0.0,1.0,0.0,93.61,
ERCOT,92.5,11,73,16,0,122,0.0,1.0,0.5,93.61,
ERCOT,92.5,11,73,16,0,122,0.25,0.0,0.0,93.5,
ERCOT,92.5,11,73,16,0,122,0.25,0.0,0.5,93.5,
ERCOT,92.5,11,73,16,0,122,0.25,0.25,0.0,93.5,
ERCOT,92.5,11,73,16,0,122,0.25,0.25,0.5,93.5,
ERCOT,92.5,11,73,16,0,122,0.25,0.5,0.0,93.5,
ERCOT,92.5,11,73,16,0,122,0.25,0.5,0.5,93.5,
ERCOT,92.5,11,73,16,0,122,0.25,0.75,0.0,93.5,
ERCOT,92.5,11,73,16,0,122,0.25,0.75,0.5,93.5,
ERCOT,92.5,11,73,16,0,122,0.25,1.0,0.0,93.5,
ERCOT,92.5,11,73,16,0,122,0.25,1.0,0.5,93.5,
ERCOT,92.5,11,73,16,0,122,0.5,0.0,0.0,93.5,
ERCOT,92.5,11,73,16,0,122,0.5,0.0,0.5,93.5,
ERCOT,92.5,11,73,16,0,122,0.5,0.25,0.0,93.5,
ERCOT,92.5,11,73,16,0,122,0.5,0.25,0.5,93.5,
ERCOT,92.5,11,73,16,0,122,0.5,0.5,0.0,93.5,
ERCOT,92.5,11,73,16,0,122,0.5,0.5,0.5,93.5,
ERCOT,92.5,11,73,16,0,122,0.5,0.75,0.0,93.5,
ERCOT,92.5,11,73,16,0,122,0.5,0.75,0.5,93.5,
ERCOT,92.5,11,73,16,0,122,0.5,1.0,0.0,93.5,
ERCOT,92.5,11,73,16,0,122,0.5,1.0,0.5,93.5,
ERCOT,92.5,11,74,15,0,227,0.0,0.0,1.0,93.18,
ERCOT,92.5,11,74,15,0,187,0.0,0.0,1.5,92.85,
ERCOT,92.5,11,74,15,0,157,0.0,0.0,2.0,92.57,
ERCOT,92.5,11,74,15,0,147,0.0,0.0,2.5,93.31,
ERCOT,92.5,11,74,15,0,127,0.0,0.25,0.0,92.93,
ERCOT,92.5,11,74,15,0,122,0.0,0.25,0.5,92.66,
ERCOT,92.5,11,74,15,0,122,0.0,0.25,1.0,93.52,
ERCOT,92.5,11,74,15,0,122,0.0,0.5,0.0,93.4,
ERCOT,92.5,11,74,15,0,122,0.0,0.5,0.5,93.4,
ERCOT,92.5,11,74,15,0,122,0.0,0.75,0.0,93.4,
ERCOT,92.5,11,74,15,0,122,0.0,0.75,0.5,93.4,
ERCOT,92.5,11,74,15,0,122,0.0,1.0,0.0,93.4,
ERCOT,92.5,11,74,15,0,122,0.0,1.0,0.5,93.4,
ERCOT,92.5,11,74,15,0,122,0.25,0.0,0.0,93.28,
ERCOT,92.5,11,74,15,0,122,0.25,0.0,0.5,93.28,
ERCOT,92.5,11,74,15,0,122,0.25,0.25,0.0,93.28,
ERCOT,92.5,11,74,15,0,122,0.25,0.25,0.5,93.28,
ERCOT,92.5,11,74,15,0,122,0.25,0.5,0.0,93.28,
ERCOT,92.5,11,74,15,0,122,0.25,0.5,0.5,93.28,
ERCOT,92.5,11,74,15,0,122,0.25,0.75,0.0,93.28,
ERCOT,92.5,11,74,15,0,122,0.25,0.75,0.5,93.28,
ERCOT,92.5,11,74,15,0,122,0.25,1.0,0.0,93.28,
ERCOT,92.5,11,74,15,0,122,0.25,1.0,0.5,93.28,
ERCOT,92.5,11,74,15,0,122,0.5,0.0,0.0,93.28,
ERCOT,92.5,11,74,15,0,122,0.5,0.0,0.5,93.28,
ERCOT,92.5,11,74,15,0,122,0.5,0.25,0.0,93.28,
ERCOT,92.5,11,74,15,0,122,0.5,0.25,0.5,93.28,
ERCOT,92.5,11,74,15,0,122,0.5,0.5,0.0,93.28,
ERCOT,92.5,11,74,15,0,122,0.5,0.5,0.5,93.28,
ERCOT,92.5,11,74,15,0,122,0.5,0.75,0.0,93.28,
ERCOT,92.5,11,74,15,0,122,0.5,0.75,0.5,93.28,
ERCOT,92.5,11,74,15,0,122,0.5,1.0,0.0,93.28,
ERCOT,92.5,11,74,15,0,122,0.5,1.0,0.5,93.28,
ERCOT,92.5,11,75,14,0,232,0.0,0.0,1.0,92.64,
ERCOT,92.5,11,75,14,0,192,0.0,0.0,1.5,92.59,
ERCOT,92.5,11,75,14,0,162,0.0,0.0,2.0,92.69,
ERCOT,92.5,11,75,14,0,147,0.0,0.0,2.5,92.71,
ERCOT,92.5,11,75,14,0,132,0.0,0.25,0.0,93.62,
ERCOT,92.5,11,75,14,0,127,0.0,0.25,0.5,93.57,
ERCOT,92.5,11,75,14,0,122,0.0,0.25,1.0,93.16,
ERCOT,92.5,11,75,14,0,122,0.0,0.25,1.5,93.85,
ERCOT,92.5,11,75,14,0,122,0.0,0.5,0.0,93.18,
ERCOT,92.5,11,75,14,0,122,0.0,0.5,0.5,93.18,
ERCOT,92.5,11,75,14,0,122,0.0,0.75,0.0,93.18,
ERCOT,92.5,11,75,14,0,122,0.0,0.75,0.5,93.18,
ERCOT,92.5,11,75,14,0,122,0.0,1.0,0.0,93.18,
ERCOT,92.5,11,75,14,0,122,0.0,1.0,0.5,93.18,
ERCOT,92.5,11,75,14,0,122,0.25,0.0,0.0,93.05,
ERCOT,92.5,11,75,14,0,122,0.25,0.0,0.5,93.05,
ERCOT,92.5,11,75,14,0,122,0.25,0.25,0.0,93.05,
ERCOT,92.5,11,75,14,0,122,0.25,0.25,0.5,93.05,
ERCOT,92.5,11,75,14,0,122,0.25,0.5,0.0,93.05,
ERCOT,92.5,11,75,14,0,122,0.25,0.5,0.5,93.05,
ERCOT,92.5,11,75,14,0,122,0.25,0.75,0.0,93.05,
ERCOT,92.5,11,75,14,0,122,0.25,0.75,0.5,93.05,
ERCOT,92.5,11,75,14,0,122,0.25,1.0,0.0,93.05,
ERCOT,92.5,11,75,14,0,122,0.25,1.0,0.5,93.05,
ERCOT,92.5,11,75,14,0,122,0.5,0.0,0.0,93.05,
ERCOT,92.5,11,75,14,0,122,0.5,0.0,0.5,93.05,
ERCOT,92.5,11,75,14,0,122,0.5,0.25,0.0,93.05,
ERCOT,92.5,11,75,14,0,122,0.5,0.25,0.5,93.05,
ERCOT,92.5,11,75,14,0,122,0.5,0.5,0.0,93.05,
ERCOT,92.5,11,75,14,0,122,0.5,0.5,0.5,93.05,
ERCOT,92.5,11,75,14,0,122,0.5,0.75,0.0,93.05,
ERCOT,92.5,11,75,14,0,122,0.5,0.75,0.5,93.05,
ERCOT,92.5,11,75,14,0,122,0.5,1.0,0.0,93.05,
ERCOT,92.5,11,75,14,0,122,0.5,1.0,0.5,93.05,
ERCOT,92.5,12,71,17,0,242,0.0,0.0,0.5,93.05,
ERCOT,92.5,12,71,17,0,202,0.0,0.0,1.0,92.77,
ERCOT,92.5,12,71,17,0,172,0.0,0.0,1.5,93.17,
ERCOT,92.5,12,71,17,0,147,0.0,0.0,2.0,92.61,
ERCOT,92.5,12,71,17,0,142,0.0,0.0,2.5,93.54,
ERCOT,92.5,12,71,17,0,122,0.0,0.25,0.0,93.03,
ERCOT,92.5,12,71,17,0,122,0.0,0.25,0.5,93.81,
ERCOT,92.5,12,71,17,0,122,0.0,0.5,0.0,94.02,
ERCOT,92.5,12,71,17,0,122,0.0,0.5,0.5,94.02,
ERCOT,92.5,12,71,17,0,122,0.0,0.75,0.0,94.02,
ERCOT,92.5,12,71,17,0,122,0.0,0.75,0.5,94.02,
ERCOT,92.5,12,71,17,0,122,0.0,1.0,0.0,94.02,
ERCOT,92.5,12,71,17,0,122,0.0,1.0,0.5,94.02,
ERCOT,92.5,12,71,17,0,122,0.25,0.0,0.0,93.92,
ERCOT,92.5,12,71,17,0,122,0.25,0.0,0.5,93.92,
ERCOT,92.5,12,71,17,0,122,0.25,0.25,0.0,93.92,
ERCOT,92.5,12,71,17,0,122,0.25,0.25,0.5,93.92,
ERCOT,92.5,12,71,17,0,122,0.25,0.5,0.0,93.92,
ERCOT,92.5,12,71,17,0,122,0.25,0.5,0.5,93.92,
ERCOT,92.5,12,71,17,0,122,0.25,0.75,0.0,93.92,
ERCOT,92.5,12,71,17,0,122,0.25,0.75,0.5,93.92,
ERCOT,92.5,12,71,17,0,122,0.25,1.0,0.0,93.92,
ERCOT,92.5,12,71,17,0,122,0.25,1.0,0.5,93.92,
ERCOT,92.5,12,71,17,0,122,0.5,0.0,0.0,93.92,
ERCOT,92.5,12,71,17,0,122,0.5,0.0,0.5,93.92,
ERCOT,92.5,12,71,17,0,122,0.5,0.25,0.0,93.92,
ERCOT,92.5,12,71,17,0,122,0.5,0.25,0.5,93.92,
ERCOT,92.5,12,71,17,0,122,0.5,0.5,0.0,93.92,
ERCOT,92.5,12,71,17,0,122,0.5,0.5,0.5,93.92,
ERCOT,92.5,12,71,17,0,122,0.5,0.75,0.0,93.92,
ERCOT,92.5,12,71,17,0,122,0.5,0.75,0.5,93.92,
ERCOT,92.5,12,71,17,0,122,0.5,1.0,0.0,93.92,
ERCOT,92.5,12,71,17,0,122,0.5,1.0,0.5,93.92,
ERCOT,92.5,12,72,16,0,247,0.0,0.0,0.5,92.5,
ERCOT,92.5,12,72,16,0,212,0.0,0.0,1.0,93.21,
ERCOT,92.5,12,72,16,0,177,0.0,0.0,1.5,93.1,
ERCOT,92.5,12,72,16,0,152,0.0,0.0,2.0,92.99,
ERCOT,92.5,12,72,16,0,142,0.0,0.0,2.5,93.01,
ERCOT,92.5,12,72,16,0,122,0.0,0.25,0.0,92.59,
ERCOT,92.5,12,72,16,0,122,0.0,0.25,0.5,93.44,
ERCOT,92.5,12,72,16,0,122,0.0,0.5,0.0,93.81,
ERCOT,92.5,12,72,16,0,122,0.0,0.5,0.5,93.81,
ERCOT,92.5,12,72,16,0,122,0.0,0.75,0.0,93.81,
ERCOT,92.5,12,72,16,0,122,0.0,0.75,0.5,93.81,
ERCOT,92.5,12,72,16,0,122,0.0,1.0,0.0,93.81,
ERCOT,92.5,12,72,16,0,122,0.0,1.0,0.5,93.81,
ERCOT,92.5,12,72,16,0,122,0.25,0.0,0.0,93.7,
ERCOT,92.5,12,72,16,0,122,0.25,0.0,0.5,93.7,
ERCOT,92.5,12,72,16,0,122,0.25,0.25,0.0,93.7,
ERCOT,92.5,12,72,16,0,122,0.25,0.25,0.5,93.7,
ERCOT,92.5,12,72,16,0,122,0.25,0.5,0.0,93.7,
ERCOT,92.5,12,72,16,0,122,0.25,0.5,0.5,93.7,
ERCOT,92.5,12,72,16,0,122,0.25,0.75,0.0,93.7,
ERCOT,92.5,12,72,16,0,122,0.25,0.75,0.5,93.7,
ERCOT,92.5,12,72,16,0,122,0.25,1.0,0.0,93.7,
ERCOT,92.5,12,72,16,0,122,0.25,1.0,0.5,93.7,
ERCOT,92.5,12,72,16,0,122,0.5,0.0,0.0,93.7,
ERCOT,92.5,12,72,16,0,122,0.5,0.0,0.5,93.7,
ERCOT,92.5,12,72,16,0,122,0.5,0.25,0.0,93.7,
ERCOT,92.5,12,72,16,0,122,0.5,0.25,0.5,93.7,
ERCOT,92.5,12,72,16,0,122,0.5,0.5,0.0,93.7,
ERCOT,92.5,12,72,16,0,122,0.5,0.5,0.5,93.7,
ERCOT,92.5,12,72,16,0,122,0.5,0.75,0.0,93.7,
ERCOT,92.5,12,72,16,0,122,0.5,0.75,0.5,93.7,
ERCOT,92.5,12,72,16,0,122,0.5,1.0,0.0,93.7,
ERCOT,92.5,12,72,16,0,122,0.5,1.0,0.5,93.7,
ERCOT,92.5,12,73,15,0,217,0.0,0.0,1.0,92.82,
ERCOT,92.5,12,73,15,0,182,0.0,0.0,1.5,92.96,
ERCOT,92.5,12,73,15,0,157,0.0,0.0,2.0,93.26,
ERCOT,92.5,12,73,15,0,147,0.0,0.0,2.5,93.84,
ERCOT,92.5,12,73,15,0,127,0.0,0.25,0.0,93.38,
ERCOT,92.5,12,73,15,0,122,0.0,0.25,0.5,93.05,
ERCOT,92.5,12,73,15,0,122,0.0,0.25,1.0,93.86,
ERCOT,92.5,12,73,15,0,122,0.0,0.5,0.0,93.6,
ERCOT,92.5,12,73,15,0,122,0.0,0.5,0.5,93.6,
ERCOT,92.5,12,73,15,0,122,0.0,0.75,0.0,93.6,
ERCOT,92.5,12,73,15,0,122,0.0,0.75,0.5,93.6,
ERCOT,92.5,12,73,15,0,122,0.0,1.0,0.0,93.6,
ERCOT,92.5,12,73,15,0,122,0.0,1.0,0.5,93.6,
ERCOT,92.5,12,73,15,0,122,0.25,0.0,0.0,93.48,
ERCOT,92.5,12,73,15,0,122,0.25,0.0,0.5,93.48,
ERCOT,92.5,12,73,15,0,122,0.25,0.25,0.0,93.48,
ERCOT,92.5,12,73,15,0,122,0.25,0.25,0.5,93.48,
ERCOT,92.5,12,73,15,0,122,0.25,0.5,0.0,93.48,
ERCOT,92.5,12,73,15,0,122,0.25,0.5,0.5,93.48,
ERCOT,92.5,12,73,15,0,122,0.25,0.75,0.0,93.48,
ERCOT,92.5,12,73,15,0,122,0.25,0.75,0.5,93.48,
ERCOT,92.5,12,73,15,0,122,0.25,1.0,0.0,93.48,
ERCOT,92.5,12,73,15,0,122,0.25,1.0,0.5,93.48,
ERCOT,92.5,12,73,15,0,122,0.5,0.0,0.0,93.48,
ERCOT,92.5,12,73,15,0,122,0.5,0.0,0.5,93.48,
ERCOT,92.5,12,73,15,0,122,0.5,0.25,0.0,93.48,
ERCOT,92.5,12,73,15,0,122,0.5,0.25,0.5,93.48,
ERCOT,92.5,12,73,15,0,122,0.5,0.5,0.0,93.48,
ERCOT,92.5,12,73,15,0,122,0.5,0.5,0.5,93.48,
ERCOT,92.5,12,73,15,0,122,0.5,0.75,0.0,93.48,
ERCOT,92.5,12,73,15,0,122,0.5,0.75,0.5,93.48,
ERCOT,92.5,12,73,15,0,122,0.5,1.0,0.0,93.48,
ERCOT,92.5,12,73,15,0,122,0.5,1.0,0.5,93.48,
ERCOT,92.5,12,74,14,0,227,0.0,0.0,1.0,93.06,
ERCOT,92.5,12,74,14,0,187,0.0,0.0,1.5,92.75,
ERCOT,92.5,12,74,14,0,162,0.0,0.0,2.0,93.41,
ERCOT,92.5,12,74,14,0,147,0.0,0.0,2.5,93.25,
ERCOT,92.5,12,74,14,0,127,0.0,0.25,0.0,92.89,
ERCOT,92.5,12,74,14,0,122,0.0,0.25,0.5,92.63,
ERCOT,92.5,12,74,14,0,122,0.0,0.25,1.0,93.5,
ERCOT,92.5,12,74,14,0,122,0.0,0.5,0.0,93.39,
ERCOT,92.5,12,74,14,0,122,0.0,0.5,0.5,93.39,
ERCOT,92.5,12,74,14,0,122,0.0,0.75,0.0,93.39,
ERCOT,92.5,12,74,14,0,122,0.0,0.75,0.5,93.39,
ERCOT,92.5,12,74,14,0,122,0.0,1.0,0.0,93.39,
ERCOT,92.5,12,74,14,0,122,0.0,1.0,0.5,93.39,
ERCOT,92.5,12,74,14,0,122,0.25,0.0,0.0,93.26,
ERCOT,92.5,12,74,14,0,122,0.25,0.0,0.5,93.26,
ERCOT,92.5,12,74,14,0,122,0.25,0.25,0.0,93.26,
ERCOT,92.5,12,74,14,0,122,0.25,0.25,0.5,93.26,
ERCOT,92.5,12,74,14,0,122,0.25,0.5,0.0,93.26,
ERCOT,92.5,12,74,14,0,122,0.25,0.5,0.5,93.26,
ERCOT,92.5,12,74,14,0,122,0.25,0.75,0.0,93.26,
ERCOT,92.5,12,74,14,0,122,0.25,0.75,0.5,93.26,
ERCOT,92.5,12,74,14,0,122,0.25,1.0,0.0,93.26,
ERCOT,92.5,12,74,14,0,122,0.25,1.0,0.5,93.26,
ERCOT,92.5,12,74,14,0,122,0.5,0.0,0.0,93.26,
ERCOT,92.5,12,74,14,0,122,0.5,0.0,0.5,93.26,
ERCOT,92.5,12,74,14,0,122,0.5,0.25,0.0,93.26,
ERCOT,92.5,12,74,14,0,122,0.5,0.25,0.5,93.26,
ERCOT,92.5,12,74,14,0,122,0.5,0.5,0.0,93.26,
ERCOT,92.5,12,74,14,0,122,0.5,0.5,0.5,93.26,
ERCOT,92.5,12,74,14,0,122,0.5,0.75,0.0,93.26,
ERCOT,92.5,12,74,14,0,122,0.5,0.75,0.5,93.26,
ERCOT,92.5,12,74,14,0,122,0.5,1.0,0.0,93.26,
ERCOT,92.5,12,74,14,0,122,0.5,1.0,0.5,93.26,
ERCOT,92.5,12,75,13,0,232,0.0,0.0,1.0,92.5,
ERCOT,92.5,12,75,13,0,197,0.0,0.0,1.5,93.2,
ERCOT,92.5,12,75,13,0,162,0.0,0.0,2.0,92.61,
ERCOT,92.5,12,75,13,0,147,0.0,0.0,2.5,92.64,
ERCOT,92.5,12,75,13,0,132,0.0,0.25,0.0,93.59,
ERCOT,92.5,12,75,13,0,127,0.0,0.25,0.5,93.54,
ERCOT,92.5,12,75,13,0,122,0.0,0.25,1.0,93.13,
ERCOT,92.5,12,75,13,0,122,0.0,0.25,1.5,93.82,
ERCOT,92.5,12,75,13,0,122,0.0,0.5,0.0,93.17,
ERCOT,92.5,12,75,13,0,122,0.0,0.5,0.5,93.17,
ERCOT,92.5,12,75,13,0,122,0.0,0.75,0.0,93.17,
ERCOT,92.5,12,75,13,0,122,0.0,0.75,0.5,93.17,
ERCOT,92.5,12,75,13,0,122,0.0,1.0,0.0,93.17,
ERCOT,92.5,12,75,13,0,122,0.0,1.0,0.5,93.17,
ERCOT,92.5,12,75,13,0,122,0.25,0.0,0.0,93.03,
ERCOT,92.5,12,75,13,0,122,0.25,0.0,0.5,93.03,
ERCOT,92.5,12,75,13,0,122,0.25,0.25,0.0,93.03,
ERCOT,92.5,12,75,13,0,122,0.25,0.25,0.5,93.03,
ERCOT,92.5,12,75,13,0,122,0.25,0.5,0.0,93.03,
ERCOT,92.5,12,75,13,0,122,0.25,0.5,0.5,93.03,
ERCOT,92.5,12,75,13,0,122,0.25,0.75,0.0,93.03,
ERCOT,92.5,12,75,13,0,122,0.25,0.75,0.5,93.03,
ERCOT,92.5,12,75,13,0,122,0.25,1.0,0.0,93.03,
ERCOT,92.5,12,75,13,0,122,0.25,1.0,0.5,93.03,
ERCOT,92.5,12,75,13,0,122,0.5,0.0,0.0,93.03,
ERCOT,92.5,12,75,13,0,122,0.5,0.0,0.5,93.03,
ERCOT,92.5,12,75,13,0,122,0.5,0.25,0.0,93.03,
ERCOT,92.5,12,75,13,0,122,0.5,0.25,0.5,93.03,
ERCOT,92.5,12,75,13,0,122,0.5,0.5,0.0,93.03,
ERCOT,92.5,12,75,13,0,122,0.5,0.5,0.5,93.03,
ERCOT,92.5,12,75,13,0,122,0.5,0.75,0.0,93.03,
ERCOT,92.5,12,75,13,0,122,0.5,0.75,0.5,93.03,
ERCOT,92.5,12,75,13,0,122,0.5,1.0,0.0,93.03,
ERCOT,92.5,12,75,13,0,122,0.5,1.0,0.5,93.03,
ERCOT,92.5,13,71,16,0,242,0.0,0.0,0.5,92.92,
ERCOT,92.5,13,71,16,0,202,0.0,0.0,1.0,92.65,
ERCOT,92.5,13,71,16,0,172,0.0,0.0,1.5,93.08,
ERCOT,92.5,13,71,16,0,147,0.0,0.0,2.0,92.53,
ERCOT,92.5,13,71,16,0,142,0.0,0.0,2.5,93.48,
ERCOT,92.5,13,71,16,0,122,0.0,0.25,0.0,93.01,
ERCOT,92.5,13,71,16,0,122,0.0,0.25,0.5,93.79,
ERCOT,92.5,13,71,16,0,122,0.0,0.5,0.0,94.01,
ERCOT,92.5,13,71,16,0,122,0.0,0.5,0.5,94.01,
ERCOT,92.5,13,71,16,0,122,0.0,0.75,0.0,94.01,
ERCOT,92.5,13,71,16,0,122,0.0,0.75,0.5,94.01,
ERCOT,92.5,13,71,16,0,122,0.0,1.0,0.0,94.01,
ERCOT,92.5,13,71,16,0,122,0.0,1.0,0.5,94.01,
ERCOT,92.5,13,71,16,0,122,0.25,0.0,0.0,93.91,
ERCOT,92.5,13,71,16,0,122,0.25,0.0,0.5,93.91,
ERCOT,92.5,13,71,16,0,122,0.25,0.25,0.0,93.91,
ERCOT,92.5,13,71,16,0,122,0.25,0.25,0.5,93.91,
ERCOT,92.5,13,71,16,0,122,0.25,0.5,0.0,93.91,
ERCOT,92.5,13,71,16,0,122,0.25,0.5,0.5,93.91,
ERCOT,92.5,13,71,16,0,122,0.25,0.75,0.0,93.91,
ERCOT,92.5,13,71,16,0,122,0.25,0.75,0.5,93.91,
ERCOT,92.5,13,71,16,0,122,0.25,1.0,0.0,93.91,
ERCOT,92.5,13,71,16,0,122,0.25,1.0,0.5,93.91,
ERCOT,92.5,13,71,16,0,122,0.5,0.0,0.0,93.91,
ERCOT,92.5,13,71,16,0,122,0.5,0.0,0.5,93.91,
ERCOT,92.5,13,71,16,0,122,0.5,0.25,0.0,93.91,
ERCOT,92.5,13,71,16,0,122,0.5,0.25,0.5,93.91,
ERCOT,92.5,13,71,16,0,122,0.5,0.5,0.0,93.91,
ERCOT,92.5,13,71,16,0,122,0.5,0.5,0.5,93.91,
ERCOT,92.5,13,71,16,0,122,0.5,0.75,0.0,93.91,
ERCOT,92.5,13,71,16,0,122,0.5,0.75,0.5,93.91,
ERCOT,92.5,13,71,16,0,122,0.5,1.0,0.0,93.91,
ERCOT,92.5,13,71,16,0,122,0.5,1.0,0.5,93.91,
ERCOT,92.5,13,72,15,0,250,0.0,0.0,0.5,92.81,
ERCOT,92.5,13,72,15,0,212,0.0,0.0,1.0,93.1,
ERCOT,92.5,13,72,15,0,177,0.0,0.0,1.5,93.0,
ERCOT,92.5,13,72,15,0,152,0.0,0.0,2.0,92.91,
ERCOT,92.5,13,72,15,0,142,0.0,0.0,2.5,92.95,
ERCOT,92.5,13,72,15,0,122,0.0,0.25,0.0,92.56,
ERCOT,92.5,13,72,15,0,122,0.0,0.25,0.5,93.42,
ERCOT,92.5,13,72,15,0,122,0.0,0.5,0.0,93.8,
ERCOT,92.5,13,72,15,0,122,0.0,0.5,0.5,93.8,
ERCOT,92.5,13,72,15,0,122,0.0,0.75,0.0,93.8,
ERCOT,92.5,13,72,15,0,122,0.0,0.75,0.5,93.8,
ERCOT,92.5,13,72,15,0,122,0.0,1.0,0.0,93.8,
ERCOT,92.5,13,72,15,0,122,0.0,1.0,0.5,93.8,
ERCOT,92.5,13,72,15,0,122,0.25,0.0,0.0,93.69,
ERCOT,92.5,13,72,15,0,122,0.25,0.0,0.5,93.69,
ERCOT,92.5,13,72,15,0,122,0.25,0.25,0.0,93.69,
ERCOT,92.5,13,72,15,0,122,0.25,0.25,0.5,93.69,
ERCOT,92.5,13,72,15,0,122,0.25,0.5,0.0,93.69,
ERCOT,92.5,13,72,15,0,122,0.25,0.5,0.5,93.69,
ERCOT,92.5,13,72,15,0,122,0.25,0.75,0.0,93.69,
ERCOT,92.5,13,72,15,0,122,0.25,0.75,0.5,93.69,
ERCOT,92.5,13,72,15,0,122,0.25,1.0,0.0,93.69,
ERCOT,92.5,13,72,15,0,122,0.25,1.0,0.5,93.69,
ERCOT,92.5,13,72,15,0,122,0.5,0.0,0.0,93.69,
ERCOT,92.5,13,72,15,0,122,0.5,0.0,0.5,93.69,
ERCOT,92.5,13,72,15,0,122,0.5,0.25,0.0,93.69,
ERCOT,92.5,13,72,15,0,122,0.5,0.25,0.5,93.69,
ERCOT,92.5,13,72,15,0,122,0.5,0.5,0.0,93.69,
ERCOT,92.5,13,72,15,0,122,0.5,0.5,0.5,93.69,
ERCOT,92.5,13,72,15,0,122,0.5,0.75,0.0,93.69,
ERCOT,92.5,13,72,15,0,122,0.5,0.75,0.5,93.69,
ERCOT,92.5,13,72,15,0,122,0.5,1.0,0.0,93.69,
ERCOT,92.5,13,72,15,0,122,0.5,1.0,0.5,93.69,
ERCOT,92.5,13,73,14,0,217,0.0,0.0,1.0,92.69,
ERCOT,92.5,13,73,14,0,182,0.0,0.0,1.5,92.86,
ERCOT,92.5,13,73,14,0,157,0.0,0.0,2.0,93.17,
ERCOT,92.5,13,73,14,0,147,0.0,0.0,2.5,93.78,
ERCOT,92.5,13,73,14,0,127,0.0,0.25,0.0,93.34,
ERCOT,92.5,13,73,14,0,122,0.0,0.25,0.5,93.02,
ERCOT,92.5,13,73,14,0,122,0.0,0.25,1.0,93.83,
ERCOT,92.5,13,73,14,0,122,0.0,0.5,0.0,93.59,
ERCOT,92.5,13,73,14,0,122,0.0,0.5,0.5,93.59,
ERCOT,92.5,13,73,14,0,122,0.0,0.75,0.0,93.59,
ERCOT,92.5,13,73,14,0,122,0.0,0.75,0.5,93.59,
ERCOT,92.5,13,73,14,0,122,0.0,1.0,0.0,93.59,
ERCOT,92.5,13,73,14,0,122,0.0,1.0,0.5,93.59,
ERCOT,92.5,13,73,14,0,122,0.25,0.0,0.0,93.47,
ERCOT,92.5,13,73,14,0,122,0.25,0.0,0.5,93.47,
ERCOT,92.5,13,73,14,0,122,0.25,0.25,0.0,93.47,
ERCOT,92.5,13,73,14,0,122,0.25,0.25,0.5,93.47,
ERCOT,92.5,13,73,14,0,122,0.25,0.5,0.0,93.47,
ERCOT,92.5,13,73,14,0,122,0.25,0.5,0.5,93.47,
ERCOT,92.5,13,73,14,0,122,0.25,0.75,0.0,93.47,
ERCOT,92.5,13,73,14,0,122,0.25,0.75,0.5,93.47,
ERCOT,92.5,13,73,14,0,122,0.25,1.0,0.0,93.47,
ERCOT,92.5,13,73,14,0,122,0.25,1.0,0.5,93.47,
ERCOT,92.5,13,73,14,0,122,0.5,0.0,0.0,93.47,
ERCOT,92.5,13,73,14,0,122,0.5,0.0,0.5,93.47,
ERCOT,92.5,13,73,14,0,122,0.5,0.25,0.0,93.47,
ERCOT,92.5,13,73,14,0,122,0.5,0.25,0.5,93.47,
ERCOT,92.5,13,73,14,0,122,0.5,0.5,0.0,93.47,
ERCOT,92.5,13,73,14,0,122,0.5,0.5,0.5,93.47,
ERCOT,92.5,13,73,14,0,122,0.5,0.75,0.0,93.47,
ERCOT,92.5,13,73,14,0,122,0.5,0.75,0.5,93.47,
ERCOT,92.5,13,73,14,0,122,0.5,1.0,0.0,93.47,
ERCOT,92.5,13,73,14,0,122,0.5,1.0,0.5,93.47,
ERCOT,92.5,13,74,13,0,227,0.0,0.0,1.0,92.93,
ERCOT,92.5,13,74,13,0,187,0.0,0.0,1.5,92.64,
ERCOT,92.5,13,74,13,0,162,0.0,0.0,2.0,93.33,
ERCOT,92.5,13,74,13,0,147,0.0,0.0,2.5,93.19,
ERCOT,92.5,13,74,13,0,127,0.0,0.25,0.0,92.85,
ERCOT,92.5,13,74,13,0,122,0.0,0.25,0.5,92.6,
ERCOT,92.5,13,74,13,0,122,0.0,0.25,1.0,93.48,
ERCOT,92.5,13,74,13,0,122,0.0,0.5,0.0,93.37,
ERCOT,92.5,13,74,13,0,122,0.0,0.5,0.5,93.37,
ERCOT,92.5,13,74,13,0,122,0.0,0.75,0.0,93.37,
ERCOT,92.5,13,74,13,0,122,0.0,0.75,0.5,93.37,
ERCOT,92.5,13,74,13,0,122,0.0,1.0,0.0,93.37,
ERCOT,92.5,13,74,13,0,122,0.0,1.0,0.5,93.37,
ERCOT,92.5,13,74,13,0,122,0.25,0.0,0.0,93.24,
ERCOT,92.5,13,74,13,0,122,0.25,0.0,0.5,93.24,
ERCOT,92.5,13,74,13,0,122,0.25,0.25,0.0,93.24,
ERCOT,92.5,13,74,13,0,122,0.25,0.25,0.5,93.24,
ERCOT,92.5,13,74,13,0,122,0.25,0.5,0.0,93.24,
ERCOT,92.5,13,74,13,0,122,0.25,0.5,0.5,93.24,
ERCOT,92.5,13,74,13,0,122,0.25,0.75,0.0,93.24,
ERCOT,92.5,13,74,13,0,122,0.25,0.75,0.5,93.24,
ERCOT,92.5,13,74,13,0,122,0.25,1.0,0.0,93.24,
ERCOT,92.5,13,74,13,0,122,0.25,1.0,0.5,93.24,
ERCOT,92.5,13,74,13,0,122,0.5,0.0,0.0,93.24,
ERCOT,92.5,13,74,13,0,122,0.5,0.0,0.5,93.24,
ERCOT,92.5,13,74,13,0,122,0.5,0.25,0.0,93.24,
ERCOT,92.5,13,74,13,0,122,0.5,0.25,0.5,93.24,
ERCOT,92.5,13,74,13,0,122,0.5,0.5,0.0,93.24,
ERCOT,92.5,13,74,13,0,122,0.5,0.5,0.5,93.24,
ERCOT,92.5,13,74,13,0,122,0.5,0.75,0.0,93.24,
ERCOT,92.5,13,74,13,0,122,0.5,0.75,0.5,93.24,
ERCOT,92.5,13,74,13,0,122,0.5,1.0,0.0,93.24,
ERCOT,92.5,13,74,13,0,122,0.5,1.0,0.5,93.24,
ERCOT,92.5,13,75,12,0,237,0.0,0.0,1.0,93.05,
ERCOT,92.5,13,75,12,0,197,0.0,0.0,1.5,93.1,
ERCOT,92.5,13,75,12,0,162,0.0,0.0,2.0,92.52,
ERCOT,92.5,13,75,12,0,147,0.0,0.0,2.5,92.58,
ERCOT,92.5,13,75,12,0,132,0.0,0.25,0.0,93.55,
ERCOT,92.5,13,75,12,0,127,0.0,0.25,0.5,93.51,
ERCOT,92.5,13,75,12,0,122,0.0,0.25,1.0,93.1,
ERCOT,92.5,13,75,12,0,122,0.0,0.25,1.5,93.8,
ERCOT,92.5,13,75,12,0,122,0.0,0.5,0.0,93.15,
ERCOT,92.5,13,75,12,0,122,0.0,0.5,0.5,93.15,
ERCOT,92.5,13,75,12,0,122,0.0,0.75,0.0,93.15,
ERCOT,92.5,13,75,12,0,122,0.0,0.75,0.5,93.15,
ERCOT,92.5,13,75,12,0,122,0.0,1.0,0.0,93.15,
ERCOT,92.5,13,75,12,0,122,0.0,1.0,0.5,93.15,
ERCOT,92.5,13,75,12,0,122,0.25,0.0,0.0,93.0,
ERCOT,92.5,13,75,12,0,122,0.25,0.0,0.5,93.0,
ERCOT,92.5,13,75,12,0,122,0.25,0.25,0.0,93.0,
ERCOT,92.5,13,75,12,0,122,0.25,0.25,0.5,93.0,
ERCOT,92.5,13,75,12,0,122,0.25,0.5,0.0,93.0,
ERCOT,92.5,13,75,12,0,122,0.25,0.5,0.5,93.0,
ERCOT,92.5,13,75,12,0,122,0.25,0.75,0.0,93.0,
ERCOT,92.5,13,75,12,0,122,0.25,0.75,0.5,93.0,
ERCOT,92.5,13,75,12,0,122,0.25,1.0,0.0,93.0,
ERCOT,92.5,13,75,12,0,122,0.25,1.0,0.5,93.0,
ERCOT,92.5,13,75,12,0,122,0.5,0.0,0.0,93.0,
ERCOT,92.5,13,75,12,0,122,0.5,0.0,0.5,93.0,
ERCOT,92.5,13,75,12,0,122,0.5,0.25,0.0,93.0,
ERCOT,92.5,13,75,12,0,122,0.5,0.25,0.5,93.0,
ERCOT,92.5,13,75,12,0,122,0.5,0.5,0.0,93.0,
ERCOT,92.5,13,75,12,0,122,0.5,0.5,0.5,93.0,
ERCOT,92.5,13,75,12,0,122,0.5,0.75,0.0,93.0,
ERCOT,92.5,13,75,12,0,122,0.5,0.75,0.5,93.0,
ERCOT,92.5,13,75,12,0,122,0.5,1.0,0.0,93.0,
ERCOT,92.5,13,75,12,0,122,0.5,1.0,0.5,93.0,
ERCOT,92.5,14,71,15,0,242,0.0,0.0,0.5,92.8,
ERCOT,92.5,14,71,15,0,202,0.0,0.0,1.0,92.53,
ERCOT,92.5,14,71,15,0,172,0.0,0.0,1.5,92.99,
ERCOT,92.5,14,71,15,0,152,0.0,0.0,2.0,93.56,
ERCOT,92.5,14,71,15,0,142,0.0,0.0,2.5,93.43,
ERCOT,92.5,14,71,15,0,122,0.0,0.25,0.0,92.98,
ERCOT,92.5,14,71,15,0,122,0.0,0.25,0.5,93.77,
ERCOT,92.5,14,71,15,0,122,0.0,0.5,0.0,94.01,
ERCOT,92.5,14,71,15,0,122,0.0,0.5,0.5,94.01,
ERCOT,92.5,14,71,15,0,122,0.0,0.75,0.0,94.01,
ERCOT,92.5,14,71,15,0,122,0.0,0.75,0.5,94.01,
ERCOT,92.5,14,71,15,0,122,0.0,1.0,0.0,94.01,
ERCOT,92.5,14,71,15,0,122,0.0,1.0,0.5,94.01,
ERCOT,92.5,14,71,15,0,122,0.25,0.0,0.0,93.9,
ERCOT,92.5,14,71,15,0,122,0.25,0.0,0.5,93.9,
ERCOT,92.5,14,71,15,0,122,0.25,0.25,0.0,93.9,
ERCOT,92.5,14,71,15,0,122,0.25,0.25,0.5,93.9,
ERCOT,92.5,14,71,15,0,122,0.25,0.5,0.0,93.9,
ERCOT,92.5,14,71,15,0,122,0.25,0.5,0.5,93.9,
ERCOT,92.5,14,71,15,0,122,0.25,0.75,0.0,93.9,
ERCOT,92.5,14,71,15,0,122,0.25,0.75,0.5,93.9,
ERCOT,92.5,14,71,15,0,122,0.25,1.0,0.0,93.9,
ERCOT,92.5,14,71,15,0,122,0.25,1.0,0.5,93.9,
ERCOT,92.5,14,71,15,0,122,0.5,0.0,0.0,93.9,
ERCOT,92.5,14,71,15,0,122,0.5,0.0,0.5,93.9,
ERCOT,92.5,14,71,15,0,122,0.5,0.25,0.0,93.9,
ERCOT,92.5,14,71,15,0,122,0.5,0.25,0.5,93.9,
ERCOT,92.5,14,71,15,0,122,0.5,0.5,0.0,93.9,
ERCOT,92.5,14,71,15,0,122,0.5,0.5,0.5,93.9,
ERCOT,92.5,14,71,15,0,122,0.5,0.75,0.0,93.9,
ERCOT,92.5,14,71,15,0,122,0.5,0.75,0.5,93.9,
ERCOT,92.5,14,71,15,0,122,0.5,1.0,0.0,93.9,
ERCOT,92.5,14,71,15,0,122,0.5,1.0,0.5,93.9,
ERCOT,92.5,14,72,14,0,250,0.0,0.0,0.5,92.67,
ERCOT,92.5,14,72,14,0,212,0.0,0.0,1.0,92.98,
ERCOT,92.5,14,72,14,0,177,0.0,0.0,1.5,92.91,
ERCOT,92.5,14,72,14,0,152,0.0,0.0,2.0,92.83,
ERCOT,92.5,14,72,14,0,142,0.0,0.0,2.5,92.89,
ERCOT,92.5,14,72,14,0,122,0.0,0.25,0.0,92.52,
ERCOT,92.5,14,72,14,0,122,0.0,0.25,0.5,93.39,
ERCOT,92.5,14,72,14,0,122,0.0,0.5,0.0,93.79,
ERCOT,92.5,14,72,14,0,122,0.0,0.5,0.5,93.79,
ERCOT,92.5,14,72,14,0,122,0.0,0.75,0.0,93.79,
ERCOT,92.5,14,72,14,0,122,0.0,0.75,0.5,93.79,
ERCOT,92.5,14,72,14,0,122,0.0,1.0,0.0,93.79,
ERCOT,92.5,14,72,14,0,122,0.0,1.0,0.5,93.79,
ERCOT,92.5,14,72,14,0,122,0.25,0.0,0.0,93.68,
ERCOT,92.5,14,72,14,0,122,0.25,0.0,0.5,93.68,
ERCOT,92.5,14,72,14,0,122,0.25,0.25,0.0,93.68,
ERCOT,92.5,14,72,14,0,122,0.25,0.25,0.5,93.68,
ERCOT,92.5,14,72,14,0,122,0.25,0.5,0.0,93.68,
ERCOT,92.5,14,72,14,0,122,0.25,0.5,0.5,93.68,
ERCOT,92.5,14,72,14,0,122,0.25,0.75,0.0,93.68,
ERCOT,92.5,14,72,14,0,122,0.25,0.75,0.5,93.68,
ERCOT,92.5,14,72,14,0,122,0.25,1.0,0.0,93.68,
ERCOT,92.5,14,72,14,0,122,0.25,1.0,0.5,93.68,
ERCOT,92.5,14,72,14,0,122,0.5,0.0,0.0,93.68,
ERCOT,92.5,14,72,14,0,122,0.5,0.0,0.5,93.68,
ERCOT,92.5,14,72,14,0,122,0.5,0.25,0.0,93.68,
ERCOT,92.5,14,72,14,0,122,0.5,0.25,0.5,93.68,
ERCOT,92.5,14,72,14,0,122,0.5,0.5,0.0,93.68,
ERCOT,92.5,14,72,14,0,122,0.5,0.5,0.5,93.68,
ERCOT,92.5,14,72,14,0,122,0.5,0.75,0.0,93.68,
ERCOT,92.5,14,72,14,0,122,0.5,0.75,0.5,93.68,
ERCOT,92.5,14,72,14,0,122,0.5,1.0,0.0,93.68,
ERCOT,92.5,14,72,14,0,122,0.5,1.0,0.5,93.68,
ERCOT,92.5,14,73,13,0,217,0.0,0.0,1.0,92.56,
ERCOT,92.5,14,73,13,0,182,0.0,0.0,1.5,92.75,
ERCOT,92.5,14,73,13,0,157,0.0,0.0,2.0,93.09,
ERCOT,92.5,14,73,13,0,147,0.0,0.0,2.5,93.72,
ERCOT,92.5,14,73,13,0,127,0.0,0.25,0.0,93.31,
ERCOT,92.5,14,73,13,0,122,0.0,0.25,0.5,92.99,
ERCOT,92.5,14,73,13,0,122,0.0,0.25,1.0,93.81,
ERCOT,92.5,14,73,13,0,122,0.0,0.5,0.0,93.58,
ERCOT,92.5,14,73,13,0,122,0.0,0.5,0.5,93.58,
ERCOT,92.5,14,73,13,0,122,0.0,0.75,0.0,93.58,
ERCOT,92.5,14,73,13,0,122,0.0,0.75,0.5,93.58,
ERCOT,92.5,14,73,13,0,122,0.0,1.0,0.0,93.58,
ERCOT,92.5,14,73,13,0,122,0.0,1.0,0.5,93.58,
ERCOT,92.5,14,73,13,0,122,0.25,0.0,0.0,93.45,
ERCOT,92.5,14,73,13,0,122,0.25,0.0,0.5,93.45,
ERCOT,92.5,14,73,13,0,122,0.25,0.25,0.0,93.45,
ERCOT,92.5,14,73,13,0,122,0.25,0.25,0.5,93.45,
ERCOT,92.5,14,73,13,0,122,0.25,0.5,0.0,93.45,
ERCOT,92.5,14,73,13,0,122,0.25,0.5,0.5,93.45,
ERCOT,92.5,14,73,13,0,122,0.25,0.75,0.0,93.45,
ERCOT,92.5,14,73,13,0,122,0.25,0.75,0.5,93.45,
ERCOT,92.5,14,73,13,0,122,0.25,1.0,0.0,93.45,
ERCOT,92.5,14,73,13,0,122,0.25,1.0,0.5,93.45,
ERCOT,92.5,14,73,13,0,122,0.5,0.0,0.0,93.45,
ERCOT,92.5,14,73,13,0,122,0.5,0.0,0.5,93.45,
ERCOT,92.5,14,73,13,0,122,0.5,0.25,0.0,93.45,
ERCOT,92.5,14,73,13,0,122,0.5,0.25,0.5,93.45,
ERCOT,92.5,14,73,13,0,122,0.5,0.5,0.0,93.45,
ERCOT,92.5,14,73,13,0,122,0.5,0.5,0.5,93.45,
ERCOT,92.5,14,73,13,0,122,0.5,0.75,0.0,93.45,
ERCOT,92.5,14,73,13,0,122,0.5,0.75,0.5,93.45,
ERCOT,92.5,14,73,13,0,122,0.5,1.0,0.0,93.45,
ERCOT,92.5,14,73,13,0,122,0.5,1.0,0.5,93.45,
ERCOT,92.5,14,74,12,0,227,0.0,0.0,1.0,92.8,
ERCOT,92.5,14,74,12,0,187,0.0,0.0,1.5,92.54,
ERCOT,92.5,14,74,12,0,162,0.0,0.0,2.0,93.24,
ERCOT,92.5,14,74,12,0,147,0.0,0.0,2.5,93.12,
ERCOT,92.5,14,74,12,0,127,0.0,0.25,0.0,92.82,
ERCOT,92.5,14,74,12,0,122,0.0,0.25,0.5,92.57,
ERCOT,92.5,14,74,12,0,122,0.0,0.25,1.0,93.45,
ERCOT,92.5,14,74,12,0,122,0.0,0.5,0.0,93.36,
ERCOT,92.5,14,74,12,0,122,0.0,0.5,0.5,93.36,
ERCOT,92.5,14,74,12,0,122,0.0,0.75,0.0,93.36,
ERCOT,92.5,14,74,12,0,122,0.0,0.75,0.5,93.36,
ERCOT,92.5,14,74,12,0,122,0.0,1.0,0.0,93.36,
ERCOT,92.5,14,74,12,0,122,0.0,1.0,0.5,93.36,
ERCOT,92.5,14,74,12,0,122,0.25,0.0,0.0,93.21,
ERCOT,92.5,14,74,12,0,122,0.25,0.0,0.5,93.21,
ERCOT,92.5,14,74,12,0,122,0.25,0.25,0.0,93.21,
ERCOT,92.5,14,74,12,0,122,0.25,0.25,0.5,93.21,
ERCOT,92.5,14,74,12,0,122,0.25,0.5,0.0,93.21,
ERCOT,92.5,14,74,12,0,122,0.25,0.5,0.5,93.21,
ERCOT,92.5,14,74,12,0,122,0.25,0.75,0.0,93.21,
ERCOT,92.5,14,74,12,0,122,0.25,0.75,0.5,93.21,
ERCOT,92.5,14,74,12,0,122,0.25,1.0,0.0,93.21,
ERCOT,92.5,14,74,12,0,122,0.25,1.0,0.5,93.21,
ERCOT,92.5,14,74,12,0,122,0.5,0.0,0.0,93.21,
ERCOT,92.5,14,74,12,0,122,0.5,0.0,0.5,93.21,
ERCOT,92.5,14,74,12,0,122,0.5,0.25,0.0,93.21,
ERCOT,92.5,14,74,12,0,122,0.5,0.25,0.5,93.21,
ERCOT,92.5,14,74,12,0,122,0.5,0.5,0.0,93.21,
ERCOT,92.5,14,74,12,0,122,0.5,0.5,0.5,93.21,
ERCOT,92.5,14,74,12,0,122,0.5,0.75,0.0,93.21,
ERCOT,92.5,14,74,12,0,122,0.5,0.75,0.5,93.21,
ERCOT,92.5,14,74,12,0,122,0.5,1.0,0.0,93.21,
ERCOT,92.5,14,74,12,0,122,0.5,1.0,0.5,93.21,
ERCOT,92.5,14,75,11,0,237,0.0,0.0,1.0,92.91,
ERCOT,92.5,14,75,11,0,197,0.0,0.0,1.5,92.99,
ERCOT,92.5,14,75,11,0,167,0.0,0.0,2.0,93.29,
ERCOT,92.5,14,75,11,0,147,0.0,0.0,2.5,92.51,
ERCOT,92.5,14,75,11,0,132,0.0,0.25,0.0,93.51,
ERCOT,92.5,14,75,11,0,127,0.0,0.25,0.5,93.47,
ERCOT,92.5,14,75,11,0,122,0.0,0.25,1.0,93.07,
ERCOT,92.5,14,75,11,0,122,0.0,0.25,1.5,93.76,
ERCOT,92.5,14,75,11,0,122,0.0,0.5,0.0,93.13,
ERCOT,92.5,14,75,11,0,122,0.0,0.5,0.5,93.13,
ERCOT,92.5,14,75,11,0,122,0.0,0.75,0.0,93.13,
ERCOT,92.5,14,75,11,0,122,0.0,0.75,0.5,93.13,
ERCOT,92.5,14,75,11,0,122,0.0,1.0,0.0,93.13,
ERCOT,92.5,14,75,11,0,122,0.0,1.0,0.5,93.13,
ERCOT,92.5,14,75,11,0,122,0.25,0.0,0.0,92.98,
ERCOT,92.5,14,75,11,0,122,0.25,0.0,0.5,92.98,
ERCOT,92.5,14,75,11,0,122,0.25,0.25,0.0,92.98,
ERCOT,92.5,14,75,11,0,122,0.25,0.25,0.5,92.98,
ERCOT,92.5,14,75,11,0,122,0.25,0.5,0.0,92.98,
ERCOT,92.5,14,75,11,0,122,0.25,0.5,0.5,92.98,
ERCOT,92.5,14,75,11,0,122,0.25,0.75,0.0,92.98,
ERCOT,92.5,14,75,11,0,122,0.25,0.75,0.5,92.98,
ERCOT,92.5,14,75,11,0,122,0.25,1.0,0.0,92.98,
ERCOT,92.5,14,75,11,0,122,0.25,1.0,0.5,92.98,
ERCOT,92.5,14,75,11,0,122,0.5,0.0,0.0,92.98,
ERCOT,92.5,14,75,11,0,122,0.5,0.0,0.5,92.98,
ERCOT,92.5,14,75,11,0,122,0.5,0.25,0.0,92.98,
ERCOT,92.5,14,75,11,0,122,0.5,0.25,0.5,92.98,
ERCOT,92.5,14,75,11,0,122,0.5,0.5,0.0,92.98,
ERCOT,92.5,14,75,11,0,122,0.5,0.5,0.5,92.98,
ERCOT,92.5,14,75,11,0,122,0.5,0.75,0.0,92.98,
ERCOT,92.5,14,75,11,0,122,0.5,0.75,0.5,92.98,
ERCOT,92.5,14,75,11,0,122,0.5,1.0,0.0,92.98,
ERCOT,92.5,14,75,11,0,122,0.5,1.0,0.5,92.98,
ERCOT,92.5,21,0,79,0,132,0.0,0.0,0.0,92.91,
ERCOT,92.5,22,0,78,0,132,0.0,0.0,0.0,93.0,
ERCOT,92.5,23,0,77,0,132,0.0,0.0,0.0,93.08,
ERCOT,92.5,24,0,76,0,132,0.0,0.0,0.0,93.17,
ERCOT,92.5,26,0,74,0,132,0.0,0.0,0.0,93.35,
ERCOT,92.5,27,0,73,0,127,0.0,0.0,0.0,92.55,
ERCOT,92.5,28,0,72,0,127,0.0,0.0,0.0,92.64,
ERCOT,92.5,29,0,71,0,127,0.0,0.0,0.0,92.72,
ERCOT,92.5,6,15,79,0,117,0.0,0.0,0.0,92.51,
ERCOT,92.5,7,14,79,0,122,0.0,0.0,0.0,93.75,
ERCOT,92.5,7,15,78,0,117,0.0,0.0,0.0,92.59,
ERCOT,92.5,8,13,79,0,122,0.0,0.0,0.0,93.68,
ERCOT,92.5,8,14,78,0,117,0.0,0.0,0.0,92.55,
ERCOT,92.5,8,15,77,0,117,0.0,0.0,0.0,92.67,
ERCOT,92.5,9,12,79,0,122,0.0,0.0,0.0,93.59,
ERCOT,92.5,9,13,78,0,122,0.0,0.0,0.0,93.76,
ERCOT,92.5,9,14,77,0,117,0.0,0.0,0.0,92.63,
ERCOT,92.5,9,15,76,0,117,0.0,0.0,0.0,92.75,
ERCOT,92.5,10,11,79,0,122,0.0,0.0,0.0,93.48,
ERCOT,92.5,10,12,78,0,122,0.0,0.0,0.0,93.68,
ERCOT,92.5,10,13,77,0,117,0.0,0.0,0.0,92.57,
ERCOT,92.5,10,14,76,0,117,0.0,0.0,0.0,92.72,
ERCOT,92.5,10,16,74,0,117,0.0,0.0,0.0,92.92,
ERCOT,92.5,10,17,73,0,117,0.0,0.0,0.0,92.98,
ERCOT,92.5,10,18,72,0,117,0.0,0.0,0.0,93.01,
ERCOT,92.5,10,19,71,0,117,0.0,0.0,0.0,93.0,
ERCOT,92.5,11,11,78,0,122,0.0,0.0,0.0,93.57,
ERCOT,92.5,11,12,77,0,122,0.0,0.0,0.0,93.76,
ERCOT,92.5,11,13,76,0,117,0.0,0.0,0.0,92.66,
ERCOT,92.5,11,14,75,0,117,0.0,0.0,0.0,92.8,
ERCOT,92.5,11,15,74,0,117,0.0,0.0,0.0,92.91,
ERCOT,92.5,11,16,73,0,117,0.0,0.0,0.0,93.0,
ERCOT,92.5,11,17,72,0,117,0.0,0.0,0.0,93.06,
ERCOT,92.5,11,18,71,0,117,0.0,0.0,0.0,93.08,
ERCOT,92.5,12,11,77,0,122,0.0,0.0,0.0,93.65,
ERCOT,92.5,12,12,76,0,117,0.0,0.0,0.0,92.58,
ERCOT,92.5,12,13,75,0,117,0.0,0.0,0.0,92.74,
ERCOT,92.5,12,14,74,0,117,0.0,0.0,0.0,92.88,
ERCOT,92.5,12,15,73,0,117,0.0,0.0,0.0,92.99,
ERCOT,92.5,12,16,72,0,117,0.0,0.0,0.0,93.08,
ERCOT,92.5,12,17,71,0,117,0.0,0.0,0.0,93.13,
ERCOT,92.5,13,11,76,0,122,0.0,0.0,0.0,93.74,
ERCOT,92.5,13,12,75,0,117,0.0,0.0,0.0,92.66,
ERCOT,92.5,13,13,74,0,117,0.0,0.0,0.0,92.82,
ERCOT,92.5,13,14,73,0,117,0.0,0.0,0.0,92.96,
ERCOT,92.5,13,15,72,0,117,0.0,0.0,0.0,93.07,
ERCOT,92.5,13,16,71,0,117,0.0,0.0,0.0,93.15,
ERCOT,92.5,14,11,75,0,117,0.0,0.0,0.0,92.57,
ERCOT,92.5,14,12,74,0,117,0.0,0.0,0.0,92.75,
ERCOT,92.5,14,13,73,0,117,0.0,0.0,0.0,92.9,
ERCOT,92.5,14,14,72,0,117,0.0,0.0,0.0,93.04,
ERCOT,92.5,14,15,71,0,117,0.0,0.0,0.0,93.15,
ERCOT,92.5,0,56,44,0,197,0.0,0.0,0.0,92.69,
ERCOT,92.5,0,57,43,0,202,0.0,0.0,0.0,92.75,
ERCOT,92.5,0,58,42,0,207,0.0,0.0,0.0,92.79,
ERCOT,92.5,0,59,41,0,212,0.0,0.0,0.0,92.8,
ERCOT,92.5,0,61,39,0,222,0.0,0.0,0.0,92.74,
ERCOT,92.5,0,62,38,0,227,0.0,0.0,0.0,92.67,
ERCOT,92.5,0,63,37,0,232,0.0,0.0,0.0,92.57,
ERCOT,92.5,0,64,36,0,242,0.0,0.0,0.0,92.93,
ERCOT,92.5,1,56,43,0,197,0.0,0.0,0.0,92.72,
ERCOT,92.5,1,57,42,0,202,0.0,0.0,0.0,92.79,
ERCOT,92.5,1,58,41,0,207,0.0,0.0,0.0,92.83,
ERCOT,92.5,1,59,40,0,212,0.0,0.0,0.0,92.84,
ERCOT,92.5,1,60,39,0,217,0.0,0.0,0.0,92.82,
ERCOT,92.5,1,61,38,0,222,0.0,0.0,0.0,92.78,
ERCOT,92.5,1,62,37,0,227,0.0,0.0,0.0,92.71,
ERCOT,92.5,1,63,36,0,232,0.0,0.0,0.0,92.61,
ERCOT,92.5,2,56,42,0,197,0.0,0.0,0.0,92.76,
ERCOT,92.5,2,57,41,0,202,0.0,0.0,0.0,92.83,
ERCOT,92.5,2,58,40,0,207,0.0,0.0,0.0,92.87,
ERCOT,92.5,2,59,39,0,212,0.0,0.0,0.0,92.88,
ERCOT,92.5,2,60,38,0,217,0.0,0.0,0.0,92.86,
ERCOT,92.5,2,61,37,0,222,0.0,0.0,0.0,92.82,
ERCOT,92.5,2,62,36,0,227,0.0,0.0,0.0,92.75,
ERCOT,92.5,3,56,41,0,197,0.0,0.0,0.0,92.8,
ERCOT,92.5,3,57,40,0,202,0.0,0.0,0.0,92.87,
ERCOT,92.5,3,58,39,0,207,0.0,0.0,0.0,92.91,
ERCOT,92.5,3,59,38,0,212,0.0,0.0,0.0,92.92,
ERCOT,92.5,3,60,37,0,217,0.0,0.0,0.0,92.9,
ERCOT,92.5,3,61,36,0,222,0.0,0.0,0.0,92.86,
ERCOT,92.5,4,56,40,0,197,0.0,0.0,0.0,92.83,
ERCOT,92.5,4,57,39,0,202,0.0,0.0,0.0,92.9,
ERCOT,92.5,4,58,38,0,207,0.0,0.0,0.0,92.94,
ERCOT,92.5,4,59,37,0,212,0.0,0.0,0.0,92.96,
ERCOT,92.5,4,60,36,0,217,0.0,0.0,0.0,92.94,
ERCOT,92.5,10,86,4,0,207,0.0,0.0,2.5,92.88,
ERCOT,92.5,10,86,4,0,172,0.0,0.25,0.0,92.9,
ERCOT,92.5,10,86,4,0,152,0.0,0.25,0.5,93.16,
ERCOT,92.5,10,86,4,0,142,0.0,0.25,1.0,93.15,
ERCOT,92.5,10,86,4,0,137,0.0,0.25,1.5,93.51,
ERCOT,92.5,10,86,4,0,132,0.0,0.25,2.0,93.27,
ERCOT,92.5,10,86,4,0,127,0.0,0.25,2.5,92.64,
ERCOT,92.5,10,86,4,0,132,0.0,0.5,0.0,92.69,
ERCOT,92.5,10,86,4,0,132,0.0,0.5,0.5,92.71,
ERCOT,92.5,10,86,4,0,132,0.0,0.75,0.0,92.69,
ERCOT,92.5,10,86,4,0,132,0.0,0.75,0.5,92.69,
ERCOT,92.5,10,86,4,0,132,0.0,1.0,0.0,92.69,
ERCOT,92.5,10,86,4,0,132,0.0,1.0,0.5,92.69,
ERCOT,92.5,10,86,4,0,132,0.25,0.0,0.0,92.56,
ERCOT,92.5,10,86,4,0,132,0.25,0.0,0.5,92.59,
ERCOT,92.5,10,86,4,0,132,0.25,0.25,0.0,92.56,
ERCOT,92.5,10,86,4,0,132,0.25,0.25,0.5,92.56,
ERCOT,92.5,10,86,4,0,132,0.25,0.5,0.0,92.56,
ERCOT,92.5,10,86,4,0,132,0.25,0.5,0.5,92.56,
ERCOT,92.5,10,86,4,0,132,0.25,0.75,0.0,92.56,
ERCOT,92.5,10,86,4,0,132,0.25,0.75,0.5,92.56,
ERCOT,92.5,10,86,4,0,132,0.25,1.0,0.0,92.56,
ERCOT,92.5,10,86,4,0,132,0.25,1.0,0.5,92.56,
ERCOT,92.5,10,86,4,0,132,0.5,0.0,0.0,92.56,
ERCOT,92.5,10,86,4,0,132,0.5,0.0,0.5,92.56,
ERCOT,92.5,10,86,4,0,132,0.5,0.25,0.0,92.56,
ERCOT,92.5,10,86,4,0,132,0.5,0.25,0.5,92.56,
ERCOT,92.5,10,86,4,0,132,0.5,0.5,0.0,92.56,
ERCOT,92.5,10,86,4,0,132,0.5,0.5,0.5,92.56,
ERCOT,92.5,10,86,4,0,132,0.5,0.75,0.0,92.56,
ERCOT,92.5,10,86,4,0,132,0.5,0.75,0.5,92.56,
ERCOT,92.5,10,86,4,0,132,0.5,1.0,0.0,92.56,
ERCOT,92.5,10,86,4,0,132,0.5,1.0,0.5,92.56,
ERCOT,92.5,21,15,64,0,117,0.0,0.0,0.0,93.67,
ERCOT,92.5,21,16,63,0,117,0.0,0.0,0.0,93.72,
ERCOT,92.5,21,17,62,0,117,0.0,0.0,0.0,93.74,
ERCOT,92.5,21,18,61,0,117,0.0,0.0,0.0,93.72,
ERCOT,92.5,21,19,60,0,117,0.0,0.0,0.0,93.66,
ERCOT,92.5,22,14,64,0,117,0.0,0.0,0.0,93.66,
ERCOT,92.5,22,15,63,0,117,0.0,0.0,0.0,93.74,
ERCOT,92.5,22,16,62,0,117,0.0,0.0,0.0,93.79,
ERCOT,92.5,22,17,61,0,117,0.0,0.0,0.0,93.8,
ERCOT,92.5,22,18,60,0,117,0.0,0.0,0.0,93.78,
ERCOT,92.5,22,19,59,0,117,0.0,0.0,0.0,93.72,
ERCOT,92.5,23,13,64,0,117,0.0,0.0,0.0,93.62,
ERCOT,92.5,23,14,63,0,117,0.0,0.0,0.0,93.73,
ERCOT,92.5,23,15,62,0,117,0.0,0.0,0.0,93.81,
ERCOT,92.5,23,16,61,0,117,0.0,0.0,0.0,93.85,
ERCOT,92.5,23,17,60,0,117,0.0,0.0,0.0,93.86,
ERCOT,92.5,23,18,59,0,117,0.0,0.0,0.0,93.84,
ERCOT,92.5,23,19,58,0,117,0.0,0.0,0.0,93.77,
ERCOT,92.5,24,12,64,0,117,0.0,0.0,0.0,93.56,
ERCOT,92.5,24,13,63,0,117,0.0,0.0,0.0,93.7,
ERCOT,92.5,24,14,62,0,117,0.0,0.0,0.0,93.8,
ERCOT,92.5,24,15,61,0,117,0.0,0.0,0.0,93.88,
ERCOT,92.5,24,16,60,0,117,0.0,0.0,0.0,93.92,
ERCOT,92.5,24,17,59,0,117,0.0,0.0,0.0,93.93,
ERCOT,92.5,24,18,58,0,117,0.0,0.0,0.0,93.9,
ERCOT,92.5,24,19,57,0,117,0.0,0.0,0.0,93.83,
ERCOT,92.5,25,11,64,0,117,0.0,0.0,0.0,93.47,
ERCOT,92.5,25,12,63,0,117,0.0,0.0,0.0,93.64,
ERCOT,92.5,25,13,62,0,117,0.0,0.0,0.0,93.77,
ERCOT,92.5,25,14,61,0,117,0.0,0.0,0.0,93.88,
ERCOT,92.5,25,16,59,0,117,0.0,0.0,0.0,93.99,
ERCOT,92.5,25,17,58,0,117,0.0,0.0,0.0,93.99,
ERCOT,92.5,25,18,57,0,117,0.0,0.0,0.0,93.95,
ERCOT,92.5,25,19,56,0,117,0.0,0.0,0.0,93.88,
ERCOT,92.5,26,11,63,0,117,0.0,0.0,0.0,93.55,
ERCOT,92.5,26,12,62,0,117,0.0,0.0,0.0,93.71,
ERCOT,92.5,26,13,61,0,117,0.0,0.0,0.0,93.85,
ERCOT,92.5,26,14,60,0,117,0.0,0.0,0.0,93.95,
ERCOT,92.5,27,11,62,0,117,0.0,0.0,0.0,93.63,
ERCOT,92.5,27,12,61,0,117,0.0,0.0,0.0,93.79,
ERCOT,92.5,27,13,60,0,117,0.0,0.0,0.0,93.92,
ERCOT,92.5,28,11,61,0,117,0.0,0.0,0.0,93.71,
ERCOT,92.5,28,12,60,0,117,0.0,0.0,0.0,93.87,
ERCOT,92.5,29,11,60,0,117,0.0,0.0,0.0,93.79,
ERCOT,92.5,21,60,19,0,217,0.0,0.0,0.0,93.17,
ERCOT,92.5,21,61,18,0,222,0.0,0.0,0.0,93.09,
ERCOT,92.5,21,62,17,0,227,0.0,0.0,0.0,92.97,
ERCOT,92.5,21,63,16,0,232,0.0,0.0,0.0,92.8,
ERCOT,92.5,21,64,15,0,237,0.0,0.0,0.0,92.58,
ERCOT,92.5,22,59,19,0,212,0.0,0.0,0.0,93.19,
ERCOT,92.5,22,60,18,0,217,0.0,0.0,0.0,93.15,
ERCOT,92.5,22,61,17,0,222,0.0,0.0,0.0,93.06,
ERCOT,92.5,22,62,16,0,227,0.0,0.0,0.0,92.93,
ERCOT,92.5,22,63,15,0,232,0.0,0.0,0.0,92.76,
ERCOT,92.5,23,58,19,0,207,0.0,0.0,0.0,93.17,
ERCOT,92.5,23,59,18,0,212,0.0,0.0,0.0,93.17,
ERCOT,92.5,23,60,17,0,217,0.0,0.0,0.0,93.12,
ERCOT,92.5,23,61,16,0,222,0.0,0.0,0.0,93.03,
ERCOT,92.5,23,62,15,0,227,0.0,0.0,0.0,92.89,
ERCOT,92.5,24,57,19,0,202,0.0,0.0,0.0,93.12,
ERCOT,92.5,24,58,18,0,207,0.0,0.0,0.0,93.15,
ERCOT,92.5,24,59,17,0,212,0.0,0.0,0.0,93.14,
ERCOT,92.5,24,60,16,0,217,0.0,0.0,0.0,93.08,
ERCOT,92.5,24,61,15,0,222,0.0,0.0,0.0,92.98,
ERCOT,92.5,25,56,19,0,197,0.0,0.0,0.0,93.03,
ERCOT,92.5,25,57,18,0,202,0.0,0.0,0.0,93.09,
ERCOT,92.5,25,58,17,0,207,0.0,0.0,0.0,93.12,
ERCOT,92.5,25,59,16,0,212,0.0,0.0,0.0,93.1,
ERCOT,92.5,26,56,18,0,197,0.0,0.0,0.0,93.0,
ERCOT,92.5,26,57,17,0,202,0.0,0.0,0.0,93.06,
ERCOT,92.5,26,58,16,0,207,0.0,0.0,0.0,93.08,
ERCOT,92.5,26,59,15,0,212,0.0,0.0,0.0,93.06,
ERCOT,92.5,26,60,14,0,217,0.0,0.0,0.0,92.99,
ERCOT,92.5,27,56,17,0,197,0.0,0.0,0.0,92.96,
ERCOT,92.5,27,57,16,0,202,0.0,0.0,0.0,93.02,
ERCOT,92.5,27,58,15,0,207,0.0,0.0,0.0,93.04,
ERCOT,92.5,27,59,14,0,212,0.0,0.0,0.0,93.01,
ERCOT,92.5,27,60,13,0,217,0.0,0.0,0.0,92.93,
ERCOT,92.5,28,56,16,0,197,0.0,0.0,0.0,92.92,
ERCOT,92.5,28,57,15,0,202,0.0,0.0,0.0,92.97,
ERCOT,92.5,28,58,14,0,207,0.0,0.0,0.0,92.98,
ERCOT,92.5,28,59,13,0,212,0.0,0.0,0.0,92.95,
ERCOT,92.5,28,60,12,0,217,0.0,0.0,0.0,92.87,
ERCOT,92.5,29,56,15,0,197,0.0,0.0,0.0,92.87,
ERCOT,92.5,29,57,14,0,202,0.0,0.0,0.0,92.92,
ERCOT,92.5,29,58,13,0,207,0.0,0.0,0.0,92.93,
ERCOT,92.5,29,59,12,0,212,0.0,0.0,0.0,92.89,
ERCOT,92.5,29,60,11,0,217,0.0,0.0,0.0,92.8,
ERCOT,92.5,21,25,54,0,117,0.0,0.0,0.0,92.52,
ERCOT,92.5,21,26,53,0,122,0.0,0.0,0.0,93.45,
ERCOT,92.5,21,27,52,0,122,0.0,0.0,0.0,93.13,
ERCOT,92.5,21,28,51,0,122,0.0,0.0,0.0,92.79,
ERCOT,92.5,21,29,50,0,127,0.0,0.0,0.0,93.58,
ERCOT,92.5,22,24,54,0,117,0.0,0.0,0.0,92.83,
ERCOT,92.5,22,25,53,0,117,0.0,0.0,0.0,92.54,
ERCOT,92.5,22,26,52,0,122,0.0,0.0,0.0,93.47,
ERCOT,92.5,22,27,51,0,122,0.0,0.0,0.0,93.15,
ERCOT,92.5,22,28,50,0,122,0.0,0.0,0.0,92.81,
ERCOT,92.5,23,23,54,0,117,0.0,0.0,0.0,93.12,
ERCOT,92.5,23,24,53,0,117,0.0,0.0,0.0,92.86,
ERCOT,92.5,23,25,52,0,117,0.0,0.0,0.0,92.56,
ERCOT,92.5,23,26,51,0,122,0.0,0.0,0.0,93.5,
ERCOT,92.5,23,27,50,0,122,0.0,0.0,0.0,93.17,
ERCOT,92.5,24,22,54,0,117,0.0,0.0,0.0,93.38,
ERCOT,92.5,24,23,53,0,117,0.0,0.0,0.0,93.15,
ERCOT,92.5,24,24,52,0,117,0.0,0.0,0.0,92.88,
ERCOT,92.5,24,25,51,0,117,0.0,0.0,0.0,92.58,
ERCOT,92.5,24,26,50,0,122,0.0,0.0,0.0,93.52,
ERCOT,92.5,25,21,54,0,117,0.0,0.0,0.0,93.62,
ERCOT,92.5,25,22,53,0,117,0.0,0.0,0.0,93.42,
ERCOT,92.5,25,23,52,0,117,0.0,0.0,0.0,93.18,
ERCOT,92.5,25,24,51,0,117,0.0,0.0,0.0,92.91,
ERCOT,92.5,26,21,53,0,117,0.0,0.0,0.0,93.66,
ERCOT,92.5,26,22,52,0,117,0.0,0.0,0.0,93.45,
ERCOT,92.5,26,23,51,0,117,0.0,0.0,0.0,93.21,
ERCOT,92.5,26,24,50,0,117,0.0,0.0,0.0,92.93,
ERCOT,92.5,26,25,49,0,117,0.0,0.0,0.0,92.62,
ERCOT,92.5,27,21,52,0,117,0.0,0.0,0.0,93.69,
ERCOT,92.5,27,22,51,0,117,0.0,0.0,0.0,93.48,
ERCOT,92.5,27,23,50,0,117,0.0,0.0,0.0,93.24,
ERCOT,92.5,27,24,49,0,117,0.0,0.0,0.0,92.95,
ERCOT,92.5,27,25,48,0,117,0.0,0.0,0.0,92.63,
ERCOT,92.5,28,21,51,0,117,0.0,0.0,0.0,93.73,
ERCOT,92.5,28,22,50,0,117,0.0,0.0,0.0,93.52,
ERCOT,92.5,28,23,49,0,117,0.0,0.0,0.0,93.26,
ERCOT,92.5,28,24,48,0,117,0.0,0.0,0.0,92.97,
ERCOT,92.5,28,25,47,0,117,0.0,0.0,0.0,92.65,
ERCOT,92.5,29,21,50,0,117,0.0,0.0,0.0,93.77,
ERCOT,92.5,29,22,49,0,117,0.0,0.0,0.0,93.55,
ERCOT,92.5,29,23,48,0,117,0.0,0.0,0.0,93.29,
ERCOT,92.5,29,24,47,0,117,0.0,0.0,0.0,92.99,
ERCOT,92.5,29,25,46,0,117,0.0,0.0,0.0,92.66,
ERCOT,92.5,66,10,24,0,112,0.0,0.0,0.0,94.41,
ERCOT,92.5,66,11,23,0,112,0.0,0.0,0.0,94.46,
ERCOT,92.5,66,12,22,0,112,0.0,0.0,0.0,94.47,
ERCOT,92.5,66,13,21,0,112,0.0,0.0,0.0,94.42,
ERCOT,92.5,66,14,20,0,112,0.0,0.0,0.0,94.33,
ERCOT,92.5,67,9,24,0,112,0.0,0.0,0.0,94.35,
ERCOT,92.5,67,10,23,0,112,0.0,0.0,0.0,94.45,
ERCOT,92.5,67,11,22,0,112,0.0,0.0,0.0,94.5,
ERCOT,92.5,67,12,21,0,112,0.0,0.0,0.0,94.49,
ERCOT,92.5,67,13,20,0,112,0.0,0.0,0.0,94.44,
ERCOT,92.5,67,14,19,0,112,0.0,0.0,0.0,94.34,
ERCOT,92.5,68,8,24,0,112,0.0,0.0,0.0,94.27,
ERCOT,92.5,68,9,23,0,112,0.0,0.0,0.0,94.4,
ERCOT,92.5,68,10,22,0,107,0.0,0.0,0.0,92.51,
ERCOT,92.5,68,11,21,0,107,0.0,0.0,0.0,92.52,
ERCOT,92.5,68,12,20,0,112,0.0,0.0,0.0,94.52,
ERCOT,92.5,68,13,19,0,112,0.0,0.0,0.0,94.46,
ERCOT,92.5,68,14,18,0,112,0.0,0.0,0.0,94.35,
ERCOT,92.5,69,7,24,0,112,0.0,0.0,0.0,94.15,
ERCOT,92.5,69,8,23,0,112,0.0,0.0,0.0,94.31,
ERCOT,92.5,69,9,22,0,107,0.0,0.0,0.0,92.5,
ERCOT,92.5,69,10,21,0,107,0.0,0.0,0.0,92.54,
ERCOT,92.5,69,11,20,0,107,0.0,0.0,0.0,92.53,
ERCOT,92.5,69,12,19,0,112,0.0,0.0,0.0,94.54,
ERCOT,92.5,69,13,18,0,112,0.0,0.0,0.0,94.48,
ERCOT,92.5,69,14,17,0,112,0.0,0.0,0.0,94.35,
ERCOT,92.5,70,6,24,0,112,0.0,0.0,0.0,94.0,
ERCOT,92.5,70,7,23,0,112,0.0,0.0,0.0,94.2,
ERCOT,92.5,70,8,22,0,112,0.0,0.0,0.0,94.35,
ERCOT,92.5,70,9,21,0,107,0.0,0.0,0.0,92.53,
ERCOT,92.5,70,11,19,0,107,0.0,0.0,0.0,92.55,
ERCOT,92.5,70,12,18,0,112,0.0,0.0,0.0,94.56,
ERCOT,92.5,70,13,17,0,112,0.0,0.0,0.0,94.49,
ERCOT,92.5,70,14,16,0,112,0.0,0.0,0.0,94.36,
ERCOT,92.5,71,6,23,0,112,0.0,0.0,0.0,94.05,
ERCOT,92.5,71,7,22,0,112,0.0,0.0,0.0,94.24,
ERCOT,92.5,71,8,21,0,112,0.0,0.0,0.0,94.39,
ERCOT,92.5,71,9,20,0,107,0.0,0.0,0.0,92.56,
ERCOT,92.5,71,10,19,0,107,0.0,0.0,0.0,92.59,
ERCOT,92.5,71,11,18,0,107,0.0,0.0,0.0,92.57,
ERCOT,92.5,71,12,17,0,107,0.0,0.0,0.0,92.5,
ERCOT,92.5,71,13,16,0,112,0.0,0.0,0.0,94.5,
ERCOT,92.5,72,6,22,0,112,0.0,0.0,0.0,94.09,
ERCOT,92.5,72,7,21,0,112,0.0,0.0,0.0,94.28,
ERCOT,92.5,72,8,20,0,107,0.0,0.0,0.0,92.52,
ERCOT,92.5,72,9,19,0,107,0.0,0.0,0.0,92.59,
ERCOT,92.5,72,10,18,0,107,0.0,0.0,0.0,92.61,
ERCOT,92.5,72,11,17,0,107,0.0,0.0,0.0,92.58,
ERCOT,92.5,72,12,16,0,107,0.0,0.0,0.0,92.51,
ERCOT,92.5,73,6,21,0,112,0.0,0.0,0.0,94.14,
ERCOT,92.5,73,7,20,0,112,0.0,0.0,0.0,94.32,
ERCOT,92.5,73,8,19,0,107,0.0,0.0,0.0,92.55,
ERCOT,92.5,73,9,18,0,107,0.0,0.0,0.0,92.61,
ERCOT,92.5,73,10,17,0,107,0.0,0.0,0.0,92.62,
ERCOT,92.5,73,11,16,0,107,0.0,0.0,0.0,92.59,
ERCOT,92.5,74,6,20,0,112,0.0,0.0,0.0,94.18,
ERCOT,92.5,74,7,19,0,112,0.0,0.0,0.0,94.36,
ERCOT,92.5,74,8,18,0,107,0.0,0.0,0.0,92.58,
ERCOT,92.5,74,9,17,0,107,0.0,0.0,0.0,92.63,
ERCOT,92.5,74,10,16,0,107,0.0,0.0,0.0,92.64,
ERCOT,92.5,11,85,4,0,247,0.0,0.0,2.0,92.57,
ERCOT,92.5,11,85,4,0,197,0.0,0.0,2.5,92.79,
ERCOT,92.5,11,85,4,0,162,0.0,0.25,0.0,92.52,
ERCOT,92.5,11,85,4,0,147,0.0,0.25,0.5,92.86,
ERCOT,92.5,11,85,4,0,142,0.0,0.25,1.0,93.68,
ERCOT,92.5,11,85,4,0,132,0.0,0.25,1.5,92.65,
ERCOT,92.5,11,85,4,0,132,0.0,0.25,2.0,93.63,
ERCOT,92.5,11,85,4,0,132,0.0,0.5,0.0,92.92,
ERCOT,92.5,11,85,4,0,132,0.0,0.5,0.5,92.94,
ERCOT,92.5,11,85,4,0,132,0.0,0.75,0.0,92.92,
ERCOT,92.5,11,85,4,0,132,0.0,0.75,0.5,92.92,
ERCOT,92.5,11,85,4,0,132,0.0,1.0,0.0,92.92,
ERCOT,92.5,11,85,4,0,132,0.0,1.0,0.5,92.92,
ERCOT,92.5,11,85,4,0,132,0.25,0.0,0.0,92.8,
ERCOT,92.5,11,85,4,0,132,0.25,0.0,0.5,92.81,
ERCOT,92.5,11,85,4,0,132,0.25,0.25,0.0,92.8,
ERCOT,92.5,11,85,4,0,132,0.25,0.25,0.5,92.8,
ERCOT,92.5,11,85,4,0,132,0.25,0.5,0.0,92.8,
ERCOT,92.5,11,85,4,0,132,0.25,0.5,0.5,92.8,
ERCOT,92.5,11,85,4,0,132,0.25,0.75,0.0,92.8,
ERCOT,92.5,11,85,4,0,132,0.25,0.75,0.5,92.8,
ERCOT,92.5,11,85,4,0,132,0.25,1.0,0.0,92.8,
ERCOT,92.5,11,85,4,0,132,0.25,1.0,0.5,92.8,
ERCOT,92.5,11,85,4,0,132,0.5,0.0,0.0,92.8,
ERCOT,92.5,11,85,4,0,132,0.5,0.0,0.5,92.8,
ERCOT,92.5,11,85,4,0,132,0.5,0.25,0.0,92.8,
ERCOT,92.5,11,85,4,0,132,0.5,0.25,0.5,92.8,
ERCOT,92.5,11,85,4,0,132,0.5,0.5,0.0,92.8,
ERCOT,92.5,11,85,4,0,132,0.5,0.5,0.5,92.8,
ERCOT,92.5,11,85,4,0,132,0.5,0.75,0.0,92.8,
ERCOT,92.5,11,85,4,0,132,0.5,0.75,0.5,92.8,
ERCOT,92.5,11,85,4,0,132,0.5,1.0,0.0,92.8,
ERCOT,92.5,11,85,4,0,132,0.5,1.0,0.5,92.8,
ERCOT,92.5,12,84,4,0,237,0.0,0.0,2.0,92.81,
ERCOT,92.5,12,84,4,0,187,0.0,0.0,2.5,92.54,
ERCOT,92.5,12,84,4,0,157,0.0,0.25,0.0,92.62,
ERCOT,92.5,12,84,4,0,147,0.0,0.25,0.5,93.42,
ERCOT,92.5,12,84,4,0,137,0.0,0.25,1.0,92.96,
ERCOT,92.5,12,84,4,0,132,0.0,0.25,1.5,93.11,
ERCOT,92.5,12,84,4,0,127,0.0,0.25,2.0,92.68,
ERCOT,92.5,12,84,4,0,127,0.0,0.25,2.5,93.27,
ERCOT,92.5,12,84,4,0,132,0.0,0.5,0.0,93.15,
ERCOT,92.5,12,84,4,0,132,0.0,0.5,0.5,93.16,
ERCOT,92.5,12,84,4,0,132,0.0,0.75,0.0,93.15,
ERCOT,92.5,12,84,4,0,132,0.0,0.75,0.5,93.15,
ERCOT,92.5,12,84,4,0,132,0.0,1.0,0.0,93.15,
ERCOT,92.5,12,84,4,0,132,0.0,1.0,0.5,93.15,
ERCOT,92.5,12,84,4,0,132,0.25,0.0,0.0,93.03,
ERCOT,92.5,12,84,4,0,132,0.25,0.0,0.5,93.04,
ERCOT,92.5,12,84,4,0,132,0.25,0.25,0.0,93.03,
ERCOT,92.5,12,84,4,0,132,0.25,0.25,0.5,93.03,
ERCOT,92.5,12,84,4,0,132,0.25,0.5,0.0,93.03,
ERCOT,92.5,12,84,4,0,132,0.25,0.5,0.5,93.03,
ERCOT,92.5,12,84,4,0,132,0.25,0.75,0.0,93.03,
ERCOT,92.5,12,84,4,0,132,0.25,0.75,0.5,93.03,
ERCOT,92.5,12,84,4,0,132,0.25,1.0,0.0,93.03,
ERCOT,92.5,12,84,4,0,132,0.25,1.0,0.5,93.03,
ERCOT,92.5,12,84,4,0,132,0.5,0.0,0.0,93.03,
ERCOT,92.5,12,84,4,0,132,0.5,0.0,0.5,93.03,
ERCOT,92.5,12,84,4,0,132,0.5,0.25,0.0,93.03,
ERCOT,92.5,12,84,4,0,132,0.5,0.25,0.5,93.03,
ERCOT,92.5,12,84,4,0,132,0.5,0.5,0.0,93.03,
ERCOT,92.5,12,84,4,0,132,0.5,0.5,0.5,93.03,
ERCOT,92.5,12,84,4,0,132,0.5,0.75,0.0,93.03,
ERCOT,92.5,12,84,4,0,132,0.5,0.75,0.5,93.03,
ERCOT,92.5,12,84,4,0,132,0.5,1.0,0.0,93.03,
ERCOT,92.5,12,84,4,0,132,0.5,1.0,0.5,93.03,
ERCOT,92.5,12,85,3,0,250,0.0,0.0,2.0,92.69,
ERCOT,92.5,12,85,3,0,197,0.0,0.0,2.5,92.69,
ERCOT,92.5,12,85,3,0,167,0.0,0.25,0.0,93.06,
ERCOT,92.5,12,85,3,0,147,0.0,0.25,0.5,92.79,
ERCOT,92.5,12,85,3,0,142,0.0,0.25,1.0,93.62,
ERCOT,92.5,12,85,3,0,132,0.0,0.25,1.5,92.59,
ERCOT,92.5,12,85,3,0,132,0.0,0.25,2.0,93.59,
ERCOT,92.5,12,85,3,0,132,0.0,0.5,0.0,92.88,
ERCOT,92.5,12,85,3,0,132,0.0,0.5,0.5,92.9,
ERCOT,92.5,12,85,3,0,132,0.0,0.75,0.0,92.88,
ERCOT,92.5,12,85,3,0,132,0.0,0.75,0.5,92.88,
ERCOT,92.5,12,85,3,0,132,0.0,1.0,0.0,92.88,
ERCOT,92.5,12,85,3,0,132,0.0,1.0,0.5,92.88,
ERCOT,92.5,12,85,3,0,132,0.25,0.0,0.0,92.75,
ERCOT,92.5,12,85,3,0,132,0.25,0.0,0.5,92.77,
ERCOT,92.5,12,85,3,0,132,0.25,0.25,0.0,92.75,
ERCOT,92.5,12,85,3,0,132,0.25,0.25,0.5,92.75,
ERCOT,92.5,12,85,3,0,132,0.25,0.5,0.0,92.75,
ERCOT,92.5,12,85,3,0,132,0.25,0.5,0.5,92.75,
ERCOT,92.5,12,85,3,0,132,0.25,0.75,0.0,92.75,
ERCOT,92.5,12,85,3,0,132,0.25,0.75,0.5,92.75,
ERCOT,92.5,12,85,3,0,132,0.25,1.0,0.0,92.75,
ERCOT,92.5,12,85,3,0,132,0.25,1.0,0.5,92.75,
ERCOT,92.5,12,85,3,0,132,0.5,0.0,0.0,92.75,
ERCOT,92.5,12,85,3,0,132,0.5,0.0,0.5,92.75,
ERCOT,92.5,12,85,3,0,132,0.5,0.25,0.0,92.75,
ERCOT,92.5,12,85,3,0,132,0.5,0.25,0.5,92.75,
ERCOT,92.5,12,85,3,0,132,0.5,0.5,0.0,92.75,
ERCOT,92.5,12,85,3,0,132,0.5,0.5,0.5,92.75,
ERCOT,92.5,12,85,3,0,132,0.5,0.75,0.0,92.75,
ERCOT,92.5,12,85,3,0,132,0.5,0.75,0.5,92.75,
ERCOT,92.5,12,85,3,0,132,0.5,1.0,0.0,92.75,
ERCOT,92.5,12,85,3,0,132,0.5,1.0,0.5,92.75,
ERCOT,92.5,13,83,4,0,227,0.0,0.0,2.0,92.94,
ERCOT,92.5,13,83,4,0,182,0.0,0.0,2.5,92.74,
ERCOT,92.5,13,83,4,0,152,0.0,0.25,0.0,92.61,
ERCOT,92.5,13,83,4,0,142,0.0,0.25,0.5,92.93,
ERCOT,92.5,13,83,4,0,137,0.0,0.25,1.0,93.46,
ERCOT,92.5,13,83,4,0,132,0.0,0.25,1.5,93.51,
ERCOT,92.5,13,83,4,0,127,0.0,0.25,2.0,93.03,
ERCOT,92.5,13,83,4,0,127,0.0,0.25,2.5,93.58,
ERCOT,92.5,13,83,4,0,132,0.0,0.5,0.0,93.38,
ERCOT,92.5,13,83,4,0,132,0.0,0.5,0.5,93.38,
ERCOT,92.5,13,83,4,0,132,0.0,0.75,0.0,93.38,
ERCOT,92.5,13,83,4,0,132,0.0,0.75,0.5,93.38,
ERCOT,92.5,13,83,4,0,132,0.0,1.0,0.0,93.38,
ERCOT,92.5,13,83,4,0,132,0.0,1.0,0.5,93.38,
ERCOT,92.5,13,83,4,0,132,0.25,0.0,0.0,93.26,
ERCOT,92.5,13,83,4,0,132,0.25,0.0,0.5,93.28,
ERCOT,92.5,13,83,4,0,132,0.25,0.25,0.0,93.26,
ERCOT,92.5,13,83,4,0,132,0.25,0.25,0.5,93.26,
ERCOT,92.5,13,83,4,0,132,0.25,0.5,0.0,93.26,
ERCOT,92.5,13,83,4,0,132,0.25,0.5,0.5,93.26,
ERCOT,92.5,13,83,4,0,132,0.25,0.75,0.0,93.26,
ERCOT,92.5,13,83,4,0,132,0.25,0.75,0.5,93.26,
ERCOT,92.5,13,83,4,0,132,0.25,1.0,0.0,93.26,
ERCOT,92.5,13,83,4,0,132,0.25,1.0,0.5,93.26,
ERCOT,92.5,13,83,4,0,132,0.5,0.0,0.0,93.26,
ERCOT,92.5,13,83,4,0,132,0.5,0.0,0.5,93.26,
ERCOT,92.5,13,83,4,0,132,0.5,0.25,0.0,93.26,
ERCOT,92.5,13,83,4,0,132,0.5,0.25,0.5,93.26,
ERCOT,92.5,13,83,4,0,132,0.5,0.5,0.0,93.26,
ERCOT,92.5,13,83,4,0,132,0.5,0.5,0.5,93.26,
ERCOT,92.5,13,83,4,0,132,0.5,0.75,0.0,93.26,
ERCOT,92.5,13,83,4,0,132,0.5,0.75,0.5,93.26,
ERCOT,92.5,13,83,4,0,132,0.5,1.0,0.0,93.26,
ERCOT,92.5,13,83,4,0,132,0.5,1.0,0.5,93.26,
ERCOT,92.5,13,84,3,0,237,0.0,0.0,2.0,92.68,
ERCOT,92.5,13,84,3,0,192,0.0,0.0,2.5,93.01,
ERCOT,92.5,13,84,3,0,157,0.0,0.25,0.0,92.53,
ERCOT,92.5,13,84,3,0,147,0.0,0.25,0.5,93.36,
ERCOT,92.5,13,84,3,0,137,0.0,0.25,1.0,92.9,
ERCOT,92.5,13,84,3,0,132,0.0,0.25,1.5,93.06,
ERCOT,92.5,13,84,3,0,127,0.0,0.25,2.0,92.63,
ERCOT,92.5,13,84,3,0,127,0.0,0.25,2.5,93.23,
ERCOT,92.5,13,84,3,0,132,0.0,0.5,0.0,93.11,
ERCOT,92.5,13,84,3,0,132,0.0,0.5,0.5,93.12,
ERCOT,92.5,13,84,3,0,132,0.0,0.75,0.0,93.11,
ERCOT,92.5,13,84,3,0,132,0.0,0.75,0.5,93.11,
ERCOT,92.5,13,84,3,0,132,0.0,1.0,0.0,93.11,
ERCOT,92.5,13,84,3,0,132,0.0,1.0,0.5,93.11,
ERCOT,92.5,13,84,3,0,132,0.25,0.0,0.0,92.98,
ERCOT,92.5,13,84,3,0,132,0.25,0.0,0.5,93.0,
ERCOT,92.5,13,84,3,0,132,0.25,0.25,0.0,92.98,
ERCOT,92.5,13,84,3,0,132,0.25,0.25,0.5,92.98,
ERCOT,92.5,13,84,3,0,132,0.25,0.5,0.0,92.98,
ERCOT,92.5,13,84,3,0,132,0.25,0.5,0.5,92.98,
ERCOT,92.5,13,84,3,0,132,0.25,0.75,0.0,92.98,
ERCOT,92.5,13,84,3,0,132,0.25,0.75,0.5,92.98,
ERCOT,92.5,13,84,3,0,132,0.25,1.0,0.0,92.98,
ERCOT,92.5,13,84,3,0,132,0.25,1.0,0.5,92.98,
ERCOT,92.5,13,84,3,0,132,0.5,0.0,0.0,92.98,
ERCOT,92.5,13,84,3,0,132,0.5,0.0,0.5,92.98,
ERCOT,92.5,13,84,3,0,132,0.5,0.25,0.0,92.98,
ERCOT,92.5,13,84,3,0,132,0.5,0.25,0.5,92.98,
ERCOT,92.5,13,84,3,0,132,0.5,0.5,0.0,92.98,
ERCOT,92.5,13,84,3,0,132,0.5,0.5,0.5,92.98,
ERCOT,92.5,13,84,3,0,132,0.5,0.75,0.0,92.98,
ERCOT,92.5,13,84,3,0,132,0.5,0.75,0.5,92.98,
ERCOT,92.5,13,84,3,0,132,0.5,1.0,0.0,92.98,
ERCOT,92.5,13,84,3,0,132,0.5,1.0,0.5,92.98,
ERCOT,92.5,13,85,2,0,250,0.0,0.0,2.0,92.55,
ERCOT,92.5,13,85,2,0,197,0.0,0.0,2.5,92.58,
ERCOT,92.5,13,85,2,0,167,0.0,0.25,0.0,92.96,
ERCOT,92.5,13,85,2,0,147,0.0,0.25,0.5,92.71,
ERCOT,92.5,13,85,2,0,142,0.0,0.25,1.0,93.55,
ERCOT,92.5,13,85,2,0,132,0.0,0.25,1.5,92.54,
ERCOT,92.5,13,85,2,0,132,0.0,0.25,2.0,93.54,
ERCOT,92.5,13,85,2,0,132,0.0,0.5,0.0,92.83,
ERCOT,92.5,13,85,2,0,132,0.0,0.5,0.5,92.85,
ERCOT,92.5,13,85,2,0,132,0.0,0.75,0.0,92.83,
ERCOT,92.5,13,85,2,0,132,0.0,0.75,0.5,92.83,
ERCOT,92.5,13,85,2,0,132,0.0,1.0,0.0,92.83,
ERCOT,92.5,13,85,2,0,132,0.0,1.0,0.5,92.83,
ERCOT,92.5,13,85,2,0,132,0.25,0.0,0.0,92.7,
ERCOT,92.5,13,85,2,0,132,0.25,0.0,0.5,92.72,
ERCOT,92.5,13,85,2,0,132,0.25,0.25,0.0,92.7,
ERCOT,92.5,13,85,2,0,132,0.25,0.25,0.5,92.7,
ERCOT,92.5,13,85,2,0,132,0.25,0.5,0.0,92.7,
ERCOT,92.5,13,85,2,0,132,0.25,0.5,0.5,92.7,
ERCOT,92.5,13,85,2,0,132,0.25,0.75,0.0,92.7,
ERCOT,92.5,13,85,2,0,132,0.25,0.75,0.5,92.7,
ERCOT,92.5,13,85,2,0,132,0.25,1.0,0.0,92.7,
ERCOT,92.5,13,85,2,0,132,0.25,1.0,0.5,92.7,
ERCOT,92.5,13,85,2,0,132,0.5,0.0,0.0,92.7,
ERCOT,92.5,13,85,2,0,132,0.5,0.0,0.5,92.7,
ERCOT,92.5,13,85,2,0,132,0.5,0.25,0.0,92.7,
ERCOT,92.5,13,85,2,0,132,0.5,0.25,0.5,92.7,
ERCOT,92.5,13,85,2,0,132,0.5,0.5,0.0,92.7,
ERCOT,92.5,13,85,2,0,132,0.5,0.5,0.5,92.7,
ERCOT,92.5,13,85,2,0,132,0.5,0.75,0.0,92.7,
ERCOT,92.5,13,85,2,0,132,0.5,0.75,0.5,92.7,
ERCOT,92.5,13,85,2,0,132,0.5,1.0,0.0,92.7,
ERCOT,92.5,13,85,2,0,132,0.5,1.0,0.5,92.7,
ERCOT,92.5,14,82,4,0,217,0.0,0.0,2.0,92.96,
ERCOT,92.5,14,82,4,0,177,0.0,0.0,2.5,92.86,
ERCOT,92.5,14,82,4,0,152,0.0,0.25,0.0,93.3,
ERCOT,92.5,14,82,4,0,142,0.0,0.25,0.5,93.48,
ERCOT,92.5,14,82,4,0,132,0.0,0.25,1.0,92.67,
ERCOT,92.5,14,82,4,0,127,0.0,0.25,1.5,92.54,
ERCOT,92.5,14,82,4,0,127,0.0,0.25,2.0,93.36,
ERCOT,92.5,14,82,4,0,127,0.0,0.5,0.0,92.6,
ERCOT,92.5,14,82,4,0,127,0.0,0.5,0.5,92.6,
ERCOT,92.5,14,82,4,0,127,0.0,0.75,0.0,92.6,
ERCOT,92.5,14,82,4,0,127,0.0,0.75,0.5,92.6,
ERCOT,92.5,14,82,4,0,127,0.0,1.0,0.0,92.6,
ERCOT,92.5,14,82,4,0,127,0.0,1.0,0.5,92.6,
ERCOT,92.5,14,82,4,0,132,0.25,0.0,0.0,93.49,
ERCOT,92.5,14,82,4,0,132,0.25,0.0,0.5,93.5,
ERCOT,92.5,14,82,4,0,132,0.25,0.25,0.0,93.49,
ERCOT,92.5,14,82,4,0,132,0.25,0.25,0.5,93.49,
ERCOT,92.5,14,82,4,0,132,0.25,0.5,0.0,93.49,
ERCOT,92.5,14,82,4,0,132,0.25,0.5,0.5,93.49,
ERCOT,92.5,14,82,4,0,132,0.25,0.75,0.0,93.49,
ERCOT,92.5,14,82,4,0,132,0.25,0.75,0.5,93.49,
ERCOT,92.5,14,82,4,0,132,0.25,1.0,0.0,93.49,
ERCOT,92.5,14,82,4,0,132,0.25,1.0,0.5,93.49,
ERCOT,92.5,14,82,4,0,132,0.5,0.0,0.0,93.49,
ERCOT,92.5,14,82,4,0,132,0.5,0.0,0.5,93.49,
ERCOT,92.5,14,82,4,0,132,0.5,0.25,0.0,93.49,
ERCOT,92.5,14,82,4,0,132,0.5,0.25,0.5,93.49,
ERCOT,92.5,14,82,4,0,132,0.5,0.5,0.0,93.49,
ERCOT,92.5,14,82,4,0,132,0.5,0.5,0.5,93.49,
ERCOT,92.5,14,82,4,0,132,0.5,0.75,0.0,93.49,
ERCOT,92.5,14,82,4,0,132,0.5,0.75,0.5,93.49,
ERCOT,92.5,14,82,4,0,132,0.5,1.0,0.0,93.49,
ERCOT,92.5,14,82,4,0,132,0.5,1.0,0.5,93.49,
ERCOT,92.5,14,83,3,0,227,0.0,0.0,2.0,92.81,
ERCOT,92.5,14,83,3,0,182,0.0,0.0,2.5,92.65,
ERCOT,92.5,14,83,3,0,152,0.0,0.25,0.0,92.52,
ERCOT,92.5,14,83,3,0,142,0.0,0.25,0.5,92.86,
ERCOT,92.5,14,83,3,0,137,0.0,0.25,1.0,93.4,
ERCOT,92.5,14,83,3,0,132,0.0,0.25,1.5,93.46,
ERCOT,92.5,14,83,3,0,127,0.0,0.25,2.0,92.98,
ERCOT,92.5,14,83,3,0,127,0.0,0.25,2.5,93.54,
ERCOT,92.5,14,83,3,0,132,0.0,0.5,0.0,93.34,
ERCOT,92.5,14,83,3,0,132,0.0,0.5,0.5,93.35,
ERCOT,92.5,14,83,3,0,132,0.0,0.75,0.0,93.34,
ERCOT,92.5,14,83,3,0,132,0.0,0.75,0.5,93.34,
ERCOT,92.5,14,83,3,0,132,0.0,1.0,0.0,93.34,
ERCOT,92.5,14,83,3,0,132,0.0,1.0,0.5,93.34,
ERCOT,92.5,14,83,3,0,132,0.25,0.0,0.0,93.22,
ERCOT,92.5,14,83,3,0,132,0.25,0.0,0.5,93.23,
ERCOT,92.5,14,83,3,0,132,0.25,0.25,0.0,93.22,
ERCOT,92.5,14,83,3,0,132,0.25,0.25,0.5,93.22,
ERCOT,92.5,14,83,3,0,132,0.25,0.5,0.0,93.22,
ERCOT,92.5,14,83,3,0,132,0.25,0.5,0.5,93.22,
ERCOT,92.5,14,83,3,0,132,0.25,0.75,0.0,93.22,
ERCOT,92.5,14,83,3,0,132,0.25,0.75,0.5,93.22,
ERCOT,92.5,14,83,3,0,132,0.25,1.0,0.0,93.22,
ERCOT,92.5,14,83,3,0,132,0.25,1.0,0.5,93.22,
ERCOT,92.5,14,83,3,0,132,0.5,0.0,0.0,93.22,
ERCOT,92.5,14,83,3,0,132,0.5,0.0,0.5,93.22,
ERCOT,92.5,14,83,3,0,132,0.5,0.25,0.0,93.22,
ERCOT,92.5,14,83,3,0,132,0.5,0.25,0.5,93.22,
ERCOT,92.5,14,83,3,0,132,0.5,0.5,0.0,93.22,
ERCOT,92.5,14,83,3,0,132,0.5,0.5,0.5,93.22,
ERCOT,92.5,14,83,3,0,132,0.5,0.75,0.0,93.22,
ERCOT,92.5,14,83,3,0,132,0.5,0.75,0.5,93.22,
ERCOT,92.5,14,83,3,0,132,0.5,1.0,0.0,93.22,
ERCOT,92.5,14,83,3,0,132,0.5,1.0,0.5,93.22,
ERCOT,92.5,14,84,2,0,237,0.0,0.0,2.0,92.55,
ERCOT,92.5,14,84,2,0,192,0.0,0.0,2.5,92.91,
ERCOT,92.5,14,84,2,0,162,0.0,0.25,0.0,93.11,
ERCOT,92.5,14,84,2,0,147,0.0,0.25,0.5,93.29,
ERCOT,92.5,14,84,2,0,137,0.0,0.25,1.0,92.84,
ERCOT,92.5,14,84,2,0,132,0.0,0.25,1.5,93.01,
ERCOT,92.5,14,84,2,0,127,0.0,0.25,2.0,92.59,
ERCOT,92.5,14,84,2,0,127,0.0,0.25,2.5,93.19,
ERCOT,92.5,14,84,2,0,132,0.0,0.5,0.0,93.07,
ERCOT,92.5,14,84,2,0,132,0.0,0.5,0.5,93.07,
ERCOT,92.5,14,84,2,0,132,0.0,0.75,0.0,93.07,
ERCOT,92.5,14,84,2,0,132,0.0,0.75,0.5,93.07,
ERCOT,92.5,14,84,2,0,132,0.0,1.0,0.0,93.07,
ERCOT,92.5,14,84,2,0,132,0.0,1.0,0.5,93.07,
ERCOT,92.5,14,84,2,0,132,0.25,0.0,0.0,92.94,
ERCOT,92.5,14,84,2,0,132,0.25,0.0,0.5,92.95,
ERCOT,92.5,14,84,2,0,132,0.25,0.25,0.0,92.94,
ERCOT,92.5,14,84,2,0,132,0.25,0.25,0.5,92.94,
ERCOT,92.5,14,84,2,0,132,0.25,0.5,0.0,92.94,
ERCOT,92.5,14,84,2,0,132,0.25,0.5,0.5,92.94,
ERCOT,92.5,14,84,2,0,132,0.25,0.75,0.0,92.94,
ERCOT,92.5,14,84,2,0,132,0.25,0.75,0.5,92.94,
ERCOT,92.5,14,84,2,0,132,0.25,1.0,0.0,92.94,
ERCOT,92.5,14,84,2,0,132,0.25,1.0,0.5,92.94,
ERCOT,92.5,14,84,2,0,132,0.5,0.0,0.0,92.94,
ERCOT,92.5,14,84,2,0,132,0.5,0.0,0.5,92.94,
ERCOT,92.5,14,84,2,0,132,0.5,0.25,0.0,92.94,
ERCOT,92.5,14,84,2,0,132,0.5,0.25,0.5,92.94,
ERCOT,92.5,14,84,2,0,132,0.5,0.5,0.0,92.94,
ERCOT,92.5,14,84,2,0,132,0.5,0.5,0.5,92.94,
ERCOT,92.5,14,84,2,0,132,0.5,0.75,0.0,92.94,
ERCOT,92.5,14,84,2,0,132,0.5,0.75,0.5,92.94,
ERCOT,92.5,14,84,2,0,132,0.5,1.0,0.0,92.94,
ERCOT,92.5,14,84,2,0,132,0.5,1.0,0.5,92.94,
ERCOT,92.5,14,85,1,0,202,0.0,0.0,2.5,92.99,
ERCOT,92.5,14,85,1,0,167,0.0,0.25,0.0,92.86,
ERCOT,92.5,14,85,1,0,147,0.0,0.25,0.5,92.64,
ERCOT,92.5,14,85,1,0,142,0.0,0.25,1.0,93.49,
ERCOT,92.5,14,85,1,0,137,0.0,0.25,1.5,93.77,
ERCOT,92.5,14,85,1,0,132,0.0,0.25,2.0,93.49,
ERCOT,92.5,14,85,1,0,127,0.0,0.25,2.5,92.83,
ERCOT,92.5,14,85,1,0,132,0.0,0.5,0.0,92.78,
ERCOT,92.5,14,85,1,0,132,0.0,0.5,0.5,92.8,
ERCOT,92.5,14,85,1,0,132,0.0,0.75,0.0,92.78,
ERCOT,92.5,14,85,1,0,132,0.0,0.75,0.5,92.78,
ERCOT,92.5,14,85,1,0,132,0.0,1.0,0.0,92.78,
ERCOT,92.5,14,85,1,0,132,0.0,1.0,0.5,92.78,
ERCOT,92.5,14,85,1,0,132,0.25,0.0,0.0,92.65,
ERCOT,92.5,14,85,1,0,132,0.25,0.0,0.5,92.67,
ERCOT,92.5,14,85,1,0,132,0.25,0.25,0.0,92.65,
ERCOT,92.5,14,85,1,0,132,0.25,0.25,0.5,92.65,
ERCOT,92.5,14,85,1,0,132,0.25,0.5,0.0,92.65,
ERCOT,92.5,14,85,1,0,132,0.25,0.5,0.5,92.65,
ERCOT,92.5,14,85,1,0,132,0.25,0.75,0.0,92.65,
ERCOT,92.5,14,85,1,0,132,0.25,0.75,0.5,92.65,
ERCOT,92.5,14,85,1,0,132,0.25,1.0,0.0,92.65,
ERCOT,92.5,14,85,1,0,132,0.25,1.0,0.5,92.65,
ERCOT,92.5,14,85,1,0,132,0.5,0.0,0.0,92.65,
ERCOT,92.5,14,85,1,0,132,0.5,0.0,0.5,92.65,
ERCOT,92.5,14,85,1,0,132,0.5,0.25,0.0,92.65,
ERCOT,92.5,14,85,1,0,132,0.5,0.25,0.5,92.65,
ERCOT,92.5,14,85,1,0,132,0.5,0.5,0.0,92.65,
ERCOT,92.5,14,85,1,0,132,0.5,0.5,0.5,92.65,
ERCOT,92.5,14,85,1,0,132,0.5,0.75,0.0,92.65,
ERCOT,92.5,14,85,1,0,132,0.5,0.75,0.5,92.65,
ERCOT,92.5,14,85,1,0,132,0.5,1.0,0.0,92.65,
ERCOT,92.5,14,85,1,0,132,0.5,1.0,0.5,92.65,
ERCOT,92.5,15,81,4,0,207,0.0,0.0,2.0,92.87,
ERCOT,92.5,15,81,4,0,172,0.0,0.0,2.5,92.88,
ERCOT,92.5,15,81,4,0,147,0.0,0.25,0.0,93.11,
ERCOT,92.5,15,81,4,0,137,0.0,0.25,0.5,92.86,
ERCOT,92.5,15,81,4,0,132,0.0,0.25,1.0,93.15,
ERCOT,92.5,15,81,4,0,127,0.0,0.25,1.5,92.95,
ERCOT,92.5,15,81,4,0,127,0.0,0.25,2.0,93.69,
ERCOT,92.5,15,81,4,0,127,0.0,0.5,0.0,92.83,
ERCOT,92.5,15,81,4,0,127,0.0,0.5,0.5,92.83,
ERCOT,92.5,15,81,4,0,127,0.0,0.75,0.0,92.83,
ERCOT,92.5,15,81,4,0,127,0.0,0.75,0.5,92.83,
ERCOT,92.5,15,81,4,0,127,0.0,1.0,0.0,92.83,
ERCOT,92.5,15,81,4,0,127,0.0,1.0,0.5,92.83,
ERCOT,92.5,15,81,4,0,127,0.25,0.0,0.0,92.68,
ERCOT,92.5,15,81,4,0,127,0.25,0.0,0.5,92.68,
ERCOT,92.5,15,81,4,0,127,0.25,0.25,0.0,92.68,
ERCOT,92.5,15,81,4,0,127,0.25,0.25,0.5,92.68,
ERCOT,92.5,15,81,4,0,127,0.25,0.5,0.0,92.68,
ERCOT,92.5,15,81,4,0,127,0.25,0.5,0.5,92.68,
ERCOT,92.5,15,81,4,0,127,0.25,0.75,0.0,92.68,
ERCOT,92.5,15,81,4,0,127,0.25,0.75,0.5,92.68,
ERCOT,92.5,15,81,4,0,127,0.25,1.0,0.0,92.68,
ERCOT,92.5,15,81,4,0,127,0.25,1.0,0.5,92.68,
ERCOT,92.5,15,81,4,0,127,0.5,0.0,0.0,92.68,
ERCOT,92.5,15,81,4,0,127,0.5,0.0,0.5,92.68,
ERCOT,92.5,15,81,4,0,127,0.5,0.25,0.0,92.68,
ERCOT,92.5,15,81,4,0,127,0.5,0.25,0.5,92.68,
ERCOT,92.5,15,81,4,0,127,0.5,0.5,0.0,92.68,
ERCOT,92.5,15,81,4,0,127,0.5,0.5,0.5,92.68,
ERCOT,92.5,15,81,4,0,127,0.5,0.75,0.0,92.68,
ERCOT,92.5,15,81,4,0,127,0.5,0.75,0.5,92.68,
ERCOT,92.5,15,81,4,0,127,0.5,1.0,0.0,92.68,
ERCOT,92.5,15,81,4,0,127,0.5,1.0,0.5,92.68,
ERCOT,92.5,15,82,3,0,217,0.0,0.0,2.0,92.84,
ERCOT,92.5,15,82,3,0,177,0.0,0.0,2.5,92.77,
ERCOT,92.5,15,82,3,0,152,0.0,0.25,0.0,93.22,
ERCOT,92.5,15,82,3,0,142,0.0,0.25,0.5,93.41,
ERCOT,92.5,15,82,3,0,132,0.0,0.25,1.0,92.61,
ERCOT,92.5,15,82,3,0,132,0.0,0.25,1.5,93.85,
ERCOT,92.5,15,82,3,0,127,0.0,0.5,0.0,92.56,
ERCOT,92.5,15,82,3,0,127,0.0,0.5,0.5,92.56,
ERCOT,92.5,15,82,3,0,127,0.0,0.75,0.0,92.56,
ERCOT,92.5,15,82,3,0,127,0.0,0.75,0.5,92.56,
ERCOT,92.5,15,82,3,0,127,0.0,1.0,0.0,92.56,
ERCOT,92.5,15,82,3,0,127,0.0,1.0,0.5,92.56,
ERCOT,92.5,15,82,3,0,132,0.25,0.0,0.0,93.45,
ERCOT,92.5,15,82,3,0,132,0.25,0.0,0.5,93.46,
ERCOT,92.5,15,82,3,0,132,0.25,0.25,0.0,93.45,
ERCOT,92.5,15,82,3,0,132,0.25,0.25,0.5,93.45,
ERCOT,92.5,15,82,3,0,132,0.25,0.5,0.0,93.45,
ERCOT,92.5,15,82,3,0,132,0.25,0.5,0.5,93.45,
ERCOT,92.5,15,82,3,0,132,0.25,0.75,0.0,93.45,
ERCOT,92.5,15,82,3,0,132,0.25,0.75,0.5,93.45,
ERCOT,92.5,15,82,3,0,132,0.25,1.0,0.0,93.45,
ERCOT,92.5,15,82,3,0,132,0.25,1.0,0.5,93.45,
ERCOT,92.5,15,82,3,0,132,0.5,0.0,0.0,93.45,
ERCOT,92.5,15,82,3,0,132,0.5,0.0,0.5,93.45,
ERCOT,92.5,15,82,3,0,132,0.5,0.25,0.0,93.45,
ERCOT,92.5,15,82,3,0,132,0.5,0.25,0.5,93.45,
ERCOT,92.5,15,82,3,0,132,0.5,0.5,0.0,93.45,
ERCOT,92.5,15,82,3,0,132,0.5,0.5,0.5,93.45,
ERCOT,92.5,15,82,3,0,132,0.5,0.75,0.0,93.45,
ERCOT,92.5,15,82,3,0,132,0.5,0.75,0.5,93.45,
ERCOT,92.5,15,82,3,0,132,0.5,1.0,0.0,93.45,
ERCOT,92.5,15,82,3,0,132,0.5,1.0,0.5,93.45,
ERCOT,92.5,15,83,2,0,227,0.0,0.0,2.0,92.69,
ERCOT,92.5,15,83,2,0,182,0.0,0.0,2.5,92.55,
ERCOT,92.5,15,83,2,0,157,0.0,0.25,0.0,93.18,
ERCOT,92.5,15,83,2,0,142,0.0,0.25,0.5,92.79,
ERCOT,92.5,15,83,2,0,137,0.0,0.25,1.0,93.34,
ERCOT,92.5,15,83,2,0,132,0.0,0.25,1.5,93.42,
ERCOT,92.5,15,83,2,0,127,0.0,0.25,2.0,92.94,
ERCOT,92.5,15,83,2,0,127,0.0,0.25,2.5,93.5,
ERCOT,92.5,15,83,2,0,132,0.0,0.5,0.0,93.3,
ERCOT,92.5,15,83,2,0,132,0.0,0.5,0.5,93.3,
ERCOT,92.5,15,83,2,0,132,0.0,0.75,0.0,93.3,
ERCOT,92.5,15,83,2,0,132,0.0,0.75,0.5,93.3,
ERCOT,92.5,15,83,2,0,132,0.0,1.0,0.0,93.3,
ERCOT,92.5,15,83,2,0,132,0.0,1.0,0.5,93.3,
ERCOT,92.5,15,83,2,0,132,0.25,0.0,0.0,93.17,
ERCOT,92.5,15,83,2,0,132,0.25,0.0,0.5,93.19,
ERCOT,92.5,15,83,2,0,132,0.25,0.25,0.0,93.17,
ERCOT,92.5,15,83,2,0,132,0.25,0.25,0.5,93.17,
ERCOT,92.5,15,83,2,0,132,0.25,0.5,0.0,93.17,
ERCOT,92.5,15,83,2,0,132,0.25,0.5,0.5,93.17,
ERCOT,92.5,15,83,2,0,132,0.25,0.75,0.0,93.17,
ERCOT,92.5,15,83,2,0,132,0.25,0.75,0.5,93.17,
ERCOT,92.5,15,83,2,0,132,0.25,1.0,0.0,93.17,
ERCOT,92.5,15,83,2,0,132,0.25,1.0,0.5,93.17,
ERCOT,92.5,15,83,2,0,132,0.5,0.0,0.0,93.17,
ERCOT,92.5,15,83,2,0,132,0.5,0.0,0.5,93.17,
ERCOT,92.5,15,83,2,0,132,0.5,0.25,0.0,93.17,
ERCOT,92.5,15,83,2,0,132,0.5,0.25,0.5,93.17,
ERCOT,92.5,15,83,2,0,132,0.5,0.5,0.0,93.17,
ERCOT,92.5,15,83,2,0,132,0.5,0.5,0.5,93.17,
ERCOT,92.5,15,83,2,0,132,0.5,0.75,0.0,93.17,
ERCOT,92.5,15,83,2,0,132,0.5,0.75,0.5,93.17,
ERCOT,92.5,15,83,2,0,132,0.5,1.0,0.0,93.17,
ERCOT,92.5,15,83,2,0,132,0.5,1.0,0.5,93.17,
ERCOT,92.5,15,84,1,0,242,0.0,0.0,2.0,92.86,
ERCOT,92.5,15,84,1,0,192,0.0,0.0,2.5,92.81,
ERCOT,92.5,15,84,1,0,162,0.0,0.25,0.0,93.02,
ERCOT,92.5,15,84,1,0,147,0.0,0.25,0.5,93.22,
ERCOT,92.5,15,84,1,0,137,0.0,0.25,1.0,92.78,
ERCOT,92.5,15,84,1,0,132,0.0,0.25,1.5,92.95,
ERCOT,92.5,15,84,1,0,127,0.0,0.25,2.0,92.54,
ERCOT,92.5,15,84,1,0,127,0.0,0.25,2.5,93.15,
ERCOT,92.5,15,84,1,0,132,0.0,0.5,0.0,93.01,
ERCOT,92.5,15,84,1,0,132,0.0,0.5,0.5,93.02,
ERCOT,92.5,15,84,1,0,132,0.0,0.75,0.0,93.01,
ERCOT,92.5,15,84,1,0,132,0.0,0.75,0.5,93.01,
ERCOT,92.5,15,84,1,0,132,0.0,1.0,0.0,93.01,
ERCOT,92.5,15,84,1,0,132,0.0,1.0,0.5,93.01,
ERCOT,92.5,15,84,1,0,132,0.25,0.0,0.0,92.89,
ERCOT,92.5,15,84,1,0,132,0.25,0.0,0.5,92.9,
ERCOT,92.5,15,84,1,0,132,0.25,0.25,0.0,92.89,
ERCOT,92.5,15,84,1,0,132,0.25,0.25,0.5,92.89,
ERCOT,92.5,15,84,1,0,132,0.25,0.5,0.0,92.89,
ERCOT,92.5,15,84,1,0,132,0.25,0.5,0.5,92.89,
ERCOT,92.5,15,84,1,0,132,0.25,0.75,0.0,92.89,
ERCOT,92.5,15,84,1,0,132,0.25,0.75,0.5,92.89,
ERCOT,92.5,15,84,1,0,132,0.25,1.0,0.0,92.89,
ERCOT,92.5,15,84,1,0,132,0.25,1.0,0.5,92.89,
ERCOT,92.5,15,84,1,0,132,0.5,0.0,0.0,92.89,
ERCOT,92.5,15,84,1,0,132,0.5,0.0,0.5,92.89,
ERCOT,92.5,15,84,1,0,132,0.5,0.25,0.0,92.89,
ERCOT,92.5,15,84,1,0,132,0.5,0.25,0.5,92.89,
ERCOT,92.5,15,84,1,0,132,0.5,0.5,0.0,92.89,
ERCOT,92.5,15,84,1,0,132,0.5,0.5,0.5,92.89,
ERCOT,92.5,15,84,1,0,132,0.5,0.75,0.0,92.89,
ERCOT,92.5,15,84,1,0,132,0.5,0.75,0.5,92.89,
ERCOT,92.5,15,84,1,0,132,0.5,1.0,0.0,92.89,
ERCOT,92.5,15,84,1,0,132,0.5,1.0,0.5,92.89,
ERCOT,92.5,16,81,3,0,207,0.0,0.0,2.0,92.76,
ERCOT,92.5,16,81,3,0,172,0.0,0.0,2.5,92.79,
ERCOT,92.5,16,81,3,0,147,0.0,0.25,0.0,93.03,
ERCOT,92.5,16,81,3,0,137,0.0,0.25,0.5,92.79,
ERCOT,92.5,16,81,3,0,132,0.0,0.25,1.0,93.09,
ERCOT,92.5,16,81,3,0,127,0.0,0.25,1.5,92.9,
ERCOT,92.5,16,81,3,0,127,0.0,0.25,2.0,93.65,
ERCOT,92.5,16,81,3,0,127,0.0,0.5,0.0,92.79,
ERCOT,92.5,16,81,3,0,127,0.0,0.5,0.5,92.79,
ERCOT,92.5,16,81,3,0,127,0.0,0.75,0.0,92.79,
ERCOT,92.5,16,81,3,0,127,0.0,0.75,0.5,92.79,
ERCOT,92.5,16,81,3,0,127,0.0,1.0,0.0,92.79,
ERCOT,92.5,16,81,3,0,127,0.0,1.0,0.5,92.79,
ERCOT,92.5,16,81,3,0,127,0.25,0.0,0.0,92.63,
ERCOT,92.5,16,81,3,0,127,0.25,0.0,0.5,92.63,
ERCOT,92.5,16,81,3,0,127,0.25,0.25,0.0,92.63,
ERCOT,92.5,16,81,3,0,127,0.25,0.25,0.5,92.63,
ERCOT,92.5,16,81,3,0,127,0.25,0.5,0.0,92.63,
ERCOT,92.5,16,81,3,0,127,0.25,0.5,0.5,92.63,
ERCOT,92.5,16,81,3,0,127,0.25,0.75,0.0,92.63,
ERCOT,92.5,16,81,3,0,127,0.25,0.75,0.5,92.63,
ERCOT,92.5,16,81,3,0,127,0.25,1.0,0.0,92.63,
ERCOT,92.5,16,81,3,0,127,0.25,1.0,0.5,92.63,
ERCOT,92.5,16,81,3,0,127,0.5,0.0,0.0,92.63,
ERCOT,92.5,16,81,3,0,127,0.5,0.0,0.5,92.63,
ERCOT,92.5,16,81,3,0,127,0.5,0.25,0.0,92.63,
ERCOT,92.5,16,81,3,0,127,0.5,0.25,0.5,92.63,
ERCOT,92.5,16,81,3,0,127,0.5,0.5,0.0,92.63,
ERCOT,92.5,16,81,3,0,127,0.5,0.5,0.5,92.63,
ERCOT,92.5,16,81,3,0,127,0.5,0.75,0.0,92.63,
ERCOT,92.5,16,81,3,0,127,0.5,0.75,0.5,92.63,
ERCOT,92.5,16,81,3,0,127,0.5,1.0,0.0,92.63,
ERCOT,92.5,16,81,3,0,127,0.5,1.0,0.5,92.63,
ERCOT,92.5,16,82,2,0,217,0.0,0.0,2.0,92.72,
ERCOT,92.5,16,82,2,0,177,0.0,0.0,2.5,92.67,
ERCOT,92.5,16,82,2,0,152,0.0,0.25,0.0,93.14,
ERCOT,92.5,16,82,2,0,142,0.0,0.25,0.5,93.34,
ERCOT,92.5,16,82,2,0,132,0.0,0.25,1.0,92.55,
ERCOT,92.5,16,82,2,0,132,0.0,0.25,1.5,93.81,
ERCOT,92.5,16,82,2,0,127,0.0,0.5,0.0,92.51,
ERCOT,92.5,16,82,2,0,127,0.0,0.5,0.5,92.51,
ERCOT,92.5,16,82,2,0,127,0.0,0.75,0.0,92.51,
ERCOT,92.5,16,82,2,0,127,0.0,0.75,0.5,92.51,
ERCOT,92.5,16,82,2,0,127,0.0,1.0,0.0,92.51,
ERCOT,92.5,16,82,2,0,127,0.0,1.0,0.5,92.51,
ERCOT,92.5,16,82,2,0,132,0.25,0.0,0.0,93.4,
ERCOT,92.5,16,82,2,0,132,0.25,0.0,0.5,93.42,
ERCOT,92.5,16,82,2,0,132,0.25,0.25,0.0,93.4,
ERCOT,92.5,16,82,2,0,132,0.25,0.25,0.5,93.4,
ERCOT,92.5,16,82,2,0,132,0.25,0.5,0.0,93.4,
ERCOT,92.5,16,82,2,0,132,0.25,0.5,0.5,93.4,
ERCOT,92.5,16,82,2,0,132,0.25,0.75,0.0,93.4,
ERCOT,92.5,16,82,2,0,132,0.25,0.75,0.5,93.4,
ERCOT,92.5,16,82,2,0,132,0.25,1.0,0.0,93.4,
ERCOT,92.5,16,82,2,0,132,0.25,1.0,0.5,93.4,
ERCOT,92.5,16,82,2,0,132,0.5,0.0,0.0,93.4,
ERCOT,92.5,16,82,2,0,132,0.5,0.0,0.5,93.4,
ERCOT,92.5,16,82,2,0,132,0.5,0.25,0.0,93.4,
ERCOT,92.5,16,82,2,0,132,0.5,0.25,0.5,93.4,
ERCOT,92.5,16,82,2,0,132,0.5,0.5,0.0,93.4,
ERCOT,92.5,16,82,2,0,132,0.5,0.5,0.5,93.4,
ERCOT,92.5,16,82,2,0,132,0.5,0.75,0.0,93.4,
ERCOT,92.5,16,82,2,0,132,0.5,0.75,0.5,93.4,
ERCOT,92.5,16,82,2,0,132,0.5,1.0,0.0,93.4,
ERCOT,92.5,16,82,2,0,132,0.5,1.0,0.5,93.4,
ERCOT,92.5,16,83,1,0,227,0.0,0.0,2.0,92.56,
ERCOT,92.5,16,83,1,0,187,0.0,0.0,2.5,93.07,
ERCOT,92.5,16,83,1,0,157,0.0,0.25,0.0,93.1,
ERCOT,92.5,16,83,1,0,142,0.0,0.25,0.5,92.72,
ERCOT,92.5,16,83,1,0,137,0.0,0.25,1.0,93.28,
ERCOT,92.5,16,83,1,0,132,0.0,0.25,1.5,93.37,
ERCOT,92.5,16,83,1,0,127,0.0,0.25,2.0,92.9,
ERCOT,92.5,16,83,1,0,127,0.0,0.25,2.5,93.46,
ERCOT,92.5,16,83,1,0,132,0.0,0.5,0.0,93.25,
ERCOT,92.5,16,83,1,0,132,0.0,0.5,0.5,93.25,
ERCOT,92.5,16,83,1,0,132,0.0,0.75,0.0,93.25,
ERCOT,92.5,16,83,1,0,132,0.0,0.75,0.5,93.25,
ERCOT,92.5,16,83,1,0,132,0.0,1.0,0.0,93.25,
ERCOT,92.5,16,83,1,0,132,0.0,1.0,0.5,93.25,
ERCOT,92.5,16,83,1,0,132,0.25,0.0,0.0,93.12,
ERCOT,92.5,16,83,1,0,132,0.25,0.0,0.5,93.14,
ERCOT,92.5,16,83,1,0,132,0.25,0.25,0.0,93.12,
ERCOT,92.5,16,83,1,0,132,0.25,0.25,0.5,93.12,
ERCOT,92.5,16,83,1,0,132,0.25,0.5,0.0,93.12,
ERCOT,92.5,16,83,1,0,132,0.25,0.5,0.5,93.12,
ERCOT,92.5,16,83,1,0,132,0.25,0.75,0.0,93.12,
ERCOT,92.5,16,83,1,0,132,0.25,0.75,0.5,93.12,
ERCOT,92.5,16,83,1,0,132,0.25,1.0,0.0,93.12,
ERCOT,92.5,16,83,1,0,132,0.25,1.0,0.5,93.12,
ERCOT,92.5,16,83,1,0,132,0.5,0.0,0.0,93.12,
ERCOT,92.5,16,83,1,0,132,0.5,0.0,0.5,93.12,
ERCOT,92.5,16,83,1,0,132,0.5,0.25,0.0,93.12,
ERCOT,92.5,16,83,1,0,132,0.5,0.25,0.5,93.12,
ERCOT,92.5,16,83,1,0,132,0.5,0.5,0.0,93.12,
ERCOT,92.5,16,83,1,0,132,0.5,0.5,0.5,93.12,
ERCOT,92.5,16,83,1,0,132,0.5,0.75,0.0,93.12,
ERCOT,92.5,16,83,1,0,132,0.5,0.75,0.5,93.12,
ERCOT,92.5,16,83,1,0,132,0.5,1.0,0.0,93.12,
ERCOT,92.5,16,83,1,0,132,0.5,1.0,0.5,93.12,
ERCOT,92.5,16,84,0,0,242,0.0,0.0,2.0,92.73,
ERCOT,92.5,16,84,0,0,192,0.0,0.0,2.5,92.71,
ERCOT,92.5,16,84,0,0,162,0.0,0.25,0.0,92.92,
ERCOT,92.5,16,84,0,0,147,0.0,0.25,0.5,93.14,
ERCOT,92.5,16,84,0,0,137,0.0,0.25,1.0,92.71,
ERCOT,92.5,16,84,0,0,132,0.0,0.25,1.5,92.89,
ERCOT,92.5,16,84,0,0,132,0.0,0.25,2.0,93.81,
ERCOT,92.5,16,84,0,0,132,0.0,0.5,0.0,92.96,
ERCOT,92.5,16,84,0,0,132,0.0,0.5,0.5,92.97,
ERCOT,92.5,16,84,0,0,132,0.0,0.75,0.0,92.96,
ERCOT,92.5,16,84,0,0,132,0.0,0.75,0.5,92.96,
ERCOT,92.5,16,84,0,0,132,0.0,1.0,0.0,92.96,
ERCOT,92.5,16,84,0,0,132,0.0,1.0,0.5,92.96,
ERCOT,92.5,16,84,0,0,132,0.25,0.0,0.0,92.84,
ERCOT,92.5,16,84,0,0,132,0.25,0.0,0.5,92.85,
ERCOT,92.5,16,84,0,0,132,0.25,0.25,0.0,92.84,
ERCOT,92.5,16,84,0,0,132,0.25,0.25,0.5,92.84,
ERCOT,92.5,16,84,0,0,132,0.25,0.5,0.0,92.84,
ERCOT,92.5,16,84,0,0,132,0.25,0.5,0.5,92.84,
ERCOT,92.5,16,84,0,0,132,0.25,0.75,0.0,92.84,
ERCOT,92.5,16,84,0,0,132,0.25,0.75,0.5,92.84,
ERCOT,92.5,16,84,0,0,132,0.25,1.0,0.0,92.84,
ERCOT,92.5,16,84,0,0,132,0.25,1.0,0.5,92.84,
ERCOT,92.5,16,84,0,0,132,0.5,0.0,0.0,92.84,
ERCOT,92.5,16,84,0,0,132,0.5,0.0,0.5,92.84,
ERCOT,92.5,16,84,0,0,132,0.5,0.25,0.0,92.84,
ERCOT,92.5,16,84,0,0,132,0.5,0.25,0.5,92.84,
ERCOT,92.5,16,84,0,0,132,0.5,0.5,0.0,92.84,
ERCOT,92.5,16,84,0,0,132,0.5,0.5,0.5,92.84,
ERCOT,92.5,16,84,0,0,132,0.5,0.75,0.0,92.84,
ERCOT,92.5,16,84,0,0,132,0.5,0.75,0.5,92.84,
ERCOT,92.5,16,84,0,0,132,0.5,1.0,0.0,92.84,
ERCOT,92.5,16,84,0,0,132,0.5,1.0,0.5,92.84,
ERCOT,92.5,17,81,2,0,207,0.0,0.0,2.0,92.65,
ERCOT,92.5,17,81,2,0,172,0.0,0.0,2.5,92.7,
ERCOT,92.5,17,81,2,0,147,0.0,0.25,0.0,92.96,
ERCOT,92.5,17,81,2,0,137,0.0,0.25,0.5,92.72,
ERCOT,92.5,17,81,2,0,132,0.0,0.25,1.0,93.03,
ERCOT,92.5,17,81,2,0,127,0.0,0.25,1.5,92.85,
ERCOT,92.5,17,81,2,0,127,0.0,0.25,2.0,93.61,
ERCOT,92.5,17,81,2,0,127,0.0,0.5,0.0,92.74,
ERCOT,92.5,17,81,2,0,127,0.0,0.5,0.5,92.74,
ERCOT,92.5,17,81,2,0,127,0.0,0.75,0.0,92.74,
ERCOT,92.5,17,81,2,0,127,0.0,0.75,0.5,92.74,
ERCOT,92.5,17,81,2,0,127,0.0,1.0,0.0,92.74,
ERCOT,92.5,17,81,2,0,127,0.0,1.0,0.5,92.74,
ERCOT,92.5,17,81,2,0,127,0.25,0.0,0.0,92.58,
ERCOT,92.5,17,81,2,0,127,0.25,0.0,0.5,92.58,
ERCOT,92.5,17,81,2,0,127,0.25,0.25,0.0,92.58,
ERCOT,92.5,17,81,2,0,127,0.25,0.25,0.5,92.58,
ERCOT,92.5,17,81,2,0,127,0.25,0.5,0.0,92.58,
ERCOT,92.5,17,81,2,0,127,0.25,0.5,0.5,92.58,
ERCOT,92.5,17,81,2,0,127,0.25,0.75,0.0,92.58,
ERCOT,92.5,17,81,2,0,127,0.25,0.75,0.5,92.58,
ERCOT,92.5,17,81,2,0,127,0.25,1.0,0.0,92.58,
ERCOT,92.5,17,81,2,0,127,0.25,1.0,0.5,92.58,
ERCOT,92.5,17,81,2,0,127,0.5,0.0,0.0,92.58,
ERCOT,92.5,17,81,2,0,127,0.5,0.0,0.5,92.58,
ERCOT,92.5,17,81,2,0,127,0.5,0.25,0.0,92.58,
ERCOT,92.5,17,81,2,0,127,0.5,0.25,0.5,92.58,
ERCOT,92.5,17,81,2,0,127,0.5,0.5,0.0,92.58,
ERCOT,92.5,17,81,2,0,127,0.5,0.5,0.5,92.58,
ERCOT,92.5,17,81,2,0,127,0.5,0.75,0.0,92.58,
ERCOT,92.5,17,81,2,0,127,0.5,0.75,0.5,92.58,
ERCOT,92.5,17,81,2,0,127,0.5,1.0,0.0,92.58,
ERCOT,92.5,17,81,2,0,127,0.5,1.0,0.5,92.58,
ERCOT,92.5,17,82,1,0,217,0.0,0.0,2.0,92.61,
ERCOT,92.5,17,82,1,0,177,0.0,0.0,2.5,92.58,
ERCOT,92.5,17,82,1,0,152,0.0,0.25,0.0,93.05,
ERCOT,92.5,17,82,1,0,142,0.0,0.25,0.5,93.27,
ERCOT,92.5,17,82,1,0,137,0.0,0.25,1.0,93.78,
ERCOT,92.5,17,82,1,0,132,0.0,0.25,1.5,93.76,
ERCOT,92.5,17,82,1,0,127,0.0,0.25,2.0,93.24,
ERCOT,92.5,17,82,1,0,127,0.0,0.25,2.5,93.74,
ERCOT,92.5,17,82,1,0,132,0.0,0.5,0.0,93.48,
ERCOT,92.5,17,82,1,0,132,0.0,0.5,0.5,93.48,
ERCOT,92.5,17,82,1,0,132,0.0,0.75,0.0,93.48,
ERCOT,92.5,17,82,1,0,132,0.0,0.75,0.5,93.48,
ERCOT,92.5,17,82,1,0,132,0.0,1.0,0.0,93.48,
ERCOT,92.5,17,82,1,0,132,0.0,1.0,0.5,93.48,
ERCOT,92.5,17,82,1,0,132,0.25,0.0,0.0,93.36,
ERCOT,92.5,17,82,1,0,132,0.25,0.0,0.5,93.37,
ERCOT,92.5,17,82,1,0,132,0.25,0.25,0.0,93.36,
ERCOT,92.5,17,82,1,0,132,0.25,0.25,0.5,93.36,
ERCOT,92.5,17,82,1,0,132,0.25,0.5,0.0,93.36,
ERCOT,92.5,17,82,1,0,132,0.25,0.5,0.5,93.36,
ERCOT,92.5,17,82,1,0,132,0.25,0.75,0.0,93.36,
ERCOT,92.5,17,82,1,0,132,0.25,0.75,0.5,93.36,
ERCOT,92.5,17,82,1,0,132,0.25,1.0,0.0,93.36,
ERCOT,92.5,17,82,1,0,132,0.25,1.0,0.5,93.36,
ERCOT,92.5,17,82,1,0,132,0.5,0.0,0.0,93.36,
ERCOT,92.5,17,82,1,0,132,0.5,0.0,0.5,93.36,
ERCOT,92.5,17,82,1,0,132,0.5,0.25,0.0,93.36,
ERCOT,92.5,17,82,1,0,132,0.5,0.25,0.5,93.36,
ERCOT,92.5,17,82,1,0,132,0.5,0.5,0.0,93.36,
ERCOT,92.5,17,82,1,0,132,0.5,0.5,0.5,93.36,
ERCOT,92.5,17,82,1,0,132,0.5,0.75,0.0,93.36,
ERCOT,92.5,17,82,1,0,132,0.5,0.75,0.5,93.36,
ERCOT,92.5,17,82,1,0,132,0.5,1.0,0.0,93.36,
ERCOT,92.5,17,82,1,0,132,0.5,1.0,0.5,93.36,
ERCOT,92.5,17,83,0,0,232,0.0,0.0,2.0,92.91,
ERCOT,92.5,17,83,0,0,187,0.0,0.0,2.5,92.97,
ERCOT,92.5,17,83,0,0,157,0.0,0.25,0.0,93.0,
ERCOT,92.5,17,83,0,0,142,0.0,0.25,0.5,92.64,
ERCOT,92.5,17,83,0,0,137,0.0,0.25,1.0,93.22,
ERCOT,92.5,17,83,0,0,132,0.0,0.25,1.5,93.32,
ERCOT,92.5,17,83,0,0,127,0.0,0.25,2.0,92.85,
ERCOT,92.5,17,83,0,0,127,0.0,0.25,2.5,93.42,
ERCOT,92.5,17,83,0,0,132,0.0,0.5,0.0,93.2,
ERCOT,92.5,17,83,0,0,132,0.0,0.5,0.5,93.2,
ERCOT,92.5,17,83,0,0,132,0.0,0.75,0.0,93.2,
ERCOT,92.5,17,83,0,0,132,0.0,0.75,0.5,93.2,
ERCOT,92.5,17,83,0,0,132,0.0,1.0,0.0,93.2,
ERCOT,92.5,17,83,0,0,132,0.0,1.0,0.5,93.2,
ERCOT,92.5,17,83,0,0,132,0.25,0.0,0.0,93.07,
ERCOT,92.5,17,83,0,0,132,0.25,0.0,0.5,93.09,
ERCOT,92.5,17,83,0,0,132,0.25,0.25,0.0,93.07,
ERCOT,92.5,17,83,0,0,132,0.25,0.25,0.5,93.07,
ERCOT,92.5,17,83,0,0,132,0.25,0.5,0.0,93.07,
ERCOT,92.5,17,83,0,0,132,0.25,0.5,0.5,93.07,
ERCOT,92.5,17,83,0,0,132,0.25,0.75,0.0,93.07,
ERCOT,92.5,17,83,0,0,132,0.25,0.75,0.5,93.07,
ERCOT,92.5,17,83,0,0,132,0.25,1.0,0.0,93.07,
ERCOT,92.5,17,83,0,0,132,0.25,1.0,0.5,93.07,
ERCOT,92.5,17,83,0,0,132,0.5,0.0,0.0,93.07,
ERCOT,92.5,17,83,0,0,132,0.5,0.0,0.5,93.07,
ERCOT,92.5,17,83,0,0,132,0.5,0.25,0.0,93.07,
ERCOT,92.5,17,83,0,0,132,0.5,0.25,0.5,93.07,
ERCOT,92.5,17,83,0,0,132,0.5,0.5,0.0,93.07,
ERCOT,92.5,17,83,0,0,132,0.5,0.5,0.5,93.07,
ERCOT,92.5,17,83,0,0,132,0.5,0.75,0.0,93.07,
ERCOT,92.5,17,83,0,0,132,0.5,0.75,0.5,93.07,
ERCOT,92.5,17,83,0,0,132,0.5,1.0,0.0,93.07,
ERCOT,92.5,17,83,0,0,132,0.5,1.0,0.5,93.07,
ERCOT,92.5,18,81,1,0,207,0.0,0.0,2.0,92.53,
ERCOT,92.5,18,81,1,0,172,0.0,0.0,2.5,92.61,
ERCOT,92.5,18,81,1,0,147,0.0,0.25,0.0,92.88,
ERCOT,92.5,18,81,1,0,137,0.0,0.25,0.5,92.66,
ERCOT,92.5,18,81,1,0,132,0.0,0.25,1.0,92.97,
ERCOT,92.5,18,81,1,0,127,0.0,0.25,1.5,92.8,
ERCOT,92.5,18,81,1,0,127,0.0,0.25,2.0,93.57,
ERCOT,92.5,18,81,1,0,127,0.0,0.5,0.0,92.68,
ERCOT,92.5,18,81,1,0,127,0.0,0.5,0.5,92.68,
ERCOT,92.5,18,81,1,0,127,0.0,0.75,0.0,92.68,
ERCOT,92.5,18,81,1,0,127,0.0,0.75,0.5,92.68,
ERCOT,92.5,18,81,1,0,127,0.0,1.0,0.0,92.68,
ERCOT,92.5,18,81,1,0,127,0.0,1.0,0.5,92.68,
ERCOT,92.5,18,81,1,0,127,0.25,0.0,0.0,92.52,
ERCOT,92.5,18,81,1,0,127,0.25,0.0,0.5,92.52,
ERCOT,92.5,18,81,1,0,127,0.25,0.25,0.0,92.52,
ERCOT,92.5,18,81,1,0,127,0.25,0.25,0.5,92.52,
ERCOT,92.5,18,81,1,0,127,0.25,0.5,0.0,92.52,
ERCOT,92.5,18,81,1,0,127,0.25,0.5,0.5,92.52,
ERCOT,92.5,18,81,1,0,127,0.25,0.75,0.0,92.52,
ERCOT,92.5,18,81,1,0,127,0.25,0.75,0.5,92.52,
ERCOT,92.5,18,81,1,0,127,0.25,1.0,0.0,92.52,
ERCOT,92.5,18,81,1,0,127,0.25,1.0,0.5,92.52,
ERCOT,92.5,18,81,1,0,127,0.5,0.0,0.0,92.52,
ERCOT,92.5,18,81,1,0,127,0.5,0.0,0.5,92.52,
ERCOT,92.5,18,81,1,0,127,0.5,0.25,0.0,92.52,
ERCOT,92.5,18,81,1,0,127,0.5,0.25,0.5,92.52,
ERCOT,92.5,18,81,1,0,127,0.5,0.5,0.0,92.52,
ERCOT,92.5,18,81,1,0,127,0.5,0.5,0.5,92.52,
ERCOT,92.5,18,81,1,0,127,0.5,0.75,0.0,92.52,
ERCOT,92.5,18,81,1,0,127,0.5,0.75,0.5,92.52,
ERCOT,92.5,18,81,1,0,127,0.5,1.0,0.0,92.52,
ERCOT,92.5,18,81,1,0,127,0.5,1.0,0.5,92.52,
ERCOT,92.5,18,82,0,0,222,0.0,0.0,2.0,92.99,
ERCOT,92.5,18,82,0,0,182,0.0,0.0,2.5,93.16,
ERCOT,92.5,18,82,0,0,152,0.0,0.25,0.0,92.97,
ERCOT,92.5,18,82,0,0,142,0.0,0.25,0.5,93.21,
ERCOT,92.5,18,82,0,0,137,0.0,0.25,1.0,93.72,
ERCOT,92.5,18,82,0,0,132,0.0,0.25,1.5,93.71,
ERCOT,92.5,18,82,0,0,127,0.0,0.25,2.0,93.19,
ERCOT,92.5,18,82,0,0,127,0.0,0.25,2.5,93.69,
ERCOT,92.5,18,82,0,0,132,0.0,0.5,0.0,93.43,
ERCOT,92.5,18,82,0,0,132,0.0,0.5,0.5,93.43,
ERCOT,92.5,18,82,0,0,132,0.0,0.75,0.0,93.43,
ERCOT,92.5,18,82,0,0,132,0.0,0.75,0.5,93.43,
ERCOT,92.5,18,82,0,0,132,0.0,1.0,0.0,93.43,
ERCOT,92.5,18,82,0,0,132,0.0,1.0,0.5,93.43,
ERCOT,92.5,18,82,0,0,132,0.25,0.0,0.0,93.31,
ERCOT,92.5,18,82,0,0,132,0.25,0.0,0.5,93.32,
ERCOT,92.5,18,82,0,0,132,0.25,0.25,0.0,93.31,
ERCOT,92.5,18,82,0,0,132,0.25,0.25,0.5,93.31,
ERCOT,92.5,18,82,0,0,132,0.25,0.5,0.0,93.31,
ERCOT,92.5,18,82,0,0,132,0.25,0.5,0.5,93.31,
ERCOT,92.5,18,82,0,0,132,0.25,0.75,0.0,93.31,
ERCOT,92.5,18,82,0,0,132,0.25,0.75,0.5,93.31,
ERCOT,92.5,18,82,0,0,132,0.25,1.0,0.0,93.31,
ERCOT,92.5,18,82,0,0,132,0.25,1.0,0.5,93.31,
ERCOT,92.5,18,82,0,0,132,0.5,0.0,0.0,93.31,
ERCOT,92.5,18,82,0,0,132,0.5,0.0,0.5,93.31,
ERCOT,92.5,18,82,0,0,132,0.5,0.25,0.0,93.31,
ERCOT,92.5,18,82,0,0,132,0.5,0.25,0.5,93.31,
ERCOT,92.5,18,82,0,0,132,0.5,0.5,0.0,93.31,
ERCOT,92.5,18,82,0,0,132,0.5,0.5,0.5,93.31,
ERCOT,92.5,18,82,0,0,132,0.5,0.75,0.0,93.31,
ERCOT,92.5,18,82,0,0,132,0.5,0.75,0.5,93.31,
ERCOT,92.5,18,82,0,0,132,0.5,1.0,0.0,93.31,
ERCOT,92.5,18,82,0,0,132,0.5,1.0,0.5,93.31,
ERCOT,92.5,19,81,0,0,212,0.0,0.0,2.0,92.96,
ERCOT,92.5,19,81,0,0,172,0.0,0.0,2.5,92.52,
ERCOT,92.5,19,81,0,0,147,0.0,0.25,0.0,92.8,
ERCOT,92.5,19,81,0,0,137,0.0,0.25,0.5,92.59,
ERCOT,92.5,19,81,0,0,132,0.0,0.25,1.0,92.91,
ERCOT,92.5,19,81,0,0,127,0.0,0.25,1.5,92.74,
ERCOT,92.5,19,81,0,0,127,0.0,0.25,2.0,93.52,
ERCOT,92.5,19,81,0,0,127,0.0,0.5,0.0,92.63,
ERCOT,92.5,19,81,0,0,127,0.0,0.5,0.5,92.63,
ERCOT,92.5,19,81,0,0,127,0.0,0.75,0.0,92.63,
ERCOT,92.5,19,81,0,0,127,0.0,0.75,0.5,92.63,
ERCOT,92.5,19,81,0,0,127,0.0,1.0,0.0,92.63,
ERCOT,92.5,19,81,0,0,127,0.0,1.0,0.5,92.63,
ERCOT,92.5,19,81,0,0,132,0.25,0.0,0.0,93.54,
ERCOT,92.5,19,81,0,0,132,0.25,0.0,0.5,93.55,
ERCOT,92.5,19,81,0,0,132,0.25,0.25,0.0,93.54,
ERCOT,92.5,19,81,0,0,132,0.25,0.25,0.5,93.54,
ERCOT,92.5,19,81,0,0,132,0.25,0.5,0.0,93.54,
ERCOT,92.5,19,81,0,0,132,0.25,0.5,0.5,93.54,
ERCOT,92.5,19,81,0,0,132,0.25,0.75,0.0,93.54,
ERCOT,92.5,19,81,0,0,132,0.25,0.75,0.5,93.54,
ERCOT,92.5,19,81,0,0,132,0.25,1.0,0.0,93.54,
ERCOT,92.5,19,81,0,0,132,0.25,1.0,0.5,93.54,
ERCOT,92.5,19,81,0,0,132,0.5,0.0,0.0,93.54,
ERCOT,92.5,19,81,0,0,132,0.5,0.0,0.5,93.54,
ERCOT,92.5,19,81,0,0,132,0.5,0.25,0.0,93.54,
ERCOT,92.5,19,81,0,0,132,0.5,0.25,0.5,93.54,
ERCOT,92.5,19,81,0,0,132,0.5,0.5,0.0,93.54,
ERCOT,92.5,19,81,0,0,132,0.5,0.5,0.5,93.54,
ERCOT,92.5,19,81,0,0,132,0.5,0.75,0.0,93.54,
ERCOT,92.5,19,81,0,0,132,0.5,0.75,0.5,93.54,
ERCOT,92.5,19,81,0,0,132,0.5,1.0,0.0,93.54,
ERCOT,92.5,19,81,0,0,132,0.5,1.0,0.5,93.54,
ERCOT,92.5,41,15,44,0,112,0.0,0.0,0.0,93.38,
ERCOT,92.5,41,16,43,0,112,0.0,0.0,0.0,93.35,
ERCOT,92.5,41,17,42,0,112,0.0,0.0,0.0,93.28,
ERCOT,92.5,41,18,41,0,112,0.0,0.0,0.0,93.16,
ERCOT,92.5,41,19,40,0,112,0.0,0.0,0.0,92.99,
ERCOT,92.5,42,15,43,0,112,0.0,0.0,0.0,93.44,
ERCOT,92.5,42,16,42,0,112,0.0,0.0,0.0,93.4,
ERCOT,92.5,42,17,41,0,112,0.0,0.0,0.0,93.32,
ERCOT,92.5,42,18,40,0,112,0.0,0.0,0.0,93.19,
ERCOT,92.5,43,15,42,0,112,0.0,0.0,0.0,93.49,
ERCOT,92.5,43,16,41,0,112,0.0,0.0,0.0,93.44,
ERCOT,92.5,43,17,40,0,112,0.0,0.0,0.0,93.36,
ERCOT,92.5,44,15,41,0,112,0.0,0.0,0.0,93.54,
ERCOT,92.5,44,16,40,0,112,0.0,0.0,0.0,93.49,
ERCOT,92.5,46,14,40,0,112,0.0,0.0,0.0,93.64,
ERCOT,92.5,46,15,39,0,112,0.0,0.0,0.0,93.63,
ERCOT,92.5,47,13,40,0,112,0.0,0.0,0.0,93.67,
ERCOT,92.5,47,14,39,0,112,0.0,0.0,0.0,93.69,
ERCOT,92.5,47,15,38,0,112,0.0,0.0,0.0,93.67,
ERCOT,92.5,48,12,40,0,112,0.0,0.0,0.0,93.67,
ERCOT,92.5,48,13,39,0,112,0.0,0.0,0.0,93.72,
ERCOT,92.5,48,14,38,0,112,0.0,0.0,0.0,93.74,
ERCOT,92.5,48,15,37,0,112,0.0,0.0,0.0,93.72,
ERCOT,92.5,49,11,40,0,112,0.0,0.0,0.0,93.64,
ERCOT,92.5,49,12,39,0,112,0.0,0.0,0.0,93.73,
ERCOT,92.5,49,13,38,0,112,0.0,0.0,0.0,93.78,
ERCOT,92.5,49,14,37,0,112,0.0,0.0,0.0,93.79,
ERCOT,92.5,49,15,36,0,112,0.0,0.0,0.0,93.76,
ERCOT,92.5,16,70,14,0,237,0.0,0.0,0.5,93.04,
ERCOT,92.5,16,70,14,0,197,0.0,0.0,1.0,92.57,
ERCOT,92.5,16,70,14,0,167,0.0,0.0,1.5,92.83,
ERCOT,92.5,16,70,14,0,147,0.0,0.0,2.0,93.0,
ERCOT,92.5,16,70,14,0,142,0.0,0.0,2.5,93.85,
ERCOT,92.5,16,70,14,0,122,0.0,0.25,0.0,93.35,
ERCOT,92.5,16,70,14,0,122,0.0,0.25,0.5,94.1,
ERCOT,92.5,16,70,14,0,117,0.0,0.5,0.0,92.58,
ERCOT,92.5,16,70,14,0,117,0.0,0.5,0.5,92.58,
ERCOT,92.5,16,70,14,0,117,0.0,0.75,0.0,92.58,
ERCOT,92.5,16,70,14,0,117,0.0,0.75,0.5,92.58,
ERCOT,92.5,16,70,14,0,117,0.0,1.0,0.0,92.58,
ERCOT,92.5,16,70,14,0,117,0.0,1.0,0.5,92.58,
ERCOT,92.5,16,70,14,0,122,0.25,0.0,0.0,94.09,
ERCOT,92.5,16,70,14,0,122,0.25,0.0,0.5,94.09,
ERCOT,92.5,16,70,14,0,122,0.25,0.25,0.0,94.09,
ERCOT,92.5,16,70,14,0,122,0.25,0.25,0.5,94.09,
ERCOT,92.5,16,70,14,0,122,0.25,0.5,0.0,94.09,
ERCOT,92.5,16,70,14,0,122,0.25,0.5,0.5,94.09,
ERCOT,92.5,16,70,14,0,122,0.25,0.75,0.0,94.09,
ERCOT,92.5,16,70,14,0,122,0.25,0.75,0.5,94.09,
ERCOT,92.5,16,70,14,0,122,0.25,1.0,0.0,94.09,
ERCOT,92.5,16,70,14,0,122,0.25,1.0,0.5,94.09,
ERCOT,92.5,16,70,14,0,122,0.5,0.0,0.0,94.09,
ERCOT,92.5,16,70,14,0,122,0.5,0.0,0.5,94.09,
ERCOT,92.5,16,70,14,0,122,0.5,0.25,0.0,94.09,
ERCOT,92.5,16,70,14,0,122,0.5,0.25,0.5,94.09,
ERCOT,92.5,16,70,14,0,122,0.5,0.5,0.0,94.09,
ERCOT,92.5,16,70,14,0,122,0.5,0.5,0.5,94.09,
ERCOT,92.5,16,70,14,0,122,0.5,0.75,0.0,94.09,
ERCOT,92.5,16,70,14,0,122,0.5,0.75,0.5,94.09,
ERCOT,92.5,16,70,14,0,122,0.5,1.0,0.0,94.09,
ERCOT,92.5,16,70,14,0,122,0.5,1.0,0.5,94.09,
ERCOT,92.5,16,71,13,0,242,0.0,0.0,0.5,92.52,
ERCOT,92.5,16,71,13,0,207,0.0,0.0,1.0,93.1,
ERCOT,92.5,16,71,13,0,172,0.0,0.0,1.5,92.8,
ERCOT,92.5,16,71,13,0,152,0.0,0.0,2.0,93.4,
ERCOT,92.5,16,71,13,0,142,0.0,0.0,2.5,93.32,
ERCOT,92.5,16,71,13,0,122,0.0,0.25,0.0,92.91,
ERCOT,92.5,16,71,13,0,122,0.0,0.25,0.5,93.72,
ERCOT,92.5,16,71,13,0,122,0.0,0.5,0.0,93.99,
ERCOT,92.5,16,71,13,0,122,0.0,0.5,0.5,93.99,
ERCOT,92.5,16,71,13,0,122,0.0,0.75,0.0,93.99,
ERCOT,92.5,16,71,13,0,122,0.0,0.75,0.5,93.99,
ERCOT,92.5,16,71,13,0,122,0.0,1.0,0.0,93.99,
ERCOT,92.5,16,71,13,0,122,0.0,1.0,0.5,93.99,
ERCOT,92.5,16,71,13,0,122,0.25,0.0,0.0,93.87,
ERCOT,92.5,16,71,13,0,122,0.25,0.0,0.5,93.87,
ERCOT,92.5,16,71,13,0,122,0.25,0.25,0.0,93.87,
ERCOT,92.5,16,71,13,0,122,0.25,0.25,0.5,93.87,
ERCOT,92.5,16,71,13,0,122,0.25,0.5,0.0,93.87,
ERCOT,92.5,16,71,13,0,122,0.25,0.5,0.5,93.87,
ERCOT,92.5,16,71,13,0,122,0.25,0.75,0.0,93.87,
ERCOT,92.5,16,71,13,0,122,0.25,0.75,0.5,93.87,
ERCOT,92.5,16,71,13,0,122,0.25,1.0,0.0,93.87,
ERCOT,92.5,16,71,13,0,122,0.25,1.0,0.5,93.87,
ERCOT,92.5,16,71,13,0,122,0.5,0.0,0.0,93.87,
ERCOT,92.5,16,71,13,0,122,0.5,0.0,0.5,93.87,
ERCOT,92.5,16,71,13,0,122,0.5,0.25,0.0,93.87,
ERCOT,92.5,16,71,13,0,122,0.5,0.25,0.5,93.87,
ERCOT,92.5,16,71,13,0,122,0.5,0.5,0.0,93.87,
ERCOT,92.5,16,71,13,0,122,0.5,0.5,0.5,93.87,
ERCOT,92.5,16,71,13,0,122,0.5,0.75,0.0,93.87,
ERCOT,92.5,16,71,13,0,122,0.5,0.75,0.5,93.87,
ERCOT,92.5,16,71,13,0,122,0.5,1.0,0.0,93.87,
ERCOT,92.5,16,71,13,0,122,0.5,1.0,0.5,93.87,
ERCOT,92.5,16,72,12,0,212,0.0,0.0,1.0,92.73,
ERCOT,92.5,16,72,12,0,177,0.0,0.0,1.5,92.71,
ERCOT,92.5,16,72,12,0,152,0.0,0.0,2.0,92.67,
ERCOT,92.5,16,72,12,0,142,0.0,0.0,2.5,92.77,
ERCOT,92.5,16,72,12,0,127,0.0,0.25,0.0,93.72,
ERCOT,92.5,16,72,12,0,122,0.0,0.25,0.5,93.34,
ERCOT,92.5,16,72,12,0,122,0.0,0.25,1.0,94.09,
ERCOT,92.5,16,72,12,0,122,0.0,0.5,0.0,93.77,
ERCOT,92.5,16,72,12,0,122,0.0,0.5,0.5,93.77,
ERCOT,92.5,16,72,12,0,122,0.0,0.75,0.0,93.77,
ERCOT,92.5,16,72,12,0,122,0.0,0.75,0.5,93.77,
ERCOT,92.5,16,72,12,0,122,0.0,1.0,0.0,93.77,
ERCOT,92.5,16,72,12,0,122,0.0,1.0,0.5,93.77,
ERCOT,92.5,16,72,12,0,122,0.25,0.0,0.0,93.64,
ERCOT,92.5,16,72,12,0,122,0.25,0.0,0.5,93.64,
ERCOT,92.5,16,72,12,0,122,0.25,0.25,0.0,93.64,
ERCOT,92.5,16,72,12,0,122,0.25,0.25,0.5,93.64,
ERCOT,92.5,16,72,12,0,122,0.25,0.5,0.0,93.64,
ERCOT,92.5,16,72,12,0,122,0.25,0.5,0.5,93.64,
ERCOT,92.5,16,72,12,0,122,0.25,0.75,0.0,93.64,
ERCOT,92.5,16,72,12,0,122,0.25,0.75,0.5,93.64,
ERCOT,92.5,16,72,12,0,122,0.25,1.0,0.0,93.64,
ERCOT,92.5,16,72,12,0,122,0.25,1.0,0.5,93.64,
ERCOT,92.5,16,72,12,0,122,0.5,0.0,0.0,93.64,
ERCOT,92.5,16,72,12,0,122,0.5,0.0,0.5,93.64,
ERCOT,92.5,16,72,12,0,122,0.5,0.25,0.0,93.64,
ERCOT,92.5,16,72,12,0,122,0.5,0.25,0.5,93.64,
ERCOT,92.5,16,72,12,0,122,0.5,0.5,0.0,93.64,
ERCOT,92.5,16,72,12,0,122,0.5,0.5,0.5,93.64,
ERCOT,92.5,16,72,12,0,122,0.5,0.75,0.0,93.64,
ERCOT,92.5,16,72,12,0,122,0.5,0.75,0.5,93.64,
ERCOT,92.5,16,72,12,0,122,0.5,1.0,0.0,93.64,
ERCOT,92.5,16,72,12,0,122,0.5,1.0,0.5,93.64,
ERCOT,92.5,16,73,11,0,222,0.0,0.0,1.0,93.04,
ERCOT,92.5,16,73,11,0,182,0.0,0.0,1.5,92.55,
ERCOT,92.5,16,73,11,0,157,0.0,0.0,2.0,92.92,
ERCOT,92.5,16,73,11,0,147,0.0,0.0,2.5,93.6,
ERCOT,92.5,16,73,11,0,127,0.0,0.25,0.0,93.23,
ERCOT,92.5,16,73,11,0,122,0.0,0.25,0.5,92.92,
ERCOT,92.5,16,73,11,0,122,0.0,0.25,1.0,93.75,
ERCOT,92.5,16,73,11,0,122,0.0,0.5,0.0,93.55,
ERCOT,92.5,16,73,11,0,122,0.0,0.5,0.5,93.55,
ERCOT,92.5,16,73,11,0,122,0.0,0.75,0.0,93.55,
ERCOT,92.5,16,73,11,0,122,0.0,0.75,0.5,93.55,
ERCOT,92.5,16,73,11,0,122,0.0,1.0,0.0,93.55,
ERCOT,92.5,16,73,11,0,122,0.0,1.0,0.5,93.55,
ERCOT,92.5,16,73,11,0,122,0.25,0.0,0.0,93.4,
ERCOT,92.5,16,73,11,0,122,0.25,0.0,0.5,93.4,
ERCOT,92.5,16,73,11,0,122,0.25,0.25,0.0,93.4,
ERCOT,92.5,16,73,11,0,122,0.25,0.25,0.5,93.4,
ERCOT,92.5,16,73,11,0,122,0.25,0.5,0.0,93.4,
ERCOT,92.5,16,73,11,0,122,0.25,0.5,0.5,93.4,
ERCOT,92.5,16,73,11,0,122,0.25,0.75,0.0,93.4,
ERCOT,92.5,16,73,11,0,122,0.25,0.75,0.5,93.4,
ERCOT,92.5,16,73,11,0,122,0.25,1.0,0.0,93.4,
ERCOT,92.5,16,73,11,0,122,0.25,1.0,0.5,93.4,
ERCOT,92.5,16,73,11,0,122,0.5,0.0,0.0,93.4,
ERCOT,92.5,16,73,11,0,122,0.5,0.0,0.5,93.4,
ERCOT,92.5,16,73,11,0,122,0.5,0.25,0.0,93.4,
ERCOT,92.5,16,73,11,0,122,0.5,0.25,0.5,93.4,
ERCOT,92.5,16,73,11,0,122,0.5,0.5,0.0,93.4,
ERCOT,92.5,16,73,11,0,122,0.5,0.5,0.5,93.4,
ERCOT,92.5,16,73,11,0,122,0.5,0.75,0.0,93.4,
ERCOT,92.5,16,73,11,0,122,0.5,0.75,0.5,93.4,
ERCOT,92.5,16,73,11,0,122,0.5,1.0,0.0,93.4,
ERCOT,92.5,16,73,11,0,122,0.5,1.0,0.5,93.4,
ERCOT,92.5,16,74,10,0,227,0.0,0.0,1.0,92.52,
ERCOT,92.5,16,74,10,0,192,0.0,0.0,1.5,93.08,
ERCOT,92.5,16,74,10,0,162,0.0,0.0,2.0,93.07,
ERCOT,92.5,16,74,10,0,147,0.0,0.0,2.5,93.0,
ERCOT,92.5,16,74,10,0,127,0.0,0.25,0.0,92.74,
ERCOT,92.5,16,74,10,0,127,0.0,0.25,0.5,93.84,
ERCOT,92.5,16,74,10,0,122,0.0,0.5,0.0,93.32,
ERCOT,92.5,16,74,10,0,122,0.0,0.5,0.5,93.32,
ERCOT,92.5,16,74,10,0,122,0.0,0.75,0.0,93.32,
ERCOT,92.5,16,74,10,0,122,0.0,0.75,0.5,93.32,
ERCOT,92.5,16,74,10,0,122,0.0,1.0,0.0,93.32,
ERCOT,92.5,16,74,10,0,122,0.0,1.0,0.5,93.32,
ERCOT,92.5,16,74,10,0,122,0.25,0.0,0.0,93.16,
ERCOT,92.5,16,74,10,0,122,0.25,0.0,0.5,93.16,
ERCOT,92.5,16,74,10,0,122,0.25,0.25,0.0,93.16,
ERCOT,92.5,16,74,10,0,122,0.25,0.25,0.5,93.16,
ERCOT,92.5,16,74,10,0,122,0.25,0.5,0.0,93.16,
ERCOT,92.5,16,74,10,0,122,0.25,0.5,0.5,93.16,
ERCOT,92.5,16,74,10,0,122,0.25,0.75,0.0,93.16,
ERCOT,92.5,16,74,10,0,122,0.25,0.75,0.5,93.16,
ERCOT,92.5,16,74,10,0,122,0.25,1.0,0.0,93.16,
ERCOT,92.5,16,74,10,0,122,0.25,1.0,0.5,93.16,
ERCOT,92.5,16,74,10,0,122,0.5,0.0,0.0,93.16,
ERCOT,92.5,16,74,10,0,122,0.5,0.0,0.5,93.16,
ERCOT,92.5,16,74,10,0,122,0.5,0.25,0.0,93.16,
ERCOT,92.5,16,74,10,0,122,0.5,0.25,0.5,93.16,
ERCOT,92.5,16,74,10,0,122,0.5,0.5,0.0,93.16,
ERCOT,92.5,16,74,10,0,122,0.5,0.5,0.5,93.16,
ERCOT,92.5,16,74,10,0,122,0.5,0.75,0.0,93.16,
ERCOT,92.5,16,74,10,0,122,0.5,0.75,0.5,93.16,
ERCOT,92.5,16,74,10,0,122,0.5,1.0,0.0,93.16,
ERCOT,92.5,16,74,10,0,122,0.5,1.0,0.5,93.16,
ERCOT,92.5,17,69,14,0,227,0.0,0.0,0.5,92.56,
ERCOT,92.5,17,69,14,0,192,0.0,0.0,1.0,92.68,
ERCOT,92.5,17,69,14,0,162,0.0,0.0,1.5,92.69,
ERCOT,92.5,17,69,14,0,147,0.0,0.0,2.0,93.62,
ERCOT,92.5,17,69,14,0,137,0.0,0.0,2.5,92.56,
ERCOT,92.5,17,69,14,0,122,0.0,0.25,0.0,93.73,
ERCOT,92.5,17,69,14,0,117,0.0,0.25,0.5,92.66,
ERCOT,92.5,17,69,14,0,117,0.0,0.25,1.0,92.97,
ERCOT,92.5,17,69,14,0,117,0.0,0.5,0.0,92.78,
ERCOT,92.5,17,69,14,0,117,0.0,0.5,0.5,92.78,
ERCOT,92.5,17,69,14,0,117,0.0,0.75,0.0,92.78,
ERCOT,92.5,17,69,14,0,117,0.0,0.75,0.5,92.78,
ERCOT,92.5,17,69,14,0,117,0.0,1.0,0.0,92.78,
ERCOT,92.5,17,69,14,0,117,0.0,1.0,0.5,92.78,
ERCOT,92.5,17,69,14,0,117,0.25,0.0,0.0,92.64,
ERCOT,92.5,17,69,14,0,117,0.25,0.0,0.5,92.64,
ERCOT,92.5,17,69,14,0,117,0.25,0.25,0.0,92.64,
ERCOT,92.5,17,69,14,0,117,0.25,0.25,0.5,92.64,
ERCOT,92.5,17,69,14,0,117,0.25,0.5,0.0,92.64,
ERCOT,92.5,17,69,14,0,117,0.25,0.5,0.5,92.64,
ERCOT,92.5,17,69,14,0,117,0.25,0.75,0.0,92.64,
ERCOT,92.5,17,69,14,0,117,0.25,0.75,0.5,92.64,
ERCOT,92.5,17,69,14,0,117,0.25,1.0,0.0,92.64,
ERCOT,92.5,17,69,14,0,117,0.25,1.0,0.5,92.64,
ERCOT,92.5,17,69,14,0,117,0.5,0.0,0.0,92.64,
ERCOT,92.5,17,69,14,0,117,0.5,0.0,0.5,92.64,
ERCOT,92.5,17,69,14,0,117,0.5,0.25,0.0,92.64,
ERCOT,92.5,17,69,14,0,117,0.5,0.25,0.5,92.64,
ERCOT,92.5,17,69,14,0,117,0.5,0.5,0.0,92.64,
ERCOT,92.5,17,69,14,0,117,0.5,0.5,0.5,92.64,
ERCOT,92.5,17,69,14,0,117,0.5,0.75,0.0,92.64,
ERCOT,92.5,17,69,14,0,117,0.5,0.75,0.5,92.64,
ERCOT,92.5,17,69,14,0,117,0.5,1.0,0.0,92.64,
ERCOT,92.5,17,69,14,0,117,0.5,1.0,0.5,92.64,
ERCOT,92.5,17,70,13,0,237,0.0,0.0,0.5,92.91,
ERCOT,92.5,17,70,13,0,202,0.0,0.0,1.0,93.29,
ERCOT,92.5,17,70,13,0,167,0.0,0.0,1.5,92.73,
ERCOT,92.5,17,70,13,0,147,0.0,0.0,2.0,92.92,
ERCOT,92.5,17,70,13,0,142,0.0,0.0,2.5,93.79,
ERCOT,92.5,17,70,13,0,122,0.0,0.25,0.0,93.32,
ERCOT,92.5,17,70,13,0,122,0.0,0.25,0.5,94.08,
ERCOT,92.5,17,70,13,0,117,0.0,0.5,0.0,92.56,
ERCOT,92.5,17,70,13,0,117,0.0,0.5,0.5,92.56,
ERCOT,92.5,17,70,13,0,117,0.0,0.75,0.0,92.56,
ERCOT,92.5,17,70,13,0,117,0.0,0.75,0.5,92.56,
ERCOT,92.5,17,70,13,0,117,0.0,1.0,0.0,92.56,
ERCOT,92.5,17,70,13,0,117,0.0,1.0,0.5,92.56,
ERCOT,92.5,17,70,13,0,122,0.25,0.0,0.0,94.08,
ERCOT,92.5,17,70,13,0,122,0.25,0.0,0.5,94.08,
ERCOT,92.5,17,70,13,0,122,0.25,0.25,0.0,94.08,
ERCOT,92.5,17,70,13,0,122,0.25,0.25,0.5,94.08,
ERCOT,92.5,17,70,13,0,122,0.25,0.5,0.0,94.08,
ERCOT,92.5,17,70,13,0,122,0.25,0.5,0.5,94.08,
ERCOT,92.5,17,70,13,0,122,0.25,0.75,0.0,94.08,
ERCOT,92.5,17,70,13,0,122,0.25,0.75,0.5,94.08,
ERCOT,92.5,17,70,13,0,122,0.25,1.0,0.0,94.08,
ERCOT,92.5,17,70,13,0,122,0.25,1.0,0.5,94.08,
ERCOT,92.5,17,70,13,0,122,0.5,0.0,0.0,94.08,
ERCOT,92.5,17,70,13,0,122,0.5,0.0,0.5,94.08,
ERCOT,92.5,17,70,13,0,122,0.5,0.25,0.0,94.08,
ERCOT,92.5,17,70,13,0,122,0.5,0.25,0.5,94.08,
ERCOT,92.5,17,70,13,0,122,0.5,0.5,0.0,94.08,
ERCOT,92.5,17,70,13,0,122,0.5,0.5,0.5,94.08,
ERCOT,92.5,17,70,13,0,122,0.5,0.75,0.0,94.08,
ERCOT,92.5,17,70,13,0,122,0.5,0.75,0.5,94.08,
ERCOT,92.5,17,70,13,0,122,0.5,1.0,0.0,94.08,
ERCOT,92.5,17,70,13,0,122,0.5,1.0,0.5,94.08,
ERCOT,92.5,17,71,12,0,247,0.0,0.0,0.5,93.14,
ERCOT,92.5,17,71,12,0,207,0.0,0.0,1.0,92.98,
ERCOT,92.5,17,71,12,0,172,0.0,0.0,1.5,92.7,
ERCOT,92.5,17,71,12,0,152,0.0,0.0,2.0,93.32,
ERCOT,92.5,17,71,12,0,142,0.0,0.0,2.5,93.26,
ERCOT,92.5,17,71,12,0,122,0.0,0.25,0.0,92.88,
ERCOT,92.5,17,71,12,0,122,0.0,0.25,0.5,93.7,
ERCOT,92.5,17,71,12,0,122,0.0,0.5,0.0,93.97,
ERCOT,92.5,17,71,12,0,122,0.0,0.5,0.5,93.97,
ERCOT,92.5,17,71,12,0,122,0.0,0.75,0.0,93.97,
ERCOT,92.5,17,71,12,0,122,0.0,0.75,0.5,93.97,
ERCOT,92.5,17,71,12,0,122,0.0,1.0,0.0,93.97,
ERCOT,92.5,17,71,12,0,122,0.0,1.0,0.5,93.97,
ERCOT,92.5,17,71,12,0,122,0.25,0.0,0.0,93.85,
ERCOT,92.5,17,71,12,0,122,0.25,0.0,0.5,93.85,
ERCOT,92.5,17,71,12,0,122,0.25,0.25,0.0,93.85,
ERCOT,92.5,17,71,12,0,122,0.25,0.25,0.5,93.85,
ERCOT,92.5,17,71,12,0,122,0.25,0.5,0.0,93.85,
ERCOT,92.5,17,71,12,0,122,0.25,0.5,0.5,93.85,
ERCOT,92.5,17,71,12,0,122,0.25,0.75,0.0,93.85,
ERCOT,92.5,17,71,12,0,122,0.25,0.75,0.5,93.85,
ERCOT,92.5,17,71,12,0,122,0.25,1.0,0.0,93.85,
ERCOT,92.5,17,71,12,0,122,0.25,1.0,0.5,93.85,
ERCOT,92.5,17,71,12,0,122,0.5,0.0,0.0,93.85,
ERCOT,92.5,17,71,12,0,122,0.5,0.0,0.5,93.85,
ERCOT,92.5,17,71,12,0,122,0.5,0.25,0.0,93.85,
ERCOT,92.5,17,71,12,0,122,0.5,0.25,0.5,93.85,
ERCOT,92.5,17,71,12,0,122,0.5,0.5,0.0,93.85,
ERCOT,92.5,17,71,12,0,122,0.5,0.5,0.5,93.85,
ERCOT,92.5,17,71,12,0,122,0.5,0.75,0.0,93.85,
ERCOT,92.5,17,71,12,0,122,0.5,0.75,0.5,93.85,
ERCOT,92.5,17,71,12,0,122,0.5,1.0,0.0,93.85,
ERCOT,92.5,17,71,12,0,122,0.5,1.0,0.5,93.85,
ERCOT,92.5,17,72,11,0,212,0.0,0.0,1.0,92.6,
ERCOT,92.5,17,72,11,0,177,0.0,0.0,1.5,92.61,
ERCOT,92.5,17,72,11,0,152,0.0,0.0,2.0,92.59,
ERCOT,92.5,17,72,11,0,142,0.0,0.0,2.5,92.71,
ERCOT,92.5,17,72,11,0,127,0.0,0.25,0.0,93.68,
ERCOT,92.5,17,72,11,0,122,0.0,0.25,0.5,93.31,
ERCOT,92.5,17,72,11,0,122,0.0,0.25,1.0,94.06,
ERCOT,92.5,17,72,11,0,122,0.0,0.5,0.0,93.75,
ERCOT,92.5,17,72,11,0,122,0.0,0.5,0.5,93.75,
ERCOT,92.5,17,72,11,0,122,0.0,0.75,0.0,93.75,
ERCOT,92.5,17,72,11,0,122,0.0,0.75,0.5,93.75,
ERCOT,92.5,17,72,11,0,122,0.0,1.0,0.0,93.75,
ERCOT,92.5,17,72,11,0,122,0.0,1.0,0.5,93.75,
ERCOT,92.5,17,72,11,0,122,0.25,0.0,0.0,93.62,
ERCOT,92.5,17,72,11,0,122,0.25,0.0,0.5,93.62,
ERCOT,92.5,17,72,11,0,122,0.25,0.25,0.0,93.62,
ERCOT,92.5,17,72,11,0,122,0.25,0.25,0.5,93.62,
ERCOT,92.5,17,72,11,0,122,0.25,0.5,0.0,93.62,
ERCOT,92.5,17,72,11,0,122,0.25,0.5,0.5,93.62,
ERCOT,92.5,17,72,11,0,122,0.25,0.75,0.0,93.62,
ERCOT,92.5,17,72,11,0,122,0.25,0.75,0.5,93.62,
ERCOT,92.5,17,72,11,0,122,0.25,1.0,0.0,93.62,
ERCOT,92.5,17,72,11,0,122,0.25,1.0,0.5,93.62,
ERCOT,92.5,17,72,11,0,122,0.5,0.0,0.0,93.62,
ERCOT,92.5,17,72,11,0,122,0.5,0.0,0.5,93.62,
ERCOT,92.5,17,72,11,0,122,0.5,0.25,0.0,93.62,
ERCOT,92.5,17,72,11,0,122,0.5,0.25,0.5,93.62,
ERCOT,92.5,17,72,11,0,122,0.5,0.5,0.0,93.62,
ERCOT,92.5,17,72,11,0,122,0.5,0.5,0.5,93.62,
ERCOT,92.5,17,72,11,0,122,0.5,0.75,0.0,93.62,
ERCOT,92.5,17,72,11,0,122,0.5,0.75,0.5,93.62,
ERCOT,92.5,17,72,11,0,122,0.5,1.0,0.0,93.62,
ERCOT,92.5,17,72,11,0,122,0.5,1.0,0.5,93.62,
ERCOT,92.5,17,73,10,0,222,0.0,0.0,1.0,92.91,
ERCOT,92.5,17,73,10,0,187,0.0,0.0,1.5,93.23,
ERCOT,92.5,17,73,10,0,157,0.0,0.0,2.0,92.84,
ERCOT,92.5,17,73,10,0,147,0.0,0.0,2.5,93.54,
ERCOT,92.5,17,73,10,0,127,0.0,0.25,0.0,93.19,
ERCOT,92.5,17,73,10,0,122,0.0,0.25,0.5,92.88,
ERCOT,92.5,17,73,10,0,122,0.0,0.25,1.0,93.71,
ERCOT,92.5,17,73,10,0,122,0.0,0.5,0.0,93.53,
ERCOT,92.5,17,73,10,0,122,0.0,0.5,0.5,93.53,
ERCOT,92.5,17,73,10,0,122,0.0,0.75,0.0,93.53,
ERCOT,92.5,17,73,10,0,122,0.0,0.75,0.5,93.53,
ERCOT,92.5,17,73,10,0,122,0.0,1.0,0.0,93.53,
ERCOT,92.5,17,73,10,0,122,0.0,1.0,0.5,93.53,
ERCOT,92.5,17,73,10,0,122,0.25,0.0,0.0,93.38,
ERCOT,92.5,17,73,10,0,122,0.25,0.0,0.5,93.38,
ERCOT,92.5,17,73,10,0,122,0.25,0.25,0.0,93.38,
ERCOT,92.5,17,73,10,0,122,0.25,0.25,0.5,93.38,
ERCOT,92.5,17,73,10,0,122,0.25,0.5,0.0,93.38,
ERCOT,92.5,17,73,10,0,122,0.25,0.5,0.5,93.38,
ERCOT,92.5,17,73,10,0,122,0.25,0.75,0.0,93.38,
ERCOT,92.5,17,73,10,0,122,0.25,0.75,0.5,93.38,
ERCOT,92.5,17,73,10,0,122,0.25,1.0,0.0,93.38,
ERCOT,92.5,17,73,10,0,122,0.25,1.0,0.5,93.38,
ERCOT,92.5,17,73,10,0,122,0.5,0.0,0.0,93.38,
ERCOT,92.5,17,73,10,0,122,0.5,0.0,0.5,93.38,
ERCOT,92.5,17,73,10,0,122,0.5,0.25,0.0,93.38,
ERCOT,92.5,17,73,10,0,122,0.5,0.25,0.5,93.38,
ERCOT,92.5,17,73,10,0,122,0.5,0.5,0.0,93.38,
ERCOT,92.5,17,73,10,0,122,0.5,0.5,0.5,93.38,
ERCOT,92.5,17,73,10,0,122,0.5,0.75,0.0,93.38,
ERCOT,92.5,17,73,10,0,122,0.5,0.75,0.5,93.38,
ERCOT,92.5,17,73,10,0,122,0.5,1.0,0.0,93.38,
ERCOT,92.5,17,73,10,0,122,0.5,1.0,0.5,93.38,
ERCOT,92.5,17,74,9,0,232,0.0,0.0,1.0,93.09,
ERCOT,92.5,17,74,9,0,192,0.0,0.0,1.5,92.97,
ERCOT,92.5,17,74,9,0,162,0.0,0.0,2.0,92.98,
ERCOT,92.5,17,74,9,0,147,0.0,0.0,2.5,92.93,
ERCOT,92.5,17,74,9,0,127,0.0,0.25,0.0,92.69,
ERCOT,92.5,17,74,9,0,127,0.0,0.25,0.5,93.8,
ERCOT,92.5,17,74,9,0,122,0.0,0.5,0.0,93.29,
ERCOT,92.5,17,74,9,0,122,0.0,0.5,0.5,93.29,
ERCOT,92.5,17,74,9,0,122,0.0,0.75,0.0,93.29,
ERCOT,92.5,17,74,9,0,122,0.0,0.75,0.5,93.29,
ERCOT,92.5,17,74,9,0,122,0.0,1.0,0.0,93.29,
ERCOT,92.5,17,74,9,0,122,0.0,1.0,0.5,93.29,
ERCOT,92.5,17,74,9,0,122,0.25,0.0,0.0,93.14,
ERCOT,92.5,17,74,9,0,122,0.25,0.0,0.5,93.14,
ERCOT,92.5,17,74,9,0,122,0.25,0.25,0.0,93.14,
ERCOT,92.5,17,74,9,0,122,0.25,0.25,0.5,93.14,
ERCOT,92.5,17,74,9,0,122,0.25,0.5,0.0,93.14,
ERCOT,92.5,17,74,9,0,122,0.25,0.5,0.5,93.14,
ERCOT,92.5,17,74,9,0,122,0.25,0.75,0.0,93.14,
ERCOT,92.5,17,74,9,0,122,0.25,0.75,0.5,93.14,
ERCOT,92.5,17,74,9,0,122,0.25,1.0,0.0,93.14,
ERCOT,92.5,17,74,9,0,122,0.25,1.0,0.5,93.14,
ERCOT,92.5,17,74,9,0,122,0.5,0.0,0.0,93.14,
ERCOT,92.5,17,74,9,0,122,0.5,0.0,0.5,93.14,
ERCOT,92.5,17,74,9,0,122,0.5,0.25,0.0,93.14,
ERCOT,92.5,17,74,9,0,122,0.5,0.25,0.5,93.14,
ERCOT,92.5,17,74,9,0,122,0.5,0.5,0.0,93.14,
ERCOT,92.5,17,74,9,0,122,0.5,0.5,0.5,93.14,
ERCOT,92.5,17,74,9,0,122,0.5,0.75,0.0,93.14,
ERCOT,92.5,17,74,9,0,122,0.5,0.75,0.5,93.14,
ERCOT,92.5,17,74,9,0,122,0.5,1.0,0.0,93.14,
ERCOT,92.5,17,74,9,0,122,0.5,1.0,0.5,93.14,
ERCOT,92.5,18,68,14,0,222,0.0,0.0,0.5,92.83,
ERCOT,92.5,18,68,14,0,187,0.0,0.0,1.0,92.73,
ERCOT,92.5,18,68,14,0,162,0.0,0.0,1.5,93.45,
ERCOT,92.5,18,68,14,0,142,0.0,0.0,2.0,92.95,
ERCOT,92.5,18,68,14,0,137,0.0,0.0,2.5,92.99,
ERCOT,92.5,18,68,14,0,117,0.0,0.25,0.0,92.58,
ERCOT,92.5,18,68,14,0,117,0.0,0.25,0.5,92.94,
ERCOT,92.5,18,68,14,0,117,0.0,0.5,0.0,92.98,
ERCOT,92.5,18,68,14,0,117,0.0,0.5,0.5,92.98,
ERCOT,92.5,18,68,14,0,117,0.0,0.75,0.0,92.98,
ERCOT,92.5,18,68,14,0,117,0.0,0.75,0.5,92.98,
ERCOT,92.5,18,68,14,0,117,0.0,1.0,0.0,92.98,
ERCOT,92.5,18,68,14,0,117,0.0,1.0,0.5,92.98,
ERCOT,92.5,18,68,14,0,117,0.25,0.0,0.0,92.84,
ERCOT,92.5,18,68,14,0,117,0.25,0.0,0.5,92.84,
ERCOT,92.5,18,68,14,0,117,0.25,0.25,0.0,92.84,
ERCOT,92.5,18,68,14,0,117,0.25,0.25,0.5,92.84,
ERCOT,92.5,18,68,14,0,117,0.25,0.5,0.0,92.84,
ERCOT,92.5,18,68,14,0,117,0.25,0.5,0.5,92.84,
ERCOT,92.5,18,68,14,0,117,0.25,0.75,0.0,92.84,
ERCOT,92.5,18,68,14,0,117,0.25,0.75,0.5,92.84,
ERCOT,92.5,18,68,14,0,117,0.25,1.0,0.0,92.84,
ERCOT,92.5,18,68,14,0,117,0.25,1.0,0.5,92.84,
ERCOT,92.5,18,68,14,0,117,0.5,0.0,0.0,92.84,
ERCOT,92.5,18,68,14,0,117,0.5,0.0,0.5,92.84,
ERCOT,92.5,18,68,14,0,117,0.5,0.25,0.0,92.84,
ERCOT,92.5,18,68,14,0,117,0.5,0.25,0.5,92.84,
ERCOT,92.5,18,68,14,0,117,0.5,0.5,0.0,92.84,
ERCOT,92.5,18,68,14,0,117,0.5,0.5,0.5,92.84,
ERCOT,92.5,18,68,14,0,117,0.5,0.75,0.0,92.84,
ERCOT,92.5,18,68,14,0,117,0.5,0.75,0.5,92.84,
ERCOT,92.5,18,68,14,0,117,0.5,1.0,0.0,92.84,
ERCOT,92.5,18,68,14,0,117,0.5,1.0,0.5,92.84,
ERCOT,92.5,18,69,13,0,232,0.0,0.0,0.5,93.25,
ERCOT,92.5,18,69,13,0,192,0.0,0.0,1.0,92.56,
ERCOT,92.5,18,69,13,0,162,0.0,0.0,1.5,92.6,
ERCOT,92.5,18,69,13,0,147,0.0,0.0,2.0,93.54,
ERCOT,92.5,18,69,13,0,137,0.0,0.0,2.5,92.51,
ERCOT,92.5,18,69,13,0,122,0.0,0.25,0.0,93.71,
ERCOT,92.5,18,69,13,0,117,0.0,0.25,0.5,92.62,
ERCOT,92.5,18,69,13,0,117,0.0,0.25,1.0,92.94,
ERCOT,92.5,18,69,13,0,117,0.0,0.5,0.0,92.76,
ERCOT,92.5,18,69,13,0,117,0.0,0.5,0.5,92.76,
ERCOT,92.5,18,69,13,0,117,0.0,0.75,0.0,92.76,
ERCOT,92.5,18,69,13,0,117,0.0,0.75,0.5,92.76,
ERCOT,92.5,18,69,13,0,117,0.0,1.0,0.0,92.76,
ERCOT,92.5,18,69,13,0,117,0.0,1.0,0.5,92.76,
ERCOT,92.5,18,69,13,0,117,0.25,0.0,0.0,92.62,
ERCOT,92.5,18,69,13,0,117,0.25,0.0,0.5,92.62,
ERCOT,92.5,18,69,13,0,117,0.25,0.25,0.0,92.62,
ERCOT,92.5,18,69,13,0,117,0.25,0.25,0.5,92.62,
ERCOT,92.5,18,69,13,0,117,0.25,0.5,0.0,92.62,
ERCOT,92.5,18,69,13,0,117,0.25,0.5,0.5,92.62,
ERCOT,92.5,18,69,13,0,117,0.25,0.75,0.0,92.62,
ERCOT,92.5,18,69,13,0,117,0.25,0.75,0.5,92.62,
ERCOT,92.5,18,69,13,0,117,0.25,1.0,0.0,92.62,
ERCOT,92.5,18,69,13,0,117,0.25,1.0,0.5,92.62,
ERCOT,92.5,18,69,13,0,117,0.5,0.0,0.0,92.62,
ERCOT,92.5,18,69,13,0,117,0.5,0.0,0.5,92.62,
ERCOT,92.5,18,69,13,0,117,0.5,0.25,0.0,92.62,
ERCOT,92.5,18,69,13,0,117,0.5,0.25,0.5,92.62,
ERCOT,92.5,18,69,13,0,117,0.5,0.5,0.0,92.62,
ERCOT,92.5,18,69,13,0,117,0.5,0.5,0.5,92.62,
ERCOT,92.5,18,69,13,0,117,0.5,0.75,0.0,92.62,
ERCOT,92.5,18,69,13,0,117,0.5,0.75,0.5,92.62,
ERCOT,92.5,18,69,13,0,117,0.5,1.0,0.0,92.62,
ERCOT,92.5,18,69,13,0,117,0.5,1.0,0.5,92.62,
ERCOT,92.5,18,70,12,0,237,0.0,0.0,0.5,92.77,
ERCOT,92.5,18,70,12,0,202,0.0,0.0,1.0,93.17,
ERCOT,92.5,18,70,12,0,167,0.0,0.0,1.5,92.64,
ERCOT,92.5,18,70,12,0,147,0.0,0.0,2.0,92.85,
ERCOT,92.5,18,70,12,0,142,0.0,0.0,2.5,93.74,
ERCOT,92.5,18,70,12,0,122,0.0,0.25,0.0,93.29,
ERCOT,92.5,18,70,12,0,122,0.0,0.25,0.5,94.05,
ERCOT,92.5,18,70,12,0,117,0.0,0.5,0.0,92.53,
ERCOT,92.5,18,70,12,0,117,0.0,0.5,0.5,92.53,
ERCOT,92.5,18,70,12,0,117,0.0,0.75,0.0,92.53,
ERCOT,92.5,18,70,12,0,117,0.0,0.75,0.5,92.53,
ERCOT,92.5,18,70,12,0,117,0.0,1.0,0.0,92.53,
ERCOT,92.5,18,70,12,0,117,0.0,1.0,0.5,92.53,
ERCOT,92.5,18,70,12,0,122,0.25,0.0,0.0,94.06,
ERCOT,92.5,18,70,12,0,122,0.25,0.0,0.5,94.06,
ERCOT,92.5,18,70,12,0,122,0.25,0.25,0.0,94.06,
ERCOT,92.5,18,70,12,0,122,0.25,0.25,0.5,94.06,
ERCOT,92.5,18,70,12,0,122,0.25,0.5,0.0,94.06,
ERCOT,92.5,18,70,12,0,122,0.25,0.5,0.5,94.06,
ERCOT,92.5,18,70,12,0,122,0.25,0.75,0.0,94.06,
ERCOT,92.5,18,70,12,0,122,0.25,0.75,0.5,94.06,
ERCOT,92.5,18,70,12,0,122,0.25,1.0,0.0,94.06,
ERCOT,92.5,18,70,12,0,122,0.25,1.0,0.5,94.06,
ERCOT,92.5,18,70,12,0,122,0.5,0.0,0.0,94.06,
ERCOT,92.5,18,70,12,0,122,0.5,0.0,0.5,94.06,
ERCOT,92.5,18,70,12,0,122,0.5,0.25,0.0,94.06,
ERCOT,92.5,18,70,12,0,122,0.5,0.25,0.5,94.06,
ERCOT,92.5,18,70,12,0,122,0.5,0.5,0.0,94.06,
ERCOT,92.5,18,70,12,0,122,0.5,0.5,0.5,94.06,
ERCOT,92.5,18,70,12,0,122,0.5,0.75,0.0,94.06,
ERCOT,92.5,18,70,12,0,122,0.5,0.75,0.5,94.06,
ERCOT,92.5,18,70,12,0,122,0.5,1.0,0.0,94.06,
ERCOT,92.5,18,70,12,0,122,0.5,1.0,0.5,94.06,
ERCOT,92.5,18,71,11,0,247,0.0,0.0,0.5,93.0,
ERCOT,92.5,18,71,11,0,207,0.0,0.0,1.0,92.85,
ERCOT,92.5,18,71,11,0,172,0.0,0.0,1.5,92.61,
ERCOT,92.5,18,71,11,0,152,0.0,0.0,2.0,93.25,
ERCOT,92.5,18,71,11,0,142,0.0,0.0,2.5,93.2,
ERCOT,92.5,18,71,11,0,122,0.0,0.25,0.0,92.84,
ERCOT,92.5,18,71,11,0,122,0.0,0.25,0.5,93.67,
ERCOT,92.5,18,71,11,0,122,0.0,0.5,0.0,93.96,
ERCOT,92.5,18,71,11,0,122,0.0,0.5,0.5,93.96,
ERCOT,92.5,18,71,11,0,122,0.0,0.75,0.0,93.96,
ERCOT,92.5,18,71,11,0,122,0.0,0.75,0.5,93.96,
ERCOT,92.5,18,71,11,0,122,0.0,1.0,0.0,93.96,
ERCOT,92.5,18,71,11,0,122,0.0,1.0,0.5,93.96,
ERCOT,92.5,18,71,11,0,122,0.25,0.0,0.0,93.83,
ERCOT,92.5,18,71,11,0,122,0.25,0.0,0.5,93.83,
ERCOT,92.5,18,71,11,0,122,0.25,0.25,0.0,93.83,
ERCOT,92.5,18,71,11,0,122,0.25,0.25,0.5,93.83,
ERCOT,92.5,18,71,11,0,122,0.25,0.5,0.0,93.83,
ERCOT,92.5,18,71,11,0,122,0.25,0.5,0.5,93.83,
ERCOT,92.5,18,71,11,0,122,0.25,0.75,0.0,93.83,
ERCOT,92.5,18,71,11,0,122,0.25,0.75,0.5,93.83,
ERCOT,92.5,18,71,11,0,122,0.25,1.0,0.0,93.83,
ERCOT,92.5,18,71,11,0,122,0.25,1.0,0.5,93.83,
ERCOT,92.5,18,71,11,0,122,0.5,0.0,0.0,93.83,
ERCOT,92.5,18,71,11,0,122,0.5,0.0,0.5,93.83,
ERCOT,92.5,18,71,11,0,122,0.5,0.25,0.0,93.83,
ERCOT,92.5,18,71,11,0,122,0.5,0.25,0.5,93.83,
ERCOT,92.5,18,71,11,0,122,0.5,0.5,0.0,93.83,
ERCOT,92.5,18,71,11,0,122,0.5,0.5,0.5,93.83,
ERCOT,92.5,18,71,11,0,122,0.5,0.75,0.0,93.83,
ERCOT,92.5,18,71,11,0,122,0.5,0.75,0.5,93.83,
ERCOT,92.5,18,71,11,0,122,0.5,1.0,0.0,93.83,
ERCOT,92.5,18,71,11,0,122,0.5,1.0,0.5,93.83,
ERCOT,92.5,18,72,10,0,217,0.0,0.0,1.0,93.24,
ERCOT,92.5,18,72,10,0,177,0.0,0.0,1.5,92.51,
ERCOT,92.5,18,72,10,0,152,0.0,0.0,2.0,92.51,
ERCOT,92.5,18,72,10,0,142,0.0,0.0,2.5,92.65,
ERCOT,92.5,18,72,10,0,127,0.0,0.25,0.0,93.64,
ERCOT,92.5,18,72,10,0,122,0.0,0.25,0.5,93.27,
ERCOT,92.5,18,72,10,0,122,0.0,0.25,1.0,94.03,
ERCOT,92.5,18,72,10,0,122,0.0,0.5,0.0,93.73,
ERCOT,92.5,18,72,10,0,122,0.0,0.5,0.5,93.73,
ERCOT,92.5,18,72,10,0,122,0.0,0.75,0.0,93.73,
ERCOT,92.5,18,72,10,0,122,0.0,0.75,0.5,93.73,
ERCOT,92.5,18,72,10,0,122,0.0,1.0,0.0,93.73,
ERCOT,92.5,18,72,10,0,122,0.0,1.0,0.5,93.73,
ERCOT,92.5,18,72,10,0,122,0.25,0.0,0.0,93.59,
ERCOT,92.5,18,72,10,0,122,0.25,0.0,0.5,93.59,
ERCOT,92.5,18,72,10,0,122,0.25,0.25,0.0,93.59,
ERCOT,92.5,18,72,10,0,122,0.25,0.25,0.5,93.59,
ERCOT,92.5,18,72,10,0,122,0.25,0.5,0.0,93.59,
ERCOT,92.5,18,72,10,0,122,0.25,0.5,0.5,93.59,
ERCOT,92.5,18,72,10,0,122,0.25,0.75,0.0,93.59,
ERCOT,92.5,18,72,10,0,122,0.25,0.75,0.5,93.59,
ERCOT,92.5,18,72,10,0,122,0.25,1.0,0.0,93.59,
ERCOT,92.5,18,72,10,0,122,0.25,1.0,0.5,93.59,
ERCOT,92.5,18,72,10,0,122,0.5,0.0,0.0,93.59,
ERCOT,92.5,18,72,10,0,122,0.5,0.0,0.5,93.59,
ERCOT,92.5,18,72,10,0,122,0.5,0.25,0.0,93.59,
ERCOT,92.5,18,72,10,0,122,0.5,0.25,0.5,93.59,
ERCOT,92.5,18,72,10,0,122,0.5,0.5,0.0,93.59,
ERCOT,92.5,18,72,10,0,122,0.5,0.5,0.5,93.59,
ERCOT,92.5,18,72,10,0,122,0.5,0.75,0.0,93.59,
ERCOT,92.5,18,72,10,0,122,0.5,0.75,0.5,93.59,
ERCOT,92.5,18,72,10,0,122,0.5,1.0,0.0,93.59,
ERCOT,92.5,18,72,10,0,122,0.5,1.0,0.5,93.59,
ERCOT,92.5,18,73,9,0,222,0.0,0.0,1.0,92.77,
ERCOT,92.5,18,73,9,0,187,0.0,0.0,1.5,93.12,
ERCOT,92.5,18,73,9,0,157,0.0,0.0,2.0,92.76,
ERCOT,92.5,18,73,9,0,147,0.0,0.0,2.5,93.48,
ERCOT,92.5,18,73,9,0,127,0.0,0.25,0.0,93.15,
ERCOT,92.5,18,73,9,0,122,0.0,0.25,0.5,92.84,
ERCOT,92.5,18,73,9,0,122,0.0,0.25,1.0,93.66,
ERCOT,92.5,18,73,9,0,122,0.0,0.5,0.0,93.5,
ERCOT,92.5,18,73,9,0,122,0.0,0.5,0.5,93.5,
ERCOT,92.5,18,73,9,0,122,0.0,0.75,0.0,93.5,
ERCOT,92.5,18,73,9,0,122,0.0,0.75,0.5,93.5,
ERCOT,92.5,18,73,9,0,122,0.0,1.0,0.0,93.5,
ERCOT,92.5,18,73,9,0,122,0.0,1.0,0.5,93.5,
ERCOT,92.5,18,73,9,0,122,0.25,0.0,0.0,93.35,
ERCOT,92.5,18,73,9,0,122,0.25,0.0,0.5,93.35,
ERCOT,92.5,18,73,9,0,122,0.25,0.25,0.0,93.35,
ERCOT,92.5,18,73,9,0,122,0.25,0.25,0.5,93.35,
ERCOT,92.5,18,73,9,0,122,0.25,0.5,0.0,93.35,
ERCOT,92.5,18,73,9,0,122,0.25,0.5,0.5,93.35,
ERCOT,92.5,18,73,9,0,122,0.25,0.75,0.0,93.35,
ERCOT,92.5,18,73,9,0,122,0.25,0.75,0.5,93.35,
ERCOT,92.5,18,73,9,0,122,0.25,1.0,0.0,93.35,
ERCOT,92.5,18,73,9,0,122,0.25,1.0,0.5,93.35,
ERCOT,92.5,18,73,9,0,122,0.5,0.0,0.0,93.35,
ERCOT,92.5,18,73,9,0,122,0.5,0.0,0.5,93.35,
ERCOT,92.5,18,73,9,0,122,0.5,0.25,0.0,93.35,
ERCOT,92.5,18,73,9,0,122,0.5,0.25,0.5,93.35,
ERCOT,92.5,18,73,9,0,122,0.5,0.5,0.0,93.35,
ERCOT,92.5,18,73,9,0,122,0.5,0.5,0.5,93.35,
ERCOT,92.5,18,73,9,0,122,0.5,0.75,0.0,93.35,
ERCOT,92.5,18,73,9,0,122,0.5,0.75,0.5,93.35,
ERCOT,92.5,18,73,9,0,122,0.5,1.0,0.0,93.35,
ERCOT,92.5,18,73,9,0,122,0.5,1.0,0.5,93.35,
ERCOT,92.5,18,74,8,0,232,0.0,0.0,1.0,92.94,
ERCOT,92.5,18,74,8,0,192,0.0,0.0,1.5,92.86,
ERCOT,92.5,18,74,8,0,162,0.0,0.0,2.0,92.89,
ERCOT,92.5,18,74,8,0,147,0.0,0.0,2.5,92.86,
ERCOT,92.5,18,74,8,0,127,0.0,0.25,0.0,92.65,
ERCOT,92.5,18,74,8,0,127,0.0,0.25,0.5,93.76,
ERCOT,92.5,18,74,8,0,122,0.0,0.5,0.0,93.26,
ERCOT,92.5,18,74,8,0,122,0.0,0.5,0.5,93.26,
ERCOT,92.5,18,74,8,0,122,0.0,0.75,0.0,93.26,
ERCOT,92.5,18,74,8,0,122,0.0,0.75,0.5,93.26,
ERCOT,92.5,18,74,8,0,122,0.0,1.0,0.0,93.26,
ERCOT,92.5,18,74,8,0,122,0.0,1.0,0.5,93.26,
ERCOT,92.5,18,74,8,0,122,0.25,0.0,0.0,93.11,
ERCOT,92.5,18,74,8,0,122,0.25,0.0,0.5,93.11,
ERCOT,92.5,18,74,8,0,122,0.25,0.25,0.0,93.11,
ERCOT,92.5,18,74,8,0,122,0.25,0.25,0.5,93.11,
ERCOT,92.5,18,74,8,0,122,0.25,0.5,0.0,93.11,
ERCOT,92.5,18,74,8,0,122,0.25,0.5,0.5,93.11,
ERCOT,92.5,18,74,8,0,122,0.25,0.75,0.0,93.11,
ERCOT,92.5,18,74,8,0,122,0.25,0.75,0.5,93.11,
ERCOT,92.5,18,74,8,0,122,0.25,1.0,0.0,93.11,
ERCOT,92.5,18,74,8,0,122,0.25,1.0,0.5,93.11,
ERCOT,92.5,18,74,8,0,122,0.5,0.0,0.0,93.11,
ERCOT,92.5,18,74,8,0,122,0.5,0.0,0.5,93.11,
ERCOT,92.5,18,74,8,0,122,0.5,0.25,0.0,93.11,
ERCOT,92.5,18,74,8,0,122,0.5,0.25,0.5,93.11,
ERCOT,92.5,18,74,8,0,122,0.5,0.5,0.0,93.11,
ERCOT,92.5,18,74,8,0,122,0.5,0.5,0.5,93.11,
ERCOT,92.5,18,74,8,0,122,0.5,0.75,0.0,93.11,
ERCOT,92.5,18,74,8,0,122,0.5,0.75,0.5,93.11,
ERCOT,92.5,18,74,8,0,122,0.5,1.0,0.0,93.11,
ERCOT,92.5,18,74,8,0,122,0.5,1.0,0.5,93.11,
ERCOT,92.5,19,67,14,0,217,0.0,0.0,0.5,93.04,
ERCOT,92.5,19,67,14,0,182,0.0,0.0,1.0,92.72,
ERCOT,92.5,19,67,14,0,157,0.0,0.0,1.5,93.23,
ERCOT,92.5,19,67,14,0,142,0.0,0.0,2.0,93.52,
ERCOT,92.5,19,67,14,0,137,0.0,0.0,2.5,93.4,
ERCOT,92.5,19,67,14,0,117,0.0,0.25,0.0,92.89,
ERCOT,92.5,19,67,14,0,117,0.0,0.25,0.5,93.2,
ERCOT,92.5,19,67,14,0,117,0.0,0.5,0.0,93.18,
ERCOT,92.5,19,67,14,0,117,0.0,0.5,0.5,93.18,
ERCOT,92.5,19,67,14,0,117,0.0,0.75,0.0,93.18,
ERCOT,92.5,19,67,14,0,117,0.0,0.75,0.5,93.18,
ERCOT,92.5,19,67,14,0,117,0.0,1.0,0.0,93.18,
ERCOT,92.5,19,67,14,0,117,0.0,1.0,0.5,93.18,
ERCOT,92.5,19,67,14,0,117,0.25,0.0,0.0,93.04,
ERCOT,92.5,19,67,14,0,117,0.25,0.0,0.5,93.04,
ERCOT,92.5,19,67,14,0,117,0.25,0.25,0.0,93.04,
ERCOT,92.5,19,67,14,0,117,0.25,0.25,0.5,93.04,
ERCOT,92.5,19,67,14,0,117,0.25,0.5,0.0,93.04,
ERCOT,92.5,19,67,14,0,117,0.25,0.5,0.5,93.04,
ERCOT,92.5,19,67,14,0,117,0.25,0.75,0.0,93.04,
ERCOT,92.5,19,67,14,0,117,0.25,0.75,0.5,93.04,
ERCOT,92.5,19,67,14,0,117,0.25,1.0,0.0,93.04,
ERCOT,92.5,19,67,14,0,117,0.25,1.0,0.5,93.04,
ERCOT,92.5,19,67,14,0,117,0.5,0.0,0.0,93.04,
ERCOT,92.5,19,67,14,0,117,0.5,0.0,0.5,93.04,
ERCOT,92.5,19,67,14,0,117,0.5,0.25,0.0,93.04,
ERCOT,92.5,19,67,14,0,117,0.5,0.25,0.5,93.04,
ERCOT,92.5,19,67,14,0,117,0.5,0.5,0.0,93.04,
ERCOT,92.5,19,67,14,0,117,0.5,0.5,0.5,93.04,
ERCOT,92.5,19,67,14,0,117,0.5,0.75,0.0,93.04,
ERCOT,92.5,19,67,14,0,117,0.5,0.75,0.5,93.04,
ERCOT,92.5,19,67,14,0,117,0.5,1.0,0.0,93.04,
ERCOT,92.5,19,67,14,0,117,0.5,1.0,0.5,93.04,
ERCOT,92.5,19,68,13,0,222,0.0,0.0,0.5,92.7,
ERCOT,92.5,19,68,13,0,187,0.0,0.0,1.0,92.61,
ERCOT,92.5,19,68,13,0,162,0.0,0.0,1.5,93.36,
ERCOT,92.5,19,68,13,0,142,0.0,0.0,2.0,92.88,
ERCOT,92.5,19,68,13,0,137,0.0,0.0,2.5,92.94,
ERCOT,92.5,19,68,13,0,117,0.0,0.25,0.0,92.54,
ERCOT,92.5,19,68,13,0,117,0.0,0.25,0.5,92.91,
ERCOT,92.5,19,68,13,0,117,0.0,0.5,0.0,92.96,
ERCOT,92.5,19,68,13,0,117,0.0,0.5,0.5,92.96,
ERCOT,92.5,19,68,13,0,117,0.0,0.75,0.0,92.96,
ERCOT,92.5,19,68,13,0,117,0.0,0.75,0.5,92.96,
ERCOT,92.5,19,68,13,0,117,0.0,1.0,0.0,92.96,
ERCOT,92.5,19,68,13,0,117,0.0,1.0,0.5,92.96,
ERCOT,92.5,19,68,13,0,117,0.25,0.0,0.0,92.82,
ERCOT,92.5,19,68,13,0,117,0.25,0.0,0.5,92.82,
ERCOT,92.5,19,68,13,0,117,0.25,0.25,0.0,92.82,
ERCOT,92.5,19,68,13,0,117,0.25,0.25,0.5,92.82,
ERCOT,92.5,19,68,13,0,117,0.25,0.5,0.0,92.82,
ERCOT,92.5,19,68,13,0,117,0.25,0.5,0.5,92.82,
ERCOT,92.5,19,68,13,0,117,0.25,0.75,0.0,92.82,
ERCOT,92.5,19,68,13,0,117,0.25,0.75,0.5,92.82,
ERCOT,92.5,19,68,13,0,117,0.25,1.0,0.0,92.82,
ERCOT,92.5,19,68,13,0,117,0.25,1.0,0.5,92.82,
ERCOT,92.5,19,68,13,0,117,0.5,0.0,0.0,92.82,
ERCOT,92.5,19,68,13,0,117,0.5,0.0,0.5,92.82,
ERCOT,92.5,19,68,13,0,117,0.5,0.25,0.0,92.82,
ERCOT,92.5,19,68,13,0,117,0.5,0.25,0.5,92.82,
ERCOT,92.5,19,68,13,0,117,0.5,0.5,0.0,92.82,
ERCOT,92.5,19,68,13,0,117,0.5,0.5,0.5,92.82,
ERCOT,92.5,19,68,13,0,117,0.5,0.75,0.0,92.82,
ERCOT,92.5,19,68,13,0,117,0.5,0.75,0.5,92.82,
ERCOT,92.5,19,68,13,0,117,0.5,1.0,0.0,92.82,
ERCOT,92.5,19,68,13,0,117,0.5,1.0,0.5,92.82,
ERCOT,92.5,19,69,12,0,232,0.0,0.0,0.5,93.12,
ERCOT,92.5,19,69,12,0,197,0.0,0.0,1.0,93.31,
ERCOT,92.5,19,69,12,0,162,0.0,0.0,1.5,92.5,
ERCOT,92.5,19,69,12,0,147,0.0,0.0,2.0,93.47,
ERCOT,92.5,19,69,12,0,142,0.0,0.0,2.5,94.21,
ERCOT,92.5,19,69,12,0,122,0.0,0.25,0.0,93.68,
ERCOT,92.5,19,69,12,0,117,0.0,0.25,0.5,92.58,
ERCOT,92.5,19,69,12,0,117,0.0,0.25,1.0,92.91,
ERCOT,92.5,19,69,12,0,117,0.0,0.5,0.0,92.73,
ERCOT,92.5,19,69,12,0,117,0.0,0.5,0.5,92.73,
ERCOT,92.5,19,69,12,0,117,0.0,0.75,0.0,92.73,
ERCOT,92.5,19,69,12,0,117,0.0,0.75,0.5,92.73,
ERCOT,92.5,19,69,12,0,117,0.0,1.0,0.0,92.73,
ERCOT,92.5,19,69,12,0,117,0.0,1.0,0.5,92.73,
ERCOT,92.5,19,69,12,0,117,0.25,0.0,0.0,92.6,
ERCOT,92.5,19,69,12,0,117,0.25,0.0,0.5,92.6,
ERCOT,92.5,19,69,12,0,117,0.25,0.25,0.0,92.6,
ERCOT,92.5,19,69,12,0,117,0.25,0.25,0.5,92.6,
ERCOT,92.5,19,69,12,0,117,0.25,0.5,0.0,92.6,
ERCOT,92.5,19,69,12,0,117,0.25,0.5,0.5,92.6,
ERCOT,92.5,19,69,12,0,117,0.25,0.75,0.0,92.6,
ERCOT,92.5,19,69,12,0,117,0.25,0.75,0.5,92.6,
ERCOT,92.5,19,69,12,0,117,0.25,1.0,0.0,92.6,
ERCOT,92.5,19,69,12,0,117,0.25,1.0,0.5,92.6,
ERCOT,92.5,19,69,12,0,117,0.5,0.0,0.0,92.6,
ERCOT,92.5,19,69,12,0,117,0.5,0.0,0.5,92.6,
ERCOT,92.5,19,69,12,0,117,0.5,0.25,0.0,92.6,
ERCOT,92.5,19,69,12,0,117,0.5,0.25,0.5,92.6,
ERCOT,92.5,19,69,12,0,117,0.5,0.5,0.0,92.6,
ERCOT,92.5,19,69,12,0,117,0.5,0.5,0.5,92.6,
ERCOT,92.5,19,69,12,0,117,0.5,0.75,0.0,92.6,
ERCOT,92.5,19,69,12,0,117,0.5,0.75,0.5,92.6,
ERCOT,92.5,19,69,12,0,117,0.5,1.0,0.0,92.6,
ERCOT,92.5,19,69,12,0,117,0.5,1.0,0.5,92.6,
ERCOT,92.5,19,70,11,0,237,0.0,0.0,0.5,92.62,
ERCOT,92.5,19,70,11,0,202,0.0,0.0,1.0,93.05,
ERCOT,92.5,19,70,11,0,167,0.0,0.0,1.5,92.54,
ERCOT,92.5,19,70,11,0,147,0.0,0.0,2.0,92.77,
ERCOT,92.5,19,70,11,0,142,0.0,0.0,2.5,93.68,
ERCOT,92.5,19,70,11,0,122,0.0,0.25,0.0,93.26,
ERCOT,92.5,19,70,11,0,122,0.0,0.25,0.5,94.03,
ERCOT,92.5,19,70,11,0,117,0.0,0.5,0.0,92.5,
ERCOT,92.5,19,70,11,0,117,0.0,0.5,0.5,92.5,
ERCOT,92.5,19,70,11,0,117,0.0,0.75,0.0,92.5,
ERCOT,92.5,19,70,11,0,117,0.0,0.75,0.5,92.5,
ERCOT,92.5,19,70,11,0,117,0.0,1.0,0.0,92.5,
ERCOT,92.5,19,70,11,0,117,0.0,1.0,0.5,92.5,
ERCOT,92.5,19,70,11,0,122,0.25,0.0,0.0,94.04,
ERCOT,92.5,19,70,11,0,122,0.25,0.0,0.5,94.04,
ERCOT,92.5,19,70,11,0,122,0.25,0.25,0.0,94.04,
ERCOT,92.5,19,70,11,0,122,0.25,0.25,0.5,94.04,
ERCOT,92.5,19,70,11,0,122,0.25,0.5,0.0,94.04,
ERCOT,92.5,19,70,11,0,122,0.25,0.5,0.5,94.04,
ERCOT,92.5,19,70,11,0,122,0.25,0.75,0.0,94.04,
ERCOT,92.5,19,70,11,0,122,0.25,0.75,0.5,94.04,
ERCOT,92.5,19,70,11,0,122,0.25,1.0,0.0,94.04,
ERCOT,92.5,19,70,11,0,122,0.25,1.0,0.5,94.04,
ERCOT,92.5,19,70,11,0,122,0.5,0.0,0.0,94.04,
ERCOT,92.5,19,70,11,0,122,0.5,0.0,0.5,94.04,
ERCOT,92.5,19,70,11,0,122,0.5,0.25,0.0,94.04,
ERCOT,92.5,19,70,11,0,122,0.5,0.25,0.5,94.04,
ERCOT,92.5,19,70,11,0,122,0.5,0.5,0.0,94.04,
ERCOT,92.5,19,70,11,0,122,0.5,0.5,0.5,94.04,
ERCOT,92.5,19,70,11,0,122,0.5,0.75,0.0,94.04,
ERCOT,92.5,19,70,11,0,122,0.5,0.75,0.5,94.04,
ERCOT,92.5,19,70,11,0,122,0.5,1.0,0.0,94.04,
ERCOT,92.5,19,70,11,0,122,0.5,1.0,0.5,94.04,
ERCOT,92.5,19,71,10,0,247,0.0,0.0,0.5,92.85,
ERCOT,92.5,19,71,10,0,207,0.0,0.0,1.0,92.72,
ERCOT,92.5,19,71,10,0,172,0.0,0.0,1.5,92.51,
ERCOT,92.5,19,71,10,0,152,0.0,0.0,2.0,93.17,
ERCOT,92.5,19,71,10,0,142,0.0,0.0,2.5,93.14,
ERCOT,92.5,19,71,10,0,122,0.0,0.25,0.0,92.79,
ERCOT,92.5,19,71,10,0,122,0.0,0.25,0.5,93.64,
ERCOT,92.5,19,71,10,0,122,0.0,0.5,0.0,93.94,
ERCOT,92.5,19,71,10,0,122,0.0,0.5,0.5,93.94,
ERCOT,92.5,19,71,10,0,122,0.0,0.75,0.0,93.94,
ERCOT,92.5,19,71,10,0,122,0.0,0.75,0.5,93.94,
ERCOT,92.5,19,71,10,0,122,0.0,1.0,0.0,93.94,
ERCOT,92.5,19,71,10,0,122,0.0,1.0,0.5,93.94,
ERCOT,92.5,19,71,10,0,122,0.25,0.0,0.0,93.81,
ERCOT,92.5,19,71,10,0,122,0.25,0.0,0.5,93.81,
ERCOT,92.5,19,71,10,0,122,0.25,0.25,0.0,93.81,
ERCOT,92.5,19,71,10,0,122,0.25,0.25,0.5,93.81,
ERCOT,92.5,19,71,10,0,122,0.25,0.5,0.0,93.81,
ERCOT,92.5,19,71,10,0,122,0.25,0.5,0.5,93.81,
ERCOT,92.5,19,71,10,0,122,0.25,0.75,0.0,93.81,
ERCOT,92.5,19,71,10,0,122,0.25,0.75,0.5,93.81,
ERCOT,92.5,19,71,10,0,122,0.25,1.0,0.0,93.81,
ERCOT,92.5,19,71,10,0,122,0.25,1.0,0.5,93.81,
ERCOT,92.5,19,71,10,0,122,0.5,0.0,0.0,93.81,
ERCOT,92.5,19,71,10,0,122,0.5,0.0,0.5,93.81,
ERCOT,92.5,19,71,10,0,122,0.5,0.25,0.0,93.81,
ERCOT,92.5,19,71,10,0,122,0.5,0.25,0.5,93.81,
ERCOT,92.5,19,71,10,0,122,0.5,0.5,0.0,93.81,
ERCOT,92.5,19,71,10,0,122,0.5,0.5,0.5,93.81,
ERCOT,92.5,19,71,10,0,122,0.5,0.75,0.0,93.81,
ERCOT,92.5,19,71,10,0,122,0.5,0.75,0.5,93.81,
ERCOT,92.5,19,71,10,0,122,0.5,1.0,0.0,93.81,
ERCOT,92.5,19,71,10,0,122,0.5,1.0,0.5,93.81,
ERCOT,92.5,19,72,9,0,217,0.0,0.0,1.0,93.11,
ERCOT,92.5,19,72,9,0,182,0.0,0.0,1.5,93.22,
ERCOT,92.5,19,72,9,0,157,0.0,0.0,2.0,93.44,
ERCOT,92.5,19,72,9,0,142,0.0,0.0,2.5,92.58,
ERCOT,92.5,19,72,9,0,127,0.0,0.25,0.0,93.61,
ERCOT,92.5,19,72,9,0,122,0.0,0.25,0.5,93.22,
ERCOT,92.5,19,72,9,0,122,0.0,0.25,1.0,93.99,
ERCOT,92.5,19,72,9,0,122,0.0,0.5,0.0,93.71,
ERCOT,92.5,19,72,9,0,122,0.0,0.5,0.5,93.71,
ERCOT,92.5,19,72,9,0,122,0.0,0.75,0.0,93.71,
ERCOT,92.5,19,72,9,0,122,0.0,0.75,0.5,93.71,
ERCOT,92.5,19,72,9,0,122,0.0,1.0,0.0,93.71,
ERCOT,92.5,19,72,9,0,122,0.0,1.0,0.5,93.71,
ERCOT,92.5,19,72,9,0,122,0.25,0.0,0.0,93.57,
ERCOT,92.5,19,72,9,0,122,0.25,0.0,0.5,93.57,
ERCOT,92.5,19,72,9,0,122,0.25,0.25,0.0,93.57,
ERCOT,92.5,19,72,9,0,122,0.25,0.25,0.5,93.57,
ERCOT,92.5,19,72,9,0,122,0.25,0.5,0.0,93.57,
ERCOT,92.5,19,72,9,0,122,0.25,0.5,0.5,93.57,
ERCOT,92.5,19,72,9,0,122,0.25,0.75,0.0,93.57,
ERCOT,92.5,19,72,9,0,122,0.25,0.75,0.5,93.57,
ERCOT,92.5,19,72,9,0,122,0.25,1.0,0.0,93.57,
ERCOT,92.5,19,72,9,0,122,0.25,1.0,0.5,93.57,
ERCOT,92.5,19,72,9,0,122,0.5,0.0,0.0,93.57,
ERCOT,92.5,19,72,9,0,122,0.5,0.0,0.5,93.57,
ERCOT,92.5,19,72,9,0,122,0.5,0.25,0.0,93.57,
ERCOT,92.5,19,72,9,0,122,0.5,0.25,0.5,93.57,
ERCOT,92.5,19,72,9,0,122,0.5,0.5,0.0,93.57,
ERCOT,92.5,19,72,9,0,122,0.5,0.5,0.5,93.57,
ERCOT,92.5,19,72,9,0,122,0.5,0.75,0.0,93.57,
ERCOT,92.5,19,72,9,0,122,0.5,0.75,0.5,93.57,
ERCOT,92.5,19,72,9,0,122,0.5,1.0,0.0,93.57,
ERCOT,92.5,19,72,9,0,122,0.5,1.0,0.5,93.57,
ERCOT,92.5,19,73,8,0,222,0.0,0.0,1.0,92.62,
ERCOT,92.5,19,73,8,0,187,0.0,0.0,1.5,93.01,
ERCOT,92.5,19,73,8,0,157,0.0,0.0,2.0,92.67,
ERCOT,92.5,19,73,8,0,147,0.0,0.0,2.5,93.41,
ERCOT,92.5,19,73,8,0,127,0.0,0.25,0.0,93.11,
ERCOT,92.5,19,73,8,0,122,0.0,0.25,0.5,92.79,
ERCOT,92.5,19,73,8,0,122,0.0,0.25,1.0,93.62,
ERCOT,92.5,19,73,8,0,122,0.0,0.5,0.0,93.48,
ERCOT,92.5,19,73,8,0,122,0.0,0.5,0.5,93.48,
ERCOT,92.5,19,73,8,0,122,0.0,0.75,0.0,93.48,
ERCOT,92.5,19,73,8,0,122,0.0,0.75,0.5,93.48,
ERCOT,92.5,19,73,8,0,122,0.0,1.0,0.0,93.48,
ERCOT,92.5,19,73,8,0,122,0.0,1.0,0.5,93.48,
ERCOT,92.5,19,73,8,0,122,0.25,0.0,0.0,93.32,
ERCOT,92.5,19,73,8,0,122,0.25,0.0,0.5,93.32,
ERCOT,92.5,19,73,8,0,122,0.25,0.25,0.0,93.32,
ERCOT,92.5,19,73,8,0,122,0.25,0.25,0.5,93.32,
ERCOT,92.5,19,73,8,0,122,0.25,0.5,0.0,93.32,
ERCOT,92.5,19,73,8,0,122,0.25,0.5,0.5,93.32,
ERCOT,92.5,19,73,8,0,122,0.25,0.75,0.0,93.32,
ERCOT,92.5,19,73,8,0,122,0.25,0.75,0.5,93.32,
ERCOT,92.5,19,73,8,0,122,0.25,1.0,0.0,93.32,
ERCOT,92.5,19,73,8,0,122,0.25,1.0,0.5,93.32,
ERCOT,92.5,19,73,8,0,122,0.5,0.0,0.0,93.32,
ERCOT,92.5,19,73,8,0,122,0.5,0.0,0.5,93.32,
ERCOT,92.5,19,73,8,0,122,0.5,0.25,0.0,93.32,
ERCOT,92.5,19,73,8,0,122,0.5,0.25,0.5,93.32,
ERCOT,92.5,19,73,8,0,122,0.5,0.5,0.0,93.32,
ERCOT,92.5,19,73,8,0,122,0.5,0.5,0.5,93.32,
ERCOT,92.5,19,73,8,0,122,0.5,0.75,0.0,93.32,
ERCOT,92.5,19,73,8,0,122,0.5,0.75,0.5,93.32,
ERCOT,92.5,19,73,8,0,122,0.5,1.0,0.0,93.32,
ERCOT,92.5,19,73,8,0,122,0.5,1.0,0.5,93.32,
ERCOT,92.5,19,74,7,0,232,0.0,0.0,1.0,92.79,
ERCOT,92.5,19,74,7,0,192,0.0,0.0,1.5,92.75,
ERCOT,92.5,19,74,7,0,162,0.0,0.0,2.0,92.81,
ERCOT,92.5,19,74,7,0,147,0.0,0.0,2.5,92.79,
ERCOT,92.5,19,74,7,0,127,0.0,0.25,0.0,92.6,
ERCOT,92.5,19,74,7,0,127,0.0,0.25,0.5,93.72,
ERCOT,92.5,19,74,7,0,122,0.0,0.5,0.0,93.23,
ERCOT,92.5,19,74,7,0,122,0.0,0.5,0.5,93.23,
ERCOT,92.5,19,74,7,0,122,0.0,0.75,0.0,93.23,
ERCOT,92.5,19,74,7,0,122,0.0,0.75,0.5,93.23,
ERCOT,92.5,19,74,7,0,122,0.0,1.0,0.0,93.23,
ERCOT,92.5,19,74,7,0,122,0.0,1.0,0.5,93.23,
ERCOT,92.5,19,74,7,0,122,0.25,0.0,0.0,93.08,
ERCOT,92.5,19,74,7,0,122,0.25,0.0,0.5,93.08,
ERCOT,92.5,19,74,7,0,122,0.25,0.25,0.0,93.08,
ERCOT,92.5,19,74,7,0,122,0.25,0.25,0.5,93.08,
ERCOT,92.5,19,74,7,0,122,0.25,0.5,0.0,93.08,
ERCOT,92.5,19,74,7,0,122,0.25,0.5,0.5,93.08,
ERCOT,92.5,19,74,7,0,122,0.25,0.75,0.0,93.08,
ERCOT,92.5,19,74,7,0,122,0.25,0.75,0.5,93.08,
ERCOT,92.5,19,74,7,0,122,0.25,1.0,0.0,93.08,
ERCOT,92.5,19,74,7,0,122,0.25,1.0,0.5,93.08,
ERCOT,92.5,19,74,7,0,122,0.5,0.0,0.0,93.08,
ERCOT,92.5,19,74,7,0,122,0.5,0.0,0.5,93.08,
ERCOT,92.5,19,74,7,0,122,0.5,0.25,0.0,93.08,
ERCOT,92.5,19,74,7,0,122,0.5,0.25,0.5,93.08,
ERCOT,92.5,19,74,7,0,122,0.5,0.5,0.0,93.08,
ERCOT,92.5,19,74,7,0,122,0.5,0.5,0.5,93.08,
ERCOT,92.5,19,74,7,0,122,0.5,0.75,0.0,93.08,
ERCOT,92.5,19,74,7,0,122,0.5,0.75,0.5,93.08,
ERCOT,92.5,19,74,7,0,122,0.5,1.0,0.0,93.08,
ERCOT,92.5,19,74,7,0,122,0.5,1.0,0.5,93.08,
ERCOT,92.5,20,66,14,0,212,0.0,0.0,0.5,93.2,
ERCOT,92.5,20,66,14,0,177,0.0,0.0,1.0,92.66,
ERCOT,92.5,20,66,14,0,152,0.0,0.0,1.5,92.92,
ERCOT,92.5,20,66,14,0,137,0.0,0.0,2.0,92.63,
ERCOT,92.5,20,66,14,0,137,0.0,0.0,2.5,93.81,
ERCOT,92.5,20,66,14,0,117,0.0,0.25,0.0,93.17,
ERCOT,92.5,20,66,14,0,117,0.0,0.25,0.5,93.43,
ERCOT,92.5,20,66,14,0,117,0.0,0.5,0.0,93.37,
ERCOT,92.5,20,66,14,0,117,0.0,0.5,0.5,93.37,
ERCOT,92.5,20,66,14,0,117,0.0,0.75,0.0,93.37,
ERCOT,92.5,20,66,14,0,117,0.0,0.75,0.5,93.37,
ERCOT,92.5,20,66,14,0,117,0.0,1.0,0.0,93.37,
ERCOT,92.5,20,66,14,0,117,0.0,1.0,0.5,93.37,
ERCOT,92.5,20,66,14,0,117,0.25,0.0,0.0,93.24,
ERCOT,92.5,20,66,14,0,117,0.25,0.0,0.5,93.24,
ERCOT,92.5,20,66,14,0,117,0.25,0.25,0.0,93.24,
ERCOT,92.5,20,66,14,0,117,0.25,0.25,0.5,93.24,
ERCOT,92.5,20,66,14,0,117,0.25,0.5,0.0,93.24,
ERCOT,92.5,20,66,14,0,117,0.25,0.5,0.5,93.24,
ERCOT,92.5,20,66,14,0,117,0.25,0.75,0.0,93.24,
ERCOT,92.5,20,66,14,0,117,0.25,0.75,0.5,93.24,
ERCOT,92.5,20,66,14,0,117,0.25,1.0,0.0,93.24,
ERCOT,92.5,20,66,14,0,117,0.25,1.0,0.5,93.24,
ERCOT,92.5,20,66,14,0,117,0.5,0.0,0.0,93.24,
ERCOT,92.5,20,66,14,0,117,0.5,0.0,0.5,93.24,
ERCOT,92.5,20,66,14,0,117,0.5,0.25,0.0,93.24,
ERCOT,92.5,20,66,14,0,117,0.5,0.25,0.5,93.24,
ERCOT,92.5,20,66,14,0,117,0.5,0.5,0.0,93.24,
ERCOT,92.5,20,66,14,0,117,0.5,0.5,0.5,93.24,
ERCOT,92.5,20,66,14,0,117,0.5,0.75,0.0,93.24,
ERCOT,92.5,20,66,14,0,117,0.5,0.75,0.5,93.24,
ERCOT,92.5,20,66,14,0,117,0.5,1.0,0.0,93.24,
ERCOT,92.5,20,66,14,0,117,0.5,1.0,0.5,93.24,
ERCOT,92.5,20,67,13,0,217,0.0,0.0,0.5,92.92,
ERCOT,92.5,20,67,13,0,182,0.0,0.0,1.0,92.61,
ERCOT,92.5,20,67,13,0,157,0.0,0.0,1.5,93.14,
ERCOT,92.5,20,67,13,0,142,0.0,0.0,2.0,93.45,
ERCOT,92.5,20,67,13,0,137,0.0,0.0,2.5,93.35,
ERCOT,92.5,20,67,13,0,117,0.0,0.25,0.0,92.86,
ERCOT,92.5,20,67,13,0,117,0.0,0.25,0.5,93.17,
ERCOT,92.5,20,67,13,0,117,0.0,0.5,0.0,93.16,
ERCOT,92.5,20,67,13,0,117,0.0,0.5,0.5,93.16,
ERCOT,92.5,20,67,13,0,117,0.0,0.75,0.0,93.16,
ERCOT,92.5,20,67,13,0,117,0.0,0.75,0.5,93.16,
ERCOT,92.5,20,67,13,0,117,0.0,1.0,0.0,93.16,
ERCOT,92.5,20,67,13,0,117,0.0,1.0,0.5,93.16,
ERCOT,92.5,20,67,13,0,117,0.25,0.0,0.0,93.02,
ERCOT,92.5,20,67,13,0,117,0.25,0.0,0.5,93.02,
ERCOT,92.5,20,67,13,0,117,0.25,0.25,0.0,93.02,
ERCOT,92.5,20,67,13,0,117,0.25,0.25,0.5,93.02,
ERCOT,92.5,20,67,13,0,117,0.25,0.5,0.0,93.02,
ERCOT,92.5,20,67,13,0,117,0.25,0.5,0.5,93.02,
ERCOT,92.5,20,67,13,0,117,0.25,0.75,0.0,93.02,
ERCOT,92.5,20,67,13,0,117,0.25,0.75,0.5,93.02,
ERCOT,92.5,20,67,13,0,117,0.25,1.0,0.0,93.02,
ERCOT,92.5,20,67,13,0,117,0.25,1.0,0.5,93.02,
ERCOT,92.5,20,67,13,0,117,0.5,0.0,0.0,93.02,
ERCOT,92.5,20,67,13,0,117,0.5,0.0,0.5,93.02,
ERCOT,92.5,20,67,13,0,117,0.5,0.25,0.0,93.02,
ERCOT,92.5,20,67,13,0,117,0.5,0.25,0.5,93.02,
ERCOT,92.5,20,67,13,0,117,0.5,0.5,0.0,93.02,
ERCOT,92.5,20,67,13,0,117,0.5,0.5,0.5,93.02,
ERCOT,92.5,20,67,13,0,117,0.5,0.75,0.0,93.02,
ERCOT,92.5,20,67,13,0,117,0.5,0.75,0.5,93.02,
ERCOT,92.5,20,67,13,0,117,0.5,1.0,0.0,93.02,
ERCOT,92.5,20,67,13,0,117,0.5,1.0,0.5,93.02,
ERCOT,92.5,20,68,12,0,222,0.0,0.0,0.5,92.56,
ERCOT,92.5,20,68,12,0,192,0.0,0.0,1.0,93.39,
ERCOT,92.5,20,68,12,0,162,0.0,0.0,1.5,93.28,
ERCOT,92.5,20,68,12,0,142,0.0,0.0,2.0,92.81,
ERCOT,92.5,20,68,12,0,137,0.0,0.0,2.5,92.89,
ERCOT,92.5,20,68,12,0,117,0.0,0.25,0.0,92.5,
ERCOT,92.5,20,68,12,0,117,0.0,0.25,0.5,92.88,
ERCOT,92.5,20,68,12,0,117,0.0,0.5,0.0,92.93,
ERCOT,92.5,20,68,12,0,117,0.0,0.5,0.5,92.93,
ERCOT,92.5,20,68,12,0,117,0.0,0.75,0.0,92.93,
ERCOT,92.5,20,68,12,0,117,0.0,0.75,0.5,92.93,
ERCOT,92.5,20,68,12,0,117,0.0,1.0,0.0,92.93,
ERCOT,92.5,20,68,12,0,117,0.0,1.0,0.5,92.93,
ERCOT,92.5,20,68,12,0,117,0.25,0.0,0.0,92.8,
ERCOT,92.5,20,68,12,0,117,0.25,0.0,0.5,92.8,
ERCOT,92.5,20,68,12,0,117,0.25,0.25,0.0,92.8,
ERCOT,92.5,20,68,12,0,117,0.25,0.25,0.5,92.8,
ERCOT,92.5,20,68,12,0,117,0.25,0.5,0.0,92.8,
ERCOT,92.5,20,68,12,0,117,0.25,0.5,0.5,92.8,
ERCOT,92.5,20,68,12,0,117,0.25,0.75,0.0,92.8,
ERCOT,92.5,20,68,12,0,117,0.25,0.75,0.5,92.8,
ERCOT,92.5,20,68,12,0,117,0.25,1.0,0.0,92.8,
ERCOT,92.5,20,68,12,0,117,0.25,1.0,0.5,92.8,
ERCOT,92.5,20,68,12,0,117,0.5,0.0,0.0,92.8,
ERCOT,92.5,20,68,12,0,117,0.5,0.0,0.5,92.8,
ERCOT,92.5,20,68,12,0,117,0.5,0.25,0.0,92.8,
ERCOT,92.5,20,68,12,0,117,0.5,0.25,0.5,92.8,
ERCOT,92.5,20,68,12,0,117,0.5,0.5,0.0,92.8,
ERCOT,92.5,20,68,12,0,117,0.5,0.5,0.5,92.8,
ERCOT,92.5,20,68,12,0,117,0.5,0.75,0.0,92.8,
ERCOT,92.5,20,68,12,0,117,0.5,0.75,0.5,92.8,
ERCOT,92.5,20,68,12,0,117,0.5,1.0,0.0,92.8,
ERCOT,92.5,20,68,12,0,117,0.5,1.0,0.5,92.8,
ERCOT,92.5,20,69,11,0,232,0.0,0.0,0.5,92.98,
ERCOT,92.5,20,69,11,0,197,0.0,0.0,1.0,93.19,
ERCOT,92.5,20,69,11,0,167,0.0,0.0,1.5,93.34,
ERCOT,92.5,20,69,11,0,147,0.0,0.0,2.0,93.39,
ERCOT,92.5,20,69,11,0,142,0.0,0.0,2.5,94.15,
ERCOT,92.5,20,69,11,0,122,0.0,0.25,0.0,93.65,
ERCOT,92.5,20,69,11,0,117,0.0,0.25,0.5,92.54,
ERCOT,92.5,20,69,11,0,117,0.0,0.25,1.0,92.87,
ERCOT,92.5,20,69,11,0,117,0.0,0.5,0.0,92.71,
ERCOT,92.5,20,69,11,0,117,0.0,0.5,0.5,92.71,
ERCOT,92.5,20,69,11,0,117,0.0,0.75,0.0,92.71,
ERCOT,92.5,20,69,11,0,117,0.0,0.75,0.5,92.71,
ERCOT,92.5,20,69,11,0,117,0.0,1.0,0.0,92.71,
ERCOT,92.5,20,69,11,0,117,0.0,1.0,0.5,92.71,
ERCOT,92.5,20,69,11,0,117,0.25,0.0,0.0,92.57,
ERCOT,92.5,20,69,11,0,117,0.25,0.0,0.5,92.57,
ERCOT,92.5,20,69,11,0,117,0.25,0.25,0.0,92.57,
ERCOT,92.5,20,69,11,0,117,0.25,0.25,0.5,92.57,
ERCOT,92.5,20,69,11,0,117,0.25,0.5,0.0,92.57,
ERCOT,92.5,20,69,11,0,117,0.25,0.5,0.5,92.57,
ERCOT,92.5,20,69,11,0,117,0.25,0.75,0.0,92.57,
ERCOT,92.5,20,69,11,0,117,0.25,0.75,0.5,92.57,
ERCOT,92.5,20,69,11,0,117,0.25,1.0,0.0,92.57,
ERCOT,92.5,20,69,11,0,117,0.25,1.0,0.5,92.57,
ERCOT,92.5,20,69,11,0,117,0.5,0.0,0.0,92.57,
ERCOT,92.5,20,69,11,0,117,0.5,0.0,0.5,92.57,
ERCOT,92.5,20,69,11,0,117,0.5,0.25,0.0,92.57,
ERCOT,92.5,20,69,11,0,117,0.5,0.25,0.5,92.57,
ERCOT,92.5,20,69,11,0,117,0.5,0.5,0.0,92.57,
ERCOT,92.5,20,69,11,0,117,0.5,0.5,0.5,92.57,
ERCOT,92.5,20,69,11,0,117,0.5,0.75,0.0,92.57,
ERCOT,92.5,20,69,11,0,117,0.5,0.75,0.5,92.57,
ERCOT,92.5,20,69,11,0,117,0.5,1.0,0.0,92.57,
ERCOT,92.5,20,69,11,0,117,0.5,1.0,0.5,92.57,
ERCOT,92.5,20,71,9,0,247,0.0,0.0,0.5,92.69,
ERCOT,92.5,20,71,9,0,207,0.0,0.0,1.0,92.58,
ERCOT,92.5,20,71,9,0,177,0.0,0.0,1.5,93.26,
ERCOT,92.5,20,71,9,0,152,0.0,0.0,2.0,93.09,
ERCOT,92.5,20,71,9,0,142,0.0,0.0,2.5,93.08,
ERCOT,92.5,20,71,9,0,122,0.0,0.25,0.0,92.75,
ERCOT,92.5,20,71,9,0,122,0.0,0.25,0.5,93.59,
ERCOT,92.5,20,71,9,0,122,0.0,0.5,0.0,93.92,
ERCOT,92.5,20,71,9,0,122,0.0,0.5,0.5,93.92,
ERCOT,92.5,20,71,9,0,122,0.0,0.75,0.0,93.92,
ERCOT,92.5,20,71,9,0,122,0.0,0.75,0.5,93.92,
ERCOT,92.5,20,71,9,0,122,0.0,1.0,0.0,93.92,
ERCOT,92.5,20,71,9,0,122,0.0,1.0,0.5,93.92,
ERCOT,92.5,20,71,9,0,122,0.25,0.0,0.0,93.78,
ERCOT,92.5,20,71,9,0,122,0.25,0.0,0.5,93.78,
ERCOT,92.5,20,71,9,0,122,0.25,0.25,0.0,93.78,
ERCOT,92.5,20,71,9,0,122,0.25,0.25,0.5,93.78,
ERCOT,92.5,20,71,9,0,122,0.25,0.5,0.0,93.78,
ERCOT,92.5,20,71,9,0,122,0.25,0.5,0.5,93.78,
ERCOT,92.5,20,71,9,0,122,0.25,0.75,0.0,93.78,
ERCOT,92.5,20,71,9,0,122,0.25,0.75,0.5,93.78,
ERCOT,92.5,20,71,9,0,122,0.25,1.0,0.0,93.78,
ERCOT,92.5,20,71,9,0,122,0.25,1.0,0.5,93.78,
ERCOT,92.5,20,71,9,0,122,0.5,0.0,0.0,93.78,
ERCOT,92.5,20,71,9,0,122,0.5,0.0,0.5,93.78,
ERCOT,92.5,20,71,9,0,122,0.5,0.25,0.0,93.78,
ERCOT,92.5,20,71,9,0,122,0.5,0.25,0.5,93.78,
ERCOT,92.5,20,71,9,0,122,0.5,0.5,0.0,93.78,
ERCOT,92.5,20,71,9,0,122,0.5,0.5,0.5,93.78,
ERCOT,92.5,20,71,9,0,122,0.5,0.75,0.0,93.78,
ERCOT,92.5,20,71,9,0,122,0.5,0.75,0.5,93.78,
ERCOT,92.5,20,71,9,0,122,0.5,1.0,0.0,93.78,
ERCOT,92.5,20,71,9,0,122,0.5,1.0,0.5,93.78,
ERCOT,92.5,20,72,8,0,217,0.0,0.0,1.0,92.97,
ERCOT,92.5,20,72,8,0,182,0.0,0.0,1.5,93.11,
ERCOT,92.5,20,72,8,0,157,0.0,0.0,2.0,93.36,
ERCOT,92.5,20,72,8,0,142,0.0,0.0,2.5,92.52,
ERCOT,92.5,20,72,8,0,127,0.0,0.25,0.0,93.57,
ERCOT,92.5,20,72,8,0,122,0.0,0.25,0.5,93.18,
ERCOT,92.5,20,72,8,0,122,0.0,0.25,1.0,93.94,
ERCOT,92.5,20,72,8,0,122,0.0,0.5,0.0,93.68,
ERCOT,92.5,20,72,8,0,122,0.0,0.5,0.5,93.68,
ERCOT,92.5,20,72,8,0,122,0.0,0.75,0.0,93.68,
ERCOT,92.5,20,72,8,0,122,0.0,0.75,0.5,93.68,
ERCOT,92.5,20,72,8,0,122,0.0,1.0,0.0,93.68,
ERCOT,92.5,20,72,8,0,122,0.0,1.0,0.5,93.68,
ERCOT,92.5,20,72,8,0,122,0.25,0.0,0.0,93.54,
ERCOT,92.5,20,72,8,0,122,0.25,0.0,0.5,93.54,
ERCOT,92.5,20,72,8,0,122,0.25,0.25,0.0,93.54,
ERCOT,92.5,20,72,8,0,122,0.25,0.25,0.5,93.54,
ERCOT,92.5,20,72,8,0,122,0.25,0.5,0.0,93.54,
ERCOT,92.5,20,72,8,0,122,0.25,0.5,0.5,93.54,
ERCOT,92.5,20,72,8,0,122,0.25,0.75,0.0,93.54,
ERCOT,92.5,20,72,8,0,122,0.25,0.75,0.5,93.54,
ERCOT,92.5,20,72,8,0,122,0.25,1.0,0.0,93.54,
ERCOT,92.5,20,72,8,0,122,0.25,1.0,0.5,93.54,
ERCOT,92.5,20,72,8,0,122,0.5,0.0,0.0,93.54,
ERCOT,92.5,20,72,8,0,122,0.5,0.0,0.5,93.54,
ERCOT,92.5,20,72,8,0,122,0.5,0.25,0.0,93.54,
ERCOT,92.5,20,72,8,0,122,0.5,0.25,0.5,93.54,
ERCOT,92.5,20,72,8,0,122,0.5,0.5,0.0,93.54,
ERCOT,92.5,20,72,8,0,122,0.5,0.5,0.5,93.54,
ERCOT,92.5,20,72,8,0,122,0.5,0.75,0.0,93.54,
ERCOT,92.5,20,72,8,0,122,0.5,0.75,0.5,93.54,
ERCOT,92.5,20,72,8,0,122,0.5,1.0,0.0,93.54,
ERCOT,92.5,20,72,8,0,122,0.5,1.0,0.5,93.54,
ERCOT,92.5,20,73,7,0,227,0.0,0.0,1.0,93.22,
ERCOT,92.5,20,73,7,0,187,0.0,0.0,1.5,92.91,
ERCOT,92.5,20,73,7,0,157,0.0,0.0,2.0,92.59,
ERCOT,92.5,20,73,7,0,147,0.0,0.0,2.5,93.34,
ERCOT,92.5,20,73,7,0,127,0.0,0.25,0.0,93.07,
ERCOT,92.5,20,73,7,0,122,0.0,0.25,0.5,92.73,
ERCOT,92.5,20,73,7,0,122,0.0,0.25,1.0,93.57,
ERCOT,92.5,20,73,7,0,122,0.0,0.5,0.0,93.44,
ERCOT,92.5,20,73,7,0,122,0.0,0.5,0.5,93.44,
ERCOT,92.5,20,73,7,0,122,0.0,0.75,0.0,93.44,
ERCOT,92.5,20,73,7,0,122,0.0,0.75,0.5,93.44,
ERCOT,92.5,20,73,7,0,122,0.0,1.0,0.0,93.44,
ERCOT,92.5,20,73,7,0,122,0.0,1.0,0.5,93.44,
ERCOT,92.5,20,73,7,0,122,0.25,0.0,0.0,93.29,
ERCOT,92.5,20,73,7,0,122,0.25,0.0,0.5,93.29,
ERCOT,92.5,20,73,7,0,122,0.25,0.25,0.0,93.29,
ERCOT,92.5,20,73,7,0,122,0.25,0.25,0.5,93.29,
ERCOT,92.5,20,73,7,0,122,0.25,0.5,0.0,93.29,
ERCOT,92.5,20,73,7,0,122,0.25,0.5,0.5,93.29,
ERCOT,92.5,20,73,7,0,122,0.25,0.75,0.0,93.29,
ERCOT,92.5,20,73,7,0,122,0.25,0.75,0.5,93.29,
ERCOT,92.5,20,73,7,0,122,0.25,1.0,0.0,93.29,
ERCOT,92.5,20,73,7,0,122,0.25,1.0,0.5,93.29,
ERCOT,92.5,20,73,7,0,122,0.5,0.0,0.0,93.29,
ERCOT,92.5,20,73,7,0,122,0.5,0.0,0.5,93.29,
ERCOT,92.5,20,73,7,0,122,0.5,0.25,0.0,93.29,
ERCOT,92.5,20,73,7,0,122,0.5,0.25,0.5,93.29,
ERCOT,92.5,20,73,7,0,122,0.5,0.5,0.0,93.29,
ERCOT,92.5,20,73,7,0,122,0.5,0.5,0.5,93.29,
ERCOT,92.5,20,73,7,0,122,0.5,0.75,0.0,93.29,
ERCOT,92.5,20,73,7,0,122,0.5,0.75,0.5,93.29,
ERCOT,92.5,20,73,7,0,122,0.5,1.0,0.0,93.29,
ERCOT,92.5,20,73,7,0,122,0.5,1.0,0.5,93.29,
ERCOT,92.5,20,74,6,0,232,0.0,0.0,1.0,92.63,
ERCOT,92.5,20,74,6,0,192,0.0,0.0,1.5,92.63,
ERCOT,92.5,20,74,6,0,162,0.0,0.0,2.0,92.72,
ERCOT,92.5,20,74,6,0,147,0.0,0.0,2.5,92.72,
ERCOT,92.5,20,74,6,0,127,0.0,0.25,0.0,92.55,
ERCOT,92.5,20,74,6,0,127,0.0,0.25,0.5,93.68,
ERCOT,92.5,20,74,6,0,122,0.0,0.5,0.0,93.2,
ERCOT,92.5,20,74,6,0,122,0.0,0.5,0.5,93.2,
ERCOT,92.5,20,74,6,0,122,0.0,0.75,0.0,93.2,
ERCOT,92.5,20,74,6,0,122,0.0,0.75,0.5,93.2,
ERCOT,92.5,20,74,6,0,122,0.0,1.0,0.0,93.2,
ERCOT,92.5,20,74,6,0,122,0.0,1.0,0.5,93.2,
ERCOT,92.5,20,74,6,0,122,0.25,0.0,0.0,93.04,
ERCOT,92.5,20,74,6,0,122,0.25,0.0,0.5,93.04,
ERCOT,92.5,20,74,6,0,122,0.25,0.25,0.0,93.04,
ERCOT,92.5,20,74,6,0,122,0.25,0.25,0.5,93.04,
ERCOT,92.5,20,74,6,0,122,0.25,0.5,0.0,93.04,
ERCOT,92.5,20,74,6,0,122,0.25,0.5,0.5,93.04,
ERCOT,92.5,20,74,6,0,122,0.25,0.75,0.0,93.04,
ERCOT,92.5,20,74,6,0,122,0.25,0.75,0.5,93.04,
ERCOT,92.5,20,74,6,0,122,0.25,1.0,0.0,93.04,
ERCOT,92.5,20,74,6,0,122,0.25,1.0,0.5,93.04,
ERCOT,92.5,20,74,6,0,122,0.5,0.0,0.0,93.04,
ERCOT,92.5,20,74,6,0,122,0.5,0.0,0.5,93.04,
ERCOT,92.5,20,74,6,0,122,0.5,0.25,0.0,93.04,
ERCOT,92.5,20,74,6,0,122,0.5,0.25,0.5,93.04,
ERCOT,92.5,20,74,6,0,122,0.5,0.5,0.0,93.04,
ERCOT,92.5,20,74,6,0,122,0.5,0.5,0.5,93.04,
ERCOT,92.5,20,74,6,0,122,0.5,0.75,0.0,93.04,
ERCOT,92.5,20,74,6,0,122,0.5,0.75,0.5,93.04,
ERCOT,92.5,20,74,6,0,122,0.5,1.0,0.0,93.04,
ERCOT,92.5,20,74,6,0,122,0.5,1.0,0.5,93.04,
ERCOT,92.5,21,70,9,0,242,0.0,0.0,0.5,93.13,
ERCOT,92.5,21,70,9,0,202,0.0,0.0,1.0,92.79,
ERCOT,92.5,21,70,9,0,172,0.0,0.0,1.5,93.24,
ERCOT,92.5,21,70,9,0,147,0.0,0.0,2.0,92.62,
ERCOT,92.5,21,70,9,0,142,0.0,0.0,2.5,93.56,
ERCOT,92.5,21,70,9,0,122,0.0,0.25,0.0,93.17,
ERCOT,92.5,21,70,9,0,122,0.0,0.25,0.5,93.96,
ERCOT,92.5,21,70,9,0,122,0.0,0.5,0.0,94.12,
ERCOT,92.5,21,70,9,0,122,0.0,0.5,0.5,94.12,
ERCOT,92.5,21,70,9,0,122,0.0,0.75,0.0,94.12,
ERCOT,92.5,21,70,9,0,122,0.0,0.75,0.5,94.12,
ERCOT,92.5,21,70,9,0,122,0.0,1.0,0.0,94.12,
ERCOT,92.5,21,70,9,0,122,0.0,1.0,0.5,94.12,
ERCOT,92.5,21,70,9,0,122,0.25,0.0,0.0,93.99,
ERCOT,92.5,21,70,9,0,122,0.25,0.0,0.5,93.99,
ERCOT,92.5,21,70,9,0,122,0.25,0.25,0.0,93.99,
ERCOT,92.5,21,70,9,0,122,0.25,0.25,0.5,93.99,
ERCOT,92.5,21,70,9,0,122,0.25,0.5,0.0,93.99,
ERCOT,92.5,21,70,9,0,122,0.25,0.5,0.5,93.99,
ERCOT,92.5,21,70,9,0,122,0.25,0.75,0.0,93.99,
ERCOT,92.5,21,70,9,0,122,0.25,0.75,0.5,93.99,
ERCOT,92.5,21,70,9,0,122,0.25,1.0,0.0,93.99,
ERCOT,92.5,21,70,9,0,122,0.25,1.0,0.5,93.99,
ERCOT,92.5,21,70,9,0,122,0.5,0.0,0.0,93.99,
ERCOT,92.5,21,70,9,0,122,0.5,0.0,0.5,93.99,
ERCOT,92.5,21,70,9,0,122,0.5,0.25,0.0,93.99,
ERCOT,92.5,21,70,9,0,122,0.5,0.25,0.5,93.99,
ERCOT,92.5,21,70,9,0,122,0.5,0.5,0.0,93.99,
ERCOT,92.5,21,70,9,0,122,0.5,0.5,0.5,93.99,
ERCOT,92.5,21,70,9,0,122,0.5,0.75,0.0,93.99,
ERCOT,92.5,21,70,9,0,122,0.5,0.75,0.5,93.99,
ERCOT,92.5,21,70,9,0,122,0.5,1.0,0.0,93.99,
ERCOT,92.5,21,70,9,0,122,0.5,1.0,0.5,93.99,
ERCOT,92.5,21,71,8,0,247,0.0,0.0,0.5,92.53,
ERCOT,92.5,21,71,8,0,212,0.0,0.0,1.0,93.26,
ERCOT,92.5,21,71,8,0,177,0.0,0.0,1.5,93.16,
ERCOT,92.5,21,71,8,0,152,0.0,0.0,2.0,93.01,
ERCOT,92.5,21,71,8,0,142,0.0,0.0,2.5,93.02,
ERCOT,92.5,21,71,8,0,122,0.0,0.25,0.0,92.7,
ERCOT,92.5,21,71,8,0,122,0.0,0.25,0.5,93.55,
ERCOT,92.5,21,71,8,0,122,0.0,0.5,0.0,93.89,
ERCOT,92.5,21,71,8,0,122,0.0,0.5,0.5,93.89,
ERCOT,92.5,21,71,8,0,122,0.0,0.75,0.0,93.89,
ERCOT,92.5,21,71,8,0,122,0.0,0.75,0.5,93.89,
ERCOT,92.5,21,71,8,0,122,0.0,1.0,0.0,93.89,
ERCOT,92.5,21,71,8,0,122,0.0,1.0,0.5,93.89,
ERCOT,92.5,21,71,8,0,122,0.25,0.0,0.0,93.75,
ERCOT,92.5,21,71,8,0,122,0.25,0.0,0.5,93.75,
ERCOT,92.5,21,71,8,0,122,0.25,0.25,0.0,93.75,
ERCOT,92.5,21,71,8,0,122,0.25,0.25,0.5,93.75,
ERCOT,92.5,21,71,8,0,122,0.25,0.5,0.0,93.75,
ERCOT,92.5,21,71,8,0,122,0.25,0.5,0.5,93.75,
ERCOT,92.5,21,71,8,0,122,0.25,0.75,0.0,93.75,
ERCOT,92.5,21,71,8,0,122,0.25,0.75,0.5,93.75,
ERCOT,92.5,21,71,8,0,122,0.25,1.0,0.0,93.75,
ERCOT,92.5,21,71,8,0,122,0.25,1.0,0.5,93.75,
ERCOT,92.5,21,71,8,0,122,0.5,0.0,0.0,93.75,
ERCOT,92.5,21,71,8,0,122,0.5,0.0,0.5,93.75,
ERCOT,92.5,21,71,8,0,122,0.5,0.25,0.0,93.75,
ERCOT,92.5,21,71,8,0,122,0.5,0.25,0.5,93.75,
ERCOT,92.5,21,71,8,0,122,0.5,0.5,0.0,93.75,
ERCOT,92.5,21,71,8,0,122,0.5,0.5,0.5,93.75,
ERCOT,92.5,21,71,8,0,122,0.5,0.75,0.0,93.75,
ERCOT,92.5,21,71,8,0,122,0.5,0.75,0.5,93.75,
ERCOT,92.5,21,71,8,0,122,0.5,1.0,0.0,93.75,
ERCOT,92.5,21,71,8,0,122,0.5,1.0,0.5,93.75,
ERCOT,92.5,21,72,7,0,217,0.0,0.0,1.0,92.82,
ERCOT,92.5,21,72,7,0,182,0.0,0.0,1.5,93.01,
ERCOT,92.5,21,72,7,0,157,0.0,0.0,2.0,93.28,
ERCOT,92.5,21,72,7,0,147,0.0,0.0,2.5,93.87,
ERCOT,92.5,21,72,7,0,127,0.0,0.25,0.0,93.53,
ERCOT,92.5,21,72,7,0,122,0.0,0.25,0.5,93.13,
ERCOT,92.5,21,72,7,0,122,0.0,0.25,1.0,93.9,
ERCOT,92.5,21,72,7,0,122,0.0,0.5,0.0,93.66,
ERCOT,92.5,21,72,7,0,122,0.0,0.5,0.5,93.66,
ERCOT,92.5,21,72,7,0,122,0.0,0.75,0.0,93.66,
ERCOT,92.5,21,72,7,0,122,0.0,0.75,0.5,93.66,
ERCOT,92.5,21,72,7,0,122,0.0,1.0,0.0,93.66,
ERCOT,92.5,21,72,7,0,122,0.0,1.0,0.5,93.66,
ERCOT,92.5,21,72,7,0,122,0.25,0.0,0.0,93.51,
ERCOT,92.5,21,72,7,0,122,0.25,0.0,0.5,93.51,
ERCOT,92.5,21,72,7,0,122,0.25,0.25,0.0,93.51,
ERCOT,92.5,21,72,7,0,122,0.25,0.25,0.5,93.51,
ERCOT,92.5,21,72,7,0,122,0.25,0.5,0.0,93.51,
ERCOT,92.5,21,72,7,0,122,0.25,0.5,0.5,93.51,
ERCOT,92.5,21,72,7,0,122,0.25,0.75,0.0,93.51,
ERCOT,92.5,21,72,7,0,122,0.25,0.75,0.5,93.51,
ERCOT,92.5,21,72,7,0,122,0.25,1.0,0.0,93.51,
ERCOT,92.5,21,72,7,0,122,0.25,1.0,0.5,93.51,
ERCOT,92.5,21,72,7,0,122,0.5,0.0,0.0,93.51,
ERCOT,92.5,21,72,7,0,122,0.5,0.0,0.5,93.51,
ERCOT,92.5,21,72,7,0,122,0.5,0.25,0.0,93.51,
ERCOT,92.5,21,72,7,0,122,0.5,0.25,0.5,93.51,
ERCOT,92.5,21,72,7,0,122,0.5,0.5,0.0,93.51,
ERCOT,92.5,21,72,7,0,122,0.5,0.5,0.5,93.51,
ERCOT,92.5,21,72,7,0,122,0.5,0.75,0.0,93.51,
ERCOT,92.5,21,72,7,0,122,0.5,0.75,0.5,93.51,
ERCOT,92.5,21,72,7,0,122,0.5,1.0,0.0,93.51,
ERCOT,92.5,21,72,7,0,122,0.5,1.0,0.5,93.51,
ERCOT,92.5,21,73,6,0,227,0.0,0.0,1.0,93.07,
ERCOT,92.5,21,73,6,0,187,0.0,0.0,1.5,92.79,
ERCOT,92.5,21,73,6,0,157,0.0,0.0,2.0,92.51,
ERCOT,92.5,21,73,6,0,147,0.0,0.0,2.5,93.28,
ERCOT,92.5,21,73,6,0,127,0.0,0.25,0.0,93.02,
ERCOT,92.5,21,73,6,0,122,0.0,0.25,0.5,92.68,
ERCOT,92.5,21,73,6,0,122,0.0,0.25,1.0,93.51,
ERCOT,92.5,21,73,6,0,122,0.0,0.5,0.0,93.41,
ERCOT,92.5,21,73,6,0,122,0.0,0.5,0.5,93.41,
ERCOT,92.5,21,73,6,0,122,0.0,0.75,0.0,93.41,
ERCOT,92.5,21,73,6,0,122,0.0,0.75,0.5,93.41,
ERCOT,92.5,21,73,6,0,122,0.0,1.0,0.0,93.41,
ERCOT,92.5,21,73,6,0,122,0.0,1.0,0.5,93.41,
ERCOT,92.5,21,73,6,0,122,0.25,0.0,0.0,93.26,
ERCOT,92.5,21,73,6,0,122,0.25,0.0,0.5,93.26,
ERCOT,92.5,21,73,6,0,122,0.25,0.25,0.0,93.26,
ERCOT,92.5,21,73,6,0,122,0.25,0.25,0.5,93.26,
ERCOT,92.5,21,73,6,0,122,0.25,0.5,0.0,93.26,
ERCOT,92.5,21,73,6,0,122,0.25,0.5,0.5,93.26,
ERCOT,92.5,21,73,6,0,122,0.25,0.75,0.0,93.26,
ERCOT,92.5,21,73,6,0,122,0.25,0.75,0.5,93.26,
ERCOT,92.5,21,73,6,0,122,0.25,1.0,0.0,93.26,
ERCOT,92.5,21,73,6,0,122,0.25,1.0,0.5,93.26,
ERCOT,92.5,21,73,6,0,122,0.5,0.0,0.0,93.26,
ERCOT,92.5,21,73,6,0,122,0.5,0.0,0.5,93.26,
ERCOT,92.5,21,73,6,0,122,0.5,0.25,0.0,93.26,
ERCOT,92.5,21,73,6,0,122,0.5,0.25,0.5,93.26,
ERCOT,92.5,21,73,6,0,122,0.5,0.5,0.0,93.26,
ERCOT,92.5,21,73,6,0,122,0.5,0.5,0.5,93.26,
ERCOT,92.5,21,73,6,0,122,0.5,0.75,0.0,93.26,
ERCOT,92.5,21,73,6,0,122,0.5,0.75,0.5,93.26,
ERCOT,92.5,21,73,6,0,122,0.5,1.0,0.0,93.26,
ERCOT,92.5,21,73,6,0,122,0.5,1.0,0.5,93.26,
ERCOT,92.5,22,70,8,0,242,0.0,0.0,0.5,92.97,
ERCOT,92.5,22,70,8,0,202,0.0,0.0,1.0,92.65,
ERCOT,92.5,22,70,8,0,172,0.0,0.0,1.5,93.14,
ERCOT,92.5,22,70,8,0,147,0.0,0.0,2.0,92.54,
ERCOT,92.5,22,70,8,0,142,0.0,0.0,2.5,93.51,
ERCOT,92.5,22,70,8,0,122,0.0,0.25,0.0,93.13,
ERCOT,92.5,22,70,8,0,122,0.0,0.25,0.5,93.93,
ERCOT,92.5,22,70,8,0,122,0.0,0.5,0.0,94.1,
ERCOT,92.5,22,70,8,0,122,0.0,0.5,0.5,94.1,
ERCOT,92.5,22,70,8,0,122,0.0,0.75,0.0,94.1,
ERCOT,92.5,22,70,8,0,122,0.0,0.75,0.5,94.1,
ERCOT,92.5,22,70,8,0,122,0.0,1.0,0.0,94.1,
ERCOT,92.5,22,70,8,0,122,0.0,1.0,0.5,94.1,
ERCOT,92.5,22,70,8,0,122,0.25,0.0,0.0,93.97,
ERCOT,92.5,22,70,8,0,122,0.25,0.0,0.5,93.97,
ERCOT,92.5,22,70,8,0,122,0.25,0.25,0.0,93.97,
ERCOT,92.5,22,70,8,0,122,0.25,0.25,0.5,93.97,
ERCOT,92.5,22,70,8,0,122,0.25,0.5,0.0,93.97,
ERCOT,92.5,22,70,8,0,122,0.25,0.5,0.5,93.97,
ERCOT,92.5,22,70,8,0,122,0.25,0.75,0.0,93.97,
ERCOT,92.5,22,70,8,0,122,0.25,0.75,0.5,93.97,
ERCOT,92.5,22,70,8,0,122,0.25,1.0,0.0,93.97,
ERCOT,92.5,22,70,8,0,122,0.25,1.0,0.5,93.97,
ERCOT,92.5,22,70,8,0,122,0.5,0.0,0.0,93.97,
ERCOT,92.5,22,70,8,0,122,0.5,0.0,0.5,93.97,
ERCOT,92.5,22,70,8,0,122,0.5,0.25,0.0,93.97,
ERCOT,92.5,22,70,8,0,122,0.5,0.25,0.5,93.97,
ERCOT,92.5,22,70,8,0,122,0.5,0.5,0.0,93.97,
ERCOT,92.5,22,70,8,0,122,0.5,0.5,0.5,93.97,
ERCOT,92.5,22,70,8,0,122,0.5,0.75,0.0,93.97,
ERCOT,92.5,22,70,8,0,122,0.5,0.75,0.5,93.97,
ERCOT,92.5,22,70,8,0,122,0.5,1.0,0.0,93.97,
ERCOT,92.5,22,70,8,0,122,0.5,1.0,0.5,93.97,
ERCOT,92.5,22,71,7,0,250,0.0,0.0,0.5,92.84,
ERCOT,92.5,22,71,7,0,212,0.0,0.0,1.0,93.12,
ERCOT,92.5,22,71,7,0,177,0.0,0.0,1.5,93.06,
ERCOT,92.5,22,71,7,0,152,0.0,0.0,2.0,92.92,
ERCOT,92.5,22,71,7,0,142,0.0,0.0,2.5,92.96,
ERCOT,92.5,22,71,7,0,122,0.0,0.25,0.0,92.65,
ERCOT,92.5,22,71,7,0,122,0.0,0.25,0.5,93.51,
ERCOT,92.5,22,71,7,0,122,0.0,0.5,0.0,93.86,
ERCOT,92.5,22,71,7,0,122,0.0,0.5,0.5,93.86,
ERCOT,92.5,22,71,7,0,122,0.0,0.75,0.0,93.86,
ERCOT,92.5,22,71,7,0,122,0.0,0.75,0.5,93.86,
ERCOT,92.5,22,71,7,0,122,0.0,1.0,0.0,93.86,
ERCOT,92.5,22,71,7,0,122,0.0,1.0,0.5,93.86,
ERCOT,92.5,22,71,7,0,122,0.25,0.0,0.0,93.73,
ERCOT,92.5,22,71,7,0,122,0.25,0.0,0.5,93.73,
ERCOT,92.5,22,71,7,0,122,0.25,0.25,0.0,93.73,
ERCOT,92.5,22,71,7,0,122,0.25,0.25,0.5,93.73,
ERCOT,92.5,22,71,7,0,122,0.25,0.5,0.0,93.73,
ERCOT,92.5,22,71,7,0,122,0.25,0.5,0.5,93.73,
ERCOT,92.5,22,71,7,0,122,0.25,0.75,0.0,93.73,
ERCOT,92.5,22,71,7,0,122,0.25,0.75,0.5,93.73,
ERCOT,92.5,22,71,7,0,122,0.25,1.0,0.0,93.73,
ERCOT,92.5,22,71,7,0,122,0.25,1.0,0.5,93.73,
ERCOT,92.5,22,71,7,0,122,0.5,0.0,0.0,93.73,
ERCOT,92.5,22,71,7,0,122,0.5,0.0,0.5,93.73,
ERCOT,92.5,22,71,7,0,122,0.5,0.25,0.0,93.73,
ERCOT,92.5,22,71,7,0,122,0.5,0.25,0.5,93.73,
ERCOT,92.5,22,71,7,0,122,0.5,0.5,0.0,93.73,
ERCOT,92.5,22,71,7,0,122,0.5,0.5,0.5,93.73,
ERCOT,92.5,22,71,7,0,122,0.5,0.75,0.0,93.73,
ERCOT,92.5,22,71,7,0,122,0.5,0.75,0.5,93.73,
ERCOT,92.5,22,71,7,0,122,0.5,1.0,0.0,93.73,
ERCOT,92.5,22,71,7,0,122,0.5,1.0,0.5,93.73,
ERCOT,92.5,22,72,6,0,217,0.0,0.0,1.0,92.68,
ERCOT,92.5,22,72,6,0,182,0.0,0.0,1.5,92.9,
ERCOT,92.5,22,72,6,0,157,0.0,0.0,2.0,93.19,
ERCOT,92.5,22,72,6,0,147,0.0,0.0,2.5,93.81,
ERCOT,92.5,22,72,6,0,127,0.0,0.25,0.0,93.49,
ERCOT,92.5,22,72,6,0,122,0.0,0.25,0.5,93.07,
ERCOT,92.5,22,72,6,0,122,0.0,0.25,1.0,93.85,
ERCOT,92.5,22,72,6,0,122,0.0,0.5,0.0,93.62,
ERCOT,92.5,22,72,6,0,122,0.0,0.5,0.5,93.62,
ERCOT,92.5,22,72,6,0,122,0.0,0.75,0.0,93.62,
ERCOT,92.5,22,72,6,0,122,0.0,0.75,0.5,93.62,
ERCOT,92.5,22,72,6,0,122,0.0,1.0,0.0,93.62,
ERCOT,92.5,22,72,6,0,122,0.0,1.0,0.5,93.62,
ERCOT,92.5,22,72,6,0,122,0.25,0.0,0.0,93.48,
ERCOT,92.5,22,72,6,0,122,0.25,0.0,0.5,93.48,
ERCOT,92.5,22,72,6,0,122,0.25,0.25,0.0,93.48,
ERCOT,92.5,22,72,6,0,122,0.25,0.25,0.5,93.48,
ERCOT,92.5,22,72,6,0,122,0.25,0.5,0.0,93.48,
ERCOT,92.5,22,72,6,0,122,0.25,0.5,0.5,93.48,
ERCOT,92.5,22,72,6,0,122,0.25,0.75,0.0,93.48,
ERCOT,92.5,22,72,6,0,122,0.25,0.75,0.5,93.48,
ERCOT,92.5,22,72,6,0,122,0.25,1.0,0.0,93.48,
ERCOT,92.5,22,72,6,0,122,0.25,1.0,0.5,93.48,
ERCOT,92.5,22,72,6,0,122,0.5,0.0,0.0,93.48,
ERCOT,92.5,22,72,6,0,122,0.5,0.0,0.5,93.48,
ERCOT,92.5,22,72,6,0,122,0.5,0.25,0.0,93.48,
ERCOT,92.5,22,72,6,0,122,0.5,0.25,0.5,93.48,
ERCOT,92.5,22,72,6,0,122,0.5,0.5,0.0,93.48,
ERCOT,92.5,22,72,6,0,122,0.5,0.5,0.5,93.48,
ERCOT,92.5,22,72,6,0,122,0.5,0.75,0.0,93.48,
ERCOT,92.5,22,72,6,0,122,0.5,0.75,0.5,93.48,
ERCOT,92.5,22,72,6,0,122,0.5,1.0,0.0,93.48,
ERCOT,92.5,22,72,6,0,122,0.5,1.0,0.5,93.48,
ERCOT,92.5,23,70,7,0,242,0.0,0.0,0.5,92.82,
ERCOT,92.5,23,70,7,0,202,0.0,0.0,1.0,92.52,
ERCOT,92.5,23,70,7,0,172,0.0,0.0,1.5,93.04,
ERCOT,92.5,23,70,7,0,152,0.0,0.0,2.0,93.58,
ERCOT,92.5,23,70,7,0,142,0.0,0.0,2.5,93.45,
ERCOT,92.5,23,70,7,0,122,0.0,0.25,0.0,93.08,
ERCOT,92.5,23,70,7,0,122,0.0,0.25,0.5,93.89,
ERCOT,92.5,23,70,7,0,122,0.0,0.5,0.0,94.07,
ERCOT,92.5,23,70,7,0,122,0.0,0.5,0.5,94.07,
ERCOT,92.5,23,70,7,0,122,0.0,0.75,0.0,94.07,
ERCOT,92.5,23,70,7,0,122,0.0,0.75,0.5,94.07,
ERCOT,92.5,23,70,7,0,122,0.0,1.0,0.0,94.07,
ERCOT,92.5,23,70,7,0,122,0.0,1.0,0.5,94.07,
ERCOT,92.5,23,70,7,0,122,0.25,0.0,0.0,93.94,
ERCOT,92.5,23,70,7,0,122,0.25,0.0,0.5,93.94,
ERCOT,92.5,23,70,7,0,122,0.25,0.25,0.0,93.94,
ERCOT,92.5,23,70,7,0,122,0.25,0.25,0.5,93.94,
ERCOT,92.5,23,70,7,0,122,0.25,0.5,0.0,93.94,
ERCOT,92.5,23,70,7,0,122,0.25,0.5,0.5,93.94,
ERCOT,92.5,23,70,7,0,122,0.25,0.75,0.0,93.94,
ERCOT,92.5,23,70,7,0,122,0.25,0.75,0.5,93.94,
ERCOT,92.5,23,70,7,0,122,0.25,1.0,0.0,93.94,
ERCOT,92.5,23,70,7,0,122,0.25,1.0,0.5,93.94,
ERCOT,92.5,23,70,7,0,122,0.5,0.0,0.0,93.94,
ERCOT,92.5,23,70,7,0,122,0.5,0.0,0.5,93.94,
ERCOT,92.5,23,70,7,0,122,0.5,0.25,0.0,93.94,
ERCOT,92.5,23,70,7,0,122,0.5,0.25,0.5,93.94,
ERCOT,92.5,23,70,7,0,122,0.5,0.5,0.0,93.94,
ERCOT,92.5,23,70,7,0,122,0.5,0.5,0.5,93.94,
ERCOT,92.5,23,70,7,0,122,0.5,0.75,0.0,93.94,
ERCOT,92.5,23,70,7,0,122,0.5,0.75,0.5,93.94,
ERCOT,92.5,23,70,7,0,122,0.5,1.0,0.0,93.94,
ERCOT,92.5,23,70,7,0,122,0.5,1.0,0.5,93.94,
ERCOT,92.5,23,71,6,0,250,0.0,0.0,0.5,92.65,
ERCOT,92.5,23,71,6,0,212,0.0,0.0,1.0,92.98,
ERCOT,92.5,23,71,6,0,177,0.0,0.0,1.5,92.95,
ERCOT,92.5,23,71,6,0,152,0.0,0.0,2.0,92.84,
ERCOT,92.5,23,71,6,0,142,0.0,0.0,2.5,92.84,
ERCOT,92.5,23,71,6,0,122,0.0,0.25,0.0,92.59,
ERCOT,92.5,23,71,6,0,122,0.0,0.25,0.5,93.46,
ERCOT,92.5,23,71,6,0,122,0.0,0.5,0.0,93.83,
ERCOT,92.5,23,71,6,0,122,0.0,0.5,0.5,93.83,
ERCOT,92.5,23,71,6,0,122,0.0,0.75,0.0,93.83,
ERCOT,92.5,23,71,6,0,122,0.0,0.75,0.5,93.83,
ERCOT,92.5,23,71,6,0,122,0.0,1.0,0.0,93.83,
ERCOT,92.5,23,71,6,0,122,0.0,1.0,0.5,93.83,
ERCOT,92.5,23,71,6,0,122,0.25,0.0,0.0,93.69,
ERCOT,92.5,23,71,6,0,122,0.25,0.0,0.5,93.69,
ERCOT,92.5,23,71,6,0,122,0.25,0.25,0.0,93.69,
ERCOT,92.5,23,71,6,0,122,0.25,0.25,0.5,93.69,
ERCOT,92.5,23,71,6,0,122,0.25,0.5,0.0,93.69,
ERCOT,92.5,23,71,6,0,122,0.25,0.5,0.5,93.69,
ERCOT,92.5,23,71,6,0,122,0.25,0.75,0.0,93.69,
ERCOT,92.5,23,71,6,0,122,0.25,0.75,0.5,93.69,
ERCOT,92.5,23,71,6,0,122,0.25,1.0,0.0,93.69,
ERCOT,92.5,23,71,6,0,122,0.25,1.0,0.5,93.69,
ERCOT,92.5,23,71,6,0,122,0.5,0.0,0.0,93.69,
ERCOT,92.5,23,71,6,0,122,0.5,0.0,0.5,93.69,
ERCOT,92.5,23,71,6,0,122,0.5,0.25,0.0,93.69,
ERCOT,92.5,23,71,6,0,122,0.5,0.25,0.5,93.69,
ERCOT,92.5,23,71,6,0,122,0.5,0.5,0.0,93.69,
ERCOT,92.5,23,71,6,0,122,0.5,0.5,0.5,93.69,
ERCOT,92.5,23,71,6,0,122,0.5,0.75,0.0,93.69,
ERCOT,92.5,23,71,6,0,122,0.5,0.75,0.5,93.69,
ERCOT,92.5,23,71,6,0,122,0.5,1.0,0.0,93.69,
ERCOT,92.5,23,71,6,0,122,0.5,1.0,0.5,93.69,
ERCOT,92.5,24,70,6,0,242,0.0,0.0,0.5,92.63,
ERCOT,92.5,24,70,6,0,207,0.0,0.0,1.0,93.23,
ERCOT,92.5,24,70,6,0,172,0.0,0.0,1.5,92.94,
ERCOT,92.5,24,70,6,0,152,0.0,0.0,2.0,93.5,
ERCOT,92.5,24,70,6,0,142,0.0,0.0,2.5,93.39,
ERCOT,92.5,24,70,6,0,122,0.0,0.25,0.0,93.03,
ERCOT,92.5,24,70,6,0,122,0.0,0.25,0.5,93.84,
ERCOT,92.5,24,70,6,0,122,0.0,0.5,0.0,94.04,
ERCOT,92.5,24,70,6,0,122,0.0,0.5,0.5,94.04,
ERCOT,92.5,24,70,6,0,122,0.0,0.75,0.0,94.04,
ERCOT,92.5,24,70,6,0,122,0.0,0.75,0.5,94.04,
ERCOT,92.5,24,70,6,0,122,0.0,1.0,0.0,94.04,
ERCOT,92.5,24,70,6,0,122,0.0,1.0,0.5,94.04,
ERCOT,92.5,24,70,6,0,122,0.25,0.0,0.0,93.91,
ERCOT,92.5,24,70,6,0,122,0.25,0.0,0.5,93.91,
ERCOT,92.5,24,70,6,0,122,0.25,0.25,0.0,93.91,
ERCOT,92.5,24,70,6,0,122,0.25,0.25,0.5,93.91,
ERCOT,92.5,24,70,6,0,122,0.25,0.5,0.0,93.91,
ERCOT,92.5,24,70,6,0,122,0.25,0.5,0.5,93.91,
ERCOT,92.5,24,70,6,0,122,0.25,0.75,0.0,93.91,
ERCOT,92.5,24,70,6,0,122,0.25,0.75,0.5,93.91,
ERCOT,92.5,24,70,6,0,122,0.25,1.0,0.0,93.91,
ERCOT,92.5,24,70,6,0,122,0.25,1.0,0.5,93.91,
ERCOT,92.5,24,70,6,0,122,0.5,0.0,0.0,93.91,
ERCOT,92.5,24,70,6,0,122,0.5,0.0,0.5,93.91,
ERCOT,92.5,24,70,6,0,122,0.5,0.25,0.0,93.91,
ERCOT,92.5,24,70,6,0,122,0.5,0.25,0.5,93.91,
ERCOT,92.5,24,70,6,0,122,0.5,0.5,0.0,93.91,
ERCOT,92.5,24,70,6,0,122,0.5,0.5,0.5,93.91,
ERCOT,92.5,24,70,6,0,122,0.5,0.75,0.0,93.91,
ERCOT,92.5,24,70,6,0,122,0.5,0.75,0.5,93.91,
ERCOT,92.5,24,70,6,0,122,0.5,1.0,0.0,93.91,
ERCOT,92.5,24,70,6,0,122,0.5,1.0,0.5,93.91,
ERCOT,92.5,51,20,29,0,112,0.0,0.0,0.0,92.89,
ERCOT,92.5,51,21,28,0,112,0.0,0.0,0.0,92.55,
ERCOT,92.5,51,22,27,0,117,0.0,0.0,0.0,93.83,
ERCOT,92.5,51,23,26,0,117,0.0,0.0,0.0,93.43,
ERCOT,92.5,51,24,25,0,117,0.0,0.0,0.0,93.0,
ERCOT,92.5,52,19,29,0,112,0.0,0.0,0.0,93.19,
ERCOT,92.5,52,20,28,0,112,0.0,0.0,0.0,92.89,
ERCOT,92.5,52,21,27,0,112,0.0,0.0,0.0,92.53,
ERCOT,92.5,52,22,26,0,117,0.0,0.0,0.0,93.82,
ERCOT,92.5,52,23,25,0,117,0.0,0.0,0.0,93.42,
ERCOT,92.5,52,24,24,0,117,0.0,0.0,0.0,92.98,
ERCOT,92.5,53,18,29,0,112,0.0,0.0,0.0,93.45,
ERCOT,92.5,53,19,28,0,112,0.0,0.0,0.0,93.19,
ERCOT,92.5,53,20,27,0,112,0.0,0.0,0.0,92.88,
ERCOT,92.5,53,21,26,0,112,0.0,0.0,0.0,92.52,
ERCOT,92.5,53,22,25,0,117,0.0,0.0,0.0,93.81,
ERCOT,92.5,53,23,24,0,117,0.0,0.0,0.0,93.4,
ERCOT,92.5,53,24,23,0,117,0.0,0.0,0.0,92.95,
ERCOT,92.5,54,17,29,0,112,0.0,0.0,0.0,93.67,
ERCOT,92.5,54,18,28,0,112,0.0,0.0,0.0,93.46,
ERCOT,92.5,54,19,27,0,112,0.0,0.0,0.0,93.19,
ERCOT,92.5,54,20,26,0,112,0.0,0.0,0.0,92.87,
ERCOT,92.5,54,21,25,0,112,0.0,0.0,0.0,92.5,
ERCOT,92.5,54,22,24,0,117,0.0,0.0,0.0,93.8,
ERCOT,92.5,54,23,23,0,117,0.0,0.0,0.0,93.38,
ERCOT,92.5,54,24,22,0,117,0.0,0.0,0.0,92.92,
ERCOT,92.5,55,16,29,0,112,0.0,0.0,0.0,93.86,
ERCOT,92.5,55,17,28,0,112,0.0,0.0,0.0,93.69,
ERCOT,92.5,55,18,27,0,112,0.0,0.0,0.0,93.47,
ERCOT,92.5,55,19,26,0,112,0.0,0.0,0.0,93.19,
ERCOT,92.5,55,21,24,0,117,0.0,0.0,0.0,94.17,
ERCOT,92.5,55,22,23,0,117,0.0,0.0,0.0,93.78,
ERCOT,92.5,55,23,22,0,117,0.0,0.0,0.0,93.36,
ERCOT,92.5,55,24,21,0,117,0.0,0.0,0.0,92.89,
ERCOT,92.5,56,16,28,0,112,0.0,0.0,0.0,93.88,
ERCOT,92.5,56,17,27,0,112,0.0,0.0,0.0,93.7,
ERCOT,92.5,56,18,26,0,112,0.0,0.0,0.0,93.47,
ERCOT,92.5,56,19,25,0,112,0.0,0.0,0.0,93.19,
ERCOT,92.5,56,20,24,0,112,0.0,0.0,0.0,92.85,
ERCOT,92.5,56,21,23,0,117,0.0,0.0,0.0,94.16,
ERCOT,92.5,56,22,22,0,117,0.0,0.0,0.0,93.76,
ERCOT,92.5,56,23,21,0,117,0.0,0.0,0.0,93.33,
ERCOT,92.5,57,16,27,0,112,0.0,0.0,0.0,93.9,
ERCOT,92.5,57,17,26,0,112,0.0,0.0,0.0,93.71,
ERCOT,92.5,57,18,25,0,112,0.0,0.0,0.0,93.47,
ERCOT,92.5,57,19,24,0,112,0.0,0.0,0.0,93.18,
ERCOT,92.5,57,20,23,0,112,0.0,0.0,0.0,92.83,
ERCOT,92.5,57,21,22,0,117,0.0,0.0,0.0,94.15,
ERCOT,92.5,57,22,21,0,117,0.0,0.0,0.0,93.74,
ERCOT,92.5,58,16,26,0,112,0.0,0.0,0.0,93.92,
ERCOT,92.5,58,17,25,0,112,0.0,0.0,0.0,93.72,
ERCOT,92.5,58,18,24,0,112,0.0,0.0,0.0,93.47,
ERCOT,92.5,58,19,23,0,112,0.0,0.0,0.0,93.17,
ERCOT,92.5,58,20,22,0,112,0.0,0.0,0.0,92.82,
ERCOT,92.5,58,21,21,0,117,0.0,0.0,0.0,94.13,
ERCOT,92.5,59,16,25,0,112,0.0,0.0,0.0,93.93,
ERCOT,92.5,59,17,24,0,112,0.0,0.0,0.0,93.73,
ERCOT,92.5,59,18,23,0,112,0.0,0.0,0.0,93.47,
ERCOT,92.5,59,19,22,0,112,0.0,0.0,0.0,93.16,
ERCOT,92.5,59,20,21,0,112,0.0,0.0,0.0,92.8,
ERCOT,92.5,51,45,4,0,162,0.0,0.0,0.0,92.73,
ERCOT,92.5,51,46,3,0,167,0.0,0.0,0.0,93.14,
ERCOT,92.5,51,47,2,0,172,0.0,0.0,0.0,93.48,
ERCOT,92.5,51,48,1,0,172,0.0,0.0,0.0,92.58,
ERCOT,92.5,51,49,0,0,177,0.0,0.0,0.0,92.85,
ERCOT,92.5,52,45,3,0,162,0.0,0.0,0.0,92.62,
ERCOT,92.5,52,46,2,0,167,0.0,0.0,0.0,93.02,
ERCOT,92.5,52,47,1,0,172,0.0,0.0,0.0,93.37,
ERCOT,92.5,52,48,0,0,177,0.0,0.0,0.0,93.64,
ERCOT,92.5,53,45,2,0,167,0.0,0.0,0.0,93.75,
ERCOT,92.5,53,46,1,0,167,0.0,0.0,0.0,92.9,
ERCOT,92.5,53,47,0,0,172,0.0,0.0,0.0,93.24,
ERCOT,92.5,54,45,1,0,167,0.0,0.0,0.0,93.64,
ERCOT,92.5,54,46,0,0,167,0.0,0.0,0.0,92.77,
ERCOT,92.5,56,44,0,0,162,0.0,0.0,0.0,92.99,
ERCOT,92.5,57,43,0,0,162,0.0,0.0,0.0,93.71,
ERCOT,92.5,58,42,0,0,157,0.0,0.0,0.0,93.12,
ERCOT,92.5,59,41,0,0,157,0.0,0.0,0.0,93.81,
ERCOT,92.5,6,14,80,0,122,0.0,0.0,0.0,93.66,
ERCOT,92.5,7,13,80,0,122,0.0,0.0,0.0,93.59,
ERCOT,92.5,8,12,80,0,122,0.0,0.0,0.0,93.5,
ERCOT,92.5,9,11,80,0,122,0.0,0.0,0.0,93.39,
ERCOT,92.5,11,9,80,0,122,0.0,0.0,0.0,93.11,
ERCOT,92.5,11,10,79,0,122,0.0,0.0,0.0,93.35,
ERCOT,92.5,12,8,80,0,122,0.0,0.0,0.0,92.94,
ERCOT,92.5,12,9,79,0,122,0.0,0.0,0.0,93.2,
ERCOT,92.5,12,10,78,0,122,0.0,0.0,0.0,93.44,
ERCOT,92.5,13,7,80,0,122,0.0,0.0,0.0,92.75,
ERCOT,92.5,13,8,79,0,122,0.0,0.0,0.0,93.03,
ERCOT,92.5,13,9,78,0,122,0.0,0.0,0.0,93.29,
ERCOT,92.5,13,10,77,0,122,0.0,0.0,0.0,93.53,
ERCOT,92.5,14,6,80,0,122,0.0,0.0,0.0,92.54,
ERCOT,92.5,14,7,79,0,122,0.0,0.0,0.0,92.84,
ERCOT,92.5,14,8,78,0,122,0.0,0.0,0.0,93.12,
ERCOT,92.5,14,9,77,0,122,0.0,0.0,0.0,93.38,
ERCOT,92.5,14,10,76,0,122,0.0,0.0,0.0,93.61,
ERCOT,92.5,21,75,4,0,242,0.0,0.0,1.0,92.51,
ERCOT,92.5,21,75,4,0,202,0.0,0.0,1.5,92.88,
ERCOT,92.5,21,75,4,0,167,0.0,0.0,2.0,92.66,
ERCOT,92.5,21,75,4,0,152,0.0,0.0,2.5,93.2,
ERCOT,92.5,21,75,4,0,132,0.0,0.25,0.0,93.19,
ERCOT,92.5,21,75,4,0,127,0.0,0.25,0.5,93.17,
ERCOT,92.5,21,75,4,0,122,0.0,0.25,1.0,92.68,
ERCOT,92.5,21,75,4,0,122,0.0,0.25,1.5,93.4,
ERCOT,92.5,21,75,4,0,122,0.0,0.5,0.0,92.89,
ERCOT,92.5,21,75,4,0,122,0.0,0.5,0.5,92.89,
ERCOT,92.5,21,75,4,0,122,0.0,0.75,0.0,92.89,
ERCOT,92.5,21,75,4,0,122,0.0,0.75,0.5,92.89,
ERCOT,92.5,21,75,4,0,122,0.0,1.0,0.0,92.89,
ERCOT,92.5,21,75,4,0,122,0.0,1.0,0.5,92.89,
ERCOT,92.5,21,75,4,0,122,0.25,0.0,0.0,92.72,
ERCOT,92.5,21,75,4,0,122,0.25,0.0,0.5,92.72,
ERCOT,92.5,21,75,4,0,122,0.25,0.25,0.0,92.72,
ERCOT,92.5,21,75,4,0,122,0.25,0.25,0.5,92.72,
ERCOT,92.5,21,75,4,0,122,0.25,0.5,0.0,92.72,
ERCOT,92.5,21,75,4,0,122,0.25,0.5,0.5,92.72,
ERCOT,92.5,21,75,4,0,122,0.25,0.75,0.0,92.72,
ERCOT,92.5,21,75,4,0,122,0.25,0.75,0.5,92.72,
ERCOT,92.5,21,75,4,0,122,0.25,1.0,0.0,92.72,
ERCOT,92.5,21,75,4,0,122,0.25,1.0,0.5,92.72,
ERCOT,92.5,21,75,4,0,122,0.5,0.0,0.0,92.72,
ERCOT,92.5,21,75,4,0,122,0.5,0.0,0.5,92.72,
ERCOT,92.5,21,75,4,0,122,0.5,0.25,0.0,92.72,
ERCOT,92.5,21,75,4,0,122,0.5,0.25,0.5,92.72,
ERCOT,92.5,21,75,4,0,122,0.5,0.5,0.0,92.72,
ERCOT,92.5,21,75,4,0,122,0.5,0.5,0.5,92.72,
ERCOT,92.5,21,75,4,0,122,0.5,0.75,0.0,92.72,
ERCOT,92.5,21,75,4,0,122,0.5,0.75,0.5,92.72,
ERCOT,92.5,21,75,4,0,122,0.5,1.0,0.0,92.72,
ERCOT,92.5,21,75,4,0,122,0.5,1.0,0.5,92.72,
ERCOT,92.5,21,76,3,0,212,0.0,0.0,1.5,93.13,
ERCOT,92.5,21,76,3,0,172,0.0,0.0,2.0,92.58,
ERCOT,92.5,21,76,3,0,152,0.0,0.0,2.5,92.53,
ERCOT,92.5,21,76,3,0,132,0.0,0.25,0.0,92.64,
ERCOT,92.5,21,76,3,0,127,0.0,0.25,0.5,92.7,
ERCOT,92.5,21,76,3,0,127,0.0,0.25,1.0,93.85,
ERCOT,92.5,21,76,3,0,122,0.0,0.5,0.0,92.63,
ERCOT,92.5,21,76,3,0,122,0.0,0.5,0.5,92.63,
ERCOT,92.5,21,76,3,0,122,0.0,0.75,0.0,92.63,
ERCOT,92.5,21,76,3,0,122,0.0,0.75,0.5,92.63,
ERCOT,92.5,21,76,3,0,122,0.0,1.0,0.0,92.63,
ERCOT,92.5,21,76,3,0,122,0.0,1.0,0.5,92.63,
ERCOT,92.5,21,76,3,0,127,0.25,0.0,0.0,93.78,
ERCOT,92.5,21,76,3,0,127,0.25,0.0,0.5,93.78,
ERCOT,92.5,21,76,3,0,127,0.25,0.25,0.0,93.78,
ERCOT,92.5,21,76,3,0,127,0.25,0.25,0.5,93.78,
ERCOT,92.5,21,76,3,0,127,0.25,0.5,0.0,93.78,
ERCOT,92.5,21,76,3,0,127,0.25,0.5,0.5,93.78,
ERCOT,92.5,21,76,3,0,127,0.25,0.75,0.0,93.78,
ERCOT,92.5,21,76,3,0,127,0.25,0.75,0.5,93.78,
ERCOT,92.5,21,76,3,0,127,0.25,1.0,0.0,93.78,
ERCOT,92.5,21,76,3,0,127,0.25,1.0,0.5,93.78,
ERCOT,92.5,21,76,3,0,127,0.5,0.0,0.0,93.78,
ERCOT,92.5,21,76,3,0,127,0.5,0.0,0.5,93.78,
ERCOT,92.5,21,76,3,0,127,0.5,0.25,0.0,93.78,
ERCOT,92.5,21,76,3,0,127,0.5,0.25,0.5,93.78,
ERCOT,92.5,21,76,3,0,127,0.5,0.5,0.0,93.78,
ERCOT,92.5,21,76,3,0,127,0.5,0.5,0.5,93.78,
ERCOT,92.5,21,76,3,0,127,0.5,0.75,0.0,93.78,
ERCOT,92.5,21,76,3,0,127,0.5,0.75,0.5,93.78,
ERCOT,92.5,21,76,3,0,127,0.5,1.0,0.0,93.78,
ERCOT,92.5,21,76,3,0,127,0.5,1.0,0.5,93.78,
ERCOT,92.5,21,77,2,0,217,0.0,0.0,1.5,92.58,
ERCOT,92.5,21,77,2,0,182,0.0,0.0,2.0,93.13,
ERCOT,92.5,21,77,2,0,157,0.0,0.0,2.5,92.87,
ERCOT,92.5,21,77,2,0,137,0.0,0.25,0.0,93.23,
ERCOT,92.5,21,77,2,0,132,0.0,0.25,0.5,93.48,
ERCOT,92.5,21,77,2,0,127,0.0,0.25,1.0,93.42,
ERCOT,92.5,21,77,2,0,122,0.0,0.25,1.5,92.56,
ERCOT,92.5,21,77,2,0,122,0.0,0.25,2.0,93.07,
ERCOT,92.5,21,77,2,0,127,0.0,0.5,0.0,93.64,
ERCOT,92.5,21,77,2,0,127,0.0,0.5,0.5,93.64,
ERCOT,92.5,21,77,2,0,127,0.0,0.75,0.0,93.64,
ERCOT,92.5,21,77,2,0,127,0.0,0.75,0.5,93.64,
ERCOT,92.5,21,77,2,0,127,0.0,1.0,0.0,93.64,
ERCOT,92.5,21,77,2,0,127,0.0,1.0,0.5,93.64,
ERCOT,92.5,21,77,2,0,127,0.25,0.0,0.0,93.51,
ERCOT,92.5,21,77,2,0,127,0.25,0.0,0.5,93.51,
ERCOT,92.5,21,77,2,0,127,0.25,0.25,0.0,93.51,
ERCOT,92.5,21,77,2,0,127,0.25,0.25,0.5,93.51,
ERCOT,92.5,21,77,2,0,127,0.25,0.5,0.0,93.51,
ERCOT,92.5,21,77,2,0,127,0.25,0.5,0.5,93.51,
ERCOT,92.5,21,77,2,0,127,0.25,0.75,0.0,93.51,
ERCOT,92.5,21,77,2,0,127,0.25,0.75,0.5,93.51,
ERCOT,92.5,21,77,2,0,127,0.25,1.0,0.0,93.51,
ERCOT,92.5,21,77,2,0,127,0.25,1.0,0.5,93.51,
ERCOT,92.5,21,77,2,0,127,0.5,0.0,0.0,93.51,
ERCOT,92.5,21,77,2,0,127,0.5,0.0,0.5,93.51,
ERCOT,92.5,21,77,2,0,127,0.5,0.25,0.0,93.51,
ERCOT,92.5,21,77,2,0,127,0.5,0.25,0.5,93.51,
ERCOT,92.5,21,77,2,0,127,0.5,0.5,0.0,93.51,
ERCOT,92.5,21,77,2,0,127,0.5,0.5,0.5,93.51,
ERCOT,92.5,21,77,2,0,127,0.5,0.75,0.0,93.51,
ERCOT,92.5,21,77,2,0,127,0.5,0.75,0.5,93.51,
ERCOT,92.5,21,77,2,0,127,0.5,1.0,0.0,93.51,
ERCOT,92.5,21,77,2,0,127,0.5,1.0,0.5,93.51,
ERCOT,92.5,21,78,1,0,227,0.0,0.0,1.5,92.6,
ERCOT,92.5,21,78,1,0,187,0.0,0.0,2.0,92.86,
ERCOT,92.5,21,78,1,0,162,0.0,0.0,2.5,93.08,
ERCOT,92.5,21,78,1,0,137,0.0,0.25,0.0,92.63,
ERCOT,92.5,21,78,1,0,132,0.0,0.25,0.5,92.97,
ERCOT,92.5,21,78,1,0,127,0.0,0.25,1.0,92.93,
ERCOT,92.5,21,78,1,0,127,0.0,0.25,1.5,93.9,
ERCOT,92.5,21,78,1,0,127,0.0,0.5,0.0,93.37,
ERCOT,92.5,21,78,1,0,127,0.0,0.5,0.5,93.37,
ERCOT,92.5,21,78,1,0,127,0.0,0.75,0.0,93.37,
ERCOT,92.5,21,78,1,0,127,0.0,0.75,0.5,93.37,
ERCOT,92.5,21,78,1,0,127,0.0,1.0,0.0,93.37,
ERCOT,92.5,21,78,1,0,127,0.0,1.0,0.5,93.37,
ERCOT,92.5,21,78,1,0,127,0.25,0.0,0.0,93.22,
ERCOT,92.5,21,78,1,0,127,0.25,0.0,0.5,93.22,
ERCOT,92.5,21,78,1,0,127,0.25,0.25,0.0,93.22,
ERCOT,92.5,21,78,1,0,127,0.25,0.25,0.5,93.22,
ERCOT,92.5,21,78,1,0,127,0.25,0.5,0.0,93.22,
ERCOT,92.5,21,78,1,0,127,0.25,0.5,0.5,93.22,
ERCOT,92.5,21,78,1,0,127,0.25,0.75,0.0,93.22,
ERCOT,92.5,21,78,1,0,127,0.25,0.75,0.5,93.22,
ERCOT,92.5,21,78,1,0,127,0.25,1.0,0.0,93.22,
ERCOT,92.5,21,78,1,0,127,0.25,1.0,0.5,93.22,
ERCOT,92.5,21,78,1,0,127,0.5,0.0,0.0,93.22,
ERCOT,92.5,21,78,1,0,127,0.5,0.0,0.5,93.22,
ERCOT,92.5,21,78,1,0,127,0.5,0.25,0.0,93.22,
ERCOT,92.5,21,78,1,0,127,0.5,0.25,0.5,93.22,
ERCOT,92.5,21,78,1,0,127,0.5,0.5,0.0,93.22,
ERCOT,92.5,21,78,1,0,127,0.5,0.5,0.5,93.22,
ERCOT,92.5,21,78,1,0,127,0.5,0.75,0.0,93.22,
ERCOT,92.5,21,78,1,0,127,0.5,0.75,0.5,93.22,
ERCOT,92.5,21,78,1,0,127,0.5,1.0,0.0,93.22,
ERCOT,92.5,21,78,1,0,127,0.5,1.0,0.5,93.22,
ERCOT,92.5,21,79,0,0,242,0.0,0.0,1.5,93.07,
ERCOT,92.5,21,79,0,0,192,0.0,0.0,2.0,92.52,
ERCOT,92.5,21,79,0,0,167,0.0,0.0,2.5,93.18,
ERCOT,92.5,21,79,0,0,142,0.0,0.25,0.0,93.06,
ERCOT,92.5,21,79,0,0,137,0.0,0.25,0.5,93.64,
ERCOT,92.5,21,79,0,0,132,0.0,0.25,1.0,93.86,
ERCOT,92.5,21,79,0,0,127,0.0,0.25,1.5,93.5,
ERCOT,92.5,21,79,0,0,127,0.0,0.25,2.0,94.17,
ERCOT,92.5,21,79,0,0,127,0.0,0.5,0.0,93.09,
ERCOT,92.5,21,79,0,0,127,0.0,0.5,0.5,93.09,
ERCOT,92.5,21,79,0,0,127,0.0,0.75,0.0,93.09,
ERCOT,92.5,21,79,0,0,127,0.0,0.75,0.5,93.09,
ERCOT,92.5,21,79,0,0,127,0.0,1.0,0.0,93.09,
ERCOT,92.5,21,79,0,0,127,0.0,1.0,0.5,93.09,
ERCOT,92.5,21,79,0,0,127,0.25,0.0,0.0,92.93,
ERCOT,92.5,21,79,0,0,127,0.25,0.0,0.5,92.93,
ERCOT,92.5,21,79,0,0,127,0.25,0.25,0.0,92.93,
ERCOT,92.5,21,79,0,0,127,0.25,0.25,0.5,92.93,
ERCOT,92.5,21,79,0,0,127,0.25,0.5,0.0,92.93,
ERCOT,92.5,21,79,0,0,127,0.25,0.5,0.5,92.93,
ERCOT,92.5,21,79,0,0,127,0.25,0.75,0.0,92.93,
ERCOT,92.5,21,79,0,0,127,0.25,0.75,0.5,92.93,
ERCOT,92.5,21,79,0,0,127,0.25,1.0,0.0,92.93,
ERCOT,92.5,21,79,0,0,127,0.25,1.0,0.5,92.93,
ERCOT,92.5,21,79,0,0,127,0.5,0.0,0.0,92.93,
ERCOT,92.5,21,79,0,0,127,0.5,0.0,0.5,92.93,
ERCOT,92.5,21,79,0,0,127,0.5,0.25,0.0,92.93,
ERCOT,92.5,21,79,0,0,127,0.5,0.25,0.5,92.93,
ERCOT,92.5,21,79,0,0,127,0.5,0.5,0.0,92.93,
ERCOT,92.5,21,79,0,0,127,0.5,0.5,0.5,92.93,
ERCOT,92.5,21,79,0,0,127,0.5,0.75,0.0,92.93,
ERCOT,92.5,21,79,0,0,127,0.5,0.75,0.5,92.93,
ERCOT,92.5,21,79,0,0,127,0.5,1.0,0.0,92.93,
ERCOT,92.5,21,79,0,0,127,0.5,1.0,0.5,92.93,
ERCOT,92.5,22,74,4,0,237,0.0,0.0,1.0,93.04,
ERCOT,92.5,22,74,4,0,197,0.0,0.0,1.5,93.14,
ERCOT,92.5,22,74,4,0,162,0.0,0.0,2.0,92.55,
ERCOT,92.5,22,74,4,0,147,0.0,0.0,2.5,92.59,
ERCOT,92.5,22,74,4,0,132,0.0,0.25,0.0,93.68,
ERCOT,92.5,22,74,4,0,127,0.0,0.25,0.5,93.58,
ERCOT,92.5,22,74,4,0,122,0.0,0.25,1.0,93.05,
ERCOT,92.5,22,74,4,0,122,0.0,0.25,1.5,93.72,
ERCOT,92.5,22,74,4,0,122,0.0,0.5,0.0,93.11,
ERCOT,92.5,22,74,4,0,122,0.0,0.5,0.5,93.11,
ERCOT,92.5,22,74,4,0,122,0.0,0.75,0.0,93.11,
ERCOT,92.5,22,74,4,0,122,0.0,0.75,0.5,93.11,
ERCOT,92.5,22,74,4,0,122,0.0,1.0,0.0,93.11,
ERCOT,92.5,22,74,4,0,122,0.0,1.0,0.5,93.11,
ERCOT,92.5,22,74,4,0,122,0.25,0.0,0.0,92.95,
ERCOT,92.5,22,74,4,0,122,0.25,0.0,0.5,92.95,
ERCOT,92.5,22,74,4,0,122,0.25,0.25,0.0,92.95,
ERCOT,92.5,22,74,4,0,122,0.25,0.25,0.5,92.95,
ERCOT,92.5,22,74,4,0,122,0.25,0.5,0.0,92.95,
ERCOT,92.5,22,74,4,0,122,0.25,0.5,0.5,92.95,
ERCOT,92.5,22,74,4,0,122,0.25,0.75,0.0,92.95,
ERCOT,92.5,22,74,4,0,122,0.25,0.75,0.5,92.95,
ERCOT,92.5,22,74,4,0,122,0.25,1.0,0.0,92.95,
ERCOT,92.5,22,74,4,0,122,0.25,1.0,0.5,92.95,
ERCOT,92.5,22,74,4,0,122,0.5,0.0,0.0,92.95,
ERCOT,92.5,22,74,4,0,122,0.5,0.0,0.5,92.95,
ERCOT,92.5,22,74,4,0,122,0.5,0.25,0.0,92.95,
ERCOT,92.5,22,74,4,0,122,0.5,0.25,0.5,92.95,
ERCOT,92.5,22,74,4,0,122,0.5,0.5,0.0,92.95,
ERCOT,92.5,22,74,4,0,122,0.5,0.5,0.5,92.95,
ERCOT,92.5,22,74,4,0,122,0.5,0.75,0.0,92.95,
ERCOT,92.5,22,74,4,0,122,0.5,0.75,0.5,92.95,
ERCOT,92.5,22,74,4,0,122,0.5,1.0,0.0,92.95,
ERCOT,92.5,22,74,4,0,122,0.5,1.0,0.5,92.95,
ERCOT,92.5,22,75,3,0,247,0.0,0.0,1.0,93.03,
ERCOT,92.5,22,75,3,0,202,0.0,0.0,1.5,92.75,
ERCOT,92.5,22,75,3,0,167,0.0,0.0,2.0,92.57,
ERCOT,92.5,22,75,3,0,152,0.0,0.0,2.5,93.13,
ERCOT,92.5,22,75,3,0,132,0.0,0.25,0.0,93.14,
ERCOT,92.5,22,75,3,0,127,0.0,0.25,0.5,93.12,
ERCOT,92.5,22,75,3,0,122,0.0,0.25,1.0,92.61,
ERCOT,92.5,22,75,3,0,122,0.0,0.25,1.5,93.33,
ERCOT,92.5,22,75,3,0,122,0.0,0.5,0.0,92.84,
ERCOT,92.5,22,75,3,0,122,0.0,0.5,0.5,92.84,
ERCOT,92.5,22,75,3,0,122,0.0,0.75,0.0,92.84,
ERCOT,92.5,22,75,3,0,122,0.0,0.75,0.5,92.84,
ERCOT,92.5,22,75,3,0,122,0.0,1.0,0.0,92.84,
ERCOT,92.5,22,75,3,0,122,0.0,1.0,0.5,92.84,
ERCOT,92.5,22,75,3,0,122,0.25,0.0,0.0,92.66,
ERCOT,92.5,22,75,3,0,122,0.25,0.0,0.5,92.66,
ERCOT,92.5,22,75,3,0,122,0.25,0.25,0.0,92.66,
ERCOT,92.5,22,75,3,0,122,0.25,0.25,0.5,92.66,
ERCOT,92.5,22,75,3,0,122,0.25,0.5,0.0,92.66,
ERCOT,92.5,22,75,3,0,122,0.25,0.5,0.5,92.66,
ERCOT,92.5,22,75,3,0,122,0.25,0.75,0.0,92.66,
ERCOT,92.5,22,75,3,0,122,0.25,0.75,0.5,92.66,
ERCOT,92.5,22,75,3,0,122,0.25,1.0,0.0,92.66,
ERCOT,92.5,22,75,3,0,122,0.25,1.0,0.5,92.66,
ERCOT,92.5,22,75,3,0,122,0.5,0.0,0.0,92.66,
ERCOT,92.5,22,75,3,0,122,0.5,0.0,0.5,92.66,
ERCOT,92.5,22,75,3,0,122,0.5,0.25,0.0,92.66,
ERCOT,92.5,22,75,3,0,122,0.5,0.25,0.5,92.66,
ERCOT,92.5,22,75,3,0,122,0.5,0.5,0.0,92.66,
ERCOT,92.5,22,75,3,0,122,0.5,0.5,0.5,92.66,
ERCOT,92.5,22,75,3,0,122,0.5,0.75,0.0,92.66,
ERCOT,92.5,22,75,3,0,122,0.5,0.75,0.5,92.66,
ERCOT,92.5,22,75,3,0,122,0.5,1.0,0.0,92.66,
ERCOT,92.5,22,75,3,0,122,0.5,1.0,0.5,92.66,
ERCOT,92.5,22,76,2,0,212,0.0,0.0,1.5,92.99,
ERCOT,92.5,22,76,2,0,177,0.0,0.0,2.0,93.23,
ERCOT,92.5,22,76,2,0,157,0.0,0.0,2.5,93.49,
ERCOT,92.5,22,76,2,0,132,0.0,0.25,0.0,92.58,
ERCOT,92.5,22,76,2,0,127,0.0,0.25,0.5,92.64,
ERCOT,92.5,22,76,2,0,127,0.0,0.25,1.0,93.81,
ERCOT,92.5,22,76,2,0,122,0.0,0.5,0.0,92.57,
ERCOT,92.5,22,76,2,0,122,0.0,0.5,0.5,92.57,
ERCOT,92.5,22,76,2,0,122,0.0,0.75,0.0,92.57,
ERCOT,92.5,22,76,2,0,122,0.0,0.75,0.5,92.57,
ERCOT,92.5,22,76,2,0,122,0.0,1.0,0.0,92.57,
ERCOT,92.5,22,76,2,0,122,0.0,1.0,0.5,92.57,
ERCOT,92.5,22,76,2,0,127,0.25,0.0,0.0,93.73,
ERCOT,92.5,22,76,2,0,127,0.25,0.0,0.5,93.73,
ERCOT,92.5,22,76,2,0,127,0.25,0.25,0.0,93.73,
ERCOT,92.5,22,76,2,0,127,0.25,0.25,0.5,93.73,
ERCOT,92.5,22,76,2,0,127,0.25,0.5,0.0,93.73,
ERCOT,92.5,22,76,2,0,127,0.25,0.5,0.5,93.73,
ERCOT,92.5,22,76,2,0,127,0.25,0.75,0.0,93.73,
ERCOT,92.5,22,76,2,0,127,0.25,0.75,0.5,93.73,
ERCOT,92.5,22,76,2,0,127,0.25,1.0,0.0,93.73,
ERCOT,92.5,22,76,2,0,127,0.25,1.0,0.5,93.73,
ERCOT,92.5,22,76,2,0,127,0.5,0.0,0.0,93.73,
ERCOT,92.5,22,76,2,0,127,0.5,0.0,0.5,93.73,
ERCOT,92.5,22,76,2,0,127,0.5,0.25,0.0,93.73,
ERCOT,92.5,22,76,2,0,127,0.5,0.25,0.5,93.73,
ERCOT,92.5,22,76,2,0,127,0.5,0.5,0.0,93.73,
ERCOT,92.5,22,76,2,0,127,0.5,0.5,0.5,93.73,
ERCOT,92.5,22,76,2,0,127,0.5,0.75,0.0,93.73,
ERCOT,92.5,22,76,2,0,127,0.5,0.75,0.5,93.73,
ERCOT,92.5,22,76,2,0,127,0.5,1.0,0.0,93.73,
ERCOT,92.5,22,76,2,0,127,0.5,1.0,0.5,93.73,
ERCOT,92.5,22,77,1,0,222,0.0,0.0,1.5,93.1,
ERCOT,92.5,22,77,1,0,182,0.0,0.0,2.0,93.03,
ERCOT,92.5,22,77,1,0,157,0.0,0.0,2.5,92.79,
ERCOT,92.5,22,77,1,0,137,0.0,0.25,0.0,93.17,
ERCOT,92.5,22,77,1,0,132,0.0,0.25,0.5,93.42,
ERCOT,92.5,22,77,1,0,127,0.0,0.25,1.0,93.36,
ERCOT,92.5,22,77,1,0,127,0.0,0.25,1.5,94.25,
ERCOT,92.5,22,77,1,0,127,0.0,0.5,0.0,93.6,
ERCOT,92.5,22,77,1,0,127,0.0,0.5,0.5,93.6,
ERCOT,92.5,22,77,1,0,127,0.0,0.75,0.0,93.6,
ERCOT,92.5,22,77,1,0,127,0.0,0.75,0.5,93.6,
ERCOT,92.5,22,77,1,0,127,0.0,1.0,0.0,93.6,
ERCOT,92.5,22,77,1,0,127,0.0,1.0,0.5,93.6,
ERCOT,92.5,22,77,1,0,127,0.25,0.0,0.0,93.45,
ERCOT,92.5,22,77,1,0,127,0.25,0.0,0.5,93.45,
ERCOT,92.5,22,77,1,0,127,0.25,0.25,0.0,93.45,
ERCOT,92.5,22,77,1,0,127,0.25,0.25,0.5,93.45,
ERCOT,92.5,22,77,1,0,127,0.25,0.5,0.0,93.45,
ERCOT,92.5,22,77,1,0,127,0.25,0.5,0.5,93.45,
ERCOT,92.5,22,77,1,0,127,0.25,0.75,0.0,93.45,
ERCOT,92.5,22,77,1,0,127,0.25,0.75,0.5,93.45,
ERCOT,92.5,22,77,1,0,127,0.25,1.0,0.0,93.45,
ERCOT,92.5,22,77,1,0,127,0.25,1.0,0.5,93.45,
ERCOT,92.5,22,77,1,0,127,0.5,0.0,0.0,93.45,
ERCOT,92.5,22,77,1,0,127,0.5,0.0,0.5,93.45,
ERCOT,92.5,22,77,1,0,127,0.5,0.25,0.0,93.45,
ERCOT,92.5,22,77,1,0,127,0.5,0.25,0.5,93.45,
ERCOT,92.5,22,77,1,0,127,0.5,0.5,0.0,93.45,
ERCOT,92.5,22,77,1,0,127,0.5,0.5,0.5,93.45,
ERCOT,92.5,22,77,1,0,127,0.5,0.75,0.0,93.45,
ERCOT,92.5,22,77,1,0,127,0.5,0.75,0.5,93.45,
ERCOT,92.5,22,77,1,0,127,0.5,1.0,0.0,93.45,
ERCOT,92.5,22,77,1,0,127,0.5,1.0,0.5,93.45,
ERCOT,92.5,22,78,0,0,232,0.0,0.0,1.5,93.07,
ERCOT,92.5,22,78,0,0,187,0.0,0.0,2.0,92.76,
ERCOT,92.5,22,78,0,0,162,0.0,0.0,2.5,93.0,
ERCOT,92.5,22,78,0,0,137,0.0,0.25,0.0,92.57,
ERCOT,92.5,22,78,0,0,132,0.0,0.25,0.5,92.92,
ERCOT,92.5,22,78,0,0,127,0.0,0.25,1.0,92.87,
ERCOT,92.5,22,78,0,0,127,0.0,0.25,1.5,93.86,
ERCOT,92.5,22,78,0,0,127,0.0,0.5,0.0,93.32,
ERCOT,92.5,22,78,0,0,127,0.0,0.5,0.5,93.32,
ERCOT,92.5,22,78,0,0,127,0.0,0.75,0.0,93.32,
ERCOT,92.5,22,78,0,0,127,0.0,0.75,0.5,93.32,
ERCOT,92.5,22,78,0,0,127,0.0,1.0,0.0,93.32,
ERCOT,92.5,22,78,0,0,127,0.0,1.0,0.5,93.32,
ERCOT,92.5,22,78,0,0,127,0.25,0.0,0.0,93.16,
ERCOT,92.5,22,78,0,0,127,0.25,0.0,0.5,93.16,
ERCOT,92.5,22,78,0,0,127,0.25,0.25,0.0,93.16,
ERCOT,92.5,22,78,0,0,127,0.25,0.25,0.5,93.16,
ERCOT,92.5,22,78,0,0,127,0.25,0.5,0.0,93.16,
ERCOT,92.5,22,78,0,0,127,0.25,0.5,0.5,93.16,
ERCOT,92.5,22,78,0,0,127,0.25,0.75,0.0,93.16,
ERCOT,92.5,22,78,0,0,127,0.25,0.75,0.5,93.16,
ERCOT,92.5,22,78,0,0,127,0.25,1.0,0.0,93.16,
ERCOT,92.5,22,78,0,0,127,0.25,1.0,0.5,93.16,
ERCOT,92.5,22,78,0,0,127,0.5,0.0,0.0,93.16,
ERCOT,92.5,22,78,0,0,127,0.5,0.0,0.5,93.16,
ERCOT,92.5,22,78,0,0,127,0.5,0.25,0.0,93.16,
ERCOT,92.5,22,78,0,0,127,0.5,0.25,0.5,93.16,
ERCOT,92.5,22,78,0,0,127,0.5,0.5,0.0,93.16,
ERCOT,92.5,22,78,0,0,127,0.5,0.5,0.5,93.16,
ERCOT,92.5,22,78,0,0,127,0.5,0.75,0.0,93.16,
ERCOT,92.5,22,78,0,0,127,0.5,0.75,0.5,93.16,
ERCOT,92.5,22,78,0,0,127,0.5,1.0,0.0,93.16,
ERCOT,92.5,22,78,0,0,127,0.5,1.0,0.5,93.16,
ERCOT,92.5,23,73,4,0,227,0.0,0.0,1.0,92.77,
ERCOT,92.5,23,73,4,0,187,0.0,0.0,1.5,92.55,
ERCOT,92.5,23,73,4,0,162,0.0,0.0,2.0,93.26,
ERCOT,92.5,23,73,4,0,147,0.0,0.0,2.5,93.14,
ERCOT,92.5,23,73,4,0,127,0.0,0.25,0.0,92.91,
ERCOT,92.5,23,73,4,0,122,0.0,0.25,0.5,92.55,
ERCOT,92.5,23,73,4,0,122,0.0,0.25,1.0,93.4,
ERCOT,92.5,23,73,4,0,122,0.0,0.5,0.0,93.33,
ERCOT,92.5,23,73,4,0,122,0.0,0.5,0.5,93.33,
ERCOT,92.5,23,73,4,0,122,0.0,0.75,0.0,93.33,
ERCOT,92.5,23,73,4,0,122,0.0,0.75,0.5,93.33,
ERCOT,92.5,23,73,4,0,122,0.0,1.0,0.0,93.33,
ERCOT,92.5,23,73,4,0,122,0.0,1.0,0.5,93.33,
ERCOT,92.5,23,73,4,0,122,0.25,0.0,0.0,93.17,
ERCOT,92.5,23,73,4,0,122,0.25,0.0,0.5,93.17,
ERCOT,92.5,23,73,4,0,122,0.25,0.25,0.0,93.17,
ERCOT,92.5,23,73,4,0,122,0.25,0.25,0.5,93.17,
ERCOT,92.5,23,73,4,0,122,0.25,0.5,0.0,93.17,
ERCOT,92.5,23,73,4,0,122,0.25,0.5,0.5,93.17,
ERCOT,92.5,23,73,4,0,122,0.25,0.75,0.0,93.17,
ERCOT,92.5,23,73,4,0,122,0.25,0.75,0.5,93.17,
ERCOT,92.5,23,73,4,0,122,0.25,1.0,0.0,93.17,
ERCOT,92.5,23,73,4,0,122,0.25,1.0,0.5,93.17,
ERCOT,92.5,23,73,4,0,122,0.5,0.0,0.0,93.17,
ERCOT,92.5,23,73,4,0,122,0.5,0.0,0.5,93.17,
ERCOT,92.5,23,73,4,0,122,0.5,0.25,0.0,93.17,
ERCOT,92.5,23,73,4,0,122,0.5,0.25,0.5,93.17,
ERCOT,92.5,23,73,4,0,122,0.5,0.5,0.0,93.17,
ERCOT,92.5,23,73,4,0,122,0.5,0.5,0.5,93.17,
ERCOT,92.5,23,73,4,0,122,0.5,0.75,0.0,93.17,
ERCOT,92.5,23,73,4,0,122,0.5,0.75,0.5,93.17,
ERCOT,92.5,23,73,4,0,122,0.5,1.0,0.0,93.17,
ERCOT,92.5,23,73,4,0,122,0.5,1.0,0.5,93.17,
ERCOT,92.5,23,74,3,0,237,0.0,0.0,1.0,92.88,
ERCOT,92.5,23,74,3,0,197,0.0,0.0,1.5,93.02,
ERCOT,92.5,23,74,3,0,167,0.0,0.0,2.0,93.32,
ERCOT,92.5,23,74,3,0,152,0.0,0.0,2.5,93.69,
ERCOT,92.5,23,74,3,0,132,0.0,0.25,0.0,93.64,
ERCOT,92.5,23,74,3,0,127,0.0,0.25,0.5,93.54,
ERCOT,92.5,23,74,3,0,122,0.0,0.25,1.0,92.99,
ERCOT,92.5,23,74,3,0,122,0.0,0.25,1.5,93.66,
ERCOT,92.5,23,74,3,0,122,0.0,0.5,0.0,93.06,
ERCOT,92.5,23,74,3,0,122,0.0,0.5,0.5,93.06,
ERCOT,92.5,23,74,3,0,122,0.0,0.75,0.0,93.06,
ERCOT,92.5,23,74,3,0,122,0.0,0.75,0.5,93.06,
ERCOT,92.5,23,74,3,0,122,0.0,1.0,0.0,93.06,
ERCOT,92.5,23,74,3,0,122,0.0,1.0,0.5,93.06,
ERCOT,92.5,23,74,3,0,122,0.25,0.0,0.0,92.89,
ERCOT,92.5,23,74,3,0,122,0.25,0.0,0.5,92.89,
ERCOT,92.5,23,74,3,0,122,0.25,0.25,0.0,92.89,
ERCOT,92.5,23,74,3,0,122,0.25,0.25,0.5,92.89,
ERCOT,92.5,23,74,3,0,122,0.25,0.5,0.0,92.89,
ERCOT,92.5,23,74,3,0,122,0.25,0.5,0.5,92.89,
ERCOT,92.5,23,74,3,0,122,0.25,0.75,0.0,92.89,
ERCOT,92.5,23,74,3,0,122,0.25,0.75,0.5,92.89,
ERCOT,92.5,23,74,3,0,122,0.25,1.0,0.0,92.89,
ERCOT,92.5,23,74,3,0,122,0.25,1.0,0.5,92.89,
ERCOT,92.5,23,74,3,0,122,0.5,0.0,0.0,92.89,
ERCOT,92.5,23,74,3,0,122,0.5,0.0,0.5,92.89,
ERCOT,92.5,23,74,3,0,122,0.5,0.25,0.0,92.89,
ERCOT,92.5,23,74,3,0,122,0.5,0.25,0.5,92.89,
ERCOT,92.5,23,74,3,0,122,0.5,0.5,0.0,92.89,
ERCOT,92.5,23,74,3,0,122,0.5,0.5,0.5,92.89,
ERCOT,92.5,23,74,3,0,122,0.5,0.75,0.0,92.89,
ERCOT,92.5,23,74,3,0,122,0.5,0.75,0.5,92.89,
ERCOT,92.5,23,74,3,0,122,0.5,1.0,0.0,92.89,
ERCOT,92.5,23,74,3,0,122,0.5,1.0,0.5,92.89,
ERCOT,92.5,23,75,2,0,247,0.0,0.0,1.0,92.86,
ERCOT,92.5,23,75,2,0,202,0.0,0.0,1.5,92.62,
ERCOT,92.5,23,75,2,0,172,0.0,0.0,2.0,93.27,
ERCOT,92.5,23,75,2,0,152,0.0,0.0,2.5,93.06,
ERCOT,92.5,23,75,2,0,132,0.0,0.25,0.0,93.08,
ERCOT,92.5,23,75,2,0,127,0.0,0.25,0.5,93.07,
ERCOT,92.5,23,75,2,0,122,0.0,0.25,1.0,92.53,
ERCOT,92.5,23,75,2,0,122,0.0,0.25,1.5,93.27,
ERCOT,92.5,23,75,2,0,122,0.0,0.5,0.0,92.79,
ERCOT,92.5,23,75,2,0,122,0.0,0.5,0.5,92.79,
ERCOT,92.5,23,75,2,0,122,0.0,0.75,0.0,92.79,
ERCOT,92.5,23,75,2,0,122,0.0,0.75,0.5,92.79,
ERCOT,92.5,23,75,2,0,122,0.0,1.0,0.0,92.79,
ERCOT,92.5,23,75,2,0,122,0.0,1.0,0.5,92.79,
ERCOT,92.5,23,75,2,0,122,0.25,0.0,0.0,92.6,
ERCOT,92.5,23,75,2,0,122,0.25,0.0,0.5,92.6,
ERCOT,92.5,23,75,2,0,122,0.25,0.25,0.0,92.6,
ERCOT,92.5,23,75,2,0,122,0.25,0.25,0.5,92.6,
ERCOT,92.5,23,75,2,0,122,0.25,0.5,0.0,92.6,
ERCOT,92.5,23,75,2,0,122,0.25,0.5,0.5,92.6,
ERCOT,92.5,23,75,2,0,122,0.25,0.75,0.0,92.6,
ERCOT,92.5,23,75,2,0,122,0.25,0.75,0.5,92.6,
ERCOT,92.5,23,75,2,0,122,0.25,1.0,0.0,92.6,
ERCOT,92.5,23,75,2,0,122,0.25,1.0,0.5,92.6,
ERCOT,92.5,23,75,2,0,122,0.5,0.0,0.0,92.6,
ERCOT,92.5,23,75,2,0,122,0.5,0.0,0.5,92.6,
ERCOT,92.5,23,75,2,0,122,0.5,0.25,0.0,92.6,
ERCOT,92.5,23,75,2,0,122,0.5,0.25,0.5,92.6,
ERCOT,92.5,23,75,2,0,122,0.5,0.5,0.0,92.6,
ERCOT,92.5,23,75,2,0,122,0.5,0.5,0.5,92.6,
ERCOT,92.5,23,75,2,0,122,0.5,0.75,0.0,92.6,
ERCOT,92.5,23,75,2,0,122,0.5,0.75,0.5,92.6,
ERCOT,92.5,23,75,2,0,122,0.5,1.0,0.0,92.6,
ERCOT,92.5,23,75,2,0,122,0.5,1.0,0.5,92.6,
ERCOT,92.5,23,76,1,0,212,0.0,0.0,1.5,92.86,
ERCOT,92.5,23,76,1,0,177,0.0,0.0,2.0,93.14,
ERCOT,92.5,23,76,1,0,157,0.0,0.0,2.5,93.42,
ERCOT,92.5,23,76,1,0,132,0.0,0.25,0.0,92.52,
ERCOT,92.5,23,76,1,0,127,0.0,0.25,0.5,92.58,
ERCOT,92.5,23,76,1,0,127,0.0,0.25,1.0,93.77,
ERCOT,92.5,23,76,1,0,122,0.0,0.5,0.0,92.52,
ERCOT,92.5,23,76,1,0,122,0.0,0.5,0.5,92.52,
ERCOT,92.5,23,76,1,0,122,0.0,0.75,0.0,92.52,
ERCOT,92.5,23,76,1,0,122,0.0,0.75,0.5,92.52,
ERCOT,92.5,23,76,1,0,122,0.0,1.0,0.0,92.52,
ERCOT,92.5,23,76,1,0,122,0.0,1.0,0.5,92.52,
ERCOT,92.5,23,76,1,0,127,0.25,0.0,0.0,93.68,
ERCOT,92.5,23,76,1,0,127,0.25,0.0,0.5,93.68,
ERCOT,92.5,23,76,1,0,127,0.25,0.25,0.0,93.68,
ERCOT,92.5,23,76,1,0,127,0.25,0.25,0.5,93.68,
ERCOT,92.5,23,76,1,0,127,0.25,0.5,0.0,93.68,
ERCOT,92.5,23,76,1,0,127,0.25,0.5,0.5,93.68,
ERCOT,92.5,23,76,1,0,127,0.25,0.75,0.0,93.68,
ERCOT,92.5,23,76,1,0,127,0.25,0.75,0.5,93.68,
ERCOT,92.5,23,76,1,0,127,0.25,1.0,0.0,93.68,
ERCOT,92.5,23,76,1,0,127,0.25,1.0,0.5,93.68,
ERCOT,92.5,23,76,1,0,127,0.5,0.0,0.0,93.68,
ERCOT,92.5,23,76,1,0,127,0.5,0.0,0.5,93.68,
ERCOT,92.5,23,76,1,0,127,0.5,0.25,0.0,93.68,
ERCOT,92.5,23,76,1,0,127,0.5,0.25,0.5,93.68,
ERCOT,92.5,23,76,1,0,127,0.5,0.5,0.0,93.68,
ERCOT,92.5,23,76,1,0,127,0.5,0.5,0.5,93.68,
ERCOT,92.5,23,76,1,0,127,0.5,0.75,0.0,93.68,
ERCOT,92.5,23,76,1,0,127,0.5,0.75,0.5,93.68,
ERCOT,92.5,23,76,1,0,127,0.5,1.0,0.0,93.68,
ERCOT,92.5,23,76,1,0,127,0.5,1.0,0.5,93.68,
ERCOT,92.5,23,77,0,0,222,0.0,0.0,1.5,92.95,
ERCOT,92.5,23,77,0,0,182,0.0,0.0,2.0,92.93,
ERCOT,92.5,23,77,0,0,157,0.0,0.0,2.5,92.71,
ERCOT,92.5,23,77,0,0,137,0.0,0.25,0.0,93.12,
ERCOT,92.5,23,77,0,0,132,0.0,0.25,0.5,93.36,
ERCOT,92.5,23,77,0,0,127,0.0,0.25,1.0,93.31,
ERCOT,92.5,23,77,0,0,127,0.0,0.25,1.5,94.2,
ERCOT,92.5,23,77,0,0,127,0.0,0.5,0.0,93.54,
ERCOT,92.5,23,77,0,0,127,0.0,0.5,0.5,93.54,
ERCOT,92.5,23,77,0,0,127,0.0,0.75,0.0,93.54,
ERCOT,92.5,23,77,0,0,127,0.0,0.75,0.5,93.54,
ERCOT,92.5,23,77,0,0,127,0.0,1.0,0.0,93.54,
ERCOT,92.5,23,77,0,0,127,0.0,1.0,0.5,93.54,
ERCOT,92.5,23,77,0,0,127,0.25,0.0,0.0,93.39,
ERCOT,92.5,23,77,0,0,127,0.25,0.0,0.5,93.39,
ERCOT,92.5,23,77,0,0,127,0.25,0.25,0.0,93.39,
ERCOT,92.5,23,77,0,0,127,0.25,0.25,0.5,93.39,
ERCOT,92.5,23,77,0,0,127,0.25,0.5,0.0,93.39,
ERCOT,92.5,23,77,0,0,127,0.25,0.5,0.5,93.39,
ERCOT,92.5,23,77,0,0,127,0.25,0.75,0.0,93.39,
ERCOT,92.5,23,77,0,0,127,0.25,0.75,0.5,93.39,
ERCOT,92.5,23,77,0,0,127,0.25,1.0,0.0,93.39,
ERCOT,92.5,23,77,0,0,127,0.25,1.0,0.5,93.39,
ERCOT,92.5,23,77,0,0,127,0.5,0.0,0.0,93.39,
ERCOT,92.5,23,77,0,0,127,0.5,0.0,0.5,93.39,
ERCOT,92.5,23,77,0,0,127,0.5,0.25,0.0,93.39,
ERCOT,92.5,23,77,0,0,127,0.5,0.25,0.5,93.39,
ERCOT,92.5,23,77,0,0,127,0.5,0.5,0.0,93.39,
ERCOT,92.5,23,77,0,0,127,0.5,0.5,0.5,93.39,
ERCOT,92.5,23,77,0,0,127,0.5,0.75,0.0,93.39,
ERCOT,92.5,23,77,0,0,127,0.5,0.75,0.5,93.39,
ERCOT,92.5,23,77,0,0,127,0.5,1.0,0.0,93.39,
ERCOT,92.5,23,77,0,0,127,0.5,1.0,0.5,93.39,
ERCOT,92.5,24,72,4,0,222,0.0,0.0,1.0,93.16,
ERCOT,92.5,24,72,4,0,182,0.0,0.0,1.5,92.67,
ERCOT,92.5,24,72,4,0,157,0.0,0.0,2.0,93.03,
ERCOT,92.5,24,72,4,0,147,0.0,0.0,2.5,93.68,
ERCOT,92.5,24,72,4,0,127,0.0,0.25,0.0,93.38,
ERCOT,92.5,24,72,4,0,122,0.0,0.25,0.5,92.95,
ERCOT,92.5,24,72,4,0,122,0.0,0.25,1.0,93.74,
ERCOT,92.5,24,72,4,0,122,0.0,0.5,0.0,93.54,
ERCOT,92.5,24,72,4,0,122,0.0,0.5,0.5,93.54,
ERCOT,92.5,24,72,4,0,122,0.0,0.75,0.0,93.54,
ERCOT,92.5,24,72,4,0,122,0.0,0.75,0.5,93.54,
ERCOT,92.5,24,72,4,0,122,0.0,1.0,0.0,93.54,
ERCOT,92.5,24,72,4,0,122,0.0,1.0,0.5,93.54,
ERCOT,92.5,24,72,4,0,122,0.25,0.0,0.0,93.39,
ERCOT,92.5,24,72,4,0,122,0.25,0.0,0.5,93.39,
ERCOT,92.5,24,72,4,0,122,0.25,0.25,0.0,93.39,
ERCOT,92.5,24,72,4,0,122,0.25,0.25,0.5,93.39,
ERCOT,92.5,24,72,4,0,122,0.25,0.5,0.0,93.39,
ERCOT,92.5,24,72,4,0,122,0.25,0.5,0.5,93.39,
ERCOT,92.5,24,72,4,0,122,0.25,0.75,0.0,93.39,
ERCOT,92.5,24,72,4,0,122,0.25,0.75,0.5,93.39,
ERCOT,92.5,24,72,4,0,122,0.25,1.0,0.0,93.39,
ERCOT,92.5,24,72,4,0,122,0.25,1.0,0.5,93.39,
ERCOT,92.5,24,72,4,0,122,0.5,0.0,0.0,93.39,
ERCOT,92.5,24,72,4,0,122,0.5,0.0,0.5,93.39,
ERCOT,92.5,24,72,4,0,122,0.5,0.25,0.0,93.39,
ERCOT,92.5,24,72,4,0,122,0.5,0.25,0.5,93.39,
ERCOT,92.5,24,72,4,0,122,0.5,0.5,0.0,93.39,
ERCOT,92.5,24,72,4,0,122,0.5,0.5,0.5,93.39,
ERCOT,92.5,24,72,4,0,122,0.5,0.75,0.0,93.39,
ERCOT,92.5,24,72,4,0,122,0.5,0.75,0.5,93.39,
ERCOT,92.5,24,72,4,0,122,0.5,1.0,0.0,93.39,
ERCOT,92.5,24,72,4,0,122,0.5,1.0,0.5,93.39,
ERCOT,92.5,24,73,3,0,227,0.0,0.0,1.0,92.61,
ERCOT,92.5,24,73,3,0,192,0.0,0.0,1.5,93.22,
ERCOT,92.5,24,73,3,0,162,0.0,0.0,2.0,93.18,
ERCOT,92.5,24,73,3,0,147,0.0,0.0,2.5,93.07,
ERCOT,92.5,24,73,3,0,127,0.0,0.25,0.0,92.85,
ERCOT,92.5,24,73,3,0,127,0.0,0.25,0.5,93.95,
ERCOT,92.5,24,73,3,0,122,0.0,0.5,0.0,93.28,
ERCOT,92.5,24,73,3,0,122,0.0,0.5,0.5,93.28,
ERCOT,92.5,24,73,3,0,122,0.0,0.75,0.0,93.28,
ERCOT,92.5,24,73,3,0,122,0.0,0.75,0.5,93.28,
ERCOT,92.5,24,73,3,0,122,0.0,1.0,0.0,93.28,
ERCOT,92.5,24,73,3,0,122,0.0,1.0,0.5,93.28,
ERCOT,92.5,24,73,3,0,122,0.25,0.0,0.0,93.11,
ERCOT,92.5,24,73,3,0,122,0.25,0.0,0.5,93.11,
ERCOT,92.5,24,73,3,0,122,0.25,0.25,0.0,93.11,
ERCOT,92.5,24,73,3,0,122,0.25,0.25,0.5,93.11,
ERCOT,92.5,24,73,3,0,122,0.25,0.5,0.0,93.11,
ERCOT,92.5,24,73,3,0,122,0.25,0.5,0.5,93.11,
ERCOT,92.5,24,73,3,0,122,0.25,0.75,0.0,93.11,
ERCOT,92.5,24,73,3,0,122,0.25,0.75,0.5,93.11,
ERCOT,92.5,24,73,3,0,122,0.25,1.0,0.0,93.11,
ERCOT,92.5,24,73,3,0,122,0.25,1.0,0.5,93.11,
ERCOT,92.5,24,73,3,0,122,0.5,0.0,0.0,93.11,
ERCOT,92.5,24,73,3,0,122,0.5,0.0,0.5,93.11,
ERCOT,92.5,24,73,3,0,122,0.5,0.25,0.0,93.11,
ERCOT,92.5,24,73,3,0,122,0.5,0.25,0.5,93.11,
ERCOT,92.5,24,73,3,0,122,0.5,0.5,0.0,93.11,
ERCOT,92.5,24,73,3,0,122,0.5,0.5,0.5,93.11,
ERCOT,92.5,24,73,3,0,122,0.5,0.75,0.0,93.11,
ERCOT,92.5,24,73,3,0,122,0.5,0.75,0.5,93.11,
ERCOT,92.5,24,73,3,0,122,0.5,1.0,0.0,93.11,
ERCOT,92.5,24,73,3,0,122,0.5,1.0,0.5,93.11,
ERCOT,92.5,24,74,2,0,237,0.0,0.0,1.0,92.7,
ERCOT,92.5,24,74,2,0,197,0.0,0.0,1.5,92.89,
ERCOT,92.5,24,74,2,0,167,0.0,0.0,2.0,93.23,
ERCOT,92.5,24,74,2,0,152,0.0,0.0,2.5,93.62,
ERCOT,92.5,24,74,2,0,132,0.0,0.25,0.0,93.58,
ERCOT,92.5,24,74,2,0,127,0.0,0.25,0.5,93.49,
ERCOT,92.5,24,74,2,0,122,0.0,0.25,1.0,92.92,
ERCOT,92.5,24,74,2,0,122,0.0,0.25,1.5,93.6,
ERCOT,92.5,24,74,2,0,122,0.0,0.5,0.0,93.01,
ERCOT,92.5,24,74,2,0,122,0.0,0.5,0.5,93.01,
ERCOT,92.5,24,74,2,0,122,0.0,0.75,0.0,93.01,
ERCOT,92.5,24,74,2,0,122,0.0,0.75,0.5,93.01,
ERCOT,92.5,24,74,2,0,122,0.0,1.0,0.0,93.01,
ERCOT,92.5,24,74,2,0,122,0.0,1.0,0.5,93.01,
ERCOT,92.5,24,74,2,0,122,0.25,0.0,0.0,92.83,
ERCOT,92.5,24,74,2,0,122,0.25,0.0,0.5,92.83,
ERCOT,92.5,24,74,2,0,122,0.25,0.25,0.0,92.83,
ERCOT,92.5,24,74,2,0,122,0.25,0.25,0.5,92.83,
ERCOT,92.5,24,74,2,0,122,0.25,0.5,0.0,92.83,
ERCOT,92.5,24,74,2,0,122,0.25,0.5,0.5,92.83,
ERCOT,92.5,24,74,2,0,122,0.25,0.75,0.0,92.83,
ERCOT,92.5,24,74,2,0,122,0.25,0.75,0.5,92.83,
ERCOT,92.5,24,74,2,0,122,0.25,1.0,0.0,92.83,
ERCOT,92.5,24,74,2,0,122,0.25,1.0,0.5,92.83,
ERCOT,92.5,24,74,2,0,122,0.5,0.0,0.0,92.83,
ERCOT,92.5,24,74,2,0,122,0.5,0.0,0.5,92.83,
ERCOT,92.5,24,74,2,0,122,0.5,0.25,0.0,92.83,
ERCOT,92.5,24,74,2,0,122,0.5,0.25,0.5,92.83,
ERCOT,92.5,24,74,2,0,122,0.5,0.5,0.0,92.83,
ERCOT,92.5,24,74,2,0,122,0.5,0.5,0.5,92.83,
ERCOT,92.5,24,74,2,0,122,0.5,0.75,0.0,92.83,
ERCOT,92.5,24,74,2,0,122,0.5,0.75,0.5,92.83,
ERCOT,92.5,24,74,2,0,122,0.5,1.0,0.0,92.83,
ERCOT,92.5,24,74,2,0,122,0.5,1.0,0.5,92.83,
ERCOT,92.5,24,75,1,0,247,0.0,0.0,1.0,92.65,
ERCOT,92.5,24,75,1,0,207,0.0,0.0,1.5,93.21,
ERCOT,92.5,24,75,1,0,172,0.0,0.0,2.0,93.17,
ERCOT,92.5,24,75,1,0,152,0.0,0.0,2.5,92.98,
ERCOT,92.5,24,75,1,0,132,0.0,0.25,0.0,93.02,
ERCOT,92.5,24,75,1,0,127,0.0,0.25,0.5,93.02,
ERCOT,92.5,24,75,1,0,127,0.0,0.25,1.0,94.13,
ERCOT,92.5,24,75,1,0,122,0.0,0.5,0.0,92.73,
ERCOT,92.5,24,75,1,0,122,0.0,0.5,0.5,92.73,
ERCOT,92.5,24,75,1,0,122,0.0,0.75,0.0,92.73,
ERCOT,92.5,24,75,1,0,122,0.0,0.75,0.5,92.73,
ERCOT,92.5,24,75,1,0,122,0.0,1.0,0.0,92.73,
ERCOT,92.5,24,75,1,0,122,0.0,1.0,0.5,92.73,
ERCOT,92.5,24,75,1,0,122,0.25,0.0,0.0,92.53,
ERCOT,92.5,24,75,1,0,122,0.25,0.0,0.5,92.53,
ERCOT,92.5,24,75,1,0,122,0.25,0.25,0.0,92.53,
ERCOT,92.5,24,75,1,0,122,0.25,0.25,0.5,92.53,
ERCOT,92.5,24,75,1,0,122,0.25,0.5,0.0,92.53,
ERCOT,92.5,24,75,1,0,122,0.25,0.5,0.5,92.53,
ERCOT,92.5,24,75,1,0,122,0.25,0.75,0.0,92.53,
ERCOT,92.5,24,75,1,0,122,0.25,0.75,0.5,92.53,
ERCOT,92.5,24,75,1,0,122,0.25,1.0,0.0,92.53,
ERCOT,92.5,24,75,1,0,122,0.25,1.0,0.5,92.53,
ERCOT,92.5,24,75,1,0,122,0.5,0.0,0.0,92.53,
ERCOT,92.5,24,75,1,0,122,0.5,0.0,0.5,92.53,
ERCOT,92.5,24,75,1,0,122,0.5,0.25,0.0,92.53,
ERCOT,92.5,24,75,1,0,122,0.5,0.25,0.5,92.53,
ERCOT,92.5,24,75,1,0,122,0.5,0.5,0.0,92.53,
ERCOT,92.5,24,75,1,0,122,0.5,0.5,0.5,92.53,
ERCOT,92.5,24,75,1,0,122,0.5,0.75,0.0,92.53,
ERCOT,92.5,24,75,1,0,122,0.5,0.75,0.5,92.53,
ERCOT,92.5,24,75,1,0,122,0.5,1.0,0.0,92.53,
ERCOT,92.5,24,75,1,0,122,0.5,1.0,0.5,92.53,
ERCOT,92.5,24,76,0,0,212,0.0,0.0,1.5,92.72,
ERCOT,92.5,24,76,0,0,177,0.0,0.0,2.0,93.04,
ERCOT,92.5,24,76,0,0,157,0.0,0.0,2.5,93.34,
ERCOT,92.5,24,76,0,0,137,0.0,0.25,0.0,93.64,
ERCOT,92.5,24,76,0,0,127,0.0,0.25,0.5,92.52,
ERCOT,92.5,24,76,0,0,127,0.0,0.25,1.0,93.72,
ERCOT,92.5,24,76,0,0,127,0.0,0.5,0.0,93.77,
ERCOT,92.5,24,76,0,0,127,0.0,0.5,0.5,93.77,
ERCOT,92.5,24,76,0,0,127,0.0,0.75,0.0,93.77,
ERCOT,92.5,24,76,0,0,127,0.0,0.75,0.5,93.77,
ERCOT,92.5,24,76,0,0,127,0.0,1.0,0.0,93.77,
ERCOT,92.5,24,76,0,0,127,0.0,1.0,0.5,93.77,
ERCOT,92.5,24,76,0,0,127,0.25,0.0,0.0,93.63,
ERCOT,92.5,24,76,0,0,127,0.25,0.0,0.5,93.63,
ERCOT,92.5,24,76,0,0,127,0.25,0.25,0.0,93.63,
ERCOT,92.5,24,76,0,0,127,0.25,0.25,0.5,93.63,
ERCOT,92.5,24,76,0,0,127,0.25,0.5,0.0,93.63,
ERCOT,92.5,24,76,0,0,127,0.25,0.5,0.5,93.63,
ERCOT,92.5,24,76,0,0,127,0.25,0.75,0.0,93.63,
ERCOT,92.5,24,76,0,0,127,0.25,0.75,0.5,93.63,
ERCOT,92.5,24,76,0,0,127,0.25,1.0,0.0,93.63,
ERCOT,92.5,24,76,0,0,127,0.25,1.0,0.5,93.63,
ERCOT,92.5,24,76,0,0,127,0.5,0.0,0.0,93.63,
ERCOT,92.5,24,76,0,0,127,0.5,0.0,0.5,93.63,
ERCOT,92.5,24,76,0,0,127,0.5,0.25,0.0,93.63,
ERCOT,92.5,24,76,0,0,127,0.5,0.25,0.5,93.63,
ERCOT,92.5,24,76,0,0,127,0.5,0.5,0.0,93.63,
ERCOT,92.5,24,76,0,0,127,0.5,0.5,0.5,93.63,
ERCOT,92.5,24,76,0,0,127,0.5,0.75,0.0,93.63,
ERCOT,92.5,24,76,0,0,127,0.5,0.75,0.5,93.63,
ERCOT,92.5,24,76,0,0,127,0.5,1.0,0.0,93.63,
ERCOT,92.5,24,76,0,0,127,0.5,1.0,0.5,93.63,
ERCOT,92.5,25,71,4,0,212,0.0,0.0,1.0,92.7,
ERCOT,92.5,25,71,4,0,177,0.0,0.0,1.5,92.73,
ERCOT,92.5,25,71,4,0,152,0.0,0.0,2.0,92.68,
ERCOT,92.5,25,71,4,0,142,0.0,0.0,2.5,92.54,
ERCOT,92.5,25,71,4,0,127,0.0,0.25,0.0,93.84,
ERCOT,92.5,25,71,4,0,122,0.0,0.25,0.5,93.35,
ERCOT,92.5,25,71,4,0,122,0.0,0.25,1.0,94.08,
ERCOT,92.5,25,71,4,0,122,0.0,0.5,0.0,93.76,
ERCOT,92.5,25,71,4,0,122,0.0,0.5,0.5,93.76,
ERCOT,92.5,25,71,4,0,122,0.0,0.75,0.0,93.76,
ERCOT,92.5,25,71,4,0,122,0.0,0.75,0.5,93.76,
ERCOT,92.5,25,71,4,0,122,0.0,1.0,0.0,93.76,
ERCOT,92.5,25,71,4,0,122,0.0,1.0,0.5,93.76,
ERCOT,92.5,25,71,4,0,122,0.25,0.0,0.0,93.61,
ERCOT,92.5,25,71,4,0,122,0.25,0.0,0.5,93.61,
ERCOT,92.5,25,71,4,0,122,0.25,0.25,0.0,93.61,
ERCOT,92.5,25,71,4,0,122,0.25,0.25,0.5,93.61,
ERCOT,92.5,25,71,4,0,122,0.25,0.5,0.0,93.61,
ERCOT,92.5,25,71,4,0,122,0.25,0.5,0.5,93.61,
ERCOT,92.5,25,71,4,0,122,0.25,0.75,0.0,93.61,
ERCOT,92.5,25,71,4,0,122,0.25,0.75,0.5,93.61,
ERCOT,92.5,25,71,4,0,122,0.25,1.0,0.0,93.61,
ERCOT,92.5,25,71,4,0,122,0.25,1.0,0.5,93.61,
ERCOT,92.5,25,71,4,0,122,0.5,0.0,0.0,93.61,
ERCOT,92.5,25,71,4,0,122,0.5,0.0,0.5,93.61,
ERCOT,92.5,25,71,4,0,122,0.5,0.25,0.0,93.61,
ERCOT,92.5,25,71,4,0,122,0.5,0.25,0.5,93.61,
ERCOT,92.5,25,71,4,0,122,0.5,0.5,0.0,93.61,
ERCOT,92.5,25,71,4,0,122,0.5,0.5,0.5,93.61,
ERCOT,92.5,25,71,4,0,122,0.5,0.75,0.0,93.61,
ERCOT,92.5,25,71,4,0,122,0.5,0.75,0.5,93.61,
ERCOT,92.5,25,71,4,0,122,0.5,1.0,0.0,93.61,
ERCOT,92.5,25,71,4,0,122,0.5,1.0,0.5,93.61,
ERCOT,92.5,25,72,3,0,222,0.0,0.0,1.0,93.01,
ERCOT,92.5,25,72,3,0,182,0.0,0.0,1.5,92.55,
ERCOT,92.5,25,72,3,0,157,0.0,0.0,2.0,92.94,
ERCOT,92.5,25,72,3,0,147,0.0,0.0,2.5,93.62,
ERCOT,92.5,25,72,3,0,127,0.0,0.25,0.0,93.32,
ERCOT,92.5,25,72,3,0,122,0.0,0.25,0.5,92.88,
ERCOT,92.5,25,72,3,0,122,0.0,0.25,1.0,93.69,
ERCOT,92.5,25,72,3,0,122,0.0,0.5,0.0,93.5,
ERCOT,92.5,25,72,3,0,122,0.0,0.5,0.5,93.5,
ERCOT,92.5,25,72,3,0,122,0.0,0.75,0.0,93.5,
ERCOT,92.5,25,72,3,0,122,0.0,0.75,0.5,93.5,
ERCOT,92.5,25,72,3,0,122,0.0,1.0,0.0,93.5,
ERCOT,92.5,25,72,3,0,122,0.0,1.0,0.5,93.5,
ERCOT,92.5,25,72,3,0,122,0.25,0.0,0.0,93.34,
ERCOT,92.5,25,72,3,0,122,0.25,0.0,0.5,93.34,
ERCOT,92.5,25,72,3,0,122,0.25,0.25,0.0,93.34,
ERCOT,92.5,25,72,3,0,122,0.25,0.25,0.5,93.34,
ERCOT,92.5,25,72,3,0,122,0.25,0.5,0.0,93.34,
ERCOT,92.5,25,72,3,0,122,0.25,0.5,0.5,93.34,
ERCOT,92.5,25,72,3,0,122,0.25,0.75,0.0,93.34,
ERCOT,92.5,25,72,3,0,122,0.25,0.75,0.5,93.34,
ERCOT,92.5,25,72,3,0,122,0.25,1.0,0.0,93.34,
ERCOT,92.5,25,72,3,0,122,0.25,1.0,0.5,93.34,
ERCOT,92.5,25,72,3,0,122,0.5,0.0,0.0,93.34,
ERCOT,92.5,25,72,3,0,122,0.5,0.0,0.5,93.34,
ERCOT,92.5,25,72,3,0,122,0.5,0.25,0.0,93.34,
ERCOT,92.5,25,72,3,0,122,0.5,0.25,0.5,93.34,
ERCOT,92.5,25,72,3,0,122,0.5,0.5,0.0,93.34,
ERCOT,92.5,25,72,3,0,122,0.5,0.5,0.5,93.34,
ERCOT,92.5,25,72,3,0,122,0.5,0.75,0.0,93.34,
ERCOT,92.5,25,72,3,0,122,0.5,0.75,0.5,93.34,
ERCOT,92.5,25,72,3,0,122,0.5,1.0,0.0,93.34,
ERCOT,92.5,25,72,3,0,122,0.5,1.0,0.5,93.34,
ERCOT,92.5,25,73,2,0,232,0.0,0.0,1.0,93.2,
ERCOT,92.5,25,73,2,0,192,0.0,0.0,1.5,93.1,
ERCOT,92.5,25,73,2,0,162,0.0,0.0,2.0,93.09,
ERCOT,92.5,25,73,2,0,147,0.0,0.0,2.5,93.0,
ERCOT,92.5,25,73,2,0,127,0.0,0.25,0.0,92.79,
ERCOT,92.5,25,73,2,0,127,0.0,0.25,0.5,93.9,
ERCOT,92.5,25,73,2,0,122,0.0,0.5,0.0,93.23,
ERCOT,92.5,25,73,2,0,122,0.0,0.5,0.5,93.23,
ERCOT,92.5,25,73,2,0,122,0.0,0.75,0.0,93.23,
ERCOT,92.5,25,73,2,0,122,0.0,0.75,0.5,93.23,
ERCOT,92.5,25,73,2,0,122,0.0,1.0,0.0,93.23,
ERCOT,92.5,25,73,2,0,122,0.0,1.0,0.5,93.23,
ERCOT,92.5,25,73,2,0,122,0.25,0.0,0.0,93.05,
ERCOT,92.5,25,73,2,0,122,0.25,0.0,0.5,93.05,
ERCOT,92.5,25,73,2,0,122,0.25,0.25,0.0,93.05,
ERCOT,92.5,25,73,2,0,122,0.25,0.25,0.5,93.05,
ERCOT,92.5,25,73,2,0,122,0.25,0.5,0.0,93.05,
ERCOT,92.5,25,73,2,0,122,0.25,0.5,0.5,93.05,
ERCOT,92.5,25,73,2,0,122,0.25,0.75,0.0,93.05,
ERCOT,92.5,25,73,2,0,122,0.25,0.75,0.5,93.05,
ERCOT,92.5,25,73,2,0,122,0.25,1.0,0.0,93.05,
ERCOT,92.5,25,73,2,0,122,0.25,1.0,0.5,93.05,
ERCOT,92.5,25,73,2,0,122,0.5,0.0,0.0,93.05,
ERCOT,92.5,25,73,2,0,122,0.5,0.0,0.5,93.05,
ERCOT,92.5,25,73,2,0,122,0.5,0.25,0.0,93.05,
ERCOT,92.5,25,73,2,0,122,0.5,0.25,0.5,93.05,
ERCOT,92.5,25,73,2,0,122,0.5,0.5,0.0,93.05,
ERCOT,92.5,25,73,2,0,122,0.5,0.5,0.5,93.05,
ERCOT,92.5,25,73,2,0,122,0.5,0.75,0.0,93.05,
ERCOT,92.5,25,73,2,0,122,0.5,0.75,0.5,93.05,
ERCOT,92.5,25,73,2,0,122,0.5,1.0,0.0,93.05,
ERCOT,92.5,25,73,2,0,122,0.5,1.0,0.5,93.05,
ERCOT,92.5,25,74,1,0,242,0.0,0.0,1.0,93.25,
ERCOT,92.5,25,74,1,0,197,0.0,0.0,1.5,92.76,
ERCOT,92.5,25,74,1,0,167,0.0,0.0,2.0,93.13,
ERCOT,92.5,25,74,1,0,152,0.0,0.0,2.5,93.56,
ERCOT,92.5,25,74,1,0,132,0.0,0.25,0.0,93.52,
ERCOT,92.5,25,74,1,0,127,0.0,0.25,0.5,93.44,
ERCOT,92.5,25,74,1,0,122,0.0,0.25,1.0,92.84,
ERCOT,92.5,25,74,1,0,122,0.0,0.25,1.5,93.53,
ERCOT,92.5,25,74,1,0,122,0.0,0.5,0.0,92.95,
ERCOT,92.5,25,74,1,0,122,0.0,0.5,0.5,92.95,
ERCOT,92.5,25,74,1,0,122,0.0,0.75,0.0,92.95,
ERCOT,92.5,25,74,1,0,122,0.0,0.75,0.5,92.95,
ERCOT,92.5,25,74,1,0,122,0.0,1.0,0.0,92.95,
ERCOT,92.5,25,74,1,0,122,0.0,1.0,0.5,92.95,
ERCOT,92.5,25,74,1,0,122,0.25,0.0,0.0,92.76,
ERCOT,92.5,25,74,1,0,122,0.25,0.0,0.5,92.76,
ERCOT,92.5,25,74,1,0,122,0.25,0.25,0.0,92.76,
ERCOT,92.5,25,74,1,0,122,0.25,0.25,0.5,92.76,
ERCOT,92.5,25,74,1,0,122,0.25,0.5,0.0,92.76,
ERCOT,92.5,25,74,1,0,122,0.25,0.5,0.5,92.76,
ERCOT,92.5,25,74,1,0,122,0.25,0.75,0.0,92.76,
ERCOT,92.5,25,74,1,0,122,0.25,0.75,0.5,92.76,
ERCOT,92.5,25,74,1,0,122,0.25,1.0,0.0,92.76,
ERCOT,92.5,25,74,1,0,122,0.25,1.0,0.5,92.76,
ERCOT,92.5,25,74,1,0,122,0.5,0.0,0.0,92.76,
ERCOT,92.5,25,74,1,0,122,0.5,0.0,0.5,92.76,
ERCOT,92.5,25,74,1,0,122,0.5,0.25,0.0,92.76,
ERCOT,92.5,25,74,1,0,122,0.5,0.25,0.5,92.76,
ERCOT,92.5,25,74,1,0,122,0.5,0.5,0.0,92.76,
ERCOT,92.5,25,74,1,0,122,0.5,0.5,0.5,92.76,
ERCOT,92.5,25,74,1,0,122,0.5,0.75,0.0,92.76,
ERCOT,92.5,25,74,1,0,122,0.5,0.75,0.5,92.76,
ERCOT,92.5,25,74,1,0,122,0.5,1.0,0.0,92.76,
ERCOT,92.5,25,74,1,0,122,0.5,1.0,0.5,92.76,
ERCOT,92.5,26,71,3,0,212,0.0,0.0,1.0,92.54,
ERCOT,92.5,26,71,3,0,177,0.0,0.0,1.5,92.61,
ERCOT,92.5,26,71,3,0,152,0.0,0.0,2.0,92.6,
ERCOT,92.5,26,71,3,0,147,0.0,0.0,2.5,94.12,
ERCOT,92.5,26,71,3,0,127,0.0,0.25,0.0,93.79,
ERCOT,92.5,26,71,3,0,122,0.0,0.25,0.5,93.29,
ERCOT,92.5,26,71,3,0,122,0.0,0.25,1.0,94.03,
ERCOT,92.5,26,71,3,0,122,0.0,0.5,0.0,93.71,
ERCOT,92.5,26,71,3,0,122,0.0,0.5,0.5,93.71,
ERCOT,92.5,26,71,3,0,122,0.0,0.75,0.0,93.71,
ERCOT,92.5,26,71,3,0,122,0.0,0.75,0.5,93.71,
ERCOT,92.5,26,71,3,0,122,0.0,1.0,0.0,93.71,
ERCOT,92.5,26,71,3,0,122,0.0,1.0,0.5,93.71,
ERCOT,92.5,26,71,3,0,122,0.25,0.0,0.0,93.56,
ERCOT,92.5,26,71,3,0,122,0.25,0.0,0.5,93.56,
ERCOT,92.5,26,71,3,0,122,0.25,0.25,0.0,93.56,
ERCOT,92.5,26,71,3,0,122,0.25,0.25,0.5,93.56,
ERCOT,92.5,26,71,3,0,122,0.25,0.5,0.0,93.56,
ERCOT,92.5,26,71,3,0,122,0.25,0.5,0.5,93.56,
ERCOT,92.5,26,71,3,0,122,0.25,0.75,0.0,93.56,
ERCOT,92.5,26,71,3,0,122,0.25,0.75,0.5,93.56,
ERCOT,92.5,26,71,3,0,122,0.25,1.0,0.0,93.56,
ERCOT,92.5,26,71,3,0,122,0.25,1.0,0.5,93.56,
ERCOT,92.5,26,71,3,0,122,0.5,0.0,0.0,93.56,
ERCOT,92.5,26,71,3,0,122,0.5,0.0,0.5,93.56,
ERCOT,92.5,26,71,3,0,122,0.5,0.25,0.0,93.56,
ERCOT,92.5,26,71,3,0,122,0.5,0.25,0.5,93.56,
ERCOT,92.5,26,71,3,0,122,0.5,0.5,0.0,93.56,
ERCOT,92.5,26,71,3,0,122,0.5,0.5,0.5,93.56,
ERCOT,92.5,26,71,3,0,122,0.5,0.75,0.0,93.56,
ERCOT,92.5,26,71,3,0,122,0.5,0.75,0.5,93.56,
ERCOT,92.5,26,71,3,0,122,0.5,1.0,0.0,93.56,
ERCOT,92.5,26,71,3,0,122,0.5,1.0,0.5,93.56,
ERCOT,92.5,26,72,2,0,222,0.0,0.0,1.0,92.84,
ERCOT,92.5,26,72,2,0,187,0.0,0.0,1.5,93.26,
ERCOT,92.5,26,72,2,0,157,0.0,0.0,2.0,92.86,
ERCOT,92.5,26,72,2,0,147,0.0,0.0,2.5,93.55,
ERCOT,92.5,26,72,2,0,127,0.0,0.25,0.0,93.26,
ERCOT,92.5,26,72,2,0,122,0.0,0.25,0.5,92.82,
ERCOT,92.5,26,72,2,0,122,0.0,0.25,1.0,93.63,
ERCOT,92.5,26,72,2,0,122,0.0,0.5,0.0,93.44,
ERCOT,92.5,26,72,2,0,122,0.0,0.5,0.5,93.44,
ERCOT,92.5,26,72,2,0,122,0.0,0.75,0.0,93.44,
ERCOT,92.5,26,72,2,0,122,0.0,0.75,0.5,93.44,
ERCOT,92.5,26,72,2,0,122,0.0,1.0,0.0,93.44,
ERCOT,92.5,26,72,2,0,122,0.0,1.0,0.5,93.44,
ERCOT,92.5,26,72,2,0,122,0.25,0.0,0.0,93.28,
ERCOT,92.5,26,72,2,0,122,0.25,0.0,0.5,93.28,
ERCOT,92.5,26,72,2,0,122,0.25,0.25,0.0,93.28,
ERCOT,92.5,26,72,2,0,122,0.25,0.25,0.5,93.28,
ERCOT,92.5,26,72,2,0,122,0.25,0.5,0.0,93.28,
ERCOT,92.5,26,72,2,0,122,0.25,0.5,0.5,93.28,
ERCOT,92.5,26,72,2,0,122,0.25,0.75,0.0,93.28,
ERCOT,92.5,26,72,2,0,122,0.25,0.75,0.5,93.28,
ERCOT,92.5,26,72,2,0,122,0.25,1.0,0.0,93.28,
ERCOT,92.5,26,72,2,0,122,0.25,1.0,0.5,93.28,
ERCOT,92.5,26,72,2,0,122,0.5,0.0,0.0,93.28,
ERCOT,92.5,26,72,2,0,122,0.5,0.0,0.5,93.28,
ERCOT,92.5,26,72,2,0,122,0.5,0.25,0.0,93.28,
ERCOT,92.5,26,72,2,0,122,0.5,0.25,0.5,93.28,
ERCOT,92.5,26,72,2,0,122,0.5,0.5,0.0,93.28,
ERCOT,92.5,26,72,2,0,122,0.5,0.5,0.5,93.28,
ERCOT,92.5,26,72,2,0,122,0.5,0.75,0.0,93.28,
ERCOT,92.5,26,72,2,0,122,0.5,0.75,0.5,93.28,
ERCOT,92.5,26,72,2,0,122,0.5,1.0,0.0,93.28,
ERCOT,92.5,26,72,2,0,122,0.5,1.0,0.5,93.28,
ERCOT,92.5,26,73,1,0,232,0.0,0.0,1.0,93.01,
ERCOT,92.5,26,73,1,0,192,0.0,0.0,1.5,92.98,
ERCOT,92.5,26,73,1,0,162,0.0,0.0,2.0,93.0,
ERCOT,92.5,26,73,1,0,147,0.0,0.0,2.5,92.85,
ERCOT,92.5,26,73,1,0,127,0.0,0.25,0.0,92.73,
ERCOT,92.5,26,73,1,0,127,0.0,0.25,0.5,93.85,
ERCOT,92.5,26,73,1,0,122,0.0,0.5,0.0,93.17,
ERCOT,92.5,26,73,1,0,122,0.0,0.5,0.5,93.17,
ERCOT,92.5,26,73,1,0,122,0.0,0.75,0.0,93.17,
ERCOT,92.5,26,73,1,0,122,0.0,0.75,0.5,93.17,
ERCOT,92.5,26,73,1,0,122,0.0,1.0,0.0,93.17,
ERCOT,92.5,26,73,1,0,122,0.0,1.0,0.5,93.17,
ERCOT,92.5,26,73,1,0,122,0.25,0.0,0.0,92.99,
ERCOT,92.5,26,73,1,0,122,0.25,0.0,0.5,92.99,
ERCOT,92.5,26,73,1,0,122,0.25,0.25,0.0,92.99,
ERCOT,92.5,26,73,1,0,122,0.25,0.25,0.5,92.99,
ERCOT,92.5,26,73,1,0,122,0.25,0.5,0.0,92.99,
ERCOT,92.5,26,73,1,0,122,0.25,0.5,0.5,92.99,
ERCOT,92.5,26,73,1,0,122,0.25,0.75,0.0,92.99,
ERCOT,92.5,26,73,1,0,122,0.25,0.75,0.5,92.99,
ERCOT,92.5,26,73,1,0,122,0.25,1.0,0.0,92.99,
ERCOT,92.5,26,73,1,0,122,0.25,1.0,0.5,92.99,
ERCOT,92.5,26,73,1,0,122,0.5,0.0,0.0,92.99,
ERCOT,92.5,26,73,1,0,122,0.5,0.0,0.5,92.99,
ERCOT,92.5,26,73,1,0,122,0.5,0.25,0.0,92.99,
ERCOT,92.5,26,73,1,0,122,0.5,0.25,0.5,92.99,
ERCOT,92.5,26,73,1,0,122,0.5,0.5,0.0,92.99,
ERCOT,92.5,26,73,1,0,122,0.5,0.5,0.5,92.99,
ERCOT,92.5,26,73,1,0,122,0.5,0.75,0.0,92.99,
ERCOT,92.5,26,73,1,0,122,0.5,0.75,0.5,92.99,
ERCOT,92.5,26,73,1,0,122,0.5,1.0,0.0,92.99,
ERCOT,92.5,26,73,1,0,122,0.5,1.0,0.5,92.99,
ERCOT,92.5,26,74,0,0,242,0.0,0.0,1.0,93.03,
ERCOT,92.5,26,74,0,0,197,0.0,0.0,1.5,92.64,
ERCOT,92.5,26,74,0,0,167,0.0,0.0,2.0,93.04,
ERCOT,92.5,26,74,0,0,152,0.0,0.0,2.5,93.49,
ERCOT,92.5,26,74,0,0,132,0.0,0.25,0.0,93.46,
ERCOT,92.5,26,74,0,0,127,0.0,0.25,0.5,93.39,
ERCOT,92.5,26,74,0,0,122,0.0,0.25,1.0,92.77,
ERCOT,92.5,26,74,0,0,122,0.0,0.25,1.5,93.46,
ERCOT,92.5,26,74,0,0,122,0.0,0.5,0.0,92.9,
ERCOT,92.5,26,74,0,0,122,0.0,0.5,0.5,92.9,
ERCOT,92.5,26,74,0,0,122,0.0,0.75,0.0,92.9,
ERCOT,92.5,26,74,0,0,122,0.0,0.75,0.5,92.9,
ERCOT,92.5,26,74,0,0,122,0.0,1.0,0.0,92.9,
ERCOT,92.5,26,74,0,0,122,0.0,1.0,0.5,92.9,
ERCOT,92.5,26,74,0,0,122,0.25,0.0,0.0,92.69,
ERCOT,92.5,26,74,0,0,122,0.25,0.0,0.5,92.69,
ERCOT,92.5,26,74,0,0,122,0.25,0.25,0.0,92.69,
ERCOT,92.5,26,74,0,0,122,0.25,0.25,0.5,92.69,
ERCOT,92.5,26,74,0,0,122,0.25,0.5,0.0,92.69,
ERCOT,92.5,26,74,0,0,122,0.25,0.5,0.5,92.69,
ERCOT,92.5,26,74,0,0,122,0.25,0.75,0.0,92.69,
ERCOT,92.5,26,74,0,0,122,0.25,0.75,0.5,92.69,
ERCOT,92.5,26,74,0,0,122,0.25,1.0,0.0,92.69,
ERCOT,92.5,26,74,0,0,122,0.25,1.0,0.5,92.69,
ERCOT,92.5,26,74,0,0,122,0.5,0.0,0.0,92.69,
ERCOT,92.5,26,74,0,0,122,0.5,0.0,0.5,92.69,
ERCOT,92.5,26,74,0,0,122,0.5,0.25,0.0,92.69,
ERCOT,92.5,26,74,0,0,122,0.5,0.25,0.5,92.69,
ERCOT,92.5,26,74,0,0,122,0.5,0.5,0.0,92.69,
ERCOT,92.5,26,74,0,0,122,0.5,0.5,0.5,92.69,
ERCOT,92.5,26,74,0,0,122,0.5,0.75,0.0,92.69,
ERCOT,92.5,26,74,0,0,122,0.5,0.75,0.5,92.69,
ERCOT,92.5,26,74,0,0,122,0.5,1.0,0.0,92.69,
ERCOT,92.5,26,74,0,0,122,0.5,1.0,0.5,92.69,
ERCOT,92.5,27,71,2,0,217,0.0,0.0,1.0,93.21,
ERCOT,92.5,27,71,2,0,182,0.0,0.0,1.5,93.35,
ERCOT,92.5,27,71,2,0,152,0.0,0.0,2.0,92.52,
ERCOT,92.5,27,71,2,0,147,0.0,0.0,2.5,94.06,
ERCOT,92.5,27,71,2,0,127,0.0,0.25,0.0,93.73,
ERCOT,92.5,27,71,2,0,122,0.0,0.25,0.5,93.22,
ERCOT,92.5,27,71,2,0,122,0.0,0.25,1.0,93.97,
ERCOT,92.5,27,71,2,0,122,0.0,0.5,0.0,93.66,
ERCOT,92.5,27,71,2,0,122,0.0,0.5,0.5,93.66,
ERCOT,92.5,27,71,2,0,122,0.0,0.75,0.0,93.66,
ERCOT,92.5,27,71,2,0,122,0.0,0.75,0.5,93.66,
ERCOT,92.5,27,71,2,0,122,0.0,1.0,0.0,93.66,
ERCOT,92.5,27,71,2,0,122,0.0,1.0,0.5,93.66,
ERCOT,92.5,27,71,2,0,122,0.25,0.0,0.0,93.51,
ERCOT,92.5,27,71,2,0,122,0.25,0.0,0.5,93.51,
ERCOT,92.5,27,71,2,0,122,0.25,0.25,0.0,93.51,
ERCOT,92.5,27,71,2,0,122,0.25,0.25,0.5,93.51,
ERCOT,92.5,27,71,2,0,122,0.25,0.5,0.0,93.51,
ERCOT,92.5,27,71,2,0,122,0.25,0.5,0.5,93.51,
ERCOT,92.5,27,71,2,0,122,0.25,0.75,0.0,93.51,
ERCOT,92.5,27,71,2,0,122,0.25,0.75,0.5,93.51,
ERCOT,92.5,27,71,2,0,122,0.25,1.0,0.0,93.51,
ERCOT,92.5,27,71,2,0,122,0.25,1.0,0.5,93.51,
ERCOT,92.5,27,71,2,0,122,0.5,0.0,0.0,93.51,
ERCOT,92.5,27,71,2,0,122,0.5,0.0,0.5,93.51,
ERCOT,92.5,27,71,2,0,122,0.5,0.25,0.0,93.51,
ERCOT,92.5,27,71,2,0,122,0.5,0.25,0.5,93.51,
ERCOT,92.5,27,71,2,0,122,0.5,0.5,0.0,93.51,
ERCOT,92.5,27,71,2,0,122,0.5,0.5,0.5,93.51,
ERCOT,92.5,27,71,2,0,122,0.5,0.75,0.0,93.51,
ERCOT,92.5,27,71,2,0,122,0.5,0.75,0.5,93.51,
ERCOT,92.5,27,71,2,0,122,0.5,1.0,0.0,93.51,
ERCOT,92.5,27,71,2,0,122,0.5,1.0,0.5,93.51,
ERCOT,92.5,27,72,1,0,222,0.0,0.0,1.0,92.64,
ERCOT,92.5,27,72,1,0,187,0.0,0.0,1.5,93.14,
ERCOT,92.5,27,72,1,0,157,0.0,0.0,2.0,92.77,
ERCOT,92.5,27,72,1,0,147,0.0,0.0,2.5,93.48,
ERCOT,92.5,27,72,1,0,127,0.0,0.25,0.0,93.2,
ERCOT,92.5,27,72,1,0,122,0.0,0.25,0.5,92.75,
ERCOT,92.5,27,72,1,0,122,0.0,0.25,1.0,93.56,
ERCOT,92.5,27,72,1,0,122,0.0,0.5,0.0,93.39,
ERCOT,92.5,27,72,1,0,122,0.0,0.5,0.5,93.39,
ERCOT,92.5,27,72,1,0,122,0.0,0.75,0.0,93.39,
ERCOT,92.5,27,72,1,0,122,0.0,0.75,0.5,93.39,
ERCOT,92.5,27,72,1,0,122,0.0,1.0,0.0,93.39,
ERCOT,92.5,27,72,1,0,122,0.0,1.0,0.5,93.39,
ERCOT,92.5,27,72,1,0,122,0.25,0.0,0.0,93.22,
ERCOT,92.5,27,72,1,0,122,0.25,0.0,0.5,93.22,
ERCOT,92.5,27,72,1,0,122,0.25,0.25,0.0,93.22,
ERCOT,92.5,27,72,1,0,122,0.25,0.25,0.5,93.22,
ERCOT,92.5,27,72,1,0,122,0.25,0.5,0.0,93.22,
ERCOT,92.5,27,72,1,0,122,0.25,0.5,0.5,93.22,
ERCOT,92.5,27,72,1,0,122,0.25,0.75,0.0,93.22,
ERCOT,92.5,27,72,1,0,122,0.25,0.75,0.5,93.22,
ERCOT,92.5,27,72,1,0,122,0.25,1.0,0.0,93.22,
ERCOT,92.5,27,72,1,0,122,0.25,1.0,0.5,93.22,
ERCOT,92.5,27,72,1,0,122,0.5,0.0,0.0,93.22,
ERCOT,92.5,27,72,1,0,122,0.5,0.0,0.5,93.22,
ERCOT,92.5,27,72,1,0,122,0.5,0.25,0.0,93.22,
ERCOT,92.5,27,72,1,0,122,0.5,0.25,0.5,93.22,
ERCOT,92.5,27,72,1,0,122,0.5,0.5,0.0,93.22,
ERCOT,92.5,27,72,1,0,122,0.5,0.5,0.5,93.22,
ERCOT,92.5,27,72,1,0,122,0.5,0.75,0.0,93.22,
ERCOT,92.5,27,72,1,0,122,0.5,0.75,0.5,93.22,
ERCOT,92.5,27,72,1,0,122,0.5,1.0,0.0,93.22,
ERCOT,92.5,27,72,1,0,122,0.5,1.0,0.5,93.22,
ERCOT,92.5,27,73,0,0,232,0.0,0.0,1.0,92.78,
ERCOT,92.5,27,73,0,0,192,0.0,0.0,1.5,92.86,
ERCOT,92.5,27,73,0,0,162,0.0,0.0,2.0,92.91,
ERCOT,92.5,27,73,0,0,147,0.0,0.0,2.5,92.69,
ERCOT,92.5,27,73,0,0,127,0.0,0.25,0.0,92.66,
ERCOT,92.5,27,73,0,0,127,0.0,0.25,0.5,93.8,
ERCOT,92.5,27,73,0,0,122,0.0,0.5,0.0,93.12,
ERCOT,92.5,27,73,0,0,122,0.0,0.5,0.5,93.12,
ERCOT,92.5,27,73,0,0,122,0.0,0.75,0.0,93.12,
ERCOT,92.5,27,73,0,0,122,0.0,0.75,0.5,93.12,
ERCOT,92.5,27,73,0,0,122,0.0,1.0,0.0,93.12,
ERCOT,92.5,27,73,0,0,122,0.0,1.0,0.5,93.12,
ERCOT,92.5,27,73,0,0,122,0.25,0.0,0.0,92.92,
ERCOT,92.5,27,73,0,0,122,0.25,0.0,0.5,92.92,
ERCOT,92.5,27,73,0,0,122,0.25,0.25,0.0,92.92,
ERCOT,92.5,27,73,0,0,122,0.25,0.25,0.5,92.92,
ERCOT,92.5,27,73,0,0,122,0.25,0.5,0.0,92.92,
ERCOT,92.5,27,73,0,0,122,0.25,0.5,0.5,92.92,
ERCOT,92.5,27,73,0,0,122,0.25,0.75,0.0,92.92,
ERCOT,92.5,27,73,0,0,122,0.25,0.75,0.5,92.92,
ERCOT,92.5,27,73,0,0,122,0.25,1.0,0.0,92.92,
ERCOT,92.5,27,73,0,0,122,0.25,1.0,0.5,92.92,
ERCOT,92.5,27,73,0,0,122,0.5,0.0,0.0,92.92,
ERCOT,92.5,27,73,0,0,122,0.5,0.0,0.5,92.92,
ERCOT,92.5,27,73,0,0,122,0.5,0.25,0.0,92.92,
ERCOT,92.5,27,73,0,0,122,0.5,0.25,0.5,92.92,
ERCOT,92.5,27,73,0,0,122,0.5,0.5,0.0,92.92,
ERCOT,92.5,27,73,0,0,122,0.5,0.5,0.5,92.92,
ERCOT,92.5,27,73,0,0,122,0.5,0.75,0.0,92.92,
ERCOT,92.5,27,73,0,0,122,0.5,0.75,0.5,92.92,
ERCOT,92.5,27,73,0,0,122,0.5,1.0,0.0,92.92,
ERCOT,92.5,27,73,0,0,122,0.5,1.0,0.5,92.92,
ERCOT,92.5,28,71,1,0,217,0.0,0.0,1.0,93.02,
ERCOT,92.5,28,71,1,0,182,0.0,0.0,1.5,93.24,
ERCOT,92.5,28,71,1,0,157,0.0,0.0,2.0,93.46,
ERCOT,92.5,28,71,1,0,147,0.0,0.0,2.5,93.99,
ERCOT,92.5,28,71,1,0,127,0.0,0.25,0.0,93.67,
ERCOT,92.5,28,71,1,0,122,0.0,0.25,0.5,93.16,
ERCOT,92.5,28,71,1,0,122,0.0,0.25,1.0,93.91,
ERCOT,92.5,28,71,1,0,122,0.0,0.5,0.0,93.61,
ERCOT,92.5,28,71,1,0,122,0.0,0.5,0.5,93.61,
ERCOT,92.5,28,71,1,0,122,0.0,0.75,0.0,93.61,
ERCOT,92.5,28,71,1,0,122,0.0,0.75,0.5,93.61,
ERCOT,92.5,28,71,1,0,122,0.0,1.0,0.0,93.61,
ERCOT,92.5,28,71,1,0,122,0.0,1.0,0.5,93.61,
ERCOT,92.5,28,71,1,0,122,0.25,0.0,0.0,93.44,
ERCOT,92.5,28,71,1,0,122,0.25,0.0,0.5,93.44,
ERCOT,92.5,28,71,1,0,122,0.25,0.25,0.0,93.44,
ERCOT,92.5,28,71,1,0,122,0.25,0.25,0.5,93.44,
ERCOT,92.5,28,71,1,0,122,0.25,0.5,0.0,93.44,
ERCOT,92.5,28,71,1,0,122,0.25,0.5,0.5,93.44,
ERCOT,92.5,28,71,1,0,122,0.25,0.75,0.0,93.44,
ERCOT,92.5,28,71,1,0,122,0.25,0.75,0.5,93.44,
ERCOT,92.5,28,71,1,0,122,0.25,1.0,0.0,93.44,
ERCOT,92.5,28,71,1,0,122,0.25,1.0,0.5,93.44,
ERCOT,92.5,28,71,1,0,122,0.5,0.0,0.0,93.44,
ERCOT,92.5,28,71,1,0,122,0.5,0.0,0.5,93.44,
ERCOT,92.5,28,71,1,0,122,0.5,0.25,0.0,93.44,
ERCOT,92.5,28,71,1,0,122,0.5,0.25,0.5,93.44,
ERCOT,92.5,28,71,1,0,122,0.5,0.5,0.0,93.44,
ERCOT,92.5,28,71,1,0,122,0.5,0.5,0.5,93.44,
ERCOT,92.5,28,71,1,0,122,0.5,0.75,0.0,93.44,
ERCOT,92.5,28,71,1,0,122,0.5,0.75,0.5,93.44,
ERCOT,92.5,28,71,1,0,122,0.5,1.0,0.0,93.44,
ERCOT,92.5,28,71,1,0,122,0.5,1.0,0.5,93.44,
ERCOT,92.5,28,72,0,0,227,0.0,0.0,1.0,93.26,
ERCOT,92.5,28,72,0,0,187,0.0,0.0,1.5,93.02,
ERCOT,92.5,28,72,0,0,157,0.0,0.0,2.0,92.69,
ERCOT,92.5,28,72,0,0,147,0.0,0.0,2.5,93.36,
ERCOT,92.5,28,72,0,0,127,0.0,0.25,0.0,93.14,
ERCOT,92.5,28,72,0,0,122,0.0,0.25,0.5,92.68,
ERCOT,92.5,28,72,0,0,122,0.0,0.25,1.0,93.5,
ERCOT,92.5,28,72,0,0,122,0.0,0.5,0.0,93.34,
ERCOT,92.5,28,72,0,0,122,0.0,0.5,0.5,93.34,
ERCOT,92.5,28,72,0,0,122,0.0,0.75,0.0,93.34,
ERCOT,92.5,28,72,0,0,122,0.0,0.75,0.5,93.34,
ERCOT,92.5,28,72,0,0,122,0.0,1.0,0.0,93.34,
ERCOT,92.5,28,72,0,0,122,0.0,1.0,0.5,93.34,
ERCOT,92.5,28,72,0,0,122,0.25,0.0,0.0,93.15,
ERCOT,92.5,28,72,0,0,122,0.25,0.0,0.5,93.15,
ERCOT,92.5,28,72,0,0,122,0.25,0.25,0.0,93.15,
ERCOT,92.5,28,72,0,0,122,0.25,0.25,0.5,93.15,
ERCOT,92.5,28,72,0,0,122,0.25,0.5,0.0,93.15,
ERCOT,92.5,28,72,0,0,122,0.25,0.5,0.5,93.15,
ERCOT,92.5,28,72,0,0,122,0.25,0.75,0.0,93.15,
ERCOT,92.5,28,72,0,0,122,0.25,0.75,0.5,93.15,
ERCOT,92.5,28,72,0,0,122,0.25,1.0,0.0,93.15,
ERCOT,92.5,28,72,0,0,122,0.25,1.0,0.5,93.15,
ERCOT,92.5,28,72,0,0,122,0.5,0.0,0.0,93.15,
ERCOT,92.5,28,72,0,0,122,0.5,0.0,0.5,93.15,
ERCOT,92.5,28,72,0,0,122,0.5,0.25,0.0,93.15,
ERCOT,92.5,28,72,0,0,122,0.5,0.25,0.5,93.15,
ERCOT,92.5,28,72,0,0,122,0.5,0.5,0.0,93.15,
ERCOT,92.5,28,72,0,0,122,0.5,0.5,0.5,93.15,
ERCOT,92.5,28,72,0,0,122,0.5,0.75,0.0,93.15,
ERCOT,92.5,28,72,0,0,122,0.5,0.75,0.5,93.15,
ERCOT,92.5,28,72,0,0,122,0.5,1.0,0.0,93.15,
ERCOT,92.5,28,72,0,0,122,0.5,1.0,0.5,93.15,
ERCOT,92.5,29,71,0,0,217,0.0,0.0,1.0,92.8,
ERCOT,92.5,29,71,0,0,182,0.0,0.0,1.5,93.12,
ERCOT,92.5,29,71,0,0,157,0.0,0.0,2.0,93.37,
ERCOT,92.5,29,71,0,0,147,0.0,0.0,2.5,93.93,
ERCOT,92.5,29,71,0,0,127,0.0,0.25,0.0,93.61,
ERCOT,92.5,29,71,0,0,122,0.0,0.25,0.5,93.08,
ERCOT,92.5,29,71,0,0,122,0.0,0.25,1.0,93.84,
ERCOT,92.5,29,71,0,0,122,0.0,0.5,0.0,93.55,
ERCOT,92.5,29,71,0,0,122,0.0,0.5,0.5,93.55,
ERCOT,92.5,29,71,0,0,122,0.0,0.75,0.0,93.55,
ERCOT,92.5,29,71,0,0,122,0.0,0.75,0.5,93.55,
ERCOT,92.5,29,71,0,0,122,0.0,1.0,0.0,93.55,
ERCOT,92.5,29,71,0,0,122,0.0,1.0,0.5,93.55,
ERCOT,92.5,29,71,0,0,122,0.25,0.0,0.0,93.38,
ERCOT,92.5,29,71,0,0,122,0.25,0.0,0.5,93.38,
ERCOT,92.5,29,71,0,0,122,0.25,0.25,0.0,93.38,
ERCOT,92.5,29,71,0,0,122,0.25,0.25,0.5,93.38,
ERCOT,92.5,29,71,0,0,122,0.25,0.5,0.0,93.38,
ERCOT,92.5,29,71,0,0,122,0.25,0.5,0.5,93.38,
ERCOT,92.5,29,71,0,0,122,0.25,0.75,0.0,93.38,
ERCOT,92.5,29,71,0,0,122,0.25,0.75,0.5,93.38,
ERCOT,92.5,29,71,0,0,122,0.25,1.0,0.0,93.38,
ERCOT,92.5,29,71,0,0,122,0.25,1.0,0.5,93.38,
ERCOT,92.5,29,71,0,0,122,0.5,0.0,0.0,93.38,
ERCOT,92.5,29,71,0,0,122,0.5,0.0,0.5,93.38,
ERCOT,92.5,29,71,0,0,122,0.5,0.25,0.0,93.38,
ERCOT,92.5,29,71,0,0,122,0.5,0.25,0.5,93.38,
ERCOT,92.5,29,71,0,0,122,0.5,0.5,0.0,93.38,
ERCOT,92.5,29,71,0,0,122,0.5,0.5,0.5,93.38,
ERCOT,92.5,29,71,0,0,122,0.5,0.75,0.0,93.38,
ERCOT,92.5,29,71,0,0,122,0.5,0.75,0.5,93.38,
ERCOT,92.5,29,71,0,0,122,0.5,1.0,0.0,93.38,
ERCOT,92.5,29,71,0,0,122,0.5,1.0,0.5,93.38,
ERCOT,92.5,41,55,4,0,197,0.0,0.0,0.0,92.75,
ERCOT,92.5,41,56,3,0,202,0.0,0.0,0.0,92.74,
ERCOT,92.5,41,57,2,0,207,0.0,0.0,0.0,92.68,
ERCOT,92.5,41,58,1,0,212,0.0,0.0,0.0,92.55,
ERCOT,92.5,41,59,0,0,222,0.0,0.0,0.0,93.32,
ERCOT,92.5,42,54,4,0,192,0.0,0.0,0.0,92.57,
ERCOT,92.5,42,55,3,0,197,0.0,0.0,0.0,92.61,
ERCOT,92.5,42,56,2,0,202,0.0,0.0,0.0,92.6,
ERCOT,92.5,42,57,1,0,207,0.0,0.0,0.0,92.52,
ERCOT,92.5,42,58,0,0,217,0.0,0.0,0.0,93.36,
ERCOT,92.5,43,53,4,0,192,0.0,0.0,0.0,93.42,
ERCOT,92.5,43,54,3,0,197,0.0,0.0,0.0,93.49,
ERCOT,92.5,43,55,2,0,202,0.0,0.0,0.0,93.5,
ERCOT,92.5,43,56,1,0,207,0.0,0.0,0.0,93.46,
ERCOT,92.5,43,57,0,0,212,0.0,0.0,0.0,93.36,
ERCOT,92.5,44,52,4,0,187,0.0,0.0,0.0,93.19,
ERCOT,92.5,44,53,3,0,192,0.0,0.0,0.0,93.3,
ERCOT,92.5,44,54,2,0,197,0.0,0.0,0.0,93.36,
ERCOT,92.5,44,55,1,0,202,0.0,0.0,0.0,93.37,
ERCOT,92.5,44,56,0,0,207,0.0,0.0,0.0,93.31,
ERCOT,92.5,45,51,4,0,182,0.0,0.0,0.0,92.9,
ERCOT,92.5,45,52,3,0,187,0.0,0.0,0.0,93.07,
ERCOT,92.5,45,53,2,0,192,0.0,0.0,0.0,93.18,
ERCOT,92.5,45,54,1,0,197,0.0,0.0,0.0,93.22,
ERCOT,92.5,46,51,3,0,182,0.0,0.0,0.0,92.78,
ERCOT,92.5,46,52,2,0,187,0.0,0.0,0.0,92.94,
ERCOT,92.5,46,53,1,0,192,0.0,0.0,0.0,93.04,
ERCOT,92.5,46,54,0,0,197,0.0,0.0,0.0,93.07,
ERCOT,92.5,47,51,2,0,182,0.0,0.0,0.0,92.65,
ERCOT,92.5,47,52,1,0,187,0.0,0.0,0.0,92.8,
ERCOT,92.5,47,53,0,0,192,0.0,0.0,0.0,92.89,
ERCOT,92.5,48,51,1,0,182,0.0,0.0,0.0,92.51,
ERCOT,92.5,48,52,0,0,187,0.0,0.0,0.0,92.65,
ERCOT,92.5,49,51,0,0,187,0.0,0.0,0.0,93.5,
ERCOT,92.5,0,21,79,0,122,0.0,0.0,0.0,93.49,
ERCOT,92.5,0,22,78,0,122,0.0,0.0,0.0,93.4,
ERCOT,92.5,0,23,77,0,122,0.0,0.0,0.0,93.29,
ERCOT,92.5,0,24,76,0,122,0.0,0.0,0.0,93.14,
ERCOT,92.5,1,19,80,0,122,0.0,0.0,0.0,93.62,
ERCOT,92.5,2,18,80,0,122,0.0,0.0,0.0,93.69,
ERCOT,92.5,3,17,80,0,122,0.0,0.0,0.0,93.72,
ERCOT,92.5,4,16,80,0,122,0.0,0.0,0.0,93.73,
ERCOT,92.5,56,15,29,0,112,0.0,0.0,0.0,94.0,
ERCOT,92.5,57,14,29,0,112,0.0,0.0,0.0,94.11,
ERCOT,92.5,57,15,28,0,112,0.0,0.0,0.0,94.03,
ERCOT,92.5,58,13,29,0,112,0.0,0.0,0.0,94.18,
ERCOT,92.5,58,14,28,0,112,0.0,0.0,0.0,94.14,
ERCOT,92.5,58,15,27,0,112,0.0,0.0,0.0,94.06,
ERCOT,92.5,59,12,29,0,112,0.0,0.0,0.0,94.22,
ERCOT,92.5,59,13,28,0,112,0.0,0.0,0.0,94.22,
ERCOT,92.5,59,14,27,0,112,0.0,0.0,0.0,94.17,
ERCOT,92.5,59,15,26,0,112,0.0,0.0,0.0,94.08,
ERCOT,92.5,60,11,29,0,112,0.0,0.0,0.0,94.22,
ERCOT,92.5,60,12,28,0,112,0.0,0.0,0.0,94.26,
ERCOT,92.5,60,13,27,0,112,0.0,0.0,0.0,94.25,
ERCOT,92.5,60,14,26,0,112,0.0,0.0,0.0,94.2,
ERCOT,92.5,60,16,24,0,112,0.0,0.0,0.0,93.94,
ERCOT,92.5,60,17,23,0,112,0.0,0.0,0.0,93.73,
ERCOT,92.5,60,18,22,0,112,0.0,0.0,0.0,93.47,
ERCOT,92.5,60,19,21,0,112,0.0,0.0,0.0,93.15,
ERCOT,92.5,61,11,28,0,112,0.0,0.0,0.0,94.26,
ERCOT,92.5,61,12,27,0,112,0.0,0.0,0.0,94.3,
ERCOT,92.5,61,13,26,0,112,0.0,0.0,0.0,94.29,
ERCOT,92.5,61,14,25,0,112,0.0,0.0,0.0,94.23,
ERCOT,92.5,61,15,24,0,112,0.0,0.0,0.0,94.12,
ERCOT,92.5,61,16,23,0,112,0.0,0.0,0.0,93.95,
ERCOT,92.5,61,17,22,0,112,0.0,0.0,0.0,93.74,
ERCOT,92.5,61,18,21,0,112,0.0,0.0,0.0,93.46,
ERCOT,92.5,62,11,27,0,112,0.0,0.0,0.0,94.31,
ERCOT,92.5,62,12,26,0,112,0.0,0.0,0.0,94.34,
ERCOT,92.5,62,13,25,0,112,0.0,0.0,0.0,94.32,
ERCOT,92.5,62,14,24,0,112,0.0,0.0,0.0,94.25,
ERCOT,92.5,62,15,23,0,112,0.0,0.0,0.0,94.14,
ERCOT,92.5,62,16,22,0,112,0.0,0.0,0.0,93.96,
ERCOT,92.5,62,17,21,0,112,0.0,0.0,0.0,93.73,
ERCOT,92.5,63,11,26,0,112,0.0,0.0,0.0,94.35,
ERCOT,92.5,63,12,25,0,112,0.0,0.0,0.0,94.37,
ERCOT,92.5,63,13,24,0,112,0.0,0.0,0.0,94.35,
ERCOT,92.5,63,14,23,0,112,0.0,0.0,0.0,94.28,
ERCOT,92.5,63,15,22,0,112,0.0,0.0,0.0,94.15,
ERCOT,92.5,63,16,21,0,112,0.0,0.0,0.0,93.97,
ERCOT,92.5,64,11,25,0,112,0.0,0.0,0.0,94.39,
ERCOT,92.5,64,12,24,0,112,0.0,0.0,0.0,94.41,
ERCOT,92.5,64,13,23,0,112,0.0,0.0,0.0,94.38,
ERCOT,92.5,64,14,22,0,112,0.0,0.0,0.0,94.29,
ERCOT,92.5,64,15,21,0,112,0.0,0.0,0.0,94.16,
ERCOT,92.5,56,30,14,0,127,0.0,0.0,0.0,92.93,
ERCOT,92.5,56,31,13,0,132,0.0,0.0,0.0,93.86,
ERCOT,92.5,56,32,12,0,132,0.0,0.0,0.0,93.29,
ERCOT,92.5,56,33,11,0,132,0.0,0.0,0.0,92.68,
ERCOT,92.5,56,34,10,0,137,0.0,0.0,0.0,93.53,
ERCOT,92.5,57,29,14,0,127,0.0,0.0,0.0,93.44,
ERCOT,92.5,57,30,13,0,127,0.0,0.0,0.0,92.88,
ERCOT,92.5,57,31,12,0,132,0.0,0.0,0.0,93.81,
ERCOT,92.5,57,32,11,0,132,0.0,0.0,0.0,93.24,
ERCOT,92.5,57,33,10,0,132,0.0,0.0,0.0,92.61,
ERCOT,92.5,57,34,9,0,137,0.0,0.0,0.0,93.47,
ERCOT,92.5,58,28,14,0,127,0.0,0.0,0.0,93.93,
ERCOT,92.5,58,29,13,0,127,0.0,0.0,0.0,93.4,
ERCOT,92.5,58,30,12,0,127,0.0,0.0,0.0,92.82,
ERCOT,92.5,58,31,11,0,132,0.0,0.0,0.0,93.76,
ERCOT,92.5,58,32,10,0,132,0.0,0.0,0.0,93.17,
ERCOT,92.5,58,33,9,0,132,0.0,0.0,0.0,92.54,
ERCOT,92.5,58,34,8,0,137,0.0,0.0,0.0,93.4,
ERCOT,92.5,59,27,14,0,122,0.0,0.0,0.0,92.85,
ERCOT,92.5,59,28,13,0,127,0.0,0.0,0.0,93.89,
ERCOT,92.5,59,29,12,0,127,0.0,0.0,0.0,93.34,
ERCOT,92.5,59,30,11,0,127,0.0,0.0,0.0,92.76,
ERCOT,92.5,59,31,10,0,132,0.0,0.0,0.0,93.71,
ERCOT,92.5,59,32,9,0,132,0.0,0.0,0.0,93.11,
ERCOT,92.5,59,33,8,0,137,0.0,0.0,0.0,93.95,
ERCOT,92.5,59,34,7,0,137,0.0,0.0,0.0,93.33,
ERCOT,92.5,60,26,14,0,122,0.0,0.0,0.0,93.34,
ERCOT,92.5,60,27,13,0,122,0.0,0.0,0.0,92.8,
ERCOT,92.5,60,28,12,0,127,0.0,0.0,0.0,93.84,
ERCOT,92.5,60,29,11,0,127,0.0,0.0,0.0,93.29,
ERCOT,92.5,60,31,9,0,132,0.0,0.0,0.0,93.65,
ERCOT,92.5,60,32,8,0,132,0.0,0.0,0.0,93.04,
ERCOT,92.5,60,33,7,0,137,0.0,0.0,0.0,93.89,
ERCOT,92.5,60,34,6,0,137,0.0,0.0,0.0,93.26,
ERCOT,92.5,61,30,9,0,127,0.0,0.0,0.0,92.63,
ERCOT,92.5,61,31,8,0,132,0.0,0.0,0.0,93.59,
ERCOT,92.5,61,32,7,0,132,0.0,0.0,0.0,92.97,
ERCOT,92.5,61,33,6,0,137,0.0,0.0,0.0,93.82,
ERCOT,92.5,62,30,8,0,127,0.0,0.0,0.0,92.55,
ERCOT,92.5,62,31,7,0,132,0.0,0.0,0.0,93.52,
ERCOT,92.5,62,32,6,0,132,0.0,0.0,0.0,92.89,
ERCOT,92.5,63,30,7,0,132,0.0,0.0,0.0,94.05,
ERCOT,92.5,63,31,6,0,132,0.0,0.0,0.0,93.45,
ERCOT,92.5,64,30,6,0,132,0.0,0.0,0.0,93.99,
ERCOT,92.5,1,65,34,0,247,0.0,0.0,0.0,92.82,
ERCOT,92.5,1,66,33,0,202,0.0,0.0,0.5,93.17,
ERCOT,92.5,1,66,33,0,172,0.0,0.0,1.0,93.42,
ERCOT,92.5,1,66,33,0,147,0.0,0.0,1.5,93.27,
ERCOT,92.5,1,66,33,0,137,0.0,0.0,2.0,93.71,
ERCOT,92.5,1,66,33,0,132,0.0,0.0,2.5,92.68,
ERCOT,92.5,1,66,33,0,117,0.0,0.25,0.0,93.24,
ERCOT,92.5,1,66,33,0,117,0.0,0.25,0.5,93.42,
ERCOT,92.5,1,66,33,0,117,0.0,0.5,0.0,93.32,
ERCOT,92.5,1,66,33,0,117,0.0,0.5,0.5,93.32,
ERCOT,92.5,1,66,33,0,117,0.0,0.75,0.0,93.32,
ERCOT,92.5,1,66,33,0,117,0.0,0.75,0.5,93.32,
ERCOT,92.5,1,66,33,0,117,0.0,1.0,0.0,93.32,
ERCOT,92.5,1,66,33,0,117,0.0,1.0,0.5,93.32,
ERCOT,92.5,1,66,33,0,117,0.25,0.0,0.0,93.21,
ERCOT,92.5,1,66,33,0,117,0.25,0.0,0.5,93.21,
ERCOT,92.5,1,66,33,0,117,0.25,0.25,0.0,93.21,
ERCOT,92.5,1,66,33,0,117,0.25,0.25,0.5,93.21,
ERCOT,92.5,1,66,33,0,117,0.25,0.5,0.0,93.21,
ERCOT,92.5,1,66,33,0,117,0.25,0.5,0.5,93.21,
ERCOT,92.5,1,66,33,0,117,0.25,0.75,0.0,93.21,
ERCOT,92.5,1,66,33,0,117,0.25,0.75,0.5,93.21,
ERCOT,92.5,1,66,33,0,117,0.25,1.0,0.0,93.21,
ERCOT,92.5,1,66,33,0,117,0.25,1.0,0.5,93.21,
ERCOT,92.5,1,66,33,0,117,0.5,0.0,0.0,93.21,
ERCOT,92.5,1,66,33,0,117,0.5,0.0,0.5,93.21,
ERCOT,92.5,1,66,33,0,117,0.5,0.25,0.0,93.21,
ERCOT,92.5,1,66,33,0,117,0.5,0.25,0.5,93.21,
ERCOT,92.5,1,66,33,0,117,0.5,0.5,0.0,93.21,
ERCOT,92.5,1,66,33,0,117,0.5,0.5,0.5,93.21,
ERCOT,92.5,1,66,33,0,117,0.5,0.75,0.0,93.21,
ERCOT,92.5,1,66,33,0,117,0.5,0.75,0.5,93.21,
ERCOT,92.5,1,66,33,0,117,0.5,1.0,0.0,93.21,
ERCOT,92.5,1,66,33,0,117,0.5,1.0,0.5,93.21,
ERCOT,92.5,1,67,32,0,207,0.0,0.0,0.5,93.04,
ERCOT,92.5,1,67,32,0,172,0.0,0.0,1.0,92.56,
ERCOT,92.5,1,67,32,0,147,0.0,0.0,1.5,92.54,
ERCOT,92.5,1,67,32,0,137,0.0,0.0,2.0,93.2,
ERCOT,92.5,1,67,32,0,137,0.0,0.0,2.5,94.19,
ERCOT,92.5,1,67,32,0,117,0.0,0.25,0.0,93.01,
ERCOT,92.5,1,67,32,0,117,0.0,0.25,0.5,93.24,
ERCOT,92.5,1,67,32,0,117,0.0,0.5,0.0,93.16,
ERCOT,92.5,1,67,32,0,117,0.0,0.5,0.5,93.16,
ERCOT,92.5,1,67,32,0,117,0.0,0.75,0.0,93.16,
ERCOT,92.5,1,67,32,0,117,0.0,0.75,0.5,93.16,
ERCOT,92.5,1,67,32,0,117,0.0,1.0,0.0,93.16,
ERCOT,92.5,1,67,32,0,117,0.0,1.0,0.5,93.16,
ERCOT,92.5,1,67,32,0,117,0.25,0.0,0.0,93.05,
ERCOT,92.5,1,67,32,0,117,0.25,0.0,0.5,93.05,
ERCOT,92.5,1,67,32,0,117,0.25,0.25,0.0,93.05,
ERCOT,92.5,1,67,32,0,117,0.25,0.25,0.5,93.05,
ERCOT,92.5,1,67,32,0,117,0.25,0.5,0.0,93.05,
ERCOT,92.5,1,67,32,0,117,0.25,0.5,0.5,93.05,
ERCOT,92.5,1,67,32,0,117,0.25,0.75,0.0,93.05,
ERCOT,92.5,1,67,32,0,117,0.25,0.75,0.5,93.05,
ERCOT,92.5,1,67,32,0,117,0.25,1.0,0.0,93.05,
ERCOT,92.5,1,67,32,0,117,0.25,1.0,0.5,93.05,
ERCOT,92.5,1,67,32,0,117,0.5,0.0,0.0,93.05,
ERCOT,92.5,1,67,32,0,117,0.5,0.0,0.5,93.05,
ERCOT,92.5,1,67,32,0,117,0.5,0.25,0.0,93.05,
ERCOT,92.5,1,67,32,0,117,0.5,0.25,0.5,93.05,
ERCOT,92.5,1,67,32,0,117,0.5,0.5,0.0,93.05,
ERCOT,92.5,1,67,32,0,117,0.5,0.5,0.5,93.05,
ERCOT,92.5,1,67,32,0,117,0.5,0.75,0.0,93.05,
ERCOT,92.5,1,67,32,0,117,0.5,0.75,0.5,93.05,
ERCOT,92.5,1,67,32,0,117,0.5,1.0,0.0,93.05,
ERCOT,92.5,1,67,32,0,117,0.5,1.0,0.5,93.05,
ERCOT,92.5,1,68,31,0,212,0.0,0.0,0.5,92.86,
ERCOT,92.5,1,68,31,0,177,0.0,0.0,1.0,92.58,
ERCOT,92.5,1,68,31,0,152,0.0,0.0,1.5,92.85,
ERCOT,92.5,1,68,31,0,137,0.0,0.0,2.0,92.66,
ERCOT,92.5,1,68,31,0,137,0.0,0.0,2.5,93.78,
ERCOT,92.5,1,68,31,0,117,0.0,0.25,0.0,92.75,
ERCOT,92.5,1,68,31,0,117,0.0,0.25,0.5,93.03,
ERCOT,92.5,1,68,31,0,117,0.0,0.5,0.0,93.0,
ERCOT,92.5,1,68,31,0,117,0.0,0.5,0.5,93.0,
ERCOT,92.5,1,68,31,0,117,0.0,0.75,0.0,93.0,
ERCOT,92.5,1,68,31,0,117,0.0,0.75,0.5,93.0,
ERCOT,92.5,1,68,31,0,117,0.0,1.0,0.0,93.0,
ERCOT,92.5,1,68,31,0,117,0.0,1.0,0.5,93.0,
ERCOT,92.5,1,68,31,0,117,0.25,0.0,0.0,92.88,
ERCOT,92.5,1,68,31,0,117,0.25,0.0,0.5,92.88,
ERCOT,92.5,1,68,31,0,117,0.25,0.25,0.0,92.88,
ERCOT,92.5,1,68,31,0,117,0.25,0.25,0.5,92.88,
ERCOT,92.5,1,68,31,0,117,0.25,0.5,0.0,92.88,
ERCOT,92.5,1,68,31,0,117,0.25,0.5,0.5,92.88,
ERCOT,92.5,1,68,31,0,117,0.25,0.75,0.0,92.88,
ERCOT,92.5,1,68,31,0,117,0.25,0.75,0.5,92.88,
ERCOT,92.5,1,68,31,0,117,0.25,1.0,0.0,92.88,
ERCOT,92.5,1,68,31,0,117,0.25,1.0,0.5,92.88,
ERCOT,92.5,1,68,31,0,117,0.5,0.0,0.0,92.88,
ERCOT,92.5,1,68,31,0,117,0.5,0.0,0.5,92.88,
ERCOT,92.5,1,68,31,0,117,0.5,0.25,0.0,92.88,
ERCOT,92.5,1,68,31,0,117,0.5,0.25,0.5,92.88,
ERCOT,92.5,1,68,31,0,117,0.5,0.5,0.0,92.88,
ERCOT,92.5,1,68,31,0,117,0.5,0.5,0.5,92.88,
ERCOT,92.5,1,68,31,0,117,0.5,0.75,0.0,92.88,
ERCOT,92.5,1,68,31,0,117,0.5,0.75,0.5,92.88,
ERCOT,92.5,1,68,31,0,117,0.5,1.0,0.0,92.88,
ERCOT,92.5,1,68,31,0,117,0.5,1.0,0.5,92.88,
ERCOT,92.5,1,69,30,0,217,0.0,0.0,0.5,92.63,
ERCOT,92.5,1,69,30,0,182,0.0,0.0,1.0,92.54,
ERCOT,92.5,1,69,30,0,157,0.0,0.0,1.5,93.06,
ERCOT,92.5,1,69,30,0,142,0.0,0.0,2.0,93.42,
ERCOT,92.5,1,69,30,0,137,0.0,0.0,2.5,93.35,
ERCOT,92.5,1,69,30,0,122,0.0,0.25,0.0,93.96,
ERCOT,92.5,1,69,30,0,117,0.0,0.25,0.5,92.8,
ERCOT,92.5,1,69,30,0,117,0.0,0.25,1.0,93.04,
ERCOT,92.5,1,69,30,0,117,0.0,0.5,0.0,92.84,
ERCOT,92.5,1,69,30,0,117,0.0,0.5,0.5,92.84,
ERCOT,92.5,1,69,30,0,117,0.0,0.75,0.0,92.84,
ERCOT,92.5,1,69,30,0,117,0.0,0.75,0.5,92.84,
ERCOT,92.5,1,69,30,0,117,0.0,1.0,0.0,92.84,
ERCOT,92.5,1,69,30,0,117,0.0,1.0,0.5,92.84,
ERCOT,92.5,1,69,30,0,117,0.25,0.0,0.0,92.7,
ERCOT,92.5,1,69,30,0,117,0.25,0.0,0.5,92.7,
ERCOT,92.5,1,69,30,0,117,0.25,0.25,0.0,92.7,
ERCOT,92.5,1,69,30,0,117,0.25,0.25,0.5,92.7,
ERCOT,92.5,1,69,30,0,117,0.25,0.5,0.0,92.7,
ERCOT,92.5,1,69,30,0,117,0.25,0.5,0.5,92.7,
ERCOT,92.5,1,69,30,0,117,0.25,0.75,0.0,92.7,
ERCOT,92.5,1,69,30,0,117,0.25,0.75,0.5,92.7,
ERCOT,92.5,1,69,30,0,117,0.25,1.0,0.0,92.7,
ERCOT,92.5,1,69,30,0,117,0.25,1.0,0.5,92.7,
ERCOT,92.5,1,69,30,0,117,0.5,0.0,0.0,92.7,
ERCOT,92.5,1,69,30,0,117,0.5,0.0,0.5,92.7,
ERCOT,92.5,1,69,30,0,117,0.5,0.25,0.0,92.7,
ERCOT,92.5,1,69,30,0,117,0.5,0.25,0.5,92.7,
ERCOT,92.5,1,69,30,0,117,0.5,0.5,0.0,92.7,
ERCOT,92.5,1,69,30,0,117,0.5,0.5,0.5,92.7,
ERCOT,92.5,1,69,30,0,117,0.5,0.75,0.0,92.7,
ERCOT,92.5,1,69,30,0,117,0.5,0.75,0.5,92.7,
ERCOT,92.5,1,69,30,0,117,0.5,1.0,0.0,92.7,
ERCOT,92.5,1,69,30,0,117,0.5,1.0,0.5,92.7,
ERCOT,92.5,2,64,34,0,237,0.0,0.0,0.0,92.52,
ERCOT,92.5,2,65,33,0,247,0.0,0.0,0.0,92.86,
ERCOT,92.5,2,66,32,0,202,0.0,0.0,0.5,93.12,
ERCOT,92.5,2,66,32,0,172,0.0,0.0,1.0,93.34,
ERCOT,92.5,2,66,32,0,147,0.0,0.0,1.5,93.2,
ERCOT,92.5,2,66,32,0,137,0.0,0.0,2.0,93.67,
ERCOT,92.5,2,66,32,0,132,0.0,0.0,2.5,92.64,
ERCOT,92.5,2,66,32,0,117,0.0,0.25,0.0,93.25,
ERCOT,92.5,2,66,32,0,117,0.0,0.25,0.5,93.43,
ERCOT,92.5,2,66,32,0,117,0.0,0.5,0.0,93.34,
ERCOT,92.5,2,66,32,0,117,0.0,0.5,0.5,93.34,
ERCOT,92.5,2,66,32,0,117,0.0,0.75,0.0,93.34,
ERCOT,92.5,2,66,32,0,117,0.0,0.75,0.5,93.34,
ERCOT,92.5,2,66,32,0,117,0.0,1.0,0.0,93.34,
ERCOT,92.5,2,66,32,0,117,0.0,1.0,0.5,93.34,
ERCOT,92.5,2,66,32,0,117,0.25,0.0,0.0,93.22,
ERCOT,92.5,2,66,32,0,117,0.25,0.0,0.5,93.22,
ERCOT,92.5,2,66,32,0,117,0.25,0.25,0.0,93.22,
ERCOT,92.5,2,66,32,0,117,0.25,0.25,0.5,93.22,
ERCOT,92.5,2,66,32,0,117,0.25,0.5,0.0,93.22,
ERCOT,92.5,2,66,32,0,117,0.25,0.5,0.5,93.22,
ERCOT,92.5,2,66,32,0,117,0.25,0.75,0.0,93.22,
ERCOT,92.5,2,66,32,0,117,0.25,0.75,0.5,93.22,
ERCOT,92.5,2,66,32,0,117,0.25,1.0,0.0,93.22,
ERCOT,92.5,2,66,32,0,117,0.25,1.0,0.5,93.22,
ERCOT,92.5,2,66,32,0,117,0.5,0.0,0.0,93.22,
ERCOT,92.5,2,66,32,0,117,0.5,0.0,0.5,93.22,
ERCOT,92.5,2,66,32,0,117,0.5,0.25,0.0,93.22,
ERCOT,92.5,2,66,32,0,117,0.5,0.25,0.5,93.22,
ERCOT,92.5,2,66,32,0,117,0.5,0.5,0.0,93.22,
ERCOT,92.5,2,66,32,0,117,0.5,0.5,0.5,93.22,
ERCOT,92.5,2,66,32,0,117,0.5,0.75,0.0,93.22,
ERCOT,92.5,2,66,32,0,117,0.5,0.75,0.5,93.22,
ERCOT,92.5,2,66,32,0,117,0.5,1.0,0.0,93.22,
ERCOT,92.5,2,66,32,0,117,0.5,1.0,0.5,93.22,
ERCOT,92.5,2,67,31,0,207,0.0,0.0,0.5,92.99,
ERCOT,92.5,2,67,31,0,177,0.0,0.0,1.0,93.38,
ERCOT,92.5,2,67,31,0,152,0.0,0.0,1.5,93.54,
ERCOT,92.5,2,67,31,0,137,0.0,0.0,2.0,93.15,
ERCOT,92.5,2,67,31,0,137,0.0,0.0,2.5,94.16,
ERCOT,92.5,2,67,31,0,117,0.0,0.25,0.0,93.01,
ERCOT,92.5,2,67,31,0,117,0.0,0.25,0.5,93.25,
ERCOT,92.5,2,67,31,0,117,0.0,0.5,0.0,93.18,
ERCOT,92.5,2,67,31,0,117,0.0,0.5,0.5,93.18,
ERCOT,92.5,2,67,31,0,117,0.0,0.75,0.0,93.18,
ERCOT,92.5,2,67,31,0,117,0.0,0.75,0.5,93.18,
ERCOT,92.5,2,67,31,0,117,0.0,1.0,0.0,93.18,
ERCOT,92.5,2,67,31,0,117,0.0,1.0,0.5,93.18,
ERCOT,92.5,2,67,31,0,117,0.25,0.0,0.0,93.06,
ERCOT,92.5,2,67,31,0,117,0.25,0.0,0.5,93.06,
ERCOT,92.5,2,67,31,0,117,0.25,0.25,0.0,93.06,
ERCOT,92.5,2,67,31,0,117,0.25,0.25,0.5,93.06,
ERCOT,92.5,2,67,31,0,117,0.25,0.5,0.0,93.06,
ERCOT,92.5,2,67,31,0,117,0.25,0.5,0.5,93.06,
ERCOT,92.5,2,67,31,0,117,0.25,0.75,0.0,93.06,
ERCOT,92.5,2,67,31,0,117,0.25,0.75,0.5,93.06,
ERCOT,92.5,2,67,31,0,117,0.25,1.0,0.0,93.06,
ERCOT,92.5,2,67,31,0,117,0.25,1.0,0.5,93.06,
ERCOT,92.5,2,67,31,0,117,0.5,0.0,0.0,93.06,
ERCOT,92.5,2,67,31,0,117,0.5,0.0,0.5,93.06,
ERCOT,92.5,2,67,31,0,117,0.5,0.25,0.0,93.06,
ERCOT,92.5,2,67,31,0,117,0.5,0.25,0.5,93.06,
ERCOT,92.5,2,67,31,0,117,0.5,0.5,0.0,93.06,
ERCOT,92.5,2,67,31,0,117,0.5,0.5,0.5,93.06,
ERCOT,92.5,2,67,31,0,117,0.5,0.75,0.0,93.06,
ERCOT,92.5,2,67,31,0,117,0.5,0.75,0.5,93.06,
ERCOT,92.5,2,67,31,0,117,0.5,1.0,0.0,93.06,
ERCOT,92.5,2,67,31,0,117,0.5,1.0,0.5,93.06,
ERCOT,92.5,2,68,30,0,212,0.0,0.0,0.5,92.8,
ERCOT,92.5,2,68,30,0,182,0.0,0.0,1.0,93.37,
ERCOT,92.5,2,68,30,0,152,0.0,0.0,1.5,92.77,
ERCOT,92.5,2,68,30,0,137,0.0,0.0,2.0,92.6,
ERCOT,92.5,2,68,30,0,137,0.0,0.0,2.5,93.74,
ERCOT,92.5,2,68,30,0,117,0.0,0.25,0.0,92.75,
ERCOT,92.5,2,68,30,0,117,0.0,0.25,0.5,93.04,
ERCOT,92.5,2,68,30,0,117,0.0,0.5,0.0,93.01,
ERCOT,92.5,2,68,30,0,117,0.0,0.5,0.5,93.01,
ERCOT,92.5,2,68,30,0,117,0.0,0.75,0.0,93.01,
ERCOT,92.5,2,68,30,0,117,0.0,0.75,0.5,93.01,
ERCOT,92.5,2,68,30,0,117,0.0,1.0,0.0,93.01,
ERCOT,92.5,2,68,30,0,117,0.0,1.0,0.5,93.01,
ERCOT,92.5,2,68,30,0,117,0.25,0.0,0.0,92.89,
ERCOT,92.5,2,68,30,0,117,0.25,0.0,0.5,92.89,
ERCOT,92.5,2,68,30,0,117,0.25,0.25,0.0,92.89,
ERCOT,92.5,2,68,30,0,117,0.25,0.25,0.5,92.89,
ERCOT,92.5,2,68,30,0,117,0.25,0.5,0.0,92.89,
ERCOT,92.5,2,68,30,0,117,0.25,0.5,0.5,92.89,
ERCOT,92.5,2,68,30,0,117,0.25,0.75,0.0,92.89,
ERCOT,92.5,2,68,30,0,117,0.25,0.75,0.5,92.89,
ERCOT,92.5,2,68,30,0,117,0.25,1.0,0.0,92.89,
ERCOT,92.5,2,68,30,0,117,0.25,1.0,0.5,92.89,
ERCOT,92.5,2,68,30,0,117,0.5,0.0,0.0,92.89,
ERCOT,92.5,2,68,30,0,117,0.5,0.0,0.5,92.89,
ERCOT,92.5,2,68,30,0,117,0.5,0.25,0.0,92.89,
ERCOT,92.5,2,68,30,0,117,0.5,0.25,0.5,92.89,
ERCOT,92.5,2,68,30,0,117,0.5,0.5,0.0,92.89,
ERCOT,92.5,2,68,30,0,117,0.5,0.5,0.5,92.89,
ERCOT,92.5,2,68,30,0,117,0.5,0.75,0.0,92.89,
ERCOT,92.5,2,68,30,0,117,0.5,0.75,0.5,92.89,
ERCOT,92.5,2,68,30,0,117,0.5,1.0,0.0,92.89,
ERCOT,92.5,2,68,30,0,117,0.5,1.0,0.5,92.89,
ERCOT,92.5,2,69,29,0,217,0.0,0.0,0.5,92.56,
ERCOT,92.5,2,69,29,0,187,0.0,0.0,1.0,93.3,
ERCOT,92.5,2,69,29,0,157,0.0,0.0,1.5,92.98,
ERCOT,92.5,2,69,29,0,142,0.0,0.0,2.0,93.36,
ERCOT,92.5,2,69,29,0,137,0.0,0.0,2.5,93.31,
ERCOT,92.5,2,69,29,0,122,0.0,0.25,0.0,93.95,
ERCOT,92.5,2,69,29,0,117,0.0,0.25,0.5,92.8,
ERCOT,92.5,2,69,29,0,117,0.0,0.25,1.0,93.05,
ERCOT,92.5,2,69,29,0,117,0.0,0.5,0.0,92.84,
ERCOT,92.5,2,69,29,0,117,0.0,0.5,0.5,92.84,
ERCOT,92.5,2,69,29,0,117,0.0,0.75,0.0,92.84,
ERCOT,92.5,2,69,29,0,117,0.0,0.75,0.5,92.84,
ERCOT,92.5,2,69,29,0,117,0.0,1.0,0.0,92.84,
ERCOT,92.5,2,69,29,0,117,0.0,1.0,0.5,92.84,
ERCOT,92.5,2,69,29,0,117,0.25,0.0,0.0,92.71,
ERCOT,92.5,2,69,29,0,117,0.25,0.0,0.5,92.71,
ERCOT,92.5,2,69,29,0,117,0.25,0.25,0.0,92.71,
ERCOT,92.5,2,69,29,0,117,0.25,0.25,0.5,92.71,
ERCOT,92.5,2,69,29,0,117,0.25,0.5,0.0,92.71,
ERCOT,92.5,2,69,29,0,117,0.25,0.5,0.5,92.71,
ERCOT,92.5,2,69,29,0,117,0.25,0.75,0.0,92.71,
ERCOT,92.5,2,69,29,0,117,0.25,0.75,0.5,92.71,
ERCOT,92.5,2,69,29,0,117,0.25,1.0,0.0,92.71,
ERCOT,92.5,2,69,29,0,117,0.25,1.0,0.5,92.71,
ERCOT,92.5,2,69,29,0,117,0.5,0.0,0.0,92.71,
ERCOT,92.5,2,69,29,0,117,0.5,0.0,0.5,92.71,
ERCOT,92.5,2,69,29,0,117,0.5,0.25,0.0,92.71,
ERCOT,92.5,2,69,29,0,117,0.5,0.25,0.5,92.71,
ERCOT,92.5,2,69,29,0,117,0.5,0.5,0.0,92.71,
ERCOT,92.5,2,69,29,0,117,0.5,0.5,0.5,92.71,
ERCOT,92.5,2,69,29,0,117,0.5,0.75,0.0,92.71,
ERCOT,92.5,2,69,29,0,117,0.5,0.75,0.5,92.71,
ERCOT,92.5,2,69,29,0,117,0.5,1.0,0.0,92.71,
ERCOT,92.5,2,69,29,0,117,0.5,1.0,0.5,92.71,
ERCOT,92.5,3,63,34,0,232,0.0,0.0,0.0,92.69,
ERCOT,92.5,3,64,33,0,237,0.0,0.0,0.0,92.56,
ERCOT,92.5,3,65,32,0,247,0.0,0.0,0.0,92.9,
ERCOT,92.5,3,66,31,0,250,0.0,0.0,0.0,92.5,
ERCOT,92.5,3,67,30,0,207,0.0,0.0,0.5,92.92,
ERCOT,92.5,3,67,30,0,177,0.0,0.0,1.0,93.3,
ERCOT,92.5,3,67,30,0,152,0.0,0.0,1.5,93.46,
ERCOT,92.5,3,67,30,0,137,0.0,0.0,2.0,93.1,
ERCOT,92.5,3,67,30,0,137,0.0,0.0,2.5,94.12,
ERCOT,92.5,3,67,30,0,117,0.0,0.25,0.0,93.02,
ERCOT,92.5,3,67,30,0,117,0.0,0.25,0.5,93.26,
ERCOT,92.5,3,67,30,0,117,0.0,0.5,0.0,93.19,
ERCOT,92.5,3,67,30,0,117,0.0,0.5,0.5,93.19,
ERCOT,92.5,3,67,30,0,117,0.0,0.75,0.0,93.19,
ERCOT,92.5,3,67,30,0,117,0.0,0.75,0.5,93.19,
ERCOT,92.5,3,67,30,0,117,0.0,1.0,0.0,93.19,
ERCOT,92.5,3,67,30,0,117,0.0,1.0,0.5,93.19,
ERCOT,92.5,3,67,30,0,117,0.25,0.0,0.0,93.07,
ERCOT,92.5,3,67,30,0,117,0.25,0.0,0.5,93.07,
ERCOT,92.5,3,67,30,0,117,0.25,0.25,0.0,93.07,
ERCOT,92.5,3,67,30,0,117,0.25,0.25,0.5,93.07,
ERCOT,92.5,3,67,30,0,117,0.25,0.5,0.0,93.07,
ERCOT,92.5,3,67,30,0,117,0.25,0.5,0.5,93.07,
ERCOT,92.5,3,67,30,0,117,0.25,0.75,0.0,93.07,
ERCOT,92.5,3,67,30,0,117,0.25,0.75,0.5,93.07,
ERCOT,92.5,3,67,30,0,117,0.25,1.0,0.0,93.07,
ERCOT,92.5,3,67,30,0,117,0.25,1.0,0.5,93.07,
ERCOT,92.5,3,67,30,0,117,0.5,0.0,0.0,93.07,
ERCOT,92.5,3,67,30,0,117,0.5,0.0,0.5,93.07,
ERCOT,92.5,3,67,30,0,117,0.5,0.25,0.0,93.07,
ERCOT,92.5,3,67,30,0,117,0.5,0.25,0.5,93.07,
ERCOT,92.5,3,67,30,0,117,0.5,0.5,0.0,93.07,
ERCOT,92.5,3,67,30,0,117,0.5,0.5,0.5,93.07,
ERCOT,92.5,3,67,30,0,117,0.5,0.75,0.0,93.07,
ERCOT,92.5,3,67,30,0,117,0.5,0.75,0.5,93.07,
ERCOT,92.5,3,67,30,0,117,0.5,1.0,0.0,93.07,
ERCOT,92.5,3,67,30,0,117,0.5,1.0,0.5,93.07,
ERCOT,92.5,3,68,29,0,212,0.0,0.0,0.5,92.72,
ERCOT,92.5,3,68,29,0,182,0.0,0.0,1.0,93.29,
ERCOT,92.5,3,68,29,0,152,0.0,0.0,1.5,92.7,
ERCOT,92.5,3,68,29,0,137,0.0,0.0,2.0,92.54,
ERCOT,92.5,3,68,29,0,137,0.0,0.0,2.5,93.71,
ERCOT,92.5,3,68,29,0,117,0.0,0.25,0.0,92.75,
ERCOT,92.5,3,68,29,0,117,0.0,0.25,0.5,93.04,
ERCOT,92.5,3,68,29,0,117,0.0,0.5,0.0,93.02,
ERCOT,92.5,3,68,29,0,117,0.0,0.5,0.5,93.02,
ERCOT,92.5,3,68,29,0,117,0.0,0.75,0.0,93.02,
ERCOT,92.5,3,68,29,0,117,0.0,0.75,0.5,93.02,
ERCOT,92.5,3,68,29,0,117,0.0,1.0,0.0,93.02,
ERCOT,92.5,3,68,29,0,117,0.0,1.0,0.5,93.02,
ERCOT,92.5,3,68,29,0,117,0.25,0.0,0.0,92.89,
ERCOT,92.5,3,68,29,0,117,0.25,0.0,0.5,92.89,
ERCOT,92.5,3,68,29,0,117,0.25,0.25,0.0,92.89,
ERCOT,92.5,3,68,29,0,117,0.25,0.25,0.5,92.89,
ERCOT,92.5,3,68,29,0,117,0.25,0.5,0.0,92.89,
ERCOT,92.5,3,68,29,0,117,0.25,0.5,0.5,92.89,
ERCOT,92.5,3,68,29,0,117,0.25,0.75,0.0,92.89,
ERCOT,92.5,3,68,29,0,117,0.25,0.75,0.5,92.89,
ERCOT,92.5,3,68,29,0,117,0.25,1.0,0.0,92.89,
ERCOT,92.5,3,68,29,0,117,0.25,1.0,0.5,92.89,
ERCOT,92.5,3,68,29,0,117,0.5,0.0,0.0,92.89,
ERCOT,92.5,3,68,29,0,117,0.5,0.0,0.5,92.89,
ERCOT,92.5,3,68,29,0,117,0.5,0.25,0.0,92.89,
ERCOT,92.5,3,68,29,0,117,0.5,0.25,0.5,92.89,
ERCOT,92.5,3,68,29,0,117,0.5,0.5,0.0,92.89,
ERCOT,92.5,3,68,29,0,117,0.5,0.5,0.5,92.89,
ERCOT,92.5,3,68,29,0,117,0.5,0.75,0.0,92.89,
ERCOT,92.5,3,68,29,0,117,0.5,0.75,0.5,92.89,
ERCOT,92.5,3,68,29,0,117,0.5,1.0,0.0,92.89,
ERCOT,92.5,3,68,29,0,117,0.5,1.0,0.5,92.89,
ERCOT,92.5,3,69,28,0,222,0.0,0.0,0.5,93.22,
ERCOT,92.5,3,69,28,0,187,0.0,0.0,1.0,93.21,
ERCOT,92.5,3,69,28,0,157,0.0,0.0,1.5,92.9,
ERCOT,92.5,3,69,28,0,142,0.0,0.0,2.0,93.31,
ERCOT,92.5,3,69,28,0,137,0.0,0.0,2.5,93.27,
ERCOT,92.5,3,69,28,0,122,0.0,0.25,0.0,93.94,
ERCOT,92.5,3,69,28,0,117,0.0,0.25,0.5,92.8,
ERCOT,92.5,3,69,28,0,117,0.0,0.25,1.0,93.05,
ERCOT,92.5,3,69,28,0,117,0.0,0.5,0.0,92.85,
ERCOT,92.5,3,69,28,0,117,0.0,0.5,0.5,92.85,
ERCOT,92.5,3,69,28,0,117,0.0,0.75,0.0,92.85,
ERCOT,92.5,3,69,28,0,117,0.0,0.75,0.5,92.85,
ERCOT,92.5,3,69,28,0,117,0.0,1.0,0.0,92.85,
ERCOT,92.5,3,69,28,0,117,0.0,1.0,0.5,92.85,
ERCOT,92.5,3,69,28,0,117,0.25,0.0,0.0,92.71,
ERCOT,92.5,3,69,28,0,117,0.25,0.0,0.5,92.71,
ERCOT,92.5,3,69,28,0,117,0.25,0.25,0.0,92.71,
ERCOT,92.5,3,69,28,0,117,0.25,0.25,0.5,92.71,
ERCOT,92.5,3,69,28,0,117,0.25,0.5,0.0,92.71,
ERCOT,92.5,3,69,28,0,117,0.25,0.5,0.5,92.71,
ERCOT,92.5,3,69,28,0,117,0.25,0.75,0.0,92.71,
ERCOT,92.5,3,69,28,0,117,0.25,0.75,0.5,92.71,
ERCOT,92.5,3,69,28,0,117,0.25,1.0,0.0,92.71,
ERCOT,92.5,3,69,28,0,117,0.25,1.0,0.5,92.71,
ERCOT,92.5,3,69,28,0,117,0.5,0.0,0.0,92.71,
ERCOT,92.5,3,69,28,0,117,0.5,0.0,0.5,92.71,
ERCOT,92.5,3,69,28,0,117,0.5,0.25,0.0,92.71,
ERCOT,92.5,3,69,28,0,117,0.5,0.25,0.5,92.71,
ERCOT,92.5,3,69,28,0,117,0.5,0.5,0.0,92.71,
ERCOT,92.5,3,69,28,0,117,0.5,0.5,0.5,92.71,
ERCOT,92.5,3,69,28,0,117,0.5,0.75,0.0,92.71,
ERCOT,92.5,3,69,28,0,117,0.5,0.75,0.5,92.71,
ERCOT,92.5,3,69,28,0,117,0.5,1.0,0.0,92.71,
ERCOT,92.5,3,69,28,0,117,0.5,1.0,0.5,92.71,
ERCOT,92.5,4,62,34,0,227,0.0,0.0,0.0,92.83,
ERCOT,92.5,4,63,33,0,232,0.0,0.0,0.0,92.72,
ERCOT,92.5,4,64,32,0,237,0.0,0.0,0.0,92.59,
ERCOT,92.5,4,65,31,0,247,0.0,0.0,0.0,92.94,
ERCOT,92.5,4,66,30,0,250,0.0,0.0,0.0,92.54,
ERCOT,92.5,4,67,29,0,207,0.0,0.0,0.5,92.85,
ERCOT,92.5,4,67,29,0,177,0.0,0.0,1.0,93.22,
ERCOT,92.5,4,67,29,0,152,0.0,0.0,1.5,93.39,
ERCOT,92.5,4,67,29,0,137,0.0,0.0,2.0,93.05,
ERCOT,92.5,4,67,29,0,137,0.0,0.0,2.5,94.09,
ERCOT,92.5,4,67,29,0,117,0.0,0.25,0.0,93.02,
ERCOT,92.5,4,67,29,0,117,0.0,0.25,0.5,93.27,
ERCOT,92.5,4,67,29,0,117,0.0,0.5,0.0,93.2,
ERCOT,92.5,4,67,29,0,117,0.0,0.5,0.5,93.2,
ERCOT,92.5,4,67,29,0,117,0.0,0.75,0.0,93.2,
ERCOT,92.5,4,67,29,0,117,0.0,0.75,0.5,93.2,
ERCOT,92.5,4,67,29,0,117,0.0,1.0,0.0,93.2,
ERCOT,92.5,4,67,29,0,117,0.0,1.0,0.5,93.2,
ERCOT,92.5,4,67,29,0,117,0.25,0.0,0.0,93.08,
ERCOT,92.5,4,67,29,0,117,0.25,0.0,0.5,93.08,
ERCOT,92.5,4,67,29,0,117,0.25,0.25,0.0,93.08,
ERCOT,92.5,4,67,29,0,117,0.25,0.25,0.5,93.08,
ERCOT,92.5,4,67,29,0,117,0.25,0.5,0.0,93.08,
ERCOT,92.5,4,67,29,0,117,0.25,0.5,0.5,93.08,
ERCOT,92.5,4,67,29,0,117,0.25,0.75,0.0,93.08,
ERCOT,92.5,4,67,29,0,117,0.25,0.75,0.5,93.08,
ERCOT,92.5,4,67,29,0,117,0.25,1.0,0.0,93.08,
ERCOT,92.5,4,67,29,0,117,0.25,1.0,0.5,93.08,
ERCOT,92.5,4,67,29,0,117,0.5,0.0,0.0,93.08,
ERCOT,92.5,4,67,29,0,117,0.5,0.0,0.5,93.08,
ERCOT,92.5,4,67,29,0,117,0.5,0.25,0.0,93.08,
ERCOT,92.5,4,67,29,0,117,0.5,0.25,0.5,93.08,
ERCOT,92.5,4,67,29,0,117,0.5,0.5,0.0,93.08,
ERCOT,92.5,4,67,29,0,117,0.5,0.5,0.5,93.08,
ERCOT,92.5,4,67,29,0,117,0.5,0.75,0.0,93.08,
ERCOT,92.5,4,67,29,0,117,0.5,0.75,0.5,93.08,
ERCOT,92.5,4,67,29,0,117,0.5,1.0,0.0,93.08,
ERCOT,92.5,4,67,29,0,117,0.5,1.0,0.5,93.08,
ERCOT,92.5,4,68,28,0,212,0.0,0.0,0.5,92.65,
ERCOT,92.5,4,68,28,0,182,0.0,0.0,1.0,93.2,
ERCOT,92.5,4,68,28,0,152,0.0,0.0,1.5,92.62,
ERCOT,92.5,4,68,28,0,142,0.0,0.0,2.0,93.84,
ERCOT,92.5,4,68,28,0,137,0.0,0.0,2.5,93.67,
ERCOT,92.5,4,68,28,0,117,0.0,0.25,0.0,92.75,
ERCOT,92.5,4,68,28,0,117,0.0,0.25,0.5,93.04,
ERCOT,92.5,4,68,28,0,117,0.0,0.5,0.0,93.03,
ERCOT,92.5,4,68,28,0,117,0.0,0.5,0.5,93.03,
ERCOT,92.5,4,68,28,0,117,0.0,0.75,0.0,93.03,
ERCOT,92.5,4,68,28,0,117,0.0,0.75,0.5,93.03,
ERCOT,92.5,4,68,28,0,117,0.0,1.0,0.0,93.03,
ERCOT,92.5,4,68,28,0,117,0.0,1.0,0.5,93.03,
ERCOT,92.5,4,68,28,0,117,0.25,0.0,0.0,92.9,
ERCOT,92.5,4,68,28,0,117,0.25,0.0,0.5,92.9,
ERCOT,92.5,4,68,28,0,117,0.25,0.25,0.0,92.9,
ERCOT,92.5,4,68,28,0,117,0.25,0.25,0.5,92.9,
ERCOT,92.5,4,68,28,0,117,0.25,0.5,0.0,92.9,
ERCOT,92.5,4,68,28,0,117,0.25,0.5,0.5,92.9,
ERCOT,92.5,4,68,28,0,117,0.25,0.75,0.0,92.9,
ERCOT,92.5,4,68,28,0,117,0.25,0.75,0.5,92.9,
ERCOT,92.5,4,68,28,0,117,0.25,1.0,0.0,92.9,
ERCOT,92.5,4,68,28,0,117,0.25,1.0,0.5,92.9,
ERCOT,92.5,4,68,28,0,117,0.5,0.0,0.0,92.9,
ERCOT,92.5,4,68,28,0,117,0.5,0.0,0.5,92.9,
ERCOT,92.5,4,68,28,0,117,0.5,0.25,0.0,92.9,
ERCOT,92.5,4,68,28,0,117,0.5,0.25,0.5,92.9,
ERCOT,92.5,4,68,28,0,117,0.5,0.5,0.0,92.9,
ERCOT,92.5,4,68,28,0,117,0.5,0.5,0.5,92.9,
ERCOT,92.5,4,68,28,0,117,0.5,0.75,0.0,92.9,
ERCOT,92.5,4,68,28,0,117,0.5,0.75,0.5,92.9,
ERCOT,92.5,4,68,28,0,117,0.5,1.0,0.0,92.9,
ERCOT,92.5,4,68,28,0,117,0.5,1.0,0.5,92.9,
ERCOT,92.5,4,69,27,0,222,0.0,0.0,0.5,93.15,
ERCOT,92.5,4,69,27,0,187,0.0,0.0,1.0,93.13,
ERCOT,92.5,4,69,27,0,157,0.0,0.0,1.5,92.82,
ERCOT,92.5,4,69,27,0,142,0.0,0.0,2.0,93.26,
ERCOT,92.5,4,69,27,0,137,0.0,0.0,2.5,93.23,
ERCOT,92.5,4,69,27,0,122,0.0,0.25,0.0,93.93,
ERCOT,92.5,4,69,27,0,117,0.0,0.25,0.5,92.8,
ERCOT,92.5,4,69,27,0,117,0.0,0.25,1.0,93.06,
ERCOT,92.5,4,69,27,0,117,0.0,0.5,0.0,92.86,
ERCOT,92.5,4,69,27,0,117,0.0,0.5,0.5,92.86,
ERCOT,92.5,4,69,27,0,117,0.0,0.75,0.0,92.86,
ERCOT,92.5,4,69,27,0,117,0.0,0.75,0.5,92.86,
ERCOT,92.5,4,69,27,0,117,0.0,1.0,0.0,92.86,
ERCOT,92.5,4,69,27,0,117,0.0,1.0,0.5,92.86,
ERCOT,92.5,4,69,27,0,117,0.25,0.0,0.0,92.72,
ERCOT,92.5,4,69,27,0,117,0.25,0.0,0.5,92.72,
ERCOT,92.5,4,69,27,0,117,0.25,0.25,0.0,92.72,
ERCOT,92.5,4,69,27,0,117,0.25,0.25,0.5,92.72,
ERCOT,92.5,4,69,27,0,117,0.25,0.5,0.0,92.72,
ERCOT,92.5,4,69,27,0,117,0.25,0.5,0.5,92.72,
ERCOT,92.5,4,69,27,0,117,0.25,0.75,0.0,92.72,
ERCOT,92.5,4,69,27,0,117,0.25,0.75,0.5,92.72,
ERCOT,92.5,4,69,27,0,117,0.25,1.0,0.0,92.72,
ERCOT,92.5,4,69,27,0,117,0.25,1.0,0.5,92.72,
ERCOT,92.5,4,69,27,0,117,0.5,0.0,0.0,92.72,
ERCOT,92.5,4,69,27,0,117,0.5,0.0,0.5,92.72,
ERCOT,92.5,4,69,27,0,117,0.5,0.25,0.0,92.72,
ERCOT,92.5,4,69,27,0,117,0.5,0.25,0.5,92.72,
ERCOT,92.5,4,69,27,0,117,0.5,0.5,0.0,92.72,
ERCOT,92.5,4,69,27,0,117,0.5,0.5,0.5,92.72,
ERCOT,92.5,4,69,27,0,117,0.5,0.75,0.0,92.72,
ERCOT,92.5,4,69,27,0,117,0.5,0.75,0.5,92.72,
ERCOT,92.5,4,69,27,0,117,0.5,1.0,0.0,92.72,
ERCOT,92.5,4,69,27,0,117,0.5,1.0,0.5,92.72,
ERCOT,92.5,5,61,34,0,222,0.0,0.0,0.0,92.93,
ERCOT,92.5,5,62,33,0,227,0.0,0.0,0.0,92.86,
ERCOT,92.5,5,63,32,0,232,0.0,0.0,0.0,92.76,
ERCOT,92.5,5,64,31,0,237,0.0,0.0,0.0,92.62,
ERCOT,92.5,5,66,29,0,250,0.0,0.0,0.0,92.57,
ERCOT,92.5,5,67,28,0,207,0.0,0.0,0.5,92.77,
ERCOT,92.5,5,67,28,0,177,0.0,0.0,1.0,93.14,
ERCOT,92.5,5,67,28,0,152,0.0,0.0,1.5,93.31,
ERCOT,92.5,5,67,28,0,137,0.0,0.0,2.0,93.0,
ERCOT,92.5,5,67,28,0,137,0.0,0.0,2.5,94.05,
ERCOT,92.5,5,67,28,0,117,0.0,0.25,0.0,93.02,
ERCOT,92.5,5,67,28,0,117,0.0,0.25,0.5,93.27,
ERCOT,92.5,5,67,28,0,117,0.0,0.5,0.0,93.21,
ERCOT,92.5,5,67,28,0,117,0.0,0.5,0.5,93.21,
ERCOT,92.5,5,67,28,0,117,0.0,0.75,0.0,93.21,
ERCOT,92.5,5,67,28,0,117,0.0,0.75,0.5,93.21,
ERCOT,92.5,5,67,28,0,117,0.0,1.0,0.0,93.21,
ERCOT,92.5,5,67,28,0,117,0.0,1.0,0.5,93.21,
ERCOT,92.5,5,67,28,0,117,0.25,0.0,0.0,93.08,
ERCOT,92.5,5,67,28,0,117,0.25,0.0,0.5,93.08,
ERCOT,92.5,5,67,28,0,117,0.25,0.25,0.0,93.08,
ERCOT,92.5,5,67,28,0,117,0.25,0.25,0.5,93.08,
ERCOT,92.5,5,67,28,0,117,0.25,0.5,0.0,93.08,
ERCOT,92.5,5,67,28,0,117,0.25,0.5,0.5,93.08,
ERCOT,92.5,5,67,28,0,117,0.25,0.75,0.0,93.08,
ERCOT,92.5,5,67,28,0,117,0.25,0.75,0.5,93.08,
ERCOT,92.5,5,67,28,0,117,0.25,1.0,0.0,93.08,
ERCOT,92.5,5,67,28,0,117,0.25,1.0,0.5,93.08,
ERCOT,92.5,5,67,28,0,117,0.5,0.0,0.0,93.08,
ERCOT,92.5,5,67,28,0,117,0.5,0.0,0.5,93.08,
ERCOT,92.5,5,67,28,0,117,0.5,0.25,0.0,93.08,
ERCOT,92.5,5,67,28,0,117,0.5,0.25,0.5,93.08,
ERCOT,92.5,5,67,28,0,117,0.5,0.5,0.0,93.08,
ERCOT,92.5,5,67,28,0,117,0.5,0.5,0.5,93.08,
ERCOT,92.5,5,67,28,0,117,0.5,0.75,0.0,93.08,
ERCOT,92.5,5,67,28,0,117,0.5,0.75,0.5,93.08,
ERCOT,92.5,5,67,28,0,117,0.5,1.0,0.0,93.08,
ERCOT,92.5,5,67,28,0,117,0.5,1.0,0.5,93.08,
ERCOT,92.5,5,68,27,0,212,0.0,0.0,0.5,92.57,
ERCOT,92.5,5,68,27,0,182,0.0,0.0,1.0,93.12,
ERCOT,92.5,5,68,27,0,152,0.0,0.0,1.5,92.54,
ERCOT,92.5,5,68,27,0,142,0.0,0.0,2.0,93.78,
ERCOT,92.5,5,68,27,0,137,0.0,0.0,2.5,93.62,
ERCOT,92.5,5,68,27,0,117,0.0,0.25,0.0,92.75,
ERCOT,92.5,5,68,27,0,117,0.0,0.25,0.5,93.04,
ERCOT,92.5,5,68,27,0,117,0.0,0.5,0.0,93.04,
ERCOT,92.5,5,68,27,0,117,0.0,0.5,0.5,93.04,
ERCOT,92.5,5,68,27,0,117,0.0,0.75,0.0,93.04,
ERCOT,92.5,5,68,27,0,117,0.0,0.75,0.5,93.04,
ERCOT,92.5,5,68,27,0,117,0.0,1.0,0.0,93.04,
ERCOT,92.5,5,68,27,0,117,0.0,1.0,0.5,93.04,
ERCOT,92.5,5,68,27,0,117,0.25,0.0,0.0,92.9,
ERCOT,92.5,5,68,27,0,117,0.25,0.0,0.5,92.9,
ERCOT,92.5,5,68,27,0,117,0.25,0.25,0.0,92.9,
ERCOT,92.5,5,68,27,0,117,0.25,0.25,0.5,92.9,
ERCOT,92.5,5,68,27,0,117,0.25,0.5,0.0,92.9,
ERCOT,92.5,5,68,27,0,117,0.25,0.5,0.5,92.9,
ERCOT,92.5,5,68,27,0,117,0.25,0.75,0.0,92.9,
ERCOT,92.5,5,68,27,0,117,0.25,0.75,0.5,92.9,
ERCOT,92.5,5,68,27,0,117,0.25,1.0,0.0,92.9,
ERCOT,92.5,5,68,27,0,117,0.25,1.0,0.5,92.9,
ERCOT,92.5,5,68,27,0,117,0.5,0.0,0.0,92.9,
ERCOT,92.5,5,68,27,0,117,0.5,0.0,0.5,92.9,
ERCOT,92.5,5,68,27,0,117,0.5,0.25,0.0,92.9,
ERCOT,92.5,5,68,27,0,117,0.5,0.25,0.5,92.9,
ERCOT,92.5,5,68,27,0,117,0.5,0.5,0.0,92.9,
ERCOT,92.5,5,68,27,0,117,0.5,0.5,0.5,92.9,
ERCOT,92.5,5,68,27,0,117,0.5,0.75,0.0,92.9,
ERCOT,92.5,5,68,27,0,117,0.5,0.75,0.5,92.9,
ERCOT,92.5,5,68,27,0,117,0.5,1.0,0.0,92.9,
ERCOT,92.5,5,68,27,0,117,0.5,1.0,0.5,92.9,
ERCOT,92.5,5,69,26,0,222,0.0,0.0,0.5,93.07,
ERCOT,92.5,5,69,26,0,187,0.0,0.0,1.0,93.04,
ERCOT,92.5,5,69,26,0,157,0.0,0.0,1.5,92.74,
ERCOT,92.5,5,69,26,0,142,0.0,0.0,2.0,93.2,
ERCOT,92.5,5,69,26,0,137,0.0,0.0,2.5,93.18,
ERCOT,92.5,5,69,26,0,122,0.0,0.25,0.0,93.92,
ERCOT,92.5,5,69,26,0,117,0.0,0.25,0.5,92.8,
ERCOT,92.5,5,69,26,0,117,0.0,0.25,1.0,93.06,
ERCOT,92.5,5,69,26,0,117,0.0,0.5,0.0,92.87,
ERCOT,92.5,5,69,26,0,117,0.0,0.5,0.5,92.87,
ERCOT,92.5,5,69,26,0,117,0.0,0.75,0.0,92.87,
ERCOT,92.5,5,69,26,0,117,0.0,0.75,0.5,92.87,
ERCOT,92.5,5,69,26,0,117,0.0,1.0,0.0,92.87,
ERCOT,92.5,5,69,26,0,117,0.0,1.0,0.5,92.87,
ERCOT,92.5,5,69,26,0,117,0.25,0.0,0.0,92.72,
ERCOT,92.5,5,69,26,0,117,0.25,0.0,0.5,92.72,
ERCOT,92.5,5,69,26,0,117,0.25,0.25,0.0,92.72,
ERCOT,92.5,5,69,26,0,117,0.25,0.25,0.5,92.72,
ERCOT,92.5,5,69,26,0,117,0.25,0.5,0.0,92.72,
ERCOT,92.5,5,69,26,0,117,0.25,0.5,0.5,92.72,
ERCOT,92.5,5,69,26,0,117,0.25,0.75,0.0,92.72,
ERCOT,92.5,5,69,26,0,117,0.25,0.75,0.5,92.72,
ERCOT,92.5,5,69,26,0,117,0.25,1.0,0.0,92.72,
ERCOT,92.5,5,69,26,0,117,0.25,1.0,0.5,92.72,
ERCOT,92.5,5,69,26,0,117,0.5,0.0,0.0,92.72,
ERCOT,92.5,5,69,26,0,117,0.5,0.0,0.5,92.72,
ERCOT,92.5,5,69,26,0,117,0.5,0.25,0.0,92.72,
ERCOT,92.5,5,69,26,0,117,0.5,0.25,0.5,92.72,
ERCOT,92.5,5,69,26,0,117,0.5,0.5,0.0,92.72,
ERCOT,92.5,5,69,26,0,117,0.5,0.5,0.5,92.72,
ERCOT,92.5,5,69,26,0,117,0.5,0.75,0.0,92.72,
ERCOT,92.5,5,69,26,0,117,0.5,0.75,0.5,92.72,
ERCOT,92.5,5,69,26,0,117,0.5,1.0,0.0,92.72,
ERCOT,92.5,5,69,26,0,117,0.5,1.0,0.5,92.72,
ERCOT,92.5,6,61,33,0,222,0.0,0.0,0.0,92.96,
ERCOT,92.5,6,62,32,0,227,0.0,0.0,0.0,92.89,
ERCOT,92.5,6,63,31,0,232,0.0,0.0,0.0,92.79,
ERCOT,92.5,6,64,30,0,237,0.0,0.0,0.0,92.65,
ERCOT,92.5,6,65,29,0,247,0.0,0.0,0.0,93.01,
ERCOT,92.5,6,66,28,0,250,0.0,0.0,0.0,92.59,
ERCOT,92.5,6,67,27,0,207,0.0,0.0,0.5,92.69,
ERCOT,92.5,6,67,27,0,177,0.0,0.0,1.0,93.06,
ERCOT,92.5,6,67,27,0,152,0.0,0.0,1.5,93.24,
ERCOT,92.5,6,67,27,0,137,0.0,0.0,2.0,92.94,
ERCOT,92.5,6,67,27,0,137,0.0,0.0,2.5,94.01,
ERCOT,92.5,6,67,27,0,117,0.0,0.25,0.0,93.02,
ERCOT,92.5,6,67,27,0,117,0.0,0.25,0.5,93.27,
ERCOT,92.5,6,67,27,0,117,0.0,0.5,0.0,93.22,
ERCOT,92.5,6,67,27,0,117,0.0,0.5,0.5,93.22,
ERCOT,92.5,6,67,27,0,117,0.0,0.75,0.0,93.22,
ERCOT,92.5,6,67,27,0,117,0.0,0.75,0.5,93.22,
ERCOT,92.5,6,67,27,0,117,0.0,1.0,0.0,93.22,
ERCOT,92.5,6,67,27,0,117,0.0,1.0,0.5,93.22,
ERCOT,92.5,6,67,27,0,117,0.25,0.0,0.0,93.09,
ERCOT,92.5,6,67,27,0,117,0.25,0.0,0.5,93.09,
ERCOT,92.5,6,67,27,0,117,0.25,0.25,0.0,93.09,
ERCOT,92.5,6,67,27,0,117,0.25,0.25,0.5,93.09,
ERCOT,92.5,6,67,27,0,117,0.25,0.5,0.0,93.09,
ERCOT,92.5,6,67,27,0,117,0.25,0.5,0.5,93.09,
ERCOT,92.5,6,67,27,0,117,0.25,0.75,0.0,93.09,
ERCOT,92.5,6,67,27,0,117,0.25,0.75,0.5,93.09,
ERCOT,92.5,6,67,27,0,117,0.25,1.0,0.0,93.09,
ERCOT,92.5,6,67,27,0,117,0.25,1.0,0.5,93.09,
ERCOT,92.5,6,67,27,0,117,0.5,0.0,0.0,93.09,
ERCOT,92.5,6,67,27,0,117,0.5,0.0,0.5,93.09,
ERCOT,92.5,6,67,27,0,117,0.5,0.25,0.0,93.09,
ERCOT,92.5,6,67,27,0,117,0.5,0.25,0.5,93.09,
ERCOT,92.5,6,67,27,0,117,0.5,0.5,0.0,93.09,
ERCOT,92.5,6,67,27,0,117,0.5,0.5,0.5,93.09,
ERCOT,92.5,6,67,27,0,117,0.5,0.75,0.0,93.09,
ERCOT,92.5,6,67,27,0,117,0.5,0.75,0.5,93.09,
ERCOT,92.5,6,67,27,0,117,0.5,1.0,0.0,93.09,
ERCOT,92.5,6,67,27,0,117,0.5,1.0,0.5,93.09,
ERCOT,92.5,6,68,26,0,217,0.0,0.0,0.5,93.26,
ERCOT,92.5,6,68,26,0,182,0.0,0.0,1.0,93.03,
ERCOT,92.5,6,68,26,0,157,0.0,0.0,1.5,93.46,
ERCOT,92.5,6,68,26,0,142,0.0,0.0,2.0,93.73,
ERCOT,92.5,6,68,26,0,137,0.0,0.0,2.5,93.58,
ERCOT,92.5,6,68,26,0,117,0.0,0.25,0.0,92.74,
ERCOT,92.5,6,68,26,0,117,0.0,0.25,0.5,93.04,
ERCOT,92.5,6,68,26,0,117,0.0,0.5,0.0,93.05,
ERCOT,92.5,6,68,26,0,117,0.0,0.5,0.5,93.05,
ERCOT,92.5,6,68,26,0,117,0.0,0.75,0.0,93.05,
ERCOT,92.5,6,68,26,0,117,0.0,0.75,0.5,93.05,
ERCOT,92.5,6,68,26,0,117,0.0,1.0,0.0,93.05,
ERCOT,92.5,6,68,26,0,117,0.0,1.0,0.5,93.05,
ERCOT,92.5,6,68,26,0,117,0.25,0.0,0.0,92.91,
ERCOT,92.5,6,68,26,0,117,0.25,0.0,0.5,92.91,
ERCOT,92.5,6,68,26,0,117,0.25,0.25,0.0,92.91,
ERCOT,92.5,6,68,26,0,117,0.25,0.25,0.5,92.91,
ERCOT,92.5,6,68,26,0,117,0.25,0.5,0.0,92.91,
ERCOT,92.5,6,68,26,0,117,0.25,0.5,0.5,92.91,
ERCOT,92.5,6,68,26,0,117,0.25,0.75,0.0,92.91,
ERCOT,92.5,6,68,26,0,117,0.25,0.75,0.5,92.91,
ERCOT,92.5,6,68,26,0,117,0.25,1.0,0.0,92.91,
ERCOT,92.5,6,68,26,0,117,0.25,1.0,0.5,92.91,
ERCOT,92.5,6,68,26,0,117,0.5,0.0,0.0,92.91,
ERCOT,92.5,6,68,26,0,117,0.5,0.0,0.5,92.91,
ERCOT,92.5,6,68,26,0,117,0.5,0.25,0.0,92.91,
ERCOT,92.5,6,68,26,0,117,0.5,0.25,0.5,92.91,
ERCOT,92.5,6,68,26,0,117,0.5,0.5,0.0,92.91,
ERCOT,92.5,6,68,26,0,117,0.5,0.5,0.5,92.91,
ERCOT,92.5,6,68,26,0,117,0.5,0.75,0.0,92.91,
ERCOT,92.5,6,68,26,0,117,0.5,0.75,0.5,92.91,
ERCOT,92.5,6,68,26,0,117,0.5,1.0,0.0,92.91,
ERCOT,92.5,6,68,26,0,117,0.5,1.0,0.5,92.91,
ERCOT,92.5,7,61,32,0,222,0.0,0.0,0.0,93.0,
ERCOT,92.5,7,62,31,0,227,0.0,0.0,0.0,92.92,
ERCOT,92.5,7,63,30,0,232,0.0,0.0,0.0,92.81,
ERCOT,92.5,7,64,29,0,237,0.0,0.0,0.0,92.68,
ERCOT,92.5,7,65,28,0,242,0.0,0.0,0.0,92.5,
ERCOT,92.5,7,66,27,0,250,0.0,0.0,0.0,92.62,
ERCOT,92.5,7,67,26,0,207,0.0,0.0,0.5,92.61,
ERCOT,92.5,7,67,26,0,177,0.0,0.0,1.0,92.98,
ERCOT,92.5,7,67,26,0,152,0.0,0.0,1.5,93.16,
ERCOT,92.5,7,67,26,0,137,0.0,0.0,2.0,92.88,
ERCOT,92.5,7,67,26,0,137,0.0,0.0,2.5,93.98,
ERCOT,92.5,7,67,26,0,117,0.0,0.25,0.0,93.02,
ERCOT,92.5,7,67,26,0,117,0.0,0.25,0.5,93.28,
ERCOT,92.5,7,67,26,0,117,0.0,0.5,0.0,93.23,
ERCOT,92.5,7,67,26,0,117,0.0,0.5,0.5,93.23,
ERCOT,92.5,7,67,26,0,117,0.0,0.75,0.0,93.23,
ERCOT,92.5,7,67,26,0,117,0.0,0.75,0.5,93.23,
ERCOT,92.5,7,67,26,0,117,0.0,1.0,0.0,93.23,
ERCOT,92.5,7,67,26,0,117,0.0,1.0,0.5,93.23,
ERCOT,92.5,7,67,26,0,117,0.25,0.0,0.0,93.09,
ERCOT,92.5,7,67,26,0,117,0.25,0.0,0.5,93.09,
ERCOT,92.5,7,67,26,0,117,0.25,0.25,0.0,93.09,
ERCOT,92.5,7,67,26,0,117,0.25,0.25,0.5,93.09,
ERCOT,92.5,7,67,26,0,117,0.25,0.5,0.0,93.09,
ERCOT,92.5,7,67,26,0,117,0.25,0.5,0.5,93.09,
ERCOT,92.5,7,67,26,0,117,0.25,0.75,0.0,93.09,
ERCOT,92.5,7,67,26,0,117,0.25,0.75,0.5,93.09,
ERCOT,92.5,7,67,26,0,117,0.25,1.0,0.0,93.09,
ERCOT,92.5,7,67,26,0,117,0.25,1.0,0.5,93.09,
ERCOT,92.5,7,67,26,0,117,0.5,0.0,0.0,93.09,
ERCOT,92.5,7,67,26,0,117,0.5,0.0,0.5,93.09,
ERCOT,92.5,7,67,26,0,117,0.5,0.25,0.0,93.09,
ERCOT,92.5,7,67,26,0,117,0.5,0.25,0.5,93.09,
ERCOT,92.5,7,67,26,0,117,0.5,0.5,0.0,93.09,
ERCOT,92.5,7,67,26,0,117,0.5,0.5,0.5,93.09,
ERCOT,92.5,7,67,26,0,117,0.5,0.75,0.0,93.09,
ERCOT,92.5,7,67,26,0,117,0.5,0.75,0.5,93.09,
ERCOT,92.5,7,67,26,0,117,0.5,1.0,0.0,93.09,
ERCOT,92.5,7,67,26,0,117,0.5,1.0,0.5,93.09,
ERCOT,92.5,8,61,31,0,222,0.0,0.0,0.0,93.02,
ERCOT,92.5,8,62,30,0,227,0.0,0.0,0.0,92.95,
ERCOT,92.5,8,63,29,0,232,0.0,0.0,0.0,92.84,
ERCOT,92.5,8,64,28,0,237,0.0,0.0,0.0,92.7,
ERCOT,92.5,8,65,27,0,242,0.0,0.0,0.0,92.52,
ERCOT,92.5,8,66,26,0,250,0.0,0.0,0.0,92.64,
ERCOT,92.5,9,61,30,0,222,0.0,0.0,0.0,93.05,
ERCOT,92.5,9,62,29,0,227,0.0,0.0,0.0,92.97,
ERCOT,92.5,9,63,28,0,232,0.0,0.0,0.0,92.86,
ERCOT,92.5,9,64,27,0,237,0.0,0.0,0.0,92.72,
ERCOT,92.5,9,65,26,0,242,0.0,0.0,0.0,92.53,
ERCOT,92.5,46,40,14,0,147,0.0,0.0,0.0,92.98,
ERCOT,92.5,46,41,13,0,152,0.0,0.0,0.0,93.58,
ERCOT,92.5,46,42,12,0,152,0.0,0.0,0.0,92.9,
ERCOT,92.5,46,43,11,0,157,0.0,0.0,0.0,93.44,
ERCOT,92.5,46,44,10,0,157,0.0,0.0,0.0,92.72,
ERCOT,92.5,47,39,14,0,147,0.0,0.0,0.0,93.57,
ERCOT,92.5,47,40,13,0,147,0.0,0.0,0.0,92.93,
ERCOT,92.5,47,41,12,0,152,0.0,0.0,0.0,93.52,
ERCOT,92.5,47,42,11,0,152,0.0,0.0,0.0,92.84,
ERCOT,92.5,47,43,10,0,157,0.0,0.0,0.0,93.37,
ERCOT,92.5,47,44,9,0,157,0.0,0.0,0.0,92.64,
ERCOT,92.5,48,38,14,0,142,0.0,0.0,0.0,92.85,
ERCOT,92.5,48,39,13,0,147,0.0,0.0,0.0,93.52,
ERCOT,92.5,48,40,12,0,147,0.0,0.0,0.0,92.86,
ERCOT,92.5,48,41,11,0,152,0.0,0.0,0.0,93.47,
ERCOT,92.5,48,42,10,0,152,0.0,0.0,0.0,92.77,
ERCOT,92.5,48,43,9,0,157,0.0,0.0,0.0,93.3,
ERCOT,92.5,48,44,8,0,157,0.0,0.0,0.0,92.55,
ERCOT,92.5,49,37,14,0,142,0.0,0.0,0.0,93.43,
ERCOT,92.5,49,38,13,0,142,0.0,0.0,0.0,92.8,
ERCOT,92.5,49,39,12,0,147,0.0,0.0,0.0,93.47,
ERCOT,92.5,49,40,11,0,147,0.0,0.0,0.0,92.8,
ERCOT,92.5,49,41,10,0,152,0.0,0.0,0.0,93.4,
ERCOT,92.5,49,42,9,0,152,0.0,0.0,0.0,92.69,
ERCOT,92.5,49,43,8,0,157,0.0,0.0,0.0,93.23,
ERCOT,92.5,49,44,7,0,162,0.0,0.0,0.0,93.7,
ERCOT,92.5,50,36,14,0,137,0.0,0.0,0.0,92.63,
ERCOT,92.5,50,37,13,0,142,0.0,0.0,0.0,93.38,
ERCOT,92.5,50,38,12,0,142,0.0,0.0,0.0,92.73,
ERCOT,92.5,50,39,11,0,147,0.0,0.0,0.0,93.41,
ERCOT,92.5,50,41,9,0,152,0.0,0.0,0.0,93.34,
ERCOT,92.5,50,42,8,0,152,0.0,0.0,0.0,92.61,
ERCOT,92.5,50,43,7,0,157,0.0,0.0,0.0,93.15,
ERCOT,92.5,50,44,6,0,162,0.0,0.0,0.0,93.62,
ERCOT,92.5,51,36,13,0,137,0.0,0.0,0.0,92.57,
ERCOT,92.5,51,37,12,0,142,0.0,0.0,0.0,93.32,
ERCOT,92.5,51,38,11,0,142,0.0,0.0,0.0,92.67,
ERCOT,92.5,51,39,10,0,147,0.0,0.0,0.0,93.35,
ERCOT,92.5,52,36,12,0,137,0.0,0.0,0.0,92.51,
ERCOT,92.5,52,37,11,0,142,0.0,0.0,0.0,93.26,
ERCOT,92.5,52,38,10,0,142,0.0,0.0,0.0,92.6,
ERCOT,92.5,53,36,11,0,142,0.0,0.0,0.0,93.83,
ERCOT,92.5,53,37,10,0,142,0.0,0.0,0.0,93.2,
ERCOT,92.5,54,36,10,0,142,0.0,0.0,0.0,93.78,
ERCOT,92.5,61,19,20,0,112,0.0,0.0,0.0,93.13,
ERCOT,92.5,62,18,20,0,112,0.0,0.0,0.0,93.45,
ERCOT,92.5,62,19,19,0,112,0.0,0.0,0.0,93.11,
ERCOT,92.5,63,17,20,0,112,0.0,0.0,0.0,93.73,
ERCOT,92.5,63,18,19,0,112,0.0,0.0,0.0,93.44,
ERCOT,92.5,63,19,18,0,112,0.0,0.0,0.0,93.09,
ERCOT,92.5,64,16,20,0,112,0.0,0.0,0.0,93.97,
ERCOT,92.5,64,17,19,0,112,0.0,0.0,0.0,93.72,
ERCOT,92.5,64,18,18,0,112,0.0,0.0,0.0,93.42,
ERCOT,92.5,64,19,17,0,112,0.0,0.0,0.0,93.06,
ERCOT,92.5,65,11,24,0,112,0.0,0.0,0.0,94.43,
ERCOT,92.5,65,12,23,0,112,0.0,0.0,0.0,94.44,
ERCOT,92.5,65,13,22,0,112,0.0,0.0,0.0,94.4,
ERCOT,92.5,65,14,21,0,112,0.0,0.0,0.0,94.31,
ERCOT,92.5,65,16,19,0,112,0.0,0.0,0.0,93.97,
ERCOT,92.5,65,17,18,0,112,0.0,0.0,0.0,93.71,
ERCOT,92.5,65,18,17,0,112,0.0,0.0,0.0,93.4,
ERCOT,92.5,65,19,16,0,112,0.0,0.0,0.0,93.03,
ERCOT,92.5,66,15,19,0,112,0.0,0.0,0.0,94.17,
ERCOT,92.5,66,16,18,0,112,0.0,0.0,0.0,93.97,
ERCOT,92.5,66,17,17,0,112,0.0,0.0,0.0,93.7,
ERCOT,92.5,66,18,16,0,112,0.0,0.0,0.0,93.38,
ERCOT,92.5,67,15,18,0,112,0.0,0.0,0.0,94.18,
ERCOT,92.5,67,16,17,0,112,0.0,0.0,0.0,93.96,
ERCOT,92.5,67,17,16,0,112,0.0,0.0,0.0,93.69,
ERCOT,92.5,68,15,17,0,112,0.0,0.0,0.0,94.18,
ERCOT,92.5,68,16,16,0,112,0.0,0.0,0.0,93.95,
ERCOT,92.5,69,15,16,0,112,0.0,0.0,0.0,94.18,
ERCOT,92.5,1,70,29,0,227,0.0,0.0,0.5,93.04,
ERCOT,92.5,1,70,29,0,192,0.0,0.0,1.0,93.25,
ERCOT,92.5,1,70,29,0,162,0.0,0.0,1.5,93.19,
ERCOT,92.5,1,70,29,0,142,0.0,0.0,2.0,92.83,
ERCOT,92.5,1,70,29,0,137,0.0,0.0,2.5,92.91,
ERCOT,92.5,1,70,29,0,122,0.0,0.25,0.0,93.6,
ERCOT,92.5,1,70,29,0,117,0.0,0.25,0.5,92.56,
ERCOT,92.5,1,70,29,0,117,0.0,0.25,1.0,92.85,
ERCOT,92.5,1,70,29,0,117,0.0,0.5,0.0,92.66,
ERCOT,92.5,1,70,29,0,117,0.0,0.5,0.5,92.66,
ERCOT,92.5,1,70,29,0,117,0.0,0.75,0.0,92.66,
ERCOT,92.5,1,70,29,0,117,0.0,0.75,0.5,92.66,
ERCOT,92.5,1,70,29,0,117,0.0,1.0,0.0,92.66,
ERCOT,92.5,1,70,29,0,117,0.0,1.0,0.5,92.66,
ERCOT,92.5,1,70,29,0,117,0.25,0.0,0.0,92.52,
ERCOT,92.5,1,70,29,0,117,0.25,0.0,0.5,92.52,
ERCOT,92.5,1,70,29,0,117,0.25,0.25,0.0,92.52,
ERCOT,92.5,1,70,29,0,117,0.25,0.25,0.5,92.52,
ERCOT,92.5,1,70,29,0,117,0.25,0.5,0.0,92.52,
ERCOT,92.5,1,70,29,0,117,0.25,0.5,0.5,92.52,
ERCOT,92.5,1,70,29,0,117,0.25,0.75,0.0,92.52,
ERCOT,92.5,1,70,29,0,117,0.25,0.75,0.5,92.52,
ERCOT,92.5,1,70,29,0,117,0.25,1.0,0.0,92.52,
ERCOT,92.5,1,70,29,0,117,0.25,1.0,0.5,92.52,
ERCOT,92.5,1,70,29,0,117,0.5,0.0,0.0,92.52,
ERCOT,92.5,1,70,29,0,117,0.5,0.0,0.5,92.52,
ERCOT,92.5,1,70,29,0,117,0.5,0.25,0.0,92.52,
ERCOT,92.5,1,70,29,0,117,0.5,0.25,0.5,92.52,
ERCOT,92.5,1,70,29,0,117,0.5,0.5,0.0,92.52,
ERCOT,92.5,1,70,29,0,117,0.5,0.5,0.5,92.52,
ERCOT,92.5,1,70,29,0,117,0.5,0.75,0.0,92.52,
ERCOT,92.5,1,70,29,0,117,0.5,0.75,0.5,92.52,
ERCOT,92.5,1,70,29,0,117,0.5,1.0,0.0,92.52,
ERCOT,92.5,1,70,29,0,117,0.5,1.0,0.5,92.52,
ERCOT,92.5,2,70,28,0,227,0.0,0.0,0.5,92.99,
ERCOT,92.5,2,70,28,0,192,0.0,0.0,1.0,93.17,
ERCOT,92.5,2,70,28,0,162,0.0,0.0,1.5,93.11,
ERCOT,92.5,2,70,28,0,142,0.0,0.0,2.0,92.78,
ERCOT,92.5,2,70,28,0,137,0.0,0.0,2.5,92.86,
ERCOT,92.5,2,70,28,0,122,0.0,0.25,0.0,93.59,
ERCOT,92.5,2,70,28,0,117,0.0,0.25,0.5,92.56,
ERCOT,92.5,2,70,28,0,117,0.0,0.25,1.0,92.85,
ERCOT,92.5,2,70,28,0,117,0.0,0.5,0.0,92.67,
ERCOT,92.5,2,70,28,0,117,0.0,0.5,0.5,92.67,
ERCOT,92.5,2,70,28,0,117,0.0,0.75,0.0,92.67,
ERCOT,92.5,2,70,28,0,117,0.0,0.75,0.5,92.67,
ERCOT,92.5,2,70,28,0,117,0.0,1.0,0.0,92.67,
ERCOT,92.5,2,70,28,0,117,0.0,1.0,0.5,92.67,
ERCOT,92.5,2,70,28,0,117,0.25,0.0,0.0,92.52,
ERCOT,92.5,2,70,28,0,117,0.25,0.0,0.5,92.52,
ERCOT,92.5,2,70,28,0,117,0.25,0.25,0.0,92.52,
ERCOT,92.5,2,70,28,0,117,0.25,0.25,0.5,92.52,
ERCOT,92.5,2,70,28,0,117,0.25,0.5,0.0,92.52,
ERCOT,92.5,2,70,28,0,117,0.25,0.5,0.5,92.52,
ERCOT,92.5,2,70,28,0,117,0.25,0.75,0.0,92.52,
ERCOT,92.5,2,70,28,0,117,0.25,0.75,0.5,92.52,
ERCOT,92.5,2,70,28,0,117,0.25,1.0,0.0,92.52,
ERCOT,92.5,2,70,28,0,117,0.25,1.0,0.5,92.52,
ERCOT,92.5,2,70,28,0,117,0.5,0.0,0.0,92.52,
ERCOT,92.5,2,70,28,0,117,0.5,0.0,0.5,92.52,
ERCOT,92.5,2,70,28,0,117,0.5,0.25,0.0,92.52,
ERCOT,92.5,2,70,28,0,117,0.5,0.25,0.5,92.52,
ERCOT,92.5,2,70,28,0,117,0.5,0.5,0.0,92.52,
ERCOT,92.5,2,70,28,0,117,0.5,0.5,0.5,92.52,
ERCOT,92.5,2,70,28,0,117,0.5,0.75,0.0,92.52,
ERCOT,92.5,2,70,28,0,117,0.5,0.75,0.5,92.52,
ERCOT,92.5,2,70,28,0,117,0.5,1.0,0.0,92.52,
ERCOT,92.5,2,70,28,0,117,0.5,1.0,0.5,92.52,
ERCOT,92.5,3,70,27,0,227,0.0,0.0,0.5,92.91,
ERCOT,92.5,3,70,27,0,192,0.0,0.0,1.0,93.08,
ERCOT,92.5,3,70,27,0,162,0.0,0.0,1.5,93.03,
ERCOT,92.5,3,70,27,0,142,0.0,0.0,2.0,92.71,
ERCOT,92.5,3,70,27,0,137,0.0,0.0,2.5,92.81,
ERCOT,92.5,3,70,27,0,122,0.0,0.25,0.0,93.58,
ERCOT,92.5,3,70,27,0,117,0.0,0.25,0.5,92.56,
ERCOT,92.5,3,70,27,0,117,0.0,0.25,1.0,92.85,
ERCOT,92.5,3,70,27,0,117,0.0,0.5,0.0,92.68,
ERCOT,92.5,3,70,27,0,117,0.0,0.5,0.5,92.68,
ERCOT,92.5,3,70,27,0,117,0.0,0.75,0.0,92.68,
ERCOT,92.5,3,70,27,0,117,0.0,0.75,0.5,92.68,
ERCOT,92.5,3,70,27,0,117,0.0,1.0,0.0,92.68,
ERCOT,92.5,3,70,27,0,117,0.0,1.0,0.5,92.68,
ERCOT,92.5,3,70,27,0,117,0.25,0.0,0.0,92.53,
ERCOT,92.5,3,70,27,0,117,0.25,0.0,0.5,92.53,
ERCOT,92.5,3,70,27,0,117,0.25,0.25,0.0,92.53,
ERCOT,92.5,3,70,27,0,117,0.25,0.25,0.5,92.53,
ERCOT,92.5,3,70,27,0,117,0.25,0.5,0.0,92.53,
ERCOT,92.5,3,70,27,0,117,0.25,0.5,0.5,92.53,
ERCOT,92.5,3,70,27,0,117,0.25,0.75,0.0,92.53,
ERCOT,92.5,3,70,27,0,117,0.25,0.75,0.5,92.53,
ERCOT,92.5,3,70,27,0,117,0.25,1.0,0.0,92.53,
ERCOT,92.5,3,70,27,0,117,0.25,1.0,0.5,92.53,
ERCOT,92.5,3,70,27,0,117,0.5,0.0,0.0,92.53,
ERCOT,92.5,3,70,27,0,117,0.5,0.0,0.5,92.53,
ERCOT,92.5,3,70,27,0,117,0.5,0.25,0.0,92.53,
ERCOT,92.5,3,70,27,0,117,0.5,0.25,0.5,92.53,
ERCOT,92.5,3,70,27,0,117,0.5,0.5,0.0,92.53,
ERCOT,92.5,3,70,27,0,117,0.5,0.5,0.5,92.53,
ERCOT,92.5,3,70,27,0,117,0.5,0.75,0.0,92.53,
ERCOT,92.5,3,70,27,0,117,0.5,0.75,0.5,92.53,
ERCOT,92.5,3,70,27,0,117,0.5,1.0,0.0,92.53,
ERCOT,92.5,3,70,27,0,117,0.5,1.0,0.5,92.53,
ERCOT,92.5,4,70,26,0,227,0.0,0.0,0.5,92.83,
ERCOT,92.5,4,70,26,0,192,0.0,0.0,1.0,92.99,
ERCOT,92.5,4,70,26,0,162,0.0,0.0,1.5,92.95,
ERCOT,92.5,4,70,26,0,142,0.0,0.0,2.0,92.65,
ERCOT,92.5,4,70,26,0,137,0.0,0.0,2.5,92.76,
ERCOT,92.5,4,70,26,0,122,0.0,0.25,0.0,93.57,
ERCOT,92.5,4,70,26,0,117,0.0,0.25,0.5,92.56,
ERCOT,92.5,4,70,26,0,117,0.0,0.25,1.0,92.85,
ERCOT,92.5,4,70,26,0,117,0.0,0.5,0.0,92.68,
ERCOT,92.5,4,70,26,0,117,0.0,0.5,0.5,92.68,
ERCOT,92.5,4,70,26,0,117,0.0,0.75,0.0,92.68,
ERCOT,92.5,4,70,26,0,117,0.0,0.75,0.5,92.68,
ERCOT,92.5,4,70,26,0,117,0.0,1.0,0.0,92.68,
ERCOT,92.5,4,70,26,0,117,0.0,1.0,0.5,92.68,
ERCOT,92.5,4,70,26,0,117,0.25,0.0,0.0,92.53,
ERCOT,92.5,4,70,26,0,117,0.25,0.0,0.5,92.53,
ERCOT,92.5,4,70,26,0,117,0.25,0.25,0.0,92.53,
ERCOT,92.5,4,70,26,0,117,0.25,0.25,0.5,92.53,
ERCOT,92.5,4,70,26,0,117,0.25,0.5,0.0,92.53,
ERCOT,92.5,4,70,26,0,117,0.25,0.5,0.5,92.53,
ERCOT,92.5,4,70,26,0,117,0.25,0.75,0.0,92.53,
ERCOT,92.5,4,70,26,0,117,0.25,0.75,0.5,92.53,
ERCOT,92.5,4,70,26,0,117,0.25,1.0,0.0,92.53,
ERCOT,92.5,4,70,26,0,117,0.25,1.0,0.5,92.53,
ERCOT,92.5,4,70,26,0,117,0.5,0.0,0.0,92.53,
ERCOT,92.5,4,70,26,0,117,0.5,0.0,0.5,92.53,
ERCOT,92.5,4,70,26,0,117,0.5,0.25,0.0,92.53,
ERCOT,92.5,4,70,26,0,117,0.5,0.25,0.5,92.53,
ERCOT,92.5,4,70,26,0,117,0.5,0.5,0.0,92.53,
ERCOT,92.5,4,70,26,0,117,0.5,0.5,0.5,92.53,
ERCOT,92.5,4,70,26,0,117,0.5,0.75,0.0,92.53,
ERCOT,92.5,4,70,26,0,117,0.5,0.75,0.5,92.53,
ERCOT,92.5,4,70,26,0,117,0.5,1.0,0.0,92.53,
ERCOT,92.5,4,70,26,0,117,0.5,1.0,0.5,92.53,
ERCOT,92.5,5,71,24,0,237,0.0,0.0,0.5,93.07,
ERCOT,92.5,5,71,24,0,197,0.0,0.0,1.0,92.7,
ERCOT,92.5,5,71,24,0,167,0.0,0.0,1.5,92.92,
ERCOT,92.5,5,71,24,0,147,0.0,0.0,2.0,93.13,
ERCOT,92.5,5,71,24,0,142,0.0,0.0,2.5,93.9,
ERCOT,92.5,5,71,24,0,122,0.0,0.25,0.0,93.18,
ERCOT,92.5,5,71,24,0,122,0.0,0.25,0.5,93.92,
ERCOT,92.5,5,71,24,0,117,0.0,0.5,0.0,92.5,
ERCOT,92.5,5,71,24,0,117,0.0,0.5,0.5,92.5,
ERCOT,92.5,5,71,24,0,117,0.0,0.75,0.0,92.5,
ERCOT,92.5,5,71,24,0,117,0.0,0.75,0.5,92.5,
ERCOT,92.5,5,71,24,0,117,0.0,1.0,0.0,92.5,
ERCOT,92.5,5,71,24,0,117,0.0,1.0,0.5,92.5,
ERCOT,92.5,5,71,24,0,122,0.25,0.0,0.0,93.96,
ERCOT,92.5,5,71,24,0,122,0.25,0.0,0.5,93.96,
ERCOT,92.5,5,71,24,0,122,0.25,0.25,0.0,93.96,
ERCOT,92.5,5,71,24,0,122,0.25,0.25,0.5,93.96,
ERCOT,92.5,5,71,24,0,122,0.25,0.5,0.0,93.96,
ERCOT,92.5,5,71,24,0,122,0.25,0.5,0.5,93.96,
ERCOT,92.5,5,71,24,0,122,0.25,0.75,0.0,93.96,
ERCOT,92.5,5,71,24,0,122,0.25,0.75,0.5,93.96,
ERCOT,92.5,5,71,24,0,122,0.25,1.0,0.0,93.96,
ERCOT,92.5,5,71,24,0,122,0.25,1.0,0.5,93.96,
ERCOT,92.5,5,71,24,0,122,0.5,0.0,0.0,93.96,
ERCOT,92.5,5,71,24,0,122,0.5,0.0,0.5,93.96,
ERCOT,92.5,5,71,24,0,122,0.5,0.25,0.0,93.96,
ERCOT,92.5,5,71,24,0,122,0.5,0.25,0.5,93.96,
ERCOT,92.5,5,71,24,0,122,0.5,0.5,0.0,93.96,
ERCOT,92.5,5,71,24,0,122,0.5,0.5,0.5,93.96,
ERCOT,92.5,5,71,24,0,122,0.5,0.75,0.0,93.96,
ERCOT,92.5,5,71,24,0,122,0.5,0.75,0.5,93.96,
ERCOT,92.5,5,71,24,0,122,0.5,1.0,0.0,93.96,
ERCOT,92.5,5,71,24,0,122,0.5,1.0,0.5,93.96,
ERCOT,92.5,5,72,23,0,242,0.0,0.0,0.5,92.61,
ERCOT,92.5,5,72,23,0,207,0.0,0.0,1.0,93.21,
ERCOT,92.5,5,72,23,0,172,0.0,0.0,1.5,92.9,
ERCOT,92.5,5,72,23,0,152,0.0,0.0,2.0,93.51,
ERCOT,92.5,5,72,23,0,142,0.0,0.0,2.5,93.38,
ERCOT,92.5,5,72,23,0,122,0.0,0.25,0.0,92.77,
ERCOT,92.5,5,72,23,0,122,0.0,0.25,0.5,93.58,
ERCOT,92.5,5,72,23,0,122,0.0,0.5,0.0,93.84,
ERCOT,92.5,5,72,23,0,122,0.0,0.5,0.5,93.84,
ERCOT,92.5,5,72,23,0,122,0.0,0.75,0.0,93.84,
ERCOT,92.5,5,72,23,0,122,0.0,0.75,0.5,93.84,
ERCOT,92.5,5,72,23,0,122,0.0,1.0,0.0,93.84,
ERCOT,92.5,5,72,23,0,122,0.0,1.0,0.5,93.84,
ERCOT,92.5,5,72,23,0,122,0.25,0.0,0.0,93.75,
ERCOT,92.5,5,72,23,0,122,0.25,0.0,0.5,93.75,
ERCOT,92.5,5,72,23,0,122,0.25,0.25,0.0,93.75,
ERCOT,92.5,5,72,23,0,122,0.25,0.25,0.5,93.75,
ERCOT,92.5,5,72,23,0,122,0.25,0.5,0.0,93.75,
ERCOT,92.5,5,72,23,0,122,0.25,0.5,0.5,93.75,
ERCOT,92.5,5,72,23,0,122,0.25,0.75,0.0,93.75,
ERCOT,92.5,5,72,23,0,122,0.25,0.75,0.5,93.75,
ERCOT,92.5,5,72,23,0,122,0.25,1.0,0.0,93.75,
ERCOT,92.5,5,72,23,0,122,0.25,1.0,0.5,93.75,
ERCOT,92.5,5,72,23,0,122,0.5,0.0,0.0,93.75,
ERCOT,92.5,5,72,23,0,122,0.5,0.0,0.5,93.75,
ERCOT,92.5,5,72,23,0,122,0.5,0.25,0.0,93.75,
ERCOT,92.5,5,72,23,0,122,0.5,0.25,0.5,93.75,
ERCOT,92.5,5,72,23,0,122,0.5,0.5,0.0,93.75,
ERCOT,92.5,5,72,23,0,122,0.5,0.5,0.5,93.75,
ERCOT,92.5,5,72,23,0,122,0.5,0.75,0.0,93.75,
ERCOT,92.5,5,72,23,0,122,0.5,0.75,0.5,93.75,
ERCOT,92.5,5,72,23,0,122,0.5,1.0,0.0,93.75,
ERCOT,92.5,5,72,23,0,122,0.5,1.0,0.5,93.75,
ERCOT,92.5,5,73,22,0,250,0.0,0.0,0.5,92.5,
ERCOT,92.5,5,73,22,0,212,0.0,0.0,1.0,92.87,
ERCOT,92.5,5,73,22,0,177,0.0,0.0,1.5,92.82,
ERCOT,92.5,5,73,22,0,152,0.0,0.0,2.0,92.81,
ERCOT,92.5,5,73,22,0,142,0.0,0.0,2.5,92.85,
ERCOT,92.5,5,73,22,0,127,0.0,0.25,0.0,93.55,
ERCOT,92.5,5,73,22,0,122,0.0,0.25,0.5,93.21,
ERCOT,92.5,5,73,22,0,122,0.0,0.25,1.0,93.97,
ERCOT,92.5,5,73,22,0,122,0.0,0.5,0.0,93.64,
ERCOT,92.5,5,73,22,0,122,0.0,0.5,0.5,93.64,
ERCOT,92.5,5,73,22,0,122,0.0,0.75,0.0,93.64,
ERCOT,92.5,5,73,22,0,122,0.0,0.75,0.5,93.64,
ERCOT,92.5,5,73,22,0,122,0.0,1.0,0.0,93.64,
ERCOT,92.5,5,73,22,0,122,0.0,1.0,0.5,93.64,
ERCOT,92.5,5,73,22,0,122,0.25,0.0,0.0,93.55,
ERCOT,92.5,5,73,22,0,122,0.25,0.0,0.5,93.55,
ERCOT,92.5,5,73,22,0,122,0.25,0.25,0.0,93.55,
ERCOT,92.5,5,73,22,0,122,0.25,0.25,0.5,93.55,
ERCOT,92.5,5,73,22,0,122,0.25,0.5,0.0,93.55,
ERCOT,92.5,5,73,22,0,122,0.25,0.5,0.5,93.55,
ERCOT,92.5,5,73,22,0,122,0.25,0.75,0.0,93.55,
ERCOT,92.5,5,73,22,0,122,0.25,0.75,0.5,93.55,
ERCOT,92.5,5,73,22,0,122,0.25,1.0,0.0,93.55,
ERCOT,92.5,5,73,22,0,122,0.25,1.0,0.5,93.55,
ERCOT,92.5,5,73,22,0,122,0.5,0.0,0.0,93.55,
ERCOT,92.5,5,73,22,0,122,0.5,0.0,0.5,93.55,
ERCOT,92.5,5,73,22,0,122,0.5,0.25,0.0,93.55,
ERCOT,92.5,5,73,22,0,122,0.5,0.25,0.5,93.55,
ERCOT,92.5,5,73,22,0,122,0.5,0.5,0.0,93.55,
ERCOT,92.5,5,73,22,0,122,0.5,0.5,0.5,93.55,
ERCOT,92.5,5,73,22,0,122,0.5,0.75,0.0,93.55,
ERCOT,92.5,5,73,22,0,122,0.5,0.75,0.5,93.55,
ERCOT,92.5,5,73,22,0,122,0.5,1.0,0.0,93.55,
ERCOT,92.5,5,73,22,0,122,0.5,1.0,0.5,93.55,
ERCOT,92.5,5,74,21,0,222,0.0,0.0,1.0,93.18,
ERCOT,92.5,5,74,21,0,182,0.0,0.0,1.5,92.67,
ERCOT,92.5,5,74,21,0,157,0.0,0.0,2.0,93.06,
ERCOT,92.5,5,74,21,0,147,0.0,0.0,2.5,93.67,
ERCOT,92.5,5,74,21,0,127,0.0,0.25,0.0,93.12,
ERCOT,92.5,5,74,21,0,122,0.0,0.25,0.5,92.82,
ERCOT,92.5,5,74,21,0,122,0.0,0.25,1.0,93.63,
ERCOT,92.5,5,74,21,0,122,0.0,0.5,0.0,93.44,
ERCOT,92.5,5,74,21,0,122,0.0,0.5,0.5,93.44,
ERCOT,92.5,5,74,21,0,122,0.0,0.75,0.0,93.44,
ERCOT,92.5,5,74,21,0,122,0.0,0.75,0.5,93.44,
ERCOT,92.5,5,74,21,0,122,0.0,1.0,0.0,93.44,
ERCOT,92.5,5,74,21,0,122,0.0,1.0,0.5,93.44,
ERCOT,92.5,5,74,21,0,122,0.25,0.0,0.0,93.34,
ERCOT,92.5,5,74,21,0,122,0.25,0.0,0.5,93.34,
ERCOT,92.5,5,74,21,0,122,0.25,0.25,0.0,93.34,
ERCOT,92.5,5,74,21,0,122,0.25,0.25,0.5,93.34,
ERCOT,92.5,5,74,21,0,122,0.25,0.5,0.0,93.34,
ERCOT,92.5,5,74,21,0,122,0.25,0.5,0.5,93.34,
ERCOT,92.5,5,74,21,0,122,0.25,0.75,0.0,93.34,
ERCOT,92.5,5,74,21,0,122,0.25,0.75,0.5,93.34,
ERCOT,92.5,5,74,21,0,122,0.25,1.0,0.0,93.34,
ERCOT,92.5,5,74,21,0,122,0.25,1.0,0.5,93.34,
ERCOT,92.5,5,74,21,0,122,0.5,0.0,0.0,93.34,
ERCOT,92.5,5,74,21,0,122,0.5,0.0,0.5,93.34,
ERCOT,92.5,5,74,21,0,122,0.5,0.25,0.0,93.34,
ERCOT,92.5,5,74,21,0,122,0.5,0.25,0.5,93.34,
ERCOT,92.5,5,74,21,0,122,0.5,0.5,0.0,93.34,
ERCOT,92.5,5,74,21,0,122,0.5,0.5,0.5,93.34,
ERCOT,92.5,5,74,21,0,122,0.5,0.75,0.0,93.34,
ERCOT,92.5,5,74,21,0,122,0.5,0.75,0.5,93.34,
ERCOT,92.5,5,74,21,0,122,0.5,1.0,0.0,93.34,
ERCOT,92.5,5,74,21,0,122,0.5,1.0,0.5,93.34,
ERCOT,92.5,6,69,25,0,222,0.0,0.0,0.5,92.99,
ERCOT,92.5,6,69,25,0,187,0.0,0.0,1.0,92.95,
ERCOT,92.5,6,69,25,0,157,0.0,0.0,1.5,92.66,
ERCOT,92.5,6,69,25,0,142,0.0,0.0,2.0,93.15,
ERCOT,92.5,6,69,25,0,137,0.0,0.0,2.5,93.13,
ERCOT,92.5,6,69,25,0,122,0.0,0.25,0.0,93.91,
ERCOT,92.5,6,69,25,0,117,0.0,0.25,0.5,92.8,
ERCOT,92.5,6,69,25,0,117,0.0,0.25,1.0,93.06,
ERCOT,92.5,6,69,25,0,117,0.0,0.5,0.0,92.87,
ERCOT,92.5,6,69,25,0,117,0.0,0.5,0.5,92.87,
ERCOT,92.5,6,69,25,0,117,0.0,0.75,0.0,92.87,
ERCOT,92.5,6,69,25,0,117,0.0,0.75,0.5,92.87,
ERCOT,92.5,6,69,25,0,117,0.0,1.0,0.0,92.87,
ERCOT,92.5,6,69,25,0,117,0.0,1.0,0.5,92.87,
ERCOT,92.5,6,69,25,0,117,0.25,0.0,0.0,92.72,
ERCOT,92.5,6,69,25,0,117,0.25,0.0,0.5,92.72,
ERCOT,92.5,6,69,25,0,117,0.25,0.25,0.0,92.72,
ERCOT,92.5,6,69,25,0,117,0.25,0.25,0.5,92.72,
ERCOT,92.5,6,69,25,0,117,0.25,0.5,0.0,92.72,
ERCOT,92.5,6,69,25,0,117,0.25,0.5,0.5,92.72,
ERCOT,92.5,6,69,25,0,117,0.25,0.75,0.0,92.72,
ERCOT,92.5,6,69,25,0,117,0.25,0.75,0.5,92.72,
ERCOT,92.5,6,69,25,0,117,0.25,1.0,0.0,92.72,
ERCOT,92.5,6,69,25,0,117,0.25,1.0,0.5,92.72,
ERCOT,92.5,6,69,25,0,117,0.5,0.0,0.0,92.72,
ERCOT,92.5,6,69,25,0,117,0.5,0.0,0.5,92.72,
ERCOT,92.5,6,69,25,0,117,0.5,0.25,0.0,92.72,
ERCOT,92.5,6,69,25,0,117,0.5,0.25,0.5,92.72,
ERCOT,92.5,6,69,25,0,117,0.5,0.5,0.0,92.72,
ERCOT,92.5,6,69,25,0,117,0.5,0.5,0.5,92.72,
ERCOT,92.5,6,69,25,0,117,0.5,0.75,0.0,92.72,
ERCOT,92.5,6,69,25,0,117,0.5,0.75,0.5,92.72,
ERCOT,92.5,6,69,25,0,117,0.5,1.0,0.0,92.72,
ERCOT,92.5,6,69,25,0,117,0.5,1.0,0.5,92.72,
ERCOT,92.5,6,70,24,0,227,0.0,0.0,0.5,92.65,
ERCOT,92.5,6,70,24,0,192,0.0,0.0,1.0,92.8,
ERCOT,92.5,6,70,24,0,162,0.0,0.0,1.5,92.78,
ERCOT,92.5,6,70,24,0,142,0.0,0.0,2.0,92.51,
ERCOT,92.5,6,70,24,0,137,0.0,0.0,2.5,92.66,
ERCOT,92.5,6,70,24,0,122,0.0,0.25,0.0,93.55,
ERCOT,92.5,6,70,24,0,117,0.0,0.25,0.5,92.55,
ERCOT,92.5,6,70,24,0,117,0.0,0.25,1.0,92.85,
ERCOT,92.5,6,70,24,0,117,0.0,0.5,0.0,92.69,
ERCOT,92.5,6,70,24,0,117,0.0,0.5,0.5,92.69,
ERCOT,92.5,6,70,24,0,117,0.0,0.75,0.0,92.69,
ERCOT,92.5,6,70,24,0,117,0.0,0.75,0.5,92.69,
ERCOT,92.5,6,70,24,0,117,0.0,1.0,0.0,92.69,
ERCOT,92.5,6,70,24,0,117,0.0,1.0,0.5,92.69,
ERCOT,92.5,6,70,24,0,117,0.25,0.0,0.0,92.53,
ERCOT,92.5,6,70,24,0,117,0.25,0.0,0.5,92.53,
ERCOT,92.5,6,70,24,0,117,0.25,0.25,0.0,92.53,
ERCOT,92.5,6,70,24,0,117,0.25,0.25,0.5,92.53,
ERCOT,92.5,6,70,24,0,117,0.25,0.5,0.0,92.53,
ERCOT,92.5,6,70,24,0,117,0.25,0.5,0.5,92.53,
ERCOT,92.5,6,70,24,0,117,0.25,0.75,0.0,92.53,
ERCOT,92.5,6,70,24,0,117,0.25,0.75,0.5,92.53,
ERCOT,92.5,6,70,24,0,117,0.25,1.0,0.0,92.53,
ERCOT,92.5,6,70,24,0,117,0.25,1.0,0.5,92.53,
ERCOT,92.5,6,70,24,0,117,0.5,0.0,0.0,92.53,
ERCOT,92.5,6,70,24,0,117,0.5,0.0,0.5,92.53,
ERCOT,92.5,6,70,24,0,117,0.5,0.25,0.0,92.53,
ERCOT,92.5,6,70,24,0,117,0.5,0.25,0.5,92.53,
ERCOT,92.5,6,70,24,0,117,0.5,0.5,0.0,92.53,
ERCOT,92.5,6,70,24,0,117,0.5,0.5,0.5,92.53,
ERCOT,92.5,6,70,24,0,117,0.5,0.75,0.0,92.53,
ERCOT,92.5,6,70,24,0,117,0.5,0.75,0.5,92.53,
ERCOT,92.5,6,70,24,0,117,0.5,1.0,0.0,92.53,
ERCOT,92.5,6,70,24,0,117,0.5,1.0,0.5,92.53,
ERCOT,92.5,6,71,23,0,237,0.0,0.0,0.5,92.98,
ERCOT,92.5,6,71,23,0,197,0.0,0.0,1.0,92.6,
ERCOT,92.5,6,71,23,0,167,0.0,0.0,1.5,92.83,
ERCOT,92.5,6,71,23,0,147,0.0,0.0,2.0,93.06,
ERCOT,92.5,6,71,23,0,142,0.0,0.0,2.5,93.84,
ERCOT,92.5,6,71,23,0,122,0.0,0.25,0.0,93.16,
ERCOT,92.5,6,71,23,0,122,0.0,0.25,0.5,93.91,
ERCOT,92.5,6,71,23,0,117,0.0,0.5,0.0,92.5,
ERCOT,92.5,6,71,23,0,117,0.0,0.5,0.5,92.5,
ERCOT,92.5,6,71,23,0,117,0.0,0.75,0.0,92.5,
ERCOT,92.5,6,71,23,0,117,0.0,0.75,0.5,92.5,
ERCOT,92.5,6,71,23,0,117,0.0,1.0,0.0,92.5,
ERCOT,92.5,6,71,23,0,117,0.0,1.0,0.5,92.5,
ERCOT,92.5,6,71,23,0,122,0.25,0.0,0.0,93.95,
ERCOT,92.5,6,71,23,0,122,0.25,0.0,0.5,93.95,
ERCOT,92.5,6,71,23,0,122,0.25,0.25,0.0,93.95,
ERCOT,92.5,6,71,23,0,122,0.25,0.25,0.5,93.95,
ERCOT,92.5,6,71,23,0,122,0.25,0.5,0.0,93.95,
ERCOT,92.5,6,71,23,0,122,0.25,0.5,0.5,93.95,
ERCOT,92.5,6,71,23,0,122,0.25,0.75,0.0,93.95,
ERCOT,92.5,6,71,23,0,122,0.25,0.75,0.5,93.95,
ERCOT,92.5,6,71,23,0,122,0.25,1.0,0.0,93.95,
ERCOT,92.5,6,71,23,0,122,0.25,1.0,0.5,93.95,
ERCOT,92.5,6,71,23,0,122,0.5,0.0,0.0,93.95,
ERCOT,92.5,6,71,23,0,122,0.5,0.0,0.5,93.95,
ERCOT,92.5,6,71,23,0,122,0.5,0.25,0.0,93.95,
ERCOT,92.5,6,71,23,0,122,0.5,0.25,0.5,93.95,
ERCOT,92.5,6,71,23,0,122,0.5,0.5,0.0,93.95,
ERCOT,92.5,6,71,23,0,122,0.5,0.5,0.5,93.95,
ERCOT,92.5,6,71,23,0,122,0.5,0.75,0.0,93.95,
ERCOT,92.5,6,71,23,0,122,0.5,0.75,0.5,93.95,
ERCOT,92.5,6,71,23,0,122,0.5,1.0,0.0,93.95,
ERCOT,92.5,6,71,23,0,122,0.5,1.0,0.5,93.95,
ERCOT,92.5,6,72,22,0,242,0.0,0.0,0.5,92.51,
ERCOT,92.5,6,72,22,0,207,0.0,0.0,1.0,93.11,
ERCOT,92.5,6,72,22,0,172,0.0,0.0,1.5,92.81,
ERCOT,92.5,6,72,22,0,152,0.0,0.0,2.0,93.45,
ERCOT,92.5,6,72,22,0,142,0.0,0.0,2.5,93.33,
ERCOT,92.5,6,72,22,0,122,0.0,0.25,0.0,92.75,
ERCOT,92.5,6,72,22,0,122,0.0,0.25,0.5,93.57,
ERCOT,92.5,6,72,22,0,122,0.0,0.5,0.0,93.84,
ERCOT,92.5,6,72,22,0,122,0.0,0.5,0.5,93.84,
ERCOT,92.5,6,72,22,0,122,0.0,0.75,0.0,93.84,
ERCOT,92.5,6,72,22,0,122,0.0,0.75,0.5,93.84,
ERCOT,92.5,6,72,22,0,122,0.0,1.0,0.0,93.84,
ERCOT,92.5,6,72,22,0,122,0.0,1.0,0.5,93.84,
ERCOT,92.5,6,72,22,0,122,0.25,0.0,0.0,93.75,
ERCOT,92.5,6,72,22,0,122,0.25,0.0,0.5,93.75,
ERCOT,92.5,6,72,22,0,122,0.25,0.25,0.0,93.75,
ERCOT,92.5,6,72,22,0,122,0.25,0.25,0.5,93.75,
ERCOT,92.5,6,72,22,0,122,0.25,0.5,0.0,93.75,
ERCOT,92.5,6,72,22,0,122,0.25,0.5,0.5,93.75,
ERCOT,92.5,6,72,22,0,122,0.25,0.75,0.0,93.75,
ERCOT,92.5,6,72,22,0,122,0.25,0.75,0.5,93.75,
ERCOT,92.5,6,72,22,0,122,0.25,1.0,0.0,93.75,
ERCOT,92.5,6,72,22,0,122,0.25,1.0,0.5,93.75,
ERCOT,92.5,6,72,22,0,122,0.5,0.0,0.0,93.75,
ERCOT,92.5,6,72,22,0,122,0.5,0.0,0.5,93.75,
ERCOT,92.5,6,72,22,0,122,0.5,0.25,0.0,93.75,
ERCOT,92.5,6,72,22,0,122,0.5,0.25,0.5,93.75,
ERCOT,92.5,6,72,22,0,122,0.5,0.5,0.0,93.75,
ERCOT,92.5,6,72,22,0,122,0.5,0.5,0.5,93.75,
ERCOT,92.5,6,72,22,0,122,0.5,0.75,0.0,93.75,
ERCOT,92.5,6,72,22,0,122,0.5,0.75,0.5,93.75,
ERCOT,92.5,6,72,22,0,122,0.5,1.0,0.0,93.75,
ERCOT,92.5,6,72,22,0,122,0.5,1.0,0.5,93.75,
ERCOT,92.5,6,73,21,0,212,0.0,0.0,1.0,92.77,
ERCOT,92.5,6,73,21,0,177,0.0,0.0,1.5,92.73,
ERCOT,92.5,6,73,21,0,152,0.0,0.0,2.0,92.73,
ERCOT,92.5,6,73,21,0,142,0.0,0.0,2.5,92.8,
ERCOT,92.5,6,73,21,0,127,0.0,0.25,0.0,93.54,
ERCOT,92.5,6,73,21,0,122,0.0,0.25,0.5,93.19,
ERCOT,92.5,6,73,21,0,122,0.0,0.25,1.0,93.95,
ERCOT,92.5,6,73,21,0,122,0.0,0.5,0.0,93.64,
ERCOT,92.5,6,73,21,0,122,0.0,0.5,0.5,93.64,
ERCOT,92.5,6,73,21,0,122,0.0,0.75,0.0,93.64,
ERCOT,92.5,6,73,21,0,122,0.0,0.75,0.5,93.64,
ERCOT,92.5,6,73,21,0,122,0.0,1.0,0.0,93.64,
ERCOT,92.5,6,73,21,0,122,0.0,1.0,0.5,93.64,
ERCOT,92.5,6,73,21,0,122,0.25,0.0,0.0,93.54,
ERCOT,92.5,6,73,21,0,122,0.25,0.0,0.5,93.54,
ERCOT,92.5,6,73,21,0,122,0.25,0.25,0.0,93.54,
ERCOT,92.5,6,73,21,0,122,0.25,0.25,0.5,93.54,
ERCOT,92.5,6,73,21,0,122,0.25,0.5,0.0,93.54,
ERCOT,92.5,6,73,21,0,122,0.25,0.5,0.5,93.54,
ERCOT,92.5,6,73,21,0,122,0.25,0.75,0.0,93.54,
ERCOT,92.5,6,73,21,0,122,0.25,0.75,0.5,93.54,
ERCOT,92.5,6,73,21,0,122,0.25,1.0,0.0,93.54,
ERCOT,92.5,6,73,21,0,122,0.25,1.0,0.5,93.54,
ERCOT,92.5,6,73,21,0,122,0.5,0.0,0.0,93.54,
ERCOT,92.5,6,73,21,0,122,0.5,0.0,0.5,93.54,
ERCOT,92.5,6,73,21,0,122,0.5,0.25,0.0,93.54,
ERCOT,92.5,6,73,21,0,122,0.5,0.25,0.5,93.54,
ERCOT,92.5,6,73,21,0,122,0.5,0.5,0.0,93.54,
ERCOT,92.5,6,73,21,0,122,0.5,0.5,0.5,93.54,
ERCOT,92.5,6,73,21,0,122,0.5,0.75,0.0,93.54,
ERCOT,92.5,6,73,21,0,122,0.5,0.75,0.5,93.54,
ERCOT,92.5,6,73,21,0,122,0.5,1.0,0.0,93.54,
ERCOT,92.5,6,73,21,0,122,0.5,1.0,0.5,93.54,
ERCOT,92.5,7,68,25,0,217,0.0,0.0,0.5,93.18,
ERCOT,92.5,7,68,25,0,182,0.0,0.0,1.0,92.94,
ERCOT,92.5,7,68,25,0,157,0.0,0.0,1.5,93.39,
ERCOT,92.5,7,68,25,0,142,0.0,0.0,2.0,93.68,
ERCOT,92.5,7,68,25,0,137,0.0,0.0,2.5,93.54,
ERCOT,92.5,7,68,25,0,117,0.0,0.25,0.0,92.74,
ERCOT,92.5,7,68,25,0,117,0.0,0.25,0.5,93.04,
ERCOT,92.5,7,68,25,0,117,0.0,0.5,0.0,93.05,
ERCOT,92.5,7,68,25,0,117,0.0,0.5,0.5,93.05,
ERCOT,92.5,7,68,25,0,117,0.0,0.75,0.0,93.05,
ERCOT,92.5,7,68,25,0,117,0.0,0.75,0.5,93.05,
ERCOT,92.5,7,68,25,0,117,0.0,1.0,0.0,93.05,
ERCOT,92.5,7,68,25,0,117,0.0,1.0,0.5,93.05,
ERCOT,92.5,7,68,25,0,117,0.25,0.0,0.0,92.91,
ERCOT,92.5,7,68,25,0,117,0.25,0.0,0.5,92.91,
ERCOT,92.5,7,68,25,0,117,0.25,0.25,0.0,92.91,
ERCOT,92.5,7,68,25,0,117,0.25,0.25,0.5,92.91,
ERCOT,92.5,7,68,25,0,117,0.25,0.5,0.0,92.91,
ERCOT,92.5,7,68,25,0,117,0.25,0.5,0.5,92.91,
ERCOT,92.5,7,68,25,0,117,0.25,0.75,0.0,92.91,
ERCOT,92.5,7,68,25,0,117,0.25,0.75,0.5,92.91,
ERCOT,92.5,7,68,25,0,117,0.25,1.0,0.0,92.91,
ERCOT,92.5,7,68,25,0,117,0.25,1.0,0.5,92.91,
ERCOT,92.5,7,68,25,0,117,0.5,0.0,0.0,92.91,
ERCOT,92.5,7,68,25,0,117,0.5,0.0,0.5,92.91,
ERCOT,92.5,7,68,25,0,117,0.5,0.25,0.0,92.91,
ERCOT,92.5,7,68,25,0,117,0.5,0.25,0.5,92.91,
ERCOT,92.5,7,68,25,0,117,0.5,0.5,0.0,92.91,
ERCOT,92.5,7,68,25,0,117,0.5,0.5,0.5,92.91,
ERCOT,92.5,7,68,25,0,117,0.5,0.75,0.0,92.91,
ERCOT,92.5,7,68,25,0,117,0.5,0.75,0.5,92.91,
ERCOT,92.5,7,68,25,0,117,0.5,1.0,0.0,92.91,
ERCOT,92.5,7,68,25,0,117,0.5,1.0,0.5,92.91,
ERCOT,92.5,7,69,24,0,222,0.0,0.0,0.5,92.9,
ERCOT,92.5,7,69,24,0,187,0.0,0.0,1.0,92.85,
ERCOT,92.5,7,69,24,0,157,0.0,0.0,1.5,92.58,
ERCOT,92.5,7,69,24,0,142,0.0,0.0,2.0,93.08,
ERCOT,92.5,7,69,24,0,137,0.0,0.0,2.5,93.08,
ERCOT,92.5,7,69,24,0,122,0.0,0.25,0.0,93.9,
ERCOT,92.5,7,69,24,0,117,0.0,0.25,0.5,92.8,
ERCOT,92.5,7,69,24,0,117,0.0,0.25,1.0,93.06,
ERCOT,92.5,7,69,24,0,117,0.0,0.5,0.0,92.87,
ERCOT,92.5,7,69,24,0,117,0.0,0.5,0.5,92.87,
ERCOT,92.5,7,69,24,0,117,0.0,0.75,0.0,92.87,
ERCOT,92.5,7,69,24,0,117,0.0,0.75,0.5,92.87,
ERCOT,92.5,7,69,24,0,117,0.0,1.0,0.0,92.87,
ERCOT,92.5,7,69,24,0,117,0.0,1.0,0.5,92.87,
ERCOT,92.5,7,69,24,0,117,0.25,0.0,0.0,92.72,
ERCOT,92.5,7,69,24,0,117,0.25,0.0,0.5,92.72,
ERCOT,92.5,7,69,24,0,117,0.25,0.25,0.0,92.72,
ERCOT,92.5,7,69,24,0,117,0.25,0.25,0.5,92.72,
ERCOT,92.5,7,69,24,0,117,0.25,0.5,0.0,92.72,
ERCOT,92.5,7,69,24,0,117,0.25,0.5,0.5,92.72,
ERCOT,92.5,7,69,24,0,117,0.25,0.75,0.0,92.72,
ERCOT,92.5,7,69,24,0,117,0.25,0.75,0.5,92.72,
ERCOT,92.5,7,69,24,0,117,0.25,1.0,0.0,92.72,
ERCOT,92.5,7,69,24,0,117,0.25,1.0,0.5,92.72,
ERCOT,92.5,7,69,24,0,117,0.5,0.0,0.0,92.72,
ERCOT,92.5,7,69,24,0,117,0.5,0.0,0.5,92.72,
ERCOT,92.5,7,69,24,0,117,0.5,0.25,0.0,92.72,
ERCOT,92.5,7,69,24,0,117,0.5,0.25,0.5,92.72,
ERCOT,92.5,7,69,24,0,117,0.5,0.5,0.0,92.72,
ERCOT,92.5,7,69,24,0,117,0.5,0.5,0.5,92.72,
ERCOT,92.5,7,69,24,0,117,0.5,0.75,0.0,92.72,
ERCOT,92.5,7,69,24,0,117,0.5,0.75,0.5,92.72,
ERCOT,92.5,7,69,24,0,117,0.5,1.0,0.0,92.72,
ERCOT,92.5,7,69,24,0,117,0.5,1.0,0.5,92.72,
ERCOT,92.5,7,70,23,0,227,0.0,0.0,0.5,92.55,
ERCOT,92.5,7,70,23,0,192,0.0,0.0,1.0,92.71,
ERCOT,92.5,7,70,23,0,162,0.0,0.0,1.5,92.7,
ERCOT,92.5,7,70,23,0,147,0.0,0.0,2.0,93.64,
ERCOT,92.5,7,70,23,0,137,0.0,0.0,2.5,92.61,
ERCOT,92.5,7,70,23,0,122,0.0,0.25,0.0,93.53,
ERCOT,92.5,7,70,23,0,117,0.0,0.25,0.5,92.54,
ERCOT,92.5,7,70,23,0,117,0.0,0.25,1.0,92.85,
ERCOT,92.5,7,70,23,0,117,0.0,0.5,0.0,92.69,
ERCOT,92.5,7,70,23,0,117,0.0,0.5,0.5,92.69,
ERCOT,92.5,7,70,23,0,117,0.0,0.75,0.0,92.69,
ERCOT,92.5,7,70,23,0,117,0.0,0.75,0.5,92.69,
ERCOT,92.5,7,70,23,0,117,0.0,1.0,0.0,92.69,
ERCOT,92.5,7,70,23,0,117,0.0,1.0,0.5,92.69,
ERCOT,92.5,7,70,23,0,117,0.25,0.0,0.0,92.53,
ERCOT,92.5,7,70,23,0,117,0.25,0.0,0.5,92.53,
ERCOT,92.5,7,70,23,0,117,0.25,0.25,0.0,92.53,
ERCOT,92.5,7,70,23,0,117,0.25,0.25,0.5,92.53,
ERCOT,92.5,7,70,23,0,117,0.25,0.5,0.0,92.53,
ERCOT,92.5,7,70,23,0,117,0.25,0.5,0.5,92.53,
ERCOT,92.5,7,70,23,0,117,0.25,0.75,0.0,92.53,
ERCOT,92.5,7,70,23,0,117,0.25,0.75,0.5,92.53,
ERCOT,92.5,7,70,23,0,117,0.25,1.0,0.0,92.53,
ERCOT,92.5,7,70,23,0,117,0.25,1.0,0.5,92.53,
ERCOT,92.5,7,70,23,0,117,0.5,0.0,0.0,92.53,
ERCOT,92.5,7,70,23,0,117,0.5,0.0,0.5,92.53,
ERCOT,92.5,7,70,23,0,117,0.5,0.25,0.0,92.53,
ERCOT,92.5,7,70,23,0,117,0.5,0.25,0.5,92.53,
ERCOT,92.5,7,70,23,0,117,0.5,0.5,0.0,92.53,
ERCOT,92.5,7,70,23,0,117,0.5,0.5,0.5,92.53,
ERCOT,92.5,7,70,23,0,117,0.5,0.75,0.0,92.53,
ERCOT,92.5,7,70,23,0,117,0.5,0.75,0.5,92.53,
ERCOT,92.5,7,70,23,0,117,0.5,1.0,0.0,92.53,
ERCOT,92.5,7,70,23,0,117,0.5,1.0,0.5,92.53,
ERCOT,92.5,7,71,22,0,237,0.0,0.0,0.5,92.88,
ERCOT,92.5,7,71,22,0,197,0.0,0.0,1.0,92.5,
ERCOT,92.5,7,71,22,0,167,0.0,0.0,1.5,92.75,
ERCOT,92.5,7,71,22,0,147,0.0,0.0,2.0,92.98,
ERCOT,92.5,7,71,22,0,142,0.0,0.0,2.5,93.79,
ERCOT,92.5,7,71,22,0,122,0.0,0.25,0.0,93.14,
ERCOT,92.5,7,71,22,0,122,0.0,0.25,0.5,93.89,
ERCOT,92.5,7,71,22,0,122,0.0,0.5,0.0,94.04,
ERCOT,92.5,7,71,22,0,122,0.0,0.5,0.5,94.04,
ERCOT,92.5,7,71,22,0,122,0.0,0.75,0.0,94.04,
ERCOT,92.5,7,71,22,0,122,0.0,0.75,0.5,94.04,
ERCOT,92.5,7,71,22,0,122,0.0,1.0,0.0,94.04,
ERCOT,92.5,7,71,22,0,122,0.0,1.0,0.5,94.04,
ERCOT,92.5,7,71,22,0,122,0.25,0.0,0.0,93.95,
ERCOT,92.5,7,71,22,0,122,0.25,0.0,0.5,93.95,
ERCOT,92.5,7,71,22,0,122,0.25,0.25,0.0,93.95,
ERCOT,92.5,7,71,22,0,122,0.25,0.25,0.5,93.95,
ERCOT,92.5,7,71,22,0,122,0.25,0.5,0.0,93.95,
ERCOT,92.5,7,71,22,0,122,0.25,0.5,0.5,93.95,
ERCOT,92.5,7,71,22,0,122,0.25,0.75,0.0,93.95,
ERCOT,92.5,7,71,22,0,122,0.25,0.75,0.5,93.95,
ERCOT,92.5,7,71,22,0,122,0.25,1.0,0.0,93.95,
ERCOT,92.5,7,71,22,0,122,0.25,1.0,0.5,93.95,
ERCOT,92.5,7,71,22,0,122,0.5,0.0,0.0,93.95,
ERCOT,92.5,7,71,22,0,122,0.5,0.0,0.5,93.95,
ERCOT,92.5,7,71,22,0,122,0.5,0.25,0.0,93.95,
ERCOT,92.5,7,71,22,0,122,0.5,0.25,0.5,93.95,
ERCOT,92.5,7,71,22,0,122,0.5,0.5,0.0,93.95,
ERCOT,92.5,7,71,22,0,122,0.5,0.5,0.5,93.95,
ERCOT,92.5,7,71,22,0,122,0.5,0.75,0.0,93.95,
ERCOT,92.5,7,71,22,0,122,0.5,0.75,0.5,93.95,
ERCOT,92.5,7,71,22,0,122,0.5,1.0,0.0,93.95,
ERCOT,92.5,7,71,22,0,122,0.5,1.0,0.5,93.95,
ERCOT,92.5,7,72,21,0,247,0.0,0.0,0.5,93.11,
ERCOT,92.5,7,72,21,0,207,0.0,0.0,1.0,93.0,
ERCOT,92.5,7,72,21,0,172,0.0,0.0,1.5,92.72,
ERCOT,92.5,7,72,21,0,152,0.0,0.0,2.0,93.38,
ERCOT,92.5,7,72,21,0,142,0.0,0.0,2.5,93.27,
ERCOT,92.5,7,72,21,0,122,0.0,0.25,0.0,92.73,
ERCOT,92.5,7,72,21,0,122,0.0,0.25,0.5,93.55,
ERCOT,92.5,7,72,21,0,122,0.0,0.5,0.0,93.84,
ERCOT,92.5,7,72,21,0,122,0.0,0.5,0.5,93.84,
ERCOT,92.5,7,72,21,0,122,0.0,0.75,0.0,93.84,
ERCOT,92.5,7,72,21,0,122,0.0,0.75,0.5,93.84,
ERCOT,92.5,7,72,21,0,122,0.0,1.0,0.0,93.84,
ERCOT,92.5,7,72,21,0,122,0.0,1.0,0.5,93.84,
ERCOT,92.5,7,72,21,0,122,0.25,0.0,0.0,93.74,
ERCOT,92.5,7,72,21,0,122,0.25,0.0,0.5,93.74,
ERCOT,92.5,7,72,21,0,122,0.25,0.25,0.0,93.74,
ERCOT,92.5,7,72,21,0,122,0.25,0.25,0.5,93.74,
ERCOT,92.5,7,72,21,0,122,0.25,0.5,0.0,93.74,
ERCOT,92.5,7,72,21,0,122,0.25,0.5,0.5,93.74,
ERCOT,92.5,7,72,21,0,122,0.25,0.75,0.0,93.74,
ERCOT,92.5,7,72,21,0,122,0.25,0.75,0.5,93.74,
ERCOT,92.5,7,72,21,0,122,0.25,1.0,0.0,93.74,
ERCOT,92.5,7,72,21,0,122,0.25,1.0,0.5,93.74,
ERCOT,92.5,7,72,21,0,122,0.5,0.0,0.0,93.74,
ERCOT,92.5,7,72,21,0,122,0.5,0.0,0.5,93.74,
ERCOT,92.5,7,72,21,0,122,0.5,0.25,0.0,93.74,
ERCOT,92.5,7,72,21,0,122,0.5,0.25,0.5,93.74,
ERCOT,92.5,7,72,21,0,122,0.5,0.5,0.0,93.74,
ERCOT,92.5,7,72,21,0,122,0.5,0.5,0.5,93.74,
ERCOT,92.5,7,72,21,0,122,0.5,0.75,0.0,93.74,
ERCOT,92.5,7,72,21,0,122,0.5,0.75,0.5,93.74,
ERCOT,92.5,7,72,21,0,122,0.5,1.0,0.0,93.74,
ERCOT,92.5,7,72,21,0,122,0.5,1.0,0.5,93.74,
ERCOT,92.5,8,67,25,0,207,0.0,0.0,0.5,92.51,
ERCOT,92.5,8,67,25,0,177,0.0,0.0,1.0,92.89,
ERCOT,92.5,8,67,25,0,152,0.0,0.0,1.5,93.09,
ERCOT,92.5,8,67,25,0,137,0.0,0.0,2.0,92.81,
ERCOT,92.5,8,67,25,0,137,0.0,0.0,2.5,93.93,
ERCOT,92.5,8,67,25,0,117,0.0,0.25,0.0,93.01,
ERCOT,92.5,8,67,25,0,117,0.0,0.25,0.5,93.28,
ERCOT,92.5,8,67,25,0,117,0.0,0.5,0.0,93.23,
ERCOT,92.5,8,67,25,0,117,0.0,0.5,0.5,93.23,
ERCOT,92.5,8,67,25,0,117,0.0,0.75,0.0,93.23,
ERCOT,92.5,8,67,25,0,117,0.0,0.75,0.5,93.23,
ERCOT,92.5,8,67,25,0,117,0.0,1.0,0.0,93.23,
ERCOT,92.5,8,67,25,0,117,0.0,1.0,0.5,93.23,
ERCOT,92.5,8,67,25,0,117,0.25,0.0,0.0,93.1,
ERCOT,92.5,8,67,25,0,117,0.25,0.0,0.5,93.1,
ERCOT,92.5,8,67,25,0,117,0.25,0.25,0.0,93.1,
ERCOT,92.5,8,67,25,0,117,0.25,0.25,0.5,93.1,
ERCOT,92.5,8,67,25,0,117,0.25,0.5,0.0,93.1,
ERCOT,92.5,8,67,25,0,117,0.25,0.5,0.5,93.1,
ERCOT,92.5,8,67,25,0,117,0.25,0.75,0.0,93.1,
ERCOT,92.5,8,67,25,0,117,0.25,0.75,0.5,93.1,
ERCOT,92.5,8,67,25,0,117,0.25,1.0,0.0,93.1,
ERCOT,92.5,8,67,25,0,117,0.25,1.0,0.5,93.1,
ERCOT,92.5,8,67,25,0,117,0.5,0.0,0.0,93.1,
ERCOT,92.5,8,67,25,0,117,0.5,0.0,0.5,93.1,
ERCOT,92.5,8,67,25,0,117,0.5,0.25,0.0,93.1,
ERCOT,92.5,8,67,25,0,117,0.5,0.25,0.5,93.1,
ERCOT,92.5,8,67,25,0,117,0.5,0.5,0.0,93.1,
ERCOT,92.5,8,67,25,0,117,0.5,0.5,0.5,93.1,
ERCOT,92.5,8,67,25,0,117,0.5,0.75,0.0,93.1,
ERCOT,92.5,8,67,25,0,117,0.5,0.75,0.5,93.1,
ERCOT,92.5,8,67,25,0,117,0.5,1.0,0.0,93.1,
ERCOT,92.5,8,67,25,0,117,0.5,1.0,0.5,93.1,
ERCOT,92.5,8,68,24,0,217,0.0,0.0,0.5,93.1,
ERCOT,92.5,8,68,24,0,182,0.0,0.0,1.0,92.85,
ERCOT,92.5,8,68,24,0,157,0.0,0.0,1.5,93.31,
ERCOT,92.5,8,68,24,0,142,0.0,0.0,2.0,93.62,
ERCOT,92.5,8,68,24,0,137,0.0,0.0,2.5,93.49,
ERCOT,92.5,8,68,24,0,117,0.0,0.25,0.0,92.73,
ERCOT,92.5,8,68,24,0,117,0.0,0.25,0.5,93.04,
ERCOT,92.5,8,68,24,0,117,0.0,0.5,0.0,93.06,
ERCOT,92.5,8,68,24,0,117,0.0,0.5,0.5,93.06,
ERCOT,92.5,8,68,24,0,117,0.0,0.75,0.0,93.06,
ERCOT,92.5,8,68,24,0,117,0.0,0.75,0.5,93.06,
ERCOT,92.5,8,68,24,0,117,0.0,1.0,0.0,93.06,
ERCOT,92.5,8,68,24,0,117,0.0,1.0,0.5,93.06,
ERCOT,92.5,8,68,24,0,117,0.25,0.0,0.0,92.91,
ERCOT,92.5,8,68,24,0,117,0.25,0.0,0.5,92.91,
ERCOT,92.5,8,68,24,0,117,0.25,0.25,0.0,92.91,
ERCOT,92.5,8,68,24,0,117,0.25,0.25,0.5,92.91,
ERCOT,92.5,8,68,24,0,117,0.25,0.5,0.0,92.91,
ERCOT,92.5,8,68,24,0,117,0.25,0.5,0.5,92.91,
ERCOT,92.5,8,68,24,0,117,0.25,0.75,0.0,92.91,
ERCOT,92.5,8,68,24,0,117,0.25,0.75,0.5,92.91,
ERCOT,92.5,8,68,24,0,117,0.25,1.0,0.0,92.91,
ERCOT,92.5,8,68,24,0,117,0.25,1.0,0.5,92.91,
ERCOT,92.5,8,68,24,0,117,0.5,0.0,0.0,92.91,
ERCOT,92.5,8,68,24,0,117,0.5,0.0,0.5,92.91,
ERCOT,92.5,8,68,24,0,117,0.5,0.25,0.0,92.91,
ERCOT,92.5,8,68,24,0,117,0.5,0.25,0.5,92.91,
ERCOT,92.5,8,68,24,0,117,0.5,0.5,0.0,92.91,
ERCOT,92.5,8,68,24,0,117,0.5,0.5,0.5,92.91,
ERCOT,92.5,8,68,24,0,117,0.5,0.75,0.0,92.91,
ERCOT,92.5,8,68,24,0,117,0.5,0.75,0.5,92.91,
ERCOT,92.5,8,68,24,0,117,0.5,1.0,0.0,92.91,
ERCOT,92.5,8,68,24,0,117,0.5,1.0,0.5,92.91,
ERCOT,92.5,8,69,23,0,222,0.0,0.0,0.5,92.8,
ERCOT,92.5,8,69,23,0,187,0.0,0.0,1.0,92.76,
ERCOT,92.5,8,69,23,0,157,0.0,0.0,1.5,92.5,
ERCOT,92.5,8,69,23,0,142,0.0,0.0,2.0,93.01,
ERCOT,92.5,8,69,23,0,137,0.0,0.0,2.5,93.03,
ERCOT,92.5,8,69,23,0,122,0.0,0.25,0.0,93.89,
ERCOT,92.5,8,69,23,0,117,0.0,0.25,0.5,92.8,
ERCOT,92.5,8,69,23,0,117,0.0,0.25,1.0,93.06,
ERCOT,92.5,8,69,23,0,117,0.0,0.5,0.0,92.87,
ERCOT,92.5,8,69,23,0,117,0.0,0.5,0.5,92.87,
ERCOT,92.5,8,69,23,0,117,0.0,0.75,0.0,92.87,
ERCOT,92.5,8,69,23,0,117,0.0,0.75,0.5,92.87,
ERCOT,92.5,8,69,23,0,117,0.0,1.0,0.0,92.87,
ERCOT,92.5,8,69,23,0,117,0.0,1.0,0.5,92.87,
ERCOT,92.5,8,69,23,0,117,0.25,0.0,0.0,92.72,
ERCOT,92.5,8,69,23,0,117,0.25,0.0,0.5,92.72,
ERCOT,92.5,8,69,23,0,117,0.25,0.25,0.0,92.72,
ERCOT,92.5,8,69,23,0,117,0.25,0.25,0.5,92.72,
ERCOT,92.5,8,69,23,0,117,0.25,0.5,0.0,92.72,
ERCOT,92.5,8,69,23,0,117,0.25,0.5,0.5,92.72,
ERCOT,92.5,8,69,23,0,117,0.25,0.75,0.0,92.72,
ERCOT,92.5,8,69,23,0,117,0.25,0.75,0.5,92.72,
ERCOT,92.5,8,69,23,0,117,0.25,1.0,0.0,92.72,
ERCOT,92.5,8,69,23,0,117,0.25,1.0,0.5,92.72,
ERCOT,92.5,8,69,23,0,117,0.5,0.0,0.0,92.72,
ERCOT,92.5,8,69,23,0,117,0.5,0.0,0.5,92.72,
ERCOT,92.5,8,69,23,0,117,0.5,0.25,0.0,92.72,
ERCOT,92.5,8,69,23,0,117,0.5,0.25,0.5,92.72,
ERCOT,92.5,8,69,23,0,117,0.5,0.5,0.0,92.72,
ERCOT,92.5,8,69,23,0,117,0.5,0.5,0.5,92.72,
ERCOT,92.5,8,69,23,0,117,0.5,0.75,0.0,92.72,
ERCOT,92.5,8,69,23,0,117,0.5,0.75,0.5,92.72,
ERCOT,92.5,8,69,23,0,117,0.5,1.0,0.0,92.72,
ERCOT,92.5,8,69,23,0,117,0.5,1.0,0.5,92.72,
ERCOT,92.5,8,70,22,0,232,0.0,0.0,0.5,93.2,
ERCOT,92.5,8,70,22,0,192,0.0,0.0,1.0,92.61,
ERCOT,92.5,8,70,22,0,162,0.0,0.0,1.5,92.62,
ERCOT,92.5,8,70,22,0,147,0.0,0.0,2.0,93.58,
ERCOT,92.5,8,70,22,0,137,0.0,0.0,2.5,92.55,
ERCOT,92.5,8,70,22,0,122,0.0,0.25,0.0,93.52,
ERCOT,92.5,8,70,22,0,117,0.0,0.25,0.5,92.53,
ERCOT,92.5,8,70,22,0,117,0.0,0.25,1.0,92.84,
ERCOT,92.5,8,70,22,0,117,0.0,0.5,0.0,92.69,
ERCOT,92.5,8,70,22,0,117,0.0,0.5,0.5,92.69,
ERCOT,92.5,8,70,22,0,117,0.0,0.75,0.0,92.69,
ERCOT,92.5,8,70,22,0,117,0.0,0.75,0.5,92.69,
ERCOT,92.5,8,70,22,0,117,0.0,1.0,0.0,92.69,
ERCOT,92.5,8,70,22,0,117,0.0,1.0,0.5,92.69,
ERCOT,92.5,8,70,22,0,117,0.25,0.0,0.0,92.52,
ERCOT,92.5,8,70,22,0,117,0.25,0.0,0.5,92.52,
ERCOT,92.5,8,70,22,0,117,0.25,0.25,0.0,92.52,
ERCOT,92.5,8,70,22,0,117,0.25,0.25,0.5,92.52,
ERCOT,92.5,8,70,22,0,117,0.25,0.5,0.0,92.52,
ERCOT,92.5,8,70,22,0,117,0.25,0.5,0.5,92.52,
ERCOT,92.5,8,70,22,0,117,0.25,0.75,0.0,92.52,
ERCOT,92.5,8,70,22,0,117,0.25,0.75,0.5,92.52,
ERCOT,92.5,8,70,22,0,117,0.25,1.0,0.0,92.52,
ERCOT,92.5,8,70,22,0,117,0.25,1.0,0.5,92.52,
ERCOT,92.5,8,70,22,0,117,0.5,0.0,0.0,92.52,
ERCOT,92.5,8,70,22,0,117,0.5,0.0,0.5,92.52,
ERCOT,92.5,8,70,22,0,117,0.5,0.25,0.0,92.52,
ERCOT,92.5,8,70,22,0,117,0.5,0.25,0.5,92.52,
ERCOT,92.5,8,70,22,0,117,0.5,0.5,0.0,92.52,
ERCOT,92.5,8,70,22,0,117,0.5,0.5,0.5,92.52,
ERCOT,92.5,8,70,22,0,117,0.5,0.75,0.0,92.52,
ERCOT,92.5,8,70,22,0,117,0.5,0.75,0.5,92.52,
ERCOT,92.5,8,70,22,0,117,0.5,1.0,0.0,92.52,
ERCOT,92.5,8,70,22,0,117,0.5,1.0,0.5,92.52,
ERCOT,92.5,8,71,21,0,237,0.0,0.0,0.5,92.77,
ERCOT,92.5,8,71,21,0,202,0.0,0.0,1.0,93.19,
ERCOT,92.5,8,71,21,0,167,0.0,0.0,1.5,92.66,
ERCOT,92.5,8,71,21,0,147,0.0,0.0,2.0,92.91,
ERCOT,92.5,8,71,21,0,142,0.0,0.0,2.5,93.74,
ERCOT,92.5,8,71,21,0,122,0.0,0.25,0.0,93.12,
ERCOT,92.5,8,71,21,0,122,0.0,0.25,0.5,93.88,
ERCOT,92.5,8,71,21,0,122,0.0,0.5,0.0,94.04,
ERCOT,92.5,8,71,21,0,122,0.0,0.5,0.5,94.04,
ERCOT,92.5,8,71,21,0,122,0.0,0.75,0.0,94.04,
ERCOT,92.5,8,71,21,0,122,0.0,0.75,0.5,94.04,
ERCOT,92.5,8,71,21,0,122,0.0,1.0,0.0,94.04,
ERCOT,92.5,8,71,21,0,122,0.0,1.0,0.5,94.04,
ERCOT,92.5,8,71,21,0,122,0.25,0.0,0.0,93.95,
ERCOT,92.5,8,71,21,0,122,0.25,0.0,0.5,93.95,
ERCOT,92.5,8,71,21,0,122,0.25,0.25,0.0,93.95,
ERCOT,92.5,8,71,21,0,122,0.25,0.25,0.5,93.95,
ERCOT,92.5,8,71,21,0,122,0.25,0.5,0.0,93.95,
ERCOT,92.5,8,71,21,0,122,0.25,0.5,0.5,93.95,
ERCOT,92.5,8,71,21,0,122,0.25,0.75,0.0,93.95,
ERCOT,92.5,8,71,21,0,122,0.25,0.75,0.5,93.95,
ERCOT,92.5,8,71,21,0,122,0.25,1.0,0.0,93.95,
ERCOT,92.5,8,71,21,0,122,0.25,1.0,0.5,93.95,
ERCOT,92.5,8,71,21,0,122,0.5,0.0,0.0,93.95,
ERCOT,92.5,8,71,21,0,122,0.5,0.0,0.5,93.95,
ERCOT,92.5,8,71,21,0,122,0.5,0.25,0.0,93.95,
ERCOT,92.5,8,71,21,0,122,0.5,0.25,0.5,93.95,
ERCOT,92.5,8,71,21,0,122,0.5,0.5,0.0,93.95,
ERCOT,92.5,8,71,21,0,122,0.5,0.5,0.5,93.95,
ERCOT,92.5,8,71,21,0,122,0.5,0.75,0.0,93.95,
ERCOT,92.5,8,71,21,0,122,0.5,0.75,0.5,93.95,
ERCOT,92.5,8,71,21,0,122,0.5,1.0,0.0,93.95,
ERCOT,92.5,8,71,21,0,122,0.5,1.0,0.5,93.95,
ERCOT,92.5,9,66,25,0,250,0.0,0.0,0.0,92.66,
ERCOT,92.5,9,67,24,0,212,0.0,0.0,0.5,93.26,
ERCOT,92.5,9,67,24,0,177,0.0,0.0,1.0,92.8,
ERCOT,92.5,9,67,24,0,152,0.0,0.0,1.5,93.01,
ERCOT,92.5,9,67,24,0,137,0.0,0.0,2.0,92.75,
ERCOT,92.5,9,67,24,0,137,0.0,0.0,2.5,93.89,
ERCOT,92.5,9,67,24,0,117,0.0,0.25,0.0,93.01,
ERCOT,92.5,9,67,24,0,117,0.0,0.25,0.5,93.28,
ERCOT,92.5,9,67,24,0,117,0.0,0.5,0.0,93.24,
ERCOT,92.5,9,67,24,0,117,0.0,0.5,0.5,93.24,
ERCOT,92.5,9,67,24,0,117,0.0,0.75,0.0,93.24,
ERCOT,92.5,9,67,24,0,117,0.0,0.75,0.5,93.24,
ERCOT,92.5,9,67,24,0,117,0.0,1.0,0.0,93.24,
ERCOT,92.5,9,67,24,0,117,0.0,1.0,0.5,93.24,
ERCOT,92.5,9,67,24,0,117,0.25,0.0,0.0,93.1,
ERCOT,92.5,9,67,24,0,117,0.25,0.0,0.5,93.1,
ERCOT,92.5,9,67,24,0,117,0.25,0.25,0.0,93.1,
ERCOT,92.5,9,67,24,0,117,0.25,0.25,0.5,93.1,
ERCOT,92.5,9,67,24,0,117,0.25,0.5,0.0,93.1,
ERCOT,92.5,9,67,24,0,117,0.25,0.5,0.5,93.1,
ERCOT,92.5,9,67,24,0,117,0.25,0.75,0.0,93.1,
ERCOT,92.5,9,67,24,0,117,0.25,0.75,0.5,93.1,
ERCOT,92.5,9,67,24,0,117,0.25,1.0,0.0,93.1,
ERCOT,92.5,9,67,24,0,117,0.25,1.0,0.5,93.1,
ERCOT,92.5,9,67,24,0,117,0.5,0.0,0.0,93.1,
ERCOT,92.5,9,67,24,0,117,0.5,0.0,0.5,93.1,
ERCOT,92.5,9,67,24,0,117,0.5,0.25,0.0,93.1,
ERCOT,92.5,9,67,24,0,117,0.5,0.25,0.5,93.1,
ERCOT,92.5,9,67,24,0,117,0.5,0.5,0.0,93.1,
ERCOT,92.5,9,67,24,0,117,0.5,0.5,0.5,93.1,
ERCOT,92.5,9,67,24,0,117,0.5,0.75,0.0,93.1,
ERCOT,92.5,9,67,24,0,117,0.5,0.75,0.5,93.1,
ERCOT,92.5,9,67,24,0,117,0.5,1.0,0.0,93.1,
ERCOT,92.5,9,67,24,0,117,0.5,1.0,0.5,93.1,
ERCOT,92.5,9,68,23,0,217,0.0,0.0,0.5,93.01,
ERCOT,92.5,9,68,23,0,182,0.0,0.0,1.0,92.76,
ERCOT,92.5,9,68,23,0,157,0.0,0.0,1.5,93.23,
ERCOT,92.5,9,68,23,0,142,0.0,0.0,2.0,93.57,
ERCOT,92.5,9,68,23,0,137,0.0,0.0,2.5,93.45,
ERCOT,92.5,9,68,23,0,117,0.0,0.25,0.0,92.72,
ERCOT,92.5,9,68,23,0,117,0.0,0.25,0.5,93.04,
ERCOT,92.5,9,68,23,0,117,0.0,0.5,0.0,93.06,
ERCOT,92.5,9,68,23,0,117,0.0,0.5,0.5,93.06,
ERCOT,92.5,9,68,23,0,117,0.0,0.75,0.0,93.06,
ERCOT,92.5,9,68,23,0,117,0.0,0.75,0.5,93.06,
ERCOT,92.5,9,68,23,0,117,0.0,1.0,0.0,93.06,
ERCOT,92.5,9,68,23,0,117,0.0,1.0,0.5,93.06,
ERCOT,92.5,9,68,23,0,117,0.25,0.0,0.0,92.91,
ERCOT,92.5,9,68,23,0,117,0.25,0.0,0.5,92.91,
ERCOT,92.5,9,68,23,0,117,0.25,0.25,0.0,92.91,
ERCOT,92.5,9,68,23,0,117,0.25,0.25,0.5,92.91,
ERCOT,92.5,9,68,23,0,117,0.25,0.5,0.0,92.91,
ERCOT,92.5,9,68,23,0,117,0.25,0.5,0.5,92.91,
ERCOT,92.5,9,68,23,0,117,0.25,0.75,0.0,92.91,
ERCOT,92.5,9,68,23,0,117,0.25,0.75,0.5,92.91,
ERCOT,92.5,9,68,23,0,117,0.25,1.0,0.0,92.91,
ERCOT,92.5,9,68,23,0,117,0.25,1.0,0.5,92.91,
ERCOT,92.5,9,68,23,0,117,0.5,0.0,0.0,92.91,
ERCOT,92.5,9,68,23,0,117,0.5,0.0,0.5,92.91,
ERCOT,92.5,9,68,23,0,117,0.5,0.25,0.0,92.91,
ERCOT,92.5,9,68,23,0,117,0.5,0.25,0.5,92.91,
ERCOT,92.5,9,68,23,0,117,0.5,0.5,0.0,92.91,
ERCOT,92.5,9,68,23,0,117,0.5,0.5,0.5,92.91,
ERCOT,92.5,9,68,23,0,117,0.5,0.75,0.0,92.91,
ERCOT,92.5,9,68,23,0,117,0.5,0.75,0.5,92.91,
ERCOT,92.5,9,68,23,0,117,0.5,1.0,0.0,92.91,
ERCOT,92.5,9,68,23,0,117,0.5,1.0,0.5,92.91,
ERCOT,92.5,9,69,22,0,222,0.0,0.0,0.5,92.7,
ERCOT,92.5,9,69,22,0,187,0.0,0.0,1.0,92.67,
ERCOT,92.5,9,69,22,0,162,0.0,0.0,1.5,93.37,
ERCOT,92.5,9,69,22,0,142,0.0,0.0,2.0,92.94,
ERCOT,92.5,9,69,22,0,137,0.0,0.0,2.5,92.98,
ERCOT,92.5,9,69,22,0,122,0.0,0.25,0.0,93.87,
ERCOT,92.5,9,69,22,0,117,0.0,0.25,0.5,92.79,
ERCOT,92.5,9,69,22,0,117,0.0,0.25,1.0,93.06,
ERCOT,92.5,9,69,22,0,117,0.0,0.5,0.0,92.87,
ERCOT,92.5,9,69,22,0,117,0.0,0.5,0.5,92.87,
ERCOT,92.5,9,69,22,0,117,0.0,0.75,0.0,92.87,
ERCOT,92.5,9,69,22,0,117,0.0,0.75,0.5,92.87,
ERCOT,92.5,9,69,22,0,117,0.0,1.0,0.0,92.87,
ERCOT,92.5,9,69,22,0,117,0.0,1.0,0.5,92.87,
ERCOT,92.5,9,69,22,0,117,0.25,0.0,0.0,92.72,
ERCOT,92.5,9,69,22,0,117,0.25,0.0,0.5,92.72,
ERCOT,92.5,9,69,22,0,117,0.25,0.25,0.0,92.72,
ERCOT,92.5,9,69,22,0,117,0.25,0.25,0.5,92.72,
ERCOT,92.5,9,69,22,0,117,0.25,0.5,0.0,92.72,
ERCOT,92.5,9,69,22,0,117,0.25,0.5,0.5,92.72,
ERCOT,92.5,9,69,22,0,117,0.25,0.75,0.0,92.72,
ERCOT,92.5,9,69,22,0,117,0.25,0.75,0.5,92.72,
ERCOT,92.5,9,69,22,0,117,0.25,1.0,0.0,92.72,
ERCOT,92.5,9,69,22,0,117,0.25,1.0,0.5,92.72,
ERCOT,92.5,9,69,22,0,117,0.5,0.0,0.0,92.72,
ERCOT,92.5,9,69,22,0,117,0.5,0.0,0.5,92.72,
ERCOT,92.5,9,69,22,0,117,0.5,0.25,0.0,92.72,
ERCOT,92.5,9,69,22,0,117,0.5,0.25,0.5,92.72,
ERCOT,92.5,9,69,22,0,117,0.5,0.5,0.0,92.72,
ERCOT,92.5,9,69,22,0,117,0.5,0.5,0.5,92.72,
ERCOT,92.5,9,69,22,0,117,0.5,0.75,0.0,92.72,
ERCOT,92.5,9,69,22,0,117,0.5,0.75,0.5,92.72,
ERCOT,92.5,9,69,22,0,117,0.5,1.0,0.0,92.72,
ERCOT,92.5,9,69,22,0,117,0.5,1.0,0.5,92.72,
ERCOT,92.5,9,70,21,0,232,0.0,0.0,0.5,93.1,
ERCOT,92.5,9,70,21,0,192,0.0,0.0,1.0,92.51,
ERCOT,92.5,9,70,21,0,162,0.0,0.0,1.5,92.53,
ERCOT,92.5,9,70,21,0,147,0.0,0.0,2.0,93.52,
ERCOT,92.5,9,70,21,0,137,0.0,0.0,2.5,92.5,
ERCOT,92.5,9,70,21,0,122,0.0,0.25,0.0,93.5,
ERCOT,92.5,9,70,21,0,117,0.0,0.25,0.5,92.51,
ERCOT,92.5,9,70,21,0,117,0.0,0.25,1.0,92.84,
ERCOT,92.5,9,70,21,0,117,0.0,0.5,0.0,92.68,
ERCOT,92.5,9,70,21,0,117,0.0,0.5,0.5,92.68,
ERCOT,92.5,9,70,21,0,117,0.0,0.75,0.0,92.68,
ERCOT,92.5,9,70,21,0,117,0.0,0.75,0.5,92.68,
ERCOT,92.5,9,70,21,0,117,0.0,1.0,0.0,92.68,
ERCOT,92.5,9,70,21,0,117,0.0,1.0,0.5,92.68,
ERCOT,92.5,9,70,21,0,117,0.25,0.0,0.0,92.52,
ERCOT,92.5,9,70,21,0,117,0.25,0.0,0.5,92.52,
ERCOT,92.5,9,70,21,0,117,0.25,0.25,0.0,92.52,
ERCOT,92.5,9,70,21,0,117,0.25,0.25,0.5,92.52,
ERCOT,92.5,9,70,21,0,117,0.25,0.5,0.0,92.52,
ERCOT,92.5,9,70,21,0,117,0.25,0.5,0.5,92.52,
ERCOT,92.5,9,70,21,0,117,0.25,0.75,0.0,92.52,
ERCOT,92.5,9,70,21,0,117,0.25,0.75,0.5,92.52,
ERCOT,92.5,9,70,21,0,117,0.25,1.0,0.0,92.52,
ERCOT,92.5,9,70,21,0,117,0.25,1.0,0.5,92.52,
ERCOT,92.5,9,70,21,0,117,0.5,0.0,0.0,92.52,
ERCOT,92.5,9,70,21,0,117,0.5,0.0,0.5,92.52,
ERCOT,92.5,9,70,21,0,117,0.5,0.25,0.0,92.52,
ERCOT,92.5,9,70,21,0,117,0.5,0.25,0.5,92.52,
ERCOT,92.5,9,70,21,0,117,0.5,0.5,0.0,92.52,
ERCOT,92.5,9,70,21,0,117,0.5,0.5,0.5,92.52,
ERCOT,92.5,9,70,21,0,117,0.5,0.75,0.0,92.52,
ERCOT,92.5,9,70,21,0,117,0.5,0.75,0.5,92.52,
ERCOT,92.5,9,70,21,0,117,0.5,1.0,0.0,92.52,
ERCOT,92.5,9,70,21,0,117,0.5,1.0,0.5,92.52,
ERCOT,92.5,6,85,9,0,242,0.0,0.0,2.0,92.81,
ERCOT,92.5,6,85,9,0,192,0.0,0.0,2.5,92.76,
ERCOT,92.5,6,85,9,0,162,0.0,0.25,0.0,92.95,
ERCOT,92.5,6,85,9,0,147,0.0,0.25,0.5,93.19,
ERCOT,92.5,6,85,9,0,137,0.0,0.25,1.0,92.77,
ERCOT,92.5,6,85,9,0,132,0.0,0.25,1.5,92.92,
ERCOT,92.5,6,85,9,0,127,0.0,0.25,2.0,92.55,
ERCOT,92.5,6,85,9,0,127,0.0,0.25,2.5,93.16,
ERCOT,92.5,6,85,9,0,132,0.0,0.5,0.0,93.07,
ERCOT,92.5,6,85,9,0,132,0.0,0.5,0.5,93.08,
ERCOT,92.5,6,85,9,0,132,0.0,0.75,0.0,93.07,
ERCOT,92.5,6,85,9,0,132,0.0,0.75,0.5,93.07,
ERCOT,92.5,6,85,9,0,132,0.0,1.0,0.0,93.07,
ERCOT,92.5,6,85,9,0,132,0.0,1.0,0.5,93.07,
ERCOT,92.5,6,85,9,0,132,0.25,0.0,0.0,92.99,
ERCOT,92.5,6,85,9,0,132,0.25,0.0,0.5,93.01,
ERCOT,92.5,6,85,9,0,132,0.25,0.25,0.0,92.99,
ERCOT,92.5,6,85,9,0,132,0.25,0.25,0.5,92.99,
ERCOT,92.5,6,85,9,0,132,0.25,0.5,0.0,92.99,
ERCOT,92.5,6,85,9,0,132,0.25,0.5,0.5,92.99,
ERCOT,92.5,6,85,9,0,132,0.25,0.75,0.0,92.99,
ERCOT,92.5,6,85,9,0,132,0.25,0.75,0.5,92.99,
ERCOT,92.5,6,85,9,0,132,0.25,1.0,0.0,92.99,
ERCOT,92.5,6,85,9,0,132,0.25,1.0,0.5,92.99,
ERCOT,92.5,6,85,9,0,132,0.5,0.0,0.0,92.99,
ERCOT,92.5,6,85,9,0,132,0.5,0.0,0.5,92.99,
ERCOT,92.5,6,85,9,0,132,0.5,0.25,0.0,92.99,
ERCOT,92.5,6,85,9,0,132,0.5,0.25,0.5,92.99,
ERCOT,92.5,6,85,9,0,132,0.5,0.5,0.0,92.99,
ERCOT,92.5,6,85,9,0,132,0.5,0.5,0.5,92.99,
ERCOT,92.5,6,85,9,0,132,0.5,0.75,0.0,92.99,
ERCOT,92.5,6,85,9,0,132,0.5,0.75,0.5,92.99,
ERCOT,92.5,6,85,9,0,132,0.5,1.0,0.0,92.99,
ERCOT,92.5,6,85,9,0,132,0.5,1.0,0.5,92.99,
ERCOT,92.5,7,85,8,0,242,0.0,0.0,2.0,92.68,
ERCOT,92.5,7,85,8,0,192,0.0,0.0,2.5,92.67,
ERCOT,92.5,7,85,8,0,162,0.0,0.25,0.0,92.88,
ERCOT,92.5,7,85,8,0,147,0.0,0.25,0.5,93.13,
ERCOT,92.5,7,85,8,0,137,0.0,0.25,1.0,92.71,
ERCOT,92.5,7,85,8,0,132,0.0,0.25,1.5,92.87,
ERCOT,92.5,7,85,8,0,127,0.0,0.25,2.0,92.5,
ERCOT,92.5,7,85,8,0,127,0.0,0.25,2.5,93.11,
ERCOT,92.5,7,85,8,0,132,0.0,0.5,0.0,93.04,
ERCOT,92.5,7,85,8,0,132,0.0,0.5,0.5,93.05,
ERCOT,92.5,7,85,8,0,132,0.0,0.75,0.0,93.04,
ERCOT,92.5,7,85,8,0,132,0.0,0.75,0.5,93.04,
ERCOT,92.5,7,85,8,0,132,0.0,1.0,0.0,93.04,
ERCOT,92.5,7,85,8,0,132,0.0,1.0,0.5,93.04,
ERCOT,92.5,7,85,8,0,132,0.25,0.0,0.0,92.96,
ERCOT,92.5,7,85,8,0,132,0.25,0.0,0.5,92.97,
ERCOT,92.5,7,85,8,0,132,0.25,0.25,0.0,92.96,
ERCOT,92.5,7,85,8,0,132,0.25,0.25,0.5,92.96,
ERCOT,92.5,7,85,8,0,132,0.25,0.5,0.0,92.96,
ERCOT,92.5,7,85,8,0,132,0.25,0.5,0.5,92.96,
ERCOT,92.5,7,85,8,0,132,0.25,0.75,0.0,92.96,
ERCOT,92.5,7,85,8,0,132,0.25,0.75,0.5,92.96,
ERCOT,92.5,7,85,8,0,132,0.25,1.0,0.0,92.96,
ERCOT,92.5,7,85,8,0,132,0.25,1.0,0.5,92.96,
ERCOT,92.5,7,85,8,0,132,0.5,0.0,0.0,92.96,
ERCOT,92.5,7,85,8,0,132,0.5,0.0,0.5,92.96,
ERCOT,92.5,7,85,8,0,132,0.5,0.25,0.0,92.96,
ERCOT,92.5,7,85,8,0,132,0.5,0.25,0.5,92.96,
ERCOT,92.5,7,85,8,0,132,0.5,0.5,0.0,92.96,
ERCOT,92.5,7,85,8,0,132,0.5,0.5,0.5,92.96,
ERCOT,92.5,7,85,8,0,132,0.5,0.75,0.0,92.96,
ERCOT,92.5,7,85,8,0,132,0.5,0.75,0.5,92.96,
ERCOT,92.5,7,85,8,0,132,0.5,1.0,0.0,92.96,
ERCOT,92.5,7,85,8,0,132,0.5,1.0,0.5,92.96,
ERCOT,92.5,8,85,7,0,242,0.0,0.0,2.0,92.54,
ERCOT,92.5,8,85,7,0,192,0.0,0.0,2.5,92.57,
ERCOT,92.5,8,85,7,0,162,0.0,0.25,0.0,92.79,
ERCOT,92.5,8,85,7,0,147,0.0,0.25,0.5,93.06,
ERCOT,92.5,8,85,7,0,137,0.0,0.25,1.0,92.65,
ERCOT,92.5,8,85,7,0,132,0.0,0.25,1.5,92.82,
ERCOT,92.5,8,85,7,0,132,0.0,0.25,2.0,93.77,
ERCOT,92.5,8,85,7,0,132,0.0,0.5,0.0,93.02,
ERCOT,92.5,8,85,7,0,132,0.0,0.5,0.5,93.03,
ERCOT,92.5,8,85,7,0,132,0.0,0.75,0.0,93.02,
ERCOT,92.5,8,85,7,0,132,0.0,0.75,0.5,93.02,
ERCOT,92.5,8,85,7,0,132,0.0,1.0,0.0,93.02,
ERCOT,92.5,8,85,7,0,132,0.0,1.0,0.5,93.02,
ERCOT,92.5,8,85,7,0,132,0.25,0.0,0.0,92.92,
ERCOT,92.5,8,85,7,0,132,0.25,0.0,0.5,92.94,
ERCOT,92.5,8,85,7,0,132,0.25,0.25,0.0,92.92,
ERCOT,92.5,8,85,7,0,132,0.25,0.25,0.5,92.92,
ERCOT,92.5,8,85,7,0,132,0.25,0.5,0.0,92.92,
ERCOT,92.5,8,85,7,0,132,0.25,0.5,0.5,92.92,
ERCOT,92.5,8,85,7,0,132,0.25,0.75,0.0,92.92,
ERCOT,92.5,8,85,7,0,132,0.25,0.75,0.5,92.92,
ERCOT,92.5,8,85,7,0,132,0.25,1.0,0.0,92.92,
ERCOT,92.5,8,85,7,0,132,0.25,1.0,0.5,92.92,
ERCOT,92.5,8,85,7,0,132,0.5,0.0,0.0,92.92,
ERCOT,92.5,8,85,7,0,132,0.5,0.0,0.5,92.92,
ERCOT,92.5,8,85,7,0,132,0.5,0.25,0.0,92.92,
ERCOT,92.5,8,85,7,0,132,0.5,0.25,0.5,92.92,
ERCOT,92.5,8,85,7,0,132,0.5,0.5,0.0,92.92,
ERCOT,92.5,8,85,7,0,132,0.5,0.5,0.5,92.92,
ERCOT,92.5,8,85,7,0,132,0.5,0.75,0.0,92.92,
ERCOT,92.5,8,85,7,0,132,0.5,0.75,0.5,92.92,
ERCOT,92.5,8,85,7,0,132,0.5,1.0,0.0,92.92,
ERCOT,92.5,8,85,7,0,132,0.5,1.0,0.5,92.92,
ERCOT,92.5,9,85,6,0,247,0.0,0.0,2.0,92.84,
ERCOT,92.5,9,85,6,0,197,0.0,0.0,2.5,93.0,
ERCOT,92.5,9,85,6,0,162,0.0,0.25,0.0,92.71,
ERCOT,92.5,9,85,6,0,147,0.0,0.25,0.5,93.0,
ERCOT,92.5,9,85,6,0,137,0.0,0.25,1.0,92.59,
ERCOT,92.5,9,85,6,0,132,0.0,0.25,1.5,92.77,
ERCOT,92.5,9,85,6,0,132,0.0,0.25,2.0,93.73,
ERCOT,92.5,9,85,6,0,132,0.0,0.5,0.0,92.99,
ERCOT,92.5,9,85,6,0,132,0.0,0.5,0.5,93.0,
ERCOT,92.5,9,85,6,0,132,0.0,0.75,0.0,92.99,
ERCOT,92.5,9,85,6,0,132,0.0,0.75,0.5,92.99,
ERCOT,92.5,9,85,6,0,132,0.0,1.0,0.0,92.99,
ERCOT,92.5,9,85,6,0,132,0.0,1.0,0.5,92.99,
ERCOT,92.5,9,85,6,0,132,0.25,0.0,0.0,92.88,
ERCOT,92.5,9,85,6,0,132,0.25,0.0,0.5,92.9,
ERCOT,92.5,9,85,6,0,132,0.25,0.25,0.0,92.88,
ERCOT,92.5,9,85,6,0,132,0.25,0.25,0.5,92.88,
ERCOT,92.5,9,85,6,0,132,0.25,0.5,0.0,92.88,
ERCOT,92.5,9,85,6,0,132,0.25,0.5,0.5,92.88,
ERCOT,92.5,9,85,6,0,132,0.25,0.75,0.0,92.88,
ERCOT,92.5,9,85,6,0,132,0.25,0.75,0.5,92.88,
ERCOT,92.5,9,85,6,0,132,0.25,1.0,0.0,92.88,
ERCOT,92.5,9,85,6,0,132,0.25,1.0,0.5,92.88,
ERCOT,92.5,9,85,6,0,132,0.5,0.0,0.0,92.88,
ERCOT,92.5,9,85,6,0,132,0.5,0.0,0.5,92.88,
ERCOT,92.5,9,85,6,0,132,0.5,0.25,0.0,92.88,
ERCOT,92.5,9,85,6,0,132,0.5,0.25,0.5,92.88,
ERCOT,92.5,9,85,6,0,132,0.5,0.5,0.0,92.88,
ERCOT,92.5,9,85,6,0,132,0.5,0.5,0.5,92.88,
ERCOT,92.5,9,85,6,0,132,0.5,0.75,0.0,92.88,
ERCOT,92.5,9,85,6,0,132,0.5,0.75,0.5,92.88,
ERCOT,92.5,9,85,6,0,132,0.5,1.0,0.0,92.88,
ERCOT,92.5,9,85,6,0,132,0.5,1.0,0.5,92.88,
ERCOT,92.5,11,84,5,0,237,0.0,0.0,2.0,92.94,
ERCOT,92.5,11,84,5,0,187,0.0,0.0,2.5,92.64,
ERCOT,92.5,11,84,5,0,157,0.0,0.25,0.0,92.71,
ERCOT,92.5,11,84,5,0,147,0.0,0.25,0.5,93.49,
ERCOT,92.5,11,84,5,0,137,0.0,0.25,1.0,93.02,
ERCOT,92.5,11,84,5,0,132,0.0,0.25,1.5,93.16,
ERCOT,92.5,11,84,5,0,127,0.0,0.25,2.0,92.72,
ERCOT,92.5,11,84,5,0,127,0.0,0.25,2.5,93.31,
ERCOT,92.5,11,84,5,0,132,0.0,0.5,0.0,93.19,
ERCOT,92.5,11,84,5,0,132,0.0,0.5,0.5,93.19,
ERCOT,92.5,11,84,5,0,132,0.0,0.75,0.0,93.19,
ERCOT,92.5,11,84,5,0,132,0.0,0.75,0.5,93.19,
ERCOT,92.5,11,84,5,0,132,0.0,1.0,0.0,93.19,
ERCOT,92.5,11,84,5,0,132,0.0,1.0,0.5,93.19,
ERCOT,92.5,11,84,5,0,132,0.25,0.0,0.0,93.07,
ERCOT,92.5,11,84,5,0,132,0.25,0.0,0.5,93.09,
ERCOT,92.5,11,84,5,0,132,0.25,0.25,0.0,93.07,
ERCOT,92.5,11,84,5,0,132,0.25,0.25,0.5,93.07,
ERCOT,92.5,11,84,5,0,132,0.25,0.5,0.0,93.07,
ERCOT,92.5,11,84,5,0,132,0.25,0.5,0.5,93.07,
ERCOT,92.5,11,84,5,0,132,0.25,0.75,0.0,93.07,
ERCOT,92.5,11,84,5,0,132,0.25,0.75,0.5,93.07,
ERCOT,92.5,11,84,5,0,132,0.25,1.0,0.0,93.07,
ERCOT,92.5,11,84,5,0,132,0.25,1.0,0.5,93.07,
ERCOT,92.5,11,84,5,0,132,0.5,0.0,0.0,93.07,
ERCOT,92.5,11,84,5,0,132,0.5,0.0,0.5,93.07,
ERCOT,92.5,11,84,5,0,132,0.5,0.25,0.0,93.07,
ERCOT,92.5,11,84,5,0,132,0.5,0.25,0.5,93.07,
ERCOT,92.5,11,84,5,0,132,0.5,0.5,0.0,93.07,
ERCOT,92.5,11,84,5,0,132,0.5,0.5,0.5,93.07,
ERCOT,92.5,11,84,5,0,132,0.5,0.75,0.0,93.07,
ERCOT,92.5,11,84,5,0,132,0.5,0.75,0.5,93.07,
ERCOT,92.5,11,84,5,0,132,0.5,1.0,0.0,93.07,
ERCOT,92.5,11,84,5,0,132,0.5,1.0,0.5,93.07,
ERCOT,92.5,12,83,5,0,222,0.0,0.0,2.0,92.57,
ERCOT,92.5,12,83,5,0,182,0.0,0.0,2.5,92.84,
ERCOT,92.5,12,83,5,0,152,0.0,0.25,0.0,92.69,
ERCOT,92.5,12,83,5,0,142,0.0,0.25,0.5,93.0,
ERCOT,92.5,12,83,5,0,137,0.0,0.25,1.0,93.53,
ERCOT,92.5,12,83,5,0,132,0.0,0.25,1.5,93.56,
ERCOT,92.5,12,83,5,0,127,0.0,0.25,2.0,93.07,
ERCOT,92.5,12,83,5,0,127,0.0,0.25,2.5,93.62,
ERCOT,92.5,12,83,5,0,132,0.0,0.5,0.0,93.41,
ERCOT,92.5,12,83,5,0,132,0.0,0.5,0.5,93.41,
ERCOT,92.5,12,83,5,0,132,0.0,0.75,0.0,93.41,
ERCOT,92.5,12,83,5,0,132,0.0,0.75,0.5,93.41,
ERCOT,92.5,12,83,5,0,132,0.0,1.0,0.0,93.41,
ERCOT,92.5,12,83,5,0,132,0.0,1.0,0.5,93.41,
ERCOT,92.5,12,83,5,0,132,0.25,0.0,0.0,93.3,
ERCOT,92.5,12,83,5,0,132,0.25,0.0,0.5,93.32,
ERCOT,92.5,12,83,5,0,132,0.25,0.25,0.0,93.3,
ERCOT,92.5,12,83,5,0,132,0.25,0.25,0.5,93.3,
ERCOT,92.5,12,83,5,0,132,0.25,0.5,0.0,93.3,
ERCOT,92.5,12,83,5,0,132,0.25,0.5,0.5,93.3,
ERCOT,92.5,12,83,5,0,132,0.25,0.75,0.0,93.3,
ERCOT,92.5,12,83,5,0,132,0.25,0.75,0.5,93.3,
ERCOT,92.5,12,83,5,0,132,0.25,1.0,0.0,93.3,
ERCOT,92.5,12,83,5,0,132,0.25,1.0,0.5,93.3,
ERCOT,92.5,12,83,5,0,132,0.5,0.0,0.0,93.3,
ERCOT,92.5,12,83,5,0,132,0.5,0.0,0.5,93.3,
ERCOT,92.5,12,83,5,0,132,0.5,0.25,0.0,93.3,
ERCOT,92.5,12,83,5,0,132,0.5,0.25,0.5,93.3,
ERCOT,92.5,12,83,5,0,132,0.5,0.5,0.0,93.3,
ERCOT,92.5,12,83,5,0,132,0.5,0.5,0.5,93.3,
ERCOT,92.5,12,83,5,0,132,0.5,0.75,0.0,93.3,
ERCOT,92.5,12,83,5,0,132,0.5,0.75,0.5,93.3,
ERCOT,92.5,12,83,5,0,132,0.5,1.0,0.0,93.3,
ERCOT,92.5,12,83,5,0,132,0.5,1.0,0.5,93.3,
ERCOT,92.5,13,82,5,0,212,0.0,0.0,2.0,92.56,
ERCOT,92.5,13,82,5,0,177,0.0,0.0,2.5,92.95,
ERCOT,92.5,13,82,5,0,147,0.0,0.25,0.0,92.54,
ERCOT,92.5,13,82,5,0,142,0.0,0.25,0.5,93.54,
ERCOT,92.5,13,82,5,0,132,0.0,0.25,1.0,92.73,
ERCOT,92.5,13,82,5,0,127,0.0,0.25,1.5,92.59,
ERCOT,92.5,13,82,5,0,127,0.0,0.25,2.0,93.41,
ERCOT,92.5,13,82,5,0,127,0.0,0.5,0.0,92.65,
ERCOT,92.5,13,82,5,0,127,0.0,0.5,0.5,92.65,
ERCOT,92.5,13,82,5,0,127,0.0,0.75,0.0,92.65,
ERCOT,92.5,13,82,5,0,127,0.0,0.75,0.5,92.65,
ERCOT,92.5,13,82,5,0,127,0.0,1.0,0.0,92.65,
ERCOT,92.5,13,82,5,0,127,0.0,1.0,0.5,92.65,
ERCOT,92.5,13,82,5,0,132,0.25,0.0,0.0,93.53,
ERCOT,92.5,13,82,5,0,132,0.25,0.0,0.5,93.54,
ERCOT,92.5,13,82,5,0,132,0.25,0.25,0.0,93.53,
ERCOT,92.5,13,82,5,0,132,0.25,0.25,0.5,93.53,
ERCOT,92.5,13,82,5,0,132,0.25,0.5,0.0,93.53,
ERCOT,92.5,13,82,5,0,132,0.25,0.5,0.5,93.53,
ERCOT,92.5,13,82,5,0,132,0.25,0.75,0.0,93.53,
ERCOT,92.5,13,82,5,0,132,0.25,0.75,0.5,93.53,
ERCOT,92.5,13,82,5,0,132,0.25,1.0,0.0,93.53,
ERCOT,92.5,13,82,5,0,132,0.25,1.0,0.5,93.53,
ERCOT,92.5,13,82,5,0,132,0.5,0.0,0.0,93.53,
ERCOT,92.5,13,82,5,0,132,0.5,0.0,0.5,93.53,
ERCOT,92.5,13,82,5,0,132,0.5,0.25,0.0,93.53,
ERCOT,92.5,13,82,5,0,132,0.5,0.25,0.5,93.53,
ERCOT,92.5,13,82,5,0,132,0.5,0.5,0.0,93.53,
ERCOT,92.5,13,82,5,0,132,0.5,0.5,0.5,93.53,
ERCOT,92.5,13,82,5,0,132,0.5,0.75,0.0,93.53,
ERCOT,92.5,13,82,5,0,132,0.5,0.75,0.5,93.53,
ERCOT,92.5,13,82,5,0,132,0.5,1.0,0.0,93.53,
ERCOT,92.5,13,82,5,0,132,0.5,1.0,0.5,93.53,
ERCOT,92.5,14,81,5,0,207,0.0,0.0,2.0,92.98,
ERCOT,92.5,14,81,5,0,172,0.0,0.0,2.5,92.97,
ERCOT,92.5,14,81,5,0,147,0.0,0.25,0.0,93.17,
ERCOT,92.5,14,81,5,0,137,0.0,0.25,0.5,92.92,
ERCOT,92.5,14,81,5,0,132,0.0,0.25,1.0,93.21,
ERCOT,92.5,14,81,5,0,127,0.0,0.25,1.5,92.99,
ERCOT,92.5,14,81,5,0,127,0.0,0.25,2.0,93.73,
ERCOT,92.5,14,81,5,0,127,0.0,0.5,0.0,92.88,
ERCOT,92.5,14,81,5,0,127,0.0,0.5,0.5,92.88,
ERCOT,92.5,14,81,5,0,127,0.0,0.75,0.0,92.88,
ERCOT,92.5,14,81,5,0,127,0.0,0.75,0.5,92.88,
ERCOT,92.5,14,81,5,0,127,0.0,1.0,0.0,92.88,
ERCOT,92.5,14,81,5,0,127,0.0,1.0,0.5,92.88,
ERCOT,92.5,14,81,5,0,127,0.25,0.0,0.0,92.72,
ERCOT,92.5,14,81,5,0,127,0.25,0.0,0.5,92.72,
ERCOT,92.5,14,81,5,0,127,0.25,0.25,0.0,92.72,
ERCOT,92.5,14,81,5,0,127,0.25,0.25,0.5,92.72,
ERCOT,92.5,14,81,5,0,127,0.25,0.5,0.0,92.72,
ERCOT,92.5,14,81,5,0,127,0.25,0.5,0.5,92.72,
ERCOT,92.5,14,81,5,0,127,0.25,0.75,0.0,92.72,
ERCOT,92.5,14,81,5,0,127,0.25,0.75,0.5,92.72,
ERCOT,92.5,14,81,5,0,127,0.25,1.0,0.0,92.72,
ERCOT,92.5,14,81,5,0,127,0.25,1.0,0.5,92.72,
ERCOT,92.5,14,81,5,0,127,0.5,0.0,0.0,92.72,
ERCOT,92.5,14,81,5,0,127,0.5,0.0,0.5,92.72,
ERCOT,92.5,14,81,5,0,127,0.5,0.25,0.0,92.72,
ERCOT,92.5,14,81,5,0,127,0.5,0.25,0.5,92.72,
ERCOT,92.5,14,81,5,0,127,0.5,0.5,0.0,92.72,
ERCOT,92.5,14,81,5,0,127,0.5,0.5,0.5,92.72,
ERCOT,92.5,14,81,5,0,127,0.5,0.75,0.0,92.72,
ERCOT,92.5,14,81,5,0,127,0.5,0.75,0.5,92.72,
ERCOT,92.5,14,81,5,0,127,0.5,1.0,0.0,92.72,
ERCOT,92.5,14,81,5,0,127,0.5,1.0,0.5,92.72,
ERCOT,92.5,6,50,44,0,172,0.0,0.0,0.0,92.58,
ERCOT,92.5,6,51,43,0,177,0.0,0.0,0.0,92.81,
ERCOT,92.5,6,52,42,0,182,0.0,0.0,0.0,93.01,
ERCOT,92.5,6,53,41,0,187,0.0,0.0,0.0,93.18,
ERCOT,92.5,6,54,40,0,187,0.0,0.0,0.0,92.66,
ERCOT,92.5,7,49,44,0,172,0.0,0.0,0.0,93.09,
ERCOT,92.5,7,50,43,0,172,0.0,0.0,0.0,92.61,
ERCOT,92.5,7,51,42,0,177,0.0,0.0,0.0,92.84,
ERCOT,92.5,7,52,41,0,182,0.0,0.0,0.0,93.04,
ERCOT,92.5,7,53,40,0,182,0.0,0.0,0.0,92.52,
ERCOT,92.5,7,54,39,0,187,0.0,0.0,0.0,92.69,
ERCOT,92.5,8,48,44,0,167,0.0,0.0,0.0,92.84,
ERCOT,92.5,8,49,43,0,172,0.0,0.0,0.0,93.12,
ERCOT,92.5,8,50,42,0,172,0.0,0.0,0.0,92.63,
ERCOT,92.5,8,51,41,0,177,0.0,0.0,0.0,92.87,
ERCOT,92.5,8,52,40,0,182,0.0,0.0,0.0,93.07,
ERCOT,92.5,8,53,39,0,182,0.0,0.0,0.0,92.55,
ERCOT,92.5,8,54,38,0,187,0.0,0.0,0.0,92.71,
ERCOT,92.5,9,47,44,0,162,0.0,0.0,0.0,92.55,
ERCOT,92.5,9,48,43,0,167,0.0,0.0,0.0,92.87,
ERCOT,92.5,9,49,42,0,172,0.0,0.0,0.0,93.14,
ERCOT,92.5,9,50,41,0,172,0.0,0.0,0.0,92.65,
ERCOT,92.5,9,51,40,0,177,0.0,0.0,0.0,92.89,
ERCOT,92.5,9,52,39,0,182,0.0,0.0,0.0,93.1,
ERCOT,92.5,9,53,38,0,182,0.0,0.0,0.0,92.57,
ERCOT,92.5,9,54,37,0,187,0.0,0.0,0.0,92.74,
ERCOT,92.5,10,46,44,0,162,0.0,0.0,0.0,93.04,
ERCOT,92.5,10,47,43,0,162,0.0,0.0,0.0,92.57,
ERCOT,92.5,10,48,42,0,167,0.0,0.0,0.0,92.89,
ERCOT,92.5,10,49,41,0,172,0.0,0.0,0.0,93.17,
ERCOT,92.5,10,51,39,0,177,0.0,0.0,0.0,92.92,
ERCOT,92.5,10,52,38,0,182,0.0,0.0,0.0,93.13,
ERCOT,92.5,10,53,37,0,182,0.0,0.0,0.0,92.59,
ERCOT,92.5,10,54,36,0,187,0.0,0.0,0.0,92.76,
ERCOT,92.5,11,46,43,0,162,0.0,0.0,0.0,93.06,
ERCOT,92.5,11,47,42,0,162,0.0,0.0,0.0,92.59,
ERCOT,92.5,11,48,41,0,167,0.0,0.0,0.0,92.91,
ERCOT,92.5,11,49,40,0,172,0.0,0.0,0.0,93.2,
ERCOT,92.5,11,50,39,0,172,0.0,0.0,0.0,92.69,
ERCOT,92.5,11,51,38,0,177,0.0,0.0,0.0,92.94,
ERCOT,92.5,11,52,37,0,182,0.0,0.0,0.0,93.15,
ERCOT,92.5,11,53,36,0,182,0.0,0.0,0.0,92.6,
ERCOT,92.5,12,46,42,0,162,0.0,0.0,0.0,93.09,
ERCOT,92.5,12,47,41,0,162,0.0,0.0,0.0,92.61,
ERCOT,92.5,12,48,40,0,167,0.0,0.0,0.0,92.93,
ERCOT,92.5,12,49,39,0,172,0.0,0.0,0.0,93.22,
ERCOT,92.5,12,50,38,0,172,0.0,0.0,0.0,92.71,
ERCOT,92.5,12,51,37,0,177,0.0,0.0,0.0,92.96,
ERCOT,92.5,12,52,36,0,182,0.0,0.0,0.0,93.17,
ERCOT,92.5,13,46,41,0,162,0.0,0.0,0.0,93.11,
ERCOT,92.5,13,47,40,0,162,0.0,0.0,0.0,92.62,
ERCOT,92.5,13,48,39,0,167,0.0,0.0,0.0,92.95,
ERCOT,92.5,13,49,38,0,172,0.0,0.0,0.0,93.24,
ERCOT,92.5,13,50,37,0,172,0.0,0.0,0.0,92.73,
ERCOT,92.5,13,51,36,0,177,0.0,0.0,0.0,92.98,
ERCOT,92.5,14,46,40,0,162,0.0,0.0,0.0,93.13,
ERCOT,92.5,14,47,39,0,162,0.0,0.0,0.0,92.64,
ERCOT,92.5,14,48,38,0,167,0.0,0.0,0.0,92.97,
ERCOT,92.5,14,49,37,0,172,0.0,0.0,0.0,93.26,
ERCOT,92.5,14,50,36,0,172,0.0,0.0,0.0,92.74,
ERCOT,92.5,21,10,69,0,117,0.0,0.0,0.0,92.96,
ERCOT,92.5,21,11,68,0,117,0.0,0.0,0.0,93.15,
ERCOT,92.5,21,12,67,0,117,0.0,0.0,0.0,93.32,
ERCOT,92.5,21,13,66,0,117,0.0,0.0,0.0,93.46,
ERCOT,92.5,21,14,65,0,117,0.0,0.0,0.0,93.58,
ERCOT,92.5,22,10,68,0,117,0.0,0.0,0.0,93.04,
ERCOT,92.5,22,11,67,0,117,0.0,0.0,0.0,93.23,
ERCOT,92.5,22,12,66,0,117,0.0,0.0,0.0,93.4,
ERCOT,92.5,22,13,65,0,117,0.0,0.0,0.0,93.54,
ERCOT,92.5,23,10,67,0,117,0.0,0.0,0.0,93.12,
ERCOT,92.5,23,11,66,0,117,0.0,0.0,0.0,93.31,
ERCOT,92.5,23,12,65,0,117,0.0,0.0,0.0,93.48,
ERCOT,92.5,24,10,66,0,117,0.0,0.0,0.0,93.21,
ERCOT,92.5,24,11,65,0,117,0.0,0.0,0.0,93.39,
ERCOT,92.5,26,9,65,0,117,0.0,0.0,0.0,93.16,
ERCOT,92.5,26,10,64,0,117,0.0,0.0,0.0,93.37,
ERCOT,92.5,27,8,65,0,117,0.0,0.0,0.0,93.01,
ERCOT,92.5,27,9,64,0,117,0.0,0.0,0.0,93.24,
ERCOT,92.5,27,10,63,0,117,0.0,0.0,0.0,93.45,
ERCOT,92.5,28,7,65,0,117,0.0,0.0,0.0,92.84,
ERCOT,92.5,28,8,64,0,117,0.0,0.0,0.0,93.09,
ERCOT,92.5,28,9,63,0,117,0.0,0.0,0.0,93.32,
ERCOT,92.5,28,10,62,0,117,0.0,0.0,0.0,93.53,
ERCOT,92.5,29,6,65,0,117,0.0,0.0,0.0,92.64,
ERCOT,92.5,29,7,64,0,117,0.0,0.0,0.0,92.92,
ERCOT,92.5,29,8,63,0,117,0.0,0.0,0.0,93.17,
ERCOT,92.5,29,9,62,0,117,0.0,0.0,0.0,93.4,
ERCOT,92.5,29,10,61,0,117,0.0,0.0,0.0,93.61,
ERCOT,92.5,26,34,40,0,132,0.0,0.0,0.0,92.86,
ERCOT,92.5,27,33,40,0,132,0.0,0.0,0.0,93.29,
ERCOT,92.5,27,34,39,0,132,0.0,0.0,0.0,92.87,
ERCOT,92.5,28,32,40,0,127,0.0,0.0,0.0,92.52,
ERCOT,92.5,28,33,39,0,132,0.0,0.0,0.0,93.3,
ERCOT,92.5,28,34,38,0,132,0.0,0.0,0.0,92.87,
ERCOT,92.5,29,31,40,0,127,0.0,0.0,0.0,92.95,
ERCOT,92.5,29,32,39,0,127,0.0,0.0,0.0,92.52,
ERCOT,92.5,29,33,38,0,132,0.0,0.0,0.0,93.31,
ERCOT,92.5,29,34,37,0,132,0.0,0.0,0.0,92.87,
ERCOT,92.5,30,26,44,0,122,0.0,0.0,0.0,93.63,
ERCOT,92.5,30,27,43,0,122,0.0,0.0,0.0,93.28,
ERCOT,92.5,30,28,42,0,122,0.0,0.0,0.0,92.9,
ERCOT,92.5,30,29,41,0,127,0.0,0.0,0.0,93.74,
ERCOT,92.5,30,31,39,0,127,0.0,0.0,0.0,92.96,
ERCOT,92.5,30,32,38,0,127,0.0,0.0,0.0,92.52,
ERCOT,92.5,30,33,37,0,132,0.0,0.0,0.0,93.31,
ERCOT,92.5,30,34,36,0,132,0.0,0.0,0.0,92.87,
ERCOT,92.5,31,26,43,0,122,0.0,0.0,0.0,93.65,
ERCOT,92.5,31,27,42,0,122,0.0,0.0,0.0,93.29,
ERCOT,92.5,31,28,41,0,122,0.0,0.0,0.0,92.91,
ERCOT,92.5,31,29,40,0,127,0.0,0.0,0.0,93.76,
ERCOT,92.5,32,26,42,0,122,0.0,0.0,0.0,93.66,
ERCOT,92.5,32,27,41,0,122,0.0,0.0,0.0,93.3,
ERCOT,92.5,32,28,40,0,122,0.0,0.0,0.0,92.91,
ERCOT,92.5,33,26,41,0,122,0.0,0.0,0.0,93.67,
ERCOT,92.5,33,27,40,0,122,0.0,0.0,0.0,93.31,
ERCOT,92.5,34,26,40,0,122,0.0,0.0,0.0,93.68,
ERCOT,92.5,11,35,54,0,137,0.0,0.0,0.0,93.25,
ERCOT,92.5,11,36,53,0,137,0.0,0.0,0.0,92.88,
ERCOT,92.5,11,37,52,0,142,0.0,0.0,0.0,93.42,
ERCOT,92.5,11,38,51,0,142,0.0,0.0,0.0,93.05,
ERCOT,92.5,11,39,50,0,142,0.0,0.0,0.0,92.65,
ERCOT,92.5,12,34,54,0,132,0.0,0.0,0.0,92.66,
ERCOT,92.5,12,35,53,0,137,0.0,0.0,0.0,93.27,
ERCOT,92.5,12,36,52,0,137,0.0,0.0,0.0,92.9,
ERCOT,92.5,12,37,51,0,137,0.0,0.0,0.0,92.51,
ERCOT,92.5,12,38,50,0,142,0.0,0.0,0.0,93.07,
ERCOT,92.5,12,39,49,0,142,0.0,0.0,0.0,92.67,
ERCOT,92.5,13,33,54,0,132,0.0,0.0,0.0,93.05,
ERCOT,92.5,13,34,53,0,132,0.0,0.0,0.0,92.68,
ERCOT,92.5,13,35,52,0,137,0.0,0.0,0.0,93.3,
ERCOT,92.5,13,36,51,0,137,0.0,0.0,0.0,92.93,
ERCOT,92.5,13,37,50,0,137,0.0,0.0,0.0,92.53,
ERCOT,92.5,13,38,49,0,142,0.0,0.0,0.0,93.09,
ERCOT,92.5,13,39,48,0,142,0.0,0.0,0.0,92.68,
ERCOT,92.5,14,32,54,0,132,0.0,0.0,0.0,93.42,
ERCOT,92.5,14,33,53,0,132,0.0,0.0,0.0,93.07,
ERCOT,92.5,14,34,52,0,132,0.0,0.0,0.0,92.7,
ERCOT,92.5,14,35,51,0,137,0.0,0.0,0.0,93.33,
ERCOT,92.5,14,36,50,0,137,0.0,0.0,0.0,92.95,
ERCOT,92.5,14,37,49,0,137,0.0,0.0,0.0,92.55,
ERCOT,92.5,14,38,48,0,142,0.0,0.0,0.0,93.11,
ERCOT,92.5,14,39,47,0,142,0.0,0.0,0.0,92.7,
ERCOT,92.5,15,31,54,0,127,0.0,0.0,0.0,92.76,
ERCOT,92.5,15,32,53,0,132,0.0,0.0,0.0,93.45,
ERCOT,92.5,15,33,52,0,132,0.0,0.0,0.0,93.1,
ERCOT,92.5,15,34,51,0,132,0.0,0.0,0.0,92.72,
ERCOT,92.5,15,36,49,0,137,0.0,0.0,0.0,92.97,
ERCOT,92.5,15,37,48,0,137,0.0,0.0,0.0,92.56,
ERCOT,92.5,15,38,47,0,142,0.0,0.0,0.0,93.14,
ERCOT,92.5,15,39,46,0,142,0.0,0.0,0.0,92.72,
ERCOT,92.5,16,31,53,0,127,0.0,0.0,0.0,92.78,
ERCOT,92.5,16,32,52,0,132,0.0,0.0,0.0,93.48,
ERCOT,92.5,16,33,51,0,132,0.0,0.0,0.0,93.12,
ERCOT,92.5,16,34,50,0,132,0.0,0.0,0.0,92.74,
ERCOT,92.5,16,35,49,0,137,0.0,0.0,0.0,93.37,
ERCOT,92.5,16,36,48,0,137,0.0,0.0,0.0,92.99,
ERCOT,92.5,16,37,47,0,137,0.0,0.0,0.0,92.58,
ERCOT,92.5,16,38,46,0,142,0.0,0.0,0.0,93.16,
ERCOT,92.5,17,31,52,0,127,0.0,0.0,0.0,92.8,
ERCOT,92.5,17,32,51,0,132,0.0,0.0,0.0,93.5,
ERCOT,92.5,17,33,50,0,132,0.0,0.0,0.0,93.14,
ERCOT,92.5,17,34,49,0,132,0.0,0.0,0.0,92.76,
ERCOT,92.5,17,35,48,0,137,0.0,0.0,0.0,93.39,
ERCOT,92.5,17,36,47,0,137,0.0,0.0,0.0,93.01,
ERCOT,92.5,17,37,46,0,137,0.0,0.0,0.0,92.59,
ERCOT,92.5,18,31,51,0,127,0.0,0.0,0.0,92.82,
ERCOT,92.5,18,32,50,0,132,0.0,0.0,0.0,93.52,
ERCOT,92.5,18,33,49,0,132,0.0,0.0,0.0,93.16,
ERCOT,92.5,18,34,48,0,132,0.0,0.0,0.0,92.78,
ERCOT,92.5,18,35,47,0,137,0.0,0.0,0.0,93.42,
ERCOT,92.5,18,36,46,0,137,0.0,0.0,0.0,93.02,
ERCOT,92.5,19,31,50,0,127,0.0,0.0,0.0,92.84,
ERCOT,92.5,19,32,49,0,132,0.0,0.0,0.0,93.55,
ERCOT,92.5,19,33,48,0,132,0.0,0.0,0.0,93.18,
ERCOT,92.5,19,34,47,0,132,0.0,0.0,0.0,92.79,
ERCOT,92.5,19,35,46,0,137,0.0,0.0,0.0,93.44,
ERCOT,92.5,66,5,29,0,112,0.0,0.0,0.0,93.57,
ERCOT,92.5,66,6,28,0,112,0.0,0.0,0.0,93.8,
ERCOT,92.5,66,7,27,0,112,0.0,0.0,0.0,94.0,
ERCOT,92.5,66,8,26,0,112,0.0,0.0,0.0,94.18,
ERCOT,92.5,66,9,25,0,112,0.0,0.0,0.0,94.31,
ERCOT,92.5,67,4,29,0,112,0.0,0.0,0.0,93.37,
ERCOT,92.5,67,5,28,0,112,0.0,0.0,0.0,93.62,
ERCOT,92.5,67,6,27,0,112,0.0,0.0,0.0,93.85,
ERCOT,92.5,67,7,26,0,112,0.0,0.0,0.0,94.05,
ERCOT,92.5,67,8,25,0,112,0.0,0.0,0.0,94.22,
ERCOT,92.5,68,3,29,0,112,0.0,0.0,0.0,93.14,
ERCOT,92.5,68,4,28,0,112,0.0,0.0,0.0,93.42,
ERCOT,92.5,68,5,27,0,112,0.0,0.0,0.0,93.67,
ERCOT,92.5,68,6,26,0,112,0.0,0.0,0.0,93.9,
ERCOT,92.5,68,7,25,0,112,0.0,0.0,0.0,94.1,
ERCOT,92.5,69,2,29,0,112,0.0,0.0,0.0,92.89,
ERCOT,92.5,69,3,28,0,112,0.0,0.0,0.0,93.2,
ERCOT,92.5,69,4,27,0,112,0.0,0.0,0.0,93.47,
ERCOT,92.5,69,5,26,0,112,0.0,0.0,0.0,93.73,
ERCOT,92.5,69,6,25,0,112,0.0,0.0,0.0,93.95,
ERCOT,92.5,70,1,29,0,112,0.0,0.0,0.0,92.62,
ERCOT,92.5,70,2,28,0,112,0.0,0.0,0.0,92.95,
ERCOT,92.5,70,3,27,0,112,0.0,0.0,0.0,93.25,
ERCOT,92.5,70,4,26,0,112,0.0,0.0,0.0,93.53,
ERCOT,92.5,71,1,28,0,112,0.0,0.0,0.0,92.68,
ERCOT,92.5,71,2,27,0,112,0.0,0.0,0.0,93.0,
ERCOT,92.5,71,3,26,0,112,0.0,0.0,0.0,93.3,
ERCOT,92.5,71,4,25,0,112,0.0,0.0,0.0,93.58,
ERCOT,92.5,71,5,24,0,112,0.0,0.0,0.0,93.83,
ERCOT,92.5,72,1,27,0,112,0.0,0.0,0.0,92.73,
ERCOT,92.5,72,2,26,0,112,0.0,0.0,0.0,93.05,
ERCOT,92.5,72,3,25,0,112,0.0,0.0,0.0,93.35,
ERCOT,92.5,72,4,24,0,112,0.0,0.0,0.0,93.63,
ERCOT,92.5,72,5,23,0,112,0.0,0.0,0.0,93.87,
ERCOT,92.5,73,1,26,0,112,0.0,0.0,0.0,92.78,
ERCOT,92.5,73,2,25,0,112,0.0,0.0,0.0,93.1,
ERCOT,92.5,73,3,24,0,112,0.0,0.0,0.0,93.4,
ERCOT,92.5,73,4,23,0,112,0.0,0.0,0.0,93.68,
ERCOT,92.5,73,5,22,0,112,0.0,0.0,0.0,93.92,
ERCOT,92.5,74,1,25,0,112,0.0,0.0,0.0,92.83,
ERCOT,92.5,74,2,24,0,112,0.0,0.0,0.0,93.15,
ERCOT,92.5,74,3,23,0,112,0.0,0.0,0.0,93.45,
ERCOT,92.5,74,4,22,0,112,0.0,0.0,0.0,93.72,
ERCOT,92.5,74,5,21,0,112,0.0,0.0,0.0,93.97,
ERCOT,92.5,15,76,9,0,247,0.0,0.0,1.0,92.76,
ERCOT,92.5,15,76,9,0,202,0.0,0.0,1.5,92.5,
ERCOT,92.5,15,76,9,0,172,0.0,0.0,2.0,93.14,
ERCOT,92.5,15,76,9,0,152,0.0,0.0,2.5,92.97,
ERCOT,92.5,15,76,9,0,132,0.0,0.25,0.0,92.94,
ERCOT,92.5,15,76,9,0,127,0.0,0.25,0.5,92.98,
ERCOT,92.5,15,76,9,0,122,0.0,0.25,1.0,92.6,
ERCOT,92.5,15,76,9,0,122,0.0,0.25,1.5,93.35,
ERCOT,92.5,15,76,9,0,122,0.0,0.5,0.0,92.87,
ERCOT,92.5,15,76,9,0,122,0.0,0.5,0.5,92.87,
ERCOT,92.5,15,76,9,0,122,0.0,0.75,0.0,92.87,
ERCOT,92.5,15,76,9,0,122,0.0,0.75,0.5,92.87,
ERCOT,92.5,15,76,9,0,122,0.0,1.0,0.0,92.87,
ERCOT,92.5,15,76,9,0,122,0.0,1.0,0.5,92.87,
ERCOT,92.5,15,76,9,0,122,0.25,0.0,0.0,92.7,
ERCOT,92.5,15,76,9,0,122,0.25,0.0,0.5,92.7,
ERCOT,92.5,15,76,9,0,122,0.25,0.25,0.0,92.7,
ERCOT,92.5,15,76,9,0,122,0.25,0.25,0.5,92.7,
ERCOT,92.5,15,76,9,0,122,0.25,0.5,0.0,92.7,
ERCOT,92.5,15,76,9,0,122,0.25,0.5,0.5,92.7,
ERCOT,92.5,15,76,9,0,122,0.25,0.75,0.0,92.7,
ERCOT,92.5,15,76,9,0,122,0.25,0.75,0.5,92.7,
ERCOT,92.5,15,76,9,0,122,0.25,1.0,0.0,92.7,
ERCOT,92.5,15,76,9,0,122,0.25,1.0,0.5,92.7,
ERCOT,92.5,15,76,9,0,122,0.5,0.0,0.0,92.7,
ERCOT,92.5,15,76,9,0,122,0.5,0.0,0.5,92.7,
ERCOT,92.5,15,76,9,0,122,0.5,0.25,0.0,92.7,
ERCOT,92.5,15,76,9,0,122,0.5,0.25,0.5,92.7,
ERCOT,92.5,15,76,9,0,122,0.5,0.5,0.0,92.7,
ERCOT,92.5,15,76,9,0,122,0.5,0.5,0.5,92.7,
ERCOT,92.5,15,76,9,0,122,0.5,0.75,0.0,92.7,
ERCOT,92.5,15,76,9,0,122,0.5,0.75,0.5,92.7,
ERCOT,92.5,15,76,9,0,122,0.5,1.0,0.0,92.7,
ERCOT,92.5,15,76,9,0,122,0.5,1.0,0.5,92.7,
ERCOT,92.5,15,77,8,0,212,0.0,0.0,1.5,92.73,
ERCOT,92.5,15,77,8,0,177,0.0,0.0,2.0,93.01,
ERCOT,92.5,15,77,8,0,157,0.0,0.0,2.5,93.33,
ERCOT,92.5,15,77,8,0,137,0.0,0.25,0.0,93.55,
ERCOT,92.5,15,77,8,0,127,0.0,0.25,0.5,92.5,
ERCOT,92.5,15,77,8,0,127,0.0,0.25,1.0,93.68,
ERCOT,92.5,15,77,8,0,122,0.0,0.5,0.0,92.63,
ERCOT,92.5,15,77,8,0,122,0.0,0.5,0.5,92.63,
ERCOT,92.5,15,77,8,0,122,0.0,0.75,0.0,92.63,
ERCOT,92.5,15,77,8,0,122,0.0,0.75,0.5,92.63,
ERCOT,92.5,15,77,8,0,122,0.0,1.0,0.0,92.63,
ERCOT,92.5,15,77,8,0,122,0.0,1.0,0.5,92.63,
ERCOT,92.5,15,77,8,0,127,0.25,0.0,0.0,93.74,
ERCOT,92.5,15,77,8,0,127,0.25,0.0,0.5,93.74,
ERCOT,92.5,15,77,8,0,127,0.25,0.25,0.0,93.74,
ERCOT,92.5,15,77,8,0,127,0.25,0.25,0.5,93.74,
ERCOT,92.5,15,77,8,0,127,0.25,0.5,0.0,93.74,
ERCOT,92.5,15,77,8,0,127,0.25,0.5,0.5,93.74,
ERCOT,92.5,15,77,8,0,127,0.25,0.75,0.0,93.74,
ERCOT,92.5,15,77,8,0,127,0.25,0.75,0.5,93.74,
ERCOT,92.5,15,77,8,0,127,0.25,1.0,0.0,93.74,
ERCOT,92.5,15,77,8,0,127,0.25,1.0,0.5,93.74,
ERCOT,92.5,15,77,8,0,127,0.5,0.0,0.0,93.74,
ERCOT,92.5,15,77,8,0,127,0.5,0.0,0.5,93.74,
ERCOT,92.5,15,77,8,0,127,0.5,0.25,0.0,93.74,
ERCOT,92.5,15,77,8,0,127,0.5,0.25,0.5,93.74,
ERCOT,92.5,15,77,8,0,127,0.5,0.5,0.0,93.74,
ERCOT,92.5,15,77,8,0,127,0.5,0.5,0.5,93.74,
ERCOT,92.5,15,77,8,0,127,0.5,0.75,0.0,93.74,
ERCOT,92.5,15,77,8,0,127,0.5,0.75,0.5,93.74,
ERCOT,92.5,15,77,8,0,127,0.5,1.0,0.0,93.74,
ERCOT,92.5,15,77,8,0,127,0.5,1.0,0.5,93.74,
ERCOT,92.5,15,78,7,0,222,0.0,0.0,1.5,92.82,
ERCOT,92.5,15,78,7,0,182,0.0,0.0,2.0,92.79,
ERCOT,92.5,15,78,7,0,157,0.0,0.0,2.5,92.62,
ERCOT,92.5,15,78,7,0,137,0.0,0.25,0.0,92.98,
ERCOT,92.5,15,78,7,0,132,0.0,0.25,0.5,93.27,
ERCOT,92.5,15,78,7,0,127,0.0,0.25,1.0,93.24,
ERCOT,92.5,15,78,7,0,122,0.0,0.25,1.5,92.55,
ERCOT,92.5,15,78,7,0,122,0.0,0.25,2.0,93.09,
ERCOT,92.5,15,78,7,0,127,0.0,0.5,0.0,93.62,
ERCOT,92.5,15,78,7,0,127,0.0,0.5,0.5,93.62,
ERCOT,92.5,15,78,7,0,127,0.0,0.75,0.0,93.62,
ERCOT,92.5,15,78,7,0,127,0.0,0.75,0.5,93.62,
ERCOT,92.5,15,78,7,0,127,0.0,1.0,0.0,93.62,
ERCOT,92.5,15,78,7,0,127,0.0,1.0,0.5,93.62,
ERCOT,92.5,15,78,7,0,127,0.25,0.0,0.0,93.48,
ERCOT,92.5,15,78,7,0,127,0.25,0.0,0.5,93.48,
ERCOT,92.5,15,78,7,0,127,0.25,0.25,0.0,93.48,
ERCOT,92.5,15,78,7,0,127,0.25,0.25,0.5,93.48,
ERCOT,92.5,15,78,7,0,127,0.25,0.5,0.0,93.48,
ERCOT,92.5,15,78,7,0,127,0.25,0.5,0.5,93.48,
ERCOT,92.5,15,78,7,0,127,0.25,0.75,0.0,93.48,
ERCOT,92.5,15,78,7,0,127,0.25,0.75,0.5,93.48,
ERCOT,92.5,15,78,7,0,127,0.25,1.0,0.0,93.48,
ERCOT,92.5,15,78,7,0,127,0.25,1.0,0.5,93.48,
ERCOT,92.5,15,78,7,0,127,0.5,0.0,0.0,93.48,
ERCOT,92.5,15,78,7,0,127,0.5,0.0,0.5,93.48,
ERCOT,92.5,15,78,7,0,127,0.5,0.25,0.0,93.48,
ERCOT,92.5,15,78,7,0,127,0.5,0.25,0.5,93.48,
ERCOT,92.5,15,78,7,0,127,0.5,0.5,0.0,93.48,
ERCOT,92.5,15,78,7,0,127,0.5,0.5,0.5,93.48,
ERCOT,92.5,15,78,7,0,127,0.5,0.75,0.0,93.48,
ERCOT,92.5,15,78,7,0,127,0.5,0.75,0.5,93.48,
ERCOT,92.5,15,78,7,0,127,0.5,1.0,0.0,93.48,
ERCOT,92.5,15,78,7,0,127,0.5,1.0,0.5,93.48,
ERCOT,92.5,15,79,6,0,232,0.0,0.0,1.5,92.79,
ERCOT,92.5,15,79,6,0,187,0.0,0.0,2.0,92.51,
ERCOT,92.5,15,79,6,0,162,0.0,0.0,2.5,92.82,
ERCOT,92.5,15,79,6,0,142,0.0,0.25,0.0,93.44,
ERCOT,92.5,15,79,6,0,132,0.0,0.25,0.5,92.77,
ERCOT,92.5,15,79,6,0,127,0.0,0.25,1.0,92.76,
ERCOT,92.5,15,79,6,0,127,0.0,0.25,1.5,93.76,
ERCOT,92.5,15,79,6,0,127,0.0,0.5,0.0,93.37,
ERCOT,92.5,15,79,6,0,127,0.0,0.5,0.5,93.37,
ERCOT,92.5,15,79,6,0,127,0.0,0.75,0.0,93.37,
ERCOT,92.5,15,79,6,0,127,0.0,0.75,0.5,93.37,
ERCOT,92.5,15,79,6,0,127,0.0,1.0,0.0,93.37,
ERCOT,92.5,15,79,6,0,127,0.0,1.0,0.5,93.37,
ERCOT,92.5,15,79,6,0,127,0.25,0.0,0.0,93.22,
ERCOT,92.5,15,79,6,0,127,0.25,0.0,0.5,93.22,
ERCOT,92.5,15,79,6,0,127,0.25,0.25,0.0,93.22,
ERCOT,92.5,15,79,6,0,127,0.25,0.25,0.5,93.22,
ERCOT,92.5,15,79,6,0,127,0.25,0.5,0.0,93.22,
ERCOT,92.5,15,79,6,0,127,0.25,0.5,0.5,93.22,
ERCOT,92.5,15,79,6,0,127,0.25,0.75,0.0,93.22,
ERCOT,92.5,15,79,6,0,127,0.25,0.75,0.5,93.22,
ERCOT,92.5,15,79,6,0,127,0.25,1.0,0.0,93.22,
ERCOT,92.5,15,79,6,0,127,0.25,1.0,0.5,93.22,
ERCOT,92.5,15,79,6,0,127,0.5,0.0,0.0,93.22,
ERCOT,92.5,15,79,6,0,127,0.5,0.0,0.5,93.22,
ERCOT,92.5,15,79,6,0,127,0.5,0.25,0.0,93.22,
ERCOT,92.5,15,79,6,0,127,0.5,0.25,0.5,93.22,
ERCOT,92.5,15,79,6,0,127,0.5,0.5,0.0,93.22,
ERCOT,92.5,15,79,6,0,127,0.5,0.5,0.5,93.22,
ERCOT,92.5,15,79,6,0,127,0.5,0.75,0.0,93.22,
ERCOT,92.5,15,79,6,0,127,0.5,0.75,0.5,93.22,
ERCOT,92.5,15,79,6,0,127,0.5,1.0,0.0,93.22,
ERCOT,92.5,15,79,6,0,127,0.5,1.0,0.5,93.22,
ERCOT,92.5,16,76,8,0,247,0.0,0.0,1.0,92.6,
ERCOT,92.5,16,76,8,0,207,0.0,0.0,1.5,93.07,
ERCOT,92.5,16,76,8,0,172,0.0,0.0,2.0,93.05,
ERCOT,92.5,16,76,8,0,152,0.0,0.0,2.5,92.9,
ERCOT,92.5,16,76,8,0,132,0.0,0.25,0.0,92.89,
ERCOT,92.5,16,76,8,0,127,0.0,0.25,0.5,92.94,
ERCOT,92.5,16,76,8,0,122,0.0,0.25,1.0,92.55,
ERCOT,92.5,16,76,8,0,122,0.0,0.25,1.5,93.3,
ERCOT,92.5,16,76,8,0,122,0.0,0.5,0.0,92.84,
ERCOT,92.5,16,76,8,0,122,0.0,0.5,0.5,92.84,
ERCOT,92.5,16,76,8,0,122,0.0,0.75,0.0,92.84,
ERCOT,92.5,16,76,8,0,122,0.0,0.75,0.5,92.84,
ERCOT,92.5,16,76,8,0,122,0.0,1.0,0.0,92.84,
ERCOT,92.5,16,76,8,0,122,0.0,1.0,0.5,92.84,
ERCOT,92.5,16,76,8,0,122,0.25,0.0,0.0,92.67,
ERCOT,92.5,16,76,8,0,122,0.25,0.0,0.5,92.67,
ERCOT,92.5,16,76,8,0,122,0.25,0.25,0.0,92.67,
ERCOT,92.5,16,76,8,0,122,0.25,0.25,0.5,92.67,
ERCOT,92.5,16,76,8,0,122,0.25,0.5,0.0,92.67,
ERCOT,92.5,16,76,8,0,122,0.25,0.5,0.5,92.67,
ERCOT,92.5,16,76,8,0,122,0.25,0.75,0.0,92.67,
ERCOT,92.5,16,76,8,0,122,0.25,0.75,0.5,92.67,
ERCOT,92.5,16,76,8,0,122,0.25,1.0,0.0,92.67,
ERCOT,92.5,16,76,8,0,122,0.25,1.0,0.5,92.67,
ERCOT,92.5,16,76,8,0,122,0.5,0.0,0.0,92.67,
ERCOT,92.5,16,76,8,0,122,0.5,0.0,0.5,92.67,
ERCOT,92.5,16,76,8,0,122,0.5,0.25,0.0,92.67,
ERCOT,92.5,16,76,8,0,122,0.5,0.25,0.5,92.67,
ERCOT,92.5,16,76,8,0,122,0.5,0.5,0.0,92.67,
ERCOT,92.5,16,76,8,0,122,0.5,0.5,0.5,92.67,
ERCOT,92.5,16,76,8,0,122,0.5,0.75,0.0,92.67,
ERCOT,92.5,16,76,8,0,122,0.5,0.75,0.5,92.67,
ERCOT,92.5,16,76,8,0,122,0.5,1.0,0.0,92.67,
ERCOT,92.5,16,76,8,0,122,0.5,1.0,0.5,92.67,
ERCOT,92.5,16,77,7,0,212,0.0,0.0,1.5,92.6,
ERCOT,92.5,16,77,7,0,177,0.0,0.0,2.0,92.91,
ERCOT,92.5,16,77,7,0,157,0.0,0.0,2.5,93.26,
ERCOT,92.5,16,77,7,0,137,0.0,0.25,0.0,93.5,
ERCOT,92.5,16,77,7,0,132,0.0,0.25,0.5,93.71,
ERCOT,92.5,16,77,7,0,127,0.0,0.25,1.0,93.64,
ERCOT,92.5,16,77,7,0,122,0.0,0.25,1.5,92.92,
ERCOT,92.5,16,77,7,0,122,0.0,0.25,2.0,93.4,
ERCOT,92.5,16,77,7,0,122,0.0,0.5,0.0,92.59,
ERCOT,92.5,16,77,7,0,122,0.0,0.5,0.5,92.59,
ERCOT,92.5,16,77,7,0,122,0.0,0.75,0.0,92.59,
ERCOT,92.5,16,77,7,0,122,0.0,0.75,0.5,92.59,
ERCOT,92.5,16,77,7,0,122,0.0,1.0,0.0,92.59,
ERCOT,92.5,16,77,7,0,122,0.0,1.0,0.5,92.59,
ERCOT,92.5,16,77,7,0,127,0.25,0.0,0.0,93.7,
ERCOT,92.5,16,77,7,0,127,0.25,0.0,0.5,93.7,
ERCOT,92.5,16,77,7,0,127,0.25,0.25,0.0,93.7,
ERCOT,92.5,16,77,7,0,127,0.25,0.25,0.5,93.7,
ERCOT,92.5,16,77,7,0,127,0.25,0.5,0.0,93.7,
ERCOT,92.5,16,77,7,0,127,0.25,0.5,0.5,93.7,
ERCOT,92.5,16,77,7,0,127,0.25,0.75,0.0,93.7,
ERCOT,92.5,16,77,7,0,127,0.25,0.75,0.5,93.7,
ERCOT,92.5,16,77,7,0,127,0.25,1.0,0.0,93.7,
ERCOT,92.5,16,77,7,0,127,0.25,1.0,0.5,93.7,
ERCOT,92.5,16,77,7,0,127,0.5,0.0,0.0,93.7,
ERCOT,92.5,16,77,7,0,127,0.5,0.0,0.5,93.7,
ERCOT,92.5,16,77,7,0,127,0.5,0.25,0.0,93.7,
ERCOT,92.5,16,77,7,0,127,0.5,0.25,0.5,93.7,
ERCOT,92.5,16,77,7,0,127,0.5,0.5,0.0,93.7,
ERCOT,92.5,16,77,7,0,127,0.5,0.5,0.5,93.7,
ERCOT,92.5,16,77,7,0,127,0.5,0.75,0.0,93.7,
ERCOT,92.5,16,77,7,0,127,0.5,0.75,0.5,93.7,
ERCOT,92.5,16,77,7,0,127,0.5,1.0,0.0,93.7,
ERCOT,92.5,16,77,7,0,127,0.5,1.0,0.5,93.7,
ERCOT,92.5,16,78,6,0,222,0.0,0.0,1.5,92.69,
ERCOT,92.5,16,78,6,0,182,0.0,0.0,2.0,92.69,
ERCOT,92.5,16,78,6,0,157,0.0,0.0,2.5,92.55,
ERCOT,92.5,16,78,6,0,137,0.0,0.25,0.0,92.92,
ERCOT,92.5,16,78,6,0,132,0.0,0.25,0.5,93.23,
ERCOT,92.5,16,78,6,0,127,0.0,0.25,1.0,93.19,
ERCOT,92.5,16,78,6,0,127,0.0,0.25,1.5,94.11,
ERCOT,92.5,16,78,6,0,127,0.0,0.5,0.0,93.59,
ERCOT,92.5,16,78,6,0,127,0.0,0.5,0.5,93.59,
ERCOT,92.5,16,78,6,0,127,0.0,0.75,0.0,93.59,
ERCOT,92.5,16,78,6,0,127,0.0,0.75,0.5,93.59,
ERCOT,92.5,16,78,6,0,127,0.0,1.0,0.0,93.59,
ERCOT,92.5,16,78,6,0,127,0.0,1.0,0.5,93.59,
ERCOT,92.5,16,78,6,0,127,0.25,0.0,0.0,93.44,
ERCOT,92.5,16,78,6,0,127,0.25,0.0,0.5,93.44,
ERCOT,92.5,16,78,6,0,127,0.25,0.25,0.0,93.44,
ERCOT,92.5,16,78,6,0,127,0.25,0.25,0.5,93.44,
ERCOT,92.5,16,78,6,0,127,0.25,0.5,0.0,93.44,
ERCOT,92.5,16,78,6,0,127,0.25,0.5,0.5,93.44,
ERCOT,92.5,16,78,6,0,127,0.25,0.75,0.0,93.44,
ERCOT,92.5,16,78,6,0,127,0.25,0.75,0.5,93.44,
ERCOT,92.5,16,78,6,0,127,0.25,1.0,0.0,93.44,
ERCOT,92.5,16,78,6,0,127,0.25,1.0,0.5,93.44,
ERCOT,92.5,16,78,6,0,127,0.5,0.0,0.0,93.44,
ERCOT,92.5,16,78,6,0,127,0.5,0.0,0.5,93.44,
ERCOT,92.5,16,78,6,0,127,0.5,0.25,0.0,93.44,
ERCOT,92.5,16,78,6,0,127,0.5,0.25,0.5,93.44,
ERCOT,92.5,16,78,6,0,127,0.5,0.5,0.0,93.44,
ERCOT,92.5,16,78,6,0,127,0.5,0.5,0.5,93.44,
ERCOT,92.5,16,78,6,0,127,0.5,0.75,0.0,93.44,
ERCOT,92.5,16,78,6,0,127,0.5,0.75,0.5,93.44,
ERCOT,92.5,16,78,6,0,127,0.5,1.0,0.0,93.44,
ERCOT,92.5,16,78,6,0,127,0.5,1.0,0.5,93.44,
ERCOT,92.5,16,79,5,0,232,0.0,0.0,1.5,92.64,
ERCOT,92.5,16,79,5,0,192,0.0,0.0,2.0,93.05,
ERCOT,92.5,16,79,5,0,162,0.0,0.0,2.5,92.74,
ERCOT,92.5,16,79,5,0,142,0.0,0.25,0.0,93.38,
ERCOT,92.5,16,79,5,0,132,0.0,0.25,0.5,92.71,
ERCOT,92.5,16,79,5,0,127,0.0,0.25,1.0,92.7,
ERCOT,92.5,16,79,5,0,127,0.0,0.25,1.5,93.72,
ERCOT,92.5,16,79,5,0,127,0.0,0.5,0.0,93.33,
ERCOT,92.5,16,79,5,0,127,0.0,0.5,0.5,93.33,
ERCOT,92.5,16,79,5,0,127,0.0,0.75,0.0,93.33,
ERCOT,92.5,16,79,5,0,127,0.0,0.75,0.5,93.33,
ERCOT,92.5,16,79,5,0,127,0.0,1.0,0.0,93.33,
ERCOT,92.5,16,79,5,0,127,0.0,1.0,0.5,93.33,
ERCOT,92.5,16,79,5,0,127,0.25,0.0,0.0,93.18,
ERCOT,92.5,16,79,5,0,127,0.25,0.0,0.5,93.18,
ERCOT,92.5,16,79,5,0,127,0.25,0.25,0.0,93.18,
ERCOT,92.5,16,79,5,0,127,0.25,0.25,0.5,93.18,
ERCOT,92.5,16,79,5,0,127,0.25,0.5,0.0,93.18,
ERCOT,92.5,16,79,5,0,127,0.25,0.5,0.5,93.18,
ERCOT,92.5,16,79,5,0,127,0.25,0.75,0.0,93.18,
ERCOT,92.5,16,79,5,0,127,0.25,0.75,0.5,93.18,
ERCOT,92.5,16,79,5,0,127,0.25,1.0,0.0,93.18,
ERCOT,92.5,16,79,5,0,127,0.25,1.0,0.5,93.18,
ERCOT,92.5,16,79,5,0,127,0.5,0.0,0.0,93.18,
ERCOT,92.5,16,79,5,0,127,0.5,0.0,0.5,93.18,
ERCOT,92.5,16,79,5,0,127,0.5,0.25,0.0,93.18,
ERCOT,92.5,16,79,5,0,127,0.5,0.25,0.5,93.18,
ERCOT,92.5,16,79,5,0,127,0.5,0.5,0.0,93.18,
ERCOT,92.5,16,79,5,0,127,0.5,0.5,0.5,93.18,
ERCOT,92.5,16,79,5,0,127,0.5,0.75,0.0,93.18,
ERCOT,92.5,16,79,5,0,127,0.5,0.75,0.5,93.18,
ERCOT,92.5,16,79,5,0,127,0.5,1.0,0.0,93.18,
ERCOT,92.5,16,79,5,0,127,0.5,1.0,0.5,93.18,
ERCOT,92.5,16,80,4,0,247,0.0,0.0,1.5,93.03,
ERCOT,92.5,16,80,4,0,197,0.0,0.0,2.0,92.66,
ERCOT,92.5,16,80,4,0,167,0.0,0.0,2.5,92.81,
ERCOT,92.5,16,80,4,0,142,0.0,0.25,0.0,92.74,
ERCOT,92.5,16,80,4,0,137,0.0,0.25,0.5,93.37,
ERCOT,92.5,16,80,4,0,132,0.0,0.25,1.0,93.62,
ERCOT,92.5,16,80,4,0,127,0.0,0.25,1.5,93.32,
ERCOT,92.5,16,80,4,0,127,0.0,0.25,2.0,94.01,
ERCOT,92.5,16,80,4,0,127,0.0,0.5,0.0,93.06,
ERCOT,92.5,16,80,4,0,127,0.0,0.5,0.5,93.06,
ERCOT,92.5,16,80,4,0,127,0.0,0.75,0.0,93.06,
ERCOT,92.5,16,80,4,0,127,0.0,0.75,0.5,93.06,
ERCOT,92.5,16,80,4,0,127,0.0,1.0,0.0,93.06,
ERCOT,92.5,16,80,4,0,127,0.0,1.0,0.5,93.06,
ERCOT,92.5,16,80,4,0,127,0.25,0.0,0.0,92.91,
ERCOT,92.5,16,80,4,0,127,0.25,0.0,0.5,92.91,
ERCOT,92.5,16,80,4,0,127,0.25,0.25,0.0,92.91,
ERCOT,92.5,16,80,4,0,127,0.25,0.25,0.5,92.91,
ERCOT,92.5,16,80,4,0,127,0.25,0.5,0.0,92.91,
ERCOT,92.5,16,80,4,0,127,0.25,0.5,0.5,92.91,
ERCOT,92.5,16,80,4,0,127,0.25,0.75,0.0,92.91,
ERCOT,92.5,16,80,4,0,127,0.25,0.75,0.5,92.91,
ERCOT,92.5,16,80,4,0,127,0.25,1.0,0.0,92.91,
ERCOT,92.5,16,80,4,0,127,0.25,1.0,0.5,92.91,
ERCOT,92.5,16,80,4,0,127,0.5,0.0,0.0,92.91,
ERCOT,92.5,16,80,4,0,127,0.5,0.0,0.5,92.91,
ERCOT,92.5,16,80,4,0,127,0.5,0.25,0.0,92.91,
ERCOT,92.5,16,80,4,0,127,0.5,0.25,0.5,92.91,
ERCOT,92.5,16,80,4,0,127,0.5,0.5,0.0,92.91,
ERCOT,92.5,16,80,4,0,127,0.5,0.5,0.5,92.91,
ERCOT,92.5,16,80,4,0,127,0.5,0.75,0.0,92.91,
ERCOT,92.5,16,80,4,0,127,0.5,0.75,0.5,92.91,
ERCOT,92.5,16,80,4,0,127,0.5,1.0,0.0,92.91,
ERCOT,92.5,16,80,4,0,127,0.5,1.0,0.5,92.91,
ERCOT,92.5,17,76,7,0,250,0.0,0.0,1.0,92.83,
ERCOT,92.5,17,76,7,0,207,0.0,0.0,1.5,92.95,
ERCOT,92.5,17,76,7,0,172,0.0,0.0,2.0,92.96,
ERCOT,92.5,17,76,7,0,152,0.0,0.0,2.5,92.83,
ERCOT,92.5,17,76,7,0,132,0.0,0.25,0.0,92.85,
ERCOT,92.5,17,76,7,0,127,0.0,0.25,0.5,92.9,
ERCOT,92.5,17,76,7,0,127,0.0,0.25,1.0,94.01,
ERCOT,92.5,17,76,7,0,122,0.0,0.5,0.0,92.8,
ERCOT,92.5,17,76,7,0,122,0.0,0.5,0.5,92.8,
ERCOT,92.5,17,76,7,0,122,0.0,0.75,0.0,92.8,
ERCOT,92.5,17,76,7,0,122,0.0,0.75,0.5,92.8,
ERCOT,92.5,17,76,7,0,122,0.0,1.0,0.0,92.8,
ERCOT,92.5,17,76,7,0,122,0.0,1.0,0.5,92.8,
ERCOT,92.5,17,76,7,0,122,0.25,0.0,0.0,92.64,
ERCOT,92.5,17,76,7,0,122,0.25,0.0,0.5,92.64,
ERCOT,92.5,17,76,7,0,122,0.25,0.25,0.0,92.64,
ERCOT,92.5,17,76,7,0,122,0.25,0.25,0.5,92.64,
ERCOT,92.5,17,76,7,0,122,0.25,0.5,0.0,92.64,
ERCOT,92.5,17,76,7,0,122,0.25,0.5,0.5,92.64,
ERCOT,92.5,17,76,7,0,122,0.25,0.75,0.0,92.64,
ERCOT,92.5,17,76,7,0,122,0.25,0.75,0.5,92.64,
ERCOT,92.5,17,76,7,0,122,0.25,1.0,0.0,92.64,
ERCOT,92.5,17,76,7,0,122,0.25,1.0,0.5,92.64,
ERCOT,92.5,17,76,7,0,122,0.5,0.0,0.0,92.64,
ERCOT,92.5,17,76,7,0,122,0.5,0.0,0.5,92.64,
ERCOT,92.5,17,76,7,0,122,0.5,0.25,0.0,92.64,
ERCOT,92.5,17,76,7,0,122,0.5,0.25,0.5,92.64,
ERCOT,92.5,17,76,7,0,122,0.5,0.5,0.0,92.64,
ERCOT,92.5,17,76,7,0,122,0.5,0.5,0.5,92.64,
ERCOT,92.5,17,76,7,0,122,0.5,0.75,0.0,92.64,
ERCOT,92.5,17,76,7,0,122,0.5,0.75,0.5,92.64,
ERCOT,92.5,17,76,7,0,122,0.5,1.0,0.0,92.64,
ERCOT,92.5,17,76,7,0,122,0.5,1.0,0.5,92.64,
ERCOT,92.5,17,77,6,0,217,0.0,0.0,1.5,93.13,
ERCOT,92.5,17,77,6,0,177,0.0,0.0,2.0,92.81,
ERCOT,92.5,17,77,6,0,157,0.0,0.0,2.5,93.19,
ERCOT,92.5,17,77,6,0,137,0.0,0.25,0.0,93.45,
ERCOT,92.5,17,77,6,0,132,0.0,0.25,0.5,93.66,
ERCOT,92.5,17,77,6,0,127,0.0,0.25,1.0,93.6,
ERCOT,92.5,17,77,6,0,122,0.0,0.25,1.5,92.85,
ERCOT,92.5,17,77,6,0,122,0.0,0.25,2.0,93.34,
ERCOT,92.5,17,77,6,0,122,0.0,0.5,0.0,92.55,
ERCOT,92.5,17,77,6,0,122,0.0,0.5,0.5,92.55,
ERCOT,92.5,17,77,6,0,122,0.0,0.75,0.0,92.55,
ERCOT,92.5,17,77,6,0,122,0.0,0.75,0.5,92.55,
ERCOT,92.5,17,77,6,0,122,0.0,1.0,0.0,92.55,
ERCOT,92.5,17,77,6,0,122,0.0,1.0,0.5,92.55,
ERCOT,92.5,17,77,6,0,127,0.25,0.0,0.0,93.67,
ERCOT,92.5,17,77,6,0,127,0.25,0.0,0.5,93.67,
ERCOT,92.5,17,77,6,0,127,0.25,0.25,0.0,93.67,
ERCOT,92.5,17,77,6,0,127,0.25,0.25,0.5,93.67,
ERCOT,92.5,17,77,6,0,127,0.25,0.5,0.0,93.67,
ERCOT,92.5,17,77,6,0,127,0.25,0.5,0.5,93.67,
ERCOT,92.5,17,77,6,0,127,0.25,0.75,0.0,93.67,
ERCOT,92.5,17,77,6,0,127,0.25,0.75,0.5,93.67,
ERCOT,92.5,17,77,6,0,127,0.25,1.0,0.0,93.67,
ERCOT,92.5,17,77,6,0,127,0.25,1.0,0.5,93.67,
ERCOT,92.5,17,77,6,0,127,0.5,0.0,0.0,93.67,
ERCOT,92.5,17,77,6,0,127,0.5,0.0,0.5,93.67,
ERCOT,92.5,17,77,6,0,127,0.5,0.25,0.0,93.67,
ERCOT,92.5,17,77,6,0,127,0.5,0.25,0.5,93.67,
ERCOT,92.5,17,77,6,0,127,0.5,0.5,0.0,93.67,
ERCOT,92.5,17,77,6,0,127,0.5,0.5,0.5,93.67,
ERCOT,92.5,17,77,6,0,127,0.5,0.75,0.0,93.67,
ERCOT,92.5,17,77,6,0,127,0.5,0.75,0.5,93.67,
ERCOT,92.5,17,77,6,0,127,0.5,1.0,0.0,93.67,
ERCOT,92.5,17,77,6,0,127,0.5,1.0,0.5,93.67,
ERCOT,92.5,17,78,5,0,222,0.0,0.0,1.5,92.55,
ERCOT,92.5,17,78,5,0,182,0.0,0.0,2.0,92.6,
ERCOT,92.5,17,78,5,0,162,0.0,0.0,2.5,93.41,
ERCOT,92.5,17,78,5,0,137,0.0,0.25,0.0,92.87,
ERCOT,92.5,17,78,5,0,132,0.0,0.25,0.5,93.18,
ERCOT,92.5,17,78,5,0,127,0.0,0.25,1.0,93.14,
ERCOT,92.5,17,78,5,0,127,0.0,0.25,1.5,94.07,
ERCOT,92.5,17,78,5,0,127,0.0,0.5,0.0,93.55,
ERCOT,92.5,17,78,5,0,127,0.0,0.5,0.5,93.55,
ERCOT,92.5,17,78,5,0,127,0.0,0.75,0.0,93.55,
ERCOT,92.5,17,78,5,0,127,0.0,0.75,0.5,93.55,
ERCOT,92.5,17,78,5,0,127,0.0,1.0,0.0,93.55,
ERCOT,92.5,17,78,5,0,127,0.0,1.0,0.5,93.55,
ERCOT,92.5,17,78,5,0,127,0.25,0.0,0.0,93.4,
ERCOT,92.5,17,78,5,0,127,0.25,0.0,0.5,93.4,
ERCOT,92.5,17,78,5,0,127,0.25,0.25,0.0,93.4,
ERCOT,92.5,17,78,5,0,127,0.25,0.25,0.5,93.4,
ERCOT,92.5,17,78,5,0,127,0.25,0.5,0.0,93.4,
ERCOT,92.5,17,78,5,0,127,0.25,0.5,0.5,93.4,
ERCOT,92.5,17,78,5,0,127,0.25,0.75,0.0,93.4,
ERCOT,92.5,17,78,5,0,127,0.25,0.75,0.5,93.4,
ERCOT,92.5,17,78,5,0,127,0.25,1.0,0.0,93.4,
ERCOT,92.5,17,78,5,0,127,0.25,1.0,0.5,93.4,
ERCOT,92.5,17,78,5,0,127,0.5,0.0,0.0,93.4,
ERCOT,92.5,17,78,5,0,127,0.5,0.0,0.5,93.4,
ERCOT,92.5,17,78,5,0,127,0.5,0.25,0.0,93.4,
ERCOT,92.5,17,78,5,0,127,0.5,0.25,0.5,93.4,
ERCOT,92.5,17,78,5,0,127,0.5,0.5,0.0,93.4,
ERCOT,92.5,17,78,5,0,127,0.5,0.5,0.5,93.4,
ERCOT,92.5,17,78,5,0,127,0.5,0.75,0.0,93.4,
ERCOT,92.5,17,78,5,0,127,0.5,0.75,0.5,93.4,
ERCOT,92.5,17,78,5,0,127,0.5,1.0,0.0,93.4,
ERCOT,92.5,17,78,5,0,127,0.5,1.0,0.5,93.4,
ERCOT,92.5,17,79,4,0,237,0.0,0.0,1.5,93.09,
ERCOT,92.5,17,79,4,0,192,0.0,0.0,2.0,92.94,
ERCOT,92.5,17,79,4,0,162,0.0,0.0,2.5,92.65,
ERCOT,92.5,17,79,4,0,142,0.0,0.25,0.0,93.32,
ERCOT,92.5,17,79,4,0,132,0.0,0.25,0.5,92.66,
ERCOT,92.5,17,79,4,0,127,0.0,0.25,1.0,92.65,
ERCOT,92.5,17,79,4,0,127,0.0,0.25,1.5,93.68,
ERCOT,92.5,17,79,4,0,127,0.0,0.5,0.0,93.28,
ERCOT,92.5,17,79,4,0,127,0.0,0.5,0.5,93.28,
ERCOT,92.5,17,79,4,0,127,0.0,0.75,0.0,93.28,
ERCOT,92.5,17,79,4,0,127,0.0,0.75,0.5,93.28,
ERCOT,92.5,17,79,4,0,127,0.0,1.0,0.0,93.28,
ERCOT,92.5,17,79,4,0,127,0.0,1.0,0.5,93.28,
ERCOT,92.5,17,79,4,0,127,0.25,0.0,0.0,93.14,
ERCOT,92.5,17,79,4,0,127,0.25,0.0,0.5,93.14,
ERCOT,92.5,17,79,4,0,127,0.25,0.25,0.0,93.14,
ERCOT,92.5,17,79,4,0,127,0.25,0.25,0.5,93.14,
ERCOT,92.5,17,79,4,0,127,0.25,0.5,0.0,93.14,
ERCOT,92.5,17,79,4,0,127,0.25,0.5,0.5,93.14,
ERCOT,92.5,17,79,4,0,127,0.25,0.75,0.0,93.14,
ERCOT,92.5,17,79,4,0,127,0.25,0.75,0.5,93.14,
ERCOT,92.5,17,79,4,0,127,0.25,1.0,0.0,93.14,
ERCOT,92.5,17,79,4,0,127,0.25,1.0,0.5,93.14,
ERCOT,92.5,17,79,4,0,127,0.5,0.0,0.0,93.14,
ERCOT,92.5,17,79,4,0,127,0.5,0.0,0.5,93.14,
ERCOT,92.5,17,79,4,0,127,0.5,0.25,0.0,93.14,
ERCOT,92.5,17,79,4,0,127,0.5,0.25,0.5,93.14,
ERCOT,92.5,17,79,4,0,127,0.5,0.5,0.0,93.14,
ERCOT,92.5,17,79,4,0,127,0.5,0.5,0.5,93.14,
ERCOT,92.5,17,79,4,0,127,0.5,0.75,0.0,93.14,
ERCOT,92.5,17,79,4,0,127,0.5,0.75,0.5,93.14,
ERCOT,92.5,17,79,4,0,127,0.5,1.0,0.0,93.14,
ERCOT,92.5,17,79,4,0,127,0.5,1.0,0.5,93.14,
ERCOT,92.5,17,80,3,0,247,0.0,0.0,1.5,92.88,
ERCOT,92.5,17,80,3,0,197,0.0,0.0,2.0,92.55,
ERCOT,92.5,17,80,3,0,167,0.0,0.0,2.5,92.73,
ERCOT,92.5,17,80,3,0,142,0.0,0.25,0.0,92.68,
ERCOT,92.5,17,80,3,0,137,0.0,0.25,0.5,93.31,
ERCOT,92.5,17,80,3,0,132,0.0,0.25,1.0,93.56,
ERCOT,92.5,17,80,3,0,127,0.0,0.25,1.5,93.27,
ERCOT,92.5,17,80,3,0,127,0.0,0.25,2.0,93.97,
ERCOT,92.5,17,80,3,0,127,0.0,0.5,0.0,93.01,
ERCOT,92.5,17,80,3,0,127,0.0,0.5,0.5,93.01,
ERCOT,92.5,17,80,3,0,127,0.0,0.75,0.0,93.01,
ERCOT,92.5,17,80,3,0,127,0.0,0.75,0.5,93.01,
ERCOT,92.5,17,80,3,0,127,0.0,1.0,0.0,93.01,
ERCOT,92.5,17,80,3,0,127,0.0,1.0,0.5,93.01,
ERCOT,92.5,17,80,3,0,127,0.25,0.0,0.0,92.86,
ERCOT,92.5,17,80,3,0,127,0.25,0.0,0.5,92.86,
ERCOT,92.5,17,80,3,0,127,0.25,0.25,0.0,92.86,
ERCOT,92.5,17,80,3,0,127,0.25,0.25,0.5,92.86,
ERCOT,92.5,17,80,3,0,127,0.25,0.5,0.0,92.86,
ERCOT,92.5,17,80,3,0,127,0.25,0.5,0.5,92.86,
ERCOT,92.5,17,80,3,0,127,0.25,0.75,0.0,92.86,
ERCOT,92.5,17,80,3,0,127,0.25,0.75,0.5,92.86,
ERCOT,92.5,17,80,3,0,127,0.25,1.0,0.0,92.86,
ERCOT,92.5,17,80,3,0,127,0.25,1.0,0.5,92.86,
ERCOT,92.5,17,80,3,0,127,0.5,0.0,0.0,92.86,
ERCOT,92.5,17,80,3,0,127,0.5,0.0,0.5,92.86,
ERCOT,92.5,17,80,3,0,127,0.5,0.25,0.0,92.86,
ERCOT,92.5,17,80,3,0,127,0.5,0.25,0.5,92.86,
ERCOT,92.5,17,80,3,0,127,0.5,0.5,0.0,92.86,
ERCOT,92.5,17,80,3,0,127,0.5,0.5,0.5,92.86,
ERCOT,92.5,17,80,3,0,127,0.5,0.75,0.0,92.86,
ERCOT,92.5,17,80,3,0,127,0.5,0.75,0.5,92.86,
ERCOT,92.5,17,80,3,0,127,0.5,1.0,0.0,92.86,
ERCOT,92.5,17,80,3,0,127,0.5,1.0,0.5,92.86,
ERCOT,92.5,18,76,6,0,250,0.0,0.0,1.0,92.66,
ERCOT,92.5,18,76,6,0,207,0.0,0.0,1.5,92.83,
ERCOT,92.5,18,76,6,0,172,0.0,0.0,2.0,92.86,
ERCOT,92.5,18,76,6,0,152,0.0,0.0,2.5,92.75,
ERCOT,92.5,18,76,6,0,132,0.0,0.25,0.0,92.8,
ERCOT,92.5,18,76,6,0,127,0.0,0.25,0.5,92.85,
ERCOT,92.5,18,76,6,0,127,0.0,0.25,1.0,93.97,
ERCOT,92.5,18,76,6,0,122,0.0,0.5,0.0,92.77,
ERCOT,92.5,18,76,6,0,122,0.0,0.5,0.5,92.77,
ERCOT,92.5,18,76,6,0,122,0.0,0.75,0.0,92.77,
ERCOT,92.5,18,76,6,0,122,0.0,0.75,0.5,92.77,
ERCOT,92.5,18,76,6,0,122,0.0,1.0,0.0,92.77,
ERCOT,92.5,18,76,6,0,122,0.0,1.0,0.5,92.77,
ERCOT,92.5,18,76,6,0,122,0.25,0.0,0.0,92.6,
ERCOT,92.5,18,76,6,0,122,0.25,0.0,0.5,92.6,
ERCOT,92.5,18,76,6,0,122,0.25,0.25,0.0,92.6,
ERCOT,92.5,18,76,6,0,122,0.25,0.25,0.5,92.6,
ERCOT,92.5,18,76,6,0,122,0.25,0.5,0.0,92.6,
ERCOT,92.5,18,76,6,0,122,0.25,0.5,0.5,92.6,
ERCOT,92.5,18,76,6,0,122,0.25,0.75,0.0,92.6,
ERCOT,92.5,18,76,6,0,122,0.25,0.75,0.5,92.6,
ERCOT,92.5,18,76,6,0,122,0.25,1.0,0.0,92.6,
ERCOT,92.5,18,76,6,0,122,0.25,1.0,0.5,92.6,
ERCOT,92.5,18,76,6,0,122,0.5,0.0,0.0,92.6,
ERCOT,92.5,18,76,6,0,122,0.5,0.0,0.5,92.6,
ERCOT,92.5,18,76,6,0,122,0.5,0.25,0.0,92.6,
ERCOT,92.5,18,76,6,0,122,0.5,0.25,0.5,92.6,
ERCOT,92.5,18,76,6,0,122,0.5,0.5,0.0,92.6,
ERCOT,92.5,18,76,6,0,122,0.5,0.5,0.5,92.6,
ERCOT,92.5,18,76,6,0,122,0.5,0.75,0.0,92.6,
ERCOT,92.5,18,76,6,0,122,0.5,0.75,0.5,92.6,
ERCOT,92.5,18,76,6,0,122,0.5,1.0,0.0,92.6,
ERCOT,92.5,18,76,6,0,122,0.5,1.0,0.5,92.6,
ERCOT,92.5,18,77,5,0,217,0.0,0.0,1.5,93.0,
ERCOT,92.5,18,77,5,0,177,0.0,0.0,2.0,92.72,
ERCOT,92.5,18,77,5,0,157,0.0,0.0,2.5,93.11,
ERCOT,92.5,18,77,5,0,137,0.0,0.25,0.0,93.39,
ERCOT,92.5,18,77,5,0,132,0.0,0.25,0.5,93.62,
ERCOT,92.5,18,77,5,0,127,0.0,0.25,1.0,93.56,
ERCOT,92.5,18,77,5,0,122,0.0,0.25,1.5,92.79,
ERCOT,92.5,18,77,5,0,122,0.0,0.25,2.0,93.28,
ERCOT,92.5,18,77,5,0,122,0.0,0.5,0.0,92.51,
ERCOT,92.5,18,77,5,0,122,0.0,0.5,0.5,92.51,
ERCOT,92.5,18,77,5,0,122,0.0,0.75,0.0,92.51,
ERCOT,92.5,18,77,5,0,122,0.0,0.75,0.5,92.51,
ERCOT,92.5,18,77,5,0,122,0.0,1.0,0.0,92.51,
ERCOT,92.5,18,77,5,0,122,0.0,1.0,0.5,92.51,
ERCOT,92.5,18,77,5,0,127,0.25,0.0,0.0,93.63,
ERCOT,92.5,18,77,5,0,127,0.25,0.0,0.5,93.63,
ERCOT,92.5,18,77,5,0,127,0.25,0.25,0.0,93.63,
ERCOT,92.5,18,77,5,0,127,0.25,0.25,0.5,93.63,
ERCOT,92.5,18,77,5,0,127,0.25,0.5,0.0,93.63,
ERCOT,92.5,18,77,5,0,127,0.25,0.5,0.5,93.63,
ERCOT,92.5,18,77,5,0,127,0.25,0.75,0.0,93.63,
ERCOT,92.5,18,77,5,0,127,0.25,0.75,0.5,93.63,
ERCOT,92.5,18,77,5,0,127,0.25,1.0,0.0,93.63,
ERCOT,92.5,18,77,5,0,127,0.25,1.0,0.5,93.63,
ERCOT,92.5,18,77,5,0,127,0.5,0.0,0.0,93.63,
ERCOT,92.5,18,77,5,0,127,0.5,0.0,0.5,93.63,
ERCOT,92.5,18,77,5,0,127,0.5,0.25,0.0,93.63,
ERCOT,92.5,18,77,5,0,127,0.5,0.25,0.5,93.63,
ERCOT,92.5,18,77,5,0,127,0.5,0.5,0.0,93.63,
ERCOT,92.5,18,77,5,0,127,0.5,0.5,0.5,93.63,
ERCOT,92.5,18,77,5,0,127,0.5,0.75,0.0,93.63,
ERCOT,92.5,18,77,5,0,127,0.5,0.75,0.5,93.63,
ERCOT,92.5,18,77,5,0,127,0.5,1.0,0.0,93.63,
ERCOT,92.5,18,77,5,0,127,0.5,1.0,0.5,93.63,
ERCOT,92.5,18,78,4,0,227,0.0,0.0,1.5,93.03,
ERCOT,92.5,18,78,4,0,187,0.0,0.0,2.0,93.17,
ERCOT,92.5,18,78,4,0,162,0.0,0.0,2.5,93.33,
ERCOT,92.5,18,78,4,0,137,0.0,0.25,0.0,92.81,
ERCOT,92.5,18,78,4,0,132,0.0,0.25,0.5,93.13,
ERCOT,92.5,18,78,4,0,127,0.0,0.25,1.0,93.09,
ERCOT,92.5,18,78,4,0,127,0.0,0.25,1.5,94.03,
ERCOT,92.5,18,78,4,0,127,0.0,0.5,0.0,93.51,
ERCOT,92.5,18,78,4,0,127,0.0,0.5,0.5,93.51,
ERCOT,92.5,18,78,4,0,127,0.0,0.75,0.0,93.51,
ERCOT,92.5,18,78,4,0,127,0.0,0.75,0.5,93.51,
ERCOT,92.5,18,78,4,0,127,0.0,1.0,0.0,93.51,
ERCOT,92.5,18,78,4,0,127,0.0,1.0,0.5,93.51,
ERCOT,92.5,18,78,4,0,127,0.25,0.0,0.0,93.36,
ERCOT,92.5,18,78,4,0,127,0.25,0.0,0.5,93.36,
ERCOT,92.5,18,78,4,0,127,0.25,0.25,0.0,93.36,
ERCOT,92.5,18,78,4,0,127,0.25,0.25,0.5,93.36,
ERCOT,92.5,18,78,4,0,127,0.25,0.5,0.0,93.36,
ERCOT,92.5,18,78,4,0,127,0.25,0.5,0.5,93.36,
ERCOT,92.5,18,78,4,0,127,0.25,0.75,0.0,93.36,
ERCOT,92.5,18,78,4,0,127,0.25,0.75,0.5,93.36,
ERCOT,92.5,18,78,4,0,127,0.25,1.0,0.0,93.36,
ERCOT,92.5,18,78,4,0,127,0.25,1.0,0.5,93.36,
ERCOT,92.5,18,78,4,0,127,0.5,0.0,0.0,93.36,
ERCOT,92.5,18,78,4,0,127,0.5,0.0,0.5,93.36,
ERCOT,92.5,18,78,4,0,127,0.5,0.25,0.0,93.36,
ERCOT,92.5,18,78,4,0,127,0.5,0.25,0.5,93.36,
ERCOT,92.5,18,78,4,0,127,0.5,0.5,0.0,93.36,
ERCOT,92.5,18,78,4,0,127,0.5,0.5,0.5,93.36,
ERCOT,92.5,18,78,4,0,127,0.5,0.75,0.0,93.36,
ERCOT,92.5,18,78,4,0,127,0.5,0.75,0.5,93.36,
ERCOT,92.5,18,78,4,0,127,0.5,1.0,0.0,93.36,
ERCOT,92.5,18,78,4,0,127,0.5,1.0,0.5,93.36,
ERCOT,92.5,18,79,3,0,237,0.0,0.0,1.5,92.94,
ERCOT,92.5,18,79,3,0,192,0.0,0.0,2.0,92.84,
ERCOT,92.5,18,79,3,0,162,0.0,0.0,2.5,92.57,
ERCOT,92.5,18,79,3,0,142,0.0,0.25,0.0,93.26,
ERCOT,92.5,18,79,3,0,132,0.0,0.25,0.5,92.61,
ERCOT,92.5,18,79,3,0,127,0.0,0.25,1.0,92.59,
ERCOT,92.5,18,79,3,0,127,0.0,0.25,1.5,93.63,
ERCOT,92.5,18,79,3,0,127,0.0,0.5,0.0,93.24,
ERCOT,92.5,18,79,3,0,127,0.0,0.5,0.5,93.24,
ERCOT,92.5,18,79,3,0,127,0.0,0.75,0.0,93.24,
ERCOT,92.5,18,79,3,0,127,0.0,0.75,0.5,93.24,
ERCOT,92.5,18,79,3,0,127,0.0,1.0,0.0,93.24,
ERCOT,92.5,18,79,3,0,127,0.0,1.0,0.5,93.24,
ERCOT,92.5,18,79,3,0,127,0.25,0.0,0.0,93.09,
ERCOT,92.5,18,79,3,0,127,0.25,0.0,0.5,93.09,
ERCOT,92.5,18,79,3,0,127,0.25,0.25,0.0,93.09,
ERCOT,92.5,18,79,3,0,127,0.25,0.25,0.5,93.09,
ERCOT,92.5,18,79,3,0,127,0.25,0.5,0.0,93.09,
ERCOT,92.5,18,79,3,0,127,0.25,0.5,0.5,93.09,
ERCOT,92.5,18,79,3,0,127,0.25,0.75,0.0,93.09,
ERCOT,92.5,18,79,3,0,127,0.25,0.75,0.5,93.09,
ERCOT,92.5,18,79,3,0,127,0.25,1.0,0.0,93.09,
ERCOT,92.5,18,79,3,0,127,0.25,1.0,0.5,93.09,
ERCOT,92.5,18,79,3,0,127,0.5,0.0,0.0,93.09,
ERCOT,92.5,18,79,3,0,127,0.5,0.0,0.5,93.09,
ERCOT,92.5,18,79,3,0,127,0.5,0.25,0.0,93.09,
ERCOT,92.5,18,79,3,0,127,0.5,0.25,0.5,93.09,
ERCOT,92.5,18,79,3,0,127,0.5,0.5,0.0,93.09,
ERCOT,92.5,18,79,3,0,127,0.5,0.5,0.5,93.09,
ERCOT,92.5,18,79,3,0,127,0.5,0.75,0.0,93.09,
ERCOT,92.5,18,79,3,0,127,0.5,0.75,0.5,93.09,
ERCOT,92.5,18,79,3,0,127,0.5,1.0,0.0,93.09,
ERCOT,92.5,18,79,3,0,127,0.5,1.0,0.5,93.09,
ERCOT,92.5,18,80,2,0,247,0.0,0.0,1.5,92.72,
ERCOT,92.5,18,80,2,0,202,0.0,0.0,2.0,93.02,
ERCOT,92.5,18,80,2,0,167,0.0,0.0,2.5,92.64,
ERCOT,92.5,18,80,2,0,142,0.0,0.25,0.0,92.61,
ERCOT,92.5,18,80,2,0,137,0.0,0.25,0.5,93.25,
ERCOT,92.5,18,80,2,0,132,0.0,0.25,1.0,93.51,
ERCOT,92.5,18,80,2,0,127,0.0,0.25,1.5,93.23,
ERCOT,92.5,18,80,2,0,127,0.0,0.25,2.0,93.93,
ERCOT,92.5,18,80,2,0,127,0.0,0.5,0.0,92.96,
ERCOT,92.5,18,80,2,0,127,0.0,0.5,0.5,92.96,
ERCOT,92.5,18,80,2,0,127,0.0,0.75,0.0,92.96,
ERCOT,92.5,18,80,2,0,127,0.0,0.75,0.5,92.96,
ERCOT,92.5,18,80,2,0,127,0.0,1.0,0.0,92.96,
ERCOT,92.5,18,80,2,0,127,0.0,1.0,0.5,92.96,
ERCOT,92.5,18,80,2,0,127,0.25,0.0,0.0,92.81,
ERCOT,92.5,18,80,2,0,127,0.25,0.0,0.5,92.81,
ERCOT,92.5,18,80,2,0,127,0.25,0.25,0.0,92.81,
ERCOT,92.5,18,80,2,0,127,0.25,0.25,0.5,92.81,
ERCOT,92.5,18,80,2,0,127,0.25,0.5,0.0,92.81,
ERCOT,92.5,18,80,2,0,127,0.25,0.5,0.5,92.81,
ERCOT,92.5,18,80,2,0,127,0.25,0.75,0.0,92.81,
ERCOT,92.5,18,80,2,0,127,0.25,0.75,0.5,92.81,
ERCOT,92.5,18,80,2,0,127,0.25,1.0,0.0,92.81,
ERCOT,92.5,18,80,2,0,127,0.25,1.0,0.5,92.81,
ERCOT,92.5,18,80,2,0,127,0.5,0.0,0.0,92.81,
ERCOT,92.5,18,80,2,0,127,0.5,0.0,0.5,92.81,
ERCOT,92.5,18,80,2,0,127,0.5,0.25,0.0,92.81,
ERCOT,92.5,18,80,2,0,127,0.5,0.25,0.5,92.81,
ERCOT,92.5,18,80,2,0,127,0.5,0.5,0.0,92.81,
ERCOT,92.5,18,80,2,0,127,0.5,0.5,0.5,92.81,
ERCOT,92.5,18,80,2,0,127,0.5,0.75,0.0,92.81,
ERCOT,92.5,18,80,2,0,127,0.5,0.75,0.5,92.81,
ERCOT,92.5,18,80,2,0,127,0.5,1.0,0.0,92.81,
ERCOT,92.5,18,80,2,0,127,0.5,1.0,0.5,92.81,
ERCOT,92.5,19,76,5,0,207,0.0,0.0,1.5,92.7,
ERCOT,92.5,19,76,5,0,172,0.0,0.0,2.0,92.77,
ERCOT,92.5,19,76,5,0,152,0.0,0.0,2.5,92.68,
ERCOT,92.5,19,76,5,0,132,0.0,0.25,0.0,92.75,
ERCOT,92.5,19,76,5,0,127,0.0,0.25,0.5,92.8,
ERCOT,92.5,19,76,5,0,127,0.0,0.25,1.0,93.93,
ERCOT,92.5,19,76,5,0,122,0.0,0.5,0.0,92.72,
ERCOT,92.5,19,76,5,0,122,0.0,0.5,0.5,92.72,
ERCOT,92.5,19,76,5,0,122,0.0,0.75,0.0,92.72,
ERCOT,92.5,19,76,5,0,122,0.0,0.75,0.5,92.72,
ERCOT,92.5,19,76,5,0,122,0.0,1.0,0.0,92.72,
ERCOT,92.5,19,76,5,0,122,0.0,1.0,0.5,92.72,
ERCOT,92.5,19,76,5,0,122,0.25,0.0,0.0,92.55,
ERCOT,92.5,19,76,5,0,122,0.25,0.0,0.5,92.55,
ERCOT,92.5,19,76,5,0,122,0.25,0.25,0.0,92.55,
ERCOT,92.5,19,76,5,0,122,0.25,0.25,0.5,92.55,
ERCOT,92.5,19,76,5,0,122,0.25,0.5,0.0,92.55,
ERCOT,92.5,19,76,5,0,122,0.25,0.5,0.5,92.55,
ERCOT,92.5,19,76,5,0,122,0.25,0.75,0.0,92.55,
ERCOT,92.5,19,76,5,0,122,0.25,0.75,0.5,92.55,
ERCOT,92.5,19,76,5,0,122,0.25,1.0,0.0,92.55,
ERCOT,92.5,19,76,5,0,122,0.25,1.0,0.5,92.55,
ERCOT,92.5,19,76,5,0,122,0.5,0.0,0.0,92.55,
ERCOT,92.5,19,76,5,0,122,0.5,0.0,0.5,92.55,
ERCOT,92.5,19,76,5,0,122,0.5,0.25,0.0,92.55,
ERCOT,92.5,19,76,5,0,122,0.5,0.25,0.5,92.55,
ERCOT,92.5,19,76,5,0,122,0.5,0.5,0.0,92.55,
ERCOT,92.5,19,76,5,0,122,0.5,0.5,0.5,92.55,
ERCOT,92.5,19,76,5,0,122,0.5,0.75,0.0,92.55,
ERCOT,92.5,19,76,5,0,122,0.5,0.75,0.5,92.55,
ERCOT,92.5,19,76,5,0,122,0.5,1.0,0.0,92.55,
ERCOT,92.5,19,76,5,0,122,0.5,1.0,0.5,92.55,
ERCOT,92.5,19,77,4,0,217,0.0,0.0,1.5,92.86,
ERCOT,92.5,19,77,4,0,177,0.0,0.0,2.0,92.62,
ERCOT,92.5,19,77,4,0,157,0.0,0.0,2.5,93.03,
ERCOT,92.5,19,77,4,0,137,0.0,0.25,0.0,93.34,
ERCOT,92.5,19,77,4,0,132,0.0,0.25,0.5,93.57,
ERCOT,92.5,19,77,4,0,127,0.0,0.25,1.0,93.52,
ERCOT,92.5,19,77,4,0,122,0.0,0.25,1.5,92.72,
ERCOT,92.5,19,77,4,0,122,0.0,0.25,2.0,93.21,
ERCOT,92.5,19,77,4,0,127,0.0,0.5,0.0,93.73,
ERCOT,92.5,19,77,4,0,127,0.0,0.5,0.5,93.73,
ERCOT,92.5,19,77,4,0,127,0.0,0.75,0.0,93.73,
ERCOT,92.5,19,77,4,0,127,0.0,0.75,0.5,93.73,
ERCOT,92.5,19,77,4,0,127,0.0,1.0,0.0,93.73,
ERCOT,92.5,19,77,4,0,127,0.0,1.0,0.5,93.73,
ERCOT,92.5,19,77,4,0,127,0.25,0.0,0.0,93.59,
ERCOT,92.5,19,77,4,0,127,0.25,0.0,0.5,93.59,
ERCOT,92.5,19,77,4,0,127,0.25,0.25,0.0,93.59,
ERCOT,92.5,19,77,4,0,127,0.25,0.25,0.5,93.59,
ERCOT,92.5,19,77,4,0,127,0.25,0.5,0.0,93.59,
ERCOT,92.5,19,77,4,0,127,0.25,0.5,0.5,93.59,
ERCOT,92.5,19,77,4,0,127,0.25,0.75,0.0,93.59,
ERCOT,92.5,19,77,4,0,127,0.25,0.75,0.5,93.59,
ERCOT,92.5,19,77,4,0,127,0.25,1.0,0.0,93.59,
ERCOT,92.5,19,77,4,0,127,0.25,1.0,0.5,93.59,
ERCOT,92.5,19,77,4,0,127,0.5,0.0,0.0,93.59,
ERCOT,92.5,19,77,4,0,127,0.5,0.0,0.5,93.59,
ERCOT,92.5,19,77,4,0,127,0.5,0.25,0.0,93.59,
ERCOT,92.5,19,77,4,0,127,0.5,0.25,0.5,93.59,
ERCOT,92.5,19,77,4,0,127,0.5,0.5,0.0,93.59,
ERCOT,92.5,19,77,4,0,127,0.5,0.5,0.5,93.59,
ERCOT,92.5,19,77,4,0,127,0.5,0.75,0.0,93.59,
ERCOT,92.5,19,77,4,0,127,0.5,0.75,0.5,93.59,
ERCOT,92.5,19,77,4,0,127,0.5,1.0,0.0,93.59,
ERCOT,92.5,19,77,4,0,127,0.5,1.0,0.5,93.59,
ERCOT,92.5,19,78,3,0,227,0.0,0.0,1.5,92.89,
ERCOT,92.5,19,78,3,0,187,0.0,0.0,2.0,93.06,
ERCOT,92.5,19,78,3,0,162,0.0,0.0,2.5,93.25,
ERCOT,92.5,19,78,3,0,137,0.0,0.25,0.0,92.75,
ERCOT,92.5,19,78,3,0,132,0.0,0.25,0.5,93.08,
ERCOT,92.5,19,78,3,0,127,0.0,0.25,1.0,93.03,
ERCOT,92.5,19,78,3,0,127,0.0,0.25,1.5,93.99,
ERCOT,92.5,19,78,3,0,127,0.0,0.5,0.0,93.47,
ERCOT,92.5,19,78,3,0,127,0.0,0.5,0.5,93.47,
ERCOT,92.5,19,78,3,0,127,0.0,0.75,0.0,93.47,
ERCOT,92.5,19,78,3,0,127,0.0,0.75,0.5,93.47,
ERCOT,92.5,19,78,3,0,127,0.0,1.0,0.0,93.47,
ERCOT,92.5,19,78,3,0,127,0.0,1.0,0.5,93.47,
ERCOT,92.5,19,78,3,0,127,0.25,0.0,0.0,93.32,
ERCOT,92.5,19,78,3,0,127,0.25,0.0,0.5,93.32,
ERCOT,92.5,19,78,3,0,127,0.25,0.25,0.0,93.32,
ERCOT,92.5,19,78,3,0,127,0.25,0.25,0.5,93.32,
ERCOT,92.5,19,78,3,0,127,0.25,0.5,0.0,93.32,
ERCOT,92.5,19,78,3,0,127,0.25,0.5,0.5,93.32,
ERCOT,92.5,19,78,3,0,127,0.25,0.75,0.0,93.32,
ERCOT,92.5,19,78,3,0,127,0.25,0.75,0.5,93.32,
ERCOT,92.5,19,78,3,0,127,0.25,1.0,0.0,93.32,
ERCOT,92.5,19,78,3,0,127,0.25,1.0,0.5,93.32,
ERCOT,92.5,19,78,3,0,127,0.5,0.0,0.0,93.32,
ERCOT,92.5,19,78,3,0,127,0.5,0.0,0.5,93.32,
ERCOT,92.5,19,78,3,0,127,0.5,0.25,0.0,93.32,
ERCOT,92.5,19,78,3,0,127,0.5,0.25,0.5,93.32,
ERCOT,92.5,19,78,3,0,127,0.5,0.5,0.0,93.32,
ERCOT,92.5,19,78,3,0,127,0.5,0.5,0.5,93.32,
ERCOT,92.5,19,78,3,0,127,0.5,0.75,0.0,93.32,
ERCOT,92.5,19,78,3,0,127,0.5,0.75,0.5,93.32,
ERCOT,92.5,19,78,3,0,127,0.5,1.0,0.0,93.32,
ERCOT,92.5,19,78,3,0,127,0.5,1.0,0.5,93.32,
ERCOT,92.5,19,79,2,0,237,0.0,0.0,1.5,92.79,
ERCOT,92.5,19,79,2,0,192,0.0,0.0,2.0,92.73,
ERCOT,92.5,19,79,2,0,167,0.0,0.0,2.5,93.35,
ERCOT,92.5,19,79,2,0,142,0.0,0.25,0.0,93.2,
ERCOT,92.5,19,79,2,0,132,0.0,0.25,0.5,92.55,
ERCOT,92.5,19,79,2,0,127,0.0,0.25,1.0,92.54,
ERCOT,92.5,19,79,2,0,127,0.0,0.25,1.5,93.59,
ERCOT,92.5,19,79,2,0,127,0.0,0.5,0.0,93.19,
ERCOT,92.5,19,79,2,0,127,0.0,0.5,0.5,93.19,
ERCOT,92.5,19,79,2,0,127,0.0,0.75,0.0,93.19,
ERCOT,92.5,19,79,2,0,127,0.0,0.75,0.5,93.19,
ERCOT,92.5,19,79,2,0,127,0.0,1.0,0.0,93.19,
ERCOT,92.5,19,79,2,0,127,0.0,1.0,0.5,93.19,
ERCOT,92.5,19,79,2,0,127,0.25,0.0,0.0,93.05,
ERCOT,92.5,19,79,2,0,127,0.25,0.0,0.5,93.05,
ERCOT,92.5,19,79,2,0,127,0.25,0.25,0.0,93.05,
ERCOT,92.5,19,79,2,0,127,0.25,0.25,0.5,93.05,
ERCOT,92.5,19,79,2,0,127,0.25,0.5,0.0,93.05,
ERCOT,92.5,19,79,2,0,127,0.25,0.5,0.5,93.05,
ERCOT,92.5,19,79,2,0,127,0.25,0.75,0.0,93.05,
ERCOT,92.5,19,79,2,0,127,0.25,0.75,0.5,93.05,
ERCOT,92.5,19,79,2,0,127,0.25,1.0,0.0,93.05,
ERCOT,92.5,19,79,2,0,127,0.25,1.0,0.5,93.05,
ERCOT,92.5,19,79,2,0,127,0.5,0.0,0.0,93.05,
ERCOT,92.5,19,79,2,0,127,0.5,0.0,0.5,93.05,
ERCOT,92.5,19,79,2,0,127,0.5,0.25,0.0,93.05,
ERCOT,92.5,19,79,2,0,127,0.5,0.25,0.5,93.05,
ERCOT,92.5,19,79,2,0,127,0.5,0.5,0.0,93.05,
ERCOT,92.5,19,79,2,0,127,0.5,0.5,0.5,93.05,
ERCOT,92.5,19,79,2,0,127,0.5,0.75,0.0,93.05,
ERCOT,92.5,19,79,2,0,127,0.5,0.75,0.5,93.05,
ERCOT,92.5,19,79,2,0,127,0.5,1.0,0.0,93.05,
ERCOT,92.5,19,79,2,0,127,0.5,1.0,0.5,93.05,
ERCOT,92.5,19,80,1,0,247,0.0,0.0,1.5,92.57,
ERCOT,92.5,19,80,1,0,202,0.0,0.0,2.0,92.91,
ERCOT,92.5,19,80,1,0,167,0.0,0.0,2.5,92.56,
ERCOT,92.5,19,80,1,0,142,0.0,0.25,0.0,92.53,
ERCOT,92.5,19,80,1,0,137,0.0,0.25,0.5,93.19,
ERCOT,92.5,19,80,1,0,132,0.0,0.25,1.0,93.45,
ERCOT,92.5,19,80,1,0,127,0.0,0.25,1.5,93.19,
ERCOT,92.5,19,80,1,0,127,0.0,0.25,2.0,93.89,
ERCOT,92.5,19,80,1,0,127,0.0,0.5,0.0,92.91,
ERCOT,92.5,19,80,1,0,127,0.0,0.5,0.5,92.91,
ERCOT,92.5,19,80,1,0,127,0.0,0.75,0.0,92.91,
ERCOT,92.5,19,80,1,0,127,0.0,0.75,0.5,92.91,
ERCOT,92.5,19,80,1,0,127,0.0,1.0,0.0,92.91,
ERCOT,92.5,19,80,1,0,127,0.0,1.0,0.5,92.91,
ERCOT,92.5,19,80,1,0,127,0.25,0.0,0.0,92.76,
ERCOT,92.5,19,80,1,0,127,0.25,0.0,0.5,92.76,
ERCOT,92.5,19,80,1,0,127,0.25,0.25,0.0,92.76,
ERCOT,92.5,19,80,1,0,127,0.25,0.25,0.5,92.76,
ERCOT,92.5,19,80,1,0,127,0.25,0.5,0.0,92.76,
ERCOT,92.5,19,80,1,0,127,0.25,0.5,0.5,92.76,
ERCOT,92.5,19,80,1,0,127,0.25,0.75,0.0,92.76,
ERCOT,92.5,19,80,1,0,127,0.25,0.75,0.5,92.76,
ERCOT,92.5,19,80,1,0,127,0.25,1.0,0.0,92.76,
ERCOT,92.5,19,80,1,0,127,0.25,1.0,0.5,92.76,
ERCOT,92.5,19,80,1,0,127,0.5,0.0,0.0,92.76,
ERCOT,92.5,19,80,1,0,127,0.5,0.0,0.5,92.76,
ERCOT,92.5,19,80,1,0,127,0.5,0.25,0.0,92.76,
ERCOT,92.5,19,80,1,0,127,0.5,0.25,0.5,92.76,
ERCOT,92.5,19,80,1,0,127,0.5,0.5,0.0,92.76,
ERCOT,92.5,19,80,1,0,127,0.5,0.5,0.5,92.76,
ERCOT,92.5,19,80,1,0,127,0.5,0.75,0.0,92.76,
ERCOT,92.5,19,80,1,0,127,0.5,0.75,0.5,92.76,
ERCOT,92.5,19,80,1,0,127,0.5,1.0,0.0,92.76,
ERCOT,92.5,19,80,1,0,127,0.5,1.0,0.5,92.76,
ERCOT,92.5,86,10,4,0,107,0.0,0.0,0.0,92.59,
ERCOT,92.5,86,11,3,0,112,0.0,0.0,0.0,94.62,
ERCOT,92.5,86,12,2,0,112,0.0,0.0,0.0,94.47,
ERCOT,92.5,86,13,1,0,112,0.0,0.0,0.0,94.26,
ERCOT,92.5,86,14,0,0,112,0.0,0.0,0.0,93.98,
ERCOT,92.5,87,9,4,0,107,0.0,0.0,0.0,92.65,
ERCOT,92.5,87,10,3,0,107,0.0,0.0,0.0,92.57,
ERCOT,92.5,87,11,2,0,112,0.0,0.0,0.0,94.6,
ERCOT,92.5,87,12,1,0,112,0.0,0.0,0.0,94.44,
ERCOT,92.5,87,13,0,0,112,0.0,0.0,0.0,94.21,
ERCOT,92.5,88,8,4,0,107,0.0,0.0,0.0,92.67,
ERCOT,92.5,88,9,3,0,107,0.0,0.0,0.0,92.63,
ERCOT,92.5,88,10,2,0,107,0.0,0.0,0.0,92.54,
ERCOT,92.5,88,11,1,0,112,0.0,0.0,0.0,94.57,
ERCOT,92.5,88,12,0,0,112,0.0,0.0,0.0,94.4,
ERCOT,92.5,89,7,4,0,107,0.0,0.0,0.0,92.64,
ERCOT,92.5,89,8,3,0,107,0.0,0.0,0.0,92.65,
ERCOT,92.5,89,9,2,0,107,0.0,0.0,0.0,92.61,
ERCOT,92.5,89,10,1,0,107,0.0,0.0,0.0,92.5,
ERCOT,92.5,89,11,0,0,112,0.0,0.0,0.0,94.54,
ERCOT,92.5,90,6,4,0,107,0.0,0.0,0.0,92.57,
ERCOT,92.5,90,7,3,0,107,0.0,0.0,0.0,92.63,
ERCOT,92.5,90,8,2,0,107,0.0,0.0,0.0,92.63,
ERCOT,92.5,90,9,1,0,107,0.0,0.0,0.0,92.58,
ERCOT,92.5,91,6,3,0,107,0.0,0.0,0.0,92.56,
ERCOT,92.5,91,7,2,0,107,0.0,0.0,0.0,92.61,
ERCOT,92.5,91,8,1,0,107,0.0,0.0,0.0,92.61,
ERCOT,92.5,91,9,0,0,107,0.0,0.0,0.0,92.54,
ERCOT,92.5,92,6,2,0,107,0.0,0.0,0.0,92.55,
ERCOT,92.5,92,7,1,0,107,0.0,0.0,0.0,92.59,
ERCOT,92.5,92,8,0,0,107,0.0,0.0,0.0,92.58,
ERCOT,92.5,93,6,1,0,107,0.0,0.0,0.0,92.53,
ERCOT,92.5,93,7,0,0,107,0.0,0.0,0.0,92.57,
ERCOT,92.5,94,6,0,0,107,0.0,0.0,0.0,92.52,
ERCOT,92.5,0,1,99,0,142,0.0,0.0,0.0,92.88,
ERCOT,92.5,0,2,98,0,137,0.0,0.0,0.0,92.57,
ERCOT,92.5,0,3,97,0,137,0.0,0.0,0.0,92.97,
ERCOT,92.5,0,4,96,0,132,0.0,0.0,0.0,92.53,
ERCOT,92.5,1,1,98,0,142,0.0,0.0,0.0,92.98,
ERCOT,92.5,1,2,97,0,137,0.0,0.0,0.0,92.67,
ERCOT,92.5,1,3,96,0,137,0.0,0.0,0.0,93.06,
ERCOT,92.5,1,4,95,0,132,0.0,0.0,0.0,92.62,
ERCOT,92.5,2,1,97,0,142,0.0,0.0,0.0,93.08,
ERCOT,92.5,2,2,96,0,137,0.0,0.0,0.0,92.77,
ERCOT,92.5,2,3,95,0,137,0.0,0.0,0.0,93.16,
ERCOT,92.5,3,1,96,0,142,0.0,0.0,0.0,93.17,
ERCOT,92.5,3,2,95,0,137,0.0,0.0,0.0,92.86,
ERCOT,92.5,4,1,95,0,137,0.0,0.0,0.0,92.55,
ERCOT,92.5,16,45,39,0,157,0.0,0.0,0.0,92.78,
ERCOT,92.5,16,46,38,0,162,0.0,0.0,0.0,93.17,
ERCOT,92.5,16,47,37,0,162,0.0,0.0,0.0,92.66,
ERCOT,92.5,16,48,36,0,167,0.0,0.0,0.0,93.0,
ERCOT,92.5,16,49,35,0,172,0.0,0.0,0.0,93.3,
ERCOT,92.5,17,44,39,0,157,0.0,0.0,0.0,93.28,
ERCOT,92.5,17,45,38,0,157,0.0,0.0,0.0,92.79,
ERCOT,92.5,17,46,37,0,162,0.0,0.0,0.0,93.18,
ERCOT,92.5,17,47,36,0,162,0.0,0.0,0.0,92.67,
ERCOT,92.5,17,48,35,0,167,0.0,0.0,0.0,93.01,
ERCOT,92.5,17,49,34,0,172,0.0,0.0,0.0,93.32,
ERCOT,92.5,18,43,39,0,152,0.0,0.0,0.0,92.86,
ERCOT,92.5,18,44,38,0,157,0.0,0.0,0.0,93.29,
ERCOT,92.5,18,45,37,0,157,0.0,0.0,0.0,92.8,
ERCOT,92.5,18,46,36,0,162,0.0,0.0,0.0,93.19,
ERCOT,92.5,18,47,35,0,162,0.0,0.0,0.0,92.68,
ERCOT,92.5,18,48,34,0,167,0.0,0.0,0.0,93.02,
ERCOT,92.5,18,49,33,0,172,0.0,0.0,0.0,93.33,
ERCOT,92.5,19,42,39,0,152,0.0,0.0,0.0,93.34,
ERCOT,92.5,19,43,38,0,152,0.0,0.0,0.0,92.87,
ERCOT,92.5,19,44,37,0,157,0.0,0.0,0.0,93.31,
ERCOT,92.5,19,45,36,0,157,0.0,0.0,0.0,92.81,
ERCOT,92.5,19,46,35,0,162,0.0,0.0,0.0,93.21,
ERCOT,92.5,19,47,34,0,162,0.0,0.0,0.0,92.68,
ERCOT,92.5,19,48,33,0,167,0.0,0.0,0.0,93.03,
ERCOT,92.5,19,49,32,0,172,0.0,0.0,0.0,93.34,
ERCOT,92.5,20,41,39,0,147,0.0,0.0,0.0,92.87,
ERCOT,92.5,20,42,38,0,152,0.0,0.0,0.0,93.36,
ERCOT,92.5,20,43,37,0,152,0.0,0.0,0.0,92.88,
ERCOT,92.5,20,44,36,0,157,0.0,0.0,0.0,93.32,
ERCOT,92.5,20,46,34,0,162,0.0,0.0,0.0,93.22,
ERCOT,92.5,20,47,33,0,162,0.0,0.0,0.0,92.68,
ERCOT,92.5,20,48,32,0,167,0.0,0.0,0.0,93.04,
ERCOT,92.5,20,49,31,0,172,0.0,0.0,0.0,93.35,
ERCOT,92.5,21,45,34,0,157,0.0,0.0,0.0,92.82,
ERCOT,92.5,21,46,33,0,162,0.0,0.0,0.0,93.23,
ERCOT,92.5,21,47,32,0,162,0.0,0.0,0.0,92.68,
ERCOT,92.5,21,48,31,0,167,0.0,0.0,0.0,93.04,
ERCOT,92.5,22,45,33,0,157,0.0,0.0,0.0,92.83,
ERCOT,92.5,22,46,32,0,162,0.0,0.0,0.0,93.23,
ERCOT,92.5,22,47,31,0,162,0.0,0.0,0.0,92.68,
ERCOT,92.5,23,45,32,0,157,0.0,0.0,0.0,92.83,
ERCOT,92.5,23,46,31,0,162,0.0,0.0,0.0,93.24,
ERCOT,92.5,24,45,31,0,157,0.0,0.0,0.0,92.83,
ERCOT,92.5,51,15,34,0,112,0.0,0.0,0.0,93.84,
ERCOT,92.5,51,16,33,0,112,0.0,0.0,0.0,93.75,
ERCOT,92.5,51,17,32,0,112,0.0,0.0,0.0,93.61,
ERCOT,92.5,51,18,31,0,112,0.0,0.0,0.0,93.42,
ERCOT,92.5,51,19,30,0,112,0.0,0.0,0.0,93.18,
ERCOT,92.5,52,14,34,0,112,0.0,0.0,0.0,93.92,
ERCOT,92.5,52,15,33,0,112,0.0,0.0,0.0,93.87,
ERCOT,92.5,52,16,32,0,112,0.0,0.0,0.0,93.78,
ERCOT,92.5,52,17,31,0,112,0.0,0.0,0.0,93.63,
ERCOT,92.5,52,18,30,0,112,0.0,0.0,0.0,93.43,
ERCOT,92.5,53,13,34,0,112,0.0,0.0,0.0,93.97,
ERCOT,92.5,53,14,33,0,112,0.0,0.0,0.0,93.96,
ERCOT,92.5,53,15,32,0,112,0.0,0.0,0.0,93.91,
ERCOT,92.5,53,16,31,0,112,0.0,0.0,0.0,93.8,
ERCOT,92.5,53,17,30,0,112,0.0,0.0,0.0,93.65,
ERCOT,92.5,54,12,34,0,112,0.0,0.0,0.0,93.99,
ERCOT,92.5,54,13,33,0,112,0.0,0.0,0.0,94.02,
ERCOT,92.5,54,14,32,0,112,0.0,0.0,0.0,94.0,
ERCOT,92.5,54,15,31,0,112,0.0,0.0,0.0,93.94,
ERCOT,92.5,54,16,30,0,112,0.0,0.0,0.0,93.83,
ERCOT,92.5,55,11,34,0,112,0.0,0.0,0.0,93.98,
ERCOT,92.5,55,12,33,0,112,0.0,0.0,0.0,94.04,
ERCOT,92.5,55,13,32,0,112,0.0,0.0,0.0,94.06,
ERCOT,92.5,55,14,31,0,112,0.0,0.0,0.0,94.04,
ERCOT,92.5,56,11,33,0,112,0.0,0.0,0.0,94.03,
ERCOT,92.5,56,12,32,0,112,0.0,0.0,0.0,94.09,
ERCOT,92.5,56,13,31,0,112,0.0,0.0,0.0,94.1,
ERCOT,92.5,56,14,30,0,112,0.0,0.0,0.0,94.08,
ERCOT,92.5,57,11,32,0,112,0.0,0.0,0.0,94.08,
ERCOT,92.5,57,12,31,0,112,0.0,0.0,0.0,94.13,
ERCOT,92.5,57,13,30,0,112,0.0,0.0,0.0,94.14,
ERCOT,92.5,58,11,31,0,112,0.0,0.0,0.0,94.13,
ERCOT,92.5,58,12,30,0,112,0.0,0.0,0.0,94.18,
ERCOT,92.5,59,11,30,0,112,0.0,0.0,0.0,94.17,
ERCOT,92.5,21,74,5,0,237,0.0,0.0,1.0,93.19,
ERCOT,92.5,21,74,5,0,192,0.0,0.0,1.5,92.5,
ERCOT,92.5,21,74,5,0,162,0.0,0.0,2.0,92.63,
ERCOT,92.5,21,74,5,0,147,0.0,0.0,2.5,92.66,
ERCOT,92.5,21,74,5,0,132,0.0,0.25,0.0,93.73,
ERCOT,92.5,21,74,5,0,127,0.0,0.25,0.5,93.63,
ERCOT,92.5,21,74,5,0,122,0.0,0.25,1.0,93.11,
ERCOT,92.5,21,74,5,0,122,0.0,0.25,1.5,93.77,
ERCOT,92.5,21,74,5,0,122,0.0,0.5,0.0,93.15,
ERCOT,92.5,21,74,5,0,122,0.0,0.5,0.5,93.15,
ERCOT,92.5,21,74,5,0,122,0.0,0.75,0.0,93.15,
ERCOT,92.5,21,74,5,0,122,0.0,0.75,0.5,93.15,
ERCOT,92.5,21,74,5,0,122,0.0,1.0,0.0,93.15,
ERCOT,92.5,21,74,5,0,122,0.0,1.0,0.5,93.15,
ERCOT,92.5,21,74,5,0,122,0.25,0.0,0.0,93.0,
ERCOT,92.5,21,74,5,0,122,0.25,0.0,0.5,93.0,
ERCOT,92.5,21,74,5,0,122,0.25,0.25,0.0,93.0,
ERCOT,92.5,21,74,5,0,122,0.25,0.25,0.5,93.0,
ERCOT,92.5,21,74,5,0,122,0.25,0.5,0.0,93.0,
ERCOT,92.5,21,74,5,0,122,0.25,0.5,0.5,93.0,
ERCOT,92.5,21,74,5,0,122,0.25,0.75,0.0,93.0,
ERCOT,92.5,21,74,5,0,122,0.25,0.75,0.5,93.0,
ERCOT,92.5,21,74,5,0,122,0.25,1.0,0.0,93.0,
ERCOT,92.5,21,74,5,0,122,0.25,1.0,0.5,93.0,
ERCOT,92.5,21,74,5,0,122,0.5,0.0,0.0,93.0,
ERCOT,92.5,21,74,5,0,122,0.5,0.0,0.5,93.0,
ERCOT,92.5,21,74,5,0,122,0.5,0.25,0.0,93.0,
ERCOT,92.5,21,74,5,0,122,0.5,0.25,0.5,93.0,
ERCOT,92.5,21,74,5,0,122,0.5,0.5,0.0,93.0,
ERCOT,92.5,21,74,5,0,122,0.5,0.5,0.5,93.0,
ERCOT,92.5,21,74,5,0,122,0.5,0.75,0.0,93.0,
ERCOT,92.5,21,74,5,0,122,0.5,0.75,0.5,93.0,
ERCOT,92.5,21,74,5,0,122,0.5,1.0,0.0,93.0,
ERCOT,92.5,21,74,5,0,122,0.5,1.0,0.5,93.0,
ERCOT,92.5,22,73,5,0,227,0.0,0.0,1.0,92.92,
ERCOT,92.5,22,73,5,0,187,0.0,0.0,1.5,92.67,
ERCOT,92.5,22,73,5,0,162,0.0,0.0,2.0,93.35,
ERCOT,92.5,22,73,5,0,147,0.0,0.0,2.5,93.21,
ERCOT,92.5,22,73,5,0,127,0.0,0.25,0.0,92.97,
ERCOT,92.5,22,73,5,0,122,0.0,0.25,0.5,92.62,
ERCOT,92.5,22,73,5,0,122,0.0,0.25,1.0,93.46,
ERCOT,92.5,22,73,5,0,122,0.0,0.5,0.0,93.37,
ERCOT,92.5,22,73,5,0,122,0.0,0.5,0.5,93.37,
ERCOT,92.5,22,73,5,0,122,0.0,0.75,0.0,93.37,
ERCOT,92.5,22,73,5,0,122,0.0,0.75,0.5,93.37,
ERCOT,92.5,22,73,5,0,122,0.0,1.0,0.0,93.37,
ERCOT,92.5,22,73,5,0,122,0.0,1.0,0.5,93.37,
ERCOT,92.5,22,73,5,0,122,0.25,0.0,0.0,93.22,
ERCOT,92.5,22,73,5,0,122,0.25,0.0,0.5,93.22,
ERCOT,92.5,22,73,5,0,122,0.25,0.25,0.0,93.22,
ERCOT,92.5,22,73,5,0,122,0.25,0.25,0.5,93.22,
ERCOT,92.5,22,73,5,0,122,0.25,0.5,0.0,93.22,
ERCOT,92.5,22,73,5,0,122,0.25,0.5,0.5,93.22,
ERCOT,92.5,22,73,5,0,122,0.25,0.75,0.0,93.22,
ERCOT,92.5,22,73,5,0,122,0.25,0.75,0.5,93.22,
ERCOT,92.5,22,73,5,0,122,0.25,1.0,0.0,93.22,
ERCOT,92.5,22,73,5,0,122,0.25,1.0,0.5,93.22,
ERCOT,92.5,22,73,5,0,122,0.5,0.0,0.0,93.22,
ERCOT,92.5,22,73,5,0,122,0.5,0.0,0.5,93.22,
ERCOT,92.5,22,73,5,0,122,0.5,0.25,0.0,93.22,
ERCOT,92.5,22,73,5,0,122,0.5,0.25,0.5,93.22,
ERCOT,92.5,22,73,5,0,122,0.5,0.5,0.0,93.22,
ERCOT,92.5,22,73,5,0,122,0.5,0.5,0.5,93.22,
ERCOT,92.5,22,73,5,0,122,0.5,0.75,0.0,93.22,
ERCOT,92.5,22,73,5,0,122,0.5,0.75,0.5,93.22,
ERCOT,92.5,22,73,5,0,122,0.5,1.0,0.0,93.22,
ERCOT,92.5,22,73,5,0,122,0.5,1.0,0.5,93.22,
ERCOT,92.5,23,72,5,0,217,0.0,0.0,1.0,92.53,
ERCOT,92.5,23,72,5,0,182,0.0,0.0,1.5,92.79,
ERCOT,92.5,23,72,5,0,157,0.0,0.0,2.0,93.11,
ERCOT,92.5,23,72,5,0,147,0.0,0.0,2.5,93.75,
ERCOT,92.5,23,72,5,0,127,0.0,0.25,0.0,93.43,
ERCOT,92.5,23,72,5,0,122,0.0,0.25,0.5,93.01,
ERCOT,92.5,23,72,5,0,122,0.0,0.25,1.0,93.8,
ERCOT,92.5,23,72,5,0,122,0.0,0.5,0.0,93.58,
ERCOT,92.5,23,72,5,0,122,0.0,0.5,0.5,93.58,
ERCOT,92.5,23,72,5,0,122,0.0,0.75,0.0,93.58,
ERCOT,92.5,23,72,5,0,122,0.0,0.75,0.5,93.58,
ERCOT,92.5,23,72,5,0,122,0.0,1.0,0.0,93.58,
ERCOT,92.5,23,72,5,0,122,0.0,1.0,0.5,93.58,
ERCOT,92.5,23,72,5,0,122,0.25,0.0,0.0,93.44,
ERCOT,92.5,23,72,5,0,122,0.25,0.0,0.5,93.44,
ERCOT,92.5,23,72,5,0,122,0.25,0.25,0.0,93.44,
ERCOT,92.5,23,72,5,0,122,0.25,0.25,0.5,93.44,
ERCOT,92.5,23,72,5,0,122,0.25,0.5,0.0,93.44,
ERCOT,92.5,23,72,5,0,122,0.25,0.5,0.5,93.44,
ERCOT,92.5,23,72,5,0,122,0.25,0.75,0.0,93.44,
ERCOT,92.5,23,72,5,0,122,0.25,0.75,0.5,93.44,
ERCOT,92.5,23,72,5,0,122,0.25,1.0,0.0,93.44,
ERCOT,92.5,23,72,5,0,122,0.25,1.0,0.5,93.44,
ERCOT,92.5,23,72,5,0,122,0.5,0.0,0.0,93.44,
ERCOT,92.5,23,72,5,0,122,0.5,0.0,0.5,93.44,
ERCOT,92.5,23,72,5,0,122,0.5,0.25,0.0,93.44,
ERCOT,92.5,23,72,5,0,122,0.5,0.25,0.5,93.44,
ERCOT,92.5,23,72,5,0,122,0.5,0.5,0.0,93.44,
ERCOT,92.5,23,72,5,0,122,0.5,0.5,0.5,93.44,
ERCOT,92.5,23,72,5,0,122,0.5,0.75,0.0,93.44,
ERCOT,92.5,23,72,5,0,122,0.5,0.75,0.5,93.44,
ERCOT,92.5,23,72,5,0,122,0.5,1.0,0.0,93.44,
ERCOT,92.5,23,72,5,0,122,0.5,1.0,0.5,93.44,
ERCOT,92.5,24,71,5,0,212,0.0,0.0,1.0,92.84,
ERCOT,92.5,24,71,5,0,177,0.0,0.0,1.5,92.84,
ERCOT,92.5,24,71,5,0,152,0.0,0.0,2.0,92.76,
ERCOT,92.5,24,71,5,0,142,0.0,0.0,2.5,92.69,
ERCOT,92.5,24,71,5,0,122,0.0,0.25,0.0,92.53,
ERCOT,92.5,24,71,5,0,122,0.0,0.25,0.5,93.41,
ERCOT,92.5,24,71,5,0,122,0.0,0.5,0.0,93.8,
ERCOT,92.5,24,71,5,0,122,0.0,0.5,0.5,93.8,
ERCOT,92.5,24,71,5,0,122,0.0,0.75,0.0,93.8,
ERCOT,92.5,24,71,5,0,122,0.0,0.75,0.5,93.8,
ERCOT,92.5,24,71,5,0,122,0.0,1.0,0.0,93.8,
ERCOT,92.5,24,71,5,0,122,0.0,1.0,0.5,93.8,
ERCOT,92.5,24,71,5,0,122,0.25,0.0,0.0,93.66,
ERCOT,92.5,24,71,5,0,122,0.25,0.0,0.5,93.66,
ERCOT,92.5,24,71,5,0,122,0.25,0.25,0.0,93.66,
ERCOT,92.5,24,71,5,0,122,0.25,0.25,0.5,93.66,
ERCOT,92.5,24,71,5,0,122,0.25,0.5,0.0,93.66,
ERCOT,92.5,24,71,5,0,122,0.25,0.5,0.5,93.66,
ERCOT,92.5,24,71,5,0,122,0.25,0.75,0.0,93.66,
ERCOT,92.5,24,71,5,0,122,0.25,0.75,0.5,93.66,
ERCOT,92.5,24,71,5,0,122,0.25,1.0,0.0,93.66,
ERCOT,92.5,24,71,5,0,122,0.25,1.0,0.5,93.66,
ERCOT,92.5,24,71,5,0,122,0.5,0.0,0.0,93.66,
ERCOT,92.5,24,71,5,0,122,0.5,0.0,0.5,93.66,
ERCOT,92.5,24,71,5,0,122,0.5,0.25,0.0,93.66,
ERCOT,92.5,24,71,5,0,122,0.5,0.25,0.5,93.66,
ERCOT,92.5,24,71,5,0,122,0.5,0.5,0.0,93.66,
ERCOT,92.5,24,71,5,0,122,0.5,0.5,0.5,93.66,
ERCOT,92.5,24,71,5,0,122,0.5,0.75,0.0,93.66,
ERCOT,92.5,24,71,5,0,122,0.5,0.75,0.5,93.66,
ERCOT,92.5,24,71,5,0,122,0.5,1.0,0.0,93.66,
ERCOT,92.5,24,71,5,0,122,0.5,1.0,0.5,93.66,
ERCOT,92.5,26,69,5,0,237,0.0,0.0,0.5,92.85,
ERCOT,92.5,26,69,5,0,202,0.0,0.0,1.0,93.28,
ERCOT,92.5,26,69,5,0,167,0.0,0.0,1.5,92.75,
ERCOT,92.5,26,69,5,0,147,0.0,0.0,2.0,92.93,
ERCOT,92.5,26,69,5,0,142,0.0,0.0,2.5,93.81,
ERCOT,92.5,26,69,5,0,122,0.0,0.25,0.0,93.39,
ERCOT,92.5,26,69,5,0,122,0.0,0.25,0.5,94.16,
ERCOT,92.5,26,69,5,0,122,0.0,0.5,0.0,94.21,
ERCOT,92.5,26,69,5,0,122,0.0,0.5,0.5,94.21,
ERCOT,92.5,26,69,5,0,122,0.0,0.75,0.0,94.21,
ERCOT,92.5,26,69,5,0,122,0.0,0.75,0.5,94.21,
ERCOT,92.5,26,69,5,0,122,0.0,1.0,0.0,94.21,
ERCOT,92.5,26,69,5,0,122,0.0,1.0,0.5,94.21,
ERCOT,92.5,26,69,5,0,122,0.25,0.0,0.0,94.09,
ERCOT,92.5,26,69,5,0,122,0.25,0.0,0.5,94.09,
ERCOT,92.5,26,69,5,0,122,0.25,0.25,0.0,94.09,
ERCOT,92.5,26,69,5,0,122,0.25,0.25,0.5,94.09,
ERCOT,92.5,26,69,5,0,122,0.25,0.5,0.0,94.09,
ERCOT,92.5,26,69,5,0,122,0.25,0.5,0.5,94.09,
ERCOT,92.5,26,69,5,0,122,0.25,0.75,0.0,94.09,
ERCOT,92.5,26,69,5,0,122,0.25,0.75,0.5,94.09,
ERCOT,92.5,26,69,5,0,122,0.25,1.0,0.0,94.09,
ERCOT,92.5,26,69,5,0,122,0.25,1.0,0.5,94.09,
ERCOT,92.5,26,69,5,0,122,0.5,0.0,0.0,94.09,
ERCOT,92.5,26,69,5,0,122,0.5,0.0,0.5,94.09,
ERCOT,92.5,26,69,5,0,122,0.5,0.25,0.0,94.09,
ERCOT,92.5,26,69,5,0,122,0.5,0.25,0.5,94.09,
ERCOT,92.5,26,69,5,0,122,0.5,0.5,0.0,94.09,
ERCOT,92.5,26,69,5,0,122,0.5,0.5,0.5,94.09,
ERCOT,92.5,26,69,5,0,122,0.5,0.75,0.0,94.09,
ERCOT,92.5,26,69,5,0,122,0.5,0.75,0.5,94.09,
ERCOT,92.5,26,69,5,0,122,0.5,1.0,0.0,94.09,
ERCOT,92.5,26,69,5,0,122,0.5,1.0,0.5,94.09,
ERCOT,92.5,26,70,4,0,247,0.0,0.0,0.5,93.06,
ERCOT,92.5,26,70,4,0,207,0.0,0.0,1.0,92.95,
ERCOT,92.5,26,70,4,0,172,0.0,0.0,1.5,92.72,
ERCOT,92.5,26,70,4,0,152,0.0,0.0,2.0,93.34,
ERCOT,92.5,26,70,4,0,142,0.0,0.0,2.5,93.12,
ERCOT,92.5,26,70,4,0,122,0.0,0.25,0.0,92.91,
ERCOT,92.5,26,70,4,0,122,0.0,0.25,0.5,93.73,
ERCOT,92.5,26,70,4,0,122,0.0,0.5,0.0,93.97,
ERCOT,92.5,26,70,4,0,122,0.0,0.5,0.5,93.97,
ERCOT,92.5,26,70,4,0,122,0.0,0.75,0.0,93.97,
ERCOT,92.5,26,70,4,0,122,0.0,0.75,0.5,93.97,
ERCOT,92.5,26,70,4,0,122,0.0,1.0,0.0,93.97,
ERCOT,92.5,26,70,4,0,122,0.0,1.0,0.5,93.97,
ERCOT,92.5,26,70,4,0,122,0.25,0.0,0.0,93.83,
ERCOT,92.5,26,70,4,0,122,0.25,0.0,0.5,93.83,
ERCOT,92.5,26,70,4,0,122,0.25,0.25,0.0,93.83,
ERCOT,92.5,26,70,4,0,122,0.25,0.25,0.5,93.83,
ERCOT,92.5,26,70,4,0,122,0.25,0.5,0.0,93.83,
ERCOT,92.5,26,70,4,0,122,0.25,0.5,0.5,93.83,
ERCOT,92.5,26,70,4,0,122,0.25,0.75,0.0,93.83,
ERCOT,92.5,26,70,4,0,122,0.25,0.75,0.5,93.83,
ERCOT,92.5,26,70,4,0,122,0.25,1.0,0.0,93.83,
ERCOT,92.5,26,70,4,0,122,0.25,1.0,0.5,93.83,
ERCOT,92.5,26,70,4,0,122,0.5,0.0,0.0,93.83,
ERCOT,92.5,26,70,4,0,122,0.5,0.0,0.5,93.83,
ERCOT,92.5,26,70,4,0,122,0.5,0.25,0.0,93.83,
ERCOT,92.5,26,70,4,0,122,0.5,0.25,0.5,93.83,
ERCOT,92.5,26,70,4,0,122,0.5,0.5,0.0,93.83,
ERCOT,92.5,26,70,4,0,122,0.5,0.5,0.5,93.83,
ERCOT,92.5,26,70,4,0,122,0.5,0.75,0.0,93.83,
ERCOT,92.5,26,70,4,0,122,0.5,0.75,0.5,93.83,
ERCOT,92.5,26,70,4,0,122,0.5,1.0,0.0,93.83,
ERCOT,92.5,26,70,4,0,122,0.5,1.0,0.5,93.83,
ERCOT,92.5,27,68,5,0,232,0.0,0.0,0.5,93.22,
ERCOT,92.5,27,68,5,0,192,0.0,0.0,1.0,92.52,
ERCOT,92.5,27,68,5,0,162,0.0,0.0,1.5,92.6,
ERCOT,92.5,27,68,5,0,147,0.0,0.0,2.0,93.55,
ERCOT,92.5,27,68,5,0,142,0.0,0.0,2.5,94.28,
ERCOT,92.5,27,68,5,0,122,0.0,0.25,0.0,93.78,
ERCOT,92.5,27,68,5,0,117,0.0,0.25,0.5,92.54,
ERCOT,92.5,27,68,5,0,117,0.0,0.25,1.0,92.85,
ERCOT,92.5,27,68,5,0,117,0.0,0.5,0.0,92.66,
ERCOT,92.5,27,68,5,0,117,0.0,0.5,0.5,92.66,
ERCOT,92.5,27,68,5,0,117,0.0,0.75,0.0,92.66,
ERCOT,92.5,27,68,5,0,117,0.0,0.75,0.5,92.66,
ERCOT,92.5,27,68,5,0,117,0.0,1.0,0.0,92.66,
ERCOT,92.5,27,68,5,0,117,0.0,1.0,0.5,92.66,
ERCOT,92.5,27,68,5,0,117,0.25,0.0,0.0,92.51,
ERCOT,92.5,27,68,5,0,117,0.25,0.0,0.5,92.51,
ERCOT,92.5,27,68,5,0,117,0.25,0.25,0.0,92.51,
ERCOT,92.5,27,68,5,0,117,0.25,0.25,0.5,92.51,
ERCOT,92.5,27,68,5,0,117,0.25,0.5,0.0,92.51,
ERCOT,92.5,27,68,5,0,117,0.25,0.5,0.5,92.51,
ERCOT,92.5,27,68,5,0,117,0.25,0.75,0.0,92.51,
ERCOT,92.5,27,68,5,0,117,0.25,0.75,0.5,92.51,
ERCOT,92.5,27,68,5,0,117,0.25,1.0,0.0,92.51,
ERCOT,92.5,27,68,5,0,117,0.25,1.0,0.5,92.51,
ERCOT,92.5,27,68,5,0,117,0.5,0.0,0.0,92.51,
ERCOT,92.5,27,68,5,0,117,0.5,0.0,0.5,92.51,
ERCOT,92.5,27,68,5,0,117,0.5,0.25,0.0,92.51,
ERCOT,92.5,27,68,5,0,117,0.5,0.25,0.5,92.51,
ERCOT,92.5,27,68,5,0,117,0.5,0.5,0.0,92.51,
ERCOT,92.5,27,68,5,0,117,0.5,0.5,0.5,92.51,
ERCOT,92.5,27,68,5,0,117,0.5,0.75,0.0,92.51,
ERCOT,92.5,27,68,5,0,117,0.5,0.75,0.5,92.51,
ERCOT,92.5,27,68,5,0,117,0.5,1.0,0.0,92.51,
ERCOT,92.5,27,68,5,0,117,0.5,1.0,0.5,92.51,
ERCOT,92.5,27,69,4,0,237,0.0,0.0,0.5,92.63,
ERCOT,92.5,27,69,4,0,202,0.0,0.0,1.0,93.15,
ERCOT,92.5,27,69,4,0,167,0.0,0.0,1.5,92.65,
ERCOT,92.5,27,69,4,0,147,0.0,0.0,2.0,92.85,
ERCOT,92.5,27,69,4,0,142,0.0,0.0,2.5,93.7,
ERCOT,92.5,27,69,4,0,122,0.0,0.25,0.0,93.34,
ERCOT,92.5,27,69,4,0,122,0.0,0.25,0.5,94.1,
ERCOT,92.5,27,69,4,0,122,0.0,0.5,0.0,94.18,
ERCOT,92.5,27,69,4,0,122,0.0,0.5,0.5,94.18,
ERCOT,92.5,27,69,4,0,122,0.0,0.75,0.0,94.18,
ERCOT,92.5,27,69,4,0,122,0.0,0.75,0.5,94.18,
ERCOT,92.5,27,69,4,0,122,0.0,1.0,0.0,94.18,
ERCOT,92.5,27,69,4,0,122,0.0,1.0,0.5,94.18,
ERCOT,92.5,27,69,4,0,122,0.25,0.0,0.0,94.05,
ERCOT,92.5,27,69,4,0,122,0.25,0.0,0.5,94.05,
ERCOT,92.5,27,69,4,0,122,0.25,0.25,0.0,94.05,
ERCOT,92.5,27,69,4,0,122,0.25,0.25,0.5,94.05,
ERCOT,92.5,27,69,4,0,122,0.25,0.5,0.0,94.05,
ERCOT,92.5,27,69,4,0,122,0.25,0.5,0.5,94.05,
ERCOT,92.5,27,69,4,0,122,0.25,0.75,0.0,94.05,
ERCOT,92.5,27,69,4,0,122,0.25,0.75,0.5,94.05,
ERCOT,92.5,27,69,4,0,122,0.25,1.0,0.0,94.05,
ERCOT,92.5,27,69,4,0,122,0.25,1.0,0.5,94.05,
ERCOT,92.5,27,69,4,0,122,0.5,0.0,0.0,94.05,
ERCOT,92.5,27,69,4,0,122,0.5,0.0,0.5,94.05,
ERCOT,92.5,27,69,4,0,122,0.5,0.25,0.0,94.05,
ERCOT,92.5,27,69,4,0,122,0.5,0.25,0.5,94.05,
ERCOT,92.5,27,69,4,0,122,0.5,0.5,0.0,94.05,
ERCOT,92.5,27,69,4,0,122,0.5,0.5,0.5,94.05,
ERCOT,92.5,27,69,4,0,122,0.5,0.75,0.0,94.05,
ERCOT,92.5,27,69,4,0,122,0.5,0.75,0.5,94.05,
ERCOT,92.5,27,69,4,0,122,0.5,1.0,0.0,94.05,
ERCOT,92.5,27,69,4,0,122,0.5,1.0,0.5,94.05,
ERCOT,92.5,27,70,3,0,247,0.0,0.0,0.5,92.83,
ERCOT,92.5,27,70,3,0,207,0.0,0.0,1.0,92.81,
ERCOT,92.5,27,70,3,0,172,0.0,0.0,1.5,92.61,
ERCOT,92.5,27,70,3,0,152,0.0,0.0,2.0,93.26,
ERCOT,92.5,27,70,3,0,142,0.0,0.0,2.5,92.98,
ERCOT,92.5,27,70,3,0,122,0.0,0.25,0.0,92.85,
ERCOT,92.5,27,70,3,0,122,0.0,0.25,0.5,93.68,
ERCOT,92.5,27,70,3,0,122,0.0,0.5,0.0,93.93,
ERCOT,92.5,27,70,3,0,122,0.0,0.5,0.5,93.93,
ERCOT,92.5,27,70,3,0,122,0.0,0.75,0.0,93.93,
ERCOT,92.5,27,70,3,0,122,0.0,0.75,0.5,93.93,
ERCOT,92.5,27,70,3,0,122,0.0,1.0,0.0,93.93,
ERCOT,92.5,27,70,3,0,122,0.0,1.0,0.5,93.93,
ERCOT,92.5,27,70,3,0,122,0.25,0.0,0.0,93.79,
ERCOT,92.5,27,70,3,0,122,0.25,0.0,0.5,93.79,
ERCOT,92.5,27,70,3,0,122,0.25,0.25,0.0,93.79,
ERCOT,92.5,27,70,3,0,122,0.25,0.25,0.5,93.79,
ERCOT,92.5,27,70,3,0,122,0.25,0.5,0.0,93.79,
ERCOT,92.5,27,70,3,0,122,0.25,0.5,0.5,93.79,
ERCOT,92.5,27,70,3,0,122,0.25,0.75,0.0,93.79,
ERCOT,92.5,27,70,3,0,122,0.25,0.75,0.5,93.79,
ERCOT,92.5,27,70,3,0,122,0.25,1.0,0.0,93.79,
ERCOT,92.5,27,70,3,0,122,0.25,1.0,0.5,93.79,
ERCOT,92.5,27,70,3,0,122,0.5,0.0,0.0,93.79,
ERCOT,92.5,27,70,3,0,122,0.5,0.0,0.5,93.79,
ERCOT,92.5,27,70,3,0,122,0.5,0.25,0.0,93.79,
ERCOT,92.5,27,70,3,0,122,0.5,0.25,0.5,93.79,
ERCOT,92.5,27,70,3,0,122,0.5,0.5,0.0,93.79,
ERCOT,92.5,27,70,3,0,122,0.5,0.5,0.5,93.79,
ERCOT,92.5,27,70,3,0,122,0.5,0.75,0.0,93.79,
ERCOT,92.5,27,70,3,0,122,0.5,0.75,0.5,93.79,
ERCOT,92.5,27,70,3,0,122,0.5,1.0,0.0,93.79,
ERCOT,92.5,27,70,3,0,122,0.5,1.0,0.5,93.79,
ERCOT,92.5,28,67,5,0,222,0.0,0.0,0.5,92.59,
ERCOT,92.5,28,67,5,0,187,0.0,0.0,1.0,92.58,
ERCOT,92.5,28,67,5,0,162,0.0,0.0,1.5,93.4,
ERCOT,92.5,28,67,5,0,142,0.0,0.0,2.0,92.88,
ERCOT,92.5,28,67,5,0,142,0.0,0.0,2.5,94.74,
ERCOT,92.5,28,67,5,0,122,0.0,0.25,0.0,94.15,
ERCOT,92.5,28,67,5,0,117,0.0,0.25,0.5,92.85,
ERCOT,92.5,28,67,5,0,117,0.0,0.25,1.0,93.11,
ERCOT,92.5,28,67,5,0,117,0.0,0.5,0.0,92.87,
ERCOT,92.5,28,67,5,0,117,0.0,0.5,0.5,92.87,
ERCOT,92.5,28,67,5,0,117,0.0,0.75,0.0,92.87,
ERCOT,92.5,28,67,5,0,117,0.0,0.75,0.5,92.87,
ERCOT,92.5,28,67,5,0,117,0.0,1.0,0.0,92.87,
ERCOT,92.5,28,67,5,0,117,0.0,1.0,0.5,92.87,
ERCOT,92.5,28,67,5,0,117,0.25,0.0,0.0,92.72,
ERCOT,92.5,28,67,5,0,117,0.25,0.0,0.5,92.72,
ERCOT,92.5,28,67,5,0,117,0.25,0.25,0.0,92.72,
ERCOT,92.5,28,67,5,0,117,0.25,0.25,0.5,92.72,
ERCOT,92.5,28,67,5,0,117,0.25,0.5,0.0,92.72,
ERCOT,92.5,28,67,5,0,117,0.25,0.5,0.5,92.72,
ERCOT,92.5,28,67,5,0,117,0.25,0.75,0.0,92.72,
ERCOT,92.5,28,67,5,0,117,0.25,0.75,0.5,92.72,
ERCOT,92.5,28,67,5,0,117,0.25,1.0,0.0,92.72,
ERCOT,92.5,28,67,5,0,117,0.25,1.0,0.5,92.72,
ERCOT,92.5,28,67,5,0,117,0.5,0.0,0.0,92.72,
ERCOT,92.5,28,67,5,0,117,0.5,0.0,0.5,92.72,
ERCOT,92.5,28,67,5,0,117,0.5,0.25,0.0,92.72,
ERCOT,92.5,28,67,5,0,117,0.5,0.25,0.5,92.72,
ERCOT,92.5,28,67,5,0,117,0.5,0.5,0.0,92.72,
ERCOT,92.5,28,67,5,0,117,0.5,0.5,0.5,92.72,
ERCOT,92.5,28,67,5,0,117,0.5,0.75,0.0,92.72,
ERCOT,92.5,28,67,5,0,117,0.5,0.75,0.5,92.72,
ERCOT,92.5,28,67,5,0,117,0.5,1.0,0.0,92.72,
ERCOT,92.5,28,67,5,0,117,0.5,1.0,0.5,92.72,
ERCOT,92.5,28,68,4,0,232,0.0,0.0,0.5,93.01,
ERCOT,92.5,28,68,4,0,197,0.0,0.0,1.0,93.29,
ERCOT,92.5,28,68,4,0,162,0.0,0.0,1.5,92.5,
ERCOT,92.5,28,68,4,0,147,0.0,0.0,2.0,93.47,
ERCOT,92.5,28,68,4,0,142,0.0,0.0,2.5,94.22,
ERCOT,92.5,28,68,4,0,122,0.0,0.25,0.0,93.73,
ERCOT,92.5,28,68,4,0,122,0.0,0.25,0.5,94.44,
ERCOT,92.5,28,68,4,0,117,0.0,0.5,0.0,92.61,
ERCOT,92.5,28,68,4,0,117,0.0,0.5,0.5,92.61,
ERCOT,92.5,28,68,4,0,117,0.0,0.75,0.0,92.61,
ERCOT,92.5,28,68,4,0,117,0.0,0.75,0.5,92.61,
ERCOT,92.5,28,68,4,0,117,0.0,1.0,0.0,92.61,
ERCOT,92.5,28,68,4,0,117,0.0,1.0,0.5,92.61,
ERCOT,92.5,28,68,4,0,122,0.25,0.0,0.0,94.27,
ERCOT,92.5,28,68,4,0,122,0.25,0.0,0.5,94.27,
ERCOT,92.5,28,68,4,0,122,0.25,0.25,0.0,94.27,
ERCOT,92.5,28,68,4,0,122,0.25,0.25,0.5,94.27,
ERCOT,92.5,28,68,4,0,122,0.25,0.5,0.0,94.27,
ERCOT,92.5,28,68,4,0,122,0.25,0.5,0.5,94.27,
ERCOT,92.5,28,68,4,0,122,0.25,0.75,0.0,94.27,
ERCOT,92.5,28,68,4,0,122,0.25,0.75,0.5,94.27,
ERCOT,92.5,28,68,4,0,122,0.25,1.0,0.0,94.27,
ERCOT,92.5,28,68,4,0,122,0.25,1.0,0.5,94.27,
ERCOT,92.5,28,68,4,0,122,0.5,0.0,0.0,94.27,
ERCOT,92.5,28,68,4,0,122,0.5,0.0,0.5,94.27,
ERCOT,92.5,28,68,4,0,122,0.5,0.25,0.0,94.27,
ERCOT,92.5,28,68,4,0,122,0.5,0.25,0.5,94.27,
ERCOT,92.5,28,68,4,0,122,0.5,0.5,0.0,94.27,
ERCOT,92.5,28,68,4,0,122,0.5,0.5,0.5,94.27,
ERCOT,92.5,28,68,4,0,122,0.5,0.75,0.0,94.27,
ERCOT,92.5,28,68,4,0,122,0.5,0.75,0.5,94.27,
ERCOT,92.5,28,68,4,0,122,0.5,1.0,0.0,94.27,
ERCOT,92.5,28,68,4,0,122,0.5,1.0,0.5,94.27,
ERCOT,92.5,28,69,3,0,242,0.0,0.0,0.5,93.3,
ERCOT,92.5,28,69,3,0,202,0.0,0.0,1.0,93.02,
ERCOT,92.5,28,69,3,0,167,0.0,0.0,1.5,92.54,
ERCOT,92.5,28,69,3,0,147,0.0,0.0,2.0,92.78,
ERCOT,92.5,28,69,3,0,142,0.0,0.0,2.5,93.55,
ERCOT,92.5,28,69,3,0,122,0.0,0.25,0.0,93.28,
ERCOT,92.5,28,69,3,0,122,0.0,0.25,0.5,94.05,
ERCOT,92.5,28,69,3,0,122,0.0,0.5,0.0,94.14,
ERCOT,92.5,28,69,3,0,122,0.0,0.5,0.5,94.14,
ERCOT,92.5,28,69,3,0,122,0.0,0.75,0.0,94.14,
ERCOT,92.5,28,69,3,0,122,0.0,0.75,0.5,94.14,
ERCOT,92.5,28,69,3,0,122,0.0,1.0,0.0,94.14,
ERCOT,92.5,28,69,3,0,122,0.0,1.0,0.5,94.14,
ERCOT,92.5,28,69,3,0,122,0.25,0.0,0.0,94.01,
ERCOT,92.5,28,69,3,0,122,0.25,0.0,0.5,94.01,
ERCOT,92.5,28,69,3,0,122,0.25,0.25,0.0,94.01,
ERCOT,92.5,28,69,3,0,122,0.25,0.25,0.5,94.01,
ERCOT,92.5,28,69,3,0,122,0.25,0.5,0.0,94.01,
ERCOT,92.5,28,69,3,0,122,0.25,0.5,0.5,94.01,
ERCOT,92.5,28,69,3,0,122,0.25,0.75,0.0,94.01,
ERCOT,92.5,28,69,3,0,122,0.25,0.75,0.5,94.01,
ERCOT,92.5,28,69,3,0,122,0.25,1.0,0.0,94.01,
ERCOT,92.5,28,69,3,0,122,0.25,1.0,0.5,94.01,
ERCOT,92.5,28,69,3,0,122,0.5,0.0,0.0,94.01,
ERCOT,92.5,28,69,3,0,122,0.5,0.0,0.5,94.01,
ERCOT,92.5,28,69,3,0,122,0.5,0.25,0.0,94.01,
ERCOT,92.5,28,69,3,0,122,0.5,0.25,0.5,94.01,
ERCOT,92.5,28,69,3,0,122,0.5,0.5,0.0,94.01,
ERCOT,92.5,28,69,3,0,122,0.5,0.5,0.5,94.01,
ERCOT,92.5,28,69,3,0,122,0.5,0.75,0.0,94.01,
ERCOT,92.5,28,69,3,0,122,0.5,0.75,0.5,94.01,
ERCOT,92.5,28,69,3,0,122,0.5,1.0,0.0,94.01,
ERCOT,92.5,28,69,3,0,122,0.5,1.0,0.5,94.01,
ERCOT,92.5,28,70,2,0,247,0.0,0.0,0.5,92.6,
ERCOT,92.5,28,70,2,0,207,0.0,0.0,1.0,92.64,
ERCOT,92.5,28,70,2,0,177,0.0,0.0,1.5,93.39,
ERCOT,92.5,28,70,2,0,152,0.0,0.0,2.0,93.18,
ERCOT,92.5,28,70,2,0,142,0.0,0.0,2.5,92.83,
ERCOT,92.5,28,70,2,0,122,0.0,0.25,0.0,92.78,
ERCOT,92.5,28,70,2,0,122,0.0,0.25,0.5,93.61,
ERCOT,92.5,28,70,2,0,122,0.0,0.5,0.0,93.88,
ERCOT,92.5,28,70,2,0,122,0.0,0.5,0.5,93.88,
ERCOT,92.5,28,70,2,0,122,0.0,0.75,0.0,93.88,
ERCOT,92.5,28,70,2,0,122,0.0,0.75,0.5,93.88,
ERCOT,92.5,28,70,2,0,122,0.0,1.0,0.0,93.88,
ERCOT,92.5,28,70,2,0,122,0.0,1.0,0.5,93.88,
ERCOT,92.5,28,70,2,0,122,0.25,0.0,0.0,93.73,
ERCOT,92.5,28,70,2,0,122,0.25,0.0,0.5,93.73,
ERCOT,92.5,28,70,2,0,122,0.25,0.25,0.0,93.73,
ERCOT,92.5,28,70,2,0,122,0.25,0.25,0.5,93.73,
ERCOT,92.5,28,70,2,0,122,0.25,0.5,0.0,93.73,
ERCOT,92.5,28,70,2,0,122,0.25,0.5,0.5,93.73,
ERCOT,92.5,28,70,2,0,122,0.25,0.75,0.0,93.73,
ERCOT,92.5,28,70,2,0,122,0.25,0.75,0.5,93.73,
ERCOT,92.5,28,70,2,0,122,0.25,1.0,0.0,93.73,
ERCOT,92.5,28,70,2,0,122,0.25,1.0,0.5,93.73,
ERCOT,92.5,28,70,2,0,122,0.5,0.0,0.0,93.73,
ERCOT,92.5,28,70,2,0,122,0.5,0.0,0.5,93.73,
ERCOT,92.5,28,70,2,0,122,0.5,0.25,0.0,93.73,
ERCOT,92.5,28,70,2,0,122,0.5,0.25,0.5,93.73,
ERCOT,92.5,28,70,2,0,122,0.5,0.5,0.0,93.73,
ERCOT,92.5,28,70,2,0,122,0.5,0.5,0.5,93.73,
ERCOT,92.5,28,70,2,0,122,0.5,0.75,0.0,93.73,
ERCOT,92.5,28,70,2,0,122,0.5,0.75,0.5,93.73,
ERCOT,92.5,28,70,2,0,122,0.5,1.0,0.0,93.73,
ERCOT,92.5,28,70,2,0,122,0.5,1.0,0.5,93.73,
ERCOT,92.5,29,66,5,0,217,0.0,0.0,0.5,92.82,
ERCOT,92.5,29,66,5,0,182,0.0,0.0,1.0,92.57,
ERCOT,92.5,29,66,5,0,157,0.0,0.0,1.5,93.16,
ERCOT,92.5,29,66,5,0,142,0.0,0.0,2.0,93.45,
ERCOT,92.5,29,66,5,0,137,0.0,0.0,2.5,92.95,
ERCOT,92.5,29,66,5,0,117,0.0,0.25,0.0,92.81,
ERCOT,92.5,29,66,5,0,117,0.0,0.25,0.5,93.12,
ERCOT,92.5,29,66,5,0,117,0.0,0.5,0.0,93.08,
ERCOT,92.5,29,66,5,0,117,0.0,0.5,0.5,93.08,
ERCOT,92.5,29,66,5,0,117,0.0,0.75,0.0,93.08,
ERCOT,92.5,29,66,5,0,117,0.0,0.75,0.5,93.08,
ERCOT,92.5,29,66,5,0,117,0.0,1.0,0.0,93.08,
ERCOT,92.5,29,66,5,0,117,0.0,1.0,0.5,93.08,
ERCOT,92.5,29,66,5,0,117,0.25,0.0,0.0,92.93,
ERCOT,92.5,29,66,5,0,117,0.25,0.0,0.5,92.93,
ERCOT,92.5,29,66,5,0,117,0.25,0.25,0.0,92.93,
ERCOT,92.5,29,66,5,0,117,0.25,0.25,0.5,92.93,
ERCOT,92.5,29,66,5,0,117,0.25,0.5,0.0,92.93,
ERCOT,92.5,29,66,5,0,117,0.25,0.5,0.5,92.93,
ERCOT,92.5,29,66,5,0,117,0.25,0.75,0.0,92.93,
ERCOT,92.5,29,66,5,0,117,0.25,0.75,0.5,92.93,
ERCOT,92.5,29,66,5,0,117,0.25,1.0,0.0,92.93,
ERCOT,92.5,29,66,5,0,117,0.25,1.0,0.5,92.93,
ERCOT,92.5,29,66,5,0,117,0.5,0.0,0.0,92.93,
ERCOT,92.5,29,66,5,0,117,0.5,0.0,0.5,92.93,
ERCOT,92.5,29,66,5,0,117,0.5,0.25,0.0,92.93,
ERCOT,92.5,29,66,5,0,117,0.5,0.25,0.5,92.93,
ERCOT,92.5,29,66,5,0,117,0.5,0.5,0.0,92.93,
ERCOT,92.5,29,66,5,0,117,0.5,0.5,0.5,92.93,
ERCOT,92.5,29,66,5,0,117,0.5,0.75,0.0,92.93,
ERCOT,92.5,29,66,5,0,117,0.5,0.75,0.5,92.93,
ERCOT,92.5,29,66,5,0,117,0.5,1.0,0.0,92.93,
ERCOT,92.5,29,66,5,0,117,0.5,1.0,0.5,92.93,
ERCOT,92.5,29,67,4,0,227,0.0,0.0,0.5,93.34,
ERCOT,92.5,29,67,4,0,192,0.0,0.0,1.0,93.38,
ERCOT,92.5,29,67,4,0,162,0.0,0.0,1.5,93.31,
ERCOT,92.5,29,67,4,0,142,0.0,0.0,2.0,92.81,
ERCOT,92.5,29,67,4,0,142,0.0,0.0,2.5,94.68,
ERCOT,92.5,29,67,4,0,122,0.0,0.25,0.0,94.09,
ERCOT,92.5,29,67,4,0,117,0.0,0.25,0.5,92.79,
ERCOT,92.5,29,67,4,0,117,0.0,0.25,1.0,93.06,
ERCOT,92.5,29,67,4,0,117,0.0,0.5,0.0,92.82,
ERCOT,92.5,29,67,4,0,117,0.0,0.5,0.5,92.82,
ERCOT,92.5,29,67,4,0,117,0.0,0.75,0.0,92.82,
ERCOT,92.5,29,67,4,0,117,0.0,0.75,0.5,92.82,
ERCOT,92.5,29,67,4,0,117,0.0,1.0,0.0,92.82,
ERCOT,92.5,29,67,4,0,117,0.0,1.0,0.5,92.82,
ERCOT,92.5,29,67,4,0,117,0.25,0.0,0.0,92.66,
ERCOT,92.5,29,67,4,0,117,0.25,0.0,0.5,92.66,
ERCOT,92.5,29,67,4,0,117,0.25,0.25,0.0,92.66,
ERCOT,92.5,29,67,4,0,117,0.25,0.25,0.5,92.66,
ERCOT,92.5,29,67,4,0,117,0.25,0.5,0.0,92.66,
ERCOT,92.5,29,67,4,0,117,0.25,0.5,0.5,92.66,
ERCOT,92.5,29,67,4,0,117,0.25,0.75,0.0,92.66,
ERCOT,92.5,29,67,4,0,117,0.25,0.75,0.5,92.66,
ERCOT,92.5,29,67,4,0,117,0.25,1.0,0.0,92.66,
ERCOT,92.5,29,67,4,0,117,0.25,1.0,0.5,92.66,
ERCOT,92.5,29,67,4,0,117,0.5,0.0,0.0,92.66,
ERCOT,92.5,29,67,4,0,117,0.5,0.0,0.5,92.66,
ERCOT,92.5,29,67,4,0,117,0.5,0.25,0.0,92.66,
ERCOT,92.5,29,67,4,0,117,0.5,0.25,0.5,92.66,
ERCOT,92.5,29,67,4,0,117,0.5,0.5,0.0,92.66,
ERCOT,92.5,29,67,4,0,117,0.5,0.5,0.5,92.66,
ERCOT,92.5,29,67,4,0,117,0.5,0.75,0.0,92.66,
ERCOT,92.5,29,67,4,0,117,0.5,0.75,0.5,92.66,
ERCOT,92.5,29,67,4,0,117,0.5,1.0,0.0,92.66,
ERCOT,92.5,29,67,4,0,117,0.5,1.0,0.5,92.66,
ERCOT,92.5,29,68,3,0,232,0.0,0.0,0.5,92.79,
ERCOT,92.5,29,68,3,0,197,0.0,0.0,1.0,93.16,
ERCOT,92.5,29,68,3,0,167,0.0,0.0,1.5,93.37,
ERCOT,92.5,29,68,3,0,147,0.0,0.0,2.0,93.39,
ERCOT,92.5,29,68,3,0,142,0.0,0.0,2.5,94.12,
ERCOT,92.5,29,68,3,0,122,0.0,0.25,0.0,93.67,
ERCOT,92.5,29,68,3,0,122,0.0,0.25,0.5,94.39,
ERCOT,92.5,29,68,3,0,117,0.0,0.5,0.0,92.56,
ERCOT,92.5,29,68,3,0,117,0.0,0.5,0.5,92.56,
ERCOT,92.5,29,68,3,0,117,0.0,0.75,0.0,92.56,
ERCOT,92.5,29,68,3,0,117,0.0,0.75,0.5,92.56,
ERCOT,92.5,29,68,3,0,117,0.0,1.0,0.0,92.56,
ERCOT,92.5,29,68,3,0,117,0.0,1.0,0.5,92.56,
ERCOT,92.5,29,68,3,0,122,0.25,0.0,0.0,94.23,
ERCOT,92.5,29,68,3,0,122,0.25,0.0,0.5,94.23,
ERCOT,92.5,29,68,3,0,122,0.25,0.25,0.0,94.23,
ERCOT,92.5,29,68,3,0,122,0.25,0.25,0.5,94.23,
ERCOT,92.5,29,68,3,0,122,0.25,0.5,0.0,94.23,
ERCOT,92.5,29,68,3,0,122,0.25,0.5,0.5,94.23,
ERCOT,92.5,29,68,3,0,122,0.25,0.75,0.0,94.23,
ERCOT,92.5,29,68,3,0,122,0.25,0.75,0.5,94.23,
ERCOT,92.5,29,68,3,0,122,0.25,1.0,0.0,94.23,
ERCOT,92.5,29,68,3,0,122,0.25,1.0,0.5,94.23,
ERCOT,92.5,29,68,3,0,122,0.5,0.0,0.0,94.23,
ERCOT,92.5,29,68,3,0,122,0.5,0.0,0.5,94.23,
ERCOT,92.5,29,68,3,0,122,0.5,0.25,0.0,94.23,
ERCOT,92.5,29,68,3,0,122,0.5,0.25,0.5,94.23,
ERCOT,92.5,29,68,3,0,122,0.5,0.5,0.0,94.23,
ERCOT,92.5,29,68,3,0,122,0.5,0.5,0.5,94.23,
ERCOT,92.5,29,68,3,0,122,0.5,0.75,0.0,94.23,
ERCOT,92.5,29,68,3,0,122,0.5,0.75,0.5,94.23,
ERCOT,92.5,29,68,3,0,122,0.5,1.0,0.0,94.23,
ERCOT,92.5,29,68,3,0,122,0.5,1.0,0.5,94.23,
ERCOT,92.5,29,69,2,0,242,0.0,0.0,0.5,93.07,
ERCOT,92.5,29,69,2,0,202,0.0,0.0,1.0,92.86,
ERCOT,92.5,29,69,2,0,172,0.0,0.0,1.5,93.36,
ERCOT,92.5,29,69,2,0,147,0.0,0.0,2.0,92.7,
ERCOT,92.5,29,69,2,0,142,0.0,0.0,2.5,93.41,
ERCOT,92.5,29,69,2,0,122,0.0,0.25,0.0,93.21,
ERCOT,92.5,29,69,2,0,122,0.0,0.25,0.5,93.99,
ERCOT,92.5,29,69,2,0,122,0.0,0.5,0.0,94.09,
ERCOT,92.5,29,69,2,0,122,0.0,0.5,0.5,94.09,
ERCOT,92.5,29,69,2,0,122,0.0,0.75,0.0,94.09,
ERCOT,92.5,29,69,2,0,122,0.0,0.75,0.5,94.09,
ERCOT,92.5,29,69,2,0,122,0.0,1.0,0.0,94.09,
ERCOT,92.5,29,69,2,0,122,0.0,1.0,0.5,94.09,
ERCOT,92.5,29,69,2,0,122,0.25,0.0,0.0,93.95,
ERCOT,92.5,29,69,2,0,122,0.25,0.0,0.5,93.95,
ERCOT,92.5,29,69,2,0,122,0.25,0.25,0.0,93.95,
ERCOT,92.5,29,69,2,0,122,0.25,0.25,0.5,93.95,
ERCOT,92.5,29,69,2,0,122,0.25,0.5,0.0,93.95,
ERCOT,92.5,29,69,2,0,122,0.25,0.5,0.5,93.95,
ERCOT,92.5,29,69,2,0,122,0.25,0.75,0.0,93.95,
ERCOT,92.5,29,69,2,0,122,0.25,0.75,0.5,93.95,
ERCOT,92.5,29,69,2,0,122,0.25,1.0,0.0,93.95,
ERCOT,92.5,29,69,2,0,122,0.25,1.0,0.5,93.95,
ERCOT,92.5,29,69,2,0,122,0.5,0.0,0.0,93.95,
ERCOT,92.5,29,69,2,0,122,0.5,0.0,0.5,93.95,
ERCOT,92.5,29,69,2,0,122,0.5,0.25,0.0,93.95,
ERCOT,92.5,29,69,2,0,122,0.5,0.25,0.5,93.95,
ERCOT,92.5,29,69,2,0,122,0.5,0.5,0.0,93.95,
ERCOT,92.5,29,69,2,0,122,0.5,0.5,0.5,93.95,
ERCOT,92.5,29,69,2,0,122,0.5,0.75,0.0,93.95,
ERCOT,92.5,29,69,2,0,122,0.5,0.75,0.5,93.95,
ERCOT,92.5,29,69,2,0,122,0.5,1.0,0.0,93.95,
ERCOT,92.5,29,69,2,0,122,0.5,1.0,0.5,93.95,
ERCOT,92.5,29,70,1,0,250,0.0,0.0,0.5,92.88,
ERCOT,92.5,29,70,1,0,212,0.0,0.0,1.0,93.34,
ERCOT,92.5,29,70,1,0,177,0.0,0.0,1.5,93.27,
ERCOT,92.5,29,70,1,0,152,0.0,0.0,2.0,93.1,
ERCOT,92.5,29,70,1,0,142,0.0,0.0,2.5,92.68,
ERCOT,92.5,29,70,1,0,122,0.0,0.25,0.0,92.7,
ERCOT,92.5,29,70,1,0,122,0.0,0.25,0.5,93.55,
ERCOT,92.5,29,70,1,0,122,0.0,0.5,0.0,93.83,
ERCOT,92.5,29,70,1,0,122,0.0,0.5,0.5,93.83,
ERCOT,92.5,29,70,1,0,122,0.0,0.75,0.0,93.83,
ERCOT,92.5,29,70,1,0,122,0.0,0.75,0.5,93.83,
ERCOT,92.5,29,70,1,0,122,0.0,1.0,0.0,93.83,
ERCOT,92.5,29,70,1,0,122,0.0,1.0,0.5,93.83,
ERCOT,92.5,29,70,1,0,122,0.25,0.0,0.0,93.67,
ERCOT,92.5,29,70,1,0,122,0.25,0.0,0.5,93.67,
ERCOT,92.5,29,70,1,0,122,0.25,0.25,0.0,93.67,
ERCOT,92.5,29,70,1,0,122,0.25,0.25,0.5,93.67,
ERCOT,92.5,29,70,1,0,122,0.25,0.5,0.0,93.67,
ERCOT,92.5,29,70,1,0,122,0.25,0.5,0.5,93.67,
ERCOT,92.5,29,70,1,0,122,0.25,0.75,0.0,93.67,
ERCOT,92.5,29,70,1,0,122,0.25,0.75,0.5,93.67,
ERCOT,92.5,29,70,1,0,122,0.25,1.0,0.0,93.67,
ERCOT,92.5,29,70,1,0,122,0.25,1.0,0.5,93.67,
ERCOT,92.5,29,70,1,0,122,0.5,0.0,0.0,93.67,
ERCOT,92.5,29,70,1,0,122,0.5,0.0,0.5,93.67,
ERCOT,92.5,29,70,1,0,122,0.5,0.25,0.0,93.67,
ERCOT,92.5,29,70,1,0,122,0.5,0.25,0.5,93.67,
ERCOT,92.5,29,70,1,0,122,0.5,0.5,0.0,93.67,
ERCOT,92.5,29,70,1,0,122,0.5,0.5,0.5,93.67,
ERCOT,92.5,29,70,1,0,122,0.5,0.75,0.0,93.67,
ERCOT,92.5,29,70,1,0,122,0.5,0.75,0.5,93.67,
ERCOT,92.5,29,70,1,0,122,0.5,1.0,0.0,93.67,
ERCOT,92.5,29,70,1,0,122,0.5,1.0,0.5,93.67,
ERCOT,92.5,41,50,9,0,177,0.0,0.0,0.0,93.06,
ERCOT,92.5,41,51,8,0,182,0.0,0.0,0.0,93.3,
ERCOT,92.5,41,52,7,0,187,0.0,0.0,0.0,93.49,
ERCOT,92.5,41,53,6,0,187,0.0,0.0,0.0,92.59,
ERCOT,92.5,41,54,5,0,192,0.0,0.0,0.0,92.7,
ERCOT,92.5,42,49,9,0,172,0.0,0.0,0.0,92.69,
ERCOT,92.5,42,50,8,0,177,0.0,0.0,0.0,92.98,
ERCOT,92.5,42,51,7,0,182,0.0,0.0,0.0,93.21,
ERCOT,92.5,42,52,6,0,187,0.0,0.0,0.0,93.4,
ERCOT,92.5,42,53,5,0,192,0.0,0.0,0.0,93.53,
ERCOT,92.5,43,48,9,0,172,0.0,0.0,0.0,93.41,
ERCOT,92.5,43,49,8,0,172,0.0,0.0,0.0,92.6,
ERCOT,92.5,43,50,7,0,177,0.0,0.0,0.0,92.89,
ERCOT,92.5,43,51,6,0,182,0.0,0.0,0.0,93.12,
ERCOT,92.5,43,52,5,0,187,0.0,0.0,0.0,93.3,
ERCOT,92.5,44,47,9,0,167,0.0,0.0,0.0,92.98,
ERCOT,92.5,44,48,8,0,172,0.0,0.0,0.0,93.33,
ERCOT,92.5,44,49,7,0,172,0.0,0.0,0.0,92.5,
ERCOT,92.5,44,50,6,0,177,0.0,0.0,0.0,92.79,
ERCOT,92.5,44,51,5,0,182,0.0,0.0,0.0,93.02,
ERCOT,92.5,45,46,9,0,167,0.0,0.0,0.0,93.67,
ERCOT,92.5,45,47,8,0,167,0.0,0.0,0.0,92.9,
ERCOT,92.5,45,48,7,0,172,0.0,0.0,0.0,93.25,
ERCOT,92.5,45,49,6,0,177,0.0,0.0,0.0,93.55,
ERCOT,92.5,46,46,8,0,167,0.0,0.0,0.0,93.6,
ERCOT,92.5,46,47,7,0,167,0.0,0.0,0.0,92.81,
ERCOT,92.5,46,48,6,0,172,0.0,0.0,0.0,93.16,
ERCOT,92.5,46,49,5,0,177,0.0,0.0,0.0,93.45,
ERCOT,92.5,46,50,4,0,177,0.0,0.0,0.0,92.56,
ERCOT,92.5,47,46,7,0,167,0.0,0.0,0.0,93.52,
ERCOT,92.5,47,47,6,0,167,0.0,0.0,0.0,92.71,
ERCOT,92.5,47,48,5,0,172,0.0,0.0,0.0,93.06,
ERCOT,92.5,47,49,4,0,177,0.0,0.0,0.0,93.35,
ERCOT,92.5,47,50,3,0,182,0.0,0.0,0.0,93.58,
ERCOT,92.5,48,46,6,0,167,0.0,0.0,0.0,93.44,
ERCOT,92.5,48,47,5,0,167,0.0,0.0,0.0,92.61,
ERCOT,92.5,48,48,4,0,172,0.0,0.0,0.0,92.95,
ERCOT,92.5,48,49,3,0,177,0.0,0.0,0.0,93.24,
ERCOT,92.5,48,50,2,0,182,0.0,0.0,0.0,93.47,
ERCOT,92.5,49,46,5,0,167,0.0,0.0,0.0,93.35,
ERCOT,92.5,49,47,4,0,172,0.0,0.0,0.0,93.7,
ERCOT,92.5,49,48,3,0,172,0.0,0.0,0.0,92.84,
ERCOT,92.5,49,49,2,0,177,0.0,0.0,0.0,93.12,
ERCOT,92.5,49,50,1,0,182,0.0,0.0,0.0,93.34,
ERCOT,92.5,46,35,19,0,137,0.0,0.0,0.0,93.4,
ERCOT,92.5,46,36,18,0,137,0.0,0.0,0.0,92.83,
ERCOT,92.5,46,37,17,0,142,0.0,0.0,0.0,93.55,
ERCOT,92.5,46,38,16,0,142,0.0,0.0,0.0,92.95,
ERCOT,92.5,46,39,15,0,147,0.0,0.0,0.0,93.61,
ERCOT,92.5,47,35,18,0,137,0.0,0.0,0.0,93.37,
ERCOT,92.5,47,36,17,0,137,0.0,0.0,0.0,92.78,
ERCOT,92.5,47,37,16,0,142,0.0,0.0,0.0,93.52,
ERCOT,92.5,47,38,15,0,142,0.0,0.0,0.0,92.91,
ERCOT,92.5,48,35,17,0,137,0.0,0.0,0.0,93.33,
ERCOT,92.5,48,36,16,0,137,0.0,0.0,0.0,92.74,
ERCOT,92.5,48,37,15,0,142,0.0,0.0,0.0,93.47,
ERCOT,92.5,49,35,16,0,137,0.0,0.0,0.0,93.29,
ERCOT,92.5,49,36,15,0,137,0.0,0.0,0.0,92.69,
ERCOT,92.5,51,34,15,0,137,0.0,0.0,0.0,93.78,
ERCOT,92.5,51,35,14,0,137,0.0,0.0,0.0,93.2,
ERCOT,92.5,52,33,15,0,132,0.0,0.0,0.0,92.91,
ERCOT,92.5,52,34,14,0,137,0.0,0.0,0.0,93.74,
ERCOT,92.5,52,35,13,0,137,0.0,0.0,0.0,93.15,
ERCOT,92.5,53,32,15,0,132,0.0,0.0,0.0,93.44,
ERCOT,92.5,53,33,14,0,132,0.0,0.0,0.0,92.86,
ERCOT,92.5,53,34,13,0,137,0.0,0.0,0.0,93.69,
ERCOT,92.5,53,35,12,0,137,0.0,0.0,0.0,93.09,
ERCOT,92.5,54,31,15,0,132,0.0,0.0,0.0,93.94,
ERCOT,92.5,54,32,14,0,132,0.0,0.0,0.0,93.39,
ERCOT,92.5,54,33,13,0,132,0.0,0.0,0.0,92.8,
ERCOT,92.5,54,34,12,0,137,0.0,0.0,0.0,93.64,
ERCOT,92.5,54,35,11,0,137,0.0,0.0,0.0,93.03,
ERCOT,92.5,6,45,49,0,157,0.0,0.0,0.0,92.59,
ERCOT,92.5,6,46,48,0,162,0.0,0.0,0.0,92.93,
ERCOT,92.5,6,47,47,0,167,0.0,0.0,0.0,93.24,
ERCOT,92.5,6,48,46,0,167,0.0,0.0,0.0,92.79,
ERCOT,92.5,6,49,45,0,172,0.0,0.0,0.0,93.06,
ERCOT,92.5,7,44,49,0,157,0.0,0.0,0.0,93.05,
ERCOT,92.5,7,45,48,0,157,0.0,0.0,0.0,92.61,
ERCOT,92.5,7,46,47,0,162,0.0,0.0,0.0,92.96,
ERCOT,92.5,7,47,46,0,162,0.0,0.0,0.0,92.51,
ERCOT,92.5,7,48,45,0,167,0.0,0.0,0.0,92.82,
ERCOT,92.5,8,43,49,0,152,0.0,0.0,0.0,92.68,
ERCOT,92.5,8,44,48,0,157,0.0,0.0,0.0,93.07,
ERCOT,92.5,8,45,47,0,157,0.0,0.0,0.0,92.64,
ERCOT,92.5,8,46,46,0,162,0.0,0.0,0.0,92.99,
ERCOT,92.5,8,47,45,0,162,0.0,0.0,0.0,92.53,
ERCOT,92.5,9,42,49,0,152,0.0,0.0,0.0,93.13,
ERCOT,92.5,9,43,48,0,152,0.0,0.0,0.0,92.7,
ERCOT,92.5,9,44,47,0,157,0.0,0.0,0.0,93.1,
ERCOT,92.5,9,45,46,0,157,0.0,0.0,0.0,92.66,
ERCOT,92.5,9,46,45,0,162,0.0,0.0,0.0,93.01,
ERCOT,92.5,10,41,49,0,147,0.0,0.0,0.0,92.71,
ERCOT,92.5,10,42,48,0,152,0.0,0.0,0.0,93.15,
ERCOT,92.5,10,43,47,0,152,0.0,0.0,0.0,92.73,
ERCOT,92.5,10,44,46,0,157,0.0,0.0,0.0,93.13,
ERCOT,92.5,11,41,48,0,147,0.0,0.0,0.0,92.73,
ERCOT,92.5,11,42,47,0,152,0.0,0.0,0.0,93.18,
ERCOT,92.5,11,43,46,0,152,0.0,0.0,0.0,92.75,
ERCOT,92.5,11,44,45,0,157,0.0,0.0,0.0,93.15,
ERCOT,92.5,11,45,44,0,157,0.0,0.0,0.0,92.7,
ERCOT,92.5,12,41,47,0,147,0.0,0.0,0.0,92.75,
ERCOT,92.5,12,42,46,0,152,0.0,0.0,0.0,93.2,
ERCOT,92.5,12,43,45,0,152,0.0,0.0,0.0,92.77,
ERCOT,92.5,12,44,44,0,157,0.0,0.0,0.0,93.18,
ERCOT,92.5,12,45,43,0,157,0.0,0.0,0.0,92.72,
ERCOT,92.5,13,41,46,0,147,0.0,0.0,0.0,92.77,
ERCOT,92.5,13,42,45,0,152,0.0,0.0,0.0,93.23,
ERCOT,92.5,13,43,44,0,152,0.0,0.0,0.0,92.79,
ERCOT,92.5,13,44,43,0,157,0.0,0.0,0.0,93.2,
ERCOT,92.5,13,45,42,0,157,0.0,0.0,0.0,92.74,
ERCOT,92.5,14,41,45,0,147,0.0,0.0,0.0,92.79,
ERCOT,92.5,14,42,44,0,152,0.0,0.0,0.0,93.25,
ERCOT,92.5,14,43,43,0,152,0.0,0.0,0.0,92.81,
ERCOT,92.5,14,44,42,0,157,0.0,0.0,0.0,93.22,
ERCOT,92.5,14,45,41,0,157,0.0,0.0,0.0,92.76,
ERCOT,92.5,55,26,19,0,122,0.0,0.0,0.0,93.53,
ERCOT,92.5,55,27,18,0,122,0.0,0.0,0.0,93.03,
ERCOT,92.5,55,28,17,0,127,0.0,0.0,0.0,94.03,
ERCOT,92.5,55,29,16,0,127,0.0,0.0,0.0,93.53,
ERCOT,92.5,55,31,14,0,132,0.0,0.0,0.0,93.9,
ERCOT,92.5,55,32,13,0,132,0.0,0.0,0.0,93.35,
ERCOT,92.5,55,33,12,0,132,0.0,0.0,0.0,92.74,
ERCOT,92.5,55,34,11,0,137,0.0,0.0,0.0,93.59,
ERCOT,92.5,56,26,18,0,122,0.0,0.0,0.0,93.5,
ERCOT,92.5,56,27,17,0,122,0.0,0.0,0.0,92.99,
ERCOT,92.5,56,28,16,0,127,0.0,0.0,0.0,94.0,
ERCOT,92.5,56,29,15,0,127,0.0,0.0,0.0,93.49,
ERCOT,92.5,57,26,17,0,122,0.0,0.0,0.0,93.46,
ERCOT,92.5,57,27,16,0,122,0.0,0.0,0.0,92.95,
ERCOT,92.5,57,28,15,0,127,0.0,0.0,0.0,93.97,
ERCOT,92.5,58,26,16,0,122,0.0,0.0,0.0,93.42,
ERCOT,92.5,58,27,15,0,122,0.0,0.0,0.0,92.9,
ERCOT,92.5,59,26,15,0,122,0.0,0.0,0.0,93.38,
ERCOT,92.5,11,30,59,0,127,0.0,0.0,0.0,93.01,
ERCOT,92.5,11,31,58,0,127,0.0,0.0,0.0,92.67,
ERCOT,92.5,11,32,57,0,132,0.0,0.0,0.0,93.34,
ERCOT,92.5,11,33,56,0,132,0.0,0.0,0.0,93.0,
ERCOT,92.5,11,34,55,0,132,0.0,0.0,0.0,92.64,
ERCOT,92.5,12,29,59,0,127,0.0,0.0,0.0,93.36,
ERCOT,92.5,12,30,58,0,127,0.0,0.0,0.0,93.04,
ERCOT,92.5,12,31,57,0,127,0.0,0.0,0.0,92.7,
ERCOT,92.5,12,32,56,0,132,0.0,0.0,0.0,93.37,
ERCOT,92.5,12,33,55,0,132,0.0,0.0,0.0,93.03,
ERCOT,92.5,13,28,59,0,122,0.0,0.0,0.0,92.62,
ERCOT,92.5,13,29,58,0,127,0.0,0.0,0.0,93.38,
ERCOT,92.5,13,30,57,0,127,0.0,0.0,0.0,93.06,
ERCOT,92.5,13,31,56,0,127,0.0,0.0,0.0,92.72,
ERCOT,92.5,13,32,55,0,132,0.0,0.0,0.0,93.4,
ERCOT,92.5,14,27,59,0,122,0.0,0.0,0.0,92.96,
ERCOT,92.5,14,28,58,0,122,0.0,0.0,0.0,92.65,
ERCOT,92.5,14,29,57,0,127,0.0,0.0,0.0,93.41,
ERCOT,92.5,14,30,56,0,127,0.0,0.0,0.0,93.09,
ERCOT,92.5,14,31,55,0,127,0.0,0.0,0.0,92.74,
ERCOT,92.5,15,26,59,0,122,0.0,0.0,0.0,93.29,
ERCOT,92.5,15,27,58,0,122,0.0,0.0,0.0,92.99,
ERCOT,92.5,15,28,57,0,122,0.0,0.0,0.0,92.67,
ERCOT,92.5,15,29,56,0,127,0.0,0.0,0.0,93.44,
ERCOT,92.5,16,26,58,0,122,0.0,0.0,0.0,93.32,
ERCOT,92.5,16,27,57,0,122,0.0,0.0,0.0,93.02,
ERCOT,92.5,16,28,56,0,122,0.0,0.0,0.0,92.69,
ERCOT,92.5,16,29,55,0,127,0.0,0.0,0.0,93.47,
ERCOT,92.5,16,30,54,0,127,0.0,0.0,0.0,93.13,
ERCOT,92.5,17,26,57,0,122,0.0,0.0,0.0,93.35,
ERCOT,92.5,17,27,56,0,122,0.0,0.0,0.0,93.04,
ERCOT,92.5,17,28,55,0,122,0.0,0.0,0.0,92.72,
ERCOT,92.5,17,29,54,0,127,0.0,0.0,0.0,93.49,
ERCOT,92.5,17,30,53,0,127,0.0,0.0,0.0,93.16,
ERCOT,92.5,18,26,56,0,122,0.0,0.0,0.0,93.37,
ERCOT,92.5,18,27,55,0,122,0.0,0.0,0.0,93.07,
ERCOT,92.5,18,28,54,0,122,0.0,0.0,0.0,92.74,
ERCOT,92.5,18,29,53,0,127,0.0,0.0,0.0,93.52,
ERCOT,92.5,18,30,52,0,127,0.0,0.0,0.0,93.18,
ERCOT,92.5,19,26,55,0,122,0.0,0.0,0.0,93.4,
ERCOT,92.5,19,27,54,0,122,0.0,0.0,0.0,93.09,
ERCOT,92.5,19,28,53,0,122,0.0,0.0,0.0,92.76,
ERCOT,92.5,19,29,52,0,127,0.0,0.0,0.0,93.54,
ERCOT,92.5,19,30,51,0,127,0.0,0.0,0.0,93.2,
ERCOT,92.5,11,55,34,0,192,0.0,0.0,0.0,92.92,
ERCOT,92.5,11,56,33,0,197,0.0,0.0,0.0,93.03,
ERCOT,92.5,11,57,32,0,202,0.0,0.0,0.0,93.1,
ERCOT,92.5,11,58,31,0,207,0.0,0.0,0.0,93.15,
ERCOT,92.5,11,59,30,0,212,0.0,0.0,0.0,93.16,
ERCOT,92.5,12,54,34,0,187,0.0,0.0,0.0,92.79,
ERCOT,92.5,12,55,33,0,192,0.0,0.0,0.0,92.94,
ERCOT,92.5,12,56,32,0,197,0.0,0.0,0.0,93.04,
ERCOT,92.5,12,57,31,0,202,0.0,0.0,0.0,93.12,
ERCOT,92.5,12,58,30,0,207,0.0,0.0,0.0,93.17,
ERCOT,92.5,12,59,29,0,207,0.0,0.0,0.0,92.51,
ERCOT,92.5,13,53,34,0,182,0.0,0.0,0.0,92.63,
ERCOT,92.5,13,54,33,0,187,0.0,0.0,0.0,92.81,
ERCOT,92.5,13,55,32,0,192,0.0,0.0,0.0,92.95,
ERCOT,92.5,13,56,31,0,197,0.0,0.0,0.0,93.06,
ERCOT,92.5,13,57,30,0,202,0.0,0.0,0.0,93.14,
ERCOT,92.5,13,58,29,0,207,0.0,0.0,0.0,93.18,
ERCOT,92.5,13,59,28,0,207,0.0,0.0,0.0,92.52,
ERCOT,92.5,14,52,34,0,182,0.0,0.0,0.0,93.21,
ERCOT,92.5,14,53,33,0,182,0.0,0.0,0.0,92.64,
ERCOT,92.5,14,54,32,0,187,0.0,0.0,0.0,92.82,
ERCOT,92.5,14,55,31,0,192,0.0,0.0,0.0,92.97,
ERCOT,92.5,14,56,30,0,197,0.0,0.0,0.0,93.08,
ERCOT,92.5,14,57,29,0,202,0.0,0.0,0.0,93.15,
ERCOT,92.5,14,58,28,0,207,0.0,0.0,0.0,93.2,
ERCOT,92.5,14,59,27,0,207,0.0,0.0,0.0,92.52,
ERCOT,92.5,15,51,34,0,177,0.0,0.0,0.0,93.01,
ERCOT,92.5,15,52,33,0,182,0.0,0.0,0.0,93.23,
ERCOT,92.5,15,53,32,0,182,0.0,0.0,0.0,92.65,
ERCOT,92.5,15,54,31,0,187,0.0,0.0,0.0,92.83,
ERCOT,92.5,15,56,29,0,197,0.0,0.0,0.0,93.09,
ERCOT,92.5,15,57,28,0,202,0.0,0.0,0.0,93.17,
ERCOT,92.5,15,58,27,0,207,0.0,0.0,0.0,93.21,
ERCOT,92.5,15,59,26,0,207,0.0,0.0,0.0,92.52,
ERCOT,92.5,16,51,33,0,177,0.0,0.0,0.0,93.02,
ERCOT,92.5,16,52,32,0,182,0.0,0.0,0.0,93.24,
ERCOT,92.5,16,53,31,0,182,0.0,0.0,0.0,92.66,
ERCOT,92.5,16,54,30,0,187,0.0,0.0,0.0,92.84,
ERCOT,92.5,16,55,29,0,192,0.0,0.0,0.0,92.99,
ERCOT,92.5,16,56,28,0,197,0.0,0.0,0.0,93.1,
ERCOT,92.5,16,57,27,0,202,0.0,0.0,0.0,93.18,
ERCOT,92.5,16,58,26,0,207,0.0,0.0,0.0,93.22,
ERCOT,92.5,17,51,32,0,177,0.0,0.0,0.0,93.03,
ERCOT,92.5,17,52,31,0,182,0.0,0.0,0.0,93.26,
ERCOT,92.5,17,53,30,0,182,0.0,0.0,0.0,92.66,
ERCOT,92.5,17,54,29,0,187,0.0,0.0,0.0,92.85,
ERCOT,92.5,17,55,28,0,192,0.0,0.0,0.0,92.99,
ERCOT,92.5,17,56,27,0,197,0.0,0.0,0.0,93.11,
ERCOT,92.5,17,57,26,0,202,0.0,0.0,0.0,93.18,
ERCOT,92.5,18,51,31,0,177,0.0,0.0,0.0,93.04,
ERCOT,92.5,18,52,30,0,182,0.0,0.0,0.0,93.27,
ERCOT,92.5,18,53,29,0,182,0.0,0.0,0.0,92.66,
ERCOT,92.5,18,54,28,0,187,0.0,0.0,0.0,92.85,
ERCOT,92.5,18,55,27,0,192,0.0,0.0,0.0,93.0,
ERCOT,92.5,18,56,26,0,197,0.0,0.0,0.0,93.11,
ERCOT,92.5,19,51,30,0,177,0.0,0.0,0.0,93.05,
ERCOT,92.5,19,52,29,0,182,0.0,0.0,0.0,93.28,
ERCOT,92.5,19,53,28,0,182,0.0,0.0,0.0,92.66,
ERCOT,92.5,19,54,27,0,187,0.0,0.0,0.0,92.85,
ERCOT,92.5,19,55,26,0,192,0.0,0.0,0.0,93.0,
ERCOT,92.5,30,1,69,0,127,0.0,0.0,0.0,93.22,
ERCOT,92.5,30,2,68,0,122,0.0,0.0,0.0,92.59,
ERCOT,92.5,30,3,67,0,122,0.0,0.0,0.0,92.96,
ERCOT,92.5,30,4,66,0,122,0.0,0.0,0.0,93.31,
ERCOT,92.5,56,25,19,0,122,0.0,0.0,0.0,93.97,
ERCOT,92.5,57,24,19,0,117,0.0,0.0,0.0,92.83,
ERCOT,92.5,57,25,18,0,122,0.0,0.0,0.0,93.94,
ERCOT,92.5,58,23,19,0,117,0.0,0.0,0.0,93.27,
ERCOT,92.5,58,24,18,0,117,0.0,0.0,0.0,92.79,
ERCOT,92.5,58,25,17,0,122,0.0,0.0,0.0,93.91,
ERCOT,92.5,59,22,19,0,117,0.0,0.0,0.0,93.7,
ERCOT,92.5,59,23,18,0,117,0.0,0.0,0.0,93.24,
ERCOT,92.5,59,24,17,0,117,0.0,0.0,0.0,92.75,
ERCOT,92.5,59,25,16,0,122,0.0,0.0,0.0,93.88,
ERCOT,92.5,60,21,19,0,117,0.0,0.0,0.0,94.09,
ERCOT,92.5,60,22,18,0,117,0.0,0.0,0.0,93.67,
ERCOT,92.5,60,23,17,0,117,0.0,0.0,0.0,93.2,
ERCOT,92.5,60,24,16,0,117,0.0,0.0,0.0,92.71,
ERCOT,92.5,61,21,18,0,117,0.0,0.0,0.0,94.07,
ERCOT,92.5,61,22,17,0,117,0.0,0.0,0.0,93.64,
ERCOT,92.5,61,23,16,0,117,0.0,0.0,0.0,93.17,
ERCOT,92.5,61,24,15,0,117,0.0,0.0,0.0,92.66,
ERCOT,92.5,62,21,17,0,117,0.0,0.0,0.0,94.05,
ERCOT,92.5,62,22,16,0,117,0.0,0.0,0.0,93.6,
ERCOT,92.5,62,23,15,0,117,0.0,0.0,0.0,93.12,
ERCOT,92.5,63,21,16,0,117,0.0,0.0,0.0,94.02,
ERCOT,92.5,63,22,15,0,117,0.0,0.0,0.0,93.57,
ERCOT,92.5,64,21,15,0,117,0.0,0.0,0.0,93.99,
ERCOT,92.5,1,0,99,0,142,0.0,0.0,0.0,92.55,
ERCOT,92.5,2,0,98,0,142,0.0,0.0,0.0,92.65,
ERCOT,92.5,3,0,97,0,142,0.0,0.0,0.0,92.74,
ERCOT,92.5,4,0,96,0,142,0.0,0.0,0.0,92.84,
ERCOT,92.5,31,35,34,0,137,0.0,0.0,0.0,93.59,
ERCOT,92.5,31,36,33,0,137,0.0,0.0,0.0,93.13,
ERCOT,92.5,31,37,32,0,137,0.0,0.0,0.0,92.64,
ERCOT,92.5,31,38,31,0,142,0.0,0.0,0.0,93.3,
ERCOT,92.5,31,39,30,0,142,0.0,0.0,0.0,92.79,
ERCOT,92.5,32,35,33,0,137,0.0,0.0,0.0,93.59,
ERCOT,92.5,32,36,32,0,137,0.0,0.0,0.0,93.13,
ERCOT,92.5,32,37,31,0,137,0.0,0.0,0.0,92.63,
ERCOT,92.5,32,38,30,0,142,0.0,0.0,0.0,93.3,
ERCOT,92.5,32,39,29,0,142,0.0,0.0,0.0,92.78,
ERCOT,92.5,33,35,32,0,137,0.0,0.0,0.0,93.59,
ERCOT,92.5,33,36,31,0,137,0.0,0.0,0.0,93.12,
ERCOT,92.5,33,37,30,0,137,0.0,0.0,0.0,92.62,
ERCOT,92.5,33,38,29,0,142,0.0,0.0,0.0,93.29,
ERCOT,92.5,33,39,28,0,142,0.0,0.0,0.0,92.77,
ERCOT,92.5,34,35,31,0,137,0.0,0.0,0.0,93.59,
ERCOT,92.5,34,36,30,0,137,0.0,0.0,0.0,93.12,
ERCOT,92.5,34,37,29,0,137,0.0,0.0,0.0,92.6,
ERCOT,92.5,34,38,28,0,142,0.0,0.0,0.0,93.28,
ERCOT,92.5,34,39,27,0,142,0.0,0.0,0.0,92.75,
ERCOT,92.5,35,36,29,0,137,0.0,0.0,0.0,93.11,
ERCOT,92.5,35,37,28,0,137,0.0,0.0,0.0,92.59,
ERCOT,92.5,35,38,27,0,142,0.0,0.0,0.0,93.27,
ERCOT,92.5,35,39,26,0,142,0.0,0.0,0.0,92.73,
ERCOT,92.5,36,34,30,0,132,0.0,0.0,0.0,92.84,
ERCOT,92.5,36,35,29,0,137,0.0,0.0,0.0,93.59,
ERCOT,92.5,36,36,28,0,137,0.0,0.0,0.0,93.09,
ERCOT,92.5,36,37,27,0,137,0.0,0.0,0.0,92.57,
ERCOT,92.5,36,38,26,0,142,0.0,0.0,0.0,93.26,
ERCOT,92.5,37,33,30,0,132,0.0,0.0,0.0,93.31,
ERCOT,92.5,37,34,29,0,132,0.0,0.0,0.0,92.82,
ERCOT,92.5,37,35,28,0,137,0.0,0.0,0.0,93.58,
ERCOT,92.5,37,36,27,0,137,0.0,0.0,0.0,93.08,
ERCOT,92.5,37,37,26,0,137,0.0,0.0,0.0,92.55,
ERCOT,92.5,38,32,30,0,132,0.0,0.0,0.0,93.76,
ERCOT,92.5,38,33,29,0,132,0.0,0.0,0.0,93.3,
ERCOT,92.5,38,34,28,0,132,0.0,0.0,0.0,92.81,
ERCOT,92.5,38,35,27,0,137,0.0,0.0,0.0,93.57,
ERCOT,92.5,38,36,26,0,137,0.0,0.0,0.0,93.06,
ERCOT,92.5,39,31,30,0,127,0.0,0.0,0.0,92.92,
ERCOT,92.5,39,32,29,0,132,0.0,0.0,0.0,93.75,
ERCOT,92.5,39,33,28,0,132,0.0,0.0,0.0,93.29,
ERCOT,92.5,39,34,27,0,132,0.0,0.0,0.0,92.79,
ERCOT,92.5,39,35,26,0,137,0.0,0.0,0.0,93.56,
ERCOT,92.5,0,26,74,0,122,0.0,0.0,0.0,92.73,
ERCOT,92.5,0,27,73,0,127,0.0,0.0,0.0,93.49,
ERCOT,92.5,0,28,72,0,127,0.0,0.0,0.0,93.24,
ERCOT,92.5,0,29,71,0,127,0.0,0.0,0.0,92.96,
ERCOT,92.5,1,25,74,0,122,0.0,0.0,0.0,93.0,
ERCOT,92.5,1,26,73,0,122,0.0,0.0,0.0,92.78,
ERCOT,92.5,1,27,72,0,122,0.0,0.0,0.0,92.53,
ERCOT,92.5,1,28,71,0,127,0.0,0.0,0.0,93.28,
ERCOT,92.5,2,25,73,0,122,0.0,0.0,0.0,93.04,
ERCOT,92.5,2,26,72,0,122,0.0,0.0,0.0,92.82,
ERCOT,92.5,2,27,71,0,122,0.0,0.0,0.0,92.57,
ERCOT,92.5,3,25,72,0,122,0.0,0.0,0.0,93.09,
ERCOT,92.5,3,26,71,0,122,0.0,0.0,0.0,92.86,
ERCOT,92.5,4,25,71,0,122,0.0,0.0,0.0,93.13,
ERCOT,92.5,16,40,44,0,147,0.0,0.0,0.0,93.26,
ERCOT,92.5,16,41,43,0,147,0.0,0.0,0.0,92.82,
ERCOT,92.5,16,42,42,0,152,0.0,0.0,0.0,93.29,
ERCOT,92.5,16,43,41,0,152,0.0,0.0,0.0,92.84,
ERCOT,92.5,16,44,40,0,157,0.0,0.0,0.0,93.26,
ERCOT,92.5,17,39,44,0,142,0.0,0.0,0.0,92.75,
ERCOT,92.5,17,40,43,0,147,0.0,0.0,0.0,93.28,
ERCOT,92.5,17,41,42,0,147,0.0,0.0,0.0,92.83,
ERCOT,92.5,17,42,41,0,152,0.0,0.0,0.0,93.31,
ERCOT,92.5,17,43,40,0,152,0.0,0.0,0.0,92.85,
ERCOT,92.5,18,38,44,0,142,0.0,0.0,0.0,93.19,
ERCOT,92.5,18,39,43,0,142,0.0,0.0,0.0,92.76,
ERCOT,92.5,18,40,42,0,147,0.0,0.0,0.0,93.29,
ERCOT,92.5,18,41,41,0,147,0.0,0.0,0.0,92.85,
ERCOT,92.5,18,42,40,0,152,0.0,0.0,0.0,93.33,
ERCOT,92.5,19,37,44,0,137,0.0,0.0,0.0,92.62,
ERCOT,92.5,19,38,43,0,142,0.0,0.0,0.0,93.21,
ERCOT,92.5,19,39,42,0,142,0.0,0.0,0.0,92.77,
ERCOT,92.5,19,40,41,0,147,0.0,0.0,0.0,93.31,
ERCOT,92.5,19,41,40,0,147,0.0,0.0,0.0,92.86,
ERCOT,92.5,20,36,44,0,137,0.0,0.0,0.0,93.05,
ERCOT,92.5,20,37,43,0,137,0.0,0.0,0.0,92.63,
ERCOT,92.5,20,38,42,0,142,0.0,0.0,0.0,93.23,
ERCOT,92.5,20,39,41,0,142,0.0,0.0,0.0,92.79,
ERCOT,92.5,21,36,43,0,137,0.0,0.0,0.0,93.07,
ERCOT,92.5,21,37,42,0,137,0.0,0.0,0.0,92.64,
ERCOT,92.5,21,38,41,0,142,0.0,0.0,0.0,93.24,
ERCOT,92.5,21,39,40,0,142,0.0,0.0,0.0,92.79,
ERCOT,92.5,22,36,42,0,137,0.0,0.0,0.0,93.08,
ERCOT,92.5,22,37,41,0,137,0.0,0.0,0.0,92.64,
ERCOT,92.5,22,38,40,0,142,0.0,0.0,0.0,93.25,
ERCOT,92.5,23,36,41,0,137,0.0,0.0,0.0,93.09,
ERCOT,92.5,23,37,40,0,137,0.0,0.0,0.0,92.65,
ERCOT,92.5,24,36,40,0,137,0.0,0.0,0.0,93.1,
ERCOT,92.5,1,80,19,0,227,0.0,0.0,1.5,92.75,
ERCOT,92.5,1,80,19,0,187,0.0,0.0,2.0,92.96,
ERCOT,92.5,1,80,19,0,162,0.0,0.0,2.5,93.15,
ERCOT,92.5,1,80,19,0,142,0.0,0.25,0.0,93.47,
ERCOT,92.5,1,80,19,0,132,0.0,0.25,0.5,92.88,
ERCOT,92.5,1,80,19,0,127,0.0,0.25,1.0,92.87,
ERCOT,92.5,1,80,19,0,127,0.0,0.25,1.5,93.85,
ERCOT,92.5,1,80,19,0,127,0.0,0.5,0.0,93.4,
ERCOT,92.5,1,80,19,0,127,0.0,0.5,0.5,93.4,
ERCOT,92.5,1,80,19,0,127,0.0,0.75,0.0,93.4,
ERCOT,92.5,1,80,19,0,127,0.0,0.75,0.5,93.4,
ERCOT,92.5,1,80,19,0,127,0.0,1.0,0.0,93.4,
ERCOT,92.5,1,80,19,0,127,0.0,1.0,0.5,93.4,
ERCOT,92.5,1,80,19,0,127,0.25,0.0,0.0,93.31,
ERCOT,92.5,1,80,19,0,127,0.25,0.0,0.5,93.31,
ERCOT,92.5,1,80,19,0,127,0.25,0.25,0.0,93.31,
ERCOT,92.5,1,80,19,0,127,0.25,0.25,0.5,93.31,
ERCOT,92.5,1,80,19,0,127,0.25,0.5,0.0,93.31,
ERCOT,92.5,1,80,19,0,127,0.25,0.5,0.5,93.31,
ERCOT,92.5,1,80,19,0,127,0.25,0.75,0.0,93.31,
ERCOT,92.5,1,80,19,0,127,0.25,0.75,0.5,93.31,
ERCOT,92.5,1,80,19,0,127,0.25,1.0,0.0,93.31,
ERCOT,92.5,1,80,19,0,127,0.25,1.0,0.5,93.31,
ERCOT,92.5,1,80,19,0,127,0.5,0.0,0.0,93.31,
ERCOT,92.5,1,80,19,0,127,0.5,0.0,0.5,93.31,
ERCOT,92.5,1,80,19,0,127,0.5,0.25,0.0,93.31,
ERCOT,92.5,1,80,19,0,127,0.5,0.25,0.5,93.31,
ERCOT,92.5,1,80,19,0,127,0.5,0.5,0.0,93.31,
ERCOT,92.5,1,80,19,0,127,0.5,0.5,0.5,93.31,
ERCOT,92.5,1,80,19,0,127,0.5,0.75,0.0,93.31,
ERCOT,92.5,1,80,19,0,127,0.5,0.75,0.5,93.31,
ERCOT,92.5,1,80,19,0,127,0.5,1.0,0.0,93.31,
ERCOT,92.5,1,80,19,0,127,0.5,1.0,0.5,93.31,
ERCOT,92.5,1,81,18,0,237,0.0,0.0,1.5,92.66,
ERCOT,92.5,1,81,18,0,192,0.0,0.0,2.0,92.63,
ERCOT,92.5,1,81,18,0,167,0.0,0.0,2.5,93.24,
ERCOT,92.5,1,81,18,0,142,0.0,0.25,0.0,92.9,
ERCOT,92.5,1,81,18,0,137,0.0,0.25,0.5,93.53,
ERCOT,92.5,1,81,18,0,132,0.0,0.25,1.0,93.78,
ERCOT,92.5,1,81,18,0,127,0.0,0.25,1.5,93.49,
ERCOT,92.5,1,81,18,0,122,0.0,0.25,2.0,92.68,
ERCOT,92.5,1,81,18,0,122,0.0,0.25,2.5,92.95,
ERCOT,92.5,1,81,18,0,127,0.0,0.5,0.0,93.17,
ERCOT,92.5,1,81,18,0,127,0.0,0.5,0.5,93.17,
ERCOT,92.5,1,81,18,0,127,0.0,0.75,0.0,93.17,
ERCOT,92.5,1,81,18,0,127,0.0,0.75,0.5,93.17,
ERCOT,92.5,1,81,18,0,127,0.0,1.0,0.0,93.17,
ERCOT,92.5,1,81,18,0,127,0.0,1.0,0.5,93.17,
ERCOT,92.5,1,81,18,0,127,0.25,0.0,0.0,93.08,
ERCOT,92.5,1,81,18,0,127,0.25,0.0,0.5,93.08,
ERCOT,92.5,1,81,18,0,127,0.25,0.25,0.0,93.08,
ERCOT,92.5,1,81,18,0,127,0.25,0.25,0.5,93.08,
ERCOT,92.5,1,81,18,0,127,0.25,0.5,0.0,93.08,
ERCOT,92.5,1,81,18,0,127,0.25,0.5,0.5,93.08,
ERCOT,92.5,1,81,18,0,127,0.25,0.75,0.0,93.08,
ERCOT,92.5,1,81,18,0,127,0.25,0.75,0.5,93.08,
ERCOT,92.5,1,81,18,0,127,0.25,1.0,0.0,93.08,
ERCOT,92.5,1,81,18,0,127,0.25,1.0,0.5,93.08,
ERCOT,92.5,1,81,18,0,127,0.5,0.0,0.0,93.08,
ERCOT,92.5,1,81,18,0,127,0.5,0.0,0.5,93.08,
ERCOT,92.5,1,81,18,0,127,0.5,0.25,0.0,93.08,
ERCOT,92.5,1,81,18,0,127,0.5,0.25,0.5,93.08,
ERCOT,92.5,1,81,18,0,127,0.5,0.5,0.0,93.08,
ERCOT,92.5,1,81,18,0,127,0.5,0.5,0.5,93.08,
ERCOT,92.5,1,81,18,0,127,0.5,0.75,0.0,93.08,
ERCOT,92.5,1,81,18,0,127,0.5,0.75,0.5,93.08,
ERCOT,92.5,1,81,18,0,127,0.5,1.0,0.0,93.08,
ERCOT,92.5,1,81,18,0,127,0.5,1.0,0.5,93.08,
ERCOT,92.5,1,82,17,0,250,0.0,0.0,1.5,92.76,
ERCOT,92.5,1,82,17,0,202,0.0,0.0,2.0,92.81,
ERCOT,92.5,1,82,17,0,172,0.0,0.0,2.5,93.24,
ERCOT,92.5,1,82,17,0,147,0.0,0.25,0.0,93.2,
ERCOT,92.5,1,82,17,0,137,0.0,0.25,0.5,93.02,
ERCOT,92.5,1,82,17,0,132,0.0,0.25,1.0,93.31,
ERCOT,92.5,1,82,17,0,127,0.0,0.25,1.5,93.09,
ERCOT,92.5,1,82,17,0,127,0.0,0.25,2.0,93.84,
ERCOT,92.5,1,82,17,0,127,0.0,0.5,0.0,92.95,
ERCOT,92.5,1,82,17,0,127,0.0,0.5,0.5,92.95,
ERCOT,92.5,1,82,17,0,127,0.0,0.75,0.0,92.95,
ERCOT,92.5,1,82,17,0,127,0.0,0.75,0.5,92.95,
ERCOT,92.5,1,82,17,0,127,0.0,1.0,0.0,92.95,
ERCOT,92.5,1,82,17,0,127,0.0,1.0,0.5,92.95,
ERCOT,92.5,1,82,17,0,127,0.25,0.0,0.0,92.85,
ERCOT,92.5,1,82,17,0,127,0.25,0.0,0.5,92.85,
ERCOT,92.5,1,82,17,0,127,0.25,0.25,0.0,92.85,
ERCOT,92.5,1,82,17,0,127,0.25,0.25,0.5,92.85,
ERCOT,92.5,1,82,17,0,127,0.25,0.5,0.0,92.85,
ERCOT,92.5,1,82,17,0,127,0.25,0.5,0.5,92.85,
ERCOT,92.5,1,82,17,0,127,0.25,0.75,0.0,92.85,
ERCOT,92.5,1,82,17,0,127,0.25,0.75,0.5,92.85,
ERCOT,92.5,1,82,17,0,127,0.25,1.0,0.0,92.85,
ERCOT,92.5,1,82,17,0,127,0.25,1.0,0.5,92.85,
ERCOT,92.5,1,82,17,0,127,0.5,0.0,0.0,92.85,
ERCOT,92.5,1,82,17,0,127,0.5,0.0,0.5,92.85,
ERCOT,92.5,1,82,17,0,127,0.5,0.25,0.0,92.85,
ERCOT,92.5,1,82,17,0,127,0.5,0.25,0.5,92.85,
ERCOT,92.5,1,82,17,0,127,0.5,0.5,0.0,92.85,
ERCOT,92.5,1,82,17,0,127,0.5,0.5,0.5,92.85,
ERCOT,92.5,1,82,17,0,127,0.5,0.75,0.0,92.85,
ERCOT,92.5,1,82,17,0,127,0.5,0.75,0.5,92.85,
ERCOT,92.5,1,82,17,0,127,0.5,1.0,0.0,92.85,
ERCOT,92.5,1,82,17,0,127,0.5,1.0,0.5,92.85,
ERCOT,92.5,1,83,16,0,212,0.0,0.0,2.0,92.85,
ERCOT,92.5,1,83,16,0,177,0.0,0.0,2.5,93.14,
ERCOT,92.5,1,83,16,0,147,0.0,0.25,0.0,92.56,
ERCOT,92.5,1,83,16,0,142,0.0,0.25,0.5,93.57,
ERCOT,92.5,1,83,16,0,132,0.0,0.25,1.0,92.83,
ERCOT,92.5,1,83,16,0,127,0.0,0.25,1.5,92.67,
ERCOT,92.5,1,83,16,0,127,0.0,0.25,2.0,93.5,
ERCOT,92.5,1,83,16,0,127,0.0,0.5,0.0,92.72,
ERCOT,92.5,1,83,16,0,127,0.0,0.5,0.5,92.72,
ERCOT,92.5,1,83,16,0,127,0.0,0.75,0.0,92.72,
ERCOT,92.5,1,83,16,0,127,0.0,0.75,0.5,92.72,
ERCOT,92.5,1,83,16,0,127,0.0,1.0,0.0,92.72,
ERCOT,92.5,1,83,16,0,127,0.0,1.0,0.5,92.72,
ERCOT,92.5,1,83,16,0,127,0.25,0.0,0.0,92.61,
ERCOT,92.5,1,83,16,0,127,0.25,0.0,0.5,92.61,
ERCOT,92.5,1,83,16,0,127,0.25,0.25,0.0,92.61,
ERCOT,92.5,1,83,16,0,127,0.25,0.25,0.5,92.61,
ERCOT,92.5,1,83,16,0,127,0.25,0.5,0.0,92.61,
ERCOT,92.5,1,83,16,0,127,0.25,0.5,0.5,92.61,
ERCOT,92.5,1,83,16,0,127,0.25,0.75,0.0,92.61,
ERCOT,92.5,1,83,16,0,127,0.25,0.75,0.5,92.61,
ERCOT,92.5,1,83,16,0,127,0.25,1.0,0.0,92.61,
ERCOT,92.5,1,83,16,0,127,0.25,1.0,0.5,92.61,
ERCOT,92.5,1,83,16,0,127,0.5,0.0,0.0,92.61,
ERCOT,92.5,1,83,16,0,127,0.5,0.0,0.5,92.61,
ERCOT,92.5,1,83,16,0,127,0.5,0.25,0.0,92.61,
ERCOT,92.5,1,83,16,0,127,0.5,0.25,0.5,92.61,
ERCOT,92.5,1,83,16,0,127,0.5,0.5,0.0,92.61,
ERCOT,92.5,1,83,16,0,127,0.5,0.5,0.5,92.61,
ERCOT,92.5,1,83,16,0,127,0.5,0.75,0.0,92.61,
ERCOT,92.5,1,83,16,0,127,0.5,0.75,0.5,92.61,
ERCOT,92.5,1,83,16,0,127,0.5,1.0,0.0,92.61,
ERCOT,92.5,1,83,16,0,127,0.5,1.0,0.5,92.61,
ERCOT,92.5,1,84,15,0,222,0.0,0.0,2.0,92.77,
ERCOT,92.5,1,84,15,0,182,0.0,0.0,2.5,92.95,
ERCOT,92.5,1,84,15,0,152,0.0,0.25,0.0,92.67,
ERCOT,92.5,1,84,15,0,142,0.0,0.25,0.5,93.04,
ERCOT,92.5,1,84,15,0,137,0.0,0.25,1.0,93.59,
ERCOT,92.5,1,84,15,0,132,0.0,0.25,1.5,93.62,
ERCOT,92.5,1,84,15,0,127,0.0,0.25,2.0,93.14,
ERCOT,92.5,1,84,15,0,127,0.0,0.25,2.5,93.69,
ERCOT,92.5,1,84,15,0,132,0.0,0.5,0.0,93.43,
ERCOT,92.5,1,84,15,0,132,0.0,0.5,0.5,93.43,
ERCOT,92.5,1,84,15,0,132,0.0,0.75,0.0,93.43,
ERCOT,92.5,1,84,15,0,132,0.0,0.75,0.5,93.43,
ERCOT,92.5,1,84,15,0,132,0.0,1.0,0.0,93.43,
ERCOT,92.5,1,84,15,0,132,0.0,1.0,0.5,93.43,
ERCOT,92.5,1,84,15,0,132,0.25,0.0,0.0,93.39,
ERCOT,92.5,1,84,15,0,132,0.25,0.0,0.5,93.4,
ERCOT,92.5,1,84,15,0,132,0.25,0.25,0.0,93.39,
ERCOT,92.5,1,84,15,0,132,0.25,0.25,0.5,93.39,
ERCOT,92.5,1,84,15,0,132,0.25,0.5,0.0,93.39,
ERCOT,92.5,1,84,15,0,132,0.25,0.5,0.5,93.39,
ERCOT,92.5,1,84,15,0,132,0.25,0.75,0.0,93.39,
ERCOT,92.5,1,84,15,0,132,0.25,0.75,0.5,93.39,
ERCOT,92.5,1,84,15,0,132,0.25,1.0,0.0,93.39,
ERCOT,92.5,1,84,15,0,132,0.25,1.0,0.5,93.39,
ERCOT,92.5,1,84,15,0,132,0.5,0.0,0.0,93.39,
ERCOT,92.5,1,84,15,0,132,0.5,0.0,0.5,93.39,
ERCOT,92.5,1,84,15,0,132,0.5,0.25,0.0,93.39,
ERCOT,92.5,1,84,15,0,132,0.5,0.25,0.5,93.39,
ERCOT,92.5,1,84,15,0,132,0.5,0.5,0.0,93.39,
ERCOT,92.5,1,84,15,0,132,0.5,0.5,0.5,93.39,
ERCOT,92.5,1,84,15,0,132,0.5,0.75,0.0,93.39,
ERCOT,92.5,1,84,15,0,132,0.5,0.75,0.5,93.39,
ERCOT,92.5,1,84,15,0,132,0.5,1.0,0.0,93.39,
ERCOT,92.5,1,84,15,0,132,0.5,1.0,0.5,93.39,
ERCOT,92.5,2,79,19,0,217,0.0,0.0,1.5,92.61,
ERCOT,92.5,2,79,19,0,182,0.0,0.0,2.0,93.13,
ERCOT,92.5,2,79,19,0,157,0.0,0.0,2.5,92.87,
ERCOT,92.5,2,79,19,0,137,0.0,0.25,0.0,92.97,
ERCOT,92.5,2,79,19,0,132,0.0,0.25,0.5,93.3,
ERCOT,92.5,2,79,19,0,127,0.0,0.25,1.0,93.27,
ERCOT,92.5,2,79,19,0,122,0.0,0.25,1.5,92.7,
ERCOT,92.5,2,79,19,0,122,0.0,0.25,2.0,93.32,
ERCOT,92.5,2,79,19,0,127,0.0,0.5,0.0,93.62,
ERCOT,92.5,2,79,19,0,127,0.0,0.5,0.5,93.62,
ERCOT,92.5,2,79,19,0,127,0.0,0.75,0.0,93.62,
ERCOT,92.5,2,79,19,0,127,0.0,0.75,0.5,93.62,
ERCOT,92.5,2,79,19,0,127,0.0,1.0,0.0,93.62,
ERCOT,92.5,2,79,19,0,127,0.0,1.0,0.5,93.62,
ERCOT,92.5,2,79,19,0,127,0.25,0.0,0.0,93.53,
ERCOT,92.5,2,79,19,0,127,0.25,0.0,0.5,93.53,
ERCOT,92.5,2,79,19,0,127,0.25,0.25,0.0,93.53,
ERCOT,92.5,2,79,19,0,127,0.25,0.25,0.5,93.53,
ERCOT,92.5,2,79,19,0,127,0.25,0.5,0.0,93.53,
ERCOT,92.5,2,79,19,0,127,0.25,0.5,0.5,93.53,
ERCOT,92.5,2,79,19,0,127,0.25,0.75,0.0,93.53,
ERCOT,92.5,2,79,19,0,127,0.25,0.75,0.5,93.53,
ERCOT,92.5,2,79,19,0,127,0.25,1.0,0.0,93.53,
ERCOT,92.5,2,79,19,0,127,0.25,1.0,0.5,93.53,
ERCOT,92.5,2,79,19,0,127,0.5,0.0,0.0,93.53,
ERCOT,92.5,2,79,19,0,127,0.5,0.0,0.5,93.53,
ERCOT,92.5,2,79,19,0,127,0.5,0.25,0.0,93.53,
ERCOT,92.5,2,79,19,0,127,0.5,0.25,0.5,93.53,
ERCOT,92.5,2,79,19,0,127,0.5,0.5,0.0,93.53,
ERCOT,92.5,2,79,19,0,127,0.5,0.5,0.5,93.53,
ERCOT,92.5,2,79,19,0,127,0.5,0.75,0.0,93.53,
ERCOT,92.5,2,79,19,0,127,0.5,0.75,0.5,93.53,
ERCOT,92.5,2,79,19,0,127,0.5,1.0,0.0,93.53,
ERCOT,92.5,2,79,19,0,127,0.5,1.0,0.5,93.53,
ERCOT,92.5,2,80,18,0,227,0.0,0.0,1.5,92.63,
ERCOT,92.5,2,80,18,0,187,0.0,0.0,2.0,92.87,
ERCOT,92.5,2,80,18,0,162,0.0,0.0,2.5,93.07,
ERCOT,92.5,2,80,18,0,142,0.0,0.25,0.0,93.43,
ERCOT,92.5,2,80,18,0,132,0.0,0.25,0.5,92.84,
ERCOT,92.5,2,80,18,0,127,0.0,0.25,1.0,92.84,
ERCOT,92.5,2,80,18,0,127,0.0,0.25,1.5,93.82,
ERCOT,92.5,2,80,18,0,127,0.0,0.5,0.0,93.39,
ERCOT,92.5,2,80,18,0,127,0.0,0.5,0.5,93.39,
ERCOT,92.5,2,80,18,0,127,0.0,0.75,0.0,93.39,
ERCOT,92.5,2,80,18,0,127,0.0,0.75,0.5,93.39,
ERCOT,92.5,2,80,18,0,127,0.0,1.0,0.0,93.39,
ERCOT,92.5,2,80,18,0,127,0.0,1.0,0.5,93.39,
ERCOT,92.5,2,80,18,0,127,0.25,0.0,0.0,93.3,
ERCOT,92.5,2,80,18,0,127,0.25,0.0,0.5,93.3,
ERCOT,92.5,2,80,18,0,127,0.25,0.25,0.0,93.3,
ERCOT,92.5,2,80,18,0,127,0.25,0.25,0.5,93.3,
ERCOT,92.5,2,80,18,0,127,0.25,0.5,0.0,93.3,
ERCOT,92.5,2,80,18,0,127,0.25,0.5,0.5,93.3,
ERCOT,92.5,2,80,18,0,127,0.25,0.75,0.0,93.3,
ERCOT,92.5,2,80,18,0,127,0.25,0.75,0.5,93.3,
ERCOT,92.5,2,80,18,0,127,0.25,1.0,0.0,93.3,
ERCOT,92.5,2,80,18,0,127,0.25,1.0,0.5,93.3,
ERCOT,92.5,2,80,18,0,127,0.5,0.0,0.0,93.3,
ERCOT,92.5,2,80,18,0,127,0.5,0.0,0.5,93.3,
ERCOT,92.5,2,80,18,0,127,0.5,0.25,0.0,93.3,
ERCOT,92.5,2,80,18,0,127,0.5,0.25,0.5,93.3,
ERCOT,92.5,2,80,18,0,127,0.5,0.5,0.0,93.3,
ERCOT,92.5,2,80,18,0,127,0.5,0.5,0.5,93.3,
ERCOT,92.5,2,80,18,0,127,0.5,0.75,0.0,93.3,
ERCOT,92.5,2,80,18,0,127,0.5,0.75,0.5,93.3,
ERCOT,92.5,2,80,18,0,127,0.5,1.0,0.0,93.3,
ERCOT,92.5,2,80,18,0,127,0.5,1.0,0.5,93.3,
ERCOT,92.5,2,81,17,0,237,0.0,0.0,1.5,92.53,
ERCOT,92.5,2,81,17,0,192,0.0,0.0,2.0,92.53,
ERCOT,92.5,2,81,17,0,167,0.0,0.0,2.5,93.16,
ERCOT,92.5,2,81,17,0,142,0.0,0.25,0.0,92.86,
ERCOT,92.5,2,81,17,0,137,0.0,0.25,0.5,93.5,
ERCOT,92.5,2,81,17,0,132,0.0,0.25,1.0,93.75,
ERCOT,92.5,2,81,17,0,127,0.0,0.25,1.5,93.46,
ERCOT,92.5,2,81,17,0,122,0.0,0.25,2.0,92.65,
ERCOT,92.5,2,81,17,0,122,0.0,0.25,2.5,92.92,
ERCOT,92.5,2,81,17,0,127,0.0,0.5,0.0,93.16,
ERCOT,92.5,2,81,17,0,127,0.0,0.5,0.5,93.16,
ERCOT,92.5,2,81,17,0,127,0.0,0.75,0.0,93.16,
ERCOT,92.5,2,81,17,0,127,0.0,0.75,0.5,93.16,
ERCOT,92.5,2,81,17,0,127,0.0,1.0,0.0,93.16,
ERCOT,92.5,2,81,17,0,127,0.0,1.0,0.5,93.16,
ERCOT,92.5,2,81,17,0,127,0.25,0.0,0.0,93.07,
ERCOT,92.5,2,81,17,0,127,0.25,0.0,0.5,93.07,
ERCOT,92.5,2,81,17,0,127,0.25,0.25,0.0,93.07,
ERCOT,92.5,2,81,17,0,127,0.25,0.25,0.5,93.07,
ERCOT,92.5,2,81,17,0,127,0.25,0.5,0.0,93.07,
ERCOT,92.5,2,81,17,0,127,0.25,0.5,0.5,93.07,
ERCOT,92.5,2,81,17,0,127,0.25,0.75,0.0,93.07,
ERCOT,92.5,2,81,17,0,127,0.25,0.75,0.5,93.07,
ERCOT,92.5,2,81,17,0,127,0.25,1.0,0.0,93.07,
ERCOT,92.5,2,81,17,0,127,0.25,1.0,0.5,93.07,
ERCOT,92.5,2,81,17,0,127,0.5,0.0,0.0,93.07,
ERCOT,92.5,2,81,17,0,127,0.5,0.0,0.5,93.07,
ERCOT,92.5,2,81,17,0,127,0.5,0.25,0.0,93.07,
ERCOT,92.5,2,81,17,0,127,0.5,0.25,0.5,93.07,
ERCOT,92.5,2,81,17,0,127,0.5,0.5,0.0,93.07,
ERCOT,92.5,2,81,17,0,127,0.5,0.5,0.5,93.07,
ERCOT,92.5,2,81,17,0,127,0.5,0.75,0.0,93.07,
ERCOT,92.5,2,81,17,0,127,0.5,0.75,0.5,93.07,
ERCOT,92.5,2,81,17,0,127,0.5,1.0,0.0,93.07,
ERCOT,92.5,2,81,17,0,127,0.5,1.0,0.5,93.07,
ERCOT,92.5,2,82,16,0,250,0.0,0.0,1.5,92.63,
ERCOT,92.5,2,82,16,0,202,0.0,0.0,2.0,92.7,
ERCOT,92.5,2,82,16,0,172,0.0,0.0,2.5,93.16,
ERCOT,92.5,2,82,16,0,147,0.0,0.25,0.0,93.16,
ERCOT,92.5,2,82,16,0,137,0.0,0.25,0.5,92.98,
ERCOT,92.5,2,82,16,0,132,0.0,0.25,1.0,93.27,
ERCOT,92.5,2,82,16,0,127,0.0,0.25,1.5,93.05,
ERCOT,92.5,2,82,16,0,127,0.0,0.25,2.0,93.81,
ERCOT,92.5,2,82,16,0,127,0.0,0.5,0.0,92.93,
ERCOT,92.5,2,82,16,0,127,0.0,0.5,0.5,92.93,
ERCOT,92.5,2,82,16,0,127,0.0,0.75,0.0,92.93,
ERCOT,92.5,2,82,16,0,127,0.0,0.75,0.5,92.93,
ERCOT,92.5,2,82,16,0,127,0.0,1.0,0.0,92.93,
ERCOT,92.5,2,82,16,0,127,0.0,1.0,0.5,92.93,
ERCOT,92.5,2,82,16,0,127,0.25,0.0,0.0,92.83,
ERCOT,92.5,2,82,16,0,127,0.25,0.0,0.5,92.83,
ERCOT,92.5,2,82,16,0,127,0.25,0.25,0.0,92.83,
ERCOT,92.5,2,82,16,0,127,0.25,0.25,0.5,92.83,
ERCOT,92.5,2,82,16,0,127,0.25,0.5,0.0,92.83,
ERCOT,92.5,2,82,16,0,127,0.25,0.5,0.5,92.83,
ERCOT,92.5,2,82,16,0,127,0.25,0.75,0.0,92.83,
ERCOT,92.5,2,82,16,0,127,0.25,0.75,0.5,92.83,
ERCOT,92.5,2,82,16,0,127,0.25,1.0,0.0,92.83,
ERCOT,92.5,2,82,16,0,127,0.25,1.0,0.5,92.83,
ERCOT,92.5,2,82,16,0,127,0.5,0.0,0.0,92.83,
ERCOT,92.5,2,82,16,0,127,0.5,0.0,0.5,92.83,
ERCOT,92.5,2,82,16,0,127,0.5,0.25,0.0,92.83,
ERCOT,92.5,2,82,16,0,127,0.5,0.25,0.5,92.83,
ERCOT,92.5,2,82,16,0,127,0.5,0.5,0.0,92.83,
ERCOT,92.5,2,82,16,0,127,0.5,0.5,0.5,92.83,
ERCOT,92.5,2,82,16,0,127,0.5,0.75,0.0,92.83,
ERCOT,92.5,2,82,16,0,127,0.5,0.75,0.5,92.83,
ERCOT,92.5,2,82,16,0,127,0.5,1.0,0.0,92.83,
ERCOT,92.5,2,82,16,0,127,0.5,1.0,0.5,92.83,
ERCOT,92.5,2,83,15,0,212,0.0,0.0,2.0,92.74,
ERCOT,92.5,2,83,15,0,177,0.0,0.0,2.5,93.06,
ERCOT,92.5,2,83,15,0,147,0.0,0.25,0.0,92.51,
ERCOT,92.5,2,83,15,0,142,0.0,0.25,0.5,93.53,
ERCOT,92.5,2,83,15,0,132,0.0,0.25,1.0,92.79,
ERCOT,92.5,2,83,15,0,127,0.0,0.25,1.5,92.63,
ERCOT,92.5,2,83,15,0,127,0.0,0.25,2.0,93.47,
ERCOT,92.5,2,83,15,0,127,0.0,0.5,0.0,92.7,
ERCOT,92.5,2,83,15,0,127,0.0,0.5,0.5,92.7,
ERCOT,92.5,2,83,15,0,127,0.0,0.75,0.0,92.7,
ERCOT,92.5,2,83,15,0,127,0.0,0.75,0.5,92.7,
ERCOT,92.5,2,83,15,0,127,0.0,1.0,0.0,92.7,
ERCOT,92.5,2,83,15,0,127,0.0,1.0,0.5,92.7,
ERCOT,92.5,2,83,15,0,127,0.25,0.0,0.0,92.59,
ERCOT,92.5,2,83,15,0,127,0.25,0.0,0.5,92.59,
ERCOT,92.5,2,83,15,0,127,0.25,0.25,0.0,92.59,
ERCOT,92.5,2,83,15,0,127,0.25,0.25,0.5,92.59,
ERCOT,92.5,2,83,15,0,127,0.25,0.5,0.0,92.59,
ERCOT,92.5,2,83,15,0,127,0.25,0.5,0.5,92.59,
ERCOT,92.5,2,83,15,0,127,0.25,0.75,0.0,92.59,
ERCOT,92.5,2,83,15,0,127,0.25,0.75,0.5,92.59,
ERCOT,92.5,2,83,15,0,127,0.25,1.0,0.0,92.59,
ERCOT,92.5,2,83,15,0,127,0.25,1.0,0.5,92.59,
ERCOT,92.5,2,83,15,0,127,0.5,0.0,0.0,92.59,
ERCOT,92.5,2,83,15,0,127,0.5,0.0,0.5,92.59,
ERCOT,92.5,2,83,15,0,127,0.5,0.25,0.0,92.59,
ERCOT,92.5,2,83,15,0,127,0.5,0.25,0.5,92.59,
ERCOT,92.5,2,83,15,0,127,0.5,0.5,0.0,92.59,
ERCOT,92.5,2,83,15,0,127,0.5,0.5,0.5,92.59,
ERCOT,92.5,2,83,15,0,127,0.5,0.75,0.0,92.59,
ERCOT,92.5,2,83,15,0,127,0.5,0.75,0.5,92.59,
ERCOT,92.5,2,83,15,0,127,0.5,1.0,0.0,92.59,
ERCOT,92.5,2,83,15,0,127,0.5,1.0,0.5,92.59,
ERCOT,92.5,2,84,14,0,222,0.0,0.0,2.0,92.64,
ERCOT,92.5,2,84,14,0,182,0.0,0.0,2.5,92.86,
ERCOT,92.5,2,84,14,0,152,0.0,0.25,0.0,92.61,
ERCOT,92.5,2,84,14,0,142,0.0,0.25,0.5,92.99,
ERCOT,92.5,2,84,14,0,137,0.0,0.25,1.0,93.54,
ERCOT,92.5,2,84,14,0,132,0.0,0.25,1.5,93.58,
ERCOT,92.5,2,84,14,0,127,0.0,0.25,2.0,93.1,
ERCOT,92.5,2,84,14,0,127,0.0,0.25,2.5,93.65,
ERCOT,92.5,2,84,14,0,132,0.0,0.5,0.0,93.41,
ERCOT,92.5,2,84,14,0,132,0.0,0.5,0.5,93.41,
ERCOT,92.5,2,84,14,0,132,0.0,0.75,0.0,93.41,
ERCOT,92.5,2,84,14,0,132,0.0,0.75,0.5,93.41,
ERCOT,92.5,2,84,14,0,132,0.0,1.0,0.0,93.41,
ERCOT,92.5,2,84,14,0,132,0.0,1.0,0.5,93.41,
ERCOT,92.5,2,84,14,0,132,0.25,0.0,0.0,93.36,
ERCOT,92.5,2,84,14,0,132,0.25,0.0,0.5,93.37,
ERCOT,92.5,2,84,14,0,132,0.25,0.25,0.0,93.36,
ERCOT,92.5,2,84,14,0,132,0.25,0.25,0.5,93.36,
ERCOT,92.5,2,84,14,0,132,0.25,0.5,0.0,93.36,
ERCOT,92.5,2,84,14,0,132,0.25,0.5,0.5,93.36,
ERCOT,92.5,2,84,14,0,132,0.25,0.75,0.0,93.36,
ERCOT,92.5,2,84,14,0,132,0.25,0.75,0.5,93.36,
ERCOT,92.5,2,84,14,0,132,0.25,1.0,0.0,93.36,
ERCOT,92.5,2,84,14,0,132,0.25,1.0,0.5,93.36,
ERCOT,92.5,2,84,14,0,132,0.5,0.0,0.0,93.36,
ERCOT,92.5,2,84,14,0,132,0.5,0.0,0.5,93.36,
ERCOT,92.5,2,84,14,0,132,0.5,0.25,0.0,93.36,
ERCOT,92.5,2,84,14,0,132,0.5,0.25,0.5,93.36,
ERCOT,92.5,2,84,14,0,132,0.5,0.5,0.0,93.36,
ERCOT,92.5,2,84,14,0,132,0.5,0.5,0.5,93.36,
ERCOT,92.5,2,84,14,0,132,0.5,0.75,0.0,93.36,
ERCOT,92.5,2,84,14,0,132,0.5,0.75,0.5,93.36,
ERCOT,92.5,2,84,14,0,132,0.5,1.0,0.0,93.36,
ERCOT,92.5,2,84,14,0,132,0.5,1.0,0.5,93.36,
ERCOT,92.5,3,78,19,0,212,0.0,0.0,1.5,92.99,
ERCOT,92.5,3,78,19,0,172,0.0,0.0,2.0,92.51,
ERCOT,92.5,3,78,19,0,157,0.0,0.0,2.5,93.5,
ERCOT,92.5,3,78,19,0,137,0.0,0.25,0.0,93.46,
ERCOT,92.5,3,78,19,0,127,0.0,0.25,0.5,92.51,
ERCOT,92.5,3,78,19,0,127,0.0,0.25,1.0,93.65,
ERCOT,92.5,3,78,19,0,122,0.0,0.5,0.0,92.62,
ERCOT,92.5,3,78,19,0,122,0.0,0.5,0.5,92.62,
ERCOT,92.5,3,78,19,0,122,0.0,0.75,0.0,92.62,
ERCOT,92.5,3,78,19,0,122,0.0,0.75,0.5,92.62,
ERCOT,92.5,3,78,19,0,122,0.0,1.0,0.0,92.62,
ERCOT,92.5,3,78,19,0,122,0.0,1.0,0.5,92.62,
ERCOT,92.5,3,78,19,0,127,0.25,0.0,0.0,93.74,
ERCOT,92.5,3,78,19,0,127,0.25,0.0,0.5,93.74,
ERCOT,92.5,3,78,19,0,127,0.25,0.25,0.0,93.74,
ERCOT,92.5,3,78,19,0,127,0.25,0.25,0.5,93.74,
ERCOT,92.5,3,78,19,0,127,0.25,0.5,0.0,93.74,
ERCOT,92.5,3,78,19,0,127,0.25,0.5,0.5,93.74,
ERCOT,92.5,3,78,19,0,127,0.25,0.75,0.0,93.74,
ERCOT,92.5,3,78,19,0,127,0.25,0.75,0.5,93.74,
ERCOT,92.5,3,78,19,0,127,0.25,1.0,0.0,93.74,
ERCOT,92.5,3,78,19,0,127,0.25,1.0,0.5,93.74,
ERCOT,92.5,3,78,19,0,127,0.5,0.0,0.0,93.74,
ERCOT,92.5,3,78,19,0,127,0.5,0.0,0.5,93.74,
ERCOT,92.5,3,78,19,0,127,0.5,0.25,0.0,93.74,
ERCOT,92.5,3,78,19,0,127,0.5,0.25,0.5,93.74,
ERCOT,92.5,3,78,19,0,127,0.5,0.5,0.0,93.74,
ERCOT,92.5,3,78,19,0,127,0.5,0.5,0.5,93.74,
ERCOT,92.5,3,78,19,0,127,0.5,0.75,0.0,93.74,
ERCOT,92.5,3,78,19,0,127,0.5,0.75,0.5,93.74,
ERCOT,92.5,3,78,19,0,127,0.5,1.0,0.0,93.74,
ERCOT,92.5,3,78,19,0,127,0.5,1.0,0.5,93.74,
ERCOT,92.5,3,79,18,0,222,0.0,0.0,1.5,93.1,
ERCOT,92.5,3,79,18,0,182,0.0,0.0,2.0,93.04,
ERCOT,92.5,3,79,18,0,157,0.0,0.0,2.5,92.8,
ERCOT,92.5,3,79,18,0,137,0.0,0.25,0.0,92.93,
ERCOT,92.5,3,79,18,0,132,0.0,0.25,0.5,93.28,
ERCOT,92.5,3,79,18,0,127,0.0,0.25,1.0,93.24,
ERCOT,92.5,3,79,18,0,122,0.0,0.25,1.5,92.68,
ERCOT,92.5,3,79,18,0,122,0.0,0.25,2.0,93.3,
ERCOT,92.5,3,79,18,0,127,0.0,0.5,0.0,93.6,
ERCOT,92.5,3,79,18,0,127,0.0,0.5,0.5,93.6,
ERCOT,92.5,3,79,18,0,127,0.0,0.75,0.0,93.6,
ERCOT,92.5,3,79,18,0,127,0.0,0.75,0.5,93.6,
ERCOT,92.5,3,79,18,0,127,0.0,1.0,0.0,93.6,
ERCOT,92.5,3,79,18,0,127,0.0,1.0,0.5,93.6,
ERCOT,92.5,3,79,18,0,127,0.25,0.0,0.0,93.51,
ERCOT,92.5,3,79,18,0,127,0.25,0.0,0.5,93.51,
ERCOT,92.5,3,79,18,0,127,0.25,0.25,0.0,93.51,
ERCOT,92.5,3,79,18,0,127,0.25,0.25,0.5,93.51,
ERCOT,92.5,3,79,18,0,127,0.25,0.5,0.0,93.51,
ERCOT,92.5,3,79,18,0,127,0.25,0.5,0.5,93.51,
ERCOT,92.5,3,79,18,0,127,0.25,0.75,0.0,93.51,
ERCOT,92.5,3,79,18,0,127,0.25,0.75,0.5,93.51,
ERCOT,92.5,3,79,18,0,127,0.25,1.0,0.0,93.51,
ERCOT,92.5,3,79,18,0,127,0.25,1.0,0.5,93.51,
ERCOT,92.5,3,79,18,0,127,0.5,0.0,0.0,93.51,
ERCOT,92.5,3,79,18,0,127,0.5,0.0,0.5,93.51,
ERCOT,92.5,3,79,18,0,127,0.5,0.25,0.0,93.51,
ERCOT,92.5,3,79,18,0,127,0.5,0.25,0.5,93.51,
ERCOT,92.5,3,79,18,0,127,0.5,0.5,0.0,93.51,
ERCOT,92.5,3,79,18,0,127,0.5,0.5,0.5,93.51,
ERCOT,92.5,3,79,18,0,127,0.5,0.75,0.0,93.51,
ERCOT,92.5,3,79,18,0,127,0.5,0.75,0.5,93.51,
ERCOT,92.5,3,79,18,0,127,0.5,1.0,0.0,93.51,
ERCOT,92.5,3,79,18,0,127,0.5,1.0,0.5,93.51,
ERCOT,92.5,3,80,17,0,227,0.0,0.0,1.5,92.51,
ERCOT,92.5,3,80,17,0,187,0.0,0.0,2.0,92.77,
ERCOT,92.5,3,80,17,0,162,0.0,0.0,2.5,93.0,
ERCOT,92.5,3,80,17,0,142,0.0,0.25,0.0,93.4,
ERCOT,92.5,3,80,17,0,132,0.0,0.25,0.5,92.81,
ERCOT,92.5,3,80,17,0,127,0.0,0.25,1.0,92.8,
ERCOT,92.5,3,80,17,0,127,0.0,0.25,1.5,93.79,
ERCOT,92.5,3,80,17,0,127,0.0,0.5,0.0,93.37,
ERCOT,92.5,3,80,17,0,127,0.0,0.5,0.5,93.37,
ERCOT,92.5,3,80,17,0,127,0.0,0.75,0.0,93.37,
ERCOT,92.5,3,80,17,0,127,0.0,0.75,0.5,93.37,
ERCOT,92.5,3,80,17,0,127,0.0,1.0,0.0,93.37,
ERCOT,92.5,3,80,17,0,127,0.0,1.0,0.5,93.37,
ERCOT,92.5,3,80,17,0,127,0.25,0.0,0.0,93.28,
ERCOT,92.5,3,80,17,0,127,0.25,0.0,0.5,93.28,
ERCOT,92.5,3,80,17,0,127,0.25,0.25,0.0,93.28,
ERCOT,92.5,3,80,17,0,127,0.25,0.25,0.5,93.28,
ERCOT,92.5,3,80,17,0,127,0.25,0.5,0.0,93.28,
ERCOT,92.5,3,80,17,0,127,0.25,0.5,0.5,93.28,
ERCOT,92.5,3,80,17,0,127,0.25,0.75,0.0,93.28,
ERCOT,92.5,3,80,17,0,127,0.25,0.75,0.5,93.28,
ERCOT,92.5,3,80,17,0,127,0.25,1.0,0.0,93.28,
ERCOT,92.5,3,80,17,0,127,0.25,1.0,0.5,93.28,
ERCOT,92.5,3,80,17,0,127,0.5,0.0,0.0,93.28,
ERCOT,92.5,3,80,17,0,127,0.5,0.0,0.5,93.28,
ERCOT,92.5,3,80,17,0,127,0.5,0.25,0.0,93.28,
ERCOT,92.5,3,80,17,0,127,0.5,0.25,0.5,93.28,
ERCOT,92.5,3,80,17,0,127,0.5,0.5,0.0,93.28,
ERCOT,92.5,3,80,17,0,127,0.5,0.5,0.5,93.28,
ERCOT,92.5,3,80,17,0,127,0.5,0.75,0.0,93.28,
ERCOT,92.5,3,80,17,0,127,0.5,0.75,0.5,93.28,
ERCOT,92.5,3,80,17,0,127,0.5,1.0,0.0,93.28,
ERCOT,92.5,3,80,17,0,127,0.5,1.0,0.5,93.28,
ERCOT,92.5,3,81,16,0,242,0.0,0.0,1.5,92.95,
ERCOT,92.5,3,81,16,0,197,0.0,0.0,2.0,93.03,
ERCOT,92.5,3,81,16,0,167,0.0,0.0,2.5,93.09,
ERCOT,92.5,3,81,16,0,142,0.0,0.25,0.0,92.82,
ERCOT,92.5,3,81,16,0,137,0.0,0.25,0.5,93.46,
ERCOT,92.5,3,81,16,0,132,0.0,0.25,1.0,93.71,
ERCOT,92.5,3,81,16,0,127,0.0,0.25,1.5,93.43,
ERCOT,92.5,3,81,16,0,122,0.0,0.25,2.0,92.62,
ERCOT,92.5,3,81,16,0,122,0.0,0.25,2.5,92.88,
ERCOT,92.5,3,81,16,0,127,0.0,0.5,0.0,93.15,
ERCOT,92.5,3,81,16,0,127,0.0,0.5,0.5,93.15,
ERCOT,92.5,3,81,16,0,127,0.0,0.75,0.0,93.15,
ERCOT,92.5,3,81,16,0,127,0.0,0.75,0.5,93.15,
ERCOT,92.5,3,81,16,0,127,0.0,1.0,0.0,93.15,
ERCOT,92.5,3,81,16,0,127,0.0,1.0,0.5,93.15,
ERCOT,92.5,3,81,16,0,127,0.25,0.0,0.0,93.05,
ERCOT,92.5,3,81,16,0,127,0.25,0.0,0.5,93.05,
ERCOT,92.5,3,81,16,0,127,0.25,0.25,0.0,93.05,
ERCOT,92.5,3,81,16,0,127,0.25,0.25,0.5,93.05,
ERCOT,92.5,3,81,16,0,127,0.25,0.5,0.0,93.05,
ERCOT,92.5,3,81,16,0,127,0.25,0.5,0.5,93.05,
ERCOT,92.5,3,81,16,0,127,0.25,0.75,0.0,93.05,
ERCOT,92.5,3,81,16,0,127,0.25,0.75,0.5,93.05,
ERCOT,92.5,3,81,16,0,127,0.25,1.0,0.0,93.05,
ERCOT,92.5,3,81,16,0,127,0.25,1.0,0.5,93.05,
ERCOT,92.5,3,81,16,0,127,0.5,0.0,0.0,93.05,
ERCOT,92.5,3,81,16,0,127,0.5,0.0,0.5,93.05,
ERCOT,92.5,3,81,16,0,127,0.5,0.25,0.0,93.05,
ERCOT,92.5,3,81,16,0,127,0.5,0.25,0.5,93.05,
ERCOT,92.5,3,81,16,0,127,0.5,0.5,0.0,93.05,
ERCOT,92.5,3,81,16,0,127,0.5,0.5,0.5,93.05,
ERCOT,92.5,3,81,16,0,127,0.5,0.75,0.0,93.05,
ERCOT,92.5,3,81,16,0,127,0.5,0.75,0.5,93.05,
ERCOT,92.5,3,81,16,0,127,0.5,1.0,0.0,93.05,
ERCOT,92.5,3,81,16,0,127,0.5,1.0,0.5,93.05,
ERCOT,92.5,3,82,15,0,202,0.0,0.0,2.0,92.59,
ERCOT,92.5,3,82,15,0,172,0.0,0.0,2.5,93.08,
ERCOT,92.5,3,82,15,0,147,0.0,0.25,0.0,93.11,
ERCOT,92.5,3,82,15,0,137,0.0,0.25,0.5,92.94,
ERCOT,92.5,3,82,15,0,132,0.0,0.25,1.0,93.23,
ERCOT,92.5,3,82,15,0,127,0.0,0.25,1.5,93.02,
ERCOT,92.5,3,82,15,0,127,0.0,0.25,2.0,93.78,
ERCOT,92.5,3,82,15,0,127,0.0,0.5,0.0,92.92,
ERCOT,92.5,3,82,15,0,127,0.0,0.5,0.5,92.92,
ERCOT,92.5,3,82,15,0,127,0.0,0.75,0.0,92.92,
ERCOT,92.5,3,82,15,0,127,0.0,0.75,0.5,92.92,
ERCOT,92.5,3,82,15,0,127,0.0,1.0,0.0,92.92,
ERCOT,92.5,3,82,15,0,127,0.0,1.0,0.5,92.92,
ERCOT,92.5,3,82,15,0,127,0.25,0.0,0.0,92.81,
ERCOT,92.5,3,82,15,0,127,0.25,0.0,0.5,92.81,
ERCOT,92.5,3,82,15,0,127,0.25,0.25,0.0,92.81,
ERCOT,92.5,3,82,15,0,127,0.25,0.25,0.5,92.81,
ERCOT,92.5,3,82,15,0,127,0.25,0.5,0.0,92.81,
ERCOT,92.5,3,82,15,0,127,0.25,0.5,0.5,92.81,
ERCOT,92.5,3,82,15,0,127,0.25,0.75,0.0,92.81,
ERCOT,92.5,3,82,15,0,127,0.25,0.75,0.5,92.81,
ERCOT,92.5,3,82,15,0,127,0.25,1.0,0.0,92.81,
ERCOT,92.5,3,82,15,0,127,0.25,1.0,0.5,92.81,
ERCOT,92.5,3,82,15,0,127,0.5,0.0,0.0,92.81,
ERCOT,92.5,3,82,15,0,127,0.5,0.0,0.5,92.81,
ERCOT,92.5,3,82,15,0,127,0.5,0.25,0.0,92.81,
ERCOT,92.5,3,82,15,0,127,0.5,0.25,0.5,92.81,
ERCOT,92.5,3,82,15,0,127,0.5,0.5,0.0,92.81,
ERCOT,92.5,3,82,15,0,127,0.5,0.5,0.5,92.81,
ERCOT,92.5,3,82,15,0,127,0.5,0.75,0.0,92.81,
ERCOT,92.5,3,82,15,0,127,0.5,0.75,0.5,92.81,
ERCOT,92.5,3,82,15,0,127,0.5,1.0,0.0,92.81,
ERCOT,92.5,3,82,15,0,127,0.5,1.0,0.5,92.81,
ERCOT,92.5,3,83,14,0,212,0.0,0.0,2.0,92.62,
ERCOT,92.5,3,83,14,0,177,0.0,0.0,2.5,92.97,
ERCOT,92.5,3,83,14,0,152,0.0,0.25,0.0,93.25,
ERCOT,92.5,3,83,14,0,142,0.0,0.25,0.5,93.49,
ERCOT,92.5,3,83,14,0,132,0.0,0.25,1.0,92.74,
ERCOT,92.5,3,83,14,0,127,0.0,0.25,1.5,92.59,
ERCOT,92.5,3,83,14,0,127,0.0,0.25,2.0,93.43,
ERCOT,92.5,3,83,14,0,127,0.0,0.5,0.0,92.69,
ERCOT,92.5,3,83,14,0,127,0.0,0.5,0.5,92.69,
ERCOT,92.5,3,83,14,0,127,0.0,0.75,0.0,92.69,
ERCOT,92.5,3,83,14,0,127,0.0,0.75,0.5,92.69,
ERCOT,92.5,3,83,14,0,127,0.0,1.0,0.0,92.69,
ERCOT,92.5,3,83,14,0,127,0.0,1.0,0.5,92.69,
ERCOT,92.5,3,83,14,0,127,0.25,0.0,0.0,92.57,
ERCOT,92.5,3,83,14,0,127,0.25,0.0,0.5,92.57,
ERCOT,92.5,3,83,14,0,127,0.25,0.25,0.0,92.57,
ERCOT,92.5,3,83,14,0,127,0.25,0.25,0.5,92.57,
ERCOT,92.5,3,83,14,0,127,0.25,0.5,0.0,92.57,
ERCOT,92.5,3,83,14,0,127,0.25,0.5,0.5,92.57,
ERCOT,92.5,3,83,14,0,127,0.25,0.75,0.0,92.57,
ERCOT,92.5,3,83,14,0,127,0.25,0.75,0.5,92.57,
ERCOT,92.5,3,83,14,0,127,0.25,1.0,0.0,92.57,
ERCOT,92.5,3,83,14,0,127,0.25,1.0,0.5,92.57,
ERCOT,92.5,3,83,14,0,127,0.5,0.0,0.0,92.57,
ERCOT,92.5,3,83,14,0,127,0.5,0.0,0.5,92.57,
ERCOT,92.5,3,83,14,0,127,0.5,0.25,0.0,92.57,
ERCOT,92.5,3,83,14,0,127,0.5,0.25,0.5,92.57,
ERCOT,92.5,3,83,14,0,127,0.5,0.5,0.0,92.57,
ERCOT,92.5,3,83,14,0,127,0.5,0.5,0.5,92.57,
ERCOT,92.5,3,83,14,0,127,0.5,0.75,0.0,92.57,
ERCOT,92.5,3,83,14,0,127,0.5,0.75,0.5,92.57,
ERCOT,92.5,3,83,14,0,127,0.5,1.0,0.0,92.57,
ERCOT,92.5,3,83,14,0,127,0.5,1.0,0.5,92.57,
ERCOT,92.5,3,84,13,0,222,0.0,0.0,2.0,92.52,
ERCOT,92.5,3,84,13,0,182,0.0,0.0,2.5,92.77,
ERCOT,92.5,3,84,13,0,152,0.0,0.25,0.0,92.55,
ERCOT,92.5,3,84,13,0,142,0.0,0.25,0.5,92.95,
ERCOT,92.5,3,84,13,0,137,0.0,0.25,1.0,93.49,
ERCOT,92.5,3,84,13,0,132,0.0,0.25,1.5,93.54,
ERCOT,92.5,3,84,13,0,127,0.0,0.25,2.0,93.06,
ERCOT,92.5,3,84,13,0,127,0.0,0.25,2.5,93.62,
ERCOT,92.5,3,84,13,0,132,0.0,0.5,0.0,93.38,
ERCOT,92.5,3,84,13,0,132,0.0,0.5,0.5,93.39,
ERCOT,92.5,3,84,13,0,132,0.0,0.75,0.0,93.38,
ERCOT,92.5,3,84,13,0,132,0.0,0.75,0.5,93.38,
ERCOT,92.5,3,84,13,0,132,0.0,1.0,0.0,93.38,
ERCOT,92.5,3,84,13,0,132,0.0,1.0,0.5,93.38,
ERCOT,92.5,3,84,13,0,132,0.25,0.0,0.0,93.34,
ERCOT,92.5,3,84,13,0,132,0.25,0.0,0.5,93.35,
ERCOT,92.5,3,84,13,0,132,0.25,0.25,0.0,93.34,
ERCOT,92.5,3,84,13,0,132,0.25,0.25,0.5,93.34,
ERCOT,92.5,3,84,13,0,132,0.25,0.5,0.0,93.34,
ERCOT,92.5,3,84,13,0,132,0.25,0.5,0.5,93.34,
ERCOT,92.5,3,84,13,0,132,0.25,0.75,0.0,93.34,
ERCOT,92.5,3,84,13,0,132,0.25,0.75,0.5,93.34,
ERCOT,92.5,3,84,13,0,132,0.25,1.0,0.0,93.34,
ERCOT,92.5,3,84,13,0,132,0.25,1.0,0.5,93.34,
ERCOT,92.5,3,84,13,0,132,0.5,0.0,0.0,93.34,
ERCOT,92.5,3,84,13,0,132,0.5,0.0,0.5,93.34,
ERCOT,92.5,3,84,13,0,132,0.5,0.25,0.0,93.34,
ERCOT,92.5,3,84,13,0,132,0.5,0.25,0.5,93.34,
ERCOT,92.5,3,84,13,0,132,0.5,0.5,0.0,93.34,
ERCOT,92.5,3,84,13,0,132,0.5,0.5,0.5,93.34,
ERCOT,92.5,3,84,13,0,132,0.5,0.75,0.0,93.34,
ERCOT,92.5,3,84,13,0,132,0.5,0.75,0.5,93.34,
ERCOT,92.5,3,84,13,0,132,0.5,1.0,0.0,93.34,
ERCOT,92.5,3,84,13,0,132,0.5,1.0,0.5,93.34,
ERCOT,92.5,4,77,19,0,247,0.0,0.0,1.0,92.93,
ERCOT,92.5,4,77,19,0,202,0.0,0.0,1.5,92.65,
ERCOT,92.5,4,77,19,0,172,0.0,0.0,2.0,93.28,
ERCOT,92.5,4,77,19,0,152,0.0,0.0,2.5,93.06,
ERCOT,92.5,4,77,19,0,132,0.0,0.25,0.0,92.84,
ERCOT,92.5,4,77,19,0,127,0.0,0.25,0.5,92.92,
ERCOT,92.5,4,77,19,0,122,0.0,0.25,1.0,92.59,
ERCOT,92.5,4,77,19,0,122,0.0,0.25,1.5,93.36,
ERCOT,92.5,4,77,19,0,122,0.0,0.5,0.0,92.82,
ERCOT,92.5,4,77,19,0,122,0.0,0.5,0.5,92.82,
ERCOT,92.5,4,77,19,0,122,0.0,0.75,0.0,92.82,
ERCOT,92.5,4,77,19,0,122,0.0,0.75,0.5,92.82,
ERCOT,92.5,4,77,19,0,122,0.0,1.0,0.0,92.82,
ERCOT,92.5,4,77,19,0,122,0.0,1.0,0.5,92.82,
ERCOT,92.5,4,77,19,0,122,0.25,0.0,0.0,92.7,
ERCOT,92.5,4,77,19,0,122,0.25,0.0,0.5,92.7,
ERCOT,92.5,4,77,19,0,122,0.25,0.25,0.0,92.7,
ERCOT,92.5,4,77,19,0,122,0.25,0.25,0.5,92.7,
ERCOT,92.5,4,77,19,0,122,0.25,0.5,0.0,92.7,
ERCOT,92.5,4,77,19,0,122,0.25,0.5,0.5,92.7,
ERCOT,92.5,4,77,19,0,122,0.25,0.75,0.0,92.7,
ERCOT,92.5,4,77,19,0,122,0.25,0.75,0.5,92.7,
ERCOT,92.5,4,77,19,0,122,0.25,1.0,0.0,92.7,
ERCOT,92.5,4,77,19,0,122,0.25,1.0,0.5,92.7,
ERCOT,92.5,4,77,19,0,122,0.5,0.0,0.0,92.7,
ERCOT,92.5,4,77,19,0,122,0.5,0.0,0.5,92.7,
ERCOT,92.5,4,77,19,0,122,0.5,0.25,0.0,92.7,
ERCOT,92.5,4,77,19,0,122,0.5,0.25,0.5,92.7,
ERCOT,92.5,4,77,19,0,122,0.5,0.5,0.0,92.7,
ERCOT,92.5,4,77,19,0,122,0.5,0.5,0.5,92.7,
ERCOT,92.5,4,77,19,0,122,0.5,0.75,0.0,92.7,
ERCOT,92.5,4,77,19,0,122,0.5,0.75,0.5,92.7,
ERCOT,92.5,4,77,19,0,122,0.5,1.0,0.0,92.7,
ERCOT,92.5,4,77,19,0,122,0.5,1.0,0.5,92.7,
ERCOT,92.5,4,78,18,0,212,0.0,0.0,1.5,92.88,
ERCOT,92.5,4,78,18,0,177,0.0,0.0,2.0,93.15,
ERCOT,92.5,4,78,18,0,157,0.0,0.0,2.5,93.43,
ERCOT,92.5,4,78,18,0,137,0.0,0.25,0.0,93.43,
ERCOT,92.5,4,78,18,0,132,0.0,0.25,0.5,93.69,
ERCOT,92.5,4,78,18,0,127,0.0,0.25,1.0,93.63,
ERCOT,92.5,4,78,18,0,122,0.0,0.25,1.5,93.02,
ERCOT,92.5,4,78,18,0,122,0.0,0.25,2.0,93.57,
ERCOT,92.5,4,78,18,0,122,0.0,0.5,0.0,92.61,
ERCOT,92.5,4,78,18,0,122,0.0,0.5,0.5,92.61,
ERCOT,92.5,4,78,18,0,122,0.0,0.75,0.0,92.61,
ERCOT,92.5,4,78,18,0,122,0.0,0.75,0.5,92.61,
ERCOT,92.5,4,78,18,0,122,0.0,1.0,0.0,92.61,
ERCOT,92.5,4,78,18,0,122,0.0,1.0,0.5,92.61,
ERCOT,92.5,4,78,18,0,127,0.25,0.0,0.0,93.73,
ERCOT,92.5,4,78,18,0,127,0.25,0.0,0.5,93.73,
ERCOT,92.5,4,78,18,0,127,0.25,0.25,0.0,93.73,
ERCOT,92.5,4,78,18,0,127,0.25,0.25,0.5,93.73,
ERCOT,92.5,4,78,18,0,127,0.25,0.5,0.0,93.73,
ERCOT,92.5,4,78,18,0,127,0.25,0.5,0.5,93.73,
ERCOT,92.5,4,78,18,0,127,0.25,0.75,0.0,93.73,
ERCOT,92.5,4,78,18,0,127,0.25,0.75,0.5,93.73,
ERCOT,92.5,4,78,18,0,127,0.25,1.0,0.0,93.73,
ERCOT,92.5,4,78,18,0,127,0.25,1.0,0.5,93.73,
ERCOT,92.5,4,78,18,0,127,0.5,0.0,0.0,93.73,
ERCOT,92.5,4,78,18,0,127,0.5,0.0,0.5,93.73,
ERCOT,92.5,4,78,18,0,127,0.5,0.25,0.0,93.73,
ERCOT,92.5,4,78,18,0,127,0.5,0.25,0.5,93.73,
ERCOT,92.5,4,78,18,0,127,0.5,0.5,0.0,93.73,
ERCOT,92.5,4,78,18,0,127,0.5,0.5,0.5,93.73,
ERCOT,92.5,4,78,18,0,127,0.5,0.75,0.0,93.73,
ERCOT,92.5,4,78,18,0,127,0.5,0.75,0.5,93.73,
ERCOT,92.5,4,78,18,0,127,0.5,1.0,0.0,93.73,
ERCOT,92.5,4,78,18,0,127,0.5,1.0,0.5,93.73,
ERCOT,92.5,4,79,17,0,222,0.0,0.0,1.5,92.98,
ERCOT,92.5,4,79,17,0,182,0.0,0.0,2.0,92.95,
ERCOT,92.5,4,79,17,0,157,0.0,0.0,2.5,92.73,
ERCOT,92.5,4,79,17,0,137,0.0,0.25,0.0,92.9,
ERCOT,92.5,4,79,17,0,132,0.0,0.25,0.5,93.25,
ERCOT,92.5,4,79,17,0,127,0.0,0.25,1.0,93.2,
ERCOT,92.5,4,79,17,0,122,0.0,0.25,1.5,92.65,
ERCOT,92.5,4,79,17,0,122,0.0,0.25,2.0,93.27,
ERCOT,92.5,4,79,17,0,127,0.0,0.5,0.0,93.59,
ERCOT,92.5,4,79,17,0,127,0.0,0.5,0.5,93.59,
ERCOT,92.5,4,79,17,0,127,0.0,0.75,0.0,93.59,
ERCOT,92.5,4,79,17,0,127,0.0,0.75,0.5,93.59,
ERCOT,92.5,4,79,17,0,127,0.0,1.0,0.0,93.59,
ERCOT,92.5,4,79,17,0,127,0.0,1.0,0.5,93.59,
ERCOT,92.5,4,79,17,0,127,0.25,0.0,0.0,93.5,
ERCOT,92.5,4,79,17,0,127,0.25,0.0,0.5,93.5,
ERCOT,92.5,4,79,17,0,127,0.25,0.25,0.0,93.5,
ERCOT,92.5,4,79,17,0,127,0.25,0.25,0.5,93.5,
ERCOT,92.5,4,79,17,0,127,0.25,0.5,0.0,93.5,
ERCOT,92.5,4,79,17,0,127,0.25,0.5,0.5,93.5,
ERCOT,92.5,4,79,17,0,127,0.25,0.75,0.0,93.5,
ERCOT,92.5,4,79,17,0,127,0.25,0.75,0.5,93.5,
ERCOT,92.5,4,79,17,0,127,0.25,1.0,0.0,93.5,
ERCOT,92.5,4,79,17,0,127,0.25,1.0,0.5,93.5,
ERCOT,92.5,4,79,17,0,127,0.5,0.0,0.0,93.5,
ERCOT,92.5,4,79,17,0,127,0.5,0.0,0.5,93.5,
ERCOT,92.5,4,79,17,0,127,0.5,0.25,0.0,93.5,
ERCOT,92.5,4,79,17,0,127,0.5,0.25,0.5,93.5,
ERCOT,92.5,4,79,17,0,127,0.5,0.5,0.0,93.5,
ERCOT,92.5,4,79,17,0,127,0.5,0.5,0.5,93.5,
ERCOT,92.5,4,79,17,0,127,0.5,0.75,0.0,93.5,
ERCOT,92.5,4,79,17,0,127,0.5,0.75,0.5,93.5,
ERCOT,92.5,4,79,17,0,127,0.5,1.0,0.0,93.5,
ERCOT,92.5,4,79,17,0,127,0.5,1.0,0.5,93.5,
ERCOT,92.5,4,80,16,0,232,0.0,0.0,1.5,92.96,
ERCOT,92.5,4,80,16,0,187,0.0,0.0,2.0,92.67,
ERCOT,92.5,4,80,16,0,162,0.0,0.0,2.5,92.92,
ERCOT,92.5,4,80,16,0,142,0.0,0.25,0.0,93.36,
ERCOT,92.5,4,80,16,0,132,0.0,0.25,0.5,92.77,
ERCOT,92.5,4,80,16,0,127,0.0,0.25,1.0,92.77,
ERCOT,92.5,4,80,16,0,127,0.0,0.25,1.5,93.76,
ERCOT,92.5,4,80,16,0,127,0.0,0.5,0.0,93.36,
ERCOT,92.5,4,80,16,0,127,0.0,0.5,0.5,93.36,
ERCOT,92.5,4,80,16,0,127,0.0,0.75,0.0,93.36,
ERCOT,92.5,4,80,16,0,127,0.0,0.75,0.5,93.36,
ERCOT,92.5,4,80,16,0,127,0.0,1.0,0.0,93.36,
ERCOT,92.5,4,80,16,0,127,0.0,1.0,0.5,93.36,
ERCOT,92.5,4,80,16,0,127,0.25,0.0,0.0,93.27,
ERCOT,92.5,4,80,16,0,127,0.25,0.0,0.5,93.27,
ERCOT,92.5,4,80,16,0,127,0.25,0.25,0.0,93.27,
ERCOT,92.5,4,80,16,0,127,0.25,0.25,0.5,93.27,
ERCOT,92.5,4,80,16,0,127,0.25,0.5,0.0,93.27,
ERCOT,92.5,4,80,16,0,127,0.25,0.5,0.5,93.27,
ERCOT,92.5,4,80,16,0,127,0.25,0.75,0.0,93.27,
ERCOT,92.5,4,80,16,0,127,0.25,0.75,0.5,93.27,
ERCOT,92.5,4,80,16,0,127,0.25,1.0,0.0,93.27,
ERCOT,92.5,4,80,16,0,127,0.25,1.0,0.5,93.27,
ERCOT,92.5,4,80,16,0,127,0.5,0.0,0.0,93.27,
ERCOT,92.5,4,80,16,0,127,0.5,0.0,0.5,93.27,
ERCOT,92.5,4,80,16,0,127,0.5,0.25,0.0,93.27,
ERCOT,92.5,4,80,16,0,127,0.5,0.25,0.5,93.27,
ERCOT,92.5,4,80,16,0,127,0.5,0.5,0.0,93.27,
ERCOT,92.5,4,80,16,0,127,0.5,0.5,0.5,93.27,
ERCOT,92.5,4,80,16,0,127,0.5,0.75,0.0,93.27,
ERCOT,92.5,4,80,16,0,127,0.5,0.75,0.5,93.27,
ERCOT,92.5,4,80,16,0,127,0.5,1.0,0.0,93.27,
ERCOT,92.5,4,80,16,0,127,0.5,1.0,0.5,93.27,
ERCOT,92.5,4,81,15,0,242,0.0,0.0,1.5,92.82,
ERCOT,92.5,4,81,15,0,197,0.0,0.0,2.0,92.93,
ERCOT,92.5,4,81,15,0,167,0.0,0.0,2.5,93.01,
ERCOT,92.5,4,81,15,0,142,0.0,0.25,0.0,92.77,
ERCOT,92.5,4,81,15,0,137,0.0,0.25,0.5,93.42,
ERCOT,92.5,4,81,15,0,132,0.0,0.25,1.0,93.67,
ERCOT,92.5,4,81,15,0,127,0.0,0.25,1.5,93.39,
ERCOT,92.5,4,81,15,0,122,0.0,0.25,2.0,92.59,
ERCOT,92.5,4,81,15,0,122,0.0,0.25,2.5,92.83,
ERCOT,92.5,4,81,15,0,127,0.0,0.5,0.0,93.13,
ERCOT,92.5,4,81,15,0,127,0.0,0.5,0.5,93.13,
ERCOT,92.5,4,81,15,0,127,0.0,0.75,0.0,93.13,
ERCOT,92.5,4,81,15,0,127,0.0,0.75,0.5,93.13,
ERCOT,92.5,4,81,15,0,127,0.0,1.0,0.0,93.13,
ERCOT,92.5,4,81,15,0,127,0.0,1.0,0.5,93.13,
ERCOT,92.5,4,81,15,0,127,0.25,0.0,0.0,93.03,
ERCOT,92.5,4,81,15,0,127,0.25,0.0,0.5,93.03,
ERCOT,92.5,4,81,15,0,127,0.25,0.25,0.0,93.03,
ERCOT,92.5,4,81,15,0,127,0.25,0.25,0.5,93.03,
ERCOT,92.5,4,81,15,0,127,0.25,0.5,0.0,93.03,
ERCOT,92.5,4,81,15,0,127,0.25,0.5,0.5,93.03,
ERCOT,92.5,4,81,15,0,127,0.25,0.75,0.0,93.03,
ERCOT,92.5,4,81,15,0,127,0.25,0.75,0.5,93.03,
ERCOT,92.5,4,81,15,0,127,0.25,1.0,0.0,93.03,
ERCOT,92.5,4,81,15,0,127,0.25,1.0,0.5,93.03,
ERCOT,92.5,4,81,15,0,127,0.5,0.0,0.0,93.03,
ERCOT,92.5,4,81,15,0,127,0.5,0.0,0.5,93.03,
ERCOT,92.5,4,81,15,0,127,0.5,0.25,0.0,93.03,
ERCOT,92.5,4,81,15,0,127,0.5,0.25,0.5,93.03,
ERCOT,92.5,4,81,15,0,127,0.5,0.5,0.0,93.03,
ERCOT,92.5,4,81,15,0,127,0.5,0.5,0.5,93.03,
ERCOT,92.5,4,81,15,0,127,0.5,0.75,0.0,93.03,
ERCOT,92.5,4,81,15,0,127,0.5,0.75,0.5,93.03,
ERCOT,92.5,4,81,15,0,127,0.5,1.0,0.0,93.03,
ERCOT,92.5,4,81,15,0,127,0.5,1.0,0.5,93.03,
ERCOT,92.5,4,82,14,0,207,0.0,0.0,2.0,93.05,
ERCOT,92.5,4,82,14,0,172,0.0,0.0,2.5,92.99,
ERCOT,92.5,4,82,14,0,147,0.0,0.25,0.0,93.06,
ERCOT,92.5,4,82,14,0,137,0.0,0.25,0.5,92.89,
ERCOT,92.5,4,82,14,0,132,0.0,0.25,1.0,93.19,
ERCOT,92.5,4,82,14,0,127,0.0,0.25,1.5,92.98,
ERCOT,92.5,4,82,14,0,127,0.0,0.25,2.0,93.75,
ERCOT,92.5,4,82,14,0,127,0.0,0.5,0.0,92.9,
ERCOT,92.5,4,82,14,0,127,0.0,0.5,0.5,92.9,
ERCOT,92.5,4,82,14,0,127,0.0,0.75,0.0,92.9,
ERCOT,92.5,4,82,14,0,127,0.0,0.75,0.5,92.9,
ERCOT,92.5,4,82,14,0,127,0.0,1.0,0.0,92.9,
ERCOT,92.5,4,82,14,0,127,0.0,1.0,0.5,92.9,
ERCOT,92.5,4,82,14,0,127,0.25,0.0,0.0,92.79,
ERCOT,92.5,4,82,14,0,127,0.25,0.0,0.5,92.79,
ERCOT,92.5,4,82,14,0,127,0.25,0.25,0.0,92.79,
ERCOT,92.5,4,82,14,0,127,0.25,0.25,0.5,92.79,
ERCOT,92.5,4,82,14,0,127,0.25,0.5,0.0,92.79,
ERCOT,92.5,4,82,14,0,127,0.25,0.5,0.5,92.79,
ERCOT,92.5,4,82,14,0,127,0.25,0.75,0.0,92.79,
ERCOT,92.5,4,82,14,0,127,0.25,0.75,0.5,92.79,
ERCOT,92.5,4,82,14,0,127,0.25,1.0,0.0,92.79,
ERCOT,92.5,4,82,14,0,127,0.25,1.0,0.5,92.79,
ERCOT,92.5,4,82,14,0,127,0.5,0.0,0.0,92.79,
ERCOT,92.5,4,82,14,0,127,0.5,0.0,0.5,92.79,
ERCOT,92.5,4,82,14,0,127,0.5,0.25,0.0,92.79,
ERCOT,92.5,4,82,14,0,127,0.5,0.25,0.5,92.79,
ERCOT,92.5,4,82,14,0,127,0.5,0.5,0.0,92.79,
ERCOT,92.5,4,82,14,0,127,0.5,0.5,0.5,92.79,
ERCOT,92.5,4,82,14,0,127,0.5,0.75,0.0,92.79,
ERCOT,92.5,4,82,14,0,127,0.5,0.75,0.5,92.79,
ERCOT,92.5,4,82,14,0,127,0.5,1.0,0.0,92.79,
ERCOT,92.5,4,82,14,0,127,0.5,1.0,0.5,92.79,
ERCOT,92.5,4,83,13,0,212,0.0,0.0,2.0,92.5,
ERCOT,92.5,4,83,13,0,177,0.0,0.0,2.5,92.89,
ERCOT,92.5,4,83,13,0,152,0.0,0.25,0.0,93.2,
ERCOT,92.5,4,83,13,0,142,0.0,0.25,0.5,93.45,
ERCOT,92.5,4,83,13,0,132,0.0,0.25,1.0,92.69,
ERCOT,92.5,4,83,13,0,127,0.0,0.25,1.5,92.55,
ERCOT,92.5,4,83,13,0,127,0.0,0.25,2.0,93.4,
ERCOT,92.5,4,83,13,0,127,0.0,0.5,0.0,92.67,
ERCOT,92.5,4,83,13,0,127,0.0,0.5,0.5,92.67,
ERCOT,92.5,4,83,13,0,127,0.0,0.75,0.0,92.67,
ERCOT,92.5,4,83,13,0,127,0.0,0.75,0.5,92.67,
ERCOT,92.5,4,83,13,0,127,0.0,1.0,0.0,92.67,
ERCOT,92.5,4,83,13,0,127,0.0,1.0,0.5,92.67,
ERCOT,92.5,4,83,13,0,127,0.25,0.0,0.0,92.55,
ERCOT,92.5,4,83,13,0,127,0.25,0.0,0.5,92.55,
ERCOT,92.5,4,83,13,0,127,0.25,0.25,0.0,92.55,
ERCOT,92.5,4,83,13,0,127,0.25,0.25,0.5,92.55,
ERCOT,92.5,4,83,13,0,127,0.25,0.5,0.0,92.55,
ERCOT,92.5,4,83,13,0,127,0.25,0.5,0.5,92.55,
ERCOT,92.5,4,83,13,0,127,0.25,0.75,0.0,92.55,
ERCOT,92.5,4,83,13,0,127,0.25,0.75,0.5,92.55,
ERCOT,92.5,4,83,13,0,127,0.25,1.0,0.0,92.55,
ERCOT,92.5,4,83,13,0,127,0.25,1.0,0.5,92.55,
ERCOT,92.5,4,83,13,0,127,0.5,0.0,0.0,92.55,
ERCOT,92.5,4,83,13,0,127,0.5,0.0,0.5,92.55,
ERCOT,92.5,4,83,13,0,127,0.5,0.25,0.0,92.55,
ERCOT,92.5,4,83,13,0,127,0.5,0.25,0.5,92.55,
ERCOT,92.5,4,83,13,0,127,0.5,0.5,0.0,92.55,
ERCOT,92.5,4,83,13,0,127,0.5,0.5,0.5,92.55,
ERCOT,92.5,4,83,13,0,127,0.5,0.75,0.0,92.55,
ERCOT,92.5,4,83,13,0,127,0.5,0.75,0.5,92.55,
ERCOT,92.5,4,83,13,0,127,0.5,1.0,0.0,92.55,
ERCOT,92.5,4,83,13,0,127,0.5,1.0,0.5,92.55,
ERCOT,92.5,4,84,12,0,227,0.0,0.0,2.0,92.89,
ERCOT,92.5,4,84,12,0,182,0.0,0.0,2.5,92.69,
ERCOT,92.5,4,84,12,0,157,0.0,0.25,0.0,93.19,
ERCOT,92.5,4,84,12,0,142,0.0,0.25,0.5,92.89,
ERCOT,92.5,4,84,12,0,137,0.0,0.25,1.0,93.44,
ERCOT,92.5,4,84,12,0,132,0.0,0.25,1.5,93.49,
ERCOT,92.5,4,84,12,0,127,0.0,0.25,2.0,93.02,
ERCOT,92.5,4,84,12,0,127,0.0,0.25,2.5,93.58,
ERCOT,92.5,4,84,12,0,132,0.0,0.5,0.0,93.36,
ERCOT,92.5,4,84,12,0,132,0.0,0.5,0.5,93.36,
ERCOT,92.5,4,84,12,0,132,0.0,0.75,0.0,93.36,
ERCOT,92.5,4,84,12,0,132,0.0,0.75,0.5,93.36,
ERCOT,92.5,4,84,12,0,132,0.0,1.0,0.0,93.36,
ERCOT,92.5,4,84,12,0,132,0.0,1.0,0.5,93.36,
ERCOT,92.5,4,84,12,0,132,0.25,0.0,0.0,93.31,
ERCOT,92.5,4,84,12,0,132,0.25,0.0,0.5,93.32,
ERCOT,92.5,4,84,12,0,132,0.25,0.25,0.0,93.31,
ERCOT,92.5,4,84,12,0,132,0.25,0.25,0.5,93.31,
ERCOT,92.5,4,84,12,0,132,0.25,0.5,0.0,93.31,
ERCOT,92.5,4,84,12,0,132,0.25,0.5,0.5,93.31,
ERCOT,92.5,4,84,12,0,132,0.25,0.75,0.0,93.31,
ERCOT,92.5,4,84,12,0,132,0.25,0.75,0.5,93.31,
ERCOT,92.5,4,84,12,0,132,0.25,1.0,0.0,93.31,
ERCOT,92.5,4,84,12,0,132,0.25,1.0,0.5,93.31,
ERCOT,92.5,4,84,12,0,132,0.5,0.0,0.0,93.31,
ERCOT,92.5,4,84,12,0,132,0.5,0.0,0.5,93.31,
ERCOT,92.5,4,84,12,0,132,0.5,0.25,0.0,93.31,
ERCOT,92.5,4,84,12,0,132,0.5,0.25,0.5,93.31,
ERCOT,92.5,4,84,12,0,132,0.5,0.5,0.0,93.31,
ERCOT,92.5,4,84,12,0,132,0.5,0.5,0.5,93.31,
ERCOT,92.5,4,84,12,0,132,0.5,0.75,0.0,93.31,
ERCOT,92.5,4,84,12,0,132,0.5,0.75,0.5,93.31,
ERCOT,92.5,4,84,12,0,132,0.5,1.0,0.0,93.31,
ERCOT,92.5,4,84,12,0,132,0.5,1.0,0.5,93.31,
ERCOT,92.5,5,76,19,0,237,0.0,0.0,1.0,92.81,
ERCOT,92.5,5,76,19,0,197,0.0,0.0,1.5,92.9,
ERCOT,92.5,5,76,19,0,167,0.0,0.0,2.0,93.25,
ERCOT,92.5,5,76,19,0,152,0.0,0.0,2.5,93.64,
ERCOT,92.5,5,76,19,0,132,0.0,0.25,0.0,93.31,
ERCOT,92.5,5,76,19,0,127,0.0,0.25,0.5,93.32,
ERCOT,92.5,5,76,19,0,122,0.0,0.25,1.0,92.93,
ERCOT,92.5,5,76,19,0,122,0.0,0.25,1.5,93.65,
ERCOT,92.5,5,76,19,0,122,0.0,0.5,0.0,93.02,
ERCOT,92.5,5,76,19,0,122,0.0,0.5,0.5,93.02,
ERCOT,92.5,5,76,19,0,122,0.0,0.75,0.0,93.02,
ERCOT,92.5,5,76,19,0,122,0.0,0.75,0.5,93.02,
ERCOT,92.5,5,76,19,0,122,0.0,1.0,0.0,93.02,
ERCOT,92.5,5,76,19,0,122,0.0,1.0,0.5,93.02,
ERCOT,92.5,5,76,19,0,122,0.25,0.0,0.0,92.91,
ERCOT,92.5,5,76,19,0,122,0.25,0.0,0.5,92.91,
ERCOT,92.5,5,76,19,0,122,0.25,0.25,0.0,92.91,
ERCOT,92.5,5,76,19,0,122,0.25,0.25,0.5,92.91,
ERCOT,92.5,5,76,19,0,122,0.25,0.5,0.0,92.91,
ERCOT,92.5,5,76,19,0,122,0.25,0.5,0.5,92.91,
ERCOT,92.5,5,76,19,0,122,0.25,0.75,0.0,92.91,
ERCOT,92.5,5,76,19,0,122,0.25,0.75,0.5,92.91,
ERCOT,92.5,5,76,19,0,122,0.25,1.0,0.0,92.91,
ERCOT,92.5,5,76,19,0,122,0.25,1.0,0.5,92.91,
ERCOT,92.5,5,76,19,0,122,0.5,0.0,0.0,92.91,
ERCOT,92.5,5,76,19,0,122,0.5,0.0,0.5,92.91,
ERCOT,92.5,5,76,19,0,122,0.5,0.25,0.0,92.91,
ERCOT,92.5,5,76,19,0,122,0.5,0.25,0.5,92.91,
ERCOT,92.5,5,76,19,0,122,0.5,0.5,0.0,92.91,
ERCOT,92.5,5,76,19,0,122,0.5,0.5,0.5,92.91,
ERCOT,92.5,5,76,19,0,122,0.5,0.75,0.0,92.91,
ERCOT,92.5,5,76,19,0,122,0.5,0.75,0.5,92.91,
ERCOT,92.5,5,76,19,0,122,0.5,1.0,0.0,92.91,
ERCOT,92.5,5,76,19,0,122,0.5,1.0,0.5,92.91,
ERCOT,92.5,5,77,18,0,247,0.0,0.0,1.0,92.81,
ERCOT,92.5,5,77,18,0,202,0.0,0.0,1.5,92.54,
ERCOT,92.5,5,77,18,0,172,0.0,0.0,2.0,93.2,
ERCOT,92.5,5,77,18,0,152,0.0,0.0,2.5,92.99,
ERCOT,92.5,5,77,18,0,132,0.0,0.25,0.0,92.81,
ERCOT,92.5,5,77,18,0,127,0.0,0.25,0.5,92.89,
ERCOT,92.5,5,77,18,0,122,0.0,0.25,1.0,92.56,
ERCOT,92.5,5,77,18,0,122,0.0,0.25,1.5,93.34,
ERCOT,92.5,5,77,18,0,122,0.0,0.5,0.0,92.82,
ERCOT,92.5,5,77,18,0,122,0.0,0.5,0.5,92.82,
ERCOT,92.5,5,77,18,0,122,0.0,0.75,0.0,92.82,
ERCOT,92.5,5,77,18,0,122,0.0,0.75,0.5,92.82,
ERCOT,92.5,5,77,18,0,122,0.0,1.0,0.0,92.82,
ERCOT,92.5,5,77,18,0,122,0.0,1.0,0.5,92.82,
ERCOT,92.5,5,77,18,0,122,0.25,0.0,0.0,92.69,
ERCOT,92.5,5,77,18,0,122,0.25,0.0,0.5,92.69,
ERCOT,92.5,5,77,18,0,122,0.25,0.25,0.0,92.69,
ERCOT,92.5,5,77,18,0,122,0.25,0.25,0.5,92.69,
ERCOT,92.5,5,77,18,0,122,0.25,0.5,0.0,92.69,
ERCOT,92.5,5,77,18,0,122,0.25,0.5,0.5,92.69,
ERCOT,92.5,5,77,18,0,122,0.25,0.75,0.0,92.69,
ERCOT,92.5,5,77,18,0,122,0.25,0.75,0.5,92.69,
ERCOT,92.5,5,77,18,0,122,0.25,1.0,0.0,92.69,
ERCOT,92.5,5,77,18,0,122,0.25,1.0,0.5,92.69,
ERCOT,92.5,5,77,18,0,122,0.5,0.0,0.0,92.69,
ERCOT,92.5,5,77,18,0,122,0.5,0.0,0.5,92.69,
ERCOT,92.5,5,77,18,0,122,0.5,0.25,0.0,92.69,
ERCOT,92.5,5,77,18,0,122,0.5,0.25,0.5,92.69,
ERCOT,92.5,5,77,18,0,122,0.5,0.5,0.0,92.69,
ERCOT,92.5,5,77,18,0,122,0.5,0.5,0.5,92.69,
ERCOT,92.5,5,77,18,0,122,0.5,0.75,0.0,92.69,
ERCOT,92.5,5,77,18,0,122,0.5,0.75,0.5,92.69,
ERCOT,92.5,5,77,18,0,122,0.5,1.0,0.0,92.69,
ERCOT,92.5,5,77,18,0,122,0.5,1.0,0.5,92.69,
ERCOT,92.5,5,78,17,0,212,0.0,0.0,1.5,92.77,
ERCOT,92.5,5,78,17,0,177,0.0,0.0,2.0,93.06,
ERCOT,92.5,5,78,17,0,157,0.0,0.0,2.5,93.35,
ERCOT,92.5,5,78,17,0,137,0.0,0.25,0.0,93.39,
ERCOT,92.5,5,78,17,0,132,0.0,0.25,0.5,93.67,
ERCOT,92.5,5,78,17,0,127,0.0,0.25,1.0,93.6,
ERCOT,92.5,5,78,17,0,122,0.0,0.25,1.5,92.99,
ERCOT,92.5,5,78,17,0,122,0.0,0.25,2.0,93.54,
ERCOT,92.5,5,78,17,0,122,0.0,0.5,0.0,92.6,
ERCOT,92.5,5,78,17,0,122,0.0,0.5,0.5,92.6,
ERCOT,92.5,5,78,17,0,122,0.0,0.75,0.0,92.6,
ERCOT,92.5,5,78,17,0,122,0.0,0.75,0.5,92.6,
ERCOT,92.5,5,78,17,0,122,0.0,1.0,0.0,92.6,
ERCOT,92.5,5,78,17,0,122,0.0,1.0,0.5,92.6,
ERCOT,92.5,5,78,17,0,127,0.25,0.0,0.0,93.71,
ERCOT,92.5,5,78,17,0,127,0.25,0.0,0.5,93.71,
ERCOT,92.5,5,78,17,0,127,0.25,0.25,0.0,93.71,
ERCOT,92.5,5,78,17,0,127,0.25,0.25,0.5,93.71,
ERCOT,92.5,5,78,17,0,127,0.25,0.5,0.0,93.71,
ERCOT,92.5,5,78,17,0,127,0.25,0.5,0.5,93.71,
ERCOT,92.5,5,78,17,0,127,0.25,0.75,0.0,93.71,
ERCOT,92.5,5,78,17,0,127,0.25,0.75,0.5,93.71,
ERCOT,92.5,5,78,17,0,127,0.25,1.0,0.0,93.71,
ERCOT,92.5,5,78,17,0,127,0.25,1.0,0.5,93.71,
ERCOT,92.5,5,78,17,0,127,0.5,0.0,0.0,93.71,
ERCOT,92.5,5,78,17,0,127,0.5,0.0,0.5,93.71,
ERCOT,92.5,5,78,17,0,127,0.5,0.25,0.0,93.71,
ERCOT,92.5,5,78,17,0,127,0.5,0.25,0.5,93.71,
ERCOT,92.5,5,78,17,0,127,0.5,0.5,0.0,93.71,
ERCOT,92.5,5,78,17,0,127,0.5,0.5,0.5,93.71,
ERCOT,92.5,5,78,17,0,127,0.5,0.75,0.0,93.71,
ERCOT,92.5,5,78,17,0,127,0.5,0.75,0.5,93.71,
ERCOT,92.5,5,78,17,0,127,0.5,1.0,0.0,93.71,
ERCOT,92.5,5,78,17,0,127,0.5,1.0,0.5,93.71,
ERCOT,92.5,5,79,16,0,222,0.0,0.0,1.5,92.86,
ERCOT,92.5,5,79,16,0,182,0.0,0.0,2.0,92.85,
ERCOT,92.5,5,79,16,0,157,0.0,0.0,2.5,92.66,
ERCOT,92.5,5,79,16,0,137,0.0,0.25,0.0,92.87,
ERCOT,92.5,5,79,16,0,132,0.0,0.25,0.5,93.21,
ERCOT,92.5,5,79,16,0,127,0.0,0.25,1.0,93.17,
ERCOT,92.5,5,79,16,0,122,0.0,0.25,1.5,92.61,
ERCOT,92.5,5,79,16,0,122,0.0,0.25,2.0,93.23,
ERCOT,92.5,5,79,16,0,127,0.0,0.5,0.0,93.57,
ERCOT,92.5,5,79,16,0,127,0.0,0.5,0.5,93.57,
ERCOT,92.5,5,79,16,0,127,0.0,0.75,0.0,93.57,
ERCOT,92.5,5,79,16,0,127,0.0,0.75,0.5,93.57,
ERCOT,92.5,5,79,16,0,127,0.0,1.0,0.0,93.57,
ERCOT,92.5,5,79,16,0,127,0.0,1.0,0.5,93.57,
ERCOT,92.5,5,79,16,0,127,0.25,0.0,0.0,93.48,
ERCOT,92.5,5,79,16,0,127,0.25,0.0,0.5,93.48,
ERCOT,92.5,5,79,16,0,127,0.25,0.25,0.0,93.48,
ERCOT,92.5,5,79,16,0,127,0.25,0.25,0.5,93.48,
ERCOT,92.5,5,79,16,0,127,0.25,0.5,0.0,93.48,
ERCOT,92.5,5,79,16,0,127,0.25,0.5,0.5,93.48,
ERCOT,92.5,5,79,16,0,127,0.25,0.75,0.0,93.48,
ERCOT,92.5,5,79,16,0,127,0.25,0.75,0.5,93.48,
ERCOT,92.5,5,79,16,0,127,0.25,1.0,0.0,93.48,
ERCOT,92.5,5,79,16,0,127,0.25,1.0,0.5,93.48,
ERCOT,92.5,5,79,16,0,127,0.5,0.0,0.0,93.48,
ERCOT,92.5,5,79,16,0,127,0.5,0.0,0.5,93.48,
ERCOT,92.5,5,79,16,0,127,0.5,0.25,0.0,93.48,
ERCOT,92.5,5,79,16,0,127,0.5,0.25,0.5,93.48,
ERCOT,92.5,5,79,16,0,127,0.5,0.5,0.0,93.48,
ERCOT,92.5,5,79,16,0,127,0.5,0.5,0.5,93.48,
ERCOT,92.5,5,79,16,0,127,0.5,0.75,0.0,93.48,
ERCOT,92.5,5,79,16,0,127,0.5,0.75,0.5,93.48,
ERCOT,92.5,5,79,16,0,127,0.5,1.0,0.0,93.48,
ERCOT,92.5,5,79,16,0,127,0.5,1.0,0.5,93.48,
ERCOT,92.5,5,81,14,0,242,0.0,0.0,1.5,92.69,
ERCOT,92.5,5,81,14,0,197,0.0,0.0,2.0,92.82,
ERCOT,92.5,5,81,14,0,167,0.0,0.0,2.5,92.93,
ERCOT,92.5,5,81,14,0,142,0.0,0.25,0.0,92.72,
ERCOT,92.5,5,81,14,0,137,0.0,0.25,0.5,93.38,
ERCOT,92.5,5,81,14,0,132,0.0,0.25,1.0,93.63,
ERCOT,92.5,5,81,14,0,127,0.0,0.25,1.5,93.36,
ERCOT,92.5,5,81,14,0,122,0.0,0.25,2.0,92.55,
ERCOT,92.5,5,81,14,0,122,0.0,0.25,2.5,92.78,
ERCOT,92.5,5,81,14,0,127,0.0,0.5,0.0,93.11,
ERCOT,92.5,5,81,14,0,127,0.0,0.5,0.5,93.11,
ERCOT,92.5,5,81,14,0,127,0.0,0.75,0.0,93.11,
ERCOT,92.5,5,81,14,0,127,0.0,0.75,0.5,93.11,
ERCOT,92.5,5,81,14,0,127,0.0,1.0,0.0,93.11,
ERCOT,92.5,5,81,14,0,127,0.0,1.0,0.5,93.11,
ERCOT,92.5,5,81,14,0,127,0.25,0.0,0.0,93.01,
ERCOT,92.5,5,81,14,0,127,0.25,0.0,0.5,93.01,
ERCOT,92.5,5,81,14,0,127,0.25,0.25,0.0,93.01,
ERCOT,92.5,5,81,14,0,127,0.25,0.25,0.5,93.01,
ERCOT,92.5,5,81,14,0,127,0.25,0.5,0.0,93.01,
ERCOT,92.5,5,81,14,0,127,0.25,0.5,0.5,93.01,
ERCOT,92.5,5,81,14,0,127,0.25,0.75,0.0,93.01,
ERCOT,92.5,5,81,14,0,127,0.25,0.75,0.5,93.01,
ERCOT,92.5,5,81,14,0,127,0.25,1.0,0.0,93.01,
ERCOT,92.5,5,81,14,0,127,0.25,1.0,0.5,93.01,
ERCOT,92.5,5,81,14,0,127,0.5,0.0,0.0,93.01,
ERCOT,92.5,5,81,14,0,127,0.5,0.0,0.5,93.01,
ERCOT,92.5,5,81,14,0,127,0.5,0.25,0.0,93.01,
ERCOT,92.5,5,81,14,0,127,0.5,0.25,0.5,93.01,
ERCOT,92.5,5,81,14,0,127,0.5,0.5,0.0,93.01,
ERCOT,92.5,5,81,14,0,127,0.5,0.5,0.5,93.01,
ERCOT,92.5,5,81,14,0,127,0.5,0.75,0.0,93.01,
ERCOT,92.5,5,81,14,0,127,0.5,0.75,0.5,93.01,
ERCOT,92.5,5,81,14,0,127,0.5,1.0,0.0,93.01,
ERCOT,92.5,5,81,14,0,127,0.5,1.0,0.5,93.01,
ERCOT,92.5,5,82,13,0,207,0.0,0.0,2.0,92.94,
ERCOT,92.5,5,82,13,0,172,0.0,0.0,2.5,92.91,
ERCOT,92.5,5,82,13,0,147,0.0,0.25,0.0,93.01,
ERCOT,92.5,5,82,13,0,137,0.0,0.25,0.5,92.85,
ERCOT,92.5,5,82,13,0,132,0.0,0.25,1.0,93.15,
ERCOT,92.5,5,82,13,0,127,0.0,0.25,1.5,92.94,
ERCOT,92.5,5,82,13,0,127,0.0,0.25,2.0,93.71,
ERCOT,92.5,5,82,13,0,127,0.0,0.5,0.0,92.88,
ERCOT,92.5,5,82,13,0,127,0.0,0.5,0.5,92.88,
ERCOT,92.5,5,82,13,0,127,0.0,0.75,0.0,92.88,
ERCOT,92.5,5,82,13,0,127,0.0,0.75,0.5,92.88,
ERCOT,92.5,5,82,13,0,127,0.0,1.0,0.0,92.88,
ERCOT,92.5,5,82,13,0,127,0.0,1.0,0.5,92.88,
ERCOT,92.5,5,82,13,0,127,0.25,0.0,0.0,92.77,
ERCOT,92.5,5,82,13,0,127,0.25,0.0,0.5,92.77,
ERCOT,92.5,5,82,13,0,127,0.25,0.25,0.0,92.77,
ERCOT,92.5,5,82,13,0,127,0.25,0.25,0.5,92.77,
ERCOT,92.5,5,82,13,0,127,0.25,0.5,0.0,92.77,
ERCOT,92.5,5,82,13,0,127,0.25,0.5,0.5,92.77,
ERCOT,92.5,5,82,13,0,127,0.25,0.75,0.0,92.77,
ERCOT,92.5,5,82,13,0,127,0.25,0.75,0.5,92.77,
ERCOT,92.5,5,82,13,0,127,0.25,1.0,0.0,92.77,
ERCOT,92.5,5,82,13,0,127,0.25,1.0,0.5,92.77,
ERCOT,92.5,5,82,13,0,127,0.5,0.0,0.0,92.77,
ERCOT,92.5,5,82,13,0,127,0.5,0.0,0.5,92.77,
ERCOT,92.5,5,82,13,0,127,0.5,0.25,0.0,92.77,
ERCOT,92.5,5,82,13,0,127,0.5,0.25,0.5,92.77,
ERCOT,92.5,5,82,13,0,127,0.5,0.5,0.0,92.77,
ERCOT,92.5,5,82,13,0,127,0.5,0.5,0.5,92.77,
ERCOT,92.5,5,82,13,0,127,0.5,0.75,0.0,92.77,
ERCOT,92.5,5,82,13,0,127,0.5,0.75,0.5,92.77,
ERCOT,92.5,5,82,13,0,127,0.5,1.0,0.0,92.77,
ERCOT,92.5,5,82,13,0,127,0.5,1.0,0.5,92.77,
ERCOT,92.5,5,83,12,0,217,0.0,0.0,2.0,92.91,
ERCOT,92.5,5,83,12,0,177,0.0,0.0,2.5,92.8,
ERCOT,92.5,5,83,12,0,152,0.0,0.25,0.0,93.14,
ERCOT,92.5,5,83,12,0,142,0.0,0.25,0.5,93.41,
ERCOT,92.5,5,83,12,0,132,0.0,0.25,1.0,92.64,
ERCOT,92.5,5,83,12,0,127,0.0,0.25,1.5,92.51,
ERCOT,92.5,5,83,12,0,127,0.0,0.25,2.0,93.36,
ERCOT,92.5,5,83,12,0,127,0.0,0.5,0.0,92.65,
ERCOT,92.5,5,83,12,0,127,0.0,0.5,0.5,92.65,
ERCOT,92.5,5,83,12,0,127,0.0,0.75,0.0,92.65,
ERCOT,92.5,5,83,12,0,127,0.0,0.75,0.5,92.65,
ERCOT,92.5,5,83,12,0,127,0.0,1.0,0.0,92.65,
ERCOT,92.5,5,83,12,0,127,0.0,1.0,0.5,92.65,
ERCOT,92.5,5,83,12,0,127,0.25,0.0,0.0,92.52,
ERCOT,92.5,5,83,12,0,127,0.25,0.0,0.5,92.52,
ERCOT,92.5,5,83,12,0,127,0.25,0.25,0.0,92.52,
ERCOT,92.5,5,83,12,0,127,0.25,0.25,0.5,92.52,
ERCOT,92.5,5,83,12,0,127,0.25,0.5,0.0,92.52,
ERCOT,92.5,5,83,12,0,127,0.25,0.5,0.5,92.52,
ERCOT,92.5,5,83,12,0,127,0.25,0.75,0.0,92.52,
ERCOT,92.5,5,83,12,0,127,0.25,0.75,0.5,92.52,
ERCOT,92.5,5,83,12,0,127,0.25,1.0,0.0,92.52,
ERCOT,92.5,5,83,12,0,127,0.25,1.0,0.5,92.52,
ERCOT,92.5,5,83,12,0,127,0.5,0.0,0.0,92.52,
ERCOT,92.5,5,83,12,0,127,0.5,0.0,0.5,92.52,
ERCOT,92.5,5,83,12,0,127,0.5,0.25,0.0,92.52,
ERCOT,92.5,5,83,12,0,127,0.5,0.25,0.5,92.52,
ERCOT,92.5,5,83,12,0,127,0.5,0.5,0.0,92.52,
ERCOT,92.5,5,83,12,0,127,0.5,0.5,0.5,92.52,
ERCOT,92.5,5,83,12,0,127,0.5,0.75,0.0,92.52,
ERCOT,92.5,5,83,12,0,127,0.5,0.75,0.5,92.52,
ERCOT,92.5,5,83,12,0,127,0.5,1.0,0.0,92.52,
ERCOT,92.5,5,83,12,0,127,0.5,1.0,0.5,92.52,
ERCOT,92.5,5,84,11,0,227,0.0,0.0,2.0,92.76,
ERCOT,92.5,5,84,11,0,182,0.0,0.0,2.5,92.6,
ERCOT,92.5,5,84,11,0,157,0.0,0.25,0.0,93.13,
ERCOT,92.5,5,84,11,0,142,0.0,0.25,0.5,92.84,
ERCOT,92.5,5,84,11,0,137,0.0,0.25,1.0,93.39,
ERCOT,92.5,5,84,11,0,132,0.0,0.25,1.5,93.45,
ERCOT,92.5,5,84,11,0,127,0.0,0.25,2.0,92.98,
ERCOT,92.5,5,84,11,0,127,0.0,0.25,2.5,93.54,
ERCOT,92.5,5,84,11,0,132,0.0,0.5,0.0,93.34,
ERCOT,92.5,5,84,11,0,132,0.0,0.5,0.5,93.34,
ERCOT,92.5,5,84,11,0,132,0.0,0.75,0.0,93.34,
ERCOT,92.5,5,84,11,0,132,0.0,0.75,0.5,93.34,
ERCOT,92.5,5,84,11,0,132,0.0,1.0,0.0,93.34,
ERCOT,92.5,5,84,11,0,132,0.0,1.0,0.5,93.34,
ERCOT,92.5,5,84,11,0,132,0.25,0.0,0.0,93.28,
ERCOT,92.5,5,84,11,0,132,0.25,0.0,0.5,93.29,
ERCOT,92.5,5,84,11,0,132,0.25,0.25,0.0,93.28,
ERCOT,92.5,5,84,11,0,132,0.25,0.25,0.5,93.28,
ERCOT,92.5,5,84,11,0,132,0.25,0.5,0.0,93.28,
ERCOT,92.5,5,84,11,0,132,0.25,0.5,0.5,93.28,
ERCOT,92.5,5,84,11,0,132,0.25,0.75,0.0,93.28,
ERCOT,92.5,5,84,11,0,132,0.25,0.75,0.5,93.28,
ERCOT,92.5,5,84,11,0,132,0.25,1.0,0.0,93.28,
ERCOT,92.5,5,84,11,0,132,0.25,1.0,0.5,93.28,
ERCOT,92.5,5,84,11,0,132,0.5,0.0,0.0,93.28,
ERCOT,92.5,5,84,11,0,132,0.5,0.0,0.5,93.28,
ERCOT,92.5,5,84,11,0,132,0.5,0.25,0.0,93.28,
ERCOT,92.5,5,84,11,0,132,0.5,0.25,0.5,93.28,
ERCOT,92.5,5,84,11,0,132,0.5,0.5,0.0,93.28,
ERCOT,92.5,5,84,11,0,132,0.5,0.5,0.5,93.28,
ERCOT,92.5,5,84,11,0,132,0.5,0.75,0.0,93.28,
ERCOT,92.5,5,84,11,0,132,0.5,0.75,0.5,93.28,
ERCOT,92.5,5,84,11,0,132,0.5,1.0,0.0,93.28,
ERCOT,92.5,5,84,11,0,132,0.5,1.0,0.5,93.28,
ERCOT,92.5,61,35,4,0,142,0.0,0.0,0.0,93.94,
ERCOT,92.5,61,36,3,0,142,0.0,0.0,0.0,93.26,
ERCOT,92.5,61,37,2,0,142,0.0,0.0,0.0,92.51,
ERCOT,92.5,61,38,1,0,147,0.0,0.0,0.0,93.21,
ERCOT,92.5,61,39,0,0,152,0.0,0.0,0.0,93.82,
ERCOT,92.5,62,34,4,0,137,0.0,0.0,0.0,93.09,
ERCOT,92.5,62,35,3,0,142,0.0,0.0,0.0,93.86,
ERCOT,92.5,62,36,2,0,142,0.0,0.0,0.0,93.16,
ERCOT,92.5,62,37,1,0,147,0.0,0.0,0.0,93.84,
ERCOT,92.5,62,38,0,0,147,0.0,0.0,0.0,93.1,
ERCOT,92.5,63,33,4,0,137,0.0,0.0,0.0,93.67,
ERCOT,92.5,63,34,3,0,137,0.0,0.0,0.0,93.0,
ERCOT,92.5,63,35,2,0,142,0.0,0.0,0.0,93.77,
ERCOT,92.5,63,36,1,0,142,0.0,0.0,0.0,93.06,
ERCOT,92.5,63,37,0,0,147,0.0,0.0,0.0,93.74,
ERCOT,92.5,64,32,4,0,132,0.0,0.0,0.0,92.71,
ERCOT,92.5,64,33,3,0,137,0.0,0.0,0.0,93.59,
ERCOT,92.5,64,34,2,0,137,0.0,0.0,0.0,92.9,
ERCOT,92.5,64,35,1,0,142,0.0,0.0,0.0,93.67,
ERCOT,92.5,64,36,0,0,142,0.0,0.0,0.0,92.95,
ERCOT,92.5,65,31,4,0,132,0.0,0.0,0.0,93.29,
ERCOT,92.5,65,32,3,0,132,0.0,0.0,0.0,92.62,
ERCOT,92.5,65,33,2,0,137,0.0,0.0,0.0,93.5,
ERCOT,92.5,65,34,1,0,137,0.0,0.0,0.0,92.79,
ERCOT,92.5,66,31,3,0,132,0.0,0.0,0.0,93.21,
ERCOT,92.5,66,32,2,0,132,0.0,0.0,0.0,92.52,
ERCOT,92.5,66,33,1,0,137,0.0,0.0,0.0,93.41,
ERCOT,92.5,66,34,0,0,137,0.0,0.0,0.0,92.68,
ERCOT,92.5,67,31,2,0,132,0.0,0.0,0.0,93.12,
ERCOT,92.5,67,32,1,0,137,0.0,0.0,0.0,93.98,
ERCOT,92.5,67,33,0,0,137,0.0,0.0,0.0,93.3,
ERCOT,92.5,68,31,1,0,132,0.0,0.0,0.0,93.02,
ERCOT,92.5,68,32,0,0,137,0.0,0.0,0.0,93.89,
ERCOT,92.5,69,31,0,0,132,0.0,0.0,0.0,92.92,
ERCOT,92.5,81,15,4,0,112,0.0,0.0,0.0,93.9,
ERCOT,92.5,81,16,3,0,112,0.0,0.0,0.0,93.55,
ERCOT,92.5,81,17,2,0,112,0.0,0.0,0.0,93.13,
ERCOT,92.5,81,18,1,0,112,0.0,0.0,0.0,92.65,
ERCOT,92.5,81,19,0,0,117,0.0,0.0,0.0,94.05,
ERCOT,92.5,82,14,4,0,112,0.0,0.0,0.0,94.16,
ERCOT,92.5,82,15,3,0,112,0.0,0.0,0.0,93.86,
ERCOT,92.5,82,16,2,0,112,0.0,0.0,0.0,93.49,
ERCOT,92.5,82,17,1,0,112,0.0,0.0,0.0,93.06,
ERCOT,92.5,82,18,0,0,112,0.0,0.0,0.0,92.57,
ERCOT,92.5,83,13,4,0,112,0.0,0.0,0.0,94.37,
ERCOT,92.5,83,14,3,0,112,0.0,0.0,0.0,94.12,
ERCOT,92.5,83,15,2,0,112,0.0,0.0,0.0,93.81,
ERCOT,92.5,83,16,1,0,112,0.0,0.0,0.0,93.43,
ERCOT,92.5,83,17,0,0,112,0.0,0.0,0.0,92.99,
ERCOT,92.5,84,12,4,0,112,0.0,0.0,0.0,94.53,
ERCOT,92.5,84,13,3,0,112,0.0,0.0,0.0,94.34,
ERCOT,92.5,84,14,2,0,112,0.0,0.0,0.0,94.08,
ERCOT,92.5,84,15,1,0,112,0.0,0.0,0.0,93.75,
ERCOT,92.5,84,16,0,0,112,0.0,0.0,0.0,93.36,
ERCOT,92.5,85,11,4,0,112,0.0,0.0,0.0,94.65,
ERCOT,92.5,85,12,3,0,112,0.0,0.0,0.0,94.5,
ERCOT,92.5,85,13,2,0,112,0.0,0.0,0.0,94.3,
ERCOT,92.5,85,14,1,0,112,0.0,0.0,0.0,94.03,
ERCOT,92.5,16,75,9,0,237,0.0,0.0,1.0,92.62,
ERCOT,92.5,16,75,9,0,197,0.0,0.0,1.5,92.76,
ERCOT,92.5,16,75,9,0,167,0.0,0.0,2.0,93.11,
ERCOT,92.5,16,75,9,0,152,0.0,0.0,2.5,93.56,
ERCOT,92.5,16,75,9,0,132,0.0,0.25,0.0,93.43,
ERCOT,92.5,16,75,9,0,127,0.0,0.25,0.5,93.39,
ERCOT,92.5,16,75,9,0,122,0.0,0.25,1.0,92.98,
ERCOT,92.5,16,75,9,0,122,0.0,0.25,1.5,93.67,
ERCOT,92.5,16,75,9,0,122,0.0,0.5,0.0,93.08,
ERCOT,92.5,16,75,9,0,122,0.0,0.5,0.5,93.08,
ERCOT,92.5,16,75,9,0,122,0.0,0.75,0.0,93.08,
ERCOT,92.5,16,75,9,0,122,0.0,0.75,0.5,93.08,
ERCOT,92.5,16,75,9,0,122,0.0,1.0,0.0,93.08,
ERCOT,92.5,16,75,9,0,122,0.0,1.0,0.5,93.08,
ERCOT,92.5,16,75,9,0,122,0.25,0.0,0.0,92.92,
ERCOT,92.5,16,75,9,0,122,0.25,0.0,0.5,92.92,
ERCOT,92.5,16,75,9,0,122,0.25,0.25,0.0,92.92,
ERCOT,92.5,16,75,9,0,122,0.25,0.25,0.5,92.92,
ERCOT,92.5,16,75,9,0,122,0.25,0.5,0.0,92.92,
ERCOT,92.5,16,75,9,0,122,0.25,0.5,0.5,92.92,
ERCOT,92.5,16,75,9,0,122,0.25,0.75,0.0,92.92,
ERCOT,92.5,16,75,9,0,122,0.25,0.75,0.5,92.92,
ERCOT,92.5,16,75,9,0,122,0.25,1.0,0.0,92.92,
ERCOT,92.5,16,75,9,0,122,0.25,1.0,0.5,92.92,
ERCOT,92.5,16,75,9,0,122,0.5,0.0,0.0,92.92,
ERCOT,92.5,16,75,9,0,122,0.5,0.0,0.5,92.92,
ERCOT,92.5,16,75,9,0,122,0.5,0.25,0.0,92.92,
ERCOT,92.5,16,75,9,0,122,0.5,0.25,0.5,92.92,
ERCOT,92.5,16,75,9,0,122,0.5,0.5,0.0,92.92,
ERCOT,92.5,16,75,9,0,122,0.5,0.5,0.5,92.92,
ERCOT,92.5,16,75,9,0,122,0.5,0.75,0.0,92.92,
ERCOT,92.5,16,75,9,0,122,0.5,0.75,0.5,92.92,
ERCOT,92.5,16,75,9,0,122,0.5,1.0,0.0,92.92,
ERCOT,92.5,16,75,9,0,122,0.5,1.0,0.5,92.92,
ERCOT,92.5,17,75,8,0,242,0.0,0.0,1.0,93.16,
ERCOT,92.5,17,75,8,0,197,0.0,0.0,1.5,92.65,
ERCOT,92.5,17,75,8,0,167,0.0,0.0,2.0,93.02,
ERCOT,92.5,17,75,8,0,152,0.0,0.0,2.5,93.49,
ERCOT,92.5,17,75,8,0,132,0.0,0.25,0.0,93.39,
ERCOT,92.5,17,75,8,0,127,0.0,0.25,0.5,93.35,
ERCOT,92.5,17,75,8,0,122,0.0,0.25,1.0,92.93,
ERCOT,92.5,17,75,8,0,122,0.0,0.25,1.5,93.62,
ERCOT,92.5,17,75,8,0,122,0.0,0.5,0.0,93.05,
ERCOT,92.5,17,75,8,0,122,0.0,0.5,0.5,93.05,
ERCOT,92.5,17,75,8,0,122,0.0,0.75,0.0,93.05,
ERCOT,92.5,17,75,8,0,122,0.0,0.75,0.5,93.05,
ERCOT,92.5,17,75,8,0,122,0.0,1.0,0.0,93.05,
ERCOT,92.5,17,75,8,0,122,0.0,1.0,0.5,93.05,
ERCOT,92.5,17,75,8,0,122,0.25,0.0,0.0,92.89,
ERCOT,92.5,17,75,8,0,122,0.25,0.0,0.5,92.89,
ERCOT,92.5,17,75,8,0,122,0.25,0.25,0.0,92.89,
ERCOT,92.5,17,75,8,0,122,0.25,0.25,0.5,92.89,
ERCOT,92.5,17,75,8,0,122,0.25,0.5,0.0,92.89,
ERCOT,92.5,17,75,8,0,122,0.25,0.5,0.5,92.89,
ERCOT,92.5,17,75,8,0,122,0.25,0.75,0.0,92.89,
ERCOT,92.5,17,75,8,0,122,0.25,0.75,0.5,92.89,
ERCOT,92.5,17,75,8,0,122,0.25,1.0,0.0,92.89,
ERCOT,92.5,17,75,8,0,122,0.25,1.0,0.5,92.89,
ERCOT,92.5,17,75,8,0,122,0.5,0.0,0.0,92.89,
ERCOT,92.5,17,75,8,0,122,0.5,0.0,0.5,92.89,
ERCOT,92.5,17,75,8,0,122,0.5,0.25,0.0,92.89,
ERCOT,92.5,17,75,8,0,122,0.5,0.25,0.5,92.89,
ERCOT,92.5,17,75,8,0,122,0.5,0.5,0.0,92.89,
ERCOT,92.5,17,75,8,0,122,0.5,0.5,0.5,92.89,
ERCOT,92.5,17,75,8,0,122,0.5,0.75,0.0,92.89,
ERCOT,92.5,17,75,8,0,122,0.5,0.75,0.5,92.89,
ERCOT,92.5,17,75,8,0,122,0.5,1.0,0.0,92.89,
ERCOT,92.5,17,75,8,0,122,0.5,1.0,0.5,92.89,
ERCOT,92.5,18,75,7,0,242,0.0,0.0,1.0,93.0,
ERCOT,92.5,18,75,7,0,197,0.0,0.0,1.5,92.53,
ERCOT,92.5,18,75,7,0,167,0.0,0.0,2.0,92.93,
ERCOT,92.5,18,75,7,0,152,0.0,0.0,2.5,93.42,
ERCOT,92.5,18,75,7,0,132,0.0,0.25,0.0,93.34,
ERCOT,92.5,18,75,7,0,127,0.0,0.25,0.5,93.31,
ERCOT,92.5,18,75,7,0,122,0.0,0.25,1.0,92.87,
ERCOT,92.5,18,75,7,0,122,0.0,0.25,1.5,93.57,
ERCOT,92.5,18,75,7,0,122,0.0,0.5,0.0,93.02,
ERCOT,92.5,18,75,7,0,122,0.0,0.5,0.5,93.02,
ERCOT,92.5,18,75,7,0,122,0.0,0.75,0.0,93.02,
ERCOT,92.5,18,75,7,0,122,0.0,0.75,0.5,93.02,
ERCOT,92.5,18,75,7,0,122,0.0,1.0,0.0,93.02,
ERCOT,92.5,18,75,7,0,122,0.0,1.0,0.5,93.02,
ERCOT,92.5,18,75,7,0,122,0.25,0.0,0.0,92.86,
ERCOT,92.5,18,75,7,0,122,0.25,0.0,0.5,92.86,
ERCOT,92.5,18,75,7,0,122,0.25,0.25,0.0,92.86,
ERCOT,92.5,18,75,7,0,122,0.25,0.25,0.5,92.86,
ERCOT,92.5,18,75,7,0,122,0.25,0.5,0.0,92.86,
ERCOT,92.5,18,75,7,0,122,0.25,0.5,0.5,92.86,
ERCOT,92.5,18,75,7,0,122,0.25,0.75,0.0,92.86,
ERCOT,92.5,18,75,7,0,122,0.25,0.75,0.5,92.86,
ERCOT,92.5,18,75,7,0,122,0.25,1.0,0.0,92.86,
ERCOT,92.5,18,75,7,0,122,0.25,1.0,0.5,92.86,
ERCOT,92.5,18,75,7,0,122,0.5,0.0,0.0,92.86,
ERCOT,92.5,18,75,7,0,122,0.5,0.0,0.5,92.86,
ERCOT,92.5,18,75,7,0,122,0.5,0.25,0.0,92.86,
ERCOT,92.5,18,75,7,0,122,0.5,0.25,0.5,92.86,
ERCOT,92.5,18,75,7,0,122,0.5,0.5,0.0,92.86,
ERCOT,92.5,18,75,7,0,122,0.5,0.5,0.5,92.86,
ERCOT,92.5,18,75,7,0,122,0.5,0.75,0.0,92.86,
ERCOT,92.5,18,75,7,0,122,0.5,0.75,0.5,92.86,
ERCOT,92.5,18,75,7,0,122,0.5,1.0,0.0,92.86,
ERCOT,92.5,18,75,7,0,122,0.5,1.0,0.5,92.86,
ERCOT,92.5,19,75,6,0,242,0.0,0.0,1.0,92.83,
ERCOT,92.5,19,75,6,0,202,0.0,0.0,1.5,93.13,
ERCOT,92.5,19,75,6,0,167,0.0,0.0,2.0,92.84,
ERCOT,92.5,19,75,6,0,152,0.0,0.0,2.5,93.35,
ERCOT,92.5,19,75,6,0,132,0.0,0.25,0.0,93.29,
ERCOT,92.5,19,75,6,0,127,0.0,0.25,0.5,93.27,
ERCOT,92.5,19,75,6,0,122,0.0,0.25,1.0,92.81,
ERCOT,92.5,19,75,6,0,122,0.0,0.25,1.5,93.52,
ERCOT,92.5,19,75,6,0,122,0.0,0.5,0.0,92.98,
ERCOT,92.5,19,75,6,0,122,0.0,0.5,0.5,92.98,
ERCOT,92.5,19,75,6,0,122,0.0,0.75,0.0,92.98,
ERCOT,92.5,19,75,6,0,122,0.0,0.75,0.5,92.98,
ERCOT,92.5,19,75,6,0,122,0.0,1.0,0.0,92.98,
ERCOT,92.5,19,75,6,0,122,0.0,1.0,0.5,92.98,
ERCOT,92.5,19,75,6,0,122,0.25,0.0,0.0,92.82,
ERCOT,92.5,19,75,6,0,122,0.25,0.0,0.5,92.82,
ERCOT,92.5,19,75,6,0,122,0.25,0.25,0.0,92.82,
ERCOT,92.5,19,75,6,0,122,0.25,0.25,0.5,92.82,
ERCOT,92.5,19,75,6,0,122,0.25,0.5,0.0,92.82,
ERCOT,92.5,19,75,6,0,122,0.25,0.5,0.5,92.82,
ERCOT,92.5,19,75,6,0,122,0.25,0.75,0.0,92.82,
ERCOT,92.5,19,75,6,0,122,0.25,0.75,0.5,92.82,
ERCOT,92.5,19,75,6,0,122,0.25,1.0,0.0,92.82,
ERCOT,92.5,19,75,6,0,122,0.25,1.0,0.5,92.82,
ERCOT,92.5,19,75,6,0,122,0.5,0.0,0.0,92.82,
ERCOT,92.5,19,75,6,0,122,0.5,0.0,0.5,92.82,
ERCOT,92.5,19,75,6,0,122,0.5,0.25,0.0,92.82,
ERCOT,92.5,19,75,6,0,122,0.5,0.25,0.5,92.82,
ERCOT,92.5,19,75,6,0,122,0.5,0.5,0.0,92.82,
ERCOT,92.5,19,75,6,0,122,0.5,0.5,0.5,92.82,
ERCOT,92.5,19,75,6,0,122,0.5,0.75,0.0,92.82,
ERCOT,92.5,19,75,6,0,122,0.5,0.75,0.5,92.82,
ERCOT,92.5,19,75,6,0,122,0.5,1.0,0.0,92.82,
ERCOT,92.5,19,75,6,0,122,0.5,1.0,0.5,92.82,
ERCOT,92.5,20,76,4,0,207,0.0,0.0,1.5,92.57,
ERCOT,92.5,20,76,4,0,172,0.0,0.0,2.0,92.68,
ERCOT,92.5,20,76,4,0,152,0.0,0.0,2.5,92.6,
ERCOT,92.5,20,76,4,0,132,0.0,0.25,0.0,92.69,
ERCOT,92.5,20,76,4,0,127,0.0,0.25,0.5,92.75,
ERCOT,92.5,20,76,4,0,127,0.0,0.25,1.0,93.89,
ERCOT,92.5,20,76,4,0,122,0.0,0.5,0.0,92.68,
ERCOT,92.5,20,76,4,0,122,0.0,0.5,0.5,92.68,
ERCOT,92.5,20,76,4,0,122,0.0,0.75,0.0,92.68,
ERCOT,92.5,20,76,4,0,122,0.0,0.75,0.5,92.68,
ERCOT,92.5,20,76,4,0,122,0.0,1.0,0.0,92.68,
ERCOT,92.5,20,76,4,0,122,0.0,1.0,0.5,92.68,
ERCOT,92.5,20,76,4,0,127,0.25,0.0,0.0,93.82,
ERCOT,92.5,20,76,4,0,127,0.25,0.0,0.5,93.82,
ERCOT,92.5,20,76,4,0,127,0.25,0.25,0.0,93.82,
ERCOT,92.5,20,76,4,0,127,0.25,0.25,0.5,93.82,
ERCOT,92.5,20,76,4,0,127,0.25,0.5,0.0,93.82,
ERCOT,92.5,20,76,4,0,127,0.25,0.5,0.5,93.82,
ERCOT,92.5,20,76,4,0,127,0.25,0.75,0.0,93.82,
ERCOT,92.5,20,76,4,0,127,0.25,0.75,0.5,93.82,
ERCOT,92.5,20,76,4,0,127,0.25,1.0,0.0,93.82,
ERCOT,92.5,20,76,4,0,127,0.25,1.0,0.5,93.82,
ERCOT,92.5,20,76,4,0,127,0.5,0.0,0.0,93.82,
ERCOT,92.5,20,76,4,0,127,0.5,0.0,0.5,93.82,
ERCOT,92.5,20,76,4,0,127,0.5,0.25,0.0,93.82,
ERCOT,92.5,20,76,4,0,127,0.5,0.25,0.5,93.82,
ERCOT,92.5,20,76,4,0,127,0.5,0.5,0.0,93.82,
ERCOT,92.5,20,76,4,0,127,0.5,0.5,0.5,93.82,
ERCOT,92.5,20,76,4,0,127,0.5,0.75,0.0,93.82,
ERCOT,92.5,20,76,4,0,127,0.5,0.75,0.5,93.82,
ERCOT,92.5,20,76,4,0,127,0.5,1.0,0.0,93.82,
ERCOT,92.5,20,76,4,0,127,0.5,1.0,0.5,93.82,
ERCOT,92.5,20,77,3,0,217,0.0,0.0,1.5,92.72,
ERCOT,92.5,20,77,3,0,177,0.0,0.0,2.0,92.53,
ERCOT,92.5,20,77,3,0,157,0.0,0.0,2.5,92.95,
ERCOT,92.5,20,77,3,0,137,0.0,0.25,0.0,93.28,
ERCOT,92.5,20,77,3,0,132,0.0,0.25,0.5,93.53,
ERCOT,92.5,20,77,3,0,127,0.0,0.25,1.0,93.47,
ERCOT,92.5,20,77,3,0,122,0.0,0.25,1.5,92.64,
ERCOT,92.5,20,77,3,0,122,0.0,0.25,2.0,93.14,
ERCOT,92.5,20,77,3,0,127,0.0,0.5,0.0,93.69,
ERCOT,92.5,20,77,3,0,127,0.0,0.5,0.5,93.69,
ERCOT,92.5,20,77,3,0,127,0.0,0.75,0.0,93.69,
ERCOT,92.5,20,77,3,0,127,0.0,0.75,0.5,93.69,
ERCOT,92.5,20,77,3,0,127,0.0,1.0,0.0,93.69,
ERCOT,92.5,20,77,3,0,127,0.0,1.0,0.5,93.69,
ERCOT,92.5,20,77,3,0,127,0.25,0.0,0.0,93.55,
ERCOT,92.5,20,77,3,0,127,0.25,0.0,0.5,93.55,
ERCOT,92.5,20,77,3,0,127,0.25,0.25,0.0,93.55,
ERCOT,92.5,20,77,3,0,127,0.25,0.25,0.5,93.55,
ERCOT,92.5,20,77,3,0,127,0.25,0.5,0.0,93.55,
ERCOT,92.5,20,77,3,0,127,0.25,0.5,0.5,93.55,
ERCOT,92.5,20,77,3,0,127,0.25,0.75,0.0,93.55,
ERCOT,92.5,20,77,3,0,127,0.25,0.75,0.5,93.55,
ERCOT,92.5,20,77,3,0,127,0.25,1.0,0.0,93.55,
ERCOT,92.5,20,77,3,0,127,0.25,1.0,0.5,93.55,
ERCOT,92.5,20,77,3,0,127,0.5,0.0,0.0,93.55,
ERCOT,92.5,20,77,3,0,127,0.5,0.0,0.5,93.55,
ERCOT,92.5,20,77,3,0,127,0.5,0.25,0.0,93.55,
ERCOT,92.5,20,77,3,0,127,0.5,0.25,0.5,93.55,
ERCOT,92.5,20,77,3,0,127,0.5,0.5,0.0,93.55,
ERCOT,92.5,20,77,3,0,127,0.5,0.5,0.5,93.55,
ERCOT,92.5,20,77,3,0,127,0.5,0.75,0.0,93.55,
ERCOT,92.5,20,77,3,0,127,0.5,0.75,0.5,93.55,
ERCOT,92.5,20,77,3,0,127,0.5,1.0,0.0,93.55,
ERCOT,92.5,20,77,3,0,127,0.5,1.0,0.5,93.55,
ERCOT,92.5,20,78,2,0,227,0.0,0.0,1.5,92.75,
ERCOT,92.5,20,78,2,0,187,0.0,0.0,2.0,92.96,
ERCOT,92.5,20,78,2,0,162,0.0,0.0,2.5,93.16,
ERCOT,92.5,20,78,2,0,137,0.0,0.25,0.0,92.69,
ERCOT,92.5,20,78,2,0,132,0.0,0.25,0.5,93.03,
ERCOT,92.5,20,78,2,0,127,0.0,0.25,1.0,92.98,
ERCOT,92.5,20,78,2,0,127,0.0,0.25,1.5,93.95,
ERCOT,92.5,20,78,2,0,127,0.0,0.5,0.0,93.42,
ERCOT,92.5,20,78,2,0,127,0.0,0.5,0.5,93.42,
ERCOT,92.5,20,78,2,0,127,0.0,0.75,0.0,93.42,
ERCOT,92.5,20,78,2,0,127,0.0,0.75,0.5,93.42,
ERCOT,92.5,20,78,2,0,127,0.0,1.0,0.0,93.42,
ERCOT,92.5,20,78,2,0,127,0.0,1.0,0.5,93.42,
ERCOT,92.5,20,78,2,0,127,0.25,0.0,0.0,93.28,
ERCOT,92.5,20,78,2,0,127,0.25,0.0,0.5,93.28,
ERCOT,92.5,20,78,2,0,127,0.25,0.25,0.0,93.28,
ERCOT,92.5,20,78,2,0,127,0.25,0.25,0.5,93.28,
ERCOT,92.5,20,78,2,0,127,0.25,0.5,0.0,93.28,
ERCOT,92.5,20,78,2,0,127,0.25,0.5,0.5,93.28,
ERCOT,92.5,20,78,2,0,127,0.25,0.75,0.0,93.28,
ERCOT,92.5,20,78,2,0,127,0.25,0.75,0.5,93.28,
ERCOT,92.5,20,78,2,0,127,0.25,1.0,0.0,93.28,
ERCOT,92.5,20,78,2,0,127,0.25,1.0,0.5,93.28,
ERCOT,92.5,20,78,2,0,127,0.5,0.0,0.0,93.28,
ERCOT,92.5,20,78,2,0,127,0.5,0.0,0.5,93.28,
ERCOT,92.5,20,78,2,0,127,0.5,0.25,0.0,93.28,
ERCOT,92.5,20,78,2,0,127,0.5,0.25,0.5,93.28,
ERCOT,92.5,20,78,2,0,127,0.5,0.5,0.0,93.28,
ERCOT,92.5,20,78,2,0,127,0.5,0.5,0.5,93.28,
ERCOT,92.5,20,78,2,0,127,0.5,0.75,0.0,93.28,
ERCOT,92.5,20,78,2,0,127,0.5,0.75,0.5,93.28,
ERCOT,92.5,20,78,2,0,127,0.5,1.0,0.0,93.28,
ERCOT,92.5,20,78,2,0,127,0.5,1.0,0.5,93.28,
ERCOT,92.5,20,79,1,0,237,0.0,0.0,1.5,92.64,
ERCOT,92.5,20,79,1,0,192,0.0,0.0,2.0,92.63,
ERCOT,92.5,20,79,1,0,167,0.0,0.0,2.5,93.26,
ERCOT,92.5,20,79,1,0,142,0.0,0.25,0.0,93.13,
ERCOT,92.5,20,79,1,0,137,0.0,0.25,0.5,93.69,
ERCOT,92.5,20,79,1,0,132,0.0,0.25,1.0,93.91,
ERCOT,92.5,20,79,1,0,127,0.0,0.25,1.5,93.55,
ERCOT,92.5,20,79,1,0,127,0.0,0.25,2.0,94.21,
ERCOT,92.5,20,79,1,0,127,0.0,0.5,0.0,93.14,
ERCOT,92.5,20,79,1,0,127,0.0,0.5,0.5,93.14,
ERCOT,92.5,20,79,1,0,127,0.0,0.75,0.0,93.14,
ERCOT,92.5,20,79,1,0,127,0.0,0.75,0.5,93.14,
ERCOT,92.5,20,79,1,0,127,0.0,1.0,0.0,93.14,
ERCOT,92.5,20,79,1,0,127,0.0,1.0,0.5,93.14,
ERCOT,92.5,20,79,1,0,127,0.25,0.0,0.0,92.99,
ERCOT,92.5,20,79,1,0,127,0.25,0.0,0.5,92.99,
ERCOT,92.5,20,79,1,0,127,0.25,0.25,0.0,92.99,
ERCOT,92.5,20,79,1,0,127,0.25,0.25,0.5,92.99,
ERCOT,92.5,20,79,1,0,127,0.25,0.5,0.0,92.99,
ERCOT,92.5,20,79,1,0,127,0.25,0.5,0.5,92.99,
ERCOT,92.5,20,79,1,0,127,0.25,0.75,0.0,92.99,
ERCOT,92.5,20,79,1,0,127,0.25,0.75,0.5,92.99,
ERCOT,92.5,20,79,1,0,127,0.25,1.0,0.0,92.99,
ERCOT,92.5,20,79,1,0,127,0.25,1.0,0.5,92.99,
ERCOT,92.5,20,79,1,0,127,0.5,0.0,0.0,92.99,
ERCOT,92.5,20,79,1,0,127,0.5,0.0,0.5,92.99,
ERCOT,92.5,20,79,1,0,127,0.5,0.25,0.0,92.99,
ERCOT,92.5,20,79,1,0,127,0.5,0.25,0.5,92.99,
ERCOT,92.5,20,79,1,0,127,0.5,0.5,0.0,92.99,
ERCOT,92.5,20,79,1,0,127,0.5,0.5,0.5,92.99,
ERCOT,92.5,20,79,1,0,127,0.5,0.75,0.0,92.99,
ERCOT,92.5,20,79,1,0,127,0.5,0.75,0.5,92.99,
ERCOT,92.5,20,79,1,0,127,0.5,1.0,0.0,92.99,
ERCOT,92.5,20,79,1,0,127,0.5,1.0,0.5,92.99,
ERCOT,92.5,31,60,9,0,217,0.0,0.0,0.0,92.62,
ERCOT,92.5,31,61,8,0,227,0.0,0.0,0.0,93.31,
ERCOT,92.5,31,62,7,0,232,0.0,0.0,0.0,93.09,
ERCOT,92.5,31,63,6,0,237,0.0,0.0,0.0,92.8,
ERCOT,92.5,31,64,5,0,247,0.0,0.0,0.0,93.25,
ERCOT,92.5,32,59,9,0,212,0.0,0.0,0.0,92.64,
ERCOT,92.5,32,60,8,0,217,0.0,0.0,0.0,92.52,
ERCOT,92.5,32,61,7,0,227,0.0,0.0,0.0,93.21,
ERCOT,92.5,32,62,6,0,232,0.0,0.0,0.0,92.97,
ERCOT,92.5,32,63,5,0,237,0.0,0.0,0.0,92.67,
ERCOT,92.5,32,64,4,0,247,0.0,0.0,0.0,93.11,
ERCOT,92.5,33,58,9,0,207,0.0,0.0,0.0,92.62,
ERCOT,92.5,33,59,8,0,212,0.0,0.0,0.0,92.54,
ERCOT,92.5,33,60,7,0,222,0.0,0.0,0.0,93.3,
ERCOT,92.5,33,61,6,0,227,0.0,0.0,0.0,93.1,
ERCOT,92.5,33,62,5,0,232,0.0,0.0,0.0,92.85,
ERCOT,92.5,33,63,4,0,237,0.0,0.0,0.0,92.52,
ERCOT,92.5,33,64,3,0,247,0.0,0.0,0.0,92.96,
ERCOT,92.5,34,57,9,0,202,0.0,0.0,0.0,92.55,
ERCOT,92.5,34,58,8,0,207,0.0,0.0,0.0,92.52,
ERCOT,92.5,34,59,7,0,217,0.0,0.0,0.0,93.34,
ERCOT,92.5,34,60,6,0,222,0.0,0.0,0.0,93.19,
ERCOT,92.5,34,61,5,0,227,0.0,0.0,0.0,92.98,
ERCOT,92.5,34,62,4,0,232,0.0,0.0,0.0,92.71,
ERCOT,92.5,34,63,3,0,242,0.0,0.0,0.0,93.21,
ERCOT,92.5,34,64,2,0,247,0.0,0.0,0.0,92.79,
ERCOT,92.5,35,56,9,0,202,0.0,0.0,0.0,93.39,
ERCOT,92.5,35,57,8,0,207,0.0,0.0,0.0,93.39,
ERCOT,92.5,35,58,7,0,212,0.0,0.0,0.0,93.34,
ERCOT,92.5,35,59,6,0,217,0.0,0.0,0.0,93.24,
ERCOT,92.5,35,61,4,0,227,0.0,0.0,0.0,92.85,
ERCOT,92.5,35,62,3,0,232,0.0,0.0,0.0,92.55,
ERCOT,92.5,35,63,2,0,242,0.0,0.0,0.0,93.05,
ERCOT,92.5,35,64,1,0,247,0.0,0.0,0.0,92.6,
ERCOT,92.5,36,56,8,0,202,0.0,0.0,0.0,93.31,
ERCOT,92.5,36,57,7,0,207,0.0,0.0,0.0,93.3,
ERCOT,92.5,36,58,6,0,212,0.0,0.0,0.0,93.24,
ERCOT,92.5,36,59,5,0,217,0.0,0.0,0.0,93.12,
ERCOT,92.5,36,60,4,0,222,0.0,0.0,0.0,92.94,
ERCOT,92.5,36,61,3,0,227,0.0,0.0,0.0,92.7,
ERCOT,92.5,36,62,2,0,237,0.0,0.0,0.0,93.27,
ERCOT,92.5,36,63,1,0,242,0.0,0.0,0.0,92.87,
ERCOT,92.5,37,56,7,0,202,0.0,0.0,0.0,93.22,
ERCOT,92.5,37,57,6,0,207,0.0,0.0,0.0,93.2,
ERCOT,92.5,37,58,5,0,212,0.0,0.0,0.0,93.13,
ERCOT,92.5,37,59,4,0,217,0.0,0.0,0.0,92.99,
ERCOT,92.5,37,60,3,0,222,0.0,0.0,0.0,92.8,
ERCOT,92.5,37,61,2,0,227,0.0,0.0,0.0,92.53,
ERCOT,92.5,37,62,1,0,237,0.0,0.0,0.0,93.1,
ERCOT,92.5,38,56,6,0,202,0.0,0.0,0.0,93.11,
ERCOT,92.5,38,57,5,0,207,0.0,0.0,0.0,93.09,
ERCOT,92.5,38,58,4,0,212,0.0,0.0,0.0,93.0,
ERCOT,92.5,38,59,3,0,217,0.0,0.0,0.0,92.85,
ERCOT,92.5,38,60,2,0,222,0.0,0.0,0.0,92.64,
ERCOT,92.5,38,61,1,0,232,0.0,0.0,0.0,93.27,
ERCOT,92.5,39,56,5,0,202,0.0,0.0,0.0,93.0,
ERCOT,92.5,39,57,4,0,207,0.0,0.0,0.0,92.96,
ERCOT,92.5,39,58,3,0,212,0.0,0.0,0.0,92.86,
ERCOT,92.5,39,59,2,0,217,0.0,0.0,0.0,92.7,
ERCOT,92.5,39,60,1,0,227,0.0,0.0,0.0,93.4,
ERCOT,92.5,91,5,4,0,112,0.0,0.0,0.0,94.43,
ERCOT,92.5,92,4,4,0,112,0.0,0.0,0.0,94.25,
ERCOT,92.5,92,5,3,0,112,0.0,0.0,0.0,94.43,
ERCOT,92.5,93,3,4,0,112,0.0,0.0,0.0,94.04,
ERCOT,92.5,93,4,3,0,112,0.0,0.0,0.0,94.26,
ERCOT,92.5,93,5,2,0,112,0.0,0.0,0.0,94.44,
ERCOT,92.5,94,2,4,0,112,0.0,0.0,0.0,93.79,
ERCOT,92.5,94,3,3,0,112,0.0,0.0,0.0,94.05,
ERCOT,92.5,94,4,2,0,112,0.0,0.0,0.0,94.26,
ERCOT,92.5,94,5,1,0,112,0.0,0.0,0.0,94.44,
ERCOT,92.5,95,1,4,0,112,0.0,0.0,0.0,93.53,
ERCOT,92.5,95,2,3,0,112,0.0,0.0,0.0,93.81,
ERCOT,92.5,95,3,2,0,112,0.0,0.0,0.0,94.05,
ERCOT,92.5,95,4,1,0,112,0.0,0.0,0.0,94.26,
ERCOT,92.5,96,1,3,0,112,0.0,0.0,0.0,93.54,
ERCOT,92.5,96,2,2,0,112,0.0,0.0,0.0,93.81,
ERCOT,92.5,96,3,1,0,112,0.0,0.0,0.0,94.06,
ERCOT,92.5,96,4,0,0,112,0.0,0.0,0.0,94.26,
ERCOT,92.5,97,1,2,0,112,0.0,0.0,0.0,93.54,
ERCOT,92.5,97,2,1,0,112,0.0,0.0,0.0,93.82,
ERCOT,92.5,97,3,0,0,112,0.0,0.0,0.0,94.06,
ERCOT,92.5,98,1,1,0,112,0.0,0.0,0.0,93.55,
ERCOT,92.5,98,2,0,0,112,0.0,0.0,0.0,93.82,
ERCOT,92.5,99,1,0,0,112,0.0,0.0,0.0,93.55,
ERCOT,92.5,16,65,19,0,242,0.0,0.0,0.0,92.51,
ERCOT,92.5,16,66,18,0,250,0.0,0.0,0.0,92.63,
ERCOT,92.5,16,67,17,0,212,0.0,0.0,0.5,92.53,
ERCOT,92.5,16,67,17,0,182,0.0,0.0,1.0,93.04,
ERCOT,92.5,16,67,17,0,157,0.0,0.0,1.5,93.47,
ERCOT,92.5,16,67,17,0,142,0.0,0.0,2.0,93.73,
ERCOT,92.5,16,67,17,0,137,0.0,0.0,2.5,93.55,
ERCOT,92.5,16,67,17,0,117,0.0,0.25,0.0,92.95,
ERCOT,92.5,16,67,17,0,117,0.0,0.25,0.5,93.24,
ERCOT,92.5,16,67,17,0,117,0.0,0.5,0.0,93.22,
ERCOT,92.5,16,67,17,0,117,0.0,0.5,0.5,93.22,
ERCOT,92.5,16,67,17,0,117,0.0,0.75,0.0,93.22,
ERCOT,92.5,16,67,17,0,117,0.0,0.75,0.5,93.22,
ERCOT,92.5,16,67,17,0,117,0.0,1.0,0.0,93.22,
ERCOT,92.5,16,67,17,0,117,0.0,1.0,0.5,93.22,
ERCOT,92.5,16,67,17,0,117,0.25,0.0,0.0,93.08,
ERCOT,92.5,16,67,17,0,117,0.25,0.0,0.5,93.08,
ERCOT,92.5,16,67,17,0,117,0.25,0.25,0.0,93.08,
ERCOT,92.5,16,67,17,0,117,0.25,0.25,0.5,93.08,
ERCOT,92.5,16,67,17,0,117,0.25,0.5,0.0,93.08,
ERCOT,92.5,16,67,17,0,117,0.25,0.5,0.5,93.08,
ERCOT,92.5,16,67,17,0,117,0.25,0.75,0.0,93.08,
ERCOT,92.5,16,67,17,0,117,0.25,0.75,0.5,93.08,
ERCOT,92.5,16,67,17,0,117,0.25,1.0,0.0,93.08,
ERCOT,92.5,16,67,17,0,117,0.25,1.0,0.5,93.08,
ERCOT,92.5,16,67,17,0,117,0.5,0.0,0.0,93.08,
ERCOT,92.5,16,67,17,0,117,0.5,0.0,0.5,93.08,
ERCOT,92.5,16,67,17,0,117,0.5,0.25,0.0,93.08,
ERCOT,92.5,16,67,17,0,117,0.5,0.25,0.5,93.08,
ERCOT,92.5,16,67,17,0,117,0.5,0.5,0.0,93.08,
ERCOT,92.5,16,67,17,0,117,0.5,0.5,0.5,93.08,
ERCOT,92.5,16,67,17,0,117,0.5,0.75,0.0,93.08,
ERCOT,92.5,16,67,17,0,117,0.5,0.75,0.5,93.08,
ERCOT,92.5,16,67,17,0,117,0.5,1.0,0.0,93.08,
ERCOT,92.5,16,67,17,0,117,0.5,1.0,0.5,93.08,
ERCOT,92.5,16,68,16,0,222,0.0,0.0,0.5,93.07,
ERCOT,92.5,16,68,16,0,187,0.0,0.0,1.0,92.95,
ERCOT,92.5,16,68,16,0,157,0.0,0.0,1.5,92.66,
ERCOT,92.5,16,68,16,0,142,0.0,0.0,2.0,93.09,
ERCOT,92.5,16,68,16,0,137,0.0,0.0,2.5,93.09,
ERCOT,92.5,16,68,16,0,117,0.0,0.25,0.0,92.63,
ERCOT,92.5,16,68,16,0,117,0.0,0.25,0.5,92.98,
ERCOT,92.5,16,68,16,0,117,0.0,0.5,0.0,93.02,
ERCOT,92.5,16,68,16,0,117,0.0,0.5,0.5,93.02,
ERCOT,92.5,16,68,16,0,117,0.0,0.75,0.0,93.02,
ERCOT,92.5,16,68,16,0,117,0.0,0.75,0.5,93.02,
ERCOT,92.5,16,68,16,0,117,0.0,1.0,0.0,93.02,
ERCOT,92.5,16,68,16,0,117,0.0,1.0,0.5,93.02,
ERCOT,92.5,16,68,16,0,117,0.25,0.0,0.0,92.87,
ERCOT,92.5,16,68,16,0,117,0.25,0.0,0.5,92.87,
ERCOT,92.5,16,68,16,0,117,0.25,0.25,0.0,92.87,
ERCOT,92.5,16,68,16,0,117,0.25,0.25,0.5,92.87,
ERCOT,92.5,16,68,16,0,117,0.25,0.5,0.0,92.87,
ERCOT,92.5,16,68,16,0,117,0.25,0.5,0.5,92.87,
ERCOT,92.5,16,68,16,0,117,0.25,0.75,0.0,92.87,
ERCOT,92.5,16,68,16,0,117,0.25,0.75,0.5,92.87,
ERCOT,92.5,16,68,16,0,117,0.25,1.0,0.0,92.87,
ERCOT,92.5,16,68,16,0,117,0.25,1.0,0.5,92.87,
ERCOT,92.5,16,68,16,0,117,0.5,0.0,0.0,92.87,
ERCOT,92.5,16,68,16,0,117,0.5,0.0,0.5,92.87,
ERCOT,92.5,16,68,16,0,117,0.5,0.25,0.0,92.87,
ERCOT,92.5,16,68,16,0,117,0.5,0.25,0.5,92.87,
ERCOT,92.5,16,68,16,0,117,0.5,0.5,0.0,92.87,
ERCOT,92.5,16,68,16,0,117,0.5,0.5,0.5,92.87,
ERCOT,92.5,16,68,16,0,117,0.5,0.75,0.0,92.87,
ERCOT,92.5,16,68,16,0,117,0.5,0.75,0.5,92.87,
ERCOT,92.5,16,68,16,0,117,0.5,1.0,0.0,92.87,
ERCOT,92.5,16,68,16,0,117,0.5,1.0,0.5,92.87,
ERCOT,92.5,16,69,15,0,227,0.0,0.0,0.5,92.69,
ERCOT,92.5,16,69,15,0,192,0.0,0.0,1.0,92.79,
ERCOT,92.5,16,69,15,0,162,0.0,0.0,1.5,92.78,
ERCOT,92.5,16,69,15,0,147,0.0,0.0,2.0,93.69,
ERCOT,92.5,16,69,15,0,137,0.0,0.0,2.5,92.62,
ERCOT,92.5,16,69,15,0,122,0.0,0.25,0.0,93.75,
ERCOT,92.5,16,69,15,0,117,0.0,0.25,0.5,92.69,
ERCOT,92.5,16,69,15,0,117,0.0,0.25,1.0,92.99,
ERCOT,92.5,16,69,15,0,117,0.0,0.5,0.0,92.81,
ERCOT,92.5,16,69,15,0,117,0.0,0.5,0.5,92.81,
ERCOT,92.5,16,69,15,0,117,0.0,0.75,0.0,92.81,
ERCOT,92.5,16,69,15,0,117,0.0,0.75,0.5,92.81,
ERCOT,92.5,16,69,15,0,117,0.0,1.0,0.0,92.81,
ERCOT,92.5,16,69,15,0,117,0.0,1.0,0.5,92.81,
ERCOT,92.5,16,69,15,0,117,0.25,0.0,0.0,92.66,
ERCOT,92.5,16,69,15,0,117,0.25,0.0,0.5,92.66,
ERCOT,92.5,16,69,15,0,117,0.25,0.25,0.0,92.66,
ERCOT,92.5,16,69,15,0,117,0.25,0.25,0.5,92.66,
ERCOT,92.5,16,69,15,0,117,0.25,0.5,0.0,92.66,
ERCOT,92.5,16,69,15,0,117,0.25,0.5,0.5,92.66,
ERCOT,92.5,16,69,15,0,117,0.25,0.75,0.0,92.66,
ERCOT,92.5,16,69,15,0,117,0.25,0.75,0.5,92.66,
ERCOT,92.5,16,69,15,0,117,0.25,1.0,0.0,92.66,
ERCOT,92.5,16,69,15,0,117,0.25,1.0,0.5,92.66,
ERCOT,92.5,16,69,15,0,117,0.5,0.0,0.0,92.66,
ERCOT,92.5,16,69,15,0,117,0.5,0.0,0.5,92.66,
ERCOT,92.5,16,69,15,0,117,0.5,0.25,0.0,92.66,
ERCOT,92.5,16,69,15,0,117,0.5,0.25,0.5,92.66,
ERCOT,92.5,16,69,15,0,117,0.5,0.5,0.0,92.66,
ERCOT,92.5,16,69,15,0,117,0.5,0.5,0.5,92.66,
ERCOT,92.5,16,69,15,0,117,0.5,0.75,0.0,92.66,
ERCOT,92.5,16,69,15,0,117,0.5,0.75,0.5,92.66,
ERCOT,92.5,16,69,15,0,117,0.5,1.0,0.0,92.66,
ERCOT,92.5,16,69,15,0,117,0.5,1.0,0.5,92.66,
ERCOT,92.5,17,64,19,0,237,0.0,0.0,0.0,92.72,
ERCOT,92.5,17,65,18,0,247,0.0,0.0,0.0,93.15,
ERCOT,92.5,17,66,17,0,250,0.0,0.0,0.0,92.6,
ERCOT,92.5,17,67,16,0,217,0.0,0.0,0.5,93.27,
ERCOT,92.5,17,67,16,0,182,0.0,0.0,1.0,92.94,
ERCOT,92.5,17,67,16,0,157,0.0,0.0,1.5,93.39,
ERCOT,92.5,17,67,16,0,142,0.0,0.0,2.0,93.66,
ERCOT,92.5,17,67,16,0,137,0.0,0.0,2.5,93.5,
ERCOT,92.5,17,67,16,0,117,0.0,0.25,0.0,92.93,
ERCOT,92.5,17,67,16,0,117,0.0,0.25,0.5,93.23,
ERCOT,92.5,17,67,16,0,117,0.0,0.5,0.0,93.21,
ERCOT,92.5,17,67,16,0,117,0.0,0.5,0.5,93.21,
ERCOT,92.5,17,67,16,0,117,0.0,0.75,0.0,93.21,
ERCOT,92.5,17,67,16,0,117,0.0,0.75,0.5,93.21,
ERCOT,92.5,17,67,16,0,117,0.0,1.0,0.0,93.21,
ERCOT,92.5,17,67,16,0,117,0.0,1.0,0.5,93.21,
ERCOT,92.5,17,67,16,0,117,0.25,0.0,0.0,93.07,
ERCOT,92.5,17,67,16,0,117,0.25,0.0,0.5,93.07,
ERCOT,92.5,17,67,16,0,117,0.25,0.25,0.0,93.07,
ERCOT,92.5,17,67,16,0,117,0.25,0.25,0.5,93.07,
ERCOT,92.5,17,67,16,0,117,0.25,0.5,0.0,93.07,
ERCOT,92.5,17,67,16,0,117,0.25,0.5,0.5,93.07,
ERCOT,92.5,17,67,16,0,117,0.25,0.75,0.0,93.07,
ERCOT,92.5,17,67,16,0,117,0.25,0.75,0.5,93.07,
ERCOT,92.5,17,67,16,0,117,0.25,1.0,0.0,93.07,
ERCOT,92.5,17,67,16,0,117,0.25,1.0,0.5,93.07,
ERCOT,92.5,17,67,16,0,117,0.5,0.0,0.0,93.07,
ERCOT,92.5,17,67,16,0,117,0.5,0.0,0.5,93.07,
ERCOT,92.5,17,67,16,0,117,0.5,0.25,0.0,93.07,
ERCOT,92.5,17,67,16,0,117,0.5,0.25,0.5,93.07,
ERCOT,92.5,17,67,16,0,117,0.5,0.5,0.0,93.07,
ERCOT,92.5,17,67,16,0,117,0.5,0.5,0.5,93.07,
ERCOT,92.5,17,67,16,0,117,0.5,0.75,0.0,93.07,
ERCOT,92.5,17,67,16,0,117,0.5,0.75,0.5,93.07,
ERCOT,92.5,17,67,16,0,117,0.5,1.0,0.0,93.07,
ERCOT,92.5,17,67,16,0,117,0.5,1.0,0.5,93.07,
ERCOT,92.5,17,68,15,0,222,0.0,0.0,0.5,92.95,
ERCOT,92.5,17,68,15,0,187,0.0,0.0,1.0,92.84,
ERCOT,92.5,17,68,15,0,157,0.0,0.0,1.5,92.57,
ERCOT,92.5,17,68,15,0,142,0.0,0.0,2.0,93.02,
ERCOT,92.5,17,68,15,0,137,0.0,0.0,2.5,93.04,
ERCOT,92.5,17,68,15,0,117,0.0,0.25,0.0,92.61,
ERCOT,92.5,17,68,15,0,117,0.0,0.25,0.5,92.96,
ERCOT,92.5,17,68,15,0,117,0.0,0.5,0.0,93.0,
ERCOT,92.5,17,68,15,0,117,0.0,0.5,0.5,93.0,
ERCOT,92.5,17,68,15,0,117,0.0,0.75,0.0,93.0,
ERCOT,92.5,17,68,15,0,117,0.0,0.75,0.5,93.0,
ERCOT,92.5,17,68,15,0,117,0.0,1.0,0.0,93.0,
ERCOT,92.5,17,68,15,0,117,0.0,1.0,0.5,93.0,
ERCOT,92.5,17,68,15,0,117,0.25,0.0,0.0,92.86,
ERCOT,92.5,17,68,15,0,117,0.25,0.0,0.5,92.86,
ERCOT,92.5,17,68,15,0,117,0.25,0.25,0.0,92.86,
ERCOT,92.5,17,68,15,0,117,0.25,0.25,0.5,92.86,
ERCOT,92.5,17,68,15,0,117,0.25,0.5,0.0,92.86,
ERCOT,92.5,17,68,15,0,117,0.25,0.5,0.5,92.86,
ERCOT,92.5,17,68,15,0,117,0.25,0.75,0.0,92.86,
ERCOT,92.5,17,68,15,0,117,0.25,0.75,0.5,92.86,
ERCOT,92.5,17,68,15,0,117,0.25,1.0,0.0,92.86,
ERCOT,92.5,17,68,15,0,117,0.25,1.0,0.5,92.86,
ERCOT,92.5,17,68,15,0,117,0.5,0.0,0.0,92.86,
ERCOT,92.5,17,68,15,0,117,0.5,0.0,0.5,92.86,
ERCOT,92.5,17,68,15,0,117,0.5,0.25,0.0,92.86,
ERCOT,92.5,17,68,15,0,117,0.5,0.25,0.5,92.86,
ERCOT,92.5,17,68,15,0,117,0.5,0.5,0.0,92.86,
ERCOT,92.5,17,68,15,0,117,0.5,0.5,0.5,92.86,
ERCOT,92.5,17,68,15,0,117,0.5,0.75,0.0,92.86,
ERCOT,92.5,17,68,15,0,117,0.5,0.75,0.5,92.86,
ERCOT,92.5,17,68,15,0,117,0.5,1.0,0.0,92.86,
ERCOT,92.5,17,68,15,0,117,0.5,1.0,0.5,92.86,
ERCOT,92.5,18,63,19,0,232,0.0,0.0,0.0,92.89,
ERCOT,92.5,18,64,18,0,237,0.0,0.0,0.0,92.69,
ERCOT,92.5,18,65,17,0,247,0.0,0.0,0.0,93.13,
ERCOT,92.5,18,66,16,0,250,0.0,0.0,0.0,92.57,
ERCOT,92.5,18,67,15,0,217,0.0,0.0,0.5,93.16,
ERCOT,92.5,18,67,15,0,182,0.0,0.0,1.0,92.83,
ERCOT,92.5,18,67,15,0,157,0.0,0.0,1.5,93.31,
ERCOT,92.5,18,67,15,0,142,0.0,0.0,2.0,93.59,
ERCOT,92.5,18,67,15,0,137,0.0,0.0,2.5,93.45,
ERCOT,92.5,18,67,15,0,117,0.0,0.25,0.0,92.91,
ERCOT,92.5,18,67,15,0,117,0.0,0.25,0.5,93.21,
ERCOT,92.5,18,67,15,0,117,0.0,0.5,0.0,93.2,
ERCOT,92.5,18,67,15,0,117,0.0,0.5,0.5,93.2,
ERCOT,92.5,18,67,15,0,117,0.0,0.75,0.0,93.2,
ERCOT,92.5,18,67,15,0,117,0.0,0.75,0.5,93.2,
ERCOT,92.5,18,67,15,0,117,0.0,1.0,0.0,93.2,
ERCOT,92.5,18,67,15,0,117,0.0,1.0,0.5,93.2,
ERCOT,92.5,18,67,15,0,117,0.25,0.0,0.0,93.05,
ERCOT,92.5,18,67,15,0,117,0.25,0.0,0.5,93.05,
ERCOT,92.5,18,67,15,0,117,0.25,0.25,0.0,93.05,
ERCOT,92.5,18,67,15,0,117,0.25,0.25,0.5,93.05,
ERCOT,92.5,18,67,15,0,117,0.25,0.5,0.0,93.05,
ERCOT,92.5,18,67,15,0,117,0.25,0.5,0.5,93.05,
ERCOT,92.5,18,67,15,0,117,0.25,0.75,0.0,93.05,
ERCOT,92.5,18,67,15,0,117,0.25,0.75,0.5,93.05,
ERCOT,92.5,18,67,15,0,117,0.25,1.0,0.0,93.05,
ERCOT,92.5,18,67,15,0,117,0.25,1.0,0.5,93.05,
ERCOT,92.5,18,67,15,0,117,0.5,0.0,0.0,93.05,
ERCOT,92.5,18,67,15,0,117,0.5,0.0,0.5,93.05,
ERCOT,92.5,18,67,15,0,117,0.5,0.25,0.0,93.05,
ERCOT,92.5,18,67,15,0,117,0.5,0.25,0.5,93.05,
ERCOT,92.5,18,67,15,0,117,0.5,0.5,0.0,93.05,
ERCOT,92.5,18,67,15,0,117,0.5,0.5,0.5,93.05,
ERCOT,92.5,18,67,15,0,117,0.5,0.75,0.0,93.05,
ERCOT,92.5,18,67,15,0,117,0.5,0.75,0.5,93.05,
ERCOT,92.5,18,67,15,0,117,0.5,1.0,0.0,93.05,
ERCOT,92.5,18,67,15,0,117,0.5,1.0,0.5,93.05,
ERCOT,92.5,19,62,19,0,227,0.0,0.0,0.0,93.02,
ERCOT,92.5,19,63,18,0,232,0.0,0.0,0.0,92.86,
ERCOT,92.5,19,64,17,0,237,0.0,0.0,0.0,92.66,
ERCOT,92.5,19,65,16,0,247,0.0,0.0,0.0,93.1,
ERCOT,92.5,19,66,15,0,250,0.0,0.0,0.0,92.53,
ERCOT,92.5,20,61,19,0,222,0.0,0.0,0.0,93.11,
ERCOT,92.5,20,62,18,0,227,0.0,0.0,0.0,93.0,
ERCOT,92.5,20,63,17,0,232,0.0,0.0,0.0,92.83,
ERCOT,92.5,20,64,16,0,237,0.0,0.0,0.0,92.63,
ERCOT,92.5,51,25,24,0,117,0.0,0.0,0.0,92.54,
ERCOT,92.5,52,25,23,0,117,0.0,0.0,0.0,92.51,
ERCOT,92.5,53,25,22,0,122,0.0,0.0,0.0,94.04,
ERCOT,92.5,54,25,21,0,122,0.0,0.0,0.0,94.02,
ERCOT,92.5,56,24,20,0,117,0.0,0.0,0.0,92.86,
ERCOT,92.5,57,23,20,0,117,0.0,0.0,0.0,93.3,
ERCOT,92.5,58,22,20,0,117,0.0,0.0,0.0,93.72,
ERCOT,92.5,59,21,20,0,117,0.0,0.0,0.0,94.11,
ERCOT,92.5,36,45,19,0,157,0.0,0.0,0.0,92.58,
ERCOT,92.5,36,46,18,0,162,0.0,0.0,0.0,93.04,
ERCOT,92.5,36,47,17,0,167,0.0,0.0,0.0,93.44,
ERCOT,92.5,36,48,16,0,167,0.0,0.0,0.0,92.74,
ERCOT,92.5,36,49,15,0,172,0.0,0.0,0.0,93.09,
ERCOT,92.5,37,44,19,0,157,0.0,0.0,0.0,93.2,
ERCOT,92.5,37,45,18,0,157,0.0,0.0,0.0,92.54,
ERCOT,92.5,37,46,17,0,162,0.0,0.0,0.0,93.0,
ERCOT,92.5,37,47,16,0,167,0.0,0.0,0.0,93.4,
ERCOT,92.5,37,48,15,0,167,0.0,0.0,0.0,92.69,
ERCOT,92.5,37,49,14,0,172,0.0,0.0,0.0,93.04,
ERCOT,92.5,38,43,19,0,152,0.0,0.0,0.0,92.64,
ERCOT,92.5,38,44,18,0,157,0.0,0.0,0.0,93.16,
ERCOT,92.5,38,45,17,0,162,0.0,0.0,0.0,93.62,
ERCOT,92.5,38,46,16,0,162,0.0,0.0,0.0,92.95,
ERCOT,92.5,38,47,15,0,167,0.0,0.0,0.0,93.36,
ERCOT,92.5,38,48,14,0,167,0.0,0.0,0.0,92.63,
ERCOT,92.5,38,49,13,0,172,0.0,0.0,0.0,92.98,
ERCOT,92.5,39,42,19,0,152,0.0,0.0,0.0,93.24,
ERCOT,92.5,39,43,18,0,152,0.0,0.0,0.0,92.6,
ERCOT,92.5,39,44,17,0,157,0.0,0.0,0.0,93.12,
ERCOT,92.5,39,45,16,0,162,0.0,0.0,0.0,93.58,
ERCOT,92.5,39,46,15,0,162,0.0,0.0,0.0,92.9,
ERCOT,92.5,39,47,14,0,167,0.0,0.0,0.0,93.31,
ERCOT,92.5,39,48,13,0,167,0.0,0.0,0.0,92.57,
ERCOT,92.5,39,49,12,0,172,0.0,0.0,0.0,92.92,
ERCOT,92.5,40,41,19,0,147,0.0,0.0,0.0,92.62,
ERCOT,92.5,40,42,18,0,152,0.0,0.0,0.0,93.2,
ERCOT,92.5,40,43,17,0,152,0.0,0.0,0.0,92.55,
ERCOT,92.5,40,44,16,0,157,0.0,0.0,0.0,93.08,
ERCOT,92.5,40,46,14,0,162,0.0,0.0,0.0,92.85,
ERCOT,92.5,40,47,13,0,167,0.0,0.0,0.0,93.25,
ERCOT,92.5,40,48,12,0,172,0.0,0.0,0.0,93.61,
ERCOT,92.5,40,49,11,0,172,0.0,0.0,0.0,92.85,
ERCOT,92.5,41,41,18,0,147,0.0,0.0,0.0,92.58,
ERCOT,92.5,41,42,17,0,152,0.0,0.0,0.0,93.16,
ERCOT,92.5,41,43,16,0,152,0.0,0.0,0.0,92.5,
ERCOT,92.5,41,44,15,0,157,0.0,0.0,0.0,93.03,
ERCOT,92.5,41,45,14,0,162,0.0,0.0,0.0,93.49,
ERCOT,92.5,41,46,13,0,162,0.0,0.0,0.0,92.79,
ERCOT,92.5,41,47,12,0,167,0.0,0.0,0.0,93.19,
ERCOT,92.5,41,48,11,0,172,0.0,0.0,0.0,93.55,
ERCOT,92.5,42,41,17,0,147,0.0,0.0,0.0,92.53,
ERCOT,92.5,42,42,16,0,152,0.0,0.0,0.0,93.12,
ERCOT,92.5,42,43,15,0,157,0.0,0.0,0.0,93.64,
ERCOT,92.5,42,44,14,0,157,0.0,0.0,0.0,92.98,
ERCOT,92.5,42,45,13,0,162,0.0,0.0,0.0,93.44,
ERCOT,92.5,42,46,12,0,162,0.0,0.0,0.0,92.72,
ERCOT,92.5,42,47,11,0,167,0.0,0.0,0.0,93.13,
ERCOT,92.5,43,41,16,0,152,0.0,0.0,0.0,93.71,
ERCOT,92.5,43,42,15,0,152,0.0,0.0,0.0,93.07,
ERCOT,92.5,43,43,14,0,157,0.0,0.0,0.0,93.6,
ERCOT,92.5,43,44,13,0,157,0.0,0.0,0.0,92.92,
ERCOT,92.5,43,45,12,0,162,0.0,0.0,0.0,93.39,
ERCOT,92.5,43,46,11,0,162,0.0,0.0,0.0,92.65,
ERCOT,92.5,44,41,15,0,152,0.0,0.0,0.0,93.67,
ERCOT,92.5,44,42,14,0,152,0.0,0.0,0.0,93.02,
ERCOT,92.5,44,43,13,0,157,0.0,0.0,0.0,93.55,
ERCOT,92.5,44,44,12,0,157,0.0,0.0,0.0,92.86,
ERCOT,92.5,44,45,11,0,162,0.0,0.0,0.0,93.33,
ERCOT,92.5,96,0,4,0,112,0.0,0.0,0.0,93.23,
ERCOT,92.5,97,0,3,0,112,0.0,0.0,0.0,93.24,
ERCOT,92.5,98,0,2,0,112,0.0,0.0,0.0,93.25,
ERCOT,92.5,99,0,1,0,112,0.0,0.0,0.0,93.26,
ERCOT,92.5,41,30,29,0,127,0.0,0.0,0.0,93.37,
ERCOT,92.5,41,31,28,0,127,0.0,0.0,0.0,92.9,
ERCOT,92.5,41,32,27,0,132,0.0,0.0,0.0,93.74,
ERCOT,92.5,41,33,26,0,132,0.0,0.0,0.0,93.26,
ERCOT,92.5,41,34,25,0,132,0.0,0.0,0.0,92.75,
ERCOT,92.5,42,29,29,0,127,0.0,0.0,0.0,93.8,
ERCOT,92.5,42,30,28,0,127,0.0,0.0,0.0,93.36,
ERCOT,92.5,42,31,27,0,127,0.0,0.0,0.0,92.88,
ERCOT,92.5,42,32,26,0,132,0.0,0.0,0.0,93.73,
ERCOT,92.5,42,33,25,0,132,0.0,0.0,0.0,93.24,
ERCOT,92.5,42,34,24,0,132,0.0,0.0,0.0,92.72,
ERCOT,92.5,43,28,29,0,122,0.0,0.0,0.0,92.86,
ERCOT,92.5,43,29,28,0,127,0.0,0.0,0.0,93.79,
ERCOT,92.5,43,30,27,0,127,0.0,0.0,0.0,93.34,
ERCOT,92.5,43,31,26,0,127,0.0,0.0,0.0,92.86,
ERCOT,92.5,43,32,25,0,132,0.0,0.0,0.0,93.72,
ERCOT,92.5,43,33,24,0,132,0.0,0.0,0.0,93.22,
ERCOT,92.5,43,34,23,0,132,0.0,0.0,0.0,92.69,
ERCOT,92.5,44,27,29,0,122,0.0,0.0,0.0,93.29,
ERCOT,92.5,44,28,28,0,122,0.0,0.0,0.0,92.84,
ERCOT,92.5,44,29,27,0,127,0.0,0.0,0.0,93.78,
ERCOT,92.5,44,30,26,0,127,0.0,0.0,0.0,93.33,
ERCOT,92.5,44,31,25,0,127,0.0,0.0,0.0,92.84,
ERCOT,92.5,44,32,24,0,132,0.0,0.0,0.0,93.7,
ERCOT,92.5,44,33,23,0,132,0.0,0.0,0.0,93.2,
ERCOT,92.5,44,34,22,0,132,0.0,0.0,0.0,92.66,
ERCOT,92.5,45,26,29,0,122,0.0,0.0,0.0,93.71,
ERCOT,92.5,45,27,28,0,122,0.0,0.0,0.0,93.28,
ERCOT,92.5,45,28,27,0,122,0.0,0.0,0.0,92.82,
ERCOT,92.5,45,29,26,0,127,0.0,0.0,0.0,93.77,
ERCOT,92.5,45,31,24,0,127,0.0,0.0,0.0,92.81,
ERCOT,92.5,45,32,23,0,132,0.0,0.0,0.0,93.68,
ERCOT,92.5,45,33,22,0,132,0.0,0.0,0.0,93.18,
ERCOT,92.5,45,34,21,0,132,0.0,0.0,0.0,92.63,
ERCOT,92.5,46,26,28,0,122,0.0,0.0,0.0,93.7,
ERCOT,92.5,46,27,27,0,122,0.0,0.0,0.0,93.27,
ERCOT,92.5,46,28,26,0,122,0.0,0.0,0.0,92.8,
ERCOT,92.5,46,29,25,0,127,0.0,0.0,0.0,93.76,
ERCOT,92.5,47,26,27,0,122,0.0,0.0,0.0,93.69,
ERCOT,92.5,47,27,26,0,122,0.0,0.0,0.0,93.25,
ERCOT,92.5,47,28,25,0,122,0.0,0.0,0.0,92.78,
ERCOT,92.5,48,26,26,0,122,0.0,0.0,0.0,93.68,
ERCOT,92.5,48,27,25,0,122,0.0,0.0,0.0,93.23,
ERCOT,92.5,49,26,25,0,122,0.0,0.0,0.0,93.67,
ERCOT,92.5,56,0,44,0,117,0.0,0.0,0.0,92.7,
ERCOT,92.5,56,1,43,0,117,0.0,0.0,0.0,93.08,
ERCOT,92.5,56,2,42,0,117,0.0,0.0,0.0,93.44,
ERCOT,92.5,56,3,41,0,117,0.0,0.0,0.0,93.78,
ERCOT,92.5,56,4,40,0,112,0.0,0.0,0.0,92.69,
ERCOT,92.5,57,0,43,0,117,0.0,0.0,0.0,92.77,
ERCOT,92.5,57,1,42,0,117,0.0,0.0,0.0,93.15,
ERCOT,92.5,57,2,41,0,117,0.0,0.0,0.0,93.51,
ERCOT,92.5,57,3,40,0,117,0.0,0.0,0.0,93.85,
ERCOT,92.5,57,4,39,0,112,0.0,0.0,0.0,92.76,
ERCOT,92.5,58,0,42,0,117,0.0,0.0,0.0,92.84,
ERCOT,92.5,58,1,41,0,117,0.0,0.0,0.0,93.21,
ERCOT,92.5,58,2,40,0,117,0.0,0.0,0.0,93.57,
ERCOT,92.5,58,3,39,0,112,0.0,0.0,0.0,92.53,
ERCOT,92.5,58,4,38,0,112,0.0,0.0,0.0,92.82,
ERCOT,92.5,59,0,41,0,117,0.0,0.0,0.0,92.9,
ERCOT,92.5,59,1,40,0,117,0.0,0.0,0.0,93.28,
ERCOT,92.5,59,2,39,0,117,0.0,0.0,0.0,93.64,
ERCOT,92.5,59,3,38,0,112,0.0,0.0,0.0,92.59,
ERCOT,92.5,59,4,37,0,112,0.0,0.0,0.0,92.89,
ERCOT,92.5,60,1,39,0,117,0.0,0.0,0.0,93.35,
ERCOT,92.5,60,2,38,0,117,0.0,0.0,0.0,93.71,
ERCOT,92.5,60,3,37,0,112,0.0,0.0,0.0,92.66,
ERCOT,92.5,60,4,36,0,112,0.0,0.0,0.0,92.95,
ERCOT,92.5,30,66,4,0,217,0.0,0.0,0.5,92.62,
ERCOT,92.5,30,66,4,0,187,0.0,0.0,1.0,93.41,
ERCOT,92.5,30,66,4,0,157,0.0,0.0,1.5,93.06,
ERCOT,92.5,30,66,4,0,142,0.0,0.0,2.0,93.38,
ERCOT,92.5,30,66,4,0,137,0.0,0.0,2.5,92.81,
ERCOT,92.5,30,66,4,0,117,0.0,0.25,0.0,92.75,
ERCOT,92.5,30,66,4,0,117,0.0,0.25,0.5,93.07,
ERCOT,92.5,30,66,4,0,117,0.0,0.5,0.0,93.03,
ERCOT,92.5,30,66,4,0,117,0.0,0.5,0.5,93.03,
ERCOT,92.5,30,66,4,0,117,0.0,0.75,0.0,93.03,
ERCOT,92.5,30,66,4,0,117,0.0,0.75,0.5,93.03,
ERCOT,92.5,30,66,4,0,117,0.0,1.0,0.0,93.03,
ERCOT,92.5,30,66,4,0,117,0.0,1.0,0.5,93.03,
ERCOT,92.5,30,66,4,0,117,0.25,0.0,0.0,92.87,
ERCOT,92.5,30,66,4,0,117,0.25,0.0,0.5,92.87,
ERCOT,92.5,30,66,4,0,117,0.25,0.25,0.0,92.87,
ERCOT,92.5,30,66,4,0,117,0.25,0.25,0.5,92.87,
ERCOT,92.5,30,66,4,0,117,0.25,0.5,0.0,92.87,
ERCOT,92.5,30,66,4,0,117,0.25,0.5,0.5,92.87,
ERCOT,92.5,30,66,4,0,117,0.25,0.75,0.0,92.87,
ERCOT,92.5,30,66,4,0,117,0.25,0.75,0.5,92.87,
ERCOT,92.5,30,66,4,0,117,0.25,1.0,0.0,92.87,
ERCOT,92.5,30,66,4,0,117,0.25,1.0,0.5,92.87,
ERCOT,92.5,30,66,4,0,117,0.5,0.0,0.0,92.87,
ERCOT,92.5,30,66,4,0,117,0.5,0.0,0.5,92.87,
ERCOT,92.5,30,66,4,0,117,0.5,0.25,0.0,92.87,
ERCOT,92.5,30,66,4,0,117,0.5,0.25,0.5,92.87,
ERCOT,92.5,30,66,4,0,117,0.5,0.5,0.0,92.87,
ERCOT,92.5,30,66,4,0,117,0.5,0.5,0.5,92.87,
ERCOT,92.5,30,66,4,0,117,0.5,0.75,0.0,92.87,
ERCOT,92.5,30,66,4,0,117,0.5,0.75,0.5,92.87,
ERCOT,92.5,30,66,4,0,117,0.5,1.0,0.0,92.87,
ERCOT,92.5,30,66,4,0,117,0.5,1.0,0.5,92.87,
ERCOT,92.5,30,67,3,0,227,0.0,0.0,0.5,93.13,
ERCOT,92.5,30,67,3,0,192,0.0,0.0,1.0,93.25,
ERCOT,92.5,30,67,3,0,162,0.0,0.0,1.5,93.2,
ERCOT,92.5,30,67,3,0,142,0.0,0.0,2.0,92.69,
ERCOT,92.5,30,67,3,0,142,0.0,0.0,2.5,94.63,
ERCOT,92.5,30,67,3,0,122,0.0,0.25,0.0,94.04,
ERCOT,92.5,30,67,3,0,117,0.0,0.25,0.5,92.74,
ERCOT,92.5,30,67,3,0,117,0.0,0.25,1.0,93.01,
ERCOT,92.5,30,67,3,0,117,0.0,0.5,0.0,92.77,
ERCOT,92.5,30,67,3,0,117,0.0,0.5,0.5,92.77,
ERCOT,92.5,30,67,3,0,117,0.0,0.75,0.0,92.77,
ERCOT,92.5,30,67,3,0,117,0.0,0.75,0.5,92.77,
ERCOT,92.5,30,67,3,0,117,0.0,1.0,0.0,92.77,
ERCOT,92.5,30,67,3,0,117,0.0,1.0,0.5,92.77,
ERCOT,92.5,30,67,3,0,117,0.25,0.0,0.0,92.6,
ERCOT,92.5,30,67,3,0,117,0.25,0.0,0.5,92.6,
ERCOT,92.5,30,67,3,0,117,0.25,0.25,0.0,92.6,
ERCOT,92.5,30,67,3,0,117,0.25,0.25,0.5,92.6,
ERCOT,92.5,30,67,3,0,117,0.25,0.5,0.0,92.6,
ERCOT,92.5,30,67,3,0,117,0.25,0.5,0.5,92.6,
ERCOT,92.5,30,67,3,0,117,0.25,0.75,0.0,92.6,
ERCOT,92.5,30,67,3,0,117,0.25,0.75,0.5,92.6,
ERCOT,92.5,30,67,3,0,117,0.25,1.0,0.0,92.6,
ERCOT,92.5,30,67,3,0,117,0.25,1.0,0.5,92.6,
ERCOT,92.5,30,67,3,0,117,0.5,0.0,0.0,92.6,
ERCOT,92.5,30,67,3,0,117,0.5,0.0,0.5,92.6,
ERCOT,92.5,30,67,3,0,117,0.5,0.25,0.0,92.6,
ERCOT,92.5,30,67,3,0,117,0.5,0.25,0.5,92.6,
ERCOT,92.5,30,67,3,0,117,0.5,0.5,0.0,92.6,
ERCOT,92.5,30,67,3,0,117,0.5,0.5,0.5,92.6,
ERCOT,92.5,30,67,3,0,117,0.5,0.75,0.0,92.6,
ERCOT,92.5,30,67,3,0,117,0.5,0.75,0.5,92.6,
ERCOT,92.5,30,67,3,0,117,0.5,1.0,0.0,92.6,
ERCOT,92.5,30,67,3,0,117,0.5,1.0,0.5,92.6,
ERCOT,92.5,30,68,2,0,232,0.0,0.0,0.5,92.58,
ERCOT,92.5,30,68,2,0,197,0.0,0.0,1.0,93.01,
ERCOT,92.5,30,68,2,0,167,0.0,0.0,1.5,93.27,
ERCOT,92.5,30,68,2,0,147,0.0,0.0,2.0,93.32,
ERCOT,92.5,30,68,2,0,142,0.0,0.0,2.5,93.97,
ERCOT,92.5,30,68,2,0,122,0.0,0.25,0.0,93.62,
ERCOT,92.5,30,68,2,0,122,0.0,0.25,0.5,94.34,
ERCOT,92.5,30,68,2,0,117,0.0,0.5,0.0,92.51,
ERCOT,92.5,30,68,2,0,117,0.0,0.5,0.5,92.51,
ERCOT,92.5,30,68,2,0,117,0.0,0.75,0.0,92.51,
ERCOT,92.5,30,68,2,0,117,0.0,0.75,0.5,92.51,
ERCOT,92.5,30,68,2,0,117,0.0,1.0,0.0,92.51,
ERCOT,92.5,30,68,2,0,117,0.0,1.0,0.5,92.51,
ERCOT,92.5,30,68,2,0,122,0.25,0.0,0.0,94.18,
ERCOT,92.5,30,68,2,0,122,0.25,0.0,0.5,94.18,
ERCOT,92.5,30,68,2,0,122,0.25,0.25,0.0,94.18,
ERCOT,92.5,30,68,2,0,122,0.25,0.25,0.5,94.18,
ERCOT,92.5,30,68,2,0,122,0.25,0.5,0.0,94.18,
ERCOT,92.5,30,68,2,0,122,0.25,0.5,0.5,94.18,
ERCOT,92.5,30,68,2,0,122,0.25,0.75,0.0,94.18,
ERCOT,92.5,30,68,2,0,122,0.25,0.75,0.5,94.18,
ERCOT,92.5,30,68,2,0,122,0.25,1.0,0.0,94.18,
ERCOT,92.5,30,68,2,0,122,0.25,1.0,0.5,94.18,
ERCOT,92.5,30,68,2,0,122,0.5,0.0,0.0,94.18,
ERCOT,92.5,30,68,2,0,122,0.5,0.0,0.5,94.18,
ERCOT,92.5,30,68,2,0,122,0.5,0.25,0.0,94.18,
ERCOT,92.5,30,68,2,0,122,0.5,0.25,0.5,94.18,
ERCOT,92.5,30,68,2,0,122,0.5,0.5,0.0,94.18,
ERCOT,92.5,30,68,2,0,122,0.5,0.5,0.5,94.18,
ERCOT,92.5,30,68,2,0,122,0.5,0.75,0.0,94.18,
ERCOT,92.5,30,68,2,0,122,0.5,0.75,0.5,94.18,
ERCOT,92.5,30,68,2,0,122,0.5,1.0,0.0,94.18,
ERCOT,92.5,30,68,2,0,122,0.5,1.0,0.5,94.18,
ERCOT,92.5,30,69,1,0,242,0.0,0.0,0.5,92.85,
ERCOT,92.5,30,69,1,0,202,0.0,0.0,1.0,92.67,
ERCOT,92.5,30,69,1,0,172,0.0,0.0,1.5,93.25,
ERCOT,92.5,30,69,1,0,147,0.0,0.0,2.0,92.59,
ERCOT,92.5,30,69,1,0,142,0.0,0.0,2.5,93.26,
ERCOT,92.5,30,69,1,0,122,0.0,0.25,0.0,93.14,
ERCOT,92.5,30,69,1,0,122,0.0,0.25,0.5,93.92,
ERCOT,92.5,30,69,1,0,122,0.0,0.5,0.0,94.04,
ERCOT,92.5,30,69,1,0,122,0.0,0.5,0.5,94.04,
ERCOT,92.5,30,69,1,0,122,0.0,0.75,0.0,94.04,
ERCOT,92.5,30,69,1,0,122,0.0,0.75,0.5,94.04,
ERCOT,92.5,30,69,1,0,122,0.0,1.0,0.0,94.04,
ERCOT,92.5,30,69,1,0,122,0.0,1.0,0.5,94.04,
ERCOT,92.5,30,69,1,0,122,0.25,0.0,0.0,93.89,
ERCOT,92.5,30,69,1,0,122,0.25,0.0,0.5,93.89,
ERCOT,92.5,30,69,1,0,122,0.25,0.25,0.0,93.89,
ERCOT,92.5,30,69,1,0,122,0.25,0.25,0.5,93.89,
ERCOT,92.5,30,69,1,0,122,0.25,0.5,0.0,93.89,
ERCOT,92.5,30,69,1,0,122,0.25,0.5,0.5,93.89,
ERCOT,92.5,30,69,1,0,122,0.25,0.75,0.0,93.89,
ERCOT,92.5,30,69,1,0,122,0.25,0.75,0.5,93.89,
ERCOT,92.5,30,69,1,0,122,0.25,1.0,0.0,93.89,
ERCOT,92.5,30,69,1,0,122,0.25,1.0,0.5,93.89,
ERCOT,92.5,30,69,1,0,122,0.5,0.0,0.0,93.89,
ERCOT,92.5,30,69,1,0,122,0.5,0.0,0.5,93.89,
ERCOT,92.5,30,69,1,0,122,0.5,0.25,0.0,93.89,
ERCOT,92.5,30,69,1,0,122,0.5,0.25,0.5,93.89,
ERCOT,92.5,30,69,1,0,122,0.5,0.5,0.0,93.89,
ERCOT,92.5,30,69,1,0,122,0.5,0.5,0.5,93.89,
ERCOT,92.5,30,69,1,0,122,0.5,0.75,0.0,93.89,
ERCOT,92.5,30,69,1,0,122,0.5,0.75,0.5,93.89,
ERCOT,92.5,30,69,1,0,122,0.5,1.0,0.0,93.89,
ERCOT,92.5,30,69,1,0,122,0.5,1.0,0.5,93.89,
ERCOT,92.5,31,66,3,0,222,0.0,0.0,0.5,93.4,
ERCOT,92.5,31,66,3,0,187,0.0,0.0,1.0,93.29,
ERCOT,92.5,31,66,3,0,157,0.0,0.0,1.5,92.96,
ERCOT,92.5,31,66,3,0,142,0.0,0.0,2.0,93.31,
ERCOT,92.5,31,66,3,0,137,0.0,0.0,2.5,92.68,
ERCOT,92.5,31,66,3,0,117,0.0,0.25,0.0,92.69,
ERCOT,92.5,31,66,3,0,117,0.0,0.25,0.5,93.02,
ERCOT,92.5,31,66,3,0,117,0.0,0.5,0.0,92.98,
ERCOT,92.5,31,66,3,0,117,0.0,0.5,0.5,92.98,
ERCOT,92.5,31,66,3,0,117,0.0,0.75,0.0,92.98,
ERCOT,92.5,31,66,3,0,117,0.0,0.75,0.5,92.98,
ERCOT,92.5,31,66,3,0,117,0.0,1.0,0.0,92.98,
ERCOT,92.5,31,66,3,0,117,0.0,1.0,0.5,92.98,
ERCOT,92.5,31,66,3,0,117,0.25,0.0,0.0,92.81,
ERCOT,92.5,31,66,3,0,117,0.25,0.0,0.5,92.81,
ERCOT,92.5,31,66,3,0,117,0.25,0.25,0.0,92.81,
ERCOT,92.5,31,66,3,0,117,0.25,0.25,0.5,92.81,
ERCOT,92.5,31,66,3,0,117,0.25,0.5,0.0,92.81,
ERCOT,92.5,31,66,3,0,117,0.25,0.5,0.5,92.81,
ERCOT,92.5,31,66,3,0,117,0.25,0.75,0.0,92.81,
ERCOT,92.5,31,66,3,0,117,0.25,0.75,0.5,92.81,
ERCOT,92.5,31,66,3,0,117,0.25,1.0,0.0,92.81,
ERCOT,92.5,31,66,3,0,117,0.25,1.0,0.5,92.81,
ERCOT,92.5,31,66,3,0,117,0.5,0.0,0.0,92.81,
ERCOT,92.5,31,66,3,0,117,0.5,0.0,0.5,92.81,
ERCOT,92.5,31,66,3,0,117,0.5,0.25,0.0,92.81,
ERCOT,92.5,31,66,3,0,117,0.5,0.25,0.5,92.81,
ERCOT,92.5,31,66,3,0,117,0.5,0.5,0.0,92.81,
ERCOT,92.5,31,66,3,0,117,0.5,0.5,0.5,92.81,
ERCOT,92.5,31,66,3,0,117,0.5,0.75,0.0,92.81,
ERCOT,92.5,31,66,3,0,117,0.5,0.75,0.5,92.81,
ERCOT,92.5,31,66,3,0,117,0.5,1.0,0.0,92.81,
ERCOT,92.5,31,66,3,0,117,0.5,1.0,0.5,92.81,
ERCOT,92.5,31,67,2,0,227,0.0,0.0,0.5,92.91,
ERCOT,92.5,31,67,2,0,192,0.0,0.0,1.0,93.11,
ERCOT,92.5,31,67,2,0,162,0.0,0.0,1.5,93.1,
ERCOT,92.5,31,67,2,0,142,0.0,0.0,2.0,92.53,
ERCOT,92.5,31,67,2,0,142,0.0,0.0,2.5,94.53,
ERCOT,92.5,31,67,2,0,122,0.0,0.25,0.0,93.99,
ERCOT,92.5,31,67,2,0,117,0.0,0.25,0.5,92.67,
ERCOT,92.5,31,67,2,0,117,0.0,0.25,1.0,92.95,
ERCOT,92.5,31,67,2,0,117,0.0,0.5,0.0,92.72,
ERCOT,92.5,31,67,2,0,117,0.0,0.5,0.5,92.72,
ERCOT,92.5,31,67,2,0,117,0.0,0.75,0.0,92.72,
ERCOT,92.5,31,67,2,0,117,0.0,0.75,0.5,92.72,
ERCOT,92.5,31,67,2,0,117,0.0,1.0,0.0,92.72,
ERCOT,92.5,31,67,2,0,117,0.0,1.0,0.5,92.72,
ERCOT,92.5,31,67,2,0,117,0.25,0.0,0.0,92.53,
ERCOT,92.5,31,67,2,0,117,0.25,0.0,0.5,92.53,
ERCOT,92.5,31,67,2,0,117,0.25,0.25,0.0,92.53,
ERCOT,92.5,31,67,2,0,117,0.25,0.25,0.5,92.53,
ERCOT,92.5,31,67,2,0,117,0.25,0.5,0.0,92.53,
ERCOT,92.5,31,67,2,0,117,0.25,0.5,0.5,92.53,
ERCOT,92.5,31,67,2,0,117,0.25,0.75,0.0,92.53,
ERCOT,92.5,31,67,2,0,117,0.25,0.75,0.5,92.53,
ERCOT,92.5,31,67,2,0,117,0.25,1.0,0.0,92.53,
ERCOT,92.5,31,67,2,0,117,0.25,1.0,0.5,92.53,
ERCOT,92.5,31,67,2,0,117,0.5,0.0,0.0,92.53,
ERCOT,92.5,31,67,2,0,117,0.5,0.0,0.5,92.53,
ERCOT,92.5,31,67,2,0,117,0.5,0.25,0.0,92.53,
ERCOT,92.5,31,67,2,0,117,0.5,0.25,0.5,92.53,
ERCOT,92.5,31,67,2,0,117,0.5,0.5,0.0,92.53,
ERCOT,92.5,31,67,2,0,117,0.5,0.5,0.5,92.53,
ERCOT,92.5,31,67,2,0,117,0.5,0.75,0.0,92.53,
ERCOT,92.5,31,67,2,0,117,0.5,0.75,0.5,92.53,
ERCOT,92.5,31,67,2,0,117,0.5,1.0,0.0,92.53,
ERCOT,92.5,31,67,2,0,117,0.5,1.0,0.5,92.53,
ERCOT,92.5,31,68,1,0,237,0.0,0.0,0.5,93.27,
ERCOT,92.5,31,68,1,0,197,0.0,0.0,1.0,92.83,
ERCOT,92.5,31,68,1,0,167,0.0,0.0,1.5,93.16,
ERCOT,92.5,31,68,1,0,147,0.0,0.0,2.0,93.24,
ERCOT,92.5,31,68,1,0,142,0.0,0.0,2.5,93.83,
ERCOT,92.5,31,68,1,0,122,0.0,0.25,0.0,93.55,
ERCOT,92.5,31,68,1,0,122,0.0,0.25,0.5,94.28,
ERCOT,92.5,31,68,1,0,122,0.0,0.5,0.0,94.26,
ERCOT,92.5,31,68,1,0,122,0.0,0.5,0.5,94.26,
ERCOT,92.5,31,68,1,0,122,0.0,0.75,0.0,94.26,
ERCOT,92.5,31,68,1,0,122,0.0,0.75,0.5,94.26,
ERCOT,92.5,31,68,1,0,122,0.0,1.0,0.0,94.26,
ERCOT,92.5,31,68,1,0,122,0.0,1.0,0.5,94.26,
ERCOT,92.5,31,68,1,0,122,0.25,0.0,0.0,94.12,
ERCOT,92.5,31,68,1,0,122,0.25,0.0,0.5,94.12,
ERCOT,92.5,31,68,1,0,122,0.25,0.25,0.0,94.12,
ERCOT,92.5,31,68,1,0,122,0.25,0.25,0.5,94.12,
ERCOT,92.5,31,68,1,0,122,0.25,0.5,0.0,94.12,
ERCOT,92.5,31,68,1,0,122,0.25,0.5,0.5,94.12,
ERCOT,92.5,31,68,1,0,122,0.25,0.75,0.0,94.12,
ERCOT,92.5,31,68,1,0,122,0.25,0.75,0.5,94.12,
ERCOT,92.5,31,68,1,0,122,0.25,1.0,0.0,94.12,
ERCOT,92.5,31,68,1,0,122,0.25,1.0,0.5,94.12,
ERCOT,92.5,31,68,1,0,122,0.5,0.0,0.0,94.12,
ERCOT,92.5,31,68,1,0,122,0.5,0.0,0.5,94.12,
ERCOT,92.5,31,68,1,0,122,0.5,0.25,0.0,94.12,
ERCOT,92.5,31,68,1,0,122,0.5,0.25,0.5,94.12,
ERCOT,92.5,31,68,1,0,122,0.5,0.5,0.0,94.12,
ERCOT,92.5,31,68,1,0,122,0.5,0.5,0.5,94.12,
ERCOT,92.5,31,68,1,0,122,0.5,0.75,0.0,94.12,
ERCOT,92.5,31,68,1,0,122,0.5,0.75,0.5,94.12,
ERCOT,92.5,31,68,1,0,122,0.5,1.0,0.0,94.12,
ERCOT,92.5,31,68,1,0,122,0.5,1.0,0.5,94.12,
ERCOT,92.5,31,69,0,0,242,0.0,0.0,0.5,92.61,
ERCOT,92.5,31,69,0,0,207,0.0,0.0,1.0,93.4,
ERCOT,92.5,31,69,0,0,172,0.0,0.0,1.5,93.14,
ERCOT,92.5,31,69,0,0,152,0.0,0.0,2.0,93.67,
ERCOT,92.5,31,69,0,0,142,0.0,0.0,2.5,93.11,
ERCOT,92.5,31,69,0,0,122,0.0,0.25,0.0,93.07,
ERCOT,92.5,31,69,0,0,122,0.0,0.25,0.5,93.86,
ERCOT,92.5,31,69,0,0,122,0.0,0.5,0.0,93.99,
ERCOT,92.5,31,69,0,0,122,0.0,0.5,0.5,93.99,
ERCOT,92.5,31,69,0,0,122,0.0,0.75,0.0,93.99,
ERCOT,92.5,31,69,0,0,122,0.0,0.75,0.5,93.99,
ERCOT,92.5,31,69,0,0,122,0.0,1.0,0.0,93.99,
ERCOT,92.5,31,69,0,0,122,0.0,1.0,0.5,93.99,
ERCOT,92.5,31,69,0,0,122,0.25,0.0,0.0,93.83,
ERCOT,92.5,31,69,0,0,122,0.25,0.0,0.5,93.83,
ERCOT,92.5,31,69,0,0,122,0.25,0.25,0.0,93.83,
ERCOT,92.5,31,69,0,0,122,0.25,0.25,0.5,93.83,
ERCOT,92.5,31,69,0,0,122,0.25,0.5,0.0,93.83,
ERCOT,92.5,31,69,0,0,122,0.25,0.5,0.5,93.83,
ERCOT,92.5,31,69,0,0,122,0.25,0.75,0.0,93.83,
ERCOT,92.5,31,69,0,0,122,0.25,0.75,0.5,93.83,
ERCOT,92.5,31,69,0,0,122,0.25,1.0,0.0,93.83,
ERCOT,92.5,31,69,0,0,122,0.25,1.0,0.5,93.83,
ERCOT,92.5,31,69,0,0,122,0.5,0.0,0.0,93.83,
ERCOT,92.5,31,69,0,0,122,0.5,0.0,0.5,93.83,
ERCOT,92.5,31,69,0,0,122,0.5,0.25,0.0,93.83,
ERCOT,92.5,31,69,0,0,122,0.5,0.25,0.5,93.83,
ERCOT,92.5,31,69,0,0,122,0.5,0.5,0.0,93.83,
ERCOT,92.5,31,69,0,0,122,0.5,0.5,0.5,93.83,
ERCOT,92.5,31,69,0,0,122,0.5,0.75,0.0,93.83,
ERCOT,92.5,31,69,0,0,122,0.5,0.75,0.5,93.83,
ERCOT,92.5,31,69,0,0,122,0.5,1.0,0.0,93.83,
ERCOT,92.5,31,69,0,0,122,0.5,1.0,0.5,93.83,
ERCOT,92.5,32,66,2,0,222,0.0,0.0,0.5,93.19,
ERCOT,92.5,32,66,2,0,187,0.0,0.0,1.0,93.15,
ERCOT,92.5,32,66,2,0,157,0.0,0.0,1.5,92.86,
ERCOT,92.5,32,66,2,0,142,0.0,0.0,2.0,93.23,
ERCOT,92.5,32,66,2,0,137,0.0,0.0,2.5,92.55,
ERCOT,92.5,32,66,2,0,117,0.0,0.25,0.0,92.62,
ERCOT,92.5,32,66,2,0,117,0.0,0.25,0.5,92.96,
ERCOT,92.5,32,66,2,0,117,0.0,0.5,0.0,92.93,
ERCOT,92.5,32,66,2,0,117,0.0,0.5,0.5,92.93,
ERCOT,92.5,32,66,2,0,117,0.0,0.75,0.0,92.93,
ERCOT,92.5,32,66,2,0,117,0.0,0.75,0.5,92.93,
ERCOT,92.5,32,66,2,0,117,0.0,1.0,0.0,92.93,
ERCOT,92.5,32,66,2,0,117,0.0,1.0,0.5,92.93,
ERCOT,92.5,32,66,2,0,117,0.25,0.0,0.0,92.74,
ERCOT,92.5,32,66,2,0,117,0.25,0.0,0.5,92.74,
ERCOT,92.5,32,66,2,0,117,0.25,0.25,0.0,92.74,
ERCOT,92.5,32,66,2,0,117,0.25,0.25,0.5,92.74,
ERCOT,92.5,32,66,2,0,117,0.25,0.5,0.0,92.74,
ERCOT,92.5,32,66,2,0,117,0.25,0.5,0.5,92.74,
ERCOT,92.5,32,66,2,0,117,0.25,0.75,0.0,92.74,
ERCOT,92.5,32,66,2,0,117,0.25,0.75,0.5,92.74,
ERCOT,92.5,32,66,2,0,117,0.25,1.0,0.0,92.74,
ERCOT,92.5,32,66,2,0,117,0.25,1.0,0.5,92.74,
ERCOT,92.5,32,66,2,0,117,0.5,0.0,0.0,92.74,
ERCOT,92.5,32,66,2,0,117,0.5,0.0,0.5,92.74,
ERCOT,92.5,32,66,2,0,117,0.5,0.25,0.0,92.74,
ERCOT,92.5,32,66,2,0,117,0.5,0.25,0.5,92.74,
ERCOT,92.5,32,66,2,0,117,0.5,0.5,0.0,92.74,
ERCOT,92.5,32,66,2,0,117,0.5,0.5,0.5,92.74,
ERCOT,92.5,32,66,2,0,117,0.5,0.75,0.0,92.74,
ERCOT,92.5,32,66,2,0,117,0.5,0.75,0.5,92.74,
ERCOT,92.5,32,66,2,0,117,0.5,1.0,0.0,92.74,
ERCOT,92.5,32,66,2,0,117,0.5,1.0,0.5,92.74,
ERCOT,92.5,32,67,1,0,227,0.0,0.0,0.5,92.7,
ERCOT,92.5,32,67,1,0,192,0.0,0.0,1.0,92.94,
ERCOT,92.5,32,67,1,0,162,0.0,0.0,1.5,93.0,
ERCOT,92.5,32,67,1,0,147,0.0,0.0,2.0,93.85,
ERCOT,92.5,32,67,1,0,142,0.0,0.0,2.5,94.39,
ERCOT,92.5,32,67,1,0,122,0.0,0.25,0.0,93.93,
ERCOT,92.5,32,67,1,0,117,0.0,0.25,0.5,92.61,
ERCOT,92.5,32,67,1,0,117,0.0,0.25,1.0,92.89,
ERCOT,92.5,32,67,1,0,117,0.0,0.5,0.0,92.67,
ERCOT,92.5,32,67,1,0,117,0.0,0.5,0.5,92.67,
ERCOT,92.5,32,67,1,0,117,0.0,0.75,0.0,92.67,
ERCOT,92.5,32,67,1,0,117,0.0,0.75,0.5,92.67,
ERCOT,92.5,32,67,1,0,117,0.0,1.0,0.0,92.67,
ERCOT,92.5,32,67,1,0,117,0.0,1.0,0.5,92.67,
ERCOT,92.5,32,67,1,0,122,0.25,0.0,0.0,94.34,
ERCOT,92.5,32,67,1,0,122,0.25,0.0,0.5,94.34,
ERCOT,92.5,32,67,1,0,122,0.25,0.25,0.0,94.34,
ERCOT,92.5,32,67,1,0,122,0.25,0.25,0.5,94.34,
ERCOT,92.5,32,67,1,0,122,0.25,0.5,0.0,94.34,
ERCOT,92.5,32,67,1,0,122,0.25,0.5,0.5,94.34,
ERCOT,92.5,32,67,1,0,122,0.25,0.75,0.0,94.34,
ERCOT,92.5,32,67,1,0,122,0.25,0.75,0.5,94.34,
ERCOT,92.5,32,67,1,0,122,0.25,1.0,0.0,94.34,
ERCOT,92.5,32,67,1,0,122,0.25,1.0,0.5,94.34,
ERCOT,92.5,32,67,1,0,122,0.5,0.0,0.0,94.34,
ERCOT,92.5,32,67,1,0,122,0.5,0.0,0.5,94.34,
ERCOT,92.5,32,67,1,0,122,0.5,0.25,0.0,94.34,
ERCOT,92.5,32,67,1,0,122,0.5,0.25,0.5,94.34,
ERCOT,92.5,32,67,1,0,122,0.5,0.5,0.0,94.34,
ERCOT,92.5,32,67,1,0,122,0.5,0.5,0.5,94.34,
ERCOT,92.5,32,67,1,0,122,0.5,0.75,0.0,94.34,
ERCOT,92.5,32,67,1,0,122,0.5,0.75,0.5,94.34,
ERCOT,92.5,32,67,1,0,122,0.5,1.0,0.0,94.34,
ERCOT,92.5,32,67,1,0,122,0.5,1.0,0.5,94.34,
ERCOT,92.5,32,68,0,0,237,0.0,0.0,0.5,93.05,
ERCOT,92.5,32,68,0,0,197,0.0,0.0,1.0,92.63,
ERCOT,92.5,32,68,0,0,167,0.0,0.0,1.5,93.05,
ERCOT,92.5,32,68,0,0,147,0.0,0.0,2.0,93.16,
ERCOT,92.5,32,68,0,0,142,0.0,0.0,2.5,93.68,
ERCOT,92.5,32,68,0,0,122,0.0,0.25,0.0,93.48,
ERCOT,92.5,32,68,0,0,122,0.0,0.25,0.5,94.21,
ERCOT,92.5,32,68,0,0,122,0.0,0.5,0.0,94.21,
ERCOT,92.5,32,68,0,0,122,0.0,0.5,0.5,94.21,
ERCOT,92.5,32,68,0,0,122,0.0,0.75,0.0,94.21,
ERCOT,92.5,32,68,0,0,122,0.0,0.75,0.5,94.21,
ERCOT,92.5,32,68,0,0,122,0.0,1.0,0.0,94.21,
ERCOT,92.5,32,68,0,0,122,0.0,1.0,0.5,94.21,
ERCOT,92.5,32,68,0,0,122,0.25,0.0,0.0,94.05,
ERCOT,92.5,32,68,0,0,122,0.25,0.0,0.5,94.05,
ERCOT,92.5,32,68,0,0,122,0.25,0.25,0.0,94.05,
ERCOT,92.5,32,68,0,0,122,0.25,0.25,0.5,94.05,
ERCOT,92.5,32,68,0,0,122,0.25,0.5,0.0,94.05,
ERCOT,92.5,32,68,0,0,122,0.25,0.5,0.5,94.05,
ERCOT,92.5,32,68,0,0,122,0.25,0.75,0.0,94.05,
ERCOT,92.5,32,68,0,0,122,0.25,0.75,0.5,94.05,
ERCOT,92.5,32,68,0,0,122,0.25,1.0,0.0,94.05,
ERCOT,92.5,32,68,0,0,122,0.25,1.0,0.5,94.05,
ERCOT,92.5,32,68,0,0,122,0.5,0.0,0.0,94.05,
ERCOT,92.5,32,68,0,0,122,0.5,0.0,0.5,94.05,
ERCOT,92.5,32,68,0,0,122,0.5,0.25,0.0,94.05,
ERCOT,92.5,32,68,0,0,122,0.5,0.25,0.5,94.05,
ERCOT,92.5,32,68,0,0,122,0.5,0.5,0.0,94.05,
ERCOT,92.5,32,68,0,0,122,0.5,0.5,0.5,94.05,
ERCOT,92.5,32,68,0,0,122,0.5,0.75,0.0,94.05,
ERCOT,92.5,32,68,0,0,122,0.5,0.75,0.5,94.05,
ERCOT,92.5,32,68,0,0,122,0.5,1.0,0.0,94.05,
ERCOT,92.5,32,68,0,0,122,0.5,1.0,0.5,94.05,
ERCOT,92.5,33,66,1,0,222,0.0,0.0,0.5,92.99,
ERCOT,92.5,33,66,1,0,187,0.0,0.0,1.0,92.98,
ERCOT,92.5,33,66,1,0,157,0.0,0.0,1.5,92.76,
ERCOT,92.5,33,66,1,0,142,0.0,0.0,2.0,93.07,
ERCOT,92.5,33,66,1,0,142,0.0,0.0,2.5,94.94,
ERCOT,92.5,33,66,1,0,117,0.0,0.25,0.0,92.55,
ERCOT,92.5,33,66,1,0,117,0.0,0.25,0.5,92.9,
ERCOT,92.5,33,66,1,0,117,0.0,0.5,0.0,92.87,
ERCOT,92.5,33,66,1,0,117,0.0,0.5,0.5,92.87,
ERCOT,92.5,33,66,1,0,117,0.0,0.75,0.0,92.87,
ERCOT,92.5,33,66,1,0,117,0.0,0.75,0.5,92.87,
ERCOT,92.5,33,66,1,0,117,0.0,1.0,0.0,92.87,
ERCOT,92.5,33,66,1,0,117,0.0,1.0,0.5,92.87,
ERCOT,92.5,33,66,1,0,117,0.25,0.0,0.0,92.67,
ERCOT,92.5,33,66,1,0,117,0.25,0.0,0.5,92.67,
ERCOT,92.5,33,66,1,0,117,0.25,0.25,0.0,92.67,
ERCOT,92.5,33,66,1,0,117,0.25,0.25,0.5,92.67,
ERCOT,92.5,33,66,1,0,117,0.25,0.5,0.0,92.67,
ERCOT,92.5,33,66,1,0,117,0.25,0.5,0.5,92.67,
ERCOT,92.5,33,66,1,0,117,0.25,0.75,0.0,92.67,
ERCOT,92.5,33,66,1,0,117,0.25,0.75,0.5,92.67,
ERCOT,92.5,33,66,1,0,117,0.25,1.0,0.0,92.67,
ERCOT,92.5,33,66,1,0,117,0.25,1.0,0.5,92.67,
ERCOT,92.5,33,66,1,0,117,0.5,0.0,0.0,92.67,
ERCOT,92.5,33,66,1,0,117,0.5,0.0,0.5,92.67,
ERCOT,92.5,33,66,1,0,117,0.5,0.25,0.0,92.67,
ERCOT,92.5,33,66,1,0,117,0.5,0.25,0.5,92.67,
ERCOT,92.5,33,66,1,0,117,0.5,0.5,0.0,92.67,
ERCOT,92.5,33,66,1,0,117,0.5,0.5,0.5,92.67,
ERCOT,92.5,33,66,1,0,117,0.5,0.75,0.0,92.67,
ERCOT,92.5,33,66,1,0,117,0.5,0.75,0.5,92.67,
ERCOT,92.5,33,66,1,0,117,0.5,1.0,0.0,92.67,
ERCOT,92.5,33,66,1,0,117,0.5,1.0,0.5,92.67,
ERCOT,92.5,33,67,0,0,232,0.0,0.0,0.5,93.43,
ERCOT,92.5,33,67,0,0,192,0.0,0.0,1.0,92.74,
ERCOT,92.5,33,67,0,0,162,0.0,0.0,1.5,92.89,
ERCOT,92.5,33,67,0,0,147,0.0,0.0,2.0,93.78,
ERCOT,92.5,33,67,0,0,142,0.0,0.0,2.5,94.24,
ERCOT,92.5,33,67,0,0,122,0.0,0.25,0.0,93.86,
ERCOT,92.5,33,67,0,0,117,0.0,0.25,0.5,92.53,
ERCOT,92.5,33,67,0,0,117,0.0,0.25,1.0,92.82,
ERCOT,92.5,33,67,0,0,117,0.0,0.5,0.0,92.6,
ERCOT,92.5,33,67,0,0,117,0.0,0.5,0.5,92.6,
ERCOT,92.5,33,67,0,0,117,0.0,0.75,0.0,92.6,
ERCOT,92.5,33,67,0,0,117,0.0,0.75,0.5,92.6,
ERCOT,92.5,33,67,0,0,117,0.0,1.0,0.0,92.6,
ERCOT,92.5,33,67,0,0,117,0.0,1.0,0.5,92.6,
ERCOT,92.5,33,67,0,0,122,0.25,0.0,0.0,94.28,
ERCOT,92.5,33,67,0,0,122,0.25,0.0,0.5,94.28,
ERCOT,92.5,33,67,0,0,122,0.25,0.25,0.0,94.28,
ERCOT,92.5,33,67,0,0,122,0.25,0.25,0.5,94.28,
ERCOT,92.5,33,67,0,0,122,0.25,0.5,0.0,94.28,
ERCOT,92.5,33,67,0,0,122,0.25,0.5,0.5,94.28,
ERCOT,92.5,33,67,0,0,122,0.25,0.75,0.0,94.28,
ERCOT,92.5,33,67,0,0,122,0.25,0.75,0.5,94.28,
ERCOT,92.5,33,67,0,0,122,0.25,1.0,0.0,94.28,
ERCOT,92.5,33,67,0,0,122,0.25,1.0,0.5,94.28,
ERCOT,92.5,33,67,0,0,122,0.5,0.0,0.0,94.28,
ERCOT,92.5,33,67,0,0,122,0.5,0.0,0.5,94.28,
ERCOT,92.5,33,67,0,0,122,0.5,0.25,0.0,94.28,
ERCOT,92.5,33,67,0,0,122,0.5,0.25,0.5,94.28,
ERCOT,92.5,33,67,0,0,122,0.5,0.5,0.0,94.28,
ERCOT,92.5,33,67,0,0,122,0.5,0.5,0.5,94.28,
ERCOT,92.5,33,67,0,0,122,0.5,0.75,0.0,94.28,
ERCOT,92.5,33,67,0,0,122,0.5,0.75,0.5,94.28,
ERCOT,92.5,33,67,0,0,122,0.5,1.0,0.0,94.28,
ERCOT,92.5,33,67,0,0,122,0.5,1.0,0.5,94.28,
ERCOT,92.5,34,66,0,0,222,0.0,0.0,0.5,92.78,
ERCOT,92.5,34,66,0,0,187,0.0,0.0,1.0,92.79,
ERCOT,92.5,34,66,0,0,157,0.0,0.0,1.5,92.64,
ERCOT,92.5,34,66,0,0,142,0.0,0.0,2.0,92.91,
ERCOT,92.5,34,66,0,0,142,0.0,0.0,2.5,94.79,
ERCOT,92.5,34,66,0,0,122,0.0,0.25,0.0,94.22,
ERCOT,92.5,34,66,0,0,117,0.0,0.25,0.5,92.83,
ERCOT,92.5,34,66,0,0,117,0.0,0.25,1.0,93.06,
ERCOT,92.5,34,66,0,0,117,0.0,0.5,0.0,92.81,
ERCOT,92.5,34,66,0,0,117,0.0,0.5,0.5,92.81,
ERCOT,92.5,34,66,0,0,117,0.0,0.75,0.0,92.81,
ERCOT,92.5,34,66,0,0,117,0.0,0.75,0.5,92.81,
ERCOT,92.5,34,66,0,0,117,0.0,1.0,0.0,92.81,
ERCOT,92.5,34,66,0,0,117,0.0,1.0,0.5,92.81,
ERCOT,92.5,34,66,0,0,117,0.25,0.0,0.0,92.6,
ERCOT,92.5,34,66,0,0,117,0.25,0.0,0.5,92.6,
ERCOT,92.5,34,66,0,0,117,0.25,0.25,0.0,92.6,
ERCOT,92.5,34,66,0,0,117,0.25,0.25,0.5,92.6,
ERCOT,92.5,34,66,0,0,117,0.25,0.5,0.0,92.6,
ERCOT,92.5,34,66,0,0,117,0.25,0.5,0.5,92.6,
ERCOT,92.5,34,66,0,0,117,0.25,0.75,0.0,92.6,
ERCOT,92.5,34,66,0,0,117,0.25,0.75,0.5,92.6,
ERCOT,92.5,34,66,0,0,117,0.25,1.0,0.0,92.6,
ERCOT,92.5,34,66,0,0,117,0.25,1.0,0.5,92.6,
ERCOT,92.5,34,66,0,0,117,0.5,0.0,0.0,92.6,
ERCOT,92.5,34,66,0,0,117,0.5,0.0,0.5,92.6,
ERCOT,92.5,34,66,0,0,117,0.5,0.25,0.0,92.6,
ERCOT,92.5,34,66,0,0,117,0.5,0.25,0.5,92.6,
ERCOT,92.5,34,66,0,0,117,0.5,0.5,0.0,92.6,
ERCOT,92.5,34,66,0,0,117,0.5,0.5,0.5,92.6,
ERCOT,92.5,34,66,0,0,117,0.5,0.75,0.0,92.6,
ERCOT,92.5,34,66,0,0,117,0.5,0.75,0.5,92.6,
ERCOT,92.5,34,66,0,0,117,0.5,1.0,0.0,92.6,
ERCOT,92.5,34,66,0,0,117,0.5,1.0,0.5,92.6,
ERCOT,92.5,1,30,69,0,127,0.0,0.0,0.0,92.71,
ERCOT,92.5,1,31,68,0,132,0.0,0.0,0.0,93.33,
ERCOT,92.5,1,32,67,0,132,0.0,0.0,0.0,93.03,
ERCOT,92.5,1,33,66,0,132,0.0,0.0,0.0,92.71,
ERCOT,92.5,1,34,65,0,137,0.0,0.0,0.0,93.27,
ERCOT,92.5,2,29,69,0,127,0.0,0.0,0.0,93.03,
ERCOT,92.5,2,30,68,0,127,0.0,0.0,0.0,92.74,
ERCOT,92.5,2,31,67,0,132,0.0,0.0,0.0,93.37,
ERCOT,92.5,2,32,66,0,132,0.0,0.0,0.0,93.06,
ERCOT,92.5,2,33,65,0,132,0.0,0.0,0.0,92.74,
ERCOT,92.5,2,34,64,0,137,0.0,0.0,0.0,93.3,
ERCOT,92.5,3,28,69,0,127,0.0,0.0,0.0,93.35,
ERCOT,92.5,3,29,68,0,127,0.0,0.0,0.0,93.07,
ERCOT,92.5,3,30,67,0,127,0.0,0.0,0.0,92.77,
ERCOT,92.5,3,31,66,0,132,0.0,0.0,0.0,93.4,
ERCOT,92.5,3,32,65,0,132,0.0,0.0,0.0,93.1,
ERCOT,92.5,3,33,64,0,132,0.0,0.0,0.0,92.78,
ERCOT,92.5,3,34,63,0,137,0.0,0.0,0.0,93.34,
ERCOT,92.5,4,27,69,0,122,0.0,0.0,0.0,92.64,
ERCOT,92.5,4,28,68,0,127,0.0,0.0,0.0,93.39,
ERCOT,92.5,4,29,67,0,127,0.0,0.0,0.0,93.1,
ERCOT,92.5,4,30,66,0,127,0.0,0.0,0.0,92.81,
ERCOT,92.5,4,31,65,0,132,0.0,0.0,0.0,93.44,
ERCOT,92.5,4,32,64,0,132,0.0,0.0,0.0,93.13,
ERCOT,92.5,4,33,63,0,132,0.0,0.0,0.0,92.81,
ERCOT,92.5,4,34,62,0,137,0.0,0.0,0.0,93.37,
ERCOT,92.5,5,26,69,0,122,0.0,0.0,0.0,92.94,
ERCOT,92.5,5,27,68,0,122,0.0,0.0,0.0,92.68,
ERCOT,92.5,5,28,67,0,127,0.0,0.0,0.0,93.42,
ERCOT,92.5,5,29,66,0,127,0.0,0.0,0.0,93.14,
ERCOT,92.5,5,31,64,0,127,0.0,0.0,0.0,92.52,
ERCOT,92.5,5,32,63,0,132,0.0,0.0,0.0,93.16,
ERCOT,92.5,5,33,62,0,132,0.0,0.0,0.0,92.84,
ERCOT,92.5,5,34,61,0,137,0.0,0.0,0.0,93.41,
ERCOT,92.5,6,26,68,0,122,0.0,0.0,0.0,92.98,
ERCOT,92.5,6,27,67,0,122,0.0,0.0,0.0,92.71,
ERCOT,92.5,6,28,66,0,127,0.0,0.0,0.0,93.46,
ERCOT,92.5,6,29,65,0,127,0.0,0.0,0.0,93.17,
ERCOT,92.5,6,30,64,0,127,0.0,0.0,0.0,92.87,
ERCOT,92.5,6,31,63,0,127,0.0,0.0,0.0,92.55,
ERCOT,92.5,6,32,62,0,132,0.0,0.0,0.0,93.19,
ERCOT,92.5,6,33,61,0,132,0.0,0.0,0.0,92.87,
ERCOT,92.5,7,26,67,0,122,0.0,0.0,0.0,93.01,
ERCOT,92.5,7,27,66,0,122,0.0,0.0,0.0,92.75,
ERCOT,92.5,7,28,65,0,127,0.0,0.0,0.0,93.49,
ERCOT,92.5,7,29,64,0,127,0.0,0.0,0.0,93.2,
ERCOT,92.5,7,30,63,0,127,0.0,0.0,0.0,92.9,
ERCOT,92.5,7,31,62,0,127,0.0,0.0,0.0,92.57,
ERCOT,92.5,7,32,61,0,132,0.0,0.0,0.0,93.22,
ERCOT,92.5,8,26,66,0,122,0.0,0.0,0.0,93.05,
ERCOT,92.5,8,27,65,0,122,0.0,0.0,0.0,92.78,
ERCOT,92.5,8,28,64,0,127,0.0,0.0,0.0,93.53,
ERCOT,92.5,8,29,63,0,127,0.0,0.0,0.0,93.23,
ERCOT,92.5,8,30,62,0,127,0.0,0.0,0.0,92.93,
ERCOT,92.5,8,31,61,0,127,0.0,0.0,0.0,92.6,
ERCOT,92.5,9,26,65,0,122,0.0,0.0,0.0,93.09,
ERCOT,92.5,9,27,64,0,122,0.0,0.0,0.0,92.81,
ERCOT,92.5,9,28,63,0,122,0.0,0.0,0.0,92.52,
ERCOT,92.5,9,29,62,0,127,0.0,0.0,0.0,93.27,
ERCOT,92.5,9,30,61,0,127,0.0,0.0,0.0,92.96,
ERCOT,92.5,15,71,14,0,242,0.0,0.0,0.5,92.66,
ERCOT,92.5,15,71,14,0,207,0.0,0.0,1.0,93.22,
ERCOT,92.5,15,71,14,0,172,0.0,0.0,1.5,92.9,
ERCOT,92.5,15,71,14,0,152,0.0,0.0,2.0,93.48,
ERCOT,92.5,15,71,14,0,142,0.0,0.0,2.5,93.37,
ERCOT,92.5,15,71,14,0,122,0.0,0.25,0.0,92.95,
ERCOT,92.5,15,71,14,0,122,0.0,0.25,0.5,93.75,
ERCOT,92.5,15,71,14,0,122,0.0,0.5,0.0,94.0,
ERCOT,92.5,15,71,14,0,122,0.0,0.5,0.5,94.0,
ERCOT,92.5,15,71,14,0,122,0.0,0.75,0.0,94.0,
ERCOT,92.5,15,71,14,0,122,0.0,0.75,0.5,94.0,
ERCOT,92.5,15,71,14,0,122,0.0,1.0,0.0,94.0,
ERCOT,92.5,15,71,14,0,122,0.0,1.0,0.5,94.0,
ERCOT,92.5,15,71,14,0,122,0.25,0.0,0.0,93.88,
ERCOT,92.5,15,71,14,0,122,0.25,0.0,0.5,93.88,
ERCOT,92.5,15,71,14,0,122,0.25,0.25,0.0,93.88,
ERCOT,92.5,15,71,14,0,122,0.25,0.25,0.5,93.88,
ERCOT,92.5,15,71,14,0,122,0.25,0.5,0.0,93.88,
ERCOT,92.5,15,71,14,0,122,0.25,0.5,0.5,93.88,
ERCOT,92.5,15,71,14,0,122,0.25,0.75,0.0,93.88,
ERCOT,92.5,15,71,14,0,122,0.25,0.75,0.5,93.88,
ERCOT,92.5,15,71,14,0,122,0.25,1.0,0.0,93.88,
ERCOT,92.5,15,71,14,0,122,0.25,1.0,0.5,93.88,
ERCOT,92.5,15,71,14,0,122,0.5,0.0,0.0,93.88,
ERCOT,92.5,15,71,14,0,122,0.5,0.0,0.5,93.88,
ERCOT,92.5,15,71,14,0,122,0.5,0.25,0.0,93.88,
ERCOT,92.5,15,71,14,0,122,0.5,0.25,0.5,93.88,
ERCOT,92.5,15,71,14,0,122,0.5,0.5,0.0,93.88,
ERCOT,92.5,15,71,14,0,122,0.5,0.5,0.5,93.88,
ERCOT,92.5,15,71,14,0,122,0.5,0.75,0.0,93.88,
ERCOT,92.5,15,71,14,0,122,0.5,0.75,0.5,93.88,
ERCOT,92.5,15,71,14,0,122,0.5,1.0,0.0,93.88,
ERCOT,92.5,15,71,14,0,122,0.5,1.0,0.5,93.88,
ERCOT,92.5,15,72,13,0,250,0.0,0.0,0.5,92.52,
ERCOT,92.5,15,72,13,0,212,0.0,0.0,1.0,92.86,
ERCOT,92.5,15,72,13,0,177,0.0,0.0,1.5,92.81,
ERCOT,92.5,15,72,13,0,152,0.0,0.0,2.0,92.75,
ERCOT,92.5,15,72,13,0,142,0.0,0.0,2.5,92.83,
ERCOT,92.5,15,72,13,0,127,0.0,0.25,0.0,93.75,
ERCOT,92.5,15,72,13,0,122,0.0,0.25,0.5,93.37,
ERCOT,92.5,15,72,13,0,122,0.0,0.25,1.0,94.12,
ERCOT,92.5,15,72,13,0,122,0.0,0.5,0.0,93.78,
ERCOT,92.5,15,72,13,0,122,0.0,0.5,0.5,93.78,
ERCOT,92.5,15,72,13,0,122,0.0,0.75,0.0,93.78,
ERCOT,92.5,15,72,13,0,122,0.0,0.75,0.5,93.78,
ERCOT,92.5,15,72,13,0,122,0.0,1.0,0.0,93.78,
ERCOT,92.5,15,72,13,0,122,0.0,1.0,0.5,93.78,
ERCOT,92.5,15,72,13,0,122,0.25,0.0,0.0,93.66,
ERCOT,92.5,15,72,13,0,122,0.25,0.0,0.5,93.66,
ERCOT,92.5,15,72,13,0,122,0.25,0.25,0.0,93.66,
ERCOT,92.5,15,72,13,0,122,0.25,0.25,0.5,93.66,
ERCOT,92.5,15,72,13,0,122,0.25,0.5,0.0,93.66,
ERCOT,92.5,15,72,13,0,122,0.25,0.5,0.5,93.66,
ERCOT,92.5,15,72,13,0,122,0.25,0.75,0.0,93.66,
ERCOT,92.5,15,72,13,0,122,0.25,0.75,0.5,93.66,
ERCOT,92.5,15,72,13,0,122,0.25,1.0,0.0,93.66,
ERCOT,92.5,15,72,13,0,122,0.25,1.0,0.5,93.66,
ERCOT,92.5,15,72,13,0,122,0.5,0.0,0.0,93.66,
ERCOT,92.5,15,72,13,0,122,0.5,0.0,0.5,93.66,
ERCOT,92.5,15,72,13,0,122,0.5,0.25,0.0,93.66,
ERCOT,92.5,15,72,13,0,122,0.5,0.25,0.5,93.66,
ERCOT,92.5,15,72,13,0,122,0.5,0.5,0.0,93.66,
ERCOT,92.5,15,72,13,0,122,0.5,0.5,0.5,93.66,
ERCOT,92.5,15,72,13,0,122,0.5,0.75,0.0,93.66,
ERCOT,92.5,15,72,13,0,122,0.5,0.75,0.5,93.66,
ERCOT,92.5,15,72,13,0,122,0.5,1.0,0.0,93.66,
ERCOT,92.5,15,72,13,0,122,0.5,1.0,0.5,93.66,
ERCOT,92.5,15,73,12,0,222,0.0,0.0,1.0,93.17,
ERCOT,92.5,15,73,12,0,182,0.0,0.0,1.5,92.65,
ERCOT,92.5,15,73,12,0,157,0.0,0.0,2.0,93.01,
ERCOT,92.5,15,73,12,0,147,0.0,0.0,2.5,93.66,
ERCOT,92.5,15,73,12,0,127,0.0,0.25,0.0,93.27,
ERCOT,92.5,15,73,12,0,122,0.0,0.25,0.5,92.96,
ERCOT,92.5,15,73,12,0,122,0.0,0.25,1.0,93.78,
ERCOT,92.5,15,73,12,0,122,0.0,0.5,0.0,93.56,
ERCOT,92.5,15,73,12,0,122,0.0,0.5,0.5,93.56,
ERCOT,92.5,15,73,12,0,122,0.0,0.75,0.0,93.56,
ERCOT,92.5,15,73,12,0,122,0.0,0.75,0.5,93.56,
ERCOT,92.5,15,73,12,0,122,0.0,1.0,0.0,93.56,
ERCOT,92.5,15,73,12,0,122,0.0,1.0,0.5,93.56,
ERCOT,92.5,15,73,12,0,122,0.25,0.0,0.0,93.43,
ERCOT,92.5,15,73,12,0,122,0.25,0.0,0.5,93.43,
ERCOT,92.5,15,73,12,0,122,0.25,0.25,0.0,93.43,
ERCOT,92.5,15,73,12,0,122,0.25,0.25,0.5,93.43,
ERCOT,92.5,15,73,12,0,122,0.25,0.5,0.0,93.43,
ERCOT,92.5,15,73,12,0,122,0.25,0.5,0.5,93.43,
ERCOT,92.5,15,73,12,0,122,0.25,0.75,0.0,93.43,
ERCOT,92.5,15,73,12,0,122,0.25,0.75,0.5,93.43,
ERCOT,92.5,15,73,12,0,122,0.25,1.0,0.0,93.43,
ERCOT,92.5,15,73,12,0,122,0.25,1.0,0.5,93.43,
ERCOT,92.5,15,73,12,0,122,0.5,0.0,0.0,93.43,
ERCOT,92.5,15,73,12,0,122,0.5,0.0,0.5,93.43,
ERCOT,92.5,15,73,12,0,122,0.5,0.25,0.0,93.43,
ERCOT,92.5,15,73,12,0,122,0.5,0.25,0.5,93.43,
ERCOT,92.5,15,73,12,0,122,0.5,0.5,0.0,93.43,
ERCOT,92.5,15,73,12,0,122,0.5,0.5,0.5,93.43,
ERCOT,92.5,15,73,12,0,122,0.5,0.75,0.0,93.43,
ERCOT,92.5,15,73,12,0,122,0.5,0.75,0.5,93.43,
ERCOT,92.5,15,73,12,0,122,0.5,1.0,0.0,93.43,
ERCOT,92.5,15,73,12,0,122,0.5,1.0,0.5,93.43,
ERCOT,92.5,15,74,11,0,227,0.0,0.0,1.0,92.66,
ERCOT,92.5,15,74,11,0,192,0.0,0.0,1.5,93.19,
ERCOT,92.5,15,74,11,0,162,0.0,0.0,2.0,93.15,
ERCOT,92.5,15,74,11,0,147,0.0,0.0,2.5,93.06,
ERCOT,92.5,15,74,11,0,127,0.0,0.25,0.0,92.78,
ERCOT,92.5,15,74,11,0,122,0.0,0.25,0.5,92.53,
ERCOT,92.5,15,74,11,0,122,0.0,0.25,1.0,93.42,
ERCOT,92.5,15,74,11,0,122,0.0,0.5,0.0,93.34,
ERCOT,92.5,15,74,11,0,122,0.0,0.5,0.5,93.34,
ERCOT,92.5,15,74,11,0,122,0.0,0.75,0.0,93.34,
ERCOT,92.5,15,74,11,0,122,0.0,0.75,0.5,93.34,
ERCOT,92.5,15,74,11,0,122,0.0,1.0,0.0,93.34,
ERCOT,92.5,15,74,11,0,122,0.0,1.0,0.5,93.34,
ERCOT,92.5,15,74,11,0,122,0.25,0.0,0.0,93.19,
ERCOT,92.5,15,74,11,0,122,0.25,0.0,0.5,93.19,
ERCOT,92.5,15,74,11,0,122,0.25,0.25,0.0,93.19,
ERCOT,92.5,15,74,11,0,122,0.25,0.25,0.5,93.19,
ERCOT,92.5,15,74,11,0,122,0.25,0.5,0.0,93.19,
ERCOT,92.5,15,74,11,0,122,0.25,0.5,0.5,93.19,
ERCOT,92.5,15,74,11,0,122,0.25,0.75,0.0,93.19,
ERCOT,92.5,15,74,11,0,122,0.25,0.75,0.5,93.19,
ERCOT,92.5,15,74,11,0,122,0.25,1.0,0.0,93.19,
ERCOT,92.5,15,74,11,0,122,0.25,1.0,0.5,93.19,
ERCOT,92.5,15,74,11,0,122,0.5,0.0,0.0,93.19,
ERCOT,92.5,15,74,11,0,122,0.5,0.0,0.5,93.19,
ERCOT,92.5,15,74,11,0,122,0.5,0.25,0.0,93.19,
ERCOT,92.5,15,74,11,0,122,0.5,0.25,0.5,93.19,
ERCOT,92.5,15,74,11,0,122,0.5,0.5,0.0,93.19,
ERCOT,92.5,15,74,11,0,122,0.5,0.5,0.5,93.19,
ERCOT,92.5,15,74,11,0,122,0.5,0.75,0.0,93.19,
ERCOT,92.5,15,74,11,0,122,0.5,0.75,0.5,93.19,
ERCOT,92.5,15,74,11,0,122,0.5,1.0,0.0,93.19,
ERCOT,92.5,15,74,11,0,122,0.5,1.0,0.5,93.19,
ERCOT,92.5,1,79,20,0,217,0.0,0.0,1.5,92.72,
ERCOT,92.5,1,79,20,0,177,0.0,0.0,2.0,92.53,
ERCOT,92.5,1,79,20,0,157,0.0,0.0,2.5,92.94,
ERCOT,92.5,1,79,20,0,137,0.0,0.25,0.0,93.0,
ERCOT,92.5,1,79,20,0,132,0.0,0.25,0.5,93.33,
ERCOT,92.5,1,79,20,0,127,0.0,0.25,1.0,93.3,
ERCOT,92.5,1,79,20,0,122,0.0,0.25,1.5,92.73,
ERCOT,92.5,1,79,20,0,122,0.0,0.25,2.0,93.35,
ERCOT,92.5,1,79,20,0,127,0.0,0.5,0.0,93.63,
ERCOT,92.5,1,79,20,0,127,0.0,0.5,0.5,93.63,
ERCOT,92.5,1,79,20,0,127,0.0,0.75,0.0,93.63,
ERCOT,92.5,1,79,20,0,127,0.0,0.75,0.5,93.63,
ERCOT,92.5,1,79,20,0,127,0.0,1.0,0.0,93.63,
ERCOT,92.5,1,79,20,0,127,0.0,1.0,0.5,93.63,
ERCOT,92.5,1,79,20,0,127,0.25,0.0,0.0,93.54,
ERCOT,92.5,1,79,20,0,127,0.25,0.0,0.5,93.54,
ERCOT,92.5,1,79,20,0,127,0.25,0.25,0.0,93.54,
ERCOT,92.5,1,79,20,0,127,0.25,0.25,0.5,93.54,
ERCOT,92.5,1,79,20,0,127,0.25,0.5,0.0,93.54,
ERCOT,92.5,1,79,20,0,127,0.25,0.5,0.5,93.54,
ERCOT,92.5,1,79,20,0,127,0.25,0.75,0.0,93.54,
ERCOT,92.5,1,79,20,0,127,0.25,0.75,0.5,93.54,
ERCOT,92.5,1,79,20,0,127,0.25,1.0,0.0,93.54,
ERCOT,92.5,1,79,20,0,127,0.25,1.0,0.5,93.54,
ERCOT,92.5,1,79,20,0,127,0.5,0.0,0.0,93.54,
ERCOT,92.5,1,79,20,0,127,0.5,0.0,0.5,93.54,
ERCOT,92.5,1,79,20,0,127,0.5,0.25,0.0,93.54,
ERCOT,92.5,1,79,20,0,127,0.5,0.25,0.5,93.54,
ERCOT,92.5,1,79,20,0,127,0.5,0.5,0.0,93.54,
ERCOT,92.5,1,79,20,0,127,0.5,0.5,0.5,93.54,
ERCOT,92.5,1,79,20,0,127,0.5,0.75,0.0,93.54,
ERCOT,92.5,1,79,20,0,127,0.5,0.75,0.5,93.54,
ERCOT,92.5,1,79,20,0,127,0.5,1.0,0.0,93.54,
ERCOT,92.5,1,79,20,0,127,0.5,1.0,0.5,93.54,
ERCOT,92.5,2,78,20,0,212,0.0,0.0,1.5,93.1,
ERCOT,92.5,2,78,20,0,172,0.0,0.0,2.0,92.6,
ERCOT,92.5,2,78,20,0,152,0.0,0.0,2.5,92.53,
ERCOT,92.5,2,78,20,0,137,0.0,0.25,0.0,93.49,
ERCOT,92.5,2,78,20,0,127,0.0,0.25,0.5,92.54,
ERCOT,92.5,2,78,20,0,127,0.0,0.25,1.0,93.67,
ERCOT,92.5,2,78,20,0,122,0.0,0.5,0.0,92.62,
ERCOT,92.5,2,78,20,0,122,0.0,0.5,0.5,92.62,
ERCOT,92.5,2,78,20,0,122,0.0,0.75,0.0,92.62,
ERCOT,92.5,2,78,20,0,122,0.0,0.75,0.5,92.62,
ERCOT,92.5,2,78,20,0,122,0.0,1.0,0.0,92.62,
ERCOT,92.5,2,78,20,0,122,0.0,1.0,0.5,92.62,
ERCOT,92.5,2,78,20,0,122,0.25,0.0,0.0,92.51,
ERCOT,92.5,2,78,20,0,122,0.25,0.0,0.5,92.51,
ERCOT,92.5,2,78,20,0,122,0.25,0.25,0.0,92.51,
ERCOT,92.5,2,78,20,0,122,0.25,0.25,0.5,92.51,
ERCOT,92.5,2,78,20,0,122,0.25,0.5,0.0,92.51,
ERCOT,92.5,2,78,20,0,122,0.25,0.5,0.5,92.51,
ERCOT,92.5,2,78,20,0,122,0.25,0.75,0.0,92.51,
ERCOT,92.5,2,78,20,0,122,0.25,0.75,0.5,92.51,
ERCOT,92.5,2,78,20,0,122,0.25,1.0,0.0,92.51,
ERCOT,92.5,2,78,20,0,122,0.25,1.0,0.5,92.51,
ERCOT,92.5,2,78,20,0,122,0.5,0.0,0.0,92.51,
ERCOT,92.5,2,78,20,0,122,0.5,0.0,0.5,92.51,
ERCOT,92.5,2,78,20,0,122,0.5,0.25,0.0,92.51,
ERCOT,92.5,2,78,20,0,122,0.5,0.25,0.5,92.51,
ERCOT,92.5,2,78,20,0,122,0.5,0.5,0.0,92.51,
ERCOT,92.5,2,78,20,0,122,0.5,0.5,0.5,92.51,
ERCOT,92.5,2,78,20,0,122,0.5,0.75,0.0,92.51,
ERCOT,92.5,2,78,20,0,122,0.5,0.75,0.5,92.51,
ERCOT,92.5,2,78,20,0,122,0.5,1.0,0.0,92.51,
ERCOT,92.5,2,78,20,0,122,0.5,1.0,0.5,92.51,
ERCOT,92.5,3,77,20,0,247,0.0,0.0,1.0,93.06,
ERCOT,92.5,3,77,20,0,202,0.0,0.0,1.5,92.75,
ERCOT,92.5,3,77,20,0,167,0.0,0.0,2.0,92.59,
ERCOT,92.5,3,77,20,0,152,0.0,0.0,2.5,93.12,
ERCOT,92.5,3,77,20,0,132,0.0,0.25,0.0,92.87,
ERCOT,92.5,3,77,20,0,127,0.0,0.25,0.5,92.95,
ERCOT,92.5,3,77,20,0,122,0.0,0.25,1.0,92.61,
ERCOT,92.5,3,77,20,0,122,0.0,0.25,1.5,93.38,
ERCOT,92.5,3,77,20,0,122,0.0,0.5,0.0,92.83,
ERCOT,92.5,3,77,20,0,122,0.0,0.5,0.5,92.83,
ERCOT,92.5,3,77,20,0,122,0.0,0.75,0.0,92.83,
ERCOT,92.5,3,77,20,0,122,0.0,0.75,0.5,92.83,
ERCOT,92.5,3,77,20,0,122,0.0,1.0,0.0,92.83,
ERCOT,92.5,3,77,20,0,122,0.0,1.0,0.5,92.83,
ERCOT,92.5,3,77,20,0,122,0.25,0.0,0.0,92.71,
ERCOT,92.5,3,77,20,0,122,0.25,0.0,0.5,92.71,
ERCOT,92.5,3,77,20,0,122,0.25,0.25,0.0,92.71,
ERCOT,92.5,3,77,20,0,122,0.25,0.25,0.5,92.71,
ERCOT,92.5,3,77,20,0,122,0.25,0.5,0.0,92.71,
ERCOT,92.5,3,77,20,0,122,0.25,0.5,0.5,92.71,
ERCOT,92.5,3,77,20,0,122,0.25,0.75,0.0,92.71,
ERCOT,92.5,3,77,20,0,122,0.25,0.75,0.5,92.71,
ERCOT,92.5,3,77,20,0,122,0.25,1.0,0.0,92.71,
ERCOT,92.5,3,77,20,0,122,0.25,1.0,0.5,92.71,
ERCOT,92.5,3,77,20,0,122,0.5,0.0,0.0,92.71,
ERCOT,92.5,3,77,20,0,122,0.5,0.0,0.5,92.71,
ERCOT,92.5,3,77,20,0,122,0.5,0.25,0.0,92.71,
ERCOT,92.5,3,77,20,0,122,0.5,0.25,0.5,92.71,
ERCOT,92.5,3,77,20,0,122,0.5,0.5,0.0,92.71,
ERCOT,92.5,3,77,20,0,122,0.5,0.5,0.5,92.71,
ERCOT,92.5,3,77,20,0,122,0.5,0.75,0.0,92.71,
ERCOT,92.5,3,77,20,0,122,0.5,0.75,0.5,92.71,
ERCOT,92.5,3,77,20,0,122,0.5,1.0,0.0,92.71,
ERCOT,92.5,3,77,20,0,122,0.5,1.0,0.5,92.71,
ERCOT,92.5,4,76,20,0,237,0.0,0.0,1.0,92.93,
ERCOT,92.5,4,76,20,0,197,0.0,0.0,1.5,93.0,
ERCOT,92.5,4,76,20,0,167,0.0,0.0,2.0,93.33,
ERCOT,92.5,4,76,20,0,147,0.0,0.0,2.5,92.53,
ERCOT,92.5,4,76,20,0,132,0.0,0.25,0.0,93.34,
ERCOT,92.5,4,76,20,0,127,0.0,0.25,0.5,93.35,
ERCOT,92.5,4,76,20,0,122,0.0,0.25,1.0,92.95,
ERCOT,92.5,4,76,20,0,122,0.0,0.25,1.5,93.66,
ERCOT,92.5,4,76,20,0,122,0.0,0.5,0.0,93.03,
ERCOT,92.5,4,76,20,0,122,0.0,0.5,0.5,93.03,
ERCOT,92.5,4,76,20,0,122,0.0,0.75,0.0,93.03,
ERCOT,92.5,4,76,20,0,122,0.0,0.75,0.5,93.03,
ERCOT,92.5,4,76,20,0,122,0.0,1.0,0.0,93.03,
ERCOT,92.5,4,76,20,0,122,0.0,1.0,0.5,93.03,
ERCOT,92.5,4,76,20,0,122,0.25,0.0,0.0,92.92,
ERCOT,92.5,4,76,20,0,122,0.25,0.0,0.5,92.92,
ERCOT,92.5,4,76,20,0,122,0.25,0.25,0.0,92.92,
ERCOT,92.5,4,76,20,0,122,0.25,0.25,0.5,92.92,
ERCOT,92.5,4,76,20,0,122,0.25,0.5,0.0,92.92,
ERCOT,92.5,4,76,20,0,122,0.25,0.5,0.5,92.92,
ERCOT,92.5,4,76,20,0,122,0.25,0.75,0.0,92.92,
ERCOT,92.5,4,76,20,0,122,0.25,0.75,0.5,92.92,
ERCOT,92.5,4,76,20,0,122,0.25,1.0,0.0,92.92,
ERCOT,92.5,4,76,20,0,122,0.25,1.0,0.5,92.92,
ERCOT,92.5,4,76,20,0,122,0.5,0.0,0.0,92.92,
ERCOT,92.5,4,76,20,0,122,0.5,0.0,0.5,92.92,
ERCOT,92.5,4,76,20,0,122,0.5,0.25,0.0,92.92,
ERCOT,92.5,4,76,20,0,122,0.5,0.25,0.5,92.92,
ERCOT,92.5,4,76,20,0,122,0.5,0.5,0.0,92.92,
ERCOT,92.5,4,76,20,0,122,0.5,0.5,0.5,92.92,
ERCOT,92.5,4,76,20,0,122,0.5,0.75,0.0,92.92,
ERCOT,92.5,4,76,20,0,122,0.5,0.75,0.5,92.92,
ERCOT,92.5,4,76,20,0,122,0.5,1.0,0.0,92.92,
ERCOT,92.5,4,76,20,0,122,0.5,1.0,0.5,92.92,
ERCOT,92.5,6,74,20,0,222,0.0,0.0,1.0,93.06,
ERCOT,92.5,6,74,20,0,182,0.0,0.0,1.5,92.58,
ERCOT,92.5,6,74,20,0,157,0.0,0.0,2.0,92.98,
ERCOT,92.5,6,74,20,0,147,0.0,0.0,2.5,93.61,
ERCOT,92.5,6,74,20,0,127,0.0,0.25,0.0,93.09,
ERCOT,92.5,6,74,20,0,122,0.0,0.25,0.5,92.79,
ERCOT,92.5,6,74,20,0,122,0.0,0.25,1.0,93.61,
ERCOT,92.5,6,74,20,0,122,0.0,0.5,0.0,93.43,
ERCOT,92.5,6,74,20,0,122,0.0,0.5,0.5,93.43,
ERCOT,92.5,6,74,20,0,122,0.0,0.75,0.0,93.43,
ERCOT,92.5,6,74,20,0,122,0.0,0.75,0.5,93.43,
ERCOT,92.5,6,74,20,0,122,0.0,1.0,0.0,93.43,
ERCOT,92.5,6,74,20,0,122,0.0,1.0,0.5,93.43,
ERCOT,92.5,6,74,20,0,122,0.25,0.0,0.0,93.33,
ERCOT,92.5,6,74,20,0,122,0.25,0.0,0.5,93.33,
ERCOT,92.5,6,74,20,0,122,0.25,0.25,0.0,93.33,
ERCOT,92.5,6,74,20,0,122,0.25,0.25,0.5,93.33,
ERCOT,92.5,6,74,20,0,122,0.25,0.5,0.0,93.33,
ERCOT,92.5,6,74,20,0,122,0.25,0.5,0.5,93.33,
ERCOT,92.5,6,74,20,0,122,0.25,0.75,0.0,93.33,
ERCOT,92.5,6,74,20,0,122,0.25,0.75,0.5,93.33,
ERCOT,92.5,6,74,20,0,122,0.25,1.0,0.0,93.33,
ERCOT,92.5,6,74,20,0,122,0.25,1.0,0.5,93.33,
ERCOT,92.5,6,74,20,0,122,0.5,0.0,0.0,93.33,
ERCOT,92.5,6,74,20,0,122,0.5,0.0,0.5,93.33,
ERCOT,92.5,6,74,20,0,122,0.5,0.25,0.0,93.33,
ERCOT,92.5,6,74,20,0,122,0.5,0.25,0.5,93.33,
ERCOT,92.5,6,74,20,0,122,0.5,0.5,0.0,93.33,
ERCOT,92.5,6,74,20,0,122,0.5,0.5,0.5,93.33,
ERCOT,92.5,6,74,20,0,122,0.5,0.75,0.0,93.33,
ERCOT,92.5,6,74,20,0,122,0.5,0.75,0.5,93.33,
ERCOT,92.5,6,74,20,0,122,0.5,1.0,0.0,93.33,
ERCOT,92.5,6,74,20,0,122,0.5,1.0,0.5,93.33,
ERCOT,92.5,7,73,20,0,212,0.0,0.0,1.0,92.66,
ERCOT,92.5,7,73,20,0,177,0.0,0.0,1.5,92.64,
ERCOT,92.5,7,73,20,0,152,0.0,0.0,2.0,92.65,
ERCOT,92.5,7,73,20,0,142,0.0,0.0,2.5,92.75,
ERCOT,92.5,7,73,20,0,127,0.0,0.25,0.0,93.52,
ERCOT,92.5,7,73,20,0,122,0.0,0.25,0.5,93.17,
ERCOT,92.5,7,73,20,0,122,0.0,0.25,1.0,93.94,
ERCOT,92.5,7,73,20,0,122,0.0,0.5,0.0,93.64,
ERCOT,92.5,7,73,20,0,122,0.0,0.5,0.5,93.64,
ERCOT,92.5,7,73,20,0,122,0.0,0.75,0.0,93.64,
ERCOT,92.5,7,73,20,0,122,0.0,0.75,0.5,93.64,
ERCOT,92.5,7,73,20,0,122,0.0,1.0,0.0,93.64,
ERCOT,92.5,7,73,20,0,122,0.0,1.0,0.5,93.64,
ERCOT,92.5,7,73,20,0,122,0.25,0.0,0.0,93.53,
ERCOT,92.5,7,73,20,0,122,0.25,0.0,0.5,93.53,
ERCOT,92.5,7,73,20,0,122,0.25,0.25,0.0,93.53,
ERCOT,92.5,7,73,20,0,122,0.25,0.25,0.5,93.53,
ERCOT,92.5,7,73,20,0,122,0.25,0.5,0.0,93.53,
ERCOT,92.5,7,73,20,0,122,0.25,0.5,0.5,93.53,
ERCOT,92.5,7,73,20,0,122,0.25,0.75,0.0,93.53,
ERCOT,92.5,7,73,20,0,122,0.25,0.75,0.5,93.53,
ERCOT,92.5,7,73,20,0,122,0.25,1.0,0.0,93.53,
ERCOT,92.5,7,73,20,0,122,0.25,1.0,0.5,93.53,
ERCOT,92.5,7,73,20,0,122,0.5,0.0,0.0,93.53,
ERCOT,92.5,7,73,20,0,122,0.5,0.0,0.5,93.53,
ERCOT,92.5,7,73,20,0,122,0.5,0.25,0.0,93.53,
ERCOT,92.5,7,73,20,0,122,0.5,0.25,0.5,93.53,
ERCOT,92.5,7,73,20,0,122,0.5,0.5,0.0,93.53,
ERCOT,92.5,7,73,20,0,122,0.5,0.5,0.5,93.53,
ERCOT,92.5,7,73,20,0,122,0.5,0.75,0.0,93.53,
ERCOT,92.5,7,73,20,0,122,0.5,0.75,0.5,93.53,
ERCOT,92.5,7,73,20,0,122,0.5,1.0,0.0,93.53,
ERCOT,92.5,7,73,20,0,122,0.5,1.0,0.5,93.53,
ERCOT,92.5,8,72,20,0,247,0.0,0.0,0.5,93.0,
ERCOT,92.5,8,72,20,0,207,0.0,0.0,1.0,92.9,
ERCOT,92.5,8,72,20,0,172,0.0,0.0,1.5,92.64,
ERCOT,92.5,8,72,20,0,152,0.0,0.0,2.0,93.31,
ERCOT,92.5,8,72,20,0,142,0.0,0.0,2.5,93.22,
ERCOT,92.5,8,72,20,0,122,0.0,0.25,0.0,92.71,
ERCOT,92.5,8,72,20,0,122,0.0,0.25,0.5,93.53,
ERCOT,92.5,8,72,20,0,122,0.0,0.5,0.0,93.83,
ERCOT,92.5,8,72,20,0,122,0.0,0.5,0.5,93.83,
ERCOT,92.5,8,72,20,0,122,0.0,0.75,0.0,93.83,
ERCOT,92.5,8,72,20,0,122,0.0,0.75,0.5,93.83,
ERCOT,92.5,8,72,20,0,122,0.0,1.0,0.0,93.83,
ERCOT,92.5,8,72,20,0,122,0.0,1.0,0.5,93.83,
ERCOT,92.5,8,72,20,0,122,0.25,0.0,0.0,93.74,
ERCOT,92.5,8,72,20,0,122,0.25,0.0,0.5,93.74,
ERCOT,92.5,8,72,20,0,122,0.25,0.25,0.0,93.74,
ERCOT,92.5,8,72,20,0,122,0.25,0.25,0.5,93.74,
ERCOT,92.5,8,72,20,0,122,0.25,0.5,0.0,93.74,
ERCOT,92.5,8,72,20,0,122,0.25,0.5,0.5,93.74,
ERCOT,92.5,8,72,20,0,122,0.25,0.75,0.0,93.74,
ERCOT,92.5,8,72,20,0,122,0.25,0.75,0.5,93.74,
ERCOT,92.5,8,72,20,0,122,0.25,1.0,0.0,93.74,
ERCOT,92.5,8,72,20,0,122,0.25,1.0,0.5,93.74,
ERCOT,92.5,8,72,20,0,122,0.5,0.0,0.0,93.74,
ERCOT,92.5,8,72,20,0,122,0.5,0.0,0.5,93.74,
ERCOT,92.5,8,72,20,0,122,0.5,0.25,0.0,93.74,
ERCOT,92.5,8,72,20,0,122,0.5,0.25,0.5,93.74,
ERCOT,92.5,8,72,20,0,122,0.5,0.5,0.0,93.74,
ERCOT,92.5,8,72,20,0,122,0.5,0.5,0.5,93.74,
ERCOT,92.5,8,72,20,0,122,0.5,0.75,0.0,93.74,
ERCOT,92.5,8,72,20,0,122,0.5,0.75,0.5,93.74,
ERCOT,92.5,8,72,20,0,122,0.5,1.0,0.0,93.74,
ERCOT,92.5,8,72,20,0,122,0.5,1.0,0.5,93.74,
ERCOT,92.5,9,71,20,0,237,0.0,0.0,0.5,92.66,
ERCOT,92.5,9,71,20,0,202,0.0,0.0,1.0,93.09,
ERCOT,92.5,9,71,20,0,167,0.0,0.0,1.5,92.58,
ERCOT,92.5,9,71,20,0,147,0.0,0.0,2.0,92.83,
ERCOT,92.5,9,71,20,0,142,0.0,0.0,2.5,93.69,
ERCOT,92.5,9,71,20,0,122,0.0,0.25,0.0,93.1,
ERCOT,92.5,9,71,20,0,122,0.0,0.25,0.5,93.86,
ERCOT,92.5,9,71,20,0,122,0.0,0.5,0.0,94.03,
ERCOT,92.5,9,71,20,0,122,0.0,0.5,0.5,94.03,
ERCOT,92.5,9,71,20,0,122,0.0,0.75,0.0,94.03,
ERCOT,92.5,9,71,20,0,122,0.0,0.75,0.5,94.03,
ERCOT,92.5,9,71,20,0,122,0.0,1.0,0.0,94.03,
ERCOT,92.5,9,71,20,0,122,0.0,1.0,0.5,94.03,
ERCOT,92.5,9,71,20,0,122,0.25,0.0,0.0,93.94,
ERCOT,92.5,9,71,20,0,122,0.25,0.0,0.5,93.94,
ERCOT,92.5,9,71,20,0,122,0.25,0.25,0.0,93.94,
ERCOT,92.5,9,71,20,0,122,0.25,0.25,0.5,93.94,
ERCOT,92.5,9,71,20,0,122,0.25,0.5,0.0,93.94,
ERCOT,92.5,9,71,20,0,122,0.25,0.5,0.5,93.94,
ERCOT,92.5,9,71,20,0,122,0.25,0.75,0.0,93.94,
ERCOT,92.5,9,71,20,0,122,0.25,0.75,0.5,93.94,
ERCOT,92.5,9,71,20,0,122,0.25,1.0,0.0,93.94,
ERCOT,92.5,9,71,20,0,122,0.25,1.0,0.5,93.94,
ERCOT,92.5,9,71,20,0,122,0.5,0.0,0.0,93.94,
ERCOT,92.5,9,71,20,0,122,0.5,0.0,0.5,93.94,
ERCOT,92.5,9,71,20,0,122,0.5,0.25,0.0,93.94,
ERCOT,92.5,9,71,20,0,122,0.5,0.25,0.5,93.94,
ERCOT,92.5,9,71,20,0,122,0.5,0.5,0.0,93.94,
ERCOT,92.5,9,71,20,0,122,0.5,0.5,0.5,93.94,
ERCOT,92.5,9,71,20,0,122,0.5,0.75,0.0,93.94,
ERCOT,92.5,9,71,20,0,122,0.5,0.75,0.5,93.94,
ERCOT,92.5,9,71,20,0,122,0.5,1.0,0.0,93.94,
ERCOT,92.5,9,71,20,0,122,0.5,1.0,0.5,93.94,
ERCOT,92.5,1,40,59,0,147,0.0,0.0,0.0,92.85,
ERCOT,92.5,1,41,58,0,152,0.0,0.0,0.0,93.25,
ERCOT,92.5,1,42,57,0,152,0.0,0.0,0.0,92.88,
ERCOT,92.5,1,43,56,0,157,0.0,0.0,0.0,93.24,
ERCOT,92.5,1,44,55,0,157,0.0,0.0,0.0,92.86,
ERCOT,92.5,2,39,59,0,147,0.0,0.0,0.0,93.24,
ERCOT,92.5,2,40,58,0,147,0.0,0.0,0.0,92.88,
ERCOT,92.5,2,41,57,0,147,0.0,0.0,0.0,92.5,
ERCOT,92.5,2,42,56,0,152,0.0,0.0,0.0,92.92,
ERCOT,92.5,2,43,55,0,152,0.0,0.0,0.0,92.52,
ERCOT,92.5,2,44,54,0,157,0.0,0.0,0.0,92.89,
ERCOT,92.5,3,38,59,0,142,0.0,0.0,0.0,92.82,
ERCOT,92.5,3,39,58,0,147,0.0,0.0,0.0,93.28,
ERCOT,92.5,3,40,57,0,147,0.0,0.0,0.0,92.92,
ERCOT,92.5,3,41,56,0,147,0.0,0.0,0.0,92.53,
ERCOT,92.5,3,42,55,0,152,0.0,0.0,0.0,92.95,
ERCOT,92.5,3,43,54,0,152,0.0,0.0,0.0,92.55,
ERCOT,92.5,3,44,53,0,157,0.0,0.0,0.0,92.92,
ERCOT,92.5,4,37,59,0,142,0.0,0.0,0.0,93.21,
ERCOT,92.5,4,38,58,0,142,0.0,0.0,0.0,92.85,
ERCOT,92.5,4,39,57,0,147,0.0,0.0,0.0,93.31,
ERCOT,92.5,4,40,56,0,147,0.0,0.0,0.0,92.95,
ERCOT,92.5,4,41,55,0,147,0.0,0.0,0.0,92.56,
ERCOT,92.5,4,42,54,0,152,0.0,0.0,0.0,92.98,
ERCOT,92.5,4,43,53,0,152,0.0,0.0,0.0,92.58,
ERCOT,92.5,4,44,52,0,157,0.0,0.0,0.0,92.95,
ERCOT,92.5,5,36,59,0,137,0.0,0.0,0.0,92.73,
ERCOT,92.5,5,37,58,0,142,0.0,0.0,0.0,93.24,
ERCOT,92.5,5,38,57,0,142,0.0,0.0,0.0,92.88,
ERCOT,92.5,5,39,56,0,142,0.0,0.0,0.0,92.51,
ERCOT,92.5,5,41,54,0,147,0.0,0.0,0.0,92.59,
ERCOT,92.5,5,42,53,0,152,0.0,0.0,0.0,93.01,
ERCOT,92.5,5,43,52,0,152,0.0,0.0,0.0,92.61,
ERCOT,92.5,5,44,51,0,157,0.0,0.0,0.0,92.99,
ERCOT,92.5,6,36,58,0,137,0.0,0.0,0.0,92.75,
ERCOT,92.5,6,37,57,0,142,0.0,0.0,0.0,93.27,
ERCOT,92.5,6,38,56,0,142,0.0,0.0,0.0,92.91,
ERCOT,92.5,6,39,55,0,142,0.0,0.0,0.0,92.53,
ERCOT,92.5,6,40,54,0,147,0.0,0.0,0.0,93.01,
ERCOT,92.5,6,41,53,0,147,0.0,0.0,0.0,92.61,
ERCOT,92.5,6,42,52,0,152,0.0,0.0,0.0,93.04,
ERCOT,92.5,6,43,51,0,152,0.0,0.0,0.0,92.63,
ERCOT,92.5,7,36,57,0,137,0.0,0.0,0.0,92.78,
ERCOT,92.5,7,37,56,0,142,0.0,0.0,0.0,93.3,
ERCOT,92.5,7,38,55,0,142,0.0,0.0,0.0,92.94,
ERCOT,92.5,7,39,54,0,142,0.0,0.0,0.0,92.56,
ERCOT,92.5,7,40,53,0,147,0.0,0.0,0.0,93.04,
ERCOT,92.5,7,41,52,0,147,0.0,0.0,0.0,92.64,
ERCOT,92.5,7,42,51,0,152,0.0,0.0,0.0,93.07,
ERCOT,92.5,8,36,56,0,137,0.0,0.0,0.0,92.81,
ERCOT,92.5,8,37,55,0,142,0.0,0.0,0.0,93.33,
ERCOT,92.5,8,38,54,0,142,0.0,0.0,0.0,92.97,
ERCOT,92.5,8,39,53,0,142,0.0,0.0,0.0,92.58,
ERCOT,92.5,8,40,52,0,147,0.0,0.0,0.0,93.06,
ERCOT,92.5,8,41,51,0,147,0.0,0.0,0.0,92.66,
ERCOT,92.5,9,36,55,0,137,0.0,0.0,0.0,92.83,
ERCOT,92.5,9,37,54,0,142,0.0,0.0,0.0,93.36,
ERCOT,92.5,9,38,53,0,142,0.0,0.0,0.0,92.99,
ERCOT,92.5,9,39,52,0,142,0.0,0.0,0.0,92.6,
ERCOT,92.5,9,40,51,0,147,0.0,0.0,0.0,93.09,
ERCOT,92.5,6,55,39,0,192,0.0,0.0,0.0,92.79,
ERCOT,92.5,6,56,38,0,197,0.0,0.0,0.0,92.9,
ERCOT,92.5,6,57,37,0,202,0.0,0.0,0.0,92.97,
ERCOT,92.5,6,58,36,0,207,0.0,0.0,0.0,93.01,
ERCOT,92.5,6,59,35,0,212,0.0,0.0,0.0,93.02,
ERCOT,92.5,7,55,38,0,192,0.0,0.0,0.0,92.82,
ERCOT,92.5,7,56,37,0,197,0.0,0.0,0.0,92.92,
ERCOT,92.5,7,57,36,0,202,0.0,0.0,0.0,93.0,
ERCOT,92.5,7,58,35,0,207,0.0,0.0,0.0,93.04,
ERCOT,92.5,7,59,34,0,212,0.0,0.0,0.0,93.06,
ERCOT,92.5,8,55,37,0,192,0.0,0.0,0.0,92.85,
ERCOT,92.5,8,56,36,0,197,0.0,0.0,0.0,92.95,
ERCOT,92.5,8,57,35,0,202,0.0,0.0,0.0,93.03,
ERCOT,92.5,8,58,34,0,207,0.0,0.0,0.0,93.07,
ERCOT,92.5,8,59,33,0,212,0.0,0.0,0.0,93.08,
ERCOT,92.5,9,55,36,0,192,0.0,0.0,0.0,92.87,
ERCOT,92.5,9,56,35,0,197,0.0,0.0,0.0,92.98,
ERCOT,92.5,9,57,34,0,202,0.0,0.0,0.0,93.05,
ERCOT,92.5,9,58,33,0,207,0.0,0.0,0.0,93.1,
ERCOT,92.5,9,59,32,0,212,0.0,0.0,0.0,93.11,
ERCOT,92.5,10,56,34,0,197,0.0,0.0,0.0,93.0,
ERCOT,92.5,10,57,33,0,202,0.0,0.0,0.0,93.08,
ERCOT,92.5,10,58,32,0,207,0.0,0.0,0.0,93.12,
ERCOT,92.5,10,59,31,0,212,0.0,0.0,0.0,93.14,
ERCOT,92.5,11,54,35,0,187,0.0,0.0,0.0,92.78,
ERCOT,92.5,12,53,35,0,182,0.0,0.0,0.0,92.62,
ERCOT,92.5,13,52,35,0,182,0.0,0.0,0.0,93.19,
ERCOT,92.5,14,51,35,0,177,0.0,0.0,0.0,93.0,
ERCOT,92.5,81,5,14,0,112,0.0,0.0,0.0,94.23,
ERCOT,92.5,81,6,13,0,107,0.0,0.0,0.0,92.53,
ERCOT,92.5,81,7,12,0,107,0.0,0.0,0.0,92.63,
ERCOT,92.5,81,8,11,0,107,0.0,0.0,0.0,92.69,
ERCOT,92.5,81,9,10,0,107,0.0,0.0,0.0,92.71,
ERCOT,92.5,82,4,14,0,112,0.0,0.0,0.0,94.04,
ERCOT,92.5,82,5,13,0,112,0.0,0.0,0.0,94.26,
ERCOT,92.5,82,6,12,0,107,0.0,0.0,0.0,92.55,
ERCOT,92.5,82,7,11,0,107,0.0,0.0,0.0,92.64,
ERCOT,92.5,82,8,10,0,107,0.0,0.0,0.0,92.7,
ERCOT,92.5,82,9,9,0,107,0.0,0.0,0.0,92.7,
ERCOT,92.5,83,3,14,0,112,0.0,0.0,0.0,93.82,
ERCOT,92.5,83,4,13,0,112,0.0,0.0,0.0,94.07,
ERCOT,92.5,83,5,12,0,112,0.0,0.0,0.0,94.29,
ERCOT,92.5,83,6,11,0,107,0.0,0.0,0.0,92.56,
ERCOT,92.5,83,7,10,0,107,0.0,0.0,0.0,92.65,
ERCOT,92.5,83,8,9,0,107,0.0,0.0,0.0,92.7,
ERCOT,92.5,83,9,8,0,107,0.0,0.0,0.0,92.7,
ERCOT,92.5,84,2,14,0,112,0.0,0.0,0.0,93.57,
ERCOT,92.5,84,3,13,0,112,0.0,0.0,0.0,93.85,
ERCOT,92.5,84,4,12,0,112,0.0,0.0,0.0,94.1,
ERCOT,92.5,84,5,11,0,112,0.0,0.0,0.0,94.31,
ERCOT,92.5,84,6,10,0,107,0.0,0.0,0.0,92.57,
ERCOT,92.5,84,7,9,0,107,0.0,0.0,0.0,92.66,
ERCOT,92.5,84,8,8,0,107,0.0,0.0,0.0,92.7,
ERCOT,92.5,84,9,7,0,107,0.0,0.0,0.0,92.69,
ERCOT,92.5,85,1,14,0,112,0.0,0.0,0.0,93.3,
ERCOT,92.5,85,2,13,0,112,0.0,0.0,0.0,93.6,
ERCOT,92.5,85,3,12,0,112,0.0,0.0,0.0,93.88,
ERCOT,92.5,85,4,11,0,112,0.0,0.0,0.0,94.12,
ERCOT,92.5,85,6,9,0,107,0.0,0.0,0.0,92.58,
ERCOT,92.5,85,7,8,0,107,0.0,0.0,0.0,92.66,
ERCOT,92.5,85,8,7,0,107,0.0,0.0,0.0,92.7,
ERCOT,92.5,85,9,6,0,107,0.0,0.0,0.0,92.68,
ERCOT,92.5,86,1,13,0,112,0.0,0.0,0.0,93.33,
ERCOT,92.5,86,2,12,0,112,0.0,0.0,0.0,93.63,
ERCOT,92.5,86,3,11,0,112,0.0,0.0,0.0,93.91,
ERCOT,92.5,86,4,10,0,112,0.0,0.0,0.0,94.15,
ERCOT,92.5,86,5,9,0,112,0.0,0.0,0.0,94.36,
ERCOT,92.5,86,6,8,0,107,0.0,0.0,0.0,92.58,
ERCOT,92.5,86,7,7,0,107,0.0,0.0,0.0,92.66,
ERCOT,92.5,86,8,6,0,107,0.0,0.0,0.0,92.69,
ERCOT,92.5,87,1,12,0,112,0.0,0.0,0.0,93.36,
ERCOT,92.5,87,2,11,0,112,0.0,0.0,0.0,93.66,
ERCOT,92.5,87,3,10,0,112,0.0,0.0,0.0,93.93,
ERCOT,92.5,87,4,9,0,112,0.0,0.0,0.0,94.17,
ERCOT,92.5,87,5,8,0,112,0.0,0.0,0.0,94.38,
ERCOT,92.5,87,6,7,0,107,0.0,0.0,0.0,92.58,
ERCOT,92.5,87,7,6,0,107,0.0,0.0,0.0,92.66,
ERCOT,92.5,88,1,11,0,112,0.0,0.0,0.0,93.39,
ERCOT,92.5,88,2,10,0,112,0.0,0.0,0.0,93.69,
ERCOT,92.5,88,3,9,0,112,0.0,0.0,0.0,93.95,
ERCOT,92.5,88,4,8,0,112,0.0,0.0,0.0,94.19,
ERCOT,92.5,88,5,7,0,112,0.0,0.0,0.0,94.39,
ERCOT,92.5,88,6,6,0,107,0.0,0.0,0.0,92.58,
ERCOT,92.5,89,1,10,0,112,0.0,0.0,0.0,93.42,
ERCOT,92.5,89,2,9,0,112,0.0,0.0,0.0,93.71,
ERCOT,92.5,89,3,8,0,112,0.0,0.0,0.0,93.97,
ERCOT,92.5,89,4,7,0,112,0.0,0.0,0.0,94.21,
ERCOT,92.5,89,5,6,0,112,0.0,0.0,0.0,94.41,
ERCOT,92.5,6,25,69,0,122,0.0,0.0,0.0,93.22,
ERCOT,92.5,7,24,69,0,122,0.0,0.0,0.0,93.47,
ERCOT,92.5,7,25,68,0,122,0.0,0.0,0.0,93.26,
ERCOT,92.5,8,23,69,0,117,0.0,0.0,0.0,92.51,
ERCOT,92.5,8,24,68,0,122,0.0,0.0,0.0,93.52,
ERCOT,92.5,8,25,67,0,122,0.0,0.0,0.0,93.3,
ERCOT,92.5,9,22,69,0,117,0.0,0.0,0.0,92.7,
ERCOT,92.5,9,23,68,0,117,0.0,0.0,0.0,92.56,
ERCOT,92.5,9,24,67,0,122,0.0,0.0,0.0,93.56,
ERCOT,92.5,9,25,66,0,122,0.0,0.0,0.0,93.34,
ERCOT,92.5,10,21,69,0,117,0.0,0.0,0.0,92.87,
ERCOT,92.5,10,22,68,0,117,0.0,0.0,0.0,92.75,
ERCOT,92.5,10,23,67,0,117,0.0,0.0,0.0,92.6,
ERCOT,92.5,10,24,66,0,122,0.0,0.0,0.0,93.6,
ERCOT,92.5,10,26,64,0,122,0.0,0.0,0.0,93.12,
ERCOT,92.5,10,27,63,0,122,0.0,0.0,0.0,92.85,
ERCOT,92.5,10,28,62,0,122,0.0,0.0,0.0,92.55,
ERCOT,92.5,10,29,61,0,127,0.0,0.0,0.0,93.3,
ERCOT,92.5,11,25,64,0,122,0.0,0.0,0.0,93.41,
ERCOT,92.5,11,26,63,0,122,0.0,0.0,0.0,93.16,
ERCOT,92.5,11,27,62,0,122,0.0,0.0,0.0,92.88,
ERCOT,92.5,11,28,61,0,122,0.0,0.0,0.0,92.57,
ERCOT,92.5,12,25,63,0,122,0.0,0.0,0.0,93.45,
ERCOT,92.5,12,26,62,0,122,0.0,0.0,0.0,93.19,
ERCOT,92.5,12,27,61,0,122,0.0,0.0,0.0,92.91,
ERCOT,92.5,13,25,62,0,122,0.0,0.0,0.0,93.49,
ERCOT,92.5,13,26,61,0,122,0.0,0.0,0.0,93.22,
ERCOT,92.5,14,25,61,0,122,0.0,0.0,0.0,93.52,
ERCOT,92.5,11,40,49,0,147,0.0,0.0,0.0,93.14,
ERCOT,92.5,12,40,48,0,147,0.0,0.0,0.0,93.17,
ERCOT,92.5,13,40,47,0,147,0.0,0.0,0.0,93.19,
ERCOT,92.5,14,40,46,0,147,0.0,0.0,0.0,93.21,
ERCOT,92.5,15,41,44,0,147,0.0,0.0,0.0,92.81,
ERCOT,92.5,15,42,43,0,152,0.0,0.0,0.0,93.27,
ERCOT,92.5,15,43,42,0,152,0.0,0.0,0.0,92.82,
ERCOT,92.5,15,44,41,0,157,0.0,0.0,0.0,93.24,
ERCOT,92.5,16,39,45,0,142,0.0,0.0,0.0,92.74,
ERCOT,92.5,17,38,45,0,142,0.0,0.0,0.0,93.18,
ERCOT,92.5,18,37,45,0,137,0.0,0.0,0.0,92.6,
ERCOT,92.5,19,36,45,0,137,0.0,0.0,0.0,93.04,
ERCOT,92.5,31,10,59,0,117,0.0,0.0,0.0,93.77,
ERCOT,92.5,32,9,59,0,117,0.0,0.0,0.0,93.64,
ERCOT,92.5,32,10,58,0,117,0.0,0.0,0.0,93.84,
ERCOT,92.5,33,8,59,0,117,0.0,0.0,0.0,93.5,
ERCOT,92.5,33,9,58,0,117,0.0,0.0,0.0,93.72,
ERCOT,92.5,33,10,57,0,117,0.0,0.0,0.0,93.92,
ERCOT,92.5,34,7,59,0,117,0.0,0.0,0.0,93.33,
ERCOT,92.5,34,8,58,0,117,0.0,0.0,0.0,93.58,
ERCOT,92.5,34,9,57,0,117,0.0,0.0,0.0,93.8,
ERCOT,92.5,34,10,56,0,112,0.0,0.0,0.0,92.5,
ERCOT,92.5,35,6,59,0,117,0.0,0.0,0.0,93.14,
ERCOT,92.5,35,7,58,0,117,0.0,0.0,0.0,93.41,
ERCOT,92.5,35,8,57,0,117,0.0,0.0,0.0,93.65,
ERCOT,92.5,35,9,56,0,117,0.0,0.0,0.0,93.88,
ERCOT,92.5,35,11,54,0,112,0.0,0.0,0.0,92.73,
ERCOT,92.5,35,12,53,0,112,0.0,0.0,0.0,92.86,
ERCOT,92.5,35,13,52,0,112,0.0,0.0,0.0,92.96,
ERCOT,92.5,35,14,51,0,112,0.0,0.0,0.0,93.02,
ERCOT,92.5,36,6,58,0,117,0.0,0.0,0.0,93.22,
ERCOT,92.5,36,7,57,0,117,0.0,0.0,0.0,93.49,
ERCOT,92.5,36,8,56,0,117,0.0,0.0,0.0,93.73,
ERCOT,92.5,36,9,55,0,117,0.0,0.0,0.0,93.95,
ERCOT,92.5,37,6,57,0,117,0.0,0.0,0.0,93.3,
ERCOT,92.5,37,7,56,0,117,0.0,0.0,0.0,93.57,
ERCOT,92.5,37,8,55,0,117,0.0,0.0,0.0,93.81,
ERCOT,92.5,38,6,56,0,117,0.0,0.0,0.0,93.38,
ERCOT,92.5,38,7,55,0,117,0.0,0.0,0.0,93.65,
ERCOT,92.5,39,6,55,0,117,0.0,0.0,0.0,93.46,
ERCOT,92.5,16,15,69,0,117,0.0,0.0,0.0,93.3,
ERCOT,92.5,17,14,69,0,117,0.0,0.0,0.0,93.27,
ERCOT,92.5,17,15,68,0,117,0.0,0.0,0.0,93.37,
ERCOT,92.5,18,13,69,0,117,0.0,0.0,0.0,93.23,
ERCOT,92.5,18,14,68,0,117,0.0,0.0,0.0,93.35,
ERCOT,92.5,18,15,67,0,117,0.0,0.0,0.0,93.45,
ERCOT,92.5,19,12,69,0,117,0.0,0.0,0.0,93.16,
ERCOT,92.5,19,13,68,0,117,0.0,0.0,0.0,93.31,
ERCOT,92.5,19,14,67,0,117,0.0,0.0,0.0,93.43,
ERCOT,92.5,19,15,66,0,117,0.0,0.0,0.0,93.52,
ERCOT,92.5,20,11,69,0,117,0.0,0.0,0.0,93.07,
ERCOT,92.5,20,12,68,0,117,0.0,0.0,0.0,93.24,
ERCOT,92.5,20,13,67,0,117,0.0,0.0,0.0,93.39,
ERCOT,92.5,20,14,66,0,117,0.0,0.0,0.0,93.51,
ERCOT,92.5,20,16,64,0,117,0.0,0.0,0.0,93.65,
ERCOT,92.5,20,17,63,0,117,0.0,0.0,0.0,93.67,
ERCOT,92.5,20,18,62,0,117,0.0,0.0,0.0,93.66,
ERCOT,92.5,20,19,61,0,117,0.0,0.0,0.0,93.61,
ERCOT,92.5,20,31,49,0,127,0.0,0.0,0.0,92.85,
ERCOT,92.5,20,32,48,0,132,0.0,0.0,0.0,93.57,
ERCOT,92.5,20,33,47,0,132,0.0,0.0,0.0,93.2,
ERCOT,92.5,20,34,46,0,132,0.0,0.0,0.0,92.8,
ERCOT,92.5,21,35,44,0,137,0.0,0.0,0.0,93.47,
ERCOT,92.5,22,35,43,0,137,0.0,0.0,0.0,93.49,
ERCOT,92.5,23,35,42,0,137,0.0,0.0,0.0,93.51,
ERCOT,92.5,24,35,41,0,137,0.0,0.0,0.0,93.52,
ERCOT,92.5,16,60,24,0,212,0.0,0.0,0.0,92.5,
ERCOT,92.5,16,61,23,0,222,0.0,0.0,0.0,93.15,
ERCOT,92.5,16,62,22,0,227,0.0,0.0,0.0,93.05,
ERCOT,92.5,16,63,21,0,232,0.0,0.0,0.0,92.91,
ERCOT,92.5,16,64,20,0,237,0.0,0.0,0.0,92.74,
ERCOT,92.5,17,59,24,0,207,0.0,0.0,0.0,92.51,
ERCOT,92.5,17,60,23,0,217,0.0,0.0,0.0,93.21,
ERCOT,92.5,17,61,22,0,222,0.0,0.0,0.0,93.15,
ERCOT,92.5,17,62,21,0,227,0.0,0.0,0.0,93.04,
ERCOT,92.5,17,63,20,0,232,0.0,0.0,0.0,92.9,
ERCOT,92.5,18,58,24,0,207,0.0,0.0,0.0,93.23,
ERCOT,92.5,18,59,23,0,212,0.0,0.0,0.0,93.23,
ERCOT,92.5,18,60,22,0,217,0.0,0.0,0.0,93.21,
ERCOT,92.5,18,61,21,0,222,0.0,0.0,0.0,93.14,
ERCOT,92.5,18,62,20,0,227,0.0,0.0,0.0,93.03,
ERCOT,92.5,19,57,24,0,202,0.0,0.0,0.0,93.19,
ERCOT,92.5,19,58,23,0,207,0.0,0.0,0.0,93.23,
ERCOT,92.5,19,59,22,0,212,0.0,0.0,0.0,93.23,
ERCOT,92.5,19,60,21,0,217,0.0,0.0,0.0,93.2,
ERCOT,92.5,19,61,20,0,222,0.0,0.0,0.0,93.13,
ERCOT,92.5,20,56,24,0,197,0.0,0.0,0.0,93.11,
ERCOT,92.5,20,57,23,0,202,0.0,0.0,0.0,93.18,
ERCOT,92.5,20,58,22,0,207,0.0,0.0,0.0,93.22,
ERCOT,92.5,20,59,21,0,212,0.0,0.0,0.0,93.22,
ERCOT,92.5,21,56,23,0,197,0.0,0.0,0.0,93.1,
ERCOT,92.5,21,57,22,0,202,0.0,0.0,0.0,93.17,
ERCOT,92.5,21,58,21,0,207,0.0,0.0,0.0,93.21,
ERCOT,92.5,21,59,20,0,212,0.0,0.0,0.0,93.21,
ERCOT,92.5,22,56,22,0,197,0.0,0.0,0.0,93.09,
ERCOT,92.5,22,57,21,0,202,0.0,0.0,0.0,93.16,
ERCOT,92.5,22,58,20,0,207,0.0,0.0,0.0,93.19,
ERCOT,92.5,23,56,21,0,197,0.0,0.0,0.0,93.07,
ERCOT,92.5,23,57,20,0,202,0.0,0.0,0.0,93.14,
ERCOT,92.5,24,56,20,0,197,0.0,0.0,0.0,93.05,
ERCOT,92.5,91,0,9,0,112,0.0,0.0,0.0,93.15,
ERCOT,92.5,91,1,8,0,112,0.0,0.0,0.0,93.46,
ERCOT,92.5,91,2,7,0,112,0.0,0.0,0.0,93.75,
ERCOT,92.5,91,3,6,0,112,0.0,0.0,0.0,94.01,
ERCOT,92.5,91,4,5,0,112,0.0,0.0,0.0,94.24,
ERCOT,92.5,92,0,8,0,112,0.0,0.0,0.0,93.17,
ERCOT,92.5,92,1,7,0,112,0.0,0.0,0.0,93.48,
ERCOT,92.5,92,2,6,0,112,0.0,0.0,0.0,93.77,
ERCOT,92.5,92,3,5,0,112,0.0,0.0,0.0,94.02,
ERCOT,92.5,93,0,7,0,112,0.0,0.0,0.0,93.19,
ERCOT,92.5,93,1,6,0,112,0.0,0.0,0.0,93.5,
ERCOT,92.5,93,2,5,0,112,0.0,0.0,0.0,93.78,
ERCOT,92.5,94,0,6,0,112,0.0,0.0,0.0,93.2,
ERCOT,92.5,94,1,5,0,112,0.0,0.0,0.0,93.51,
ERCOT,92.5,76,5,19,0,112,0.0,0.0,0.0,94.05,
ERCOT,92.5,76,6,18,0,112,0.0,0.0,0.0,94.26,
ERCOT,92.5,76,7,17,0,107,0.0,0.0,0.0,92.54,
ERCOT,92.5,76,8,16,0,107,0.0,0.0,0.0,92.62,
ERCOT,92.5,76,9,15,0,107,0.0,0.0,0.0,92.66,
ERCOT,92.5,77,4,19,0,112,0.0,0.0,0.0,93.86,
ERCOT,92.5,77,5,18,0,112,0.0,0.0,0.0,94.09,
ERCOT,92.5,77,6,17,0,112,0.0,0.0,0.0,94.29,
ERCOT,92.5,77,7,16,0,107,0.0,0.0,0.0,92.56,
ERCOT,92.5,77,8,15,0,107,0.0,0.0,0.0,92.64,
ERCOT,92.5,77,9,14,0,107,0.0,0.0,0.0,92.68,
ERCOT,92.5,78,3,19,0,112,0.0,0.0,0.0,93.63,
ERCOT,92.5,78,4,18,0,112,0.0,0.0,0.0,93.9,
ERCOT,92.5,78,5,17,0,112,0.0,0.0,0.0,94.13,
ERCOT,92.5,78,6,16,0,112,0.0,0.0,0.0,94.33,
ERCOT,92.5,78,7,15,0,107,0.0,0.0,0.0,92.59,
ERCOT,92.5,78,8,14,0,107,0.0,0.0,0.0,92.66,
ERCOT,92.5,78,9,13,0,107,0.0,0.0,0.0,92.69,
ERCOT,92.5,79,2,19,0,112,0.0,0.0,0.0,93.38,
ERCOT,92.5,79,3,18,0,112,0.0,0.0,0.0,93.67,
ERCOT,92.5,79,4,17,0,112,0.0,0.0,0.0,93.93,
ERCOT,92.5,79,5,16,0,112,0.0,0.0,0.0,94.16,
ERCOT,92.5,79,6,15,0,112,0.0,0.0,0.0,94.36,
ERCOT,92.5,79,7,14,0,107,0.0,0.0,0.0,92.61,
ERCOT,92.5,79,8,13,0,107,0.0,0.0,0.0,92.67,
ERCOT,92.5,79,9,12,0,107,0.0,0.0,0.0,92.7,
ERCOT,92.5,80,1,19,0,112,0.0,0.0,0.0,93.11,
ERCOT,92.5,80,2,18,0,112,0.0,0.0,0.0,93.42,
ERCOT,92.5,80,3,17,0,112,0.0,0.0,0.0,93.71,
ERCOT,92.5,80,4,16,0,112,0.0,0.0,0.0,93.97,
ERCOT,92.5,80,6,14,0,107,0.0,0.0,0.0,92.51,
ERCOT,92.5,80,7,13,0,107,0.0,0.0,0.0,92.62,
ERCOT,92.5,80,8,12,0,107,0.0,0.0,0.0,92.68,
ERCOT,92.5,80,9,11,0,107,0.0,0.0,0.0,92.7,
ERCOT,92.5,81,1,18,0,112,0.0,0.0,0.0,93.15,
ERCOT,92.5,81,2,17,0,112,0.0,0.0,0.0,93.46,
ERCOT,92.5,81,3,16,0,112,0.0,0.0,0.0,93.75,
ERCOT,92.5,81,4,15,0,112,0.0,0.0,0.0,94.01,
ERCOT,92.5,82,1,17,0,112,0.0,0.0,0.0,93.19,
ERCOT,92.5,82,2,16,0,112,0.0,0.0,0.0,93.5,
ERCOT,92.5,82,3,15,0,112,0.0,0.0,0.0,93.78,
ERCOT,92.5,83,1,16,0,112,0.0,0.0,0.0,93.23,
ERCOT,92.5,83,2,15,0,112,0.0,0.0,0.0,93.54,
ERCOT,92.5,84,1,15,0,112,0.0,0.0,0.0,93.26,
ERCOT,92.5,61,10,29,0,112,0.0,0.0,0.0,94.19,
ERCOT,92.5,62,9,29,0,112,0.0,0.0,0.0,94.12,
ERCOT,92.5,62,10,28,0,112,0.0,0.0,0.0,94.23,
ERCOT,92.5,63,8,29,0,112,0.0,0.0,0.0,94.03,
ERCOT,92.5,63,9,28,0,112,0.0,0.0,0.0,94.17,
ERCOT,92.5,63,10,27,0,112,0.0,0.0,0.0,94.28,
ERCOT,92.5,64,7,29,0,112,0.0,0.0,0.0,93.9,
ERCOT,92.5,64,8,28,0,112,0.0,0.0,0.0,94.08,
ERCOT,92.5,64,9,27,0,112,0.0,0.0,0.0,94.22,
ERCOT,92.5,64,10,26,0,112,0.0,0.0,0.0,94.32,
ERCOT,92.5,65,6,29,0,112,0.0,0.0,0.0,93.75,
ERCOT,92.5,65,7,28,0,112,0.0,0.0,0.0,93.95,
ERCOT,92.5,65,8,27,0,112,0.0,0.0,0.0,94.13,
ERCOT,92.5,65,9,26,0,112,0.0,0.0,0.0,94.27,
ERCOT,92.5,51,10,39,0,112,0.0,0.0,0.0,93.65,
ERCOT,92.5,51,11,38,0,112,0.0,0.0,0.0,93.76,
ERCOT,92.5,51,12,37,0,112,0.0,0.0,0.0,93.84,
ERCOT,92.5,51,13,36,0,112,0.0,0.0,0.0,93.88,
ERCOT,92.5,51,14,35,0,112,0.0,0.0,0.0,93.88,
ERCOT,92.5,52,9,39,0,112,0.0,0.0,0.0,93.56,
ERCOT,92.5,52,10,38,0,112,0.0,0.0,0.0,93.71,
ERCOT,92.5,52,11,37,0,112,0.0,0.0,0.0,93.82,
ERCOT,92.5,52,12,36,0,112,0.0,0.0,0.0,93.89,
ERCOT,92.5,52,13,35,0,112,0.0,0.0,0.0,93.92,
ERCOT,92.5,53,8,39,0,112,0.0,0.0,0.0,93.45,
ERCOT,92.5,53,9,38,0,112,0.0,0.0,0.0,93.62,
ERCOT,92.5,53,10,37,0,112,0.0,0.0,0.0,93.76,
ERCOT,92.5,53,11,36,0,112,0.0,0.0,0.0,93.87,
ERCOT,92.5,53,12,35,0,112,0.0,0.0,0.0,93.94,
ERCOT,92.5,54,7,39,0,112,0.0,0.0,0.0,93.31,
ERCOT,92.5,54,8,38,0,112,0.0,0.0,0.0,93.52,
ERCOT,92.5,54,9,37,0,112,0.0,0.0,0.0,93.68,
ERCOT,92.5,54,10,36,0,112,0.0,0.0,0.0,93.82,
ERCOT,92.5,54,11,35,0,112,0.0,0.0,0.0,93.92,
ERCOT,92.5,55,6,39,0,112,0.0,0.0,0.0,93.15,
ERCOT,92.5,55,7,38,0,112,0.0,0.0,0.0,93.38,
ERCOT,92.5,55,8,37,0,112,0.0,0.0,0.0,93.58,
ERCOT,92.5,55,9,36,0,112,0.0,0.0,0.0,93.74,
ERCOT,92.5,56,6,38,0,112,0.0,0.0,0.0,93.22,
ERCOT,92.5,56,7,37,0,112,0.0,0.0,0.0,93.44,
ERCOT,92.5,56,8,36,0,112,0.0,0.0,0.0,93.64,
ERCOT,92.5,56,9,35,0,112,0.0,0.0,0.0,93.8,
ERCOT,92.5,56,10,34,0,112,0.0,0.0,0.0,93.93,
ERCOT,92.5,57,6,37,0,112,0.0,0.0,0.0,93.28,
ERCOT,92.5,57,7,36,0,112,0.0,0.0,0.0,93.5,
ERCOT,92.5,57,8,35,0,112,0.0,0.0,0.0,93.69,
ERCOT,92.5,57,9,34,0,112,0.0,0.0,0.0,93.86,
ERCOT,92.5,57,10,33,0,112,0.0,0.0,0.0,93.99,
ERCOT,92.5,58,6,36,0,112,0.0,0.0,0.0,93.34,
ERCOT,92.5,58,7,35,0,112,0.0,0.0,0.0,93.56,
ERCOT,92.5,58,8,34,0,112,0.0,0.0,0.0,93.75,
ERCOT,92.5,58,9,33,0,112,0.0,0.0,0.0,93.91,
ERCOT,92.5,58,10,32,0,112,0.0,0.0,0.0,94.04,
ERCOT,92.5,59,6,35,0,112,0.0,0.0,0.0,93.4,
ERCOT,92.5,59,7,34,0,112,0.0,0.0,0.0,93.62,
ERCOT,92.5,59,8,33,0,112,0.0,0.0,0.0,93.81,
ERCOT,92.5,59,9,32,0,112,0.0,0.0,0.0,93.97,
ERCOT,92.5,59,10,31,0,112,0.0,0.0,0.0,94.09,
ERCOT,92.5,41,25,34,0,117,0.0,0.0,0.0,92.71,
ERCOT,92.5,41,26,33,0,122,0.0,0.0,0.0,93.72,
ERCOT,92.5,41,27,32,0,122,0.0,0.0,0.0,93.32,
ERCOT,92.5,41,28,31,0,122,0.0,0.0,0.0,92.88,
ERCOT,92.5,41,29,30,0,127,0.0,0.0,0.0,93.8,
ERCOT,92.5,42,25,33,0,117,0.0,0.0,0.0,92.7,
ERCOT,92.5,42,26,32,0,122,0.0,0.0,0.0,93.72,
ERCOT,92.5,42,27,31,0,122,0.0,0.0,0.0,93.31,
ERCOT,92.5,42,28,30,0,122,0.0,0.0,0.0,92.87,
ERCOT,92.5,43,25,32,0,117,0.0,0.0,0.0,92.69,
ERCOT,92.5,43,26,31,0,122,0.0,0.0,0.0,93.72,
ERCOT,92.5,43,27,30,0,122,0.0,0.0,0.0,93.3,
ERCOT,92.5,44,25,31,0,117,0.0,0.0,0.0,92.68,
ERCOT,92.5,44,26,30,0,122,0.0,0.0,0.0,93.72,
ERCOT,92.5,46,24,30,0,117,0.0,0.0,0.0,93.08,
ERCOT,92.5,46,25,29,0,117,0.0,0.0,0.0,92.65,
ERCOT,92.5,47,23,30,0,117,0.0,0.0,0.0,93.47,
ERCOT,92.5,47,24,29,0,117,0.0,0.0,0.0,93.07,
ERCOT,92.5,47,25,28,0,117,0.0,0.0,0.0,92.63,
ERCOT,92.5,48,22,30,0,117,0.0,0.0,0.0,93.84,
ERCOT,92.5,48,23,29,0,117,0.0,0.0,0.0,93.46,
ERCOT,92.5,48,24,28,0,117,0.0,0.0,0.0,93.05,
ERCOT,92.5,48,25,27,0,117,0.0,0.0,0.0,92.61,
ERCOT,92.5,49,21,30,0,112,0.0,0.0,0.0,92.56,
ERCOT,92.5,49,22,29,0,117,0.0,0.0,0.0,93.84,
ERCOT,92.5,49,23,28,0,117,0.0,0.0,0.0,93.45,
ERCOT,92.5,49,24,27,0,117,0.0,0.0,0.0,93.04,
ERCOT,92.5,49,25,26,0,117,0.0,0.0,0.0,92.59,
ERCOT,92.5,1,29,70,0,127,0.0,0.0,0.0,93.0,
ERCOT,92.5,2,28,70,0,127,0.0,0.0,0.0,93.31,
ERCOT,92.5,3,27,70,0,122,0.0,0.0,0.0,92.61,
ERCOT,92.5,4,26,70,0,122,0.0,0.0,0.0,92.9,
ERCOT,92.5,6,24,70,0,122,0.0,0.0,0.0,93.43,
ERCOT,92.5,7,23,70,0,122,0.0,0.0,0.0,93.66,
ERCOT,92.5,8,22,70,0,117,0.0,0.0,0.0,92.65,
ERCOT,92.5,9,21,70,0,117,0.0,0.0,0.0,92.81,
ERCOT,92.5,11,70,19,0,232,0.0,0.0,0.5,92.88,
ERCOT,92.5,11,70,19,0,197,0.0,0.0,1.0,93.12,
ERCOT,92.5,11,70,19,0,167,0.0,0.0,1.5,93.27,
ERCOT,92.5,11,70,19,0,147,0.0,0.0,2.0,93.38,
ERCOT,92.5,11,70,19,0,142,0.0,0.0,2.5,94.1,
ERCOT,92.5,11,70,19,0,122,0.0,0.25,0.0,93.46,
ERCOT,92.5,11,70,19,0,122,0.0,0.25,0.5,94.18,
ERCOT,92.5,11,70,19,0,117,0.0,0.5,0.0,92.67,
ERCOT,92.5,11,70,19,0,117,0.0,0.5,0.5,92.67,
ERCOT,92.5,11,70,19,0,117,0.0,0.75,0.0,92.67,
ERCOT,92.5,11,70,19,0,117,0.0,0.75,0.5,92.67,
ERCOT,92.5,11,70,19,0,117,0.0,1.0,0.0,92.67,
ERCOT,92.5,11,70,19,0,117,0.0,1.0,0.5,92.67,
ERCOT,92.5,11,70,19,0,117,0.25,0.0,0.0,92.51,
ERCOT,92.5,11,70,19,0,117,0.25,0.0,0.5,92.51,
ERCOT,92.5,11,70,19,0,117,0.25,0.25,0.0,92.51,
ERCOT,92.5,11,70,19,0,117,0.25,0.25,0.5,92.51,
ERCOT,92.5,11,70,19,0,117,0.25,0.5,0.0,92.51,
ERCOT,92.5,11,70,19,0,117,0.25,0.5,0.5,92.51,
ERCOT,92.5,11,70,19,0,117,0.25,0.75,0.0,92.51,
ERCOT,92.5,11,70,19,0,117,0.25,0.75,0.5,92.51,
ERCOT,92.5,11,70,19,0,117,0.25,1.0,0.0,92.51,
ERCOT,92.5,11,70,19,0,117,0.25,1.0,0.5,92.51,
ERCOT,92.5,11,70,19,0,117,0.5,0.0,0.0,92.51,
ERCOT,92.5,11,70,19,0,117,0.5,0.0,0.5,92.51,
ERCOT,92.5,11,70,19,0,117,0.5,0.25,0.0,92.51,
ERCOT,92.5,11,70,19,0,117,0.5,0.25,0.5,92.51,
ERCOT,92.5,11,70,19,0,117,0.5,0.5,0.0,92.51,
ERCOT,92.5,11,70,19,0,117,0.5,0.5,0.5,92.51,
ERCOT,92.5,11,70,19,0,117,0.5,0.75,0.0,92.51,
ERCOT,92.5,11,70,19,0,117,0.5,0.75,0.5,92.51,
ERCOT,92.5,11,70,19,0,117,0.5,1.0,0.0,92.51,
ERCOT,92.5,11,70,19,0,117,0.5,1.0,0.5,92.51,
ERCOT,92.5,12,69,19,0,227,0.0,0.0,0.5,93.17,
ERCOT,92.5,12,69,19,0,192,0.0,0.0,1.0,93.22,
ERCOT,92.5,12,69,19,0,162,0.0,0.0,1.5,93.12,
ERCOT,92.5,12,69,19,0,142,0.0,0.0,2.0,92.73,
ERCOT,92.5,12,69,19,0,137,0.0,0.0,2.5,92.83,
ERCOT,92.5,12,69,19,0,122,0.0,0.25,0.0,93.82,
ERCOT,92.5,12,69,19,0,117,0.0,0.25,0.5,92.76,
ERCOT,92.5,12,69,19,0,117,0.0,0.25,1.0,93.05,
ERCOT,92.5,12,69,19,0,117,0.0,0.5,0.0,92.86,
ERCOT,92.5,12,69,19,0,117,0.0,0.5,0.5,92.86,
ERCOT,92.5,12,69,19,0,117,0.0,0.75,0.0,92.86,
ERCOT,92.5,12,69,19,0,117,0.0,0.75,0.5,92.86,
ERCOT,92.5,12,69,19,0,117,0.0,1.0,0.0,92.86,
ERCOT,92.5,12,69,19,0,117,0.0,1.0,0.5,92.86,
ERCOT,92.5,12,69,19,0,117,0.25,0.0,0.0,92.7,
ERCOT,92.5,12,69,19,0,117,0.25,0.0,0.5,92.7,
ERCOT,92.5,12,69,19,0,117,0.25,0.25,0.0,92.7,
ERCOT,92.5,12,69,19,0,117,0.25,0.25,0.5,92.7,
ERCOT,92.5,12,69,19,0,117,0.25,0.5,0.0,92.7,
ERCOT,92.5,12,69,19,0,117,0.25,0.5,0.5,92.7,
ERCOT,92.5,12,69,19,0,117,0.25,0.75,0.0,92.7,
ERCOT,92.5,12,69,19,0,117,0.25,0.75,0.5,92.7,
ERCOT,92.5,12,69,19,0,117,0.25,1.0,0.0,92.7,
ERCOT,92.5,12,69,19,0,117,0.25,1.0,0.5,92.7,
ERCOT,92.5,12,69,19,0,117,0.5,0.0,0.0,92.7,
ERCOT,92.5,12,69,19,0,117,0.5,0.0,0.5,92.7,
ERCOT,92.5,12,69,19,0,117,0.5,0.25,0.0,92.7,
ERCOT,92.5,12,69,19,0,117,0.5,0.25,0.5,92.7,
ERCOT,92.5,12,69,19,0,117,0.5,0.5,0.0,92.7,
ERCOT,92.5,12,69,19,0,117,0.5,0.5,0.5,92.7,
ERCOT,92.5,12,69,19,0,117,0.5,0.75,0.0,92.7,
ERCOT,92.5,12,69,19,0,117,0.5,0.75,0.5,92.7,
ERCOT,92.5,12,69,19,0,117,0.5,1.0,0.0,92.7,
ERCOT,92.5,12,69,19,0,117,0.5,1.0,0.5,92.7,
ERCOT,92.5,12,70,18,0,232,0.0,0.0,0.5,92.76,
ERCOT,92.5,12,70,18,0,197,0.0,0.0,1.0,93.02,
ERCOT,92.5,12,70,18,0,167,0.0,0.0,1.5,93.18,
ERCOT,92.5,12,70,18,0,147,0.0,0.0,2.0,93.3,
ERCOT,92.5,12,70,18,0,142,0.0,0.0,2.5,94.05,
ERCOT,92.5,12,70,18,0,122,0.0,0.25,0.0,93.44,
ERCOT,92.5,12,70,18,0,122,0.0,0.25,0.5,94.16,
ERCOT,92.5,12,70,18,0,117,0.0,0.5,0.0,92.66,
ERCOT,92.5,12,70,18,0,117,0.0,0.5,0.5,92.66,
ERCOT,92.5,12,70,18,0,117,0.0,0.75,0.0,92.66,
ERCOT,92.5,12,70,18,0,117,0.0,0.75,0.5,92.66,
ERCOT,92.5,12,70,18,0,117,0.0,1.0,0.0,92.66,
ERCOT,92.5,12,70,18,0,117,0.0,1.0,0.5,92.66,
ERCOT,92.5,12,70,18,0,117,0.25,0.0,0.0,92.5,
ERCOT,92.5,12,70,18,0,117,0.25,0.0,0.5,92.5,
ERCOT,92.5,12,70,18,0,117,0.25,0.25,0.0,92.5,
ERCOT,92.5,12,70,18,0,117,0.25,0.25,0.5,92.5,
ERCOT,92.5,12,70,18,0,117,0.25,0.5,0.0,92.5,
ERCOT,92.5,12,70,18,0,117,0.25,0.5,0.5,92.5,
ERCOT,92.5,12,70,18,0,117,0.25,0.75,0.0,92.5,
ERCOT,92.5,12,70,18,0,117,0.25,0.75,0.5,92.5,
ERCOT,92.5,12,70,18,0,117,0.25,1.0,0.0,92.5,
ERCOT,92.5,12,70,18,0,117,0.25,1.0,0.5,92.5,
ERCOT,92.5,12,70,18,0,117,0.5,0.0,0.0,92.5,
ERCOT,92.5,12,70,18,0,117,0.5,0.0,0.5,92.5,
ERCOT,92.5,12,70,18,0,117,0.5,0.25,0.0,92.5,
ERCOT,92.5,12,70,18,0,117,0.5,0.25,0.5,92.5,
ERCOT,92.5,12,70,18,0,117,0.5,0.5,0.0,92.5,
ERCOT,92.5,12,70,18,0,117,0.5,0.5,0.5,92.5,
ERCOT,92.5,12,70,18,0,117,0.5,0.75,0.0,92.5,
ERCOT,92.5,12,70,18,0,117,0.5,0.75,0.5,92.5,
ERCOT,92.5,12,70,18,0,117,0.5,1.0,0.0,92.5,
ERCOT,92.5,12,70,18,0,117,0.5,1.0,0.5,92.5,
ERCOT,92.5,13,68,19,0,217,0.0,0.0,0.5,92.59,
ERCOT,92.5,13,68,19,0,187,0.0,0.0,1.0,93.26,
ERCOT,92.5,13,68,19,0,157,0.0,0.0,1.5,92.91,
ERCOT,92.5,13,68,19,0,142,0.0,0.0,2.0,93.3,
ERCOT,92.5,13,68,19,0,137,0.0,0.0,2.5,93.25,
ERCOT,92.5,13,68,19,0,117,0.0,0.25,0.0,92.68,
ERCOT,92.5,13,68,19,0,117,0.0,0.25,0.5,93.01,
ERCOT,92.5,13,68,19,0,117,0.0,0.5,0.0,93.05,
ERCOT,92.5,13,68,19,0,117,0.0,0.5,0.5,93.05,
ERCOT,92.5,13,68,19,0,117,0.0,0.75,0.0,93.05,
ERCOT,92.5,13,68,19,0,117,0.0,0.75,0.5,93.05,
ERCOT,92.5,13,68,19,0,117,0.0,1.0,0.0,93.05,
ERCOT,92.5,13,68,19,0,117,0.0,1.0,0.5,93.05,
ERCOT,92.5,13,68,19,0,117,0.25,0.0,0.0,92.9,
ERCOT,92.5,13,68,19,0,117,0.25,0.0,0.5,92.9,
ERCOT,92.5,13,68,19,0,117,0.25,0.25,0.0,92.9,
ERCOT,92.5,13,68,19,0,117,0.25,0.25,0.5,92.9,
ERCOT,92.5,13,68,19,0,117,0.25,0.5,0.0,92.9,
ERCOT,92.5,13,68,19,0,117,0.25,0.5,0.5,92.9,
ERCOT,92.5,13,68,19,0,117,0.25,0.75,0.0,92.9,
ERCOT,92.5,13,68,19,0,117,0.25,0.75,0.5,92.9,
ERCOT,92.5,13,68,19,0,117,0.25,1.0,0.0,92.9,
ERCOT,92.5,13,68,19,0,117,0.25,1.0,0.5,92.9,
ERCOT,92.5,13,68,19,0,117,0.5,0.0,0.0,92.9,
ERCOT,92.5,13,68,19,0,117,0.5,0.0,0.5,92.9,
ERCOT,92.5,13,68,19,0,117,0.5,0.25,0.0,92.9,
ERCOT,92.5,13,68,19,0,117,0.5,0.25,0.5,92.9,
ERCOT,92.5,13,68,19,0,117,0.5,0.5,0.0,92.9,
ERCOT,92.5,13,68,19,0,117,0.5,0.5,0.5,92.9,
ERCOT,92.5,13,68,19,0,117,0.5,0.75,0.0,92.9,
ERCOT,92.5,13,68,19,0,117,0.5,0.75,0.5,92.9,
ERCOT,92.5,13,68,19,0,117,0.5,1.0,0.0,92.9,
ERCOT,92.5,13,68,19,0,117,0.5,1.0,0.5,92.9,
ERCOT,92.5,13,69,18,0,227,0.0,0.0,0.5,93.06,
ERCOT,92.5,13,69,18,0,192,0.0,0.0,1.0,93.12,
ERCOT,92.5,13,69,18,0,162,0.0,0.0,1.5,93.04,
ERCOT,92.5,13,69,18,0,142,0.0,0.0,2.0,92.66,
ERCOT,92.5,13,69,18,0,137,0.0,0.0,2.5,92.77,
ERCOT,92.5,13,69,18,0,122,0.0,0.25,0.0,93.81,
ERCOT,92.5,13,69,18,0,117,0.0,0.25,0.5,92.75,
ERCOT,92.5,13,69,18,0,117,0.0,0.25,1.0,93.04,
ERCOT,92.5,13,69,18,0,117,0.0,0.5,0.0,92.85,
ERCOT,92.5,13,69,18,0,117,0.0,0.5,0.5,92.85,
ERCOT,92.5,13,69,18,0,117,0.0,0.75,0.0,92.85,
ERCOT,92.5,13,69,18,0,117,0.0,0.75,0.5,92.85,
ERCOT,92.5,13,69,18,0,117,0.0,1.0,0.0,92.85,
ERCOT,92.5,13,69,18,0,117,0.0,1.0,0.5,92.85,
ERCOT,92.5,13,69,18,0,117,0.25,0.0,0.0,92.7,
ERCOT,92.5,13,69,18,0,117,0.25,0.0,0.5,92.7,
ERCOT,92.5,13,69,18,0,117,0.25,0.25,0.0,92.7,
ERCOT,92.5,13,69,18,0,117,0.25,0.25,0.5,92.7,
ERCOT,92.5,13,69,18,0,117,0.25,0.5,0.0,92.7,
ERCOT,92.5,13,69,18,0,117,0.25,0.5,0.5,92.7,
ERCOT,92.5,13,69,18,0,117,0.25,0.75,0.0,92.7,
ERCOT,92.5,13,69,18,0,117,0.25,0.75,0.5,92.7,
ERCOT,92.5,13,69,18,0,117,0.25,1.0,0.0,92.7,
ERCOT,92.5,13,69,18,0,117,0.25,1.0,0.5,92.7,
ERCOT,92.5,13,69,18,0,117,0.5,0.0,0.0,92.7,
ERCOT,92.5,13,69,18,0,117,0.5,0.0,0.5,92.7,
ERCOT,92.5,13,69,18,0,117,0.5,0.25,0.0,92.7,
ERCOT,92.5,13,69,18,0,117,0.5,0.25,0.5,92.7,
ERCOT,92.5,13,69,18,0,117,0.5,0.5,0.0,92.7,
ERCOT,92.5,13,69,18,0,117,0.5,0.5,0.5,92.7,
ERCOT,92.5,13,69,18,0,117,0.5,0.75,0.0,92.7,
ERCOT,92.5,13,69,18,0,117,0.5,0.75,0.5,92.7,
ERCOT,92.5,13,69,18,0,117,0.5,1.0,0.0,92.7,
ERCOT,92.5,13,69,18,0,117,0.5,1.0,0.5,92.7,
ERCOT,92.5,13,70,17,0,232,0.0,0.0,0.5,92.64,
ERCOT,92.5,13,70,17,0,197,0.0,0.0,1.0,92.92,
ERCOT,92.5,13,70,17,0,167,0.0,0.0,1.5,93.1,
ERCOT,92.5,13,70,17,0,147,0.0,0.0,2.0,93.23,
ERCOT,92.5,13,70,17,0,142,0.0,0.0,2.5,94.0,
ERCOT,92.5,13,70,17,0,122,0.0,0.25,0.0,93.43,
ERCOT,92.5,13,70,17,0,122,0.0,0.25,0.5,94.15,
ERCOT,92.5,13,70,17,0,117,0.0,0.5,0.0,92.64,
ERCOT,92.5,13,70,17,0,117,0.0,0.5,0.5,92.64,
ERCOT,92.5,13,70,17,0,117,0.0,0.75,0.0,92.64,
ERCOT,92.5,13,70,17,0,117,0.0,0.75,0.5,92.64,
ERCOT,92.5,13,70,17,0,117,0.0,1.0,0.0,92.64,
ERCOT,92.5,13,70,17,0,117,0.0,1.0,0.5,92.64,
ERCOT,92.5,13,70,17,0,122,0.25,0.0,0.0,94.12,
ERCOT,92.5,13,70,17,0,122,0.25,0.0,0.5,94.12,
ERCOT,92.5,13,70,17,0,122,0.25,0.25,0.0,94.12,
ERCOT,92.5,13,70,17,0,122,0.25,0.25,0.5,94.12,
ERCOT,92.5,13,70,17,0,122,0.25,0.5,0.0,94.12,
ERCOT,92.5,13,70,17,0,122,0.25,0.5,0.5,94.12,
ERCOT,92.5,13,70,17,0,122,0.25,0.75,0.0,94.12,
ERCOT,92.5,13,70,17,0,122,0.25,0.75,0.5,94.12,
ERCOT,92.5,13,70,17,0,122,0.25,1.0,0.0,94.12,
ERCOT,92.5,13,70,17,0,122,0.25,1.0,0.5,94.12,
ERCOT,92.5,13,70,17,0,122,0.5,0.0,0.0,94.12,
ERCOT,92.5,13,70,17,0,122,0.5,0.0,0.5,94.12,
ERCOT,92.5,13,70,17,0,122,0.5,0.25,0.0,94.12,
ERCOT,92.5,13,70,17,0,122,0.5,0.25,0.5,94.12,
ERCOT,92.5,13,70,17,0,122,0.5,0.5,0.0,94.12,
ERCOT,92.5,13,70,17,0,122,0.5,0.5,0.5,94.12,
ERCOT,92.5,13,70,17,0,122,0.5,0.75,0.0,94.12,
ERCOT,92.5,13,70,17,0,122,0.5,0.75,0.5,94.12,
ERCOT,92.5,13,70,17,0,122,0.5,1.0,0.0,94.12,
ERCOT,92.5,13,70,17,0,122,0.5,1.0,0.5,94.12,
ERCOT,92.5,14,67,19,0,212,0.0,0.0,0.5,92.76,
ERCOT,92.5,14,67,19,0,182,0.0,0.0,1.0,93.24,
ERCOT,92.5,14,67,19,0,152,0.0,0.0,1.5,92.62,
ERCOT,92.5,14,67,19,0,142,0.0,0.0,2.0,93.87,
ERCOT,92.5,14,67,19,0,137,0.0,0.0,2.5,93.65,
ERCOT,92.5,14,67,19,0,117,0.0,0.25,0.0,92.97,
ERCOT,92.5,14,67,19,0,117,0.0,0.25,0.5,93.26,
ERCOT,92.5,14,67,19,0,117,0.0,0.5,0.0,93.24,
ERCOT,92.5,14,67,19,0,117,0.0,0.5,0.5,93.24,
ERCOT,92.5,14,67,19,0,117,0.0,0.75,0.0,93.24,
ERCOT,92.5,14,67,19,0,117,0.0,0.75,0.5,93.24,
ERCOT,92.5,14,67,19,0,117,0.0,1.0,0.0,93.24,
ERCOT,92.5,14,67,19,0,117,0.0,1.0,0.5,93.24,
ERCOT,92.5,14,67,19,0,117,0.25,0.0,0.0,93.09,
ERCOT,92.5,14,67,19,0,117,0.25,0.0,0.5,93.09,
ERCOT,92.5,14,67,19,0,117,0.25,0.25,0.0,93.09,
ERCOT,92.5,14,67,19,0,117,0.25,0.25,0.5,93.09,
ERCOT,92.5,14,67,19,0,117,0.25,0.5,0.0,93.09,
ERCOT,92.5,14,67,19,0,117,0.25,0.5,0.5,93.09,
ERCOT,92.5,14,67,19,0,117,0.25,0.75,0.0,93.09,
ERCOT,92.5,14,67,19,0,117,0.25,0.75,0.5,93.09,
ERCOT,92.5,14,67,19,0,117,0.25,1.0,0.0,93.09,
ERCOT,92.5,14,67,19,0,117,0.25,1.0,0.5,93.09,
ERCOT,92.5,14,67,19,0,117,0.5,0.0,0.0,93.09,
ERCOT,92.5,14,67,19,0,117,0.5,0.0,0.5,93.09,
ERCOT,92.5,14,67,19,0,117,0.5,0.25,0.0,93.09,
ERCOT,92.5,14,67,19,0,117,0.5,0.25,0.5,93.09,
ERCOT,92.5,14,67,19,0,117,0.5,0.5,0.0,93.09,
ERCOT,92.5,14,67,19,0,117,0.5,0.5,0.5,93.09,
ERCOT,92.5,14,67,19,0,117,0.5,0.75,0.0,93.09,
ERCOT,92.5,14,67,19,0,117,0.5,0.75,0.5,93.09,
ERCOT,92.5,14,67,19,0,117,0.5,1.0,0.0,93.09,
ERCOT,92.5,14,67,19,0,117,0.5,1.0,0.5,93.09,
ERCOT,92.5,14,68,18,0,222,0.0,0.0,0.5,93.3,
ERCOT,92.5,14,68,18,0,187,0.0,0.0,1.0,93.16,
ERCOT,92.5,14,68,18,0,157,0.0,0.0,1.5,92.83,
ERCOT,92.5,14,68,18,0,142,0.0,0.0,2.0,93.23,
ERCOT,92.5,14,68,18,0,137,0.0,0.0,2.5,93.19,
ERCOT,92.5,14,68,18,0,117,0.0,0.25,0.0,92.67,
ERCOT,92.5,14,68,18,0,117,0.0,0.25,0.5,93.01,
ERCOT,92.5,14,68,18,0,117,0.0,0.5,0.0,93.04,
ERCOT,92.5,14,68,18,0,117,0.0,0.5,0.5,93.04,
ERCOT,92.5,14,68,18,0,117,0.0,0.75,0.0,93.04,
ERCOT,92.5,14,68,18,0,117,0.0,0.75,0.5,93.04,
ERCOT,92.5,14,68,18,0,117,0.0,1.0,0.0,93.04,
ERCOT,92.5,14,68,18,0,117,0.0,1.0,0.5,93.04,
ERCOT,92.5,14,68,18,0,117,0.25,0.0,0.0,92.89,
ERCOT,92.5,14,68,18,0,117,0.25,0.0,0.5,92.89,
ERCOT,92.5,14,68,18,0,117,0.25,0.25,0.0,92.89,
ERCOT,92.5,14,68,18,0,117,0.25,0.25,0.5,92.89,
ERCOT,92.5,14,68,18,0,117,0.25,0.5,0.0,92.89,
ERCOT,92.5,14,68,18,0,117,0.25,0.5,0.5,92.89,
ERCOT,92.5,14,68,18,0,117,0.25,0.75,0.0,92.89,
ERCOT,92.5,14,68,18,0,117,0.25,0.75,0.5,92.89,
ERCOT,92.5,14,68,18,0,117,0.25,1.0,0.0,92.89,
ERCOT,92.5,14,68,18,0,117,0.25,1.0,0.5,92.89,
ERCOT,92.5,14,68,18,0,117,0.5,0.0,0.0,92.89,
ERCOT,92.5,14,68,18,0,117,0.5,0.0,0.5,92.89,
ERCOT,92.5,14,68,18,0,117,0.5,0.25,0.0,92.89,
ERCOT,92.5,14,68,18,0,117,0.5,0.25,0.5,92.89,
ERCOT,92.5,14,68,18,0,117,0.5,0.5,0.0,92.89,
ERCOT,92.5,14,68,18,0,117,0.5,0.5,0.5,92.89,
ERCOT,92.5,14,68,18,0,117,0.5,0.75,0.0,92.89,
ERCOT,92.5,14,68,18,0,117,0.5,0.75,0.5,92.89,
ERCOT,92.5,14,68,18,0,117,0.5,1.0,0.0,92.89,
ERCOT,92.5,14,68,18,0,117,0.5,1.0,0.5,92.89,
ERCOT,92.5,14,69,17,0,227,0.0,0.0,0.5,92.94,
ERCOT,92.5,14,69,17,0,192,0.0,0.0,1.0,93.01,
ERCOT,92.5,14,69,17,0,162,0.0,0.0,1.5,92.95,
ERCOT,92.5,14,69,17,0,142,0.0,0.0,2.0,92.59,
ERCOT,92.5,14,69,17,0,137,0.0,0.0,2.5,92.72,
ERCOT,92.5,14,69,17,0,122,0.0,0.25,0.0,93.79,
ERCOT,92.5,14,69,17,0,117,0.0,0.25,0.5,92.73,
ERCOT,92.5,14,69,17,0,117,0.0,0.25,1.0,93.03,
ERCOT,92.5,14,69,17,0,117,0.0,0.5,0.0,92.84,
ERCOT,92.5,14,69,17,0,117,0.0,0.5,0.5,92.84,
ERCOT,92.5,14,69,17,0,117,0.0,0.75,0.0,92.84,
ERCOT,92.5,14,69,17,0,117,0.0,0.75,0.5,92.84,
ERCOT,92.5,14,69,17,0,117,0.0,1.0,0.0,92.84,
ERCOT,92.5,14,69,17,0,117,0.0,1.0,0.5,92.84,
ERCOT,92.5,14,69,17,0,117,0.25,0.0,0.0,92.69,
ERCOT,92.5,14,69,17,0,117,0.25,0.0,0.5,92.69,
ERCOT,92.5,14,69,17,0,117,0.25,0.25,0.0,92.69,
ERCOT,92.5,14,69,17,0,117,0.25,0.25,0.5,92.69,
ERCOT,92.5,14,69,17,0,117,0.25,0.5,0.0,92.69,
ERCOT,92.5,14,69,17,0,117,0.25,0.5,0.5,92.69,
ERCOT,92.5,14,69,17,0,117,0.25,0.75,0.0,92.69,
ERCOT,92.5,14,69,17,0,117,0.25,0.75,0.5,92.69,
ERCOT,92.5,14,69,17,0,117,0.25,1.0,0.0,92.69,
ERCOT,92.5,14,69,17,0,117,0.25,1.0,0.5,92.69,
ERCOT,92.5,14,69,17,0,117,0.5,0.0,0.0,92.69,
ERCOT,92.5,14,69,17,0,117,0.5,0.0,0.5,92.69,
ERCOT,92.5,14,69,17,0,117,0.5,0.25,0.0,92.69,
ERCOT,92.5,14,69,17,0,117,0.5,0.25,0.5,92.69,
ERCOT,92.5,14,69,17,0,117,0.5,0.5,0.0,92.69,
ERCOT,92.5,14,69,17,0,117,0.5,0.5,0.5,92.69,
ERCOT,92.5,14,69,17,0,117,0.5,0.75,0.0,92.69,
ERCOT,92.5,14,69,17,0,117,0.5,0.75,0.5,92.69,
ERCOT,92.5,14,69,17,0,117,0.5,1.0,0.0,92.69,
ERCOT,92.5,14,69,17,0,117,0.5,1.0,0.5,92.69,
ERCOT,92.5,14,70,16,0,232,0.0,0.0,0.5,92.52,
ERCOT,92.5,14,70,16,0,197,0.0,0.0,1.0,92.8,
ERCOT,92.5,14,70,16,0,167,0.0,0.0,1.5,93.01,
ERCOT,92.5,14,70,16,0,147,0.0,0.0,2.0,93.15,
ERCOT,92.5,14,70,16,0,142,0.0,0.0,2.5,93.95,
ERCOT,92.5,14,70,16,0,122,0.0,0.25,0.0,93.4,
ERCOT,92.5,14,70,16,0,122,0.0,0.25,0.5,94.13,
ERCOT,92.5,14,70,16,0,117,0.0,0.5,0.0,92.63,
ERCOT,92.5,14,70,16,0,117,0.0,0.5,0.5,92.63,
ERCOT,92.5,14,70,16,0,117,0.0,0.75,0.0,92.63,
ERCOT,92.5,14,70,16,0,117,0.0,0.75,0.5,92.63,
ERCOT,92.5,14,70,16,0,117,0.0,1.0,0.0,92.63,
ERCOT,92.5,14,70,16,0,117,0.0,1.0,0.5,92.63,
ERCOT,92.5,14,70,16,0,122,0.25,0.0,0.0,94.11,
ERCOT,92.5,14,70,16,0,122,0.25,0.0,0.5,94.11,
ERCOT,92.5,14,70,16,0,122,0.25,0.25,0.0,94.11,
ERCOT,92.5,14,70,16,0,122,0.25,0.25,0.5,94.11,
ERCOT,92.5,14,70,16,0,122,0.25,0.5,0.0,94.11,
ERCOT,92.5,14,70,16,0,122,0.25,0.5,0.5,94.11,
ERCOT,92.5,14,70,16,0,122,0.25,0.75,0.0,94.11,
ERCOT,92.5,14,70,16,0,122,0.25,0.75,0.5,94.11,
ERCOT,92.5,14,70,16,0,122,0.25,1.0,0.0,94.11,
ERCOT,92.5,14,70,16,0,122,0.25,1.0,0.5,94.11,
ERCOT,92.5,14,70,16,0,122,0.5,0.0,0.0,94.11,
ERCOT,92.5,14,70,16,0,122,0.5,0.0,0.5,94.11,
ERCOT,92.5,14,70,16,0,122,0.5,0.25,0.0,94.11,
ERCOT,92.5,14,70,16,0,122,0.5,0.25,0.5,94.11,
ERCOT,92.5,14,70,16,0,122,0.5,0.5,0.0,94.11,
ERCOT,92.5,14,70,16,0,122,0.5,0.5,0.5,94.11,
ERCOT,92.5,14,70,16,0,122,0.5,0.75,0.0,94.11,
ERCOT,92.5,14,70,16,0,122,0.5,0.75,0.5,94.11,
ERCOT,92.5,14,70,16,0,122,0.5,1.0,0.0,94.11,
ERCOT,92.5,14,70,16,0,122,0.5,1.0,0.5,94.11,
ERCOT,92.5,15,66,19,0,250,0.0,0.0,0.0,92.65,
ERCOT,92.5,15,67,18,0,212,0.0,0.0,0.5,92.65,
ERCOT,92.5,15,67,18,0,182,0.0,0.0,1.0,93.15,
ERCOT,92.5,15,67,18,0,152,0.0,0.0,1.5,92.54,
ERCOT,92.5,15,67,18,0,142,0.0,0.0,2.0,93.8,
ERCOT,92.5,15,67,18,0,137,0.0,0.0,2.5,93.6,
ERCOT,92.5,15,67,18,0,117,0.0,0.25,0.0,92.96,
ERCOT,92.5,15,67,18,0,117,0.0,0.25,0.5,93.25,
ERCOT,92.5,15,67,18,0,117,0.0,0.5,0.0,93.23,
ERCOT,92.5,15,67,18,0,117,0.0,0.5,0.5,93.23,
ERCOT,92.5,15,67,18,0,117,0.0,0.75,0.0,93.23,
ERCOT,92.5,15,67,18,0,117,0.0,0.75,0.5,93.23,
ERCOT,92.5,15,67,18,0,117,0.0,1.0,0.0,93.23,
ERCOT,92.5,15,67,18,0,117,0.0,1.0,0.5,93.23,
ERCOT,92.5,15,67,18,0,117,0.25,0.0,0.0,93.08,
ERCOT,92.5,15,67,18,0,117,0.25,0.0,0.5,93.08,
ERCOT,92.5,15,67,18,0,117,0.25,0.25,0.0,93.08,
ERCOT,92.5,15,67,18,0,117,0.25,0.25,0.5,93.08,
ERCOT,92.5,15,67,18,0,117,0.25,0.5,0.0,93.08,
ERCOT,92.5,15,67,18,0,117,0.25,0.5,0.5,93.08,
ERCOT,92.5,15,67,18,0,117,0.25,0.75,0.0,93.08,
ERCOT,92.5,15,67,18,0,117,0.25,0.75,0.5,93.08,
ERCOT,92.5,15,67,18,0,117,0.25,1.0,0.0,93.08,
ERCOT,92.5,15,67,18,0,117,0.25,1.0,0.5,93.08,
ERCOT,92.5,15,67,18,0,117,0.5,0.0,0.0,93.08,
ERCOT,92.5,15,67,18,0,117,0.5,0.0,0.5,93.08,
ERCOT,92.5,15,67,18,0,117,0.5,0.25,0.0,93.08,
ERCOT,92.5,15,67,18,0,117,0.5,0.25,0.5,93.08,
ERCOT,92.5,15,67,18,0,117,0.5,0.5,0.0,93.08,
ERCOT,92.5,15,67,18,0,117,0.5,0.5,0.5,93.08,
ERCOT,92.5,15,67,18,0,117,0.5,0.75,0.0,93.08,
ERCOT,92.5,15,67,18,0,117,0.5,0.75,0.5,93.08,
ERCOT,92.5,15,67,18,0,117,0.5,1.0,0.0,93.08,
ERCOT,92.5,15,67,18,0,117,0.5,1.0,0.5,93.08,
ERCOT,92.5,15,68,17,0,222,0.0,0.0,0.5,93.19,
ERCOT,92.5,15,68,17,0,187,0.0,0.0,1.0,93.06,
ERCOT,92.5,15,68,17,0,157,0.0,0.0,1.5,92.75,
ERCOT,92.5,15,68,17,0,142,0.0,0.0,2.0,93.16,
ERCOT,92.5,15,68,17,0,137,0.0,0.0,2.5,93.14,
ERCOT,92.5,15,68,17,0,117,0.0,0.25,0.0,92.65,
ERCOT,92.5,15,68,17,0,117,0.0,0.25,0.5,92.99,
ERCOT,92.5,15,68,17,0,117,0.0,0.5,0.0,93.03,
ERCOT,92.5,15,68,17,0,117,0.0,0.5,0.5,93.03,
ERCOT,92.5,15,68,17,0,117,0.0,0.75,0.0,93.03,
ERCOT,92.5,15,68,17,0,117,0.0,0.75,0.5,93.03,
ERCOT,92.5,15,68,17,0,117,0.0,1.0,0.0,93.03,
ERCOT,92.5,15,68,17,0,117,0.0,1.0,0.5,93.03,
ERCOT,92.5,15,68,17,0,117,0.25,0.0,0.0,92.88,
ERCOT,92.5,15,68,17,0,117,0.25,0.0,0.5,92.88,
ERCOT,92.5,15,68,17,0,117,0.25,0.25,0.0,92.88,
ERCOT,92.5,15,68,17,0,117,0.25,0.25,0.5,92.88,
ERCOT,92.5,15,68,17,0,117,0.25,0.5,0.0,92.88,
ERCOT,92.5,15,68,17,0,117,0.25,0.5,0.5,92.88,
ERCOT,92.5,15,68,17,0,117,0.25,0.75,0.0,92.88,
ERCOT,92.5,15,68,17,0,117,0.25,0.75,0.5,92.88,
ERCOT,92.5,15,68,17,0,117,0.25,1.0,0.0,92.88,
ERCOT,92.5,15,68,17,0,117,0.25,1.0,0.5,92.88,
ERCOT,92.5,15,68,17,0,117,0.5,0.0,0.0,92.88,
ERCOT,92.5,15,68,17,0,117,0.5,0.0,0.5,92.88,
ERCOT,92.5,15,68,17,0,117,0.5,0.25,0.0,92.88,
ERCOT,92.5,15,68,17,0,117,0.5,0.25,0.5,92.88,
ERCOT,92.5,15,68,17,0,117,0.5,0.5,0.0,92.88,
ERCOT,92.5,15,68,17,0,117,0.5,0.5,0.5,92.88,
ERCOT,92.5,15,68,17,0,117,0.5,0.75,0.0,92.88,
ERCOT,92.5,15,68,17,0,117,0.5,0.75,0.5,92.88,
ERCOT,92.5,15,68,17,0,117,0.5,1.0,0.0,92.88,
ERCOT,92.5,15,68,17,0,117,0.5,1.0,0.5,92.88,
ERCOT,92.5,15,69,16,0,227,0.0,0.0,0.5,92.82,
ERCOT,92.5,15,69,16,0,192,0.0,0.0,1.0,92.9,
ERCOT,92.5,15,69,16,0,162,0.0,0.0,1.5,92.87,
ERCOT,92.5,15,69,16,0,142,0.0,0.0,2.0,92.52,
ERCOT,92.5,15,69,16,0,137,0.0,0.0,2.5,92.67,
ERCOT,92.5,15,69,16,0,122,0.0,0.25,0.0,93.78,
ERCOT,92.5,15,69,16,0,117,0.0,0.25,0.5,92.71,
ERCOT,92.5,15,69,16,0,117,0.0,0.25,1.0,93.01,
ERCOT,92.5,15,69,16,0,117,0.0,0.5,0.0,92.82,
ERCOT,92.5,15,69,16,0,117,0.0,0.5,0.5,92.82,
ERCOT,92.5,15,69,16,0,117,0.0,0.75,0.0,92.82,
ERCOT,92.5,15,69,16,0,117,0.0,0.75,0.5,92.82,
ERCOT,92.5,15,69,16,0,117,0.0,1.0,0.0,92.82,
ERCOT,92.5,15,69,16,0,117,0.0,1.0,0.5,92.82,
ERCOT,92.5,15,69,16,0,117,0.25,0.0,0.0,92.68,
ERCOT,92.5,15,69,16,0,117,0.25,0.0,0.5,92.68,
ERCOT,92.5,15,69,16,0,117,0.25,0.25,0.0,92.68,
ERCOT,92.5,15,69,16,0,117,0.25,0.25,0.5,92.68,
ERCOT,92.5,15,69,16,0,117,0.25,0.5,0.0,92.68,
ERCOT,92.5,15,69,16,0,117,0.25,0.5,0.5,92.68,
ERCOT,92.5,15,69,16,0,117,0.25,0.75,0.0,92.68,
ERCOT,92.5,15,69,16,0,117,0.25,0.75,0.5,92.68,
ERCOT,92.5,15,69,16,0,117,0.25,1.0,0.0,92.68,
ERCOT,92.5,15,69,16,0,117,0.25,1.0,0.5,92.68,
ERCOT,92.5,15,69,16,0,117,0.5,0.0,0.0,92.68,
ERCOT,92.5,15,69,16,0,117,0.5,0.0,0.5,92.68,
ERCOT,92.5,15,69,16,0,117,0.5,0.25,0.0,92.68,
ERCOT,92.5,15,69,16,0,117,0.5,0.25,0.5,92.68,
ERCOT,92.5,15,69,16,0,117,0.5,0.5,0.0,92.68,
ERCOT,92.5,15,69,16,0,117,0.5,0.5,0.5,92.68,
ERCOT,92.5,15,69,16,0,117,0.5,0.75,0.0,92.68,
ERCOT,92.5,15,69,16,0,117,0.5,0.75,0.5,92.68,
ERCOT,92.5,15,69,16,0,117,0.5,1.0,0.0,92.68,
ERCOT,92.5,15,69,16,0,117,0.5,1.0,0.5,92.68,
ERCOT,92.5,86,0,14,0,112,0.0,0.0,0.0,93.0,
ERCOT,92.5,87,0,13,0,112,0.0,0.0,0.0,93.04,
ERCOT,92.5,88,0,12,0,112,0.0,0.0,0.0,93.07,
ERCOT,92.5,89,0,11,0,112,0.0,0.0,0.0,93.09,
ERCOT,92.5,90,1,9,0,112,0.0,0.0,0.0,93.44,
ERCOT,92.5,90,2,8,0,112,0.0,0.0,0.0,93.73,
ERCOT,92.5,90,3,7,0,112,0.0,0.0,0.0,93.99,
ERCOT,92.5,90,4,6,0,112,0.0,0.0,0.0,94.22,
ERCOT,92.5,36,55,9,0,197,0.0,0.0,0.0,93.27,
ERCOT,92.5,37,54,9,0,192,0.0,0.0,0.0,93.1,
ERCOT,92.5,37,55,8,0,197,0.0,0.0,0.0,93.18,
ERCOT,92.5,38,53,9,0,187,0.0,0.0,0.0,92.88,
ERCOT,92.5,38,54,8,0,192,0.0,0.0,0.0,93.01,
ERCOT,92.5,38,55,7,0,197,0.0,0.0,0.0,93.09,
ERCOT,92.5,39,52,9,0,182,0.0,0.0,0.0,92.61,
ERCOT,92.5,39,53,8,0,187,0.0,0.0,0.0,92.79,
ERCOT,92.5,39,54,7,0,192,0.0,0.0,0.0,92.92,
ERCOT,92.5,39,55,6,0,197,0.0,0.0,0.0,92.99,
ERCOT,92.5,40,51,9,0,182,0.0,0.0,0.0,93.38,
ERCOT,92.5,40,52,8,0,182,0.0,0.0,0.0,92.52,
ERCOT,92.5,40,53,7,0,187,0.0,0.0,0.0,92.69,
ERCOT,92.5,40,54,6,0,192,0.0,0.0,0.0,92.81,
ERCOT,92.5,40,56,4,0,202,0.0,0.0,0.0,92.88,
ERCOT,92.5,40,57,3,0,207,0.0,0.0,0.0,92.83,
ERCOT,92.5,40,58,2,0,212,0.0,0.0,0.0,92.71,
ERCOT,92.5,40,59,1,0,217,0.0,0.0,0.0,92.53,
ERCOT,92.5,0,86,14,0,247,0.0,0.0,2.0,92.78,
ERCOT,92.5,0,86,14,0,197,0.0,0.0,2.5,92.91,
ERCOT,92.5,0,86,14,0,162,0.0,0.25,0.0,92.57,
ERCOT,92.5,0,86,14,0,147,0.0,0.25,0.5,92.94,
ERCOT,92.5,0,86,14,0,137,0.0,0.25,1.0,92.56,
ERCOT,92.5,0,86,14,0,132,0.0,0.25,1.5,92.72,
ERCOT,92.5,0,86,14,0,132,0.0,0.25,2.0,93.72,
ERCOT,92.5,0,86,14,0,132,0.0,0.5,0.0,92.96,
ERCOT,92.5,0,86,14,0,132,0.0,0.5,0.5,92.97,
ERCOT,92.5,0,86,14,0,132,0.0,0.75,0.0,92.96,
ERCOT,92.5,0,86,14,0,132,0.0,0.75,0.5,92.96,
ERCOT,92.5,0,86,14,0,132,0.0,1.0,0.0,92.96,
ERCOT,92.5,0,86,14,0,132,0.0,1.0,0.5,92.96,
ERCOT,92.5,0,86,14,0,132,0.25,0.0,0.0,92.91,
ERCOT,92.5,0,86,14,0,132,0.25,0.0,0.5,92.93,
ERCOT,92.5,0,86,14,0,132,0.25,0.25,0.0,92.91,
ERCOT,92.5,0,86,14,0,132,0.25,0.25,0.5,92.91,
ERCOT,92.5,0,86,14,0,132,0.25,0.5,0.0,92.91,
ERCOT,92.5,0,86,14,0,132,0.25,0.5,0.5,92.91,
ERCOT,92.5,0,86,14,0,132,0.25,0.75,0.0,92.91,
ERCOT,92.5,0,86,14,0,132,0.25,0.75,0.5,92.91,
ERCOT,92.5,0,86,14,0,132,0.25,1.0,0.0,92.91,
ERCOT,92.5,0,86,14,0,132,0.25,1.0,0.5,92.91,
ERCOT,92.5,0,86,14,0,132,0.5,0.0,0.0,92.91,
ERCOT,92.5,0,86,14,0,132,0.5,0.0,0.5,92.91,
ERCOT,92.5,0,86,14,0,132,0.5,0.25,0.0,92.91,
ERCOT,92.5,0,86,14,0,132,0.5,0.25,0.5,92.91,
ERCOT,92.5,0,86,14,0,132,0.5,0.5,0.0,92.91,
ERCOT,92.5,0,86,14,0,132,0.5,0.5,0.5,92.91,
ERCOT,92.5,0,86,14,0,132,0.5,0.75,0.0,92.91,
ERCOT,92.5,0,86,14,0,132,0.5,0.75,0.5,92.91,
ERCOT,92.5,0,86,14,0,132,0.5,1.0,0.0,92.91,
ERCOT,92.5,0,86,14,0,132,0.5,1.0,0.5,92.91,
ERCOT,92.5,0,87,13,0,207,0.0,0.0,2.5,92.9,
ERCOT,92.5,0,87,13,0,172,0.0,0.25,0.0,92.87,
ERCOT,92.5,0,87,13,0,152,0.0,0.25,0.5,93.12,
ERCOT,92.5,0,87,13,0,142,0.0,0.25,1.0,93.2,
ERCOT,92.5,0,87,13,0,137,0.0,0.25,1.5,93.53,
ERCOT,92.5,0,87,13,0,132,0.0,0.25,2.0,93.33,
ERCOT,92.5,0,87,13,0,127,0.0,0.25,2.5,92.68,
ERCOT,92.5,0,87,13,0,132,0.0,0.5,0.0,92.71,
ERCOT,92.5,0,87,13,0,132,0.0,0.5,0.5,92.73,
ERCOT,92.5,0,87,13,0,132,0.0,0.75,0.0,92.71,
ERCOT,92.5,0,87,13,0,132,0.0,0.75,0.5,92.71,
ERCOT,92.5,0,87,13,0,132,0.0,1.0,0.0,92.71,
ERCOT,92.5,0,87,13,0,132,0.0,1.0,0.5,92.71,
ERCOT,92.5,0,87,13,0,132,0.25,0.0,0.0,92.65,
ERCOT,92.5,0,87,13,0,132,0.25,0.0,0.5,92.68,
ERCOT,92.5,0,87,13,0,132,0.25,0.25,0.0,92.65,
ERCOT,92.5,0,87,13,0,132,0.25,0.25,0.5,92.65,
ERCOT,92.5,0,87,13,0,132,0.25,0.5,0.0,92.65,
ERCOT,92.5,0,87,13,0,132,0.25,0.5,0.5,92.65,
ERCOT,92.5,0,87,13,0,132,0.25,0.75,0.0,92.65,
ERCOT,92.5,0,87,13,0,132,0.25,0.75,0.5,92.65,
ERCOT,92.5,0,87,13,0,132,0.25,1.0,0.0,92.65,
ERCOT,92.5,0,87,13,0,132,0.25,1.0,0.5,92.65,
ERCOT,92.5,0,87,13,0,132,0.5,0.0,0.0,92.65,
ERCOT,92.5,0,87,13,0,132,0.5,0.0,0.5,92.65,
ERCOT,92.5,0,87,13,0,132,0.5,0.25,0.0,92.65,
ERCOT,92.5,0,87,13,0,132,0.5,0.25,0.5,92.65,
ERCOT,92.5,0,87,13,0,132,0.5,0.5,0.0,92.65,
ERCOT,92.5,0,87,13,0,132,0.5,0.5,0.5,92.65,
ERCOT,92.5,0,87,13,0,132,0.5,0.75,0.0,92.65,
ERCOT,92.5,0,87,13,0,132,0.5,0.75,0.5,92.65,
ERCOT,92.5,0,87,13,0,132,0.5,1.0,0.0,92.65,
ERCOT,92.5,0,87,13,0,132,0.5,1.0,0.5,92.65,
ERCOT,92.5,1,86,13,0,247,0.0,0.0,2.0,92.65,
ERCOT,92.5,1,86,13,0,197,0.0,0.0,2.5,92.81,
ERCOT,92.5,1,86,13,0,162,0.0,0.25,0.0,92.5,
ERCOT,92.5,1,86,13,0,147,0.0,0.25,0.5,92.88,
ERCOT,92.5,1,86,13,0,137,0.0,0.25,1.0,92.51,
ERCOT,92.5,1,86,13,0,132,0.0,0.25,1.5,92.68,
ERCOT,92.5,1,86,13,0,132,0.0,0.25,2.0,93.68,
ERCOT,92.5,1,86,13,0,132,0.0,0.5,0.0,92.94,
ERCOT,92.5,1,86,13,0,132,0.0,0.5,0.5,92.95,
ERCOT,92.5,1,86,13,0,132,0.0,0.75,0.0,92.94,
ERCOT,92.5,1,86,13,0,132,0.0,0.75,0.5,92.94,
ERCOT,92.5,1,86,13,0,132,0.0,1.0,0.0,92.94,
ERCOT,92.5,1,86,13,0,132,0.0,1.0,0.5,92.94,
ERCOT,92.5,1,86,13,0,132,0.25,0.0,0.0,92.88,
ERCOT,92.5,1,86,13,0,132,0.25,0.0,0.5,92.9,
ERCOT,92.5,1,86,13,0,132,0.25,0.25,0.0,92.88,
ERCOT,92.5,1,86,13,0,132,0.25,0.25,0.5,92.88,
ERCOT,92.5,1,86,13,0,132,0.25,0.5,0.0,92.88,
ERCOT,92.5,1,86,13,0,132,0.25,0.5,0.5,92.88,
ERCOT,92.5,1,86,13,0,132,0.25,0.75,0.0,92.88,
ERCOT,92.5,1,86,13,0,132,0.25,0.75,0.5,92.88,
ERCOT,92.5,1,86,13,0,132,0.25,1.0,0.0,92.88,
ERCOT,92.5,1,86,13,0,132,0.25,1.0,0.5,92.88,
ERCOT,92.5,1,86,13,0,132,0.5,0.0,0.0,92.88,
ERCOT,92.5,1,86,13,0,132,0.5,0.0,0.5,92.88,
ERCOT,92.5,1,86,13,0,132,0.5,0.25,0.0,92.88,
ERCOT,92.5,1,86,13,0,132,0.5,0.25,0.5,92.88,
ERCOT,92.5,1,86,13,0,132,0.5,0.5,0.0,92.88,
ERCOT,92.5,1,86,13,0,132,0.5,0.5,0.5,92.88,
ERCOT,92.5,1,86,13,0,132,0.5,0.75,0.0,92.88,
ERCOT,92.5,1,86,13,0,132,0.5,0.75,0.5,92.88,
ERCOT,92.5,1,86,13,0,132,0.5,1.0,0.0,92.88,
ERCOT,92.5,1,86,13,0,132,0.5,1.0,0.5,92.88,
ERCOT,92.5,1,87,12,0,207,0.0,0.0,2.5,92.8,
ERCOT,92.5,1,87,12,0,172,0.0,0.25,0.0,92.8,
ERCOT,92.5,1,87,12,0,152,0.0,0.25,0.5,93.06,
ERCOT,92.5,1,87,12,0,142,0.0,0.25,1.0,93.14,
ERCOT,92.5,1,87,12,0,137,0.0,0.25,1.5,93.48,
ERCOT,92.5,1,87,12,0,132,0.0,0.25,2.0,93.28,
ERCOT,92.5,1,87,12,0,127,0.0,0.25,2.5,92.64,
ERCOT,92.5,1,87,12,0,132,0.0,0.5,0.0,92.69,
ERCOT,92.5,1,87,12,0,132,0.0,0.5,0.5,92.7,
ERCOT,92.5,1,87,12,0,132,0.0,0.75,0.0,92.69,
ERCOT,92.5,1,87,12,0,132,0.0,0.75,0.5,92.69,
ERCOT,92.5,1,87,12,0,132,0.0,1.0,0.0,92.69,
ERCOT,92.5,1,87,12,0,132,0.0,1.0,0.5,92.69,
ERCOT,92.5,1,87,12,0,132,0.25,0.0,0.0,92.62,
ERCOT,92.5,1,87,12,0,132,0.25,0.0,0.5,92.65,
ERCOT,92.5,1,87,12,0,132,0.25,0.25,0.0,92.62,
ERCOT,92.5,1,87,12,0,132,0.25,0.25,0.5,92.62,
ERCOT,92.5,1,87,12,0,132,0.25,0.5,0.0,92.62,
ERCOT,92.5,1,87,12,0,132,0.25,0.5,0.5,92.62,
ERCOT,92.5,1,87,12,0,132,0.25,0.75,0.0,92.62,
ERCOT,92.5,1,87,12,0,132,0.25,0.75,0.5,92.62,
ERCOT,92.5,1,87,12,0,132,0.25,1.0,0.0,92.62,
ERCOT,92.5,1,87,12,0,132,0.25,1.0,0.5,92.62,
ERCOT,92.5,1,87,12,0,132,0.5,0.0,0.0,92.62,
ERCOT,92.5,1,87,12,0,132,0.5,0.0,0.5,92.62,
ERCOT,92.5,1,87,12,0,132,0.5,0.25,0.0,92.62,
ERCOT,92.5,1,87,12,0,132,0.5,0.25,0.5,92.62,
ERCOT,92.5,1,87,12,0,132,0.5,0.5,0.0,92.62,
ERCOT,92.5,1,87,12,0,132,0.5,0.5,0.5,92.62,
ERCOT,92.5,1,87,12,0,132,0.5,0.75,0.0,92.62,
ERCOT,92.5,1,87,12,0,132,0.5,0.75,0.5,92.62,
ERCOT,92.5,1,87,12,0,132,0.5,1.0,0.0,92.62,
ERCOT,92.5,1,87,12,0,132,0.5,1.0,0.5,92.62,
ERCOT,92.5,2,86,12,0,247,0.0,0.0,2.0,92.52,
ERCOT,92.5,2,86,12,0,197,0.0,0.0,2.5,92.72,
ERCOT,92.5,2,86,12,0,167,0.0,0.25,0.0,93.03,
ERCOT,92.5,2,86,12,0,147,0.0,0.25,0.5,92.82,
ERCOT,92.5,2,86,12,0,142,0.0,0.25,1.0,93.66,
ERCOT,92.5,2,86,12,0,132,0.0,0.25,1.5,92.63,
ERCOT,92.5,2,86,12,0,132,0.0,0.25,2.0,93.64,
ERCOT,92.5,2,86,12,0,132,0.0,0.5,0.0,92.91,
ERCOT,92.5,2,86,12,0,132,0.0,0.5,0.5,92.93,
ERCOT,92.5,2,86,12,0,132,0.0,0.75,0.0,92.91,
ERCOT,92.5,2,86,12,0,132,0.0,0.75,0.5,92.91,
ERCOT,92.5,2,86,12,0,132,0.0,1.0,0.0,92.91,
ERCOT,92.5,2,86,12,0,132,0.0,1.0,0.5,92.91,
ERCOT,92.5,2,86,12,0,132,0.25,0.0,0.0,92.85,
ERCOT,92.5,2,86,12,0,132,0.25,0.0,0.5,92.87,
ERCOT,92.5,2,86,12,0,132,0.25,0.25,0.0,92.85,
ERCOT,92.5,2,86,12,0,132,0.25,0.25,0.5,92.85,
ERCOT,92.5,2,86,12,0,132,0.25,0.5,0.0,92.85,
ERCOT,92.5,2,86,12,0,132,0.25,0.5,0.5,92.85,
ERCOT,92.5,2,86,12,0,132,0.25,0.75,0.0,92.85,
ERCOT,92.5,2,86,12,0,132,0.25,0.75,0.5,92.85,
ERCOT,92.5,2,86,12,0,132,0.25,1.0,0.0,92.85,
ERCOT,92.5,2,86,12,0,132,0.25,1.0,0.5,92.85,
ERCOT,92.5,2,86,12,0,132,0.5,0.0,0.0,92.85,
ERCOT,92.5,2,86,12,0,132,0.5,0.0,0.5,92.85,
ERCOT,92.5,2,86,12,0,132,0.5,0.25,0.0,92.85,
ERCOT,92.5,2,86,12,0,132,0.5,0.25,0.5,92.85,
ERCOT,92.5,2,86,12,0,132,0.5,0.5,0.0,92.85,
ERCOT,92.5,2,86,12,0,132,0.5,0.5,0.5,92.85,
ERCOT,92.5,2,86,12,0,132,0.5,0.75,0.0,92.85,
ERCOT,92.5,2,86,12,0,132,0.5,0.75,0.5,92.85,
ERCOT,92.5,2,86,12,0,132,0.5,1.0,0.0,92.85,
ERCOT,92.5,2,86,12,0,132,0.5,1.0,0.5,92.85,
ERCOT,92.5,2,87,11,0,207,0.0,0.0,2.5,92.7,
ERCOT,92.5,2,87,11,0,172,0.0,0.25,0.0,92.72,
ERCOT,92.5,2,87,11,0,152,0.0,0.25,0.5,93.01,
ERCOT,92.5,2,87,11,0,142,0.0,0.25,1.0,93.08,
ERCOT,92.5,2,87,11,0,137,0.0,0.25,1.5,93.43,
ERCOT,92.5,2,87,11,0,132,0.0,0.25,2.0,93.23,
ERCOT,92.5,2,87,11,0,127,0.0,0.25,2.5,92.6,
ERCOT,92.5,2,87,11,0,132,0.0,0.5,0.0,92.67,
ERCOT,92.5,2,87,11,0,132,0.0,0.5,0.5,92.68,
ERCOT,92.5,2,87,11,0,132,0.0,0.75,0.0,92.67,
ERCOT,92.5,2,87,11,0,132,0.0,0.75,0.5,92.67,
ERCOT,92.5,2,87,11,0,132,0.0,1.0,0.0,92.67,
ERCOT,92.5,2,87,11,0,132,0.0,1.0,0.5,92.67,
ERCOT,92.5,2,87,11,0,132,0.25,0.0,0.0,92.6,
ERCOT,92.5,2,87,11,0,132,0.25,0.0,0.5,92.62,
ERCOT,92.5,2,87,11,0,132,0.25,0.25,0.0,92.6,
ERCOT,92.5,2,87,11,0,132,0.25,0.25,0.5,92.6,
ERCOT,92.5,2,87,11,0,132,0.25,0.5,0.0,92.6,
ERCOT,92.5,2,87,11,0,132,0.25,0.5,0.5,92.6,
ERCOT,92.5,2,87,11,0,132,0.25,0.75,0.0,92.6,
ERCOT,92.5,2,87,11,0,132,0.25,0.75,0.5,92.6,
ERCOT,92.5,2,87,11,0,132,0.25,1.0,0.0,92.6,
ERCOT,92.5,2,87,11,0,132,0.25,1.0,0.5,92.6,
ERCOT,92.5,2,87,11,0,132,0.5,0.0,0.0,92.6,
ERCOT,92.5,2,87,11,0,132,0.5,0.0,0.5,92.6,
ERCOT,92.5,2,87,11,0,132,0.5,0.25,0.0,92.6,
ERCOT,92.5,2,87,11,0,132,0.5,0.25,0.5,92.6,
ERCOT,92.5,2,87,11,0,132,0.5,0.5,0.0,92.6,
ERCOT,92.5,2,87,11,0,132,0.5,0.5,0.5,92.6,
ERCOT,92.5,2,87,11,0,132,0.5,0.75,0.0,92.6,
ERCOT,92.5,2,87,11,0,132,0.5,0.75,0.5,92.6,
ERCOT,92.5,2,87,11,0,132,0.5,1.0,0.0,92.6,
ERCOT,92.5,2,87,11,0,132,0.5,1.0,0.5,92.6,
ERCOT,92.5,3,86,11,0,250,0.0,0.0,2.0,92.63,
ERCOT,92.5,3,86,11,0,197,0.0,0.0,2.5,92.62,
ERCOT,92.5,3,86,11,0,167,0.0,0.25,0.0,92.96,
ERCOT,92.5,3,86,11,0,147,0.0,0.25,0.5,92.76,
ERCOT,92.5,3,86,11,0,142,0.0,0.25,1.0,93.6,
ERCOT,92.5,3,86,11,0,132,0.0,0.25,1.5,92.58,
ERCOT,92.5,3,86,11,0,132,0.0,0.25,2.0,93.59,
ERCOT,92.5,3,86,11,0,132,0.0,0.5,0.0,92.89,
ERCOT,92.5,3,86,11,0,132,0.0,0.5,0.5,92.9,
ERCOT,92.5,3,86,11,0,132,0.0,0.75,0.0,92.89,
ERCOT,92.5,3,86,11,0,132,0.0,0.75,0.5,92.89,
ERCOT,92.5,3,86,11,0,132,0.0,1.0,0.0,92.89,
ERCOT,92.5,3,86,11,0,132,0.0,1.0,0.5,92.89,
ERCOT,92.5,3,86,11,0,132,0.25,0.0,0.0,92.82,
ERCOT,92.5,3,86,11,0,132,0.25,0.0,0.5,92.84,
ERCOT,92.5,3,86,11,0,132,0.25,0.25,0.0,92.82,
ERCOT,92.5,3,86,11,0,132,0.25,0.25,0.5,92.82,
ERCOT,92.5,3,86,11,0,132,0.25,0.5,0.0,92.82,
ERCOT,92.5,3,86,11,0,132,0.25,0.5,0.5,92.82,
ERCOT,92.5,3,86,11,0,132,0.25,0.75,0.0,92.82,
ERCOT,92.5,3,86,11,0,132,0.25,0.75,0.5,92.82,
ERCOT,92.5,3,86,11,0,132,0.25,1.0,0.0,92.82,
ERCOT,92.5,3,86,11,0,132,0.25,1.0,0.5,92.82,
ERCOT,92.5,3,86,11,0,132,0.5,0.0,0.0,92.82,
ERCOT,92.5,3,86,11,0,132,0.5,0.0,0.5,92.82,
ERCOT,92.5,3,86,11,0,132,0.5,0.25,0.0,92.82,
ERCOT,92.5,3,86,11,0,132,0.5,0.25,0.5,92.82,
ERCOT,92.5,3,86,11,0,132,0.5,0.5,0.0,92.82,
ERCOT,92.5,3,86,11,0,132,0.5,0.5,0.5,92.82,
ERCOT,92.5,3,86,11,0,132,0.5,0.75,0.0,92.82,
ERCOT,92.5,3,86,11,0,132,0.5,0.75,0.5,92.82,
ERCOT,92.5,3,86,11,0,132,0.5,1.0,0.0,92.82,
ERCOT,92.5,3,86,11,0,132,0.5,1.0,0.5,92.82,
ERCOT,92.5,3,87,10,0,207,0.0,0.0,2.5,92.6,
ERCOT,92.5,3,87,10,0,172,0.0,0.25,0.0,92.64,
ERCOT,92.5,3,87,10,0,152,0.0,0.25,0.5,92.96,
ERCOT,92.5,3,87,10,0,142,0.0,0.25,1.0,93.02,
ERCOT,92.5,3,87,10,0,137,0.0,0.25,1.5,93.38,
ERCOT,92.5,3,87,10,0,132,0.0,0.25,2.0,93.18,
ERCOT,92.5,3,87,10,0,127,0.0,0.25,2.5,92.56,
ERCOT,92.5,3,87,10,0,132,0.0,0.5,0.0,92.64,
ERCOT,92.5,3,87,10,0,132,0.0,0.5,0.5,92.66,
ERCOT,92.5,3,87,10,0,132,0.0,0.75,0.0,92.64,
ERCOT,92.5,3,87,10,0,132,0.0,0.75,0.5,92.64,
ERCOT,92.5,3,87,10,0,132,0.0,1.0,0.0,92.64,
ERCOT,92.5,3,87,10,0,132,0.0,1.0,0.5,92.64,
ERCOT,92.5,3,87,10,0,132,0.25,0.0,0.0,92.57,
ERCOT,92.5,3,87,10,0,132,0.25,0.0,0.5,92.59,
ERCOT,92.5,3,87,10,0,132,0.25,0.25,0.0,92.57,
ERCOT,92.5,3,87,10,0,132,0.25,0.25,0.5,92.57,
ERCOT,92.5,3,87,10,0,132,0.25,0.5,0.0,92.57,
ERCOT,92.5,3,87,10,0,132,0.25,0.5,0.5,92.57,
ERCOT,92.5,3,87,10,0,132,0.25,0.75,0.0,92.57,
ERCOT,92.5,3,87,10,0,132,0.25,0.75,0.5,92.57,
ERCOT,92.5,3,87,10,0,132,0.25,1.0,0.0,92.57,
ERCOT,92.5,3,87,10,0,132,0.25,1.0,0.5,92.57,
ERCOT,92.5,3,87,10,0,132,0.5,0.0,0.0,92.57,
ERCOT,92.5,3,87,10,0,132,0.5,0.0,0.5,92.57,
ERCOT,92.5,3,87,10,0,132,0.5,0.25,0.0,92.57,
ERCOT,92.5,3,87,10,0,132,0.5,0.25,0.5,92.57,
ERCOT,92.5,3,87,10,0,132,0.5,0.5,0.0,92.57,
ERCOT,92.5,3,87,10,0,132,0.5,0.5,0.5,92.57,
ERCOT,92.5,3,87,10,0,132,0.5,0.75,0.0,92.57,
ERCOT,92.5,3,87,10,0,132,0.5,0.75,0.5,92.57,
ERCOT,92.5,3,87,10,0,132,0.5,1.0,0.0,92.57,
ERCOT,92.5,3,87,10,0,132,0.5,1.0,0.5,92.57,
ERCOT,92.5,4,86,10,0,197,0.0,0.0,2.5,92.53,
ERCOT,92.5,4,86,10,0,167,0.0,0.25,0.0,92.9,
ERCOT,92.5,4,86,10,0,147,0.0,0.25,0.5,92.7,
ERCOT,92.5,4,86,10,0,142,0.0,0.25,1.0,93.54,
ERCOT,92.5,4,86,10,0,132,0.0,0.25,1.5,92.53,
ERCOT,92.5,4,86,10,0,132,0.0,0.25,2.0,93.55,
ERCOT,92.5,4,86,10,0,132,0.0,0.5,0.0,92.87,
ERCOT,92.5,4,86,10,0,132,0.0,0.5,0.5,92.88,
ERCOT,92.5,4,86,10,0,132,0.0,0.75,0.0,92.87,
ERCOT,92.5,4,86,10,0,132,0.0,0.75,0.5,92.87,
ERCOT,92.5,4,86,10,0,132,0.0,1.0,0.0,92.87,
ERCOT,92.5,4,86,10,0,132,0.0,1.0,0.5,92.87,
ERCOT,92.5,4,86,10,0,132,0.25,0.0,0.0,92.79,
ERCOT,92.5,4,86,10,0,132,0.25,0.0,0.5,92.81,
ERCOT,92.5,4,86,10,0,132,0.25,0.25,0.0,92.79,
ERCOT,92.5,4,86,10,0,132,0.25,0.25,0.5,92.79,
ERCOT,92.5,4,86,10,0,132,0.25,0.5,0.0,92.79,
ERCOT,92.5,4,86,10,0,132,0.25,0.5,0.5,92.79,
ERCOT,92.5,4,86,10,0,132,0.25,0.75,0.0,92.79,
ERCOT,92.5,4,86,10,0,132,0.25,0.75,0.5,92.79,
ERCOT,92.5,4,86,10,0,132,0.25,1.0,0.0,92.79,
ERCOT,92.5,4,86,10,0,132,0.25,1.0,0.5,92.79,
ERCOT,92.5,4,86,10,0,132,0.5,0.0,0.0,92.79,
ERCOT,92.5,4,86,10,0,132,0.5,0.0,0.5,92.79,
ERCOT,92.5,4,86,10,0,132,0.5,0.25,0.0,92.79,
ERCOT,92.5,4,86,10,0,132,0.5,0.25,0.5,92.79,
ERCOT,92.5,4,86,10,0,132,0.5,0.5,0.0,92.79,
ERCOT,92.5,4,86,10,0,132,0.5,0.5,0.5,92.79,
ERCOT,92.5,4,86,10,0,132,0.5,0.75,0.0,92.79,
ERCOT,92.5,4,86,10,0,132,0.5,0.75,0.5,92.79,
ERCOT,92.5,4,86,10,0,132,0.5,1.0,0.0,92.79,
ERCOT,92.5,4,86,10,0,132,0.5,1.0,0.5,92.79,
ERCOT,92.5,36,25,39,0,117,0.0,0.0,0.0,92.71,
ERCOT,92.5,37,24,39,0,117,0.0,0.0,0.0,93.09,
ERCOT,92.5,37,25,38,0,117,0.0,0.0,0.0,92.72,
ERCOT,92.5,38,23,39,0,117,0.0,0.0,0.0,93.44,
ERCOT,92.5,38,24,38,0,117,0.0,0.0,0.0,93.1,
ERCOT,92.5,38,25,37,0,117,0.0,0.0,0.0,92.72,
ERCOT,92.5,39,22,39,0,117,0.0,0.0,0.0,93.77,
ERCOT,92.5,39,23,38,0,117,0.0,0.0,0.0,93.45,
ERCOT,92.5,39,24,37,0,117,0.0,0.0,0.0,93.1,
ERCOT,92.5,39,25,36,0,117,0.0,0.0,0.0,92.71,
ERCOT,92.5,40,21,39,0,112,0.0,0.0,0.0,92.51,
ERCOT,92.5,40,22,38,0,117,0.0,0.0,0.0,93.79,
ERCOT,92.5,40,23,37,0,117,0.0,0.0,0.0,93.46,
ERCOT,92.5,40,24,36,0,117,0.0,0.0,0.0,93.1,
ERCOT,92.5,40,26,34,0,122,0.0,0.0,0.0,93.72,
ERCOT,92.5,40,27,33,0,122,0.0,0.0,0.0,93.32,
ERCOT,92.5,40,28,32,0,122,0.0,0.0,0.0,92.89,
ERCOT,92.5,40,29,31,0,127,0.0,0.0,0.0,93.81,
ERCOT,92.5,41,40,19,0,147,0.0,0.0,0.0,93.2,
ERCOT,92.5,42,39,19,0,142,0.0,0.0,0.0,92.51,
ERCOT,92.5,42,40,18,0,147,0.0,0.0,0.0,93.16,
ERCOT,92.5,43,38,19,0,142,0.0,0.0,0.0,93.08,
ERCOT,92.5,43,39,18,0,147,0.0,0.0,0.0,93.72,
ERCOT,92.5,43,40,17,0,147,0.0,0.0,0.0,93.12,
ERCOT,92.5,44,37,19,0,142,0.0,0.0,0.0,93.62,
ERCOT,92.5,44,38,18,0,142,0.0,0.0,0.0,93.04,
ERCOT,92.5,44,39,17,0,147,0.0,0.0,0.0,93.69,
ERCOT,92.5,44,40,16,0,147,0.0,0.0,0.0,93.08,
ERCOT,92.5,45,36,19,0,137,0.0,0.0,0.0,92.87,
ERCOT,92.5,45,37,18,0,142,0.0,0.0,0.0,93.59,
ERCOT,92.5,45,38,17,0,142,0.0,0.0,0.0,93.0,
ERCOT,92.5,45,39,16,0,147,0.0,0.0,0.0,93.65,
ERCOT,92.5,45,41,14,0,152,0.0,0.0,0.0,93.62,
ERCOT,92.5,45,42,13,0,152,0.0,0.0,0.0,92.96,
ERCOT,92.5,45,43,12,0,157,0.0,0.0,0.0,93.5,
ERCOT,92.5,45,44,11,0,157,0.0,0.0,0.0,92.79,
ERCOT,92.5,60,6,34,0,112,0.0,0.0,0.0,93.46,
ERCOT,92.5,60,7,33,0,112,0.0,0.0,0.0,93.68,
ERCOT,92.5,60,8,32,0,112,0.0,0.0,0.0,93.87,
ERCOT,92.5,60,9,31,0,112,0.0,0.0,0.0,94.02,
ERCOT,92.5,61,6,33,0,112,0.0,0.0,0.0,93.52,
ERCOT,92.5,61,7,32,0,112,0.0,0.0,0.0,93.74,
ERCOT,92.5,61,8,31,0,112,0.0,0.0,0.0,93.92,
ERCOT,92.5,61,9,30,0,112,0.0,0.0,0.0,94.07,
ERCOT,92.5,62,6,32,0,112,0.0,0.0,0.0,93.58,
ERCOT,92.5,62,7,31,0,112,0.0,0.0,0.0,93.79,
ERCOT,92.5,62,8,30,0,112,0.0,0.0,0.0,93.97,
ERCOT,92.5,63,6,31,0,112,0.0,0.0,0.0,93.64,
ERCOT,92.5,63,7,30,0,112,0.0,0.0,0.0,93.85,
ERCOT,92.5,64,6,30,0,112,0.0,0.0,0.0,93.69,
ERCOT,92.5,0,31,69,0,132,0.0,0.0,0.0,93.3,
ERCOT,92.5,0,32,68,0,132,0.0,0.0,0.0,93.0,
ERCOT,92.5,0,33,67,0,132,0.0,0.0,0.0,92.68,
ERCOT,92.5,0,34,66,0,137,0.0,0.0,0.0,93.23,
ERCOT,92.5,16,10,74,0,117,0.0,0.0,0.0,92.54,
ERCOT,92.5,16,11,73,0,117,0.0,0.0,0.0,92.74,
ERCOT,92.5,16,12,72,0,117,0.0,0.0,0.0,92.91,
ERCOT,92.5,16,13,71,0,117,0.0,0.0,0.0,93.07,
ERCOT,92.5,16,14,70,0,117,0.0,0.0,0.0,93.2,
ERCOT,92.5,17,10,73,0,117,0.0,0.0,0.0,92.62,
ERCOT,92.5,17,11,72,0,117,0.0,0.0,0.0,92.82,
ERCOT,92.5,17,12,71,0,117,0.0,0.0,0.0,92.99,
ERCOT,92.5,17,13,70,0,117,0.0,0.0,0.0,93.15,
ERCOT,92.5,18,10,72,0,117,0.0,0.0,0.0,92.71,
ERCOT,92.5,18,11,71,0,117,0.0,0.0,0.0,92.9,
ERCOT,92.5,18,12,70,0,117,0.0,0.0,0.0,93.08,
ERCOT,92.5,19,10,71,0,117,0.0,0.0,0.0,92.79,
ERCOT,92.5,19,11,70,0,117,0.0,0.0,0.0,92.99,
ERCOT,92.5,1,85,14,0,232,0.0,0.0,2.0,92.55,
ERCOT,92.5,1,85,14,0,187,0.0,0.0,2.5,92.67,
ERCOT,92.5,1,85,14,0,157,0.0,0.25,0.0,92.64,
ERCOT,92.5,1,85,14,0,147,0.0,0.25,0.5,93.46,
ERCOT,92.5,1,85,14,0,137,0.0,0.25,1.0,93.06,
ERCOT,92.5,1,85,14,0,132,0.0,0.25,1.5,93.16,
ERCOT,92.5,1,85,14,0,127,0.0,0.25,2.0,92.76,
ERCOT,92.5,1,85,14,0,127,0.0,0.25,2.5,93.35,
ERCOT,92.5,1,85,14,0,132,0.0,0.5,0.0,93.18,
ERCOT,92.5,1,85,14,0,132,0.0,0.5,0.5,93.19,
ERCOT,92.5,1,85,14,0,132,0.0,0.75,0.0,93.18,
ERCOT,92.5,1,85,14,0,132,0.0,0.75,0.5,93.18,
ERCOT,92.5,1,85,14,0,132,0.0,1.0,0.0,93.18,
ERCOT,92.5,1,85,14,0,132,0.0,1.0,0.5,93.18,
ERCOT,92.5,1,85,14,0,132,0.25,0.0,0.0,93.14,
ERCOT,92.5,1,85,14,0,132,0.25,0.0,0.5,93.15,
ERCOT,92.5,1,85,14,0,132,0.25,0.25,0.0,93.14,
ERCOT,92.5,1,85,14,0,132,0.25,0.25,0.5,93.14,
ERCOT,92.5,1,85,14,0,132,0.25,0.5,0.0,93.14,
ERCOT,92.5,1,85,14,0,132,0.25,0.5,0.5,93.14,
ERCOT,92.5,1,85,14,0,132,0.25,0.75,0.0,93.14,
ERCOT,92.5,1,85,14,0,132,0.25,0.75,0.5,93.14,
ERCOT,92.5,1,85,14,0,132,0.25,1.0,0.0,93.14,
ERCOT,92.5,1,85,14,0,132,0.25,1.0,0.5,93.14,
ERCOT,92.5,1,85,14,0,132,0.5,0.0,0.0,93.14,
ERCOT,92.5,1,85,14,0,132,0.5,0.0,0.5,93.14,
ERCOT,92.5,1,85,14,0,132,0.5,0.25,0.0,93.14,
ERCOT,92.5,1,85,14,0,132,0.5,0.25,0.5,93.14,
ERCOT,92.5,1,85,14,0,132,0.5,0.5,0.0,93.14,
ERCOT,92.5,1,85,14,0,132,0.5,0.5,0.5,93.14,
ERCOT,92.5,1,85,14,0,132,0.5,0.75,0.0,93.14,
ERCOT,92.5,1,85,14,0,132,0.5,0.75,0.5,93.14,
ERCOT,92.5,1,85,14,0,132,0.5,1.0,0.0,93.14,
ERCOT,92.5,1,85,14,0,132,0.5,1.0,0.5,93.14,
ERCOT,92.5,2,85,13,0,237,0.0,0.0,2.0,92.89,
ERCOT,92.5,2,85,13,0,187,0.0,0.0,2.5,92.58,
ERCOT,92.5,2,85,13,0,157,0.0,0.25,0.0,92.58,
ERCOT,92.5,2,85,13,0,147,0.0,0.25,0.5,93.42,
ERCOT,92.5,2,85,13,0,137,0.0,0.25,1.0,93.01,
ERCOT,92.5,2,85,13,0,132,0.0,0.25,1.5,93.11,
ERCOT,92.5,2,85,13,0,127,0.0,0.25,2.0,92.72,
ERCOT,92.5,2,85,13,0,127,0.0,0.25,2.5,93.31,
ERCOT,92.5,2,85,13,0,132,0.0,0.5,0.0,93.16,
ERCOT,92.5,2,85,13,0,132,0.0,0.5,0.5,93.17,
ERCOT,92.5,2,85,13,0,132,0.0,0.75,0.0,93.16,
ERCOT,92.5,2,85,13,0,132,0.0,0.75,0.5,93.16,
ERCOT,92.5,2,85,13,0,132,0.0,1.0,0.0,93.16,
ERCOT,92.5,2,85,13,0,132,0.0,1.0,0.5,93.16,
ERCOT,92.5,2,85,13,0,132,0.25,0.0,0.0,93.11,
ERCOT,92.5,2,85,13,0,132,0.25,0.0,0.5,93.12,
ERCOT,92.5,2,85,13,0,132,0.25,0.25,0.0,93.11,
ERCOT,92.5,2,85,13,0,132,0.25,0.25,0.5,93.11,
ERCOT,92.5,2,85,13,0,132,0.25,0.5,0.0,93.11,
ERCOT,92.5,2,85,13,0,132,0.25,0.5,0.5,93.11,
ERCOT,92.5,2,85,13,0,132,0.25,0.75,0.0,93.11,
ERCOT,92.5,2,85,13,0,132,0.25,0.75,0.5,93.11,
ERCOT,92.5,2,85,13,0,132,0.25,1.0,0.0,93.11,
ERCOT,92.5,2,85,13,0,132,0.25,1.0,0.5,93.11,
ERCOT,92.5,2,85,13,0,132,0.5,0.0,0.0,93.11,
ERCOT,92.5,2,85,13,0,132,0.5,0.0,0.5,93.11,
ERCOT,92.5,2,85,13,0,132,0.5,0.25,0.0,93.11,
ERCOT,92.5,2,85,13,0,132,0.5,0.25,0.5,93.11,
ERCOT,92.5,2,85,13,0,132,0.5,0.5,0.0,93.11,
ERCOT,92.5,2,85,13,0,132,0.5,0.5,0.5,93.11,
ERCOT,92.5,2,85,13,0,132,0.5,0.75,0.0,93.11,
ERCOT,92.5,2,85,13,0,132,0.5,0.75,0.5,93.11,
ERCOT,92.5,2,85,13,0,132,0.5,1.0,0.0,93.11,
ERCOT,92.5,2,85,13,0,132,0.5,1.0,0.5,93.11,
ERCOT,92.5,3,85,12,0,237,0.0,0.0,2.0,92.76,
ERCOT,92.5,3,85,12,0,192,0.0,0.0,2.5,93.04,
ERCOT,92.5,3,85,12,0,157,0.0,0.25,0.0,92.51,
ERCOT,92.5,3,85,12,0,147,0.0,0.25,0.5,93.37,
ERCOT,92.5,3,85,12,0,137,0.0,0.25,1.0,92.95,
ERCOT,92.5,3,85,12,0,132,0.0,0.25,1.5,93.06,
ERCOT,92.5,3,85,12,0,127,0.0,0.25,2.0,92.68,
ERCOT,92.5,3,85,12,0,127,0.0,0.25,2.5,93.27,
ERCOT,92.5,3,85,12,0,132,0.0,0.5,0.0,93.14,
ERCOT,92.5,3,85,12,0,132,0.0,0.5,0.5,93.14,
ERCOT,92.5,3,85,12,0,132,0.0,0.75,0.0,93.14,
ERCOT,92.5,3,85,12,0,132,0.0,0.75,0.5,93.14,
ERCOT,92.5,3,85,12,0,132,0.0,1.0,0.0,93.14,
ERCOT,92.5,3,85,12,0,132,0.0,1.0,0.5,93.14,
ERCOT,92.5,3,85,12,0,132,0.25,0.0,0.0,93.08,
ERCOT,92.5,3,85,12,0,132,0.25,0.0,0.5,93.1,
ERCOT,92.5,3,85,12,0,132,0.25,0.25,0.0,93.08,
ERCOT,92.5,3,85,12,0,132,0.25,0.25,0.5,93.08,
ERCOT,92.5,3,85,12,0,132,0.25,0.5,0.0,93.08,
ERCOT,92.5,3,85,12,0,132,0.25,0.5,0.5,93.08,
ERCOT,92.5,3,85,12,0,132,0.25,0.75,0.0,93.08,
ERCOT,92.5,3,85,12,0,132,0.25,0.75,0.5,93.08,
ERCOT,92.5,3,85,12,0,132,0.25,1.0,0.0,93.08,
ERCOT,92.5,3,85,12,0,132,0.25,1.0,0.5,93.08,
ERCOT,92.5,3,85,12,0,132,0.5,0.0,0.0,93.08,
ERCOT,92.5,3,85,12,0,132,0.5,0.0,0.5,93.08,
ERCOT,92.5,3,85,12,0,132,0.5,0.25,0.0,93.08,
ERCOT,92.5,3,85,12,0,132,0.5,0.25,0.5,93.08,
ERCOT,92.5,3,85,12,0,132,0.5,0.5,0.0,93.08,
ERCOT,92.5,3,85,12,0,132,0.5,0.5,0.5,93.08,
ERCOT,92.5,3,85,12,0,132,0.5,0.75,0.0,93.08,
ERCOT,92.5,3,85,12,0,132,0.5,0.75,0.5,93.08,
ERCOT,92.5,3,85,12,0,132,0.5,1.0,0.0,93.08,
ERCOT,92.5,3,85,12,0,132,0.5,1.0,0.5,93.08,
ERCOT,92.5,4,85,11,0,237,0.0,0.0,2.0,92.63,
ERCOT,92.5,4,85,11,0,192,0.0,0.0,2.5,92.95,
ERCOT,92.5,4,85,11,0,162,0.0,0.25,0.0,93.08,
ERCOT,92.5,4,85,11,0,147,0.0,0.25,0.5,93.32,
ERCOT,92.5,4,85,11,0,137,0.0,0.25,1.0,92.89,
ERCOT,92.5,4,85,11,0,132,0.0,0.25,1.5,93.02,
ERCOT,92.5,4,85,11,0,127,0.0,0.25,2.0,92.63,
ERCOT,92.5,4,85,11,0,127,0.0,0.25,2.5,93.23,
ERCOT,92.5,4,85,11,0,132,0.0,0.5,0.0,93.11,
ERCOT,92.5,4,85,11,0,132,0.0,0.5,0.5,93.12,
ERCOT,92.5,4,85,11,0,132,0.0,0.75,0.0,93.11,
ERCOT,92.5,4,85,11,0,132,0.0,0.75,0.5,93.11,
ERCOT,92.5,4,85,11,0,132,0.0,1.0,0.0,93.11,
ERCOT,92.5,4,85,11,0,132,0.0,1.0,0.5,93.11,
ERCOT,92.5,4,85,11,0,132,0.25,0.0,0.0,93.05,
ERCOT,92.5,4,85,11,0,132,0.25,0.0,0.5,93.07,
ERCOT,92.5,4,85,11,0,132,0.25,0.25,0.0,93.05,
ERCOT,92.5,4,85,11,0,132,0.25,0.25,0.5,93.05,
ERCOT,92.5,4,85,11,0,132,0.25,0.5,0.0,93.05,
ERCOT,92.5,4,85,11,0,132,0.25,0.5,0.5,93.05,
ERCOT,92.5,4,85,11,0,132,0.25,0.75,0.0,93.05,
ERCOT,92.5,4,85,11,0,132,0.25,0.75,0.5,93.05,
ERCOT,92.5,4,85,11,0,132,0.25,1.0,0.0,93.05,
ERCOT,92.5,4,85,11,0,132,0.25,1.0,0.5,93.05,
ERCOT,92.5,4,85,11,0,132,0.5,0.0,0.0,93.05,
ERCOT,92.5,4,85,11,0,132,0.5,0.0,0.5,93.05,
ERCOT,92.5,4,85,11,0,132,0.5,0.25,0.0,93.05,
ERCOT,92.5,4,85,11,0,132,0.5,0.25,0.5,93.05,
ERCOT,92.5,4,85,11,0,132,0.5,0.5,0.0,93.05,
ERCOT,92.5,4,85,11,0,132,0.5,0.5,0.5,93.05,
ERCOT,92.5,4,85,11,0,132,0.5,0.75,0.0,93.05,
ERCOT,92.5,4,85,11,0,132,0.5,0.75,0.5,93.05,
ERCOT,92.5,4,85,11,0,132,0.5,1.0,0.0,93.05,
ERCOT,92.5,4,85,11,0,132,0.5,1.0,0.5,93.05,
ERCOT,92.5,1,54,45,0,187,0.0,0.0,0.0,92.51,
ERCOT,92.5,2,53,45,0,187,0.0,0.0,0.0,93.04,
ERCOT,92.5,2,54,44,0,187,0.0,0.0,0.0,92.54,
ERCOT,92.5,3,52,45,0,182,0.0,0.0,0.0,92.91,
ERCOT,92.5,3,53,44,0,187,0.0,0.0,0.0,93.07,
ERCOT,92.5,3,54,43,0,187,0.0,0.0,0.0,92.57,
ERCOT,92.5,4,51,45,0,177,0.0,0.0,0.0,92.75,
ERCOT,92.5,4,52,44,0,182,0.0,0.0,0.0,92.95,
ERCOT,92.5,4,53,43,0,187,0.0,0.0,0.0,93.11,
ERCOT,92.5,4,54,42,0,187,0.0,0.0,0.0,92.6,
ERCOT,92.5,5,46,49,0,162,0.0,0.0,0.0,92.9,
ERCOT,92.5,5,47,48,0,167,0.0,0.0,0.0,93.2,
ERCOT,92.5,5,48,47,0,167,0.0,0.0,0.0,92.76,
ERCOT,92.5,5,49,46,0,172,0.0,0.0,0.0,93.03,
ERCOT,92.5,5,51,44,0,177,0.0,0.0,0.0,92.78,
ERCOT,92.5,5,52,43,0,182,0.0,0.0,0.0,92.98,
ERCOT,92.5,5,53,42,0,187,0.0,0.0,0.0,93.15,
ERCOT,92.5,5,54,41,0,187,0.0,0.0,0.0,92.63,
ERCOT,92.5,50,21,29,0,112,0.0,0.0,0.0,92.55,
ERCOT,92.5,50,22,28,0,117,0.0,0.0,0.0,93.83,
ERCOT,92.5,50,23,27,0,117,0.0,0.0,0.0,93.44,
ERCOT,92.5,50,24,26,0,117,0.0,0.0,0.0,93.02,
ERCOT,92.5,50,46,4,0,167,0.0,0.0,0.0,93.25,
ERCOT,92.5,50,47,3,0,172,0.0,0.0,0.0,93.59,
ERCOT,92.5,50,48,2,0,172,0.0,0.0,0.0,92.72,
ERCOT,92.5,50,49,1,0,177,0.0,0.0,0.0,92.99,
ERCOT,92.5,61,5,34,0,112,0.0,0.0,0.0,93.28,
ERCOT,92.5,62,5,33,0,112,0.0,0.0,0.0,93.34,
ERCOT,92.5,63,5,32,0,112,0.0,0.0,0.0,93.4,
ERCOT,92.5,64,5,31,0,112,0.0,0.0,0.0,93.46,
ERCOT,92.5,66,4,30,0,112,0.0,0.0,0.0,93.31,
ERCOT,92.5,67,3,30,0,112,0.0,0.0,0.0,93.08,
ERCOT,92.5,68,2,30,0,112,0.0,0.0,0.0,92.83,
ERCOT,92.5,69,1,30,0,112,0.0,0.0,0.0,92.57,
ERCOT,92.5,76,0,24,0,112,0.0,0.0,0.0,92.59,
ERCOT,92.5,76,1,23,0,112,0.0,0.0,0.0,92.93,
ERCOT,92.5,76,2,22,0,112,0.0,0.0,0.0,93.25,
ERCOT,92.5,76,3,21,0,112,0.0,0.0,0.0,93.55,
ERCOT,92.5,76,4,20,0,112,0.0,0.0,0.0,93.81,
ERCOT,92.5,77,0,23,0,112,0.0,0.0,0.0,92.64,
ERCOT,92.5,77,1,22,0,112,0.0,0.0,0.0,92.98,
ERCOT,92.5,77,2,21,0,112,0.0,0.0,0.0,93.3,
ERCOT,92.5,77,3,20,0,112,0.0,0.0,0.0,93.59,
ERCOT,92.5,78,0,22,0,112,0.0,0.0,0.0,92.68,
ERCOT,92.5,78,1,21,0,112,0.0,0.0,0.0,93.02,
ERCOT,92.5,78,2,20,0,112,0.0,0.0,0.0,93.34,
ERCOT,92.5,79,0,21,0,112,0.0,0.0,0.0,92.73,
ERCOT,92.5,79,1,20,0,112,0.0,0.0,0.0,93.07,
ERCOT,92.5,81,0,19,0,112,0.0,0.0,0.0,92.82,
ERCOT,92.5,82,0,18,0,112,0.0,0.0,0.0,92.86,
ERCOT,92.5,83,0,17,0,112,0.0,0.0,0.0,92.9,
ERCOT,92.5,84,0,16,0,112,0.0,0.0,0.0,92.93,
ERCOT,92.5,6,35,59,0,137,0.0,0.0,0.0,93.1,
ERCOT,92.5,7,34,59,0,132,0.0,0.0,0.0,92.55,
ERCOT,92.5,7,35,58,0,137,0.0,0.0,0.0,93.13,
ERCOT,92.5,8,33,59,0,132,0.0,0.0,0.0,92.92,
ERCOT,92.5,8,34,58,0,132,0.0,0.0,0.0,92.57,
ERCOT,92.5,8,35,57,0,137,0.0,0.0,0.0,93.16,
ERCOT,92.5,9,32,59,0,132,0.0,0.0,0.0,93.28,
ERCOT,92.5,9,33,58,0,132,0.0,0.0,0.0,92.95,
ERCOT,92.5,9,34,57,0,132,0.0,0.0,0.0,92.6,
ERCOT,92.5,9,35,56,0,137,0.0,0.0,0.0,93.19,
ERCOT,92.5,10,31,59,0,127,0.0,0.0,0.0,92.65,
ERCOT,92.5,10,32,58,0,132,0.0,0.0,0.0,93.31,
ERCOT,92.5,10,33,57,0,132,0.0,0.0,0.0,92.98,
ERCOT,92.5,10,34,56,0,132,0.0,0.0,0.0,92.62,
ERCOT,92.5,10,36,54,0,137,0.0,0.0,0.0,92.86,
ERCOT,92.5,10,37,53,0,142,0.0,0.0,0.0,93.39,
ERCOT,92.5,10,38,52,0,142,0.0,0.0,0.0,93.02,
ERCOT,92.5,10,39,51,0,142,0.0,0.0,0.0,92.62,
ERCOT,92.5,6,60,34,0,217,0.0,0.0,0.0,93.01,
ERCOT,92.5,7,60,33,0,217,0.0,0.0,0.0,93.04,
ERCOT,92.5,8,60,32,0,217,0.0,0.0,0.0,93.07,
ERCOT,92.5,9,60,31,0,217,0.0,0.0,0.0,93.1,
ERCOT,92.5,10,61,29,0,222,0.0,0.0,0.0,93.07,
ERCOT,92.5,10,62,28,0,227,0.0,0.0,0.0,92.99,
ERCOT,92.5,10,63,27,0,232,0.0,0.0,0.0,92.88,
ERCOT,92.5,10,64,26,0,237,0.0,0.0,0.0,92.73,
ERCOT,92.5,11,60,29,0,217,0.0,0.0,0.0,93.14,
ERCOT,92.5,11,61,28,0,222,0.0,0.0,0.0,93.09,
ERCOT,92.5,11,62,27,0,227,0.0,0.0,0.0,93.01,
ERCOT,92.5,11,63,26,0,232,0.0,0.0,0.0,92.9,
ERCOT,92.5,12,60,28,0,212,0.0,0.0,0.0,92.5,
ERCOT,92.5,12,61,27,0,222,0.0,0.0,0.0,93.11,
ERCOT,92.5,12,62,26,0,227,0.0,0.0,0.0,93.03,
ERCOT,92.5,13,60,27,0,212,0.0,0.0,0.0,92.51,
ERCOT,92.5,13,61,26,0,222,0.0,0.0,0.0,93.13,
ERCOT,92.5,14,60,26,0,212,0.0,0.0,0.0,92.51,
ERCOT,92.5,81,10,9,0,107,0.0,0.0,0.0,92.67,
ERCOT,92.5,81,11,8,0,107,0.0,0.0,0.0,92.58,
ERCOT,92.5,81,12,7,0,112,0.0,0.0,0.0,94.59,
ERCOT,92.5,81,13,6,0,112,0.0,0.0,0.0,94.43,
ERCOT,92.5,81,14,5,0,112,0.0,0.0,0.0,94.2,
ERCOT,92.5,82,10,8,0,107,0.0,0.0,0.0,92.66,
ERCOT,92.5,82,11,7,0,107,0.0,0.0,0.0,92.56,
ERCOT,92.5,82,12,6,0,112,0.0,0.0,0.0,94.58,
ERCOT,92.5,82,13,5,0,112,0.0,0.0,0.0,94.4,
ERCOT,92.5,83,10,7,0,107,0.0,0.0,0.0,92.65,
ERCOT,92.5,83,11,6,0,107,0.0,0.0,0.0,92.54,
ERCOT,92.5,83,12,5,0,112,0.0,0.0,0.0,94.56,
ERCOT,92.5,84,10,6,0,107,0.0,0.0,0.0,92.63,
ERCOT,92.5,84,11,5,0,107,0.0,0.0,0.0,92.52,
ERCOT,92.5,86,9,5,0,107,0.0,0.0,0.0,92.67,
ERCOT,92.5,87,8,5,0,107,0.0,0.0,0.0,92.68,
ERCOT,92.5,88,7,5,0,107,0.0,0.0,0.0,92.65,
ERCOT,92.5,89,6,5,0,107,0.0,0.0,0.0,92.58,
ERCOT,92.5,0,66,34,0,202,0.0,0.0,0.5,93.21,
ERCOT,92.5,0,66,34,0,167,0.0,0.0,1.0,92.57,
ERCOT,92.5,0,66,34,0,147,0.0,0.0,1.5,93.34,
ERCOT,92.5,0,66,34,0,137,0.0,0.0,2.0,93.76,
ERCOT,92.5,0,66,34,0,132,0.0,0.0,2.5,92.72,
ERCOT,92.5,0,66,34,0,117,0.0,0.25,0.0,93.23,
ERCOT,92.5,0,66,34,0,117,0.0,0.25,0.5,93.4,
ERCOT,92.5,0,66,34,0,117,0.0,0.5,0.0,93.31,
ERCOT,92.5,0,66,34,0,117,0.0,0.5,0.5,93.31,
ERCOT,92.5,0,66,34,0,117,0.0,0.75,0.0,93.31,
ERCOT,92.5,0,66,34,0,117,0.0,0.75,0.5,93.31,
ERCOT,92.5,0,66,34,0,117,0.0,1.0,0.0,93.31,
ERCOT,92.5,0,66,34,0,117,0.0,1.0,0.5,93.31,
ERCOT,92.5,0,66,34,0,117,0.25,0.0,0.0,93.19,
ERCOT,92.5,0,66,34,0,117,0.25,0.0,0.5,93.19,
ERCOT,92.5,0,66,34,0,117,0.25,0.25,0.0,93.19,
ERCOT,92.5,0,66,34,0,117,0.25,0.25,0.5,93.19,
ERCOT,92.5,0,66,34,0,117,0.25,0.5,0.0,93.19,
ERCOT,92.5,0,66,34,0,117,0.25,0.5,0.5,93.19,
ERCOT,92.5,0,66,34,0,117,0.25,0.75,0.0,93.19,
ERCOT,92.5,0,66,34,0,117,0.25,0.75,0.5,93.19,
ERCOT,92.5,0,66,34,0,117,0.25,1.0,0.0,93.19,
ERCOT,92.5,0,66,34,0,117,0.25,1.0,0.5,93.19,
ERCOT,92.5,0,66,34,0,117,0.5,0.0,0.0,93.19,
ERCOT,92.5,0,66,34,0,117,0.5,0.0,0.5,93.19,
ERCOT,92.5,0,66,34,0,117,0.5,0.25,0.0,93.19,
ERCOT,92.5,0,66,34,0,117,0.5,0.25,0.5,93.19,
ERCOT,92.5,0,66,34,0,117,0.5,0.5,0.0,93.19,
ERCOT,92.5,0,66,34,0,117,0.5,0.5,0.5,93.19,
ERCOT,92.5,0,66,34,0,117,0.5,0.75,0.0,93.19,
ERCOT,92.5,0,66,34,0,117,0.5,0.75,0.5,93.19,
ERCOT,92.5,0,66,34,0,117,0.5,1.0,0.0,93.19,
ERCOT,92.5,0,66,34,0,117,0.5,1.0,0.5,93.19,
ERCOT,92.5,0,67,33,0,207,0.0,0.0,0.5,93.08,
ERCOT,92.5,0,67,33,0,172,0.0,0.0,1.0,92.64,
ERCOT,92.5,0,67,33,0,147,0.0,0.0,1.5,92.61,
ERCOT,92.5,0,67,33,0,137,0.0,0.0,2.0,93.24,
ERCOT,92.5,0,67,33,0,137,0.0,0.0,2.5,94.23,
ERCOT,92.5,0,67,33,0,117,0.0,0.25,0.0,93.0,
ERCOT,92.5,0,67,33,0,117,0.0,0.25,0.5,93.23,
ERCOT,92.5,0,67,33,0,117,0.0,0.5,0.0,93.15,
ERCOT,92.5,0,67,33,0,117,0.0,0.5,0.5,93.15,
ERCOT,92.5,0,67,33,0,117,0.0,0.75,0.0,93.15,
ERCOT,92.5,0,67,33,0,117,0.0,0.75,0.5,93.15,
ERCOT,92.5,0,67,33,0,117,0.0,1.0,0.0,93.15,
ERCOT,92.5,0,67,33,0,117,0.0,1.0,0.5,93.15,
ERCOT,92.5,0,67,33,0,117,0.25,0.0,0.0,93.03,
ERCOT,92.5,0,67,33,0,117,0.25,0.0,0.5,93.03,
ERCOT,92.5,0,67,33,0,117,0.25,0.25,0.0,93.03,
ERCOT,92.5,0,67,33,0,117,0.25,0.25,0.5,93.03,
ERCOT,92.5,0,67,33,0,117,0.25,0.5,0.0,93.03,
ERCOT,92.5,0,67,33,0,117,0.25,0.5,0.5,93.03,
ERCOT,92.5,0,67,33,0,117,0.25,0.75,0.0,93.03,
ERCOT,92.5,0,67,33,0,117,0.25,0.75,0.5,93.03,
ERCOT,92.5,0,67,33,0,117,0.25,1.0,0.0,93.03,
ERCOT,92.5,0,67,33,0,117,0.25,1.0,0.5,93.03,
ERCOT,92.5,0,67,33,0,117,0.5,0.0,0.0,93.03,
ERCOT,92.5,0,67,33,0,117,0.5,0.0,0.5,93.03,
ERCOT,92.5,0,67,33,0,117,0.5,0.25,0.0,93.03,
ERCOT,92.5,0,67,33,0,117,0.5,0.25,0.5,93.03,
ERCOT,92.5,0,67,33,0,117,0.5,0.5,0.0,93.03,
ERCOT,92.5,0,67,33,0,117,0.5,0.5,0.5,93.03,
ERCOT,92.5,0,67,33,0,117,0.5,0.75,0.0,93.03,
ERCOT,92.5,0,67,33,0,117,0.5,0.75,0.5,93.03,
ERCOT,92.5,0,67,33,0,117,0.5,1.0,0.0,93.03,
ERCOT,92.5,0,67,33,0,117,0.5,1.0,0.5,93.03,
ERCOT,92.5,0,68,32,0,212,0.0,0.0,0.5,92.91,
ERCOT,92.5,0,68,32,0,177,0.0,0.0,1.0,92.66,
ERCOT,92.5,0,68,32,0,152,0.0,0.0,1.5,92.92,
ERCOT,92.5,0,68,32,0,137,0.0,0.0,2.0,92.71,
ERCOT,92.5,0,68,32,0,137,0.0,0.0,2.5,93.81,
ERCOT,92.5,0,68,32,0,117,0.0,0.25,0.0,92.75,
ERCOT,92.5,0,68,32,0,117,0.0,0.25,0.5,93.03,
ERCOT,92.5,0,68,32,0,117,0.0,0.5,0.0,92.99,
ERCOT,92.5,0,68,32,0,117,0.0,0.5,0.5,92.99,
ERCOT,92.5,0,68,32,0,117,0.0,0.75,0.0,92.99,
ERCOT,92.5,0,68,32,0,117,0.0,0.75,0.5,92.99,
ERCOT,92.5,0,68,32,0,117,0.0,1.0,0.0,92.99,
ERCOT,92.5,0,68,32,0,117,0.0,1.0,0.5,92.99,
ERCOT,92.5,0,68,32,0,117,0.25,0.0,0.0,92.86,
ERCOT,92.5,0,68,32,0,117,0.25,0.0,0.5,92.86,
ERCOT,92.5,0,68,32,0,117,0.25,0.25,0.0,92.86,
ERCOT,92.5,0,68,32,0,117,0.25,0.25,0.5,92.86,
ERCOT,92.5,0,68,32,0,117,0.25,0.5,0.0,92.86,
ERCOT,92.5,0,68,32,0,117,0.25,0.5,0.5,92.86,
ERCOT,92.5,0,68,32,0,117,0.25,0.75,0.0,92.86,
ERCOT,92.5,0,68,32,0,117,0.25,0.75,0.5,92.86,
ERCOT,92.5,0,68,32,0,117,0.25,1.0,0.0,92.86,
ERCOT,92.5,0,68,32,0,117,0.25,1.0,0.5,92.86,
ERCOT,92.5,0,68,32,0,117,0.5,0.0,0.0,92.86,
ERCOT,92.5,0,68,32,0,117,0.5,0.0,0.5,92.86,
ERCOT,92.5,0,68,32,0,117,0.5,0.25,0.0,92.86,
ERCOT,92.5,0,68,32,0,117,0.5,0.25,0.5,92.86,
ERCOT,92.5,0,68,32,0,117,0.5,0.5,0.0,92.86,
ERCOT,92.5,0,68,32,0,117,0.5,0.5,0.5,92.86,
ERCOT,92.5,0,68,32,0,117,0.5,0.75,0.0,92.86,
ERCOT,92.5,0,68,32,0,117,0.5,0.75,0.5,92.86,
ERCOT,92.5,0,68,32,0,117,0.5,1.0,0.0,92.86,
ERCOT,92.5,0,68,32,0,117,0.5,1.0,0.5,92.86,
ERCOT,92.5,0,69,31,0,217,0.0,0.0,0.5,92.69,
ERCOT,92.5,0,69,31,0,182,0.0,0.0,1.0,92.62,
ERCOT,92.5,0,69,31,0,157,0.0,0.0,1.5,93.14,
ERCOT,92.5,0,69,31,0,142,0.0,0.0,2.0,93.47,
ERCOT,92.5,0,69,31,0,137,0.0,0.0,2.5,93.39,
ERCOT,92.5,0,69,31,0,122,0.0,0.25,0.0,93.96,
ERCOT,92.5,0,69,31,0,117,0.0,0.25,0.5,92.8,
ERCOT,92.5,0,69,31,0,117,0.0,0.25,1.0,93.04,
ERCOT,92.5,0,69,31,0,117,0.0,0.5,0.0,92.83,
ERCOT,92.5,0,69,31,0,117,0.0,0.5,0.5,92.83,
ERCOT,92.5,0,69,31,0,117,0.0,0.75,0.0,92.83,
ERCOT,92.5,0,69,31,0,117,0.0,0.75,0.5,92.83,
ERCOT,92.5,0,69,31,0,117,0.0,1.0,0.0,92.83,
ERCOT,92.5,0,69,31,0,117,0.0,1.0,0.5,92.83,
ERCOT,92.5,0,69,31,0,117,0.25,0.0,0.0,92.69,
ERCOT,92.5,0,69,31,0,117,0.25,0.0,0.5,92.69,
ERCOT,92.5,0,69,31,0,117,0.25,0.25,0.0,92.69,
ERCOT,92.5,0,69,31,0,117,0.25,0.25,0.5,92.69,
ERCOT,92.5,0,69,31,0,117,0.25,0.5,0.0,92.69,
ERCOT,92.5,0,69,31,0,117,0.25,0.5,0.5,92.69,
ERCOT,92.5,0,69,31,0,117,0.25,0.75,0.0,92.69,
ERCOT,92.5,0,69,31,0,117,0.25,0.75,0.5,92.69,
ERCOT,92.5,0,69,31,0,117,0.25,1.0,0.0,92.69,
ERCOT,92.5,0,69,31,0,117,0.25,1.0,0.5,92.69,
ERCOT,92.5,0,69,31,0,117,0.5,0.0,0.0,92.69,
ERCOT,92.5,0,69,31,0,117,0.5,0.0,0.5,92.69,
ERCOT,92.5,0,69,31,0,117,0.5,0.25,0.0,92.69,
ERCOT,92.5,0,69,31,0,117,0.5,0.25,0.5,92.69,
ERCOT,92.5,0,69,31,0,117,0.5,0.5,0.0,92.69,
ERCOT,92.5,0,69,31,0,117,0.5,0.5,0.5,92.69,
ERCOT,92.5,0,69,31,0,117,0.5,0.75,0.0,92.69,
ERCOT,92.5,0,69,31,0,117,0.5,0.75,0.5,92.69,
ERCOT,92.5,0,69,31,0,117,0.5,1.0,0.0,92.69,
ERCOT,92.5,0,69,31,0,117,0.5,1.0,0.5,92.69,
ERCOT,92.5,26,44,30,0,157,0.0,0.0,0.0,93.36,
ERCOT,92.5,27,43,30,0,152,0.0,0.0,0.0,92.89,
ERCOT,92.5,28,42,30,0,152,0.0,0.0,0.0,93.41,
ERCOT,92.5,29,41,30,0,147,0.0,0.0,0.0,92.88,
ERCOT,92.5,30,36,34,0,137,0.0,0.0,0.0,93.13,
ERCOT,92.5,30,37,33,0,137,0.0,0.0,0.0,92.65,
ERCOT,92.5,30,38,32,0,142,0.0,0.0,0.0,93.3,
ERCOT,92.5,30,39,31,0,142,0.0,0.0,0.0,92.8,
ERCOT,92.5,31,40,29,0,147,0.0,0.0,0.0,93.39,
ERCOT,92.5,32,40,28,0,147,0.0,0.0,0.0,93.38,
ERCOT,92.5,33,40,27,0,147,0.0,0.0,0.0,93.38,
ERCOT,92.5,34,40,26,0,147,0.0,0.0,0.0,93.36,
ERCOT,92.5,71,20,9,0,117,0.0,0.0,0.0,94.16,
ERCOT,92.5,71,21,8,0,117,0.0,0.0,0.0,93.69,
ERCOT,92.5,71,22,7,0,117,0.0,0.0,0.0,93.17,
ERCOT,92.5,71,23,6,0,117,0.0,0.0,0.0,92.61,
ERCOT,92.5,71,24,5,0,122,0.0,0.0,0.0,93.8,
ERCOT,92.5,72,20,8,0,117,0.0,0.0,0.0,94.12,
ERCOT,92.5,72,21,7,0,117,0.0,0.0,0.0,93.63,
ERCOT,92.5,72,22,6,0,117,0.0,0.0,0.0,93.11,
ERCOT,92.5,72,23,5,0,117,0.0,0.0,0.0,92.54,
ERCOT,92.5,72,24,4,0,122,0.0,0.0,0.0,93.73,
ERCOT,92.5,73,20,7,0,117,0.0,0.0,0.0,94.07,
ERCOT,92.5,73,21,6,0,117,0.0,0.0,0.0,93.57,
ERCOT,92.5,73,22,5,0,117,0.0,0.0,0.0,93.04,
ERCOT,92.5,73,23,4,0,122,0.0,0.0,0.0,94.21,
ERCOT,92.5,73,24,3,0,122,0.0,0.0,0.0,93.66,
ERCOT,92.5,74,20,6,0,117,0.0,0.0,0.0,94.01,
ERCOT,92.5,74,21,5,0,117,0.0,0.0,0.0,93.51,
ERCOT,92.5,74,22,4,0,117,0.0,0.0,0.0,92.97,
ERCOT,92.5,74,23,3,0,122,0.0,0.0,0.0,94.14,
ERCOT,92.5,74,24,2,0,122,0.0,0.0,0.0,93.59,
ERCOT,92.5,75,21,4,0,117,0.0,0.0,0.0,93.44,
ERCOT,92.5,75,22,3,0,117,0.0,0.0,0.0,92.89,
ERCOT,92.5,75,23,2,0,122,0.0,0.0,0.0,94.07,
ERCOT,92.5,75,24,1,0,122,0.0,0.0,0.0,93.51,
ERCOT,92.5,76,19,5,0,112,0.0,0.0,0.0,92.5,
ERCOT,92.5,76,20,4,0,117,0.0,0.0,0.0,93.9,
ERCOT,92.5,76,21,3,0,117,0.0,0.0,0.0,93.37,
ERCOT,92.5,76,22,2,0,117,0.0,0.0,0.0,92.81,
ERCOT,92.5,76,23,1,0,122,0.0,0.0,0.0,94.0,
ERCOT,92.5,77,18,5,0,112,0.0,0.0,0.0,92.92,
ERCOT,92.5,77,19,4,0,117,0.0,0.0,0.0,94.32,
ERCOT,92.5,77,20,3,0,117,0.0,0.0,0.0,93.83,
ERCOT,92.5,77,21,2,0,117,0.0,0.0,0.0,93.3,
ERCOT,92.5,77,22,1,0,117,0.0,0.0,0.0,92.72,
ERCOT,92.5,78,17,5,0,112,0.0,0.0,0.0,93.31,
ERCOT,92.5,78,18,4,0,112,0.0,0.0,0.0,92.86,
ERCOT,92.5,78,19,3,0,117,0.0,0.0,0.0,94.26,
ERCOT,92.5,78,20,2,0,117,0.0,0.0,0.0,93.76,
ERCOT,92.5,78,21,1,0,117,0.0,0.0,0.0,93.22,
ERCOT,92.5,79,16,5,0,112,0.0,0.0,0.0,93.65,
ERCOT,92.5,79,17,4,0,112,0.0,0.0,0.0,93.25,
ERCOT,92.5,79,18,3,0,112,0.0,0.0,0.0,92.8,
ERCOT,92.5,79,19,2,0,117,0.0,0.0,0.0,94.19,
ERCOT,92.5,79,20,1,0,117,0.0,0.0,0.0,93.69,
ERCOT,92.5,15,46,39,0,162,0.0,0.0,0.0,93.15,
ERCOT,92.5,15,47,38,0,162,0.0,0.0,0.0,92.65,
ERCOT,92.5,15,48,37,0,167,0.0,0.0,0.0,92.99,
ERCOT,92.5,15,49,36,0,172,0.0,0.0,0.0,93.28,
ERCOT,92.5,71,25,4,0,122,0.0,0.0,0.0,93.23,
ERCOT,92.5,71,26,3,0,122,0.0,0.0,0.0,92.62,
ERCOT,92.5,71,27,2,0,127,0.0,0.0,0.0,93.71,
ERCOT,92.5,71,28,1,0,127,0.0,0.0,0.0,93.09,
ERCOT,92.5,71,29,0,0,132,0.0,0.0,0.0,94.05,
ERCOT,92.5,72,25,3,0,122,0.0,0.0,0.0,93.16,
ERCOT,92.5,72,26,2,0,122,0.0,0.0,0.0,92.53,
ERCOT,92.5,72,27,1,0,127,0.0,0.0,0.0,93.63,
ERCOT,92.5,72,28,0,0,127,0.0,0.0,0.0,92.99,
ERCOT,92.5,73,25,2,0,122,0.0,0.0,0.0,93.07,
ERCOT,92.5,73,26,1,0,127,0.0,0.0,0.0,94.14,
ERCOT,92.5,73,27,0,0,127,0.0,0.0,0.0,93.54,
ERCOT,92.5,74,25,1,0,122,0.0,0.0,0.0,92.99,
ERCOT,92.5,74,26,0,0,127,0.0,0.0,0.0,94.06,
ERCOT,92.5,76,24,0,0,122,0.0,0.0,0.0,93.42,
ERCOT,92.5,77,23,0,0,122,0.0,0.0,0.0,93.92,
ERCOT,92.5,78,22,0,0,117,0.0,0.0,0.0,92.64,
ERCOT,92.5,79,21,0,0,117,0.0,0.0,0.0,93.14,
ERCOT,92.5,31,65,4,0,212,0.0,0.0,0.5,92.81,
ERCOT,92.5,31,65,4,0,182,0.0,0.0,1.0,93.39,
ERCOT,92.5,31,65,4,0,152,0.0,0.0,1.5,92.74,
ERCOT,92.5,31,65,4,0,142,0.0,0.0,2.0,93.95,
ERCOT,92.5,31,65,4,0,137,0.0,0.0,2.5,93.3,
ERCOT,92.5,31,65,4,0,117,0.0,0.25,0.0,93.06,
ERCOT,92.5,31,65,4,0,117,0.0,0.25,0.5,93.31,
ERCOT,92.5,31,65,4,0,117,0.0,0.5,0.0,93.24,
ERCOT,92.5,31,65,4,0,117,0.0,0.5,0.5,93.24,
ERCOT,92.5,31,65,4,0,117,0.0,0.75,0.0,93.24,
ERCOT,92.5,31,65,4,0,117,0.0,0.75,0.5,93.24,
ERCOT,92.5,31,65,4,0,117,0.0,1.0,0.0,93.24,
ERCOT,92.5,31,65,4,0,117,0.0,1.0,0.5,93.24,
ERCOT,92.5,31,65,4,0,117,0.25,0.0,0.0,93.08,
ERCOT,92.5,31,65,4,0,117,0.25,0.0,0.5,93.08,
ERCOT,92.5,31,65,4,0,117,0.25,0.25,0.0,93.08,
ERCOT,92.5,31,65,4,0,117,0.25,0.25,0.5,93.08,
ERCOT,92.5,31,65,4,0,117,0.25,0.5,0.0,93.08,
ERCOT,92.5,31,65,4,0,117,0.25,0.5,0.5,93.08,
ERCOT,92.5,31,65,4,0,117,0.25,0.75,0.0,93.08,
ERCOT,92.5,31,65,4,0,117,0.25,0.75,0.5,93.08,
ERCOT,92.5,31,65,4,0,117,0.25,1.0,0.0,93.08,
ERCOT,92.5,31,65,4,0,117,0.25,1.0,0.5,93.08,
ERCOT,92.5,31,65,4,0,117,0.5,0.0,0.0,93.08,
ERCOT,92.5,31,65,4,0,117,0.5,0.0,0.5,93.08,
ERCOT,92.5,31,65,4,0,117,0.5,0.25,0.0,93.08,
ERCOT,92.5,31,65,4,0,117,0.5,0.25,0.5,93.08,
ERCOT,92.5,31,65,4,0,117,0.5,0.5,0.0,93.08,
ERCOT,92.5,31,65,4,0,117,0.5,0.5,0.5,93.08,
ERCOT,92.5,31,65,4,0,117,0.5,0.75,0.0,93.08,
ERCOT,92.5,31,65,4,0,117,0.5,0.75,0.5,93.08,
ERCOT,92.5,31,65,4,0,117,0.5,1.0,0.0,93.08,
ERCOT,92.5,31,65,4,0,117,0.5,1.0,0.5,93.08,
ERCOT,92.5,32,65,3,0,212,0.0,0.0,0.5,92.61,
ERCOT,92.5,32,65,3,0,182,0.0,0.0,1.0,93.26,
ERCOT,92.5,32,65,3,0,152,0.0,0.0,1.5,92.64,
ERCOT,92.5,32,65,3,0,142,0.0,0.0,2.0,93.88,
ERCOT,92.5,32,65,3,0,137,0.0,0.0,2.5,93.17,
ERCOT,92.5,32,65,3,0,117,0.0,0.25,0.0,93.0,
ERCOT,92.5,32,65,3,0,117,0.0,0.25,0.5,93.26,
ERCOT,92.5,32,65,3,0,117,0.0,0.5,0.0,93.19,
ERCOT,92.5,32,65,3,0,117,0.0,0.5,0.5,93.19,
ERCOT,92.5,32,65,3,0,117,0.0,0.75,0.0,93.19,
ERCOT,92.5,32,65,3,0,117,0.0,0.75,0.5,93.19,
ERCOT,92.5,32,65,3,0,117,0.0,1.0,0.0,93.19,
ERCOT,92.5,32,65,3,0,117,0.0,1.0,0.5,93.19,
ERCOT,92.5,32,65,3,0,117,0.25,0.0,0.0,93.02,
ERCOT,92.5,32,65,3,0,117,0.25,0.0,0.5,93.02,
ERCOT,92.5,32,65,3,0,117,0.25,0.25,0.0,93.02,
ERCOT,92.5,32,65,3,0,117,0.25,0.25,0.5,93.02,
ERCOT,92.5,32,65,3,0,117,0.25,0.5,0.0,93.02,
ERCOT,92.5,32,65,3,0,117,0.25,0.5,0.5,93.02,
ERCOT,92.5,32,65,3,0,117,0.25,0.75,0.0,93.02,
ERCOT,92.5,32,65,3,0,117,0.25,0.75,0.5,93.02,
ERCOT,92.5,32,65,3,0,117,0.25,1.0,0.0,93.02,
ERCOT,92.5,32,65,3,0,117,0.25,1.0,0.5,93.02,
ERCOT,92.5,32,65,3,0,117,0.5,0.0,0.0,93.02,
ERCOT,92.5,32,65,3,0,117,0.5,0.0,0.5,93.02,
ERCOT,92.5,32,65,3,0,117,0.5,0.25,0.0,93.02,
ERCOT,92.5,32,65,3,0,117,0.5,0.25,0.5,93.02,
ERCOT,92.5,32,65,3,0,117,0.5,0.5,0.0,93.02,
ERCOT,92.5,32,65,3,0,117,0.5,0.5,0.5,93.02,
ERCOT,92.5,32,65,3,0,117,0.5,0.75,0.0,93.02,
ERCOT,92.5,32,65,3,0,117,0.5,0.75,0.5,93.02,
ERCOT,92.5,32,65,3,0,117,0.5,1.0,0.0,93.02,
ERCOT,92.5,32,65,3,0,117,0.5,1.0,0.5,93.02,
ERCOT,92.5,33,65,2,0,217,0.0,0.0,0.5,93.42,
ERCOT,92.5,33,65,2,0,182,0.0,0.0,1.0,93.12,
ERCOT,92.5,33,65,2,0,152,0.0,0.0,1.5,92.54,
ERCOT,92.5,33,65,2,0,142,0.0,0.0,2.0,93.8,
ERCOT,92.5,33,65,2,0,137,0.0,0.0,2.5,93.04,
ERCOT,92.5,33,65,2,0,117,0.0,0.25,0.0,92.93,
ERCOT,92.5,33,65,2,0,117,0.0,0.25,0.5,93.21,
ERCOT,92.5,33,65,2,0,117,0.0,0.5,0.0,93.14,
ERCOT,92.5,33,65,2,0,117,0.0,0.5,0.5,93.14,
ERCOT,92.5,33,65,2,0,117,0.0,0.75,0.0,93.14,
ERCOT,92.5,33,65,2,0,117,0.0,0.75,0.5,93.14,
ERCOT,92.5,33,65,2,0,117,0.0,1.0,0.0,93.14,
ERCOT,92.5,33,65,2,0,117,0.0,1.0,0.5,93.14,
ERCOT,92.5,33,65,2,0,117,0.25,0.0,0.0,92.96,
ERCOT,92.5,33,65,2,0,117,0.25,0.0,0.5,92.96,
ERCOT,92.5,33,65,2,0,117,0.25,0.25,0.0,92.96,
ERCOT,92.5,33,65,2,0,117,0.25,0.25,0.5,92.96,
ERCOT,92.5,33,65,2,0,117,0.25,0.5,0.0,92.96,
ERCOT,92.5,33,65,2,0,117,0.25,0.5,0.5,92.96,
ERCOT,92.5,33,65,2,0,117,0.25,0.75,0.0,92.96,
ERCOT,92.5,33,65,2,0,117,0.25,0.75,0.5,92.96,
ERCOT,92.5,33,65,2,0,117,0.25,1.0,0.0,92.96,
ERCOT,92.5,33,65,2,0,117,0.25,1.0,0.5,92.96,
ERCOT,92.5,33,65,2,0,117,0.5,0.0,0.0,92.96,
ERCOT,92.5,33,65,2,0,117,0.5,0.0,0.5,92.96,
ERCOT,92.5,33,65,2,0,117,0.5,0.25,0.0,92.96,
ERCOT,92.5,33,65,2,0,117,0.5,0.25,0.5,92.96,
ERCOT,92.5,33,65,2,0,117,0.5,0.5,0.0,92.96,
ERCOT,92.5,33,65,2,0,117,0.5,0.5,0.5,92.96,
ERCOT,92.5,33,65,2,0,117,0.5,0.75,0.0,92.96,
ERCOT,92.5,33,65,2,0,117,0.5,0.75,0.5,92.96,
ERCOT,92.5,33,65,2,0,117,0.5,1.0,0.0,92.96,
ERCOT,92.5,33,65,2,0,117,0.5,1.0,0.5,92.96,
ERCOT,92.5,34,65,1,0,217,0.0,0.0,0.5,93.21,
ERCOT,92.5,34,65,1,0,182,0.0,0.0,1.0,92.96,
ERCOT,92.5,34,65,1,0,157,0.0,0.0,1.5,93.54,
ERCOT,92.5,34,65,1,0,142,0.0,0.0,2.0,93.73,
ERCOT,92.5,34,65,1,0,137,0.0,0.0,2.5,92.9,
ERCOT,92.5,34,65,1,0,117,0.0,0.25,0.0,92.87,
ERCOT,92.5,34,65,1,0,117,0.0,0.25,0.5,93.15,
ERCOT,92.5,34,65,1,0,117,0.0,0.5,0.0,93.08,
ERCOT,92.5,34,65,1,0,117,0.0,0.5,0.5,93.08,
ERCOT,92.5,34,65,1,0,117,0.0,0.75,0.0,93.08,
ERCOT,92.5,34,65,1,0,117,0.0,0.75,0.5,93.08,
ERCOT,92.5,34,65,1,0,117,0.0,1.0,0.0,93.08,
ERCOT,92.5,34,65,1,0,117,0.0,1.0,0.5,93.08,
ERCOT,92.5,34,65,1,0,117,0.25,0.0,0.0,92.89,
ERCOT,92.5,34,65,1,0,117,0.25,0.0,0.5,92.89,
ERCOT,92.5,34,65,1,0,117,0.25,0.25,0.0,92.89,
ERCOT,92.5,34,65,1,0,117,0.25,0.25,0.5,92.89,
ERCOT,92.5,34,65,1,0,117,0.25,0.5,0.0,92.89,
ERCOT,92.5,34,65,1,0,117,0.25,0.5,0.5,92.89,
ERCOT,92.5,34,65,1,0,117,0.25,0.75,0.0,92.89,
ERCOT,92.5,34,65,1,0,117,0.25,0.75,0.5,92.89,
ERCOT,92.5,34,65,1,0,117,0.25,1.0,0.0,92.89,
ERCOT,92.5,34,65,1,0,117,0.25,1.0,0.5,92.89,
ERCOT,92.5,34,65,1,0,117,0.5,0.0,0.0,92.89,
ERCOT,92.5,34,65,1,0,117,0.5,0.0,0.5,92.89,
ERCOT,92.5,34,65,1,0,117,0.5,0.25,0.0,92.89,
ERCOT,92.5,34,65,1,0,117,0.5,0.25,0.5,92.89,
ERCOT,92.5,34,65,1,0,117,0.5,0.5,0.0,92.89,
ERCOT,92.5,34,65,1,0,117,0.5,0.5,0.5,92.89,
ERCOT,92.5,34,65,1,0,117,0.5,0.75,0.0,92.89,
ERCOT,92.5,34,65,1,0,117,0.5,0.75,0.5,92.89,
ERCOT,92.5,34,65,1,0,117,0.5,1.0,0.0,92.89,
ERCOT,92.5,34,65,1,0,117,0.5,1.0,0.5,92.89,
ERCOT,92.5,36,64,0,0,250,0.0,0.0,0.0,92.91,
ERCOT,92.5,37,63,0,0,242,0.0,0.0,0.0,92.68,
ERCOT,92.5,38,62,0,0,237,0.0,0.0,0.0,92.91,
ERCOT,92.5,39,61,0,0,232,0.0,0.0,0.0,93.09,
ERCOT,92.5,31,25,44,0,117,0.0,0.0,0.0,92.68,
ERCOT,92.5,32,24,44,0,117,0.0,0.0,0.0,93.04,
ERCOT,92.5,32,25,43,0,117,0.0,0.0,0.0,92.69,
ERCOT,92.5,33,23,44,0,117,0.0,0.0,0.0,93.37,
ERCOT,92.5,33,24,43,0,117,0.0,0.0,0.0,93.05,
ERCOT,92.5,33,25,42,0,117,0.0,0.0,0.0,92.7,
ERCOT,92.5,34,22,44,0,117,0.0,0.0,0.0,93.68,
ERCOT,92.5,34,23,43,0,117,0.0,0.0,0.0,93.39,
ERCOT,92.5,34,24,42,0,117,0.0,0.0,0.0,93.06,
ERCOT,92.5,34,25,41,0,117,0.0,0.0,0.0,92.71,
ERCOT,92.5,35,21,44,0,117,0.0,0.0,0.0,93.96,
ERCOT,92.5,35,22,43,0,117,0.0,0.0,0.0,93.7,
ERCOT,92.5,35,23,42,0,117,0.0,0.0,0.0,93.4,
ERCOT,92.5,35,24,41,0,117,0.0,0.0,0.0,93.07,
ERCOT,92.5,36,21,43,0,117,0.0,0.0,0.0,93.99,
ERCOT,92.5,36,22,42,0,117,0.0,0.0,0.0,93.72,
ERCOT,92.5,36,23,41,0,117,0.0,0.0,0.0,93.42,
ERCOT,92.5,36,24,40,0,117,0.0,0.0,0.0,93.08,
ERCOT,92.5,37,21,42,0,117,0.0,0.0,0.0,94.01,
ERCOT,92.5,37,22,41,0,117,0.0,0.0,0.0,93.74,
ERCOT,92.5,37,23,40,0,117,0.0,0.0,0.0,93.43,
ERCOT,92.5,38,21,41,0,117,0.0,0.0,0.0,94.03,
ERCOT,92.5,38,22,40,0,117,0.0,0.0,0.0,93.76,
ERCOT,92.5,39,21,40,0,117,0.0,0.0,0.0,94.06,
ERCOT,92.5,20,26,54,0,122,0.0,0.0,0.0,93.43,
ERCOT,92.5,20,27,53,0,122,0.0,0.0,0.0,93.11,
ERCOT,92.5,20,28,52,0,122,0.0,0.0,0.0,92.77,
ERCOT,92.5,20,29,51,0,127,0.0,0.0,0.0,93.56,
ERCOT,92.5,36,50,14,0,177,0.0,0.0,0.0,93.39,
ERCOT,92.5,36,51,13,0,177,0.0,0.0,0.0,92.61,
ERCOT,92.5,36,52,12,0,182,0.0,0.0,0.0,92.85,
ERCOT,92.5,36,53,11,0,187,0.0,0.0,0.0,93.04,
ERCOT,92.5,36,54,10,0,192,0.0,0.0,0.0,93.18,
ERCOT,92.5,37,50,13,0,177,0.0,0.0,0.0,93.33,
ERCOT,92.5,37,51,12,0,177,0.0,0.0,0.0,92.54,
ERCOT,92.5,37,52,11,0,182,0.0,0.0,0.0,92.78,
ERCOT,92.5,37,53,10,0,187,0.0,0.0,0.0,92.96,
ERCOT,92.5,38,50,12,0,177,0.0,0.0,0.0,93.27,
ERCOT,92.5,38,51,11,0,182,0.0,0.0,0.0,93.52,
ERCOT,92.5,38,52,10,0,182,0.0,0.0,0.0,92.7,
ERCOT,92.5,39,50,11,0,177,0.0,0.0,0.0,93.21,
ERCOT,92.5,39,51,10,0,182,0.0,0.0,0.0,93.46,
ERCOT,92.5,41,49,10,0,172,0.0,0.0,0.0,92.77,
ERCOT,92.5,42,48,10,0,172,0.0,0.0,0.0,93.48,
ERCOT,92.5,43,47,10,0,167,0.0,0.0,0.0,93.06,
ERCOT,92.5,44,46,10,0,162,0.0,0.0,0.0,92.57,
ERCOT,92.5,36,15,49,0,112,0.0,0.0,0.0,93.11,
ERCOT,92.5,36,16,48,0,112,0.0,0.0,0.0,93.1,
ERCOT,92.5,36,17,47,0,112,0.0,0.0,0.0,93.06,
ERCOT,92.5,36,18,46,0,112,0.0,0.0,0.0,92.97,
ERCOT,92.5,36,19,45,0,112,0.0,0.0,0.0,92.83,
ERCOT,92.5,37,15,48,0,112,0.0,0.0,0.0,93.17,
ERCOT,92.5,37,16,47,0,112,0.0,0.0,0.0,93.16,
ERCOT,92.5,37,17,46,0,112,0.0,0.0,0.0,93.1,
ERCOT,92.5,37,18,45,0,112,0.0,0.0,0.0,93.01,
ERCOT,92.5,37,19,44,0,112,0.0,0.0,0.0,92.87,
ERCOT,92.5,38,15,47,0,112,0.0,0.0,0.0,93.22,
ERCOT,92.5,38,16,46,0,112,0.0,0.0,0.0,93.21,
ERCOT,92.5,38,17,45,0,112,0.0,0.0,0.0,93.15,
ERCOT,92.5,38,18,44,0,112,0.0,0.0,0.0,93.05,
ERCOT,92.5,38,19,43,0,112,0.0,0.0,0.0,92.9,
ERCOT,92.5,39,15,46,0,112,0.0,0.0,0.0,93.28,
ERCOT,92.5,39,16,45,0,112,0.0,0.0,0.0,93.26,
ERCOT,92.5,39,17,44,0,112,0.0,0.0,0.0,93.19,
ERCOT,92.5,39,18,43,0,112,0.0,0.0,0.0,93.09,
ERCOT,92.5,39,19,42,0,112,0.0,0.0,0.0,92.93,
ERCOT,92.5,40,16,44,0,112,0.0,0.0,0.0,93.31,
ERCOT,92.5,40,17,43,0,112,0.0,0.0,0.0,93.24,
ERCOT,92.5,40,18,42,0,112,0.0,0.0,0.0,93.12,
ERCOT,92.5,40,19,41,0,112,0.0,0.0,0.0,92.96,
ERCOT,92.5,80,16,4,0,112,0.0,0.0,0.0,93.6,
ERCOT,92.5,80,17,3,0,112,0.0,0.0,0.0,93.19,
ERCOT,92.5,80,18,2,0,112,0.0,0.0,0.0,92.72,
ERCOT,92.5,80,19,1,0,117,0.0,0.0,0.0,94.13,
ERCOT,92.5,21,20,59,0,117,0.0,0.0,0.0,93.57,
ERCOT,92.5,21,21,58,0,117,0.0,0.0,0.0,93.44,
ERCOT,92.5,21,22,57,0,117,0.0,0.0,0.0,93.27,
ERCOT,92.5,21,23,56,0,117,0.0,0.0,0.0,93.05,
ERCOT,92.5,21,24,55,0,117,0.0,0.0,0.0,92.8,
ERCOT,92.5,22,20,58,0,117,0.0,0.0,0.0,93.62,
ERCOT,92.5,22,21,57,0,117,0.0,0.0,0.0,93.49,
ERCOT,92.5,22,22,56,0,117,0.0,0.0,0.0,93.31,
ERCOT,92.5,22,23,55,0,117,0.0,0.0,0.0,93.09,
ERCOT,92.5,23,20,57,0,117,0.0,0.0,0.0,93.67,
ERCOT,92.5,23,21,56,0,117,0.0,0.0,0.0,93.53,
ERCOT,92.5,23,22,55,0,117,0.0,0.0,0.0,93.35,
ERCOT,92.5,24,20,56,0,117,0.0,0.0,0.0,93.72,
ERCOT,92.5,24,21,55,0,117,0.0,0.0,0.0,93.57,
ERCOT,92.5,26,20,54,0,117,0.0,0.0,0.0,93.82,
ERCOT,92.5,27,20,53,0,117,0.0,0.0,0.0,93.86,
ERCOT,92.5,28,20,52,0,117,0.0,0.0,0.0,93.9,
ERCOT,92.5,29,20,51,0,117,0.0,0.0,0.0,93.95,
ERCOT,92.5,41,0,59,0,122,0.0,0.0,0.0,92.71,
ERCOT,92.5,41,1,58,0,122,0.0,0.0,0.0,93.11,
ERCOT,92.5,41,2,57,0,122,0.0,0.0,0.0,93.5,
ERCOT,92.5,41,3,56,0,117,0.0,0.0,0.0,92.68,
ERCOT,92.5,41,4,55,0,117,0.0,0.0,0.0,93.01,
ERCOT,92.5,42,0,58,0,122,0.0,0.0,0.0,92.79,
ERCOT,92.5,42,1,57,0,122,0.0,0.0,0.0,93.19,
ERCOT,92.5,42,2,56,0,122,0.0,0.0,0.0,93.57,
ERCOT,92.5,42,3,55,0,117,0.0,0.0,0.0,92.76,
ERCOT,92.5,42,4,54,0,117,0.0,0.0,0.0,93.09,
ERCOT,92.5,43,0,57,0,122,0.0,0.0,0.0,92.87,
ERCOT,92.5,43,1,56,0,122,0.0,0.0,0.0,93.27,
ERCOT,92.5,43,2,55,0,122,0.0,0.0,0.0,93.65,
ERCOT,92.5,43,3,54,0,117,0.0,0.0,0.0,92.83,
ERCOT,92.5,43,4,53,0,117,0.0,0.0,0.0,93.16,
ERCOT,92.5,44,0,56,0,122,0.0,0.0,0.0,92.95,
ERCOT,92.5,44,1,55,0,122,0.0,0.0,0.0,93.35,
ERCOT,92.5,44,2,54,0,117,0.0,0.0,0.0,92.56,
ERCOT,92.5,44,3,53,0,117,0.0,0.0,0.0,92.91,
ERCOT,92.5,44,4,52,0,117,0.0,0.0,0.0,93.24,
ERCOT,92.5,45,1,54,0,122,0.0,0.0,0.0,93.42,
ERCOT,92.5,45,2,53,0,117,0.0,0.0,0.0,92.64,
ERCOT,92.5,45,3,52,0,117,0.0,0.0,0.0,92.99,
ERCOT,92.5,45,4,51,0,117,0.0,0.0,0.0,93.32,
ERCOT,92.5,46,0,54,0,122,0.0,0.0,0.0,93.1,
ERCOT,92.5,46,1,53,0,122,0.0,0.0,0.0,93.5,
ERCOT,92.5,46,2,52,0,117,0.0,0.0,0.0,92.72,
ERCOT,92.5,46,3,51,0,117,0.0,0.0,0.0,93.06,
ERCOT,92.5,47,0,53,0,122,0.0,0.0,0.0,93.18,
ERCOT,92.5,47,1,52,0,122,0.0,0.0,0.0,93.57,
ERCOT,92.5,47,2,51,0,117,0.0,0.0,0.0,92.79,
ERCOT,92.5,48,0,52,0,122,0.0,0.0,0.0,93.25,
ERCOT,92.5,48,1,51,0,117,0.0,0.0,0.0,92.5,
ERCOT,92.5,49,0,51,0,122,0.0,0.0,0.0,93.33,
ERCOT,92.5,41,35,24,0,137,0.0,0.0,0.0,93.53,
ERCOT,92.5,41,36,23,0,137,0.0,0.0,0.0,93.0,
ERCOT,92.5,41,37,22,0,142,0.0,0.0,0.0,93.7,
ERCOT,92.5,41,38,21,0,142,0.0,0.0,0.0,93.14,
ERCOT,92.5,41,39,20,0,142,0.0,0.0,0.0,92.55,
ERCOT,92.5,42,35,23,0,137,0.0,0.0,0.0,93.51,
ERCOT,92.5,42,36,22,0,137,0.0,0.0,0.0,92.97,
ERCOT,92.5,42,37,21,0,142,0.0,0.0,0.0,93.67,
ERCOT,92.5,42,38,20,0,142,0.0,0.0,0.0,93.11,
ERCOT,92.5,43,35,22,0,137,0.0,0.0,0.0,93.49,
ERCOT,92.5,43,36,21,0,137,0.0,0.0,0.0,92.94,
ERCOT,92.5,43,37,20,0,142,0.0,0.0,0.0,93.65,
ERCOT,92.5,44,35,21,0,137,0.0,0.0,0.0,93.46,
ERCOT,92.5,44,36,20,0,137,0.0,0.0,0.0,92.91,
ERCOT,92.5,56,5,39,0,112,0.0,0.0,0.0,92.97,
ERCOT,92.5,57,5,38,0,112,0.0,0.0,0.0,93.03,
ERCOT,92.5,58,5,37,0,112,0.0,0.0,0.0,93.1,
ERCOT,92.5,59,5,36,0,112,0.0,0.0,0.0,93.16,
ERCOT,92.5,6,0,94,0,142,0.0,0.0,0.0,93.03,
ERCOT,92.5,7,0,93,0,142,0.0,0.0,0.0,93.12,
ERCOT,92.5,8,0,92,0,137,0.0,0.0,0.0,92.5,
ERCOT,92.5,9,0,91,0,137,0.0,0.0,0.0,92.6,
ERCOT,92.5,1,45,54,0,162,0.0,0.0,0.0,93.18,
ERCOT,92.5,2,45,53,0,162,0.0,0.0,0.0,93.21,
ERCOT,92.5,3,45,52,0,157,0.0,0.0,0.0,92.51,
ERCOT,92.5,4,45,51,0,157,0.0,0.0,0.0,92.54,
ERCOT,92.5,6,44,50,0,157,0.0,0.0,0.0,93.02,
ERCOT,92.5,7,43,50,0,152,0.0,0.0,0.0,92.66,
ERCOT,92.5,8,42,50,0,152,0.0,0.0,0.0,93.1,
ERCOT,92.5,9,41,50,0,147,0.0,0.0,0.0,92.69,
ERCOT,92.5,46,45,9,0,162,0.0,0.0,0.0,93.19,
ERCOT,92.5,47,45,8,0,162,0.0,0.0,0.0,93.11,
ERCOT,92.5,48,45,7,0,162,0.0,0.0,0.0,93.03,
ERCOT,92.5,49,45,6,0,162,0.0,0.0,0.0,92.93,
ERCOT,92.5,50,6,44,0,112,0.0,0.0,0.0,92.82,
ERCOT,92.5,50,7,43,0,112,0.0,0.0,0.0,93.05,
ERCOT,92.5,50,8,42,0,112,0.0,0.0,0.0,93.26,
ERCOT,92.5,50,9,41,0,112,0.0,0.0,0.0,93.44,
ERCOT,92.5,50,11,39,0,112,0.0,0.0,0.0,93.7,
ERCOT,92.5,50,12,38,0,112,0.0,0.0,0.0,93.78,
ERCOT,92.5,50,13,37,0,112,0.0,0.0,0.0,93.83,
ERCOT,92.5,50,14,36,0,112,0.0,0.0,0.0,93.83,
ERCOT,92.5,51,6,43,0,112,0.0,0.0,0.0,92.89,
ERCOT,92.5,51,7,42,0,112,0.0,0.0,0.0,93.12,
ERCOT,92.5,51,8,41,0,112,0.0,0.0,0.0,93.33,
ERCOT,92.5,51,9,40,0,112,0.0,0.0,0.0,93.5,
ERCOT,92.5,52,6,42,0,112,0.0,0.0,0.0,92.96,
ERCOT,92.5,52,7,41,0,112,0.0,0.0,0.0,93.19,
ERCOT,92.5,52,8,40,0,112,0.0,0.0,0.0,93.39,
ERCOT,92.5,53,6,41,0,112,0.0,0.0,0.0,93.02,
ERCOT,92.5,53,7,40,0,112,0.0,0.0,0.0,93.25,
ERCOT,92.5,54,6,40,0,112,0.0,0.0,0.0,93.09,
ERCOT,92.5,31,54,15,0,187,0.0,0.0,0.0,92.53,
ERCOT,92.5,32,53,15,0,187,0.0,0.0,0.0,93.27,
ERCOT,92.5,32,54,14,0,192,0.0,0.0,0.0,93.42,
ERCOT,92.5,33,52,15,0,182,0.0,0.0,0.0,93.03,
ERCOT,92.5,33,53,14,0,187,0.0,0.0,0.0,93.22,
ERCOT,92.5,33,54,13,0,192,0.0,0.0,0.0,93.37,
ERCOT,92.5,34,51,15,0,177,0.0,0.0,0.0,92.73,
ERCOT,92.5,34,52,14,0,182,0.0,0.0,0.0,92.97,
ERCOT,92.5,34,53,13,0,187,0.0,0.0,0.0,93.17,
ERCOT,92.5,34,54,12,0,192,0.0,0.0,0.0,93.31,
ERCOT,92.5,35,46,19,0,162,0.0,0.0,0.0,93.07,
ERCOT,92.5,35,47,18,0,167,0.0,0.0,0.0,93.47,
ERCOT,92.5,35,48,17,0,167,0.0,0.0,0.0,92.79,
ERCOT,92.5,35,49,16,0,172,0.0,0.0,0.0,93.14,
ERCOT,92.5,35,51,14,0,177,0.0,0.0,0.0,92.68,
ERCOT,92.5,35,52,13,0,182,0.0,0.0,0.0,92.92,
ERCOT,92.5,35,53,12,0,187,0.0,0.0,0.0,93.11,
ERCOT,92.5,35,54,11,0,192,0.0,0.0,0.0,93.25,
ERCOT,92.5,6,34,60,0,132,0.0,0.0,0.0,92.52,
ERCOT,92.5,7,33,60,0,132,0.0,0.0,0.0,92.89,
ERCOT,92.5,8,32,60,0,132,0.0,0.0,0.0,93.25,
ERCOT,92.5,9,31,60,0,127,0.0,0.0,0.0,92.63,
ERCOT,92.5,11,29,60,0,127,0.0,0.0,0.0,93.33,
ERCOT,92.5,12,28,60,0,122,0.0,0.0,0.0,92.6,
ERCOT,92.5,13,27,60,0,122,0.0,0.0,0.0,92.94,
ERCOT,92.5,14,26,60,0,122,0.0,0.0,0.0,93.25,
ERCOT,92.5,16,59,25,0,207,0.0,0.0,0.0,92.51,
ERCOT,92.5,17,58,25,0,207,0.0,0.0,0.0,93.23,
ERCOT,92.5,18,57,25,0,202,0.0,0.0,0.0,93.19,
ERCOT,92.5,19,56,25,0,197,0.0,0.0,0.0,93.11,
ERCOT,92.5,20,51,29,0,177,0.0,0.0,0.0,93.05,
ERCOT,92.5,20,52,28,0,182,0.0,0.0,0.0,93.28,
ERCOT,92.5,20,53,27,0,182,0.0,0.0,0.0,92.66,
ERCOT,92.5,20,54,26,0,187,0.0,0.0,0.0,92.84,
ERCOT,92.5,21,55,24,0,192,0.0,0.0,0.0,92.99,
ERCOT,92.5,22,55,23,0,192,0.0,0.0,0.0,92.98,
ERCOT,92.5,23,55,22,0,192,0.0,0.0,0.0,92.96,
ERCOT,92.5,24,55,21,0,192,0.0,0.0,0.0,92.94,
ERCOT,92.5,11,19,70,0,117,0.0,0.0,0.0,93.06,
ERCOT,92.5,12,18,70,0,117,0.0,0.0,0.0,93.15,
ERCOT,92.5,13,17,70,0,117,0.0,0.0,0.0,93.2,
ERCOT,92.5,14,16,70,0,117,0.0,0.0,0.0,93.22,
ERCOT,92.5,1,64,35,0,242,0.0,0.0,0.0,92.98,
ERCOT,92.5,2,63,35,0,232,0.0,0.0,0.0,92.65,
ERCOT,92.5,3,62,35,0,227,0.0,0.0,0.0,92.79,
ERCOT,92.5,4,61,35,0,222,0.0,0.0,0.0,92.9,
ERCOT,92.5,26,35,39,0,137,0.0,0.0,0.0,93.55,
ERCOT,92.5,27,35,38,0,137,0.0,0.0,0.0,93.56,
ERCOT,92.5,28,35,37,0,137,0.0,0.0,0.0,93.57,
ERCOT,92.5,29,35,36,0,137,0.0,0.0,0.0,93.58,
ERCOT,92.5,36,39,25,0,142,0.0,0.0,0.0,92.71,
ERCOT,92.5,37,38,25,0,142,0.0,0.0,0.0,93.24,
ERCOT,92.5,37,39,24,0,142,0.0,0.0,0.0,92.68,
ERCOT,92.5,38,37,25,0,137,0.0,0.0,0.0,92.52,
ERCOT,92.5,38,38,24,0,142,0.0,0.0,0.0,93.22,
ERCOT,92.5,38,39,23,0,142,0.0,0.0,0.0,92.66,
ERCOT,92.5,39,36,25,0,137,0.0,0.0,0.0,93.04,
ERCOT,92.5,39,37,24,0,142,0.0,0.0,0.0,93.73,
ERCOT,92.5,39,38,23,0,142,0.0,0.0,0.0,93.2,
ERCOT,92.5,39,39,22,0,142,0.0,0.0,0.0,92.62,
ERCOT,92.5,40,31,29,0,127,0.0,0.0,0.0,92.91,
ERCOT,92.5,40,32,28,0,132,0.0,0.0,0.0,93.75,
ERCOT,92.5,40,33,27,0,132,0.0,0.0,0.0,93.28,
ERCOT,92.5,40,34,26,0,132,0.0,0.0,0.0,92.77,
ERCOT,92.5,40,36,24,0,137,0.0,0.0,0.0,93.02,
ERCOT,92.5,40,37,23,0,142,0.0,0.0,0.0,93.72,
ERCOT,92.5,40,38,22,0,142,0.0,0.0,0.0,93.17,
ERCOT,92.5,40,39,21,0,142,0.0,0.0,0.0,92.59,
ERCOT,92.5,51,5,44,0,112,0.0,0.0,0.0,92.63,
ERCOT,92.5,52,4,44,0,117,0.0,0.0,0.0,93.83,
ERCOT,92.5,52,5,43,0,112,0.0,0.0,0.0,92.7,
ERCOT,92.5,53,3,44,0,117,0.0,0.0,0.0,93.57,
ERCOT,92.5,53,4,43,0,117,0.0,0.0,0.0,93.9,
ERCOT,92.5,53,5,42,0,112,0.0,0.0,0.0,92.77,
ERCOT,92.5,54,2,44,0,117,0.0,0.0,0.0,93.3,
ERCOT,92.5,54,3,43,0,117,0.0,0.0,0.0,93.64,
ERCOT,92.5,54,4,42,0,112,0.0,0.0,0.0,92.56,
ERCOT,92.5,54,5,41,0,112,0.0,0.0,0.0,92.83,
ERCOT,92.5,55,1,44,0,117,0.0,0.0,0.0,93.01,
ERCOT,92.5,55,2,43,0,117,0.0,0.0,0.0,93.37,
ERCOT,92.5,55,3,42,0,117,0.0,0.0,0.0,93.71,
ERCOT,92.5,55,4,41,0,112,0.0,0.0,0.0,92.63,
ERCOT,92.5,0,36,64,0,137,0.0,0.0,0.0,92.58,
ERCOT,92.5,0,37,63,0,142,0.0,0.0,0.0,93.07,
ERCOT,92.5,0,38,62,0,142,0.0,0.0,0.0,92.73,
ERCOT,92.5,0,39,61,0,147,0.0,0.0,0.0,93.17,
ERCOT,92.5,1,35,64,0,137,0.0,0.0,0.0,92.94,
ERCOT,92.5,1,36,63,0,137,0.0,0.0,0.0,92.61,
ERCOT,92.5,1,37,62,0,142,0.0,0.0,0.0,93.11,
ERCOT,92.5,1,38,61,0,142,0.0,0.0,0.0,92.76,
ERCOT,92.5,2,35,63,0,137,0.0,0.0,0.0,92.98,
ERCOT,92.5,2,36,62,0,137,0.0,0.0,0.0,92.64,
ERCOT,92.5,2,37,61,0,142,0.0,0.0,0.0,93.14,
ERCOT,92.5,3,35,62,0,137,0.0,0.0,0.0,93.01,
ERCOT,92.5,3,36,61,0,137,0.0,0.0,0.0,92.67,
ERCOT,92.5,4,35,61,0,137,0.0,0.0,0.0,93.04,
ERCOT,92.5,15,1,84,0,132,0.0,0.0,0.0,92.78,
ERCOT,92.5,15,2,83,0,132,0.0,0.0,0.0,93.19,
ERCOT,92.5,15,3,82,0,127,0.0,0.0,0.0,92.66,
ERCOT,92.5,15,4,81,0,127,0.0,0.0,0.0,93.03,
ERCOT,92.5,15,6,79,0,122,0.0,0.0,0.0,92.64,
ERCOT,92.5,15,7,78,0,122,0.0,0.0,0.0,92.93,
ERCOT,92.5,15,8,77,0,122,0.0,0.0,0.0,93.21,
ERCOT,92.5,15,9,76,0,122,0.0,0.0,0.0,93.47,
ERCOT,92.5,16,1,83,0,132,0.0,0.0,0.0,92.87,
ERCOT,92.5,16,2,82,0,132,0.0,0.0,0.0,93.28,
ERCOT,92.5,16,3,81,0,127,0.0,0.0,0.0,92.76,
ERCOT,92.5,16,4,80,0,127,0.0,0.0,0.0,93.12,
ERCOT,92.5,17,1,82,0,132,0.0,0.0,0.0,92.97,
ERCOT,92.5,17,2,81,0,132,0.0,0.0,0.0,93.37,
ERCOT,92.5,17,3,80,0,127,0.0,0.0,0.0,92.85,
ERCOT,92.5,18,1,81,0,132,0.0,0.0,0.0,93.06,
ERCOT,92.5,18,2,80,0,127,0.0,0.0,0.0,92.56,
ERCOT,92.5,19,1,80,0,132,0.0,0.0,0.0,93.15,
ERCOT,92.5,60,36,4,0,142,0.0,0.0,0.0,93.35,
ERCOT,92.5,60,37,3,0,142,0.0,0.0,0.0,92.62,
ERCOT,92.5,60,38,2,0,147,0.0,0.0,0.0,93.32,
ERCOT,92.5,60,39,1,0,147,0.0,0.0,0.0,92.54,
ERCOT,92.5,56,35,9,0,137,0.0,0.0,0.0,92.89,
ERCOT,92.5,57,35,8,0,137,0.0,0.0,0.0,92.82,
ERCOT,92.5,58,35,7,0,137,0.0,0.0,0.0,92.74,
ERCOT,92.5,59,35,6,0,137,0.0,0.0,0.0,92.66,
ERCOT,92.5,61,34,5,0,137,0.0,0.0,0.0,93.17,
ERCOT,92.5,62,33,5,0,137,0.0,0.0,0.0,93.75,
ERCOT,92.5,63,32,5,0,132,0.0,0.0,0.0,92.8,
ERCOT,92.5,64,31,5,0,132,0.0,0.0,0.0,93.37,
ERCOT,92.5,5,56,39,0,197,0.0,0.0,0.0,92.86,
ERCOT,92.5,5,57,38,0,202,0.0,0.0,0.0,92.94,
ERCOT,92.5,5,58,37,0,207,0.0,0.0,0.0,92.98,
ERCOT,92.5,5,59,36,0,212,0.0,0.0,0.0,92.99,
ERCOT,92.5,16,25,59,0,122,0.0,0.0,0.0,93.59,
ERCOT,92.5,17,24,59,0,117,0.0,0.0,0.0,92.68,
ERCOT,92.5,17,25,58,0,122,0.0,0.0,0.0,93.62,
ERCOT,92.5,18,23,59,0,117,0.0,0.0,0.0,92.95,
ERCOT,92.5,18,24,58,0,117,0.0,0.0,0.0,92.71,
ERCOT,92.5,18,25,57,0,122,0.0,0.0,0.0,93.66,
ERCOT,92.5,19,22,59,0,117,0.0,0.0,0.0,93.19,
ERCOT,92.5,19,23,58,0,117,0.0,0.0,0.0,92.98,
ERCOT,92.5,19,24,57,0,117,0.0,0.0,0.0,92.74,
ERCOT,92.5,19,25,56,0,122,0.0,0.0,0.0,93.69,
ERCOT,92.5,20,21,59,0,117,0.0,0.0,0.0,93.39,
ERCOT,92.5,20,22,58,0,117,0.0,0.0,0.0,93.23,
ERCOT,92.5,20,23,57,0,117,0.0,0.0,0.0,93.02,
ERCOT,92.5,20,24,56,0,117,0.0,0.0,0.0,92.77,
ERCOT,92.5,76,10,14,0,107,0.0,0.0,0.0,92.66,
ERCOT,92.5,77,10,13,0,107,0.0,0.0,0.0,92.67,
ERCOT,92.5,78,10,12,0,107,0.0,0.0,0.0,92.67,
ERCOT,92.5,79,10,11,0,107,0.0,0.0,0.0,92.67,
ERCOT,92.5,80,11,9,0,107,0.0,0.0,0.0,92.59,
ERCOT,92.5,80,12,8,0,112,0.0,0.0,0.0,94.61,
ERCOT,92.5,80,13,7,0,112,0.0,0.0,0.0,94.45,
ERCOT,92.5,80,14,6,0,112,0.0,0.0,0.0,94.23,
ERCOT,92.5,61,20,19,0,112,0.0,0.0,0.0,92.75,
ERCOT,92.5,62,20,18,0,112,0.0,0.0,0.0,92.72,
ERCOT,92.5,63,20,17,0,112,0.0,0.0,0.0,92.68,
ERCOT,92.5,64,20,16,0,112,0.0,0.0,0.0,92.65,
ERCOT,92.5,66,19,15,0,112,0.0,0.0,0.0,93.0,
ERCOT,92.5,66,20,14,0,112,0.0,0.0,0.0,92.57,
ERCOT,92.5,67,18,15,0,112,0.0,0.0,0.0,93.35,
ERCOT,92.5,67,19,14,0,112,0.0,0.0,0.0,92.97,
ERCOT,92.5,67,20,13,0,112,0.0,0.0,0.0,92.53,
ERCOT,92.5,68,17,15,0,112,0.0,0.0,0.0,93.67,
ERCOT,92.5,68,18,14,0,112,0.0,0.0,0.0,93.33,
ERCOT,92.5,68,19,13,0,112,0.0,0.0,0.0,92.93,
ERCOT,92.5,68,20,12,0,117,0.0,0.0,0.0,94.29,
ERCOT,92.5,69,16,15,0,112,0.0,0.0,0.0,93.94,
ERCOT,92.5,69,17,14,0,112,0.0,0.0,0.0,93.65,
ERCOT,92.5,69,18,13,0,112,0.0,0.0,0.0,93.3,
ERCOT,92.5,69,19,12,0,112,0.0,0.0,0.0,92.89,
ERCOT,92.5,69,20,11,0,117,0.0,0.0,0.0,94.25,
ERCOT,92.5,70,16,14,0,112,0.0,0.0,0.0,93.93,
ERCOT,92.5,70,17,13,0,112,0.0,0.0,0.0,93.62,
ERCOT,92.5,70,18,12,0,112,0.0,0.0,0.0,93.26,
ERCOT,92.5,70,19,11,0,112,0.0,0.0,0.0,92.84,
ERCOT,92.5,71,14,15,0,112,0.0,0.0,0.0,94.36,
ERCOT,92.5,72,13,15,0,112,0.0,0.0,0.0,94.5,
ERCOT,92.5,73,12,15,0,107,0.0,0.0,0.0,92.51,
ERCOT,92.5,74,11,15,0,107,0.0,0.0,0.0,92.6,
ERCOT,92.5,0,81,19,0,237,0.0,0.0,1.5,92.78,
ERCOT,92.5,0,81,19,0,192,0.0,0.0,2.0,92.73,
ERCOT,92.5,0,81,19,0,167,0.0,0.0,2.5,93.32,
ERCOT,92.5,0,81,19,0,142,0.0,0.25,0.0,92.94,
ERCOT,92.5,0,81,19,0,137,0.0,0.25,0.5,93.57,
ERCOT,92.5,0,81,19,0,132,0.0,0.25,1.0,93.81,
ERCOT,92.5,0,81,19,0,127,0.0,0.25,1.5,93.52,
ERCOT,92.5,0,81,19,0,122,0.0,0.25,2.0,92.71,
ERCOT,92.5,0,81,19,0,122,0.0,0.25,2.5,92.99,
ERCOT,92.5,0,81,19,0,127,0.0,0.5,0.0,93.19,
ERCOT,92.5,0,81,19,0,127,0.0,0.5,0.5,93.19,
ERCOT,92.5,0,81,19,0,127,0.0,0.75,0.0,93.19,
ERCOT,92.5,0,81,19,0,127,0.0,0.75,0.5,93.19,
ERCOT,92.5,0,81,19,0,127,0.0,1.0,0.0,93.19,
ERCOT,92.5,0,81,19,0,127,0.0,1.0,0.5,93.19,
ERCOT,92.5,0,81,19,0,127,0.25,0.0,0.0,93.1,
ERCOT,92.5,0,81,19,0,127,0.25,0.0,0.5,93.1,
ERCOT,92.5,0,81,19,0,127,0.25,0.25,0.0,93.1,
ERCOT,92.5,0,81,19,0,127,0.25,0.25,0.5,93.1,
ERCOT,92.5,0,81,19,0,127,0.25,0.5,0.0,93.1,
ERCOT,92.5,0,81,19,0,127,0.25,0.5,0.5,93.1,
ERCOT,92.5,0,81,19,0,127,0.25,0.75,0.0,93.1,
ERCOT,92.5,0,81,19,0,127,0.25,0.75,0.5,93.1,
ERCOT,92.5,0,81,19,0,127,0.25,1.0,0.0,93.1,
ERCOT,92.5,0,81,19,0,127,0.25,1.0,0.5,93.1,
ERCOT,92.5,0,81,19,0,127,0.5,0.0,0.0,93.1,
ERCOT,92.5,0,81,19,0,127,0.5,0.0,0.5,93.1,
ERCOT,92.5,0,81,19,0,127,0.5,0.25,0.0,93.1,
ERCOT,92.5,0,81,19,0,127,0.5,0.25,0.5,93.1,
ERCOT,92.5,0,81,19,0,127,0.5,0.5,0.0,93.1,
ERCOT,92.5,0,81,19,0,127,0.5,0.5,0.5,93.1,
ERCOT,92.5,0,81,19,0,127,0.5,0.75,0.0,93.1,
ERCOT,92.5,0,81,19,0,127,0.5,0.75,0.5,93.1,
ERCOT,92.5,0,81,19,0,127,0.5,1.0,0.0,93.1,
ERCOT,92.5,0,81,19,0,127,0.5,1.0,0.5,93.1,
ERCOT,92.5,0,82,18,0,247,0.0,0.0,1.5,92.58,
ERCOT,92.5,0,82,18,0,202,0.0,0.0,2.0,92.91,
ERCOT,92.5,0,82,18,0,167,0.0,0.0,2.5,92.55,
ERCOT,92.5,0,82,18,0,147,0.0,0.25,0.0,93.24,
ERCOT,92.5,0,82,18,0,137,0.0,0.25,0.5,93.06,
ERCOT,92.5,0,82,18,0,132,0.0,0.25,1.0,93.35,
ERCOT,92.5,0,82,18,0,127,0.0,0.25,1.5,93.12,
ERCOT,92.5,0,82,18,0,127,0.0,0.25,2.0,93.87,
ERCOT,92.5,0,82,18,0,127,0.0,0.5,0.0,92.96,
ERCOT,92.5,0,82,18,0,127,0.0,0.5,0.5,92.96,
ERCOT,92.5,0,82,18,0,127,0.0,0.75,0.0,92.96,
ERCOT,92.5,0,82,18,0,127,0.0,0.75,0.5,92.96,
ERCOT,92.5,0,82,18,0,127,0.0,1.0,0.0,92.96,
ERCOT,92.5,0,82,18,0,127,0.0,1.0,0.5,92.96,
ERCOT,92.5,0,82,18,0,127,0.25,0.0,0.0,92.87,
ERCOT,92.5,0,82,18,0,127,0.25,0.0,0.5,92.87,
ERCOT,92.5,0,82,18,0,127,0.25,0.25,0.0,92.87,
ERCOT,92.5,0,82,18,0,127,0.25,0.25,0.5,92.87,
ERCOT,92.5,0,82,18,0,127,0.25,0.5,0.0,92.87,
ERCOT,92.5,0,82,18,0,127,0.25,0.5,0.5,92.87,
ERCOT,92.5,0,82,18,0,127,0.25,0.75,0.0,92.87,
ERCOT,92.5,0,82,18,0,127,0.25,0.75,0.5,92.87,
ERCOT,92.5,0,82,18,0,127,0.25,1.0,0.0,92.87,
ERCOT,92.5,0,82,18,0,127,0.25,1.0,0.5,92.87,
ERCOT,92.5,0,82,18,0,127,0.5,0.0,0.0,92.87,
ERCOT,92.5,0,82,18,0,127,0.5,0.0,0.5,92.87,
ERCOT,92.5,0,82,18,0,127,0.5,0.25,0.0,92.87,
ERCOT,92.5,0,82,18,0,127,0.5,0.25,0.5,92.87,
ERCOT,92.5,0,82,18,0,127,0.5,0.5,0.0,92.87,
ERCOT,92.5,0,82,18,0,127,0.5,0.5,0.5,92.87,
ERCOT,92.5,0,82,18,0,127,0.5,0.75,0.0,92.87,
ERCOT,92.5,0,82,18,0,127,0.5,0.75,0.5,92.87,
ERCOT,92.5,0,82,18,0,127,0.5,1.0,0.0,92.87,
ERCOT,92.5,0,82,18,0,127,0.5,1.0,0.5,92.87,
ERCOT,92.5,0,83,17,0,212,0.0,0.0,2.0,92.96,
ERCOT,92.5,0,83,17,0,172,0.0,0.0,2.5,92.52,
ERCOT,92.5,0,83,17,0,147,0.0,0.25,0.0,92.61,
ERCOT,92.5,0,83,17,0,137,0.0,0.25,0.5,92.53,
ERCOT,92.5,0,83,17,0,132,0.0,0.25,1.0,92.87,
ERCOT,92.5,0,83,17,0,127,0.0,0.25,1.5,92.7,
ERCOT,92.5,0,83,17,0,127,0.0,0.25,2.0,93.53,
ERCOT,92.5,0,83,17,0,127,0.0,0.5,0.0,92.73,
ERCOT,92.5,0,83,17,0,127,0.0,0.5,0.5,92.73,
ERCOT,92.5,0,83,17,0,127,0.0,0.75,0.0,92.73,
ERCOT,92.5,0,83,17,0,127,0.0,0.75,0.5,92.73,
ERCOT,92.5,0,83,17,0,127,0.0,1.0,0.0,92.73,
ERCOT,92.5,0,83,17,0,127,0.0,1.0,0.5,92.73,
ERCOT,92.5,0,83,17,0,127,0.25,0.0,0.0,92.63,
ERCOT,92.5,0,83,17,0,127,0.25,0.0,0.5,92.63,
ERCOT,92.5,0,83,17,0,127,0.25,0.25,0.0,92.63,
ERCOT,92.5,0,83,17,0,127,0.25,0.25,0.5,92.63,
ERCOT,92.5,0,83,17,0,127,0.25,0.5,0.0,92.63,
ERCOT,92.5,0,83,17,0,127,0.25,0.5,0.5,92.63,
ERCOT,92.5,0,83,17,0,127,0.25,0.75,0.0,92.63,
ERCOT,92.5,0,83,17,0,127,0.25,0.75,0.5,92.63,
ERCOT,92.5,0,83,17,0,127,0.25,1.0,0.0,92.63,
ERCOT,92.5,0,83,17,0,127,0.25,1.0,0.5,92.63,
ERCOT,92.5,0,83,17,0,127,0.5,0.0,0.0,92.63,
ERCOT,92.5,0,83,17,0,127,0.5,0.0,0.5,92.63,
ERCOT,92.5,0,83,17,0,127,0.5,0.25,0.0,92.63,
ERCOT,92.5,0,83,17,0,127,0.5,0.25,0.5,92.63,
ERCOT,92.5,0,83,17,0,127,0.5,0.5,0.0,92.63,
ERCOT,92.5,0,83,17,0,127,0.5,0.5,0.5,92.63,
ERCOT,92.5,0,83,17,0,127,0.5,0.75,0.0,92.63,
ERCOT,92.5,0,83,17,0,127,0.5,0.75,0.5,92.63,
ERCOT,92.5,0,83,17,0,127,0.5,1.0,0.0,92.63,
ERCOT,92.5,0,83,17,0,127,0.5,1.0,0.5,92.63,
ERCOT,92.5,0,84,16,0,222,0.0,0.0,2.0,92.88,
ERCOT,92.5,0,84,16,0,182,0.0,0.0,2.5,93.03,
ERCOT,92.5,0,84,16,0,152,0.0,0.25,0.0,92.72,
ERCOT,92.5,0,84,16,0,142,0.0,0.25,0.5,93.08,
ERCOT,92.5,0,84,16,0,137,0.0,0.25,1.0,93.63,
ERCOT,92.5,0,84,16,0,132,0.0,0.25,1.5,93.66,
ERCOT,92.5,0,84,16,0,127,0.0,0.25,2.0,93.18,
ERCOT,92.5,0,84,16,0,127,0.0,0.25,2.5,93.72,
ERCOT,92.5,0,84,16,0,127,0.0,0.5,0.0,92.5,
ERCOT,92.5,0,84,16,0,127,0.0,0.5,0.5,92.5,
ERCOT,92.5,0,84,16,0,127,0.0,0.75,0.0,92.5,
ERCOT,92.5,0,84,16,0,127,0.0,0.75,0.5,92.5,
ERCOT,92.5,0,84,16,0,127,0.0,1.0,0.0,92.5,
ERCOT,92.5,0,84,16,0,127,0.0,1.0,0.5,92.5,
ERCOT,92.5,0,84,16,0,132,0.25,0.0,0.0,93.41,
ERCOT,92.5,0,84,16,0,132,0.25,0.0,0.5,93.42,
ERCOT,92.5,0,84,16,0,132,0.25,0.25,0.0,93.41,
ERCOT,92.5,0,84,16,0,132,0.25,0.25,0.5,93.41,
ERCOT,92.5,0,84,16,0,132,0.25,0.5,0.0,93.41,
ERCOT,92.5,0,84,16,0,132,0.25,0.5,0.5,93.41,
ERCOT,92.5,0,84,16,0,132,0.25,0.75,0.0,93.41,
ERCOT,92.5,0,84,16,0,132,0.25,0.75,0.5,93.41,
ERCOT,92.5,0,84,16,0,132,0.25,1.0,0.0,93.41,
ERCOT,92.5,0,84,16,0,132,0.25,1.0,0.5,93.41,
ERCOT,92.5,0,84,16,0,132,0.5,0.0,0.0,93.41,
ERCOT,92.5,0,84,16,0,132,0.5,0.0,0.5,93.41,
ERCOT,92.5,0,84,16,0,132,0.5,0.25,0.0,93.41,
ERCOT,92.5,0,84,16,0,132,0.5,0.25,0.5,93.41,
ERCOT,92.5,0,84,16,0,132,0.5,0.5,0.0,93.41,
ERCOT,92.5,0,84,16,0,132,0.5,0.5,0.5,93.41,
ERCOT,92.5,0,84,16,0,132,0.5,0.75,0.0,93.41,
ERCOT,92.5,0,84,16,0,132,0.5,0.75,0.5,93.41,
ERCOT,92.5,0,84,16,0,132,0.5,1.0,0.0,93.41,
ERCOT,92.5,0,84,16,0,132,0.5,1.0,0.5,93.41,
ERCOT,92.5,30,56,14,0,197,0.0,0.0,0.0,92.81,
ERCOT,92.5,30,57,13,0,202,0.0,0.0,0.0,92.86,
ERCOT,92.5,30,58,12,0,207,0.0,0.0,0.0,92.86,
ERCOT,92.5,30,59,11,0,212,0.0,0.0,0.0,92.81,
ERCOT,92.5,30,61,9,0,222,0.0,0.0,0.0,92.56,
ERCOT,92.5,30,62,8,0,232,0.0,0.0,0.0,93.19,
ERCOT,92.5,30,63,7,0,237,0.0,0.0,0.0,92.92,
ERCOT,92.5,30,64,6,0,242,0.0,0.0,0.0,92.57,
ERCOT,92.5,31,56,13,0,197,0.0,0.0,0.0,92.75,
ERCOT,92.5,31,57,12,0,202,0.0,0.0,0.0,92.79,
ERCOT,92.5,31,58,11,0,207,0.0,0.0,0.0,92.79,
ERCOT,92.5,31,59,10,0,212,0.0,0.0,0.0,92.73,
ERCOT,92.5,32,56,12,0,197,0.0,0.0,0.0,92.69,
ERCOT,92.5,32,57,11,0,202,0.0,0.0,0.0,92.72,
ERCOT,92.5,32,58,10,0,207,0.0,0.0,0.0,92.71,
ERCOT,92.5,33,56,11,0,197,0.0,0.0,0.0,92.61,
ERCOT,92.5,33,57,10,0,202,0.0,0.0,0.0,92.64,
ERCOT,92.5,34,56,10,0,197,0.0,0.0,0.0,92.52,
ERCOT,92.5,71,0,29,0,117,0.0,0.0,0.0,93.64,
ERCOT,92.5,72,0,28,0,117,0.0,0.0,0.0,93.7,
ERCOT,92.5,73,0,27,0,117,0.0,0.0,0.0,93.76,
ERCOT,92.5,74,0,26,0,117,0.0,0.0,0.0,93.81,
ERCOT,92.5,75,1,24,0,112,0.0,0.0,0.0,92.88,
ERCOT,92.5,75,2,23,0,112,0.0,0.0,0.0,93.2,
ERCOT,92.5,75,3,22,0,112,0.0,0.0,0.0,93.5,
ERCOT,92.5,75,4,21,0,112,0.0,0.0,0.0,93.77,
ERCOT,92.5,11,65,24,0,242,0.0,0.0,0.0,92.55,
ERCOT,92.5,11,66,23,0,250,0.0,0.0,0.0,92.68,
ERCOT,92.5,11,67,22,0,212,0.0,0.0,0.5,93.07,
ERCOT,92.5,11,67,22,0,177,0.0,0.0,1.0,92.62,
ERCOT,92.5,11,67,22,0,152,0.0,0.0,1.5,92.86,
ERCOT,92.5,11,67,22,0,137,0.0,0.0,2.0,92.62,
ERCOT,92.5,11,67,22,0,137,0.0,0.0,2.5,93.8,
ERCOT,92.5,11,67,22,0,117,0.0,0.25,0.0,93.0,
ERCOT,92.5,11,67,22,0,117,0.0,0.25,0.5,93.27,
ERCOT,92.5,11,67,22,0,117,0.0,0.5,0.0,93.24,
ERCOT,92.5,11,67,22,0,117,0.0,0.5,0.5,93.24,
ERCOT,92.5,11,67,22,0,117,0.0,0.75,0.0,93.24,
ERCOT,92.5,11,67,22,0,117,0.0,0.75,0.5,93.24,
ERCOT,92.5,11,67,22,0,117,0.0,1.0,0.0,93.24,
ERCOT,92.5,11,67,22,0,117,0.0,1.0,0.5,93.24,
ERCOT,92.5,11,67,22,0,117,0.25,0.0,0.0,93.1,
ERCOT,92.5,11,67,22,0,117,0.25,0.0,0.5,93.1,
ERCOT,92.5,11,67,22,0,117,0.25,0.25,0.0,93.1,
ERCOT,92.5,11,67,22,0,117,0.25,0.25,0.5,93.1,
ERCOT,92.5,11,67,22,0,117,0.25,0.5,0.0,93.1,
ERCOT,92.5,11,67,22,0,117,0.25,0.5,0.5,93.1,
ERCOT,92.5,11,67,22,0,117,0.25,0.75,0.0,93.1,
ERCOT,92.5,11,67,22,0,117,0.25,0.75,0.5,93.1,
ERCOT,92.5,11,67,22,0,117,0.25,1.0,0.0,93.1,
ERCOT,92.5,11,67,22,0,117,0.25,1.0,0.5,93.1,
ERCOT,92.5,11,67,22,0,117,0.5,0.0,0.0,93.1,
ERCOT,92.5,11,67,22,0,117,0.5,0.0,0.5,93.1,
ERCOT,92.5,11,67,22,0,117,0.5,0.25,0.0,93.1,
ERCOT,92.5,11,67,22,0,117,0.5,0.25,0.5,93.1,
ERCOT,92.5,11,67,22,0,117,0.5,0.5,0.0,93.1,
ERCOT,92.5,11,67,22,0,117,0.5,0.5,0.5,93.1,
ERCOT,92.5,11,67,22,0,117,0.5,0.75,0.0,93.1,
ERCOT,92.5,11,67,22,0,117,0.5,0.75,0.5,93.1,
ERCOT,92.5,11,67,22,0,117,0.5,1.0,0.0,93.1,
ERCOT,92.5,11,67,22,0,117,0.5,1.0,0.5,93.1,
ERCOT,92.5,11,68,21,0,217,0.0,0.0,0.5,92.8,
ERCOT,92.5,11,68,21,0,182,0.0,0.0,1.0,92.57,
ERCOT,92.5,11,68,21,0,157,0.0,0.0,1.5,93.07,
ERCOT,92.5,11,68,21,0,142,0.0,0.0,2.0,93.44,
ERCOT,92.5,11,68,21,0,137,0.0,0.0,2.5,93.35,
ERCOT,92.5,11,68,21,0,117,0.0,0.25,0.0,92.71,
ERCOT,92.5,11,68,21,0,117,0.0,0.25,0.5,93.03,
ERCOT,92.5,11,68,21,0,117,0.0,0.5,0.0,93.06,
ERCOT,92.5,11,68,21,0,117,0.0,0.5,0.5,93.06,
ERCOT,92.5,11,68,21,0,117,0.0,0.75,0.0,93.06,
ERCOT,92.5,11,68,21,0,117,0.0,0.75,0.5,93.06,
ERCOT,92.5,11,68,21,0,117,0.0,1.0,0.0,93.06,
ERCOT,92.5,11,68,21,0,117,0.0,1.0,0.5,93.06,
ERCOT,92.5,11,68,21,0,117,0.25,0.0,0.0,92.9,
ERCOT,92.5,11,68,21,0,117,0.25,0.0,0.5,92.9,
ERCOT,92.5,11,68,21,0,117,0.25,0.25,0.0,92.9,
ERCOT,92.5,11,68,21,0,117,0.25,0.25,0.5,92.9,
ERCOT,92.5,11,68,21,0,117,0.25,0.5,0.0,92.9,
ERCOT,92.5,11,68,21,0,117,0.25,0.5,0.5,92.9,
ERCOT,92.5,11,68,21,0,117,0.25,0.75,0.0,92.9,
ERCOT,92.5,11,68,21,0,117,0.25,0.75,0.5,92.9,
ERCOT,92.5,11,68,21,0,117,0.25,1.0,0.0,92.9,
ERCOT,92.5,11,68,21,0,117,0.25,1.0,0.5,92.9,
ERCOT,92.5,11,68,21,0,117,0.5,0.0,0.0,92.9,
ERCOT,92.5,11,68,21,0,117,0.5,0.0,0.5,92.9,
ERCOT,92.5,11,68,21,0,117,0.5,0.25,0.0,92.9,
ERCOT,92.5,11,68,21,0,117,0.5,0.25,0.5,92.9,
ERCOT,92.5,11,68,21,0,117,0.5,0.5,0.0,92.9,
ERCOT,92.5,11,68,21,0,117,0.5,0.5,0.5,92.9,
ERCOT,92.5,11,68,21,0,117,0.5,0.75,0.0,92.9,
ERCOT,92.5,11,68,21,0,117,0.5,0.75,0.5,92.9,
ERCOT,92.5,11,68,21,0,117,0.5,1.0,0.0,92.9,
ERCOT,92.5,11,68,21,0,117,0.5,1.0,0.5,92.9,
ERCOT,92.5,11,69,20,0,227,0.0,0.0,0.5,93.28,
ERCOT,92.5,11,69,20,0,192,0.0,0.0,1.0,93.32,
ERCOT,92.5,11,69,20,0,162,0.0,0.0,1.5,93.2,
ERCOT,92.5,11,69,20,0,142,0.0,0.0,2.0,92.8,
ERCOT,92.5,11,69,20,0,137,0.0,0.0,2.5,92.88,
ERCOT,92.5,11,69,20,0,122,0.0,0.25,0.0,93.84,
ERCOT,92.5,11,69,20,0,117,0.0,0.25,0.5,92.78,
ERCOT,92.5,11,69,20,0,117,0.0,0.25,1.0,93.05,
ERCOT,92.5,11,69,20,0,117,0.0,0.5,0.0,92.86,
ERCOT,92.5,11,69,20,0,117,0.0,0.5,0.5,92.86,
ERCOT,92.5,11,69,20,0,117,0.0,0.75,0.0,92.86,
ERCOT,92.5,11,69,20,0,117,0.0,0.75,0.5,92.86,
ERCOT,92.5,11,69,20,0,117,0.0,1.0,0.0,92.86,
ERCOT,92.5,11,69,20,0,117,0.0,1.0,0.5,92.86,
ERCOT,92.5,11,69,20,0,117,0.25,0.0,0.0,92.71,
ERCOT,92.5,11,69,20,0,117,0.25,0.0,0.5,92.71,
ERCOT,92.5,11,69,20,0,117,0.25,0.25,0.0,92.71,
ERCOT,92.5,11,69,20,0,117,0.25,0.25,0.5,92.71,
ERCOT,92.5,11,69,20,0,117,0.25,0.5,0.0,92.71,
ERCOT,92.5,11,69,20,0,117,0.25,0.5,0.5,92.71,
ERCOT,92.5,11,69,20,0,117,0.25,0.75,0.0,92.71,
ERCOT,92.5,11,69,20,0,117,0.25,0.75,0.5,92.71,
ERCOT,92.5,11,69,20,0,117,0.25,1.0,0.0,92.71,
ERCOT,92.5,11,69,20,0,117,0.25,1.0,0.5,92.71,
ERCOT,92.5,11,69,20,0,117,0.5,0.0,0.0,92.71,
ERCOT,92.5,11,69,20,0,117,0.5,0.0,0.5,92.71,
ERCOT,92.5,11,69,20,0,117,0.5,0.25,0.0,92.71,
ERCOT,92.5,11,69,20,0,117,0.5,0.25,0.5,92.71,
ERCOT,92.5,11,69,20,0,117,0.5,0.5,0.0,92.71,
ERCOT,92.5,11,69,20,0,117,0.5,0.5,0.5,92.71,
ERCOT,92.5,11,69,20,0,117,0.5,0.75,0.0,92.71,
ERCOT,92.5,11,69,20,0,117,0.5,0.75,0.5,92.71,
ERCOT,92.5,11,69,20,0,117,0.5,1.0,0.0,92.71,
ERCOT,92.5,11,69,20,0,117,0.5,1.0,0.5,92.71,
ERCOT,92.5,12,64,24,0,237,0.0,0.0,0.0,92.75,
ERCOT,92.5,12,65,23,0,242,0.0,0.0,0.0,92.56,
ERCOT,92.5,12,66,22,0,250,0.0,0.0,0.0,92.68,
ERCOT,92.5,12,67,21,0,212,0.0,0.0,0.5,92.97,
ERCOT,92.5,12,67,21,0,177,0.0,0.0,1.0,92.52,
ERCOT,92.5,12,67,21,0,152,0.0,0.0,1.5,92.78,
ERCOT,92.5,12,67,21,0,137,0.0,0.0,2.0,92.56,
ERCOT,92.5,12,67,21,0,137,0.0,0.0,2.5,93.75,
ERCOT,92.5,12,67,21,0,117,0.0,0.25,0.0,92.99,
ERCOT,92.5,12,67,21,0,117,0.0,0.25,0.5,93.27,
ERCOT,92.5,12,67,21,0,117,0.0,0.5,0.0,93.24,
ERCOT,92.5,12,67,21,0,117,0.0,0.5,0.5,93.24,
ERCOT,92.5,12,67,21,0,117,0.0,0.75,0.0,93.24,
ERCOT,92.5,12,67,21,0,117,0.0,0.75,0.5,93.24,
ERCOT,92.5,12,67,21,0,117,0.0,1.0,0.0,93.24,
ERCOT,92.5,12,67,21,0,117,0.0,1.0,0.5,93.24,
ERCOT,92.5,12,67,21,0,117,0.25,0.0,0.0,93.1,
ERCOT,92.5,12,67,21,0,117,0.25,0.0,0.5,93.1,
ERCOT,92.5,12,67,21,0,117,0.25,0.25,0.0,93.1,
ERCOT,92.5,12,67,21,0,117,0.25,0.25,0.5,93.1,
ERCOT,92.5,12,67,21,0,117,0.25,0.5,0.0,93.1,
ERCOT,92.5,12,67,21,0,117,0.25,0.5,0.5,93.1,
ERCOT,92.5,12,67,21,0,117,0.25,0.75,0.0,93.1,
ERCOT,92.5,12,67,21,0,117,0.25,0.75,0.5,93.1,
ERCOT,92.5,12,67,21,0,117,0.25,1.0,0.0,93.1,
ERCOT,92.5,12,67,21,0,117,0.25,1.0,0.5,93.1,
ERCOT,92.5,12,67,21,0,117,0.5,0.0,0.0,93.1,
ERCOT,92.5,12,67,21,0,117,0.5,0.0,0.5,93.1,
ERCOT,92.5,12,67,21,0,117,0.5,0.25,0.0,93.1,
ERCOT,92.5,12,67,21,0,117,0.5,0.25,0.5,93.1,
ERCOT,92.5,12,67,21,0,117,0.5,0.5,0.0,93.1,
ERCOT,92.5,12,67,21,0,117,0.5,0.5,0.5,93.1,
ERCOT,92.5,12,67,21,0,117,0.5,0.75,0.0,93.1,
ERCOT,92.5,12,67,21,0,117,0.5,0.75,0.5,93.1,
ERCOT,92.5,12,67,21,0,117,0.5,1.0,0.0,93.1,
ERCOT,92.5,12,67,21,0,117,0.5,1.0,0.5,93.1,
ERCOT,92.5,12,68,20,0,217,0.0,0.0,0.5,92.7,
ERCOT,92.5,12,68,20,0,187,0.0,0.0,1.0,93.35,
ERCOT,92.5,12,68,20,0,157,0.0,0.0,1.5,92.99,
ERCOT,92.5,12,68,20,0,142,0.0,0.0,2.0,93.37,
ERCOT,92.5,12,68,20,0,137,0.0,0.0,2.5,93.3,
ERCOT,92.5,12,68,20,0,117,0.0,0.25,0.0,92.7,
ERCOT,92.5,12,68,20,0,117,0.0,0.25,0.5,93.02,
ERCOT,92.5,12,68,20,0,117,0.0,0.5,0.0,93.05,
ERCOT,92.5,12,68,20,0,117,0.0,0.5,0.5,93.05,
ERCOT,92.5,12,68,20,0,117,0.0,0.75,0.0,93.05,
ERCOT,92.5,12,68,20,0,117,0.0,0.75,0.5,93.05,
ERCOT,92.5,12,68,20,0,117,0.0,1.0,0.0,93.05,
ERCOT,92.5,12,68,20,0,117,0.0,1.0,0.5,93.05,
ERCOT,92.5,12,68,20,0,117,0.25,0.0,0.0,92.9,
ERCOT,92.5,12,68,20,0,117,0.25,0.0,0.5,92.9,
ERCOT,92.5,12,68,20,0,117,0.25,0.25,0.0,92.9,
ERCOT,92.5,12,68,20,0,117,0.25,0.25,0.5,92.9,
ERCOT,92.5,12,68,20,0,117,0.25,0.5,0.0,92.9,
ERCOT,92.5,12,68,20,0,117,0.25,0.5,0.5,92.9,
ERCOT,92.5,12,68,20,0,117,0.25,0.75,0.0,92.9,
ERCOT,92.5,12,68,20,0,117,0.25,0.75,0.5,92.9,
ERCOT,92.5,12,68,20,0,117,0.25,1.0,0.0,92.9,
ERCOT,92.5,12,68,20,0,117,0.25,1.0,0.5,92.9,
ERCOT,92.5,12,68,20,0,117,0.5,0.0,0.0,92.9,
ERCOT,92.5,12,68,20,0,117,0.5,0.0,0.5,92.9,
ERCOT,92.5,12,68,20,0,117,0.5,0.25,0.0,92.9,
ERCOT,92.5,12,68,20,0,117,0.5,0.25,0.5,92.9,
ERCOT,92.5,12,68,20,0,117,0.5,0.5,0.0,92.9,
ERCOT,92.5,12,68,20,0,117,0.5,0.5,0.5,92.9,
ERCOT,92.5,12,68,20,0,117,0.5,0.75,0.0,92.9,
ERCOT,92.5,12,68,20,0,117,0.5,0.75,0.5,92.9,
ERCOT,92.5,12,68,20,0,117,0.5,1.0,0.0,92.9,
ERCOT,92.5,12,68,20,0,117,0.5,1.0,0.5,92.9,
ERCOT,92.5,13,63,24,0,232,0.0,0.0,0.0,92.92,
ERCOT,92.5,13,64,23,0,237,0.0,0.0,0.0,92.76,
ERCOT,92.5,13,65,22,0,242,0.0,0.0,0.0,92.55,
ERCOT,92.5,13,66,21,0,250,0.0,0.0,0.0,92.68,
ERCOT,92.5,13,67,20,0,212,0.0,0.0,0.5,92.86,
ERCOT,92.5,13,67,20,0,182,0.0,0.0,1.0,93.34,
ERCOT,92.5,13,67,20,0,152,0.0,0.0,1.5,92.7,
ERCOT,92.5,13,67,20,0,142,0.0,0.0,2.0,93.93,
ERCOT,92.5,13,67,20,0,137,0.0,0.0,2.5,93.7,
ERCOT,92.5,13,67,20,0,117,0.0,0.25,0.0,92.98,
ERCOT,92.5,13,67,20,0,117,0.0,0.25,0.5,93.27,
ERCOT,92.5,13,67,20,0,117,0.0,0.5,0.0,93.24,
ERCOT,92.5,13,67,20,0,117,0.0,0.5,0.5,93.24,
ERCOT,92.5,13,67,20,0,117,0.0,0.75,0.0,93.24,
ERCOT,92.5,13,67,20,0,117,0.0,0.75,0.5,93.24,
ERCOT,92.5,13,67,20,0,117,0.0,1.0,0.0,93.24,
ERCOT,92.5,13,67,20,0,117,0.0,1.0,0.5,93.24,
ERCOT,92.5,13,67,20,0,117,0.25,0.0,0.0,93.09,
ERCOT,92.5,13,67,20,0,117,0.25,0.0,0.5,93.09,
ERCOT,92.5,13,67,20,0,117,0.25,0.25,0.0,93.09,
ERCOT,92.5,13,67,20,0,117,0.25,0.25,0.5,93.09,
ERCOT,92.5,13,67,20,0,117,0.25,0.5,0.0,93.09,
ERCOT,92.5,13,67,20,0,117,0.25,0.5,0.5,93.09,
ERCOT,92.5,13,67,20,0,117,0.25,0.75,0.0,93.09,
ERCOT,92.5,13,67,20,0,117,0.25,0.75,0.5,93.09,
ERCOT,92.5,13,67,20,0,117,0.25,1.0,0.0,93.09,
ERCOT,92.5,13,67,20,0,117,0.25,1.0,0.5,93.09,
ERCOT,92.5,13,67,20,0,117,0.5,0.0,0.0,93.09,
ERCOT,92.5,13,67,20,0,117,0.5,0.0,0.5,93.09,
ERCOT,92.5,13,67,20,0,117,0.5,0.25,0.0,93.09,
ERCOT,92.5,13,67,20,0,117,0.5,0.25,0.5,93.09,
ERCOT,92.5,13,67,20,0,117,0.5,0.5,0.0,93.09,
ERCOT,92.5,13,67,20,0,117,0.5,0.5,0.5,93.09,
ERCOT,92.5,13,67,20,0,117,0.5,0.75,0.0,93.09,
ERCOT,92.5,13,67,20,0,117,0.5,0.75,0.5,93.09,
ERCOT,92.5,13,67,20,0,117,0.5,1.0,0.0,93.09,
ERCOT,92.5,13,67,20,0,117,0.5,1.0,0.5,93.09,
ERCOT,92.5,14,62,24,0,227,0.0,0.0,0.0,93.05,
ERCOT,92.5,14,63,23,0,232,0.0,0.0,0.0,92.92,
ERCOT,92.5,14,64,22,0,237,0.0,0.0,0.0,92.75,
ERCOT,92.5,14,65,21,0,242,0.0,0.0,0.0,92.55,
ERCOT,92.5,14,66,20,0,250,0.0,0.0,0.0,92.67,
ERCOT,92.5,15,61,24,0,222,0.0,0.0,0.0,93.14,
ERCOT,92.5,15,62,23,0,227,0.0,0.0,0.0,93.05,
ERCOT,92.5,15,63,22,0,232,0.0,0.0,0.0,92.92,
ERCOT,92.5,15,64,21,0,237,0.0,0.0,0.0,92.75,
ERCOT,92.5,46,5,49,0,117,0.0,0.0,0.0,93.7,
ERCOT,92.5,47,4,49,0,117,0.0,0.0,0.0,93.47,
ERCOT,92.5,47,5,48,0,117,0.0,0.0,0.0,93.77,
ERCOT,92.5,48,3,49,0,117,0.0,0.0,0.0,93.21,
ERCOT,92.5,48,4,48,0,117,0.0,0.0,0.0,93.54,
ERCOT,92.5,48,5,47,0,117,0.0,0.0,0.0,93.85,
ERCOT,92.5,49,2,49,0,117,0.0,0.0,0.0,92.94,
ERCOT,92.5,49,3,48,0,117,0.0,0.0,0.0,93.29,
ERCOT,92.5,49,4,47,0,117,0.0,0.0,0.0,93.61,
ERCOT,92.5,49,5,46,0,117,0.0,0.0,0.0,93.92,
ERCOT,92.5,50,1,49,0,117,0.0,0.0,0.0,92.65,
ERCOT,92.5,50,2,48,0,117,0.0,0.0,0.0,93.01,
ERCOT,92.5,50,3,47,0,117,0.0,0.0,0.0,93.36,
ERCOT,92.5,50,4,46,0,117,0.0,0.0,0.0,93.69,
ERCOT,92.5,51,1,48,0,117,0.0,0.0,0.0,92.72,
ERCOT,92.5,51,2,47,0,117,0.0,0.0,0.0,93.09,
ERCOT,92.5,51,3,46,0,117,0.0,0.0,0.0,93.43,
ERCOT,92.5,51,4,45,0,117,0.0,0.0,0.0,93.76,
ERCOT,92.5,52,1,47,0,117,0.0,0.0,0.0,92.8,
ERCOT,92.5,52,2,46,0,117,0.0,0.0,0.0,93.16,
ERCOT,92.5,52,3,45,0,117,0.0,0.0,0.0,93.5,
ERCOT,92.5,53,1,46,0,117,0.0,0.0,0.0,92.87,
ERCOT,92.5,53,2,45,0,117,0.0,0.0,0.0,93.23,
ERCOT,92.5,54,1,45,0,117,0.0,0.0,0.0,92.94,
ERCOT,92.5,35,41,24,0,147,0.0,0.0,0.0,92.78,
ERCOT,92.5,35,42,23,0,152,0.0,0.0,0.0,93.35,
ERCOT,92.5,35,43,22,0,152,0.0,0.0,0.0,92.75,
ERCOT,92.5,35,44,21,0,157,0.0,0.0,0.0,93.26,
ERCOT,92.5,36,41,23,0,147,0.0,0.0,0.0,92.76,
ERCOT,92.5,36,42,22,0,152,0.0,0.0,0.0,93.32,
ERCOT,92.5,36,43,21,0,152,0.0,0.0,0.0,92.72,
ERCOT,92.5,36,44,20,0,157,0.0,0.0,0.0,93.23,
ERCOT,92.5,37,41,22,0,147,0.0,0.0,0.0,92.73,
ERCOT,92.5,37,42,21,0,152,0.0,0.0,0.0,93.3,
ERCOT,92.5,37,43,20,0,152,0.0,0.0,0.0,92.68,
ERCOT,92.5,38,41,21,0,147,0.0,0.0,0.0,92.7,
ERCOT,92.5,38,42,20,0,152,0.0,0.0,0.0,93.27,
ERCOT,92.5,39,41,20,0,147,0.0,0.0,0.0,92.66,
ERCOT,92.5,16,50,34,0,172,0.0,0.0,0.0,92.76,
ERCOT,92.5,17,50,33,0,172,0.0,0.0,0.0,92.77,
ERCOT,92.5,18,50,32,0,172,0.0,0.0,0.0,92.78,
ERCOT,92.5,19,50,31,0,172,0.0,0.0,0.0,92.78,
ERCOT,92.5,21,49,30,0,172,0.0,0.0,0.0,93.36,
ERCOT,92.5,22,48,30,0,167,0.0,0.0,0.0,93.05,
ERCOT,92.5,23,47,30,0,162,0.0,0.0,0.0,92.68,
ERCOT,92.5,24,46,30,0,162,0.0,0.0,0.0,93.24,
ERCOT,92.5,51,0,49,0,122,0.0,0.0,0.0,93.47,
ERCOT,92.5,52,0,48,0,122,0.0,0.0,0.0,93.55,
ERCOT,92.5,53,0,47,0,122,0.0,0.0,0.0,93.62,
ERCOT,92.5,54,0,46,0,117,0.0,0.0,0.0,92.56,
ERCOT,92.5,11,0,89,0,137,0.0,0.0,0.0,92.78,
ERCOT,92.5,12,0,88,0,137,0.0,0.0,0.0,92.88,
ERCOT,92.5,13,0,87,0,137,0.0,0.0,0.0,92.97,
ERCOT,92.5,14,0,86,0,137,0.0,0.0,0.0,93.06,
ERCOT,92.5,16,0,84,0,137,0.0,0.0,0.0,93.25,
ERCOT,92.5,17,0,83,0,132,0.0,0.0,0.0,92.55,
ERCOT,92.5,18,0,82,0,132,0.0,0.0,0.0,92.64,
ERCOT,92.5,19,0,81,0,132,0.0,0.0,0.0,92.73,
ERCOT,92.5,1,55,44,0,192,0.0,0.0,0.0,92.63,
ERCOT,92.5,2,55,43,0,192,0.0,0.0,0.0,92.67,
ERCOT,92.5,3,55,42,0,192,0.0,0.0,0.0,92.7,
ERCOT,92.5,4,55,41,0,192,0.0,0.0,0.0,92.73,
ERCOT,92.5,50,16,34,0,112,0.0,0.0,0.0,93.71,
ERCOT,92.5,50,17,33,0,112,0.0,0.0,0.0,93.58,
ERCOT,92.5,50,18,32,0,112,0.0,0.0,0.0,93.4,
ERCOT,92.5,50,19,31,0,112,0.0,0.0,0.0,93.17,
ERCOT,92.5,10,66,24,0,250,0.0,0.0,0.0,92.67,
ERCOT,92.5,10,67,23,0,212,0.0,0.0,0.5,93.17,
ERCOT,92.5,10,67,23,0,177,0.0,0.0,1.0,92.71,
ERCOT,92.5,10,67,23,0,152,0.0,0.0,1.5,92.93,
ERCOT,92.5,10,67,23,0,137,0.0,0.0,2.0,92.68,
ERCOT,92.5,10,67,23,0,137,0.0,0.0,2.5,93.85,
ERCOT,92.5,10,67,23,0,117,0.0,0.25,0.0,93.0,
ERCOT,92.5,10,67,23,0,117,0.0,0.25,0.5,93.27,
ERCOT,92.5,10,67,23,0,117,0.0,0.5,0.0,93.24,
ERCOT,92.5,10,67,23,0,117,0.0,0.5,0.5,93.24,
ERCOT,92.5,10,67,23,0,117,0.0,0.75,0.0,93.24,
ERCOT,92.5,10,67,23,0,117,0.0,0.75,0.5,93.24,
ERCOT,92.5,10,67,23,0,117,0.0,1.0,0.0,93.24,
ERCOT,92.5,10,67,23,0,117,0.0,1.0,0.5,93.24,
ERCOT,92.5,10,67,23,0,117,0.25,0.0,0.0,93.1,
ERCOT,92.5,10,67,23,0,117,0.25,0.0,0.5,93.1,
ERCOT,92.5,10,67,23,0,117,0.25,0.25,0.0,93.1,
ERCOT,92.5,10,67,23,0,117,0.25,0.25,0.5,93.1,
ERCOT,92.5,10,67,23,0,117,0.25,0.5,0.0,93.1,
ERCOT,92.5,10,67,23,0,117,0.25,0.5,0.5,93.1,
ERCOT,92.5,10,67,23,0,117,0.25,0.75,0.0,93.1,
ERCOT,92.5,10,67,23,0,117,0.25,0.75,0.5,93.1,
ERCOT,92.5,10,67,23,0,117,0.25,1.0,0.0,93.1,
ERCOT,92.5,10,67,23,0,117,0.25,1.0,0.5,93.1,
ERCOT,92.5,10,67,23,0,117,0.5,0.0,0.0,93.1,
ERCOT,92.5,10,67,23,0,117,0.5,0.0,0.5,93.1,
ERCOT,92.5,10,67,23,0,117,0.5,0.25,0.0,93.1,
ERCOT,92.5,10,67,23,0,117,0.5,0.25,0.5,93.1,
ERCOT,92.5,10,67,23,0,117,0.5,0.5,0.0,93.1,
ERCOT,92.5,10,67,23,0,117,0.5,0.5,0.5,93.1,
ERCOT,92.5,10,67,23,0,117,0.5,0.75,0.0,93.1,
ERCOT,92.5,10,67,23,0,117,0.5,0.75,0.5,93.1,
ERCOT,92.5,10,67,23,0,117,0.5,1.0,0.0,93.1,
ERCOT,92.5,10,67,23,0,117,0.5,1.0,0.5,93.1,
ERCOT,92.5,10,68,22,0,217,0.0,0.0,0.5,92.91,
ERCOT,92.5,10,68,22,0,182,0.0,0.0,1.0,92.67,
ERCOT,92.5,10,68,22,0,157,0.0,0.0,1.5,93.15,
ERCOT,92.5,10,68,22,0,142,0.0,0.0,2.0,93.51,
ERCOT,92.5,10,68,22,0,137,0.0,0.0,2.5,93.4,
ERCOT,92.5,10,68,22,0,117,0.0,0.25,0.0,92.72,
ERCOT,92.5,10,68,22,0,117,0.0,0.25,0.5,93.03,
ERCOT,92.5,10,68,22,0,117,0.0,0.5,0.0,93.06,
ERCOT,92.5,10,68,22,0,117,0.0,0.5,0.5,93.06,
ERCOT,92.5,10,68,22,0,117,0.0,0.75,0.0,93.06,
ERCOT,92.5,10,68,22,0,117,0.0,0.75,0.5,93.06,
ERCOT,92.5,10,68,22,0,117,0.0,1.0,0.0,93.06,
ERCOT,92.5,10,68,22,0,117,0.0,1.0,0.5,93.06,
ERCOT,92.5,10,68,22,0,117,0.25,0.0,0.0,92.91,
ERCOT,92.5,10,68,22,0,117,0.25,0.0,0.5,92.91,
ERCOT,92.5,10,68,22,0,117,0.25,0.25,0.0,92.91,
ERCOT,92.5,10,68,22,0,117,0.25,0.25,0.5,92.91,
ERCOT,92.5,10,68,22,0,117,0.25,0.5,0.0,92.91,
ERCOT,92.5,10,68,22,0,117,0.25,0.5,0.5,92.91,
ERCOT,92.5,10,68,22,0,117,0.25,0.75,0.0,92.91,
ERCOT,92.5,10,68,22,0,117,0.25,0.75,0.5,92.91,
ERCOT,92.5,10,68,22,0,117,0.25,1.0,0.0,92.91,
ERCOT,92.5,10,68,22,0,117,0.25,1.0,0.5,92.91,
ERCOT,92.5,10,68,22,0,117,0.5,0.0,0.0,92.91,
ERCOT,92.5,10,68,22,0,117,0.5,0.0,0.5,92.91,
ERCOT,92.5,10,68,22,0,117,0.5,0.25,0.0,92.91,
ERCOT,92.5,10,68,22,0,117,0.5,0.25,0.5,92.91,
ERCOT,92.5,10,68,22,0,117,0.5,0.5,0.0,92.91,
ERCOT,92.5,10,68,22,0,117,0.5,0.5,0.5,92.91,
ERCOT,92.5,10,68,22,0,117,0.5,0.75,0.0,92.91,
ERCOT,92.5,10,68,22,0,117,0.5,0.75,0.5,92.91,
ERCOT,92.5,10,68,22,0,117,0.5,1.0,0.0,92.91,
ERCOT,92.5,10,68,22,0,117,0.5,1.0,0.5,92.91,
ERCOT,92.5,10,69,21,0,222,0.0,0.0,0.5,92.59,
ERCOT,92.5,10,69,21,0,187,0.0,0.0,1.0,92.57,
ERCOT,92.5,10,69,21,0,162,0.0,0.0,1.5,93.28,
ERCOT,92.5,10,69,21,0,142,0.0,0.0,2.0,92.87,
ERCOT,92.5,10,69,21,0,137,0.0,0.0,2.5,92.93,
ERCOT,92.5,10,69,21,0,122,0.0,0.25,0.0,93.86,
ERCOT,92.5,10,69,21,0,117,0.0,0.25,0.5,92.79,
ERCOT,92.5,10,69,21,0,117,0.0,0.25,1.0,93.06,
ERCOT,92.5,10,69,21,0,117,0.0,0.5,0.0,92.87,
ERCOT,92.5,10,69,21,0,117,0.0,0.5,0.5,92.87,
ERCOT,92.5,10,69,21,0,117,0.0,0.75,0.0,92.87,
ERCOT,92.5,10,69,21,0,117,0.0,0.75,0.5,92.87,
ERCOT,92.5,10,69,21,0,117,0.0,1.0,0.0,92.87,
ERCOT,92.5,10,69,21,0,117,0.0,1.0,0.5,92.87,
ERCOT,92.5,10,69,21,0,117,0.25,0.0,0.0,92.71,
ERCOT,92.5,10,69,21,0,117,0.25,0.0,0.5,92.71,
ERCOT,92.5,10,69,21,0,117,0.25,0.25,0.0,92.71,
ERCOT,92.5,10,69,21,0,117,0.25,0.25,0.5,92.71,
ERCOT,92.5,10,69,21,0,117,0.25,0.5,0.0,92.71,
ERCOT,92.5,10,69,21,0,117,0.25,0.5,0.5,92.71,
ERCOT,92.5,10,69,21,0,117,0.25,0.75,0.0,92.71,
ERCOT,92.5,10,69,21,0,117,0.25,0.75,0.5,92.71,
ERCOT,92.5,10,69,21,0,117,0.25,1.0,0.0,92.71,
ERCOT,92.5,10,69,21,0,117,0.25,1.0,0.5,92.71,
ERCOT,92.5,10,69,21,0,117,0.5,0.0,0.0,92.71,
ERCOT,92.5,10,69,21,0,117,0.5,0.0,0.5,92.71,
ERCOT,92.5,10,69,21,0,117,0.5,0.25,0.0,92.71,
ERCOT,92.5,10,69,21,0,117,0.5,0.25,0.5,92.71,
ERCOT,92.5,10,69,21,0,117,0.5,0.5,0.0,92.71,
ERCOT,92.5,10,69,21,0,117,0.5,0.5,0.5,92.71,
ERCOT,92.5,10,69,21,0,117,0.5,0.75,0.0,92.71,
ERCOT,92.5,10,69,21,0,117,0.5,0.75,0.5,92.71,
ERCOT,92.5,10,69,21,0,117,0.5,1.0,0.0,92.71,
ERCOT,92.5,10,69,21,0,117,0.5,1.0,0.5,92.71,
ERCOT,92.5,11,64,25,0,237,0.0,0.0,0.0,92.75,
ERCOT,92.5,12,63,25,0,232,0.0,0.0,0.0,92.91,
ERCOT,92.5,13,62,25,0,227,0.0,0.0,0.0,93.04,
ERCOT,92.5,14,61,25,0,222,0.0,0.0,0.0,93.14,
ERCOT,92.5,16,24,60,0,117,0.0,0.0,0.0,92.65,
ERCOT,92.5,17,23,60,0,117,0.0,0.0,0.0,92.91,
ERCOT,92.5,18,22,60,0,117,0.0,0.0,0.0,93.14,
ERCOT,92.5,19,21,60,0,117,0.0,0.0,0.0,93.35,
ERCOT,92.5,30,6,64,0,117,0.0,0.0,0.0,92.73,
ERCOT,92.5,30,7,63,0,117,0.0,0.0,0.0,93.0,
ERCOT,92.5,30,8,62,0,117,0.0,0.0,0.0,93.25,
ERCOT,92.5,30,9,61,0,117,0.0,0.0,0.0,93.48,
ERCOT,92.5,31,6,63,0,117,0.0,0.0,0.0,92.81,
ERCOT,92.5,31,7,62,0,117,0.0,0.0,0.0,93.09,
ERCOT,92.5,31,8,61,0,117,0.0,0.0,0.0,93.34,
ERCOT,92.5,31,9,60,0,117,0.0,0.0,0.0,93.56,
ERCOT,92.5,32,6,62,0,117,0.0,0.0,0.0,92.89,
ERCOT,92.5,32,7,61,0,117,0.0,0.0,0.0,93.17,
ERCOT,92.5,32,8,60,0,117,0.0,0.0,0.0,93.42,
ERCOT,92.5,33,6,61,0,117,0.0,0.0,0.0,92.97,
ERCOT,92.5,33,7,60,0,117,0.0,0.0,0.0,93.25,
ERCOT,92.5,34,6,60,0,117,0.0,0.0,0.0,93.06,
ERCOT,92.5,0,41,59,0,152,0.0,0.0,0.0,93.22,
ERCOT,92.5,0,42,58,0,152,0.0,0.0,0.0,92.85,
ERCOT,92.5,0,43,57,0,157,0.0,0.0,0.0,93.2,
ERCOT,92.5,0,44,56,0,157,0.0,0.0,0.0,92.82,
ERCOT,92.5,15,11,74,0,117,0.0,0.0,0.0,92.65,
ERCOT,92.5,15,12,73,0,117,0.0,0.0,0.0,92.83,
ERCOT,92.5,15,13,72,0,117,0.0,0.0,0.0,92.99,
ERCOT,92.5,15,14,71,0,117,0.0,0.0,0.0,93.12,
ERCOT,92.5,26,55,19,0,192,0.0,0.0,0.0,92.89,
ERCOT,92.5,27,55,18,0,192,0.0,0.0,0.0,92.86,
ERCOT,92.5,28,55,17,0,192,0.0,0.0,0.0,92.82,
ERCOT,92.5,29,55,16,0,192,0.0,0.0,0.0,92.77,
ERCOT,92.5,31,55,14,0,192,0.0,0.0,0.0,92.66,
ERCOT,92.5,32,55,13,0,192,0.0,0.0,0.0,92.6,
ERCOT,92.5,33,55,12,0,192,0.0,0.0,0.0,92.53,
ERCOT,92.5,34,55,11,0,197,0.0,0.0,0.0,93.41,
ERCOT,92.5,36,40,24,0,147,0.0,0.0,0.0,93.33,
ERCOT,92.5,37,40,23,0,147,0.0,0.0,0.0,93.31,
ERCOT,92.5,38,40,22,0,147,0.0,0.0,0.0,93.29,
ERCOT,92.5,39,40,21,0,147,0.0,0.0,0.0,93.26,
ERCOT,92.5,36,20,44,0,112,0.0,0.0,0.0,92.66,
ERCOT,92.5,37,20,43,0,112,0.0,0.0,0.0,92.69,
ERCOT,92.5,38,20,42,0,112,0.0,0.0,0.0,92.71,
ERCOT,92.5,39,20,41,0,112,0.0,0.0,0.0,92.74,
ERCOT,92.5,41,5,54,0,117,0.0,0.0,0.0,93.32,
ERCOT,92.5,42,5,53,0,117,0.0,0.0,0.0,93.4,
ERCOT,92.5,43,5,52,0,117,0.0,0.0,0.0,93.47,
ERCOT,92.5,44,5,51,0,117,0.0,0.0,0.0,93.55,
ERCOT,92.5,46,4,50,0,117,0.0,0.0,0.0,93.39,
ERCOT,92.5,47,3,50,0,117,0.0,0.0,0.0,93.14,
ERCOT,92.5,48,2,50,0,117,0.0,0.0,0.0,92.87,
ERCOT,92.5,49,1,50,0,117,0.0,0.0,0.0,92.58,
ERCOT,92.5,66,30,4,0,132,0.0,0.0,0.0,93.84,
ERCOT,92.5,67,29,4,0,127,0.0,0.0,0.0,92.79,
ERCOT,92.5,67,30,3,0,132,0.0,0.0,0.0,93.77,
ERCOT,92.5,68,28,4,0,127,0.0,0.0,0.0,93.34,
ERCOT,92.5,68,29,3,0,127,0.0,0.0,0.0,92.7,
ERCOT,92.5,68,30,2,0,132,0.0,0.0,0.0,93.68,
ERCOT,92.5,69,27,4,0,127,0.0,0.0,0.0,93.86,
ERCOT,92.5,69,28,3,0,127,0.0,0.0,0.0,93.26,
ERCOT,92.5,69,29,2,0,127,0.0,0.0,0.0,92.61,
ERCOT,92.5,69,30,1,0,132,0.0,0.0,0.0,93.59,
ERCOT,92.5,70,26,4,0,122,0.0,0.0,0.0,92.71,
ERCOT,92.5,70,27,3,0,127,0.0,0.0,0.0,93.79,
ERCOT,92.5,70,28,2,0,127,0.0,0.0,0.0,93.18,
ERCOT,92.5,70,29,1,0,127,0.0,0.0,0.0,92.51,
ERCOT,92.5,75,6,19,0,112,0.0,0.0,0.0,94.22,
ERCOT,92.5,75,7,18,0,107,0.0,0.0,0.0,92.51,
ERCOT,92.5,75,8,17,0,107,0.0,0.0,0.0,92.6,
ERCOT,92.5,75,9,16,0,107,0.0,0.0,0.0,92.65,
ERCOT,92.5,31,20,49,0,117,0.0,0.0,0.0,94.03,
ERCOT,92.5,31,21,48,0,117,0.0,0.0,0.0,93.84,
ERCOT,92.5,31,22,47,0,117,0.0,0.0,0.0,93.6,
ERCOT,92.5,31,23,46,0,117,0.0,0.0,0.0,93.33,
ERCOT,92.5,31,24,45,0,117,0.0,0.0,0.0,93.02,
ERCOT,92.5,32,19,49,0,112,0.0,0.0,0.0,92.68,
ERCOT,92.5,32,20,48,0,112,0.0,0.0,0.0,92.53,
ERCOT,92.5,32,21,47,0,117,0.0,0.0,0.0,93.87,
ERCOT,92.5,32,22,46,0,117,0.0,0.0,0.0,93.63,
ERCOT,92.5,32,23,45,0,117,0.0,0.0,0.0,93.35,
ERCOT,92.5,33,18,49,0,112,0.0,0.0,0.0,92.84,
ERCOT,92.5,33,19,48,0,112,0.0,0.0,0.0,92.72,
ERCOT,92.5,33,20,47,0,112,0.0,0.0,0.0,92.57,
ERCOT,92.5,33,21,46,0,117,0.0,0.0,0.0,93.9,
ERCOT,92.5,33,22,45,0,117,0.0,0.0,0.0,93.65,
ERCOT,92.5,34,17,49,0,112,0.0,0.0,0.0,92.96,
ERCOT,92.5,34,18,48,0,112,0.0,0.0,0.0,92.88,
ERCOT,92.5,34,19,47,0,112,0.0,0.0,0.0,92.76,
ERCOT,92.5,34,20,46,0,112,0.0,0.0,0.0,92.6,
ERCOT,92.5,34,21,45,0,117,0.0,0.0,0.0,93.93,
ERCOT,92.5,35,16,49,0,112,0.0,0.0,0.0,93.05,
ERCOT,92.5,35,17,48,0,112,0.0,0.0,0.0,93.01,
ERCOT,92.5,35,18,47,0,112,0.0,0.0,0.0,92.92,
ERCOT,92.5,35,19,46,0,112,0.0,0.0,0.0,92.8,
ERCOT,92.5,36,5,59,0,117,0.0,0.0,0.0,92.92,
ERCOT,92.5,37,4,59,0,117,0.0,0.0,0.0,92.69,
ERCOT,92.5,37,5,58,0,117,0.0,0.0,0.0,93.0,
ERCOT,92.5,38,3,59,0,122,0.0,0.0,0.0,93.62,
ERCOT,92.5,38,4,58,0,117,0.0,0.0,0.0,92.77,
ERCOT,92.5,38,5,57,0,117,0.0,0.0,0.0,93.08,
ERCOT,92.5,39,2,59,0,122,0.0,0.0,0.0,93.34,
ERCOT,92.5,39,3,58,0,117,0.0,0.0,0.0,92.52,
ERCOT,92.5,39,4,57,0,117,0.0,0.0,0.0,92.85,
ERCOT,92.5,39,5,56,0,117,0.0,0.0,0.0,93.16,
ERCOT,92.5,40,1,59,0,122,0.0,0.0,0.0,93.03,
ERCOT,92.5,40,2,58,0,122,0.0,0.0,0.0,93.42,
ERCOT,92.5,40,3,57,0,117,0.0,0.0,0.0,92.6,
ERCOT,92.5,40,4,56,0,117,0.0,0.0,0.0,92.93,
ERCOT,92.5,31,5,64,0,117,0.0,0.0,0.0,92.51,
ERCOT,92.5,32,5,63,0,117,0.0,0.0,0.0,92.6,
ERCOT,92.5,33,5,62,0,117,0.0,0.0,0.0,92.68,
ERCOT,92.5,34,5,61,0,117,0.0,0.0,0.0,92.76,
ERCOT,92.5,1,39,60,0,147,0.0,0.0,0.0,93.21,
ERCOT,92.5,2,38,60,0,142,0.0,0.0,0.0,92.79,
ERCOT,92.5,3,37,60,0,142,0.0,0.0,0.0,93.17,
ERCOT,92.5,4,36,60,0,137,0.0,0.0,0.0,92.7,
ERCOT,92.5,66,29,5,0,127,0.0,0.0,0.0,92.88,
ERCOT,92.5,67,28,5,0,127,0.0,0.0,0.0,93.42,
ERCOT,92.5,68,27,5,0,127,0.0,0.0,0.0,93.93,
ERCOT,92.5,69,26,5,0,122,0.0,0.0,0.0,92.79,
ERCOT,92.5,70,21,9,0,117,0.0,0.0,0.0,93.74,
ERCOT,92.5,70,22,8,0,117,0.0,0.0,0.0,93.23,
ERCOT,92.5,70,23,7,0,117,0.0,0.0,0.0,92.68,
ERCOT,92.5,70,24,6,0,122,0.0,0.0,0.0,93.87,
ERCOT,92.5,30,21,49,0,117,0.0,0.0,0.0,93.8,
ERCOT,92.5,30,22,48,0,117,0.0,0.0,0.0,93.58,
ERCOT,92.5,30,23,47,0,117,0.0,0.0,0.0,93.31,
ERCOT,92.5,30,24,46,0,117,0.0,0.0,0.0,93.01,
ERCOT,92.5,31,19,50,0,112,0.0,0.0,0.0,92.64,
ERCOT,92.5,32,18,50,0,112,0.0,0.0,0.0,92.79,
ERCOT,92.5,33,17,50,0,112,0.0,0.0,0.0,92.91,
ERCOT,92.5,34,16,50,0,112,0.0,0.0,0.0,93.0,
ERCOT,92.5,36,4,60,0,117,0.0,0.0,0.0,92.61,
ERCOT,92.5,37,3,60,0,122,0.0,0.0,0.0,93.54,
ERCOT,92.5,38,2,60,0,122,0.0,0.0,0.0,93.26,
ERCOT,92.5,39,1,60,0,122,0.0,0.0,0.0,92.96,
