year,entity,plant_name,plant_id,generator_id,state,county,latitude,longitude,capacity_mw,heat_rate_mmbtu_mwh,fuel_type,prime_mover,online_year,age_years,capacity_factor,mwh_generated,fuel_consumed_mmbtu,co2_tons,nox_lbs,sox_lbs,revenue_per_mwh,vom_per_mwh,fuel_cost_per_mwh,profit_per_mwh,total_revenue_million,total_cost_million,total_profit_million,status
2025,"TPC Group, LLC",Texas Petrochemicals,50229,TG2,TX,Harris,29.6981,-95.2547,35.0,4.08,NG,ST,1972,53,0.9999,306565.0,1250785.0,113429.1,30656.5,3065.7,-43.41,3.5,14.28,-63.23,-13.31,6.08,-19.38,stranded
2025,University of Texas at Austin,Hal C Weaver Power Plant,50118,GEN10,TX,Travis,30.2867,-97.7356,34.4,4.19,NG,CT,2010,15,0.9999,301310.0,1262487.0,111484.6,30131.0,3013.1,3609.72,3.5,14.67,3589.52,1087.64,6.09,1081.56,operating
2025,University of Texas at Austin,Hal C Weaver Power Plant,50118,GEN4,TX,Travis,30.2867,-97.7356,7.6,4.19,NG,CA,1951,74,0.9999,66568.0,278922.0,24630.3,6656.8,665.7,3609.72,3.5,14.67,3589.52,240.29,1.34,238.95,operating
2025,University of Texas at Austin,Hal C Weaver Power Plant,50118,GEN5,TX,Travis,30.2867,-97.7356,6.0,4.19,NG,CA,1959,66,0.9999,52554.0,220201.0,19445.0,5255.4,525.5,3609.72,3.5,14.67,3589.52,189.71,1.06,188.64,operating
2025,University of Texas at Austin,Hal C Weaver Power Plant,50118,GEN7,TX,Travis,30.2867,-97.7356,28.8,4.19,NG,CA,1979,46,0.9999,252259.0,1056966.0,93335.9,25225.9,2522.6,3609.72,3.5,14.67,3589.52,910.59,5.1,905.49,operating
2025,University of Texas at Austin,Hal C Weaver Power Plant,50118,GEN8,TX,Travis,30.2867,-97.7356,48.5,4.19,NG,CT,1987,38,0.9999,424812.0,1779960.0,157180.3,42481.2,4248.1,3609.72,3.5,14.67,3589.52,1533.45,8.58,1524.87,operating
2025,University of Texas at Austin,Hal C Weaver Power Plant,50118,GEN9,TX,Travis,30.2867,-97.7356,27.2,4.19,NG,CA,2004,21,0.9999,238245.0,998246.0,88150.6,23824.5,2382.4,3609.72,3.5,14.67,3589.52,860.0,4.81,855.18,operating
2025,Ascend Performance Materials,Ascend Performance Materials Texas Inc.,10418,GEN1,TX,Brazoria,29.2558,-95.2103,6.0,4.24,NG,ST,1993,32,0.9999,52554.0,222829.0,19445.0,5255.4,525.5,-43.41,3.5,14.84,-63.79,-2.28,1.07,-3.35,stranded
2025,Ascend Performance Materials,Ascend Performance Materials Texas Inc.,10418,GEN4,TX,Brazoria,29.2558,-95.2103,46.1,4.24,NG,ST,2000,25,0.9999,403790.0,1712069.0,149402.3,40379.0,4037.9,-43.41,3.5,14.84,-63.79,-17.53,8.23,-25.76,stranded
2025,Air Liquide Large Industries U S LP,Bayou Cogen Plant,10298,GT1,TX,Harris,29.6225,-95.0458,79.6,3.93,NG,GT,2014,11,1.0,697296.0,2740373.0,383512.8,174324.0,6973.0,-43.41,5.0,13.76,-65.19,-30.27,15.19,-45.46,stranded
2025,Air Liquide Large Industries U S LP,Bayou Cogen Plant,10298,GT2,TX,Harris,29.6225,-95.0458,79.6,3.93,NG,GT,2016,9,1.0,697296.0,2740373.0,383512.8,174324.0,6973.0,-43.41,5.0,13.76,-65.19,-30.27,15.19,-45.46,stranded
2025,Air Liquide Large Industries U S LP,Bayou Cogen Plant,10298,GT3,TX,Harris,29.6225,-95.0458,79.6,3.93,NG,GT,2015,10,1.0,697296.0,2740373.0,383512.8,174324.0,6973.0,-43.41,5.0,13.76,-65.19,-30.27,15.19,-45.46,stranded
2025,Air Liquide Large Industries U S LP,Bayou Cogen Plant,10298,GT4,TX,Harris,29.6225,-95.0458,79.6,3.93,NG,GT,2015,10,1.0,697296.0,2740373.0,383512.8,174324.0,6973.0,-43.41,5.0,13.76,-65.19,-30.27,15.19,-45.46,stranded
2025,Formosa Plastics Corp,Formosa Utility Venture Ltd,10554,3ST1,TX,Calhoun,28.6917,-96.5417,40.0,4.95,NG,CA,2023,2,1.0,350400.0,1734480.0,129648.0,35040.0,3504.0,3609.72,3.5,17.32,3586.86,1264.85,8.01,1256.83,operating
2025,Formosa Plastics Corp,Formosa Utility Venture Ltd,10554,3TBG1,TX,Calhoun,28.6917,-96.5417,102.0,4.95,NG,CT,2023,2,1.0,893520.0,4422924.0,330602.4,89352.0,8935.2,3609.72,3.5,17.32,3586.86,3225.36,20.43,3204.93,operating
2025,Formosa Plastics Corp,Formosa Utility Venture Ltd,10554,3TBG2,TX,Calhoun,28.6917,-96.5417,102.0,4.95,NG,CT,2023,2,1.0,893520.0,4422924.0,330602.4,89352.0,8935.2,3609.72,3.5,17.32,3586.86,3225.36,20.43,3204.93,operating
2025,Formosa Plastics Corp,Formosa Utility Venture Ltd,10554,BO3,TX,Calhoun,28.6917,-96.5417,36.2,4.95,NG,CT,1987,38,0.9999,317076.0,1569525.0,117318.0,31707.6,3170.8,3609.72,3.5,17.32,3586.86,1144.55,7.25,1137.31,operating
2025,Formosa Plastics Corp,Formosa Utility Venture Ltd,10554,ST1,TX,Calhoun,28.6917,-96.5417,33.5,4.95,NG,CA,1994,31,0.9999,293426.0,1452461.0,108567.8,29342.7,2934.3,3609.72,3.5,17.32,3586.86,1059.19,6.71,1052.48,operating
2025,Formosa Plastics Corp,Formosa Utility Venture Ltd,10554,ST2,TX,Calhoun,28.6917,-96.5417,66.3,4.95,NG,CA,1994,31,0.9999,580722.0,2874572.0,214867.0,58072.2,5807.2,3609.72,3.5,17.32,3586.86,2096.24,13.28,2082.97,operating
2025,Formosa Plastics Corp,Formosa Utility Venture Ltd,10554,ST3,TX,Calhoun,28.6917,-96.5417,55.0,4.95,NG,CA,2002,23,0.9999,481745.0,2384638.0,178245.6,48174.5,4817.4,3609.72,3.5,17.32,3586.86,1738.96,11.01,1727.95,operating
2025,Formosa Plastics Corp,Formosa Utility Venture Ltd,10554,TBG1,TX,Calhoun,28.6917,-96.5417,82.5,4.95,NG,CT,1993,32,0.9999,722618.0,3576957.0,267368.5,72261.8,7226.2,3609.72,3.5,17.32,3586.86,2608.45,16.52,2591.92,operating
2025,Formosa Plastics Corp,Formosa Utility Venture Ltd,10554,TBG2,TX,Calhoun,28.6917,-96.5417,82.5,4.95,NG,CT,1993,32,0.9999,722618.0,3576957.0,267368.5,72261.8,7226.2,3609.72,3.5,17.32,3586.86,2608.45,16.52,2591.92,operating
2025,Formosa Plastics Corp,Formosa Utility Venture Ltd,10554,TBG3,TX,Calhoun,28.6917,-96.5417,82.5,4.95,NG,CT,1993,32,0.9999,722618.0,3576957.0,267368.5,72261.8,7226.2,3609.72,3.5,17.32,3586.86,2608.45,16.52,2591.92,operating
2025,Formosa Plastics Corp,Formosa Utility Venture Ltd,10554,TBG4,TX,Calhoun,28.6917,-96.5417,82.5,4.95,NG,CT,1994,31,0.9999,722618.0,3576957.0,267368.5,72261.8,7226.2,3609.72,3.5,17.32,3586.86,2608.45,16.52,2591.92,operating
2025,Formosa Plastics Corp,Formosa Utility Venture Ltd,10554,TBG5,TX,Calhoun,28.6917,-96.5417,82.5,4.95,NG,CT,1994,31,0.9999,722618.0,3576957.0,267368.5,72261.8,7226.2,3609.72,3.5,17.32,3586.86,2608.45,16.52,2591.92,operating
2025,Formosa Plastics Corp,Formosa Utility Venture Ltd,10554,TBG6,TX,Calhoun,28.6917,-96.5417,85.9,4.95,NG,CT,2003,22,0.9999,752398.0,3724371.0,278387.3,75239.8,7524.0,3609.72,3.5,17.32,3586.86,2715.95,17.2,2698.74,operating
2025,South Houston Green Power LLC,Green Power 2,55470,ST1,TX,Galveston,29.378097,-94.932773,110.0,4.97,NG,CA,2003,22,0.9999,963490.0,4788545.0,356491.3,96349.0,9634.9,-43.41,3.5,17.39,-66.34,-41.82,22.1,-63.92,stranded
2025,South Houston Green Power LLC,Green Power 2,55470,ST805,TX,Galveston,29.378097,-94.932773,250.0,4.97,NG,CA,2009,16,0.9999,2189750.0,10883058.0,810207.5,218975.0,21897.5,-43.41,3.5,17.39,-66.34,-95.05,50.22,-145.27,stranded
2025,South Houston Green Power LLC,Green Power 2,55470,TR1,TX,Galveston,29.378097,-94.932773,167.0,4.97,NG,CT,2003,22,0.9999,1462753.0,7269882.0,541218.6,146275.3,14627.5,-43.41,3.5,17.39,-66.34,-63.5,33.55,-97.04,stranded
2025,South Houston Green Power LLC,Green Power 2,55470,TR2,TX,Galveston,29.378097,-94.932773,167.0,4.97,NG,CT,2003,22,0.9999,1462753.0,7269882.0,541218.6,146275.3,14627.5,-43.41,3.5,17.39,-66.34,-63.5,33.55,-97.04,stranded
2025,South Houston Green Power LLC,Green Power 2,55470,TR3,TX,Galveston,29.378097,-94.932773,167.0,4.97,NG,CT,2003,22,0.9999,1462753.0,7269882.0,541218.6,146275.3,14627.5,-43.41,3.5,17.39,-66.34,-63.5,33.55,-97.04,stranded
2025,INEOS USA LLC,Power Island,10154,GEN1,TX,Brazoria,29.2293,-95.1952,41.0,4.39,NG,GT,1985,40,1.0,359160.0,1576712.0,197538.0,89790.0,3591.6,-43.41,5.0,15.36,-66.8,-15.59,8.4,-23.99,stranded
2025,INEOS USA LLC,Power Island,10154,GEN2,TX,Brazoria,29.2293,-95.1952,50.0,4.39,NG,GT,2020,5,1.0,438000.0,1922820.0,240900.0,109500.0,4380.0,-43.41,5.0,15.36,-66.8,-19.01,10.25,-29.26,stranded
2025,INEOS USA LLC,Power Island,10154,GEN3,TX,Brazoria,29.2293,-95.1952,50.0,4.39,NG,GT,2020,5,1.0,438000.0,1922820.0,240900.0,109500.0,4380.0,-43.41,5.0,15.36,-66.8,-19.01,10.25,-29.26,stranded
2025,"Texas A&M, Utilities & Energy Services",Central Utility Plant - Texas A&M,58151,GTG01,TX,Brazos,30.617778,-96.343333,34.1,5.12,NG,CT,2011,14,0.9999,298682.0,1529251.0,110512.3,29868.2,2986.8,-43.41,3.5,17.92,-66.87,-12.97,7.01,-19.97,stranded
2025,"Texas A&M, Utilities & Energy Services",Central Utility Plant - Texas A&M,58151,STG02,TX,Brazos,30.617778,-96.343333,11.0,5.12,NG,CA,2011,14,0.9999,96349.0,493307.0,35649.1,9634.9,963.5,-43.41,3.5,17.92,-66.87,-4.18,2.26,-6.44,stranded
2025,Ingleside Cogeneration LP,Ingleside Cogeneration,55313,CTG1,TX,San Patricio,27.882778,-97.242778,170.1,5.18,NG,CT,1999,26,0.9999,1489906.0,7717713.0,551265.2,148990.6,14899.1,3609.72,3.5,18.13,3586.05,5378.14,35.26,5342.88,operating
2025,Ingleside Cogeneration LP,Ingleside Cogeneration,55313,CTG2,TX,San Patricio,27.882778,-97.242778,170.1,5.18,NG,CT,1999,26,0.9999,1489906.0,7717713.0,551265.2,148990.6,14899.1,3609.72,3.5,18.13,3586.05,5378.14,35.26,5342.88,operating
2025,Ingleside Cogeneration LP,Ingleside Cogeneration,55313,STG,TX,San Patricio,27.882778,-97.242778,176.8,5.18,NG,CA,1999,26,0.9999,1548591.0,8021702.0,572978.7,154859.1,15485.9,3609.72,3.5,18.13,3586.05,5589.98,36.65,5553.33,operating
2025,Flint Hills Resources Corpus Christi LLC,Corpus Refinery,50026,FR6,TX,Nueces,27.8322,-97.5281,47.0,4.48,NG,GT,1988,37,1.0,411720.0,1844506.0,226446.0,102930.0,4117.2,3609.72,5.0,15.68,3586.01,1486.19,9.76,1476.43,operating
2025,Channel Energy Center LLC,Channel Energy Center LLC,55299,CTG1,TX,Harris,29.7189,-95.2319,215.0,5.21,NG,CT,2001,24,0.9999,1883185.0,9811394.0,696778.4,188318.5,18831.9,-43.41,3.5,18.23,-67.18,-81.75,44.77,-126.52,stranded
2025,Channel Energy Center LLC,Channel Energy Center LLC,55299,CTG2,TX,Harris,29.7189,-95.2319,215.0,5.21,NG,CT,2002,23,0.9999,1883185.0,9811394.0,696778.4,188318.5,18831.9,-43.41,3.5,18.23,-67.18,-81.75,44.77,-126.52,stranded
2025,Channel Energy Center LLC,Channel Energy Center LLC,55299,CTG3,TX,Harris,29.7189,-95.2319,208.8,5.21,NG,CT,2014,11,0.9999,1828879.0,9528461.0,676685.3,182887.9,18288.8,-43.41,3.5,18.23,-67.18,-79.39,43.48,-122.87,stranded
2025,Channel Energy Center LLC,Channel Energy Center LLC,55299,ST-1,TX,Harris,29.7189,-95.2319,285.0,5.21,NG,CA,2002,23,0.9999,2496315.0,13005801.0,923636.6,249631.5,24963.2,-43.41,3.5,18.23,-67.18,-108.36,59.35,-167.71,stranded
2025,Dow Hydrocarbons and Resources LLC,Freeport Energy Center,56152,CTG1,TX,Brazoria,28.988761,-95.395417,180.0,5.24,NG,CT,2007,18,0.9999,1576620.0,8261489.0,583349.4,157662.0,15766.2,-43.41,3.5,18.34,-67.29,-68.44,37.65,-106.09,stranded
2025,Dow Hydrocarbons and Resources LLC,Freeport Energy Center,56152,STG1,TX,Brazoria,28.988761,-95.395417,80.0,5.24,NG,CA,2007,18,0.9999,700720.0,3671773.0,259266.4,70072.0,7007.2,-43.41,3.5,18.34,-67.29,-30.42,16.73,-47.15,stranded
2025,Odyssey Operating Services,"Odyssey Energy Altura Cogen, LLC",50815,GEN1,TX,Harris,29.8161,-95.10773,84.9,5.26,NG,CT,1985,40,0.9999,743639.0,3911542.0,275146.5,74363.9,7436.4,-43.41,3.5,18.41,-67.36,-32.28,17.81,-50.09,stranded
2025,Odyssey Operating Services,"Odyssey Energy Altura Cogen, LLC",50815,GEN2,TX,Harris,29.8161,-95.10773,84.9,5.26,NG,CT,1985,40,0.9999,743639.0,3911542.0,275146.5,74363.9,7436.4,-43.41,3.5,18.41,-67.36,-32.28,17.81,-50.09,stranded
2025,Odyssey Operating Services,"Odyssey Energy Altura Cogen, LLC",50815,GEN3,TX,Harris,29.8161,-95.10773,84.9,5.26,NG,CT,1985,40,0.9999,743639.0,3911542.0,275146.5,74363.9,7436.4,-43.41,3.5,18.41,-67.36,-32.28,17.81,-50.09,stranded
2025,Odyssey Operating Services,"Odyssey Energy Altura Cogen, LLC",50815,GEN4,TX,Harris,29.8161,-95.10773,84.9,5.26,NG,CT,1986,39,0.9999,743639.0,3911542.0,275146.5,74363.9,7436.4,-43.41,3.5,18.41,-67.36,-32.28,17.81,-50.09,stranded
2025,Odyssey Operating Services,"Odyssey Energy Altura Cogen, LLC",50815,GEN5,TX,Harris,29.8161,-95.10773,84.9,5.26,NG,CT,1986,39,0.9999,743639.0,3911542.0,275146.5,74363.9,7436.4,-43.41,3.5,18.41,-67.36,-32.28,17.81,-50.09,stranded
2025,Odyssey Operating Services,"Odyssey Energy Altura Cogen, LLC",50815,GEN6,TX,Harris,29.8161,-95.10773,129.2,5.26,NG,CA,1986,39,0.9999,1131663.0,5952546.0,418715.2,113166.3,11316.6,-43.41,3.5,18.41,-67.36,-49.12,27.1,-76.23,stranded
2025,Odyssey Operating Services,"Odyssey Energy Altura Cogen, LLC",50815,GEN7,TX,Harris,29.8161,-95.10773,89.9,5.26,NG,CT,1995,30,0.9999,787434.0,4141903.0,291350.6,78743.4,7874.3,-43.41,3.5,18.41,-67.36,-34.18,18.86,-53.04,stranded
2025,Targa Co-Generation LLC,Mont Belvieu Cogeneration Unit,57322,GT01,TX,Chambers,29.838138,-94.900661,15.0,4.58,NG,GT,2009,16,1.0,131400.0,601812.0,72270.0,32850.0,1314.0,-43.41,5.0,16.03,-67.47,-5.7,3.16,-8.86,stranded
2025,Exxon Mobil Refining and Supply Co.,ExxonMobil Baytown Refinery,10436,GT38,TX,Harris,29.753517,-94.997277,45.7,4.67,NG,GT,1989,36,1.0,400332.0,1869550.0,220182.6,100083.0,4003.3,-43.41,5.0,16.34,-67.78,-17.38,9.76,-27.13,stranded
2025,Exxon Mobil Refining and Supply Co.,ExxonMobil Baytown Refinery,10436,GT41,TX,Harris,29.753517,-94.997277,27.6,4.67,NG,GT,1977,48,1.0,241776.0,1129094.0,132976.8,60444.0,2417.8,-43.41,5.0,16.34,-67.78,-10.5,5.89,-16.39,stranded
2025,Exxon Mobil Refining and Supply Co.,ExxonMobil Baytown Refinery,10436,GT42,TX,Harris,29.753517,-94.997277,27.6,4.67,NG,GT,1977,48,1.0,241776.0,1129094.0,132976.8,60444.0,2417.8,-43.41,5.0,16.34,-67.78,-10.5,5.89,-16.39,stranded
2025,Exxon Mobil Refining and Supply Co.,ExxonMobil Baytown Refinery,10436,GT43,TX,Harris,29.753517,-94.997277,27.6,4.67,NG,GT,1977,48,1.0,241776.0,1129094.0,132976.8,60444.0,2417.8,-43.41,5.0,16.34,-67.78,-10.5,5.89,-16.39,stranded
2025,Exxon Mobil Refining and Supply Co.,ExxonMobil Baytown Refinery,10436,GT44,TX,Harris,29.753517,-94.997277,27.6,4.67,NG,GT,1977,48,1.0,241776.0,1129094.0,132976.8,60444.0,2417.8,-43.41,5.0,16.34,-67.78,-10.5,5.89,-16.39,stranded
2025,Exxon Mobil Refining and Supply Co.,ExxonMobil Baytown Refinery,10436,GT45,TX,Harris,29.753517,-94.997277,45.7,4.67,NG,GT,1988,37,1.0,400332.0,1869550.0,220182.6,100083.0,4003.3,-43.41,5.0,16.34,-67.78,-17.38,9.76,-27.13,stranded
2025,Corpus Christi Cogeneration LLC,Corpus Christi Energy Center,55206,CT1,TX,Nueces,27.8139,-97.4283,198.9,5.57,NG,CT,2002,23,0.9999,1742165.0,9703860.0,644601.1,174216.5,17421.7,3609.72,3.5,19.5,3584.69,6288.73,43.61,6245.11,operating
2025,Corpus Christi Cogeneration LLC,Corpus Christi Energy Center,55206,CT2,TX,Nueces,27.8139,-97.4283,198.9,5.57,NG,CT,2002,23,0.9999,1742165.0,9703860.0,644601.1,174216.5,17421.7,3609.72,3.5,19.5,3584.69,6288.73,43.61,6245.11,operating
2025,Corpus Christi Cogeneration LLC,Corpus Christi Energy Center,55206,ST1,TX,Nueces,27.8139,-97.4283,195.5,5.57,NG,CA,2002,23,0.9999,1712384.0,9537982.0,633582.3,171238.5,17123.8,3609.72,3.5,19.5,3584.69,6181.23,42.87,6138.36,operating
2025,BASF Corporation,BASF Freeport Works,55311,GEN1,TX,Brazoria,29.002,-95.394,81.0,4.89,NG,GT,1999,26,1.0,709560.0,3469748.0,390258.0,177390.0,7095.6,-43.41,5.0,17.11,-68.55,-30.8,17.84,-48.64,stranded
2025,Invista,Victoria Texas Plant,10790,GEN1,TX,Victoria,28.675088,-96.956014,102.4,4.9,NG,GT,1987,38,1.0,897024.0,4395418.0,493363.2,224256.0,8970.2,3609.72,5.0,17.15,3584.54,3238.01,22.58,3215.42,operating
2025,Exxon Mobil Refining and Supply Co.,ExxonMobil Baytown Turbine,10692,GEN1,TX,Harris,29.759124,-95.009648,39.7,4.9,NG,GT,1989,36,1.0,347772.0,1704083.0,191274.6,86943.0,3477.7,-43.41,5.0,17.15,-68.59,-15.1,8.76,-23.85,stranded
2025,Exxon Mobil Refining and Supply Co.,ExxonMobil Baytown Turbine,10692,GEN2,TX,Harris,29.759124,-95.009648,39.7,4.9,NG,GT,1989,36,1.0,347772.0,1704083.0,191274.6,86943.0,3477.7,-43.41,5.0,17.15,-68.59,-15.1,8.76,-23.85,stranded
2025,Exxon Mobil Refining and Supply Co.,ExxonMobil Baytown Turbine,10692,GEN3,TX,Harris,29.759124,-95.009648,39.7,4.9,NG,GT,1989,36,1.0,347772.0,1704083.0,191274.6,86943.0,3477.7,-43.41,5.0,17.15,-68.59,-15.1,8.76,-23.85,stranded
2025,Exxon Mobil Refining and Supply Co.,ExxonMobil Baytown Turbine,10692,GEN4,TX,Harris,29.759124,-95.009648,98.9,4.9,NG,GT,1997,28,1.0,866364.0,4245184.0,476500.2,216591.0,8663.6,-43.41,5.0,17.15,-68.59,-37.61,21.81,-59.42,stranded
2025,Exxon Mobil Refining and Supply Co.,ExxonMobil Baytown Turbine,10692,GEN5,TX,Harris,29.759124,-95.009648,163.8,4.9,NG,GT,2004,21,1.0,1434888.0,7030951.0,789188.4,358722.0,14348.9,-43.41,5.0,17.15,-68.59,-62.29,36.13,-98.41,stranded
2025,Rice University,Rice University,50054,GEN1,TX,Harris,29.721048,-95.39536,3.1,4.9,NG,GT,1986,39,1.0,27156.0,133064.0,14935.8,6789.0,271.6,-43.41,5.0,17.15,-68.59,-1.18,0.68,-1.86,stranded
2025,Rice University,Rice University,50054,GEN2,TX,Harris,29.721048,-95.39536,3.8,4.9,NG,GT,1989,36,1.0,33288.0,163111.0,18308.4,8322.0,332.9,-43.41,5.0,17.15,-68.59,-1.44,0.84,-2.28,stranded
2025,Oxy Vinyls LP,Houston Chemical Complex Battleground,50043,GT1,TX,Harris,29.7314,-95.0839,104.2,5.65,NG,CT,1982,43,0.9999,912688.0,5156686.0,337694.5,91268.8,9126.9,-43.41,3.5,19.78,-68.72,-39.62,23.1,-62.72,stranded
2025,Oxy Vinyls LP,Houston Chemical Complex Battleground,50043,GT2,TX,Harris,29.7314,-95.0839,104.2,5.65,NG,CT,1982,43,0.9999,912688.0,5156686.0,337694.5,91268.8,9126.9,-43.41,3.5,19.78,-68.72,-39.62,23.1,-62.72,stranded
2025,Oxy Vinyls LP,Houston Chemical Complex Battleground,50043,GT3,TX,Harris,29.7314,-95.0839,84.9,5.65,NG,CT,2005,20,0.9999,743639.0,4201561.0,275146.5,74363.9,7436.4,-43.41,3.5,19.78,-68.72,-32.28,18.82,-51.1,stranded
2025,Oxy Vinyls LP,Houston Chemical Complex Battleground,50043,ST,TX,Harris,29.7314,-95.0839,87.4,5.65,NG,CA,1982,43,0.9999,765537.0,4325282.0,283248.5,76553.7,7655.4,-43.41,3.5,19.78,-68.72,-33.23,19.38,-52.61,stranded
2025,South Houston Green Power LLC,Power Station 4,52132,GEN1,TX,Galveston,29.378164,-94.92195,78.2,5.83,NG,CT,1986,39,0.9999,684954.0,3993281.0,253432.9,68495.4,6849.5,-43.41,3.5,20.41,-69.35,-29.73,17.77,-47.5,stranded
2025,South Houston Green Power LLC,Power Station 4,52132,GEN2,TX,Galveston,29.378164,-94.92195,78.2,5.83,NG,CT,1986,39,0.9999,684954.0,3993281.0,253432.9,68495.4,6849.5,-43.41,3.5,20.41,-69.35,-29.73,17.77,-47.5,stranded
2025,South Houston Green Power LLC,Power Station 4,52132,GEN3,TX,Galveston,29.378164,-94.92195,34.7,5.83,NG,CA,1986,39,0.9999,303937.0,1771954.0,112456.8,30393.7,3039.4,-43.41,3.5,20.41,-69.35,-13.19,7.89,-21.08,stranded
2025,Texas City Cogeneration LLC,Texas City Power Plant,52088,GEN1,TX,Galveston,29.378697,-94.943829,141.0,5.94,NG,CA,1987,38,0.9999,1235019.0,7336013.0,456957.0,123501.9,12350.2,-43.41,3.5,20.79,-69.74,-53.61,32.52,-86.13,stranded
2025,Texas City Cogeneration LLC,Texas City Power Plant,52088,GEN2,TX,Galveston,29.378697,-94.943829,103.0,5.94,NG,CT,1987,38,0.9999,902177.0,5358931.0,333805.5,90217.7,9021.8,-43.41,3.5,20.79,-69.74,-39.16,23.75,-62.92,stranded
2025,Texas City Cogeneration LLC,Texas City Power Plant,52088,GEN3,TX,Galveston,29.378697,-94.943829,103.0,5.94,NG,CT,1987,38,0.9999,902177.0,5358931.0,333805.5,90217.7,9021.8,-43.41,3.5,20.79,-69.74,-39.16,23.75,-62.92,stranded
2025,Texas City Cogeneration LLC,Texas City Power Plant,52088,GEN4,TX,Galveston,29.378697,-94.943829,103.0,5.94,NG,CT,1987,38,0.9999,902177.0,5358931.0,333805.5,90217.7,9021.8,-43.41,3.5,20.79,-69.74,-39.16,23.75,-62.92,stranded
2025,Olin Blue Cube Operations,Freeport Energy,52120,G-61,TX,Brazoria,28.991289,-95.407481,94.5,5.96,NG,CT,1982,43,0.9999,827726.0,4933244.0,306258.4,82772.6,8277.3,-43.41,3.5,20.86,-69.81,-35.93,21.85,-57.78,stranded
2025,Olin Blue Cube Operations,Freeport Energy,52120,G-63,TX,Brazoria,28.991289,-95.407481,94.5,5.96,NG,CT,1982,43,0.9999,827726.0,4933244.0,306258.4,82772.6,8277.3,-43.41,3.5,20.86,-69.81,-35.93,21.85,-57.78,stranded
2025,Olin Blue Cube Operations,Freeport Energy,52120,G-64,TX,Brazoria,28.991289,-95.407481,64.8,5.96,NG,CA,1982,43,0.9999,567583.0,3382796.0,210005.8,56758.3,5675.8,-43.41,3.5,20.86,-69.81,-24.64,14.98,-39.62,stranded
2025,Olin Blue Cube Operations,Freeport Energy,52120,G-65,TX,Brazoria,28.991289,-95.407481,111.3,5.96,NG,CA,1984,41,0.9999,974877.0,5810265.0,360704.4,97487.7,9748.8,-43.41,3.5,20.86,-69.81,-42.32,25.74,-68.05,stranded
2025,Olin Blue Cube Operations,Freeport Energy,52120,G-66,TX,Brazoria,28.991289,-95.407481,119.0,5.96,NG,CT,1983,42,0.9999,1042321.0,6212233.0,385658.8,104232.1,10423.2,-43.41,3.5,20.86,-69.81,-45.25,27.52,-72.76,stranded
2025,Olin Blue Cube Operations,Freeport Energy,52120,G-67,TX,Brazoria,28.991289,-95.407481,119.0,5.96,NG,CT,1984,41,0.9999,1042321.0,6212233.0,385658.8,104232.1,10423.2,-43.41,3.5,20.86,-69.81,-45.25,27.52,-72.76,stranded
2025,Texas Medical Center Central,TECO CHP-1,57504,CHP1,TX,Harris,29.703454,-95.398317,48.0,5.32,NG,GT,2010,15,1.0,420480.0,2236954.0,231264.0,105120.0,4204.8,-43.41,5.0,18.62,-70.06,-18.25,11.2,-29.46,stranded
2025,Texas Medical Center Central,TECO CHP-1,57504,GTG2,TX,Harris,29.703454,-95.398317,50.0,5.32,NG,GT,2024,1,1.0,438000.0,2330160.0,240900.0,109500.0,4380.0,-43.41,5.0,18.62,-70.06,-19.01,11.67,-30.68,stranded
2025,Sweeny Cogeneration LLC,Sweeny Cogen Facility,55015,GEN1,TX,Brazoria,29.0728,-95.745,143.0,5.41,NG,GT,1997,28,1.0,1252680.0,6776999.0,688974.0,313170.0,12526.8,-43.41,5.0,18.94,-70.37,-54.38,33.77,-88.15,stranded
2025,Sweeny Cogeneration LLC,Sweeny Cogen Facility,55015,GEN2,TX,Brazoria,29.0728,-95.745,143.0,5.41,NG,GT,1997,28,1.0,1252680.0,6776999.0,688974.0,313170.0,12526.8,-43.41,5.0,18.94,-70.37,-54.38,33.77,-88.15,stranded
2025,Sweeny Cogeneration LLC,Sweeny Cogen Facility,55015,GEN3,TX,Brazoria,29.0728,-95.745,143.0,5.41,NG,GT,1997,28,1.0,1252680.0,6776999.0,688974.0,313170.0,12526.8,-43.41,5.0,18.94,-70.37,-54.38,33.77,-88.15,stranded
2025,Sweeny Cogeneration LLC,Sweeny Cogen Facility,55015,GEN4,TX,Brazoria,29.0728,-95.745,143.0,5.41,NG,GT,2000,25,1.0,1252680.0,6776999.0,688974.0,313170.0,12526.8,-43.41,5.0,18.94,-70.37,-54.38,33.77,-88.15,stranded
2025,EIF Channelview Cogeneration LLC,Channelview Cogeneration Plant,55187,GT1,TX,Harris,29.836952,-95.121744,192.1,6.15,NG,CT,2002,23,0.9999,1682604.0,10348014.0,622563.4,168260.4,16826.0,-43.41,3.5,21.53,-70.47,-73.04,45.54,-118.58,stranded
2025,EIF Channelview Cogeneration LLC,Channelview Cogeneration Plant,55187,GT2,TX,Harris,29.836952,-95.121744,192.1,6.15,NG,CT,2002,23,0.9999,1682604.0,10348014.0,622563.4,168260.4,16826.0,-43.41,3.5,21.53,-70.47,-73.04,45.54,-118.58,stranded
2025,EIF Channelview Cogeneration LLC,Channelview Cogeneration Plant,55187,GT3,TX,Harris,29.836952,-95.121744,192.1,6.15,NG,CT,2002,23,0.9999,1682604.0,10348014.0,622563.4,168260.4,16826.0,-43.41,3.5,21.53,-70.47,-73.04,45.54,-118.58,stranded
2025,EIF Channelview Cogeneration LLC,Channelview Cogeneration Plant,55187,GT4,TX,Harris,29.836952,-95.121744,192.1,6.15,NG,CT,2001,24,0.9999,1682604.0,10348014.0,622563.4,168260.4,16826.0,-43.41,3.5,21.53,-70.47,-73.04,45.54,-118.58,stranded
2025,EIF Channelview Cogeneration LLC,Channelview Cogeneration Plant,55187,ST1,TX,Harris,29.836952,-95.121744,149.9,6.15,NG,CA,2002,23,0.9999,1312974.0,8074791.0,485800.4,131297.4,13129.7,-43.41,3.5,21.53,-70.47,-56.99,35.53,-92.53,stranded
2025,Dow Chemical Company-Oyster Creek VIII,Oyster Creek Unit VIII,54676,G81,TX,Brazoria,28.9802,-95.342,99.0,6.28,NG,CT,1994,31,0.9999,867141.0,5445645.0,320842.2,86714.1,8671.4,-43.41,3.5,21.98,-70.93,-37.64,23.86,-61.5,stranded
2025,Dow Chemical Company-Oyster Creek VIII,Oyster Creek Unit VIII,54676,G82,TX,Brazoria,28.9802,-95.342,99.0,6.28,NG,CT,1994,31,0.9999,867141.0,5445645.0,320842.2,86714.1,8671.4,-43.41,3.5,21.98,-70.93,-37.64,23.86,-61.5,stranded
2025,Dow Chemical Company-Oyster Creek VIII,Oyster Creek Unit VIII,54676,G83,TX,Brazoria,28.9802,-95.342,99.0,6.28,NG,CT,1994,31,0.9999,867141.0,5445645.0,320842.2,86714.1,8671.4,-43.41,3.5,21.98,-70.93,-37.64,23.86,-61.5,stranded
2025,Dow Chemical Company-Oyster Creek VIII,Oyster Creek Unit VIII,54676,G84,TX,Brazoria,28.9802,-95.342,200.9,6.28,NG,CA,1994,31,0.9999,1759683.0,11050810.0,651082.7,175968.3,17596.8,-43.41,3.5,21.98,-70.93,-76.39,48.42,-124.81,stranded
2025,Deer Park Energy Center,Deer Park Energy Center,55464,CTG1,TX,Harris,29.713414,-95.134508,180.0,6.5,NG,CT,2003,22,0.9999,1576620.0,10248030.0,583349.4,157662.0,15766.2,-43.41,3.5,22.75,-71.7,-68.44,44.6,-113.04,stranded
2025,Deer Park Energy Center,Deer Park Energy Center,55464,CTG2,TX,Harris,29.713414,-95.134508,180.0,6.5,NG,CT,2003,22,0.9999,1576620.0,10248030.0,583349.4,157662.0,15766.2,-43.41,3.5,22.75,-71.7,-68.44,44.6,-113.04,stranded
2025,Deer Park Energy Center,Deer Park Energy Center,55464,CTG3,TX,Harris,29.713414,-95.134508,180.0,6.5,NG,CT,2004,21,0.9999,1576620.0,10248030.0,583349.4,157662.0,15766.2,-43.41,3.5,22.75,-71.7,-68.44,44.6,-113.04,stranded
2025,Deer Park Energy Center,Deer Park Energy Center,55464,CTG4,TX,Harris,29.713414,-95.134508,180.0,6.5,NG,CT,2004,21,0.9999,1576620.0,10248030.0,583349.4,157662.0,15766.2,-43.41,3.5,22.75,-71.7,-68.44,44.6,-113.04,stranded
2025,Deer Park Energy Center,Deer Park Energy Center,55464,CTG6,TX,Harris,29.713414,-95.134508,180.0,6.5,NG,CT,2014,11,0.9999,1576620.0,10248030.0,583349.4,157662.0,15766.2,-43.41,3.5,22.75,-71.7,-68.44,44.6,-113.04,stranded
2025,Deer Park Energy Center,Deer Park Energy Center,55464,STG1,TX,Harris,29.713414,-95.134508,276.0,6.5,NG,CA,2004,21,0.9999,2417484.0,15713646.0,894469.1,241748.4,24174.8,-43.41,3.5,22.75,-71.7,-104.94,68.39,-173.33,stranded
2025,Baytown Energy Center LLC,Baytown Energy Center,55327,CTG1,TX,Chambers,29.7731,-94.9019,219.3,6.66,NG,CT,2002,23,0.9999,1920849.0,12792852.0,710714.0,192084.9,19208.5,-43.41,3.5,23.31,-72.26,-83.38,55.41,-138.8,stranded
2025,Baytown Energy Center LLC,Baytown Energy Center,55327,CTG2,TX,Chambers,29.7731,-94.9019,219.3,6.66,NG,CT,2002,23,0.9999,1920849.0,12792852.0,710714.0,192084.9,19208.5,-43.41,3.5,23.31,-72.26,-83.38,55.41,-138.8,stranded
2025,Baytown Energy Center LLC,Baytown Energy Center,55327,CTG3,TX,Chambers,29.7731,-94.9019,219.3,6.66,NG,CT,2002,23,0.9999,1920849.0,12792852.0,710714.0,192084.9,19208.5,-43.41,3.5,23.31,-72.26,-83.38,55.41,-138.8,stranded
2025,Baytown Energy Center LLC,Baytown Energy Center,55327,STG1,TX,Chambers,29.7731,-94.9019,275.0,6.66,NG,CA,2002,23,0.9999,2408725.0,16042108.0,891228.2,240872.5,24087.2,-43.41,3.5,23.31,-72.26,-104.56,69.49,-174.05,stranded
2025,Lower Colorado River Authority,Thomas C Ferguson,4937,CT-1,TX,Llano,30.558,-98.3721,185.3,6.71,NG,CT,2014,11,0.9999,1623043.0,10890617.0,600525.8,162304.3,16230.4,3609.72,3.5,23.48,3580.7,5858.73,47.11,5811.62,operating
2025,Lower Colorado River Authority,Thomas C Ferguson,4937,CT-2,TX,Llano,30.558,-98.3721,185.3,6.71,NG,CT,2014,11,0.9999,1623043.0,10890617.0,600525.8,162304.3,16230.4,3609.72,3.5,23.48,3580.7,5858.73,47.11,5811.62,operating
2025,Lower Colorado River Authority,Thomas C Ferguson,4937,STG,TX,Llano,30.558,-98.3721,204.0,6.71,NG,CA,2014,11,0.9999,1786836.0,11989670.0,661129.3,178683.6,17868.4,3609.72,3.5,23.48,3580.7,6449.98,51.86,6398.12,operating
2025,"Constellation Power, Inc",Colorado Bend II,60122,CT7,TX,Wharton,29.289415,-96.065399,360.9,6.8,NG,CT,2017,8,1.0,3161484.0,21498091.0,1169749.1,316148.4,31614.8,-43.41,3.5,23.8,-72.75,-137.24,92.75,-229.99,stranded
2025,"Constellation Power, Inc",Colorado Bend II,60122,CT8,TX,Wharton,29.289415,-96.065399,360.9,6.8,NG,CT,2017,8,1.0,3161484.0,21498091.0,1169749.1,316148.4,31614.8,-43.41,3.5,23.8,-72.75,-137.24,92.75,-229.99,stranded
2025,"Constellation Power, Inc",Colorado Bend II,60122,STG9,TX,Wharton,29.289415,-96.065399,508.5,6.8,NG,CA,2017,8,1.0,4454460.0,30290328.0,1648150.2,445446.0,44544.6,-43.41,3.5,23.8,-72.75,-193.36,130.68,-324.05,stranded
2025,"Constellation Power, Inc",Wolf Hollow II,59812,CGT4,TX,Hood,32.337679,-97.734612,360.0,6.87,NG,CT,2017,8,1.0,3153600.0,21665232.0,1166832.0,315360.0,31536.0,-41.82,3.5,24.05,-71.41,-131.9,93.29,-225.19,stranded
2025,"Constellation Power, Inc",Wolf Hollow II,59812,CGT5,TX,Hood,32.337679,-97.734612,360.0,6.87,NG,CT,2017,8,1.0,3153600.0,21665232.0,1166832.0,315360.0,31536.0,-41.82,3.5,24.05,-71.41,-131.9,93.29,-225.19,stranded
2025,"Constellation Power, Inc",Wolf Hollow II,59812,STG6,TX,Hood,32.337679,-97.734612,511.2,6.87,NG,CA,2017,8,1.0,4478112.0,30764629.0,1656901.4,447811.2,44781.1,-41.82,3.5,24.05,-71.41,-187.29,132.48,-319.77,stranded
2025,City of San Antonio - (TX),Arthur Von Rosenberg,7512,1,TX,Bexar,29.257046,-98.384045,187.5,6.89,NG,CT,2000,25,0.9999,1642312.0,11315533.0,607655.6,164231.2,16423.1,3609.72,3.5,24.11,3580.07,5928.29,48.7,5879.59,operating
2025,City of San Antonio - (TX),Arthur Von Rosenberg,7512,2,TX,Bexar,29.257046,-98.384045,187.5,6.89,NG,CT,2000,25,0.9999,1642312.0,11315533.0,607655.6,164231.2,16423.1,3609.72,3.5,24.11,3580.07,5928.29,48.7,5879.59,operating
2025,City of San Antonio - (TX),Arthur Von Rosenberg,7512,3,TX,Bexar,29.257046,-98.384045,200.0,6.89,NG,CA,2000,25,0.9999,1751800.0,12069902.0,648166.0,175180.0,17518.0,3609.72,3.5,24.11,3580.07,6323.51,51.95,6271.56,operating
2025,LaFrontera Holdings LLC,Odessa-Ector Power Plant,55215,CTG1,TX,Ector,31.8403,-102.3264,176.0,6.92,NG,CT,2001,24,0.9999,1541584.0,10667761.0,570386.1,154158.4,15415.8,2348.0,3.5,24.22,2318.24,3619.64,45.88,3573.76,operating
2025,LaFrontera Holdings LLC,Odessa-Ector Power Plant,55215,CTG2,TX,Ector,31.8403,-102.3264,176.0,6.92,NG,CT,2001,24,0.9999,1541584.0,10667761.0,570386.1,154158.4,15415.8,2348.0,3.5,24.22,2318.24,3619.64,45.88,3573.76,operating
2025,LaFrontera Holdings LLC,Odessa-Ector Power Plant,55215,CTG3,TX,Ector,31.8403,-102.3264,176.0,6.92,NG,CT,2001,24,0.9999,1541584.0,10667761.0,570386.1,154158.4,15415.8,2348.0,3.5,24.22,2318.24,3619.64,45.88,3573.76,operating
2025,LaFrontera Holdings LLC,Odessa-Ector Power Plant,55215,CTG4,TX,Ector,31.8403,-102.3264,176.0,6.92,NG,CT,2001,24,0.9999,1541584.0,10667761.0,570386.1,154158.4,15415.8,2348.0,3.5,24.22,2318.24,3619.64,45.88,3573.76,operating
2025,LaFrontera Holdings LLC,Odessa-Ector Power Plant,55215,STG1,TX,Ector,31.8403,-102.3264,224.4,6.92,NG,CA,2001,24,0.9999,1965520.0,13601396.0,727242.3,196552.0,19655.2,2348.0,3.5,24.22,2318.24,4615.03,58.49,4556.54,operating
2025,LaFrontera Holdings LLC,Odessa-Ector Power Plant,55215,STG2,TX,Ector,31.8403,-102.3264,224.4,6.92,NG,CA,2001,24,0.9999,1965520.0,13601396.0,727242.3,196552.0,19655.2,2348.0,3.5,24.22,2318.24,4615.03,58.49,4556.54,operating
2025,"Silicon Hills Campus, LLC",Central Utility Plant,10184,TG1,TX,Travis,30.397351,-97.842586,2.3,7.0,NG,ST,1988,37,0.9999,20146.0,141020.0,7453.9,2014.6,201.5,3609.72,3.5,24.5,3579.68,72.72,0.61,72.12,operating
2025,Freestone Power Generation LLC,Freestone Energy Center,55226,GT1,TX,Freestone,31.8907,-96.1131,166.7,7.04,NG,CT,2002,23,0.9999,1460125.0,10279282.0,540246.4,146012.5,14601.3,-41.82,3.5,24.64,-72.0,-61.07,44.07,-105.13,stranded
2025,Freestone Power Generation LLC,Freestone Energy Center,55226,GT2,TX,Freestone,31.8907,-96.1131,166.7,7.04,NG,CT,2002,23,0.9999,1460125.0,10279282.0,540246.4,146012.5,14601.3,-41.82,3.5,24.64,-72.0,-61.07,44.07,-105.13,stranded
2025,Freestone Power Generation LLC,Freestone Energy Center,55226,GT3,TX,Freestone,31.8907,-96.1131,166.7,7.04,NG,CT,2002,23,0.9999,1460125.0,10279282.0,540246.4,146012.5,14601.3,-41.82,3.5,24.64,-72.0,-61.07,44.07,-105.13,stranded
2025,Freestone Power Generation LLC,Freestone Energy Center,55226,GT4,TX,Freestone,31.8907,-96.1131,166.7,7.04,NG,CT,2002,23,0.9999,1460125.0,10279282.0,540246.4,146012.5,14601.3,-41.82,3.5,24.64,-72.0,-61.07,44.07,-105.13,stranded
2025,Freestone Power Generation LLC,Freestone Energy Center,55226,ST3,TX,Freestone,31.8907,-96.1131,184.6,7.04,NG,CA,2002,23,0.9999,1616911.0,11383056.0,598257.2,161691.1,16169.1,-41.82,3.5,24.64,-72.0,-67.63,48.8,-116.42,stranded
2025,Freestone Power Generation LLC,Freestone Energy Center,55226,ST6,TX,Freestone,31.8907,-96.1131,184.6,7.04,NG,CA,2002,23,0.9999,1616911.0,11383056.0,598257.2,161691.1,16169.1,-41.82,3.5,24.64,-72.0,-67.63,48.8,-116.42,stranded
2025,LaFrontera Holdings LLC,Lamar Power Project,55097,CTG1,TX,Lamar,33.6308,-95.59,176.0,7.05,NG,CT,2000,25,0.9999,1541584.0,10868167.0,570386.1,154158.4,15415.8,-41.82,3.5,24.68,-72.04,-64.48,46.58,-111.05,stranded
2025,LaFrontera Holdings LLC,Lamar Power Project,55097,CTG2,TX,Lamar,33.6308,-95.59,176.0,7.05,NG,CT,2000,25,0.9999,1541584.0,10868167.0,570386.1,154158.4,15415.8,-41.82,3.5,24.68,-72.04,-64.48,46.58,-111.05,stranded
2025,LaFrontera Holdings LLC,Lamar Power Project,55097,CTG3,TX,Lamar,33.6308,-95.59,176.0,7.05,NG,CT,2000,25,0.9999,1541584.0,10868167.0,570386.1,154158.4,15415.8,-41.82,3.5,24.68,-72.04,-64.48,46.58,-111.05,stranded
2025,LaFrontera Holdings LLC,Lamar Power Project,55097,CTG4,TX,Lamar,33.6308,-95.59,176.0,7.05,NG,CT,2000,25,0.9999,1541584.0,10868167.0,570386.1,154158.4,15415.8,-41.82,3.5,24.68,-72.04,-64.48,46.58,-111.05,stranded
2025,LaFrontera Holdings LLC,Lamar Power Project,55097,STG1,TX,Lamar,33.6308,-95.59,204.3,7.05,NG,CA,2000,25,0.9999,1789464.0,12615719.0,662101.6,178946.4,17894.6,-41.82,3.5,24.68,-72.04,-74.84,54.07,-128.91,stranded
2025,LaFrontera Holdings LLC,Lamar Power Project,55097,STG2,TX,Lamar,33.6308,-95.59,204.3,7.05,NG,CA,2000,25,0.9999,1789464.0,12615719.0,662101.6,178946.4,17894.6,-41.82,3.5,24.68,-72.04,-74.84,54.07,-128.91,stranded
2025,Guadalupe Power Partners LP,Guadalupe Generating Station,55153,CTG1,TX,Guadalupe,29.6244,-98.1419,171.1,7.07,NG,CT,2000,25,0.9999,1498665.0,10595561.0,554506.0,149866.5,14986.6,3609.72,3.5,24.75,3579.44,5409.76,45.39,5364.38,operating
2025,Guadalupe Power Partners LP,Guadalupe Generating Station,55153,CTG2,TX,Guadalupe,29.6244,-98.1419,171.1,7.07,NG,CT,2000,25,0.9999,1498665.0,10595561.0,554506.0,149866.5,14986.6,3609.72,3.5,24.75,3579.44,5409.76,45.39,5364.38,operating
2025,Guadalupe Power Partners LP,Guadalupe Generating Station,55153,CTG3,TX,Guadalupe,29.6244,-98.1419,171.1,7.07,NG,CT,2000,25,0.9999,1498665.0,10595561.0,554506.0,149866.5,14986.6,3609.72,3.5,24.75,3579.44,5409.76,45.39,5364.38,operating
2025,Guadalupe Power Partners LP,Guadalupe Generating Station,55153,CTG4,TX,Guadalupe,29.6244,-98.1419,171.1,7.07,NG,CT,2000,25,0.9999,1498665.0,10595561.0,554506.0,149866.5,14986.6,3609.72,3.5,24.75,3579.44,5409.76,45.39,5364.38,operating
2025,Guadalupe Power Partners LP,Guadalupe Generating Station,55153,STG1,TX,Guadalupe,29.6244,-98.1419,201.9,7.07,NG,CA,2000,25,0.9999,1768442.0,12502886.0,654323.6,176844.2,17684.4,3609.72,3.5,24.75,3579.44,6383.58,53.56,6330.03,operating
2025,Guadalupe Power Partners LP,Guadalupe Generating Station,55153,STG2,TX,Guadalupe,29.6244,-98.1419,201.9,7.07,NG,CA,2000,25,0.9999,1768442.0,12502886.0,654323.6,176844.2,17684.4,3609.72,3.5,24.75,3579.44,6383.58,53.56,6330.03,operating
2025,Wise County Power Company LLC,Wise County Power LLC,55320,GT1,TX,Wise,33.0583,-97.9103,261.0,7.07,NG,CT,2004,21,0.9999,2286099.0,16162720.0,845856.6,228609.9,22861.0,-41.82,3.5,24.75,-72.11,-95.61,69.23,-164.85,stranded
2025,Wise County Power Company LLC,Wise County Power LLC,55320,GT2,TX,Wise,33.0583,-97.9103,261.0,7.07,NG,CT,2004,21,0.9999,2286099.0,16162720.0,845856.6,228609.9,22861.0,-41.82,3.5,24.75,-72.11,-95.61,69.23,-164.85,stranded
2025,Wise County Power Company LLC,Wise County Power LLC,55320,ST1,TX,Wise,33.0583,-97.9103,299.7,7.07,NG,CA,2004,21,0.9999,2625072.0,18559261.0,971276.8,262507.2,26250.7,-41.82,3.5,24.75,-72.11,-109.79,79.5,-189.29,stranded
2025,Temple Generation Holdings LLC,Temple Power Station,58001,CTG-1,TX,Bell,31.055833,-97.317222,232.0,7.09,NG,CT,2014,11,0.9999,2032088.0,14407504.0,751872.6,203208.8,20320.9,3609.72,3.5,24.81,3579.37,7335.27,61.68,7273.59,operating
2025,Temple Generation Holdings LLC,Temple Power Station,58001,CTG-2,TX,Bell,31.055833,-97.317222,232.0,7.09,NG,CT,2014,11,0.9999,2032088.0,14407504.0,751872.6,203208.8,20320.9,3609.72,3.5,24.81,3579.37,7335.27,61.68,7273.59,operating
2025,Temple Generation Holdings LLC,Temple Power Station,58001,CTG-3,TX,Bell,31.055833,-97.317222,232.0,7.09,NG,CT,2015,10,1.0,2032320.0,14409149.0,751958.4,203232.0,20323.2,3609.72,3.5,24.81,3579.37,7336.11,61.69,7274.42,operating
2025,Temple Generation Holdings LLC,Temple Power Station,58001,CTG-4,TX,Bell,31.055833,-97.317222,232.0,7.09,NG,CT,2015,10,1.0,2032320.0,14409149.0,751958.4,203232.0,20323.2,3609.72,3.5,24.81,3579.37,7336.11,61.69,7274.42,operating
2025,Temple Generation Holdings LLC,Temple Power Station,58001,STG-1,TX,Bell,31.055833,-97.317222,339.2,7.09,NG,CA,2014,11,0.9999,2971053.0,21064764.0,1099289.5,297105.3,29710.5,3609.72,3.5,24.81,3579.37,10724.67,90.18,10634.49,operating
2025,Temple Generation Holdings LLC,Temple Power Station,58001,STG-2,TX,Bell,31.055833,-97.317222,339.2,7.09,NG,CA,2015,10,1.0,2971392.0,21067169.0,1099415.0,297139.2,29713.9,3609.72,3.5,24.81,3579.37,10725.89,90.19,10635.7,operating
2025,Pasadena Cogeneration LP,Pasadena Cogeneration,55047,CTG1,TX,Harris,29.72475,-95.176479,175.0,7.11,NG,CT,1998,27,0.9999,1532825.0,10898386.0,567145.2,153282.5,15328.2,-43.41,3.5,24.89,-73.83,-66.54,46.63,-113.17,stranded
2025,Pasadena Cogeneration LP,Pasadena Cogeneration,55047,CTG2,TX,Harris,29.72475,-95.176479,185.0,7.11,NG,CT,2000,25,0.9999,1620415.0,11521151.0,599553.6,162041.5,16204.1,-43.41,3.5,24.89,-73.83,-70.34,49.3,-119.64,stranded
2025,Pasadena Cogeneration LP,Pasadena Cogeneration,55047,CTG3,TX,Harris,29.72475,-95.176479,185.0,7.11,NG,CT,2000,25,0.9999,1620415.0,11521151.0,599553.6,162041.5,16204.1,-43.41,3.5,24.89,-73.83,-70.34,49.3,-119.64,stranded
2025,Pasadena Cogeneration LP,Pasadena Cogeneration,55047,STG1,TX,Harris,29.72475,-95.176479,85.0,7.11,NG,CA,1998,27,0.9999,744515.0,5293502.0,275470.5,74451.5,7445.2,-43.41,3.5,24.89,-73.83,-32.32,22.65,-54.97,stranded
2025,Pasadena Cogeneration LP,Pasadena Cogeneration,55047,STG2,TX,Harris,29.72475,-95.176479,185.0,7.11,NG,CA,2000,25,0.9999,1620415.0,11521151.0,599553.6,162041.5,16204.1,-43.41,3.5,24.89,-73.83,-70.34,49.3,-119.64,stranded
2025,"Thad Hill Energy Center, LLC",Thad Hill Energy Center,55172,GT-1,TX,Bosque,31.8594,-97.3586,154.0,7.11,NG,CT,2000,25,0.9999,1348886.0,9590579.0,499087.8,134888.6,13488.9,3609.72,3.5,24.89,3579.3,4869.1,41.04,4828.06,operating
2025,"Thad Hill Energy Center, LLC",Thad Hill Energy Center,55172,GT-2,TX,Bosque,31.8594,-97.3586,154.0,7.11,NG,CT,2000,25,0.9999,1348886.0,9590579.0,499087.8,134888.6,13488.9,3609.72,3.5,24.89,3579.3,4869.1,41.04,4828.06,operating
2025,"Thad Hill Energy Center, LLC",Thad Hill Energy Center,55172,GT-3,TX,Bosque,31.8594,-97.3586,154.0,7.11,NG,CT,2001,24,0.9999,1348886.0,9590579.0,499087.8,134888.6,13488.9,3609.72,3.5,24.89,3579.3,4869.1,41.04,4828.06,operating
2025,"Thad Hill Energy Center, LLC",Thad Hill Energy Center,55172,ST-4,TX,Bosque,31.8594,-97.3586,95.0,7.11,NG,CA,2001,24,0.9999,832105.0,5916267.0,307878.8,83210.5,8321.0,3609.72,3.5,24.89,3579.3,3003.67,25.32,2978.35,operating
2025,"Thad Hill Energy Center, LLC",Thad Hill Energy Center,55172,ST-5,TX,Bosque,31.8594,-97.3586,250.0,7.11,NG,CA,2010,15,0.9999,2189750.0,15569122.0,810207.5,218975.0,21897.5,3609.72,3.5,24.89,3579.3,7904.38,66.62,7837.76,operating
2025,Ennis Power Company LLC,Ennis Power Company LLC,55223,GT1,TX,Ellis,32.32,-96.675,285.0,7.12,NG,CT,2002,23,0.9999,2496315.0,17773763.0,923636.6,249631.5,24963.2,-41.82,3.5,24.92,-72.28,-104.41,76.04,-180.44,stranded
2025,Ennis Power Company LLC,Ennis Power Company LLC,55223,ST1,TX,Ellis,32.32,-96.675,133.0,7.12,NG,CA,2002,23,0.9999,1164947.0,8294423.0,431030.4,116494.7,11649.5,-41.82,3.5,24.92,-72.28,-48.72,35.48,-84.21,stranded
2025,City of San Antonio - (TX),Rio Nogales Power Project,55137,CTG1,TX,Guadalupe,29.593056,-97.973215,189.0,7.17,NG,CT,2002,23,0.9999,1655451.0,11869584.0,612516.9,165545.1,16554.5,3609.72,3.5,25.09,3579.09,5975.71,50.71,5925.0,operating
2025,City of San Antonio - (TX),Rio Nogales Power Project,55137,CTG2,TX,Guadalupe,29.593056,-97.973215,189.0,7.17,NG,CT,2002,23,0.9999,1655451.0,11869584.0,612516.9,165545.1,16554.5,3609.72,3.5,25.09,3579.09,5975.71,50.71,5925.0,operating
2025,City of San Antonio - (TX),Rio Nogales Power Project,55137,CTG3,TX,Guadalupe,29.593056,-97.973215,189.0,7.17,NG,CT,2002,23,0.9999,1655451.0,11869584.0,612516.9,165545.1,16554.5,3609.72,3.5,25.09,3579.09,5975.71,50.71,5925.0,operating
2025,City of San Antonio - (TX),Rio Nogales Power Project,55137,STG1,TX,Guadalupe,29.593056,-97.973215,373.2,7.17,NG,CA,2002,23,0.9999,3268859.0,23437718.0,1209477.8,326885.9,32688.6,3609.72,3.5,25.09,3579.09,11799.67,100.14,11699.53,operating
2025,Frontera Generation Limited Partnership,Frontera Energy Center,55098,GEN1,TX,Hidalgo,26.208,-98.3992,172.0,7.25,NG,CT,1999,26,0.9999,1506548.0,10922473.0,557422.8,150654.8,15065.5,-41.82,3.5,25.38,-72.74,-63.01,46.57,-109.58,stranded
2025,Frontera Generation Limited Partnership,Frontera Energy Center,55098,GEN2,TX,Hidalgo,26.208,-98.3992,172.0,7.25,NG,CT,1999,26,0.9999,1506548.0,10922473.0,557422.8,150654.8,15065.5,-41.82,3.5,25.38,-72.74,-63.01,46.57,-109.58,stranded
2025,Frontera Generation Limited Partnership,Frontera Energy Center,55098,GEN3,TX,Hidalgo,26.208,-98.3992,185.0,7.25,NG,CA,2000,25,0.9999,1620415.0,11748009.0,599553.6,162041.5,16204.1,-41.82,3.5,25.38,-72.74,-67.77,50.09,-117.87,stranded
2025,"Jack County Power, LLC",Jack County,55230,CT1,TX,Wise,33.101,-97.9574,170.0,7.28,NG,CT,2006,19,0.9999,1489030.0,10840138.0,550941.1,148903.0,14890.3,-41.82,3.5,25.48,-72.84,-62.28,46.19,-108.46,stranded
2025,"Jack County Power, LLC",Jack County,55230,CT2,TX,Wise,33.101,-97.9574,170.0,7.28,NG,CT,2006,19,0.9999,1489030.0,10840138.0,550941.1,148903.0,14890.3,-41.82,3.5,25.48,-72.84,-62.28,46.19,-108.46,stranded
2025,"Jack County Power, LLC",Jack County,55230,CT3,TX,Wise,33.101,-97.9574,170.0,7.28,NG,CT,2011,14,0.9999,1489030.0,10840138.0,550941.1,148903.0,14890.3,-41.82,3.5,25.48,-72.84,-62.28,46.19,-108.46,stranded
2025,"Jack County Power, LLC",Jack County,55230,CT4,TX,Wise,33.101,-97.9574,170.0,7.28,NG,CT,2011,14,0.9999,1489030.0,10840138.0,550941.1,148903.0,14890.3,-41.82,3.5,25.48,-72.84,-62.28,46.19,-108.46,stranded
2025,"Jack County Power, LLC",Jack County,55230,ST1,TX,Wise,33.101,-97.9574,300.0,7.28,NG,CA,2006,19,0.9999,2627700.0,19129656.0,972249.0,262770.0,26277.0,-41.82,3.5,25.48,-72.84,-109.9,81.51,-191.41,stranded
2025,"Jack County Power, LLC",Jack County,55230,ST2,TX,Wise,33.101,-97.9574,300.0,7.28,NG,CA,2011,14,0.9999,2627700.0,19129656.0,972249.0,262770.0,26277.0,-41.82,3.5,25.48,-72.84,-109.9,81.51,-191.41,stranded
2025,Tenaska Frontier Partners Ltd,Tenaska Frontier Generation Station,55062,GTG1,TX,Grimes,30.5924,-95.9178,183.2,7.29,NG,CT,2000,25,0.9999,1604649.0,11697890.0,593720.1,160464.9,16046.5,-43.41,3.5,25.52,-74.46,-69.66,49.83,-119.49,stranded
2025,Tenaska Frontier Partners Ltd,Tenaska Frontier Generation Station,55062,GTG2,TX,Grimes,30.5924,-95.9178,183.2,7.29,NG,CT,2000,25,0.9999,1604649.0,11697890.0,593720.1,160464.9,16046.5,-43.41,3.5,25.52,-74.46,-69.66,49.83,-119.49,stranded
2025,Tenaska Frontier Partners Ltd,Tenaska Frontier Generation Station,55062,GTG3,TX,Grimes,30.5924,-95.9178,183.2,7.29,NG,CT,2000,25,0.9999,1604649.0,11697890.0,593720.1,160464.9,16046.5,-43.41,3.5,25.52,-74.46,-69.66,49.83,-119.49,stranded
2025,Tenaska Frontier Partners Ltd,Tenaska Frontier Generation Station,55062,STG1,TX,Grimes,30.5924,-95.9178,390.1,7.29,NG,CA,2000,25,0.9999,3416886.0,24909098.0,1264247.8,341688.6,34168.9,-43.41,3.5,25.52,-74.46,-148.32,106.11,-254.43,stranded
2025,Lower Colorado River Authority,Lost Pines 1 Power Project,55154,CTA,TX,Bastrop,30.1478,-97.2714,202.5,7.29,NG,CT,2001,24,0.9999,1773698.0,12930255.0,656268.1,177369.8,17737.0,3609.72,3.5,25.52,3578.67,6402.55,55.08,6347.47,operating
2025,Lower Colorado River Authority,Lost Pines 1 Power Project,55154,CTB,TX,Bastrop,30.1478,-97.2714,202.5,7.29,NG,CT,2001,24,0.9999,1773698.0,12930255.0,656268.1,177369.8,17737.0,3609.72,3.5,25.52,3578.67,6402.55,55.08,6347.47,operating
2025,Lower Colorado River Authority,Lost Pines 1 Power Project,55154,ST,TX,Bastrop,30.1478,-97.2714,204.0,7.29,NG,CA,2001,24,0.9999,1786836.0,13026034.0,661129.3,178683.6,17868.4,3609.72,3.5,25.52,3578.67,6449.98,55.49,6394.49,operating
2025,Rayburn Energy Station LLC,Rayburn Energy Station LLC,58005,CTG-1,TX,Grayson,33.582573,-96.617893,232.0,7.31,NG,CT,2014,11,0.9999,2032088.0,14854563.0,751872.6,203208.8,20320.9,-41.82,3.5,25.58,-72.95,-84.99,63.25,-148.24,stranded
2025,Rayburn Energy Station LLC,Rayburn Energy Station LLC,58005,CTG-2,TX,Grayson,33.582573,-96.617893,232.0,7.31,NG,CT,2014,11,0.9999,2032088.0,14854563.0,751872.6,203208.8,20320.9,-41.82,3.5,25.58,-72.95,-84.99,63.25,-148.24,stranded
2025,Rayburn Energy Station LLC,Rayburn Energy Station LLC,58005,STG-1,TX,Grayson,33.582573,-96.617893,339.2,7.31,NG,CA,2014,11,0.9999,2971053.0,21718396.0,1099289.5,297105.3,29710.5,-41.82,3.5,25.58,-72.95,-124.26,92.47,-216.73,stranded
2025,LaFrontera Holdings LLC,Forney Energy Center,55480,ST1,TX,Kaufman,32.7563,-96.4916,382.5,7.31,NG,CA,2003,22,0.9999,3350318.0,24490821.0,1239617.5,335031.8,33503.2,-41.82,3.5,25.58,-72.95,-140.12,104.28,-244.4,stranded
2025,LaFrontera Holdings LLC,Forney Energy Center,55480,ST2,TX,Kaufman,32.7563,-96.4916,382.5,7.31,NG,CA,2003,22,0.9999,3350318.0,24490821.0,1239617.5,335031.8,33503.2,-41.82,3.5,25.58,-72.95,-140.12,104.28,-244.4,stranded
2025,LaFrontera Holdings LLC,Forney Energy Center,55480,U1,TX,Kaufman,32.7563,-96.4916,188.2,7.31,NG,CT,2003,22,0.9999,1648444.0,12050124.0,609924.2,164844.4,16484.4,-41.82,3.5,25.58,-72.95,-68.94,51.31,-120.25,stranded
2025,LaFrontera Holdings LLC,Forney Energy Center,55480,U2,TX,Kaufman,32.7563,-96.4916,188.2,7.31,NG,CT,2003,22,0.9999,1648444.0,12050124.0,609924.2,164844.4,16484.4,-41.82,3.5,25.58,-72.95,-68.94,51.31,-120.25,stranded
2025,LaFrontera Holdings LLC,Forney Energy Center,55480,U3,TX,Kaufman,32.7563,-96.4916,188.2,7.31,NG,CT,2003,22,0.9999,1648444.0,12050124.0,609924.2,164844.4,16484.4,-41.82,3.5,25.58,-72.95,-68.94,51.31,-120.25,stranded
2025,LaFrontera Holdings LLC,Forney Energy Center,55480,U4,TX,Kaufman,32.7563,-96.4916,188.2,7.31,NG,CT,2003,22,0.9999,1648444.0,12050124.0,609924.2,164844.4,16484.4,-41.82,3.5,25.58,-72.95,-68.94,51.31,-120.25,stranded
2025,LaFrontera Holdings LLC,Forney Energy Center,55480,U5,TX,Kaufman,32.7563,-96.4916,188.2,7.31,NG,CT,2003,22,0.9999,1648444.0,12050124.0,609924.2,164844.4,16484.4,-41.82,3.5,25.58,-72.95,-68.94,51.31,-120.25,stranded
2025,LaFrontera Holdings LLC,Forney Energy Center,55480,U6,TX,Kaufman,32.7563,-96.4916,188.2,7.31,NG,CT,2003,22,0.9999,1648444.0,12050124.0,609924.2,164844.4,16484.4,-41.82,3.5,25.58,-72.95,-68.94,51.31,-120.25,stranded
2025,Midlothian Energy LLC,Midlothian Energy Facility,55091,STK1,TX,Ellis,32.4302,-97.0537,289.0,7.36,NG,CS,2000,25,0.9999,2531351.0,18630743.0,936599.9,253135.1,25313.5,-41.82,3.5,25.76,-73.12,-105.87,79.23,-185.1,stranded
2025,Midlothian Energy LLC,Midlothian Energy Facility,55091,STK2,TX,Ellis,32.4302,-97.0537,289.0,7.36,NG,CS,2000,25,0.9999,2531351.0,18630743.0,936599.9,253135.1,25313.5,-41.82,3.5,25.76,-73.12,-105.87,79.23,-185.1,stranded
2025,Midlothian Energy LLC,Midlothian Energy Facility,55091,STK3,TX,Ellis,32.4302,-97.0537,289.0,7.36,NG,CS,2000,25,0.9999,2531351.0,18630743.0,936599.9,253135.1,25313.5,-41.82,3.5,25.76,-73.12,-105.87,79.23,-185.1,stranded
2025,Midlothian Energy LLC,Midlothian Energy Facility,55091,STK4,TX,Ellis,32.4302,-97.0537,289.0,7.36,NG,CS,2000,25,0.9999,2531351.0,18630743.0,936599.9,253135.1,25313.5,-41.82,3.5,25.76,-73.12,-105.87,79.23,-185.1,stranded
2025,Midlothian Energy LLC,Midlothian Energy Facility,55091,STK5,TX,Ellis,32.4302,-97.0537,289.0,7.36,NG,CS,2001,24,0.9999,2531351.0,18630743.0,936599.9,253135.1,25313.5,-41.82,3.5,25.76,-73.12,-105.87,79.23,-185.1,stranded
2025,Midlothian Energy LLC,Midlothian Energy Facility,55091,STK6,TX,Ellis,32.4302,-97.0537,289.0,7.36,NG,CS,2001,24,0.9999,2531351.0,18630743.0,936599.9,253135.1,25313.5,-41.82,3.5,25.76,-73.12,-105.87,79.23,-185.1,stranded
2025,"Wolf Hollow I Power, LLC",Wolf Hollow I LP,55139,CTG1,TX,Hood,32.33422,-97.731686,243.9,7.43,NG,CT,2003,22,0.9999,2136320.0,15872858.0,790438.4,213632.0,21363.2,-41.82,3.5,26.0,-73.37,-89.35,67.39,-156.74,stranded
2025,"Wolf Hollow I Power, LLC",Wolf Hollow I LP,55139,CTG2,TX,Hood,32.33422,-97.731686,243.9,7.43,NG,CT,2003,22,0.9999,2136320.0,15872858.0,790438.4,213632.0,21363.2,-41.82,3.5,26.0,-73.37,-89.35,67.39,-156.74,stranded
2025,"Wolf Hollow I Power, LLC",Wolf Hollow I LP,55139,ST,TX,Hood,32.33422,-97.731686,300.6,7.43,NG,CA,2003,22,0.9999,2632955.0,19562859.0,974193.5,263295.5,26329.6,-41.82,3.5,26.0,-73.37,-110.12,83.05,-193.18,stranded
2025,Calpine Corp - Hidalgo,Hidalgo Energy Center,55545,CTG1,TX,Hidalgo,26.34172,-98.175759,176.6,7.47,NG,CT,2000,25,0.9999,1546839.0,11554890.0,572330.6,154683.9,15468.4,-41.82,3.5,26.14,-73.51,-64.7,49.01,-113.71,stranded
2025,Calpine Corp - Hidalgo,Hidalgo Energy Center,55545,CTG2,TX,Hidalgo,26.34172,-98.175759,176.6,7.47,NG,CT,2000,25,0.9999,1546839.0,11554890.0,572330.6,154683.9,15468.4,-41.82,3.5,26.14,-73.51,-64.7,49.01,-113.71,stranded
2025,Calpine Corp - Hidalgo,Hidalgo Energy Center,55545,STG1,TX,Hidalgo,26.34172,-98.175759,198.1,7.47,NG,CA,2000,25,0.9999,1735158.0,12961630.0,642008.4,173515.8,17351.6,-41.82,3.5,26.14,-73.51,-72.57,54.98,-127.55,stranded
2025,"Bastrop Energy Partners, LP",Bastrop Energy Center,55168,0001,TX,Bastrop,30.1458,-97.55,188.2,7.53,NG,CT,2002,23,0.9999,1648444.0,12412782.0,609924.2,164844.4,16484.4,3609.72,3.5,26.36,3577.83,5950.42,52.58,5897.85,operating
2025,"Bastrop Energy Partners, LP",Bastrop Energy Center,55168,0002,TX,Bastrop,30.1458,-97.55,188.2,7.53,NG,CT,2002,23,0.9999,1648444.0,12412782.0,609924.2,164844.4,16484.4,3609.72,3.5,26.36,3577.83,5950.42,52.58,5897.85,operating
2025,"Bastrop Energy Partners, LP",Bastrop Energy Center,55168,0003,TX,Bastrop,30.1458,-97.55,242.3,7.53,NG,CA,2002,23,0.9999,2122306.0,15980962.0,785253.1,212230.6,21223.1,3609.72,3.5,26.36,3577.83,7660.93,67.69,7593.24,operating
2025,NRG Cedar Bayou Development Company LLC,Cedar Bayou 4,56806,4,TX,Chambers,29.751645,-94.92312,178.5,7.57,NG,CA,2009,16,0.9999,1563482.0,11835555.0,578488.2,156348.1,15634.8,-43.41,3.5,26.5,-75.44,-67.87,50.08,-117.95,stranded
2025,NRG Cedar Bayou Development Company LLC,Cedar Bayou 4,56806,41,TX,Chambers,29.751645,-94.92312,178.5,7.57,NG,CT,2009,16,0.9999,1563482.0,11835555.0,578488.2,156348.1,15634.8,-43.41,3.5,26.5,-75.44,-67.87,50.08,-117.95,stranded
2025,NRG Cedar Bayou Development Company LLC,Cedar Bayou 4,56806,42,TX,Chambers,29.751645,-94.92312,178.5,7.57,NG,CT,2009,16,0.9999,1563482.0,11835555.0,578488.2,156348.1,15634.8,-43.41,3.5,26.5,-75.44,-67.87,50.08,-117.95,stranded
2025,Calpine Corp-Magic Valley,Magic Valley Generating Station,55123,CTG1,TX,Hidalgo,26.3403,-98.19,267.0,7.64,NG,CT,2002,23,0.9999,2338653.0,17867309.0,865301.6,233865.3,23386.5,-41.82,3.5,26.74,-74.1,-97.81,75.49,-173.3,stranded
2025,Calpine Corp-Magic Valley,Magic Valley Generating Station,55123,CTG2,TX,Hidalgo,26.3403,-98.19,267.0,7.64,NG,CT,2002,23,0.9999,2338653.0,17867309.0,865301.6,233865.3,23386.5,-41.82,3.5,26.74,-74.1,-97.81,75.49,-173.3,stranded
2025,Calpine Corp-Magic Valley,Magic Valley Generating Station,55123,STG,TX,Hidalgo,26.3403,-98.19,267.0,7.64,NG,CA,2002,23,0.9999,2338653.0,17867309.0,865301.6,233865.3,23386.5,-41.82,3.5,26.74,-74.1,-97.81,75.49,-173.3,stranded
2025,"Hays Energy, LLC",Hays Energy Project,55144,U1,TX,Hays,29.7806,-97.9894,241.7,7.66,NG,CS,2002,23,0.9999,2117050.0,16216605.0,783308.6,211705.0,21170.5,3609.72,3.5,26.81,3577.37,7641.96,68.48,7573.47,operating
2025,"Hays Energy, LLC",Hays Energy Project,55144,U2,TX,Hays,29.7806,-97.9894,241.7,7.66,NG,CS,2002,23,0.9999,2117050.0,16216605.0,783308.6,211705.0,21170.5,3609.72,3.5,26.81,3577.37,7641.96,68.48,7573.47,operating
2025,"Hays Energy, LLC",Hays Energy Project,55144,U3,TX,Hays,29.7806,-97.9894,252.8,7.66,NG,CS,2002,23,0.9999,2214275.0,16961348.0,819281.8,221427.5,22142.8,3609.72,3.5,26.81,3577.37,7992.91,71.63,7921.28,operating
2025,"Hays Energy, LLC",Hays Energy Project,55144,U4,TX,Hays,29.7806,-97.9894,252.8,7.66,NG,CS,2002,23,0.9999,2214275.0,16961348.0,819281.8,221427.5,22142.8,3609.72,3.5,26.81,3577.37,7992.91,71.63,7921.28,operating
2025,Tenaska Gateway Partners Ltd,Tenaska Gateway Generating Station,55132,GTG1,TX,Rusk,32.017826,-94.619743,183.2,7.69,NG,CT,2001,24,0.9999,1604649.0,12339749.0,593720.1,160464.9,16046.5,-41.82,3.5,26.92,-74.28,-67.11,52.08,-119.19,stranded
2025,Tenaska Gateway Partners Ltd,Tenaska Gateway Generating Station,55132,GTG2,TX,Rusk,32.017826,-94.619743,183.2,7.69,NG,CT,2001,24,0.9999,1604649.0,12339749.0,593720.1,160464.9,16046.5,-41.82,3.5,26.92,-74.28,-67.11,52.08,-119.19,stranded
2025,Tenaska Gateway Partners Ltd,Tenaska Gateway Generating Station,55132,GTG3,TX,Rusk,32.017826,-94.619743,183.2,7.69,NG,CT,2001,24,0.9999,1604649.0,12339749.0,593720.1,160464.9,16046.5,-41.82,3.5,26.92,-74.28,-67.11,52.08,-119.19,stranded
2025,Tenaska Gateway Partners Ltd,Tenaska Gateway Generating Station,55132,STG1,TX,Rusk,32.017826,-94.619743,390.0,7.69,NG,CA,2001,24,0.9999,3416010.0,26269117.0,1263923.7,341601.0,34160.1,-41.82,3.5,26.92,-74.28,-142.87,110.86,-253.73,stranded
2025,Sandy Creek Energy Associates LP,Sandy Creek Energy Station,56611,S01,TX,McLennan,31.474378,-96.957149,1008.0,9.75,SUB,ST,2013,12,0.9987,8818992.0,85985172.0,8378042.4,7055193.6,15874185.6,3609.72,5.5,21.94,3577.04,31834.09,288.2,31545.89,operating
2025,Johnson County Power LLC,Johnson County,54817,GT-1,TX,Johnson,32.3994,-97.4078,178.2,7.76,NG,CT,1996,29,0.9999,1560854.0,12112225.0,577515.9,156085.4,15608.5,-41.82,3.5,27.16,-74.52,-65.28,51.04,-116.32,stranded
2025,Johnson County Power LLC,Johnson County,54817,ST-1,TX,Johnson,32.3994,-97.4078,104.4,7.76,NG,CA,1996,29,0.9999,914440.0,7096051.0,338342.7,91444.0,9144.4,-41.82,3.5,27.16,-74.52,-38.25,29.9,-68.15,stranded
2025,Union Carbide Corp-Seadrift,Union Carbide Seadrift Cogen,50150,GE10,TX,Calhoun,28.5105,-96.7706,15.0,7.77,NG,ST,1964,61,0.9999,131385.0,1020861.0,48612.4,13138.5,1313.9,3609.72,3.5,27.2,3576.99,474.26,4.3,469.96,operating
2025,Union Carbide Corp-Seadrift,Union Carbide Seadrift Cogen,50150,GEN5,TX,Calhoun,28.5105,-96.7706,15.0,7.77,NG,ST,1987,38,0.9999,131385.0,1020861.0,48612.4,13138.5,1313.9,3609.72,3.5,27.2,3576.99,474.26,4.3,469.96,operating
2025,Union Carbide Corp-Seadrift,Union Carbide Seadrift Cogen,50150,GEN7,TX,Calhoun,28.5105,-96.7706,6.0,7.77,NG,ST,1987,38,0.9999,52554.0,408345.0,19445.0,5255.4,525.5,3609.72,3.5,27.2,3576.99,189.71,1.72,187.98,operating
2025,Union Carbide Corp-Seadrift,Union Carbide Seadrift Cogen,50150,GEN9,TX,Calhoun,28.5105,-96.7706,15.0,7.77,NG,ST,1987,38,0.9999,131385.0,1020861.0,48612.4,13138.5,1313.9,3609.72,3.5,27.2,3576.99,474.26,4.3,469.96,operating
2025,City of San Antonio - (TX),Nueces Bay,3441,7,TX,Nueces,27.819412,-97.419203,351.0,7.79,NG,CA,1972,53,0.9999,3074409.0,23949646.0,1137531.3,307440.9,30744.1,3609.72,3.5,27.27,3576.92,11097.76,100.85,10996.9,operating
2025,City of San Antonio - (TX),Nueces Bay,3441,8,TX,Nueces,27.819412,-97.419203,189.6,7.79,NG,CT,2010,15,0.9999,1660706.0,12936903.0,614461.4,166070.6,16607.1,3609.72,3.5,27.27,3576.92,5994.69,54.48,5940.21,operating
2025,City of San Antonio - (TX),Nueces Bay,3441,9,TX,Nueces,27.819412,-97.419203,189.6,7.79,NG,CT,2010,15,0.9999,1660706.0,12936903.0,614461.4,166070.6,16607.1,3609.72,3.5,27.27,3576.92,5994.69,54.48,5940.21,operating
2025,City of San Antonio - (TX),J K Spruce,7097,1,TX,Bexar,29.309722,-98.3203,566.0,10.01,SUB,ST,1992,33,0.9987,4951934.0,49568859.0,4704337.3,3961547.2,8913481.2,3609.72,5.5,22.52,3576.46,17875.1,164.72,17710.37,operating
2025,City of San Antonio - (TX),J K Spruce,7097,2,TX,Bexar,29.309722,-98.3203,922.5,10.01,SUB,ST,2010,15,0.9987,8070952.0,80790235.0,7667404.9,6456762.0,14527714.5,3609.72,5.5,22.52,3576.46,29133.88,268.48,28865.4,operating
2025,City of San Antonio - (TX),Barney M Davis,4939,1,TX,Nueces,27.6064,-97.3117,352.0,8.04,NG,ST,1974,51,0.9999,3083168.0,24788671.0,1140772.2,308316.8,30831.7,3609.72,3.5,28.14,3576.04,11129.37,103.84,11025.54,operating
2025,City of San Antonio - (TX),Barney M Davis,4939,2,TX,Nueces,27.6064,-97.3117,351.0,8.04,NG,CA,1976,49,0.9999,3074409.0,24718248.0,1137531.3,307440.9,30744.1,3609.72,3.5,28.14,3576.04,11097.76,103.54,10994.21,operating
2025,City of San Antonio - (TX),Barney M Davis,4939,3,TX,Nueces,27.6064,-97.3117,189.6,8.04,NG,CT,2010,15,0.9999,1660706.0,13352079.0,614461.4,166070.6,16607.1,3609.72,3.5,28.14,3576.04,5994.69,55.93,5938.76,operating
2025,City of San Antonio - (TX),Barney M Davis,4939,4,TX,Nueces,27.6064,-97.3117,189.6,8.04,NG,CT,2010,15,0.9999,1660706.0,13352079.0,614461.4,166070.6,16607.1,3609.72,3.5,28.14,3576.04,5994.69,55.93,5938.76,operating
2025,Kinder Morgan Production Company LP,EG178 Facility,56233,CT02,TX,Scurry,32.747058,-100.954661,60.5,8.15,NG,CT,2005,20,0.9999,529920.0,4318844.0,196070.2,52992.0,5299.2,2348.0,3.5,28.53,2313.93,1244.25,18.05,1226.2,operating
2025,Kinder Morgan Production Company LP,EG178 Facility,56233,CTG1,TX,Scurry,32.747058,-100.954661,60.5,8.15,NG,CT,2005,20,0.9999,529920.0,4318844.0,196070.2,52992.0,5299.2,2348.0,3.5,28.53,2313.93,1244.25,18.05,1226.2,operating
2025,Kinder Morgan Production Company LP,EG178 Facility,56233,STG,TX,Scurry,32.747058,-100.954661,32.9,8.15,NG,CA,2005,20,0.9999,288171.0,2348594.0,106623.3,28817.1,2881.7,2348.0,3.5,28.53,2313.93,676.62,9.82,666.81,operating
2025,"Victoria WLE, LP",Victoria,3443,5,TX,Victoria,28.7883,-97.01,180.0,8.33,NG,CA,1963,62,0.9999,1576620.0,13133245.0,583349.4,157662.0,15766.2,3609.72,3.5,29.16,3575.03,5691.16,54.7,5636.46,operating
2025,"Victoria WLE, LP",Victoria,3443,7,TX,Victoria,28.7883,-97.01,196.9,8.33,NG,CT,2009,16,0.9999,1724647.0,14366310.0,638119.4,172464.7,17246.5,3609.72,3.5,29.16,3575.03,6225.49,59.83,6165.66,operating
2025,Coleto Creek Power LP,Coleto Creek,6178,1,TX,Goliad,28.7128,-97.214167,622.4,10.65,SUB,ST,1980,45,0.9987,5445378.0,57993271.0,5173108.7,4356302.1,9801679.7,3609.72,5.5,23.96,3575.02,19656.29,188.98,19467.31,operating
2025,Austin Energy,Sand Hill,7900,5A,TX,Travis,30.2098,-97.6129,198.0,8.4,NG,CT,2004,21,0.9999,1734282.0,14567969.0,641684.3,173428.2,17342.8,3609.72,3.5,29.4,3574.78,6260.27,60.59,6199.68,operating
2025,Austin Energy,Sand Hill,7900,5C,TX,Travis,30.2098,-97.6129,190.0,8.4,NG,CA,2004,21,0.9999,1664210.0,13979364.0,615757.7,166421.0,16642.1,3609.72,3.5,29.4,3574.78,6007.33,58.15,5949.19,operating
2025,Lower Colorado River Authority,Fayette Power Project,6179,1,TX,Fayette,29.9172,-96.7506,615.0,10.78,SUB,ST,1979,46,0.9987,5380635.0,58003245.0,5111603.2,4304508.0,9685143.0,3609.72,5.5,24.25,3574.72,19422.59,188.31,19234.28,operating
2025,Lower Colorado River Authority,Fayette Power Project,6179,2,TX,Fayette,29.9172,-96.7506,615.0,10.78,SUB,ST,1980,45,0.9987,5380635.0,58003245.0,5111603.2,4304508.0,9685143.0,3609.72,5.5,24.25,3574.72,19422.59,188.31,19234.28,operating
2025,Lower Colorado River Authority,Fayette Power Project,6179,3,TX,Fayette,29.9172,-96.7506,460.0,10.78,SUB,ST,1988,37,0.9987,4024540.0,43384541.0,3823313.0,3219632.0,7244172.0,3609.72,5.5,24.25,3574.72,14527.46,140.85,14386.62,operating
2025,Union Carbide Corp-Seadrift,Union Carbide Seadrift Cogen,50150,GE11,TX,Calhoun,28.5105,-96.7706,35.0,7.77,NG,GT,2000,25,1.0,306600.0,2382282.0,168630.0,76650.0,3066.0,3609.72,5.0,27.2,3574.5,1106.74,10.8,1095.94,operating
2025,Union Carbide Corp-Seadrift,Union Carbide Seadrift Cogen,50150,GEN6,TX,Calhoun,28.5105,-96.7706,35.0,7.77,NG,GT,1987,38,1.0,306600.0,2382282.0,168630.0,76650.0,3066.0,3609.72,5.0,27.2,3574.5,1106.74,10.8,1095.94,operating
2025,Union Carbide Corp-Seadrift,Union Carbide Seadrift Cogen,50150,GEN8,TX,Calhoun,28.5105,-96.7706,35.0,7.77,NG,GT,1987,38,1.0,306600.0,2382282.0,168630.0,76650.0,3066.0,3609.72,5.0,27.2,3574.5,1106.74,10.8,1095.94,operating
2025,Union Carbide Corp-Seadrift,Union Carbide Seadrift Cogen,50150,IGT,TX,Calhoun,28.5105,-96.7706,12.0,7.77,NG,GT,1969,56,1.0,105120.0,816782.0,57816.0,26280.0,1051.2,3609.72,5.0,27.2,3574.5,379.45,3.7,375.75,operating
2025,"Quail Run Energy Partners, LP",Quail Run Energy Center,56349,CT1A,TX,Ector,31.8414,-102.315,90.6,8.53,NG,CT,2007,18,0.9999,793565.0,6769113.0,293619.2,79356.5,7935.7,2348.0,3.5,29.85,2312.6,1863.29,28.09,1835.2,operating
2025,"Quail Run Energy Partners, LP",Quail Run Energy Center,56349,CT1B,TX,Ector,31.8414,-102.315,90.6,8.53,NG,CT,2007,18,0.9999,793565.0,6769113.0,293619.2,79356.5,7935.7,2348.0,3.5,29.85,2312.6,1863.29,28.09,1835.2,operating
2025,"Quail Run Energy Partners, LP",Quail Run Energy Center,56349,CT2A,TX,Ector,31.8414,-102.315,86.5,8.53,NG,CT,2002,23,0.9999,757654.0,6462784.0,280331.8,75765.4,7576.5,2348.0,3.5,29.85,2312.6,1778.97,26.82,1752.15,operating
2025,"Quail Run Energy Partners, LP",Quail Run Energy Center,56349,CT2B,TX,Ector,31.8414,-102.315,86.5,8.53,NG,CT,2002,23,0.9999,757654.0,6462784.0,280331.8,75765.4,7576.5,2348.0,3.5,29.85,2312.6,1778.97,26.82,1752.15,operating
2025,"Quail Run Energy Partners, LP",Quail Run Energy Center,56349,ST1,TX,Ector,31.8414,-102.315,98.1,8.53,NG,CA,2007,18,0.9999,859258.0,7329470.0,317925.4,85925.8,8592.6,2348.0,3.5,29.85,2312.6,2017.54,30.41,1987.12,operating
2025,"Quail Run Energy Partners, LP",Quail Run Energy Center,56349,ST2,TX,Ector,31.8414,-102.315,98.1,8.53,NG,CA,2008,17,0.9999,859258.0,7329470.0,317925.4,85925.8,8592.6,2348.0,3.5,29.85,2312.6,2017.54,30.41,1987.12,operating
2025,"WTG Jameson, L.P.",Jameson Gas Processing Plant,55052,620,TX,Coke,32.05,-100.6917,0.4,7.87,NG,IC,1981,44,1.0,3504.0,27576.0,1927.2,876.0,35.0,2348.0,5.0,27.55,2312.43,8.23,0.12,8.1,operating
2025,"WTG Jameson, L.P.",Jameson Gas Processing Plant,55052,621,TX,Coke,32.05,-100.6917,0.4,7.87,NG,IC,1981,44,1.0,3504.0,27576.0,1927.2,876.0,35.0,2348.0,5.0,27.55,2312.43,8.23,0.12,8.1,operating
2025,"WTG Jameson, L.P.",Jameson Gas Processing Plant,55052,622,TX,Coke,32.05,-100.6917,0.5,7.87,NG,IC,1986,39,1.0,4380.0,34471.0,2409.0,1095.0,43.8,2348.0,5.0,27.55,2312.43,10.28,0.16,10.13,operating
2025,"WTG Jameson, L.P.",Jameson Gas Processing Plant,55052,GN410,TX,Coke,32.05,-100.6917,0.5,7.87,NG,IC,2017,8,1.0,4380.0,34471.0,2409.0,1095.0,43.8,2348.0,5.0,27.55,2312.43,10.28,0.16,10.13,operating
2025,CER Colorado Bend Energy Partners LP,Colorado Bend Energy Center,56350,CT1A,TX,Wharton,29.2878,-96.0683,90.0,8.65,NG,CT,2002,23,0.9999,788310.0,6818882.0,291674.7,78831.0,7883.1,-43.41,3.5,30.28,-79.22,-34.22,28.23,-62.45,stranded
2025,CER Colorado Bend Energy Partners LP,Colorado Bend Energy Center,56350,CT1B,TX,Wharton,29.2878,-96.0683,90.0,8.65,NG,CT,2002,23,0.9999,788310.0,6818882.0,291674.7,78831.0,7883.1,-43.41,3.5,30.28,-79.22,-34.22,28.23,-62.45,stranded
2025,CER Colorado Bend Energy Partners LP,Colorado Bend Energy Center,56350,CT2A,TX,Wharton,29.2878,-96.0683,90.0,8.65,NG,CT,2002,23,0.9999,788310.0,6818882.0,291674.7,78831.0,7883.1,-43.41,3.5,30.28,-79.22,-34.22,28.23,-62.45,stranded
2025,CER Colorado Bend Energy Partners LP,Colorado Bend Energy Center,56350,CT2B,TX,Wharton,29.2878,-96.0683,90.0,8.65,NG,CT,2002,23,0.9999,788310.0,6818882.0,291674.7,78831.0,7883.1,-43.41,3.5,30.28,-79.22,-34.22,28.23,-62.45,stranded
2025,CER Colorado Bend Energy Partners LP,Colorado Bend Energy Center,56350,ST1,TX,Wharton,29.2878,-96.0683,105.1,8.65,NG,CA,2007,18,0.9999,920571.0,7962938.0,340611.2,92057.1,9205.7,-43.41,3.5,30.28,-79.22,-39.96,32.97,-72.93,stranded
2025,CER Colorado Bend Energy Partners LP,Colorado Bend Energy Center,56350,ST2,TX,Wharton,29.2878,-96.0683,115.0,8.65,NG,CA,2008,17,0.9999,1007285.0,8713015.0,372695.5,100728.5,10072.9,-43.41,3.5,30.28,-79.22,-43.73,36.07,-79.8,stranded
2025,Luminant Generation Company LLC,Oak Grove (TX),6180,OG1,TX,Robertson,31.1803,-96.4866,916.8,11.21,LIG,ST,2010,15,0.9987,8021083.0,89916343.0,7620029.0,6416866.6,14437949.8,-41.82,5.5,25.22,-77.79,-335.48,288.48,-623.95,stranded
2025,Luminant Generation Company LLC,Oak Grove (TX),6180,OG2,TX,Robertson,31.1803,-96.4866,878.6,11.21,LIG,ST,2011,14,0.9987,7686871.0,86169828.0,7302527.8,6149497.1,13836368.5,-41.82,5.5,25.22,-77.79,-321.5,276.46,-597.95,stranded
2025,NRG Texas Power LLC,W A Parish,3470,5,TX,Fort Bend,29.4828,-95.6311,734.1,11.5,SUB,ST,1977,48,0.9987,6422641.0,73860370.0,6101508.9,5138112.7,11560753.6,-43.41,5.5,25.88,-80.03,-278.8,235.18,-513.98,stranded
2025,NRG Texas Power LLC,W A Parish,3470,6,TX,Fort Bend,29.4828,-95.6311,734.1,11.5,SUB,ST,1978,47,0.9987,6422641.0,73860370.0,6101508.9,5138112.7,11560753.6,-43.41,5.5,25.88,-80.03,-278.8,235.18,-513.98,stranded
2025,NRG Texas Power LLC,W A Parish,3470,7,TX,Fort Bend,29.4828,-95.6311,614.6,11.5,SUB,ST,1980,45,0.9987,5377135.0,61837057.0,5108278.6,4301708.3,9678843.7,-43.41,5.5,25.88,-80.03,-233.42,196.9,-430.31,stranded
2025,NRG Texas Power LLC,W A Parish,3470,8,TX,Fort Bend,29.4828,-95.6311,654.0,11.5,SUB,ST,1982,43,0.9987,5721846.0,65801229.0,5435753.7,4577476.8,10299322.8,-43.41,5.5,25.88,-80.03,-248.38,209.52,-457.9,stranded
2025,Luminant Generation Company LLC,Martin Lake,6146,1,TX,Rusk,32.2606,-94.5706,793.2,11.58,SUB,ST,1977,48,0.9987,6939707.0,80361805.0,6592721.5,5551765.4,12491472.2,-41.82,5.5,26.05,-78.62,-290.25,255.36,-545.61,stranded
2025,Luminant Generation Company LLC,Martin Lake,6146,2,TX,Rusk,32.2606,-94.5706,793.2,11.58,SUB,ST,1978,47,0.9987,6939707.0,80361805.0,6592721.5,5551765.4,12491472.2,-41.82,5.5,26.05,-78.62,-290.25,255.36,-545.61,stranded
2025,Luminant Generation Company LLC,Martin Lake,6146,3,TX,Rusk,32.2606,-94.5706,793.2,11.58,SUB,ST,1979,46,0.9987,6939707.0,80361805.0,6592721.5,5551765.4,12491472.2,-41.82,5.5,26.05,-78.62,-290.25,255.36,-545.61,stranded
2025,"BHER Power Resources, Inc",C R Wing Cogen Plant,52176,GEN1,TX,Howard,32.273178,-101.422386,77.5,8.94,NG,CT,1987,38,0.9999,678822.0,6068673.0,251164.3,67882.2,6788.2,2348.0,3.5,31.29,2311.17,1593.87,25.0,1568.87,operating
2025,"BHER Power Resources, Inc",C R Wing Cogen Plant,52176,GEN2,TX,Howard,32.273178,-101.422386,77.5,8.94,NG,CT,1987,38,0.9999,678822.0,6068673.0,251164.3,67882.2,6788.2,2348.0,3.5,31.29,2311.17,1593.87,25.0,1568.87,operating
2025,"BHER Power Resources, Inc",C R Wing Cogen Plant,52176,GEN3,TX,Howard,32.273178,-101.422386,75.0,8.94,NG,CA,1988,37,0.9999,656925.0,5872910.0,243062.2,65692.5,6569.2,2348.0,3.5,31.29,2311.17,1542.46,24.19,1518.26,operating
2025,NRG Texas Power LLC,Limestone,298,1,TX,Limestone,31.4219,-96.2525,893.0,11.69,SUB,ST,1985,40,0.9987,7812857.0,91332298.0,7422214.1,6250285.6,14063142.6,-41.82,5.5,26.3,-78.87,-326.77,289.42,-616.19,stranded
2025,NRG Texas Power LLC,Limestone,298,2,TX,Limestone,31.4219,-96.2525,956.8,11.69,SUB,ST,1986,39,0.9987,8371043.0,97857495.0,7952491.0,6696834.6,15067877.8,-41.82,5.5,26.3,-78.87,-350.11,310.1,-660.21,stranded
2025,Gregory Power Partners LLC,Gregory Power Plant,55086,GT1A,TX,San Patricio,27.88929,-97.258417,184.9,9.03,NG,CT,2000,25,0.9999,1619539.0,14624438.0,599229.5,161953.9,16195.4,3609.72,3.5,31.6,3572.58,5846.08,60.16,5785.93,operating
2025,Gregory Power Partners LLC,Gregory Power Plant,55086,GT1B,TX,San Patricio,27.88929,-97.258417,184.9,9.03,NG,CT,2000,25,0.9999,1619539.0,14624438.0,599229.5,161953.9,16195.4,3609.72,3.5,31.6,3572.58,5846.08,60.16,5785.93,operating
2025,Gregory Power Partners LLC,Gregory Power Plant,55086,STG,TX,San Patricio,27.88929,-97.258417,100.0,9.03,NG,CA,2000,25,0.9999,875900.0,7909377.0,324083.0,87590.0,8759.0,3609.72,3.5,31.6,3572.58,3161.75,32.53,3129.22,operating
2025,Austin Energy,Sand Hill,7900,SH1,TX,Travis,30.2098,-97.6129,51.4,8.4,NG,GT,2001,24,1.0,450264.0,3782218.0,247645.2,112566.0,4502.6,3609.72,5.0,29.4,3572.29,1625.33,16.85,1608.48,operating
2025,Austin Energy,Sand Hill,7900,SH2,TX,Travis,30.2098,-97.6129,51.4,8.4,NG,GT,2001,24,1.0,450264.0,3782218.0,247645.2,112566.0,4502.6,3609.72,5.0,29.4,3572.29,1625.33,16.85,1608.48,operating
2025,Austin Energy,Sand Hill,7900,SH3,TX,Travis,30.2098,-97.6129,51.4,8.4,NG,GT,2001,24,1.0,450264.0,3782218.0,247645.2,112566.0,4502.6,3609.72,5.0,29.4,3572.29,1625.33,16.85,1608.48,operating
2025,Austin Energy,Sand Hill,7900,SH4,TX,Travis,30.2098,-97.6129,51.4,8.4,NG,GT,2001,24,1.0,450264.0,3782218.0,247645.2,112566.0,4502.6,3609.72,5.0,29.4,3572.29,1625.33,16.85,1608.48,operating
2025,Austin Energy,Sand Hill,7900,SH6,TX,Travis,30.2098,-97.6129,51.4,8.4,NG,GT,2010,15,1.0,450264.0,3782218.0,247645.2,112566.0,4502.6,3609.72,5.0,29.4,3572.29,1625.33,16.85,1608.48,operating
2025,Austin Energy,Sand Hill,7900,SH7,TX,Travis,30.2098,-97.6129,51.4,8.4,NG,GT,2010,15,1.0,450264.0,3782218.0,247645.2,112566.0,4502.6,3609.72,5.0,29.4,3572.29,1625.33,16.85,1608.48,operating
2025,"Major Oak Power, LLC",Major Oak Power,7030,1,TX,Robertson,31.091925,-96.69503,174.6,11.93,LIG,ST,1990,35,0.9987,1527575.0,18223975.0,1451196.6,1222060.3,2749635.7,3609.72,5.5,26.84,3572.14,5514.12,57.41,5456.71,operating
2025,"Major Oak Power, LLC",Major Oak Power,7030,2,TX,Robertson,31.091925,-96.69503,174.6,11.93,LIG,ST,1991,34,0.9987,1527575.0,18223975.0,1451196.6,1222060.3,2749635.7,3609.72,5.5,26.84,3572.14,5514.12,57.41,5456.71,operating
2025,City of Denton - (TX),Denton Energy Center,61643,DEC1,TX,Denton,33.214869,-97.209692,18.8,8.6,NG,IC,2018,7,1.0,164688.0,1416317.0,90578.4,41172.0,1646.9,-41.82,5.0,30.1,-79.95,-6.89,6.28,-13.17,stranded
2025,City of Denton - (TX),Denton Energy Center,61643,DEC10,TX,Denton,33.214869,-97.209692,18.8,8.6,NG,IC,2018,7,1.0,164688.0,1416317.0,90578.4,41172.0,1646.9,-41.82,5.0,30.1,-79.95,-6.89,6.28,-13.17,stranded
2025,City of Denton - (TX),Denton Energy Center,61643,DEC11,TX,Denton,33.214869,-97.209692,18.8,8.6,NG,IC,2018,7,1.0,164688.0,1416317.0,90578.4,41172.0,1646.9,-41.82,5.0,30.1,-79.95,-6.89,6.28,-13.17,stranded
2025,City of Denton - (TX),Denton Energy Center,61643,DEC12,TX,Denton,33.214869,-97.209692,18.8,8.6,NG,IC,2018,7,1.0,164688.0,1416317.0,90578.4,41172.0,1646.9,-41.82,5.0,30.1,-79.95,-6.89,6.28,-13.17,stranded
2025,City of Denton - (TX),Denton Energy Center,61643,DEC2,TX,Denton,33.214869,-97.209692,18.8,8.6,NG,IC,2018,7,1.0,164688.0,1416317.0,90578.4,41172.0,1646.9,-41.82,5.0,30.1,-79.95,-6.89,6.28,-13.17,stranded
2025,City of Denton - (TX),Denton Energy Center,61643,DEC3,TX,Denton,33.214869,-97.209692,18.8,8.6,NG,IC,2018,7,1.0,164688.0,1416317.0,90578.4,41172.0,1646.9,-41.82,5.0,30.1,-79.95,-6.89,6.28,-13.17,stranded
2025,City of Denton - (TX),Denton Energy Center,61643,DEC4,TX,Denton,33.214869,-97.209692,18.8,8.6,NG,IC,2018,7,1.0,164688.0,1416317.0,90578.4,41172.0,1646.9,-41.82,5.0,30.1,-79.95,-6.89,6.28,-13.17,stranded
2025,City of Denton - (TX),Denton Energy Center,61643,DEC5,TX,Denton,33.214869,-97.209692,18.8,8.6,NG,IC,2018,7,1.0,164688.0,1416317.0,90578.4,41172.0,1646.9,-41.82,5.0,30.1,-79.95,-6.89,6.28,-13.17,stranded
2025,City of Denton - (TX),Denton Energy Center,61643,DEC6,TX,Denton,33.214869,-97.209692,18.8,8.6,NG,IC,2018,7,1.0,164688.0,1416317.0,90578.4,41172.0,1646.9,-41.82,5.0,30.1,-79.95,-6.89,6.28,-13.17,stranded
2025,City of Denton - (TX),Denton Energy Center,61643,DEC7,TX,Denton,33.214869,-97.209692,18.8,8.6,NG,IC,2018,7,1.0,164688.0,1416317.0,90578.4,41172.0,1646.9,-41.82,5.0,30.1,-79.95,-6.89,6.28,-13.17,stranded
2025,City of Denton - (TX),Denton Energy Center,61643,DEC8,TX,Denton,33.214869,-97.209692,18.8,8.6,NG,IC,2018,7,1.0,164688.0,1416317.0,90578.4,41172.0,1646.9,-41.82,5.0,30.1,-79.95,-6.89,6.28,-13.17,stranded
2025,City of Denton - (TX),Denton Energy Center,61643,DEC9,TX,Denton,33.214869,-97.209692,18.8,8.6,NG,IC,2018,7,1.0,164688.0,1416317.0,90578.4,41172.0,1646.9,-41.82,5.0,30.1,-79.95,-6.89,6.28,-13.17,stranded
2025,"South Texas Electric Coop, Inc",Red Gate Power Plant,59391,ENG01,TX,Hidalgo,26.451111,-98.1775,18.7,8.6,NG,IC,2016,9,1.0,163812.0,1408783.0,90096.6,40953.0,1638.1,-41.82,5.0,30.1,-79.95,-6.85,6.25,-13.1,stranded
2025,"South Texas Electric Coop, Inc",Red Gate Power Plant,59391,ENG02,TX,Hidalgo,26.451111,-98.1775,18.7,8.6,NG,IC,2016,9,1.0,163812.0,1408783.0,90096.6,40953.0,1638.1,-41.82,5.0,30.1,-79.95,-6.85,6.25,-13.1,stranded
2025,"South Texas Electric Coop, Inc",Red Gate Power Plant,59391,ENG03,TX,Hidalgo,26.451111,-98.1775,18.7,8.6,NG,IC,2016,9,1.0,163812.0,1408783.0,90096.6,40953.0,1638.1,-41.82,5.0,30.1,-79.95,-6.85,6.25,-13.1,stranded
2025,"South Texas Electric Coop, Inc",Red Gate Power Plant,59391,ENG04,TX,Hidalgo,26.451111,-98.1775,18.7,8.6,NG,IC,2016,9,1.0,163812.0,1408783.0,90096.6,40953.0,1638.1,-41.82,5.0,30.1,-79.95,-6.85,6.25,-13.1,stranded
2025,"South Texas Electric Coop, Inc",Red Gate Power Plant,59391,ENG05,TX,Hidalgo,26.451111,-98.1775,18.7,8.6,NG,IC,2016,9,1.0,163812.0,1408783.0,90096.6,40953.0,1638.1,-41.82,5.0,30.1,-79.95,-6.85,6.25,-13.1,stranded
2025,"South Texas Electric Coop, Inc",Red Gate Power Plant,59391,ENG06,TX,Hidalgo,26.451111,-98.1775,18.7,8.6,NG,IC,2016,9,1.0,163812.0,1408783.0,90096.6,40953.0,1638.1,-41.82,5.0,30.1,-79.95,-6.85,6.25,-13.1,stranded
2025,"South Texas Electric Coop, Inc",Red Gate Power Plant,59391,ENG07,TX,Hidalgo,26.451111,-98.1775,18.7,8.6,NG,IC,2016,9,1.0,163812.0,1408783.0,90096.6,40953.0,1638.1,-41.82,5.0,30.1,-79.95,-6.85,6.25,-13.1,stranded
2025,"South Texas Electric Coop, Inc",Red Gate Power Plant,59391,ENG08,TX,Hidalgo,26.451111,-98.1775,18.7,8.6,NG,IC,2016,9,1.0,163812.0,1408783.0,90096.6,40953.0,1638.1,-41.82,5.0,30.1,-79.95,-6.85,6.25,-13.1,stranded
2025,"South Texas Electric Coop, Inc",Red Gate Power Plant,59391,ENG09,TX,Hidalgo,26.451111,-98.1775,18.7,8.6,NG,IC,2016,9,1.0,163812.0,1408783.0,90096.6,40953.0,1638.1,-41.82,5.0,30.1,-79.95,-6.85,6.25,-13.1,stranded
2025,"South Texas Electric Coop, Inc",Red Gate Power Plant,59391,ENG10,TX,Hidalgo,26.451111,-98.1775,18.7,8.6,NG,IC,2016,9,1.0,163812.0,1408783.0,90096.6,40953.0,1638.1,-41.82,5.0,30.1,-79.95,-6.85,6.25,-13.1,stranded
2025,"South Texas Electric Coop, Inc",Red Gate Power Plant,59391,ENG11,TX,Hidalgo,26.451111,-98.1775,18.7,8.6,NG,IC,2016,9,1.0,163812.0,1408783.0,90096.6,40953.0,1638.1,-41.82,5.0,30.1,-79.95,-6.85,6.25,-13.1,stranded
2025,"South Texas Electric Coop, Inc",Red Gate Power Plant,59391,ENG12,TX,Hidalgo,26.451111,-98.1775,18.7,8.6,NG,IC,2016,9,1.0,163812.0,1408783.0,90096.6,40953.0,1638.1,-41.82,5.0,30.1,-79.95,-6.85,6.25,-13.1,stranded
2025,CER Colorado Bend Energy Partners LP,Colorado Bend Energy Center,56350,CT4A,TX,Wharton,29.2878,-96.0683,37.0,8.65,NG,GT,2023,2,1.0,324120.0,2803638.0,178266.0,81030.0,3241.2,-43.41,5.0,30.28,-81.71,-14.07,12.41,-26.48,stranded
2025,CER Colorado Bend Energy Partners LP,Colorado Bend Energy Center,56350,CT4B,TX,Wharton,29.2878,-96.0683,37.0,8.65,NG,GT,2023,2,1.0,324120.0,2803638.0,178266.0,81030.0,3241.2,-43.41,5.0,30.28,-81.71,-14.07,12.41,-26.48,stranded
2025,"South Texas Electric Coop, Inc",Sam Rayburn,3631,10,TX,Victoria,28.8947,-97.135,42.0,9.44,NG,CA,2003,22,0.9999,367878.0,3472768.0,136114.9,36787.8,3678.8,3609.72,3.5,33.04,3571.14,1327.94,14.19,1313.74,operating
2025,"South Texas Electric Coop, Inc",Sam Rayburn,3631,7,TX,Victoria,28.8947,-97.135,49.2,9.44,NG,CT,2003,22,0.9999,430943.0,4068100.0,159448.8,43094.3,4309.4,3609.72,3.5,33.04,3571.14,1555.58,16.63,1538.96,operating
2025,"South Texas Electric Coop, Inc",Sam Rayburn,3631,8,TX,Victoria,28.8947,-97.135,49.2,9.44,NG,CT,2003,22,0.9999,430943.0,4068100.0,159448.8,43094.3,4309.4,3609.72,3.5,33.04,3571.14,1555.58,16.63,1538.96,operating
2025,"South Texas Electric Coop, Inc",Sam Rayburn,3631,9,TX,Victoria,28.8947,-97.135,49.2,9.44,NG,CT,2003,22,0.9999,430943.0,4068100.0,159448.8,43094.3,4309.4,3609.72,3.5,33.04,3571.14,1555.58,16.63,1538.96,operating
2025,"South Texas Electric Coop, Inc",Pearsall,3630,10A,TX,Frio,28.9275,-99.0919,8.4,9.12,NG,IC,2010,15,1.0,73584.0,671086.0,40471.2,18396.0,735.8,3609.72,5.0,31.92,3569.77,265.62,2.94,262.68,operating
2025,"South Texas Electric Coop, Inc",Pearsall,3630,11A,TX,Frio,28.9275,-99.0919,8.4,9.12,NG,IC,2010,15,1.0,73584.0,671086.0,40471.2,18396.0,735.8,3609.72,5.0,31.92,3569.77,265.62,2.94,262.68,operating
2025,"South Texas Electric Coop, Inc",Pearsall,3630,12A,TX,Frio,28.9275,-99.0919,8.4,9.12,NG,IC,2010,15,1.0,73584.0,671086.0,40471.2,18396.0,735.8,3609.72,5.0,31.92,3569.77,265.62,2.94,262.68,operating
2025,"South Texas Electric Coop, Inc",Pearsall,3630,13A,TX,Frio,28.9275,-99.0919,8.4,9.12,NG,IC,2010,15,1.0,73584.0,671086.0,40471.2,18396.0,735.8,3609.72,5.0,31.92,3569.77,265.62,2.94,262.68,operating
2025,"South Texas Electric Coop, Inc",Pearsall,3630,14A,TX,Frio,28.9275,-99.0919,8.4,9.12,NG,IC,2010,15,1.0,73584.0,671086.0,40471.2,18396.0,735.8,3609.72,5.0,31.92,3569.77,265.62,2.94,262.68,operating
2025,"South Texas Electric Coop, Inc",Pearsall,3630,15A,TX,Frio,28.9275,-99.0919,8.4,9.12,NG,IC,2010,15,1.0,73584.0,671086.0,40471.2,18396.0,735.8,3609.72,5.0,31.92,3569.77,265.62,2.94,262.68,operating
2025,"South Texas Electric Coop, Inc",Pearsall,3630,16A,TX,Frio,28.9275,-99.0919,8.4,9.12,NG,IC,2010,15,1.0,73584.0,671086.0,40471.2,18396.0,735.8,3609.72,5.0,31.92,3569.77,265.62,2.94,262.68,operating
2025,"South Texas Electric Coop, Inc",Pearsall,3630,17A,TX,Frio,28.9275,-99.0919,8.4,9.12,NG,IC,2010,15,1.0,73584.0,671086.0,40471.2,18396.0,735.8,3609.72,5.0,31.92,3569.77,265.62,2.94,262.68,operating
2025,"South Texas Electric Coop, Inc",Pearsall,3630,18A,TX,Frio,28.9275,-99.0919,8.4,9.12,NG,IC,2010,15,1.0,73584.0,671086.0,40471.2,18396.0,735.8,3609.72,5.0,31.92,3569.77,265.62,2.94,262.68,operating
2025,"South Texas Electric Coop, Inc",Pearsall,3630,19A,TX,Frio,28.9275,-99.0919,8.4,9.12,NG,IC,2010,15,1.0,73584.0,671086.0,40471.2,18396.0,735.8,3609.72,5.0,31.92,3569.77,265.62,2.94,262.68,operating
2025,"South Texas Electric Coop, Inc",Pearsall,3630,1A,TX,Frio,28.9275,-99.0919,8.4,9.12,NG,IC,2010,15,1.0,73584.0,671086.0,40471.2,18396.0,735.8,3609.72,5.0,31.92,3569.77,265.62,2.94,262.68,operating
2025,"South Texas Electric Coop, Inc",Pearsall,3630,20A,TX,Frio,28.9275,-99.0919,8.4,9.12,NG,IC,2010,15,1.0,73584.0,671086.0,40471.2,18396.0,735.8,3609.72,5.0,31.92,3569.77,265.62,2.94,262.68,operating
2025,"South Texas Electric Coop, Inc",Pearsall,3630,21A,TX,Frio,28.9275,-99.0919,8.4,9.12,NG,IC,2010,15,1.0,73584.0,671086.0,40471.2,18396.0,735.8,3609.72,5.0,31.92,3569.77,265.62,2.94,262.68,operating
2025,"South Texas Electric Coop, Inc",Pearsall,3630,22A,TX,Frio,28.9275,-99.0919,8.4,9.12,NG,IC,2010,15,1.0,73584.0,671086.0,40471.2,18396.0,735.8,3609.72,5.0,31.92,3569.77,265.62,2.94,262.68,operating
2025,"South Texas Electric Coop, Inc",Pearsall,3630,23A,TX,Frio,28.9275,-99.0919,8.4,9.12,NG,IC,2010,15,1.0,73584.0,671086.0,40471.2,18396.0,735.8,3609.72,5.0,31.92,3569.77,265.62,2.94,262.68,operating
2025,"South Texas Electric Coop, Inc",Pearsall,3630,24A,TX,Frio,28.9275,-99.0919,8.4,9.12,NG,IC,2010,15,1.0,73584.0,671086.0,40471.2,18396.0,735.8,3609.72,5.0,31.92,3569.77,265.62,2.94,262.68,operating
2025,"South Texas Electric Coop, Inc",Pearsall,3630,2A,TX,Frio,28.9275,-99.0919,8.4,9.12,NG,IC,2010,15,1.0,73584.0,671086.0,40471.2,18396.0,735.8,3609.72,5.0,31.92,3569.77,265.62,2.94,262.68,operating
2025,"South Texas Electric Coop, Inc",Pearsall,3630,3A,TX,Frio,28.9275,-99.0919,8.4,9.12,NG,IC,2010,15,1.0,73584.0,671086.0,40471.2,18396.0,735.8,3609.72,5.0,31.92,3569.77,265.62,2.94,262.68,operating
2025,"South Texas Electric Coop, Inc",Pearsall,3630,4A,TX,Frio,28.9275,-99.0919,8.4,9.12,NG,IC,2010,15,1.0,73584.0,671086.0,40471.2,18396.0,735.8,3609.72,5.0,31.92,3569.77,265.62,2.94,262.68,operating
2025,"South Texas Electric Coop, Inc",Pearsall,3630,5A,TX,Frio,28.9275,-99.0919,8.4,9.12,NG,IC,2010,15,1.0,73584.0,671086.0,40471.2,18396.0,735.8,3609.72,5.0,31.92,3569.77,265.62,2.94,262.68,operating
2025,"South Texas Electric Coop, Inc",Pearsall,3630,6A,TX,Frio,28.9275,-99.0919,8.4,9.12,NG,IC,2010,15,1.0,73584.0,671086.0,40471.2,18396.0,735.8,3609.72,5.0,31.92,3569.77,265.62,2.94,262.68,operating
2025,"South Texas Electric Coop, Inc",Pearsall,3630,7A,TX,Frio,28.9275,-99.0919,8.4,9.12,NG,IC,2010,15,1.0,73584.0,671086.0,40471.2,18396.0,735.8,3609.72,5.0,31.92,3569.77,265.62,2.94,262.68,operating
2025,"South Texas Electric Coop, Inc",Pearsall,3630,8A,TX,Frio,28.9275,-99.0919,8.4,9.12,NG,IC,2010,15,1.0,73584.0,671086.0,40471.2,18396.0,735.8,3609.72,5.0,31.92,3569.77,265.62,2.94,262.68,operating
2025,"South Texas Electric Coop, Inc",Pearsall,3630,9A,TX,Frio,28.9275,-99.0919,8.4,9.12,NG,IC,2010,15,1.0,73584.0,671086.0,40471.2,18396.0,735.8,3609.72,5.0,31.92,3569.77,265.62,2.94,262.68,operating
2025,SJRR			,SJRR Power LLC,62548,SJ-1,TX,Harris,29.88193,-95.11148,50.0,9.13,NG,GT,2022,3,1.0,438000.0,3998940.0,240900.0,109500.0,4380.0,-43.41,5.0,31.96,-83.39,-19.01,17.51,-36.53,stranded
2025,SJRR			,SJRR Power LLC,62548,SJ-2,TX,Harris,29.88193,-95.11148,50.0,9.13,NG,GT,2022,3,1.0,438000.0,3998940.0,240900.0,109500.0,4380.0,-43.41,5.0,31.96,-83.39,-19.01,17.51,-36.53,stranded
2025,"San Miguel Electric Coop, Inc",San Miguel,6183,1,TX,Atascosa,28.7044,-98.4775,410.0,13.17,LIG,ST,1982,43,0.9987,3587090.0,47241975.0,3407735.5,2869672.0,6456762.0,3609.72,5.5,29.63,3569.35,12948.39,144.83,12803.56,operating
2025,"Sky Global Power One Pledgor, LLC",Sky Global Power One,59938,UNIT1,TX,Colorado,29.550278,-96.537778,8.5,9.57,NG,IC,2016,9,1.0,74460.0,712582.0,40953.0,18615.0,744.6,3609.72,5.0,33.5,3568.2,268.78,3.09,265.69,operating
2025,"Sky Global Power One Pledgor, LLC",Sky Global Power One,59938,UNIT2,TX,Colorado,29.550278,-96.537778,8.5,9.57,NG,IC,2016,9,1.0,74460.0,712582.0,40953.0,18615.0,744.6,3609.72,5.0,33.5,3568.2,268.78,3.09,265.69,operating
2025,"Sky Global Power One Pledgor, LLC",Sky Global Power One,59938,UNIT3,TX,Colorado,29.550278,-96.537778,8.5,9.57,NG,IC,2016,9,1.0,74460.0,712582.0,40953.0,18615.0,744.6,3609.72,5.0,33.5,3568.2,268.78,3.09,265.69,operating
2025,"Sky Global Power One Pledgor, LLC",Sky Global Power One,59938,UNIT4,TX,Colorado,29.550278,-96.537778,8.5,9.57,NG,IC,2016,9,1.0,74460.0,712582.0,40953.0,18615.0,744.6,3609.72,5.0,33.5,3568.2,268.78,3.09,265.69,operating
2025,"Sky Global Power One Pledgor, LLC",Sky Global Power One,59938,UNIT5,TX,Colorado,29.550278,-96.537778,8.5,9.57,NG,IC,2016,9,1.0,74460.0,712582.0,40953.0,18615.0,744.6,3609.72,5.0,33.5,3568.2,268.78,3.09,265.69,operating
2025,"Sky Global Power One Pledgor, LLC",Sky Global Power One,59938,UNIT6,TX,Colorado,29.550278,-96.537778,8.5,9.57,NG,IC,2016,9,1.0,74460.0,712582.0,40953.0,18615.0,744.6,3609.72,5.0,33.5,3568.2,268.78,3.09,265.69,operating
2025,City of San Antonio - (TX),Laredo,3439,4,TX,Webb,27.5667,-99.5089,131.8,9.58,NG,GT,2008,17,1.0,1154568.0,11060761.0,635012.4,288642.0,11545.7,3609.72,5.0,33.53,3568.16,4167.67,47.98,4119.69,operating
2025,City of San Antonio - (TX),Laredo,3439,5,TX,Webb,27.5667,-99.5089,131.8,9.58,NG,GT,2008,17,1.0,1154568.0,11060761.0,635012.4,288642.0,11545.7,3609.72,5.0,33.53,3568.16,4167.67,47.98,4119.69,operating
2025,NRG Texas Power LLC,T H Wharton,3469,3,TX,Harris,29.9417,-95.5306,113.1,10.43,NG,CA,1974,51,0.9999,990643.0,10332405.0,366537.9,99064.3,9906.4,-43.41,3.5,36.5,-85.45,-43.0,41.65,-84.65,stranded
2025,NRG Texas Power LLC,T H Wharton,3469,31,TX,Harris,29.9417,-95.5306,54.0,10.43,NG,CT,1972,53,0.9999,472986.0,4933244.0,175004.8,47298.6,4729.9,-43.41,3.5,36.5,-85.45,-20.53,19.89,-40.42,stranded
2025,NRG Texas Power LLC,T H Wharton,3469,32,TX,Harris,29.9417,-95.5306,54.0,10.43,NG,CT,1972,53,0.9999,472986.0,4933244.0,175004.8,47298.6,4729.9,-43.41,3.5,36.5,-85.45,-20.53,19.89,-40.42,stranded
2025,NRG Texas Power LLC,T H Wharton,3469,33,TX,Harris,29.9417,-95.5306,54.0,10.43,NG,CT,1972,53,0.9999,472986.0,4933244.0,175004.8,47298.6,4729.9,-43.41,3.5,36.5,-85.45,-20.53,19.89,-40.42,stranded
2025,NRG Texas Power LLC,T H Wharton,3469,34,TX,Harris,29.9417,-95.5306,54.0,10.43,NG,CT,1972,53,0.9999,472986.0,4933244.0,175004.8,47298.6,4729.9,-43.41,3.5,36.5,-85.45,-20.53,19.89,-40.42,stranded
2025,NRG Texas Power LLC,T H Wharton,3469,4,TX,Harris,29.9417,-95.5306,113.1,10.43,NG,CA,1974,51,0.9999,990643.0,10332405.0,366537.9,99064.3,9906.4,-43.41,3.5,36.5,-85.45,-43.0,41.65,-84.65,stranded
2025,NRG Texas Power LLC,T H Wharton,3469,41,TX,Harris,29.9417,-95.5306,54.0,10.43,NG,CT,1972,53,0.9999,472986.0,4933244.0,175004.8,47298.6,4729.9,-43.41,3.5,36.5,-85.45,-20.53,19.89,-40.42,stranded
2025,NRG Texas Power LLC,T H Wharton,3469,42,TX,Harris,29.9417,-95.5306,54.0,10.43,NG,CT,1972,53,0.9999,472986.0,4933244.0,175004.8,47298.6,4729.9,-43.41,3.5,36.5,-85.45,-20.53,19.89,-40.42,stranded
2025,NRG Texas Power LLC,T H Wharton,3469,43,TX,Harris,29.9417,-95.5306,56.7,10.43,NG,CT,1974,51,0.9999,496635.0,5179906.0,183755.1,49663.5,4966.4,-43.41,3.5,36.5,-85.45,-21.56,20.88,-42.44,stranded
2025,NRG Texas Power LLC,T H Wharton,3469,44,TX,Harris,29.9417,-95.5306,56.7,10.43,NG,CT,1974,51,0.9999,496635.0,5179906.0,183755.1,49663.5,4966.4,-43.41,3.5,36.5,-85.45,-21.56,20.88,-42.44,stranded
2025,Paris Generation LP,Paris Energy Center,50109,GEN1,TX,Lamar,33.6968,-95.5577,87.8,10.66,NG,CT,1989,36,0.9999,769040.0,8197969.0,284544.9,76904.0,7690.4,-41.82,3.5,37.31,-84.67,-32.16,32.95,-65.12,stranded
2025,Paris Generation LP,Paris Energy Center,50109,GEN2,TX,Lamar,33.6968,-95.5577,87.8,10.66,NG,CT,1989,36,0.9999,769040.0,8197969.0,284544.9,76904.0,7690.4,-41.82,3.5,37.31,-84.67,-32.16,32.95,-65.12,stranded
2025,Paris Generation LP,Paris Energy Center,50109,GEN3,TX,Lamar,33.6968,-95.5577,90.0,10.66,NG,CA,1989,36,0.9999,788310.0,8403385.0,291674.7,78831.0,7883.1,-41.82,3.5,37.31,-84.67,-32.97,33.78,-66.75,stranded
2025,ProEnergy Services,Brotman Power Station,65373,CTG-1,TX,Brazoria,29.364128,-95.435068,60.5,10.12,NG,GT,2023,2,1.0,529980.0,5363398.0,291489.0,132495.0,5299.8,-43.41,5.0,35.42,-86.86,-23.01,23.03,-46.03,stranded
2025,ProEnergy Services,Brotman Power Station,65373,CTG-2,TX,Brazoria,29.364128,-95.435068,60.5,10.12,NG,GT,2023,2,1.0,529980.0,5363398.0,291489.0,132495.0,5299.8,-43.41,5.0,35.42,-86.86,-23.01,23.03,-46.03,stranded
2025,ProEnergy Services,Brotman Power Station,65373,CTG-3,TX,Brazoria,29.364128,-95.435068,60.5,10.12,NG,GT,2023,2,1.0,529980.0,5363398.0,291489.0,132495.0,5299.8,-43.41,5.0,35.42,-86.86,-23.01,23.03,-46.03,stranded
2025,ProEnergy Services,Brotman Power Station,65373,CTG-4,TX,Brazoria,29.364128,-95.435068,60.5,10.12,NG,GT,2023,2,1.0,529980.0,5363398.0,291489.0,132495.0,5299.8,-43.41,5.0,35.42,-86.86,-23.01,23.03,-46.03,stranded
2025,ProEnergy Services,Brotman Power Station,65373,CTG-5,TX,Brazoria,29.364128,-95.435068,60.5,10.12,NG,GT,2023,2,1.0,529980.0,5363398.0,291489.0,132495.0,5299.8,-43.41,5.0,35.42,-86.86,-23.01,23.03,-46.03,stranded
2025,ProEnergy Services,Brotman Power Station,65373,CTG-6,TX,Brazoria,29.364128,-95.435068,60.5,10.12,NG,GT,2023,2,1.0,529980.0,5363398.0,291489.0,132495.0,5299.8,-43.41,5.0,35.42,-86.86,-23.01,23.03,-46.03,stranded
2025,ProEnergy Services,Brotman Power Station,65373,CTG-7,TX,Brazoria,29.364128,-95.435068,60.5,10.12,NG,GT,2023,2,1.0,529980.0,5363398.0,291489.0,132495.0,5299.8,-43.41,5.0,35.42,-86.86,-23.01,23.03,-46.03,stranded
2025,ProEnergy Services,Brotman Power Station,65373,CTG-8,TX,Brazoria,29.364128,-95.435068,60.5,10.12,NG,GT,2023,2,1.0,529980.0,5363398.0,291489.0,132495.0,5299.8,-43.41,5.0,35.42,-86.86,-23.01,23.03,-46.03,stranded
2025,City of San Antonio - (TX),O W Sommers,3611,1,TX,Bexar,29.308056,-98.3242,446.0,10.88,NG,ST,1972,53,0.9999,3906514.0,42502872.0,1445410.2,390651.4,39065.1,3609.72,3.5,38.08,3566.1,14101.42,170.4,13931.02,operating
2025,City of San Antonio - (TX),O W Sommers,3611,2,TX,Bexar,29.308056,-98.3242,446.0,10.88,NG,ST,1974,51,0.9999,3906514.0,42502872.0,1445410.2,390651.4,39065.1,3609.72,3.5,38.08,3566.1,14101.42,170.4,13931.02,operating
2025,"EnLink Midstream Services, LLC",Bridgeport Gas Processing Plant,55053,14,TX,Wise,33.195763,-97.802547,0.8,10.2,NG,IC,2013,12,1.0,7008.0,71482.0,3854.4,1752.0,70.1,-41.82,5.0,35.7,-85.55,-0.29,0.31,-0.6,stranded
2025,"EnLink Midstream Services, LLC",Bridgeport Gas Processing Plant,55053,15,TX,Wise,33.195763,-97.802547,0.8,10.2,NG,IC,2013,12,1.0,7008.0,71482.0,3854.4,1752.0,70.1,-41.82,5.0,35.7,-85.55,-0.29,0.31,-0.6,stranded
2025,"EnLink Midstream Services, LLC",Bridgeport Gas Processing Plant,55053,16,TX,Wise,33.195763,-97.802547,0.8,10.2,NG,IC,2013,12,1.0,7008.0,71482.0,3854.4,1752.0,70.1,-41.82,5.0,35.7,-85.55,-0.29,0.31,-0.6,stranded
2025,"EnLink Midstream Services, LLC",Bridgeport Gas Processing Plant,55053,17,TX,Wise,33.195763,-97.802547,0.8,10.2,NG,IC,2013,12,1.0,7008.0,71482.0,3854.4,1752.0,70.1,-41.82,5.0,35.7,-85.55,-0.29,0.31,-0.6,stranded
2025,"EnLink Midstream Services, LLC",Bridgeport Gas Processing Plant,55053,2723,TX,Wise,33.195763,-97.802547,0.8,10.2,NG,IC,2009,16,1.0,7008.0,71482.0,3854.4,1752.0,70.1,-41.82,5.0,35.7,-85.55,-0.29,0.31,-0.6,stranded
2025,"EnLink Midstream Services, LLC",Bridgeport Gas Processing Plant,55053,654,TX,Wise,33.195763,-97.802547,0.8,10.2,NG,IC,2000,25,1.0,7008.0,71482.0,3854.4,1752.0,70.1,-41.82,5.0,35.7,-85.55,-0.29,0.31,-0.6,stranded
2025,"EnLink Midstream Services, LLC",Bridgeport Gas Processing Plant,55053,655,TX,Wise,33.195763,-97.802547,0.8,10.2,NG,IC,2001,24,1.0,7008.0,71482.0,3854.4,1752.0,70.1,-41.82,5.0,35.7,-85.55,-0.29,0.31,-0.6,stranded
2025,"EnLink Midstream Services, LLC",Bridgeport Gas Processing Plant,55053,656,TX,Wise,33.195763,-97.802547,0.8,10.2,NG,IC,2001,24,1.0,7008.0,71482.0,3854.4,1752.0,70.1,-41.82,5.0,35.7,-85.55,-0.29,0.31,-0.6,stranded
2025,"EnLink Midstream Services, LLC",Bridgeport Gas Processing Plant,55053,657,TX,Wise,33.195763,-97.802547,0.8,10.2,NG,IC,2001,24,1.0,7008.0,71482.0,3854.4,1752.0,70.1,-41.82,5.0,35.7,-85.55,-0.29,0.31,-0.6,stranded
2025,"EnLink Midstream Services, LLC",Bridgeport Gas Processing Plant,55053,658,TX,Wise,33.195763,-97.802547,0.8,10.2,NG,IC,2001,24,1.0,7008.0,71482.0,3854.4,1752.0,70.1,-41.82,5.0,35.7,-85.55,-0.29,0.31,-0.6,stranded
2025,"EnLink Midstream Services, LLC",Bridgeport Gas Processing Plant,55053,666,TX,Wise,33.195763,-97.802547,0.8,10.2,NG,IC,2001,24,1.0,7008.0,71482.0,3854.4,1752.0,70.1,-41.82,5.0,35.7,-85.55,-0.29,0.31,-0.6,stranded
2025,"EnLink Midstream Services, LLC",Bridgeport Gas Processing Plant,55053,667,TX,Wise,33.195763,-97.802547,0.8,10.2,NG,IC,2001,24,1.0,7008.0,71482.0,3854.4,1752.0,70.1,-41.82,5.0,35.7,-85.55,-0.29,0.31,-0.6,stranded
2025,"EnLink Midstream Services, LLC",Bridgeport Gas Processing Plant,55053,671,TX,Wise,33.195763,-97.802547,0.8,10.2,NG,IC,2002,23,1.0,7008.0,71482.0,3854.4,1752.0,70.1,-41.82,5.0,35.7,-85.55,-0.29,0.31,-0.6,stranded
2025,City of San Antonio - (TX),Topaz Generating,63688,CTG-1,TX,Galveston,29.426389,-94.976667,60.5,10.25,NG,GT,2021,4,1.0,529980.0,5432295.0,291489.0,132495.0,5299.8,-43.41,5.0,35.88,-87.31,-23.01,23.27,-46.27,stranded
2025,City of San Antonio - (TX),Topaz Generating,63688,CTG-2,TX,Galveston,29.426389,-94.976667,60.5,10.25,NG,GT,2021,4,1.0,529980.0,5432295.0,291489.0,132495.0,5299.8,-43.41,5.0,35.88,-87.31,-23.01,23.27,-46.27,stranded
2025,City of San Antonio - (TX),Topaz Generating,63688,CTG-3,TX,Galveston,29.426389,-94.976667,60.5,10.25,NG,GT,2021,4,1.0,529980.0,5432295.0,291489.0,132495.0,5299.8,-43.41,5.0,35.88,-87.31,-23.01,23.27,-46.27,stranded
2025,City of San Antonio - (TX),Topaz Generating,63688,CTG-4,TX,Galveston,29.426389,-94.976667,60.5,10.25,NG,GT,2021,4,1.0,529980.0,5432295.0,291489.0,132495.0,5299.8,-43.41,5.0,35.88,-87.31,-23.01,23.27,-46.27,stranded
2025,City of San Antonio - (TX),Topaz Generating,63688,CTG-5,TX,Galveston,29.426389,-94.976667,60.5,10.25,NG,GT,2021,4,1.0,529980.0,5432295.0,291489.0,132495.0,5299.8,-43.41,5.0,35.88,-87.31,-23.01,23.27,-46.27,stranded
2025,City of San Antonio - (TX),Topaz Generating,63688,CTG-6,TX,Galveston,29.426389,-94.976667,60.5,10.25,NG,GT,2021,4,1.0,529980.0,5432295.0,291489.0,132495.0,5299.8,-43.41,5.0,35.88,-87.31,-23.01,23.27,-46.27,stranded
2025,City of San Antonio - (TX),Topaz Generating,63688,CTG-7,TX,Galveston,29.426389,-94.976667,60.5,10.25,NG,GT,2021,4,1.0,529980.0,5432295.0,291489.0,132495.0,5299.8,-43.41,5.0,35.88,-87.31,-23.01,23.27,-46.27,stranded
2025,City of San Antonio - (TX),Topaz Generating,63688,CTG-8,TX,Galveston,29.426389,-94.976667,60.5,10.25,NG,GT,2021,4,1.0,529980.0,5432295.0,291489.0,132495.0,5299.8,-43.41,5.0,35.88,-87.31,-23.01,23.27,-46.27,stranded
2025,City of San Antonio - (TX),Topaz Generating,63688,CTG-9,TX,Galveston,29.426389,-94.976667,60.5,10.25,NG,GT,2021,4,1.0,529980.0,5432295.0,291489.0,132495.0,5299.8,-43.41,5.0,35.88,-87.31,-23.01,23.27,-46.27,stranded
2025,City of San Antonio - (TX),Topaz Generating,63688,CTG10,TX,Galveston,29.426389,-94.976667,60.5,10.25,NG,GT,2021,4,1.0,529980.0,5432295.0,291489.0,132495.0,5299.8,-43.41,5.0,35.88,-87.31,-23.01,23.27,-46.27,stranded
2025,City of San Antonio - (TX),Mark One Power Station,65372,CTG-1,TX,Brazoria,29.227109,-95.430756,60.5,10.3,NG,GT,2022,3,1.0,529980.0,5458794.0,291489.0,132495.0,5299.8,-43.41,5.0,36.05,-87.49,-23.01,23.36,-46.37,stranded
2025,City of San Antonio - (TX),Mark One Power Station,65372,CTG-2,TX,Brazoria,29.227109,-95.430756,60.5,10.3,NG,GT,2022,3,1.0,529980.0,5458794.0,291489.0,132495.0,5299.8,-43.41,5.0,36.05,-87.49,-23.01,23.36,-46.37,stranded
2025,City of San Antonio - (TX),Mark One Power Station,65372,CTG-3,TX,Brazoria,29.227109,-95.430756,60.5,10.3,NG,GT,2022,3,1.0,529980.0,5458794.0,291489.0,132495.0,5299.8,-43.41,5.0,36.05,-87.49,-23.01,23.36,-46.37,stranded
2025,City of San Antonio - (TX),Mark One Power Station,65372,CTG-4,TX,Brazoria,29.227109,-95.430756,60.5,10.3,NG,GT,2022,3,1.0,529980.0,5458794.0,291489.0,132495.0,5299.8,-43.41,5.0,36.05,-87.49,-23.01,23.36,-46.37,stranded
2025,City of San Antonio - (TX),Mark One Power Station,65372,CTG-5,TX,Brazoria,29.227109,-95.430756,60.5,10.3,NG,GT,2022,3,1.0,529980.0,5458794.0,291489.0,132495.0,5299.8,-43.41,5.0,36.05,-87.49,-23.01,23.36,-46.37,stranded
2025,City of San Antonio - (TX),Mark One Power Station,65372,CTG-6,TX,Brazoria,29.227109,-95.430756,60.5,10.3,NG,GT,2022,3,1.0,529980.0,5458794.0,291489.0,132495.0,5299.8,-43.41,5.0,36.05,-87.49,-23.01,23.36,-46.37,stranded
2025,City of San Antonio - (TX),Mark One Power Station,65372,CTG-7,TX,Brazoria,29.227109,-95.430756,60.5,10.3,NG,GT,2024,1,1.0,529980.0,5458794.0,291489.0,132495.0,5299.8,-43.41,5.0,36.05,-87.49,-23.01,23.36,-46.37,stranded
2025,City of San Antonio - (TX),Mark One Power Station,65372,CTG-8,TX,Brazoria,29.227109,-95.430756,60.5,10.3,NG,GT,2024,1,1.0,529980.0,5458794.0,291489.0,132495.0,5299.8,-43.41,5.0,36.05,-87.49,-23.01,23.36,-46.37,stranded
2025,City of San Antonio - (TX),V H Braunig,3612,1,TX,Bexar,29.2567,-98.3825,225.0,11.03,NG,ST,1966,59,0.9999,1970775.0,21737648.0,729186.8,197077.5,19707.8,3609.72,3.5,38.6,3565.58,7113.95,87.0,7026.95,operating
2025,City of San Antonio - (TX),V H Braunig,3612,2,TX,Bexar,29.2567,-98.3825,252.0,11.03,NG,ST,1968,57,0.9999,2207268.0,24346166.0,816689.2,220726.8,22072.7,3609.72,3.5,38.6,3565.58,7967.62,97.44,7870.18,operating
2025,City of San Antonio - (TX),V H Braunig,3612,3,TX,Bexar,29.2567,-98.3825,417.0,11.03,NG,ST,1970,55,0.9999,3652503.0,40287108.0,1351426.1,365250.3,36525.0,3609.72,3.5,38.6,3565.58,13184.51,161.24,13023.28,operating
2025,City of San Antonio - (TX),Remy Jade Power Station,66604,CTG-1,TX,Harris,29.848372,-95.016398,60.5,10.32,NG,GT,2024,1,1.0,529980.0,5469394.0,291489.0,132495.0,5299.8,-43.41,5.0,36.12,-87.56,-23.01,23.4,-46.4,stranded
2025,City of San Antonio - (TX),Remy Jade Power Station,66604,CTG-2,TX,Harris,29.848372,-95.016398,60.5,10.32,NG,GT,2024,1,1.0,529980.0,5469394.0,291489.0,132495.0,5299.8,-43.41,5.0,36.12,-87.56,-23.01,23.4,-46.4,stranded
2025,City of San Antonio - (TX),Remy Jade Power Station,66604,CTG-3,TX,Harris,29.848372,-95.016398,60.5,10.32,NG,GT,2024,1,1.0,529980.0,5469394.0,291489.0,132495.0,5299.8,-43.41,5.0,36.12,-87.56,-23.01,23.4,-46.4,stranded
2025,City of San Antonio - (TX),Remy Jade Power Station,66604,CTG-4,TX,Harris,29.848372,-95.016398,60.5,10.32,NG,GT,2024,1,1.0,529980.0,5469394.0,291489.0,132495.0,5299.8,-43.41,5.0,36.12,-87.56,-23.01,23.4,-46.4,stranded
2025,City of San Antonio - (TX),Remy Jade Power Station,66604,CTG-5,TX,Harris,29.848372,-95.016398,60.5,10.32,NG,GT,2024,1,1.0,529980.0,5469394.0,291489.0,132495.0,5299.8,-43.41,5.0,36.12,-87.56,-23.01,23.4,-46.4,stranded
2025,City of San Antonio - (TX),Remy Jade Power Station,66604,CTG-6,TX,Harris,29.848372,-95.016398,60.5,10.32,NG,GT,2024,1,1.0,529980.0,5469394.0,291489.0,132495.0,5299.8,-43.41,5.0,36.12,-87.56,-23.01,23.4,-46.4,stranded
2025,City of San Antonio - (TX),Remy Jade Power Station,66604,CTG-7,TX,Harris,29.848372,-95.016398,60.5,10.32,NG,GT,2024,1,1.0,529980.0,5469394.0,291489.0,132495.0,5299.8,-43.41,5.0,36.12,-87.56,-23.01,23.4,-46.4,stranded
2025,City of San Antonio - (TX),Remy Jade Power Station,66604,CTG-8,TX,Harris,29.848372,-95.016398,60.5,10.32,NG,GT,2024,1,1.0,529980.0,5469394.0,291489.0,132495.0,5299.8,-43.41,5.0,36.12,-87.56,-23.01,23.4,-46.4,stranded
2025,City of San Antonio - (TX),HO Clarke Generating,63335,CTG-1,TX,Harris,29.64536,-95.45169,60.5,10.34,NG,GT,2021,4,1.0,529980.0,5479993.0,291489.0,132495.0,5299.8,-43.41,5.0,36.19,-87.63,-23.01,23.43,-46.44,stranded
2025,City of San Antonio - (TX),HO Clarke Generating,63335,CTG-2,TX,Harris,29.64536,-95.45169,60.5,10.34,NG,GT,2021,4,1.0,529980.0,5479993.0,291489.0,132495.0,5299.8,-43.41,5.0,36.19,-87.63,-23.01,23.43,-46.44,stranded
2025,City of San Antonio - (TX),HO Clarke Generating,63335,CTG-3,TX,Harris,29.64536,-95.45169,60.5,10.34,NG,GT,2021,4,1.0,529980.0,5479993.0,291489.0,132495.0,5299.8,-43.41,5.0,36.19,-87.63,-23.01,23.43,-46.44,stranded
2025,City of San Antonio - (TX),HO Clarke Generating,63335,CTG-4,TX,Harris,29.64536,-95.45169,60.5,10.34,NG,GT,2021,4,1.0,529980.0,5479993.0,291489.0,132495.0,5299.8,-43.41,5.0,36.19,-87.63,-23.01,23.43,-46.44,stranded
2025,City of San Antonio - (TX),HO Clarke Generating,63335,CTG-5,TX,Harris,29.64536,-95.45169,60.5,10.34,NG,GT,2021,4,1.0,529980.0,5479993.0,291489.0,132495.0,5299.8,-43.41,5.0,36.19,-87.63,-23.01,23.43,-46.44,stranded
2025,City of San Antonio - (TX),HO Clarke Generating,63335,CTG-6,TX,Harris,29.64536,-95.45169,60.5,10.34,NG,GT,2021,4,1.0,529980.0,5479993.0,291489.0,132495.0,5299.8,-43.41,5.0,36.19,-87.63,-23.01,23.43,-46.44,stranded
2025,City of San Antonio - (TX),HO Clarke Generating,63335,CTG-7,TX,Harris,29.64536,-95.45169,60.5,10.34,NG,GT,2021,4,1.0,529980.0,5479993.0,291489.0,132495.0,5299.8,-43.41,5.0,36.19,-87.63,-23.01,23.43,-46.44,stranded
2025,City of San Antonio - (TX),HO Clarke Generating,63335,CTG-8,TX,Harris,29.64536,-95.45169,60.5,10.34,NG,GT,2021,4,1.0,529980.0,5479993.0,291489.0,132495.0,5299.8,-43.41,5.0,36.19,-87.63,-23.01,23.43,-46.44,stranded
2025,Tres Power Victoria LLC,"Tres Port Power, LLC",61242,VP-1,TX,Victoria,28.69637,-96.9453,50.0,10.36,NG,GT,2019,6,1.0,438000.0,4537680.0,240900.0,109500.0,4380.0,3609.72,5.0,36.26,3565.43,1581.06,19.4,1561.66,operating
2025,Tres Power Victoria LLC,"Tres Port Power, LLC",61242,VP-2,TX,Victoria,28.69637,-96.9453,50.0,10.36,NG,GT,2019,6,1.0,438000.0,4537680.0,240900.0,109500.0,4380.0,3609.72,5.0,36.26,3565.43,1581.06,19.4,1561.66,operating
2025,Ameresco Dallas LLC,Ameresco Dallas LLC,58946,ENG1,TX,Dallas,32.648611,-96.644444,1.4,10.36,LFG,IC,2011,14,1.0,12264.0,127055.0,6745.2,3066.0,122.6,-41.82,5.0,36.26,-86.11,-0.51,0.54,-1.06,stranded
2025,Ameresco Dallas LLC,Ameresco Dallas LLC,58946,ENG2,TX,Dallas,32.648611,-96.644444,1.4,10.36,LFG,IC,2011,14,1.0,12264.0,127055.0,6745.2,3066.0,122.6,-41.82,5.0,36.26,-86.11,-0.51,0.54,-1.06,stranded
2025,Ameresco Dallas LLC,Ameresco Dallas LLC,58946,ENG3,TX,Dallas,32.648611,-96.644444,1.4,10.36,LFG,IC,2011,14,1.0,12264.0,127055.0,6745.2,3066.0,122.6,-41.82,5.0,36.26,-86.11,-0.51,0.54,-1.06,stranded
2025,ProEnergy Services,Braes Bayou Plant,64383,CTG-1,TX,Fort Bend,29.480277,-95.620277,60.5,10.38,NG,GT,2022,3,1.0,529980.0,5501192.0,291489.0,132495.0,5299.8,-43.41,5.0,36.33,-87.77,-23.01,23.51,-46.51,stranded
2025,ProEnergy Services,Braes Bayou Plant,64383,CTG-2,TX,Fort Bend,29.480277,-95.620277,60.5,10.38,NG,GT,2022,3,1.0,529980.0,5501192.0,291489.0,132495.0,5299.8,-43.41,5.0,36.33,-87.77,-23.01,23.51,-46.51,stranded
2025,ProEnergy Services,Braes Bayou Plant,64383,CTG-3,TX,Fort Bend,29.480277,-95.620277,60.5,10.38,NG,GT,2022,3,1.0,529980.0,5501192.0,291489.0,132495.0,5299.8,-43.41,5.0,36.33,-87.77,-23.01,23.51,-46.51,stranded
2025,ProEnergy Services,Braes Bayou Plant,64383,CTG-4,TX,Fort Bend,29.480277,-95.620277,60.5,10.38,NG,GT,2022,3,1.0,529980.0,5501192.0,291489.0,132495.0,5299.8,-43.41,5.0,36.33,-87.77,-23.01,23.51,-46.51,stranded
2025,ProEnergy Services,Braes Bayou Plant,64383,CTG-5,TX,Fort Bend,29.480277,-95.620277,60.5,10.38,NG,GT,2022,3,1.0,529980.0,5501192.0,291489.0,132495.0,5299.8,-43.41,5.0,36.33,-87.77,-23.01,23.51,-46.51,stranded
2025,ProEnergy Services,Braes Bayou Plant,64383,CTG-6,TX,Fort Bend,29.480277,-95.620277,60.5,10.38,NG,GT,2022,3,1.0,529980.0,5501192.0,291489.0,132495.0,5299.8,-43.41,5.0,36.33,-87.77,-23.01,23.51,-46.51,stranded
2025,ProEnergy Services,Braes Bayou Plant,64383,CTG-7,TX,Fort Bend,29.480277,-95.620277,60.5,10.38,NG,GT,2022,3,1.0,529980.0,5501192.0,291489.0,132495.0,5299.8,-43.41,5.0,36.33,-87.77,-23.01,23.51,-46.51,stranded
2025,ProEnergy Services,Braes Bayou Plant,64383,CTG-8,TX,Fort Bend,29.480277,-95.620277,60.5,10.38,NG,GT,2022,3,1.0,529980.0,5501192.0,291489.0,132495.0,5299.8,-43.41,5.0,36.33,-87.77,-23.01,23.51,-46.51,stranded
2025,City of San Antonio - (TX),Leon Creek,3609,CGT1,TX,Bexar,29.3525,-98.5761,57.4,10.38,NG,GT,2004,21,1.0,502824.0,5219313.0,276553.2,125706.0,5028.2,3609.72,5.0,36.33,3565.36,1815.05,22.3,1792.75,operating
2025,City of San Antonio - (TX),Leon Creek,3609,CGT2,TX,Bexar,29.3525,-98.5761,57.4,10.38,NG,GT,2004,21,1.0,502824.0,5219313.0,276553.2,125706.0,5028.2,3609.72,5.0,36.33,3565.36,1815.05,22.3,1792.75,operating
2025,City of San Antonio - (TX),Leon Creek,3609,CGT3,TX,Bexar,29.3525,-98.5761,57.4,10.38,NG,GT,2004,21,1.0,502824.0,5219313.0,276553.2,125706.0,5028.2,3609.72,5.0,36.33,3565.36,1815.05,22.3,1792.75,operating
2025,City of San Antonio - (TX),Leon Creek,3609,CGT4,TX,Bexar,29.3525,-98.5761,57.4,10.38,NG,GT,2004,21,1.0,502824.0,5219313.0,276553.2,125706.0,5028.2,3609.72,5.0,36.33,3565.36,1815.05,22.3,1792.75,operating
2025,NRG Texas Power LLC,T H Wharton,3469,51,TX,Harris,29.9417,-95.5306,85.0,10.43,NG,GT,1975,50,1.0,744600.0,7766178.0,409530.0,186150.0,7446.0,-43.41,5.0,36.5,-87.94,-32.32,33.16,-65.48,stranded
2025,NRG Texas Power LLC,T H Wharton,3469,52,TX,Harris,29.9417,-95.5306,85.0,10.43,NG,GT,1975,50,1.0,744600.0,7766178.0,409530.0,186150.0,7446.0,-43.41,5.0,36.5,-87.94,-32.32,33.16,-65.48,stranded
2025,NRG Texas Power LLC,T H Wharton,3469,53,TX,Harris,29.9417,-95.5306,85.0,10.43,NG,GT,1975,50,1.0,744600.0,7766178.0,409530.0,186150.0,7446.0,-43.41,5.0,36.5,-87.94,-32.32,33.16,-65.48,stranded
2025,NRG Texas Power LLC,T H Wharton,3469,54,TX,Harris,29.9417,-95.5306,85.0,10.43,NG,GT,1975,50,1.0,744600.0,7766178.0,409530.0,186150.0,7446.0,-43.41,5.0,36.5,-87.94,-32.32,33.16,-65.48,stranded
2025,NRG Texas Power LLC,T H Wharton,3469,55,TX,Harris,29.9417,-95.5306,85.0,10.43,NG,GT,1975,50,1.0,744600.0,7766178.0,409530.0,186150.0,7446.0,-43.41,5.0,36.5,-87.94,-32.32,33.16,-65.48,stranded
2025,NRG Texas Power LLC,T H Wharton,3469,56,TX,Harris,29.9417,-95.5306,85.0,10.43,NG,GT,1975,50,1.0,744600.0,7766178.0,409530.0,186150.0,7446.0,-43.41,5.0,36.5,-87.94,-32.32,33.16,-65.48,stranded
2025,NRG Texas Power LLC,T H Wharton,3469,GT1,TX,Harris,29.9417,-95.5306,16.3,10.43,NG,GT,1967,58,1.0,142788.0,1489279.0,78533.4,35697.0,1427.9,-43.41,5.0,36.5,-87.94,-6.2,6.36,-12.56,stranded
2025,NRG Texas Power LLC,Cedar Bayou,3460,1,TX,Chambers,29.75,-94.9256,765.0,11.16,NG,ST,1970,55,0.9999,6700635.0,74779087.0,2479235.0,670063.5,67006.4,-43.41,3.5,39.06,-88.01,-290.87,298.84,-589.71,stranded
2025,NRG Texas Power LLC,Cedar Bayou,3460,2,TX,Chambers,29.75,-94.9256,765.0,11.16,NG,ST,1972,53,0.9999,6700635.0,74779087.0,2479235.0,670063.5,67006.4,-43.41,3.5,39.06,-88.01,-290.87,298.84,-589.71,stranded
2025,Deer Park Refinery Limited Partnership (DPRLP),Shell Deer Park,50304,GEN4,TX,Harris,29.723185,-95.128856,88.2,10.45,NG,GT,1995,30,1.0,772632.0,8074004.0,424947.6,193158.0,7726.3,-43.41,5.0,36.57,-88.01,-33.54,34.46,-68.0,stranded
2025,Deer Park Refinery Limited Partnership (DPRLP),Shell Deer Park,50304,GEN5,TX,Harris,29.723185,-95.128856,94.0,10.45,NG,GT,1995,30,1.0,823440.0,8604948.0,452892.0,205860.0,8234.4,-43.41,5.0,36.57,-88.01,-35.74,36.73,-72.47,stranded
2025,"Silicon Hills Campus, LLC",Central Utility Plant,10184,EG1,TX,Travis,30.397351,-97.842586,6.0,10.5,NG,IC,1988,37,1.0,52560.0,551880.0,28908.0,13140.0,525.6,3609.72,5.0,36.75,3564.94,189.73,2.35,187.37,operating
2025,"Silicon Hills Campus, LLC",Central Utility Plant,10184,EG2,TX,Travis,30.397351,-97.842586,6.0,10.5,NG,IC,1988,37,1.0,52560.0,551880.0,28908.0,13140.0,525.6,3609.72,5.0,36.75,3564.94,189.73,2.35,187.37,operating
2025,"Walmart Stores Texas, LLC",WAL537,64796,GEN1,TX,Ector,31.8957,-102.332512,0.4,10.5,NG,IC,2021,4,1.0,3504.0,36792.0,1927.2,876.0,35.0,2348.0,5.0,36.75,2303.22,8.23,0.16,8.07,operating
2025,"Walmart Stores Texas, LLC",WAL537,64796,GEN2,TX,Ector,31.8957,-102.332512,0.4,10.5,NG,IC,2021,4,1.0,3504.0,36792.0,1927.2,876.0,35.0,2348.0,5.0,36.75,2303.22,8.23,0.16,8.07,operating
2025,"Walmart Stores Texas, LLC",WAL537,64796,GEN3,TX,Ector,31.8957,-102.332512,0.4,10.5,NG,IC,2021,4,1.0,3504.0,36792.0,1927.2,876.0,35.0,2348.0,5.0,36.75,2303.22,8.23,0.16,8.07,operating
2025,"Walmart Stores Texas, LLC",WAL1801,64884,GEN1,TX,Tarrant,32.668729,-97.131834,0.4,10.5,NG,IC,2022,3,1.0,3504.0,36792.0,1927.2,876.0,35.0,-41.82,5.0,36.75,-86.6,-0.15,0.16,-0.3,stranded
2025,"Walmart Stores Texas, LLC",WAL1801,64884,GEN2,TX,Tarrant,32.668729,-97.131834,0.4,10.5,NG,IC,2022,3,1.0,3504.0,36792.0,1927.2,876.0,35.0,-41.82,5.0,36.75,-86.6,-0.15,0.16,-0.3,stranded
2025,"Walmart Stores Texas, LLC",WAL1801,64884,GEN3,TX,Tarrant,32.668729,-97.131834,0.4,10.5,NG,IC,2022,3,1.0,3504.0,36792.0,1927.2,876.0,35.0,-41.82,5.0,36.75,-86.6,-0.15,0.16,-0.3,stranded
2025,"Walmart Stores Texas, LLC",WAL5479,64958,GEN1,TX,Travis,30.453115,-97.606035,0.4,10.5,NG,IC,2021,4,1.0,3504.0,36792.0,1927.2,876.0,35.0,3609.72,5.0,36.75,3564.94,12.65,0.16,12.49,operating
2025,"Walmart Stores Texas, LLC",WAL5479,64958,GEN2,TX,Travis,30.453115,-97.606035,0.4,10.5,NG,IC,2021,4,1.0,3504.0,36792.0,1927.2,876.0,35.0,3609.72,5.0,36.75,3564.94,12.65,0.16,12.49,operating
2025,"Walmart Stores Texas, LLC",WAL5479,64958,GEN3,TX,Travis,30.453115,-97.606035,0.4,10.5,NG,IC,2021,4,1.0,3504.0,36792.0,1927.2,876.0,35.0,3609.72,5.0,36.75,3564.94,12.65,0.16,12.49,operating
2025,"Generate ER-NG, LLC",NEWPP,69279,NEWP1,TX,Harris,29.933747,-95.199855,30.0,10.5,NG,IC,2024,1,1.0,262800.0,2759400.0,144540.0,65700.0,2628.0,-43.41,5.0,36.75,-88.19,-11.41,11.77,-23.18,stranded
2025,Tres Power Victoria LLC,Tres City Power LLC,61241,VC-1,TX,Victoria,28.7853,-97.0093,50.0,10.53,NG,GT,2020,5,1.0,438000.0,4612140.0,240900.0,109500.0,4380.0,3609.72,5.0,36.85,3564.84,1581.06,19.66,1561.4,operating
2025,Tres Power Victoria LLC,Tres City Power LLC,61241,VC-2,TX,Victoria,28.7853,-97.0093,50.0,10.53,NG,GT,2020,5,1.0,438000.0,4612140.0,240900.0,109500.0,4380.0,3609.72,5.0,36.85,3564.84,1581.06,19.66,1561.4,operating
2025,Luminant Generation Company LLC,Graham,3490,1,TX,Young,33.1344,-98.6117,247.7,11.25,NG,ST,1960,65,0.9999,2169604.0,24408048.0,802753.6,216960.4,21696.0,-41.82,3.5,39.38,-86.74,-90.74,97.45,-188.19,stranded
2025,Luminant Generation Company LLC,Graham,3490,2,TX,Young,33.1344,-98.6117,387.0,11.25,NG,ST,1969,56,0.9999,3389733.0,38134496.0,1254201.2,338973.3,33897.3,-41.82,3.5,39.38,-86.74,-141.77,152.25,-294.02,stranded
2025,Luminant Generation Company LLC,Trinidad (TX),3507,6,TX,Henderson,32.124519,-96.101277,239.3,11.26,NG,ST,1965,60,0.9999,2096029.0,23601283.0,775530.6,209602.9,20960.3,-41.82,3.5,39.41,-86.77,-87.66,94.21,-181.88,stranded
2025,Lower Colorado River Authority,Sim Gideon,3601,1,TX,Bastrop,30.1456,-97.2708,136.0,11.3,NG,ST,1965,60,0.9999,1191224.0,13460831.0,440752.9,119122.4,11912.2,3609.72,3.5,39.55,3564.63,4299.99,53.71,4246.27,operating
2025,Lower Colorado River Authority,Sim Gideon,3601,2,TX,Bastrop,30.1456,-97.2708,136.0,11.3,NG,ST,1968,57,0.9999,1191224.0,13460831.0,440752.9,119122.4,11912.2,3609.72,3.5,39.55,3564.63,4299.99,53.71,4246.27,operating
2025,Lower Colorado River Authority,Sim Gideon,3601,3,TX,Bastrop,30.1456,-97.2708,351.0,11.3,NG,ST,1972,53,0.9999,3074409.0,34740822.0,1137531.3,307440.9,30744.1,3609.72,3.5,39.55,3564.63,11097.76,138.62,10959.13,operating
2025,Lower Colorado River Authority,Winchester Power Park,56674,CGT1,TX,Fayette,30.02547,-96.9945,60.5,10.66,NG,GT,2010,15,1.0,529980.0,5649587.0,291489.0,132495.0,5299.8,3609.72,5.0,37.31,3564.38,1913.08,24.03,1889.05,operating
2025,Lower Colorado River Authority,Winchester Power Park,56674,CGT2,TX,Fayette,30.02547,-96.9945,60.5,10.66,NG,GT,2010,15,1.0,529980.0,5649587.0,291489.0,132495.0,5299.8,3609.72,5.0,37.31,3564.38,1913.08,24.03,1889.05,operating
2025,Lower Colorado River Authority,Winchester Power Park,56674,CGT3,TX,Fayette,30.02547,-96.9945,60.5,10.66,NG,GT,2010,15,1.0,529980.0,5649587.0,291489.0,132495.0,5299.8,3609.72,5.0,37.31,3564.38,1913.08,24.03,1889.05,operating
2025,Lower Colorado River Authority,Winchester Power Park,56674,CGT4,TX,Fayette,30.02547,-96.9945,60.5,10.66,NG,GT,2010,15,1.0,529980.0,5649587.0,291489.0,132495.0,5299.8,3609.72,5.0,37.31,3564.38,1913.08,24.03,1889.05,operating
2025,Victoria Port Power II,Victoria Port Power II LLC,61966,VP2-1,TX,Victoria,28.698477,-96.946125,50.0,10.74,NG,GT,2022,3,1.0,438000.0,4704120.0,240900.0,109500.0,4380.0,3609.72,5.0,37.59,3564.1,1581.06,19.98,1561.08,operating
2025,Victoria Port Power II,Victoria Port Power II LLC,61966,VP2-2,TX,Victoria,28.698477,-96.946125,50.0,10.74,NG,GT,2022,3,1.0,438000.0,4704120.0,240900.0,109500.0,4380.0,3609.72,5.0,37.59,3564.1,1581.06,19.98,1561.08,operating
2025,"Peaker Power, LLC",Port Comfort Power LLC,60459,PC1,TX,Calhoun,28.64807,-96.54621,60.5,10.76,NG,GT,2017,8,1.0,529980.0,5702585.0,291489.0,132495.0,5299.8,3609.72,5.0,37.66,3564.03,1913.08,24.21,1888.87,operating
2025,"Peaker Power, LLC",Port Comfort Power LLC,60459,PC2,TX,Calhoun,28.64807,-96.54621,60.5,10.76,NG,GT,2017,8,1.0,529980.0,5702585.0,291489.0,132495.0,5299.8,3609.72,5.0,37.66,3564.03,1913.08,24.21,1888.87,operating
2025,NRG Texas Power LLC,W A Parish,3470,1,TX,Fort Bend,29.4828,-95.6311,187.8,11.5,NG,ST,1958,67,0.9999,1644940.0,18916812.0,608627.9,164494.0,16449.4,-43.41,3.5,40.25,-89.2,-71.41,75.32,-146.73,stranded
2025,NRG Texas Power LLC,W A Parish,3470,2,TX,Fort Bend,29.4828,-95.6311,187.8,11.5,NG,ST,1958,67,0.9999,1644940.0,18916812.0,608627.9,164494.0,16449.4,-43.41,3.5,40.25,-89.2,-71.41,75.32,-146.73,stranded
2025,NRG Texas Power LLC,W A Parish,3470,3,TX,Fort Bend,29.4828,-95.6311,299.2,11.5,NG,ST,1961,64,0.9999,2620693.0,30137967.0,969656.3,262069.3,26206.9,-43.41,3.5,40.25,-89.2,-113.76,120.0,-233.76,stranded
2025,NRG Texas Power LLC,W A Parish,3470,4,TX,Fort Bend,29.4828,-95.6311,580.5,11.5,NG,ST,1968,57,0.9999,5084600.0,58472894.0,1881301.8,508460.0,50846.0,-43.41,3.5,40.25,-89.2,-220.72,232.82,-453.54,stranded
2025,"Peaker Power, LLC",Chamon Power LLC,60460,CH1,TX,Harris,29.883214,-95.111345,60.5,10.88,NG,GT,2017,8,1.0,529980.0,5766182.0,291489.0,132495.0,5299.8,-43.41,5.0,38.08,-89.52,-23.01,24.44,-47.44,stranded
2025,"Peaker Power, LLC",Chamon Power LLC,60460,CH2,TX,Harris,29.883214,-95.111345,60.5,10.88,NG,GT,2017,8,1.0,529980.0,5766182.0,291489.0,132495.0,5299.8,-43.41,5.0,38.08,-89.52,-23.01,24.44,-47.44,stranded
2025,Shell Chemical LP,Westhollow Technology Center,54330,1,TX,Harris,29.726017,-95.638249,3.7,10.88,NG,GT,1988,37,1.0,32412.0,352643.0,17826.6,8103.0,324.1,-43.41,5.0,38.08,-89.52,-1.41,1.49,-2.9,stranded
2025,WM Renewable Energy LLC,Mesquite Creek LFGTE Project,57167,GEN1,TX,Comal,29.7372,-98.0228,1.6,10.93,LFG,IC,2010,15,1.0,14016.0,153195.0,7708.8,3504.0,140.2,3609.72,5.0,38.25,3563.44,50.59,0.65,49.95,operating
2025,WM Renewable Energy LLC,Mesquite Creek LFGTE Project,57167,GEN2,TX,Comal,29.7372,-98.0228,1.6,10.93,LFG,IC,2010,15,1.0,14016.0,153195.0,7708.8,3504.0,140.2,3609.72,5.0,38.25,3563.44,50.59,0.65,49.95,operating
2025,Freeport LNG Development L.P,Freeport LP Pretreatment Facility,59145,65GTG,TX,Brazoria,28.979167,-95.306944,87.0,11.0,NG,GT,2019,6,1.0,762120.0,8383320.0,419166.0,190530.0,7621.2,-43.41,5.0,38.5,-89.94,-33.08,35.46,-68.54,stranded
2025,"Ector County Generation, LLC",Ector County Energy Center,58471,CTG1,TX,Ector,32.069167,-102.585556,179.4,11.03,NG,GT,2015,10,1.0,1571544.0,17334130.0,864349.2,392886.0,15715.4,2348.0,5.0,38.6,2301.37,3689.98,73.28,3616.7,operating
2025,"Ector County Generation, LLC",Ector County Energy Center,58471,CTG2,TX,Ector,32.069167,-102.585556,179.4,11.03,NG,GT,2015,10,1.0,1571544.0,17334130.0,864349.2,392886.0,15715.4,2348.0,5.0,38.6,2301.37,3689.98,73.28,3616.7,operating
2025,City of San Antonio - (TX),V H Braunig,3612,5,TX,Bexar,29.2567,-98.3825,61.0,11.03,NG,GT,2010,15,1.0,534360.0,5893991.0,293898.0,133590.0,5343.6,3609.72,5.0,38.6,3563.09,1928.89,24.92,1903.97,operating
2025,City of San Antonio - (TX),V H Braunig,3612,6,TX,Bexar,29.2567,-98.3825,61.0,11.03,NG,GT,2010,15,1.0,534360.0,5893991.0,293898.0,133590.0,5343.6,3609.72,5.0,38.6,3563.09,1928.89,24.92,1903.97,operating
2025,City of San Antonio - (TX),V H Braunig,3612,7,TX,Bexar,29.2567,-98.3825,61.0,11.03,NG,GT,2010,15,1.0,534360.0,5893991.0,293898.0,133590.0,5343.6,3609.72,5.0,38.6,3563.09,1928.89,24.92,1903.97,operating
2025,City of San Antonio - (TX),V H Braunig,3612,8,TX,Bexar,29.2567,-98.3825,61.0,11.03,NG,GT,2010,15,1.0,534360.0,5893991.0,293898.0,133590.0,5343.6,3609.72,5.0,38.6,3563.09,1928.89,24.92,1903.97,operating
2025,Brownsville Public Utilities Board,Silas Ray,3559,6,TX,Cameron,25.9131,-97.5214,25.0,11.79,NG,CA,1959,66,0.9999,218975.0,2581715.0,81020.8,21897.5,2189.8,-41.82,3.5,41.27,-88.63,-9.16,10.25,-19.41,stranded
2025,Brownsville Public Utilities Board,Silas Ray,3559,9,TX,Cameron,25.9131,-97.5214,50.0,11.79,NG,CT,1996,29,0.9999,437950.0,5163430.0,162041.5,43795.0,4379.5,-41.82,3.5,41.27,-88.63,-18.32,20.5,-38.81,stranded
2025,Luminant Generation Company LLC,Lake Hubbard,3452,1,TX,Dallas,32.8358,-96.5458,396.5,11.85,NG,ST,1970,55,0.9999,3472944.0,41154380.0,1284989.1,347294.4,34729.4,-41.82,3.5,41.48,-88.84,-145.25,163.28,-308.53,stranded
2025,Luminant Generation Company LLC,Lake Hubbard,3452,2,TX,Dallas,32.8358,-96.5458,531.0,11.85,NG,ST,1973,52,0.9999,4651029.0,55114694.0,1720880.7,465102.9,46510.3,-41.82,3.5,41.48,-88.84,-194.53,218.66,-413.19,stranded
2025,"Generate ER-NG, LLC",HEB00790,67314,H7901,TX,Collin,33.055367,-96.796681,0.4,11.22,NG,IC,2022,3,1.0,3504.0,39315.0,1927.2,876.0,35.0,-41.82,5.0,39.27,-89.12,-0.15,0.17,-0.31,stranded
2025,"Generate ER-NG, LLC",HEB00790,67314,H7902,TX,Collin,33.055367,-96.796681,0.4,11.22,NG,IC,2022,3,1.0,3504.0,39315.0,1927.2,876.0,35.0,-41.82,5.0,39.27,-89.12,-0.15,0.17,-0.31,stranded
2025,"Generate ER-NG, LLC",HEB00790,67314,H7903,TX,Collin,33.055367,-96.796681,0.4,11.22,NG,IC,2022,3,1.0,3504.0,39315.0,1927.2,876.0,35.0,-41.82,5.0,39.27,-89.12,-0.15,0.17,-0.31,stranded
2025,Ticona Polymers Inc,Ticona Polymers Inc,10243,GEN5,TX,Nueces,27.5697,-97.8228,44.2,11.37,NG,GT,1989,36,1.0,387192.0,4402373.0,212955.6,96798.0,3871.9,3609.72,5.0,39.79,3561.9,1397.65,18.52,1379.14,operating
2025,The Methodist Hospital,"The Methodist Hospital, Gas Turbine",59381,GT-1,TX,Harris,29.709444,-95.400278,5.0,11.37,NG,GT,2010,15,1.0,43800.0,498006.0,24090.0,10950.0,438.0,-43.41,5.0,39.79,-91.23,-1.9,2.09,-4.0,stranded
2025,Energy Systems Group LLC,NASA Johnson Space Center CHP,62762,CTG-1,TX,Harris,29.562372,-95.089302,5.6,11.37,NG,GT,2018,7,1.0,49056.0,557767.0,26980.8,12264.0,490.6,-43.41,5.0,39.79,-91.23,-2.13,2.35,-4.48,stranded
2025,Energy Systems Group LLC,NASA Johnson Space Center CHP,62762,CTG-2,TX,Harris,29.562372,-95.089302,5.6,11.37,NG,GT,2018,7,1.0,49056.0,557767.0,26980.8,12264.0,490.6,-43.41,5.0,39.79,-91.23,-2.13,2.35,-4.48,stranded
2025,"Mountain Creek Power, LLC",Mountain Creek,3453,6,TX,Dallas,32.7231,-96.9358,135.7,12.12,NG,ST,1956,69,0.9999,1188596.0,14405787.0,439780.6,118859.6,11886.0,-41.82,3.5,42.42,-89.78,-49.71,57.0,-106.72,stranded
2025,"Mountain Creek Power, LLC",Mountain Creek,3453,7,TX,Dallas,32.7231,-96.9358,136.0,12.12,NG,ST,1958,67,0.9999,1191224.0,14437635.0,440752.9,119122.4,11912.2,-41.82,3.5,42.42,-89.78,-49.82,57.13,-106.95,stranded
2025,"Mountain Creek Power, LLC",Mountain Creek,3453,8,TX,Dallas,32.7231,-96.9358,580.5,12.12,NG,ST,1967,58,0.9999,5084600.0,61625346.0,1881301.8,508460.0,50846.0,-41.82,3.5,42.42,-89.78,-212.66,243.85,-456.51,stranded
2025,Luminant Generation Company LLC,Stryker Creek,3504,ST1,TX,Cherokee,31.93985,-94.989834,176.8,12.15,NG,ST,1958,67,0.9999,1548591.0,18815383.0,572978.7,154859.1,15485.9,-41.82,3.5,42.52,-89.89,-64.77,74.43,-139.2,stranded
2025,Luminant Generation Company LLC,Stryker Creek,3504,ST2,TX,Cherokee,31.93985,-94.989834,526.6,12.15,NG,ST,1965,60,0.9999,4612489.0,56041746.0,1706621.1,461248.9,46124.9,-41.82,3.5,42.52,-89.89,-192.91,221.69,-414.61,stranded
2025,NRG Texas Power LLC,W A Parish,3470,GT1,TX,Fort Bend,29.4828,-95.6311,16.3,11.5,NG,GT,1967,58,1.0,142788.0,1642062.0,78533.4,35697.0,1427.9,-43.41,5.0,40.25,-91.69,-6.2,6.89,-13.09,stranded
2025,"Walmart Stores Texas, LLC",WAL3572,64934,GEN1,TX,Brazoria,29.557643,-95.382896,1.3,11.61,NG,IC,2019,6,1.0,11388.0,132215.0,6263.4,2847.0,113.9,-43.41,5.0,40.63,-92.07,-0.49,0.55,-1.05,stranded
2025,WM Renewable Energy LLC,Austin Gas Recovery,56524,GEN1,TX,Travis,30.3344,-97.6217,1.6,11.68,LFG,IC,2007,18,1.0,14016.0,163707.0,7708.8,3504.0,140.2,3609.72,5.0,40.88,3560.81,50.59,0.69,49.91,operating
2025,WM Renewable Energy LLC,Austin Gas Recovery,56524,GEN2,TX,Travis,30.3344,-97.6217,1.6,11.68,LFG,IC,2007,18,1.0,14016.0,163707.0,7708.8,3504.0,140.2,3609.72,5.0,40.88,3560.81,50.59,0.69,49.91,operating
2025,WM Renewable Energy LLC,Austin Gas Recovery,56524,GEN3,TX,Travis,30.3344,-97.6217,1.6,11.68,LFG,IC,2007,18,1.0,14016.0,163707.0,7708.8,3504.0,140.2,3609.72,5.0,40.88,3560.81,50.59,0.69,49.91,operating
2025,Austin Energy,Decker Creek,3548,GT1,TX,Travis,30.3033,-97.6128,51.5,11.7,NG,GT,1988,37,1.0,451140.0,5278338.0,248127.0,112785.0,4511.4,3609.72,5.0,40.95,3560.74,1628.49,22.1,1606.39,operating
2025,Austin Energy,Decker Creek,3548,GT2,TX,Travis,30.3033,-97.6128,51.5,11.7,NG,GT,1988,37,1.0,451140.0,5278338.0,248127.0,112785.0,4511.4,3609.72,5.0,40.95,3560.74,1628.49,22.1,1606.39,operating
2025,Austin Energy,Decker Creek,3548,GT3,TX,Travis,30.3033,-97.6128,51.5,11.7,NG,GT,1988,37,1.0,451140.0,5278338.0,248127.0,112785.0,4511.4,3609.72,5.0,40.95,3560.74,1628.49,22.1,1606.39,operating
2025,Austin Energy,Decker Creek,3548,GT4,TX,Travis,30.3033,-97.6128,51.5,11.7,NG,GT,1988,37,1.0,451140.0,5278338.0,248127.0,112785.0,4511.4,3609.72,5.0,40.95,3560.74,1628.49,22.1,1606.39,operating
2025,Ft Worth City of,Village Creek Water Reclamation Facility,54520,SD1,TX,Tarrant,32.775093,-97.14209,0.9,11.72,NG,IC,1994,31,1.0,7884.0,92400.0,4336.2,1971.0,78.8,-41.82,5.0,41.02,-90.87,-0.33,0.39,-0.72,stranded
2025,Ft Worth City of,Village Creek Water Reclamation Facility,54520,SD2,TX,Tarrant,32.775093,-97.14209,0.9,11.72,NG,IC,1994,31,1.0,7884.0,92400.0,4336.2,1971.0,78.8,-41.82,5.0,41.02,-90.87,-0.33,0.39,-0.72,stranded
2025,Ft Worth City of,Village Creek Water Reclamation Facility,54520,TG1,TX,Tarrant,32.775093,-97.14209,5.3,11.72,NG,GT,2001,24,1.0,46428.0,544136.0,25535.4,11607.0,464.3,-41.82,5.0,41.02,-90.87,-1.94,2.28,-4.22,stranded
2025,Ft Worth City of,Village Creek Water Reclamation Facility,54520,TG2,TX,Tarrant,32.775093,-97.14209,5.3,11.72,NG,GT,2001,24,1.0,46428.0,544136.0,25535.4,11607.0,464.3,-41.82,5.0,41.02,-90.87,-1.94,2.28,-4.22,stranded
2025,WM Renewable Energy LLC,Farmers Branch Renewable Energy Facility,57165,GEN1,TX,Denton,33.031111,-96.957222,1.6,11.75,LFG,IC,2011,14,1.0,14016.0,164688.0,7708.8,3504.0,140.2,-41.82,5.0,41.12,-90.98,-0.59,0.69,-1.28,stranded
2025,WM Renewable Energy LLC,Farmers Branch Renewable Energy Facility,57165,GEN2,TX,Denton,33.031111,-96.957222,1.6,11.75,LFG,IC,2011,14,1.0,14016.0,164688.0,7708.8,3504.0,140.2,-41.82,5.0,41.12,-90.98,-0.59,0.69,-1.28,stranded
2025,Brownsville Public Utilities Board,Silas Ray,3559,10,TX,Cameron,25.9131,-97.5214,61.0,11.79,NG,GT,2004,21,1.0,534360.0,6300104.0,293898.0,133590.0,5343.6,-41.82,5.0,41.27,-91.12,-22.35,26.34,-48.69,stranded
2025,"Walmart Stores Texas, LLC",WAL3510,64926,GEN1,TX,Brazoria,29.545976,-95.235941,1.3,11.82,NG,IC,2019,6,1.0,11388.0,134606.0,6263.4,2847.0,113.9,-43.41,5.0,41.37,-92.81,-0.49,0.56,-1.06,stranded
2025,City of Bryan - (TX),Dansby,6243,1,TX,Brazos,30.7217,-96.4608,105.0,12.61,NG,ST,1978,47,0.9999,919695.0,11597354.0,340287.2,91969.5,9197.0,-43.41,3.5,44.13,-93.08,-39.92,45.68,-85.61,stranded
2025,"Nelson Gardens Energy, LLC",Nelson Gardens Landfill Gas to Energy,59649,UNIT1,TX,Bexar,29.33,-98.66,1.1,12.08,LFG,IC,2014,11,1.0,9636.0,116403.0,5299.8,2409.0,96.4,3609.72,5.0,42.28,3559.41,34.78,0.48,34.3,operating
2025,"Nelson Gardens Energy, LLC",Nelson Gardens Landfill Gas to Energy,59649,UNIT2,TX,Bexar,29.33,-98.66,1.1,12.08,LFG,IC,2014,11,1.0,9636.0,116403.0,5299.8,2409.0,96.4,3609.72,5.0,42.28,3559.41,34.78,0.48,34.3,operating
2025,"Nelson Gardens Energy, LLC",Nelson Gardens Landfill Gas to Energy,59649,UNIT3,TX,Bexar,29.33,-98.66,1.1,12.08,LFG,IC,2014,11,1.0,9636.0,116403.0,5299.8,2409.0,96.4,3609.72,5.0,42.28,3559.41,34.78,0.48,34.3,operating
2025,"Nelson Gardens Energy, LLC",Nelson Gardens Landfill Gas to Energy,59649,UNIT4,TX,Bexar,29.33,-98.66,1.1,12.08,LFG,IC,2014,11,1.0,9636.0,116403.0,5299.8,2409.0,96.4,3609.72,5.0,42.28,3559.41,34.78,0.48,34.3,operating
2025,Austin Energy,Robert Mueller Energy Center,56374,CT1,TX,Travis,30.304994,-97.707675,4.6,12.09,NG,GT,2006,19,1.0,40296.0,487179.0,22162.8,10074.0,403.0,3609.72,5.0,42.31,3559.38,145.46,2.03,143.43,operating
2025,RW Miller Power LLC,R W Miller,3628,1,TX,Palo Pinto,32.6581,-98.3103,66.0,12.86,NG,ST,1968,57,0.9999,578094.0,7434289.0,213894.8,57809.4,5780.9,-41.82,3.5,45.01,-92.37,-24.18,29.22,-53.4,stranded
2025,RW Miller Power LLC,R W Miller,3628,2,TX,Palo Pinto,32.6581,-98.3103,100.0,12.86,NG,ST,1972,53,0.9999,875900.0,11264074.0,324083.0,87590.0,8759.0,-41.82,3.5,45.01,-92.37,-36.63,44.28,-80.91,stranded
2025,RW Miller Power LLC,R W Miller,3628,3,TX,Palo Pinto,32.6581,-98.3103,200.0,12.86,NG,ST,1975,50,0.9999,1751800.0,22528148.0,648166.0,175180.0,17518.0,-41.82,3.5,45.01,-92.37,-73.27,88.55,-161.82,stranded
2025,WM Renewable Energy LLC,Westside Landfill Gas Recovery,57020,GEN1,TX,Parker,32.724553,-97.537118,1.6,12.27,LFG,IC,2010,15,1.0,14016.0,171976.0,7708.8,3504.0,140.2,-41.82,5.0,42.95,-92.8,-0.59,0.71,-1.3,stranded
2025,WM Renewable Energy LLC,Westside Landfill Gas Recovery,57020,GEN2,TX,Parker,32.724553,-97.537118,1.6,12.27,LFG,IC,2010,15,1.0,14016.0,171976.0,7708.8,3504.0,140.2,-41.82,5.0,42.95,-92.8,-0.59,0.71,-1.3,stranded
2025,"Walmart Stores Texas, LLC",WAL897,64808,GEN1,TX,Pecos,30.896466,-102.907161,1.3,12.54,NG,IC,2021,4,1.0,11388.0,142806.0,6263.4,2847.0,113.9,2348.0,5.0,43.89,2296.08,26.74,0.59,26.15,operating
2025,"Constellation Power, Inc",Handley,3491,3,TX,Tarrant,32.7283,-97.2192,404.8,13.32,NG,ST,1963,62,0.9999,3545643.0,47227967.0,1311888.0,354564.3,35456.4,-41.82,3.5,46.62,-93.98,-148.29,184.94,-333.23,stranded
2025,"Constellation Power, Inc",Handley,3491,4,TX,Tarrant,32.7283,-97.2192,455.0,13.32,NG,ST,1976,49,0.9999,3985345.0,53084795.0,1474577.6,398534.5,39853.5,-41.82,3.5,46.62,-93.98,-166.68,207.87,-374.56,stranded
2025,"Constellation Power, Inc",Handley,3491,5,TX,Tarrant,32.7283,-97.2192,455.0,13.32,NG,ST,1977,48,0.9999,3985345.0,53084795.0,1474577.6,398534.5,39853.5,-41.82,3.5,46.62,-93.98,-166.68,207.87,-374.56,stranded
2025,City of Bryan - (TX),Dansby,6243,2,TX,Brazos,30.7217,-96.4608,49.1,12.61,NG,GT,2004,21,1.0,430116.0,5423763.0,236563.8,107529.0,4301.2,-43.41,5.0,44.13,-95.57,-18.67,22.44,-41.11,stranded
2025,City of Bryan - (TX),Dansby,6243,3,TX,Brazos,30.7217,-96.4608,49.1,12.61,NG,GT,2010,15,1.0,430116.0,5423763.0,236563.8,107529.0,4301.2,-43.41,5.0,44.13,-95.57,-18.67,22.44,-41.11,stranded
2025,"Walmart Stores Texas, LLC",WAL529,64794,GEN1,TX,Galveston,29.372305,-95.000453,1.3,12.82,NG,IC,2019,6,1.0,11388.0,145994.0,6263.4,2847.0,113.9,-43.41,5.0,44.87,-96.31,-0.49,0.6,-1.1,stranded
2025,RW Miller Power LLC,R W Miller,3628,4,TX,Palo Pinto,32.6581,-98.3103,118.8,12.86,NG,GT,1994,31,1.0,1040688.0,13383248.0,572378.4,260172.0,10406.9,-41.82,5.0,45.01,-94.86,-43.53,55.19,-98.72,stranded
2025,RW Miller Power LLC,R W Miller,3628,5,TX,Palo Pinto,32.6581,-98.3103,118.8,12.86,NG,GT,1994,31,1.0,1040688.0,13383248.0,572378.4,260172.0,10406.9,-41.82,5.0,45.01,-94.86,-43.53,55.19,-98.72,stranded
2025,"LaPorte Power, LLC",Exelon LaPorte Generating Station,55365,GT1,TX,Harris,29.7028,-95.0718,59.0,12.93,NG,GT,2001,24,1.0,516840.0,6682741.0,284262.0,129210.0,5168.4,-43.41,5.0,45.25,-96.69,-22.44,27.54,-49.97,stranded
2025,"LaPorte Power, LLC",Exelon LaPorte Generating Station,55365,GT2,TX,Harris,29.7028,-95.0718,59.0,12.93,NG,GT,2001,24,1.0,516840.0,6682741.0,284262.0,129210.0,5168.4,-43.41,5.0,45.25,-96.69,-22.44,27.54,-49.97,stranded
2025,"LaPorte Power, LLC",Exelon LaPorte Generating Station,55365,GT3,TX,Harris,29.7028,-95.0718,59.0,12.93,NG,GT,2001,24,1.0,516840.0,6682741.0,284262.0,129210.0,5168.4,-43.41,5.0,45.25,-96.69,-22.44,27.54,-49.97,stranded
2025,"LaPorte Power, LLC",Exelon LaPorte Generating Station,55365,GT4,TX,Harris,29.7028,-95.0718,59.0,12.93,NG,GT,2001,24,1.0,516840.0,6682741.0,284262.0,129210.0,5168.4,-43.41,5.0,45.25,-96.69,-22.44,27.54,-49.97,stranded
2025,City of Garland - (TX),Ray Olinger,3576,1,TX,Collin,33.068055,-96.452481,75.0,13.76,NG,ST,1967,58,0.9999,656925.0,9039288.0,243062.2,65692.5,6569.2,-41.82,3.5,48.16,-95.52,-27.48,35.28,-62.75,stranded
2025,City of Garland - (TX),Ray Olinger,3576,2,TX,Collin,33.068055,-96.452481,113.4,13.76,NG,ST,1971,54,0.9999,993271.0,13667403.0,367510.1,99327.1,9932.7,-41.82,3.5,48.16,-95.52,-41.54,53.34,-94.88,stranded
2025,City of Garland - (TX),Ray Olinger,3576,3,TX,Collin,33.068055,-96.452481,156.6,13.76,NG,ST,1976,49,0.9999,1371659.0,18874033.0,507514.0,137165.9,13716.6,-41.82,3.5,48.16,-95.52,-57.37,73.66,-131.03,stranded
2025,"Walmart Stores Texas, LLC",WAL462,64791,GEN1,TX,Brazoria,29.421764,-95.230784,1.3,13.11,NG,IC,2019,6,1.0,11388.0,149297.0,6263.4,2847.0,113.9,-43.41,5.0,45.88,-97.32,-0.49,0.61,-1.11,stranded
2025,"Walmart Stores Texas, LLC",WAL1272,64829,GEN1,TX,Scurry,32.691018,-100.91789,0.4,13.23,NG,IC,2021,4,1.0,3504.0,46358.0,1927.2,876.0,35.0,2348.0,5.0,46.3,2293.67,8.23,0.19,8.04,operating
2025,"Walmart Stores Texas, LLC",WAL1272,64829,GEN2,TX,Scurry,32.691018,-100.91789,0.4,13.23,NG,IC,2021,4,1.0,3504.0,46358.0,1927.2,876.0,35.0,2348.0,5.0,46.3,2293.67,8.23,0.19,8.04,operating
2025,"Walmart Stores Texas, LLC",WAL1272,64829,GEN3,TX,Scurry,32.691018,-100.91789,0.4,13.23,NG,IC,2021,4,1.0,3504.0,46358.0,1927.2,876.0,35.0,2348.0,5.0,46.3,2293.67,8.23,0.19,8.04,operating
2025,Tejas Power Generation LLC,Friendswood Energy,60468,GT-1,TX,Harris,29.647267,-95.451516,121.5,13.23,NG,GT,2018,7,1.0,1064340.0,14081218.0,585387.0,266085.0,10643.4,-43.41,5.0,46.3,-97.74,-46.2,57.83,-104.03,stranded
2025,"Walmart Stores Texas, LLC",WAL5388,64957,GEN1,TX,Galveston,29.470152,-95.089643,1.3,13.3,NG,IC,2020,5,1.0,11388.0,151460.0,6263.4,2847.0,113.9,-43.41,5.0,46.55,-97.99,-0.49,0.62,-1.12,stranded
2025,NRG Texas Power LLC,San Jacinto Steam Electric Station,7325,1,TX,Harris,29.694838,-95.040622,88.2,13.34,NG,GT,1995,30,1.0,772632.0,10306911.0,424947.6,193158.0,7726.3,-43.41,5.0,46.69,-98.13,-33.54,42.28,-75.82,stranded
2025,NRG Texas Power LLC,San Jacinto Steam Electric Station,7325,2,TX,Harris,29.694838,-95.040622,88.2,13.34,NG,GT,1995,30,1.0,772632.0,10306911.0,424947.6,193158.0,7726.3,-43.41,5.0,46.69,-98.13,-33.54,42.28,-75.82,stranded
2025,PHR Holdings LLC,Bacliff,60264,BCGT1,TX,Galveston,29.49233,-94.98483,71.2,13.37,NG,GT,2018,7,1.0,623712.0,8339029.0,343041.6,155928.0,6237.1,-43.41,5.0,46.79,-98.23,-27.07,34.19,-61.27,stranded
2025,PHR Holdings LLC,Bacliff,60264,BCGT2,TX,Galveston,29.49233,-94.98483,71.2,13.37,NG,GT,2018,7,1.0,623712.0,8339029.0,343041.6,155928.0,6237.1,-43.41,5.0,46.79,-98.23,-27.07,34.19,-61.27,stranded
2025,PHR Holdings LLC,Bacliff,60264,BCGT3,TX,Galveston,29.49233,-94.98483,71.2,13.37,NG,GT,2018,7,1.0,623712.0,8339029.0,343041.6,155928.0,6237.1,-43.41,5.0,46.79,-98.23,-27.07,34.19,-61.27,stranded
2025,PHR Holdings LLC,Bacliff,60264,BCGT4,TX,Galveston,29.49233,-94.98483,71.2,13.37,NG,GT,2018,7,1.0,623712.0,8339029.0,343041.6,155928.0,6237.1,-43.41,5.0,46.79,-98.23,-27.07,34.19,-61.27,stranded
2025,PHR Holdings LLC,Bacliff,60264,BCGT5,TX,Galveston,29.49233,-94.98483,71.2,13.37,NG,GT,2018,7,1.0,623712.0,8339029.0,343041.6,155928.0,6237.1,-43.41,5.0,46.79,-98.23,-27.07,34.19,-61.27,stranded
2025,PHR Holdings LLC,Bacliff,60264,BCGT6,TX,Galveston,29.49233,-94.98483,71.2,13.37,NG,GT,2018,7,1.0,623712.0,8339029.0,343041.6,155928.0,6237.1,-43.41,5.0,46.79,-98.23,-27.07,34.19,-61.27,stranded
2025,"Walmart Stores Texas, LLC",WAL896,64807,GEN1,TX,Dallas,32.673532,-97.036234,0.4,13.63,NG,IC,2021,4,1.0,3504.0,47760.0,1927.2,876.0,35.0,-41.82,5.0,47.71,-97.56,-0.15,0.2,-0.34,stranded
2025,"Walmart Stores Texas, LLC",WAL896,64807,GEN2,TX,Dallas,32.673532,-97.036234,0.4,13.63,NG,IC,2021,4,1.0,3504.0,47760.0,1927.2,876.0,35.0,-41.82,5.0,47.71,-97.56,-0.15,0.2,-0.34,stranded
2025,"Walmart Stores Texas, LLC",WAL896,64807,GEN3,TX,Dallas,32.673532,-97.036234,0.4,13.63,NG,IC,2021,4,1.0,3504.0,47760.0,1927.2,876.0,35.0,-41.82,5.0,47.71,-97.56,-0.15,0.2,-0.34,stranded
2025,Luminant Generation Company LLC,Permian Basin,3494,CT1,TX,Ward,31.5839,-102.9633,89.4,13.7,NG,GT,1988,37,1.0,783144.0,10729073.0,430729.2,195786.0,7831.4,2348.0,5.0,47.95,2292.02,1838.82,43.84,1794.98,operating
2025,Luminant Generation Company LLC,Permian Basin,3494,CT2,TX,Ward,31.5839,-102.9633,89.4,13.7,NG,GT,1988,37,1.0,783144.0,10729073.0,430729.2,195786.0,7831.4,2348.0,5.0,47.95,2292.02,1838.82,43.84,1794.98,operating
2025,Luminant Generation Company LLC,Permian Basin,3494,CT3,TX,Ward,31.5839,-102.9633,89.4,13.7,NG,GT,1988,37,1.0,783144.0,10729073.0,430729.2,195786.0,7831.4,2348.0,5.0,47.95,2292.02,1838.82,43.84,1794.98,operating
2025,Luminant Generation Company LLC,Permian Basin,3494,CT4,TX,Ward,31.5839,-102.9633,89.4,13.7,NG,GT,1990,35,1.0,783144.0,10729073.0,430729.2,195786.0,7831.4,2348.0,5.0,47.95,2292.02,1838.82,43.84,1794.98,operating
2025,Luminant Generation Company LLC,Permian Basin,3494,CT5,TX,Ward,31.5839,-102.9633,89.4,13.7,NG,GT,1990,35,1.0,783144.0,10729073.0,430729.2,195786.0,7831.4,2348.0,5.0,47.95,2292.02,1838.82,43.84,1794.98,operating
2025,"Walmart Stores Texas, LLC",WAL3631,64936,GEN1,TX,Tarrant,32.576636,-97.338514,0.4,13.73,NG,IC,2020,5,1.0,3504.0,48110.0,1927.2,876.0,35.0,-41.82,5.0,48.05,-97.91,-0.15,0.2,-0.34,stranded
2025,"Walmart Stores Texas, LLC",WAL3631,64936,GEN2,TX,Tarrant,32.576636,-97.338514,0.4,13.73,NG,IC,2020,5,1.0,3504.0,48110.0,1927.2,876.0,35.0,-41.82,5.0,48.05,-97.91,-0.15,0.2,-0.34,stranded
2025,"Walmart Stores Texas, LLC",WAL3631,64936,GEN3,TX,Tarrant,32.576636,-97.338514,0.4,13.73,NG,IC,2020,5,1.0,3504.0,48110.0,1927.2,876.0,35.0,-41.82,5.0,48.05,-97.91,-0.15,0.2,-0.34,stranded
2025,City of Garland - (TX),Ray Olinger,3576,4,TX,Collin,33.068055,-96.452481,82.7,13.76,NG,GT,2001,24,1.0,724452.0,9968460.0,398448.6,181113.0,7244.5,-41.82,5.0,48.16,-98.01,-30.3,40.7,-71.0,stranded
2025,City of Garland - (TX),Spencer,4266,4,TX,Denton,33.1975,-97.1061,61.1,14.49,NG,ST,1966,59,0.9999,535175.0,7754684.0,198014.7,53517.5,5351.7,-41.82,3.5,50.72,-98.08,-22.38,30.11,-52.49,stranded
2025,City of Garland - (TX),Spencer,4266,5,TX,Denton,33.1975,-97.1061,65.4,14.49,NG,ST,1973,52,0.9999,572839.0,8300431.0,211950.3,57283.9,5728.4,-41.82,3.5,50.72,-98.08,-23.96,32.22,-56.18,stranded
2025,Entergy Texas Inc.,HEB00594,66594,H5941,TX,Montgomery,30.178935,-95.538096,0.4,13.87,NG,IC,2019,6,1.0,3504.0,48600.0,1927.2,876.0,35.0,-43.41,5.0,48.54,-99.98,-0.15,0.2,-0.35,stranded
2025,Entergy Texas Inc.,HEB00594,66594,H5942,TX,Montgomery,30.178935,-95.538096,0.4,13.87,NG,IC,2019,6,1.0,3504.0,48600.0,1927.2,876.0,35.0,-43.41,5.0,48.54,-99.98,-0.15,0.2,-0.35,stranded
2025,Entergy Texas Inc.,HEB00594,66594,H5943,TX,Montgomery,30.178935,-95.538096,0.4,13.87,NG,IC,2019,6,1.0,3504.0,48600.0,1927.2,876.0,35.0,-43.41,5.0,48.54,-99.98,-0.15,0.2,-0.35,stranded
2025,"Walmart Stores Texas, LLC",WAL546,64797,GEN1,TX,Fort Bend,29.558105,-95.761271,0.4,14.02,NG,IC,2020,5,1.0,3504.0,49126.0,1927.2,876.0,35.0,-43.41,5.0,49.07,-100.51,-0.15,0.2,-0.35,stranded
2025,"Walmart Stores Texas, LLC",WAL546,64797,GEN2,TX,Fort Bend,29.558105,-95.761271,0.4,14.02,NG,IC,2020,5,1.0,3504.0,49126.0,1927.2,876.0,35.0,-43.41,5.0,49.07,-100.51,-0.15,0.2,-0.35,stranded
2025,"Walmart Stores Texas, LLC",WAL546,64797,GEN3,TX,Fort Bend,29.558105,-95.761271,0.4,14.02,NG,IC,2020,5,1.0,3504.0,49126.0,1927.2,876.0,35.0,-43.41,5.0,49.07,-100.51,-0.15,0.2,-0.35,stranded
2025,"Walmart Stores Texas, LLC",WAL1455,64883,GEN1,TX,Tarrant,32.764483,-97.169261,0.4,14.03,NG,IC,2021,4,1.0,3504.0,49161.0,1927.2,876.0,35.0,-41.82,5.0,49.1,-98.96,-0.15,0.2,-0.35,stranded
2025,"Walmart Stores Texas, LLC",WAL1455,64883,GEN2,TX,Tarrant,32.764483,-97.169261,0.4,14.03,NG,IC,2021,4,1.0,3504.0,49161.0,1927.2,876.0,35.0,-41.82,5.0,49.1,-98.96,-0.15,0.2,-0.35,stranded
2025,"Walmart Stores Texas, LLC",WAL1455,64883,GEN3,TX,Tarrant,32.764483,-97.169261,0.4,14.03,NG,IC,2021,4,1.0,3504.0,49161.0,1927.2,876.0,35.0,-41.82,5.0,49.1,-98.96,-0.15,0.2,-0.35,stranded
2025,"Walmart Stores Texas, LLC",WAL3298,64899,GEN1,TX,Galveston,29.535168,-95.018815,0.4,14.07,NG,IC,2020,5,1.0,3504.0,49301.0,1927.2,876.0,35.0,-43.41,5.0,49.25,-100.68,-0.15,0.2,-0.35,stranded
2025,"Walmart Stores Texas, LLC",WAL3298,64899,GEN2,TX,Galveston,29.535168,-95.018815,0.4,14.07,NG,IC,2020,5,1.0,3504.0,49301.0,1927.2,876.0,35.0,-43.41,5.0,49.25,-100.68,-0.15,0.2,-0.35,stranded
2025,"Walmart Stores Texas, LLC",WAL3298,64899,GEN3,TX,Galveston,29.535168,-95.018815,0.4,14.07,NG,IC,2020,5,1.0,3504.0,49301.0,1927.2,876.0,35.0,-43.41,5.0,49.25,-100.68,-0.15,0.2,-0.35,stranded
2025,"Texas Microgrid, LLC",HEB00070,65266,H0701,TX,Taylor,32.433318,-99.758324,0.4,14.11,NG,IC,2018,7,1.0,3504.0,49441.0,1927.2,876.0,35.0,-41.82,5.0,49.38,-99.24,-0.15,0.2,-0.35,stranded
2025,"Texas Microgrid, LLC",HEB00070,65266,H0702,TX,Taylor,32.433318,-99.758324,0.4,14.11,NG,IC,2018,7,1.0,3504.0,49441.0,1927.2,876.0,35.0,-41.82,5.0,49.38,-99.24,-0.15,0.2,-0.35,stranded
2025,"Texas Microgrid, LLC",HEB00070,65266,H0703,TX,Taylor,32.433318,-99.758324,0.4,14.11,NG,IC,2018,7,1.0,3504.0,49441.0,1927.2,876.0,35.0,-41.82,5.0,49.38,-99.24,-0.15,0.2,-0.35,stranded
2025,"Walmart Stores Texas, LLC",WAL3302,64900,GEN1,TX,Harris,29.679366,-95.5614,0.4,14.11,NG,IC,2021,4,1.0,3504.0,49441.0,1927.2,876.0,35.0,-43.41,5.0,49.38,-100.82,-0.15,0.2,-0.35,stranded
2025,"Walmart Stores Texas, LLC",WAL3302,64900,GEN2,TX,Harris,29.679366,-95.5614,0.4,14.11,NG,IC,2021,4,1.0,3504.0,49441.0,1927.2,876.0,35.0,-43.41,5.0,49.38,-100.82,-0.15,0.2,-0.35,stranded
2025,"Walmart Stores Texas, LLC",WAL3302,64900,GEN3,TX,Harris,29.679366,-95.5614,0.4,14.11,NG,IC,2021,4,1.0,3504.0,49441.0,1927.2,876.0,35.0,-43.41,5.0,49.38,-100.82,-0.15,0.2,-0.35,stranded
2025,"Generate ER-NG, LLC",FTBLID2,66595,FLD10,TX,Fort Bend,29.575316,-95.636882,0.4,14.12,NG,IC,2021,4,1.0,3504.0,49476.0,1927.2,876.0,35.0,-43.41,5.0,49.42,-100.86,-0.15,0.2,-0.35,stranded
2025,"Generate ER-NG, LLC",FTBLID2,66595,FLD11,TX,Fort Bend,29.575316,-95.636882,0.4,14.12,NG,IC,2021,4,1.0,3504.0,49476.0,1927.2,876.0,35.0,-43.41,5.0,49.42,-100.86,-0.15,0.2,-0.35,stranded
2025,"Generate ER-NG, LLC",FTBLID2,66595,FLD12,TX,Fort Bend,29.575316,-95.636882,0.4,14.12,NG,IC,2021,4,1.0,3504.0,49476.0,1927.2,876.0,35.0,-43.41,5.0,49.42,-100.86,-0.15,0.2,-0.35,stranded
2025,"Generate ER-NG, LLC",FTBLID2,66595,FLD13,TX,Fort Bend,29.575316,-95.636882,0.4,14.12,NG,IC,2021,4,1.0,3504.0,49476.0,1927.2,876.0,35.0,-43.41,5.0,49.42,-100.86,-0.15,0.2,-0.35,stranded
2025,"Generate ER-NG, LLC",FTBLID2,66595,FLD14,TX,Fort Bend,29.575316,-95.636882,0.4,14.12,NG,IC,2021,4,1.0,3504.0,49476.0,1927.2,876.0,35.0,-43.41,5.0,49.42,-100.86,-0.15,0.2,-0.35,stranded
2025,"Generate ER-NG, LLC",FTBLID2,66595,FLD15,TX,Fort Bend,29.575316,-95.636882,0.4,14.12,NG,IC,2021,4,1.0,3504.0,49476.0,1927.2,876.0,35.0,-43.41,5.0,49.42,-100.86,-0.15,0.2,-0.35,stranded
2025,"Generate ER-NG, LLC",FTBLID2,66595,FLD16,TX,Fort Bend,29.575316,-95.636882,0.4,14.12,NG,IC,2021,4,1.0,3504.0,49476.0,1927.2,876.0,35.0,-43.41,5.0,49.42,-100.86,-0.15,0.2,-0.35,stranded
2025,"Generate ER-NG, LLC",FTBLID2,66595,FLD17,TX,Fort Bend,29.575316,-95.636882,0.4,14.12,NG,IC,2021,4,1.0,3504.0,49476.0,1927.2,876.0,35.0,-43.41,5.0,49.42,-100.86,-0.15,0.2,-0.35,stranded
2025,"Generate ER-NG, LLC",FTBLID2,66595,FLD18,TX,Fort Bend,29.575316,-95.636882,0.4,14.12,NG,IC,2021,4,1.0,3504.0,49476.0,1927.2,876.0,35.0,-43.41,5.0,49.42,-100.86,-0.15,0.2,-0.35,stranded
2025,"Generate ER-NG, LLC",FTBLID2,66595,FLD19,TX,Fort Bend,29.575316,-95.636882,0.4,14.12,NG,IC,2021,4,1.0,3504.0,49476.0,1927.2,876.0,35.0,-43.41,5.0,49.42,-100.86,-0.15,0.2,-0.35,stranded
2025,"Generate ER-NG, LLC",FTBLID2,66595,FLD20,TX,Fort Bend,29.575316,-95.636882,0.4,14.12,NG,IC,2021,4,1.0,3504.0,49476.0,1927.2,876.0,35.0,-43.41,5.0,49.42,-100.86,-0.15,0.2,-0.35,stranded
2025,"Generate ER-NG, LLC",FTBLID2,66595,FLD21,TX,Fort Bend,29.575316,-95.636882,0.4,14.12,NG,IC,2021,4,1.0,3504.0,49476.0,1927.2,876.0,35.0,-43.41,5.0,49.42,-100.86,-0.15,0.2,-0.35,stranded
2025,"Generate ER-NG, LLC",FTBLID2,66595,FLD22,TX,Fort Bend,29.575316,-95.636882,0.4,14.12,NG,IC,2021,4,1.0,3504.0,49476.0,1927.2,876.0,35.0,-43.41,5.0,49.42,-100.86,-0.15,0.2,-0.35,stranded
2025,"Generate ER-NG, LLC",FTBLID2,66595,FLD23,TX,Fort Bend,29.575316,-95.636882,0.4,14.12,NG,IC,2021,4,1.0,3504.0,49476.0,1927.2,876.0,35.0,-43.41,5.0,49.42,-100.86,-0.15,0.2,-0.35,stranded
2025,"Generate ER-NG, LLC",FTBLID2,66595,FLD24,TX,Fort Bend,29.575316,-95.636882,0.4,14.12,NG,IC,2021,4,1.0,3504.0,49476.0,1927.2,876.0,35.0,-43.41,5.0,49.42,-100.86,-0.15,0.2,-0.35,stranded
2025,"Generate ER-NG, LLC",FTBLID2,66595,FLD25,TX,Fort Bend,29.575316,-95.636882,0.4,14.12,NG,IC,2021,4,1.0,3504.0,49476.0,1927.2,876.0,35.0,-43.41,5.0,49.42,-100.86,-0.15,0.2,-0.35,stranded
2025,"Generate ER-NG, LLC",FTBLID2,66595,FLD26,TX,Fort Bend,29.575316,-95.636882,0.4,14.12,NG,IC,2021,4,1.0,3504.0,49476.0,1927.2,876.0,35.0,-43.41,5.0,49.42,-100.86,-0.15,0.2,-0.35,stranded
2025,"Generate ER-NG, LLC",FTBLID2,66595,FLD27,TX,Fort Bend,29.575316,-95.636882,0.4,14.12,NG,IC,2021,4,1.0,3504.0,49476.0,1927.2,876.0,35.0,-43.41,5.0,49.42,-100.86,-0.15,0.2,-0.35,stranded
2025,"Generate ER-NG, LLC",FTBLID2,66595,FLD28,TX,Fort Bend,29.575316,-95.636882,0.4,14.12,NG,IC,2021,4,1.0,3504.0,49476.0,1927.2,876.0,35.0,-43.41,5.0,49.42,-100.86,-0.15,0.2,-0.35,stranded
2025,"Generate ER-NG, LLC",FTBLID2,66595,FLID1,TX,Fort Bend,29.575316,-95.636882,0.4,14.12,NG,IC,2021,4,1.0,3504.0,49476.0,1927.2,876.0,35.0,-43.41,5.0,49.42,-100.86,-0.15,0.2,-0.35,stranded
2025,"Generate ER-NG, LLC",FTBLID2,66595,FLID2,TX,Fort Bend,29.575316,-95.636882,0.4,14.12,NG,IC,2021,4,1.0,3504.0,49476.0,1927.2,876.0,35.0,-43.41,5.0,49.42,-100.86,-0.15,0.2,-0.35,stranded
2025,"Generate ER-NG, LLC",FTBLID2,66595,FLID3,TX,Fort Bend,29.575316,-95.636882,0.4,14.12,NG,IC,2021,4,1.0,3504.0,49476.0,1927.2,876.0,35.0,-43.41,5.0,49.42,-100.86,-0.15,0.2,-0.35,stranded
2025,"Generate ER-NG, LLC",FTBLID2,66595,FLID4,TX,Fort Bend,29.575316,-95.636882,0.4,14.12,NG,IC,2021,4,1.0,3504.0,49476.0,1927.2,876.0,35.0,-43.41,5.0,49.42,-100.86,-0.15,0.2,-0.35,stranded
2025,"Generate ER-NG, LLC",FTBLID2,66595,FLID5,TX,Fort Bend,29.575316,-95.636882,0.4,14.12,NG,IC,2021,4,1.0,3504.0,49476.0,1927.2,876.0,35.0,-43.41,5.0,49.42,-100.86,-0.15,0.2,-0.35,stranded
2025,"Generate ER-NG, LLC",FTBLID2,66595,FLID6,TX,Fort Bend,29.575316,-95.636882,0.4,14.12,NG,IC,2021,4,1.0,3504.0,49476.0,1927.2,876.0,35.0,-43.41,5.0,49.42,-100.86,-0.15,0.2,-0.35,stranded
2025,"Generate ER-NG, LLC",FTBLID2,66595,FLID7,TX,Fort Bend,29.575316,-95.636882,0.4,14.12,NG,IC,2021,4,1.0,3504.0,49476.0,1927.2,876.0,35.0,-43.41,5.0,49.42,-100.86,-0.15,0.2,-0.35,stranded
2025,"Generate ER-NG, LLC",FTBLID2,66595,FLID8,TX,Fort Bend,29.575316,-95.636882,0.4,14.12,NG,IC,2021,4,1.0,3504.0,49476.0,1927.2,876.0,35.0,-43.41,5.0,49.42,-100.86,-0.15,0.2,-0.35,stranded
2025,"Generate ER-NG, LLC",FTBLID2,66595,FLID9,TX,Fort Bend,29.575316,-95.636882,0.4,14.12,NG,IC,2021,4,1.0,3504.0,49476.0,1927.2,876.0,35.0,-43.41,5.0,49.42,-100.86,-0.15,0.2,-0.35,stranded
2025,"Walmart Stores Texas, LLC",WAL2667,64887,GEN1,TX,Dallas,32.793829,-96.689543,0.4,14.12,NG,IC,2021,4,1.0,3504.0,49476.0,1927.2,876.0,35.0,-41.82,5.0,49.42,-99.27,-0.15,0.2,-0.35,stranded
2025,"Walmart Stores Texas, LLC",WAL2667,64887,GEN2,TX,Dallas,32.793829,-96.689543,0.4,14.12,NG,IC,2021,4,1.0,3504.0,49476.0,1927.2,876.0,35.0,-41.82,5.0,49.42,-99.27,-0.15,0.2,-0.35,stranded
2025,"Walmart Stores Texas, LLC",WAL2667,64887,GEN3,TX,Dallas,32.793829,-96.689543,0.4,14.12,NG,IC,2021,4,1.0,3504.0,49476.0,1927.2,876.0,35.0,-41.82,5.0,49.42,-99.27,-0.15,0.2,-0.35,stranded
2025,"Texas Microgrid, LLC",OTHERCitizensHospital,66614,CTZH1,TX,Victoria,28.812804,-96.977765,0.4,14.12,NG,IC,2020,5,1.0,3504.0,49476.0,1927.2,876.0,35.0,3609.72,5.0,49.42,3552.27,12.65,0.2,12.45,operating
2025,"Texas Microgrid, LLC",OTHERCitizensHospital,66614,CTZH2,TX,Victoria,28.812804,-96.977765,0.4,14.12,NG,IC,2020,5,1.0,3504.0,49476.0,1927.2,876.0,35.0,3609.72,5.0,49.42,3552.27,12.65,0.2,12.45,operating
2025,"Texas Microgrid, LLC",OTHERCitizensHospital,66614,CTZH3,TX,Victoria,28.812804,-96.977765,0.4,14.12,NG,IC,2020,5,1.0,3504.0,49476.0,1927.2,876.0,35.0,3609.72,5.0,49.42,3552.27,12.65,0.2,12.45,operating
2025,"Texas Microgrid, LLC",OTHERCitizensHospital,66614,CTZH4,TX,Victoria,28.812804,-96.977765,0.4,14.12,NG,IC,2020,5,1.0,3504.0,49476.0,1927.2,876.0,35.0,3609.72,5.0,49.42,3552.27,12.65,0.2,12.45,operating
2025,"Texas Microgrid, LLC",OTHERCitizensHospital,66614,CTZH5,TX,Victoria,28.812804,-96.977765,0.4,14.12,NG,IC,2020,5,1.0,3504.0,49476.0,1927.2,876.0,35.0,3609.72,5.0,49.42,3552.27,12.65,0.2,12.45,operating
2025,"Texas Microgrid, LLC",OTHERCitizensHospital,66614,CTZH6,TX,Victoria,28.812804,-96.977765,0.4,14.12,NG,IC,2020,5,1.0,3504.0,49476.0,1927.2,876.0,35.0,3609.72,5.0,49.42,3552.27,12.65,0.2,12.45,operating
2025,"Texas Microgrid, LLC",OTHERCitizensHospital,66614,CTZH7,TX,Victoria,28.812804,-96.977765,0.4,14.12,NG,IC,2020,5,1.0,3504.0,49476.0,1927.2,876.0,35.0,3609.72,5.0,49.42,3552.27,12.65,0.2,12.45,operating
2025,"Walmart Stores Texas, LLC",WAL940,64809,GEN1,TX,Tarrant,32.755036,-97.433843,0.4,14.14,NG,IC,2020,5,1.0,3504.0,49547.0,1927.2,876.0,35.0,-41.82,5.0,49.49,-99.34,-0.15,0.2,-0.35,stranded
2025,"Walmart Stores Texas, LLC",WAL940,64809,GEN2,TX,Tarrant,32.755036,-97.433843,0.4,14.14,NG,IC,2020,5,1.0,3504.0,49547.0,1927.2,876.0,35.0,-41.82,5.0,49.49,-99.34,-0.15,0.2,-0.35,stranded
2025,"Walmart Stores Texas, LLC",WAL940,64809,GEN3,TX,Tarrant,32.755036,-97.433843,0.4,14.14,NG,IC,2020,5,1.0,3504.0,49547.0,1927.2,876.0,35.0,-41.82,5.0,49.49,-99.34,-0.15,0.2,-0.35,stranded
2025,"Texas Microgrid, LLC",HEB00095,66564,H0951,TX,Webb,27.607476,-99.473866,0.4,14.15,NG,IC,2018,7,1.0,3504.0,49582.0,1927.2,876.0,35.0,3609.72,5.0,49.52,3552.17,12.65,0.2,12.45,operating
2025,"Texas Microgrid, LLC",HEB00095,66564,H0952,TX,Webb,27.607476,-99.473866,0.4,14.15,NG,IC,2018,7,1.0,3504.0,49582.0,1927.2,876.0,35.0,3609.72,5.0,49.52,3552.17,12.65,0.2,12.45,operating
2025,"Texas Microgrid, LLC",HEB00095,66564,H0953,TX,Webb,27.607476,-99.473866,0.4,14.15,NG,IC,2018,7,1.0,3504.0,49582.0,1927.2,876.0,35.0,3609.72,5.0,49.52,3552.17,12.65,0.2,12.45,operating
2025,"Texas Microgrid, LLC",HEB00095,66564,H0954,TX,Webb,27.607476,-99.473866,0.4,14.15,NG,IC,2018,7,1.0,3504.0,49582.0,1927.2,876.0,35.0,3609.72,5.0,49.52,3552.17,12.65,0.2,12.45,operating
2025,"Texas Microgrid, LLC",HEB00182,65274,H1821,TX,Bell,31.07212,-97.370901,0.4,14.16,NG,IC,2018,7,1.0,3504.0,49617.0,1927.2,876.0,35.0,3609.72,5.0,49.56,3552.13,12.65,0.2,12.45,operating
2025,"Texas Microgrid, LLC",HEB00182,65274,H1822,TX,Bell,31.07212,-97.370901,0.4,14.16,NG,IC,2018,7,1.0,3504.0,49617.0,1927.2,876.0,35.0,3609.72,5.0,49.56,3552.13,12.65,0.2,12.45,operating
2025,"Texas Microgrid, LLC",HEB00182,65274,H1823,TX,Bell,31.07212,-97.370901,0.4,14.16,NG,IC,2018,7,1.0,3504.0,49617.0,1927.2,876.0,35.0,3609.72,5.0,49.56,3552.13,12.65,0.2,12.45,operating
2025,"Walmart Stores Texas, LLC",WAL791,64804,GEN1,TX,Jim Wells,27.769271,-98.043187,0.4,14.17,NG,IC,2021,4,1.0,3504.0,49652.0,1927.2,876.0,35.0,3609.72,5.0,49.59,3552.1,12.65,0.2,12.45,operating
2025,"Walmart Stores Texas, LLC",WAL791,64804,GEN2,TX,Jim Wells,27.769271,-98.043187,0.4,14.17,NG,IC,2021,4,1.0,3504.0,49652.0,1927.2,876.0,35.0,3609.72,5.0,49.59,3552.1,12.65,0.2,12.45,operating
2025,"Walmart Stores Texas, LLC",WAL791,64804,GEN3,TX,Jim Wells,27.769271,-98.043187,0.4,14.17,NG,IC,2021,4,1.0,3504.0,49652.0,1927.2,876.0,35.0,3609.72,5.0,49.59,3552.1,12.65,0.2,12.45,operating
2025,"Texas Microgrid, LLC",HEB00591,66562,H5911,TX,Williamson,30.518818,-97.65854,0.4,14.18,NG,IC,2018,7,1.0,3504.0,49687.0,1927.2,876.0,35.0,3609.72,5.0,49.63,3552.06,12.65,0.2,12.45,operating
2025,"Texas Microgrid, LLC",HEB00591,66562,H5912,TX,Williamson,30.518818,-97.65854,0.4,14.18,NG,IC,2018,7,1.0,3504.0,49687.0,1927.2,876.0,35.0,3609.72,5.0,49.63,3552.06,12.65,0.2,12.45,operating
2025,"Texas Microgrid, LLC",HEB00591,66562,H5913,TX,Williamson,30.518818,-97.65854,0.4,14.18,NG,IC,2018,7,1.0,3504.0,49687.0,1927.2,876.0,35.0,3609.72,5.0,49.63,3552.06,12.65,0.2,12.45,operating
2025,"Texas Microgrid, LLC",HEB00591,66562,H5914,TX,Williamson,30.518818,-97.65854,0.4,14.18,NG,IC,2018,7,1.0,3504.0,49687.0,1927.2,876.0,35.0,3609.72,5.0,49.63,3552.06,12.65,0.2,12.45,operating
2025,"Texas Microgrid, LLC",HEB00092,66563,H0921,TX,Victoria,28.851871,-96.996805,0.4,14.18,NG,IC,2018,7,1.0,3504.0,49687.0,1927.2,876.0,35.0,3609.72,5.0,49.63,3552.06,12.65,0.2,12.45,operating
2025,"Texas Microgrid, LLC",HEB00092,66563,H0922,TX,Victoria,28.851871,-96.996805,0.4,14.18,NG,IC,2018,7,1.0,3504.0,49687.0,1927.2,876.0,35.0,3609.72,5.0,49.63,3552.06,12.65,0.2,12.45,operating
2025,"Texas Microgrid, LLC",HEB00092,66563,H0923,TX,Victoria,28.851871,-96.996805,0.4,14.18,NG,IC,2018,7,1.0,3504.0,49687.0,1927.2,876.0,35.0,3609.72,5.0,49.63,3552.06,12.65,0.2,12.45,operating
2025,"Texas Microgrid, LLC",HEB00092,66563,H0924,TX,Victoria,28.851871,-96.996805,0.4,14.18,NG,IC,2018,7,1.0,3504.0,49687.0,1927.2,876.0,35.0,3609.72,5.0,49.63,3552.06,12.65,0.2,12.45,operating
2025,"Walmart Stores Texas, LLC",WAL4509,64943,GEN1,TX,Tarrant,32.677829,-97.467729,0.4,14.21,NG,IC,2020,5,1.0,3504.0,49792.0,1927.2,876.0,35.0,-41.82,5.0,49.73,-99.59,-0.15,0.2,-0.35,stranded
2025,"Walmart Stores Texas, LLC",WAL4509,64943,GEN2,TX,Tarrant,32.677829,-97.467729,0.4,14.21,NG,IC,2020,5,1.0,3504.0,49792.0,1927.2,876.0,35.0,-41.82,5.0,49.73,-99.59,-0.15,0.2,-0.35,stranded
2025,"Walmart Stores Texas, LLC",WAL4509,64943,GEN3,TX,Tarrant,32.677829,-97.467729,0.4,14.21,NG,IC,2020,5,1.0,3504.0,49792.0,1927.2,876.0,35.0,-41.82,5.0,49.73,-99.59,-0.15,0.2,-0.35,stranded
2025,"Generate ER-NG, LLC",Praxair,66596,PRAX1,TX,Brazoria,29.004862,-95.388434,0.4,14.22,NG,IC,2019,6,1.0,3504.0,49827.0,1927.2,876.0,35.0,-43.41,5.0,49.77,-101.21,-0.15,0.2,-0.35,stranded
2025,"Generate ER-NG, LLC",Praxair,66596,PRAX2,TX,Brazoria,29.004862,-95.388434,0.4,14.22,NG,IC,2019,6,1.0,3504.0,49827.0,1927.2,876.0,35.0,-43.41,5.0,49.77,-101.21,-0.15,0.2,-0.35,stranded
2025,"Generate ER-NG, LLC",Praxair,66596,PRAX3,TX,Brazoria,29.004862,-95.388434,0.4,14.22,NG,IC,2019,6,1.0,3504.0,49827.0,1927.2,876.0,35.0,-43.41,5.0,49.77,-101.21,-0.15,0.2,-0.35,stranded
2025,"Walmart Stores Texas, LLC",WAL456,64777,GEN1,TX,Cameron,25.976057,-97.519445,0.4,14.22,NG,IC,2021,4,1.0,3504.0,49827.0,1927.2,876.0,35.0,-41.82,5.0,49.77,-99.62,-0.15,0.2,-0.35,stranded
2025,"Walmart Stores Texas, LLC",WAL456,64777,GEN2,TX,Cameron,25.976057,-97.519445,0.4,14.22,NG,IC,2021,4,1.0,3504.0,49827.0,1927.2,876.0,35.0,-41.82,5.0,49.77,-99.62,-0.15,0.2,-0.35,stranded
2025,"Walmart Stores Texas, LLC",WAL456,64777,GEN3,TX,Cameron,25.976057,-97.519445,0.4,14.22,NG,IC,2021,4,1.0,3504.0,49827.0,1927.2,876.0,35.0,-41.82,5.0,49.77,-99.62,-0.15,0.2,-0.35,stranded
2025,"Walmart Stores Texas, LLC",WAL5080,64948,GEN1,TX,Tarrant,32.847939,-97.18405,0.4,14.22,NG,IC,2022,3,1.0,3504.0,49827.0,1927.2,876.0,35.0,-41.82,5.0,49.77,-99.62,-0.15,0.2,-0.35,stranded
2025,"Walmart Stores Texas, LLC",WAL5080,64948,GEN2,TX,Tarrant,32.847939,-97.18405,0.4,14.22,NG,IC,2022,3,1.0,3504.0,49827.0,1927.2,876.0,35.0,-41.82,5.0,49.77,-99.62,-0.15,0.2,-0.35,stranded
2025,"Walmart Stores Texas, LLC",WAL5080,64948,GEN3,TX,Tarrant,32.847939,-97.18405,0.4,14.22,NG,IC,2022,3,1.0,3504.0,49827.0,1927.2,876.0,35.0,-41.82,5.0,49.77,-99.62,-0.15,0.2,-0.35,stranded
2025,"Walmart Stores Texas, LLC",WAL3285,64897,GEN1,TX,Dallas,32.59732,-96.946914,0.4,14.24,NG,IC,2021,4,1.0,3504.0,49897.0,1927.2,876.0,35.0,-41.82,5.0,49.84,-99.69,-0.15,0.2,-0.35,stranded
2025,"Walmart Stores Texas, LLC",WAL3285,64897,GEN2,TX,Dallas,32.59732,-96.946914,0.4,14.24,NG,IC,2021,4,1.0,3504.0,49897.0,1927.2,876.0,35.0,-41.82,5.0,49.84,-99.69,-0.15,0.2,-0.35,stranded
2025,"Walmart Stores Texas, LLC",WAL3285,64897,GEN3,TX,Dallas,32.59732,-96.946914,0.4,14.24,NG,IC,2021,4,1.0,3504.0,49897.0,1927.2,876.0,35.0,-41.82,5.0,49.84,-99.69,-0.15,0.2,-0.35,stranded
2025,"Texas Microgrid, LLC",OTHERTraditionClearfork,67381,CLFK1,TX,Tarrant,32.707171,-97.408328,0.4,14.24,NG,IC,2023,2,1.0,3504.0,49897.0,1927.2,876.0,35.0,-41.82,5.0,49.84,-99.69,-0.15,0.2,-0.35,stranded
2025,"Texas Microgrid, LLC",OTHERTraditionClearfork,67381,CLFK2,TX,Tarrant,32.707171,-97.408328,0.4,14.24,NG,IC,2023,2,1.0,3504.0,49897.0,1927.2,876.0,35.0,-41.82,5.0,49.84,-99.69,-0.15,0.2,-0.35,stranded
2025,"Texas Microgrid, LLC",OTHERTraditionClearfork,67381,CLFK3,TX,Tarrant,32.707171,-97.408328,0.4,14.24,NG,IC,2023,2,1.0,3504.0,49897.0,1927.2,876.0,35.0,-41.82,5.0,49.84,-99.69,-0.15,0.2,-0.35,stranded
2025,"Walmart Stores Texas, LLC",WAL947,64810,GEN1,TX,Grayson,33.673162,-96.612131,0.4,14.28,NG,IC,2020,5,1.0,3504.0,50037.0,1927.2,876.0,35.0,-41.82,5.0,49.98,-99.83,-0.15,0.2,-0.35,stranded
2025,"Walmart Stores Texas, LLC",WAL947,64810,GEN2,TX,Grayson,33.673162,-96.612131,0.4,14.28,NG,IC,2020,5,1.0,3504.0,50037.0,1927.2,876.0,35.0,-41.82,5.0,49.98,-99.83,-0.15,0.2,-0.35,stranded
2025,"Walmart Stores Texas, LLC",WAL947,64810,GEN3,TX,Grayson,33.673162,-96.612131,0.4,14.28,NG,IC,2020,5,1.0,3504.0,50037.0,1927.2,876.0,35.0,-41.82,5.0,49.98,-99.83,-0.15,0.2,-0.35,stranded
2025,"Generate ER-NG, LLC",HEB00055,67310,H0551,TX,Tarrant,32.938924,-97.131314,0.4,14.28,NG,IC,2023,2,1.0,3504.0,50037.0,1927.2,876.0,35.0,-41.82,5.0,49.98,-99.83,-0.15,0.2,-0.35,stranded
2025,"Generate ER-NG, LLC",HEB00055,67310,H0552,TX,Tarrant,32.938924,-97.131314,0.4,14.28,NG,IC,2023,2,1.0,3504.0,50037.0,1927.2,876.0,35.0,-41.82,5.0,49.98,-99.83,-0.15,0.2,-0.35,stranded
2025,"Generate ER-NG, LLC",HEB00055,67310,H0553,TX,Tarrant,32.938924,-97.131314,0.4,14.28,NG,IC,2023,2,1.0,3504.0,50037.0,1927.2,876.0,35.0,-41.82,5.0,49.98,-99.83,-0.15,0.2,-0.35,stranded
2025,"Texas Microgrid, LLC",HEB00057,65265,H0571,TX,Nueces,27.665051,-97.28064,0.4,14.29,NG,IC,2017,8,1.0,3504.0,50072.0,1927.2,876.0,35.0,3609.72,5.0,50.02,3551.68,12.65,0.2,12.45,operating
2025,"Texas Microgrid, LLC",HEB00057,65265,H0572,TX,Nueces,27.665051,-97.28064,0.4,14.29,NG,IC,2017,8,1.0,3504.0,50072.0,1927.2,876.0,35.0,3609.72,5.0,50.02,3551.68,12.65,0.2,12.45,operating
2025,"Texas Microgrid, LLC",HEB00057,65265,H0573,TX,Nueces,27.665051,-97.28064,0.4,14.29,NG,IC,2017,8,1.0,3504.0,50072.0,1927.2,876.0,35.0,3609.72,5.0,50.02,3551.68,12.65,0.2,12.45,operating
2025,"Texas Microgrid, LLC",HEB00292,65026,H2921,TX,Matagorda,28.982463,-95.958458,0.4,14.29,NG,IC,2016,9,1.0,3504.0,50072.0,1927.2,876.0,35.0,-43.41,5.0,50.02,-101.45,-0.15,0.2,-0.36,stranded
2025,"Texas Microgrid, LLC",HEB00292,65026,H2922,TX,Matagorda,28.982463,-95.958458,0.4,14.29,NG,IC,2016,9,1.0,3504.0,50072.0,1927.2,876.0,35.0,-43.41,5.0,50.02,-101.45,-0.15,0.2,-0.36,stranded
2025,"Texas Microgrid, LLC",HEB00292,65026,H2923,TX,Matagorda,28.982463,-95.958458,0.4,14.29,NG,IC,2016,9,1.0,3504.0,50072.0,1927.2,876.0,35.0,-43.41,5.0,50.02,-101.45,-0.15,0.2,-0.36,stranded
2025,"Walmart Stores Texas, LLC",WAL407,64773,GEN1,TX,Bell,31.089722,-97.729279,0.4,14.32,NG,IC,2021,4,1.0,3504.0,50177.0,1927.2,876.0,35.0,3609.72,5.0,50.12,3551.57,12.65,0.2,12.44,operating
2025,"Walmart Stores Texas, LLC",WAL407,64773,GEN2,TX,Bell,31.089722,-97.729279,0.4,14.32,NG,IC,2021,4,1.0,3504.0,50177.0,1927.2,876.0,35.0,3609.72,5.0,50.12,3551.57,12.65,0.2,12.44,operating
2025,"Walmart Stores Texas, LLC",WAL407,64773,GEN3,TX,Bell,31.089722,-97.729279,0.4,14.32,NG,IC,2021,4,1.0,3504.0,50177.0,1927.2,876.0,35.0,3609.72,5.0,50.12,3551.57,12.65,0.2,12.44,operating
2025,"Walmart Stores Texas, LLC",WAL5116,64950,GEN1,TX,Harris,29.664286,-95.098302,0.4,14.33,NG,IC,2020,5,1.0,3504.0,50212.0,1927.2,876.0,35.0,-43.41,5.0,50.16,-101.59,-0.15,0.2,-0.36,stranded
2025,"Walmart Stores Texas, LLC",WAL5116,64950,GEN2,TX,Harris,29.664286,-95.098302,0.4,14.33,NG,IC,2020,5,1.0,3504.0,50212.0,1927.2,876.0,35.0,-43.41,5.0,50.16,-101.59,-0.15,0.2,-0.36,stranded
2025,"Walmart Stores Texas, LLC",WAL5116,64950,GEN3,TX,Harris,29.664286,-95.098302,0.4,14.33,NG,IC,2020,5,1.0,3504.0,50212.0,1927.2,876.0,35.0,-43.41,5.0,50.16,-101.59,-0.15,0.2,-0.36,stranded
2025,"Texas Microgrid, LLC",HEB_CPSSADC,66613,SAD10,TX,Bexar,29.417338,-98.360879,0.4,14.33,NG,IC,2020,5,1.0,3504.0,50212.0,1927.2,876.0,35.0,3609.72,5.0,50.16,3551.54,12.65,0.2,12.44,operating
2025,"Texas Microgrid, LLC",HEB_CPSSADC,66613,SAD11,TX,Bexar,29.417338,-98.360879,0.4,14.33,NG,IC,2020,5,1.0,3504.0,50212.0,1927.2,876.0,35.0,3609.72,5.0,50.16,3551.54,12.65,0.2,12.44,operating
2025,"Texas Microgrid, LLC",HEB_CPSSADC,66613,SAD12,TX,Bexar,29.417338,-98.360879,0.4,14.33,NG,IC,2020,5,1.0,3504.0,50212.0,1927.2,876.0,35.0,3609.72,5.0,50.16,3551.54,12.65,0.2,12.44,operating
2025,"Texas Microgrid, LLC",HEB_CPSSADC,66613,SAD13,TX,Bexar,29.417338,-98.360879,0.4,14.33,NG,IC,2020,5,1.0,3504.0,50212.0,1927.2,876.0,35.0,3609.72,5.0,50.16,3551.54,12.65,0.2,12.44,operating
2025,"Texas Microgrid, LLC",HEB_CPSSADC,66613,SAD14,TX,Bexar,29.417338,-98.360879,0.4,14.33,NG,IC,2020,5,1.0,3504.0,50212.0,1927.2,876.0,35.0,3609.72,5.0,50.16,3551.54,12.65,0.2,12.44,operating
2025,"Texas Microgrid, LLC",HEB_CPSSADC,66613,SAD15,TX,Bexar,29.417338,-98.360879,0.4,14.33,NG,IC,2020,5,1.0,3504.0,50212.0,1927.2,876.0,35.0,3609.72,5.0,50.16,3551.54,12.65,0.2,12.44,operating
2025,"Texas Microgrid, LLC",HEB_CPSSADC,66613,SAD16,TX,Bexar,29.417338,-98.360879,0.4,14.33,NG,IC,2020,5,1.0,3504.0,50212.0,1927.2,876.0,35.0,3609.72,5.0,50.16,3551.54,12.65,0.2,12.44,operating
2025,"Texas Microgrid, LLC",HEB_CPSSADC,66613,SADC1,TX,Bexar,29.417338,-98.360879,0.4,14.33,NG,IC,2020,5,1.0,3504.0,50212.0,1927.2,876.0,35.0,3609.72,5.0,50.16,3551.54,12.65,0.2,12.44,operating
2025,"Texas Microgrid, LLC",HEB_CPSSADC,66613,SADC2,TX,Bexar,29.417338,-98.360879,0.4,14.33,NG,IC,2020,5,1.0,3504.0,50212.0,1927.2,876.0,35.0,3609.72,5.0,50.16,3551.54,12.65,0.2,12.44,operating
2025,"Texas Microgrid, LLC",HEB_CPSSADC,66613,SADC3,TX,Bexar,29.417338,-98.360879,0.4,14.33,NG,IC,2020,5,1.0,3504.0,50212.0,1927.2,876.0,35.0,3609.72,5.0,50.16,3551.54,12.65,0.2,12.44,operating
2025,"Texas Microgrid, LLC",HEB_CPSSADC,66613,SADC4,TX,Bexar,29.417338,-98.360879,0.4,14.33,NG,IC,2020,5,1.0,3504.0,50212.0,1927.2,876.0,35.0,3609.72,5.0,50.16,3551.54,12.65,0.2,12.44,operating
2025,"Texas Microgrid, LLC",HEB_CPSSADC,66613,SADC5,TX,Bexar,29.417338,-98.360879,0.4,14.33,NG,IC,2020,5,1.0,3504.0,50212.0,1927.2,876.0,35.0,3609.72,5.0,50.16,3551.54,12.65,0.2,12.44,operating
2025,"Texas Microgrid, LLC",HEB_CPSSADC,66613,SADC6,TX,Bexar,29.417338,-98.360879,0.4,14.33,NG,IC,2020,5,1.0,3504.0,50212.0,1927.2,876.0,35.0,3609.72,5.0,50.16,3551.54,12.65,0.2,12.44,operating
2025,"Texas Microgrid, LLC",HEB_CPSSADC,66613,SADC7,TX,Bexar,29.417338,-98.360879,0.4,14.33,NG,IC,2020,5,1.0,3504.0,50212.0,1927.2,876.0,35.0,3609.72,5.0,50.16,3551.54,12.65,0.2,12.44,operating
2025,"Texas Microgrid, LLC",HEB_CPSSADC,66613,SADC8,TX,Bexar,29.417338,-98.360879,0.4,14.33,NG,IC,2020,5,1.0,3504.0,50212.0,1927.2,876.0,35.0,3609.72,5.0,50.16,3551.54,12.65,0.2,12.44,operating
2025,"Texas Microgrid, LLC",HEB_CPSSADC,66613,SADC9,TX,Bexar,29.417338,-98.360879,0.4,14.33,NG,IC,2020,5,1.0,3504.0,50212.0,1927.2,876.0,35.0,3609.72,5.0,50.16,3551.54,12.65,0.2,12.44,operating
2025,"Texas Microgrid, LLC",HEB00069,66550,H0691,TX,Nueces,27.694932,-97.262513,0.4,14.34,NG,IC,2017,8,1.0,3504.0,50247.0,1927.2,876.0,35.0,3609.72,5.0,50.19,3551.5,12.65,0.2,12.44,operating
2025,"Texas Microgrid, LLC",HEB00069,66550,H0692,TX,Nueces,27.694932,-97.262513,0.4,14.34,NG,IC,2017,8,1.0,3504.0,50247.0,1927.2,876.0,35.0,3609.72,5.0,50.19,3551.5,12.65,0.2,12.44,operating
2025,"Texas Microgrid, LLC",HEB00069,66550,H0693,TX,Nueces,27.694932,-97.262513,0.4,14.34,NG,IC,2017,8,1.0,3504.0,50247.0,1927.2,876.0,35.0,3609.72,5.0,50.19,3551.5,12.65,0.2,12.44,operating
2025,"Texas Microgrid, LLC",HEB00069,66550,H0694,TX,Nueces,27.694932,-97.262513,0.4,14.34,NG,IC,2017,8,1.0,3504.0,50247.0,1927.2,876.0,35.0,3609.72,5.0,50.19,3551.5,12.65,0.2,12.44,operating
2025,"Walmart Stores Texas, LLC",WAL5316,64956,GEN1,TX,Tarrant,32.882111,-97.387586,0.4,14.35,NG,IC,2020,5,1.0,3504.0,50282.0,1927.2,876.0,35.0,-41.82,5.0,50.23,-100.08,-0.15,0.2,-0.35,stranded
2025,"Walmart Stores Texas, LLC",WAL5316,64956,GEN2,TX,Tarrant,32.882111,-97.387586,0.4,14.35,NG,IC,2020,5,1.0,3504.0,50282.0,1927.2,876.0,35.0,-41.82,5.0,50.23,-100.08,-0.15,0.2,-0.35,stranded
2025,"Walmart Stores Texas, LLC",WAL5316,64956,GEN3,TX,Tarrant,32.882111,-97.387586,0.4,14.35,NG,IC,2020,5,1.0,3504.0,50282.0,1927.2,876.0,35.0,-41.82,5.0,50.23,-100.08,-0.15,0.2,-0.35,stranded
2025,"Walmart Stores Texas, LLC",WAL3297,64898,GEN1,TX,Harris,29.920574,-95.602626,0.4,14.36,NG,IC,2020,5,1.0,3504.0,50317.0,1927.2,876.0,35.0,-43.41,5.0,50.26,-101.7,-0.15,0.2,-0.36,stranded
2025,"Walmart Stores Texas, LLC",WAL3297,64898,GEN2,TX,Harris,29.920574,-95.602626,0.4,14.36,NG,IC,2020,5,1.0,3504.0,50317.0,1927.2,876.0,35.0,-43.41,5.0,50.26,-101.7,-0.15,0.2,-0.36,stranded
2025,"Walmart Stores Texas, LLC",WAL3297,64898,GEN3,TX,Harris,29.920574,-95.602626,0.4,14.36,NG,IC,2020,5,1.0,3504.0,50317.0,1927.2,876.0,35.0,-43.41,5.0,50.26,-101.7,-0.15,0.2,-0.36,stranded
2025,"Texas Microgrid, LLC",OTHERTexasA&M,67318,TAM10,TX,Brazos,30.641955,-96.460971,0.4,14.36,NG,IC,2018,7,1.0,3504.0,50317.0,1927.2,876.0,35.0,-43.41,5.0,50.26,-101.7,-0.15,0.2,-0.36,stranded
2025,"Texas Microgrid, LLC",OTHERTexasA&M,67318,TAM11,TX,Brazos,30.641955,-96.460971,0.4,14.36,NG,IC,2018,7,1.0,3504.0,50317.0,1927.2,876.0,35.0,-43.41,5.0,50.26,-101.7,-0.15,0.2,-0.36,stranded
2025,"Texas Microgrid, LLC",OTHERTexasA&M,67318,TAM12,TX,Brazos,30.641955,-96.460971,0.4,14.36,NG,IC,2018,7,1.0,3504.0,50317.0,1927.2,876.0,35.0,-43.41,5.0,50.26,-101.7,-0.15,0.2,-0.36,stranded
2025,"Texas Microgrid, LLC",OTHERTexasA&M,67318,TAM13,TX,Brazos,30.641955,-96.460971,0.4,14.36,NG,IC,2018,7,1.0,3504.0,50317.0,1927.2,876.0,35.0,-43.41,5.0,50.26,-101.7,-0.15,0.2,-0.36,stranded
2025,"Texas Microgrid, LLC",OTHERTexasA&M,67318,TAM14,TX,Brazos,30.641955,-96.460971,0.4,14.36,NG,IC,2018,7,1.0,3504.0,50317.0,1927.2,876.0,35.0,-43.41,5.0,50.26,-101.7,-0.15,0.2,-0.36,stranded
2025,"Texas Microgrid, LLC",OTHERTexasA&M,67318,TAM15,TX,Brazos,30.641955,-96.460971,0.4,14.36,NG,IC,2018,7,1.0,3504.0,50317.0,1927.2,876.0,35.0,-43.41,5.0,50.26,-101.7,-0.15,0.2,-0.36,stranded
2025,"Texas Microgrid, LLC",OTHERTexasA&M,67318,TAM16,TX,Brazos,30.641955,-96.460971,0.4,14.36,NG,IC,2018,7,1.0,3504.0,50317.0,1927.2,876.0,35.0,-43.41,5.0,50.26,-101.7,-0.15,0.2,-0.36,stranded
2025,"Texas Microgrid, LLC",OTHERTexasA&M,67318,TAM17,TX,Brazos,30.641955,-96.460971,0.4,14.36,NG,IC,2018,7,1.0,3504.0,50317.0,1927.2,876.0,35.0,-43.41,5.0,50.26,-101.7,-0.15,0.2,-0.36,stranded
2025,"Texas Microgrid, LLC",OTHERTexasA&M,67318,TAM18,TX,Brazos,30.641955,-96.460971,0.4,14.36,NG,IC,2018,7,1.0,3504.0,50317.0,1927.2,876.0,35.0,-43.41,5.0,50.26,-101.7,-0.15,0.2,-0.36,stranded
2025,"Texas Microgrid, LLC",OTHERTexasA&M,67318,TAM19,TX,Brazos,30.641955,-96.460971,0.4,14.36,NG,IC,2018,7,1.0,3504.0,50317.0,1927.2,876.0,35.0,-43.41,5.0,50.26,-101.7,-0.15,0.2,-0.36,stranded
2025,"Texas Microgrid, LLC",OTHERTexasA&M,67318,TAM20,TX,Brazos,30.641955,-96.460971,0.4,14.36,NG,IC,2018,7,1.0,3504.0,50317.0,1927.2,876.0,35.0,-43.41,5.0,50.26,-101.7,-0.15,0.2,-0.36,stranded
2025,"Texas Microgrid, LLC",OTHERTexasA&M,67318,TAM21,TX,Brazos,30.641955,-96.460971,0.4,14.36,NG,IC,2018,7,1.0,3504.0,50317.0,1927.2,876.0,35.0,-43.41,5.0,50.26,-101.7,-0.15,0.2,-0.36,stranded
2025,"Texas Microgrid, LLC",OTHERTexasA&M,67318,TAM22,TX,Brazos,30.641955,-96.460971,0.4,14.36,NG,IC,2018,7,1.0,3504.0,50317.0,1927.2,876.0,35.0,-43.41,5.0,50.26,-101.7,-0.15,0.2,-0.36,stranded
2025,"Texas Microgrid, LLC",OTHERTexasA&M,67318,TAM23,TX,Brazos,30.641955,-96.460971,0.4,14.36,NG,IC,2018,7,1.0,3504.0,50317.0,1927.2,876.0,35.0,-43.41,5.0,50.26,-101.7,-0.15,0.2,-0.36,stranded
2025,"Texas Microgrid, LLC",OTHERTexasA&M,67318,TAM24,TX,Brazos,30.641955,-96.460971,0.4,14.36,NG,IC,2018,7,1.0,3504.0,50317.0,1927.2,876.0,35.0,-43.41,5.0,50.26,-101.7,-0.15,0.2,-0.36,stranded
2025,"Texas Microgrid, LLC",OTHERTexasA&M,67318,TAMU1,TX,Brazos,30.641955,-96.460971,0.4,14.36,NG,IC,2018,7,1.0,3504.0,50317.0,1927.2,876.0,35.0,-43.41,5.0,50.26,-101.7,-0.15,0.2,-0.36,stranded
2025,"Texas Microgrid, LLC",OTHERTexasA&M,67318,TAMU2,TX,Brazos,30.641955,-96.460971,0.4,14.36,NG,IC,2018,7,1.0,3504.0,50317.0,1927.2,876.0,35.0,-43.41,5.0,50.26,-101.7,-0.15,0.2,-0.36,stranded
2025,"Texas Microgrid, LLC",OTHERTexasA&M,67318,TAMU3,TX,Brazos,30.641955,-96.460971,0.4,14.36,NG,IC,2018,7,1.0,3504.0,50317.0,1927.2,876.0,35.0,-43.41,5.0,50.26,-101.7,-0.15,0.2,-0.36,stranded
2025,"Texas Microgrid, LLC",OTHERTexasA&M,67318,TAMU4,TX,Brazos,30.641955,-96.460971,0.4,14.36,NG,IC,2018,7,1.0,3504.0,50317.0,1927.2,876.0,35.0,-43.41,5.0,50.26,-101.7,-0.15,0.2,-0.36,stranded
2025,"Texas Microgrid, LLC",OTHERTexasA&M,67318,TAMU5,TX,Brazos,30.641955,-96.460971,0.4,14.36,NG,IC,2018,7,1.0,3504.0,50317.0,1927.2,876.0,35.0,-43.41,5.0,50.26,-101.7,-0.15,0.2,-0.36,stranded
2025,"Texas Microgrid, LLC",OTHERTexasA&M,67318,TAMU6,TX,Brazos,30.641955,-96.460971,0.4,14.36,NG,IC,2018,7,1.0,3504.0,50317.0,1927.2,876.0,35.0,-43.41,5.0,50.26,-101.7,-0.15,0.2,-0.36,stranded
2025,"Texas Microgrid, LLC",OTHERTexasA&M,67318,TAMU7,TX,Brazos,30.641955,-96.460971,0.4,14.36,NG,IC,2018,7,1.0,3504.0,50317.0,1927.2,876.0,35.0,-43.41,5.0,50.26,-101.7,-0.15,0.2,-0.36,stranded
2025,"Texas Microgrid, LLC",OTHERTexasA&M,67318,TAMU8,TX,Brazos,30.641955,-96.460971,0.4,14.36,NG,IC,2018,7,1.0,3504.0,50317.0,1927.2,876.0,35.0,-43.41,5.0,50.26,-101.7,-0.15,0.2,-0.36,stranded
2025,"Texas Microgrid, LLC",OTHERTexasA&M,67318,TAMU9,TX,Brazos,30.641955,-96.460971,0.4,14.36,NG,IC,2018,7,1.0,3504.0,50317.0,1927.2,876.0,35.0,-43.41,5.0,50.26,-101.7,-0.15,0.2,-0.36,stranded
2025,"Walmart Stores Texas, LLC",WAL3886,64940,GEN1,TX,Hidalgo,26.267703,-98.204552,0.4,14.37,NG,IC,2021,4,1.0,3504.0,50352.0,1927.2,876.0,35.0,-41.82,5.0,50.29,-100.15,-0.15,0.2,-0.35,stranded
2025,"Walmart Stores Texas, LLC",WAL3886,64940,GEN2,TX,Hidalgo,26.267703,-98.204552,0.4,14.37,NG,IC,2021,4,1.0,3504.0,50352.0,1927.2,876.0,35.0,-41.82,5.0,50.29,-100.15,-0.15,0.2,-0.35,stranded
2025,"Walmart Stores Texas, LLC",WAL3886,64940,GEN3,TX,Hidalgo,26.267703,-98.204552,0.4,14.37,NG,IC,2021,4,1.0,3504.0,50352.0,1927.2,876.0,35.0,-41.82,5.0,50.29,-100.15,-0.15,0.2,-0.35,stranded
2025,"Walmart Stores Texas, LLC",WAL5480,64959,GEN1,TX,Williamson,30.53366,-97.612014,0.4,14.39,NG,IC,2021,4,1.0,3504.0,50423.0,1927.2,876.0,35.0,3609.72,5.0,50.37,3551.33,12.65,0.2,12.44,operating
2025,"Walmart Stores Texas, LLC",WAL5480,64959,GEN2,TX,Williamson,30.53366,-97.612014,0.4,14.39,NG,IC,2021,4,1.0,3504.0,50423.0,1927.2,876.0,35.0,3609.72,5.0,50.37,3551.33,12.65,0.2,12.44,operating
2025,"Walmart Stores Texas, LLC",WAL5480,64959,GEN3,TX,Williamson,30.53366,-97.612014,0.4,14.39,NG,IC,2021,4,1.0,3504.0,50423.0,1927.2,876.0,35.0,3609.72,5.0,50.37,3551.33,12.65,0.2,12.44,operating
2025,"Walmart Stores Texas, LLC",WAL5764,64962,GEN1,TX,Tarrant,32.967341,-97.411976,0.4,14.4,NG,IC,2021,4,1.0,3504.0,50458.0,1927.2,876.0,35.0,-41.82,5.0,50.4,-100.25,-0.15,0.2,-0.35,stranded
2025,"Walmart Stores Texas, LLC",WAL5764,64962,GEN2,TX,Tarrant,32.967341,-97.411976,0.4,14.4,NG,IC,2021,4,1.0,3504.0,50458.0,1927.2,876.0,35.0,-41.82,5.0,50.4,-100.25,-0.15,0.2,-0.35,stranded
2025,"Walmart Stores Texas, LLC",WAL5764,64962,GEN3,TX,Tarrant,32.967341,-97.411976,0.4,14.4,NG,IC,2021,4,1.0,3504.0,50458.0,1927.2,876.0,35.0,-41.82,5.0,50.4,-100.25,-0.15,0.2,-0.35,stranded
2025,"Walmart Stores Texas, LLC",WAL5091,64949,GEN1,TX,Harris,29.975997,-95.697345,0.4,14.4,NG,IC,2020,5,1.0,3504.0,50458.0,1927.2,876.0,35.0,-43.41,5.0,50.4,-101.84,-0.15,0.2,-0.36,stranded
2025,"Walmart Stores Texas, LLC",WAL5091,64949,GEN2,TX,Harris,29.975997,-95.697345,0.4,14.4,NG,IC,2020,5,1.0,3504.0,50458.0,1927.2,876.0,35.0,-43.41,5.0,50.4,-101.84,-0.15,0.2,-0.36,stranded
2025,"Walmart Stores Texas, LLC",WAL5091,64949,GEN3,TX,Harris,29.975997,-95.697345,0.4,14.4,NG,IC,2020,5,1.0,3504.0,50458.0,1927.2,876.0,35.0,-43.41,5.0,50.4,-101.84,-0.15,0.2,-0.36,stranded
2025,"Generate ER-NG, LLC",HEB00750,68730,H7501,TX,Tarrant,32.56722,-97.114802,0.4,14.4,NG,IC,2024,1,1.0,3504.0,50458.0,1927.2,876.0,35.0,-41.82,5.0,50.4,-100.25,-0.15,0.2,-0.35,stranded
2025,"Generate ER-NG, LLC",HEB00750,68730,H7502,TX,Tarrant,32.56722,-97.114802,0.4,14.4,NG,IC,2024,1,1.0,3504.0,50458.0,1927.2,876.0,35.0,-41.82,5.0,50.4,-100.25,-0.15,0.2,-0.35,stranded
2025,"Generate ER-NG, LLC",HEB00750,68730,H7503,TX,Tarrant,32.56722,-97.114802,0.4,14.4,NG,IC,2024,1,1.0,3504.0,50458.0,1927.2,876.0,35.0,-41.82,5.0,50.4,-100.25,-0.15,0.2,-0.35,stranded
2025,"Walmart Stores Texas, LLC",WAL5045,64947,GEN1,TX,Harris,30.014278,-95.594987,0.4,14.44,NG,IC,2020,5,1.0,3504.0,50598.0,1927.2,876.0,35.0,-43.41,5.0,50.54,-101.98,-0.15,0.21,-0.36,stranded
2025,"Walmart Stores Texas, LLC",WAL5045,64947,GEN2,TX,Harris,30.014278,-95.594987,0.4,14.44,NG,IC,2020,5,1.0,3504.0,50598.0,1927.2,876.0,35.0,-43.41,5.0,50.54,-101.98,-0.15,0.21,-0.36,stranded
2025,"Walmart Stores Texas, LLC",WAL5045,64947,GEN3,TX,Harris,30.014278,-95.594987,0.4,14.44,NG,IC,2020,5,1.0,3504.0,50598.0,1927.2,876.0,35.0,-43.41,5.0,50.54,-101.98,-0.15,0.21,-0.36,stranded
2025,"Walmart Stores Texas, LLC",WAL3320,64901,GEN1,TX,Hidalgo,26.260742,-98.315859,0.4,14.46,NG,IC,2021,4,1.0,3504.0,50668.0,1927.2,876.0,35.0,-41.82,5.0,50.61,-100.46,-0.15,0.21,-0.35,stranded
2025,"Walmart Stores Texas, LLC",WAL3320,64901,GEN2,TX,Hidalgo,26.260742,-98.315859,0.4,14.46,NG,IC,2021,4,1.0,3504.0,50668.0,1927.2,876.0,35.0,-41.82,5.0,50.61,-100.46,-0.15,0.21,-0.35,stranded
2025,"Walmart Stores Texas, LLC",WAL3320,64901,GEN3,TX,Hidalgo,26.260742,-98.315859,0.4,14.46,NG,IC,2021,4,1.0,3504.0,50668.0,1927.2,876.0,35.0,-41.82,5.0,50.61,-100.46,-0.15,0.21,-0.35,stranded
2025,"Walmart Stores Texas, LLC",WAL3773,64937,GEN1,TX,Tarrant,32.765261,-97.483775,0.4,14.46,NG,IC,2020,5,1.0,3504.0,50668.0,1927.2,876.0,35.0,-41.82,5.0,50.61,-100.46,-0.15,0.21,-0.35,stranded
2025,"Walmart Stores Texas, LLC",WAL3773,64937,GEN2,TX,Tarrant,32.765261,-97.483775,0.4,14.46,NG,IC,2020,5,1.0,3504.0,50668.0,1927.2,876.0,35.0,-41.82,5.0,50.61,-100.46,-0.15,0.21,-0.35,stranded
2025,"Walmart Stores Texas, LLC",WAL3773,64937,GEN3,TX,Tarrant,32.765261,-97.483775,0.4,14.46,NG,IC,2020,5,1.0,3504.0,50668.0,1927.2,876.0,35.0,-41.82,5.0,50.61,-100.46,-0.15,0.21,-0.35,stranded
2025,"Walmart Stores Texas, LLC",WAL1232,64816,GEN1,TX,Bell,31.080808,-97.457755,0.4,14.49,NG,IC,2020,5,1.0,3504.0,50773.0,1927.2,876.0,35.0,3609.72,5.0,50.72,3550.98,12.65,0.21,12.44,operating
2025,"Walmart Stores Texas, LLC",WAL1232,64816,GEN2,TX,Bell,31.080808,-97.457755,0.4,14.49,NG,IC,2020,5,1.0,3504.0,50773.0,1927.2,876.0,35.0,3609.72,5.0,50.72,3550.98,12.65,0.21,12.44,operating
2025,"Walmart Stores Texas, LLC",WAL1232,64816,GEN3,TX,Bell,31.080808,-97.457755,0.4,14.49,NG,IC,2020,5,1.0,3504.0,50773.0,1927.2,876.0,35.0,3609.72,5.0,50.72,3550.98,12.65,0.21,12.44,operating
2025,"Walmart Stores Texas, LLC",WAL5165,64951,GEN1,TX,Hidalgo,26.191785,-98.128306,0.4,14.51,NG,IC,2021,4,1.0,3504.0,50843.0,1927.2,876.0,35.0,-41.82,5.0,50.78,-100.64,-0.15,0.21,-0.35,stranded
2025,"Walmart Stores Texas, LLC",WAL5165,64951,GEN2,TX,Hidalgo,26.191785,-98.128306,0.4,14.51,NG,IC,2021,4,1.0,3504.0,50843.0,1927.2,876.0,35.0,-41.82,5.0,50.78,-100.64,-0.15,0.21,-0.35,stranded
2025,"Walmart Stores Texas, LLC",WAL5165,64951,GEN3,TX,Hidalgo,26.191785,-98.128306,0.4,14.51,NG,IC,2021,4,1.0,3504.0,50843.0,1927.2,876.0,35.0,-41.82,5.0,50.78,-100.64,-0.15,0.21,-0.35,stranded
2025,"Walmart Stores Texas, LLC",WAL744,64800,GEN1,TX,Harris,29.995621,-95.176468,0.4,14.51,NG,IC,2020,5,1.0,3504.0,50843.0,1927.2,876.0,35.0,-43.41,5.0,50.78,-102.22,-0.15,0.21,-0.36,stranded
2025,"Walmart Stores Texas, LLC",WAL744,64800,GEN2,TX,Harris,29.995621,-95.176468,0.4,14.51,NG,IC,2020,5,1.0,3504.0,50843.0,1927.2,876.0,35.0,-43.41,5.0,50.78,-102.22,-0.15,0.21,-0.36,stranded
2025,"Walmart Stores Texas, LLC",WAL744,64800,GEN3,TX,Harris,29.995621,-95.176468,0.4,14.51,NG,IC,2020,5,1.0,3504.0,50843.0,1927.2,876.0,35.0,-43.41,5.0,50.78,-102.22,-0.15,0.21,-0.36,stranded
2025,"Walmart Stores Texas, LLC",WAL284,64772,GEN1,TX,Tarrant,32.576159,-97.130048,0.4,14.54,NG,IC,2021,4,1.0,3504.0,50948.0,1927.2,876.0,35.0,-41.82,5.0,50.89,-100.74,-0.15,0.21,-0.35,stranded
2025,"Walmart Stores Texas, LLC",WAL284,64772,GEN2,TX,Tarrant,32.576159,-97.130048,0.4,14.54,NG,IC,2021,4,1.0,3504.0,50948.0,1927.2,876.0,35.0,-41.82,5.0,50.89,-100.74,-0.15,0.21,-0.35,stranded
2025,"Walmart Stores Texas, LLC",WAL284,64772,GEN3,TX,Tarrant,32.576159,-97.130048,0.4,14.54,NG,IC,2021,4,1.0,3504.0,50948.0,1927.2,876.0,35.0,-41.82,5.0,50.89,-100.74,-0.15,0.21,-0.35,stranded
2025,"Generate ER-NG, LLC",AbbVie Waco,67308,AB1,TX,McLennan,31.48819,-97.20061,0.4,14.57,NG,IC,2023,2,1.0,3504.0,51053.0,1927.2,876.0,35.0,3609.72,5.0,51.0,3550.7,12.65,0.21,12.44,operating
2025,"Generate ER-NG, LLC",AbbVie Waco,67308,AB10,TX,McLennan,31.48819,-97.20061,0.4,14.57,NG,IC,2023,2,1.0,3504.0,51053.0,1927.2,876.0,35.0,3609.72,5.0,51.0,3550.7,12.65,0.21,12.44,operating
2025,"Generate ER-NG, LLC",AbbVie Waco,67308,AB11,TX,McLennan,31.48819,-97.20061,0.4,14.57,NG,IC,2023,2,1.0,3504.0,51053.0,1927.2,876.0,35.0,3609.72,5.0,51.0,3550.7,12.65,0.21,12.44,operating
2025,"Generate ER-NG, LLC",AbbVie Waco,67308,AB12,TX,McLennan,31.48819,-97.20061,0.4,14.57,NG,IC,2023,2,1.0,3504.0,51053.0,1927.2,876.0,35.0,3609.72,5.0,51.0,3550.7,12.65,0.21,12.44,operating
2025,"Generate ER-NG, LLC",AbbVie Waco,67308,AB13,TX,McLennan,31.48819,-97.20061,0.4,14.57,NG,IC,2023,2,1.0,3504.0,51053.0,1927.2,876.0,35.0,3609.72,5.0,51.0,3550.7,12.65,0.21,12.44,operating
2025,"Generate ER-NG, LLC",AbbVie Waco,67308,AB14,TX,McLennan,31.48819,-97.20061,0.4,14.57,NG,IC,2023,2,1.0,3504.0,51053.0,1927.2,876.0,35.0,3609.72,5.0,51.0,3550.7,12.65,0.21,12.44,operating
2025,"Generate ER-NG, LLC",AbbVie Waco,67308,AB2,TX,McLennan,31.48819,-97.20061,0.4,14.57,NG,IC,2023,2,1.0,3504.0,51053.0,1927.2,876.0,35.0,3609.72,5.0,51.0,3550.7,12.65,0.21,12.44,operating
2025,"Generate ER-NG, LLC",AbbVie Waco,67308,AB3,TX,McLennan,31.48819,-97.20061,0.4,14.57,NG,IC,2023,2,1.0,3504.0,51053.0,1927.2,876.0,35.0,3609.72,5.0,51.0,3550.7,12.65,0.21,12.44,operating
2025,"Generate ER-NG, LLC",AbbVie Waco,67308,AB4,TX,McLennan,31.48819,-97.20061,0.4,14.57,NG,IC,2023,2,1.0,3504.0,51053.0,1927.2,876.0,35.0,3609.72,5.0,51.0,3550.7,12.65,0.21,12.44,operating
2025,"Generate ER-NG, LLC",AbbVie Waco,67308,AB5,TX,McLennan,31.48819,-97.20061,0.4,14.57,NG,IC,2023,2,1.0,3504.0,51053.0,1927.2,876.0,35.0,3609.72,5.0,51.0,3550.7,12.65,0.21,12.44,operating
2025,"Generate ER-NG, LLC",AbbVie Waco,67308,AB6,TX,McLennan,31.48819,-97.20061,0.4,14.57,NG,IC,2023,2,1.0,3504.0,51053.0,1927.2,876.0,35.0,3609.72,5.0,51.0,3550.7,12.65,0.21,12.44,operating
2025,"Generate ER-NG, LLC",AbbVie Waco,67308,AB7,TX,McLennan,31.48819,-97.20061,0.4,14.57,NG,IC,2023,2,1.0,3504.0,51053.0,1927.2,876.0,35.0,3609.72,5.0,51.0,3550.7,12.65,0.21,12.44,operating
2025,"Generate ER-NG, LLC",AbbVie Waco,67308,AB8,TX,McLennan,31.48819,-97.20061,0.4,14.57,NG,IC,2023,2,1.0,3504.0,51053.0,1927.2,876.0,35.0,3609.72,5.0,51.0,3550.7,12.65,0.21,12.44,operating
2025,"Generate ER-NG, LLC",AbbVie Waco,67308,AB9,TX,McLennan,31.48819,-97.20061,0.4,14.57,NG,IC,2023,2,1.0,3504.0,51053.0,1927.2,876.0,35.0,3609.72,5.0,51.0,3550.7,12.65,0.21,12.44,operating
2025,"Texas Microgrid, LLC",HEB00028,65262,H0281,TX,Galveston,29.466105,-95.09527,0.4,14.62,NG,IC,2017,8,1.0,3504.0,51228.0,1927.2,876.0,35.0,-43.41,5.0,51.17,-102.61,-0.15,0.21,-0.36,stranded
2025,"Texas Microgrid, LLC",HEB00028,65262,H0282,TX,Galveston,29.466105,-95.09527,0.4,14.62,NG,IC,2017,8,1.0,3504.0,51228.0,1927.2,876.0,35.0,-43.41,5.0,51.17,-102.61,-0.15,0.21,-0.36,stranded
2025,"Texas Microgrid, LLC",HEB00028,65262,H0283,TX,Galveston,29.466105,-95.09527,0.4,14.62,NG,IC,2017,8,1.0,3504.0,51228.0,1927.2,876.0,35.0,-43.41,5.0,51.17,-102.61,-0.15,0.21,-0.36,stranded
2025,"Walmart Stores Texas, LLC",WAL3406,64922,GEN1,TX,Dallas,32.959048,-96.81664,0.4,14.63,NG,IC,2022,3,1.0,3504.0,51264.0,1927.2,876.0,35.0,-41.82,5.0,51.21,-101.06,-0.15,0.21,-0.35,stranded
2025,"Walmart Stores Texas, LLC",WAL3406,64922,GEN2,TX,Dallas,32.959048,-96.81664,0.4,14.63,NG,IC,2022,3,1.0,3504.0,51264.0,1927.2,876.0,35.0,-41.82,5.0,51.21,-101.06,-0.15,0.21,-0.35,stranded
2025,"Walmart Stores Texas, LLC",WAL3406,64922,GEN3,TX,Dallas,32.959048,-96.81664,0.4,14.63,NG,IC,2022,3,1.0,3504.0,51264.0,1927.2,876.0,35.0,-41.82,5.0,51.21,-101.06,-0.15,0.21,-0.35,stranded
2025,"Walmart Stores Texas, LLC",WAL461,64778,GEN1,TX,Maverick,28.702031,-100.482722,0.4,14.66,NG,IC,2021,4,1.0,3504.0,51369.0,1927.2,876.0,35.0,3609.72,5.0,51.31,3550.38,12.65,0.21,12.44,operating
2025,"Walmart Stores Texas, LLC",WAL461,64778,GEN2,TX,Maverick,28.702031,-100.482722,0.4,14.66,NG,IC,2021,4,1.0,3504.0,51369.0,1927.2,876.0,35.0,3609.72,5.0,51.31,3550.38,12.65,0.21,12.44,operating
2025,"Walmart Stores Texas, LLC",WAL461,64778,GEN3,TX,Maverick,28.702031,-100.482722,0.4,14.66,NG,IC,2021,4,1.0,3504.0,51369.0,1927.2,876.0,35.0,3609.72,5.0,51.31,3550.38,12.65,0.21,12.44,operating
2025,"Texas Microgrid, LLC",HEB00038,65263,H0381,TX,Hidalgo,26.202647,-98.164666,0.4,14.68,NG,IC,2018,7,1.0,3504.0,51439.0,1927.2,876.0,35.0,-41.82,5.0,51.38,-101.23,-0.15,0.21,-0.35,stranded
2025,"Texas Microgrid, LLC",HEB00038,65263,H0382,TX,Hidalgo,26.202647,-98.164666,0.4,14.68,NG,IC,2018,7,1.0,3504.0,51439.0,1927.2,876.0,35.0,-41.82,5.0,51.38,-101.23,-0.15,0.21,-0.35,stranded
2025,"Texas Microgrid, LLC",HEB00038,65263,H0383,TX,Hidalgo,26.202647,-98.164666,0.4,14.68,NG,IC,2018,7,1.0,3504.0,51439.0,1927.2,876.0,35.0,-41.82,5.0,51.38,-101.23,-0.15,0.21,-0.35,stranded
2025,"Texas Microgrid, LLC",OTHERNFBWA,67316,NFB1,TX,Fort Bend,29.705627,-95.619133,0.4,14.71,NG,IC,2021,4,1.0,3504.0,51544.0,1927.2,876.0,35.0,-43.41,5.0,51.48,-102.92,-0.15,0.21,-0.36,stranded
2025,"Texas Microgrid, LLC",OTHERNFBWA,67316,NFB2,TX,Fort Bend,29.705627,-95.619133,0.4,14.71,NG,IC,2021,4,1.0,3504.0,51544.0,1927.2,876.0,35.0,-43.41,5.0,51.48,-102.92,-0.15,0.21,-0.36,stranded
2025,"Texas Microgrid, LLC",OTHERNFBWA,67316,NFB3,TX,Fort Bend,29.705627,-95.619133,0.4,14.71,NG,IC,2021,4,1.0,3504.0,51544.0,1927.2,876.0,35.0,-43.41,5.0,51.48,-102.92,-0.15,0.21,-0.36,stranded
2025,"Texas Microgrid, LLC",OTHERNFBWA,67316,NFB4,TX,Fort Bend,29.705627,-95.619133,0.4,14.71,NG,IC,2021,4,1.0,3504.0,51544.0,1927.2,876.0,35.0,-43.41,5.0,51.48,-102.92,-0.15,0.21,-0.36,stranded
2025,"Texas Microgrid, LLC",OTHERNFBWA,67316,NFB5,TX,Fort Bend,29.705627,-95.619133,0.4,14.71,NG,IC,2021,4,1.0,3504.0,51544.0,1927.2,876.0,35.0,-43.41,5.0,51.48,-102.92,-0.15,0.21,-0.36,stranded
2025,"Texas Microgrid, LLC",OTHERNFBWA,67316,NFB6,TX,Fort Bend,29.705627,-95.619133,0.4,14.71,NG,IC,2021,4,1.0,3504.0,51544.0,1927.2,876.0,35.0,-43.41,5.0,51.48,-102.92,-0.15,0.21,-0.36,stranded
2025,"Walmart Stores Texas, LLC",WAL872,64806,GEN1,TX,Brazoria,29.573168,-95.283899,0.4,14.71,NG,IC,2020,5,1.0,3504.0,51544.0,1927.2,876.0,35.0,-43.41,5.0,51.48,-102.92,-0.15,0.21,-0.36,stranded
2025,"Walmart Stores Texas, LLC",WAL872,64806,GEN2,TX,Brazoria,29.573168,-95.283899,0.4,14.71,NG,IC,2020,5,1.0,3504.0,51544.0,1927.2,876.0,35.0,-43.41,5.0,51.48,-102.92,-0.15,0.21,-0.36,stranded
2025,"Walmart Stores Texas, LLC",WAL872,64806,GEN3,TX,Brazoria,29.573168,-95.283899,0.4,14.71,NG,IC,2020,5,1.0,3504.0,51544.0,1927.2,876.0,35.0,-43.41,5.0,51.48,-102.92,-0.15,0.21,-0.36,stranded
2025,"Walmart Stores Texas, LLC",WAL1040,64813,GEN1,TX,Harris,29.877618,-95.651482,0.4,14.73,NG,IC,2019,6,1.0,3504.0,51614.0,1927.2,876.0,35.0,-43.41,5.0,51.55,-102.99,-0.15,0.21,-0.36,stranded
2025,"Walmart Stores Texas, LLC",WAL1040,64813,GEN2,TX,Harris,29.877618,-95.651482,0.4,14.73,NG,IC,2019,6,1.0,3504.0,51614.0,1927.2,876.0,35.0,-43.41,5.0,51.55,-102.99,-0.15,0.21,-0.36,stranded
2025,"Walmart Stores Texas, LLC",WAL1040,64813,GEN3,TX,Harris,29.877618,-95.651482,0.4,14.73,NG,IC,2019,6,1.0,3504.0,51614.0,1927.2,876.0,35.0,-43.41,5.0,51.55,-102.99,-0.15,0.21,-0.36,stranded
2025,"Walmart Stores Texas, LLC",WAL6929,64963,GEN1,TX,Bell,31.11497,-97.414441,0.4,14.73,NG,IC,2020,5,1.0,3504.0,51614.0,1927.2,876.0,35.0,3609.72,5.0,51.55,3550.14,12.65,0.21,12.44,operating
2025,"Walmart Stores Texas, LLC",WAL6929,64963,GEN2,TX,Bell,31.11497,-97.414441,0.4,14.73,NG,IC,2020,5,1.0,3504.0,51614.0,1927.2,876.0,35.0,3609.72,5.0,51.55,3550.14,12.65,0.21,12.44,operating
2025,"Walmart Stores Texas, LLC",WAL6929,64963,GEN3,TX,Bell,31.11497,-97.414441,0.4,14.73,NG,IC,2020,5,1.0,3504.0,51614.0,1927.2,876.0,35.0,3609.72,5.0,51.55,3550.14,12.65,0.21,12.44,operating
2025,Signal Hill Generating LLC,Signal Hill Generating LLC,50127,GTA,TX,Wichita,33.8625,-98.5894,20.0,15.46,NG,CT,1987,38,0.9999,175180.0,2708283.0,64816.6,17518.0,1751.8,-41.82,3.5,54.11,-101.47,-7.33,10.45,-17.78,stranded
2025,Signal Hill Generating LLC,Signal Hill Generating LLC,50127,GTB,TX,Wichita,33.8625,-98.5894,20.0,15.46,NG,CT,1987,38,0.9999,175180.0,2708283.0,64816.6,17518.0,1751.8,-41.82,3.5,54.11,-101.47,-7.33,10.45,-17.78,stranded
2025,Signal Hill Generating LLC,Signal Hill Generating LLC,50127,GTC,TX,Wichita,33.8625,-98.5894,20.0,15.46,NG,CT,1987,38,0.9999,175180.0,2708283.0,64816.6,17518.0,1751.8,-41.82,3.5,54.11,-101.47,-7.33,10.45,-17.78,stranded
2025,Signal Hill Generating LLC,Signal Hill Generating LLC,50127,STD,TX,Wichita,33.8625,-98.5894,20.0,15.46,NG,CA,1987,38,0.9999,175180.0,2708283.0,64816.6,17518.0,1751.8,-41.82,3.5,54.11,-101.47,-7.33,10.45,-17.78,stranded
2025,"Walmart Stores Texas, LLC",WAL3226,64895,GEN1,TX,Fort Bend,29.783981,-95.804075,0.4,14.77,NG,IC,2019,6,1.0,3504.0,51754.0,1927.2,876.0,35.0,-43.41,5.0,51.7,-103.13,-0.15,0.21,-0.36,stranded
2025,"Walmart Stores Texas, LLC",WAL3226,64895,GEN2,TX,Fort Bend,29.783981,-95.804075,0.4,14.77,NG,IC,2019,6,1.0,3504.0,51754.0,1927.2,876.0,35.0,-43.41,5.0,51.7,-103.13,-0.15,0.21,-0.36,stranded
2025,"Walmart Stores Texas, LLC",WAL3226,64895,GEN3,TX,Fort Bend,29.783981,-95.804075,0.4,14.77,NG,IC,2019,6,1.0,3504.0,51754.0,1927.2,876.0,35.0,-43.41,5.0,51.7,-103.13,-0.15,0.21,-0.36,stranded
2025,"Texas Microgrid, LLC",HEBCCBakery,66565,HCCB1,TX,Nueces,27.786287,-97.46234,0.4,14.78,NG,IC,2019,6,1.0,3504.0,51789.0,1927.2,876.0,35.0,3609.72,5.0,51.73,3549.96,12.65,0.21,12.44,operating
2025,"Texas Microgrid, LLC",HEBCCBakery,66565,HCCB2,TX,Nueces,27.786287,-97.46234,0.4,14.78,NG,IC,2019,6,1.0,3504.0,51789.0,1927.2,876.0,35.0,3609.72,5.0,51.73,3549.96,12.65,0.21,12.44,operating
2025,"Texas Microgrid, LLC",HEBCCBakery,66565,HCCB3,TX,Nueces,27.786287,-97.46234,0.4,14.78,NG,IC,2019,6,1.0,3504.0,51789.0,1927.2,876.0,35.0,3609.72,5.0,51.73,3549.96,12.65,0.21,12.44,operating
2025,"Texas Microgrid, LLC",HEBCCBakery,66565,HCCB4,TX,Nueces,27.786287,-97.46234,0.4,14.78,NG,IC,2019,6,1.0,3504.0,51789.0,1927.2,876.0,35.0,3609.72,5.0,51.73,3549.96,12.65,0.21,12.44,operating
2025,"Texas Microgrid, LLC",HEBCCBakery,66565,HCCB5,TX,Nueces,27.786287,-97.46234,0.4,14.78,NG,IC,2019,6,1.0,3504.0,51789.0,1927.2,876.0,35.0,3609.72,5.0,51.73,3549.96,12.65,0.21,12.44,operating
2025,"Texas Microgrid, LLC",HEBCCBakery,66565,HCCB6,TX,Nueces,27.786287,-97.46234,0.4,14.78,NG,IC,2019,6,1.0,3504.0,51789.0,1927.2,876.0,35.0,3609.72,5.0,51.73,3549.96,12.65,0.21,12.44,operating
2025,"Texas Microgrid, LLC",HEBCCBakery,66565,HCCB7,TX,Nueces,27.786287,-97.46234,0.4,14.78,NG,IC,2019,6,1.0,3504.0,51789.0,1927.2,876.0,35.0,3609.72,5.0,51.73,3549.96,12.65,0.21,12.44,operating
2025,"Texas Microgrid, LLC",HEBCCBakery,66565,HCCB8,TX,Nueces,27.786287,-97.46234,0.4,14.78,NG,IC,2019,6,1.0,3504.0,51789.0,1927.2,876.0,35.0,3609.72,5.0,51.73,3549.96,12.65,0.21,12.44,operating
2025,"Walmart Stores Texas, LLC",WAL4512,64944,GEN1,TX,Harris,29.818196,-95.767961,0.4,14.78,NG,IC,2020,5,1.0,3504.0,51789.0,1927.2,876.0,35.0,-43.41,5.0,51.73,-103.17,-0.15,0.21,-0.36,stranded
2025,"Walmart Stores Texas, LLC",WAL4512,64944,GEN2,TX,Harris,29.818196,-95.767961,0.4,14.78,NG,IC,2020,5,1.0,3504.0,51789.0,1927.2,876.0,35.0,-43.41,5.0,51.73,-103.17,-0.15,0.21,-0.36,stranded
2025,"Walmart Stores Texas, LLC",WAL4512,64944,GEN3,TX,Harris,29.818196,-95.767961,0.4,14.78,NG,IC,2020,5,1.0,3504.0,51789.0,1927.2,876.0,35.0,-43.41,5.0,51.73,-103.17,-0.15,0.21,-0.36,stranded
2025,"Walmart Stores Texas, LLC",WAL266,64771,GEN1,TX,Tarrant,32.922049,-97.081986,0.4,14.79,NG,IC,2021,4,1.0,3504.0,51824.0,1927.2,876.0,35.0,-41.82,5.0,51.77,-101.62,-0.15,0.21,-0.36,stranded
2025,"Walmart Stores Texas, LLC",WAL266,64771,GEN2,TX,Tarrant,32.922049,-97.081986,0.4,14.79,NG,IC,2021,4,1.0,3504.0,51824.0,1927.2,876.0,35.0,-41.82,5.0,51.77,-101.62,-0.15,0.21,-0.36,stranded
2025,"Walmart Stores Texas, LLC",WAL266,64771,GEN3,TX,Tarrant,32.922049,-97.081986,0.4,14.79,NG,IC,2021,4,1.0,3504.0,51824.0,1927.2,876.0,35.0,-41.82,5.0,51.77,-101.62,-0.15,0.21,-0.36,stranded
2025,Formosa Plastics Corp,CFB Power Plant,56708,G2101,TX,Calhoun,28.650278,-96.539722,155.0,15.53,NG,ST,2012,13,0.9999,1357645.0,21084227.0,502328.6,135764.5,13576.5,3609.72,3.5,54.35,3549.83,4900.72,81.31,4819.4,operating
2025,Formosa Plastics Corp,CFB Power Plant,56708,G2201,TX,Calhoun,28.650278,-96.539722,155.0,15.53,NG,ST,2012,13,0.9999,1357645.0,21084227.0,502328.6,135764.5,13576.5,3609.72,3.5,54.35,3549.83,4900.72,81.31,4819.4,operating
2025,"Walmart Stores Texas, LLC",WAL522,64793,GEN1,TX,Harris,29.894458,-95.06497,0.4,14.85,NG,IC,2020,5,1.0,3504.0,52034.0,1927.2,876.0,35.0,-43.41,5.0,51.98,-103.41,-0.15,0.21,-0.36,stranded
2025,"Walmart Stores Texas, LLC",WAL522,64793,GEN2,TX,Harris,29.894458,-95.06497,0.4,14.85,NG,IC,2020,5,1.0,3504.0,52034.0,1927.2,876.0,35.0,-43.41,5.0,51.98,-103.41,-0.15,0.21,-0.36,stranded
2025,"Walmart Stores Texas, LLC",WAL522,64793,GEN3,TX,Harris,29.894458,-95.06497,0.4,14.85,NG,IC,2020,5,1.0,3504.0,52034.0,1927.2,876.0,35.0,-43.41,5.0,51.98,-103.41,-0.15,0.21,-0.36,stranded
2025,"Walmart Stores Texas, LLC",WAL5713,64961,GEN1,TX,Webb,27.610637,-99.462215,0.4,14.86,NG,IC,2021,4,1.0,3504.0,52069.0,1927.2,876.0,35.0,3609.72,5.0,52.01,3549.68,12.65,0.21,12.44,operating
2025,"Walmart Stores Texas, LLC",WAL5713,64961,GEN2,TX,Webb,27.610637,-99.462215,0.4,14.86,NG,IC,2021,4,1.0,3504.0,52069.0,1927.2,876.0,35.0,3609.72,5.0,52.01,3549.68,12.65,0.21,12.44,operating
2025,"Walmart Stores Texas, LLC",WAL5713,64961,GEN3,TX,Webb,27.610637,-99.462215,0.4,14.86,NG,IC,2021,4,1.0,3504.0,52069.0,1927.2,876.0,35.0,3609.72,5.0,52.01,3549.68,12.65,0.21,12.44,operating
2025,Enterprise Products Optg LP,Enterprise Products Operating,10261,GEN3,TX,Chambers,29.8247,-94.9197,3.4,14.9,NG,GT,1991,34,1.0,29784.0,443782.0,16381.2,7446.0,297.8,-43.41,5.0,52.15,-103.59,-1.29,1.79,-3.09,stranded
2025,Enterprise Products Optg LP,Enterprise Products Operating,10261,GEN4,TX,Chambers,29.8247,-94.9197,3.4,14.9,NG,GT,1991,34,1.0,29784.0,443782.0,16381.2,7446.0,297.8,-43.41,5.0,52.15,-103.59,-1.29,1.79,-3.09,stranded
2025,Enterprise Products Optg LP,Enterprise Products Operating,10261,GEN5,TX,Chambers,29.8247,-94.9197,3.4,14.9,NG,GT,1991,34,1.0,29784.0,443782.0,16381.2,7446.0,297.8,-43.41,5.0,52.15,-103.59,-1.29,1.79,-3.09,stranded
2025,Enterprise Products Optg LP,Enterprise Products Operating,10261,GEN6,TX,Chambers,29.8247,-94.9197,3.5,14.9,NG,GT,1996,29,1.0,30660.0,456834.0,16863.0,7665.0,306.6,-43.41,5.0,52.15,-103.59,-1.33,1.85,-3.18,stranded
2025,Enterprise Products Optg LP,Enterprise Products Operating,10261,GEN7,TX,Chambers,29.8247,-94.9197,3.5,14.9,NG,GT,1996,29,1.0,30660.0,456834.0,16863.0,7665.0,306.6,-43.41,5.0,52.15,-103.59,-1.33,1.85,-3.18,stranded
2025,Enterprise Products Optg LP,Enterprise Products Operating,10261,GEN8,TX,Chambers,29.8247,-94.9197,3.5,14.9,NG,GT,1996,29,1.0,30660.0,456834.0,16863.0,7665.0,306.6,-43.41,5.0,52.15,-103.59,-1.33,1.85,-3.18,stranded
2025,"Walmart Stores Texas, LLC",WAL2883,64889,GEN1,TX,Collin,33.097094,-96.798596,0.4,14.91,NG,IC,2021,4,1.0,3504.0,52245.0,1927.2,876.0,35.0,-41.82,5.0,52.19,-102.04,-0.15,0.21,-0.36,stranded
2025,"Walmart Stores Texas, LLC",WAL2883,64889,GEN2,TX,Collin,33.097094,-96.798596,0.4,14.91,NG,IC,2021,4,1.0,3504.0,52245.0,1927.2,876.0,35.0,-41.82,5.0,52.19,-102.04,-0.15,0.21,-0.36,stranded
2025,"Walmart Stores Texas, LLC",WAL2883,64889,GEN3,TX,Collin,33.097094,-96.798596,0.4,14.91,NG,IC,2021,4,1.0,3504.0,52245.0,1927.2,876.0,35.0,-41.82,5.0,52.19,-102.04,-0.15,0.21,-0.36,stranded
2025,"Walmart Stores Texas, LLC",WAL3518,64933,GEN1,TX,Webb,27.612565,-99.471825,0.4,14.91,NG,IC,2021,4,1.0,3504.0,52245.0,1927.2,876.0,35.0,3609.72,5.0,52.19,3549.51,12.65,0.21,12.44,operating
2025,"Walmart Stores Texas, LLC",WAL3518,64933,GEN2,TX,Webb,27.612565,-99.471825,0.4,14.91,NG,IC,2021,4,1.0,3504.0,52245.0,1927.2,876.0,35.0,3609.72,5.0,52.19,3549.51,12.65,0.21,12.44,operating
2025,"Walmart Stores Texas, LLC",WAL3518,64933,GEN3,TX,Webb,27.612565,-99.471825,0.4,14.91,NG,IC,2021,4,1.0,3504.0,52245.0,1927.2,876.0,35.0,3609.72,5.0,52.19,3549.51,12.65,0.21,12.44,operating
2025,"Generate ER-NG, LLC",HEB00801,68734,H8011,TX,Tarrant,32.914505,-97.308935,0.4,14.92,NG,IC,2024,1,1.0,3504.0,52280.0,1927.2,876.0,35.0,-41.82,5.0,52.22,-102.07,-0.15,0.21,-0.36,stranded
2025,"Generate ER-NG, LLC",HEB00801,68734,H8012,TX,Tarrant,32.914505,-97.308935,0.4,14.92,NG,IC,2024,1,1.0,3504.0,52280.0,1927.2,876.0,35.0,-41.82,5.0,52.22,-102.07,-0.15,0.21,-0.36,stranded
2025,"Generate ER-NG, LLC",HEB00801,68734,H8013,TX,Tarrant,32.914505,-97.308935,0.4,14.92,NG,IC,2024,1,1.0,3504.0,52280.0,1927.2,876.0,35.0,-41.82,5.0,52.22,-102.07,-0.15,0.21,-0.36,stranded
2025,"Texas Microgrid, LLC",HEB00063,66549,H0631,TX,Brazoria,29.55952,-95.39038,0.4,14.96,NG,IC,2017,8,1.0,3504.0,52420.0,1927.2,876.0,35.0,-43.41,5.0,52.36,-103.8,-0.15,0.21,-0.36,stranded
2025,"Texas Microgrid, LLC",HEB00063,66549,H0632,TX,Brazoria,29.55952,-95.39038,0.4,14.96,NG,IC,2017,8,1.0,3504.0,52420.0,1927.2,876.0,35.0,-43.41,5.0,52.36,-103.8,-0.15,0.21,-0.36,stranded
2025,"Texas Microgrid, LLC",HEB00063,66549,H0633,TX,Brazoria,29.55952,-95.39038,0.4,14.96,NG,IC,2017,8,1.0,3504.0,52420.0,1927.2,876.0,35.0,-43.41,5.0,52.36,-103.8,-0.15,0.21,-0.36,stranded
2025,"Texas Microgrid, LLC",HEB00063,66549,H0634,TX,Brazoria,29.55952,-95.39038,0.4,14.96,NG,IC,2017,8,1.0,3504.0,52420.0,1927.2,876.0,35.0,-43.41,5.0,52.36,-103.8,-0.15,0.21,-0.36,stranded
2025,"Walmart Stores Texas, LLC",WAL447,64775,GEN1,TX,Val Verde,29.395822,-100.901074,0.4,14.98,NG,IC,2021,4,1.0,3504.0,52490.0,1927.2,876.0,35.0,-41.82,5.0,52.43,-102.28,-0.15,0.21,-0.36,stranded
2025,"Walmart Stores Texas, LLC",WAL447,64775,GEN2,TX,Val Verde,29.395822,-100.901074,0.4,14.98,NG,IC,2021,4,1.0,3504.0,52490.0,1927.2,876.0,35.0,-41.82,5.0,52.43,-102.28,-0.15,0.21,-0.36,stranded
2025,"Walmart Stores Texas, LLC",WAL447,64775,GEN3,TX,Val Verde,29.395822,-100.901074,0.4,14.98,NG,IC,2021,4,1.0,3504.0,52490.0,1927.2,876.0,35.0,-41.82,5.0,52.43,-102.28,-0.15,0.21,-0.36,stranded
2025,"Walmart Stores Texas, LLC",WAL536,64795,GEN1,TX,Jones,32.48078,-99.698015,0.4,14.99,NG,IC,2021,4,1.0,3504.0,52525.0,1927.2,876.0,35.0,-41.82,5.0,52.47,-102.32,-0.15,0.21,-0.36,stranded
2025,"Walmart Stores Texas, LLC",WAL536,64795,GEN2,TX,Jones,32.48078,-99.698015,0.4,14.99,NG,IC,2021,4,1.0,3504.0,52525.0,1927.2,876.0,35.0,-41.82,5.0,52.47,-102.32,-0.15,0.21,-0.36,stranded
2025,"Walmart Stores Texas, LLC",WAL536,64795,GEN3,TX,Jones,32.48078,-99.698015,0.4,14.99,NG,IC,2021,4,1.0,3504.0,52525.0,1927.2,876.0,35.0,-41.82,5.0,52.47,-102.32,-0.15,0.21,-0.36,stranded
2025,"Walmart Stores Texas, LLC",WAL452,64776,GEN1,TX,Hidalgo,26.243944,-98.245055,0.4,15.03,NG,IC,2021,4,1.0,3504.0,52665.0,1927.2,876.0,35.0,-41.82,5.0,52.6,-102.46,-0.15,0.21,-0.36,stranded
2025,"Walmart Stores Texas, LLC",WAL452,64776,GEN2,TX,Hidalgo,26.243944,-98.245055,0.4,15.03,NG,IC,2021,4,1.0,3504.0,52665.0,1927.2,876.0,35.0,-41.82,5.0,52.6,-102.46,-0.15,0.21,-0.36,stranded
2025,"Walmart Stores Texas, LLC",WAL452,64776,GEN3,TX,Hidalgo,26.243944,-98.245055,0.4,15.03,NG,IC,2021,4,1.0,3504.0,52665.0,1927.2,876.0,35.0,-41.82,5.0,52.6,-102.46,-0.15,0.21,-0.36,stranded
2025,"Walmart Stores Texas, LLC",WAL3284,64896,GEN1,TX,Tarrant,32.66674,-97.209254,0.4,15.04,NG,IC,2021,4,1.0,3504.0,52700.0,1927.2,876.0,35.0,-41.82,5.0,52.64,-102.49,-0.15,0.21,-0.36,stranded
2025,"Walmart Stores Texas, LLC",WAL3284,64896,GEN2,TX,Tarrant,32.66674,-97.209254,0.4,15.04,NG,IC,2021,4,1.0,3504.0,52700.0,1927.2,876.0,35.0,-41.82,5.0,52.64,-102.49,-0.15,0.21,-0.36,stranded
2025,"Walmart Stores Texas, LLC",WAL3284,64896,GEN3,TX,Tarrant,32.66674,-97.209254,0.4,15.04,NG,IC,2021,4,1.0,3504.0,52700.0,1927.2,876.0,35.0,-41.82,5.0,52.64,-102.49,-0.15,0.21,-0.36,stranded
2025,NRG Texas Power LLC,Greens Bayou,3464,73,TX,Harris,29.822201,-95.219429,72.0,15.04,NG,GT,1976,49,1.0,630720.0,9486029.0,346896.0,157680.0,6307.2,-43.41,5.0,52.64,-104.08,-27.38,38.26,-65.64,stranded
2025,NRG Texas Power LLC,Greens Bayou,3464,74,TX,Harris,29.822201,-95.219429,72.0,15.04,NG,GT,1976,49,1.0,630720.0,9486029.0,346896.0,157680.0,6307.2,-43.41,5.0,52.64,-104.08,-27.38,38.26,-65.64,stranded
2025,NRG Texas Power LLC,Greens Bayou,3464,81,TX,Harris,29.822201,-95.219429,72.0,15.04,NG,GT,1976,49,1.0,630720.0,9486029.0,346896.0,157680.0,6307.2,-43.41,5.0,52.64,-104.08,-27.38,38.26,-65.64,stranded
2025,NRG Texas Power LLC,Greens Bayou,3464,82,TX,Harris,29.822201,-95.219429,72.0,15.04,NG,GT,1976,49,1.0,630720.0,9486029.0,346896.0,157680.0,6307.2,-43.41,5.0,52.64,-104.08,-27.38,38.26,-65.64,stranded
2025,NRG Texas Power LLC,Greens Bayou,3464,83,TX,Harris,29.822201,-95.219429,72.0,15.04,NG,GT,1976,49,1.0,630720.0,9486029.0,346896.0,157680.0,6307.2,-43.41,5.0,52.64,-104.08,-27.38,38.26,-65.64,stranded
2025,NRG Texas Power LLC,Greens Bayou,3464,84,TX,Harris,29.822201,-95.219429,72.0,15.04,NG,GT,1976,49,1.0,630720.0,9486029.0,346896.0,157680.0,6307.2,-43.41,5.0,52.64,-104.08,-27.38,38.26,-65.64,stranded
2025,"Walmart Stores Texas, LLC",WAL5312,64955,GEN1,TX,Tarrant,32.774643,-97.291803,0.4,15.06,NG,IC,2021,4,1.0,3504.0,52770.0,1927.2,876.0,35.0,-41.82,5.0,52.71,-102.56,-0.15,0.21,-0.36,stranded
2025,"Walmart Stores Texas, LLC",WAL5312,64955,GEN2,TX,Tarrant,32.774643,-97.291803,0.4,15.06,NG,IC,2021,4,1.0,3504.0,52770.0,1927.2,876.0,35.0,-41.82,5.0,52.71,-102.56,-0.15,0.21,-0.36,stranded
2025,"Walmart Stores Texas, LLC",WAL5312,64955,GEN3,TX,Tarrant,32.774643,-97.291803,0.4,15.06,NG,IC,2021,4,1.0,3504.0,52770.0,1927.2,876.0,35.0,-41.82,5.0,52.71,-102.56,-0.15,0.21,-0.36,stranded
2025,"Texas Microgrid, LLC",HEB_CPS00085,66612,H0851,TX,Bexar,29.433657,-98.703454,0.4,15.07,NG,IC,2019,6,1.0,3504.0,52805.0,1927.2,876.0,35.0,3609.72,5.0,52.75,3548.95,12.65,0.21,12.44,operating
2025,"Texas Microgrid, LLC",HEB_CPS00085,66612,H0852,TX,Bexar,29.433657,-98.703454,0.4,15.07,NG,IC,2019,6,1.0,3504.0,52805.0,1927.2,876.0,35.0,3609.72,5.0,52.75,3548.95,12.65,0.21,12.44,operating
2025,"Texas Microgrid, LLC",HEB_CPS00085,66612,H0853,TX,Bexar,29.433657,-98.703454,0.4,15.07,NG,IC,2019,6,1.0,3504.0,52805.0,1927.2,876.0,35.0,3609.72,5.0,52.75,3548.95,12.65,0.21,12.44,operating
2025,"Texas Microgrid, LLC",HEB_CPS00085,66612,H0854,TX,Bexar,29.433657,-98.703454,0.4,15.07,NG,IC,2019,6,1.0,3504.0,52805.0,1927.2,876.0,35.0,3609.72,5.0,52.75,3548.95,12.65,0.21,12.44,operating
2025,"Walmart Stores Texas, LLC",WAL5287,64953,GE N3,TX,Harris,30.077307,-95.51277,0.4,15.09,NG,IC,2020,5,1.0,3504.0,52875.0,1927.2,876.0,35.0,-43.41,5.0,52.81,-104.25,-0.15,0.21,-0.37,stranded
2025,"Walmart Stores Texas, LLC",WAL5287,64953,GEN1,TX,Harris,30.077307,-95.51277,0.4,15.09,NG,IC,2020,5,1.0,3504.0,52875.0,1927.2,876.0,35.0,-43.41,5.0,52.81,-104.25,-0.15,0.21,-0.37,stranded
2025,"Walmart Stores Texas, LLC",WAL5287,64953,GEN2,TX,Harris,30.077307,-95.51277,0.4,15.09,NG,IC,2020,5,1.0,3504.0,52875.0,1927.2,876.0,35.0,-43.41,5.0,52.81,-104.25,-0.15,0.21,-0.37,stranded
2025,"Walmart Stores Texas, LLC",WAL3584,64935,GEN1,TX,Harris,29.72355,-95.46539,0.4,15.11,NG,IC,2021,4,1.0,3504.0,52945.0,1927.2,876.0,35.0,-43.41,5.0,52.88,-104.32,-0.15,0.21,-0.37,stranded
2025,"Walmart Stores Texas, LLC",WAL3584,64935,GEN2,TX,Harris,29.72355,-95.46539,0.4,15.11,NG,IC,2021,4,1.0,3504.0,52945.0,1927.2,876.0,35.0,-43.41,5.0,52.88,-104.32,-0.15,0.21,-0.37,stranded
2025,"Walmart Stores Texas, LLC",WAL3584,64935,GEN3,TX,Harris,29.72355,-95.46539,0.4,15.11,NG,IC,2021,4,1.0,3504.0,52945.0,1927.2,876.0,35.0,-43.41,5.0,52.88,-104.32,-0.15,0.21,-0.37,stranded
2025,"Walmart Stores Texas, LLC",WAL602,64799,GEN1,TX,Montgomery,30.12423,-95.45769,0.4,15.11,NG,IC,2020,5,1.0,3504.0,52945.0,1927.2,876.0,35.0,-43.41,5.0,52.88,-104.32,-0.15,0.21,-0.37,stranded
2025,"Walmart Stores Texas, LLC",WAL602,64799,GEN2,TX,Montgomery,30.12423,-95.45769,0.4,15.11,NG,IC,2020,5,1.0,3504.0,52945.0,1927.2,876.0,35.0,-43.41,5.0,52.88,-104.32,-0.15,0.21,-0.37,stranded
2025,"Walmart Stores Texas, LLC",WAL602,64799,GEN3,TX,Montgomery,30.12423,-95.45769,0.4,15.11,NG,IC,2020,5,1.0,3504.0,52945.0,1927.2,876.0,35.0,-43.41,5.0,52.88,-104.32,-0.15,0.21,-0.37,stranded
2025,"Generate ER-NG, LLC",HEB00794,67433,H7941,TX,Collin,33.175806,-96.728417,0.4,15.11,NG,IC,2023,2,1.0,3504.0,52945.0,1927.2,876.0,35.0,-41.82,5.0,52.88,-102.74,-0.15,0.21,-0.36,stranded
2025,"Generate ER-NG, LLC",HEB00794,67433,H7942,TX,Collin,33.175806,-96.728417,0.4,15.11,NG,IC,2023,2,1.0,3504.0,52945.0,1927.2,876.0,35.0,-41.82,5.0,52.88,-102.74,-0.15,0.21,-0.36,stranded
2025,"Generate ER-NG, LLC",HEB00794,67433,H7943,TX,Collin,33.175806,-96.728417,0.4,15.11,NG,IC,2023,2,1.0,3504.0,52945.0,1927.2,876.0,35.0,-41.82,5.0,52.88,-102.74,-0.15,0.21,-0.36,stranded
2025,"Walmart Stores Texas, LLC",WAL2257,64885,GEN1,TX,Harris,29.853797,-95.509083,0.4,15.13,NG,IC,2021,4,1.0,3504.0,53016.0,1927.2,876.0,35.0,-43.41,5.0,52.96,-104.39,-0.15,0.21,-0.37,stranded
2025,"Walmart Stores Texas, LLC",WAL2257,64885,GEN2,TX,Harris,29.853797,-95.509083,0.4,15.13,NG,IC,2021,4,1.0,3504.0,53016.0,1927.2,876.0,35.0,-43.41,5.0,52.96,-104.39,-0.15,0.21,-0.37,stranded
2025,"Walmart Stores Texas, LLC",WAL2257,64885,GEN3,TX,Harris,29.853797,-95.509083,0.4,15.13,NG,IC,2021,4,1.0,3504.0,53016.0,1927.2,876.0,35.0,-43.41,5.0,52.96,-104.39,-0.15,0.21,-0.37,stranded
2025,"Walmart Stores Texas, LLC",WAL2980,64890,GEN1,TX,Tarrant,32.89517,-97.286531,0.4,15.17,NG,IC,2021,4,1.0,3504.0,53156.0,1927.2,876.0,35.0,-41.82,5.0,53.09,-102.95,-0.15,0.21,-0.36,stranded
2025,"Walmart Stores Texas, LLC",WAL2980,64890,GEN2,TX,Tarrant,32.89517,-97.286531,0.4,15.17,NG,IC,2021,4,1.0,3504.0,53156.0,1927.2,876.0,35.0,-41.82,5.0,53.09,-102.95,-0.15,0.21,-0.36,stranded
2025,"Walmart Stores Texas, LLC",WAL2980,64890,GEN3,TX,Tarrant,32.89517,-97.286531,0.4,15.17,NG,IC,2021,4,1.0,3504.0,53156.0,1927.2,876.0,35.0,-41.82,5.0,53.09,-102.95,-0.15,0.21,-0.36,stranded
2025,"Walmart Stores Texas, LLC",WAL972,64812,GEN1,TX,Tarrant,32.811848,-97.424739,0.4,15.24,NG,IC,2020,5,1.0,3504.0,53401.0,1927.2,876.0,35.0,-41.82,5.0,53.34,-103.19,-0.15,0.22,-0.36,stranded
2025,"Walmart Stores Texas, LLC",WAL972,64812,GEN2,TX,Tarrant,32.811848,-97.424739,0.4,15.24,NG,IC,2020,5,1.0,3504.0,53401.0,1927.2,876.0,35.0,-41.82,5.0,53.34,-103.19,-0.15,0.22,-0.36,stranded
2025,"Walmart Stores Texas, LLC",WAL972,64812,GEN3,TX,Tarrant,32.811848,-97.424739,0.4,15.24,NG,IC,2020,5,1.0,3504.0,53401.0,1927.2,876.0,35.0,-41.82,5.0,53.34,-103.19,-0.15,0.22,-0.36,stranded
2025,"Walmart Stores Texas, LLC",WAL1103,64815,GEN1,TX,Harris,29.998163,-95.486202,0.4,15.28,NG,IC,2019,6,1.0,3504.0,53541.0,1927.2,876.0,35.0,-43.41,5.0,53.48,-104.92,-0.15,0.22,-0.37,stranded
2025,"Walmart Stores Texas, LLC",WAL1103,64815,GEN2,TX,Harris,29.998163,-95.486202,0.4,15.28,NG,IC,2019,6,1.0,3504.0,53541.0,1927.2,876.0,35.0,-43.41,5.0,53.48,-104.92,-0.15,0.22,-0.37,stranded
2025,"Walmart Stores Texas, LLC",WAL1103,64815,GEN3,TX,Harris,29.998163,-95.486202,0.4,15.28,NG,IC,2019,6,1.0,3504.0,53541.0,1927.2,876.0,35.0,-43.41,5.0,53.48,-104.92,-0.15,0.22,-0.37,stranded
2025,"Generate ER-NG, LLC",HEB00796,67315,H7961,TX,Collin,33.116616,-96.653082,0.4,15.29,NG,IC,2023,2,1.0,3504.0,53576.0,1927.2,876.0,35.0,-41.82,5.0,53.52,-103.37,-0.15,0.22,-0.36,stranded
2025,"Generate ER-NG, LLC",HEB00796,67315,H7962,TX,Collin,33.116616,-96.653082,0.4,15.29,NG,IC,2023,2,1.0,3504.0,53576.0,1927.2,876.0,35.0,-41.82,5.0,53.52,-103.37,-0.15,0.22,-0.36,stranded
2025,"Generate ER-NG, LLC",HEB00796,67315,H7963,TX,Collin,33.116616,-96.653082,0.4,15.29,NG,IC,2023,2,1.0,3504.0,53576.0,1927.2,876.0,35.0,-41.82,5.0,53.52,-103.37,-0.15,0.22,-0.36,stranded
2025,"Texas Microgrid, LLC",HEB00769,67319,H7691,TX,Harris,29.553909,-95.150678,0.4,15.32,NG,IC,2021,4,1.0,3504.0,53681.0,1927.2,876.0,35.0,-43.41,5.0,53.62,-105.06,-0.15,0.22,-0.37,stranded
2025,"Texas Microgrid, LLC",HEB00769,67319,H7692,TX,Harris,29.553909,-95.150678,0.4,15.32,NG,IC,2021,4,1.0,3504.0,53681.0,1927.2,876.0,35.0,-43.41,5.0,53.62,-105.06,-0.15,0.22,-0.37,stranded
2025,"Texas Microgrid, LLC",HEB00769,67319,H7693,TX,Harris,29.553909,-95.150678,0.4,15.32,NG,IC,2021,4,1.0,3504.0,53681.0,1927.2,876.0,35.0,-43.41,5.0,53.62,-105.06,-0.15,0.22,-0.37,stranded
2025,"Walmart Stores Texas, LLC",WAL3390,64902,GEN1,TX,Montgomery,30.190279,-95.589487,0.4,15.33,NG,IC,2020,5,1.0,3504.0,53716.0,1927.2,876.0,35.0,-43.41,5.0,53.66,-105.09,-0.15,0.22,-0.37,stranded
2025,"Walmart Stores Texas, LLC",WAL3390,64902,GEN2,TX,Montgomery,30.190279,-95.589487,0.4,15.33,NG,IC,2020,5,1.0,3504.0,53716.0,1927.2,876.0,35.0,-43.41,5.0,53.66,-105.09,-0.15,0.22,-0.37,stranded
2025,"Walmart Stores Texas, LLC",WAL3390,64902,GEN3,TX,Montgomery,30.190279,-95.589487,0.4,15.33,NG,IC,2020,5,1.0,3504.0,53716.0,1927.2,876.0,35.0,-43.41,5.0,53.66,-105.09,-0.15,0.22,-0.37,stranded
2025,"Walmart Stores Texas, LLC",WAL4298,64942,GEN1,TX,Harris,29.936325,-95.25261,0.4,15.39,NG,IC,2021,4,1.0,3504.0,53927.0,1927.2,876.0,35.0,-43.41,5.0,53.87,-105.3,-0.15,0.22,-0.37,stranded
2025,"Walmart Stores Texas, LLC",WAL4298,64942,GEN2,TX,Harris,29.936325,-95.25261,0.4,15.39,NG,IC,2021,4,1.0,3504.0,53927.0,1927.2,876.0,35.0,-43.41,5.0,53.87,-105.3,-0.15,0.22,-0.37,stranded
2025,"Walmart Stores Texas, LLC",WAL4298,64942,GEN3,TX,Harris,29.936325,-95.25261,0.4,15.39,NG,IC,2021,4,1.0,3504.0,53927.0,1927.2,876.0,35.0,-43.41,5.0,53.87,-105.3,-0.15,0.22,-0.37,stranded
2025,"Texas Microgrid, LLC",HEB00020,65261,H0201,TX,Harris,29.992502,-95.744444,0.4,15.39,NG,IC,2018,7,1.0,3504.0,53927.0,1927.2,876.0,35.0,-43.41,5.0,53.87,-105.3,-0.15,0.22,-0.37,stranded
2025,"Texas Microgrid, LLC",HEB00020,65261,H0202,TX,Harris,29.992502,-95.744444,0.4,15.39,NG,IC,2018,7,1.0,3504.0,53927.0,1927.2,876.0,35.0,-43.41,5.0,53.87,-105.3,-0.15,0.22,-0.37,stranded
2025,"Texas Microgrid, LLC",HEB00020,65261,H0203,TX,Harris,29.992502,-95.744444,0.4,15.39,NG,IC,2018,7,1.0,3504.0,53927.0,1927.2,876.0,35.0,-43.41,5.0,53.87,-105.3,-0.15,0.22,-0.37,stranded
2025,"Texas Microgrid, LLC",HEB00099,65267,H0991,TX,Harris,29.995329,-95.576602,0.4,15.41,NG,IC,2017,8,1.0,3504.0,53997.0,1927.2,876.0,35.0,-43.41,5.0,53.94,-105.37,-0.15,0.22,-0.37,stranded
2025,"Texas Microgrid, LLC",HEB00099,65267,H0992,TX,Harris,29.995329,-95.576602,0.4,15.41,NG,IC,2017,8,1.0,3504.0,53997.0,1927.2,876.0,35.0,-43.41,5.0,53.94,-105.37,-0.15,0.22,-0.37,stranded
2025,"Texas Microgrid, LLC",HEB00099,65267,H0993,TX,Harris,29.995329,-95.576602,0.4,15.41,NG,IC,2017,8,1.0,3504.0,53997.0,1927.2,876.0,35.0,-43.41,5.0,53.94,-105.37,-0.15,0.22,-0.37,stranded
2025,"Texas Microgrid, LLC",HEB00054,65264,H0541,TX,Harris,29.601653,-95.250237,0.4,15.42,NG,IC,2018,7,1.0,3504.0,54032.0,1927.2,876.0,35.0,-43.41,5.0,53.97,-105.41,-0.15,0.22,-0.37,stranded
2025,"Texas Microgrid, LLC",HEB00054,65264,H0542,TX,Harris,29.601653,-95.250237,0.4,15.42,NG,IC,2018,7,1.0,3504.0,54032.0,1927.2,876.0,35.0,-43.41,5.0,53.97,-105.41,-0.15,0.22,-0.37,stranded
2025,"Texas Microgrid, LLC",HEB00054,65264,H0543,TX,Harris,29.601653,-95.250237,0.4,15.42,NG,IC,2018,7,1.0,3504.0,54032.0,1927.2,876.0,35.0,-43.41,5.0,53.97,-105.41,-0.15,0.22,-0.37,stranded
2025,"Texas Microgrid, LLC",HEB00109,65268,H1091,TX,Harris,29.786159,-95.539403,0.4,15.48,NG,IC,2018,7,1.0,3504.0,54242.0,1927.2,876.0,35.0,-43.41,5.0,54.18,-105.62,-0.15,0.22,-0.37,stranded
2025,"Texas Microgrid, LLC",HEB00109,65268,H1092,TX,Harris,29.786159,-95.539403,0.4,15.48,NG,IC,2018,7,1.0,3504.0,54242.0,1927.2,876.0,35.0,-43.41,5.0,54.18,-105.62,-0.15,0.22,-0.37,stranded
2025,"Texas Microgrid, LLC",HEB00109,65268,H1093,TX,Harris,29.786159,-95.539403,0.4,15.48,NG,IC,2018,7,1.0,3504.0,54242.0,1927.2,876.0,35.0,-43.41,5.0,54.18,-105.62,-0.15,0.22,-0.37,stranded
2025,"Texas Microgrid, LLC",HEB00110,65269,H1101,TX,Fort Bend,29.53658,-95.53628,0.4,15.56,NG,IC,2017,8,1.0,3504.0,54522.0,1927.2,876.0,35.0,-43.41,5.0,54.46,-105.9,-0.15,0.22,-0.37,stranded
2025,"Texas Microgrid, LLC",HEB00110,65269,H1102,TX,Fort Bend,29.53658,-95.53628,0.4,15.56,NG,IC,2017,8,1.0,3504.0,54522.0,1927.2,876.0,35.0,-43.41,5.0,54.46,-105.9,-0.15,0.22,-0.37,stranded
2025,"Texas Microgrid, LLC",HEB00110,65269,H1103,TX,Fort Bend,29.53658,-95.53628,0.4,15.56,NG,IC,2017,8,1.0,3504.0,54522.0,1927.2,876.0,35.0,-43.41,5.0,54.46,-105.9,-0.15,0.22,-0.37,stranded
2025,"Walmart Stores Texas, LLC",WAL565,64798,GEN1,TX,Navarro,32.101054,-96.403764,0.4,15.59,NG,IC,2022,3,1.0,3504.0,54627.0,1927.2,876.0,35.0,-41.82,5.0,54.56,-104.42,-0.15,0.22,-0.37,stranded
2025,"Walmart Stores Texas, LLC",WAL565,64798,GEN2,TX,Navarro,32.101054,-96.403764,0.4,15.59,NG,IC,2022,3,1.0,3504.0,54627.0,1927.2,876.0,35.0,-41.82,5.0,54.56,-104.42,-0.15,0.22,-0.37,stranded
2025,"Walmart Stores Texas, LLC",WAL565,64798,GEN3,TX,Navarro,32.101054,-96.403764,0.4,15.59,NG,IC,2022,3,1.0,3504.0,54627.0,1927.2,876.0,35.0,-41.82,5.0,54.56,-104.42,-0.15,0.22,-0.37,stranded
2025,"Generate ER-NG, LLC",HEB00789,67313,H7891,TX,Denton,33.155153,-96.846331,0.4,15.61,NG,IC,2022,3,1.0,3504.0,54697.0,1927.2,876.0,35.0,-41.82,5.0,54.63,-104.49,-0.15,0.22,-0.37,stranded
2025,"Generate ER-NG, LLC",HEB00789,67313,H7892,TX,Denton,33.155153,-96.846331,0.4,15.61,NG,IC,2022,3,1.0,3504.0,54697.0,1927.2,876.0,35.0,-41.82,5.0,54.63,-104.49,-0.15,0.22,-0.37,stranded
2025,"Generate ER-NG, LLC",HEB00789,67313,H7893,TX,Denton,33.155153,-96.846331,0.4,15.61,NG,IC,2022,3,1.0,3504.0,54697.0,1927.2,876.0,35.0,-41.82,5.0,54.63,-104.49,-0.15,0.22,-0.37,stranded
2025,"Walmart Stores Texas, LLC",WAL194,64769,GEN1,TX,Harris,29.776274,-94.974458,0.4,15.65,NG,IC,2021,4,1.0,3504.0,54838.0,1927.2,876.0,35.0,-43.41,5.0,54.77,-106.21,-0.15,0.22,-0.37,stranded
2025,"Walmart Stores Texas, LLC",WAL194,64769,GEN2,TX,Harris,29.776274,-94.974458,0.4,15.65,NG,IC,2021,4,1.0,3504.0,54838.0,1927.2,876.0,35.0,-43.41,5.0,54.77,-106.21,-0.15,0.22,-0.37,stranded
2025,"Walmart Stores Texas, LLC",WAL194,64769,GEN3,TX,Harris,29.776274,-94.974458,0.4,15.65,NG,IC,2021,4,1.0,3504.0,54838.0,1927.2,876.0,35.0,-43.41,5.0,54.77,-106.21,-0.15,0.22,-0.37,stranded
2025,"Texas Microgrid, LLC",HEBSnackPlant,66566,HSNP1,TX,Harris,29.844469,-95.540618,0.4,15.65,NG,IC,2019,6,1.0,3504.0,54838.0,1927.2,876.0,35.0,-43.41,5.0,54.77,-106.21,-0.15,0.22,-0.37,stranded
2025,"Texas Microgrid, LLC",HEBSnackPlant,66566,HSNP2,TX,Harris,29.844469,-95.540618,0.4,15.65,NG,IC,2019,6,1.0,3504.0,54838.0,1927.2,876.0,35.0,-43.41,5.0,54.77,-106.21,-0.15,0.22,-0.37,stranded
2025,"Texas Microgrid, LLC",HEBSnackPlant,66566,HSNP3,TX,Harris,29.844469,-95.540618,0.4,15.65,NG,IC,2019,6,1.0,3504.0,54838.0,1927.2,876.0,35.0,-43.41,5.0,54.77,-106.21,-0.15,0.22,-0.37,stranded
2025,"Texas Microgrid, LLC",HEBSnackPlant,66566,HSNP4,TX,Harris,29.844469,-95.540618,0.4,15.65,NG,IC,2019,6,1.0,3504.0,54838.0,1927.2,876.0,35.0,-43.41,5.0,54.77,-106.21,-0.15,0.22,-0.37,stranded
2025,"Walmart Stores Texas, LLC",WAL2439,64886,GEN1,TX,Chambers,29.817549,-94.900456,0.4,15.68,NG,IC,2021,4,1.0,3504.0,54943.0,1927.2,876.0,35.0,-43.41,5.0,54.88,-106.32,-0.15,0.22,-0.37,stranded
2025,"Walmart Stores Texas, LLC",WAL2439,64886,GEN2,TX,Chambers,29.817549,-94.900456,0.4,15.68,NG,IC,2021,4,1.0,3504.0,54943.0,1927.2,876.0,35.0,-43.41,5.0,54.88,-106.32,-0.15,0.22,-0.37,stranded
2025,"Walmart Stores Texas, LLC",WAL2439,64886,GEN3,TX,Chambers,29.817549,-94.900456,0.4,15.68,NG,IC,2021,4,1.0,3504.0,54943.0,1927.2,876.0,35.0,-43.41,5.0,54.88,-106.32,-0.15,0.22,-0.37,stranded
2025,"Walmart Stores Texas, LLC",WAL2724,64888,GEN1,TX,Harris,29.693424,-95.210408,0.4,15.7,NG,IC,2020,5,1.0,3504.0,55013.0,1927.2,876.0,35.0,-43.41,5.0,54.95,-106.39,-0.15,0.22,-0.37,stranded
2025,"Walmart Stores Texas, LLC",WAL2724,64888,GEN2,TX,Harris,29.693424,-95.210408,0.4,15.7,NG,IC,2020,5,1.0,3504.0,55013.0,1927.2,876.0,35.0,-43.41,5.0,54.95,-106.39,-0.15,0.22,-0.37,stranded
2025,"Walmart Stores Texas, LLC",WAL2724,64888,GEN3,TX,Harris,29.693424,-95.210408,0.4,15.7,NG,IC,2020,5,1.0,3504.0,55013.0,1927.2,876.0,35.0,-43.41,5.0,54.95,-106.39,-0.15,0.22,-0.37,stranded
2025,"Walmart Stores Texas, LLC",WAL414,64774,GEN1,TX,Wichita,33.857046,-98.499006,0.4,15.71,NG,IC,2021,4,1.0,3504.0,55048.0,1927.2,876.0,35.0,-41.82,5.0,54.98,-104.84,-0.15,0.22,-0.37,stranded
2025,"Walmart Stores Texas, LLC",WAL414,64774,GEN2,TX,Wichita,33.857046,-98.499006,0.4,15.71,NG,IC,2021,4,1.0,3504.0,55048.0,1927.2,876.0,35.0,-41.82,5.0,54.98,-104.84,-0.15,0.22,-0.37,stranded
2025,"Walmart Stores Texas, LLC",WAL414,64774,GEN3,TX,Wichita,33.857046,-98.499006,0.4,15.71,NG,IC,2021,4,1.0,3504.0,55048.0,1927.2,876.0,35.0,-41.82,5.0,54.98,-104.84,-0.15,0.22,-0.37,stranded
2025,"Walmart Stores Texas, LLC",WAL849,64805,GEN1,TX,Harris,30.064779,-95.429453,0.4,15.72,NG,IC,2020,5,1.0,3504.0,55083.0,1927.2,876.0,35.0,-43.41,5.0,55.02,-106.46,-0.15,0.22,-0.37,stranded
2025,"Walmart Stores Texas, LLC",WAL849,64805,GEN2,TX,Harris,30.064779,-95.429453,0.4,15.72,NG,IC,2020,5,1.0,3504.0,55083.0,1927.2,876.0,35.0,-43.41,5.0,55.02,-106.46,-0.15,0.22,-0.37,stranded
2025,"Walmart Stores Texas, LLC",WAL849,64805,GEN3,TX,Harris,30.064779,-95.429453,0.4,15.72,NG,IC,2020,5,1.0,3504.0,55083.0,1927.2,876.0,35.0,-43.41,5.0,55.02,-106.46,-0.15,0.22,-0.37,stranded
2025,Wharton County Generation LLC,Newgulf Cogen,50137,GEN1,TX,Wharton,29.2639,-95.8997,101.9,15.75,NG,GT,1984,41,1.0,892644.0,14059143.0,490954.2,223161.0,8926.4,-43.41,5.0,55.12,-106.56,-38.75,56.37,-95.12,stranded
2025,"Texas Microgrid, LLC",OTHERTraditionBuffalo,68737,TBUF1,TX,Harris,29.684609,-95.427081,0.4,15.88,NG,IC,2024,1,1.0,3504.0,55644.0,1927.2,876.0,35.0,-43.41,5.0,55.58,-107.02,-0.15,0.22,-0.37,stranded
2025,"Texas Microgrid, LLC",OTHERTraditionBuffalo,68737,TBUF2,TX,Harris,29.684609,-95.427081,0.4,15.88,NG,IC,2024,1,1.0,3504.0,55644.0,1927.2,876.0,35.0,-43.41,5.0,55.58,-107.02,-0.15,0.22,-0.37,stranded
2025,"Texas Microgrid, LLC",OTHERTraditionBuffalo,68737,TBUF3,TX,Harris,29.684609,-95.427081,0.4,15.88,NG,IC,2024,1,1.0,3504.0,55644.0,1927.2,876.0,35.0,-43.41,5.0,55.58,-107.02,-0.15,0.22,-0.37,stranded
2025,"Walmart Stores Texas, LLC",WAL4526,64945,GEN1,TX,Harris,29.829831,-95.377269,0.4,15.89,NG,IC,2021,4,1.0,3504.0,55679.0,1927.2,876.0,35.0,-43.41,5.0,55.62,-107.05,-0.15,0.22,-0.38,stranded
2025,"Walmart Stores Texas, LLC",WAL4526,64945,GEN2,TX,Harris,29.829831,-95.377269,0.4,15.89,NG,IC,2021,4,1.0,3504.0,55679.0,1927.2,876.0,35.0,-43.41,5.0,55.62,-107.05,-0.15,0.22,-0.38,stranded
2025,"Walmart Stores Texas, LLC",WAL4526,64945,GEN3,TX,Harris,29.829831,-95.377269,0.4,15.89,NG,IC,2021,4,1.0,3504.0,55679.0,1927.2,876.0,35.0,-43.41,5.0,55.62,-107.05,-0.15,0.22,-0.38,stranded
2025,"Generate ER-NG, LLC",OTHERBenEKDallas,67309,BEK1,TX,Dallas,32.818471,-96.853215,0.4,15.93,NG,IC,2023,2,1.0,3504.0,55819.0,1927.2,876.0,35.0,-41.82,5.0,55.75,-105.61,-0.15,0.22,-0.37,stranded
2025,"Generate ER-NG, LLC",OTHERBenEKDallas,67309,BEK2,TX,Dallas,32.818471,-96.853215,0.4,15.93,NG,IC,2023,2,1.0,3504.0,55819.0,1927.2,876.0,35.0,-41.82,5.0,55.75,-105.61,-0.15,0.22,-0.37,stranded
2025,"Generate ER-NG, LLC",OTHERBenEKDallas,67309,BEK3,TX,Dallas,32.818471,-96.853215,0.4,15.93,NG,IC,2023,2,1.0,3504.0,55819.0,1927.2,876.0,35.0,-41.82,5.0,55.75,-105.61,-0.15,0.22,-0.37,stranded
2025,"Generate ER-NG, LLC",OTHERBenEKDallas,67309,BEK4,TX,Dallas,32.818471,-96.853215,0.4,15.93,NG,IC,2023,2,1.0,3504.0,55819.0,1927.2,876.0,35.0,-41.82,5.0,55.75,-105.61,-0.15,0.22,-0.37,stranded
2025,"Walmart Stores Texas, LLC",WAL1062,64814,GEN1,TX,Harris,29.551973,-95.159125,0.4,15.93,NG,IC,2021,4,1.0,3504.0,55819.0,1927.2,876.0,35.0,-43.41,5.0,55.75,-107.19,-0.15,0.22,-0.38,stranded
2025,"Walmart Stores Texas, LLC",WAL1062,64814,GEN2,TX,Harris,29.551973,-95.159125,0.4,15.93,NG,IC,2021,4,1.0,3504.0,55819.0,1927.2,876.0,35.0,-43.41,5.0,55.75,-107.19,-0.15,0.22,-0.38,stranded
2025,"Walmart Stores Texas, LLC",WAL1062,64814,GEN3,TX,Harris,29.551973,-95.159125,0.4,15.93,NG,IC,2021,4,1.0,3504.0,55819.0,1927.2,876.0,35.0,-43.41,5.0,55.75,-107.19,-0.15,0.22,-0.38,stranded
2025,"Walmart Stores Texas, LLC",WAL3224,64893,GEN1,TX,Dallas,32.842209,-96.598028,0.4,15.96,NG,IC,2022,3,1.0,3504.0,55924.0,1927.2,876.0,35.0,-41.82,5.0,55.86,-105.71,-0.15,0.22,-0.37,stranded
2025,"Walmart Stores Texas, LLC",WAL3224,64893,GEN2,TX,Dallas,32.842209,-96.598028,0.4,15.96,NG,IC,2022,3,1.0,3504.0,55924.0,1927.2,876.0,35.0,-41.82,5.0,55.86,-105.71,-0.15,0.22,-0.37,stranded
2025,"Walmart Stores Texas, LLC",WAL3224,64893,GEN3,TX,Dallas,32.842209,-96.598028,0.4,15.96,NG,IC,2022,3,1.0,3504.0,55924.0,1927.2,876.0,35.0,-41.82,5.0,55.86,-105.71,-0.15,0.22,-0.37,stranded
2025,"Walmart Stores Texas, LLC",WAL3827,64939,GEN1,TX,Fort Bend,29.690142,-95.774624,0.4,15.98,NG,IC,2020,5,1.0,3504.0,55994.0,1927.2,876.0,35.0,-43.41,5.0,55.93,-107.37,-0.15,0.22,-0.38,stranded
2025,"Walmart Stores Texas, LLC",WAL3827,64939,GEN2,TX,Fort Bend,29.690142,-95.774624,0.4,15.98,NG,IC,2020,5,1.0,3504.0,55994.0,1927.2,876.0,35.0,-43.41,5.0,55.93,-107.37,-0.15,0.22,-0.38,stranded
2025,"Walmart Stores Texas, LLC",WAL3827,64939,GEN3,TX,Fort Bend,29.690142,-95.774624,0.4,15.98,NG,IC,2020,5,1.0,3504.0,55994.0,1927.2,876.0,35.0,-43.41,5.0,55.93,-107.37,-0.15,0.22,-0.38,stranded
2025,"Texas Microgrid, LLC",BUC00040,66561,B0401,TX,Fort Bend,29.787919,-95.799137,0.4,15.99,NG,IC,2017,8,1.0,3504.0,56029.0,1927.2,876.0,35.0,-43.41,5.0,55.97,-107.4,-0.15,0.22,-0.38,stranded
2025,"Texas Microgrid, LLC",BUC00040,66561,B0402,TX,Fort Bend,29.787919,-95.799137,0.4,15.99,NG,IC,2017,8,1.0,3504.0,56029.0,1927.2,876.0,35.0,-43.41,5.0,55.97,-107.4,-0.15,0.22,-0.38,stranded
2025,"Texas Microgrid, LLC",BUC00040,66561,B0403,TX,Fort Bend,29.787919,-95.799137,0.4,15.99,NG,IC,2017,8,1.0,3504.0,56029.0,1927.2,876.0,35.0,-43.41,5.0,55.97,-107.4,-0.15,0.22,-0.38,stranded
2025,"Texas Microgrid, LLC",BUC00040,66561,B0404,TX,Fort Bend,29.787919,-95.799137,0.4,15.99,NG,IC,2017,8,1.0,3504.0,56029.0,1927.2,876.0,35.0,-43.41,5.0,55.97,-107.4,-0.15,0.22,-0.38,stranded
2025,"Walmart Stores Texas, LLC",WAL772,64803,GEN1,TX,Harris,29.721093,-95.646224,0.4,16.2,NG,IC,2021,4,1.0,3504.0,56765.0,1927.2,876.0,35.0,-43.41,5.0,56.7,-108.14,-0.15,0.23,-0.38,stranded
2025,"Walmart Stores Texas, LLC",WAL772,64803,GEN2,TX,Harris,29.721093,-95.646224,0.4,16.2,NG,IC,2021,4,1.0,3504.0,56765.0,1927.2,876.0,35.0,-43.41,5.0,56.7,-108.14,-0.15,0.23,-0.38,stranded
2025,"Walmart Stores Texas, LLC",WAL772,64803,GEN3,TX,Harris,29.721093,-95.646224,0.4,16.2,NG,IC,2021,4,1.0,3504.0,56765.0,1927.2,876.0,35.0,-43.41,5.0,56.7,-108.14,-0.15,0.23,-0.38,stranded
2025,"Walmart Stores Texas, LLC",WAL3425,64923,GEN1,TX,Harris,29.630428,-95.237434,0.4,16.22,NG,IC,2021,4,1.0,3504.0,56835.0,1927.2,876.0,35.0,-43.41,5.0,56.77,-108.21,-0.15,0.23,-0.38,stranded
2025,"Walmart Stores Texas, LLC",WAL3425,64923,GEN2,TX,Harris,29.630428,-95.237434,0.4,16.22,NG,IC,2021,4,1.0,3504.0,56835.0,1927.2,876.0,35.0,-43.41,5.0,56.77,-108.21,-0.15,0.23,-0.38,stranded
2025,"Walmart Stores Texas, LLC",WAL3425,64923,GEN3,TX,Harris,29.630428,-95.237434,0.4,16.22,NG,IC,2021,4,1.0,3504.0,56835.0,1927.2,876.0,35.0,-43.41,5.0,56.77,-108.21,-0.15,0.23,-0.38,stranded
2025,"Walmart Stores Texas, LLC",WAL5612,64960,GEN1,TX,Harris,29.716069,-95.313027,0.4,16.31,NG,IC,2021,4,1.0,3504.0,57150.0,1927.2,876.0,35.0,-43.41,5.0,57.08,-108.52,-0.15,0.23,-0.38,stranded
2025,"Walmart Stores Texas, LLC",WAL5612,64960,GEN2,TX,Harris,29.716069,-95.313027,0.4,16.31,NG,IC,2021,4,1.0,3504.0,57150.0,1927.2,876.0,35.0,-43.41,5.0,57.08,-108.52,-0.15,0.23,-0.38,stranded
2025,"Walmart Stores Texas, LLC",WAL5612,64960,GEN3,TX,Harris,29.716069,-95.313027,0.4,16.31,NG,IC,2021,4,1.0,3504.0,57150.0,1927.2,876.0,35.0,-43.41,5.0,57.08,-108.52,-0.15,0.23,-0.38,stranded
2025,"Walmart Stores Texas, LLC",WAL2993,64891,GEN1,TX,Fort Bend,29.613582,-95.644645,0.4,16.35,NG,IC,2021,4,1.0,3504.0,57290.0,1927.2,876.0,35.0,-43.41,5.0,57.23,-108.66,-0.15,0.23,-0.38,stranded
2025,"Walmart Stores Texas, LLC",WAL2993,64891,GEN2,TX,Fort Bend,29.613582,-95.644645,0.4,16.35,NG,IC,2021,4,1.0,3504.0,57290.0,1927.2,876.0,35.0,-43.41,5.0,57.23,-108.66,-0.15,0.23,-0.38,stranded
2025,"Walmart Stores Texas, LLC",WAL2993,64891,GEN3,TX,Fort Bend,29.613582,-95.644645,0.4,16.35,NG,IC,2021,4,1.0,3504.0,57290.0,1927.2,876.0,35.0,-43.41,5.0,57.23,-108.66,-0.15,0.23,-0.38,stranded
2025,"Walmart Stores Texas, LLC",WAL3500,64925,GEN1,TX,Harris,29.80599,-95.1652,0.4,16.39,NG,IC,2021,4,1.0,3504.0,57431.0,1927.2,876.0,35.0,-43.41,5.0,57.37,-108.8,-0.15,0.23,-0.38,stranded
2025,"Walmart Stores Texas, LLC",WAL3500,64925,GEN2,TX,Harris,29.80599,-95.1652,0.4,16.39,NG,IC,2021,4,1.0,3504.0,57431.0,1927.2,876.0,35.0,-43.41,5.0,57.37,-108.8,-0.15,0.23,-0.38,stranded
2025,"Walmart Stores Texas, LLC",WAL3500,64925,GEN3,TX,Harris,29.80599,-95.1652,0.4,16.39,NG,IC,2021,4,1.0,3504.0,57431.0,1927.2,876.0,35.0,-43.41,5.0,57.37,-108.8,-0.15,0.23,-0.38,stranded
2025,"Walmart Stores Texas, LLC",WAL504,64792,GEN1,TX,Galveston,29.26514,-94.832945,0.4,16.4,NG,IC,2022,3,1.0,3504.0,57466.0,1927.2,876.0,35.0,-43.41,5.0,57.4,-108.84,-0.15,0.23,-0.38,stranded
2025,"Walmart Stores Texas, LLC",WAL504,64792,GEN2,TX,Galveston,29.26514,-94.832945,0.4,16.4,NG,IC,2022,3,1.0,3504.0,57466.0,1927.2,876.0,35.0,-43.41,5.0,57.4,-108.84,-0.15,0.23,-0.38,stranded
2025,"Walmart Stores Texas, LLC",WAL504,64792,GEN3,TX,Galveston,29.26514,-94.832945,0.4,16.4,NG,IC,2022,3,1.0,3504.0,57466.0,1927.2,876.0,35.0,-43.41,5.0,57.4,-108.84,-0.15,0.23,-0.38,stranded
2025,"Texas Microgrid, LLC",HEBHoustonDistributionCenter,66567,HDC10,TX,Harris,29.8397,-95.53685,0.4,16.4,NG,IC,2021,4,1.0,3504.0,57466.0,1927.2,876.0,35.0,-43.41,5.0,57.4,-108.84,-0.15,0.23,-0.38,stranded
2025,"Texas Microgrid, LLC",HEBHoustonDistributionCenter,66567,HDC11,TX,Harris,29.8397,-95.53685,0.4,16.4,NG,IC,2021,4,1.0,3504.0,57466.0,1927.2,876.0,35.0,-43.41,5.0,57.4,-108.84,-0.15,0.23,-0.38,stranded
2025,"Texas Microgrid, LLC",HEBHoustonDistributionCenter,66567,HDC12,TX,Harris,29.8397,-95.53685,0.4,16.4,NG,IC,2021,4,1.0,3504.0,57466.0,1927.2,876.0,35.0,-43.41,5.0,57.4,-108.84,-0.15,0.23,-0.38,stranded
2025,"Texas Microgrid, LLC",HEBHoustonDistributionCenter,66567,HDC13,TX,Harris,29.8397,-95.53685,0.4,16.4,NG,IC,2021,4,1.0,3504.0,57466.0,1927.2,876.0,35.0,-43.41,5.0,57.4,-108.84,-0.15,0.23,-0.38,stranded
2025,"Texas Microgrid, LLC",HEBHoustonDistributionCenter,66567,HDC14,TX,Harris,29.8397,-95.53685,0.4,16.4,NG,IC,2021,4,1.0,3504.0,57466.0,1927.2,876.0,35.0,-43.41,5.0,57.4,-108.84,-0.15,0.23,-0.38,stranded
2025,"Texas Microgrid, LLC",HEBHoustonDistributionCenter,66567,HDC15,TX,Harris,29.8397,-95.53685,0.4,16.4,NG,IC,2021,4,1.0,3504.0,57466.0,1927.2,876.0,35.0,-43.41,5.0,57.4,-108.84,-0.15,0.23,-0.38,stranded
2025,"Texas Microgrid, LLC",HEBHoustonDistributionCenter,66567,HDC16,TX,Harris,29.8397,-95.53685,0.4,16.4,NG,IC,2021,4,1.0,3504.0,57466.0,1927.2,876.0,35.0,-43.41,5.0,57.4,-108.84,-0.15,0.23,-0.38,stranded
2025,"Texas Microgrid, LLC",HEBHoustonDistributionCenter,66567,HDC17,TX,Harris,29.8397,-95.53685,0.4,16.4,NG,IC,2021,4,1.0,3504.0,57466.0,1927.2,876.0,35.0,-43.41,5.0,57.4,-108.84,-0.15,0.23,-0.38,stranded
2025,"Texas Microgrid, LLC",HEBHoustonDistributionCenter,66567,HDC18,TX,Harris,29.8397,-95.53685,0.4,16.4,NG,IC,2021,4,1.0,3504.0,57466.0,1927.2,876.0,35.0,-43.41,5.0,57.4,-108.84,-0.15,0.23,-0.38,stranded
2025,"Texas Microgrid, LLC",HEBHoustonDistributionCenter,66567,HDC19,TX,Harris,29.8397,-95.53685,0.4,16.4,NG,IC,2021,4,1.0,3504.0,57466.0,1927.2,876.0,35.0,-43.41,5.0,57.4,-108.84,-0.15,0.23,-0.38,stranded
2025,"Texas Microgrid, LLC",HEBHoustonDistributionCenter,66567,HDC20,TX,Harris,29.8397,-95.53685,0.4,16.4,NG,IC,2021,4,1.0,3504.0,57466.0,1927.2,876.0,35.0,-43.41,5.0,57.4,-108.84,-0.15,0.23,-0.38,stranded
2025,"Texas Microgrid, LLC",HEBHoustonDistributionCenter,66567,HDC21,TX,Harris,29.8397,-95.53685,0.4,16.4,NG,IC,2021,4,1.0,3504.0,57466.0,1927.2,876.0,35.0,-43.41,5.0,57.4,-108.84,-0.15,0.23,-0.38,stranded
2025,"Texas Microgrid, LLC",HEBHoustonDistributionCenter,66567,HDC22,TX,Harris,29.8397,-95.53685,0.4,16.4,NG,IC,2021,4,1.0,3504.0,57466.0,1927.2,876.0,35.0,-43.41,5.0,57.4,-108.84,-0.15,0.23,-0.38,stranded
2025,"Texas Microgrid, LLC",HEBHoustonDistributionCenter,66567,HDC23,TX,Harris,29.8397,-95.53685,0.4,16.4,NG,IC,2021,4,1.0,3504.0,57466.0,1927.2,876.0,35.0,-43.41,5.0,57.4,-108.84,-0.15,0.23,-0.38,stranded
2025,"Texas Microgrid, LLC",HEBHoustonDistributionCenter,66567,HDC24,TX,Harris,29.8397,-95.53685,0.4,16.4,NG,IC,2021,4,1.0,3504.0,57466.0,1927.2,876.0,35.0,-43.41,5.0,57.4,-108.84,-0.15,0.23,-0.38,stranded
2025,"Texas Microgrid, LLC",HEBHoustonDistributionCenter,66567,HDC25,TX,Harris,29.8397,-95.53685,0.4,16.4,NG,IC,2021,4,1.0,3504.0,57466.0,1927.2,876.0,35.0,-43.41,5.0,57.4,-108.84,-0.15,0.23,-0.38,stranded
2025,"Texas Microgrid, LLC",HEBHoustonDistributionCenter,66567,HDC26,TX,Harris,29.8397,-95.53685,0.4,16.4,NG,IC,2021,4,1.0,3504.0,57466.0,1927.2,876.0,35.0,-43.41,5.0,57.4,-108.84,-0.15,0.23,-0.38,stranded
2025,"Texas Microgrid, LLC",HEBHoustonDistributionCenter,66567,HDC27,TX,Harris,29.8397,-95.53685,0.4,16.4,NG,IC,2021,4,1.0,3504.0,57466.0,1927.2,876.0,35.0,-43.41,5.0,57.4,-108.84,-0.15,0.23,-0.38,stranded
2025,"Texas Microgrid, LLC",HEBHoustonDistributionCenter,66567,HDC28,TX,Harris,29.8397,-95.53685,0.4,16.4,NG,IC,2021,4,1.0,3504.0,57466.0,1927.2,876.0,35.0,-43.41,5.0,57.4,-108.84,-0.15,0.23,-0.38,stranded
2025,"Texas Microgrid, LLC",HEBHoustonDistributionCenter,66567,HDC29,TX,Harris,29.8397,-95.53685,0.4,16.4,NG,IC,2021,4,1.0,3504.0,57466.0,1927.2,876.0,35.0,-43.41,5.0,57.4,-108.84,-0.15,0.23,-0.38,stranded
2025,"Texas Microgrid, LLC",HEBHoustonDistributionCenter,66567,HDC30,TX,Harris,29.8397,-95.53685,0.4,16.4,NG,IC,2021,4,1.0,3504.0,57466.0,1927.2,876.0,35.0,-43.41,5.0,57.4,-108.84,-0.15,0.23,-0.38,stranded
2025,"Texas Microgrid, LLC",HEBHoustonDistributionCenter,66567,HDC31,TX,Harris,29.8397,-95.53685,0.4,16.4,NG,IC,2021,4,1.0,3504.0,57466.0,1927.2,876.0,35.0,-43.41,5.0,57.4,-108.84,-0.15,0.23,-0.38,stranded
2025,"Texas Microgrid, LLC",HEBHoustonDistributionCenter,66567,HDC32,TX,Harris,29.8397,-95.53685,0.4,16.4,NG,IC,2021,4,1.0,3504.0,57466.0,1927.2,876.0,35.0,-43.41,5.0,57.4,-108.84,-0.15,0.23,-0.38,stranded
2025,"Texas Microgrid, LLC",HEBHoustonDistributionCenter,66567,HHDC1,TX,Harris,29.8397,-95.53685,0.4,16.4,NG,IC,2021,4,1.0,3504.0,57466.0,1927.2,876.0,35.0,-43.41,5.0,57.4,-108.84,-0.15,0.23,-0.38,stranded
2025,"Texas Microgrid, LLC",HEBHoustonDistributionCenter,66567,HHDC2,TX,Harris,29.8397,-95.53685,0.4,16.4,NG,IC,2021,4,1.0,3504.0,57466.0,1927.2,876.0,35.0,-43.41,5.0,57.4,-108.84,-0.15,0.23,-0.38,stranded
2025,"Texas Microgrid, LLC",HEBHoustonDistributionCenter,66567,HHDC3,TX,Harris,29.8397,-95.53685,0.4,16.4,NG,IC,2021,4,1.0,3504.0,57466.0,1927.2,876.0,35.0,-43.41,5.0,57.4,-108.84,-0.15,0.23,-0.38,stranded
2025,"Texas Microgrid, LLC",HEBHoustonDistributionCenter,66567,HHDC4,TX,Harris,29.8397,-95.53685,0.4,16.4,NG,IC,2021,4,1.0,3504.0,57466.0,1927.2,876.0,35.0,-43.41,5.0,57.4,-108.84,-0.15,0.23,-0.38,stranded
2025,"Texas Microgrid, LLC",HEBHoustonDistributionCenter,66567,HHDC5,TX,Harris,29.8397,-95.53685,0.4,16.4,NG,IC,2021,4,1.0,3504.0,57466.0,1927.2,876.0,35.0,-43.41,5.0,57.4,-108.84,-0.15,0.23,-0.38,stranded
2025,"Texas Microgrid, LLC",HEBHoustonDistributionCenter,66567,HHDC6,TX,Harris,29.8397,-95.53685,0.4,16.4,NG,IC,2021,4,1.0,3504.0,57466.0,1927.2,876.0,35.0,-43.41,5.0,57.4,-108.84,-0.15,0.23,-0.38,stranded
2025,"Texas Microgrid, LLC",HEBHoustonDistributionCenter,66567,HHDC7,TX,Harris,29.8397,-95.53685,0.4,16.4,NG,IC,2021,4,1.0,3504.0,57466.0,1927.2,876.0,35.0,-43.41,5.0,57.4,-108.84,-0.15,0.23,-0.38,stranded
2025,"Texas Microgrid, LLC",HEBHoustonDistributionCenter,66567,HHDC8,TX,Harris,29.8397,-95.53685,0.4,16.4,NG,IC,2021,4,1.0,3504.0,57466.0,1927.2,876.0,35.0,-43.41,5.0,57.4,-108.84,-0.15,0.23,-0.38,stranded
2025,"Texas Microgrid, LLC",HEBHoustonDistributionCenter,66567,HHDC9,TX,Harris,29.8397,-95.53685,0.4,16.4,NG,IC,2021,4,1.0,3504.0,57466.0,1927.2,876.0,35.0,-43.41,5.0,57.4,-108.84,-0.15,0.23,-0.38,stranded
2025,"Generate ER-NG, LLC",HEB00776,67312,H7761,TX,Harris,29.803572,-95.760533,0.4,16.42,NG,IC,2022,3,1.0,3504.0,57536.0,1927.2,876.0,35.0,-43.41,5.0,57.47,-108.91,-0.15,0.23,-0.38,stranded
2025,"Generate ER-NG, LLC",HEB00776,67312,H7762,TX,Harris,29.803572,-95.760533,0.4,16.42,NG,IC,2022,3,1.0,3504.0,57536.0,1927.2,876.0,35.0,-43.41,5.0,57.47,-108.91,-0.15,0.23,-0.38,stranded
2025,"Generate ER-NG, LLC",HEB00776,67312,H7763,TX,Harris,29.803572,-95.760533,0.4,16.42,NG,IC,2022,3,1.0,3504.0,57536.0,1927.2,876.0,35.0,-43.41,5.0,57.47,-108.91,-0.15,0.23,-0.38,stranded
2025,"Generate ER-NG, LLC",HEB00779,68731,H7791,TX,Harris,29.682168,-95.354467,0.4,16.42,NG,IC,2024,1,1.0,3504.0,57536.0,1927.2,876.0,35.0,-43.41,5.0,57.47,-108.91,-0.15,0.23,-0.38,stranded
2025,"Generate ER-NG, LLC",HEB00779,68731,H7792,TX,Harris,29.682168,-95.354467,0.4,16.42,NG,IC,2024,1,1.0,3504.0,57536.0,1927.2,876.0,35.0,-43.41,5.0,57.47,-108.91,-0.15,0.23,-0.38,stranded
2025,"Generate ER-NG, LLC",HEB00779,68731,H7793,TX,Harris,29.682168,-95.354467,0.4,16.42,NG,IC,2024,1,1.0,3504.0,57536.0,1927.2,876.0,35.0,-43.41,5.0,57.47,-108.91,-0.15,0.23,-0.38,stranded
2025,"Generate ER-NG, LLC",RavenChem,66597,RAVC1,TX,Harris,29.820648,-94.913987,0.4,16.6,NG,IC,2021,4,1.0,3504.0,58166.0,1927.2,876.0,35.0,-43.41,5.0,58.1,-109.54,-0.15,0.23,-0.38,stranded
2025,"Generate ER-NG, LLC",RavenChem,66597,RAVC2,TX,Harris,29.820648,-94.913987,0.4,16.6,NG,IC,2021,4,1.0,3504.0,58166.0,1927.2,876.0,35.0,-43.41,5.0,58.1,-109.54,-0.15,0.23,-0.38,stranded
2025,"Generate ER-NG, LLC",RavenChem,66597,RAVC3,TX,Harris,29.820648,-94.913987,0.4,16.6,NG,IC,2021,4,1.0,3504.0,58166.0,1927.2,876.0,35.0,-43.41,5.0,58.1,-109.54,-0.15,0.23,-0.38,stranded
2025,"Generate ER-NG, LLC",RavenChem,66597,RAVC4,TX,Harris,29.820648,-94.913987,0.4,16.6,NG,IC,2021,4,1.0,3504.0,58166.0,1927.2,876.0,35.0,-43.41,5.0,58.1,-109.54,-0.15,0.23,-0.38,stranded
2025,"Generate ER-NG, LLC",RavenChem,66597,RAVC5,TX,Harris,29.820648,-94.913987,0.4,16.6,NG,IC,2021,4,1.0,3504.0,58166.0,1927.2,876.0,35.0,-43.41,5.0,58.1,-109.54,-0.15,0.23,-0.38,stranded
2025,"Generate ER-NG, LLC",RavenChem,66597,RAVC6,TX,Harris,29.820648,-94.913987,0.4,16.6,NG,IC,2021,4,1.0,3504.0,58166.0,1927.2,876.0,35.0,-43.41,5.0,58.1,-109.54,-0.15,0.23,-0.38,stranded
2025,"Generate ER-NG, LLC",RavenChem,66597,RAVC7,TX,Harris,29.820648,-94.913987,0.4,16.6,NG,IC,2021,4,1.0,3504.0,58166.0,1927.2,876.0,35.0,-43.41,5.0,58.1,-109.54,-0.15,0.23,-0.38,stranded
2025,"Generate ER-NG, LLC",RavenChem,66597,RAVC8,TX,Harris,29.820648,-94.913987,0.4,16.6,NG,IC,2021,4,1.0,3504.0,58166.0,1927.2,876.0,35.0,-43.41,5.0,58.1,-109.54,-0.15,0.23,-0.38,stranded
2025,City of Bryan - (TX),Bryan (TX),3561,7,TX,Brazos,30.64741,-96.372316,22.0,16.61,NG,GT,1975,50,1.0,192720.0,3201079.0,105996.0,48180.0,1927.2,-43.41,5.0,58.13,-109.57,-8.37,12.75,-21.12,stranded
2025,"Generate ER-NG, LLC",HEB00797,68732,H7971,TX,Harris,29.817229,-95.80365,0.4,16.75,NG,IC,2024,1,1.0,3504.0,58692.0,1927.2,876.0,35.0,-43.41,5.0,58.62,-110.06,-0.15,0.23,-0.39,stranded
2025,"Generate ER-NG, LLC",HEB00797,68732,H7972,TX,Harris,29.817229,-95.80365,0.4,16.75,NG,IC,2024,1,1.0,3504.0,58692.0,1927.2,876.0,35.0,-43.41,5.0,58.62,-110.06,-0.15,0.23,-0.39,stranded
2025,"Generate ER-NG, LLC",HEB00797,68732,H7973,TX,Harris,29.817229,-95.80365,0.4,16.75,NG,IC,2024,1,1.0,3504.0,58692.0,1927.2,876.0,35.0,-43.41,5.0,58.62,-110.06,-0.15,0.23,-0.39,stranded
2025,"Generate ER-NG, LLC",HEB00798,68733,H7981,TX,Harris,29.957375,-95.207348,0.4,16.87,NG,IC,2024,1,1.0,3504.0,59112.0,1927.2,876.0,35.0,-43.41,5.0,59.05,-110.48,-0.15,0.24,-0.39,stranded
2025,"Generate ER-NG, LLC",HEB00798,68733,H7982,TX,Harris,29.957375,-95.207348,0.4,16.87,NG,IC,2024,1,1.0,3504.0,59112.0,1927.2,876.0,35.0,-43.41,5.0,59.05,-110.48,-0.15,0.24,-0.39,stranded
2025,"Generate ER-NG, LLC",HEB00798,68733,H7983,TX,Harris,29.957375,-95.207348,0.4,16.87,NG,IC,2024,1,1.0,3504.0,59112.0,1927.2,876.0,35.0,-43.41,5.0,59.05,-110.48,-0.15,0.24,-0.39,stranded
2025,"Texas Microgrid, LLC",HEBTEMDistCenter1B,68735,HT1B1,TX,Bell,31.152387,-97.361183,0.4,17.04,NG,IC,2024,1,1.0,3504.0,59708.0,1927.2,876.0,35.0,3609.72,5.0,59.64,3542.05,12.65,0.24,12.41,operating
2025,"Texas Microgrid, LLC",HEBTEMDistCenter1B,68735,HT1B2,TX,Bell,31.152387,-97.361183,0.4,17.04,NG,IC,2024,1,1.0,3504.0,59708.0,1927.2,876.0,35.0,3609.72,5.0,59.64,3542.05,12.65,0.24,12.41,operating
2025,"Texas Microgrid, LLC",HEBTEMDistCenter1B,68735,HT1B3,TX,Bell,31.152387,-97.361183,0.4,17.04,NG,IC,2024,1,1.0,3504.0,59708.0,1927.2,876.0,35.0,3609.72,5.0,59.64,3542.05,12.65,0.24,12.41,operating
2025,"Texas Microgrid, LLC",HEBTEMDistCenter1B,68735,HT1B4,TX,Bell,31.152387,-97.361183,0.4,17.04,NG,IC,2024,1,1.0,3504.0,59708.0,1927.2,876.0,35.0,3609.72,5.0,59.64,3542.05,12.65,0.24,12.41,operating
2025,"Texas Microgrid, LLC",HEBTEMDistCenter2A,68736,HT2A1,TX,Bell,31.152387,-97.361183,0.4,17.04,NG,IC,2024,1,1.0,3504.0,59708.0,1927.2,876.0,35.0,3609.72,5.0,59.64,3542.05,12.65,0.24,12.41,operating
2025,"Texas Microgrid, LLC",HEBTEMDistCenter2A,68736,HT2A2,TX,Bell,31.152387,-97.361183,0.4,17.04,NG,IC,2024,1,1.0,3504.0,59708.0,1927.2,876.0,35.0,3609.72,5.0,59.64,3542.05,12.65,0.24,12.41,operating
2025,"Texas Microgrid, LLC",HEBTEMDistCenter2A,68736,HT2A3,TX,Bell,31.152387,-97.361183,0.4,17.04,NG,IC,2024,1,1.0,3504.0,59708.0,1927.2,876.0,35.0,3609.72,5.0,59.64,3542.05,12.65,0.24,12.41,operating
2025,"Texas Microgrid, LLC",HEBTEMDistCenter2A,68736,HT2A4,TX,Bell,31.152387,-97.361183,0.4,17.04,NG,IC,2024,1,1.0,3504.0,59708.0,1927.2,876.0,35.0,3609.72,5.0,59.64,3542.05,12.65,0.24,12.41,operating
2025,"Texas Microgrid, LLC",HEBTEMDistCenter2A,68736,HT2A5,TX,Bell,31.152387,-97.361183,0.4,17.04,NG,IC,2024,1,1.0,3504.0,59708.0,1927.2,876.0,35.0,3609.72,5.0,59.64,3542.05,12.65,0.24,12.41,operating
2025,"Texas Microgrid, LLC",HEBTEMDistCenter2A,68736,HT2A6,TX,Bell,31.152387,-97.361183,0.4,17.04,NG,IC,2024,1,1.0,3504.0,59708.0,1927.2,876.0,35.0,3609.72,5.0,59.64,3542.05,12.65,0.24,12.41,operating
2025,"Texas Microgrid, LLC",HEBTEMDistCenter2A,68736,HT2A7,TX,Bell,31.152387,-97.361183,0.4,17.04,NG,IC,2024,1,1.0,3504.0,59708.0,1927.2,876.0,35.0,3609.72,5.0,59.64,3542.05,12.65,0.24,12.41,operating
2025,"Texas Microgrid, LLC",HEBTEMDistCenter2A,68736,HT2A8,TX,Bell,31.152387,-97.361183,0.4,17.04,NG,IC,2024,1,1.0,3504.0,59708.0,1927.2,876.0,35.0,3609.72,5.0,59.64,3542.05,12.65,0.24,12.41,operating
2025,"Texas Microgrid, LLC",HEBTEMDistCenter,67317,HTE10,TX,Bell,31.152387,-97.361183,0.4,17.04,NG,IC,2023,2,1.0,3504.0,59708.0,1927.2,876.0,35.0,3609.72,5.0,59.64,3542.05,12.65,0.24,12.41,operating
2025,"Texas Microgrid, LLC",HEBTEMDistCenter,67317,HTE11,TX,Bell,31.152387,-97.361183,0.4,17.04,NG,IC,2023,2,1.0,3504.0,59708.0,1927.2,876.0,35.0,3609.72,5.0,59.64,3542.05,12.65,0.24,12.41,operating
2025,"Texas Microgrid, LLC",HEBTEMDistCenter,67317,HTE12,TX,Bell,31.152387,-97.361183,0.4,17.04,NG,IC,2023,2,1.0,3504.0,59708.0,1927.2,876.0,35.0,3609.72,5.0,59.64,3542.05,12.65,0.24,12.41,operating
2025,"Texas Microgrid, LLC",HEBTEMDistCenter,67317,HTEM1,TX,Bell,31.152387,-97.361183,0.4,17.04,NG,IC,2023,2,1.0,3504.0,59708.0,1927.2,876.0,35.0,3609.72,5.0,59.64,3542.05,12.65,0.24,12.41,operating
2025,"Texas Microgrid, LLC",HEBTEMDistCenter,67317,HTEM2,TX,Bell,31.152387,-97.361183,0.4,17.04,NG,IC,2023,2,1.0,3504.0,59708.0,1927.2,876.0,35.0,3609.72,5.0,59.64,3542.05,12.65,0.24,12.41,operating
2025,"Texas Microgrid, LLC",HEBTEMDistCenter,67317,HTEM3,TX,Bell,31.152387,-97.361183,0.4,17.04,NG,IC,2023,2,1.0,3504.0,59708.0,1927.2,876.0,35.0,3609.72,5.0,59.64,3542.05,12.65,0.24,12.41,operating
2025,"Texas Microgrid, LLC",HEBTEMDistCenter,67317,HTEM4,TX,Bell,31.152387,-97.361183,0.4,17.04,NG,IC,2023,2,1.0,3504.0,59708.0,1927.2,876.0,35.0,3609.72,5.0,59.64,3542.05,12.65,0.24,12.41,operating
2025,"Texas Microgrid, LLC",HEBTEMDistCenter,67317,HTEM5,TX,Bell,31.152387,-97.361183,0.4,17.04,NG,IC,2023,2,1.0,3504.0,59708.0,1927.2,876.0,35.0,3609.72,5.0,59.64,3542.05,12.65,0.24,12.41,operating
2025,"Texas Microgrid, LLC",HEBTEMDistCenter,67317,HTEM6,TX,Bell,31.152387,-97.361183,0.4,17.04,NG,IC,2023,2,1.0,3504.0,59708.0,1927.2,876.0,35.0,3609.72,5.0,59.64,3542.05,12.65,0.24,12.41,operating
2025,"Texas Microgrid, LLC",HEBTEMDistCenter,67317,HTEM7,TX,Bell,31.152387,-97.361183,0.4,17.04,NG,IC,2023,2,1.0,3504.0,59708.0,1927.2,876.0,35.0,3609.72,5.0,59.64,3542.05,12.65,0.24,12.41,operating
2025,"Texas Microgrid, LLC",HEBTEMDistCenter,67317,HTEM8,TX,Bell,31.152387,-97.361183,0.4,17.04,NG,IC,2023,2,1.0,3504.0,59708.0,1927.2,876.0,35.0,3609.72,5.0,59.64,3542.05,12.65,0.24,12.41,operating
2025,"Texas Microgrid, LLC",HEBTEMDistCenter,67317,HTEM9,TX,Bell,31.152387,-97.361183,0.4,17.04,NG,IC,2023,2,1.0,3504.0,59708.0,1927.2,876.0,35.0,3609.72,5.0,59.64,3542.05,12.65,0.24,12.41,operating
2025,"Walmart Stores Texas, LLC",WAL4538,64946,GEN1,TX,Harris,29.803665,-95.72045,0.4,17.08,NG,IC,2019,6,1.0,3504.0,59848.0,1927.2,876.0,35.0,-43.41,5.0,59.78,-111.22,-0.15,0.24,-0.39,stranded
2025,"Walmart Stores Texas, LLC",WAL4538,64946,GEN2,TX,Harris,29.803665,-95.72045,0.4,17.08,NG,IC,2019,6,1.0,3504.0,59848.0,1927.2,876.0,35.0,-43.41,5.0,59.78,-111.22,-0.15,0.24,-0.39,stranded
2025,"Walmart Stores Texas, LLC",WAL4538,64946,GEN3,TX,Harris,29.803665,-95.72045,0.4,17.08,NG,IC,2019,6,1.0,3504.0,59848.0,1927.2,876.0,35.0,-43.41,5.0,59.78,-111.22,-0.15,0.24,-0.39,stranded
2025,"Generate ER-NG, LLC",HEB00767,67434,H7671,TX,Montgomery,30.221151,-95.681969,0.4,17.09,NG,IC,2022,3,1.0,3504.0,59883.0,1927.2,876.0,35.0,-43.41,5.0,59.81,-111.25,-0.15,0.24,-0.39,stranded
2025,"Generate ER-NG, LLC",HEB00767,67434,H7672,TX,Montgomery,30.221151,-95.681969,0.4,17.09,NG,IC,2022,3,1.0,3504.0,59883.0,1927.2,876.0,35.0,-43.41,5.0,59.81,-111.25,-0.15,0.24,-0.39,stranded
2025,"Generate ER-NG, LLC",HEB00767,67434,H7673,TX,Montgomery,30.221151,-95.681969,0.4,17.09,NG,IC,2022,3,1.0,3504.0,59883.0,1927.2,876.0,35.0,-43.41,5.0,59.81,-111.25,-0.15,0.24,-0.39,stranded
2025,"Generate ER-NG, LLC",HEB00760,67311,H7601,TX,Brazoria,29.487596,-95.405161,0.4,17.11,NG,IC,2023,2,1.0,3504.0,59953.0,1927.2,876.0,35.0,-43.41,5.0,59.88,-111.32,-0.15,0.24,-0.39,stranded
2025,"Generate ER-NG, LLC",HEB00760,67311,H7602,TX,Brazoria,29.487596,-95.405161,0.4,17.11,NG,IC,2023,2,1.0,3504.0,59953.0,1927.2,876.0,35.0,-43.41,5.0,59.88,-111.32,-0.15,0.24,-0.39,stranded
2025,"Generate ER-NG, LLC",HEB00760,67311,H7603,TX,Brazoria,29.487596,-95.405161,0.4,17.11,NG,IC,2023,2,1.0,3504.0,59953.0,1927.2,876.0,35.0,-43.41,5.0,59.88,-111.32,-0.15,0.24,-0.39,stranded
2025,"Walmart Stores Texas, LLC",WAL752,64801,GEN1,TX,Harris,29.64662,-95.161425,0.4,17.46,NG,IC,2020,5,1.0,3504.0,61180.0,1927.2,876.0,35.0,-43.41,5.0,61.11,-112.55,-0.15,0.24,-0.39,stranded
2025,"Walmart Stores Texas, LLC",WAL752,64801,GEN2,TX,Harris,29.64662,-95.161425,0.4,17.46,NG,IC,2020,5,1.0,3504.0,61180.0,1927.2,876.0,35.0,-43.41,5.0,61.11,-112.55,-0.15,0.24,-0.39,stranded
2025,"Walmart Stores Texas, LLC",WAL752,64801,GEN3,TX,Harris,29.64662,-95.161425,0.4,17.46,NG,IC,2020,5,1.0,3504.0,61180.0,1927.2,876.0,35.0,-43.41,5.0,61.11,-112.55,-0.15,0.24,-0.39,stranded
2025,"Walmart Stores Texas, LLC",WAL3432,64924,GEN1,TX,Dallas,32.592923,-96.879836,0.4,17.53,NG,IC,2021,4,1.0,3504.0,61425.0,1927.2,876.0,35.0,-41.82,5.0,61.36,-111.21,-0.15,0.24,-0.39,stranded
2025,"Walmart Stores Texas, LLC",WAL3432,64924,GEN2,TX,Dallas,32.592923,-96.879836,0.4,17.53,NG,IC,2021,4,1.0,3504.0,61425.0,1927.2,876.0,35.0,-41.82,5.0,61.36,-111.21,-0.15,0.24,-0.39,stranded
2025,"Walmart Stores Texas, LLC",WAL3432,64924,GEN3,TX,Dallas,32.592923,-96.879836,0.4,17.53,NG,IC,2021,4,1.0,3504.0,61425.0,1927.2,876.0,35.0,-41.82,5.0,61.36,-111.21,-0.15,0.24,-0.39,stranded
2025,"Walmart Stores Texas, LLC",WAL768,64802,GEN1,TX,Harris,29.789117,-95.722232,0.4,17.55,NG,IC,2019,6,1.0,3504.0,61495.0,1927.2,876.0,35.0,-43.41,5.0,61.43,-112.86,-0.15,0.24,-0.4,stranded
2025,"Walmart Stores Texas, LLC",WAL768,64802,GEN2,TX,Harris,29.789117,-95.722232,0.4,17.55,NG,IC,2019,6,1.0,3504.0,61495.0,1927.2,876.0,35.0,-43.41,5.0,61.43,-112.86,-0.15,0.24,-0.4,stranded
2025,"Walmart Stores Texas, LLC",WAL768,64802,GEN3,TX,Harris,29.789117,-95.722232,0.4,17.55,NG,IC,2019,6,1.0,3504.0,61495.0,1927.2,876.0,35.0,-43.41,5.0,61.43,-112.86,-0.15,0.24,-0.4,stranded
2025,Equistar Chemicals LP,Corpus Christi,50475,GEN1,TX,Nueces,27.811083,-97.595813,41.0,17.73,NG,GT,1989,36,1.0,359160.0,6367907.0,197538.0,89790.0,3591.6,3609.72,5.0,62.05,3539.64,1296.47,25.17,1271.3,operating
2025,Entergy Texas Inc.,HEB00048,66593,H0481,TX,Jefferson,30.106498,-94.170414,0.4,17.92,NG,IC,2021,4,1.0,3504.0,62792.0,1927.2,876.0,35.0,-43.41,5.0,62.72,-114.16,-0.15,0.25,-0.4,stranded
2025,Entergy Texas Inc.,HEB00048,66593,H0482,TX,Jefferson,30.106498,-94.170414,0.4,17.92,NG,IC,2021,4,1.0,3504.0,62792.0,1927.2,876.0,35.0,-43.41,5.0,62.72,-114.16,-0.15,0.25,-0.4,stranded
2025,Entergy Texas Inc.,HEB00048,66593,H0483,TX,Jefferson,30.106498,-94.170414,0.4,17.92,NG,IC,2021,4,1.0,3504.0,62792.0,1927.2,876.0,35.0,-43.41,5.0,62.72,-114.16,-0.15,0.25,-0.4,stranded
2025,Luminant Generation Company LLC,DeCordova Steam Electric Station,8063,CT1,TX,Hood,32.403056,-97.700556,89.4,18.19,NG,GT,1990,35,1.0,783144.0,14245389.0,430729.2,195786.0,7831.4,-41.82,5.0,63.67,-113.52,-32.75,56.14,-88.9,stranded
2025,Luminant Generation Company LLC,DeCordova Steam Electric Station,8063,CT2,TX,Hood,32.403056,-97.700556,89.4,18.19,NG,GT,1990,35,1.0,783144.0,14245389.0,430729.2,195786.0,7831.4,-41.82,5.0,63.67,-113.52,-32.75,56.14,-88.9,stranded
2025,Luminant Generation Company LLC,DeCordova Steam Electric Station,8063,CT3,TX,Hood,32.403056,-97.700556,89.4,18.19,NG,GT,1990,35,1.0,783144.0,14245389.0,430729.2,195786.0,7831.4,-41.82,5.0,63.67,-113.52,-32.75,56.14,-88.9,stranded
2025,Luminant Generation Company LLC,DeCordova Steam Electric Station,8063,CT4,TX,Hood,32.403056,-97.700556,89.4,18.19,NG,GT,1990,35,1.0,783144.0,14245389.0,430729.2,195786.0,7831.4,-41.82,5.0,63.67,-113.52,-32.75,56.14,-88.9,stranded
2025,Petra Nova Power I LLC,Petra Nova Carbon Capture Cogen,58378,GT2,TX,Fort Bend,29.475278,-95.634167,82.2,19.4,NG,GT,2013,12,1.0,720072.0,13969397.0,396039.6,180018.0,7200.7,-43.41,5.0,67.9,-119.34,-31.26,54.67,-85.93,stranded
2025,City of Greenville - (TX),Powerlane Plant,4195,ST1,TX,Hunt,33.1707,-96.1264,18.8,21.07,NG,ST,1966,59,0.9999,164669.0,3469580.0,60927.6,16466.9,1646.7,-41.82,3.5,73.75,-121.11,-6.89,13.06,-19.94,stranded
2025,City of Greenville - (TX),Powerlane Plant,4195,EP,TX,Hunt,33.1707,-96.1264,8.4,21.07,NG,IC,2010,15,1.0,73584.0,1550415.0,40471.2,18396.0,735.8,-41.82,5.0,73.75,-123.6,-3.08,6.02,-9.09,stranded
2025,City of Greenville - (TX),Powerlane Plant,4195,EP2,TX,Hunt,33.1707,-96.1264,8.4,21.07,NG,IC,2010,15,1.0,73584.0,1550415.0,40471.2,18396.0,735.8,-41.82,5.0,73.75,-123.6,-3.08,6.02,-9.09,stranded
2025,City of Greenville - (TX),Powerlane Plant,4195,EP3,TX,Hunt,33.1707,-96.1264,8.4,21.07,NG,IC,2010,15,1.0,73584.0,1550415.0,40471.2,18396.0,735.8,-41.82,5.0,73.75,-123.6,-3.08,6.02,-9.09,stranded
2025,State Farm Mutual Auto Ins Co,State Farm Insur Support Center Central,55390,2A,TX,Dallas,32.9192,-96.9894,1.8,8.9,DFO,IC,1998,27,1.0,15768.0,140335.0,10249.2,18921.6,12614.4,-41.82,6.0,93.45,-144.85,-0.66,1.62,-2.28,stranded
2025,State Farm Mutual Auto Ins Co,State Farm Insur Support Center Central,55390,2B,TX,Dallas,32.9192,-96.9894,1.8,8.9,DFO,IC,1998,27,1.0,15768.0,140335.0,10249.2,18921.6,12614.4,-41.82,6.0,93.45,-144.85,-0.66,1.62,-2.28,stranded
2025,State Farm Mutual Auto Ins Co,State Farm Insur Support Center Central,55390,3A,TX,Dallas,32.9192,-96.9894,1.8,8.9,DFO,IC,1998,27,1.0,15768.0,140335.0,10249.2,18921.6,12614.4,-41.82,6.0,93.45,-144.85,-0.66,1.62,-2.28,stranded
2025,State Farm Mutual Auto Ins Co,State Farm Insur Support Center Central,55390,3B,TX,Dallas,32.9192,-96.9894,1.8,8.9,DFO,IC,1998,27,1.0,15768.0,140335.0,10249.2,18921.6,12614.4,-41.82,6.0,93.45,-144.85,-0.66,1.62,-2.28,stranded
2025,State Farm Mutual Auto Ins Co,State Farm Insur Support Center Central,55390,4A,TX,Dallas,32.9192,-96.9894,1.8,8.9,DFO,IC,1998,27,1.0,15768.0,140335.0,10249.2,18921.6,12614.4,-41.82,6.0,93.45,-144.85,-0.66,1.62,-2.28,stranded
2025,State Farm Mutual Auto Ins Co,State Farm Insur Support Center Central,55390,4B,TX,Dallas,32.9192,-96.9894,1.8,8.9,DFO,IC,1998,27,1.0,15768.0,140335.0,10249.2,18921.6,12614.4,-41.82,6.0,93.45,-144.85,-0.66,1.62,-2.28,stranded
2025,"Walmart Stores Texas, LLC",WAL5311,64954,GEN1,TX,Collin,33.216844,-96.735704,1.3,9.14,DFO,IC,2020,5,1.0,11388.0,104086.0,7402.2,13665.6,9110.4,-41.82,6.0,95.97,-147.37,-0.48,1.2,-1.68,stranded
2025,"Walmart Stores Texas, LLC",WAL3777,64938,GEN1,TX,Denton,33.179721,-96.883994,1.3,9.19,DFO,IC,2020,5,1.0,11388.0,104656.0,7402.2,13665.6,9110.4,-41.82,6.0,96.49,-147.9,-0.48,1.21,-1.68,stranded
2025,"Power Depot Group A, LLC",E. Porte Ct.,65539,EPC1,TX,Cameron,26.19208,-97.664239,0.6,9.2,DFO,IC,2013,12,1.0,5256.0,48355.0,3416.4,6307.2,4204.8,-41.82,6.0,96.6,-148.0,-0.22,0.56,-0.78,stranded
2025,"Power Depot Group A, LLC",E. Porte Ct.,65539,EPC10,TX,Cameron,26.19208,-97.664239,0.6,9.2,DFO,IC,2013,12,1.0,5256.0,48355.0,3416.4,6307.2,4204.8,-41.82,6.0,96.6,-148.0,-0.22,0.56,-0.78,stranded
2025,"Power Depot Group A, LLC",E. Porte Ct.,65539,EPC11,TX,Cameron,26.19208,-97.664239,0.6,9.2,DFO,IC,2013,12,1.0,5256.0,48355.0,3416.4,6307.2,4204.8,-41.82,6.0,96.6,-148.0,-0.22,0.56,-0.78,stranded
2025,"Power Depot Group A, LLC",E. Porte Ct.,65539,EPC12,TX,Cameron,26.19208,-97.664239,0.6,9.2,DFO,IC,2013,12,1.0,5256.0,48355.0,3416.4,6307.2,4204.8,-41.82,6.0,96.6,-148.0,-0.22,0.56,-0.78,stranded
2025,"Power Depot Group A, LLC",E. Porte Ct.,65539,EPC13,TX,Cameron,26.19208,-97.664239,0.6,9.2,DFO,IC,2013,12,1.0,5256.0,48355.0,3416.4,6307.2,4204.8,-41.82,6.0,96.6,-148.0,-0.22,0.56,-0.78,stranded
2025,"Power Depot Group A, LLC",E. Porte Ct.,65539,EPC14,TX,Cameron,26.19208,-97.664239,0.6,9.2,DFO,IC,2013,12,1.0,5256.0,48355.0,3416.4,6307.2,4204.8,-41.82,6.0,96.6,-148.0,-0.22,0.56,-0.78,stranded
2025,"Power Depot Group A, LLC",E. Porte Ct.,65539,EPC15,TX,Cameron,26.19208,-97.664239,0.6,9.2,DFO,IC,2013,12,1.0,5256.0,48355.0,3416.4,6307.2,4204.8,-41.82,6.0,96.6,-148.0,-0.22,0.56,-0.78,stranded
2025,"Power Depot Group A, LLC",E. Porte Ct.,65539,EPC2,TX,Cameron,26.19208,-97.664239,0.6,9.2,DFO,IC,2013,12,1.0,5256.0,48355.0,3416.4,6307.2,4204.8,-41.82,6.0,96.6,-148.0,-0.22,0.56,-0.78,stranded
2025,"Power Depot Group A, LLC",E. Porte Ct.,65539,EPC3,TX,Cameron,26.19208,-97.664239,0.6,9.2,DFO,IC,2013,12,1.0,5256.0,48355.0,3416.4,6307.2,4204.8,-41.82,6.0,96.6,-148.0,-0.22,0.56,-0.78,stranded
2025,"Power Depot Group A, LLC",E. Porte Ct.,65539,EPC4,TX,Cameron,26.19208,-97.664239,0.6,9.2,DFO,IC,2013,12,1.0,5256.0,48355.0,3416.4,6307.2,4204.8,-41.82,6.0,96.6,-148.0,-0.22,0.56,-0.78,stranded
2025,"Power Depot Group A, LLC",E. Porte Ct.,65539,EPC5,TX,Cameron,26.19208,-97.664239,0.6,9.2,DFO,IC,2013,12,1.0,5256.0,48355.0,3416.4,6307.2,4204.8,-41.82,6.0,96.6,-148.0,-0.22,0.56,-0.78,stranded
2025,"Power Depot Group A, LLC",E. Porte Ct.,65539,EPC6,TX,Cameron,26.19208,-97.664239,0.6,9.2,DFO,IC,2013,12,1.0,5256.0,48355.0,3416.4,6307.2,4204.8,-41.82,6.0,96.6,-148.0,-0.22,0.56,-0.78,stranded
2025,"Power Depot Group A, LLC",E. Porte Ct.,65539,EPC7,TX,Cameron,26.19208,-97.664239,0.6,9.2,DFO,IC,2013,12,1.0,5256.0,48355.0,3416.4,6307.2,4204.8,-41.82,6.0,96.6,-148.0,-0.22,0.56,-0.78,stranded
2025,"Power Depot Group A, LLC",E. Porte Ct.,65539,EPC8,TX,Cameron,26.19208,-97.664239,0.6,9.2,DFO,IC,2013,12,1.0,5256.0,48355.0,3416.4,6307.2,4204.8,-41.82,6.0,96.6,-148.0,-0.22,0.56,-0.78,stranded
2025,"Power Depot Group A, LLC",E. Porte Ct.,65539,EPC9,TX,Cameron,26.19208,-97.664239,0.6,9.2,DFO,IC,2013,12,1.0,5256.0,48355.0,3416.4,6307.2,4204.8,-41.82,6.0,96.6,-148.0,-0.22,0.56,-0.78,stranded
2025,"Walmart Stores Texas, LLC",WAL5211,64952,GEN1,TX,Collin,33.156306,-96.682687,1.3,9.28,DFO,IC,2020,5,1.0,11388.0,105681.0,7402.2,13665.6,9110.4,-41.82,6.0,97.44,-148.84,-0.48,1.22,-1.7,stranded
2025,"Power Depot Group A, LLC",Tumbleweed,65578,TWD1,TX,Andrews,32.35123,-102.5577,0.6,9.44,DFO,IC,2013,12,1.0,5256.0,49617.0,3416.4,6307.2,4204.8,2348.0,6.0,99.12,2239.3,12.34,0.57,11.77,operating
2025,"Power Depot Group A, LLC",Tumbleweed,65578,TWD10,TX,Andrews,32.35123,-102.5577,0.6,9.44,DFO,IC,2013,12,1.0,5256.0,49617.0,3416.4,6307.2,4204.8,2348.0,6.0,99.12,2239.3,12.34,0.57,11.77,operating
2025,"Power Depot Group A, LLC",Tumbleweed,65578,TWD11,TX,Andrews,32.35123,-102.5577,0.6,9.44,DFO,IC,2013,12,1.0,5256.0,49617.0,3416.4,6307.2,4204.8,2348.0,6.0,99.12,2239.3,12.34,0.57,11.77,operating
2025,"Power Depot Group A, LLC",Tumbleweed,65578,TWD12,TX,Andrews,32.35123,-102.5577,0.6,9.44,DFO,IC,2013,12,1.0,5256.0,49617.0,3416.4,6307.2,4204.8,2348.0,6.0,99.12,2239.3,12.34,0.57,11.77,operating
2025,"Power Depot Group A, LLC",Tumbleweed,65578,TWD13,TX,Andrews,32.35123,-102.5577,0.6,9.44,DFO,IC,2013,12,1.0,5256.0,49617.0,3416.4,6307.2,4204.8,2348.0,6.0,99.12,2239.3,12.34,0.57,11.77,operating
2025,"Power Depot Group A, LLC",Tumbleweed,65578,TWD14,TX,Andrews,32.35123,-102.5577,0.6,9.44,DFO,IC,2013,12,1.0,5256.0,49617.0,3416.4,6307.2,4204.8,2348.0,6.0,99.12,2239.3,12.34,0.57,11.77,operating
2025,"Power Depot Group A, LLC",Tumbleweed,65578,TWD15,TX,Andrews,32.35123,-102.5577,0.6,9.44,DFO,IC,2013,12,1.0,5256.0,49617.0,3416.4,6307.2,4204.8,2348.0,6.0,99.12,2239.3,12.34,0.57,11.77,operating
2025,"Power Depot Group A, LLC",Tumbleweed,65578,TWD2,TX,Andrews,32.35123,-102.5577,0.6,9.44,DFO,IC,2013,12,1.0,5256.0,49617.0,3416.4,6307.2,4204.8,2348.0,6.0,99.12,2239.3,12.34,0.57,11.77,operating
2025,"Power Depot Group A, LLC",Tumbleweed,65578,TWD3,TX,Andrews,32.35123,-102.5577,0.6,9.44,DFO,IC,2013,12,1.0,5256.0,49617.0,3416.4,6307.2,4204.8,2348.0,6.0,99.12,2239.3,12.34,0.57,11.77,operating
2025,"Power Depot Group A, LLC",Tumbleweed,65578,TWD4,TX,Andrews,32.35123,-102.5577,0.6,9.44,DFO,IC,2013,12,1.0,5256.0,49617.0,3416.4,6307.2,4204.8,2348.0,6.0,99.12,2239.3,12.34,0.57,11.77,operating
2025,"Power Depot Group A, LLC",Tumbleweed,65578,TWD5,TX,Andrews,32.35123,-102.5577,0.6,9.44,DFO,IC,2013,12,1.0,5256.0,49617.0,3416.4,6307.2,4204.8,2348.0,6.0,99.12,2239.3,12.34,0.57,11.77,operating
2025,"Power Depot Group A, LLC",Tumbleweed,65578,TWD6,TX,Andrews,32.35123,-102.5577,0.6,9.44,DFO,IC,2013,12,1.0,5256.0,49617.0,3416.4,6307.2,4204.8,2348.0,6.0,99.12,2239.3,12.34,0.57,11.77,operating
2025,"Power Depot Group A, LLC",Tumbleweed,65578,TWD7,TX,Andrews,32.35123,-102.5577,0.6,9.44,DFO,IC,2013,12,1.0,5256.0,49617.0,3416.4,6307.2,4204.8,2348.0,6.0,99.12,2239.3,12.34,0.57,11.77,operating
2025,"Power Depot Group A, LLC",Tumbleweed,65578,TWD8,TX,Andrews,32.35123,-102.5577,0.6,9.44,DFO,IC,2013,12,1.0,5256.0,49617.0,3416.4,6307.2,4204.8,2348.0,6.0,99.12,2239.3,12.34,0.57,11.77,operating
2025,"Power Depot Group A, LLC",Tumbleweed,65578,TWD9,TX,Andrews,32.35123,-102.5577,0.6,9.44,DFO,IC,2013,12,1.0,5256.0,49617.0,3416.4,6307.2,4204.8,2348.0,6.0,99.12,2239.3,12.34,0.57,11.77,operating
2025,"South Texas Electric Coop, Inc",Sam Rayburn,3631,4,TX,Victoria,28.8947,-97.135,1.6,9.44,DFO,IC,1991,34,1.0,14016.0,132311.0,9110.4,16819.2,11212.8,3609.72,6.0,99.12,3501.02,50.59,1.52,49.07,operating
2025,"South Texas Electric Coop, Inc",Sam Rayburn,3631,5,TX,Victoria,28.8947,-97.135,1.6,9.44,DFO,IC,1991,34,1.0,14016.0,132311.0,9110.4,16819.2,11212.8,3609.72,6.0,99.12,3501.02,50.59,1.52,49.07,operating
2025,"Power Depot Group A, LLC",Westover,65581,WSI1,TX,Ector,31.8362,-102.4461,0.6,9.49,DFO,IC,2013,12,1.0,5256.0,49879.0,3416.4,6307.2,4204.8,2348.0,6.0,99.64,2238.77,12.34,0.57,11.77,operating
2025,"Power Depot Group A, LLC",Westover,65581,WSI10,TX,Ector,31.8362,-102.4461,0.6,9.49,DFO,IC,2013,12,1.0,5256.0,49879.0,3416.4,6307.2,4204.8,2348.0,6.0,99.64,2238.77,12.34,0.57,11.77,operating
2025,"Power Depot Group A, LLC",Westover,65581,WSI11,TX,Ector,31.8362,-102.4461,0.6,9.49,DFO,IC,2013,12,1.0,5256.0,49879.0,3416.4,6307.2,4204.8,2348.0,6.0,99.64,2238.77,12.34,0.57,11.77,operating
2025,"Power Depot Group A, LLC",Westover,65581,WSI12,TX,Ector,31.8362,-102.4461,0.6,9.49,DFO,IC,2013,12,1.0,5256.0,49879.0,3416.4,6307.2,4204.8,2348.0,6.0,99.64,2238.77,12.34,0.57,11.77,operating
2025,"Power Depot Group A, LLC",Westover,65581,WSI13,TX,Ector,31.8362,-102.4461,0.6,9.49,DFO,IC,2013,12,1.0,5256.0,49879.0,3416.4,6307.2,4204.8,2348.0,6.0,99.64,2238.77,12.34,0.57,11.77,operating
2025,"Power Depot Group A, LLC",Westover,65581,WSI14,TX,Ector,31.8362,-102.4461,0.6,9.49,DFO,IC,2013,12,1.0,5256.0,49879.0,3416.4,6307.2,4204.8,2348.0,6.0,99.64,2238.77,12.34,0.57,11.77,operating
2025,"Power Depot Group A, LLC",Westover,65581,WSI15,TX,Ector,31.8362,-102.4461,0.6,9.49,DFO,IC,2013,12,1.0,5256.0,49879.0,3416.4,6307.2,4204.8,2348.0,6.0,99.64,2238.77,12.34,0.57,11.77,operating
2025,"Power Depot Group A, LLC",Westover,65581,WSI2,TX,Ector,31.8362,-102.4461,0.6,9.49,DFO,IC,2013,12,1.0,5256.0,49879.0,3416.4,6307.2,4204.8,2348.0,6.0,99.64,2238.77,12.34,0.57,11.77,operating
2025,"Power Depot Group A, LLC",Westover,65581,WSI3,TX,Ector,31.8362,-102.4461,0.6,9.49,DFO,IC,2013,12,1.0,5256.0,49879.0,3416.4,6307.2,4204.8,2348.0,6.0,99.64,2238.77,12.34,0.57,11.77,operating
2025,"Power Depot Group A, LLC",Westover,65581,WSI4,TX,Ector,31.8362,-102.4461,0.6,9.49,DFO,IC,2013,12,1.0,5256.0,49879.0,3416.4,6307.2,4204.8,2348.0,6.0,99.64,2238.77,12.34,0.57,11.77,operating
2025,"Power Depot Group A, LLC",Westover,65581,WSI5,TX,Ector,31.8362,-102.4461,0.6,9.49,DFO,IC,2013,12,1.0,5256.0,49879.0,3416.4,6307.2,4204.8,2348.0,6.0,99.64,2238.77,12.34,0.57,11.77,operating
2025,"Power Depot Group A, LLC",Westover,65581,WSI6,TX,Ector,31.8362,-102.4461,0.6,9.49,DFO,IC,2013,12,1.0,5256.0,49879.0,3416.4,6307.2,4204.8,2348.0,6.0,99.64,2238.77,12.34,0.57,11.77,operating
2025,"Power Depot Group A, LLC",Westover,65581,WSI7,TX,Ector,31.8362,-102.4461,0.6,9.49,DFO,IC,2013,12,1.0,5256.0,49879.0,3416.4,6307.2,4204.8,2348.0,6.0,99.64,2238.77,12.34,0.57,11.77,operating
2025,"Power Depot Group A, LLC",Westover,65581,WSI8,TX,Ector,31.8362,-102.4461,0.6,9.49,DFO,IC,2013,12,1.0,5256.0,49879.0,3416.4,6307.2,4204.8,2348.0,6.0,99.64,2238.77,12.34,0.57,11.77,operating
2025,"Power Depot Group A, LLC",Westover,65581,WSI9,TX,Ector,31.8362,-102.4461,0.6,9.49,DFO,IC,2013,12,1.0,5256.0,49879.0,3416.4,6307.2,4204.8,2348.0,6.0,99.64,2238.77,12.34,0.57,11.77,operating
2025,"Power Depot Group A, LLC",Bakke,65535,BAK1,TX,Andrews,32.295946,-102.54,0.6,9.5,DFO,IC,2013,12,1.0,5256.0,49932.0,3416.4,6307.2,4204.8,2348.0,6.0,99.75,2238.67,12.34,0.57,11.77,operating
2025,"Power Depot Group A, LLC",Bakke,65535,BAK10,TX,Andrews,32.295946,-102.54,0.6,9.5,DFO,IC,2013,12,1.0,5256.0,49932.0,3416.4,6307.2,4204.8,2348.0,6.0,99.75,2238.67,12.34,0.57,11.77,operating
2025,"Power Depot Group A, LLC",Bakke,65535,BAK11,TX,Andrews,32.295946,-102.54,0.6,9.5,DFO,IC,2013,12,1.0,5256.0,49932.0,3416.4,6307.2,4204.8,2348.0,6.0,99.75,2238.67,12.34,0.57,11.77,operating
2025,"Power Depot Group A, LLC",Bakke,65535,BAK12,TX,Andrews,32.295946,-102.54,0.6,9.5,DFO,IC,2013,12,1.0,5256.0,49932.0,3416.4,6307.2,4204.8,2348.0,6.0,99.75,2238.67,12.34,0.57,11.77,operating
2025,"Power Depot Group A, LLC",Bakke,65535,BAK13,TX,Andrews,32.295946,-102.54,0.6,9.5,DFO,IC,2013,12,1.0,5256.0,49932.0,3416.4,6307.2,4204.8,2348.0,6.0,99.75,2238.67,12.34,0.57,11.77,operating
2025,"Power Depot Group A, LLC",Bakke,65535,BAK14,TX,Andrews,32.295946,-102.54,0.6,9.5,DFO,IC,2013,12,1.0,5256.0,49932.0,3416.4,6307.2,4204.8,2348.0,6.0,99.75,2238.67,12.34,0.57,11.77,operating
2025,"Power Depot Group A, LLC",Bakke,65535,BAK15,TX,Andrews,32.295946,-102.54,0.6,9.5,DFO,IC,2013,12,1.0,5256.0,49932.0,3416.4,6307.2,4204.8,2348.0,6.0,99.75,2238.67,12.34,0.57,11.77,operating
2025,"Power Depot Group A, LLC",Bakke,65535,BAK2,TX,Andrews,32.295946,-102.54,0.6,9.5,DFO,IC,2013,12,1.0,5256.0,49932.0,3416.4,6307.2,4204.8,2348.0,6.0,99.75,2238.67,12.34,0.57,11.77,operating
2025,"Power Depot Group A, LLC",Bakke,65535,BAK3,TX,Andrews,32.295946,-102.54,0.6,9.5,DFO,IC,2013,12,1.0,5256.0,49932.0,3416.4,6307.2,4204.8,2348.0,6.0,99.75,2238.67,12.34,0.57,11.77,operating
2025,"Power Depot Group A, LLC",Bakke,65535,BAK4,TX,Andrews,32.295946,-102.54,0.6,9.5,DFO,IC,2013,12,1.0,5256.0,49932.0,3416.4,6307.2,4204.8,2348.0,6.0,99.75,2238.67,12.34,0.57,11.77,operating
2025,"Power Depot Group A, LLC",Bakke,65535,BAK5,TX,Andrews,32.295946,-102.54,0.6,9.5,DFO,IC,2013,12,1.0,5256.0,49932.0,3416.4,6307.2,4204.8,2348.0,6.0,99.75,2238.67,12.34,0.57,11.77,operating
2025,"Power Depot Group A, LLC",Bakke,65535,BAK6,TX,Andrews,32.295946,-102.54,0.6,9.5,DFO,IC,2013,12,1.0,5256.0,49932.0,3416.4,6307.2,4204.8,2348.0,6.0,99.75,2238.67,12.34,0.57,11.77,operating
2025,"Power Depot Group A, LLC",Bakke,65535,BAK7,TX,Andrews,32.295946,-102.54,0.6,9.5,DFO,IC,2013,12,1.0,5256.0,49932.0,3416.4,6307.2,4204.8,2348.0,6.0,99.75,2238.67,12.34,0.57,11.77,operating
2025,"Power Depot Group A, LLC",Bakke,65535,BAK8,TX,Andrews,32.295946,-102.54,0.6,9.5,DFO,IC,2013,12,1.0,5256.0,49932.0,3416.4,6307.2,4204.8,2348.0,6.0,99.75,2238.67,12.34,0.57,11.77,operating
2025,"Power Depot Group A, LLC",Bakke,65535,BAK9,TX,Andrews,32.295946,-102.54,0.6,9.5,DFO,IC,2013,12,1.0,5256.0,49932.0,3416.4,6307.2,4204.8,2348.0,6.0,99.75,2238.67,12.34,0.57,11.77,operating
2025,"Power Depot Group A, LLC",Frankel,65540,FRA1,TX,Andrews,32.381434,-102.78282,0.6,9.51,DFO,IC,2013,12,1.0,5256.0,49985.0,3416.4,6307.2,4204.8,2348.0,6.0,99.86,2238.56,12.34,0.58,11.77,operating
2025,"Power Depot Group A, LLC",Frankel,65540,FRA10,TX,Andrews,32.381434,-102.78282,0.6,9.51,DFO,IC,2013,12,1.0,5256.0,49985.0,3416.4,6307.2,4204.8,2348.0,6.0,99.86,2238.56,12.34,0.58,11.77,operating
2025,"Power Depot Group A, LLC",Frankel,65540,FRA11,TX,Andrews,32.381434,-102.78282,0.6,9.51,DFO,IC,2013,12,1.0,5256.0,49985.0,3416.4,6307.2,4204.8,2348.0,6.0,99.86,2238.56,12.34,0.58,11.77,operating
2025,"Power Depot Group A, LLC",Frankel,65540,FRA12,TX,Andrews,32.381434,-102.78282,0.6,9.51,DFO,IC,2013,12,1.0,5256.0,49985.0,3416.4,6307.2,4204.8,2348.0,6.0,99.86,2238.56,12.34,0.58,11.77,operating
2025,"Power Depot Group A, LLC",Frankel,65540,FRA13,TX,Andrews,32.381434,-102.78282,0.6,9.51,DFO,IC,2013,12,1.0,5256.0,49985.0,3416.4,6307.2,4204.8,2348.0,6.0,99.86,2238.56,12.34,0.58,11.77,operating
2025,"Power Depot Group A, LLC",Frankel,65540,FRA14,TX,Andrews,32.381434,-102.78282,0.6,9.51,DFO,IC,2013,12,1.0,5256.0,49985.0,3416.4,6307.2,4204.8,2348.0,6.0,99.86,2238.56,12.34,0.58,11.77,operating
2025,"Power Depot Group A, LLC",Frankel,65540,FRA15,TX,Andrews,32.381434,-102.78282,0.6,9.51,DFO,IC,2013,12,1.0,5256.0,49985.0,3416.4,6307.2,4204.8,2348.0,6.0,99.86,2238.56,12.34,0.58,11.77,operating
2025,"Power Depot Group A, LLC",Frankel,65540,FRA2,TX,Andrews,32.381434,-102.78282,0.6,9.51,DFO,IC,2013,12,1.0,5256.0,49985.0,3416.4,6307.2,4204.8,2348.0,6.0,99.86,2238.56,12.34,0.58,11.77,operating
2025,"Power Depot Group A, LLC",Frankel,65540,FRA3,TX,Andrews,32.381434,-102.78282,0.6,9.51,DFO,IC,2013,12,1.0,5256.0,49985.0,3416.4,6307.2,4204.8,2348.0,6.0,99.86,2238.56,12.34,0.58,11.77,operating
2025,"Power Depot Group A, LLC",Frankel,65540,FRA4,TX,Andrews,32.381434,-102.78282,0.6,9.51,DFO,IC,2013,12,1.0,5256.0,49985.0,3416.4,6307.2,4204.8,2348.0,6.0,99.86,2238.56,12.34,0.58,11.77,operating
2025,"Power Depot Group A, LLC",Frankel,65540,FRA5,TX,Andrews,32.381434,-102.78282,0.6,9.51,DFO,IC,2013,12,1.0,5256.0,49985.0,3416.4,6307.2,4204.8,2348.0,6.0,99.86,2238.56,12.34,0.58,11.77,operating
2025,"Power Depot Group A, LLC",Frankel,65540,FRA6,TX,Andrews,32.381434,-102.78282,0.6,9.51,DFO,IC,2013,12,1.0,5256.0,49985.0,3416.4,6307.2,4204.8,2348.0,6.0,99.86,2238.56,12.34,0.58,11.77,operating
2025,"Power Depot Group A, LLC",Frankel,65540,FRA7,TX,Andrews,32.381434,-102.78282,0.6,9.51,DFO,IC,2013,12,1.0,5256.0,49985.0,3416.4,6307.2,4204.8,2348.0,6.0,99.86,2238.56,12.34,0.58,11.77,operating
2025,"Power Depot Group A, LLC",Frankel,65540,FRA8,TX,Andrews,32.381434,-102.78282,0.6,9.51,DFO,IC,2013,12,1.0,5256.0,49985.0,3416.4,6307.2,4204.8,2348.0,6.0,99.86,2238.56,12.34,0.58,11.77,operating
2025,"Power Depot Group A, LLC",Frankel,65540,FRA9,TX,Andrews,32.381434,-102.78282,0.6,9.51,DFO,IC,2013,12,1.0,5256.0,49985.0,3416.4,6307.2,4204.8,2348.0,6.0,99.86,2238.56,12.34,0.58,11.77,operating
2025,"Power Depot Group A, LLC",Goldsmith,65542,GS1,TX,Ector,31.975269,-102.63501,0.6,9.51,DFO,IC,2013,12,1.0,5256.0,49985.0,3416.4,6307.2,4204.8,2348.0,6.0,99.86,2238.56,12.34,0.58,11.77,operating
2025,"Power Depot Group A, LLC",Goldsmith,65542,GS10,TX,Ector,31.975269,-102.63501,0.6,9.51,DFO,IC,2013,12,1.0,5256.0,49985.0,3416.4,6307.2,4204.8,2348.0,6.0,99.86,2238.56,12.34,0.58,11.77,operating
2025,"Power Depot Group A, LLC",Goldsmith,65542,GS11,TX,Ector,31.975269,-102.63501,0.6,9.51,DFO,IC,2013,12,1.0,5256.0,49985.0,3416.4,6307.2,4204.8,2348.0,6.0,99.86,2238.56,12.34,0.58,11.77,operating
2025,"Power Depot Group A, LLC",Goldsmith,65542,GS12,TX,Ector,31.975269,-102.63501,0.6,9.51,DFO,IC,2013,12,1.0,5256.0,49985.0,3416.4,6307.2,4204.8,2348.0,6.0,99.86,2238.56,12.34,0.58,11.77,operating
2025,"Power Depot Group A, LLC",Goldsmith,65542,GS13,TX,Ector,31.975269,-102.63501,0.6,9.51,DFO,IC,2013,12,1.0,5256.0,49985.0,3416.4,6307.2,4204.8,2348.0,6.0,99.86,2238.56,12.34,0.58,11.77,operating
2025,"Power Depot Group A, LLC",Goldsmith,65542,GS14,TX,Ector,31.975269,-102.63501,0.6,9.51,DFO,IC,2013,12,1.0,5256.0,49985.0,3416.4,6307.2,4204.8,2348.0,6.0,99.86,2238.56,12.34,0.58,11.77,operating
2025,"Power Depot Group A, LLC",Goldsmith,65542,GS15,TX,Ector,31.975269,-102.63501,0.6,9.51,DFO,IC,2013,12,1.0,5256.0,49985.0,3416.4,6307.2,4204.8,2348.0,6.0,99.86,2238.56,12.34,0.58,11.77,operating
2025,"Power Depot Group A, LLC",Goldsmith,65542,GS2,TX,Ector,31.975269,-102.63501,0.6,9.51,DFO,IC,2013,12,1.0,5256.0,49985.0,3416.4,6307.2,4204.8,2348.0,6.0,99.86,2238.56,12.34,0.58,11.77,operating
2025,"Power Depot Group A, LLC",Goldsmith,65542,GS3,TX,Ector,31.975269,-102.63501,0.6,9.51,DFO,IC,2013,12,1.0,5256.0,49985.0,3416.4,6307.2,4204.8,2348.0,6.0,99.86,2238.56,12.34,0.58,11.77,operating
2025,"Power Depot Group A, LLC",Goldsmith,65542,GS4,TX,Ector,31.975269,-102.63501,0.6,9.51,DFO,IC,2013,12,1.0,5256.0,49985.0,3416.4,6307.2,4204.8,2348.0,6.0,99.86,2238.56,12.34,0.58,11.77,operating
2025,"Power Depot Group A, LLC",Goldsmith,65542,GS5,TX,Ector,31.975269,-102.63501,0.6,9.51,DFO,IC,2013,12,1.0,5256.0,49985.0,3416.4,6307.2,4204.8,2348.0,6.0,99.86,2238.56,12.34,0.58,11.77,operating
2025,"Power Depot Group A, LLC",Goldsmith,65542,GS6,TX,Ector,31.975269,-102.63501,0.6,9.51,DFO,IC,2013,12,1.0,5256.0,49985.0,3416.4,6307.2,4204.8,2348.0,6.0,99.86,2238.56,12.34,0.58,11.77,operating
2025,"Power Depot Group A, LLC",Goldsmith,65542,GS7,TX,Ector,31.975269,-102.63501,0.6,9.51,DFO,IC,2013,12,1.0,5256.0,49985.0,3416.4,6307.2,4204.8,2348.0,6.0,99.86,2238.56,12.34,0.58,11.77,operating
2025,"Power Depot Group A, LLC",Goldsmith,65542,GS8,TX,Ector,31.975269,-102.63501,0.6,9.51,DFO,IC,2013,12,1.0,5256.0,49985.0,3416.4,6307.2,4204.8,2348.0,6.0,99.86,2238.56,12.34,0.58,11.77,operating
2025,"Power Depot Group A, LLC",Goldsmith,65542,GS9,TX,Ector,31.975269,-102.63501,0.6,9.51,DFO,IC,2013,12,1.0,5256.0,49985.0,3416.4,6307.2,4204.8,2348.0,6.0,99.86,2238.56,12.34,0.58,11.77,operating
2025,"Power Depot Group A, LLC",N. Mary Francis,65544,NMF1,TX,Ector,31.921616,-102.431039,0.6,9.52,DFO,IC,2013,12,1.0,5256.0,50037.0,3416.4,6307.2,4204.8,2348.0,6.0,99.96,2238.46,12.34,0.58,11.77,operating
2025,"Power Depot Group A, LLC",N. Mary Francis,65544,NMF10,TX,Ector,31.921616,-102.431039,0.6,9.52,DFO,IC,2013,12,1.0,5256.0,50037.0,3416.4,6307.2,4204.8,2348.0,6.0,99.96,2238.46,12.34,0.58,11.77,operating
2025,"Power Depot Group A, LLC",N. Mary Francis,65544,NMF11,TX,Ector,31.921616,-102.431039,0.6,9.52,DFO,IC,2013,12,1.0,5256.0,50037.0,3416.4,6307.2,4204.8,2348.0,6.0,99.96,2238.46,12.34,0.58,11.77,operating
2025,"Power Depot Group A, LLC",N. Mary Francis,65544,NMF12,TX,Ector,31.921616,-102.431039,0.6,9.52,DFO,IC,2013,12,1.0,5256.0,50037.0,3416.4,6307.2,4204.8,2348.0,6.0,99.96,2238.46,12.34,0.58,11.77,operating
2025,"Power Depot Group A, LLC",N. Mary Francis,65544,NMF13,TX,Ector,31.921616,-102.431039,0.6,9.52,DFO,IC,2013,12,1.0,5256.0,50037.0,3416.4,6307.2,4204.8,2348.0,6.0,99.96,2238.46,12.34,0.58,11.77,operating
2025,"Power Depot Group A, LLC",N. Mary Francis,65544,NMF14,TX,Ector,31.921616,-102.431039,0.6,9.52,DFO,IC,2013,12,1.0,5256.0,50037.0,3416.4,6307.2,4204.8,2348.0,6.0,99.96,2238.46,12.34,0.58,11.77,operating
2025,"Power Depot Group A, LLC",N. Mary Francis,65544,NMF15,TX,Ector,31.921616,-102.431039,0.6,9.52,DFO,IC,2013,12,1.0,5256.0,50037.0,3416.4,6307.2,4204.8,2348.0,6.0,99.96,2238.46,12.34,0.58,11.77,operating
2025,"Power Depot Group A, LLC",N. Mary Francis,65544,NMF2,TX,Ector,31.921616,-102.431039,0.6,9.52,DFO,IC,2013,12,1.0,5256.0,50037.0,3416.4,6307.2,4204.8,2348.0,6.0,99.96,2238.46,12.34,0.58,11.77,operating
2025,"Power Depot Group A, LLC",N. Mary Francis,65544,NMF3,TX,Ector,31.921616,-102.431039,0.6,9.52,DFO,IC,2013,12,1.0,5256.0,50037.0,3416.4,6307.2,4204.8,2348.0,6.0,99.96,2238.46,12.34,0.58,11.77,operating
2025,"Power Depot Group A, LLC",N. Mary Francis,65544,NMF4,TX,Ector,31.921616,-102.431039,0.6,9.52,DFO,IC,2013,12,1.0,5256.0,50037.0,3416.4,6307.2,4204.8,2348.0,6.0,99.96,2238.46,12.34,0.58,11.77,operating
2025,"Power Depot Group A, LLC",N. Mary Francis,65544,NMF5,TX,Ector,31.921616,-102.431039,0.6,9.52,DFO,IC,2013,12,1.0,5256.0,50037.0,3416.4,6307.2,4204.8,2348.0,6.0,99.96,2238.46,12.34,0.58,11.77,operating
2025,"Power Depot Group A, LLC",N. Mary Francis,65544,NMF6,TX,Ector,31.921616,-102.431039,0.6,9.52,DFO,IC,2013,12,1.0,5256.0,50037.0,3416.4,6307.2,4204.8,2348.0,6.0,99.96,2238.46,12.34,0.58,11.77,operating
2025,"Power Depot Group A, LLC",N. Mary Francis,65544,NMF7,TX,Ector,31.921616,-102.431039,0.6,9.52,DFO,IC,2013,12,1.0,5256.0,50037.0,3416.4,6307.2,4204.8,2348.0,6.0,99.96,2238.46,12.34,0.58,11.77,operating
2025,"Power Depot Group A, LLC",N. Mary Francis,65544,NMF8,TX,Ector,31.921616,-102.431039,0.6,9.52,DFO,IC,2013,12,1.0,5256.0,50037.0,3416.4,6307.2,4204.8,2348.0,6.0,99.96,2238.46,12.34,0.58,11.77,operating
2025,"Power Depot Group A, LLC",N. Mary Francis,65544,NMF9,TX,Ector,31.921616,-102.431039,0.6,9.52,DFO,IC,2013,12,1.0,5256.0,50037.0,3416.4,6307.2,4204.8,2348.0,6.0,99.96,2238.46,12.34,0.58,11.77,operating
2025,"Power Depot Group A, LLC",Southwick,65575,SW1,TX,Harris,29.59576,-95.36578,0.6,9.52,DFO,IC,2013,12,1.0,5256.0,50037.0,3416.4,6307.2,4204.8,-43.41,6.0,99.96,-152.95,-0.23,0.58,-0.8,stranded
2025,"Power Depot Group A, LLC",Southwick,65575,SW10,TX,Harris,29.59576,-95.36578,0.6,9.52,DFO,IC,2013,12,1.0,5256.0,50037.0,3416.4,6307.2,4204.8,-43.41,6.0,99.96,-152.95,-0.23,0.58,-0.8,stranded
2025,"Power Depot Group A, LLC",Southwick,65575,SW11,TX,Harris,29.59576,-95.36578,0.6,9.52,DFO,IC,2013,12,1.0,5256.0,50037.0,3416.4,6307.2,4204.8,-43.41,6.0,99.96,-152.95,-0.23,0.58,-0.8,stranded
2025,"Power Depot Group A, LLC",Southwick,65575,SW12,TX,Harris,29.59576,-95.36578,0.6,9.52,DFO,IC,2013,12,1.0,5256.0,50037.0,3416.4,6307.2,4204.8,-43.41,6.0,99.96,-152.95,-0.23,0.58,-0.8,stranded
2025,"Power Depot Group A, LLC",Southwick,65575,SW13,TX,Harris,29.59576,-95.36578,0.6,9.52,DFO,IC,2013,12,1.0,5256.0,50037.0,3416.4,6307.2,4204.8,-43.41,6.0,99.96,-152.95,-0.23,0.58,-0.8,stranded
2025,"Power Depot Group A, LLC",Southwick,65575,SW14,TX,Harris,29.59576,-95.36578,0.6,9.52,DFO,IC,2013,12,1.0,5256.0,50037.0,3416.4,6307.2,4204.8,-43.41,6.0,99.96,-152.95,-0.23,0.58,-0.8,stranded
2025,"Power Depot Group A, LLC",Southwick,65575,SW15,TX,Harris,29.59576,-95.36578,0.6,9.52,DFO,IC,2013,12,1.0,5256.0,50037.0,3416.4,6307.2,4204.8,-43.41,6.0,99.96,-152.95,-0.23,0.58,-0.8,stranded
2025,"Power Depot Group A, LLC",Southwick,65575,SW2,TX,Harris,29.59576,-95.36578,0.6,9.52,DFO,IC,2013,12,1.0,5256.0,50037.0,3416.4,6307.2,4204.8,-43.41,6.0,99.96,-152.95,-0.23,0.58,-0.8,stranded
2025,"Power Depot Group A, LLC",Southwick,65575,SW3,TX,Harris,29.59576,-95.36578,0.6,9.52,DFO,IC,2013,12,1.0,5256.0,50037.0,3416.4,6307.2,4204.8,-43.41,6.0,99.96,-152.95,-0.23,0.58,-0.8,stranded
2025,"Power Depot Group A, LLC",Southwick,65575,SW4,TX,Harris,29.59576,-95.36578,0.6,9.52,DFO,IC,2013,12,1.0,5256.0,50037.0,3416.4,6307.2,4204.8,-43.41,6.0,99.96,-152.95,-0.23,0.58,-0.8,stranded
2025,"Power Depot Group A, LLC",Southwick,65575,SW5,TX,Harris,29.59576,-95.36578,0.6,9.52,DFO,IC,2013,12,1.0,5256.0,50037.0,3416.4,6307.2,4204.8,-43.41,6.0,99.96,-152.95,-0.23,0.58,-0.8,stranded
2025,"Power Depot Group A, LLC",Southwick,65575,SW6,TX,Harris,29.59576,-95.36578,0.6,9.52,DFO,IC,2013,12,1.0,5256.0,50037.0,3416.4,6307.2,4204.8,-43.41,6.0,99.96,-152.95,-0.23,0.58,-0.8,stranded
2025,"Power Depot Group A, LLC",Southwick,65575,SW7,TX,Harris,29.59576,-95.36578,0.6,9.52,DFO,IC,2013,12,1.0,5256.0,50037.0,3416.4,6307.2,4204.8,-43.41,6.0,99.96,-152.95,-0.23,0.58,-0.8,stranded
2025,"Power Depot Group A, LLC",Southwick,65575,SW8,TX,Harris,29.59576,-95.36578,0.6,9.52,DFO,IC,2013,12,1.0,5256.0,50037.0,3416.4,6307.2,4204.8,-43.41,6.0,99.96,-152.95,-0.23,0.58,-0.8,stranded
2025,"Power Depot Group A, LLC",Southwick,65575,SW9,TX,Harris,29.59576,-95.36578,0.6,9.52,DFO,IC,2013,12,1.0,5256.0,50037.0,3416.4,6307.2,4204.8,-43.41,6.0,99.96,-152.95,-0.23,0.58,-0.8,stranded
2025,"Power Depot Group A, LLC",Santa Rosa,65574,SR1,TX,Cameron,26.23055,-97.82349,0.6,9.52,DFO,IC,2013,12,1.0,5256.0,50037.0,3416.4,6307.2,4204.8,-41.82,6.0,99.96,-151.36,-0.22,0.58,-0.8,stranded
2025,"Power Depot Group A, LLC",Santa Rosa,65574,SR10,TX,Cameron,26.23055,-97.82349,0.6,9.52,DFO,IC,2013,12,1.0,5256.0,50037.0,3416.4,6307.2,4204.8,-41.82,6.0,99.96,-151.36,-0.22,0.58,-0.8,stranded
2025,"Power Depot Group A, LLC",Santa Rosa,65574,SR11,TX,Cameron,26.23055,-97.82349,0.6,9.52,DFO,IC,2013,12,1.0,5256.0,50037.0,3416.4,6307.2,4204.8,-41.82,6.0,99.96,-151.36,-0.22,0.58,-0.8,stranded
2025,"Power Depot Group A, LLC",Santa Rosa,65574,SR12,TX,Cameron,26.23055,-97.82349,0.6,9.52,DFO,IC,2013,12,1.0,5256.0,50037.0,3416.4,6307.2,4204.8,-41.82,6.0,99.96,-151.36,-0.22,0.58,-0.8,stranded
2025,"Power Depot Group A, LLC",Santa Rosa,65574,SR13,TX,Cameron,26.23055,-97.82349,0.6,9.52,DFO,IC,2013,12,1.0,5256.0,50037.0,3416.4,6307.2,4204.8,-41.82,6.0,99.96,-151.36,-0.22,0.58,-0.8,stranded
2025,"Power Depot Group A, LLC",Santa Rosa,65574,SR14,TX,Cameron,26.23055,-97.82349,0.6,9.52,DFO,IC,2013,12,1.0,5256.0,50037.0,3416.4,6307.2,4204.8,-41.82,6.0,99.96,-151.36,-0.22,0.58,-0.8,stranded
2025,"Power Depot Group A, LLC",Santa Rosa,65574,SR15,TX,Cameron,26.23055,-97.82349,0.6,9.52,DFO,IC,2013,12,1.0,5256.0,50037.0,3416.4,6307.2,4204.8,-41.82,6.0,99.96,-151.36,-0.22,0.58,-0.8,stranded
2025,"Power Depot Group A, LLC",Santa Rosa,65574,SR2,TX,Cameron,26.23055,-97.82349,0.6,9.52,DFO,IC,2013,12,1.0,5256.0,50037.0,3416.4,6307.2,4204.8,-41.82,6.0,99.96,-151.36,-0.22,0.58,-0.8,stranded
2025,"Power Depot Group A, LLC",Santa Rosa,65574,SR3,TX,Cameron,26.23055,-97.82349,0.6,9.52,DFO,IC,2013,12,1.0,5256.0,50037.0,3416.4,6307.2,4204.8,-41.82,6.0,99.96,-151.36,-0.22,0.58,-0.8,stranded
2025,"Power Depot Group A, LLC",Santa Rosa,65574,SR4,TX,Cameron,26.23055,-97.82349,0.6,9.52,DFO,IC,2013,12,1.0,5256.0,50037.0,3416.4,6307.2,4204.8,-41.82,6.0,99.96,-151.36,-0.22,0.58,-0.8,stranded
2025,"Power Depot Group A, LLC",Santa Rosa,65574,SR5,TX,Cameron,26.23055,-97.82349,0.6,9.52,DFO,IC,2013,12,1.0,5256.0,50037.0,3416.4,6307.2,4204.8,-41.82,6.0,99.96,-151.36,-0.22,0.58,-0.8,stranded
2025,"Power Depot Group A, LLC",Santa Rosa,65574,SR6,TX,Cameron,26.23055,-97.82349,0.6,9.52,DFO,IC,2013,12,1.0,5256.0,50037.0,3416.4,6307.2,4204.8,-41.82,6.0,99.96,-151.36,-0.22,0.58,-0.8,stranded
2025,"Power Depot Group A, LLC",Santa Rosa,65574,SR7,TX,Cameron,26.23055,-97.82349,0.6,9.52,DFO,IC,2013,12,1.0,5256.0,50037.0,3416.4,6307.2,4204.8,-41.82,6.0,99.96,-151.36,-0.22,0.58,-0.8,stranded
2025,"Power Depot Group A, LLC",Santa Rosa,65574,SR8,TX,Cameron,26.23055,-97.82349,0.6,9.52,DFO,IC,2013,12,1.0,5256.0,50037.0,3416.4,6307.2,4204.8,-41.82,6.0,99.96,-151.36,-0.22,0.58,-0.8,stranded
2025,"Power Depot Group A, LLC",Santa Rosa,65574,SR9,TX,Cameron,26.23055,-97.82349,0.6,9.52,DFO,IC,2013,12,1.0,5256.0,50037.0,3416.4,6307.2,4204.8,-41.82,6.0,99.96,-151.36,-0.22,0.58,-0.8,stranded
2025,"Power Depot Group A, LLC",Clara,65537,CLA1,TX,Harris,29.845265,-95.553945,0.6,9.52,DFO,IC,2013,12,1.0,5256.0,50037.0,3416.4,6307.2,4204.8,-43.41,6.0,99.96,-152.95,-0.23,0.58,-0.8,stranded
2025,"Power Depot Group A, LLC",Clara,65537,CLA10,TX,Harris,29.845265,-95.553945,0.6,9.52,DFO,IC,2013,12,1.0,5256.0,50037.0,3416.4,6307.2,4204.8,-43.41,6.0,99.96,-152.95,-0.23,0.58,-0.8,stranded
2025,"Power Depot Group A, LLC",Clara,65537,CLA11,TX,Harris,29.845265,-95.553945,0.6,9.52,DFO,IC,2013,12,1.0,5256.0,50037.0,3416.4,6307.2,4204.8,-43.41,6.0,99.96,-152.95,-0.23,0.58,-0.8,stranded
2025,"Power Depot Group A, LLC",Clara,65537,CLA12,TX,Harris,29.845265,-95.553945,0.6,9.52,DFO,IC,2013,12,1.0,5256.0,50037.0,3416.4,6307.2,4204.8,-43.41,6.0,99.96,-152.95,-0.23,0.58,-0.8,stranded
2025,"Power Depot Group A, LLC",Clara,65537,CLA13,TX,Harris,29.845265,-95.553945,0.6,9.52,DFO,IC,2013,12,1.0,5256.0,50037.0,3416.4,6307.2,4204.8,-43.41,6.0,99.96,-152.95,-0.23,0.58,-0.8,stranded
2025,"Power Depot Group A, LLC",Clara,65537,CLA14,TX,Harris,29.845265,-95.553945,0.6,9.52,DFO,IC,2013,12,1.0,5256.0,50037.0,3416.4,6307.2,4204.8,-43.41,6.0,99.96,-152.95,-0.23,0.58,-0.8,stranded
2025,"Power Depot Group A, LLC",Clara,65537,CLA15,TX,Harris,29.845265,-95.553945,0.6,9.52,DFO,IC,2013,12,1.0,5256.0,50037.0,3416.4,6307.2,4204.8,-43.41,6.0,99.96,-152.95,-0.23,0.58,-0.8,stranded
2025,"Power Depot Group A, LLC",Clara,65537,CLA2,TX,Harris,29.845265,-95.553945,0.6,9.52,DFO,IC,2013,12,1.0,5256.0,50037.0,3416.4,6307.2,4204.8,-43.41,6.0,99.96,-152.95,-0.23,0.58,-0.8,stranded
2025,"Power Depot Group A, LLC",Clara,65537,CLA3,TX,Harris,29.845265,-95.553945,0.6,9.52,DFO,IC,2013,12,1.0,5256.0,50037.0,3416.4,6307.2,4204.8,-43.41,6.0,99.96,-152.95,-0.23,0.58,-0.8,stranded
2025,"Power Depot Group A, LLC",Clara,65537,CLA4,TX,Harris,29.845265,-95.553945,0.6,9.52,DFO,IC,2013,12,1.0,5256.0,50037.0,3416.4,6307.2,4204.8,-43.41,6.0,99.96,-152.95,-0.23,0.58,-0.8,stranded
2025,"Power Depot Group A, LLC",Clara,65537,CLA5,TX,Harris,29.845265,-95.553945,0.6,9.52,DFO,IC,2013,12,1.0,5256.0,50037.0,3416.4,6307.2,4204.8,-43.41,6.0,99.96,-152.95,-0.23,0.58,-0.8,stranded
2025,"Power Depot Group A, LLC",Clara,65537,CLA6,TX,Harris,29.845265,-95.553945,0.6,9.52,DFO,IC,2013,12,1.0,5256.0,50037.0,3416.4,6307.2,4204.8,-43.41,6.0,99.96,-152.95,-0.23,0.58,-0.8,stranded
2025,"Power Depot Group A, LLC",Clara,65537,CLA7,TX,Harris,29.845265,-95.553945,0.6,9.52,DFO,IC,2013,12,1.0,5256.0,50037.0,3416.4,6307.2,4204.8,-43.41,6.0,99.96,-152.95,-0.23,0.58,-0.8,stranded
2025,"Power Depot Group A, LLC",Clara,65537,CLA8,TX,Harris,29.845265,-95.553945,0.6,9.52,DFO,IC,2013,12,1.0,5256.0,50037.0,3416.4,6307.2,4204.8,-43.41,6.0,99.96,-152.95,-0.23,0.58,-0.8,stranded
2025,"Power Depot Group A, LLC",Clara,65537,CLA9,TX,Harris,29.845265,-95.553945,0.6,9.52,DFO,IC,2013,12,1.0,5256.0,50037.0,3416.4,6307.2,4204.8,-43.41,6.0,99.96,-152.95,-0.23,0.58,-0.8,stranded
2025,"Power Depot Group A, LLC",GCWA,65541,IPS1,TX,Galveston,29.380114,-94.953418,0.6,9.52,DFO,IC,2013,12,1.0,5256.0,50037.0,3416.4,6307.2,4204.8,-43.41,6.0,99.96,-152.95,-0.23,0.58,-0.8,stranded
2025,"Power Depot Group A, LLC",GCWA,65541,IPS2,TX,Galveston,29.380114,-94.953418,0.6,9.52,DFO,IC,2013,12,1.0,5256.0,50037.0,3416.4,6307.2,4204.8,-43.41,6.0,99.96,-152.95,-0.23,0.58,-0.8,stranded
2025,"Power Depot Group A, LLC",GCWA,65541,IPS3,TX,Galveston,29.380114,-94.953418,0.6,9.52,DFO,IC,2013,12,1.0,5256.0,50037.0,3416.4,6307.2,4204.8,-43.41,6.0,99.96,-152.95,-0.23,0.58,-0.8,stranded
2025,"Power Depot Group A, LLC",GCWA,65541,IPS4,TX,Galveston,29.380114,-94.953418,0.6,9.52,DFO,IC,2013,12,1.0,5256.0,50037.0,3416.4,6307.2,4204.8,-43.41,6.0,99.96,-152.95,-0.23,0.58,-0.8,stranded
2025,"Power Depot Group A, LLC",GCWA,65541,IPS5,TX,Galveston,29.380114,-94.953418,0.6,9.52,DFO,IC,2013,12,1.0,5256.0,50037.0,3416.4,6307.2,4204.8,-43.41,6.0,99.96,-152.95,-0.23,0.58,-0.8,stranded
2025,"Power Depot Group A, LLC",GCWA,65541,IPS6,TX,Galveston,29.380114,-94.953418,0.6,9.52,DFO,IC,2013,12,1.0,5256.0,50037.0,3416.4,6307.2,4204.8,-43.41,6.0,99.96,-152.95,-0.23,0.58,-0.8,stranded
2025,"Power Depot Group A, LLC",GCWA,65541,IPS7,TX,Galveston,29.380114,-94.953418,0.6,9.52,DFO,IC,2013,12,1.0,5256.0,50037.0,3416.4,6307.2,4204.8,-43.41,6.0,99.96,-152.95,-0.23,0.58,-0.8,stranded
2025,"Power Depot Group A, LLC",GCWA,65541,IPS8,TX,Galveston,29.380114,-94.953418,0.6,9.52,DFO,IC,2013,12,1.0,5256.0,50037.0,3416.4,6307.2,4204.8,-43.41,6.0,99.96,-152.95,-0.23,0.58,-0.8,stranded
2025,"Power Depot Group A, LLC",GCWA,65541,MUN1,TX,Galveston,29.380114,-94.953418,0.6,9.52,DFO,IC,2014,11,1.0,5256.0,50037.0,3416.4,6307.2,4204.8,-43.41,6.0,99.96,-152.95,-0.23,0.58,-0.8,stranded
2025,"Power Depot Group A, LLC",GCWA,65541,MUN2,TX,Galveston,29.380114,-94.953418,0.6,9.52,DFO,IC,2014,11,1.0,5256.0,50037.0,3416.4,6307.2,4204.8,-43.41,6.0,99.96,-152.95,-0.23,0.58,-0.8,stranded
2025,"Power Depot Group A, LLC",GCWA,65541,MUN3,TX,Galveston,29.380114,-94.953418,0.6,9.52,DFO,IC,2014,11,1.0,5256.0,50037.0,3416.4,6307.2,4204.8,-43.41,6.0,99.96,-152.95,-0.23,0.58,-0.8,stranded
2025,"Power Depot Group A, LLC",GCWA,65541,MUN4,TX,Galveston,29.380114,-94.953418,0.6,9.52,DFO,IC,2014,11,1.0,5256.0,50037.0,3416.4,6307.2,4204.8,-43.41,6.0,99.96,-152.95,-0.23,0.58,-0.8,stranded
2025,"Power Depot Group A, LLC",Stonegate,65576,STG1,TX,Fort Bend,29.785353,-95.875497,0.6,9.54,DFO,IC,2013,12,1.0,5256.0,50142.0,3416.4,6307.2,4204.8,-43.41,6.0,100.17,-153.16,-0.23,0.58,-0.8,stranded
2025,"Power Depot Group A, LLC",Stonegate,65576,STG10,TX,Fort Bend,29.785353,-95.875497,0.6,9.54,DFO,IC,2013,12,1.0,5256.0,50142.0,3416.4,6307.2,4204.8,-43.41,6.0,100.17,-153.16,-0.23,0.58,-0.8,stranded
2025,"Power Depot Group A, LLC",Stonegate,65576,STG11,TX,Fort Bend,29.785353,-95.875497,0.6,9.54,DFO,IC,2013,12,1.0,5256.0,50142.0,3416.4,6307.2,4204.8,-43.41,6.0,100.17,-153.16,-0.23,0.58,-0.8,stranded
2025,"Power Depot Group A, LLC",Stonegate,65576,STG12,TX,Fort Bend,29.785353,-95.875497,0.6,9.54,DFO,IC,2013,12,1.0,5256.0,50142.0,3416.4,6307.2,4204.8,-43.41,6.0,100.17,-153.16,-0.23,0.58,-0.8,stranded
2025,"Power Depot Group A, LLC",Stonegate,65576,STG13,TX,Fort Bend,29.785353,-95.875497,0.6,9.54,DFO,IC,2013,12,1.0,5256.0,50142.0,3416.4,6307.2,4204.8,-43.41,6.0,100.17,-153.16,-0.23,0.58,-0.8,stranded
2025,"Power Depot Group A, LLC",Stonegate,65576,STG14,TX,Fort Bend,29.785353,-95.875497,0.6,9.54,DFO,IC,2013,12,1.0,5256.0,50142.0,3416.4,6307.2,4204.8,-43.41,6.0,100.17,-153.16,-0.23,0.58,-0.8,stranded
2025,"Power Depot Group A, LLC",Stonegate,65576,STG15,TX,Fort Bend,29.785353,-95.875497,0.6,9.54,DFO,IC,2013,12,1.0,5256.0,50142.0,3416.4,6307.2,4204.8,-43.41,6.0,100.17,-153.16,-0.23,0.58,-0.8,stranded
2025,"Power Depot Group A, LLC",Stonegate,65576,STG2,TX,Fort Bend,29.785353,-95.875497,0.6,9.54,DFO,IC,2013,12,1.0,5256.0,50142.0,3416.4,6307.2,4204.8,-43.41,6.0,100.17,-153.16,-0.23,0.58,-0.8,stranded
2025,"Power Depot Group A, LLC",Stonegate,65576,STG3,TX,Fort Bend,29.785353,-95.875497,0.6,9.54,DFO,IC,2013,12,1.0,5256.0,50142.0,3416.4,6307.2,4204.8,-43.41,6.0,100.17,-153.16,-0.23,0.58,-0.8,stranded
2025,"Power Depot Group A, LLC",Stonegate,65576,STG4,TX,Fort Bend,29.785353,-95.875497,0.6,9.54,DFO,IC,2013,12,1.0,5256.0,50142.0,3416.4,6307.2,4204.8,-43.41,6.0,100.17,-153.16,-0.23,0.58,-0.8,stranded
2025,"Power Depot Group A, LLC",Stonegate,65576,STG5,TX,Fort Bend,29.785353,-95.875497,0.6,9.54,DFO,IC,2013,12,1.0,5256.0,50142.0,3416.4,6307.2,4204.8,-43.41,6.0,100.17,-153.16,-0.23,0.58,-0.8,stranded
2025,"Power Depot Group A, LLC",Stonegate,65576,STG6,TX,Fort Bend,29.785353,-95.875497,0.6,9.54,DFO,IC,2013,12,1.0,5256.0,50142.0,3416.4,6307.2,4204.8,-43.41,6.0,100.17,-153.16,-0.23,0.58,-0.8,stranded
2025,"Power Depot Group A, LLC",Stonegate,65576,STG7,TX,Fort Bend,29.785353,-95.875497,0.6,9.54,DFO,IC,2013,12,1.0,5256.0,50142.0,3416.4,6307.2,4204.8,-43.41,6.0,100.17,-153.16,-0.23,0.58,-0.8,stranded
2025,"Power Depot Group A, LLC",Stonegate,65576,STG8,TX,Fort Bend,29.785353,-95.875497,0.6,9.54,DFO,IC,2013,12,1.0,5256.0,50142.0,3416.4,6307.2,4204.8,-43.41,6.0,100.17,-153.16,-0.23,0.58,-0.8,stranded
2025,"Power Depot Group A, LLC",Stonegate,65576,STG9,TX,Fort Bend,29.785353,-95.875497,0.6,9.54,DFO,IC,2013,12,1.0,5256.0,50142.0,3416.4,6307.2,4204.8,-43.41,6.0,100.17,-153.16,-0.23,0.58,-0.8,stranded
2025,"Power Depot Group A, LLC",Mckeever,65543,MK1,TX,Fort Bend,29.508402,-95.479339,0.6,9.55,DFO,IC,2013,12,1.0,5256.0,50195.0,3416.4,6307.2,4204.8,-43.41,6.0,100.28,-153.26,-0.23,0.58,-0.81,stranded
2025,"Power Depot Group A, LLC",Mckeever,65543,MK10,TX,Fort Bend,29.508402,-95.479339,0.6,9.55,DFO,IC,2013,12,1.0,5256.0,50195.0,3416.4,6307.2,4204.8,-43.41,6.0,100.28,-153.26,-0.23,0.58,-0.81,stranded
2025,"Power Depot Group A, LLC",Mckeever,65543,MK11,TX,Fort Bend,29.508402,-95.479339,0.6,9.55,DFO,IC,2013,12,1.0,5256.0,50195.0,3416.4,6307.2,4204.8,-43.41,6.0,100.28,-153.26,-0.23,0.58,-0.81,stranded
2025,"Power Depot Group A, LLC",Mckeever,65543,MK12,TX,Fort Bend,29.508402,-95.479339,0.6,9.55,DFO,IC,2013,12,1.0,5256.0,50195.0,3416.4,6307.2,4204.8,-43.41,6.0,100.28,-153.26,-0.23,0.58,-0.81,stranded
2025,"Power Depot Group A, LLC",Mckeever,65543,MK13,TX,Fort Bend,29.508402,-95.479339,0.6,9.55,DFO,IC,2013,12,1.0,5256.0,50195.0,3416.4,6307.2,4204.8,-43.41,6.0,100.28,-153.26,-0.23,0.58,-0.81,stranded
2025,"Power Depot Group A, LLC",Mckeever,65543,MK14,TX,Fort Bend,29.508402,-95.479339,0.6,9.55,DFO,IC,2013,12,1.0,5256.0,50195.0,3416.4,6307.2,4204.8,-43.41,6.0,100.28,-153.26,-0.23,0.58,-0.81,stranded
2025,"Power Depot Group A, LLC",Mckeever,65543,MK15,TX,Fort Bend,29.508402,-95.479339,0.6,9.55,DFO,IC,2013,12,1.0,5256.0,50195.0,3416.4,6307.2,4204.8,-43.41,6.0,100.28,-153.26,-0.23,0.58,-0.81,stranded
2025,"Power Depot Group A, LLC",Mckeever,65543,MK2,TX,Fort Bend,29.508402,-95.479339,0.6,9.55,DFO,IC,2013,12,1.0,5256.0,50195.0,3416.4,6307.2,4204.8,-43.41,6.0,100.28,-153.26,-0.23,0.58,-0.81,stranded
2025,"Power Depot Group A, LLC",Mckeever,65543,MK3,TX,Fort Bend,29.508402,-95.479339,0.6,9.55,DFO,IC,2013,12,1.0,5256.0,50195.0,3416.4,6307.2,4204.8,-43.41,6.0,100.28,-153.26,-0.23,0.58,-0.81,stranded
2025,"Power Depot Group A, LLC",Mckeever,65543,MK4,TX,Fort Bend,29.508402,-95.479339,0.6,9.55,DFO,IC,2013,12,1.0,5256.0,50195.0,3416.4,6307.2,4204.8,-43.41,6.0,100.28,-153.26,-0.23,0.58,-0.81,stranded
2025,"Power Depot Group A, LLC",Mckeever,65543,MK5,TX,Fort Bend,29.508402,-95.479339,0.6,9.55,DFO,IC,2013,12,1.0,5256.0,50195.0,3416.4,6307.2,4204.8,-43.41,6.0,100.28,-153.26,-0.23,0.58,-0.81,stranded
2025,"Power Depot Group A, LLC",Mckeever,65543,MK6,TX,Fort Bend,29.508402,-95.479339,0.6,9.55,DFO,IC,2013,12,1.0,5256.0,50195.0,3416.4,6307.2,4204.8,-43.41,6.0,100.28,-153.26,-0.23,0.58,-0.81,stranded
2025,"Power Depot Group A, LLC",Mckeever,65543,MK7,TX,Fort Bend,29.508402,-95.479339,0.6,9.55,DFO,IC,2013,12,1.0,5256.0,50195.0,3416.4,6307.2,4204.8,-43.41,6.0,100.28,-153.26,-0.23,0.58,-0.81,stranded
2025,"Power Depot Group A, LLC",Mckeever,65543,MK8,TX,Fort Bend,29.508402,-95.479339,0.6,9.55,DFO,IC,2013,12,1.0,5256.0,50195.0,3416.4,6307.2,4204.8,-43.41,6.0,100.28,-153.26,-0.23,0.58,-0.81,stranded
2025,"Power Depot Group A, LLC",Mckeever,65543,MK9,TX,Fort Bend,29.508402,-95.479339,0.6,9.55,DFO,IC,2013,12,1.0,5256.0,50195.0,3416.4,6307.2,4204.8,-43.41,6.0,100.28,-153.26,-0.23,0.58,-0.81,stranded
2025,"Power Depot Group A, LLC",Ridge Rd,65573,RR1,TX,Hidalgo,26.16815,-98.09831,0.6,9.56,DFO,IC,2013,12,1.0,5256.0,50247.0,3416.4,6307.2,4204.8,-41.82,6.0,100.38,-151.78,-0.22,0.58,-0.8,stranded
2025,"Power Depot Group A, LLC",Ridge Rd,65573,RR10,TX,Hidalgo,26.16815,-98.09831,0.6,9.56,DFO,IC,2013,12,1.0,5256.0,50247.0,3416.4,6307.2,4204.8,-41.82,6.0,100.38,-151.78,-0.22,0.58,-0.8,stranded
2025,"Power Depot Group A, LLC",Ridge Rd,65573,RR11,TX,Hidalgo,26.16815,-98.09831,0.6,9.56,DFO,IC,2013,12,1.0,5256.0,50247.0,3416.4,6307.2,4204.8,-41.82,6.0,100.38,-151.78,-0.22,0.58,-0.8,stranded
2025,"Power Depot Group A, LLC",Ridge Rd,65573,RR12,TX,Hidalgo,26.16815,-98.09831,0.6,9.56,DFO,IC,2013,12,1.0,5256.0,50247.0,3416.4,6307.2,4204.8,-41.82,6.0,100.38,-151.78,-0.22,0.58,-0.8,stranded
2025,"Power Depot Group A, LLC",Ridge Rd,65573,RR13,TX,Hidalgo,26.16815,-98.09831,0.6,9.56,DFO,IC,2013,12,1.0,5256.0,50247.0,3416.4,6307.2,4204.8,-41.82,6.0,100.38,-151.78,-0.22,0.58,-0.8,stranded
2025,"Power Depot Group A, LLC",Ridge Rd,65573,RR14,TX,Hidalgo,26.16815,-98.09831,0.6,9.56,DFO,IC,2013,12,1.0,5256.0,50247.0,3416.4,6307.2,4204.8,-41.82,6.0,100.38,-151.78,-0.22,0.58,-0.8,stranded
2025,"Power Depot Group A, LLC",Ridge Rd,65573,RR15,TX,Hidalgo,26.16815,-98.09831,0.6,9.56,DFO,IC,2013,12,1.0,5256.0,50247.0,3416.4,6307.2,4204.8,-41.82,6.0,100.38,-151.78,-0.22,0.58,-0.8,stranded
2025,"Power Depot Group A, LLC",Ridge Rd,65573,RR2,TX,Hidalgo,26.16815,-98.09831,0.6,9.56,DFO,IC,2013,12,1.0,5256.0,50247.0,3416.4,6307.2,4204.8,-41.82,6.0,100.38,-151.78,-0.22,0.58,-0.8,stranded
2025,"Power Depot Group A, LLC",Ridge Rd,65573,RR3,TX,Hidalgo,26.16815,-98.09831,0.6,9.56,DFO,IC,2013,12,1.0,5256.0,50247.0,3416.4,6307.2,4204.8,-41.82,6.0,100.38,-151.78,-0.22,0.58,-0.8,stranded
2025,"Power Depot Group A, LLC",Ridge Rd,65573,RR4,TX,Hidalgo,26.16815,-98.09831,0.6,9.56,DFO,IC,2013,12,1.0,5256.0,50247.0,3416.4,6307.2,4204.8,-41.82,6.0,100.38,-151.78,-0.22,0.58,-0.8,stranded
2025,"Power Depot Group A, LLC",Ridge Rd,65573,RR5,TX,Hidalgo,26.16815,-98.09831,0.6,9.56,DFO,IC,2013,12,1.0,5256.0,50247.0,3416.4,6307.2,4204.8,-41.82,6.0,100.38,-151.78,-0.22,0.58,-0.8,stranded
2025,"Power Depot Group A, LLC",Ridge Rd,65573,RR6,TX,Hidalgo,26.16815,-98.09831,0.6,9.56,DFO,IC,2013,12,1.0,5256.0,50247.0,3416.4,6307.2,4204.8,-41.82,6.0,100.38,-151.78,-0.22,0.58,-0.8,stranded
2025,"Power Depot Group A, LLC",Ridge Rd,65573,RR7,TX,Hidalgo,26.16815,-98.09831,0.6,9.56,DFO,IC,2013,12,1.0,5256.0,50247.0,3416.4,6307.2,4204.8,-41.82,6.0,100.38,-151.78,-0.22,0.58,-0.8,stranded
2025,"Power Depot Group A, LLC",Ridge Rd,65573,RR8,TX,Hidalgo,26.16815,-98.09831,0.6,9.56,DFO,IC,2013,12,1.0,5256.0,50247.0,3416.4,6307.2,4204.8,-41.82,6.0,100.38,-151.78,-0.22,0.58,-0.8,stranded
2025,"Power Depot Group A, LLC",Ridge Rd,65573,RR9,TX,Hidalgo,26.16815,-98.09831,0.6,9.56,DFO,IC,2013,12,1.0,5256.0,50247.0,3416.4,6307.2,4204.8,-41.82,6.0,100.38,-151.78,-0.22,0.58,-0.8,stranded
2025,"Power Depot Group A, LLC",Citrus City,65536,CC1,TX,Hidalgo,26.320997,-98.351744,0.6,9.56,DFO,IC,2013,12,1.0,5256.0,50247.0,3416.4,6307.2,4204.8,-41.82,6.0,100.38,-151.78,-0.22,0.58,-0.8,stranded
2025,"Power Depot Group A, LLC",Citrus City,65536,CC10,TX,Hidalgo,26.320997,-98.351744,0.6,9.56,DFO,IC,2013,12,1.0,5256.0,50247.0,3416.4,6307.2,4204.8,-41.82,6.0,100.38,-151.78,-0.22,0.58,-0.8,stranded
2025,"Power Depot Group A, LLC",Citrus City,65536,CC11,TX,Hidalgo,26.320997,-98.351744,0.6,9.56,DFO,IC,2013,12,1.0,5256.0,50247.0,3416.4,6307.2,4204.8,-41.82,6.0,100.38,-151.78,-0.22,0.58,-0.8,stranded
2025,"Power Depot Group A, LLC",Citrus City,65536,CC12,TX,Hidalgo,26.320997,-98.351744,0.6,9.56,DFO,IC,2013,12,1.0,5256.0,50247.0,3416.4,6307.2,4204.8,-41.82,6.0,100.38,-151.78,-0.22,0.58,-0.8,stranded
2025,"Power Depot Group A, LLC",Citrus City,65536,CC13,TX,Hidalgo,26.320997,-98.351744,0.6,9.56,DFO,IC,2013,12,1.0,5256.0,50247.0,3416.4,6307.2,4204.8,-41.82,6.0,100.38,-151.78,-0.22,0.58,-0.8,stranded
2025,"Power Depot Group A, LLC",Citrus City,65536,CC14,TX,Hidalgo,26.320997,-98.351744,0.6,9.56,DFO,IC,2013,12,1.0,5256.0,50247.0,3416.4,6307.2,4204.8,-41.82,6.0,100.38,-151.78,-0.22,0.58,-0.8,stranded
2025,"Power Depot Group A, LLC",Citrus City,65536,CC15,TX,Hidalgo,26.320997,-98.351744,0.6,9.56,DFO,IC,2013,12,1.0,5256.0,50247.0,3416.4,6307.2,4204.8,-41.82,6.0,100.38,-151.78,-0.22,0.58,-0.8,stranded
2025,"Power Depot Group A, LLC",Citrus City,65536,CC2,TX,Hidalgo,26.320997,-98.351744,0.6,9.56,DFO,IC,2013,12,1.0,5256.0,50247.0,3416.4,6307.2,4204.8,-41.82,6.0,100.38,-151.78,-0.22,0.58,-0.8,stranded
2025,"Power Depot Group A, LLC",Citrus City,65536,CC3,TX,Hidalgo,26.320997,-98.351744,0.6,9.56,DFO,IC,2013,12,1.0,5256.0,50247.0,3416.4,6307.2,4204.8,-41.82,6.0,100.38,-151.78,-0.22,0.58,-0.8,stranded
2025,"Power Depot Group A, LLC",Citrus City,65536,CC4,TX,Hidalgo,26.320997,-98.351744,0.6,9.56,DFO,IC,2013,12,1.0,5256.0,50247.0,3416.4,6307.2,4204.8,-41.82,6.0,100.38,-151.78,-0.22,0.58,-0.8,stranded
2025,"Power Depot Group A, LLC",Citrus City,65536,CC5,TX,Hidalgo,26.320997,-98.351744,0.6,9.56,DFO,IC,2013,12,1.0,5256.0,50247.0,3416.4,6307.2,4204.8,-41.82,6.0,100.38,-151.78,-0.22,0.58,-0.8,stranded
2025,"Power Depot Group A, LLC",Citrus City,65536,CC6,TX,Hidalgo,26.320997,-98.351744,0.6,9.56,DFO,IC,2013,12,1.0,5256.0,50247.0,3416.4,6307.2,4204.8,-41.82,6.0,100.38,-151.78,-0.22,0.58,-0.8,stranded
2025,"Power Depot Group A, LLC",Citrus City,65536,CC7,TX,Hidalgo,26.320997,-98.351744,0.6,9.56,DFO,IC,2013,12,1.0,5256.0,50247.0,3416.4,6307.2,4204.8,-41.82,6.0,100.38,-151.78,-0.22,0.58,-0.8,stranded
2025,"Power Depot Group A, LLC",Citrus City,65536,CC8,TX,Hidalgo,26.320997,-98.351744,0.6,9.56,DFO,IC,2013,12,1.0,5256.0,50247.0,3416.4,6307.2,4204.8,-41.82,6.0,100.38,-151.78,-0.22,0.58,-0.8,stranded
2025,"Power Depot Group A, LLC",Citrus City,65536,CC9,TX,Hidalgo,26.320997,-98.351744,0.6,9.56,DFO,IC,2013,12,1.0,5256.0,50247.0,3416.4,6307.2,4204.8,-41.82,6.0,100.38,-151.78,-0.22,0.58,-0.8,stranded
2025,"Walmart Stores Texas, LLC",WAL202,64770,GEN1,TX,Collin,33.100353,-96.800708,1.3,9.56,DFO,IC,2020,5,1.0,11388.0,108869.0,7402.2,13665.6,9110.4,-41.82,6.0,100.38,-151.78,-0.48,1.25,-1.73,stranded
2025,"Power Depot Group A, LLC",Vaquero,65579,VQ1,TX,Cameron,26.168074,-97.654049,0.6,9.57,DFO,IC,2013,12,1.0,5256.0,50300.0,3416.4,6307.2,4204.8,-41.82,6.0,100.48,-151.89,-0.22,0.58,-0.8,stranded
2025,"Power Depot Group A, LLC",Vaquero,65579,VQ10,TX,Cameron,26.168074,-97.654049,0.6,9.57,DFO,IC,2013,12,1.0,5256.0,50300.0,3416.4,6307.2,4204.8,-41.82,6.0,100.48,-151.89,-0.22,0.58,-0.8,stranded
2025,"Power Depot Group A, LLC",Vaquero,65579,VQ11,TX,Cameron,26.168074,-97.654049,0.6,9.57,DFO,IC,2013,12,1.0,5256.0,50300.0,3416.4,6307.2,4204.8,-41.82,6.0,100.48,-151.89,-0.22,0.58,-0.8,stranded
2025,"Power Depot Group A, LLC",Vaquero,65579,VQ12,TX,Cameron,26.168074,-97.654049,0.6,9.57,DFO,IC,2013,12,1.0,5256.0,50300.0,3416.4,6307.2,4204.8,-41.82,6.0,100.48,-151.89,-0.22,0.58,-0.8,stranded
2025,"Power Depot Group A, LLC",Vaquero,65579,VQ13,TX,Cameron,26.168074,-97.654049,0.6,9.57,DFO,IC,2013,12,1.0,5256.0,50300.0,3416.4,6307.2,4204.8,-41.82,6.0,100.48,-151.89,-0.22,0.58,-0.8,stranded
2025,"Power Depot Group A, LLC",Vaquero,65579,VQ14,TX,Cameron,26.168074,-97.654049,0.6,9.57,DFO,IC,2013,12,1.0,5256.0,50300.0,3416.4,6307.2,4204.8,-41.82,6.0,100.48,-151.89,-0.22,0.58,-0.8,stranded
2025,"Power Depot Group A, LLC",Vaquero,65579,VQ15,TX,Cameron,26.168074,-97.654049,0.6,9.57,DFO,IC,2013,12,1.0,5256.0,50300.0,3416.4,6307.2,4204.8,-41.82,6.0,100.48,-151.89,-0.22,0.58,-0.8,stranded
2025,"Power Depot Group A, LLC",Vaquero,65579,VQ2,TX,Cameron,26.168074,-97.654049,0.6,9.57,DFO,IC,2013,12,1.0,5256.0,50300.0,3416.4,6307.2,4204.8,-41.82,6.0,100.48,-151.89,-0.22,0.58,-0.8,stranded
2025,"Power Depot Group A, LLC",Vaquero,65579,VQ3,TX,Cameron,26.168074,-97.654049,0.6,9.57,DFO,IC,2013,12,1.0,5256.0,50300.0,3416.4,6307.2,4204.8,-41.82,6.0,100.48,-151.89,-0.22,0.58,-0.8,stranded
2025,"Power Depot Group A, LLC",Vaquero,65579,VQ4,TX,Cameron,26.168074,-97.654049,0.6,9.57,DFO,IC,2013,12,1.0,5256.0,50300.0,3416.4,6307.2,4204.8,-41.82,6.0,100.48,-151.89,-0.22,0.58,-0.8,stranded
2025,"Power Depot Group A, LLC",Vaquero,65579,VQ5,TX,Cameron,26.168074,-97.654049,0.6,9.57,DFO,IC,2013,12,1.0,5256.0,50300.0,3416.4,6307.2,4204.8,-41.82,6.0,100.48,-151.89,-0.22,0.58,-0.8,stranded
2025,"Power Depot Group A, LLC",Vaquero,65579,VQ6,TX,Cameron,26.168074,-97.654049,0.6,9.57,DFO,IC,2013,12,1.0,5256.0,50300.0,3416.4,6307.2,4204.8,-41.82,6.0,100.48,-151.89,-0.22,0.58,-0.8,stranded
2025,"Power Depot Group A, LLC",Vaquero,65579,VQ7,TX,Cameron,26.168074,-97.654049,0.6,9.57,DFO,IC,2013,12,1.0,5256.0,50300.0,3416.4,6307.2,4204.8,-41.82,6.0,100.48,-151.89,-0.22,0.58,-0.8,stranded
2025,"Power Depot Group A, LLC",Vaquero,65579,VQ8,TX,Cameron,26.168074,-97.654049,0.6,9.57,DFO,IC,2013,12,1.0,5256.0,50300.0,3416.4,6307.2,4204.8,-41.82,6.0,100.48,-151.89,-0.22,0.58,-0.8,stranded
2025,"Power Depot Group A, LLC",Vaquero,65579,VQ9,TX,Cameron,26.168074,-97.654049,0.6,9.57,DFO,IC,2013,12,1.0,5256.0,50300.0,3416.4,6307.2,4204.8,-41.82,6.0,100.48,-151.89,-0.22,0.58,-0.8,stranded
2025,Luminant Generation Company LLC,Morgan Creek,3492,CT1,TX,Mitchell,32.3358,-100.9156,89.4,9.79,DFO,GT,1988,37,1.0,783144.0,7666980.0,509043.6,939772.8,626515.2,2348.0,6.0,102.79,2235.62,1838.82,88.0,1750.82,operating
2025,Luminant Generation Company LLC,Morgan Creek,3492,CT2,TX,Mitchell,32.3358,-100.9156,89.4,9.79,DFO,GT,1988,37,1.0,783144.0,7666980.0,509043.6,939772.8,626515.2,2348.0,6.0,102.79,2235.62,1838.82,88.0,1750.82,operating
2025,Luminant Generation Company LLC,Morgan Creek,3492,CT3,TX,Mitchell,32.3358,-100.9156,89.4,9.79,DFO,GT,1988,37,1.0,783144.0,7666980.0,509043.6,939772.8,626515.2,2348.0,6.0,102.79,2235.62,1838.82,88.0,1750.82,operating
2025,Luminant Generation Company LLC,Morgan Creek,3492,CT4,TX,Mitchell,32.3358,-100.9156,89.4,9.79,DFO,GT,1988,37,1.0,783144.0,7666980.0,509043.6,939772.8,626515.2,2348.0,6.0,102.79,2235.62,1838.82,88.0,1750.82,operating
2025,Luminant Generation Company LLC,Morgan Creek,3492,CT5,TX,Mitchell,32.3358,-100.9156,89.4,9.79,DFO,GT,1988,37,1.0,783144.0,7666980.0,509043.6,939772.8,626515.2,2348.0,6.0,102.79,2235.62,1838.82,88.0,1750.82,operating
2025,Luminant Generation Company LLC,Morgan Creek,3492,CT6,TX,Mitchell,32.3358,-100.9156,89.4,9.79,DFO,GT,1988,37,1.0,783144.0,7666980.0,509043.6,939772.8,626515.2,2348.0,6.0,102.79,2235.62,1838.82,88.0,1750.82,operating
2025,ClearGen LLC,"CG PS Victoria WWTP, LLC",66992,VWWTP,TX,Victoria,28.79346,-97.01223,1.3,9.94,DFO,IC,2020,5,1.0,11388.0,113197.0,7402.2,13665.6,9110.4,3609.72,6.0,104.37,3495.77,41.11,1.3,39.81,operating
2025,Pasadena Refining System Inc,PRSI FCC Generator,58069,55M1,TX,Harris,29.723333,-95.210278,4.7,10.5,PC,ST,1979,46,1.0,41172.0,432306.0,26761.8,49406.4,32937.6,-43.41,6.0,110.25,-163.24,-1.79,4.93,-6.72,stranded
2025,Vitro Architectural Glass,Works 4,54364,L1G,TX,Wichita,34.003489,-98.553539,2.0,10.58,DFO,IC,1975,50,1.0,17520.0,185362.0,11388.0,21024.0,14016.0,-41.82,6.0,111.09,-162.49,-0.73,2.11,-2.85,stranded
2025,Vitro Architectural Glass,Works 4,54364,L1PG,TX,Wichita,34.003489,-98.553539,0.9,10.58,DFO,IC,1980,45,1.0,7884.0,83413.0,5124.6,9460.8,6307.2,-41.82,6.0,111.09,-162.49,-0.33,0.95,-1.28,stranded
2025,Vitro Architectural Glass,Works 4,54364,L2G,TX,Wichita,34.003489,-98.553539,2.0,10.58,DFO,IC,1974,51,1.0,17520.0,185362.0,11388.0,21024.0,14016.0,-41.82,6.0,111.09,-162.49,-0.73,2.11,-2.85,stranded
2025,Luminant Generation Company LLC,Trinidad (TX),3507,D1,TX,Henderson,32.124519,-96.101277,2.0,11.26,DFO,IC,1966,59,1.0,17520.0,197275.0,11388.0,21024.0,14016.0,-41.82,6.0,118.23,-169.63,-0.73,2.24,-2.97,stranded
2025,Luminant Generation Company LLC,Trinidad (TX),3507,D2,TX,Henderson,32.124519,-96.101277,2.0,11.26,DFO,IC,1966,59,1.0,17520.0,197275.0,11388.0,21024.0,14016.0,-41.82,6.0,118.23,-169.63,-0.73,2.24,-2.97,stranded
2025,Seadrift Coke L P,Seadrift Coke LP,10167,GEN1,TX,Calhoun,28.513929,-96.794154,7.6,11.37,PC,ST,1983,42,1.0,66576.0,756969.0,43274.4,79891.2,53260.8,3609.72,6.0,119.38,3480.76,240.32,8.59,231.73,operating
2025,Brownsville Public Utilities Board,Silas Ray,3559,DG-3a,TX,Cameron,25.9131,-97.5214,1.3,11.79,DFO,IC,2001,24,1.0,11388.0,134265.0,7402.2,13665.6,9110.4,-41.82,6.0,123.79,-175.2,-0.48,1.52,-2.0,stranded
2025,Brownsville Public Utilities Board,Silas Ray,3559,DG-3b,TX,Cameron,25.9131,-97.5214,1.3,11.79,DFO,IC,2001,24,1.0,11388.0,134265.0,7402.2,13665.6,9110.4,-41.82,6.0,123.79,-175.2,-0.48,1.52,-2.0,stranded
2025,Brownsville Public Utilities Board,Silas Ray,3559,DG-4,TX,Cameron,25.9131,-97.5214,1.3,11.79,DFO,IC,2001,24,1.0,11388.0,134265.0,7402.2,13665.6,9110.4,-41.82,6.0,123.79,-175.2,-0.48,1.52,-2.0,stranded
2025,Brownsville Public Utilities Board,Silas Ray,3559,DG-6a,TX,Cameron,25.9131,-97.5214,1.3,11.79,DFO,IC,2001,24,1.0,11388.0,134265.0,7402.2,13665.6,9110.4,-41.82,6.0,123.79,-175.2,-0.48,1.52,-2.0,stranded
2025,Brownsville Public Utilities Board,Silas Ray,3559,DG-6b,TX,Cameron,25.9131,-97.5214,1.3,11.79,DFO,IC,2001,24,1.0,11388.0,134265.0,7402.2,13665.6,9110.4,-41.82,6.0,123.79,-175.2,-0.48,1.52,-2.0,stranded
2025,Austin Energy,Robert Mueller Energy Center,56374,DG1,TX,Travis,30.304994,-97.707675,1.5,12.09,DFO,IC,2006,19,1.0,13140.0,158863.0,8541.0,15768.0,10512.0,3609.72,6.0,126.94,3473.2,47.43,1.79,45.64,operating
2025,Luminant Generation Company LLC,Stryker Creek,3504,D1,TX,Cherokee,31.93985,-94.989834,2.0,12.15,DFO,IC,1966,59,1.0,17520.0,212868.0,11388.0,21024.0,14016.0,-41.82,6.0,127.58,-178.98,-0.73,2.4,-3.14,stranded
2025,Luminant Generation Company LLC,Stryker Creek,3504,D2,TX,Cherokee,31.93985,-94.989834,2.0,12.15,DFO,IC,1966,59,1.0,17520.0,212868.0,11388.0,21024.0,14016.0,-41.82,6.0,127.58,-178.98,-0.73,2.4,-3.14,stranded
2025,Luminant Generation Company LLC,Stryker Creek,3504,D3,TX,Cherokee,31.93985,-94.989834,2.0,12.15,DFO,IC,1966,59,1.0,17520.0,212868.0,11388.0,21024.0,14016.0,-41.82,6.0,127.58,-178.98,-0.73,2.4,-3.14,stranded
2025,Luminant Generation Company LLC,Stryker Creek,3504,D4,TX,Cherokee,31.93985,-94.989834,2.0,12.15,DFO,IC,1966,59,1.0,17520.0,212868.0,11388.0,21024.0,14016.0,-41.82,6.0,127.58,-178.98,-0.73,2.4,-3.14,stranded
2025,Luminant Generation Company LLC,Stryker Creek,3504,D5,TX,Cherokee,31.93985,-94.989834,2.0,12.15,DFO,IC,1966,59,1.0,17520.0,212868.0,11388.0,21024.0,14016.0,-41.82,6.0,127.58,-178.98,-0.73,2.4,-3.14,stranded
2025,Valero Refining Co,Valero Refinery Corpus Christi West,50121,TG1,TX,Nueces,27.8175,-97.4814,28.6,14.41,PC,ST,1983,42,1.0,250536.0,3610224.0,162848.4,300643.2,200428.8,3609.72,6.0,151.31,3448.84,904.36,40.31,864.06,operating
2025,Valero Refining Co,Valero Refinery Corpus Christi West,50121,TG2,TX,Nueces,27.8175,-97.4814,28.6,14.41,PC,ST,1983,42,1.0,250536.0,3610224.0,162848.4,300643.2,200428.8,3609.72,6.0,151.31,3448.84,904.36,40.31,864.06,operating
2025,"Power Depot Group A, LLC",Cutten,65538,CUT1,TX,Harris,29.956811,-95.527643,0.6,15.23,DFO,IC,2013,12,1.0,5256.0,80049.0,3416.4,6307.2,4204.8,-43.41,6.0,159.91,-212.9,-0.23,0.89,-1.12,stranded
2025,"Power Depot Group A, LLC",Cutten,65538,CUT10,TX,Harris,29.956811,-95.527643,0.6,15.23,DFO,IC,2013,12,1.0,5256.0,80049.0,3416.4,6307.2,4204.8,-43.41,6.0,159.91,-212.9,-0.23,0.89,-1.12,stranded
2025,"Power Depot Group A, LLC",Cutten,65538,CUT11,TX,Harris,29.956811,-95.527643,0.6,15.23,DFO,IC,2013,12,1.0,5256.0,80049.0,3416.4,6307.2,4204.8,-43.41,6.0,159.91,-212.9,-0.23,0.89,-1.12,stranded
2025,"Power Depot Group A, LLC",Cutten,65538,CUT12,TX,Harris,29.956811,-95.527643,0.6,15.23,DFO,IC,2013,12,1.0,5256.0,80049.0,3416.4,6307.2,4204.8,-43.41,6.0,159.91,-212.9,-0.23,0.89,-1.12,stranded
2025,"Power Depot Group A, LLC",Cutten,65538,CUT13,TX,Harris,29.956811,-95.527643,0.6,15.23,DFO,IC,2013,12,1.0,5256.0,80049.0,3416.4,6307.2,4204.8,-43.41,6.0,159.91,-212.9,-0.23,0.89,-1.12,stranded
2025,"Power Depot Group A, LLC",Cutten,65538,CUT14,TX,Harris,29.956811,-95.527643,0.6,15.23,DFO,IC,2013,12,1.0,5256.0,80049.0,3416.4,6307.2,4204.8,-43.41,6.0,159.91,-212.9,-0.23,0.89,-1.12,stranded
2025,"Power Depot Group A, LLC",Cutten,65538,CUT15,TX,Harris,29.956811,-95.527643,0.6,15.23,DFO,IC,2013,12,1.0,5256.0,80049.0,3416.4,6307.2,4204.8,-43.41,6.0,159.91,-212.9,-0.23,0.89,-1.12,stranded
2025,"Power Depot Group A, LLC",Cutten,65538,CUT2,TX,Harris,29.956811,-95.527643,0.6,15.23,DFO,IC,2013,12,1.0,5256.0,80049.0,3416.4,6307.2,4204.8,-43.41,6.0,159.91,-212.9,-0.23,0.89,-1.12,stranded
2025,"Power Depot Group A, LLC",Cutten,65538,CUT3,TX,Harris,29.956811,-95.527643,0.6,15.23,DFO,IC,2013,12,1.0,5256.0,80049.0,3416.4,6307.2,4204.8,-43.41,6.0,159.91,-212.9,-0.23,0.89,-1.12,stranded
2025,"Power Depot Group A, LLC",Cutten,65538,CUT4,TX,Harris,29.956811,-95.527643,0.6,15.23,DFO,IC,2013,12,1.0,5256.0,80049.0,3416.4,6307.2,4204.8,-43.41,6.0,159.91,-212.9,-0.23,0.89,-1.12,stranded
2025,"Power Depot Group A, LLC",Cutten,65538,CUT5,TX,Harris,29.956811,-95.527643,0.6,15.23,DFO,IC,2013,12,1.0,5256.0,80049.0,3416.4,6307.2,4204.8,-43.41,6.0,159.91,-212.9,-0.23,0.89,-1.12,stranded
2025,"Power Depot Group A, LLC",Cutten,65538,CUT6,TX,Harris,29.956811,-95.527643,0.6,15.23,DFO,IC,2013,12,1.0,5256.0,80049.0,3416.4,6307.2,4204.8,-43.41,6.0,159.91,-212.9,-0.23,0.89,-1.12,stranded
2025,"Power Depot Group A, LLC",Cutten,65538,CUT7,TX,Harris,29.956811,-95.527643,0.6,15.23,DFO,IC,2013,12,1.0,5256.0,80049.0,3416.4,6307.2,4204.8,-43.41,6.0,159.91,-212.9,-0.23,0.89,-1.12,stranded
2025,"Power Depot Group A, LLC",Cutten,65538,CUT8,TX,Harris,29.956811,-95.527643,0.6,15.23,DFO,IC,2013,12,1.0,5256.0,80049.0,3416.4,6307.2,4204.8,-43.41,6.0,159.91,-212.9,-0.23,0.89,-1.12,stranded
2025,"Power Depot Group A, LLC",Cutten,65538,CUT9,TX,Harris,29.956811,-95.527643,0.6,15.23,DFO,IC,2013,12,1.0,5256.0,80049.0,3416.4,6307.2,4204.8,-43.41,6.0,159.91,-212.9,-0.23,0.89,-1.12,stranded
2025,"Power Depot Group A, LLC",Villa Cavasos,65580,VC1,TX,Cameron,26.02131,-97.596284,0.6,17.2,DFO,IC,2013,12,1.0,5256.0,90403.0,3416.4,6307.2,4204.8,-41.82,6.0,180.6,-232.0,-0.22,1.0,-1.22,stranded
2025,"Power Depot Group A, LLC",Villa Cavasos,65580,VC10,TX,Cameron,26.02131,-97.596284,0.6,17.2,DFO,IC,2013,12,1.0,5256.0,90403.0,3416.4,6307.2,4204.8,-41.82,6.0,180.6,-232.0,-0.22,1.0,-1.22,stranded
2025,"Power Depot Group A, LLC",Villa Cavasos,65580,VC11,TX,Cameron,26.02131,-97.596284,0.6,17.2,DFO,IC,2013,12,1.0,5256.0,90403.0,3416.4,6307.2,4204.8,-41.82,6.0,180.6,-232.0,-0.22,1.0,-1.22,stranded
2025,"Power Depot Group A, LLC",Villa Cavasos,65580,VC12,TX,Cameron,26.02131,-97.596284,0.6,17.2,DFO,IC,2013,12,1.0,5256.0,90403.0,3416.4,6307.2,4204.8,-41.82,6.0,180.6,-232.0,-0.22,1.0,-1.22,stranded
2025,"Power Depot Group A, LLC",Villa Cavasos,65580,VC13,TX,Cameron,26.02131,-97.596284,0.6,17.2,DFO,IC,2013,12,1.0,5256.0,90403.0,3416.4,6307.2,4204.8,-41.82,6.0,180.6,-232.0,-0.22,1.0,-1.22,stranded
2025,"Power Depot Group A, LLC",Villa Cavasos,65580,VC14,TX,Cameron,26.02131,-97.596284,0.6,17.2,DFO,IC,2013,12,1.0,5256.0,90403.0,3416.4,6307.2,4204.8,-41.82,6.0,180.6,-232.0,-0.22,1.0,-1.22,stranded
2025,"Power Depot Group A, LLC",Villa Cavasos,65580,VC15,TX,Cameron,26.02131,-97.596284,0.6,17.2,DFO,IC,2013,12,1.0,5256.0,90403.0,3416.4,6307.2,4204.8,-41.82,6.0,180.6,-232.0,-0.22,1.0,-1.22,stranded
2025,"Power Depot Group A, LLC",Villa Cavasos,65580,VC2,TX,Cameron,26.02131,-97.596284,0.6,17.2,DFO,IC,2013,12,1.0,5256.0,90403.0,3416.4,6307.2,4204.8,-41.82,6.0,180.6,-232.0,-0.22,1.0,-1.22,stranded
2025,"Power Depot Group A, LLC",Villa Cavasos,65580,VC3,TX,Cameron,26.02131,-97.596284,0.6,17.2,DFO,IC,2013,12,1.0,5256.0,90403.0,3416.4,6307.2,4204.8,-41.82,6.0,180.6,-232.0,-0.22,1.0,-1.22,stranded
2025,"Power Depot Group A, LLC",Villa Cavasos,65580,VC4,TX,Cameron,26.02131,-97.596284,0.6,17.2,DFO,IC,2013,12,1.0,5256.0,90403.0,3416.4,6307.2,4204.8,-41.82,6.0,180.6,-232.0,-0.22,1.0,-1.22,stranded
2025,"Power Depot Group A, LLC",Villa Cavasos,65580,VC5,TX,Cameron,26.02131,-97.596284,0.6,17.2,DFO,IC,2013,12,1.0,5256.0,90403.0,3416.4,6307.2,4204.8,-41.82,6.0,180.6,-232.0,-0.22,1.0,-1.22,stranded
2025,"Power Depot Group A, LLC",Villa Cavasos,65580,VC6,TX,Cameron,26.02131,-97.596284,0.6,17.2,DFO,IC,2013,12,1.0,5256.0,90403.0,3416.4,6307.2,4204.8,-41.82,6.0,180.6,-232.0,-0.22,1.0,-1.22,stranded
2025,"Power Depot Group A, LLC",Villa Cavasos,65580,VC7,TX,Cameron,26.02131,-97.596284,0.6,17.2,DFO,IC,2013,12,1.0,5256.0,90403.0,3416.4,6307.2,4204.8,-41.82,6.0,180.6,-232.0,-0.22,1.0,-1.22,stranded
2025,"Power Depot Group A, LLC",Villa Cavasos,65580,VC8,TX,Cameron,26.02131,-97.596284,0.6,17.2,DFO,IC,2013,12,1.0,5256.0,90403.0,3416.4,6307.2,4204.8,-41.82,6.0,180.6,-232.0,-0.22,1.0,-1.22,stranded
2025,"Power Depot Group A, LLC",Villa Cavasos,65580,VC9,TX,Cameron,26.02131,-97.596284,0.6,17.2,DFO,IC,2013,12,1.0,5256.0,90403.0,3416.4,6307.2,4204.8,-41.82,6.0,180.6,-232.0,-0.22,1.0,-1.22,stranded
2025,City of Greenville - (TX),Powerlane Plant,4195,ST2,TX,Hunt,33.1707,-96.1264,25.0,21.07,DFO,ST,1967,58,1.0,219000.0,4614330.0,142350.0,262800.0,175200.0,-41.82,6.0,221.24,-272.64,-9.16,50.55,-59.71,stranded
2025,City of Greenville - (TX),Powerlane Plant,4195,ST3,TX,Hunt,33.1707,-96.1264,43.2,21.07,DFO,ST,1978,47,1.0,378432.0,7973562.0,245980.8,454118.4,302745.6,-41.82,6.0,221.24,-272.64,-15.83,87.35,-103.17,stranded
2030,"TPC Group, LLC",Texas Petrochemicals,50229,TG2,TX,Harris,29.6981,-95.2547,35.0,4.08,NG,ST,1972,53,0.9999,306565.0,1250785.0,113429.1,30656.5,3065.7,-41.82,3.5,14.28,-61.64,-12.82,6.08,-18.9,stranded
2030,University of Texas at Austin,Hal C Weaver Power Plant,50118,GEN10,TX,Travis,30.2867,-97.7356,34.4,4.19,NG,CT,2010,15,0.9999,301310.0,1262487.0,111484.6,30131.0,3013.1,3611.3,3.5,14.67,3591.1,1088.12,6.09,1082.03,operating
2030,University of Texas at Austin,Hal C Weaver Power Plant,50118,GEN4,TX,Travis,30.2867,-97.7356,7.6,4.19,NG,CA,1951,74,0.9999,66568.0,278922.0,24630.3,6656.8,665.7,3611.3,3.5,14.67,3591.1,240.4,1.34,239.05,operating
2030,University of Texas at Austin,Hal C Weaver Power Plant,50118,GEN5,TX,Travis,30.2867,-97.7356,6.0,4.19,NG,CA,1959,66,0.9999,52554.0,220201.0,19445.0,5255.4,525.5,3611.3,3.5,14.67,3591.1,189.79,1.06,188.73,operating
2030,University of Texas at Austin,Hal C Weaver Power Plant,50118,GEN7,TX,Travis,30.2867,-97.7356,28.8,4.19,NG,CA,1979,46,0.9999,252259.0,1056966.0,93335.9,25225.9,2522.6,3611.3,3.5,14.67,3591.1,910.98,5.1,905.89,operating
2030,University of Texas at Austin,Hal C Weaver Power Plant,50118,GEN8,TX,Travis,30.2867,-97.7356,48.5,4.19,NG,CT,1987,38,0.9999,424812.0,1779960.0,157180.3,42481.2,4248.1,3611.3,3.5,14.67,3591.1,1534.12,8.58,1525.54,operating
2030,University of Texas at Austin,Hal C Weaver Power Plant,50118,GEN9,TX,Travis,30.2867,-97.7356,27.2,4.19,NG,CA,2004,21,0.9999,238245.0,998246.0,88150.6,23824.5,2382.4,3611.3,3.5,14.67,3591.1,860.37,4.81,855.56,operating
2030,Ascend Performance Materials,Ascend Performance Materials Texas Inc.,10418,GEN1,TX,Brazoria,29.2558,-95.2103,6.0,4.24,NG,ST,1993,32,0.9999,52554.0,222829.0,19445.0,5255.4,525.5,-41.82,3.5,14.84,-62.2,-2.2,1.07,-3.27,stranded
2030,Ascend Performance Materials,Ascend Performance Materials Texas Inc.,10418,GEN4,TX,Brazoria,29.2558,-95.2103,46.1,4.24,NG,ST,2000,25,0.9999,403790.0,1712069.0,149402.3,40379.0,4037.9,-41.82,3.5,14.84,-62.2,-16.89,8.23,-25.12,stranded
2030,Air Liquide Large Industries U S LP,Bayou Cogen Plant,10298,GT1,TX,Harris,29.6225,-95.0458,79.6,3.93,NG,GT,2014,11,1.0,697296.0,2740373.0,383512.8,174324.0,6973.0,-41.82,5.0,13.76,-63.61,-29.16,15.19,-44.35,stranded
2030,Air Liquide Large Industries U S LP,Bayou Cogen Plant,10298,GT2,TX,Harris,29.6225,-95.0458,79.6,3.93,NG,GT,2016,9,1.0,697296.0,2740373.0,383512.8,174324.0,6973.0,-41.82,5.0,13.76,-63.61,-29.16,15.19,-44.35,stranded
2030,Air Liquide Large Industries U S LP,Bayou Cogen Plant,10298,GT3,TX,Harris,29.6225,-95.0458,79.6,3.93,NG,GT,2015,10,1.0,697296.0,2740373.0,383512.8,174324.0,6973.0,-41.82,5.0,13.76,-63.61,-29.16,15.19,-44.35,stranded
2030,Air Liquide Large Industries U S LP,Bayou Cogen Plant,10298,GT4,TX,Harris,29.6225,-95.0458,79.6,3.93,NG,GT,2015,10,1.0,697296.0,2740373.0,383512.8,174324.0,6973.0,-41.82,5.0,13.76,-63.61,-29.16,15.19,-44.35,stranded
2030,Formosa Plastics Corp,Formosa Utility Venture Ltd,10554,3ST1,TX,Calhoun,28.6917,-96.5417,40.0,4.95,NG,CA,2023,2,1.0,350400.0,1734480.0,129648.0,35040.0,3504.0,3611.3,3.5,17.32,3588.44,1265.4,8.01,1257.39,operating
2030,Formosa Plastics Corp,Formosa Utility Venture Ltd,10554,3TBG1,TX,Calhoun,28.6917,-96.5417,102.0,4.95,NG,CT,2023,2,1.0,893520.0,4422924.0,330602.4,89352.0,8935.2,3611.3,3.5,17.32,3588.44,3226.77,20.43,3206.34,operating
2030,Formosa Plastics Corp,Formosa Utility Venture Ltd,10554,3TBG2,TX,Calhoun,28.6917,-96.5417,102.0,4.95,NG,CT,2023,2,1.0,893520.0,4422924.0,330602.4,89352.0,8935.2,3611.3,3.5,17.32,3588.44,3226.77,20.43,3206.34,operating
2030,Formosa Plastics Corp,Formosa Utility Venture Ltd,10554,BO3,TX,Calhoun,28.6917,-96.5417,36.2,4.95,NG,CT,1987,38,0.9999,317076.0,1569525.0,117318.0,31707.6,3170.8,3611.3,3.5,17.32,3588.44,1145.06,7.25,1137.81,operating
2030,Formosa Plastics Corp,Formosa Utility Venture Ltd,10554,ST1,TX,Calhoun,28.6917,-96.5417,33.5,4.95,NG,CA,1994,31,0.9999,293426.0,1452461.0,108567.8,29342.7,2934.3,3611.3,3.5,17.32,3588.44,1059.65,6.71,1052.94,operating
2030,Formosa Plastics Corp,Formosa Utility Venture Ltd,10554,ST2,TX,Calhoun,28.6917,-96.5417,66.3,4.95,NG,CA,1994,31,0.9999,580722.0,2874572.0,214867.0,58072.2,5807.2,3611.3,3.5,17.32,3588.44,2097.16,13.28,2083.89,operating
2030,Formosa Plastics Corp,Formosa Utility Venture Ltd,10554,ST3,TX,Calhoun,28.6917,-96.5417,55.0,4.95,NG,CA,2002,23,0.9999,481745.0,2384638.0,178245.6,48174.5,4817.4,3611.3,3.5,17.32,3588.44,1739.73,11.01,1728.71,operating
2030,Formosa Plastics Corp,Formosa Utility Venture Ltd,10554,TBG1,TX,Calhoun,28.6917,-96.5417,82.5,4.95,NG,CT,1993,32,0.9999,722618.0,3576957.0,267368.5,72261.8,7226.2,3611.3,3.5,17.32,3588.44,2609.59,16.52,2593.07,operating
2030,Formosa Plastics Corp,Formosa Utility Venture Ltd,10554,TBG2,TX,Calhoun,28.6917,-96.5417,82.5,4.95,NG,CT,1993,32,0.9999,722618.0,3576957.0,267368.5,72261.8,7226.2,3611.3,3.5,17.32,3588.44,2609.59,16.52,2593.07,operating
2030,Formosa Plastics Corp,Formosa Utility Venture Ltd,10554,TBG3,TX,Calhoun,28.6917,-96.5417,82.5,4.95,NG,CT,1993,32,0.9999,722618.0,3576957.0,267368.5,72261.8,7226.2,3611.3,3.5,17.32,3588.44,2609.59,16.52,2593.07,operating
2030,Formosa Plastics Corp,Formosa Utility Venture Ltd,10554,TBG4,TX,Calhoun,28.6917,-96.5417,82.5,4.95,NG,CT,1994,31,0.9999,722618.0,3576957.0,267368.5,72261.8,7226.2,3611.3,3.5,17.32,3588.44,2609.59,16.52,2593.07,operating
2030,Formosa Plastics Corp,Formosa Utility Venture Ltd,10554,TBG5,TX,Calhoun,28.6917,-96.5417,82.5,4.95,NG,CT,1994,31,0.9999,722618.0,3576957.0,267368.5,72261.8,7226.2,3611.3,3.5,17.32,3588.44,2609.59,16.52,2593.07,operating
2030,Formosa Plastics Corp,Formosa Utility Venture Ltd,10554,TBG6,TX,Calhoun,28.6917,-96.5417,85.9,4.95,NG,CT,2003,22,0.9999,752398.0,3724371.0,278387.3,75239.8,7524.0,3611.3,3.5,17.32,3588.44,2717.14,17.2,2699.94,operating
2030,South Houston Green Power LLC,Green Power 2,55470,ST1,TX,Galveston,29.378097,-94.932773,110.0,4.97,NG,CA,2003,22,0.9999,963490.0,4788545.0,356491.3,96349.0,9634.9,-41.82,3.5,17.39,-64.76,-40.3,22.1,-62.39,stranded
2030,South Houston Green Power LLC,Green Power 2,55470,ST805,TX,Galveston,29.378097,-94.932773,250.0,4.97,NG,CA,2009,16,0.9999,2189750.0,10883058.0,810207.5,218975.0,21897.5,-41.82,3.5,17.39,-64.76,-91.58,50.22,-141.8,stranded
2030,South Houston Green Power LLC,Green Power 2,55470,TR1,TX,Galveston,29.378097,-94.932773,167.0,4.97,NG,CT,2003,22,0.9999,1462753.0,7269882.0,541218.6,146275.3,14627.5,-41.82,3.5,17.39,-64.76,-61.18,33.55,-94.73,stranded
2030,South Houston Green Power LLC,Green Power 2,55470,TR2,TX,Galveston,29.378097,-94.932773,167.0,4.97,NG,CT,2003,22,0.9999,1462753.0,7269882.0,541218.6,146275.3,14627.5,-41.82,3.5,17.39,-64.76,-61.18,33.55,-94.73,stranded
2030,South Houston Green Power LLC,Green Power 2,55470,TR3,TX,Galveston,29.378097,-94.932773,167.0,4.97,NG,CT,2003,22,0.9999,1462753.0,7269882.0,541218.6,146275.3,14627.5,-41.82,3.5,17.39,-64.76,-61.18,33.55,-94.73,stranded
2030,INEOS USA LLC,Power Island,10154,GEN1,TX,Brazoria,29.2293,-95.1952,41.0,4.39,NG,GT,1985,40,1.0,359160.0,1576712.0,197538.0,89790.0,3591.6,-41.82,5.0,15.36,-65.22,-15.02,8.4,-23.42,stranded
2030,INEOS USA LLC,Power Island,10154,GEN2,TX,Brazoria,29.2293,-95.1952,50.0,4.39,NG,GT,2020,5,1.0,438000.0,1922820.0,240900.0,109500.0,4380.0,-41.82,5.0,15.36,-65.22,-18.32,10.25,-28.56,stranded
2030,INEOS USA LLC,Power Island,10154,GEN3,TX,Brazoria,29.2293,-95.1952,50.0,4.39,NG,GT,2020,5,1.0,438000.0,1922820.0,240900.0,109500.0,4380.0,-41.82,5.0,15.36,-65.22,-18.32,10.25,-28.56,stranded
2030,"Texas A&M, Utilities & Energy Services",Central Utility Plant - Texas A&M,58151,GTG01,TX,Brazos,30.617778,-96.343333,34.1,5.12,NG,CT,2011,14,0.9999,298682.0,1529251.0,110512.3,29868.2,2986.8,-41.82,3.5,17.92,-65.28,-12.49,7.01,-19.5,stranded
2030,"Texas A&M, Utilities & Energy Services",Central Utility Plant - Texas A&M,58151,STG02,TX,Brazos,30.617778,-96.343333,11.0,5.12,NG,CA,2011,14,0.9999,96349.0,493307.0,35649.1,9634.9,963.5,-41.82,3.5,17.92,-65.28,-4.03,2.26,-6.29,stranded
2030,Ingleside Cogeneration LP,Ingleside Cogeneration,55313,CTG1,TX,San Patricio,27.882778,-97.242778,170.1,5.18,NG,CT,1999,26,0.9999,1489906.0,7717713.0,551265.2,148990.6,14899.1,3611.3,3.5,18.13,3587.64,5380.5,35.26,5345.24,operating
2030,Ingleside Cogeneration LP,Ingleside Cogeneration,55313,CTG2,TX,San Patricio,27.882778,-97.242778,170.1,5.18,NG,CT,1999,26,0.9999,1489906.0,7717713.0,551265.2,148990.6,14899.1,3611.3,3.5,18.13,3587.64,5380.5,35.26,5345.24,operating
2030,Ingleside Cogeneration LP,Ingleside Cogeneration,55313,STG,TX,San Patricio,27.882778,-97.242778,176.8,5.18,NG,CA,1999,26,0.9999,1548591.0,8021702.0,572978.7,154859.1,15485.9,3611.3,3.5,18.13,3587.64,5592.43,36.65,5555.78,operating
2030,Flint Hills Resources Corpus Christi LLC,Corpus Refinery,50026,FR6,TX,Nueces,27.8322,-97.5281,47.0,4.48,NG,GT,1988,37,1.0,411720.0,1844506.0,226446.0,102930.0,4117.2,3611.3,5.0,15.68,3587.6,1486.85,9.76,1477.09,operating
2030,Channel Energy Center LLC,Channel Energy Center LLC,55299,CTG1,TX,Harris,29.7189,-95.2319,215.0,5.21,NG,CT,2001,24,0.9999,1883185.0,9811394.0,696778.4,188318.5,18831.9,-41.82,3.5,18.23,-65.6,-78.76,44.77,-123.53,stranded
2030,Channel Energy Center LLC,Channel Energy Center LLC,55299,CTG2,TX,Harris,29.7189,-95.2319,215.0,5.21,NG,CT,2002,23,0.9999,1883185.0,9811394.0,696778.4,188318.5,18831.9,-41.82,3.5,18.23,-65.6,-78.76,44.77,-123.53,stranded
2030,Channel Energy Center LLC,Channel Energy Center LLC,55299,CTG3,TX,Harris,29.7189,-95.2319,208.8,5.21,NG,CT,2014,11,0.9999,1828879.0,9528461.0,676685.3,182887.9,18288.8,-41.82,3.5,18.23,-65.6,-76.49,43.48,-119.97,stranded
2030,Channel Energy Center LLC,Channel Energy Center LLC,55299,ST-1,TX,Harris,29.7189,-95.2319,285.0,5.21,NG,CA,2002,23,0.9999,2496315.0,13005801.0,923636.6,249631.5,24963.2,-41.82,3.5,18.23,-65.6,-104.41,59.35,-163.75,stranded
2030,Dow Hydrocarbons and Resources LLC,Freeport Energy Center,56152,CTG1,TX,Brazoria,28.988761,-95.395417,180.0,5.24,NG,CT,2007,18,0.9999,1576620.0,8261489.0,583349.4,157662.0,15766.2,-41.82,3.5,18.34,-65.7,-65.94,37.65,-103.59,stranded
2030,Dow Hydrocarbons and Resources LLC,Freeport Energy Center,56152,STG1,TX,Brazoria,28.988761,-95.395417,80.0,5.24,NG,CA,2007,18,0.9999,700720.0,3671773.0,259266.4,70072.0,7007.2,-41.82,3.5,18.34,-65.7,-29.31,16.73,-46.04,stranded
2030,Odyssey Operating Services,"Odyssey Energy Altura Cogen, LLC",50815,GEN1,TX,Harris,29.8161,-95.10773,84.9,5.26,NG,CT,1985,40,0.9999,743639.0,3911542.0,275146.5,74363.9,7436.4,-41.82,3.5,18.41,-65.77,-31.1,17.81,-48.91,stranded
2030,Odyssey Operating Services,"Odyssey Energy Altura Cogen, LLC",50815,GEN2,TX,Harris,29.8161,-95.10773,84.9,5.26,NG,CT,1985,40,0.9999,743639.0,3911542.0,275146.5,74363.9,7436.4,-41.82,3.5,18.41,-65.77,-31.1,17.81,-48.91,stranded
2030,Odyssey Operating Services,"Odyssey Energy Altura Cogen, LLC",50815,GEN3,TX,Harris,29.8161,-95.10773,84.9,5.26,NG,CT,1985,40,0.9999,743639.0,3911542.0,275146.5,74363.9,7436.4,-41.82,3.5,18.41,-65.77,-31.1,17.81,-48.91,stranded
2030,Odyssey Operating Services,"Odyssey Energy Altura Cogen, LLC",50815,GEN4,TX,Harris,29.8161,-95.10773,84.9,5.26,NG,CT,1986,39,0.9999,743639.0,3911542.0,275146.5,74363.9,7436.4,-41.82,3.5,18.41,-65.77,-31.1,17.81,-48.91,stranded
2030,Odyssey Operating Services,"Odyssey Energy Altura Cogen, LLC",50815,GEN5,TX,Harris,29.8161,-95.10773,84.9,5.26,NG,CT,1986,39,0.9999,743639.0,3911542.0,275146.5,74363.9,7436.4,-41.82,3.5,18.41,-65.77,-31.1,17.81,-48.91,stranded
2030,Odyssey Operating Services,"Odyssey Energy Altura Cogen, LLC",50815,GEN6,TX,Harris,29.8161,-95.10773,129.2,5.26,NG,CA,1986,39,0.9999,1131663.0,5952546.0,418715.2,113166.3,11316.6,-41.82,3.5,18.41,-65.77,-47.33,27.1,-74.43,stranded
2030,Odyssey Operating Services,"Odyssey Energy Altura Cogen, LLC",50815,GEN7,TX,Harris,29.8161,-95.10773,89.9,5.26,NG,CT,1995,30,0.9999,787434.0,4141903.0,291350.6,78743.4,7874.3,-41.82,3.5,18.41,-65.77,-32.93,18.86,-51.79,stranded
2030,Targa Co-Generation LLC,Mont Belvieu Cogeneration Unit,57322,GT01,TX,Chambers,29.838138,-94.900661,15.0,4.58,NG,GT,2009,16,1.0,131400.0,601812.0,72270.0,32850.0,1314.0,-41.82,5.0,16.03,-65.88,-5.5,3.16,-8.66,stranded
2030,Exxon Mobil Refining and Supply Co.,ExxonMobil Baytown Refinery,10436,GT38,TX,Harris,29.753517,-94.997277,45.7,4.67,NG,GT,1989,36,1.0,400332.0,1869550.0,220182.6,100083.0,4003.3,-41.82,5.0,16.34,-66.2,-16.74,9.76,-26.5,stranded
2030,Exxon Mobil Refining and Supply Co.,ExxonMobil Baytown Refinery,10436,GT41,TX,Harris,29.753517,-94.997277,27.6,4.67,NG,GT,1977,48,1.0,241776.0,1129094.0,132976.8,60444.0,2417.8,-41.82,5.0,16.34,-66.2,-10.11,5.89,-16.0,stranded
2030,Exxon Mobil Refining and Supply Co.,ExxonMobil Baytown Refinery,10436,GT42,TX,Harris,29.753517,-94.997277,27.6,4.67,NG,GT,1977,48,1.0,241776.0,1129094.0,132976.8,60444.0,2417.8,-41.82,5.0,16.34,-66.2,-10.11,5.89,-16.0,stranded
2030,Exxon Mobil Refining and Supply Co.,ExxonMobil Baytown Refinery,10436,GT43,TX,Harris,29.753517,-94.997277,27.6,4.67,NG,GT,1977,48,1.0,241776.0,1129094.0,132976.8,60444.0,2417.8,-41.82,5.0,16.34,-66.2,-10.11,5.89,-16.0,stranded
2030,Exxon Mobil Refining and Supply Co.,ExxonMobil Baytown Refinery,10436,GT44,TX,Harris,29.753517,-94.997277,27.6,4.67,NG,GT,1977,48,1.0,241776.0,1129094.0,132976.8,60444.0,2417.8,-41.82,5.0,16.34,-66.2,-10.11,5.89,-16.0,stranded
2030,Exxon Mobil Refining and Supply Co.,ExxonMobil Baytown Refinery,10436,GT45,TX,Harris,29.753517,-94.997277,45.7,4.67,NG,GT,1988,37,1.0,400332.0,1869550.0,220182.6,100083.0,4003.3,-41.82,5.0,16.34,-66.2,-16.74,9.76,-26.5,stranded
2030,Corpus Christi Cogeneration LLC,Corpus Christi Energy Center,55206,CT1,TX,Nueces,27.8139,-97.4283,198.9,5.57,NG,CT,2002,23,0.9999,1742165.0,9703860.0,644601.1,174216.5,17421.7,3611.3,3.5,19.5,3586.27,6291.49,43.61,6247.88,operating
2030,Corpus Christi Cogeneration LLC,Corpus Christi Energy Center,55206,CT2,TX,Nueces,27.8139,-97.4283,198.9,5.57,NG,CT,2002,23,0.9999,1742165.0,9703860.0,644601.1,174216.5,17421.7,3611.3,3.5,19.5,3586.27,6291.49,43.61,6247.88,operating
2030,Corpus Christi Cogeneration LLC,Corpus Christi Energy Center,55206,ST1,TX,Nueces,27.8139,-97.4283,195.5,5.57,NG,CA,2002,23,0.9999,1712384.0,9537982.0,633582.3,171238.5,17123.8,3611.3,3.5,19.5,3586.27,6183.94,42.87,6141.07,operating
2030,BASF Corporation,BASF Freeport Works,55311,GEN1,TX,Brazoria,29.002,-95.394,81.0,4.89,NG,GT,1999,26,1.0,709560.0,3469748.0,390258.0,177390.0,7095.6,-41.82,5.0,17.11,-66.97,-29.68,17.84,-47.52,stranded
2030,Invista,Victoria Texas Plant,10790,GEN1,TX,Victoria,28.675088,-96.956014,102.4,4.9,NG,GT,1987,38,1.0,897024.0,4395418.0,493363.2,224256.0,8970.2,3611.3,5.0,17.15,3586.13,3239.43,22.58,3216.84,operating
2030,Exxon Mobil Refining and Supply Co.,ExxonMobil Baytown Turbine,10692,GEN1,TX,Harris,29.759124,-95.009648,39.7,4.9,NG,GT,1989,36,1.0,347772.0,1704083.0,191274.6,86943.0,3477.7,-41.82,5.0,17.15,-67.0,-14.55,8.76,-23.3,stranded
2030,Exxon Mobil Refining and Supply Co.,ExxonMobil Baytown Turbine,10692,GEN2,TX,Harris,29.759124,-95.009648,39.7,4.9,NG,GT,1989,36,1.0,347772.0,1704083.0,191274.6,86943.0,3477.7,-41.82,5.0,17.15,-67.0,-14.55,8.76,-23.3,stranded
2030,Exxon Mobil Refining and Supply Co.,ExxonMobil Baytown Turbine,10692,GEN3,TX,Harris,29.759124,-95.009648,39.7,4.9,NG,GT,1989,36,1.0,347772.0,1704083.0,191274.6,86943.0,3477.7,-41.82,5.0,17.15,-67.0,-14.55,8.76,-23.3,stranded
2030,Exxon Mobil Refining and Supply Co.,ExxonMobil Baytown Turbine,10692,GEN4,TX,Harris,29.759124,-95.009648,98.9,4.9,NG,GT,1997,28,1.0,866364.0,4245184.0,476500.2,216591.0,8663.6,-41.82,5.0,17.15,-67.0,-36.23,21.81,-58.05,stranded
2030,Exxon Mobil Refining and Supply Co.,ExxonMobil Baytown Turbine,10692,GEN5,TX,Harris,29.759124,-95.009648,163.8,4.9,NG,GT,2004,21,1.0,1434888.0,7030951.0,789188.4,358722.0,14348.9,-41.82,5.0,17.15,-67.0,-60.01,36.13,-96.14,stranded
2030,Rice University,Rice University,50054,GEN1,TX,Harris,29.721048,-95.39536,3.1,4.9,NG,GT,1986,39,1.0,27156.0,133064.0,14935.8,6789.0,271.6,-41.82,5.0,17.15,-67.0,-1.14,0.68,-1.82,stranded
2030,Rice University,Rice University,50054,GEN2,TX,Harris,29.721048,-95.39536,3.8,4.9,NG,GT,1989,36,1.0,33288.0,163111.0,18308.4,8322.0,332.9,-41.82,5.0,17.15,-67.0,-1.39,0.84,-2.23,stranded
2030,Oxy Vinyls LP,Houston Chemical Complex Battleground,50043,GT1,TX,Harris,29.7314,-95.0839,104.2,5.65,NG,CT,1982,43,0.9999,912688.0,5156686.0,337694.5,91268.8,9126.9,-41.82,3.5,19.78,-67.14,-38.17,23.1,-61.28,stranded
2030,Oxy Vinyls LP,Houston Chemical Complex Battleground,50043,GT2,TX,Harris,29.7314,-95.0839,104.2,5.65,NG,CT,1982,43,0.9999,912688.0,5156686.0,337694.5,91268.8,9126.9,-41.82,3.5,19.78,-67.14,-38.17,23.1,-61.28,stranded
2030,Oxy Vinyls LP,Houston Chemical Complex Battleground,50043,GT3,TX,Harris,29.7314,-95.0839,84.9,5.65,NG,CT,2005,20,0.9999,743639.0,4201561.0,275146.5,74363.9,7436.4,-41.82,3.5,19.78,-67.14,-31.1,18.82,-49.93,stranded
2030,Oxy Vinyls LP,Houston Chemical Complex Battleground,50043,ST,TX,Harris,29.7314,-95.0839,87.4,5.65,NG,CA,1982,43,0.9999,765537.0,4325282.0,283248.5,76553.7,7655.4,-41.82,3.5,19.78,-67.14,-32.02,19.38,-51.4,stranded
2030,South Houston Green Power LLC,Power Station 4,52132,GEN1,TX,Galveston,29.378164,-94.92195,78.2,5.83,NG,CT,1986,39,0.9999,684954.0,3993281.0,253432.9,68495.4,6849.5,-41.82,3.5,20.41,-67.77,-28.65,17.77,-46.42,stranded
2030,South Houston Green Power LLC,Power Station 4,52132,GEN2,TX,Galveston,29.378164,-94.92195,78.2,5.83,NG,CT,1986,39,0.9999,684954.0,3993281.0,253432.9,68495.4,6849.5,-41.82,3.5,20.41,-67.77,-28.65,17.77,-46.42,stranded
2030,South Houston Green Power LLC,Power Station 4,52132,GEN3,TX,Galveston,29.378164,-94.92195,34.7,5.83,NG,CA,1986,39,0.9999,303937.0,1771954.0,112456.8,30393.7,3039.4,-41.82,3.5,20.41,-67.77,-12.71,7.89,-20.6,stranded
2030,Texas City Cogeneration LLC,Texas City Power Plant,52088,GEN1,TX,Galveston,29.378697,-94.943829,141.0,5.94,NG,CA,1987,38,0.9999,1235019.0,7336013.0,456957.0,123501.9,12350.2,-41.82,3.5,20.79,-68.15,-51.65,32.52,-84.17,stranded
2030,Texas City Cogeneration LLC,Texas City Power Plant,52088,GEN2,TX,Galveston,29.378697,-94.943829,103.0,5.94,NG,CT,1987,38,0.9999,902177.0,5358931.0,333805.5,90217.7,9021.8,-41.82,3.5,20.79,-68.15,-37.73,23.75,-61.49,stranded
2030,Texas City Cogeneration LLC,Texas City Power Plant,52088,GEN3,TX,Galveston,29.378697,-94.943829,103.0,5.94,NG,CT,1987,38,0.9999,902177.0,5358931.0,333805.5,90217.7,9021.8,-41.82,3.5,20.79,-68.15,-37.73,23.75,-61.49,stranded
2030,Texas City Cogeneration LLC,Texas City Power Plant,52088,GEN4,TX,Galveston,29.378697,-94.943829,103.0,5.94,NG,CT,1987,38,0.9999,902177.0,5358931.0,333805.5,90217.7,9021.8,-41.82,3.5,20.79,-68.15,-37.73,23.75,-61.49,stranded
2030,Olin Blue Cube Operations,Freeport Energy,52120,G-61,TX,Brazoria,28.991289,-95.407481,94.5,5.96,NG,CT,1982,43,0.9999,827726.0,4933244.0,306258.4,82772.6,8277.3,-41.82,3.5,20.86,-68.22,-34.62,21.85,-56.47,stranded
2030,Olin Blue Cube Operations,Freeport Energy,52120,G-63,TX,Brazoria,28.991289,-95.407481,94.5,5.96,NG,CT,1982,43,0.9999,827726.0,4933244.0,306258.4,82772.6,8277.3,-41.82,3.5,20.86,-68.22,-34.62,21.85,-56.47,stranded
2030,Olin Blue Cube Operations,Freeport Energy,52120,G-64,TX,Brazoria,28.991289,-95.407481,64.8,5.96,NG,CA,1982,43,0.9999,567583.0,3382796.0,210005.8,56758.3,5675.8,-41.82,3.5,20.86,-68.22,-23.74,14.98,-38.72,stranded
2030,Olin Blue Cube Operations,Freeport Energy,52120,G-65,TX,Brazoria,28.991289,-95.407481,111.3,5.96,NG,CA,1984,41,0.9999,974877.0,5810265.0,360704.4,97487.7,9748.8,-41.82,3.5,20.86,-68.22,-40.77,25.74,-66.51,stranded
2030,Olin Blue Cube Operations,Freeport Energy,52120,G-66,TX,Brazoria,28.991289,-95.407481,119.0,5.96,NG,CT,1983,42,0.9999,1042321.0,6212233.0,385658.8,104232.1,10423.2,-41.82,3.5,20.86,-68.22,-43.59,27.52,-71.11,stranded
2030,Olin Blue Cube Operations,Freeport Energy,52120,G-67,TX,Brazoria,28.991289,-95.407481,119.0,5.96,NG,CT,1984,41,0.9999,1042321.0,6212233.0,385658.8,104232.1,10423.2,-41.82,3.5,20.86,-68.22,-43.59,27.52,-71.11,stranded
2030,Texas Medical Center Central,TECO CHP-1,57504,CHP1,TX,Harris,29.703454,-95.398317,48.0,5.32,NG,GT,2010,15,1.0,420480.0,2236954.0,231264.0,105120.0,4204.8,-41.82,5.0,18.62,-68.47,-17.59,11.2,-28.79,stranded
2030,Texas Medical Center Central,TECO CHP-1,57504,GTG2,TX,Harris,29.703454,-95.398317,50.0,5.32,NG,GT,2024,1,1.0,438000.0,2330160.0,240900.0,109500.0,4380.0,-41.82,5.0,18.62,-68.47,-18.32,11.67,-29.99,stranded
2030,Sweeny Cogeneration LLC,Sweeny Cogen Facility,55015,GEN1,TX,Brazoria,29.0728,-95.745,143.0,5.41,NG,GT,1997,28,1.0,1252680.0,6776999.0,688974.0,313170.0,12526.8,-41.82,5.0,18.94,-68.79,-52.39,33.77,-86.17,stranded
2030,Sweeny Cogeneration LLC,Sweeny Cogen Facility,55015,GEN2,TX,Brazoria,29.0728,-95.745,143.0,5.41,NG,GT,1997,28,1.0,1252680.0,6776999.0,688974.0,313170.0,12526.8,-41.82,5.0,18.94,-68.79,-52.39,33.77,-86.17,stranded
2030,Sweeny Cogeneration LLC,Sweeny Cogen Facility,55015,GEN3,TX,Brazoria,29.0728,-95.745,143.0,5.41,NG,GT,1997,28,1.0,1252680.0,6776999.0,688974.0,313170.0,12526.8,-41.82,5.0,18.94,-68.79,-52.39,33.77,-86.17,stranded
2030,Sweeny Cogeneration LLC,Sweeny Cogen Facility,55015,GEN4,TX,Brazoria,29.0728,-95.745,143.0,5.41,NG,GT,2000,25,1.0,1252680.0,6776999.0,688974.0,313170.0,12526.8,-41.82,5.0,18.94,-68.79,-52.39,33.77,-86.17,stranded
2030,EIF Channelview Cogeneration LLC,Channelview Cogeneration Plant,55187,GT1,TX,Harris,29.836952,-95.121744,192.1,6.15,NG,CT,2002,23,0.9999,1682604.0,10348014.0,622563.4,168260.4,16826.0,-41.82,3.5,21.53,-68.89,-70.37,45.54,-115.91,stranded
2030,EIF Channelview Cogeneration LLC,Channelview Cogeneration Plant,55187,GT2,TX,Harris,29.836952,-95.121744,192.1,6.15,NG,CT,2002,23,0.9999,1682604.0,10348014.0,622563.4,168260.4,16826.0,-41.82,3.5,21.53,-68.89,-70.37,45.54,-115.91,stranded
2030,EIF Channelview Cogeneration LLC,Channelview Cogeneration Plant,55187,GT3,TX,Harris,29.836952,-95.121744,192.1,6.15,NG,CT,2002,23,0.9999,1682604.0,10348014.0,622563.4,168260.4,16826.0,-41.82,3.5,21.53,-68.89,-70.37,45.54,-115.91,stranded
2030,EIF Channelview Cogeneration LLC,Channelview Cogeneration Plant,55187,GT4,TX,Harris,29.836952,-95.121744,192.1,6.15,NG,CT,2001,24,0.9999,1682604.0,10348014.0,622563.4,168260.4,16826.0,-41.82,3.5,21.53,-68.89,-70.37,45.54,-115.91,stranded
2030,EIF Channelview Cogeneration LLC,Channelview Cogeneration Plant,55187,ST1,TX,Harris,29.836952,-95.121744,149.9,6.15,NG,CA,2002,23,0.9999,1312974.0,8074791.0,485800.4,131297.4,13129.7,-41.82,3.5,21.53,-68.89,-54.91,35.53,-90.45,stranded
2030,Dow Chemical Company-Oyster Creek VIII,Oyster Creek Unit VIII,54676,G81,TX,Brazoria,28.9802,-95.342,99.0,6.28,NG,CT,1994,31,0.9999,867141.0,5445645.0,320842.2,86714.1,8671.4,-41.82,3.5,21.98,-69.34,-36.27,23.86,-60.13,stranded
2030,Dow Chemical Company-Oyster Creek VIII,Oyster Creek Unit VIII,54676,G82,TX,Brazoria,28.9802,-95.342,99.0,6.28,NG,CT,1994,31,0.9999,867141.0,5445645.0,320842.2,86714.1,8671.4,-41.82,3.5,21.98,-69.34,-36.27,23.86,-60.13,stranded
2030,Dow Chemical Company-Oyster Creek VIII,Oyster Creek Unit VIII,54676,G83,TX,Brazoria,28.9802,-95.342,99.0,6.28,NG,CT,1994,31,0.9999,867141.0,5445645.0,320842.2,86714.1,8671.4,-41.82,3.5,21.98,-69.34,-36.27,23.86,-60.13,stranded
2030,Dow Chemical Company-Oyster Creek VIII,Oyster Creek Unit VIII,54676,G84,TX,Brazoria,28.9802,-95.342,200.9,6.28,NG,CA,1994,31,0.9999,1759683.0,11050810.0,651082.7,175968.3,17596.8,-41.82,3.5,21.98,-69.34,-73.6,48.42,-122.02,stranded
2030,Deer Park Energy Center,Deer Park Energy Center,55464,CTG1,TX,Harris,29.713414,-95.134508,180.0,6.5,NG,CT,2003,22,0.9999,1576620.0,10248030.0,583349.4,157662.0,15766.2,-41.82,3.5,22.75,-70.11,-65.94,44.6,-110.54,stranded
2030,Deer Park Energy Center,Deer Park Energy Center,55464,CTG2,TX,Harris,29.713414,-95.134508,180.0,6.5,NG,CT,2003,22,0.9999,1576620.0,10248030.0,583349.4,157662.0,15766.2,-41.82,3.5,22.75,-70.11,-65.94,44.6,-110.54,stranded
2030,Deer Park Energy Center,Deer Park Energy Center,55464,CTG3,TX,Harris,29.713414,-95.134508,180.0,6.5,NG,CT,2004,21,0.9999,1576620.0,10248030.0,583349.4,157662.0,15766.2,-41.82,3.5,22.75,-70.11,-65.94,44.6,-110.54,stranded
2030,Deer Park Energy Center,Deer Park Energy Center,55464,CTG4,TX,Harris,29.713414,-95.134508,180.0,6.5,NG,CT,2004,21,0.9999,1576620.0,10248030.0,583349.4,157662.0,15766.2,-41.82,3.5,22.75,-70.11,-65.94,44.6,-110.54,stranded
2030,Deer Park Energy Center,Deer Park Energy Center,55464,CTG6,TX,Harris,29.713414,-95.134508,180.0,6.5,NG,CT,2014,11,0.9999,1576620.0,10248030.0,583349.4,157662.0,15766.2,-41.82,3.5,22.75,-70.11,-65.94,44.6,-110.54,stranded
2030,Deer Park Energy Center,Deer Park Energy Center,55464,STG1,TX,Harris,29.713414,-95.134508,276.0,6.5,NG,CA,2004,21,0.9999,2417484.0,15713646.0,894469.1,241748.4,24174.8,-41.82,3.5,22.75,-70.11,-101.11,68.39,-169.5,stranded
2030,Baytown Energy Center LLC,Baytown Energy Center,55327,CTG1,TX,Chambers,29.7731,-94.9019,219.3,6.66,NG,CT,2002,23,0.9999,1920849.0,12792852.0,710714.0,192084.9,19208.5,-41.82,3.5,23.31,-70.67,-80.34,55.41,-135.75,stranded
2030,Baytown Energy Center LLC,Baytown Energy Center,55327,CTG2,TX,Chambers,29.7731,-94.9019,219.3,6.66,NG,CT,2002,23,0.9999,1920849.0,12792852.0,710714.0,192084.9,19208.5,-41.82,3.5,23.31,-70.67,-80.34,55.41,-135.75,stranded
2030,Baytown Energy Center LLC,Baytown Energy Center,55327,CTG3,TX,Chambers,29.7731,-94.9019,219.3,6.66,NG,CT,2002,23,0.9999,1920849.0,12792852.0,710714.0,192084.9,19208.5,-41.82,3.5,23.31,-70.67,-80.34,55.41,-135.75,stranded
2030,Baytown Energy Center LLC,Baytown Energy Center,55327,STG1,TX,Chambers,29.7731,-94.9019,275.0,6.66,NG,CA,2002,23,0.9999,2408725.0,16042108.0,891228.2,240872.5,24087.2,-41.82,3.5,23.31,-70.67,-100.74,69.49,-170.23,stranded
2030,Lower Colorado River Authority,Thomas C Ferguson,4937,CT-1,TX,Llano,30.558,-98.3721,185.3,6.71,NG,CT,2014,11,0.9999,1623043.0,10890617.0,600525.8,162304.3,16230.4,3611.3,3.5,23.48,3582.28,5861.3,47.11,5814.2,operating
2030,Lower Colorado River Authority,Thomas C Ferguson,4937,CT-2,TX,Llano,30.558,-98.3721,185.3,6.71,NG,CT,2014,11,0.9999,1623043.0,10890617.0,600525.8,162304.3,16230.4,3611.3,3.5,23.48,3582.28,5861.3,47.11,5814.2,operating
2030,Lower Colorado River Authority,Thomas C Ferguson,4937,STG,TX,Llano,30.558,-98.3721,204.0,6.71,NG,CA,2014,11,0.9999,1786836.0,11989670.0,661129.3,178683.6,17868.4,3611.3,3.5,23.48,3582.28,6452.81,51.86,6400.95,operating
2030,"Constellation Power, Inc",Colorado Bend II,60122,CT7,TX,Wharton,29.289415,-96.065399,360.9,6.8,NG,CT,2017,8,1.0,3161484.0,21498091.0,1169749.1,316148.4,31614.8,-41.82,3.5,23.8,-71.16,-132.23,92.75,-224.98,stranded
2030,"Constellation Power, Inc",Colorado Bend II,60122,CT8,TX,Wharton,29.289415,-96.065399,360.9,6.8,NG,CT,2017,8,1.0,3161484.0,21498091.0,1169749.1,316148.4,31614.8,-41.82,3.5,23.8,-71.16,-132.23,92.75,-224.98,stranded
2030,"Constellation Power, Inc",Colorado Bend II,60122,STG9,TX,Wharton,29.289415,-96.065399,508.5,6.8,NG,CA,2017,8,1.0,4454460.0,30290328.0,1648150.2,445446.0,44544.6,-41.82,3.5,23.8,-71.16,-186.3,130.68,-316.99,stranded
2030,"Constellation Power, Inc",Wolf Hollow II,59812,CGT4,TX,Hood,32.337679,-97.734612,360.0,6.87,NG,CT,2017,8,1.0,3153600.0,21665232.0,1166832.0,315360.0,31536.0,-41.82,3.5,24.05,-71.41,-131.9,93.29,-225.19,stranded
2030,"Constellation Power, Inc",Wolf Hollow II,59812,CGT5,TX,Hood,32.337679,-97.734612,360.0,6.87,NG,CT,2017,8,1.0,3153600.0,21665232.0,1166832.0,315360.0,31536.0,-41.82,3.5,24.05,-71.41,-131.9,93.29,-225.19,stranded
2030,"Constellation Power, Inc",Wolf Hollow II,59812,STG6,TX,Hood,32.337679,-97.734612,511.2,6.87,NG,CA,2017,8,1.0,4478112.0,30764629.0,1656901.4,447811.2,44781.1,-41.82,3.5,24.05,-71.41,-187.29,132.48,-319.77,stranded
2030,City of San Antonio - (TX),Arthur Von Rosenberg,7512,1,TX,Bexar,29.257046,-98.384045,187.5,6.89,NG,CT,2000,25,0.9999,1642312.0,11315533.0,607655.6,164231.2,16423.1,3611.3,3.5,24.11,3581.65,5930.89,48.7,5882.19,operating
2030,City of San Antonio - (TX),Arthur Von Rosenberg,7512,2,TX,Bexar,29.257046,-98.384045,187.5,6.89,NG,CT,2000,25,0.9999,1642312.0,11315533.0,607655.6,164231.2,16423.1,3611.3,3.5,24.11,3581.65,5930.89,48.7,5882.19,operating
2030,City of San Antonio - (TX),Arthur Von Rosenberg,7512,3,TX,Bexar,29.257046,-98.384045,200.0,6.89,NG,CA,2000,25,0.9999,1751800.0,12069902.0,648166.0,175180.0,17518.0,3611.3,3.5,24.11,3581.65,6326.28,51.95,6274.34,operating
2030,LaFrontera Holdings LLC,Odessa-Ector Power Plant,55215,CTG1,TX,Ector,31.8403,-102.3264,176.0,6.92,NG,CT,2001,24,0.9999,1541584.0,10667761.0,570386.1,154158.4,15415.8,3948.11,3.5,24.22,3918.35,6086.35,45.88,6040.47,operating
2030,LaFrontera Holdings LLC,Odessa-Ector Power Plant,55215,CTG2,TX,Ector,31.8403,-102.3264,176.0,6.92,NG,CT,2001,24,0.9999,1541584.0,10667761.0,570386.1,154158.4,15415.8,3948.11,3.5,24.22,3918.35,6086.35,45.88,6040.47,operating
2030,LaFrontera Holdings LLC,Odessa-Ector Power Plant,55215,CTG3,TX,Ector,31.8403,-102.3264,176.0,6.92,NG,CT,2001,24,0.9999,1541584.0,10667761.0,570386.1,154158.4,15415.8,3948.11,3.5,24.22,3918.35,6086.35,45.88,6040.47,operating
2030,LaFrontera Holdings LLC,Odessa-Ector Power Plant,55215,CTG4,TX,Ector,31.8403,-102.3264,176.0,6.92,NG,CT,2001,24,0.9999,1541584.0,10667761.0,570386.1,154158.4,15415.8,3948.11,3.5,24.22,3918.35,6086.35,45.88,6040.47,operating
2030,LaFrontera Holdings LLC,Odessa-Ector Power Plant,55215,STG1,TX,Ector,31.8403,-102.3264,224.4,6.92,NG,CA,2001,24,0.9999,1965520.0,13601396.0,727242.3,196552.0,19655.2,3948.11,3.5,24.22,3918.35,7760.09,58.49,7701.6,operating
2030,LaFrontera Holdings LLC,Odessa-Ector Power Plant,55215,STG2,TX,Ector,31.8403,-102.3264,224.4,6.92,NG,CA,2001,24,0.9999,1965520.0,13601396.0,727242.3,196552.0,19655.2,3948.11,3.5,24.22,3918.35,7760.09,58.49,7701.6,operating
2030,"Silicon Hills Campus, LLC",Central Utility Plant,10184,TG1,TX,Travis,30.397351,-97.842586,2.3,7.0,NG,ST,1988,37,0.9999,20146.0,141020.0,7453.9,2014.6,201.5,3611.3,3.5,24.5,3581.27,72.75,0.61,72.15,operating
2030,Freestone Power Generation LLC,Freestone Energy Center,55226,GT1,TX,Freestone,31.8907,-96.1131,166.7,7.04,NG,CT,2002,23,0.9999,1460125.0,10279282.0,540246.4,146012.5,14601.3,-41.82,3.5,24.64,-72.0,-61.07,44.07,-105.13,stranded
2030,Freestone Power Generation LLC,Freestone Energy Center,55226,GT2,TX,Freestone,31.8907,-96.1131,166.7,7.04,NG,CT,2002,23,0.9999,1460125.0,10279282.0,540246.4,146012.5,14601.3,-41.82,3.5,24.64,-72.0,-61.07,44.07,-105.13,stranded
2030,Freestone Power Generation LLC,Freestone Energy Center,55226,GT3,TX,Freestone,31.8907,-96.1131,166.7,7.04,NG,CT,2002,23,0.9999,1460125.0,10279282.0,540246.4,146012.5,14601.3,-41.82,3.5,24.64,-72.0,-61.07,44.07,-105.13,stranded
2030,Freestone Power Generation LLC,Freestone Energy Center,55226,GT4,TX,Freestone,31.8907,-96.1131,166.7,7.04,NG,CT,2002,23,0.9999,1460125.0,10279282.0,540246.4,146012.5,14601.3,-41.82,3.5,24.64,-72.0,-61.07,44.07,-105.13,stranded
2030,Freestone Power Generation LLC,Freestone Energy Center,55226,ST3,TX,Freestone,31.8907,-96.1131,184.6,7.04,NG,CA,2002,23,0.9999,1616911.0,11383056.0,598257.2,161691.1,16169.1,-41.82,3.5,24.64,-72.0,-67.63,48.8,-116.42,stranded
2030,Freestone Power Generation LLC,Freestone Energy Center,55226,ST6,TX,Freestone,31.8907,-96.1131,184.6,7.04,NG,CA,2002,23,0.9999,1616911.0,11383056.0,598257.2,161691.1,16169.1,-41.82,3.5,24.64,-72.0,-67.63,48.8,-116.42,stranded
2030,LaFrontera Holdings LLC,Lamar Power Project,55097,CTG1,TX,Lamar,33.6308,-95.59,176.0,7.05,NG,CT,2000,25,0.9999,1541584.0,10868167.0,570386.1,154158.4,15415.8,-41.82,3.5,24.68,-72.04,-64.48,46.58,-111.05,stranded
2030,LaFrontera Holdings LLC,Lamar Power Project,55097,CTG2,TX,Lamar,33.6308,-95.59,176.0,7.05,NG,CT,2000,25,0.9999,1541584.0,10868167.0,570386.1,154158.4,15415.8,-41.82,3.5,24.68,-72.04,-64.48,46.58,-111.05,stranded
2030,LaFrontera Holdings LLC,Lamar Power Project,55097,CTG3,TX,Lamar,33.6308,-95.59,176.0,7.05,NG,CT,2000,25,0.9999,1541584.0,10868167.0,570386.1,154158.4,15415.8,-41.82,3.5,24.68,-72.04,-64.48,46.58,-111.05,stranded
2030,LaFrontera Holdings LLC,Lamar Power Project,55097,CTG4,TX,Lamar,33.6308,-95.59,176.0,7.05,NG,CT,2000,25,0.9999,1541584.0,10868167.0,570386.1,154158.4,15415.8,-41.82,3.5,24.68,-72.04,-64.48,46.58,-111.05,stranded
2030,LaFrontera Holdings LLC,Lamar Power Project,55097,STG1,TX,Lamar,33.6308,-95.59,204.3,7.05,NG,CA,2000,25,0.9999,1789464.0,12615719.0,662101.6,178946.4,17894.6,-41.82,3.5,24.68,-72.04,-74.84,54.07,-128.91,stranded
2030,LaFrontera Holdings LLC,Lamar Power Project,55097,STG2,TX,Lamar,33.6308,-95.59,204.3,7.05,NG,CA,2000,25,0.9999,1789464.0,12615719.0,662101.6,178946.4,17894.6,-41.82,3.5,24.68,-72.04,-74.84,54.07,-128.91,stranded
2030,Guadalupe Power Partners LP,Guadalupe Generating Station,55153,CTG1,TX,Guadalupe,29.6244,-98.1419,171.1,7.07,NG,CT,2000,25,0.9999,1498665.0,10595561.0,554506.0,149866.5,14986.6,3611.3,3.5,24.75,3581.02,5412.14,45.39,5366.75,operating
2030,Guadalupe Power Partners LP,Guadalupe Generating Station,55153,CTG2,TX,Guadalupe,29.6244,-98.1419,171.1,7.07,NG,CT,2000,25,0.9999,1498665.0,10595561.0,554506.0,149866.5,14986.6,3611.3,3.5,24.75,3581.02,5412.14,45.39,5366.75,operating
2030,Guadalupe Power Partners LP,Guadalupe Generating Station,55153,CTG3,TX,Guadalupe,29.6244,-98.1419,171.1,7.07,NG,CT,2000,25,0.9999,1498665.0,10595561.0,554506.0,149866.5,14986.6,3611.3,3.5,24.75,3581.02,5412.14,45.39,5366.75,operating
2030,Guadalupe Power Partners LP,Guadalupe Generating Station,55153,CTG4,TX,Guadalupe,29.6244,-98.1419,171.1,7.07,NG,CT,2000,25,0.9999,1498665.0,10595561.0,554506.0,149866.5,14986.6,3611.3,3.5,24.75,3581.02,5412.14,45.39,5366.75,operating
2030,Guadalupe Power Partners LP,Guadalupe Generating Station,55153,STG1,TX,Guadalupe,29.6244,-98.1419,201.9,7.07,NG,CA,2000,25,0.9999,1768442.0,12502886.0,654323.6,176844.2,17684.4,3611.3,3.5,24.75,3581.02,6386.38,53.56,6332.83,operating
2030,Guadalupe Power Partners LP,Guadalupe Generating Station,55153,STG2,TX,Guadalupe,29.6244,-98.1419,201.9,7.07,NG,CA,2000,25,0.9999,1768442.0,12502886.0,654323.6,176844.2,17684.4,3611.3,3.5,24.75,3581.02,6386.38,53.56,6332.83,operating
2030,Wise County Power Company LLC,Wise County Power LLC,55320,GT1,TX,Wise,33.0583,-97.9103,261.0,7.07,NG,CT,2004,21,0.9999,2286099.0,16162720.0,845856.6,228609.9,22861.0,-41.82,3.5,24.75,-72.11,-95.61,69.23,-164.85,stranded
2030,Wise County Power Company LLC,Wise County Power LLC,55320,GT2,TX,Wise,33.0583,-97.9103,261.0,7.07,NG,CT,2004,21,0.9999,2286099.0,16162720.0,845856.6,228609.9,22861.0,-41.82,3.5,24.75,-72.11,-95.61,69.23,-164.85,stranded
2030,Wise County Power Company LLC,Wise County Power LLC,55320,ST1,TX,Wise,33.0583,-97.9103,299.7,7.07,NG,CA,2004,21,0.9999,2625072.0,18559261.0,971276.8,262507.2,26250.7,-41.82,3.5,24.75,-72.11,-109.79,79.5,-189.29,stranded
2030,Temple Generation Holdings LLC,Temple Power Station,58001,CTG-1,TX,Bell,31.055833,-97.317222,232.0,7.09,NG,CT,2014,11,0.9999,2032088.0,14407504.0,751872.6,203208.8,20320.9,3611.3,3.5,24.81,3580.95,7338.49,61.68,7276.81,operating
2030,Temple Generation Holdings LLC,Temple Power Station,58001,CTG-2,TX,Bell,31.055833,-97.317222,232.0,7.09,NG,CT,2014,11,0.9999,2032088.0,14407504.0,751872.6,203208.8,20320.9,3611.3,3.5,24.81,3580.95,7338.49,61.68,7276.81,operating
2030,Temple Generation Holdings LLC,Temple Power Station,58001,CTG-3,TX,Bell,31.055833,-97.317222,232.0,7.09,NG,CT,2015,10,1.0,2032320.0,14409149.0,751958.4,203232.0,20323.2,3611.3,3.5,24.81,3580.95,7339.33,61.69,7277.64,operating
2030,Temple Generation Holdings LLC,Temple Power Station,58001,CTG-4,TX,Bell,31.055833,-97.317222,232.0,7.09,NG,CT,2015,10,1.0,2032320.0,14409149.0,751958.4,203232.0,20323.2,3611.3,3.5,24.81,3580.95,7339.33,61.69,7277.64,operating
2030,Temple Generation Holdings LLC,Temple Power Station,58001,STG-1,TX,Bell,31.055833,-97.317222,339.2,7.09,NG,CA,2014,11,0.9999,2971053.0,21064764.0,1099289.5,297105.3,29710.5,3611.3,3.5,24.81,3580.95,10729.38,90.18,10639.2,operating
2030,Temple Generation Holdings LLC,Temple Power Station,58001,STG-2,TX,Bell,31.055833,-97.317222,339.2,7.09,NG,CA,2015,10,1.0,2971392.0,21067169.0,1099415.0,297139.2,29713.9,3611.3,3.5,24.81,3580.95,10730.6,90.19,10640.41,operating
2030,Pasadena Cogeneration LP,Pasadena Cogeneration,55047,CTG1,TX,Harris,29.72475,-95.176479,175.0,7.11,NG,CT,1998,27,0.9999,1532825.0,10898386.0,567145.2,153282.5,15328.2,-41.82,3.5,24.89,-72.25,-64.11,46.63,-110.74,stranded
2030,Pasadena Cogeneration LP,Pasadena Cogeneration,55047,CTG2,TX,Harris,29.72475,-95.176479,185.0,7.11,NG,CT,2000,25,0.9999,1620415.0,11521151.0,599553.6,162041.5,16204.1,-41.82,3.5,24.89,-72.25,-67.77,49.3,-117.07,stranded
2030,Pasadena Cogeneration LP,Pasadena Cogeneration,55047,CTG3,TX,Harris,29.72475,-95.176479,185.0,7.11,NG,CT,2000,25,0.9999,1620415.0,11521151.0,599553.6,162041.5,16204.1,-41.82,3.5,24.89,-72.25,-67.77,49.3,-117.07,stranded
2030,Pasadena Cogeneration LP,Pasadena Cogeneration,55047,STG1,TX,Harris,29.72475,-95.176479,85.0,7.11,NG,CA,1998,27,0.9999,744515.0,5293502.0,275470.5,74451.5,7445.2,-41.82,3.5,24.89,-72.25,-31.14,22.65,-53.79,stranded
2030,Pasadena Cogeneration LP,Pasadena Cogeneration,55047,STG2,TX,Harris,29.72475,-95.176479,185.0,7.11,NG,CA,2000,25,0.9999,1620415.0,11521151.0,599553.6,162041.5,16204.1,-41.82,3.5,24.89,-72.25,-67.77,49.3,-117.07,stranded
2030,"Thad Hill Energy Center, LLC",Thad Hill Energy Center,55172,GT-1,TX,Bosque,31.8594,-97.3586,154.0,7.11,NG,CT,2000,25,0.9999,1348886.0,9590579.0,499087.8,134888.6,13488.9,3611.3,3.5,24.89,3580.88,4871.24,41.04,4830.2,operating
2030,"Thad Hill Energy Center, LLC",Thad Hill Energy Center,55172,GT-2,TX,Bosque,31.8594,-97.3586,154.0,7.11,NG,CT,2000,25,0.9999,1348886.0,9590579.0,499087.8,134888.6,13488.9,3611.3,3.5,24.89,3580.88,4871.24,41.04,4830.2,operating
2030,"Thad Hill Energy Center, LLC",Thad Hill Energy Center,55172,GT-3,TX,Bosque,31.8594,-97.3586,154.0,7.11,NG,CT,2001,24,0.9999,1348886.0,9590579.0,499087.8,134888.6,13488.9,3611.3,3.5,24.89,3580.88,4871.24,41.04,4830.2,operating
2030,"Thad Hill Energy Center, LLC",Thad Hill Energy Center,55172,ST-4,TX,Bosque,31.8594,-97.3586,95.0,7.11,NG,CA,2001,24,0.9999,832105.0,5916267.0,307878.8,83210.5,8321.0,3611.3,3.5,24.89,3580.88,3004.98,25.32,2979.67,operating
2030,"Thad Hill Energy Center, LLC",Thad Hill Energy Center,55172,ST-5,TX,Bosque,31.8594,-97.3586,250.0,7.11,NG,CA,2010,15,0.9999,2189750.0,15569122.0,810207.5,218975.0,21897.5,3611.3,3.5,24.89,3580.88,7907.85,66.62,7841.24,operating
2030,Ennis Power Company LLC,Ennis Power Company LLC,55223,GT1,TX,Ellis,32.32,-96.675,285.0,7.12,NG,CT,2002,23,0.9999,2496315.0,17773763.0,923636.6,249631.5,24963.2,-41.82,3.5,24.92,-72.28,-104.41,76.04,-180.44,stranded
2030,Ennis Power Company LLC,Ennis Power Company LLC,55223,ST1,TX,Ellis,32.32,-96.675,133.0,7.12,NG,CA,2002,23,0.9999,1164947.0,8294423.0,431030.4,116494.7,11649.5,-41.82,3.5,24.92,-72.28,-48.72,35.48,-84.21,stranded
2030,City of San Antonio - (TX),Rio Nogales Power Project,55137,CTG1,TX,Guadalupe,29.593056,-97.973215,189.0,7.17,NG,CT,2002,23,0.9999,1655451.0,11869584.0,612516.9,165545.1,16554.5,3611.3,3.5,25.09,3580.67,5978.34,50.71,5927.63,operating
2030,City of San Antonio - (TX),Rio Nogales Power Project,55137,CTG2,TX,Guadalupe,29.593056,-97.973215,189.0,7.17,NG,CT,2002,23,0.9999,1655451.0,11869584.0,612516.9,165545.1,16554.5,3611.3,3.5,25.09,3580.67,5978.34,50.71,5927.63,operating
2030,City of San Antonio - (TX),Rio Nogales Power Project,55137,CTG3,TX,Guadalupe,29.593056,-97.973215,189.0,7.17,NG,CT,2002,23,0.9999,1655451.0,11869584.0,612516.9,165545.1,16554.5,3611.3,3.5,25.09,3580.67,5978.34,50.71,5927.63,operating
2030,City of San Antonio - (TX),Rio Nogales Power Project,55137,STG1,TX,Guadalupe,29.593056,-97.973215,373.2,7.17,NG,CA,2002,23,0.9999,3268859.0,23437718.0,1209477.8,326885.9,32688.6,3611.3,3.5,25.09,3580.67,11804.85,100.14,11704.71,operating
2030,Frontera Generation Limited Partnership,Frontera Energy Center,55098,GEN1,TX,Hidalgo,26.208,-98.3992,172.0,7.25,NG,CT,1999,26,0.9999,1506548.0,10922473.0,557422.8,150654.8,15065.5,-41.82,3.5,25.38,-72.74,-63.01,46.57,-109.58,stranded
2030,Frontera Generation Limited Partnership,Frontera Energy Center,55098,GEN2,TX,Hidalgo,26.208,-98.3992,172.0,7.25,NG,CT,1999,26,0.9999,1506548.0,10922473.0,557422.8,150654.8,15065.5,-41.82,3.5,25.38,-72.74,-63.01,46.57,-109.58,stranded
2030,Frontera Generation Limited Partnership,Frontera Energy Center,55098,GEN3,TX,Hidalgo,26.208,-98.3992,185.0,7.25,NG,CA,2000,25,0.9999,1620415.0,11748009.0,599553.6,162041.5,16204.1,-41.82,3.5,25.38,-72.74,-67.77,50.09,-117.87,stranded
2030,"Jack County Power, LLC",Jack County,55230,CT1,TX,Wise,33.101,-97.9574,170.0,7.28,NG,CT,2006,19,0.9999,1489030.0,10840138.0,550941.1,148903.0,14890.3,-41.82,3.5,25.48,-72.84,-62.28,46.19,-108.46,stranded
2030,"Jack County Power, LLC",Jack County,55230,CT2,TX,Wise,33.101,-97.9574,170.0,7.28,NG,CT,2006,19,0.9999,1489030.0,10840138.0,550941.1,148903.0,14890.3,-41.82,3.5,25.48,-72.84,-62.28,46.19,-108.46,stranded
2030,"Jack County Power, LLC",Jack County,55230,CT3,TX,Wise,33.101,-97.9574,170.0,7.28,NG,CT,2011,14,0.9999,1489030.0,10840138.0,550941.1,148903.0,14890.3,-41.82,3.5,25.48,-72.84,-62.28,46.19,-108.46,stranded
2030,"Jack County Power, LLC",Jack County,55230,CT4,TX,Wise,33.101,-97.9574,170.0,7.28,NG,CT,2011,14,0.9999,1489030.0,10840138.0,550941.1,148903.0,14890.3,-41.82,3.5,25.48,-72.84,-62.28,46.19,-108.46,stranded
2030,"Jack County Power, LLC",Jack County,55230,ST1,TX,Wise,33.101,-97.9574,300.0,7.28,NG,CA,2006,19,0.9999,2627700.0,19129656.0,972249.0,262770.0,26277.0,-41.82,3.5,25.48,-72.84,-109.9,81.51,-191.41,stranded
2030,"Jack County Power, LLC",Jack County,55230,ST2,TX,Wise,33.101,-97.9574,300.0,7.28,NG,CA,2011,14,0.9999,2627700.0,19129656.0,972249.0,262770.0,26277.0,-41.82,3.5,25.48,-72.84,-109.9,81.51,-191.41,stranded
2030,Tenaska Frontier Partners Ltd,Tenaska Frontier Generation Station,55062,GTG1,TX,Grimes,30.5924,-95.9178,183.2,7.29,NG,CT,2000,25,0.9999,1604649.0,11697890.0,593720.1,160464.9,16046.5,-41.82,3.5,25.52,-72.88,-67.11,49.83,-116.94,stranded
2030,Tenaska Frontier Partners Ltd,Tenaska Frontier Generation Station,55062,GTG2,TX,Grimes,30.5924,-95.9178,183.2,7.29,NG,CT,2000,25,0.9999,1604649.0,11697890.0,593720.1,160464.9,16046.5,-41.82,3.5,25.52,-72.88,-67.11,49.83,-116.94,stranded
2030,Tenaska Frontier Partners Ltd,Tenaska Frontier Generation Station,55062,GTG3,TX,Grimes,30.5924,-95.9178,183.2,7.29,NG,CT,2000,25,0.9999,1604649.0,11697890.0,593720.1,160464.9,16046.5,-41.82,3.5,25.52,-72.88,-67.11,49.83,-116.94,stranded
2030,Tenaska Frontier Partners Ltd,Tenaska Frontier Generation Station,55062,STG1,TX,Grimes,30.5924,-95.9178,390.1,7.29,NG,CA,2000,25,0.9999,3416886.0,24909098.0,1264247.8,341688.6,34168.9,-41.82,3.5,25.52,-72.88,-142.91,106.11,-249.02,stranded
2030,Lower Colorado River Authority,Lost Pines 1 Power Project,55154,CTA,TX,Bastrop,30.1478,-97.2714,202.5,7.29,NG,CT,2001,24,0.9999,1773698.0,12930255.0,656268.1,177369.8,17737.0,3611.3,3.5,25.52,3580.25,6405.36,55.08,6350.28,operating
2030,Lower Colorado River Authority,Lost Pines 1 Power Project,55154,CTB,TX,Bastrop,30.1478,-97.2714,202.5,7.29,NG,CT,2001,24,0.9999,1773698.0,12930255.0,656268.1,177369.8,17737.0,3611.3,3.5,25.52,3580.25,6405.36,55.08,6350.28,operating
2030,Lower Colorado River Authority,Lost Pines 1 Power Project,55154,ST,TX,Bastrop,30.1478,-97.2714,204.0,7.29,NG,CA,2001,24,0.9999,1786836.0,13026034.0,661129.3,178683.6,17868.4,3611.3,3.5,25.52,3580.25,6452.81,55.49,6397.32,operating
2030,Rayburn Energy Station LLC,Rayburn Energy Station LLC,58005,CTG-1,TX,Grayson,33.582573,-96.617893,232.0,7.31,NG,CT,2014,11,0.9999,2032088.0,14854563.0,751872.6,203208.8,20320.9,-41.82,3.5,25.58,-72.95,-84.99,63.25,-148.24,stranded
2030,Rayburn Energy Station LLC,Rayburn Energy Station LLC,58005,CTG-2,TX,Grayson,33.582573,-96.617893,232.0,7.31,NG,CT,2014,11,0.9999,2032088.0,14854563.0,751872.6,203208.8,20320.9,-41.82,3.5,25.58,-72.95,-84.99,63.25,-148.24,stranded
2030,Rayburn Energy Station LLC,Rayburn Energy Station LLC,58005,STG-1,TX,Grayson,33.582573,-96.617893,339.2,7.31,NG,CA,2014,11,0.9999,2971053.0,21718396.0,1099289.5,297105.3,29710.5,-41.82,3.5,25.58,-72.95,-124.26,92.47,-216.73,stranded
2030,LaFrontera Holdings LLC,Forney Energy Center,55480,ST1,TX,Kaufman,32.7563,-96.4916,382.5,7.31,NG,CA,2003,22,0.9999,3350318.0,24490821.0,1239617.5,335031.8,33503.2,-41.82,3.5,25.58,-72.95,-140.12,104.28,-244.4,stranded
2030,LaFrontera Holdings LLC,Forney Energy Center,55480,ST2,TX,Kaufman,32.7563,-96.4916,382.5,7.31,NG,CA,2003,22,0.9999,3350318.0,24490821.0,1239617.5,335031.8,33503.2,-41.82,3.5,25.58,-72.95,-140.12,104.28,-244.4,stranded
2030,LaFrontera Holdings LLC,Forney Energy Center,55480,U1,TX,Kaufman,32.7563,-96.4916,188.2,7.31,NG,CT,2003,22,0.9999,1648444.0,12050124.0,609924.2,164844.4,16484.4,-41.82,3.5,25.58,-72.95,-68.94,51.31,-120.25,stranded
2030,LaFrontera Holdings LLC,Forney Energy Center,55480,U2,TX,Kaufman,32.7563,-96.4916,188.2,7.31,NG,CT,2003,22,0.9999,1648444.0,12050124.0,609924.2,164844.4,16484.4,-41.82,3.5,25.58,-72.95,-68.94,51.31,-120.25,stranded
2030,LaFrontera Holdings LLC,Forney Energy Center,55480,U3,TX,Kaufman,32.7563,-96.4916,188.2,7.31,NG,CT,2003,22,0.9999,1648444.0,12050124.0,609924.2,164844.4,16484.4,-41.82,3.5,25.58,-72.95,-68.94,51.31,-120.25,stranded
2030,LaFrontera Holdings LLC,Forney Energy Center,55480,U4,TX,Kaufman,32.7563,-96.4916,188.2,7.31,NG,CT,2003,22,0.9999,1648444.0,12050124.0,609924.2,164844.4,16484.4,-41.82,3.5,25.58,-72.95,-68.94,51.31,-120.25,stranded
2030,LaFrontera Holdings LLC,Forney Energy Center,55480,U5,TX,Kaufman,32.7563,-96.4916,188.2,7.31,NG,CT,2003,22,0.9999,1648444.0,12050124.0,609924.2,164844.4,16484.4,-41.82,3.5,25.58,-72.95,-68.94,51.31,-120.25,stranded
2030,LaFrontera Holdings LLC,Forney Energy Center,55480,U6,TX,Kaufman,32.7563,-96.4916,188.2,7.31,NG,CT,2003,22,0.9999,1648444.0,12050124.0,609924.2,164844.4,16484.4,-41.82,3.5,25.58,-72.95,-68.94,51.31,-120.25,stranded
2030,Midlothian Energy LLC,Midlothian Energy Facility,55091,STK1,TX,Ellis,32.4302,-97.0537,289.0,7.36,NG,CS,2000,25,0.9999,2531351.0,18630743.0,936599.9,253135.1,25313.5,-41.82,3.5,25.76,-73.12,-105.87,79.23,-185.1,stranded
2030,Midlothian Energy LLC,Midlothian Energy Facility,55091,STK2,TX,Ellis,32.4302,-97.0537,289.0,7.36,NG,CS,2000,25,0.9999,2531351.0,18630743.0,936599.9,253135.1,25313.5,-41.82,3.5,25.76,-73.12,-105.87,79.23,-185.1,stranded
2030,Midlothian Energy LLC,Midlothian Energy Facility,55091,STK3,TX,Ellis,32.4302,-97.0537,289.0,7.36,NG,CS,2000,25,0.9999,2531351.0,18630743.0,936599.9,253135.1,25313.5,-41.82,3.5,25.76,-73.12,-105.87,79.23,-185.1,stranded
2030,Midlothian Energy LLC,Midlothian Energy Facility,55091,STK4,TX,Ellis,32.4302,-97.0537,289.0,7.36,NG,CS,2000,25,0.9999,2531351.0,18630743.0,936599.9,253135.1,25313.5,-41.82,3.5,25.76,-73.12,-105.87,79.23,-185.1,stranded
2030,Midlothian Energy LLC,Midlothian Energy Facility,55091,STK5,TX,Ellis,32.4302,-97.0537,289.0,7.36,NG,CS,2001,24,0.9999,2531351.0,18630743.0,936599.9,253135.1,25313.5,-41.82,3.5,25.76,-73.12,-105.87,79.23,-185.1,stranded
2030,Midlothian Energy LLC,Midlothian Energy Facility,55091,STK6,TX,Ellis,32.4302,-97.0537,289.0,7.36,NG,CS,2001,24,0.9999,2531351.0,18630743.0,936599.9,253135.1,25313.5,-41.82,3.5,25.76,-73.12,-105.87,79.23,-185.1,stranded
2030,"Wolf Hollow I Power, LLC",Wolf Hollow I LP,55139,CTG1,TX,Hood,32.33422,-97.731686,243.9,7.43,NG,CT,2003,22,0.9999,2136320.0,15872858.0,790438.4,213632.0,21363.2,-41.82,3.5,26.0,-73.37,-89.35,67.39,-156.74,stranded
2030,"Wolf Hollow I Power, LLC",Wolf Hollow I LP,55139,CTG2,TX,Hood,32.33422,-97.731686,243.9,7.43,NG,CT,2003,22,0.9999,2136320.0,15872858.0,790438.4,213632.0,21363.2,-41.82,3.5,26.0,-73.37,-89.35,67.39,-156.74,stranded
2030,"Wolf Hollow I Power, LLC",Wolf Hollow I LP,55139,ST,TX,Hood,32.33422,-97.731686,300.6,7.43,NG,CA,2003,22,0.9999,2632955.0,19562859.0,974193.5,263295.5,26329.6,-41.82,3.5,26.0,-73.37,-110.12,83.05,-193.18,stranded
2030,Calpine Corp - Hidalgo,Hidalgo Energy Center,55545,CTG1,TX,Hidalgo,26.34172,-98.175759,176.6,7.47,NG,CT,2000,25,0.9999,1546839.0,11554890.0,572330.6,154683.9,15468.4,-41.82,3.5,26.14,-73.51,-64.7,49.01,-113.71,stranded
2030,Calpine Corp - Hidalgo,Hidalgo Energy Center,55545,CTG2,TX,Hidalgo,26.34172,-98.175759,176.6,7.47,NG,CT,2000,25,0.9999,1546839.0,11554890.0,572330.6,154683.9,15468.4,-41.82,3.5,26.14,-73.51,-64.7,49.01,-113.71,stranded
2030,Calpine Corp - Hidalgo,Hidalgo Energy Center,55545,STG1,TX,Hidalgo,26.34172,-98.175759,198.1,7.47,NG,CA,2000,25,0.9999,1735158.0,12961630.0,642008.4,173515.8,17351.6,-41.82,3.5,26.14,-73.51,-72.57,54.98,-127.55,stranded
2030,"Bastrop Energy Partners, LP",Bastrop Energy Center,55168,0001,TX,Bastrop,30.1458,-97.55,188.2,7.53,NG,CT,2002,23,0.9999,1648444.0,12412782.0,609924.2,164844.4,16484.4,3611.3,3.5,26.36,3579.41,5953.03,52.58,5900.46,operating
2030,"Bastrop Energy Partners, LP",Bastrop Energy Center,55168,0002,TX,Bastrop,30.1458,-97.55,188.2,7.53,NG,CT,2002,23,0.9999,1648444.0,12412782.0,609924.2,164844.4,16484.4,3611.3,3.5,26.36,3579.41,5953.03,52.58,5900.46,operating
2030,"Bastrop Energy Partners, LP",Bastrop Energy Center,55168,0003,TX,Bastrop,30.1458,-97.55,242.3,7.53,NG,CA,2002,23,0.9999,2122306.0,15980962.0,785253.1,212230.6,21223.1,3611.3,3.5,26.36,3579.41,7664.29,67.69,7596.6,operating
2030,NRG Cedar Bayou Development Company LLC,Cedar Bayou 4,56806,4,TX,Chambers,29.751645,-94.92312,178.5,7.57,NG,CA,2009,16,0.9999,1563482.0,11835555.0,578488.2,156348.1,15634.8,-41.82,3.5,26.5,-73.86,-65.39,50.08,-115.47,stranded
2030,NRG Cedar Bayou Development Company LLC,Cedar Bayou 4,56806,41,TX,Chambers,29.751645,-94.92312,178.5,7.57,NG,CT,2009,16,0.9999,1563482.0,11835555.0,578488.2,156348.1,15634.8,-41.82,3.5,26.5,-73.86,-65.39,50.08,-115.47,stranded
2030,NRG Cedar Bayou Development Company LLC,Cedar Bayou 4,56806,42,TX,Chambers,29.751645,-94.92312,178.5,7.57,NG,CT,2009,16,0.9999,1563482.0,11835555.0,578488.2,156348.1,15634.8,-41.82,3.5,26.5,-73.86,-65.39,50.08,-115.47,stranded
2030,Calpine Corp-Magic Valley,Magic Valley Generating Station,55123,CTG1,TX,Hidalgo,26.3403,-98.19,267.0,7.64,NG,CT,2002,23,0.9999,2338653.0,17867309.0,865301.6,233865.3,23386.5,-41.82,3.5,26.74,-74.1,-97.81,75.49,-173.3,stranded
2030,Calpine Corp-Magic Valley,Magic Valley Generating Station,55123,CTG2,TX,Hidalgo,26.3403,-98.19,267.0,7.64,NG,CT,2002,23,0.9999,2338653.0,17867309.0,865301.6,233865.3,23386.5,-41.82,3.5,26.74,-74.1,-97.81,75.49,-173.3,stranded
2030,Calpine Corp-Magic Valley,Magic Valley Generating Station,55123,STG,TX,Hidalgo,26.3403,-98.19,267.0,7.64,NG,CA,2002,23,0.9999,2338653.0,17867309.0,865301.6,233865.3,23386.5,-41.82,3.5,26.74,-74.1,-97.81,75.49,-173.3,stranded
2030,"Hays Energy, LLC",Hays Energy Project,55144,U1,TX,Hays,29.7806,-97.9894,241.7,7.66,NG,CS,2002,23,0.9999,2117050.0,16216605.0,783308.6,211705.0,21170.5,3611.3,3.5,26.81,3578.96,7645.31,68.48,7576.83,operating
2030,"Hays Energy, LLC",Hays Energy Project,55144,U2,TX,Hays,29.7806,-97.9894,241.7,7.66,NG,CS,2002,23,0.9999,2117050.0,16216605.0,783308.6,211705.0,21170.5,3611.3,3.5,26.81,3578.96,7645.31,68.48,7576.83,operating
2030,"Hays Energy, LLC",Hays Energy Project,55144,U3,TX,Hays,29.7806,-97.9894,252.8,7.66,NG,CS,2002,23,0.9999,2214275.0,16961348.0,819281.8,221427.5,22142.8,3611.3,3.5,26.81,3578.96,7996.42,71.63,7924.79,operating
2030,"Hays Energy, LLC",Hays Energy Project,55144,U4,TX,Hays,29.7806,-97.9894,252.8,7.66,NG,CS,2002,23,0.9999,2214275.0,16961348.0,819281.8,221427.5,22142.8,3611.3,3.5,26.81,3578.96,7996.42,71.63,7924.79,operating
2030,Tenaska Gateway Partners Ltd,Tenaska Gateway Generating Station,55132,GTG1,TX,Rusk,32.017826,-94.619743,183.2,7.69,NG,CT,2001,24,0.9999,1604649.0,12339749.0,593720.1,160464.9,16046.5,-41.82,3.5,26.92,-74.28,-67.11,52.08,-119.19,stranded
2030,Tenaska Gateway Partners Ltd,Tenaska Gateway Generating Station,55132,GTG2,TX,Rusk,32.017826,-94.619743,183.2,7.69,NG,CT,2001,24,0.9999,1604649.0,12339749.0,593720.1,160464.9,16046.5,-41.82,3.5,26.92,-74.28,-67.11,52.08,-119.19,stranded
2030,Tenaska Gateway Partners Ltd,Tenaska Gateway Generating Station,55132,GTG3,TX,Rusk,32.017826,-94.619743,183.2,7.69,NG,CT,2001,24,0.9999,1604649.0,12339749.0,593720.1,160464.9,16046.5,-41.82,3.5,26.92,-74.28,-67.11,52.08,-119.19,stranded
2030,Tenaska Gateway Partners Ltd,Tenaska Gateway Generating Station,55132,STG1,TX,Rusk,32.017826,-94.619743,390.0,7.69,NG,CA,2001,24,0.9999,3416010.0,26269117.0,1263923.7,341601.0,34160.1,-41.82,3.5,26.92,-74.28,-142.87,110.86,-253.73,stranded
2030,Sandy Creek Energy Associates LP,Sandy Creek Energy Station,56611,S01,TX,McLennan,31.474378,-96.957149,1008.0,9.75,SUB,ST,2013,12,0.9987,8818992.0,85985172.0,8378042.4,7055193.6,15874185.6,3611.3,5.5,21.94,3578.63,31848.07,288.2,31559.87,operating
2030,Johnson County Power LLC,Johnson County,54817,GT-1,TX,Johnson,32.3994,-97.4078,178.2,7.76,NG,CT,1996,29,0.9999,1560854.0,12112225.0,577515.9,156085.4,15608.5,-41.82,3.5,27.16,-74.52,-65.28,51.04,-116.32,stranded
2030,Johnson County Power LLC,Johnson County,54817,ST-1,TX,Johnson,32.3994,-97.4078,104.4,7.76,NG,CA,1996,29,0.9999,914440.0,7096051.0,338342.7,91444.0,9144.4,-41.82,3.5,27.16,-74.52,-38.25,29.9,-68.15,stranded
2030,Union Carbide Corp-Seadrift,Union Carbide Seadrift Cogen,50150,GE10,TX,Calhoun,28.5105,-96.7706,15.0,7.77,NG,ST,1964,61,0.9999,131385.0,1020861.0,48612.4,13138.5,1313.9,3611.3,3.5,27.2,3578.57,474.47,4.3,470.17,operating
2030,Union Carbide Corp-Seadrift,Union Carbide Seadrift Cogen,50150,GEN5,TX,Calhoun,28.5105,-96.7706,15.0,7.77,NG,ST,1987,38,0.9999,131385.0,1020861.0,48612.4,13138.5,1313.9,3611.3,3.5,27.2,3578.57,474.47,4.3,470.17,operating
2030,Union Carbide Corp-Seadrift,Union Carbide Seadrift Cogen,50150,GEN7,TX,Calhoun,28.5105,-96.7706,6.0,7.77,NG,ST,1987,38,0.9999,52554.0,408345.0,19445.0,5255.4,525.5,3611.3,3.5,27.2,3578.57,189.79,1.72,188.07,operating
2030,Union Carbide Corp-Seadrift,Union Carbide Seadrift Cogen,50150,GEN9,TX,Calhoun,28.5105,-96.7706,15.0,7.77,NG,ST,1987,38,0.9999,131385.0,1020861.0,48612.4,13138.5,1313.9,3611.3,3.5,27.2,3578.57,474.47,4.3,470.17,operating
2030,City of San Antonio - (TX),Nueces Bay,3441,7,TX,Nueces,27.819412,-97.419203,351.0,7.79,NG,CA,1972,53,0.9999,3074409.0,23949646.0,1137531.3,307440.9,30744.1,3611.3,3.5,27.27,3578.5,11102.63,100.85,11001.78,operating
2030,City of San Antonio - (TX),Nueces Bay,3441,8,TX,Nueces,27.819412,-97.419203,189.6,7.79,NG,CT,2010,15,0.9999,1660706.0,12936903.0,614461.4,166070.6,16607.1,3611.3,3.5,27.27,3578.5,5997.32,54.48,5942.84,operating
2030,City of San Antonio - (TX),Nueces Bay,3441,9,TX,Nueces,27.819412,-97.419203,189.6,7.79,NG,CT,2010,15,0.9999,1660706.0,12936903.0,614461.4,166070.6,16607.1,3611.3,3.5,27.27,3578.5,5997.32,54.48,5942.84,operating
2030,City of San Antonio - (TX),J K Spruce,7097,1,TX,Bexar,29.309722,-98.3203,566.0,10.01,SUB,ST,1992,33,0.9987,4951934.0,49568859.0,4704337.3,3961547.2,8913481.2,3611.3,5.5,22.52,3578.04,17882.94,164.72,17718.22,operating
2030,City of San Antonio - (TX),J K Spruce,7097,2,TX,Bexar,29.309722,-98.3203,922.5,10.01,SUB,ST,2010,15,0.9987,8070952.0,80790235.0,7667404.9,6456762.0,14527714.5,3611.3,5.5,22.52,3578.04,29146.67,268.48,28878.19,operating
2030,City of San Antonio - (TX),Barney M Davis,4939,1,TX,Nueces,27.6064,-97.3117,352.0,8.04,NG,ST,1974,51,0.9999,3083168.0,24788671.0,1140772.2,308316.8,30831.7,3611.3,3.5,28.14,3577.63,11134.26,103.84,11030.42,operating
2030,City of San Antonio - (TX),Barney M Davis,4939,2,TX,Nueces,27.6064,-97.3117,351.0,8.04,NG,CA,1976,49,0.9999,3074409.0,24718248.0,1137531.3,307440.9,30744.1,3611.3,3.5,28.14,3577.63,11102.63,103.54,10999.09,operating
2030,City of San Antonio - (TX),Barney M Davis,4939,3,TX,Nueces,27.6064,-97.3117,189.6,8.04,NG,CT,2010,15,0.9999,1660706.0,13352079.0,614461.4,166070.6,16607.1,3611.3,3.5,28.14,3577.63,5997.32,55.93,5941.39,operating
2030,City of San Antonio - (TX),Barney M Davis,4939,4,TX,Nueces,27.6064,-97.3117,189.6,8.04,NG,CT,2010,15,0.9999,1660706.0,13352079.0,614461.4,166070.6,16607.1,3611.3,3.5,28.14,3577.63,5997.32,55.93,5941.39,operating
2030,Kinder Morgan Production Company LP,EG178 Facility,56233,CT02,TX,Scurry,32.747058,-100.954661,60.5,8.15,NG,CT,2005,20,0.9999,529920.0,4318844.0,196070.2,52992.0,5299.2,3948.11,3.5,28.53,3914.05,2092.18,18.05,2074.13,operating
2030,Kinder Morgan Production Company LP,EG178 Facility,56233,CTG1,TX,Scurry,32.747058,-100.954661,60.5,8.15,NG,CT,2005,20,0.9999,529920.0,4318844.0,196070.2,52992.0,5299.2,3948.11,3.5,28.53,3914.05,2092.18,18.05,2074.13,operating
2030,Kinder Morgan Production Company LP,EG178 Facility,56233,STG,TX,Scurry,32.747058,-100.954661,32.9,8.15,NG,CA,2005,20,0.9999,288171.0,2348594.0,106623.3,28817.1,2881.7,3948.11,3.5,28.53,3914.05,1137.73,9.82,1127.92,operating
2030,"Victoria WLE, LP",Victoria,3443,5,TX,Victoria,28.7883,-97.01,180.0,8.33,NG,CA,1963,62,0.9999,1576620.0,13133245.0,583349.4,157662.0,15766.2,3611.3,3.5,29.16,3576.61,5693.66,54.7,5638.96,operating
2030,"Victoria WLE, LP",Victoria,3443,7,TX,Victoria,28.7883,-97.01,196.9,8.33,NG,CT,2009,16,0.9999,1724647.0,14366310.0,638119.4,172464.7,17246.5,3611.3,3.5,29.16,3576.61,6228.23,59.83,6168.39,operating
2030,Coleto Creek Power LP,Coleto Creek,6178,1,TX,Goliad,28.7128,-97.214167,622.4,10.65,SUB,ST,1980,45,0.9987,5445378.0,57993271.0,5173108.7,4356302.1,9801679.7,3611.3,5.5,23.96,3576.6,19664.92,188.98,19475.94,operating
2030,Austin Energy,Sand Hill,7900,5A,TX,Travis,30.2098,-97.6129,198.0,8.4,NG,CT,2004,21,0.9999,1734282.0,14567969.0,641684.3,173428.2,17342.8,3611.3,3.5,29.4,3576.37,6263.02,60.59,6202.43,operating
2030,Austin Energy,Sand Hill,7900,5C,TX,Travis,30.2098,-97.6129,190.0,8.4,NG,CA,2004,21,0.9999,1664210.0,13979364.0,615757.7,166421.0,16642.1,3611.3,3.5,29.4,3576.37,6009.97,58.15,5951.82,operating
2030,Lower Colorado River Authority,Fayette Power Project,6179,1,TX,Fayette,29.9172,-96.7506,615.0,10.78,SUB,ST,1979,46,0.9987,5380635.0,58003245.0,5111603.2,4304508.0,9685143.0,3611.3,5.5,24.25,3576.31,19431.11,188.31,19242.81,operating
2030,Lower Colorado River Authority,Fayette Power Project,6179,2,TX,Fayette,29.9172,-96.7506,615.0,10.78,SUB,ST,1980,45,0.9987,5380635.0,58003245.0,5111603.2,4304508.0,9685143.0,3611.3,5.5,24.25,3576.31,19431.11,188.31,19242.81,operating
2030,Lower Colorado River Authority,Fayette Power Project,6179,3,TX,Fayette,29.9172,-96.7506,460.0,10.78,SUB,ST,1988,37,0.9987,4024540.0,43384541.0,3823313.0,3219632.0,7244172.0,3611.3,5.5,24.25,3576.31,14533.84,140.85,14392.99,operating
2030,Union Carbide Corp-Seadrift,Union Carbide Seadrift Cogen,50150,GE11,TX,Calhoun,28.5105,-96.7706,35.0,7.77,NG,GT,2000,25,1.0,306600.0,2382282.0,168630.0,76650.0,3066.0,3611.3,5.0,27.2,3576.08,1107.23,10.8,1096.43,operating
2030,Union Carbide Corp-Seadrift,Union Carbide Seadrift Cogen,50150,GEN6,TX,Calhoun,28.5105,-96.7706,35.0,7.77,NG,GT,1987,38,1.0,306600.0,2382282.0,168630.0,76650.0,3066.0,3611.3,5.0,27.2,3576.08,1107.23,10.8,1096.43,operating
2030,Union Carbide Corp-Seadrift,Union Carbide Seadrift Cogen,50150,GEN8,TX,Calhoun,28.5105,-96.7706,35.0,7.77,NG,GT,1987,38,1.0,306600.0,2382282.0,168630.0,76650.0,3066.0,3611.3,5.0,27.2,3576.08,1107.23,10.8,1096.43,operating
2030,Union Carbide Corp-Seadrift,Union Carbide Seadrift Cogen,50150,IGT,TX,Calhoun,28.5105,-96.7706,12.0,7.77,NG,GT,1969,56,1.0,105120.0,816782.0,57816.0,26280.0,1051.2,3611.3,5.0,27.2,3576.08,379.62,3.7,375.92,operating
2030,"Quail Run Energy Partners, LP",Quail Run Energy Center,56349,CT1A,TX,Ector,31.8414,-102.315,90.6,8.53,NG,CT,2007,18,0.9999,793565.0,6769113.0,293619.2,79356.5,7935.7,3948.11,3.5,29.85,3912.72,3133.09,28.09,3105.0,operating
2030,"Quail Run Energy Partners, LP",Quail Run Energy Center,56349,CT1B,TX,Ector,31.8414,-102.315,90.6,8.53,NG,CT,2007,18,0.9999,793565.0,6769113.0,293619.2,79356.5,7935.7,3948.11,3.5,29.85,3912.72,3133.09,28.09,3105.0,operating
2030,"Quail Run Energy Partners, LP",Quail Run Energy Center,56349,CT2A,TX,Ector,31.8414,-102.315,86.5,8.53,NG,CT,2002,23,0.9999,757654.0,6462784.0,280331.8,75765.4,7576.5,3948.11,3.5,29.85,3912.72,2991.3,26.82,2964.49,operating
2030,"Quail Run Energy Partners, LP",Quail Run Energy Center,56349,CT2B,TX,Ector,31.8414,-102.315,86.5,8.53,NG,CT,2002,23,0.9999,757654.0,6462784.0,280331.8,75765.4,7576.5,3948.11,3.5,29.85,3912.72,2991.3,26.82,2964.49,operating
2030,"Quail Run Energy Partners, LP",Quail Run Energy Center,56349,ST1,TX,Ector,31.8414,-102.315,98.1,8.53,NG,CA,2007,18,0.9999,859258.0,7329470.0,317925.4,85925.8,8592.6,3948.11,3.5,29.85,3912.72,3392.45,30.41,3362.04,operating
2030,"Quail Run Energy Partners, LP",Quail Run Energy Center,56349,ST2,TX,Ector,31.8414,-102.315,98.1,8.53,NG,CA,2008,17,0.9999,859258.0,7329470.0,317925.4,85925.8,8592.6,3948.11,3.5,29.85,3912.72,3392.45,30.41,3362.04,operating
2030,"WTG Jameson, L.P.",Jameson Gas Processing Plant,55052,620,TX,Coke,32.05,-100.6917,0.4,7.87,NG,IC,1981,44,1.0,3504.0,27576.0,1927.2,876.0,35.0,3948.11,5.0,27.55,3912.54,13.83,0.12,13.71,operating
2030,"WTG Jameson, L.P.",Jameson Gas Processing Plant,55052,621,TX,Coke,32.05,-100.6917,0.4,7.87,NG,IC,1981,44,1.0,3504.0,27576.0,1927.2,876.0,35.0,3948.11,5.0,27.55,3912.54,13.83,0.12,13.71,operating
2030,"WTG Jameson, L.P.",Jameson Gas Processing Plant,55052,622,TX,Coke,32.05,-100.6917,0.5,7.87,NG,IC,1986,39,1.0,4380.0,34471.0,2409.0,1095.0,43.8,3948.11,5.0,27.55,3912.54,17.29,0.16,17.14,operating
2030,"WTG Jameson, L.P.",Jameson Gas Processing Plant,55052,GN410,TX,Coke,32.05,-100.6917,0.5,7.87,NG,IC,2017,8,1.0,4380.0,34471.0,2409.0,1095.0,43.8,3948.11,5.0,27.55,3912.54,17.29,0.16,17.14,operating
2030,CER Colorado Bend Energy Partners LP,Colorado Bend Energy Center,56350,CT1A,TX,Wharton,29.2878,-96.0683,90.0,8.65,NG,CT,2002,23,0.9999,788310.0,6818882.0,291674.7,78831.0,7883.1,-41.82,3.5,30.28,-77.64,-32.97,28.23,-61.2,stranded
2030,CER Colorado Bend Energy Partners LP,Colorado Bend Energy Center,56350,CT1B,TX,Wharton,29.2878,-96.0683,90.0,8.65,NG,CT,2002,23,0.9999,788310.0,6818882.0,291674.7,78831.0,7883.1,-41.82,3.5,30.28,-77.64,-32.97,28.23,-61.2,stranded
2030,CER Colorado Bend Energy Partners LP,Colorado Bend Energy Center,56350,CT2A,TX,Wharton,29.2878,-96.0683,90.0,8.65,NG,CT,2002,23,0.9999,788310.0,6818882.0,291674.7,78831.0,7883.1,-41.82,3.5,30.28,-77.64,-32.97,28.23,-61.2,stranded
2030,CER Colorado Bend Energy Partners LP,Colorado Bend Energy Center,56350,CT2B,TX,Wharton,29.2878,-96.0683,90.0,8.65,NG,CT,2002,23,0.9999,788310.0,6818882.0,291674.7,78831.0,7883.1,-41.82,3.5,30.28,-77.64,-32.97,28.23,-61.2,stranded
2030,CER Colorado Bend Energy Partners LP,Colorado Bend Energy Center,56350,ST1,TX,Wharton,29.2878,-96.0683,105.1,8.65,NG,CA,2007,18,0.9999,920571.0,7962938.0,340611.2,92057.1,9205.7,-41.82,3.5,30.28,-77.64,-38.5,32.97,-71.47,stranded
2030,CER Colorado Bend Energy Partners LP,Colorado Bend Energy Center,56350,ST2,TX,Wharton,29.2878,-96.0683,115.0,8.65,NG,CA,2008,17,0.9999,1007285.0,8713015.0,372695.5,100728.5,10072.9,-41.82,3.5,30.28,-77.64,-42.13,36.07,-78.2,stranded
2030,Luminant Generation Company LLC,Oak Grove (TX),6180,OG1,TX,Robertson,31.1803,-96.4866,916.8,11.21,LIG,ST,2010,15,0.9987,8021083.0,89916343.0,7620029.0,6416866.6,14437949.8,-41.82,5.5,25.22,-77.79,-335.48,288.48,-623.95,stranded
2030,Luminant Generation Company LLC,Oak Grove (TX),6180,OG2,TX,Robertson,31.1803,-96.4866,878.6,11.21,LIG,ST,2011,14,0.9987,7686871.0,86169828.0,7302527.8,6149497.1,13836368.5,-41.82,5.5,25.22,-77.79,-321.5,276.46,-597.95,stranded
2030,NRG Texas Power LLC,W A Parish,3470,5,TX,Fort Bend,29.4828,-95.6311,734.1,11.5,SUB,ST,1977,48,0.9987,6422641.0,73860370.0,6101508.9,5138112.7,11560753.6,-41.82,5.5,25.88,-78.44,-268.62,235.18,-503.8,stranded
2030,NRG Texas Power LLC,W A Parish,3470,6,TX,Fort Bend,29.4828,-95.6311,734.1,11.5,SUB,ST,1978,47,0.9987,6422641.0,73860370.0,6101508.9,5138112.7,11560753.6,-41.82,5.5,25.88,-78.44,-268.62,235.18,-503.8,stranded
2030,NRG Texas Power LLC,W A Parish,3470,7,TX,Fort Bend,29.4828,-95.6311,614.6,11.5,SUB,ST,1980,45,0.9987,5377135.0,61837057.0,5108278.6,4301708.3,9678843.7,-41.82,5.5,25.88,-78.44,-224.89,196.9,-421.79,stranded
2030,NRG Texas Power LLC,W A Parish,3470,8,TX,Fort Bend,29.4828,-95.6311,654.0,11.5,SUB,ST,1982,43,0.9987,5721846.0,65801229.0,5435753.7,4577476.8,10299322.8,-41.82,5.5,25.88,-78.44,-239.31,209.52,-448.83,stranded
2030,Luminant Generation Company LLC,Martin Lake,6146,1,TX,Rusk,32.2606,-94.5706,793.2,11.58,SUB,ST,1977,48,0.9987,6939707.0,80361805.0,6592721.5,5551765.4,12491472.2,-41.82,5.5,26.05,-78.62,-290.25,255.36,-545.61,stranded
2030,Luminant Generation Company LLC,Martin Lake,6146,2,TX,Rusk,32.2606,-94.5706,793.2,11.58,SUB,ST,1978,47,0.9987,6939707.0,80361805.0,6592721.5,5551765.4,12491472.2,-41.82,5.5,26.05,-78.62,-290.25,255.36,-545.61,stranded
2030,Luminant Generation Company LLC,Martin Lake,6146,3,TX,Rusk,32.2606,-94.5706,793.2,11.58,SUB,ST,1979,46,0.9987,6939707.0,80361805.0,6592721.5,5551765.4,12491472.2,-41.82,5.5,26.05,-78.62,-290.25,255.36,-545.61,stranded
2030,"BHER Power Resources, Inc",C R Wing Cogen Plant,52176,GEN1,TX,Howard,32.273178,-101.422386,77.5,8.94,NG,CT,1987,38,0.9999,678822.0,6068673.0,251164.3,67882.2,6788.2,3948.11,3.5,31.29,3911.28,2680.07,25.0,2655.07,operating
2030,"BHER Power Resources, Inc",C R Wing Cogen Plant,52176,GEN2,TX,Howard,32.273178,-101.422386,77.5,8.94,NG,CT,1987,38,0.9999,678822.0,6068673.0,251164.3,67882.2,6788.2,3948.11,3.5,31.29,3911.28,2680.07,25.0,2655.07,operating
2030,"BHER Power Resources, Inc",C R Wing Cogen Plant,52176,GEN3,TX,Howard,32.273178,-101.422386,75.0,8.94,NG,CA,1988,37,0.9999,656925.0,5872910.0,243062.2,65692.5,6569.2,3948.11,3.5,31.29,3911.28,2593.61,24.19,2569.42,operating
2030,NRG Texas Power LLC,Limestone,298,1,TX,Limestone,31.4219,-96.2525,893.0,11.69,SUB,ST,1985,40,0.9987,7812857.0,91332298.0,7422214.1,6250285.6,14063142.6,-41.82,5.5,26.3,-78.87,-326.77,289.42,-616.19,stranded
2030,NRG Texas Power LLC,Limestone,298,2,TX,Limestone,31.4219,-96.2525,956.8,11.69,SUB,ST,1986,39,0.9987,8371043.0,97857495.0,7952491.0,6696834.6,15067877.8,-41.82,5.5,26.3,-78.87,-350.11,310.1,-660.21,stranded
2030,Gregory Power Partners LLC,Gregory Power Plant,55086,GT1A,TX,San Patricio,27.88929,-97.258417,184.9,9.03,NG,CT,2000,25,0.9999,1619539.0,14624438.0,599229.5,161953.9,16195.4,3611.3,3.5,31.6,3574.16,5848.65,60.16,5788.49,operating
2030,Gregory Power Partners LLC,Gregory Power Plant,55086,GT1B,TX,San Patricio,27.88929,-97.258417,184.9,9.03,NG,CT,2000,25,0.9999,1619539.0,14624438.0,599229.5,161953.9,16195.4,3611.3,3.5,31.6,3574.16,5848.65,60.16,5788.49,operating
2030,Gregory Power Partners LLC,Gregory Power Plant,55086,STG,TX,San Patricio,27.88929,-97.258417,100.0,9.03,NG,CA,2000,25,0.9999,875900.0,7909377.0,324083.0,87590.0,8759.0,3611.3,3.5,31.6,3574.16,3163.14,32.53,3130.61,operating
2030,Austin Energy,Sand Hill,7900,SH1,TX,Travis,30.2098,-97.6129,51.4,8.4,NG,GT,2001,24,1.0,450264.0,3782218.0,247645.2,112566.0,4502.6,3611.3,5.0,29.4,3573.88,1626.04,16.85,1609.19,operating
2030,Austin Energy,Sand Hill,7900,SH2,TX,Travis,30.2098,-97.6129,51.4,8.4,NG,GT,2001,24,1.0,450264.0,3782218.0,247645.2,112566.0,4502.6,3611.3,5.0,29.4,3573.88,1626.04,16.85,1609.19,operating
2030,Austin Energy,Sand Hill,7900,SH3,TX,Travis,30.2098,-97.6129,51.4,8.4,NG,GT,2001,24,1.0,450264.0,3782218.0,247645.2,112566.0,4502.6,3611.3,5.0,29.4,3573.88,1626.04,16.85,1609.19,operating
2030,Austin Energy,Sand Hill,7900,SH4,TX,Travis,30.2098,-97.6129,51.4,8.4,NG,GT,2001,24,1.0,450264.0,3782218.0,247645.2,112566.0,4502.6,3611.3,5.0,29.4,3573.88,1626.04,16.85,1609.19,operating
2030,Austin Energy,Sand Hill,7900,SH6,TX,Travis,30.2098,-97.6129,51.4,8.4,NG,GT,2010,15,1.0,450264.0,3782218.0,247645.2,112566.0,4502.6,3611.3,5.0,29.4,3573.88,1626.04,16.85,1609.19,operating
2030,Austin Energy,Sand Hill,7900,SH7,TX,Travis,30.2098,-97.6129,51.4,8.4,NG,GT,2010,15,1.0,450264.0,3782218.0,247645.2,112566.0,4502.6,3611.3,5.0,29.4,3573.88,1626.04,16.85,1609.19,operating
2030,"Major Oak Power, LLC",Major Oak Power,7030,1,TX,Robertson,31.091925,-96.69503,174.6,11.93,LIG,ST,1990,35,0.9987,1527575.0,18223975.0,1451196.6,1222060.3,2749635.7,3611.3,5.5,26.84,3573.72,5516.54,57.41,5459.13,operating
2030,"Major Oak Power, LLC",Major Oak Power,7030,2,TX,Robertson,31.091925,-96.69503,174.6,11.93,LIG,ST,1991,34,0.9987,1527575.0,18223975.0,1451196.6,1222060.3,2749635.7,3611.3,5.5,26.84,3573.72,5516.54,57.41,5459.13,operating
2030,City of Denton - (TX),Denton Energy Center,61643,DEC1,TX,Denton,33.214869,-97.209692,18.8,8.6,NG,IC,2018,7,1.0,164688.0,1416317.0,90578.4,41172.0,1646.9,-41.82,5.0,30.1,-79.95,-6.89,6.28,-13.17,stranded
2030,City of Denton - (TX),Denton Energy Center,61643,DEC10,TX,Denton,33.214869,-97.209692,18.8,8.6,NG,IC,2018,7,1.0,164688.0,1416317.0,90578.4,41172.0,1646.9,-41.82,5.0,30.1,-79.95,-6.89,6.28,-13.17,stranded
2030,City of Denton - (TX),Denton Energy Center,61643,DEC11,TX,Denton,33.214869,-97.209692,18.8,8.6,NG,IC,2018,7,1.0,164688.0,1416317.0,90578.4,41172.0,1646.9,-41.82,5.0,30.1,-79.95,-6.89,6.28,-13.17,stranded
2030,City of Denton - (TX),Denton Energy Center,61643,DEC12,TX,Denton,33.214869,-97.209692,18.8,8.6,NG,IC,2018,7,1.0,164688.0,1416317.0,90578.4,41172.0,1646.9,-41.82,5.0,30.1,-79.95,-6.89,6.28,-13.17,stranded
2030,City of Denton - (TX),Denton Energy Center,61643,DEC2,TX,Denton,33.214869,-97.209692,18.8,8.6,NG,IC,2018,7,1.0,164688.0,1416317.0,90578.4,41172.0,1646.9,-41.82,5.0,30.1,-79.95,-6.89,6.28,-13.17,stranded
2030,City of Denton - (TX),Denton Energy Center,61643,DEC3,TX,Denton,33.214869,-97.209692,18.8,8.6,NG,IC,2018,7,1.0,164688.0,1416317.0,90578.4,41172.0,1646.9,-41.82,5.0,30.1,-79.95,-6.89,6.28,-13.17,stranded
2030,City of Denton - (TX),Denton Energy Center,61643,DEC4,TX,Denton,33.214869,-97.209692,18.8,8.6,NG,IC,2018,7,1.0,164688.0,1416317.0,90578.4,41172.0,1646.9,-41.82,5.0,30.1,-79.95,-6.89,6.28,-13.17,stranded
2030,City of Denton - (TX),Denton Energy Center,61643,DEC5,TX,Denton,33.214869,-97.209692,18.8,8.6,NG,IC,2018,7,1.0,164688.0,1416317.0,90578.4,41172.0,1646.9,-41.82,5.0,30.1,-79.95,-6.89,6.28,-13.17,stranded
2030,City of Denton - (TX),Denton Energy Center,61643,DEC6,TX,Denton,33.214869,-97.209692,18.8,8.6,NG,IC,2018,7,1.0,164688.0,1416317.0,90578.4,41172.0,1646.9,-41.82,5.0,30.1,-79.95,-6.89,6.28,-13.17,stranded
2030,City of Denton - (TX),Denton Energy Center,61643,DEC7,TX,Denton,33.214869,-97.209692,18.8,8.6,NG,IC,2018,7,1.0,164688.0,1416317.0,90578.4,41172.0,1646.9,-41.82,5.0,30.1,-79.95,-6.89,6.28,-13.17,stranded
2030,City of Denton - (TX),Denton Energy Center,61643,DEC8,TX,Denton,33.214869,-97.209692,18.8,8.6,NG,IC,2018,7,1.0,164688.0,1416317.0,90578.4,41172.0,1646.9,-41.82,5.0,30.1,-79.95,-6.89,6.28,-13.17,stranded
2030,City of Denton - (TX),Denton Energy Center,61643,DEC9,TX,Denton,33.214869,-97.209692,18.8,8.6,NG,IC,2018,7,1.0,164688.0,1416317.0,90578.4,41172.0,1646.9,-41.82,5.0,30.1,-79.95,-6.89,6.28,-13.17,stranded
2030,"South Texas Electric Coop, Inc",Red Gate Power Plant,59391,ENG01,TX,Hidalgo,26.451111,-98.1775,18.7,8.6,NG,IC,2016,9,1.0,163812.0,1408783.0,90096.6,40953.0,1638.1,-41.82,5.0,30.1,-79.95,-6.85,6.25,-13.1,stranded
2030,"South Texas Electric Coop, Inc",Red Gate Power Plant,59391,ENG02,TX,Hidalgo,26.451111,-98.1775,18.7,8.6,NG,IC,2016,9,1.0,163812.0,1408783.0,90096.6,40953.0,1638.1,-41.82,5.0,30.1,-79.95,-6.85,6.25,-13.1,stranded
2030,"South Texas Electric Coop, Inc",Red Gate Power Plant,59391,ENG03,TX,Hidalgo,26.451111,-98.1775,18.7,8.6,NG,IC,2016,9,1.0,163812.0,1408783.0,90096.6,40953.0,1638.1,-41.82,5.0,30.1,-79.95,-6.85,6.25,-13.1,stranded
2030,"South Texas Electric Coop, Inc",Red Gate Power Plant,59391,ENG04,TX,Hidalgo,26.451111,-98.1775,18.7,8.6,NG,IC,2016,9,1.0,163812.0,1408783.0,90096.6,40953.0,1638.1,-41.82,5.0,30.1,-79.95,-6.85,6.25,-13.1,stranded
2030,"South Texas Electric Coop, Inc",Red Gate Power Plant,59391,ENG05,TX,Hidalgo,26.451111,-98.1775,18.7,8.6,NG,IC,2016,9,1.0,163812.0,1408783.0,90096.6,40953.0,1638.1,-41.82,5.0,30.1,-79.95,-6.85,6.25,-13.1,stranded
2030,"South Texas Electric Coop, Inc",Red Gate Power Plant,59391,ENG06,TX,Hidalgo,26.451111,-98.1775,18.7,8.6,NG,IC,2016,9,1.0,163812.0,1408783.0,90096.6,40953.0,1638.1,-41.82,5.0,30.1,-79.95,-6.85,6.25,-13.1,stranded
2030,"South Texas Electric Coop, Inc",Red Gate Power Plant,59391,ENG07,TX,Hidalgo,26.451111,-98.1775,18.7,8.6,NG,IC,2016,9,1.0,163812.0,1408783.0,90096.6,40953.0,1638.1,-41.82,5.0,30.1,-79.95,-6.85,6.25,-13.1,stranded
2030,"South Texas Electric Coop, Inc",Red Gate Power Plant,59391,ENG08,TX,Hidalgo,26.451111,-98.1775,18.7,8.6,NG,IC,2016,9,1.0,163812.0,1408783.0,90096.6,40953.0,1638.1,-41.82,5.0,30.1,-79.95,-6.85,6.25,-13.1,stranded
2030,"South Texas Electric Coop, Inc",Red Gate Power Plant,59391,ENG09,TX,Hidalgo,26.451111,-98.1775,18.7,8.6,NG,IC,2016,9,1.0,163812.0,1408783.0,90096.6,40953.0,1638.1,-41.82,5.0,30.1,-79.95,-6.85,6.25,-13.1,stranded
2030,"South Texas Electric Coop, Inc",Red Gate Power Plant,59391,ENG10,TX,Hidalgo,26.451111,-98.1775,18.7,8.6,NG,IC,2016,9,1.0,163812.0,1408783.0,90096.6,40953.0,1638.1,-41.82,5.0,30.1,-79.95,-6.85,6.25,-13.1,stranded
2030,"South Texas Electric Coop, Inc",Red Gate Power Plant,59391,ENG11,TX,Hidalgo,26.451111,-98.1775,18.7,8.6,NG,IC,2016,9,1.0,163812.0,1408783.0,90096.6,40953.0,1638.1,-41.82,5.0,30.1,-79.95,-6.85,6.25,-13.1,stranded
2030,"South Texas Electric Coop, Inc",Red Gate Power Plant,59391,ENG12,TX,Hidalgo,26.451111,-98.1775,18.7,8.6,NG,IC,2016,9,1.0,163812.0,1408783.0,90096.6,40953.0,1638.1,-41.82,5.0,30.1,-79.95,-6.85,6.25,-13.1,stranded
2030,CER Colorado Bend Energy Partners LP,Colorado Bend Energy Center,56350,CT4A,TX,Wharton,29.2878,-96.0683,37.0,8.65,NG,GT,2023,2,1.0,324120.0,2803638.0,178266.0,81030.0,3241.2,-41.82,5.0,30.28,-80.13,-13.56,12.41,-25.97,stranded
2030,CER Colorado Bend Energy Partners LP,Colorado Bend Energy Center,56350,CT4B,TX,Wharton,29.2878,-96.0683,37.0,8.65,NG,GT,2023,2,1.0,324120.0,2803638.0,178266.0,81030.0,3241.2,-41.82,5.0,30.28,-80.13,-13.56,12.41,-25.97,stranded
2030,"South Texas Electric Coop, Inc",Sam Rayburn,3631,10,TX,Victoria,28.8947,-97.135,42.0,9.44,NG,CA,2003,22,0.9999,367878.0,3472768.0,136114.9,36787.8,3678.8,3611.3,3.5,33.04,3572.73,1328.52,14.19,1314.33,operating
2030,"South Texas Electric Coop, Inc",Sam Rayburn,3631,7,TX,Victoria,28.8947,-97.135,49.2,9.44,NG,CT,2003,22,0.9999,430943.0,4068100.0,159448.8,43094.3,4309.4,3611.3,3.5,33.04,3572.73,1556.27,16.63,1539.64,operating
2030,"South Texas Electric Coop, Inc",Sam Rayburn,3631,8,TX,Victoria,28.8947,-97.135,49.2,9.44,NG,CT,2003,22,0.9999,430943.0,4068100.0,159448.8,43094.3,4309.4,3611.3,3.5,33.04,3572.73,1556.27,16.63,1539.64,operating
2030,"South Texas Electric Coop, Inc",Sam Rayburn,3631,9,TX,Victoria,28.8947,-97.135,49.2,9.44,NG,CT,2003,22,0.9999,430943.0,4068100.0,159448.8,43094.3,4309.4,3611.3,3.5,33.04,3572.73,1556.27,16.63,1539.64,operating
2030,"South Texas Electric Coop, Inc",Pearsall,3630,10A,TX,Frio,28.9275,-99.0919,8.4,9.12,NG,IC,2010,15,1.0,73584.0,671086.0,40471.2,18396.0,735.8,3611.3,5.0,31.92,3571.36,265.73,2.94,262.79,operating
2030,"South Texas Electric Coop, Inc",Pearsall,3630,11A,TX,Frio,28.9275,-99.0919,8.4,9.12,NG,IC,2010,15,1.0,73584.0,671086.0,40471.2,18396.0,735.8,3611.3,5.0,31.92,3571.36,265.73,2.94,262.79,operating
2030,"South Texas Electric Coop, Inc",Pearsall,3630,12A,TX,Frio,28.9275,-99.0919,8.4,9.12,NG,IC,2010,15,1.0,73584.0,671086.0,40471.2,18396.0,735.8,3611.3,5.0,31.92,3571.36,265.73,2.94,262.79,operating
2030,"South Texas Electric Coop, Inc",Pearsall,3630,13A,TX,Frio,28.9275,-99.0919,8.4,9.12,NG,IC,2010,15,1.0,73584.0,671086.0,40471.2,18396.0,735.8,3611.3,5.0,31.92,3571.36,265.73,2.94,262.79,operating
2030,"South Texas Electric Coop, Inc",Pearsall,3630,14A,TX,Frio,28.9275,-99.0919,8.4,9.12,NG,IC,2010,15,1.0,73584.0,671086.0,40471.2,18396.0,735.8,3611.3,5.0,31.92,3571.36,265.73,2.94,262.79,operating
2030,"South Texas Electric Coop, Inc",Pearsall,3630,15A,TX,Frio,28.9275,-99.0919,8.4,9.12,NG,IC,2010,15,1.0,73584.0,671086.0,40471.2,18396.0,735.8,3611.3,5.0,31.92,3571.36,265.73,2.94,262.79,operating
2030,"South Texas Electric Coop, Inc",Pearsall,3630,16A,TX,Frio,28.9275,-99.0919,8.4,9.12,NG,IC,2010,15,1.0,73584.0,671086.0,40471.2,18396.0,735.8,3611.3,5.0,31.92,3571.36,265.73,2.94,262.79,operating
2030,"South Texas Electric Coop, Inc",Pearsall,3630,17A,TX,Frio,28.9275,-99.0919,8.4,9.12,NG,IC,2010,15,1.0,73584.0,671086.0,40471.2,18396.0,735.8,3611.3,5.0,31.92,3571.36,265.73,2.94,262.79,operating
2030,"South Texas Electric Coop, Inc",Pearsall,3630,18A,TX,Frio,28.9275,-99.0919,8.4,9.12,NG,IC,2010,15,1.0,73584.0,671086.0,40471.2,18396.0,735.8,3611.3,5.0,31.92,3571.36,265.73,2.94,262.79,operating
2030,"South Texas Electric Coop, Inc",Pearsall,3630,19A,TX,Frio,28.9275,-99.0919,8.4,9.12,NG,IC,2010,15,1.0,73584.0,671086.0,40471.2,18396.0,735.8,3611.3,5.0,31.92,3571.36,265.73,2.94,262.79,operating
2030,"South Texas Electric Coop, Inc",Pearsall,3630,1A,TX,Frio,28.9275,-99.0919,8.4,9.12,NG,IC,2010,15,1.0,73584.0,671086.0,40471.2,18396.0,735.8,3611.3,5.0,31.92,3571.36,265.73,2.94,262.79,operating
2030,"South Texas Electric Coop, Inc",Pearsall,3630,20A,TX,Frio,28.9275,-99.0919,8.4,9.12,NG,IC,2010,15,1.0,73584.0,671086.0,40471.2,18396.0,735.8,3611.3,5.0,31.92,3571.36,265.73,2.94,262.79,operating
2030,"South Texas Electric Coop, Inc",Pearsall,3630,21A,TX,Frio,28.9275,-99.0919,8.4,9.12,NG,IC,2010,15,1.0,73584.0,671086.0,40471.2,18396.0,735.8,3611.3,5.0,31.92,3571.36,265.73,2.94,262.79,operating
2030,"South Texas Electric Coop, Inc",Pearsall,3630,22A,TX,Frio,28.9275,-99.0919,8.4,9.12,NG,IC,2010,15,1.0,73584.0,671086.0,40471.2,18396.0,735.8,3611.3,5.0,31.92,3571.36,265.73,2.94,262.79,operating
2030,"South Texas Electric Coop, Inc",Pearsall,3630,23A,TX,Frio,28.9275,-99.0919,8.4,9.12,NG,IC,2010,15,1.0,73584.0,671086.0,40471.2,18396.0,735.8,3611.3,5.0,31.92,3571.36,265.73,2.94,262.79,operating
2030,"South Texas Electric Coop, Inc",Pearsall,3630,24A,TX,Frio,28.9275,-99.0919,8.4,9.12,NG,IC,2010,15,1.0,73584.0,671086.0,40471.2,18396.0,735.8,3611.3,5.0,31.92,3571.36,265.73,2.94,262.79,operating
2030,"South Texas Electric Coop, Inc",Pearsall,3630,2A,TX,Frio,28.9275,-99.0919,8.4,9.12,NG,IC,2010,15,1.0,73584.0,671086.0,40471.2,18396.0,735.8,3611.3,5.0,31.92,3571.36,265.73,2.94,262.79,operating
2030,"South Texas Electric Coop, Inc",Pearsall,3630,3A,TX,Frio,28.9275,-99.0919,8.4,9.12,NG,IC,2010,15,1.0,73584.0,671086.0,40471.2,18396.0,735.8,3611.3,5.0,31.92,3571.36,265.73,2.94,262.79,operating
2030,"South Texas Electric Coop, Inc",Pearsall,3630,4A,TX,Frio,28.9275,-99.0919,8.4,9.12,NG,IC,2010,15,1.0,73584.0,671086.0,40471.2,18396.0,735.8,3611.3,5.0,31.92,3571.36,265.73,2.94,262.79,operating
2030,"South Texas Electric Coop, Inc",Pearsall,3630,5A,TX,Frio,28.9275,-99.0919,8.4,9.12,NG,IC,2010,15,1.0,73584.0,671086.0,40471.2,18396.0,735.8,3611.3,5.0,31.92,3571.36,265.73,2.94,262.79,operating
2030,"South Texas Electric Coop, Inc",Pearsall,3630,6A,TX,Frio,28.9275,-99.0919,8.4,9.12,NG,IC,2010,15,1.0,73584.0,671086.0,40471.2,18396.0,735.8,3611.3,5.0,31.92,3571.36,265.73,2.94,262.79,operating
2030,"South Texas Electric Coop, Inc",Pearsall,3630,7A,TX,Frio,28.9275,-99.0919,8.4,9.12,NG,IC,2010,15,1.0,73584.0,671086.0,40471.2,18396.0,735.8,3611.3,5.0,31.92,3571.36,265.73,2.94,262.79,operating
2030,"South Texas Electric Coop, Inc",Pearsall,3630,8A,TX,Frio,28.9275,-99.0919,8.4,9.12,NG,IC,2010,15,1.0,73584.0,671086.0,40471.2,18396.0,735.8,3611.3,5.0,31.92,3571.36,265.73,2.94,262.79,operating
2030,"South Texas Electric Coop, Inc",Pearsall,3630,9A,TX,Frio,28.9275,-99.0919,8.4,9.12,NG,IC,2010,15,1.0,73584.0,671086.0,40471.2,18396.0,735.8,3611.3,5.0,31.92,3571.36,265.73,2.94,262.79,operating
2030,SJRR			,SJRR Power LLC,62548,SJ-1,TX,Harris,29.88193,-95.11148,50.0,9.13,NG,GT,2022,3,1.0,438000.0,3998940.0,240900.0,109500.0,4380.0,-41.82,5.0,31.96,-81.81,-18.32,17.51,-35.83,stranded
2030,SJRR			,SJRR Power LLC,62548,SJ-2,TX,Harris,29.88193,-95.11148,50.0,9.13,NG,GT,2022,3,1.0,438000.0,3998940.0,240900.0,109500.0,4380.0,-41.82,5.0,31.96,-81.81,-18.32,17.51,-35.83,stranded
2030,"San Miguel Electric Coop, Inc",San Miguel,6183,1,TX,Atascosa,28.7044,-98.4775,410.0,13.17,LIG,ST,1982,43,0.9987,3587090.0,47241975.0,3407735.5,2869672.0,6456762.0,3611.3,5.5,29.63,3570.93,12954.08,144.83,12809.25,operating
2030,"Sky Global Power One Pledgor, LLC",Sky Global Power One,59938,UNIT1,TX,Colorado,29.550278,-96.537778,8.5,9.57,NG,IC,2016,9,1.0,74460.0,712582.0,40953.0,18615.0,744.6,3611.3,5.0,33.5,3569.78,268.9,3.09,265.81,operating
2030,"Sky Global Power One Pledgor, LLC",Sky Global Power One,59938,UNIT2,TX,Colorado,29.550278,-96.537778,8.5,9.57,NG,IC,2016,9,1.0,74460.0,712582.0,40953.0,18615.0,744.6,3611.3,5.0,33.5,3569.78,268.9,3.09,265.81,operating
2030,"Sky Global Power One Pledgor, LLC",Sky Global Power One,59938,UNIT3,TX,Colorado,29.550278,-96.537778,8.5,9.57,NG,IC,2016,9,1.0,74460.0,712582.0,40953.0,18615.0,744.6,3611.3,5.0,33.5,3569.78,268.9,3.09,265.81,operating
2030,"Sky Global Power One Pledgor, LLC",Sky Global Power One,59938,UNIT4,TX,Colorado,29.550278,-96.537778,8.5,9.57,NG,IC,2016,9,1.0,74460.0,712582.0,40953.0,18615.0,744.6,3611.3,5.0,33.5,3569.78,268.9,3.09,265.81,operating
2030,"Sky Global Power One Pledgor, LLC",Sky Global Power One,59938,UNIT5,TX,Colorado,29.550278,-96.537778,8.5,9.57,NG,IC,2016,9,1.0,74460.0,712582.0,40953.0,18615.0,744.6,3611.3,5.0,33.5,3569.78,268.9,3.09,265.81,operating
2030,"Sky Global Power One Pledgor, LLC",Sky Global Power One,59938,UNIT6,TX,Colorado,29.550278,-96.537778,8.5,9.57,NG,IC,2016,9,1.0,74460.0,712582.0,40953.0,18615.0,744.6,3611.3,5.0,33.5,3569.78,268.9,3.09,265.81,operating
2030,City of San Antonio - (TX),Laredo,3439,4,TX,Webb,27.5667,-99.5089,131.8,9.58,NG,GT,2008,17,1.0,1154568.0,11060761.0,635012.4,288642.0,11545.7,3611.3,5.0,33.53,3569.75,4169.5,47.98,4121.52,operating
2030,City of San Antonio - (TX),Laredo,3439,5,TX,Webb,27.5667,-99.5089,131.8,9.58,NG,GT,2008,17,1.0,1154568.0,11060761.0,635012.4,288642.0,11545.7,3611.3,5.0,33.53,3569.75,4169.5,47.98,4121.52,operating
2030,NRG Texas Power LLC,T H Wharton,3469,3,TX,Harris,29.9417,-95.5306,113.1,10.43,NG,CA,1974,51,0.9999,990643.0,10332405.0,366537.9,99064.3,9906.4,-41.82,3.5,36.5,-83.87,-41.43,41.65,-83.08,stranded
2030,NRG Texas Power LLC,T H Wharton,3469,31,TX,Harris,29.9417,-95.5306,54.0,10.43,NG,CT,1972,53,0.9999,472986.0,4933244.0,175004.8,47298.6,4729.9,-41.82,3.5,36.5,-83.87,-19.78,19.89,-39.67,stranded
2030,NRG Texas Power LLC,T H Wharton,3469,32,TX,Harris,29.9417,-95.5306,54.0,10.43,NG,CT,1972,53,0.9999,472986.0,4933244.0,175004.8,47298.6,4729.9,-41.82,3.5,36.5,-83.87,-19.78,19.89,-39.67,stranded
2030,NRG Texas Power LLC,T H Wharton,3469,33,TX,Harris,29.9417,-95.5306,54.0,10.43,NG,CT,1972,53,0.9999,472986.0,4933244.0,175004.8,47298.6,4729.9,-41.82,3.5,36.5,-83.87,-19.78,19.89,-39.67,stranded
2030,NRG Texas Power LLC,T H Wharton,3469,34,TX,Harris,29.9417,-95.5306,54.0,10.43,NG,CT,1972,53,0.9999,472986.0,4933244.0,175004.8,47298.6,4729.9,-41.82,3.5,36.5,-83.87,-19.78,19.89,-39.67,stranded
2030,NRG Texas Power LLC,T H Wharton,3469,4,TX,Harris,29.9417,-95.5306,113.1,10.43,NG,CA,1974,51,0.9999,990643.0,10332405.0,366537.9,99064.3,9906.4,-41.82,3.5,36.5,-83.87,-41.43,41.65,-83.08,stranded
2030,NRG Texas Power LLC,T H Wharton,3469,41,TX,Harris,29.9417,-95.5306,54.0,10.43,NG,CT,1972,53,0.9999,472986.0,4933244.0,175004.8,47298.6,4729.9,-41.82,3.5,36.5,-83.87,-19.78,19.89,-39.67,stranded
2030,NRG Texas Power LLC,T H Wharton,3469,42,TX,Harris,29.9417,-95.5306,54.0,10.43,NG,CT,1972,53,0.9999,472986.0,4933244.0,175004.8,47298.6,4729.9,-41.82,3.5,36.5,-83.87,-19.78,19.89,-39.67,stranded
2030,NRG Texas Power LLC,T H Wharton,3469,43,TX,Harris,29.9417,-95.5306,56.7,10.43,NG,CT,1974,51,0.9999,496635.0,5179906.0,183755.1,49663.5,4966.4,-41.82,3.5,36.5,-83.87,-20.77,20.88,-41.65,stranded
2030,NRG Texas Power LLC,T H Wharton,3469,44,TX,Harris,29.9417,-95.5306,56.7,10.43,NG,CT,1974,51,0.9999,496635.0,5179906.0,183755.1,49663.5,4966.4,-41.82,3.5,36.5,-83.87,-20.77,20.88,-41.65,stranded
2030,Paris Generation LP,Paris Energy Center,50109,GEN1,TX,Lamar,33.6968,-95.5577,87.8,10.66,NG,CT,1989,36,0.9999,769040.0,8197969.0,284544.9,76904.0,7690.4,-41.82,3.5,37.31,-84.67,-32.16,32.95,-65.12,stranded
2030,Paris Generation LP,Paris Energy Center,50109,GEN2,TX,Lamar,33.6968,-95.5577,87.8,10.66,NG,CT,1989,36,0.9999,769040.0,8197969.0,284544.9,76904.0,7690.4,-41.82,3.5,37.31,-84.67,-32.16,32.95,-65.12,stranded
2030,Paris Generation LP,Paris Energy Center,50109,GEN3,TX,Lamar,33.6968,-95.5577,90.0,10.66,NG,CA,1989,36,0.9999,788310.0,8403385.0,291674.7,78831.0,7883.1,-41.82,3.5,37.31,-84.67,-32.97,33.78,-66.75,stranded
2030,ProEnergy Services,Brotman Power Station,65373,CTG-1,TX,Brazoria,29.364128,-95.435068,60.5,10.12,NG,GT,2023,2,1.0,529980.0,5363398.0,291489.0,132495.0,5299.8,-41.82,5.0,35.42,-85.27,-22.17,23.03,-45.19,stranded
2030,ProEnergy Services,Brotman Power Station,65373,CTG-2,TX,Brazoria,29.364128,-95.435068,60.5,10.12,NG,GT,2023,2,1.0,529980.0,5363398.0,291489.0,132495.0,5299.8,-41.82,5.0,35.42,-85.27,-22.17,23.03,-45.19,stranded
2030,ProEnergy Services,Brotman Power Station,65373,CTG-3,TX,Brazoria,29.364128,-95.435068,60.5,10.12,NG,GT,2023,2,1.0,529980.0,5363398.0,291489.0,132495.0,5299.8,-41.82,5.0,35.42,-85.27,-22.17,23.03,-45.19,stranded
2030,ProEnergy Services,Brotman Power Station,65373,CTG-4,TX,Brazoria,29.364128,-95.435068,60.5,10.12,NG,GT,2023,2,1.0,529980.0,5363398.0,291489.0,132495.0,5299.8,-41.82,5.0,35.42,-85.27,-22.17,23.03,-45.19,stranded
2030,ProEnergy Services,Brotman Power Station,65373,CTG-5,TX,Brazoria,29.364128,-95.435068,60.5,10.12,NG,GT,2023,2,1.0,529980.0,5363398.0,291489.0,132495.0,5299.8,-41.82,5.0,35.42,-85.27,-22.17,23.03,-45.19,stranded
2030,ProEnergy Services,Brotman Power Station,65373,CTG-6,TX,Brazoria,29.364128,-95.435068,60.5,10.12,NG,GT,2023,2,1.0,529980.0,5363398.0,291489.0,132495.0,5299.8,-41.82,5.0,35.42,-85.27,-22.17,23.03,-45.19,stranded
2030,ProEnergy Services,Brotman Power Station,65373,CTG-7,TX,Brazoria,29.364128,-95.435068,60.5,10.12,NG,GT,2023,2,1.0,529980.0,5363398.0,291489.0,132495.0,5299.8,-41.82,5.0,35.42,-85.27,-22.17,23.03,-45.19,stranded
2030,ProEnergy Services,Brotman Power Station,65373,CTG-8,TX,Brazoria,29.364128,-95.435068,60.5,10.12,NG,GT,2023,2,1.0,529980.0,5363398.0,291489.0,132495.0,5299.8,-41.82,5.0,35.42,-85.27,-22.17,23.03,-45.19,stranded
2030,City of San Antonio - (TX),O W Sommers,3611,1,TX,Bexar,29.308056,-98.3242,446.0,10.88,NG,ST,1972,53,0.9999,3906514.0,42502872.0,1445410.2,390651.4,39065.1,3611.3,3.5,38.08,3567.69,14107.61,170.4,13937.21,operating
2030,City of San Antonio - (TX),O W Sommers,3611,2,TX,Bexar,29.308056,-98.3242,446.0,10.88,NG,ST,1974,51,0.9999,3906514.0,42502872.0,1445410.2,390651.4,39065.1,3611.3,3.5,38.08,3567.69,14107.61,170.4,13937.21,operating
2030,"EnLink Midstream Services, LLC",Bridgeport Gas Processing Plant,55053,14,TX,Wise,33.195763,-97.802547,0.8,10.2,NG,IC,2013,12,1.0,7008.0,71482.0,3854.4,1752.0,70.1,-41.82,5.0,35.7,-85.55,-0.29,0.31,-0.6,stranded
2030,"EnLink Midstream Services, LLC",Bridgeport Gas Processing Plant,55053,15,TX,Wise,33.195763,-97.802547,0.8,10.2,NG,IC,2013,12,1.0,7008.0,71482.0,3854.4,1752.0,70.1,-41.82,5.0,35.7,-85.55,-0.29,0.31,-0.6,stranded
2030,"EnLink Midstream Services, LLC",Bridgeport Gas Processing Plant,55053,16,TX,Wise,33.195763,-97.802547,0.8,10.2,NG,IC,2013,12,1.0,7008.0,71482.0,3854.4,1752.0,70.1,-41.82,5.0,35.7,-85.55,-0.29,0.31,-0.6,stranded
2030,"EnLink Midstream Services, LLC",Bridgeport Gas Processing Plant,55053,17,TX,Wise,33.195763,-97.802547,0.8,10.2,NG,IC,2013,12,1.0,7008.0,71482.0,3854.4,1752.0,70.1,-41.82,5.0,35.7,-85.55,-0.29,0.31,-0.6,stranded
2030,"EnLink Midstream Services, LLC",Bridgeport Gas Processing Plant,55053,2723,TX,Wise,33.195763,-97.802547,0.8,10.2,NG,IC,2009,16,1.0,7008.0,71482.0,3854.4,1752.0,70.1,-41.82,5.0,35.7,-85.55,-0.29,0.31,-0.6,stranded
2030,"EnLink Midstream Services, LLC",Bridgeport Gas Processing Plant,55053,654,TX,Wise,33.195763,-97.802547,0.8,10.2,NG,IC,2000,25,1.0,7008.0,71482.0,3854.4,1752.0,70.1,-41.82,5.0,35.7,-85.55,-0.29,0.31,-0.6,stranded
2030,"EnLink Midstream Services, LLC",Bridgeport Gas Processing Plant,55053,655,TX,Wise,33.195763,-97.802547,0.8,10.2,NG,IC,2001,24,1.0,7008.0,71482.0,3854.4,1752.0,70.1,-41.82,5.0,35.7,-85.55,-0.29,0.31,-0.6,stranded
2030,"EnLink Midstream Services, LLC",Bridgeport Gas Processing Plant,55053,656,TX,Wise,33.195763,-97.802547,0.8,10.2,NG,IC,2001,24,1.0,7008.0,71482.0,3854.4,1752.0,70.1,-41.82,5.0,35.7,-85.55,-0.29,0.31,-0.6,stranded
2030,"EnLink Midstream Services, LLC",Bridgeport Gas Processing Plant,55053,657,TX,Wise,33.195763,-97.802547,0.8,10.2,NG,IC,2001,24,1.0,7008.0,71482.0,3854.4,1752.0,70.1,-41.82,5.0,35.7,-85.55,-0.29,0.31,-0.6,stranded
2030,"EnLink Midstream Services, LLC",Bridgeport Gas Processing Plant,55053,658,TX,Wise,33.195763,-97.802547,0.8,10.2,NG,IC,2001,24,1.0,7008.0,71482.0,3854.4,1752.0,70.1,-41.82,5.0,35.7,-85.55,-0.29,0.31,-0.6,stranded
2030,"EnLink Midstream Services, LLC",Bridgeport Gas Processing Plant,55053,666,TX,Wise,33.195763,-97.802547,0.8,10.2,NG,IC,2001,24,1.0,7008.0,71482.0,3854.4,1752.0,70.1,-41.82,5.0,35.7,-85.55,-0.29,0.31,-0.6,stranded
2030,"EnLink Midstream Services, LLC",Bridgeport Gas Processing Plant,55053,667,TX,Wise,33.195763,-97.802547,0.8,10.2,NG,IC,2001,24,1.0,7008.0,71482.0,3854.4,1752.0,70.1,-41.82,5.0,35.7,-85.55,-0.29,0.31,-0.6,stranded
2030,"EnLink Midstream Services, LLC",Bridgeport Gas Processing Plant,55053,671,TX,Wise,33.195763,-97.802547,0.8,10.2,NG,IC,2002,23,1.0,7008.0,71482.0,3854.4,1752.0,70.1,-41.82,5.0,35.7,-85.55,-0.29,0.31,-0.6,stranded
2030,City of San Antonio - (TX),Topaz Generating,63688,CTG-1,TX,Galveston,29.426389,-94.976667,60.5,10.25,NG,GT,2021,4,1.0,529980.0,5432295.0,291489.0,132495.0,5299.8,-41.82,5.0,35.88,-85.73,-22.17,23.27,-45.43,stranded
2030,City of San Antonio - (TX),Topaz Generating,63688,CTG-2,TX,Galveston,29.426389,-94.976667,60.5,10.25,NG,GT,2021,4,1.0,529980.0,5432295.0,291489.0,132495.0,5299.8,-41.82,5.0,35.88,-85.73,-22.17,23.27,-45.43,stranded
2030,City of San Antonio - (TX),Topaz Generating,63688,CTG-3,TX,Galveston,29.426389,-94.976667,60.5,10.25,NG,GT,2021,4,1.0,529980.0,5432295.0,291489.0,132495.0,5299.8,-41.82,5.0,35.88,-85.73,-22.17,23.27,-45.43,stranded
2030,City of San Antonio - (TX),Topaz Generating,63688,CTG-4,TX,Galveston,29.426389,-94.976667,60.5,10.25,NG,GT,2021,4,1.0,529980.0,5432295.0,291489.0,132495.0,5299.8,-41.82,5.0,35.88,-85.73,-22.17,23.27,-45.43,stranded
2030,City of San Antonio - (TX),Topaz Generating,63688,CTG-5,TX,Galveston,29.426389,-94.976667,60.5,10.25,NG,GT,2021,4,1.0,529980.0,5432295.0,291489.0,132495.0,5299.8,-41.82,5.0,35.88,-85.73,-22.17,23.27,-45.43,stranded
2030,City of San Antonio - (TX),Topaz Generating,63688,CTG-6,TX,Galveston,29.426389,-94.976667,60.5,10.25,NG,GT,2021,4,1.0,529980.0,5432295.0,291489.0,132495.0,5299.8,-41.82,5.0,35.88,-85.73,-22.17,23.27,-45.43,stranded
2030,City of San Antonio - (TX),Topaz Generating,63688,CTG-7,TX,Galveston,29.426389,-94.976667,60.5,10.25,NG,GT,2021,4,1.0,529980.0,5432295.0,291489.0,132495.0,5299.8,-41.82,5.0,35.88,-85.73,-22.17,23.27,-45.43,stranded
2030,City of San Antonio - (TX),Topaz Generating,63688,CTG-8,TX,Galveston,29.426389,-94.976667,60.5,10.25,NG,GT,2021,4,1.0,529980.0,5432295.0,291489.0,132495.0,5299.8,-41.82,5.0,35.88,-85.73,-22.17,23.27,-45.43,stranded
2030,City of San Antonio - (TX),Topaz Generating,63688,CTG-9,TX,Galveston,29.426389,-94.976667,60.5,10.25,NG,GT,2021,4,1.0,529980.0,5432295.0,291489.0,132495.0,5299.8,-41.82,5.0,35.88,-85.73,-22.17,23.27,-45.43,stranded
2030,City of San Antonio - (TX),Topaz Generating,63688,CTG10,TX,Galveston,29.426389,-94.976667,60.5,10.25,NG,GT,2021,4,1.0,529980.0,5432295.0,291489.0,132495.0,5299.8,-41.82,5.0,35.88,-85.73,-22.17,23.27,-45.43,stranded
2030,City of San Antonio - (TX),Mark One Power Station,65372,CTG-1,TX,Brazoria,29.227109,-95.430756,60.5,10.3,NG,GT,2022,3,1.0,529980.0,5458794.0,291489.0,132495.0,5299.8,-41.82,5.0,36.05,-85.9,-22.17,23.36,-45.53,stranded
2030,City of San Antonio - (TX),Mark One Power Station,65372,CTG-2,TX,Brazoria,29.227109,-95.430756,60.5,10.3,NG,GT,2022,3,1.0,529980.0,5458794.0,291489.0,132495.0,5299.8,-41.82,5.0,36.05,-85.9,-22.17,23.36,-45.53,stranded
2030,City of San Antonio - (TX),Mark One Power Station,65372,CTG-3,TX,Brazoria,29.227109,-95.430756,60.5,10.3,NG,GT,2022,3,1.0,529980.0,5458794.0,291489.0,132495.0,5299.8,-41.82,5.0,36.05,-85.9,-22.17,23.36,-45.53,stranded
2030,City of San Antonio - (TX),Mark One Power Station,65372,CTG-4,TX,Brazoria,29.227109,-95.430756,60.5,10.3,NG,GT,2022,3,1.0,529980.0,5458794.0,291489.0,132495.0,5299.8,-41.82,5.0,36.05,-85.9,-22.17,23.36,-45.53,stranded
2030,City of San Antonio - (TX),Mark One Power Station,65372,CTG-5,TX,Brazoria,29.227109,-95.430756,60.5,10.3,NG,GT,2022,3,1.0,529980.0,5458794.0,291489.0,132495.0,5299.8,-41.82,5.0,36.05,-85.9,-22.17,23.36,-45.53,stranded
2030,City of San Antonio - (TX),Mark One Power Station,65372,CTG-6,TX,Brazoria,29.227109,-95.430756,60.5,10.3,NG,GT,2022,3,1.0,529980.0,5458794.0,291489.0,132495.0,5299.8,-41.82,5.0,36.05,-85.9,-22.17,23.36,-45.53,stranded
2030,City of San Antonio - (TX),Mark One Power Station,65372,CTG-7,TX,Brazoria,29.227109,-95.430756,60.5,10.3,NG,GT,2024,1,1.0,529980.0,5458794.0,291489.0,132495.0,5299.8,-41.82,5.0,36.05,-85.9,-22.17,23.36,-45.53,stranded
2030,City of San Antonio - (TX),Mark One Power Station,65372,CTG-8,TX,Brazoria,29.227109,-95.430756,60.5,10.3,NG,GT,2024,1,1.0,529980.0,5458794.0,291489.0,132495.0,5299.8,-41.82,5.0,36.05,-85.9,-22.17,23.36,-45.53,stranded
2030,City of San Antonio - (TX),V H Braunig,3612,1,TX,Bexar,29.2567,-98.3825,225.0,11.03,NG,ST,1966,59,0.9999,1970775.0,21737648.0,729186.8,197077.5,19707.8,3611.3,3.5,38.6,3567.16,7117.07,87.0,7030.07,operating
2030,City of San Antonio - (TX),V H Braunig,3612,2,TX,Bexar,29.2567,-98.3825,252.0,11.03,NG,ST,1968,57,0.9999,2207268.0,24346166.0,816689.2,220726.8,22072.7,3611.3,3.5,38.6,3567.16,7971.12,97.44,7873.68,operating
2030,City of San Antonio - (TX),V H Braunig,3612,3,TX,Bexar,29.2567,-98.3825,417.0,11.03,NG,ST,1970,55,0.9999,3652503.0,40287108.0,1351426.1,365250.3,36525.0,3611.3,3.5,38.6,3567.16,13190.3,161.24,13029.07,operating
2030,City of San Antonio - (TX),Remy Jade Power Station,66604,CTG-1,TX,Harris,29.848372,-95.016398,60.5,10.32,NG,GT,2024,1,1.0,529980.0,5469394.0,291489.0,132495.0,5299.8,-41.82,5.0,36.12,-85.97,-22.17,23.4,-45.56,stranded
2030,City of San Antonio - (TX),Remy Jade Power Station,66604,CTG-2,TX,Harris,29.848372,-95.016398,60.5,10.32,NG,GT,2024,1,1.0,529980.0,5469394.0,291489.0,132495.0,5299.8,-41.82,5.0,36.12,-85.97,-22.17,23.4,-45.56,stranded
2030,City of San Antonio - (TX),Remy Jade Power Station,66604,CTG-3,TX,Harris,29.848372,-95.016398,60.5,10.32,NG,GT,2024,1,1.0,529980.0,5469394.0,291489.0,132495.0,5299.8,-41.82,5.0,36.12,-85.97,-22.17,23.4,-45.56,stranded
2030,City of San Antonio - (TX),Remy Jade Power Station,66604,CTG-4,TX,Harris,29.848372,-95.016398,60.5,10.32,NG,GT,2024,1,1.0,529980.0,5469394.0,291489.0,132495.0,5299.8,-41.82,5.0,36.12,-85.97,-22.17,23.4,-45.56,stranded
2030,City of San Antonio - (TX),Remy Jade Power Station,66604,CTG-5,TX,Harris,29.848372,-95.016398,60.5,10.32,NG,GT,2024,1,1.0,529980.0,5469394.0,291489.0,132495.0,5299.8,-41.82,5.0,36.12,-85.97,-22.17,23.4,-45.56,stranded
2030,City of San Antonio - (TX),Remy Jade Power Station,66604,CTG-6,TX,Harris,29.848372,-95.016398,60.5,10.32,NG,GT,2024,1,1.0,529980.0,5469394.0,291489.0,132495.0,5299.8,-41.82,5.0,36.12,-85.97,-22.17,23.4,-45.56,stranded
2030,City of San Antonio - (TX),Remy Jade Power Station,66604,CTG-7,TX,Harris,29.848372,-95.016398,60.5,10.32,NG,GT,2024,1,1.0,529980.0,5469394.0,291489.0,132495.0,5299.8,-41.82,5.0,36.12,-85.97,-22.17,23.4,-45.56,stranded
2030,City of San Antonio - (TX),Remy Jade Power Station,66604,CTG-8,TX,Harris,29.848372,-95.016398,60.5,10.32,NG,GT,2024,1,1.0,529980.0,5469394.0,291489.0,132495.0,5299.8,-41.82,5.0,36.12,-85.97,-22.17,23.4,-45.56,stranded
2030,City of San Antonio - (TX),HO Clarke Generating,63335,CTG-1,TX,Harris,29.64536,-95.45169,60.5,10.34,NG,GT,2021,4,1.0,529980.0,5479993.0,291489.0,132495.0,5299.8,-41.82,5.0,36.19,-86.04,-22.17,23.43,-45.6,stranded
2030,City of San Antonio - (TX),HO Clarke Generating,63335,CTG-2,TX,Harris,29.64536,-95.45169,60.5,10.34,NG,GT,2021,4,1.0,529980.0,5479993.0,291489.0,132495.0,5299.8,-41.82,5.0,36.19,-86.04,-22.17,23.43,-45.6,stranded
2030,City of San Antonio - (TX),HO Clarke Generating,63335,CTG-3,TX,Harris,29.64536,-95.45169,60.5,10.34,NG,GT,2021,4,1.0,529980.0,5479993.0,291489.0,132495.0,5299.8,-41.82,5.0,36.19,-86.04,-22.17,23.43,-45.6,stranded
2030,City of San Antonio - (TX),HO Clarke Generating,63335,CTG-4,TX,Harris,29.64536,-95.45169,60.5,10.34,NG,GT,2021,4,1.0,529980.0,5479993.0,291489.0,132495.0,5299.8,-41.82,5.0,36.19,-86.04,-22.17,23.43,-45.6,stranded
2030,City of San Antonio - (TX),HO Clarke Generating,63335,CTG-5,TX,Harris,29.64536,-95.45169,60.5,10.34,NG,GT,2021,4,1.0,529980.0,5479993.0,291489.0,132495.0,5299.8,-41.82,5.0,36.19,-86.04,-22.17,23.43,-45.6,stranded
2030,City of San Antonio - (TX),HO Clarke Generating,63335,CTG-6,TX,Harris,29.64536,-95.45169,60.5,10.34,NG,GT,2021,4,1.0,529980.0,5479993.0,291489.0,132495.0,5299.8,-41.82,5.0,36.19,-86.04,-22.17,23.43,-45.6,stranded
2030,City of San Antonio - (TX),HO Clarke Generating,63335,CTG-7,TX,Harris,29.64536,-95.45169,60.5,10.34,NG,GT,2021,4,1.0,529980.0,5479993.0,291489.0,132495.0,5299.8,-41.82,5.0,36.19,-86.04,-22.17,23.43,-45.6,stranded
2030,City of San Antonio - (TX),HO Clarke Generating,63335,CTG-8,TX,Harris,29.64536,-95.45169,60.5,10.34,NG,GT,2021,4,1.0,529980.0,5479993.0,291489.0,132495.0,5299.8,-41.82,5.0,36.19,-86.04,-22.17,23.43,-45.6,stranded
2030,Tres Power Victoria LLC,"Tres Port Power, LLC",61242,VP-1,TX,Victoria,28.69637,-96.9453,50.0,10.36,NG,GT,2019,6,1.0,438000.0,4537680.0,240900.0,109500.0,4380.0,3611.3,5.0,36.26,3567.02,1581.75,19.4,1562.35,operating
2030,Tres Power Victoria LLC,"Tres Port Power, LLC",61242,VP-2,TX,Victoria,28.69637,-96.9453,50.0,10.36,NG,GT,2019,6,1.0,438000.0,4537680.0,240900.0,109500.0,4380.0,3611.3,5.0,36.26,3567.02,1581.75,19.4,1562.35,operating
2030,Ameresco Dallas LLC,Ameresco Dallas LLC,58946,ENG1,TX,Dallas,32.648611,-96.644444,1.4,10.36,LFG,IC,2011,14,1.0,12264.0,127055.0,6745.2,3066.0,122.6,-41.82,5.0,36.26,-86.11,-0.51,0.54,-1.06,stranded
2030,Ameresco Dallas LLC,Ameresco Dallas LLC,58946,ENG2,TX,Dallas,32.648611,-96.644444,1.4,10.36,LFG,IC,2011,14,1.0,12264.0,127055.0,6745.2,3066.0,122.6,-41.82,5.0,36.26,-86.11,-0.51,0.54,-1.06,stranded
2030,Ameresco Dallas LLC,Ameresco Dallas LLC,58946,ENG3,TX,Dallas,32.648611,-96.644444,1.4,10.36,LFG,IC,2011,14,1.0,12264.0,127055.0,6745.2,3066.0,122.6,-41.82,5.0,36.26,-86.11,-0.51,0.54,-1.06,stranded
2030,ProEnergy Services,Braes Bayou Plant,64383,CTG-1,TX,Fort Bend,29.480277,-95.620277,60.5,10.38,NG,GT,2022,3,1.0,529980.0,5501192.0,291489.0,132495.0,5299.8,-41.82,5.0,36.33,-86.18,-22.17,23.51,-45.67,stranded
2030,ProEnergy Services,Braes Bayou Plant,64383,CTG-2,TX,Fort Bend,29.480277,-95.620277,60.5,10.38,NG,GT,2022,3,1.0,529980.0,5501192.0,291489.0,132495.0,5299.8,-41.82,5.0,36.33,-86.18,-22.17,23.51,-45.67,stranded
2030,ProEnergy Services,Braes Bayou Plant,64383,CTG-3,TX,Fort Bend,29.480277,-95.620277,60.5,10.38,NG,GT,2022,3,1.0,529980.0,5501192.0,291489.0,132495.0,5299.8,-41.82,5.0,36.33,-86.18,-22.17,23.51,-45.67,stranded
2030,ProEnergy Services,Braes Bayou Plant,64383,CTG-4,TX,Fort Bend,29.480277,-95.620277,60.5,10.38,NG,GT,2022,3,1.0,529980.0,5501192.0,291489.0,132495.0,5299.8,-41.82,5.0,36.33,-86.18,-22.17,23.51,-45.67,stranded
2030,ProEnergy Services,Braes Bayou Plant,64383,CTG-5,TX,Fort Bend,29.480277,-95.620277,60.5,10.38,NG,GT,2022,3,1.0,529980.0,5501192.0,291489.0,132495.0,5299.8,-41.82,5.0,36.33,-86.18,-22.17,23.51,-45.67,stranded
2030,ProEnergy Services,Braes Bayou Plant,64383,CTG-6,TX,Fort Bend,29.480277,-95.620277,60.5,10.38,NG,GT,2022,3,1.0,529980.0,5501192.0,291489.0,132495.0,5299.8,-41.82,5.0,36.33,-86.18,-22.17,23.51,-45.67,stranded
2030,ProEnergy Services,Braes Bayou Plant,64383,CTG-7,TX,Fort Bend,29.480277,-95.620277,60.5,10.38,NG,GT,2022,3,1.0,529980.0,5501192.0,291489.0,132495.0,5299.8,-41.82,5.0,36.33,-86.18,-22.17,23.51,-45.67,stranded
2030,ProEnergy Services,Braes Bayou Plant,64383,CTG-8,TX,Fort Bend,29.480277,-95.620277,60.5,10.38,NG,GT,2022,3,1.0,529980.0,5501192.0,291489.0,132495.0,5299.8,-41.82,5.0,36.33,-86.18,-22.17,23.51,-45.67,stranded
2030,City of San Antonio - (TX),Leon Creek,3609,CGT1,TX,Bexar,29.3525,-98.5761,57.4,10.38,NG,GT,2004,21,1.0,502824.0,5219313.0,276553.2,125706.0,5028.2,3611.3,5.0,36.33,3566.95,1815.85,22.3,1793.55,operating
2030,City of San Antonio - (TX),Leon Creek,3609,CGT2,TX,Bexar,29.3525,-98.5761,57.4,10.38,NG,GT,2004,21,1.0,502824.0,5219313.0,276553.2,125706.0,5028.2,3611.3,5.0,36.33,3566.95,1815.85,22.3,1793.55,operating
2030,City of San Antonio - (TX),Leon Creek,3609,CGT3,TX,Bexar,29.3525,-98.5761,57.4,10.38,NG,GT,2004,21,1.0,502824.0,5219313.0,276553.2,125706.0,5028.2,3611.3,5.0,36.33,3566.95,1815.85,22.3,1793.55,operating
2030,City of San Antonio - (TX),Leon Creek,3609,CGT4,TX,Bexar,29.3525,-98.5761,57.4,10.38,NG,GT,2004,21,1.0,502824.0,5219313.0,276553.2,125706.0,5028.2,3611.3,5.0,36.33,3566.95,1815.85,22.3,1793.55,operating
2030,NRG Texas Power LLC,T H Wharton,3469,51,TX,Harris,29.9417,-95.5306,85.0,10.43,NG,GT,1975,50,1.0,744600.0,7766178.0,409530.0,186150.0,7446.0,-41.82,5.0,36.5,-86.36,-31.14,33.16,-64.3,stranded
2030,NRG Texas Power LLC,T H Wharton,3469,52,TX,Harris,29.9417,-95.5306,85.0,10.43,NG,GT,1975,50,1.0,744600.0,7766178.0,409530.0,186150.0,7446.0,-41.82,5.0,36.5,-86.36,-31.14,33.16,-64.3,stranded
2030,NRG Texas Power LLC,T H Wharton,3469,53,TX,Harris,29.9417,-95.5306,85.0,10.43,NG,GT,1975,50,1.0,744600.0,7766178.0,409530.0,186150.0,7446.0,-41.82,5.0,36.5,-86.36,-31.14,33.16,-64.3,stranded
2030,NRG Texas Power LLC,T H Wharton,3469,54,TX,Harris,29.9417,-95.5306,85.0,10.43,NG,GT,1975,50,1.0,744600.0,7766178.0,409530.0,186150.0,7446.0,-41.82,5.0,36.5,-86.36,-31.14,33.16,-64.3,stranded
2030,NRG Texas Power LLC,T H Wharton,3469,55,TX,Harris,29.9417,-95.5306,85.0,10.43,NG,GT,1975,50,1.0,744600.0,7766178.0,409530.0,186150.0,7446.0,-41.82,5.0,36.5,-86.36,-31.14,33.16,-64.3,stranded
2030,NRG Texas Power LLC,T H Wharton,3469,56,TX,Harris,29.9417,-95.5306,85.0,10.43,NG,GT,1975,50,1.0,744600.0,7766178.0,409530.0,186150.0,7446.0,-41.82,5.0,36.5,-86.36,-31.14,33.16,-64.3,stranded
2030,NRG Texas Power LLC,T H Wharton,3469,GT1,TX,Harris,29.9417,-95.5306,16.3,10.43,NG,GT,1967,58,1.0,142788.0,1489279.0,78533.4,35697.0,1427.9,-41.82,5.0,36.5,-86.36,-5.97,6.36,-12.33,stranded
2030,NRG Texas Power LLC,Cedar Bayou,3460,1,TX,Chambers,29.75,-94.9256,765.0,11.16,NG,ST,1970,55,0.9999,6700635.0,74779087.0,2479235.0,670063.5,67006.4,-41.82,3.5,39.06,-86.42,-280.25,298.84,-579.09,stranded
2030,NRG Texas Power LLC,Cedar Bayou,3460,2,TX,Chambers,29.75,-94.9256,765.0,11.16,NG,ST,1972,53,0.9999,6700635.0,74779087.0,2479235.0,670063.5,67006.4,-41.82,3.5,39.06,-86.42,-280.25,298.84,-579.09,stranded
2030,Deer Park Refinery Limited Partnership (DPRLP),Shell Deer Park,50304,GEN4,TX,Harris,29.723185,-95.128856,88.2,10.45,NG,GT,1995,30,1.0,772632.0,8074004.0,424947.6,193158.0,7726.3,-41.82,5.0,36.57,-86.43,-32.31,34.46,-66.78,stranded
2030,Deer Park Refinery Limited Partnership (DPRLP),Shell Deer Park,50304,GEN5,TX,Harris,29.723185,-95.128856,94.0,10.45,NG,GT,1995,30,1.0,823440.0,8604948.0,452892.0,205860.0,8234.4,-41.82,5.0,36.57,-86.43,-34.44,36.73,-71.17,stranded
2030,"Silicon Hills Campus, LLC",Central Utility Plant,10184,EG1,TX,Travis,30.397351,-97.842586,6.0,10.5,NG,IC,1988,37,1.0,52560.0,551880.0,28908.0,13140.0,525.6,3611.3,5.0,36.75,3566.53,189.81,2.35,187.46,operating
2030,"Silicon Hills Campus, LLC",Central Utility Plant,10184,EG2,TX,Travis,30.397351,-97.842586,6.0,10.5,NG,IC,1988,37,1.0,52560.0,551880.0,28908.0,13140.0,525.6,3611.3,5.0,36.75,3566.53,189.81,2.35,187.46,operating
2030,"Walmart Stores Texas, LLC",WAL537,64796,GEN1,TX,Ector,31.8957,-102.332512,0.4,10.5,NG,IC,2021,4,1.0,3504.0,36792.0,1927.2,876.0,35.0,3948.11,5.0,36.75,3903.34,13.83,0.16,13.68,operating
2030,"Walmart Stores Texas, LLC",WAL537,64796,GEN2,TX,Ector,31.8957,-102.332512,0.4,10.5,NG,IC,2021,4,1.0,3504.0,36792.0,1927.2,876.0,35.0,3948.11,5.0,36.75,3903.34,13.83,0.16,13.68,operating
2030,"Walmart Stores Texas, LLC",WAL537,64796,GEN3,TX,Ector,31.8957,-102.332512,0.4,10.5,NG,IC,2021,4,1.0,3504.0,36792.0,1927.2,876.0,35.0,3948.11,5.0,36.75,3903.34,13.83,0.16,13.68,operating
2030,"Walmart Stores Texas, LLC",WAL1801,64884,GEN1,TX,Tarrant,32.668729,-97.131834,0.4,10.5,NG,IC,2022,3,1.0,3504.0,36792.0,1927.2,876.0,35.0,-41.82,5.0,36.75,-86.6,-0.15,0.16,-0.3,stranded
2030,"Walmart Stores Texas, LLC",WAL1801,64884,GEN2,TX,Tarrant,32.668729,-97.131834,0.4,10.5,NG,IC,2022,3,1.0,3504.0,36792.0,1927.2,876.0,35.0,-41.82,5.0,36.75,-86.6,-0.15,0.16,-0.3,stranded
2030,"Walmart Stores Texas, LLC",WAL1801,64884,GEN3,TX,Tarrant,32.668729,-97.131834,0.4,10.5,NG,IC,2022,3,1.0,3504.0,36792.0,1927.2,876.0,35.0,-41.82,5.0,36.75,-86.6,-0.15,0.16,-0.3,stranded
2030,"Walmart Stores Texas, LLC",WAL5479,64958,GEN1,TX,Travis,30.453115,-97.606035,0.4,10.5,NG,IC,2021,4,1.0,3504.0,36792.0,1927.2,876.0,35.0,3611.3,5.0,36.75,3566.53,12.65,0.16,12.5,operating
2030,"Walmart Stores Texas, LLC",WAL5479,64958,GEN2,TX,Travis,30.453115,-97.606035,0.4,10.5,NG,IC,2021,4,1.0,3504.0,36792.0,1927.2,876.0,35.0,3611.3,5.0,36.75,3566.53,12.65,0.16,12.5,operating
2030,"Walmart Stores Texas, LLC",WAL5479,64958,GEN3,TX,Travis,30.453115,-97.606035,0.4,10.5,NG,IC,2021,4,1.0,3504.0,36792.0,1927.2,876.0,35.0,3611.3,5.0,36.75,3566.53,12.65,0.16,12.5,operating
2030,"Generate ER-NG, LLC",NEWPP,69279,NEWP1,TX,Harris,29.933747,-95.199855,30.0,10.5,NG,IC,2024,1,1.0,262800.0,2759400.0,144540.0,65700.0,2628.0,-41.82,5.0,36.75,-86.6,-10.99,11.77,-22.76,stranded
2030,Tres Power Victoria LLC,Tres City Power LLC,61241,VC-1,TX,Victoria,28.7853,-97.0093,50.0,10.53,NG,GT,2020,5,1.0,438000.0,4612140.0,240900.0,109500.0,4380.0,3611.3,5.0,36.85,3566.42,1581.75,19.66,1562.09,operating
2030,Tres Power Victoria LLC,Tres City Power LLC,61241,VC-2,TX,Victoria,28.7853,-97.0093,50.0,10.53,NG,GT,2020,5,1.0,438000.0,4612140.0,240900.0,109500.0,4380.0,3611.3,5.0,36.85,3566.42,1581.75,19.66,1562.09,operating
2030,Luminant Generation Company LLC,Graham,3490,1,TX,Young,33.1344,-98.6117,247.7,11.25,NG,ST,1960,65,0.9999,2169604.0,24408048.0,802753.6,216960.4,21696.0,-41.82,3.5,39.38,-86.74,-90.74,97.45,-188.19,stranded
2030,Luminant Generation Company LLC,Graham,3490,2,TX,Young,33.1344,-98.6117,387.0,11.25,NG,ST,1969,56,0.9999,3389733.0,38134496.0,1254201.2,338973.3,33897.3,-41.82,3.5,39.38,-86.74,-141.77,152.25,-294.02,stranded
2030,Luminant Generation Company LLC,Trinidad (TX),3507,6,TX,Henderson,32.124519,-96.101277,239.3,11.26,NG,ST,1965,60,0.9999,2096029.0,23601283.0,775530.6,209602.9,20960.3,-41.82,3.5,39.41,-86.77,-87.66,94.21,-181.88,stranded
2030,Lower Colorado River Authority,Sim Gideon,3601,1,TX,Bastrop,30.1456,-97.2708,136.0,11.3,NG,ST,1965,60,0.9999,1191224.0,13460831.0,440752.9,119122.4,11912.2,3611.3,3.5,39.55,3566.22,4301.87,53.71,4248.16,operating
2030,Lower Colorado River Authority,Sim Gideon,3601,2,TX,Bastrop,30.1456,-97.2708,136.0,11.3,NG,ST,1968,57,0.9999,1191224.0,13460831.0,440752.9,119122.4,11912.2,3611.3,3.5,39.55,3566.22,4301.87,53.71,4248.16,operating
2030,Lower Colorado River Authority,Sim Gideon,3601,3,TX,Bastrop,30.1456,-97.2708,351.0,11.3,NG,ST,1972,53,0.9999,3074409.0,34740822.0,1137531.3,307440.9,30744.1,3611.3,3.5,39.55,3566.22,11102.63,138.62,10964.01,operating
2030,Lower Colorado River Authority,Winchester Power Park,56674,CGT1,TX,Fayette,30.02547,-96.9945,60.5,10.66,NG,GT,2010,15,1.0,529980.0,5649587.0,291489.0,132495.0,5299.8,3611.3,5.0,37.31,3565.97,1913.92,24.03,1889.89,operating
2030,Lower Colorado River Authority,Winchester Power Park,56674,CGT2,TX,Fayette,30.02547,-96.9945,60.5,10.66,NG,GT,2010,15,1.0,529980.0,5649587.0,291489.0,132495.0,5299.8,3611.3,5.0,37.31,3565.97,1913.92,24.03,1889.89,operating
2030,Lower Colorado River Authority,Winchester Power Park,56674,CGT3,TX,Fayette,30.02547,-96.9945,60.5,10.66,NG,GT,2010,15,1.0,529980.0,5649587.0,291489.0,132495.0,5299.8,3611.3,5.0,37.31,3565.97,1913.92,24.03,1889.89,operating
2030,Lower Colorado River Authority,Winchester Power Park,56674,CGT4,TX,Fayette,30.02547,-96.9945,60.5,10.66,NG,GT,2010,15,1.0,529980.0,5649587.0,291489.0,132495.0,5299.8,3611.3,5.0,37.31,3565.97,1913.92,24.03,1889.89,operating
2030,Victoria Port Power II,Victoria Port Power II LLC,61966,VP2-1,TX,Victoria,28.698477,-96.946125,50.0,10.74,NG,GT,2022,3,1.0,438000.0,4704120.0,240900.0,109500.0,4380.0,3611.3,5.0,37.59,3565.69,1581.75,19.98,1561.77,operating
2030,Victoria Port Power II,Victoria Port Power II LLC,61966,VP2-2,TX,Victoria,28.698477,-96.946125,50.0,10.74,NG,GT,2022,3,1.0,438000.0,4704120.0,240900.0,109500.0,4380.0,3611.3,5.0,37.59,3565.69,1581.75,19.98,1561.77,operating
2030,"Peaker Power, LLC",Port Comfort Power LLC,60459,PC1,TX,Calhoun,28.64807,-96.54621,60.5,10.76,NG,GT,2017,8,1.0,529980.0,5702585.0,291489.0,132495.0,5299.8,3611.3,5.0,37.66,3565.62,1913.92,24.21,1889.71,operating
2030,"Peaker Power, LLC",Port Comfort Power LLC,60459,PC2,TX,Calhoun,28.64807,-96.54621,60.5,10.76,NG,GT,2017,8,1.0,529980.0,5702585.0,291489.0,132495.0,5299.8,3611.3,5.0,37.66,3565.62,1913.92,24.21,1889.71,operating
2030,NRG Texas Power LLC,W A Parish,3470,1,TX,Fort Bend,29.4828,-95.6311,187.8,11.5,NG,ST,1958,67,0.9999,1644940.0,18916812.0,608627.9,164494.0,16449.4,-41.82,3.5,40.25,-87.61,-68.8,75.32,-144.12,stranded
2030,NRG Texas Power LLC,W A Parish,3470,2,TX,Fort Bend,29.4828,-95.6311,187.8,11.5,NG,ST,1958,67,0.9999,1644940.0,18916812.0,608627.9,164494.0,16449.4,-41.82,3.5,40.25,-87.61,-68.8,75.32,-144.12,stranded
2030,NRG Texas Power LLC,W A Parish,3470,3,TX,Fort Bend,29.4828,-95.6311,299.2,11.5,NG,ST,1961,64,0.9999,2620693.0,30137967.0,969656.3,262069.3,26206.9,-41.82,3.5,40.25,-87.61,-109.61,120.0,-229.61,stranded
2030,NRG Texas Power LLC,W A Parish,3470,4,TX,Fort Bend,29.4828,-95.6311,580.5,11.5,NG,ST,1968,57,0.9999,5084600.0,58472894.0,1881301.8,508460.0,50846.0,-41.82,3.5,40.25,-87.61,-212.66,232.82,-445.48,stranded
2030,"Peaker Power, LLC",Chamon Power LLC,60460,CH1,TX,Harris,29.883214,-95.111345,60.5,10.88,NG,GT,2017,8,1.0,529980.0,5766182.0,291489.0,132495.0,5299.8,-41.82,5.0,38.08,-87.93,-22.17,24.44,-46.6,stranded
2030,"Peaker Power, LLC",Chamon Power LLC,60460,CH2,TX,Harris,29.883214,-95.111345,60.5,10.88,NG,GT,2017,8,1.0,529980.0,5766182.0,291489.0,132495.0,5299.8,-41.82,5.0,38.08,-87.93,-22.17,24.44,-46.6,stranded
2030,Shell Chemical LP,Westhollow Technology Center,54330,1,TX,Harris,29.726017,-95.638249,3.7,10.88,NG,GT,1988,37,1.0,32412.0,352643.0,17826.6,8103.0,324.1,-41.82,5.0,38.08,-87.93,-1.36,1.49,-2.85,stranded
2030,WM Renewable Energy LLC,Mesquite Creek LFGTE Project,57167,GEN1,TX,Comal,29.7372,-98.0228,1.6,10.93,LFG,IC,2010,15,1.0,14016.0,153195.0,7708.8,3504.0,140.2,3611.3,5.0,38.25,3565.02,50.62,0.65,49.97,operating
2030,WM Renewable Energy LLC,Mesquite Creek LFGTE Project,57167,GEN2,TX,Comal,29.7372,-98.0228,1.6,10.93,LFG,IC,2010,15,1.0,14016.0,153195.0,7708.8,3504.0,140.2,3611.3,5.0,38.25,3565.02,50.62,0.65,49.97,operating
2030,Freeport LNG Development L.P,Freeport LP Pretreatment Facility,59145,65GTG,TX,Brazoria,28.979167,-95.306944,87.0,11.0,NG,GT,2019,6,1.0,762120.0,8383320.0,419166.0,190530.0,7621.2,-41.82,5.0,38.5,-88.35,-31.87,35.46,-67.33,stranded
2030,"Ector County Generation, LLC",Ector County Energy Center,58471,CTG1,TX,Ector,32.069167,-102.585556,179.4,11.03,NG,GT,2015,10,1.0,1571544.0,17334130.0,864349.2,392886.0,15715.4,3948.11,5.0,38.6,3901.48,6204.63,73.28,6131.35,operating
2030,"Ector County Generation, LLC",Ector County Energy Center,58471,CTG2,TX,Ector,32.069167,-102.585556,179.4,11.03,NG,GT,2015,10,1.0,1571544.0,17334130.0,864349.2,392886.0,15715.4,3948.11,5.0,38.6,3901.48,6204.63,73.28,6131.35,operating
2030,City of San Antonio - (TX),V H Braunig,3612,5,TX,Bexar,29.2567,-98.3825,61.0,11.03,NG,GT,2010,15,1.0,534360.0,5893991.0,293898.0,133590.0,5343.6,3611.3,5.0,38.6,3564.67,1929.74,24.92,1904.82,operating
2030,City of San Antonio - (TX),V H Braunig,3612,6,TX,Bexar,29.2567,-98.3825,61.0,11.03,NG,GT,2010,15,1.0,534360.0,5893991.0,293898.0,133590.0,5343.6,3611.3,5.0,38.6,3564.67,1929.74,24.92,1904.82,operating
2030,City of San Antonio - (TX),V H Braunig,3612,7,TX,Bexar,29.2567,-98.3825,61.0,11.03,NG,GT,2010,15,1.0,534360.0,5893991.0,293898.0,133590.0,5343.6,3611.3,5.0,38.6,3564.67,1929.74,24.92,1904.82,operating
2030,City of San Antonio - (TX),V H Braunig,3612,8,TX,Bexar,29.2567,-98.3825,61.0,11.03,NG,GT,2010,15,1.0,534360.0,5893991.0,293898.0,133590.0,5343.6,3611.3,5.0,38.6,3564.67,1929.74,24.92,1904.82,operating
2030,Brownsville Public Utilities Board,Silas Ray,3559,6,TX,Cameron,25.9131,-97.5214,25.0,11.79,NG,CA,1959,66,0.9999,218975.0,2581715.0,81020.8,21897.5,2189.8,-41.82,3.5,41.27,-88.63,-9.16,10.25,-19.41,stranded
2030,Brownsville Public Utilities Board,Silas Ray,3559,9,TX,Cameron,25.9131,-97.5214,50.0,11.79,NG,CT,1996,29,0.9999,437950.0,5163430.0,162041.5,43795.0,4379.5,-41.82,3.5,41.27,-88.63,-18.32,20.5,-38.81,stranded
2030,Luminant Generation Company LLC,Lake Hubbard,3452,1,TX,Dallas,32.8358,-96.5458,396.5,11.85,NG,ST,1970,55,0.9999,3472944.0,41154380.0,1284989.1,347294.4,34729.4,-41.82,3.5,41.48,-88.84,-145.25,163.28,-308.53,stranded
2030,Luminant Generation Company LLC,Lake Hubbard,3452,2,TX,Dallas,32.8358,-96.5458,531.0,11.85,NG,ST,1973,52,0.9999,4651029.0,55114694.0,1720880.7,465102.9,46510.3,-41.82,3.5,41.48,-88.84,-194.53,218.66,-413.19,stranded
2030,"Generate ER-NG, LLC",HEB00790,67314,H7901,TX,Collin,33.055367,-96.796681,0.4,11.22,NG,IC,2022,3,1.0,3504.0,39315.0,1927.2,876.0,35.0,-41.82,5.0,39.27,-89.12,-0.15,0.17,-0.31,stranded
2030,"Generate ER-NG, LLC",HEB00790,67314,H7902,TX,Collin,33.055367,-96.796681,0.4,11.22,NG,IC,2022,3,1.0,3504.0,39315.0,1927.2,876.0,35.0,-41.82,5.0,39.27,-89.12,-0.15,0.17,-0.31,stranded
2030,"Generate ER-NG, LLC",HEB00790,67314,H7903,TX,Collin,33.055367,-96.796681,0.4,11.22,NG,IC,2022,3,1.0,3504.0,39315.0,1927.2,876.0,35.0,-41.82,5.0,39.27,-89.12,-0.15,0.17,-0.31,stranded
2030,Ticona Polymers Inc,Ticona Polymers Inc,10243,GEN5,TX,Nueces,27.5697,-97.8228,44.2,11.37,NG,GT,1989,36,1.0,387192.0,4402373.0,212955.6,96798.0,3871.9,3611.3,5.0,39.79,3563.48,1398.27,18.52,1379.75,operating
2030,The Methodist Hospital,"The Methodist Hospital, Gas Turbine",59381,GT-1,TX,Harris,29.709444,-95.400278,5.0,11.37,NG,GT,2010,15,1.0,43800.0,498006.0,24090.0,10950.0,438.0,-41.82,5.0,39.79,-89.65,-1.83,2.09,-3.93,stranded
2030,Energy Systems Group LLC,NASA Johnson Space Center CHP,62762,CTG-1,TX,Harris,29.562372,-95.089302,5.6,11.37,NG,GT,2018,7,1.0,49056.0,557767.0,26980.8,12264.0,490.6,-41.82,5.0,39.79,-89.65,-2.05,2.35,-4.4,stranded
2030,Energy Systems Group LLC,NASA Johnson Space Center CHP,62762,CTG-2,TX,Harris,29.562372,-95.089302,5.6,11.37,NG,GT,2018,7,1.0,49056.0,557767.0,26980.8,12264.0,490.6,-41.82,5.0,39.79,-89.65,-2.05,2.35,-4.4,stranded
2030,"Mountain Creek Power, LLC",Mountain Creek,3453,6,TX,Dallas,32.7231,-96.9358,135.7,12.12,NG,ST,1956,69,0.9999,1188596.0,14405787.0,439780.6,118859.6,11886.0,-41.82,3.5,42.42,-89.78,-49.71,57.0,-106.72,stranded
2030,"Mountain Creek Power, LLC",Mountain Creek,3453,7,TX,Dallas,32.7231,-96.9358,136.0,12.12,NG,ST,1958,67,0.9999,1191224.0,14437635.0,440752.9,119122.4,11912.2,-41.82,3.5,42.42,-89.78,-49.82,57.13,-106.95,stranded
2030,"Mountain Creek Power, LLC",Mountain Creek,3453,8,TX,Dallas,32.7231,-96.9358,580.5,12.12,NG,ST,1967,58,0.9999,5084600.0,61625346.0,1881301.8,508460.0,50846.0,-41.82,3.5,42.42,-89.78,-212.66,243.85,-456.51,stranded
2030,Luminant Generation Company LLC,Stryker Creek,3504,ST1,TX,Cherokee,31.93985,-94.989834,176.8,12.15,NG,ST,1958,67,0.9999,1548591.0,18815383.0,572978.7,154859.1,15485.9,-41.82,3.5,42.52,-89.89,-64.77,74.43,-139.2,stranded
2030,Luminant Generation Company LLC,Stryker Creek,3504,ST2,TX,Cherokee,31.93985,-94.989834,526.6,12.15,NG,ST,1965,60,0.9999,4612489.0,56041746.0,1706621.1,461248.9,46124.9,-41.82,3.5,42.52,-89.89,-192.91,221.69,-414.61,stranded
2030,NRG Texas Power LLC,W A Parish,3470,GT1,TX,Fort Bend,29.4828,-95.6311,16.3,11.5,NG,GT,1967,58,1.0,142788.0,1642062.0,78533.4,35697.0,1427.9,-41.82,5.0,40.25,-90.1,-5.97,6.89,-12.87,stranded
2030,"Walmart Stores Texas, LLC",WAL3572,64934,GEN1,TX,Brazoria,29.557643,-95.382896,1.3,11.61,NG,IC,2019,6,1.0,11388.0,132215.0,6263.4,2847.0,113.9,-41.82,5.0,40.63,-90.49,-0.48,0.55,-1.03,stranded
2030,WM Renewable Energy LLC,Austin Gas Recovery,56524,GEN1,TX,Travis,30.3344,-97.6217,1.6,11.68,LFG,IC,2007,18,1.0,14016.0,163707.0,7708.8,3504.0,140.2,3611.3,5.0,40.88,3562.4,50.62,0.69,49.93,operating
2030,WM Renewable Energy LLC,Austin Gas Recovery,56524,GEN2,TX,Travis,30.3344,-97.6217,1.6,11.68,LFG,IC,2007,18,1.0,14016.0,163707.0,7708.8,3504.0,140.2,3611.3,5.0,40.88,3562.4,50.62,0.69,49.93,operating
2030,WM Renewable Energy LLC,Austin Gas Recovery,56524,GEN3,TX,Travis,30.3344,-97.6217,1.6,11.68,LFG,IC,2007,18,1.0,14016.0,163707.0,7708.8,3504.0,140.2,3611.3,5.0,40.88,3562.4,50.62,0.69,49.93,operating
2030,Austin Energy,Decker Creek,3548,GT1,TX,Travis,30.3033,-97.6128,51.5,11.7,NG,GT,1988,37,1.0,451140.0,5278338.0,248127.0,112785.0,4511.4,3611.3,5.0,40.95,3562.33,1629.2,22.1,1607.11,operating
2030,Austin Energy,Decker Creek,3548,GT2,TX,Travis,30.3033,-97.6128,51.5,11.7,NG,GT,1988,37,1.0,451140.0,5278338.0,248127.0,112785.0,4511.4,3611.3,5.0,40.95,3562.33,1629.2,22.1,1607.11,operating
2030,Austin Energy,Decker Creek,3548,GT3,TX,Travis,30.3033,-97.6128,51.5,11.7,NG,GT,1988,37,1.0,451140.0,5278338.0,248127.0,112785.0,4511.4,3611.3,5.0,40.95,3562.33,1629.2,22.1,1607.11,operating
2030,Austin Energy,Decker Creek,3548,GT4,TX,Travis,30.3033,-97.6128,51.5,11.7,NG,GT,1988,37,1.0,451140.0,5278338.0,248127.0,112785.0,4511.4,3611.3,5.0,40.95,3562.33,1629.2,22.1,1607.11,operating
2030,Ft Worth City of,Village Creek Water Reclamation Facility,54520,SD1,TX,Tarrant,32.775093,-97.14209,0.9,11.72,NG,IC,1994,31,1.0,7884.0,92400.0,4336.2,1971.0,78.8,-41.82,5.0,41.02,-90.87,-0.33,0.39,-0.72,stranded
2030,Ft Worth City of,Village Creek Water Reclamation Facility,54520,SD2,TX,Tarrant,32.775093,-97.14209,0.9,11.72,NG,IC,1994,31,1.0,7884.0,92400.0,4336.2,1971.0,78.8,-41.82,5.0,41.02,-90.87,-0.33,0.39,-0.72,stranded
2030,Ft Worth City of,Village Creek Water Reclamation Facility,54520,TG1,TX,Tarrant,32.775093,-97.14209,5.3,11.72,NG,GT,2001,24,1.0,46428.0,544136.0,25535.4,11607.0,464.3,-41.82,5.0,41.02,-90.87,-1.94,2.28,-4.22,stranded
2030,Ft Worth City of,Village Creek Water Reclamation Facility,54520,TG2,TX,Tarrant,32.775093,-97.14209,5.3,11.72,NG,GT,2001,24,1.0,46428.0,544136.0,25535.4,11607.0,464.3,-41.82,5.0,41.02,-90.87,-1.94,2.28,-4.22,stranded
2030,WM Renewable Energy LLC,Farmers Branch Renewable Energy Facility,57165,GEN1,TX,Denton,33.031111,-96.957222,1.6,11.75,LFG,IC,2011,14,1.0,14016.0,164688.0,7708.8,3504.0,140.2,-41.82,5.0,41.12,-90.98,-0.59,0.69,-1.28,stranded
2030,WM Renewable Energy LLC,Farmers Branch Renewable Energy Facility,57165,GEN2,TX,Denton,33.031111,-96.957222,1.6,11.75,LFG,IC,2011,14,1.0,14016.0,164688.0,7708.8,3504.0,140.2,-41.82,5.0,41.12,-90.98,-0.59,0.69,-1.28,stranded
2030,Brownsville Public Utilities Board,Silas Ray,3559,10,TX,Cameron,25.9131,-97.5214,61.0,11.79,NG,GT,2004,21,1.0,534360.0,6300104.0,293898.0,133590.0,5343.6,-41.82,5.0,41.27,-91.12,-22.35,26.34,-48.69,stranded
2030,"Walmart Stores Texas, LLC",WAL3510,64926,GEN1,TX,Brazoria,29.545976,-95.235941,1.3,11.82,NG,IC,2019,6,1.0,11388.0,134606.0,6263.4,2847.0,113.9,-41.82,5.0,41.37,-91.22,-0.48,0.56,-1.04,stranded
2030,City of Bryan - (TX),Dansby,6243,1,TX,Brazos,30.7217,-96.4608,105.0,12.61,NG,ST,1978,47,0.9999,919695.0,11597354.0,340287.2,91969.5,9197.0,-41.82,3.5,44.13,-91.5,-38.47,45.68,-84.15,stranded
2030,"Nelson Gardens Energy, LLC",Nelson Gardens Landfill Gas to Energy,59649,UNIT1,TX,Bexar,29.33,-98.66,1.1,12.08,LFG,IC,2014,11,1.0,9636.0,116403.0,5299.8,2409.0,96.4,3611.3,5.0,42.28,3561.0,34.8,0.48,34.31,operating
2030,"Nelson Gardens Energy, LLC",Nelson Gardens Landfill Gas to Energy,59649,UNIT2,TX,Bexar,29.33,-98.66,1.1,12.08,LFG,IC,2014,11,1.0,9636.0,116403.0,5299.8,2409.0,96.4,3611.3,5.0,42.28,3561.0,34.8,0.48,34.31,operating
2030,"Nelson Gardens Energy, LLC",Nelson Gardens Landfill Gas to Energy,59649,UNIT3,TX,Bexar,29.33,-98.66,1.1,12.08,LFG,IC,2014,11,1.0,9636.0,116403.0,5299.8,2409.0,96.4,3611.3,5.0,42.28,3561.0,34.8,0.48,34.31,operating
2030,"Nelson Gardens Energy, LLC",Nelson Gardens Landfill Gas to Energy,59649,UNIT4,TX,Bexar,29.33,-98.66,1.1,12.08,LFG,IC,2014,11,1.0,9636.0,116403.0,5299.8,2409.0,96.4,3611.3,5.0,42.28,3561.0,34.8,0.48,34.31,operating
2030,Austin Energy,Robert Mueller Energy Center,56374,CT1,TX,Travis,30.304994,-97.707675,4.6,12.09,NG,GT,2006,19,1.0,40296.0,487179.0,22162.8,10074.0,403.0,3611.3,5.0,42.31,3560.96,145.52,2.03,143.49,operating
2030,RW Miller Power LLC,R W Miller,3628,1,TX,Palo Pinto,32.6581,-98.3103,66.0,12.86,NG,ST,1968,57,0.9999,578094.0,7434289.0,213894.8,57809.4,5780.9,-41.82,3.5,45.01,-92.37,-24.18,29.22,-53.4,stranded
2030,RW Miller Power LLC,R W Miller,3628,2,TX,Palo Pinto,32.6581,-98.3103,100.0,12.86,NG,ST,1972,53,0.9999,875900.0,11264074.0,324083.0,87590.0,8759.0,-41.82,3.5,45.01,-92.37,-36.63,44.28,-80.91,stranded
2030,RW Miller Power LLC,R W Miller,3628,3,TX,Palo Pinto,32.6581,-98.3103,200.0,12.86,NG,ST,1975,50,0.9999,1751800.0,22528148.0,648166.0,175180.0,17518.0,-41.82,3.5,45.01,-92.37,-73.27,88.55,-161.82,stranded
2030,WM Renewable Energy LLC,Westside Landfill Gas Recovery,57020,GEN1,TX,Parker,32.724553,-97.537118,1.6,12.27,LFG,IC,2010,15,1.0,14016.0,171976.0,7708.8,3504.0,140.2,-41.82,5.0,42.95,-92.8,-0.59,0.71,-1.3,stranded
2030,WM Renewable Energy LLC,Westside Landfill Gas Recovery,57020,GEN2,TX,Parker,32.724553,-97.537118,1.6,12.27,LFG,IC,2010,15,1.0,14016.0,171976.0,7708.8,3504.0,140.2,-41.82,5.0,42.95,-92.8,-0.59,0.71,-1.3,stranded
2030,"Walmart Stores Texas, LLC",WAL897,64808,GEN1,TX,Pecos,30.896466,-102.907161,1.3,12.54,NG,IC,2021,4,1.0,11388.0,142806.0,6263.4,2847.0,113.9,3948.11,5.0,43.89,3896.2,44.96,0.59,44.37,operating
2030,"Constellation Power, Inc",Handley,3491,3,TX,Tarrant,32.7283,-97.2192,404.8,13.32,NG,ST,1963,62,0.9999,3545643.0,47227967.0,1311888.0,354564.3,35456.4,-41.82,3.5,46.62,-93.98,-148.29,184.94,-333.23,stranded
2030,"Constellation Power, Inc",Handley,3491,4,TX,Tarrant,32.7283,-97.2192,455.0,13.32,NG,ST,1976,49,0.9999,3985345.0,53084795.0,1474577.6,398534.5,39853.5,-41.82,3.5,46.62,-93.98,-166.68,207.87,-374.56,stranded
2030,"Constellation Power, Inc",Handley,3491,5,TX,Tarrant,32.7283,-97.2192,455.0,13.32,NG,ST,1977,48,0.9999,3985345.0,53084795.0,1474577.6,398534.5,39853.5,-41.82,3.5,46.62,-93.98,-166.68,207.87,-374.56,stranded
2030,City of Bryan - (TX),Dansby,6243,2,TX,Brazos,30.7217,-96.4608,49.1,12.61,NG,GT,2004,21,1.0,430116.0,5423763.0,236563.8,107529.0,4301.2,-41.82,5.0,44.13,-93.99,-17.99,22.44,-40.42,stranded
2030,City of Bryan - (TX),Dansby,6243,3,TX,Brazos,30.7217,-96.4608,49.1,12.61,NG,GT,2010,15,1.0,430116.0,5423763.0,236563.8,107529.0,4301.2,-41.82,5.0,44.13,-93.99,-17.99,22.44,-40.42,stranded
2030,"Walmart Stores Texas, LLC",WAL529,64794,GEN1,TX,Galveston,29.372305,-95.000453,1.3,12.82,NG,IC,2019,6,1.0,11388.0,145994.0,6263.4,2847.0,113.9,-41.82,5.0,44.87,-94.72,-0.48,0.6,-1.08,stranded
2030,RW Miller Power LLC,R W Miller,3628,4,TX,Palo Pinto,32.6581,-98.3103,118.8,12.86,NG,GT,1994,31,1.0,1040688.0,13383248.0,572378.4,260172.0,10406.9,-41.82,5.0,45.01,-94.86,-43.53,55.19,-98.72,stranded
2030,RW Miller Power LLC,R W Miller,3628,5,TX,Palo Pinto,32.6581,-98.3103,118.8,12.86,NG,GT,1994,31,1.0,1040688.0,13383248.0,572378.4,260172.0,10406.9,-41.82,5.0,45.01,-94.86,-43.53,55.19,-98.72,stranded
2030,"LaPorte Power, LLC",Exelon LaPorte Generating Station,55365,GT1,TX,Harris,29.7028,-95.0718,59.0,12.93,NG,GT,2001,24,1.0,516840.0,6682741.0,284262.0,129210.0,5168.4,-41.82,5.0,45.25,-95.11,-21.62,27.54,-49.15,stranded
2030,"LaPorte Power, LLC",Exelon LaPorte Generating Station,55365,GT2,TX,Harris,29.7028,-95.0718,59.0,12.93,NG,GT,2001,24,1.0,516840.0,6682741.0,284262.0,129210.0,5168.4,-41.82,5.0,45.25,-95.11,-21.62,27.54,-49.15,stranded
2030,"LaPorte Power, LLC",Exelon LaPorte Generating Station,55365,GT3,TX,Harris,29.7028,-95.0718,59.0,12.93,NG,GT,2001,24,1.0,516840.0,6682741.0,284262.0,129210.0,5168.4,-41.82,5.0,45.25,-95.11,-21.62,27.54,-49.15,stranded
2030,"LaPorte Power, LLC",Exelon LaPorte Generating Station,55365,GT4,TX,Harris,29.7028,-95.0718,59.0,12.93,NG,GT,2001,24,1.0,516840.0,6682741.0,284262.0,129210.0,5168.4,-41.82,5.0,45.25,-95.11,-21.62,27.54,-49.15,stranded
2030,City of Garland - (TX),Ray Olinger,3576,1,TX,Collin,33.068055,-96.452481,75.0,13.76,NG,ST,1967,58,0.9999,656925.0,9039288.0,243062.2,65692.5,6569.2,-41.82,3.5,48.16,-95.52,-27.48,35.28,-62.75,stranded
2030,City of Garland - (TX),Ray Olinger,3576,2,TX,Collin,33.068055,-96.452481,113.4,13.76,NG,ST,1971,54,0.9999,993271.0,13667403.0,367510.1,99327.1,9932.7,-41.82,3.5,48.16,-95.52,-41.54,53.34,-94.88,stranded
2030,City of Garland - (TX),Ray Olinger,3576,3,TX,Collin,33.068055,-96.452481,156.6,13.76,NG,ST,1976,49,0.9999,1371659.0,18874033.0,507514.0,137165.9,13716.6,-41.82,3.5,48.16,-95.52,-57.37,73.66,-131.03,stranded
2030,"Walmart Stores Texas, LLC",WAL462,64791,GEN1,TX,Brazoria,29.421764,-95.230784,1.3,13.11,NG,IC,2019,6,1.0,11388.0,149297.0,6263.4,2847.0,113.9,-41.82,5.0,45.88,-95.74,-0.48,0.61,-1.09,stranded
2030,"Walmart Stores Texas, LLC",WAL1272,64829,GEN1,TX,Scurry,32.691018,-100.91789,0.4,13.23,NG,IC,2021,4,1.0,3504.0,46358.0,1927.2,876.0,35.0,3948.11,5.0,46.3,3893.78,13.83,0.19,13.64,operating
2030,"Walmart Stores Texas, LLC",WAL1272,64829,GEN2,TX,Scurry,32.691018,-100.91789,0.4,13.23,NG,IC,2021,4,1.0,3504.0,46358.0,1927.2,876.0,35.0,3948.11,5.0,46.3,3893.78,13.83,0.19,13.64,operating
2030,"Walmart Stores Texas, LLC",WAL1272,64829,GEN3,TX,Scurry,32.691018,-100.91789,0.4,13.23,NG,IC,2021,4,1.0,3504.0,46358.0,1927.2,876.0,35.0,3948.11,5.0,46.3,3893.78,13.83,0.19,13.64,operating
2030,Tejas Power Generation LLC,Friendswood Energy,60468,GT-1,TX,Harris,29.647267,-95.451516,121.5,13.23,NG,GT,2018,7,1.0,1064340.0,14081218.0,585387.0,266085.0,10643.4,-41.82,5.0,46.3,-96.16,-44.52,57.83,-102.34,stranded
2030,"Walmart Stores Texas, LLC",WAL5388,64957,GEN1,TX,Galveston,29.470152,-95.089643,1.3,13.3,NG,IC,2020,5,1.0,11388.0,151460.0,6263.4,2847.0,113.9,-41.82,5.0,46.55,-96.4,-0.48,0.62,-1.1,stranded
2030,NRG Texas Power LLC,San Jacinto Steam Electric Station,7325,1,TX,Harris,29.694838,-95.040622,88.2,13.34,NG,GT,1995,30,1.0,772632.0,10306911.0,424947.6,193158.0,7726.3,-41.82,5.0,46.69,-96.54,-32.31,42.28,-74.59,stranded
2030,NRG Texas Power LLC,San Jacinto Steam Electric Station,7325,2,TX,Harris,29.694838,-95.040622,88.2,13.34,NG,GT,1995,30,1.0,772632.0,10306911.0,424947.6,193158.0,7726.3,-41.82,5.0,46.69,-96.54,-32.31,42.28,-74.59,stranded
2030,PHR Holdings LLC,Bacliff,60264,BCGT1,TX,Galveston,29.49233,-94.98483,71.2,13.37,NG,GT,2018,7,1.0,623712.0,8339029.0,343041.6,155928.0,6237.1,-41.82,5.0,46.79,-96.65,-26.09,34.19,-60.28,stranded
2030,PHR Holdings LLC,Bacliff,60264,BCGT2,TX,Galveston,29.49233,-94.98483,71.2,13.37,NG,GT,2018,7,1.0,623712.0,8339029.0,343041.6,155928.0,6237.1,-41.82,5.0,46.79,-96.65,-26.09,34.19,-60.28,stranded
2030,PHR Holdings LLC,Bacliff,60264,BCGT3,TX,Galveston,29.49233,-94.98483,71.2,13.37,NG,GT,2018,7,1.0,623712.0,8339029.0,343041.6,155928.0,6237.1,-41.82,5.0,46.79,-96.65,-26.09,34.19,-60.28,stranded
2030,PHR Holdings LLC,Bacliff,60264,BCGT4,TX,Galveston,29.49233,-94.98483,71.2,13.37,NG,GT,2018,7,1.0,623712.0,8339029.0,343041.6,155928.0,6237.1,-41.82,5.0,46.79,-96.65,-26.09,34.19,-60.28,stranded
2030,PHR Holdings LLC,Bacliff,60264,BCGT5,TX,Galveston,29.49233,-94.98483,71.2,13.37,NG,GT,2018,7,1.0,623712.0,8339029.0,343041.6,155928.0,6237.1,-41.82,5.0,46.79,-96.65,-26.09,34.19,-60.28,stranded
2030,PHR Holdings LLC,Bacliff,60264,BCGT6,TX,Galveston,29.49233,-94.98483,71.2,13.37,NG,GT,2018,7,1.0,623712.0,8339029.0,343041.6,155928.0,6237.1,-41.82,5.0,46.79,-96.65,-26.09,34.19,-60.28,stranded
2030,"Walmart Stores Texas, LLC",WAL896,64807,GEN1,TX,Dallas,32.673532,-97.036234,0.4,13.63,NG,IC,2021,4,1.0,3504.0,47760.0,1927.2,876.0,35.0,-41.82,5.0,47.71,-97.56,-0.15,0.2,-0.34,stranded
2030,"Walmart Stores Texas, LLC",WAL896,64807,GEN2,TX,Dallas,32.673532,-97.036234,0.4,13.63,NG,IC,2021,4,1.0,3504.0,47760.0,1927.2,876.0,35.0,-41.82,5.0,47.71,-97.56,-0.15,0.2,-0.34,stranded
2030,"Walmart Stores Texas, LLC",WAL896,64807,GEN3,TX,Dallas,32.673532,-97.036234,0.4,13.63,NG,IC,2021,4,1.0,3504.0,47760.0,1927.2,876.0,35.0,-41.82,5.0,47.71,-97.56,-0.15,0.2,-0.34,stranded
2030,Luminant Generation Company LLC,Permian Basin,3494,CT1,TX,Ward,31.5839,-102.9633,89.4,13.7,NG,GT,1988,37,1.0,783144.0,10729073.0,430729.2,195786.0,7831.4,3948.11,5.0,47.95,3892.14,3091.94,43.84,3048.1,operating
2030,Luminant Generation Company LLC,Permian Basin,3494,CT2,TX,Ward,31.5839,-102.9633,89.4,13.7,NG,GT,1988,37,1.0,783144.0,10729073.0,430729.2,195786.0,7831.4,3948.11,5.0,47.95,3892.14,3091.94,43.84,3048.1,operating
2030,Luminant Generation Company LLC,Permian Basin,3494,CT3,TX,Ward,31.5839,-102.9633,89.4,13.7,NG,GT,1988,37,1.0,783144.0,10729073.0,430729.2,195786.0,7831.4,3948.11,5.0,47.95,3892.14,3091.94,43.84,3048.1,operating
2030,Luminant Generation Company LLC,Permian Basin,3494,CT4,TX,Ward,31.5839,-102.9633,89.4,13.7,NG,GT,1990,35,1.0,783144.0,10729073.0,430729.2,195786.0,7831.4,3948.11,5.0,47.95,3892.14,3091.94,43.84,3048.1,operating
2030,Luminant Generation Company LLC,Permian Basin,3494,CT5,TX,Ward,31.5839,-102.9633,89.4,13.7,NG,GT,1990,35,1.0,783144.0,10729073.0,430729.2,195786.0,7831.4,3948.11,5.0,47.95,3892.14,3091.94,43.84,3048.1,operating
2030,"Walmart Stores Texas, LLC",WAL3631,64936,GEN1,TX,Tarrant,32.576636,-97.338514,0.4,13.73,NG,IC,2020,5,1.0,3504.0,48110.0,1927.2,876.0,35.0,-41.82,5.0,48.05,-97.91,-0.15,0.2,-0.34,stranded
2030,"Walmart Stores Texas, LLC",WAL3631,64936,GEN2,TX,Tarrant,32.576636,-97.338514,0.4,13.73,NG,IC,2020,5,1.0,3504.0,48110.0,1927.2,876.0,35.0,-41.82,5.0,48.05,-97.91,-0.15,0.2,-0.34,stranded
2030,"Walmart Stores Texas, LLC",WAL3631,64936,GEN3,TX,Tarrant,32.576636,-97.338514,0.4,13.73,NG,IC,2020,5,1.0,3504.0,48110.0,1927.2,876.0,35.0,-41.82,5.0,48.05,-97.91,-0.15,0.2,-0.34,stranded
2030,City of Garland - (TX),Ray Olinger,3576,4,TX,Collin,33.068055,-96.452481,82.7,13.76,NG,GT,2001,24,1.0,724452.0,9968460.0,398448.6,181113.0,7244.5,-41.82,5.0,48.16,-98.01,-30.3,40.7,-71.0,stranded
2030,City of Garland - (TX),Spencer,4266,4,TX,Denton,33.1975,-97.1061,61.1,14.49,NG,ST,1966,59,0.9999,535175.0,7754684.0,198014.7,53517.5,5351.7,-41.82,3.5,50.72,-98.08,-22.38,30.11,-52.49,stranded
2030,City of Garland - (TX),Spencer,4266,5,TX,Denton,33.1975,-97.1061,65.4,14.49,NG,ST,1973,52,0.9999,572839.0,8300431.0,211950.3,57283.9,5728.4,-41.82,3.5,50.72,-98.08,-23.96,32.22,-56.18,stranded
2030,Entergy Texas Inc.,HEB00594,66594,H5941,TX,Montgomery,30.178935,-95.538096,0.4,13.87,NG,IC,2019,6,1.0,3504.0,48600.0,1927.2,876.0,35.0,-41.82,5.0,48.54,-98.4,-0.15,0.2,-0.34,stranded
2030,Entergy Texas Inc.,HEB00594,66594,H5942,TX,Montgomery,30.178935,-95.538096,0.4,13.87,NG,IC,2019,6,1.0,3504.0,48600.0,1927.2,876.0,35.0,-41.82,5.0,48.54,-98.4,-0.15,0.2,-0.34,stranded
2030,Entergy Texas Inc.,HEB00594,66594,H5943,TX,Montgomery,30.178935,-95.538096,0.4,13.87,NG,IC,2019,6,1.0,3504.0,48600.0,1927.2,876.0,35.0,-41.82,5.0,48.54,-98.4,-0.15,0.2,-0.34,stranded
2030,"Walmart Stores Texas, LLC",WAL546,64797,GEN1,TX,Fort Bend,29.558105,-95.761271,0.4,14.02,NG,IC,2020,5,1.0,3504.0,49126.0,1927.2,876.0,35.0,-41.82,5.0,49.07,-98.92,-0.15,0.2,-0.35,stranded
2030,"Walmart Stores Texas, LLC",WAL546,64797,GEN2,TX,Fort Bend,29.558105,-95.761271,0.4,14.02,NG,IC,2020,5,1.0,3504.0,49126.0,1927.2,876.0,35.0,-41.82,5.0,49.07,-98.92,-0.15,0.2,-0.35,stranded
2030,"Walmart Stores Texas, LLC",WAL546,64797,GEN3,TX,Fort Bend,29.558105,-95.761271,0.4,14.02,NG,IC,2020,5,1.0,3504.0,49126.0,1927.2,876.0,35.0,-41.82,5.0,49.07,-98.92,-0.15,0.2,-0.35,stranded
2030,"Walmart Stores Texas, LLC",WAL1455,64883,GEN1,TX,Tarrant,32.764483,-97.169261,0.4,14.03,NG,IC,2021,4,1.0,3504.0,49161.0,1927.2,876.0,35.0,-41.82,5.0,49.1,-98.96,-0.15,0.2,-0.35,stranded
2030,"Walmart Stores Texas, LLC",WAL1455,64883,GEN2,TX,Tarrant,32.764483,-97.169261,0.4,14.03,NG,IC,2021,4,1.0,3504.0,49161.0,1927.2,876.0,35.0,-41.82,5.0,49.1,-98.96,-0.15,0.2,-0.35,stranded
2030,"Walmart Stores Texas, LLC",WAL1455,64883,GEN3,TX,Tarrant,32.764483,-97.169261,0.4,14.03,NG,IC,2021,4,1.0,3504.0,49161.0,1927.2,876.0,35.0,-41.82,5.0,49.1,-98.96,-0.15,0.2,-0.35,stranded
2030,"Walmart Stores Texas, LLC",WAL3298,64899,GEN1,TX,Galveston,29.535168,-95.018815,0.4,14.07,NG,IC,2020,5,1.0,3504.0,49301.0,1927.2,876.0,35.0,-41.82,5.0,49.25,-99.1,-0.15,0.2,-0.35,stranded
2030,"Walmart Stores Texas, LLC",WAL3298,64899,GEN2,TX,Galveston,29.535168,-95.018815,0.4,14.07,NG,IC,2020,5,1.0,3504.0,49301.0,1927.2,876.0,35.0,-41.82,5.0,49.25,-99.1,-0.15,0.2,-0.35,stranded
2030,"Walmart Stores Texas, LLC",WAL3298,64899,GEN3,TX,Galveston,29.535168,-95.018815,0.4,14.07,NG,IC,2020,5,1.0,3504.0,49301.0,1927.2,876.0,35.0,-41.82,5.0,49.25,-99.1,-0.15,0.2,-0.35,stranded
2030,"Texas Microgrid, LLC",HEB00070,65266,H0701,TX,Taylor,32.433318,-99.758324,0.4,14.11,NG,IC,2018,7,1.0,3504.0,49441.0,1927.2,876.0,35.0,-41.82,5.0,49.38,-99.24,-0.15,0.2,-0.35,stranded
2030,"Texas Microgrid, LLC",HEB00070,65266,H0702,TX,Taylor,32.433318,-99.758324,0.4,14.11,NG,IC,2018,7,1.0,3504.0,49441.0,1927.2,876.0,35.0,-41.82,5.0,49.38,-99.24,-0.15,0.2,-0.35,stranded
2030,"Texas Microgrid, LLC",HEB00070,65266,H0703,TX,Taylor,32.433318,-99.758324,0.4,14.11,NG,IC,2018,7,1.0,3504.0,49441.0,1927.2,876.0,35.0,-41.82,5.0,49.38,-99.24,-0.15,0.2,-0.35,stranded
2030,"Walmart Stores Texas, LLC",WAL3302,64900,GEN1,TX,Harris,29.679366,-95.5614,0.4,14.11,NG,IC,2021,4,1.0,3504.0,49441.0,1927.2,876.0,35.0,-41.82,5.0,49.38,-99.24,-0.15,0.2,-0.35,stranded
2030,"Walmart Stores Texas, LLC",WAL3302,64900,GEN2,TX,Harris,29.679366,-95.5614,0.4,14.11,NG,IC,2021,4,1.0,3504.0,49441.0,1927.2,876.0,35.0,-41.82,5.0,49.38,-99.24,-0.15,0.2,-0.35,stranded
2030,"Walmart Stores Texas, LLC",WAL3302,64900,GEN3,TX,Harris,29.679366,-95.5614,0.4,14.11,NG,IC,2021,4,1.0,3504.0,49441.0,1927.2,876.0,35.0,-41.82,5.0,49.38,-99.24,-0.15,0.2,-0.35,stranded
2030,"Generate ER-NG, LLC",FTBLID2,66595,FLD10,TX,Fort Bend,29.575316,-95.636882,0.4,14.12,NG,IC,2021,4,1.0,3504.0,49476.0,1927.2,876.0,35.0,-41.82,5.0,49.42,-99.27,-0.15,0.2,-0.35,stranded
2030,"Generate ER-NG, LLC",FTBLID2,66595,FLD11,TX,Fort Bend,29.575316,-95.636882,0.4,14.12,NG,IC,2021,4,1.0,3504.0,49476.0,1927.2,876.0,35.0,-41.82,5.0,49.42,-99.27,-0.15,0.2,-0.35,stranded
2030,"Generate ER-NG, LLC",FTBLID2,66595,FLD12,TX,Fort Bend,29.575316,-95.636882,0.4,14.12,NG,IC,2021,4,1.0,3504.0,49476.0,1927.2,876.0,35.0,-41.82,5.0,49.42,-99.27,-0.15,0.2,-0.35,stranded
2030,"Generate ER-NG, LLC",FTBLID2,66595,FLD13,TX,Fort Bend,29.575316,-95.636882,0.4,14.12,NG,IC,2021,4,1.0,3504.0,49476.0,1927.2,876.0,35.0,-41.82,5.0,49.42,-99.27,-0.15,0.2,-0.35,stranded
2030,"Generate ER-NG, LLC",FTBLID2,66595,FLD14,TX,Fort Bend,29.575316,-95.636882,0.4,14.12,NG,IC,2021,4,1.0,3504.0,49476.0,1927.2,876.0,35.0,-41.82,5.0,49.42,-99.27,-0.15,0.2,-0.35,stranded
2030,"Generate ER-NG, LLC",FTBLID2,66595,FLD15,TX,Fort Bend,29.575316,-95.636882,0.4,14.12,NG,IC,2021,4,1.0,3504.0,49476.0,1927.2,876.0,35.0,-41.82,5.0,49.42,-99.27,-0.15,0.2,-0.35,stranded
2030,"Generate ER-NG, LLC",FTBLID2,66595,FLD16,TX,Fort Bend,29.575316,-95.636882,0.4,14.12,NG,IC,2021,4,1.0,3504.0,49476.0,1927.2,876.0,35.0,-41.82,5.0,49.42,-99.27,-0.15,0.2,-0.35,stranded
2030,"Generate ER-NG, LLC",FTBLID2,66595,FLD17,TX,Fort Bend,29.575316,-95.636882,0.4,14.12,NG,IC,2021,4,1.0,3504.0,49476.0,1927.2,876.0,35.0,-41.82,5.0,49.42,-99.27,-0.15,0.2,-0.35,stranded
2030,"Generate ER-NG, LLC",FTBLID2,66595,FLD18,TX,Fort Bend,29.575316,-95.636882,0.4,14.12,NG,IC,2021,4,1.0,3504.0,49476.0,1927.2,876.0,35.0,-41.82,5.0,49.42,-99.27,-0.15,0.2,-0.35,stranded
2030,"Generate ER-NG, LLC",FTBLID2,66595,FLD19,TX,Fort Bend,29.575316,-95.636882,0.4,14.12,NG,IC,2021,4,1.0,3504.0,49476.0,1927.2,876.0,35.0,-41.82,5.0,49.42,-99.27,-0.15,0.2,-0.35,stranded
2030,"Generate ER-NG, LLC",FTBLID2,66595,FLD20,TX,Fort Bend,29.575316,-95.636882,0.4,14.12,NG,IC,2021,4,1.0,3504.0,49476.0,1927.2,876.0,35.0,-41.82,5.0,49.42,-99.27,-0.15,0.2,-0.35,stranded
2030,"Generate ER-NG, LLC",FTBLID2,66595,FLD21,TX,Fort Bend,29.575316,-95.636882,0.4,14.12,NG,IC,2021,4,1.0,3504.0,49476.0,1927.2,876.0,35.0,-41.82,5.0,49.42,-99.27,-0.15,0.2,-0.35,stranded
2030,"Generate ER-NG, LLC",FTBLID2,66595,FLD22,TX,Fort Bend,29.575316,-95.636882,0.4,14.12,NG,IC,2021,4,1.0,3504.0,49476.0,1927.2,876.0,35.0,-41.82,5.0,49.42,-99.27,-0.15,0.2,-0.35,stranded
2030,"Generate ER-NG, LLC",FTBLID2,66595,FLD23,TX,Fort Bend,29.575316,-95.636882,0.4,14.12,NG,IC,2021,4,1.0,3504.0,49476.0,1927.2,876.0,35.0,-41.82,5.0,49.42,-99.27,-0.15,0.2,-0.35,stranded
2030,"Generate ER-NG, LLC",FTBLID2,66595,FLD24,TX,Fort Bend,29.575316,-95.636882,0.4,14.12,NG,IC,2021,4,1.0,3504.0,49476.0,1927.2,876.0,35.0,-41.82,5.0,49.42,-99.27,-0.15,0.2,-0.35,stranded
2030,"Generate ER-NG, LLC",FTBLID2,66595,FLD25,TX,Fort Bend,29.575316,-95.636882,0.4,14.12,NG,IC,2021,4,1.0,3504.0,49476.0,1927.2,876.0,35.0,-41.82,5.0,49.42,-99.27,-0.15,0.2,-0.35,stranded
2030,"Generate ER-NG, LLC",FTBLID2,66595,FLD26,TX,Fort Bend,29.575316,-95.636882,0.4,14.12,NG,IC,2021,4,1.0,3504.0,49476.0,1927.2,876.0,35.0,-41.82,5.0,49.42,-99.27,-0.15,0.2,-0.35,stranded
2030,"Generate ER-NG, LLC",FTBLID2,66595,FLD27,TX,Fort Bend,29.575316,-95.636882,0.4,14.12,NG,IC,2021,4,1.0,3504.0,49476.0,1927.2,876.0,35.0,-41.82,5.0,49.42,-99.27,-0.15,0.2,-0.35,stranded
2030,"Generate ER-NG, LLC",FTBLID2,66595,FLD28,TX,Fort Bend,29.575316,-95.636882,0.4,14.12,NG,IC,2021,4,1.0,3504.0,49476.0,1927.2,876.0,35.0,-41.82,5.0,49.42,-99.27,-0.15,0.2,-0.35,stranded
2030,"Generate ER-NG, LLC",FTBLID2,66595,FLID1,TX,Fort Bend,29.575316,-95.636882,0.4,14.12,NG,IC,2021,4,1.0,3504.0,49476.0,1927.2,876.0,35.0,-41.82,5.0,49.42,-99.27,-0.15,0.2,-0.35,stranded
2030,"Generate ER-NG, LLC",FTBLID2,66595,FLID2,TX,Fort Bend,29.575316,-95.636882,0.4,14.12,NG,IC,2021,4,1.0,3504.0,49476.0,1927.2,876.0,35.0,-41.82,5.0,49.42,-99.27,-0.15,0.2,-0.35,stranded
2030,"Generate ER-NG, LLC",FTBLID2,66595,FLID3,TX,Fort Bend,29.575316,-95.636882,0.4,14.12,NG,IC,2021,4,1.0,3504.0,49476.0,1927.2,876.0,35.0,-41.82,5.0,49.42,-99.27,-0.15,0.2,-0.35,stranded
2030,"Generate ER-NG, LLC",FTBLID2,66595,FLID4,TX,Fort Bend,29.575316,-95.636882,0.4,14.12,NG,IC,2021,4,1.0,3504.0,49476.0,1927.2,876.0,35.0,-41.82,5.0,49.42,-99.27,-0.15,0.2,-0.35,stranded
2030,"Generate ER-NG, LLC",FTBLID2,66595,FLID5,TX,Fort Bend,29.575316,-95.636882,0.4,14.12,NG,IC,2021,4,1.0,3504.0,49476.0,1927.2,876.0,35.0,-41.82,5.0,49.42,-99.27,-0.15,0.2,-0.35,stranded
2030,"Generate ER-NG, LLC",FTBLID2,66595,FLID6,TX,Fort Bend,29.575316,-95.636882,0.4,14.12,NG,IC,2021,4,1.0,3504.0,49476.0,1927.2,876.0,35.0,-41.82,5.0,49.42,-99.27,-0.15,0.2,-0.35,stranded
2030,"Generate ER-NG, LLC",FTBLID2,66595,FLID7,TX,Fort Bend,29.575316,-95.636882,0.4,14.12,NG,IC,2021,4,1.0,3504.0,49476.0,1927.2,876.0,35.0,-41.82,5.0,49.42,-99.27,-0.15,0.2,-0.35,stranded
2030,"Generate ER-NG, LLC",FTBLID2,66595,FLID8,TX,Fort Bend,29.575316,-95.636882,0.4,14.12,NG,IC,2021,4,1.0,3504.0,49476.0,1927.2,876.0,35.0,-41.82,5.0,49.42,-99.27,-0.15,0.2,-0.35,stranded
2030,"Generate ER-NG, LLC",FTBLID2,66595,FLID9,TX,Fort Bend,29.575316,-95.636882,0.4,14.12,NG,IC,2021,4,1.0,3504.0,49476.0,1927.2,876.0,35.0,-41.82,5.0,49.42,-99.27,-0.15,0.2,-0.35,stranded
2030,"Walmart Stores Texas, LLC",WAL2667,64887,GEN1,TX,Dallas,32.793829,-96.689543,0.4,14.12,NG,IC,2021,4,1.0,3504.0,49476.0,1927.2,876.0,35.0,-41.82,5.0,49.42,-99.27,-0.15,0.2,-0.35,stranded
2030,"Walmart Stores Texas, LLC",WAL2667,64887,GEN2,TX,Dallas,32.793829,-96.689543,0.4,14.12,NG,IC,2021,4,1.0,3504.0,49476.0,1927.2,876.0,35.0,-41.82,5.0,49.42,-99.27,-0.15,0.2,-0.35,stranded
2030,"Walmart Stores Texas, LLC",WAL2667,64887,GEN3,TX,Dallas,32.793829,-96.689543,0.4,14.12,NG,IC,2021,4,1.0,3504.0,49476.0,1927.2,876.0,35.0,-41.82,5.0,49.42,-99.27,-0.15,0.2,-0.35,stranded
2030,"Texas Microgrid, LLC",OTHERCitizensHospital,66614,CTZH1,TX,Victoria,28.812804,-96.977765,0.4,14.12,NG,IC,2020,5,1.0,3504.0,49476.0,1927.2,876.0,35.0,3611.3,5.0,49.42,3553.86,12.65,0.2,12.45,operating
2030,"Texas Microgrid, LLC",OTHERCitizensHospital,66614,CTZH2,TX,Victoria,28.812804,-96.977765,0.4,14.12,NG,IC,2020,5,1.0,3504.0,49476.0,1927.2,876.0,35.0,3611.3,5.0,49.42,3553.86,12.65,0.2,12.45,operating
2030,"Texas Microgrid, LLC",OTHERCitizensHospital,66614,CTZH3,TX,Victoria,28.812804,-96.977765,0.4,14.12,NG,IC,2020,5,1.0,3504.0,49476.0,1927.2,876.0,35.0,3611.3,5.0,49.42,3553.86,12.65,0.2,12.45,operating
2030,"Texas Microgrid, LLC",OTHERCitizensHospital,66614,CTZH4,TX,Victoria,28.812804,-96.977765,0.4,14.12,NG,IC,2020,5,1.0,3504.0,49476.0,1927.2,876.0,35.0,3611.3,5.0,49.42,3553.86,12.65,0.2,12.45,operating
2030,"Texas Microgrid, LLC",OTHERCitizensHospital,66614,CTZH5,TX,Victoria,28.812804,-96.977765,0.4,14.12,NG,IC,2020,5,1.0,3504.0,49476.0,1927.2,876.0,35.0,3611.3,5.0,49.42,3553.86,12.65,0.2,12.45,operating
2030,"Texas Microgrid, LLC",OTHERCitizensHospital,66614,CTZH6,TX,Victoria,28.812804,-96.977765,0.4,14.12,NG,IC,2020,5,1.0,3504.0,49476.0,1927.2,876.0,35.0,3611.3,5.0,49.42,3553.86,12.65,0.2,12.45,operating
2030,"Texas Microgrid, LLC",OTHERCitizensHospital,66614,CTZH7,TX,Victoria,28.812804,-96.977765,0.4,14.12,NG,IC,2020,5,1.0,3504.0,49476.0,1927.2,876.0,35.0,3611.3,5.0,49.42,3553.86,12.65,0.2,12.45,operating
2030,"Walmart Stores Texas, LLC",WAL940,64809,GEN1,TX,Tarrant,32.755036,-97.433843,0.4,14.14,NG,IC,2020,5,1.0,3504.0,49547.0,1927.2,876.0,35.0,-41.82,5.0,49.49,-99.34,-0.15,0.2,-0.35,stranded
2030,"Walmart Stores Texas, LLC",WAL940,64809,GEN2,TX,Tarrant,32.755036,-97.433843,0.4,14.14,NG,IC,2020,5,1.0,3504.0,49547.0,1927.2,876.0,35.0,-41.82,5.0,49.49,-99.34,-0.15,0.2,-0.35,stranded
2030,"Walmart Stores Texas, LLC",WAL940,64809,GEN3,TX,Tarrant,32.755036,-97.433843,0.4,14.14,NG,IC,2020,5,1.0,3504.0,49547.0,1927.2,876.0,35.0,-41.82,5.0,49.49,-99.34,-0.15,0.2,-0.35,stranded
2030,"Texas Microgrid, LLC",HEB00095,66564,H0951,TX,Webb,27.607476,-99.473866,0.4,14.15,NG,IC,2018,7,1.0,3504.0,49582.0,1927.2,876.0,35.0,3611.3,5.0,49.52,3553.75,12.65,0.2,12.45,operating
2030,"Texas Microgrid, LLC",HEB00095,66564,H0952,TX,Webb,27.607476,-99.473866,0.4,14.15,NG,IC,2018,7,1.0,3504.0,49582.0,1927.2,876.0,35.0,3611.3,5.0,49.52,3553.75,12.65,0.2,12.45,operating
2030,"Texas Microgrid, LLC",HEB00095,66564,H0953,TX,Webb,27.607476,-99.473866,0.4,14.15,NG,IC,2018,7,1.0,3504.0,49582.0,1927.2,876.0,35.0,3611.3,5.0,49.52,3553.75,12.65,0.2,12.45,operating
2030,"Texas Microgrid, LLC",HEB00095,66564,H0954,TX,Webb,27.607476,-99.473866,0.4,14.15,NG,IC,2018,7,1.0,3504.0,49582.0,1927.2,876.0,35.0,3611.3,5.0,49.52,3553.75,12.65,0.2,12.45,operating
2030,"Texas Microgrid, LLC",HEB00182,65274,H1821,TX,Bell,31.07212,-97.370901,0.4,14.16,NG,IC,2018,7,1.0,3504.0,49617.0,1927.2,876.0,35.0,3611.3,5.0,49.56,3553.72,12.65,0.2,12.45,operating
2030,"Texas Microgrid, LLC",HEB00182,65274,H1822,TX,Bell,31.07212,-97.370901,0.4,14.16,NG,IC,2018,7,1.0,3504.0,49617.0,1927.2,876.0,35.0,3611.3,5.0,49.56,3553.72,12.65,0.2,12.45,operating
2030,"Texas Microgrid, LLC",HEB00182,65274,H1823,TX,Bell,31.07212,-97.370901,0.4,14.16,NG,IC,2018,7,1.0,3504.0,49617.0,1927.2,876.0,35.0,3611.3,5.0,49.56,3553.72,12.65,0.2,12.45,operating
2030,"Walmart Stores Texas, LLC",WAL791,64804,GEN1,TX,Jim Wells,27.769271,-98.043187,0.4,14.17,NG,IC,2021,4,1.0,3504.0,49652.0,1927.2,876.0,35.0,3611.3,5.0,49.59,3553.68,12.65,0.2,12.45,operating
2030,"Walmart Stores Texas, LLC",WAL791,64804,GEN2,TX,Jim Wells,27.769271,-98.043187,0.4,14.17,NG,IC,2021,4,1.0,3504.0,49652.0,1927.2,876.0,35.0,3611.3,5.0,49.59,3553.68,12.65,0.2,12.45,operating
2030,"Walmart Stores Texas, LLC",WAL791,64804,GEN3,TX,Jim Wells,27.769271,-98.043187,0.4,14.17,NG,IC,2021,4,1.0,3504.0,49652.0,1927.2,876.0,35.0,3611.3,5.0,49.59,3553.68,12.65,0.2,12.45,operating
2030,"Texas Microgrid, LLC",HEB00591,66562,H5911,TX,Williamson,30.518818,-97.65854,0.4,14.18,NG,IC,2018,7,1.0,3504.0,49687.0,1927.2,876.0,35.0,3611.3,5.0,49.63,3553.65,12.65,0.2,12.45,operating
2030,"Texas Microgrid, LLC",HEB00591,66562,H5912,TX,Williamson,30.518818,-97.65854,0.4,14.18,NG,IC,2018,7,1.0,3504.0,49687.0,1927.2,876.0,35.0,3611.3,5.0,49.63,3553.65,12.65,0.2,12.45,operating
2030,"Texas Microgrid, LLC",HEB00591,66562,H5913,TX,Williamson,30.518818,-97.65854,0.4,14.18,NG,IC,2018,7,1.0,3504.0,49687.0,1927.2,876.0,35.0,3611.3,5.0,49.63,3553.65,12.65,0.2,12.45,operating
2030,"Texas Microgrid, LLC",HEB00591,66562,H5914,TX,Williamson,30.518818,-97.65854,0.4,14.18,NG,IC,2018,7,1.0,3504.0,49687.0,1927.2,876.0,35.0,3611.3,5.0,49.63,3553.65,12.65,0.2,12.45,operating
2030,"Texas Microgrid, LLC",HEB00092,66563,H0921,TX,Victoria,28.851871,-96.996805,0.4,14.18,NG,IC,2018,7,1.0,3504.0,49687.0,1927.2,876.0,35.0,3611.3,5.0,49.63,3553.65,12.65,0.2,12.45,operating
2030,"Texas Microgrid, LLC",HEB00092,66563,H0922,TX,Victoria,28.851871,-96.996805,0.4,14.18,NG,IC,2018,7,1.0,3504.0,49687.0,1927.2,876.0,35.0,3611.3,5.0,49.63,3553.65,12.65,0.2,12.45,operating
2030,"Texas Microgrid, LLC",HEB00092,66563,H0923,TX,Victoria,28.851871,-96.996805,0.4,14.18,NG,IC,2018,7,1.0,3504.0,49687.0,1927.2,876.0,35.0,3611.3,5.0,49.63,3553.65,12.65,0.2,12.45,operating
2030,"Texas Microgrid, LLC",HEB00092,66563,H0924,TX,Victoria,28.851871,-96.996805,0.4,14.18,NG,IC,2018,7,1.0,3504.0,49687.0,1927.2,876.0,35.0,3611.3,5.0,49.63,3553.65,12.65,0.2,12.45,operating
2030,"Walmart Stores Texas, LLC",WAL4509,64943,GEN1,TX,Tarrant,32.677829,-97.467729,0.4,14.21,NG,IC,2020,5,1.0,3504.0,49792.0,1927.2,876.0,35.0,-41.82,5.0,49.73,-99.59,-0.15,0.2,-0.35,stranded
2030,"Walmart Stores Texas, LLC",WAL4509,64943,GEN2,TX,Tarrant,32.677829,-97.467729,0.4,14.21,NG,IC,2020,5,1.0,3504.0,49792.0,1927.2,876.0,35.0,-41.82,5.0,49.73,-99.59,-0.15,0.2,-0.35,stranded
2030,"Walmart Stores Texas, LLC",WAL4509,64943,GEN3,TX,Tarrant,32.677829,-97.467729,0.4,14.21,NG,IC,2020,5,1.0,3504.0,49792.0,1927.2,876.0,35.0,-41.82,5.0,49.73,-99.59,-0.15,0.2,-0.35,stranded
2030,"Generate ER-NG, LLC",Praxair,66596,PRAX1,TX,Brazoria,29.004862,-95.388434,0.4,14.22,NG,IC,2019,6,1.0,3504.0,49827.0,1927.2,876.0,35.0,-41.82,5.0,49.77,-99.62,-0.15,0.2,-0.35,stranded
2030,"Generate ER-NG, LLC",Praxair,66596,PRAX2,TX,Brazoria,29.004862,-95.388434,0.4,14.22,NG,IC,2019,6,1.0,3504.0,49827.0,1927.2,876.0,35.0,-41.82,5.0,49.77,-99.62,-0.15,0.2,-0.35,stranded
2030,"Generate ER-NG, LLC",Praxair,66596,PRAX3,TX,Brazoria,29.004862,-95.388434,0.4,14.22,NG,IC,2019,6,1.0,3504.0,49827.0,1927.2,876.0,35.0,-41.82,5.0,49.77,-99.62,-0.15,0.2,-0.35,stranded
2030,"Walmart Stores Texas, LLC",WAL456,64777,GEN1,TX,Cameron,25.976057,-97.519445,0.4,14.22,NG,IC,2021,4,1.0,3504.0,49827.0,1927.2,876.0,35.0,-41.82,5.0,49.77,-99.62,-0.15,0.2,-0.35,stranded
2030,"Walmart Stores Texas, LLC",WAL456,64777,GEN2,TX,Cameron,25.976057,-97.519445,0.4,14.22,NG,IC,2021,4,1.0,3504.0,49827.0,1927.2,876.0,35.0,-41.82,5.0,49.77,-99.62,-0.15,0.2,-0.35,stranded
2030,"Walmart Stores Texas, LLC",WAL456,64777,GEN3,TX,Cameron,25.976057,-97.519445,0.4,14.22,NG,IC,2021,4,1.0,3504.0,49827.0,1927.2,876.0,35.0,-41.82,5.0,49.77,-99.62,-0.15,0.2,-0.35,stranded
2030,"Walmart Stores Texas, LLC",WAL5080,64948,GEN1,TX,Tarrant,32.847939,-97.18405,0.4,14.22,NG,IC,2022,3,1.0,3504.0,49827.0,1927.2,876.0,35.0,-41.82,5.0,49.77,-99.62,-0.15,0.2,-0.35,stranded
2030,"Walmart Stores Texas, LLC",WAL5080,64948,GEN2,TX,Tarrant,32.847939,-97.18405,0.4,14.22,NG,IC,2022,3,1.0,3504.0,49827.0,1927.2,876.0,35.0,-41.82,5.0,49.77,-99.62,-0.15,0.2,-0.35,stranded
2030,"Walmart Stores Texas, LLC",WAL5080,64948,GEN3,TX,Tarrant,32.847939,-97.18405,0.4,14.22,NG,IC,2022,3,1.0,3504.0,49827.0,1927.2,876.0,35.0,-41.82,5.0,49.77,-99.62,-0.15,0.2,-0.35,stranded
2030,"Walmart Stores Texas, LLC",WAL3285,64897,GEN1,TX,Dallas,32.59732,-96.946914,0.4,14.24,NG,IC,2021,4,1.0,3504.0,49897.0,1927.2,876.0,35.0,-41.82,5.0,49.84,-99.69,-0.15,0.2,-0.35,stranded
2030,"Walmart Stores Texas, LLC",WAL3285,64897,GEN2,TX,Dallas,32.59732,-96.946914,0.4,14.24,NG,IC,2021,4,1.0,3504.0,49897.0,1927.2,876.0,35.0,-41.82,5.0,49.84,-99.69,-0.15,0.2,-0.35,stranded
2030,"Walmart Stores Texas, LLC",WAL3285,64897,GEN3,TX,Dallas,32.59732,-96.946914,0.4,14.24,NG,IC,2021,4,1.0,3504.0,49897.0,1927.2,876.0,35.0,-41.82,5.0,49.84,-99.69,-0.15,0.2,-0.35,stranded
2030,"Texas Microgrid, LLC",OTHERTraditionClearfork,67381,CLFK1,TX,Tarrant,32.707171,-97.408328,0.4,14.24,NG,IC,2023,2,1.0,3504.0,49897.0,1927.2,876.0,35.0,-41.82,5.0,49.84,-99.69,-0.15,0.2,-0.35,stranded
2030,"Texas Microgrid, LLC",OTHERTraditionClearfork,67381,CLFK2,TX,Tarrant,32.707171,-97.408328,0.4,14.24,NG,IC,2023,2,1.0,3504.0,49897.0,1927.2,876.0,35.0,-41.82,5.0,49.84,-99.69,-0.15,0.2,-0.35,stranded
2030,"Texas Microgrid, LLC",OTHERTraditionClearfork,67381,CLFK3,TX,Tarrant,32.707171,-97.408328,0.4,14.24,NG,IC,2023,2,1.0,3504.0,49897.0,1927.2,876.0,35.0,-41.82,5.0,49.84,-99.69,-0.15,0.2,-0.35,stranded
2030,"Walmart Stores Texas, LLC",WAL947,64810,GEN1,TX,Grayson,33.673162,-96.612131,0.4,14.28,NG,IC,2020,5,1.0,3504.0,50037.0,1927.2,876.0,35.0,-41.82,5.0,49.98,-99.83,-0.15,0.2,-0.35,stranded
2030,"Walmart Stores Texas, LLC",WAL947,64810,GEN2,TX,Grayson,33.673162,-96.612131,0.4,14.28,NG,IC,2020,5,1.0,3504.0,50037.0,1927.2,876.0,35.0,-41.82,5.0,49.98,-99.83,-0.15,0.2,-0.35,stranded
2030,"Walmart Stores Texas, LLC",WAL947,64810,GEN3,TX,Grayson,33.673162,-96.612131,0.4,14.28,NG,IC,2020,5,1.0,3504.0,50037.0,1927.2,876.0,35.0,-41.82,5.0,49.98,-99.83,-0.15,0.2,-0.35,stranded
2030,"Generate ER-NG, LLC",HEB00055,67310,H0551,TX,Tarrant,32.938924,-97.131314,0.4,14.28,NG,IC,2023,2,1.0,3504.0,50037.0,1927.2,876.0,35.0,-41.82,5.0,49.98,-99.83,-0.15,0.2,-0.35,stranded
2030,"Generate ER-NG, LLC",HEB00055,67310,H0552,TX,Tarrant,32.938924,-97.131314,0.4,14.28,NG,IC,2023,2,1.0,3504.0,50037.0,1927.2,876.0,35.0,-41.82,5.0,49.98,-99.83,-0.15,0.2,-0.35,stranded
2030,"Generate ER-NG, LLC",HEB00055,67310,H0553,TX,Tarrant,32.938924,-97.131314,0.4,14.28,NG,IC,2023,2,1.0,3504.0,50037.0,1927.2,876.0,35.0,-41.82,5.0,49.98,-99.83,-0.15,0.2,-0.35,stranded
2030,"Texas Microgrid, LLC",HEB00057,65265,H0571,TX,Nueces,27.665051,-97.28064,0.4,14.29,NG,IC,2017,8,1.0,3504.0,50072.0,1927.2,876.0,35.0,3611.3,5.0,50.02,3553.26,12.65,0.2,12.45,operating
2030,"Texas Microgrid, LLC",HEB00057,65265,H0572,TX,Nueces,27.665051,-97.28064,0.4,14.29,NG,IC,2017,8,1.0,3504.0,50072.0,1927.2,876.0,35.0,3611.3,5.0,50.02,3553.26,12.65,0.2,12.45,operating
2030,"Texas Microgrid, LLC",HEB00057,65265,H0573,TX,Nueces,27.665051,-97.28064,0.4,14.29,NG,IC,2017,8,1.0,3504.0,50072.0,1927.2,876.0,35.0,3611.3,5.0,50.02,3553.26,12.65,0.2,12.45,operating
2030,"Texas Microgrid, LLC",HEB00292,65026,H2921,TX,Matagorda,28.982463,-95.958458,0.4,14.29,NG,IC,2016,9,1.0,3504.0,50072.0,1927.2,876.0,35.0,-41.82,5.0,50.02,-99.87,-0.15,0.2,-0.35,stranded
2030,"Texas Microgrid, LLC",HEB00292,65026,H2922,TX,Matagorda,28.982463,-95.958458,0.4,14.29,NG,IC,2016,9,1.0,3504.0,50072.0,1927.2,876.0,35.0,-41.82,5.0,50.02,-99.87,-0.15,0.2,-0.35,stranded
2030,"Texas Microgrid, LLC",HEB00292,65026,H2923,TX,Matagorda,28.982463,-95.958458,0.4,14.29,NG,IC,2016,9,1.0,3504.0,50072.0,1927.2,876.0,35.0,-41.82,5.0,50.02,-99.87,-0.15,0.2,-0.35,stranded
2030,"Walmart Stores Texas, LLC",WAL407,64773,GEN1,TX,Bell,31.089722,-97.729279,0.4,14.32,NG,IC,2021,4,1.0,3504.0,50177.0,1927.2,876.0,35.0,3611.3,5.0,50.12,3553.16,12.65,0.2,12.45,operating
2030,"Walmart Stores Texas, LLC",WAL407,64773,GEN2,TX,Bell,31.089722,-97.729279,0.4,14.32,NG,IC,2021,4,1.0,3504.0,50177.0,1927.2,876.0,35.0,3611.3,5.0,50.12,3553.16,12.65,0.2,12.45,operating
2030,"Walmart Stores Texas, LLC",WAL407,64773,GEN3,TX,Bell,31.089722,-97.729279,0.4,14.32,NG,IC,2021,4,1.0,3504.0,50177.0,1927.2,876.0,35.0,3611.3,5.0,50.12,3553.16,12.65,0.2,12.45,operating
2030,"Walmart Stores Texas, LLC",WAL5116,64950,GEN1,TX,Harris,29.664286,-95.098302,0.4,14.33,NG,IC,2020,5,1.0,3504.0,50212.0,1927.2,876.0,35.0,-41.82,5.0,50.16,-100.01,-0.15,0.2,-0.35,stranded
2030,"Walmart Stores Texas, LLC",WAL5116,64950,GEN2,TX,Harris,29.664286,-95.098302,0.4,14.33,NG,IC,2020,5,1.0,3504.0,50212.0,1927.2,876.0,35.0,-41.82,5.0,50.16,-100.01,-0.15,0.2,-0.35,stranded
2030,"Walmart Stores Texas, LLC",WAL5116,64950,GEN3,TX,Harris,29.664286,-95.098302,0.4,14.33,NG,IC,2020,5,1.0,3504.0,50212.0,1927.2,876.0,35.0,-41.82,5.0,50.16,-100.01,-0.15,0.2,-0.35,stranded
2030,"Texas Microgrid, LLC",HEB_CPSSADC,66613,SAD10,TX,Bexar,29.417338,-98.360879,0.4,14.33,NG,IC,2020,5,1.0,3504.0,50212.0,1927.2,876.0,35.0,3611.3,5.0,50.16,3553.12,12.65,0.2,12.45,operating
2030,"Texas Microgrid, LLC",HEB_CPSSADC,66613,SAD11,TX,Bexar,29.417338,-98.360879,0.4,14.33,NG,IC,2020,5,1.0,3504.0,50212.0,1927.2,876.0,35.0,3611.3,5.0,50.16,3553.12,12.65,0.2,12.45,operating
2030,"Texas Microgrid, LLC",HEB_CPSSADC,66613,SAD12,TX,Bexar,29.417338,-98.360879,0.4,14.33,NG,IC,2020,5,1.0,3504.0,50212.0,1927.2,876.0,35.0,3611.3,5.0,50.16,3553.12,12.65,0.2,12.45,operating
2030,"Texas Microgrid, LLC",HEB_CPSSADC,66613,SAD13,TX,Bexar,29.417338,-98.360879,0.4,14.33,NG,IC,2020,5,1.0,3504.0,50212.0,1927.2,876.0,35.0,3611.3,5.0,50.16,3553.12,12.65,0.2,12.45,operating
2030,"Texas Microgrid, LLC",HEB_CPSSADC,66613,SAD14,TX,Bexar,29.417338,-98.360879,0.4,14.33,NG,IC,2020,5,1.0,3504.0,50212.0,1927.2,876.0,35.0,3611.3,5.0,50.16,3553.12,12.65,0.2,12.45,operating
2030,"Texas Microgrid, LLC",HEB_CPSSADC,66613,SAD15,TX,Bexar,29.417338,-98.360879,0.4,14.33,NG,IC,2020,5,1.0,3504.0,50212.0,1927.2,876.0,35.0,3611.3,5.0,50.16,3553.12,12.65,0.2,12.45,operating
2030,"Texas Microgrid, LLC",HEB_CPSSADC,66613,SAD16,TX,Bexar,29.417338,-98.360879,0.4,14.33,NG,IC,2020,5,1.0,3504.0,50212.0,1927.2,876.0,35.0,3611.3,5.0,50.16,3553.12,12.65,0.2,12.45,operating
2030,"Texas Microgrid, LLC",HEB_CPSSADC,66613,SADC1,TX,Bexar,29.417338,-98.360879,0.4,14.33,NG,IC,2020,5,1.0,3504.0,50212.0,1927.2,876.0,35.0,3611.3,5.0,50.16,3553.12,12.65,0.2,12.45,operating
2030,"Texas Microgrid, LLC",HEB_CPSSADC,66613,SADC2,TX,Bexar,29.417338,-98.360879,0.4,14.33,NG,IC,2020,5,1.0,3504.0,50212.0,1927.2,876.0,35.0,3611.3,5.0,50.16,3553.12,12.65,0.2,12.45,operating
2030,"Texas Microgrid, LLC",HEB_CPSSADC,66613,SADC3,TX,Bexar,29.417338,-98.360879,0.4,14.33,NG,IC,2020,5,1.0,3504.0,50212.0,1927.2,876.0,35.0,3611.3,5.0,50.16,3553.12,12.65,0.2,12.45,operating
2030,"Texas Microgrid, LLC",HEB_CPSSADC,66613,SADC4,TX,Bexar,29.417338,-98.360879,0.4,14.33,NG,IC,2020,5,1.0,3504.0,50212.0,1927.2,876.0,35.0,3611.3,5.0,50.16,3553.12,12.65,0.2,12.45,operating
2030,"Texas Microgrid, LLC",HEB_CPSSADC,66613,SADC5,TX,Bexar,29.417338,-98.360879,0.4,14.33,NG,IC,2020,5,1.0,3504.0,50212.0,1927.2,876.0,35.0,3611.3,5.0,50.16,3553.12,12.65,0.2,12.45,operating
2030,"Texas Microgrid, LLC",HEB_CPSSADC,66613,SADC6,TX,Bexar,29.417338,-98.360879,0.4,14.33,NG,IC,2020,5,1.0,3504.0,50212.0,1927.2,876.0,35.0,3611.3,5.0,50.16,3553.12,12.65,0.2,12.45,operating
2030,"Texas Microgrid, LLC",HEB_CPSSADC,66613,SADC7,TX,Bexar,29.417338,-98.360879,0.4,14.33,NG,IC,2020,5,1.0,3504.0,50212.0,1927.2,876.0,35.0,3611.3,5.0,50.16,3553.12,12.65,0.2,12.45,operating
2030,"Texas Microgrid, LLC",HEB_CPSSADC,66613,SADC8,TX,Bexar,29.417338,-98.360879,0.4,14.33,NG,IC,2020,5,1.0,3504.0,50212.0,1927.2,876.0,35.0,3611.3,5.0,50.16,3553.12,12.65,0.2,12.45,operating
2030,"Texas Microgrid, LLC",HEB_CPSSADC,66613,SADC9,TX,Bexar,29.417338,-98.360879,0.4,14.33,NG,IC,2020,5,1.0,3504.0,50212.0,1927.2,876.0,35.0,3611.3,5.0,50.16,3553.12,12.65,0.2,12.45,operating
2030,"Texas Microgrid, LLC",HEB00069,66550,H0691,TX,Nueces,27.694932,-97.262513,0.4,14.34,NG,IC,2017,8,1.0,3504.0,50247.0,1927.2,876.0,35.0,3611.3,5.0,50.19,3553.09,12.65,0.2,12.45,operating
2030,"Texas Microgrid, LLC",HEB00069,66550,H0692,TX,Nueces,27.694932,-97.262513,0.4,14.34,NG,IC,2017,8,1.0,3504.0,50247.0,1927.2,876.0,35.0,3611.3,5.0,50.19,3553.09,12.65,0.2,12.45,operating
2030,"Texas Microgrid, LLC",HEB00069,66550,H0693,TX,Nueces,27.694932,-97.262513,0.4,14.34,NG,IC,2017,8,1.0,3504.0,50247.0,1927.2,876.0,35.0,3611.3,5.0,50.19,3553.09,12.65,0.2,12.45,operating
2030,"Texas Microgrid, LLC",HEB00069,66550,H0694,TX,Nueces,27.694932,-97.262513,0.4,14.34,NG,IC,2017,8,1.0,3504.0,50247.0,1927.2,876.0,35.0,3611.3,5.0,50.19,3553.09,12.65,0.2,12.45,operating
2030,"Walmart Stores Texas, LLC",WAL5316,64956,GEN1,TX,Tarrant,32.882111,-97.387586,0.4,14.35,NG,IC,2020,5,1.0,3504.0,50282.0,1927.2,876.0,35.0,-41.82,5.0,50.23,-100.08,-0.15,0.2,-0.35,stranded
2030,"Walmart Stores Texas, LLC",WAL5316,64956,GEN2,TX,Tarrant,32.882111,-97.387586,0.4,14.35,NG,IC,2020,5,1.0,3504.0,50282.0,1927.2,876.0,35.0,-41.82,5.0,50.23,-100.08,-0.15,0.2,-0.35,stranded
2030,"Walmart Stores Texas, LLC",WAL5316,64956,GEN3,TX,Tarrant,32.882111,-97.387586,0.4,14.35,NG,IC,2020,5,1.0,3504.0,50282.0,1927.2,876.0,35.0,-41.82,5.0,50.23,-100.08,-0.15,0.2,-0.35,stranded
2030,"Walmart Stores Texas, LLC",WAL3297,64898,GEN1,TX,Harris,29.920574,-95.602626,0.4,14.36,NG,IC,2020,5,1.0,3504.0,50317.0,1927.2,876.0,35.0,-41.82,5.0,50.26,-100.11,-0.15,0.2,-0.35,stranded
2030,"Walmart Stores Texas, LLC",WAL3297,64898,GEN2,TX,Harris,29.920574,-95.602626,0.4,14.36,NG,IC,2020,5,1.0,3504.0,50317.0,1927.2,876.0,35.0,-41.82,5.0,50.26,-100.11,-0.15,0.2,-0.35,stranded
2030,"Walmart Stores Texas, LLC",WAL3297,64898,GEN3,TX,Harris,29.920574,-95.602626,0.4,14.36,NG,IC,2020,5,1.0,3504.0,50317.0,1927.2,876.0,35.0,-41.82,5.0,50.26,-100.11,-0.15,0.2,-0.35,stranded
2030,"Texas Microgrid, LLC",OTHERTexasA&M,67318,TAM10,TX,Brazos,30.641955,-96.460971,0.4,14.36,NG,IC,2018,7,1.0,3504.0,50317.0,1927.2,876.0,35.0,-41.82,5.0,50.26,-100.11,-0.15,0.2,-0.35,stranded
2030,"Texas Microgrid, LLC",OTHERTexasA&M,67318,TAM11,TX,Brazos,30.641955,-96.460971,0.4,14.36,NG,IC,2018,7,1.0,3504.0,50317.0,1927.2,876.0,35.0,-41.82,5.0,50.26,-100.11,-0.15,0.2,-0.35,stranded
2030,"Texas Microgrid, LLC",OTHERTexasA&M,67318,TAM12,TX,Brazos,30.641955,-96.460971,0.4,14.36,NG,IC,2018,7,1.0,3504.0,50317.0,1927.2,876.0,35.0,-41.82,5.0,50.26,-100.11,-0.15,0.2,-0.35,stranded
2030,"Texas Microgrid, LLC",OTHERTexasA&M,67318,TAM13,TX,Brazos,30.641955,-96.460971,0.4,14.36,NG,IC,2018,7,1.0,3504.0,50317.0,1927.2,876.0,35.0,-41.82,5.0,50.26,-100.11,-0.15,0.2,-0.35,stranded
2030,"Texas Microgrid, LLC",OTHERTexasA&M,67318,TAM14,TX,Brazos,30.641955,-96.460971,0.4,14.36,NG,IC,2018,7,1.0,3504.0,50317.0,1927.2,876.0,35.0,-41.82,5.0,50.26,-100.11,-0.15,0.2,-0.35,stranded
2030,"Texas Microgrid, LLC",OTHERTexasA&M,67318,TAM15,TX,Brazos,30.641955,-96.460971,0.4,14.36,NG,IC,2018,7,1.0,3504.0,50317.0,1927.2,876.0,35.0,-41.82,5.0,50.26,-100.11,-0.15,0.2,-0.35,stranded
2030,"Texas Microgrid, LLC",OTHERTexasA&M,67318,TAM16,TX,Brazos,30.641955,-96.460971,0.4,14.36,NG,IC,2018,7,1.0,3504.0,50317.0,1927.2,876.0,35.0,-41.82,5.0,50.26,-100.11,-0.15,0.2,-0.35,stranded
2030,"Texas Microgrid, LLC",OTHERTexasA&M,67318,TAM17,TX,Brazos,30.641955,-96.460971,0.4,14.36,NG,IC,2018,7,1.0,3504.0,50317.0,1927.2,876.0,35.0,-41.82,5.0,50.26,-100.11,-0.15,0.2,-0.35,stranded
2030,"Texas Microgrid, LLC",OTHERTexasA&M,67318,TAM18,TX,Brazos,30.641955,-96.460971,0.4,14.36,NG,IC,2018,7,1.0,3504.0,50317.0,1927.2,876.0,35.0,-41.82,5.0,50.26,-100.11,-0.15,0.2,-0.35,stranded
2030,"Texas Microgrid, LLC",OTHERTexasA&M,67318,TAM19,TX,Brazos,30.641955,-96.460971,0.4,14.36,NG,IC,2018,7,1.0,3504.0,50317.0,1927.2,876.0,35.0,-41.82,5.0,50.26,-100.11,-0.15,0.2,-0.35,stranded
2030,"Texas Microgrid, LLC",OTHERTexasA&M,67318,TAM20,TX,Brazos,30.641955,-96.460971,0.4,14.36,NG,IC,2018,7,1.0,3504.0,50317.0,1927.2,876.0,35.0,-41.82,5.0,50.26,-100.11,-0.15,0.2,-0.35,stranded
2030,"Texas Microgrid, LLC",OTHERTexasA&M,67318,TAM21,TX,Brazos,30.641955,-96.460971,0.4,14.36,NG,IC,2018,7,1.0,3504.0,50317.0,1927.2,876.0,35.0,-41.82,5.0,50.26,-100.11,-0.15,0.2,-0.35,stranded
2030,"Texas Microgrid, LLC",OTHERTexasA&M,67318,TAM22,TX,Brazos,30.641955,-96.460971,0.4,14.36,NG,IC,2018,7,1.0,3504.0,50317.0,1927.2,876.0,35.0,-41.82,5.0,50.26,-100.11,-0.15,0.2,-0.35,stranded
2030,"Texas Microgrid, LLC",OTHERTexasA&M,67318,TAM23,TX,Brazos,30.641955,-96.460971,0.4,14.36,NG,IC,2018,7,1.0,3504.0,50317.0,1927.2,876.0,35.0,-41.82,5.0,50.26,-100.11,-0.15,0.2,-0.35,stranded
2030,"Texas Microgrid, LLC",OTHERTexasA&M,67318,TAM24,TX,Brazos,30.641955,-96.460971,0.4,14.36,NG,IC,2018,7,1.0,3504.0,50317.0,1927.2,876.0,35.0,-41.82,5.0,50.26,-100.11,-0.15,0.2,-0.35,stranded
2030,"Texas Microgrid, LLC",OTHERTexasA&M,67318,TAMU1,TX,Brazos,30.641955,-96.460971,0.4,14.36,NG,IC,2018,7,1.0,3504.0,50317.0,1927.2,876.0,35.0,-41.82,5.0,50.26,-100.11,-0.15,0.2,-0.35,stranded
2030,"Texas Microgrid, LLC",OTHERTexasA&M,67318,TAMU2,TX,Brazos,30.641955,-96.460971,0.4,14.36,NG,IC,2018,7,1.0,3504.0,50317.0,1927.2,876.0,35.0,-41.82,5.0,50.26,-100.11,-0.15,0.2,-0.35,stranded
2030,"Texas Microgrid, LLC",OTHERTexasA&M,67318,TAMU3,TX,Brazos,30.641955,-96.460971,0.4,14.36,NG,IC,2018,7,1.0,3504.0,50317.0,1927.2,876.0,35.0,-41.82,5.0,50.26,-100.11,-0.15,0.2,-0.35,stranded
2030,"Texas Microgrid, LLC",OTHERTexasA&M,67318,TAMU4,TX,Brazos,30.641955,-96.460971,0.4,14.36,NG,IC,2018,7,1.0,3504.0,50317.0,1927.2,876.0,35.0,-41.82,5.0,50.26,-100.11,-0.15,0.2,-0.35,stranded
2030,"Texas Microgrid, LLC",OTHERTexasA&M,67318,TAMU5,TX,Brazos,30.641955,-96.460971,0.4,14.36,NG,IC,2018,7,1.0,3504.0,50317.0,1927.2,876.0,35.0,-41.82,5.0,50.26,-100.11,-0.15,0.2,-0.35,stranded
2030,"Texas Microgrid, LLC",OTHERTexasA&M,67318,TAMU6,TX,Brazos,30.641955,-96.460971,0.4,14.36,NG,IC,2018,7,1.0,3504.0,50317.0,1927.2,876.0,35.0,-41.82,5.0,50.26,-100.11,-0.15,0.2,-0.35,stranded
2030,"Texas Microgrid, LLC",OTHERTexasA&M,67318,TAMU7,TX,Brazos,30.641955,-96.460971,0.4,14.36,NG,IC,2018,7,1.0,3504.0,50317.0,1927.2,876.0,35.0,-41.82,5.0,50.26,-100.11,-0.15,0.2,-0.35,stranded
2030,"Texas Microgrid, LLC",OTHERTexasA&M,67318,TAMU8,TX,Brazos,30.641955,-96.460971,0.4,14.36,NG,IC,2018,7,1.0,3504.0,50317.0,1927.2,876.0,35.0,-41.82,5.0,50.26,-100.11,-0.15,0.2,-0.35,stranded
2030,"Texas Microgrid, LLC",OTHERTexasA&M,67318,TAMU9,TX,Brazos,30.641955,-96.460971,0.4,14.36,NG,IC,2018,7,1.0,3504.0,50317.0,1927.2,876.0,35.0,-41.82,5.0,50.26,-100.11,-0.15,0.2,-0.35,stranded
2030,"Walmart Stores Texas, LLC",WAL3886,64940,GEN1,TX,Hidalgo,26.267703,-98.204552,0.4,14.37,NG,IC,2021,4,1.0,3504.0,50352.0,1927.2,876.0,35.0,-41.82,5.0,50.29,-100.15,-0.15,0.2,-0.35,stranded
2030,"Walmart Stores Texas, LLC",WAL3886,64940,GEN2,TX,Hidalgo,26.267703,-98.204552,0.4,14.37,NG,IC,2021,4,1.0,3504.0,50352.0,1927.2,876.0,35.0,-41.82,5.0,50.29,-100.15,-0.15,0.2,-0.35,stranded
2030,"Walmart Stores Texas, LLC",WAL3886,64940,GEN3,TX,Hidalgo,26.267703,-98.204552,0.4,14.37,NG,IC,2021,4,1.0,3504.0,50352.0,1927.2,876.0,35.0,-41.82,5.0,50.29,-100.15,-0.15,0.2,-0.35,stranded
2030,"Walmart Stores Texas, LLC",WAL5480,64959,GEN1,TX,Williamson,30.53366,-97.612014,0.4,14.39,NG,IC,2021,4,1.0,3504.0,50423.0,1927.2,876.0,35.0,3611.3,5.0,50.37,3552.91,12.65,0.2,12.45,operating
2030,"Walmart Stores Texas, LLC",WAL5480,64959,GEN2,TX,Williamson,30.53366,-97.612014,0.4,14.39,NG,IC,2021,4,1.0,3504.0,50423.0,1927.2,876.0,35.0,3611.3,5.0,50.37,3552.91,12.65,0.2,12.45,operating
2030,"Walmart Stores Texas, LLC",WAL5480,64959,GEN3,TX,Williamson,30.53366,-97.612014,0.4,14.39,NG,IC,2021,4,1.0,3504.0,50423.0,1927.2,876.0,35.0,3611.3,5.0,50.37,3552.91,12.65,0.2,12.45,operating
2030,"Walmart Stores Texas, LLC",WAL5764,64962,GEN1,TX,Tarrant,32.967341,-97.411976,0.4,14.4,NG,IC,2021,4,1.0,3504.0,50458.0,1927.2,876.0,35.0,-41.82,5.0,50.4,-100.25,-0.15,0.2,-0.35,stranded
2030,"Walmart Stores Texas, LLC",WAL5764,64962,GEN2,TX,Tarrant,32.967341,-97.411976,0.4,14.4,NG,IC,2021,4,1.0,3504.0,50458.0,1927.2,876.0,35.0,-41.82,5.0,50.4,-100.25,-0.15,0.2,-0.35,stranded
2030,"Walmart Stores Texas, LLC",WAL5764,64962,GEN3,TX,Tarrant,32.967341,-97.411976,0.4,14.4,NG,IC,2021,4,1.0,3504.0,50458.0,1927.2,876.0,35.0,-41.82,5.0,50.4,-100.25,-0.15,0.2,-0.35,stranded
2030,"Walmart Stores Texas, LLC",WAL5091,64949,GEN1,TX,Harris,29.975997,-95.697345,0.4,14.4,NG,IC,2020,5,1.0,3504.0,50458.0,1927.2,876.0,35.0,-41.82,5.0,50.4,-100.25,-0.15,0.2,-0.35,stranded
2030,"Walmart Stores Texas, LLC",WAL5091,64949,GEN2,TX,Harris,29.975997,-95.697345,0.4,14.4,NG,IC,2020,5,1.0,3504.0,50458.0,1927.2,876.0,35.0,-41.82,5.0,50.4,-100.25,-0.15,0.2,-0.35,stranded
2030,"Walmart Stores Texas, LLC",WAL5091,64949,GEN3,TX,Harris,29.975997,-95.697345,0.4,14.4,NG,IC,2020,5,1.0,3504.0,50458.0,1927.2,876.0,35.0,-41.82,5.0,50.4,-100.25,-0.15,0.2,-0.35,stranded
2030,"Generate ER-NG, LLC",HEB00750,68730,H7501,TX,Tarrant,32.56722,-97.114802,0.4,14.4,NG,IC,2024,1,1.0,3504.0,50458.0,1927.2,876.0,35.0,-41.82,5.0,50.4,-100.25,-0.15,0.2,-0.35,stranded
2030,"Generate ER-NG, LLC",HEB00750,68730,H7502,TX,Tarrant,32.56722,-97.114802,0.4,14.4,NG,IC,2024,1,1.0,3504.0,50458.0,1927.2,876.0,35.0,-41.82,5.0,50.4,-100.25,-0.15,0.2,-0.35,stranded
2030,"Generate ER-NG, LLC",HEB00750,68730,H7503,TX,Tarrant,32.56722,-97.114802,0.4,14.4,NG,IC,2024,1,1.0,3504.0,50458.0,1927.2,876.0,35.0,-41.82,5.0,50.4,-100.25,-0.15,0.2,-0.35,stranded
2030,"Walmart Stores Texas, LLC",WAL5045,64947,GEN1,TX,Harris,30.014278,-95.594987,0.4,14.44,NG,IC,2020,5,1.0,3504.0,50598.0,1927.2,876.0,35.0,-41.82,5.0,50.54,-100.39,-0.15,0.21,-0.35,stranded
2030,"Walmart Stores Texas, LLC",WAL5045,64947,GEN2,TX,Harris,30.014278,-95.594987,0.4,14.44,NG,IC,2020,5,1.0,3504.0,50598.0,1927.2,876.0,35.0,-41.82,5.0,50.54,-100.39,-0.15,0.21,-0.35,stranded
2030,"Walmart Stores Texas, LLC",WAL5045,64947,GEN3,TX,Harris,30.014278,-95.594987,0.4,14.44,NG,IC,2020,5,1.0,3504.0,50598.0,1927.2,876.0,35.0,-41.82,5.0,50.54,-100.39,-0.15,0.21,-0.35,stranded
2030,"Walmart Stores Texas, LLC",WAL3320,64901,GEN1,TX,Hidalgo,26.260742,-98.315859,0.4,14.46,NG,IC,2021,4,1.0,3504.0,50668.0,1927.2,876.0,35.0,-41.82,5.0,50.61,-100.46,-0.15,0.21,-0.35,stranded
2030,"Walmart Stores Texas, LLC",WAL3320,64901,GEN2,TX,Hidalgo,26.260742,-98.315859,0.4,14.46,NG,IC,2021,4,1.0,3504.0,50668.0,1927.2,876.0,35.0,-41.82,5.0,50.61,-100.46,-0.15,0.21,-0.35,stranded
2030,"Walmart Stores Texas, LLC",WAL3320,64901,GEN3,TX,Hidalgo,26.260742,-98.315859,0.4,14.46,NG,IC,2021,4,1.0,3504.0,50668.0,1927.2,876.0,35.0,-41.82,5.0,50.61,-100.46,-0.15,0.21,-0.35,stranded
2030,"Walmart Stores Texas, LLC",WAL3773,64937,GEN1,TX,Tarrant,32.765261,-97.483775,0.4,14.46,NG,IC,2020,5,1.0,3504.0,50668.0,1927.2,876.0,35.0,-41.82,5.0,50.61,-100.46,-0.15,0.21,-0.35,stranded
2030,"Walmart Stores Texas, LLC",WAL3773,64937,GEN2,TX,Tarrant,32.765261,-97.483775,0.4,14.46,NG,IC,2020,5,1.0,3504.0,50668.0,1927.2,876.0,35.0,-41.82,5.0,50.61,-100.46,-0.15,0.21,-0.35,stranded
2030,"Walmart Stores Texas, LLC",WAL3773,64937,GEN3,TX,Tarrant,32.765261,-97.483775,0.4,14.46,NG,IC,2020,5,1.0,3504.0,50668.0,1927.2,876.0,35.0,-41.82,5.0,50.61,-100.46,-0.15,0.21,-0.35,stranded
2030,"Walmart Stores Texas, LLC",WAL1232,64816,GEN1,TX,Bell,31.080808,-97.457755,0.4,14.49,NG,IC,2020,5,1.0,3504.0,50773.0,1927.2,876.0,35.0,3611.3,5.0,50.72,3552.56,12.65,0.21,12.45,operating
2030,"Walmart Stores Texas, LLC",WAL1232,64816,GEN2,TX,Bell,31.080808,-97.457755,0.4,14.49,NG,IC,2020,5,1.0,3504.0,50773.0,1927.2,876.0,35.0,3611.3,5.0,50.72,3552.56,12.65,0.21,12.45,operating
2030,"Walmart Stores Texas, LLC",WAL1232,64816,GEN3,TX,Bell,31.080808,-97.457755,0.4,14.49,NG,IC,2020,5,1.0,3504.0,50773.0,1927.2,876.0,35.0,3611.3,5.0,50.72,3552.56,12.65,0.21,12.45,operating
2030,"Walmart Stores Texas, LLC",WAL5165,64951,GEN1,TX,Hidalgo,26.191785,-98.128306,0.4,14.51,NG,IC,2021,4,1.0,3504.0,50843.0,1927.2,876.0,35.0,-41.82,5.0,50.78,-100.64,-0.15,0.21,-0.35,stranded
2030,"Walmart Stores Texas, LLC",WAL5165,64951,GEN2,TX,Hidalgo,26.191785,-98.128306,0.4,14.51,NG,IC,2021,4,1.0,3504.0,50843.0,1927.2,876.0,35.0,-41.82,5.0,50.78,-100.64,-0.15,0.21,-0.35,stranded
2030,"Walmart Stores Texas, LLC",WAL5165,64951,GEN3,TX,Hidalgo,26.191785,-98.128306,0.4,14.51,NG,IC,2021,4,1.0,3504.0,50843.0,1927.2,876.0,35.0,-41.82,5.0,50.78,-100.64,-0.15,0.21,-0.35,stranded
2030,"Walmart Stores Texas, LLC",WAL744,64800,GEN1,TX,Harris,29.995621,-95.176468,0.4,14.51,NG,IC,2020,5,1.0,3504.0,50843.0,1927.2,876.0,35.0,-41.82,5.0,50.78,-100.64,-0.15,0.21,-0.35,stranded
2030,"Walmart Stores Texas, LLC",WAL744,64800,GEN2,TX,Harris,29.995621,-95.176468,0.4,14.51,NG,IC,2020,5,1.0,3504.0,50843.0,1927.2,876.0,35.0,-41.82,5.0,50.78,-100.64,-0.15,0.21,-0.35,stranded
2030,"Walmart Stores Texas, LLC",WAL744,64800,GEN3,TX,Harris,29.995621,-95.176468,0.4,14.51,NG,IC,2020,5,1.0,3504.0,50843.0,1927.2,876.0,35.0,-41.82,5.0,50.78,-100.64,-0.15,0.21,-0.35,stranded
2030,"Walmart Stores Texas, LLC",WAL284,64772,GEN1,TX,Tarrant,32.576159,-97.130048,0.4,14.54,NG,IC,2021,4,1.0,3504.0,50948.0,1927.2,876.0,35.0,-41.82,5.0,50.89,-100.74,-0.15,0.21,-0.35,stranded
2030,"Walmart Stores Texas, LLC",WAL284,64772,GEN2,TX,Tarrant,32.576159,-97.130048,0.4,14.54,NG,IC,2021,4,1.0,3504.0,50948.0,1927.2,876.0,35.0,-41.82,5.0,50.89,-100.74,-0.15,0.21,-0.35,stranded
2030,"Walmart Stores Texas, LLC",WAL284,64772,GEN3,TX,Tarrant,32.576159,-97.130048,0.4,14.54,NG,IC,2021,4,1.0,3504.0,50948.0,1927.2,876.0,35.0,-41.82,5.0,50.89,-100.74,-0.15,0.21,-0.35,stranded
2030,"Generate ER-NG, LLC",AbbVie Waco,67308,AB1,TX,McLennan,31.48819,-97.20061,0.4,14.57,NG,IC,2023,2,1.0,3504.0,51053.0,1927.2,876.0,35.0,3611.3,5.0,51.0,3552.28,12.65,0.21,12.45,operating
2030,"Generate ER-NG, LLC",AbbVie Waco,67308,AB10,TX,McLennan,31.48819,-97.20061,0.4,14.57,NG,IC,2023,2,1.0,3504.0,51053.0,1927.2,876.0,35.0,3611.3,5.0,51.0,3552.28,12.65,0.21,12.45,operating
2030,"Generate ER-NG, LLC",AbbVie Waco,67308,AB11,TX,McLennan,31.48819,-97.20061,0.4,14.57,NG,IC,2023,2,1.0,3504.0,51053.0,1927.2,876.0,35.0,3611.3,5.0,51.0,3552.28,12.65,0.21,12.45,operating
2030,"Generate ER-NG, LLC",AbbVie Waco,67308,AB12,TX,McLennan,31.48819,-97.20061,0.4,14.57,NG,IC,2023,2,1.0,3504.0,51053.0,1927.2,876.0,35.0,3611.3,5.0,51.0,3552.28,12.65,0.21,12.45,operating
2030,"Generate ER-NG, LLC",AbbVie Waco,67308,AB13,TX,McLennan,31.48819,-97.20061,0.4,14.57,NG,IC,2023,2,1.0,3504.0,51053.0,1927.2,876.0,35.0,3611.3,5.0,51.0,3552.28,12.65,0.21,12.45,operating
2030,"Generate ER-NG, LLC",AbbVie Waco,67308,AB14,TX,McLennan,31.48819,-97.20061,0.4,14.57,NG,IC,2023,2,1.0,3504.0,51053.0,1927.2,876.0,35.0,3611.3,5.0,51.0,3552.28,12.65,0.21,12.45,operating
2030,"Generate ER-NG, LLC",AbbVie Waco,67308,AB2,TX,McLennan,31.48819,-97.20061,0.4,14.57,NG,IC,2023,2,1.0,3504.0,51053.0,1927.2,876.0,35.0,3611.3,5.0,51.0,3552.28,12.65,0.21,12.45,operating
2030,"Generate ER-NG, LLC",AbbVie Waco,67308,AB3,TX,McLennan,31.48819,-97.20061,0.4,14.57,NG,IC,2023,2,1.0,3504.0,51053.0,1927.2,876.0,35.0,3611.3,5.0,51.0,3552.28,12.65,0.21,12.45,operating
2030,"Generate ER-NG, LLC",AbbVie Waco,67308,AB4,TX,McLennan,31.48819,-97.20061,0.4,14.57,NG,IC,2023,2,1.0,3504.0,51053.0,1927.2,876.0,35.0,3611.3,5.0,51.0,3552.28,12.65,0.21,12.45,operating
2030,"Generate ER-NG, LLC",AbbVie Waco,67308,AB5,TX,McLennan,31.48819,-97.20061,0.4,14.57,NG,IC,2023,2,1.0,3504.0,51053.0,1927.2,876.0,35.0,3611.3,5.0,51.0,3552.28,12.65,0.21,12.45,operating
2030,"Generate ER-NG, LLC",AbbVie Waco,67308,AB6,TX,McLennan,31.48819,-97.20061,0.4,14.57,NG,IC,2023,2,1.0,3504.0,51053.0,1927.2,876.0,35.0,3611.3,5.0,51.0,3552.28,12.65,0.21,12.45,operating
2030,"Generate ER-NG, LLC",AbbVie Waco,67308,AB7,TX,McLennan,31.48819,-97.20061,0.4,14.57,NG,IC,2023,2,1.0,3504.0,51053.0,1927.2,876.0,35.0,3611.3,5.0,51.0,3552.28,12.65,0.21,12.45,operating
2030,"Generate ER-NG, LLC",AbbVie Waco,67308,AB8,TX,McLennan,31.48819,-97.20061,0.4,14.57,NG,IC,2023,2,1.0,3504.0,51053.0,1927.2,876.0,35.0,3611.3,5.0,51.0,3552.28,12.65,0.21,12.45,operating
2030,"Generate ER-NG, LLC",AbbVie Waco,67308,AB9,TX,McLennan,31.48819,-97.20061,0.4,14.57,NG,IC,2023,2,1.0,3504.0,51053.0,1927.2,876.0,35.0,3611.3,5.0,51.0,3552.28,12.65,0.21,12.45,operating
2030,"Texas Microgrid, LLC",HEB00028,65262,H0281,TX,Galveston,29.466105,-95.09527,0.4,14.62,NG,IC,2017,8,1.0,3504.0,51228.0,1927.2,876.0,35.0,-41.82,5.0,51.17,-101.02,-0.15,0.21,-0.35,stranded
2030,"Texas Microgrid, LLC",HEB00028,65262,H0282,TX,Galveston,29.466105,-95.09527,0.4,14.62,NG,IC,2017,8,1.0,3504.0,51228.0,1927.2,876.0,35.0,-41.82,5.0,51.17,-101.02,-0.15,0.21,-0.35,stranded
2030,"Texas Microgrid, LLC",HEB00028,65262,H0283,TX,Galveston,29.466105,-95.09527,0.4,14.62,NG,IC,2017,8,1.0,3504.0,51228.0,1927.2,876.0,35.0,-41.82,5.0,51.17,-101.02,-0.15,0.21,-0.35,stranded
2030,"Walmart Stores Texas, LLC",WAL3406,64922,GEN1,TX,Dallas,32.959048,-96.81664,0.4,14.63,NG,IC,2022,3,1.0,3504.0,51264.0,1927.2,876.0,35.0,-41.82,5.0,51.21,-101.06,-0.15,0.21,-0.35,stranded
2030,"Walmart Stores Texas, LLC",WAL3406,64922,GEN2,TX,Dallas,32.959048,-96.81664,0.4,14.63,NG,IC,2022,3,1.0,3504.0,51264.0,1927.2,876.0,35.0,-41.82,5.0,51.21,-101.06,-0.15,0.21,-0.35,stranded
2030,"Walmart Stores Texas, LLC",WAL3406,64922,GEN3,TX,Dallas,32.959048,-96.81664,0.4,14.63,NG,IC,2022,3,1.0,3504.0,51264.0,1927.2,876.0,35.0,-41.82,5.0,51.21,-101.06,-0.15,0.21,-0.35,stranded
2030,"Walmart Stores Texas, LLC",WAL461,64778,GEN1,TX,Maverick,28.702031,-100.482722,0.4,14.66,NG,IC,2021,4,1.0,3504.0,51369.0,1927.2,876.0,35.0,3611.3,5.0,51.31,3551.97,12.65,0.21,12.45,operating
2030,"Walmart Stores Texas, LLC",WAL461,64778,GEN2,TX,Maverick,28.702031,-100.482722,0.4,14.66,NG,IC,2021,4,1.0,3504.0,51369.0,1927.2,876.0,35.0,3611.3,5.0,51.31,3551.97,12.65,0.21,12.45,operating
2030,"Walmart Stores Texas, LLC",WAL461,64778,GEN3,TX,Maverick,28.702031,-100.482722,0.4,14.66,NG,IC,2021,4,1.0,3504.0,51369.0,1927.2,876.0,35.0,3611.3,5.0,51.31,3551.97,12.65,0.21,12.45,operating
2030,"Texas Microgrid, LLC",HEB00038,65263,H0381,TX,Hidalgo,26.202647,-98.164666,0.4,14.68,NG,IC,2018,7,1.0,3504.0,51439.0,1927.2,876.0,35.0,-41.82,5.0,51.38,-101.23,-0.15,0.21,-0.35,stranded
2030,"Texas Microgrid, LLC",HEB00038,65263,H0382,TX,Hidalgo,26.202647,-98.164666,0.4,14.68,NG,IC,2018,7,1.0,3504.0,51439.0,1927.2,876.0,35.0,-41.82,5.0,51.38,-101.23,-0.15,0.21,-0.35,stranded
2030,"Texas Microgrid, LLC",HEB00038,65263,H0383,TX,Hidalgo,26.202647,-98.164666,0.4,14.68,NG,IC,2018,7,1.0,3504.0,51439.0,1927.2,876.0,35.0,-41.82,5.0,51.38,-101.23,-0.15,0.21,-0.35,stranded
2030,"Texas Microgrid, LLC",OTHERNFBWA,67316,NFB1,TX,Fort Bend,29.705627,-95.619133,0.4,14.71,NG,IC,2021,4,1.0,3504.0,51544.0,1927.2,876.0,35.0,-41.82,5.0,51.48,-101.34,-0.15,0.21,-0.36,stranded
2030,"Texas Microgrid, LLC",OTHERNFBWA,67316,NFB2,TX,Fort Bend,29.705627,-95.619133,0.4,14.71,NG,IC,2021,4,1.0,3504.0,51544.0,1927.2,876.0,35.0,-41.82,5.0,51.48,-101.34,-0.15,0.21,-0.36,stranded
2030,"Texas Microgrid, LLC",OTHERNFBWA,67316,NFB3,TX,Fort Bend,29.705627,-95.619133,0.4,14.71,NG,IC,2021,4,1.0,3504.0,51544.0,1927.2,876.0,35.0,-41.82,5.0,51.48,-101.34,-0.15,0.21,-0.36,stranded
2030,"Texas Microgrid, LLC",OTHERNFBWA,67316,NFB4,TX,Fort Bend,29.705627,-95.619133,0.4,14.71,NG,IC,2021,4,1.0,3504.0,51544.0,1927.2,876.0,35.0,-41.82,5.0,51.48,-101.34,-0.15,0.21,-0.36,stranded
2030,"Texas Microgrid, LLC",OTHERNFBWA,67316,NFB5,TX,Fort Bend,29.705627,-95.619133,0.4,14.71,NG,IC,2021,4,1.0,3504.0,51544.0,1927.2,876.0,35.0,-41.82,5.0,51.48,-101.34,-0.15,0.21,-0.36,stranded
2030,"Texas Microgrid, LLC",OTHERNFBWA,67316,NFB6,TX,Fort Bend,29.705627,-95.619133,0.4,14.71,NG,IC,2021,4,1.0,3504.0,51544.0,1927.2,876.0,35.0,-41.82,5.0,51.48,-101.34,-0.15,0.21,-0.36,stranded
2030,"Walmart Stores Texas, LLC",WAL872,64806,GEN1,TX,Brazoria,29.573168,-95.283899,0.4,14.71,NG,IC,2020,5,1.0,3504.0,51544.0,1927.2,876.0,35.0,-41.82,5.0,51.48,-101.34,-0.15,0.21,-0.36,stranded
2030,"Walmart Stores Texas, LLC",WAL872,64806,GEN2,TX,Brazoria,29.573168,-95.283899,0.4,14.71,NG,IC,2020,5,1.0,3504.0,51544.0,1927.2,876.0,35.0,-41.82,5.0,51.48,-101.34,-0.15,0.21,-0.36,stranded
2030,"Walmart Stores Texas, LLC",WAL872,64806,GEN3,TX,Brazoria,29.573168,-95.283899,0.4,14.71,NG,IC,2020,5,1.0,3504.0,51544.0,1927.2,876.0,35.0,-41.82,5.0,51.48,-101.34,-0.15,0.21,-0.36,stranded
2030,"Walmart Stores Texas, LLC",WAL1040,64813,GEN1,TX,Harris,29.877618,-95.651482,0.4,14.73,NG,IC,2019,6,1.0,3504.0,51614.0,1927.2,876.0,35.0,-41.82,5.0,51.55,-101.41,-0.15,0.21,-0.36,stranded
2030,"Walmart Stores Texas, LLC",WAL1040,64813,GEN2,TX,Harris,29.877618,-95.651482,0.4,14.73,NG,IC,2019,6,1.0,3504.0,51614.0,1927.2,876.0,35.0,-41.82,5.0,51.55,-101.41,-0.15,0.21,-0.36,stranded
2030,"Walmart Stores Texas, LLC",WAL1040,64813,GEN3,TX,Harris,29.877618,-95.651482,0.4,14.73,NG,IC,2019,6,1.0,3504.0,51614.0,1927.2,876.0,35.0,-41.82,5.0,51.55,-101.41,-0.15,0.21,-0.36,stranded
2030,"Walmart Stores Texas, LLC",WAL6929,64963,GEN1,TX,Bell,31.11497,-97.414441,0.4,14.73,NG,IC,2020,5,1.0,3504.0,51614.0,1927.2,876.0,35.0,3611.3,5.0,51.55,3551.72,12.65,0.21,12.45,operating
2030,"Walmart Stores Texas, LLC",WAL6929,64963,GEN2,TX,Bell,31.11497,-97.414441,0.4,14.73,NG,IC,2020,5,1.0,3504.0,51614.0,1927.2,876.0,35.0,3611.3,5.0,51.55,3551.72,12.65,0.21,12.45,operating
2030,"Walmart Stores Texas, LLC",WAL6929,64963,GEN3,TX,Bell,31.11497,-97.414441,0.4,14.73,NG,IC,2020,5,1.0,3504.0,51614.0,1927.2,876.0,35.0,3611.3,5.0,51.55,3551.72,12.65,0.21,12.45,operating
2030,Signal Hill Generating LLC,Signal Hill Generating LLC,50127,GTA,TX,Wichita,33.8625,-98.5894,20.0,15.46,NG,CT,1987,38,0.9999,175180.0,2708283.0,64816.6,17518.0,1751.8,-41.82,3.5,54.11,-101.47,-7.33,10.45,-17.78,stranded
2030,Signal Hill Generating LLC,Signal Hill Generating LLC,50127,GTB,TX,Wichita,33.8625,-98.5894,20.0,15.46,NG,CT,1987,38,0.9999,175180.0,2708283.0,64816.6,17518.0,1751.8,-41.82,3.5,54.11,-101.47,-7.33,10.45,-17.78,stranded
2030,Signal Hill Generating LLC,Signal Hill Generating LLC,50127,GTC,TX,Wichita,33.8625,-98.5894,20.0,15.46,NG,CT,1987,38,0.9999,175180.0,2708283.0,64816.6,17518.0,1751.8,-41.82,3.5,54.11,-101.47,-7.33,10.45,-17.78,stranded
2030,Signal Hill Generating LLC,Signal Hill Generating LLC,50127,STD,TX,Wichita,33.8625,-98.5894,20.0,15.46,NG,CA,1987,38,0.9999,175180.0,2708283.0,64816.6,17518.0,1751.8,-41.82,3.5,54.11,-101.47,-7.33,10.45,-17.78,stranded
2030,"Walmart Stores Texas, LLC",WAL3226,64895,GEN1,TX,Fort Bend,29.783981,-95.804075,0.4,14.77,NG,IC,2019,6,1.0,3504.0,51754.0,1927.2,876.0,35.0,-41.82,5.0,51.7,-101.55,-0.15,0.21,-0.36,stranded
2030,"Walmart Stores Texas, LLC",WAL3226,64895,GEN2,TX,Fort Bend,29.783981,-95.804075,0.4,14.77,NG,IC,2019,6,1.0,3504.0,51754.0,1927.2,876.0,35.0,-41.82,5.0,51.7,-101.55,-0.15,0.21,-0.36,stranded
2030,"Walmart Stores Texas, LLC",WAL3226,64895,GEN3,TX,Fort Bend,29.783981,-95.804075,0.4,14.77,NG,IC,2019,6,1.0,3504.0,51754.0,1927.2,876.0,35.0,-41.82,5.0,51.7,-101.55,-0.15,0.21,-0.36,stranded
2030,"Texas Microgrid, LLC",HEBCCBakery,66565,HCCB1,TX,Nueces,27.786287,-97.46234,0.4,14.78,NG,IC,2019,6,1.0,3504.0,51789.0,1927.2,876.0,35.0,3611.3,5.0,51.73,3551.55,12.65,0.21,12.44,operating
2030,"Texas Microgrid, LLC",HEBCCBakery,66565,HCCB2,TX,Nueces,27.786287,-97.46234,0.4,14.78,NG,IC,2019,6,1.0,3504.0,51789.0,1927.2,876.0,35.0,3611.3,5.0,51.73,3551.55,12.65,0.21,12.44,operating
2030,"Texas Microgrid, LLC",HEBCCBakery,66565,HCCB3,TX,Nueces,27.786287,-97.46234,0.4,14.78,NG,IC,2019,6,1.0,3504.0,51789.0,1927.2,876.0,35.0,3611.3,5.0,51.73,3551.55,12.65,0.21,12.44,operating
2030,"Texas Microgrid, LLC",HEBCCBakery,66565,HCCB4,TX,Nueces,27.786287,-97.46234,0.4,14.78,NG,IC,2019,6,1.0,3504.0,51789.0,1927.2,876.0,35.0,3611.3,5.0,51.73,3551.55,12.65,0.21,12.44,operating
2030,"Texas Microgrid, LLC",HEBCCBakery,66565,HCCB5,TX,Nueces,27.786287,-97.46234,0.4,14.78,NG,IC,2019,6,1.0,3504.0,51789.0,1927.2,876.0,35.0,3611.3,5.0,51.73,3551.55,12.65,0.21,12.44,operating
2030,"Texas Microgrid, LLC",HEBCCBakery,66565,HCCB6,TX,Nueces,27.786287,-97.46234,0.4,14.78,NG,IC,2019,6,1.0,3504.0,51789.0,1927.2,876.0,35.0,3611.3,5.0,51.73,3551.55,12.65,0.21,12.44,operating
2030,"Texas Microgrid, LLC",HEBCCBakery,66565,HCCB7,TX,Nueces,27.786287,-97.46234,0.4,14.78,NG,IC,2019,6,1.0,3504.0,51789.0,1927.2,876.0,35.0,3611.3,5.0,51.73,3551.55,12.65,0.21,12.44,operating
2030,"Texas Microgrid, LLC",HEBCCBakery,66565,HCCB8,TX,Nueces,27.786287,-97.46234,0.4,14.78,NG,IC,2019,6,1.0,3504.0,51789.0,1927.2,876.0,35.0,3611.3,5.0,51.73,3551.55,12.65,0.21,12.44,operating
2030,"Walmart Stores Texas, LLC",WAL4512,64944,GEN1,TX,Harris,29.818196,-95.767961,0.4,14.78,NG,IC,2020,5,1.0,3504.0,51789.0,1927.2,876.0,35.0,-41.82,5.0,51.73,-101.58,-0.15,0.21,-0.36,stranded
2030,"Walmart Stores Texas, LLC",WAL4512,64944,GEN2,TX,Harris,29.818196,-95.767961,0.4,14.78,NG,IC,2020,5,1.0,3504.0,51789.0,1927.2,876.0,35.0,-41.82,5.0,51.73,-101.58,-0.15,0.21,-0.36,stranded
2030,"Walmart Stores Texas, LLC",WAL4512,64944,GEN3,TX,Harris,29.818196,-95.767961,0.4,14.78,NG,IC,2020,5,1.0,3504.0,51789.0,1927.2,876.0,35.0,-41.82,5.0,51.73,-101.58,-0.15,0.21,-0.36,stranded
2030,"Walmart Stores Texas, LLC",WAL266,64771,GEN1,TX,Tarrant,32.922049,-97.081986,0.4,14.79,NG,IC,2021,4,1.0,3504.0,51824.0,1927.2,876.0,35.0,-41.82,5.0,51.77,-101.62,-0.15,0.21,-0.36,stranded
2030,"Walmart Stores Texas, LLC",WAL266,64771,GEN2,TX,Tarrant,32.922049,-97.081986,0.4,14.79,NG,IC,2021,4,1.0,3504.0,51824.0,1927.2,876.0,35.0,-41.82,5.0,51.77,-101.62,-0.15,0.21,-0.36,stranded
2030,"Walmart Stores Texas, LLC",WAL266,64771,GEN3,TX,Tarrant,32.922049,-97.081986,0.4,14.79,NG,IC,2021,4,1.0,3504.0,51824.0,1927.2,876.0,35.0,-41.82,5.0,51.77,-101.62,-0.15,0.21,-0.36,stranded
2030,Formosa Plastics Corp,CFB Power Plant,56708,G2101,TX,Calhoun,28.650278,-96.539722,155.0,15.53,NG,ST,2012,13,0.9999,1357645.0,21084227.0,502328.6,135764.5,13576.5,3611.3,3.5,54.35,3551.41,4902.87,81.31,4821.56,operating
2030,Formosa Plastics Corp,CFB Power Plant,56708,G2201,TX,Calhoun,28.650278,-96.539722,155.0,15.53,NG,ST,2012,13,0.9999,1357645.0,21084227.0,502328.6,135764.5,13576.5,3611.3,3.5,54.35,3551.41,4902.87,81.31,4821.56,operating
2030,"Walmart Stores Texas, LLC",WAL522,64793,GEN1,TX,Harris,29.894458,-95.06497,0.4,14.85,NG,IC,2020,5,1.0,3504.0,52034.0,1927.2,876.0,35.0,-41.82,5.0,51.98,-101.83,-0.15,0.21,-0.36,stranded
2030,"Walmart Stores Texas, LLC",WAL522,64793,GEN2,TX,Harris,29.894458,-95.06497,0.4,14.85,NG,IC,2020,5,1.0,3504.0,52034.0,1927.2,876.0,35.0,-41.82,5.0,51.98,-101.83,-0.15,0.21,-0.36,stranded
2030,"Walmart Stores Texas, LLC",WAL522,64793,GEN3,TX,Harris,29.894458,-95.06497,0.4,14.85,NG,IC,2020,5,1.0,3504.0,52034.0,1927.2,876.0,35.0,-41.82,5.0,51.98,-101.83,-0.15,0.21,-0.36,stranded
2030,"Walmart Stores Texas, LLC",WAL5713,64961,GEN1,TX,Webb,27.610637,-99.462215,0.4,14.86,NG,IC,2021,4,1.0,3504.0,52069.0,1927.2,876.0,35.0,3611.3,5.0,52.01,3551.27,12.65,0.21,12.44,operating
2030,"Walmart Stores Texas, LLC",WAL5713,64961,GEN2,TX,Webb,27.610637,-99.462215,0.4,14.86,NG,IC,2021,4,1.0,3504.0,52069.0,1927.2,876.0,35.0,3611.3,5.0,52.01,3551.27,12.65,0.21,12.44,operating
2030,"Walmart Stores Texas, LLC",WAL5713,64961,GEN3,TX,Webb,27.610637,-99.462215,0.4,14.86,NG,IC,2021,4,1.0,3504.0,52069.0,1927.2,876.0,35.0,3611.3,5.0,52.01,3551.27,12.65,0.21,12.44,operating
2030,Enterprise Products Optg LP,Enterprise Products Operating,10261,GEN3,TX,Chambers,29.8247,-94.9197,3.4,14.9,NG,GT,1991,34,1.0,29784.0,443782.0,16381.2,7446.0,297.8,-41.82,5.0,52.15,-102.0,-1.25,1.79,-3.04,stranded
2030,Enterprise Products Optg LP,Enterprise Products Operating,10261,GEN4,TX,Chambers,29.8247,-94.9197,3.4,14.9,NG,GT,1991,34,1.0,29784.0,443782.0,16381.2,7446.0,297.8,-41.82,5.0,52.15,-102.0,-1.25,1.79,-3.04,stranded
2030,Enterprise Products Optg LP,Enterprise Products Operating,10261,GEN5,TX,Chambers,29.8247,-94.9197,3.4,14.9,NG,GT,1991,34,1.0,29784.0,443782.0,16381.2,7446.0,297.8,-41.82,5.0,52.15,-102.0,-1.25,1.79,-3.04,stranded
2030,Enterprise Products Optg LP,Enterprise Products Operating,10261,GEN6,TX,Chambers,29.8247,-94.9197,3.5,14.9,NG,GT,1996,29,1.0,30660.0,456834.0,16863.0,7665.0,306.6,-41.82,5.0,52.15,-102.0,-1.28,1.85,-3.13,stranded
2030,Enterprise Products Optg LP,Enterprise Products Operating,10261,GEN7,TX,Chambers,29.8247,-94.9197,3.5,14.9,NG,GT,1996,29,1.0,30660.0,456834.0,16863.0,7665.0,306.6,-41.82,5.0,52.15,-102.0,-1.28,1.85,-3.13,stranded
2030,Enterprise Products Optg LP,Enterprise Products Operating,10261,GEN8,TX,Chambers,29.8247,-94.9197,3.5,14.9,NG,GT,1996,29,1.0,30660.0,456834.0,16863.0,7665.0,306.6,-41.82,5.0,52.15,-102.0,-1.28,1.85,-3.13,stranded
2030,"Walmart Stores Texas, LLC",WAL2883,64889,GEN1,TX,Collin,33.097094,-96.798596,0.4,14.91,NG,IC,2021,4,1.0,3504.0,52245.0,1927.2,876.0,35.0,-41.82,5.0,52.19,-102.04,-0.15,0.21,-0.36,stranded
2030,"Walmart Stores Texas, LLC",WAL2883,64889,GEN2,TX,Collin,33.097094,-96.798596,0.4,14.91,NG,IC,2021,4,1.0,3504.0,52245.0,1927.2,876.0,35.0,-41.82,5.0,52.19,-102.04,-0.15,0.21,-0.36,stranded
2030,"Walmart Stores Texas, LLC",WAL2883,64889,GEN3,TX,Collin,33.097094,-96.798596,0.4,14.91,NG,IC,2021,4,1.0,3504.0,52245.0,1927.2,876.0,35.0,-41.82,5.0,52.19,-102.04,-0.15,0.21,-0.36,stranded
2030,"Walmart Stores Texas, LLC",WAL3518,64933,GEN1,TX,Webb,27.612565,-99.471825,0.4,14.91,NG,IC,2021,4,1.0,3504.0,52245.0,1927.2,876.0,35.0,3611.3,5.0,52.19,3551.09,12.65,0.21,12.44,operating
2030,"Walmart Stores Texas, LLC",WAL3518,64933,GEN2,TX,Webb,27.612565,-99.471825,0.4,14.91,NG,IC,2021,4,1.0,3504.0,52245.0,1927.2,876.0,35.0,3611.3,5.0,52.19,3551.09,12.65,0.21,12.44,operating
2030,"Walmart Stores Texas, LLC",WAL3518,64933,GEN3,TX,Webb,27.612565,-99.471825,0.4,14.91,NG,IC,2021,4,1.0,3504.0,52245.0,1927.2,876.0,35.0,3611.3,5.0,52.19,3551.09,12.65,0.21,12.44,operating
2030,"Generate ER-NG, LLC",HEB00801,68734,H8011,TX,Tarrant,32.914505,-97.308935,0.4,14.92,NG,IC,2024,1,1.0,3504.0,52280.0,1927.2,876.0,35.0,-41.82,5.0,52.22,-102.07,-0.15,0.21,-0.36,stranded
2030,"Generate ER-NG, LLC",HEB00801,68734,H8012,TX,Tarrant,32.914505,-97.308935,0.4,14.92,NG,IC,2024,1,1.0,3504.0,52280.0,1927.2,876.0,35.0,-41.82,5.0,52.22,-102.07,-0.15,0.21,-0.36,stranded
2030,"Generate ER-NG, LLC",HEB00801,68734,H8013,TX,Tarrant,32.914505,-97.308935,0.4,14.92,NG,IC,2024,1,1.0,3504.0,52280.0,1927.2,876.0,35.0,-41.82,5.0,52.22,-102.07,-0.15,0.21,-0.36,stranded
2030,"Texas Microgrid, LLC",HEB00063,66549,H0631,TX,Brazoria,29.55952,-95.39038,0.4,14.96,NG,IC,2017,8,1.0,3504.0,52420.0,1927.2,876.0,35.0,-41.82,5.0,52.36,-102.21,-0.15,0.21,-0.36,stranded
2030,"Texas Microgrid, LLC",HEB00063,66549,H0632,TX,Brazoria,29.55952,-95.39038,0.4,14.96,NG,IC,2017,8,1.0,3504.0,52420.0,1927.2,876.0,35.0,-41.82,5.0,52.36,-102.21,-0.15,0.21,-0.36,stranded
2030,"Texas Microgrid, LLC",HEB00063,66549,H0633,TX,Brazoria,29.55952,-95.39038,0.4,14.96,NG,IC,2017,8,1.0,3504.0,52420.0,1927.2,876.0,35.0,-41.82,5.0,52.36,-102.21,-0.15,0.21,-0.36,stranded
2030,"Texas Microgrid, LLC",HEB00063,66549,H0634,TX,Brazoria,29.55952,-95.39038,0.4,14.96,NG,IC,2017,8,1.0,3504.0,52420.0,1927.2,876.0,35.0,-41.82,5.0,52.36,-102.21,-0.15,0.21,-0.36,stranded
2030,"Walmart Stores Texas, LLC",WAL447,64775,GEN1,TX,Val Verde,29.395822,-100.901074,0.4,14.98,NG,IC,2021,4,1.0,3504.0,52490.0,1927.2,876.0,35.0,-41.82,5.0,52.43,-102.28,-0.15,0.21,-0.36,stranded
2030,"Walmart Stores Texas, LLC",WAL447,64775,GEN2,TX,Val Verde,29.395822,-100.901074,0.4,14.98,NG,IC,2021,4,1.0,3504.0,52490.0,1927.2,876.0,35.0,-41.82,5.0,52.43,-102.28,-0.15,0.21,-0.36,stranded
2030,"Walmart Stores Texas, LLC",WAL447,64775,GEN3,TX,Val Verde,29.395822,-100.901074,0.4,14.98,NG,IC,2021,4,1.0,3504.0,52490.0,1927.2,876.0,35.0,-41.82,5.0,52.43,-102.28,-0.15,0.21,-0.36,stranded
2030,"Walmart Stores Texas, LLC",WAL536,64795,GEN1,TX,Jones,32.48078,-99.698015,0.4,14.99,NG,IC,2021,4,1.0,3504.0,52525.0,1927.2,876.0,35.0,-41.82,5.0,52.47,-102.32,-0.15,0.21,-0.36,stranded
2030,"Walmart Stores Texas, LLC",WAL536,64795,GEN2,TX,Jones,32.48078,-99.698015,0.4,14.99,NG,IC,2021,4,1.0,3504.0,52525.0,1927.2,876.0,35.0,-41.82,5.0,52.47,-102.32,-0.15,0.21,-0.36,stranded
2030,"Walmart Stores Texas, LLC",WAL536,64795,GEN3,TX,Jones,32.48078,-99.698015,0.4,14.99,NG,IC,2021,4,1.0,3504.0,52525.0,1927.2,876.0,35.0,-41.82,5.0,52.47,-102.32,-0.15,0.21,-0.36,stranded
2030,"Walmart Stores Texas, LLC",WAL452,64776,GEN1,TX,Hidalgo,26.243944,-98.245055,0.4,15.03,NG,IC,2021,4,1.0,3504.0,52665.0,1927.2,876.0,35.0,-41.82,5.0,52.6,-102.46,-0.15,0.21,-0.36,stranded
2030,"Walmart Stores Texas, LLC",WAL452,64776,GEN2,TX,Hidalgo,26.243944,-98.245055,0.4,15.03,NG,IC,2021,4,1.0,3504.0,52665.0,1927.2,876.0,35.0,-41.82,5.0,52.6,-102.46,-0.15,0.21,-0.36,stranded
2030,"Walmart Stores Texas, LLC",WAL452,64776,GEN3,TX,Hidalgo,26.243944,-98.245055,0.4,15.03,NG,IC,2021,4,1.0,3504.0,52665.0,1927.2,876.0,35.0,-41.82,5.0,52.6,-102.46,-0.15,0.21,-0.36,stranded
2030,"Walmart Stores Texas, LLC",WAL3284,64896,GEN1,TX,Tarrant,32.66674,-97.209254,0.4,15.04,NG,IC,2021,4,1.0,3504.0,52700.0,1927.2,876.0,35.0,-41.82,5.0,52.64,-102.49,-0.15,0.21,-0.36,stranded
2030,"Walmart Stores Texas, LLC",WAL3284,64896,GEN2,TX,Tarrant,32.66674,-97.209254,0.4,15.04,NG,IC,2021,4,1.0,3504.0,52700.0,1927.2,876.0,35.0,-41.82,5.0,52.64,-102.49,-0.15,0.21,-0.36,stranded
2030,"Walmart Stores Texas, LLC",WAL3284,64896,GEN3,TX,Tarrant,32.66674,-97.209254,0.4,15.04,NG,IC,2021,4,1.0,3504.0,52700.0,1927.2,876.0,35.0,-41.82,5.0,52.64,-102.49,-0.15,0.21,-0.36,stranded
2030,NRG Texas Power LLC,Greens Bayou,3464,73,TX,Harris,29.822201,-95.219429,72.0,15.04,NG,GT,1976,49,1.0,630720.0,9486029.0,346896.0,157680.0,6307.2,-41.82,5.0,52.64,-102.49,-26.38,38.26,-64.64,stranded
2030,NRG Texas Power LLC,Greens Bayou,3464,74,TX,Harris,29.822201,-95.219429,72.0,15.04,NG,GT,1976,49,1.0,630720.0,9486029.0,346896.0,157680.0,6307.2,-41.82,5.0,52.64,-102.49,-26.38,38.26,-64.64,stranded
2030,NRG Texas Power LLC,Greens Bayou,3464,81,TX,Harris,29.822201,-95.219429,72.0,15.04,NG,GT,1976,49,1.0,630720.0,9486029.0,346896.0,157680.0,6307.2,-41.82,5.0,52.64,-102.49,-26.38,38.26,-64.64,stranded
2030,NRG Texas Power LLC,Greens Bayou,3464,82,TX,Harris,29.822201,-95.219429,72.0,15.04,NG,GT,1976,49,1.0,630720.0,9486029.0,346896.0,157680.0,6307.2,-41.82,5.0,52.64,-102.49,-26.38,38.26,-64.64,stranded
2030,NRG Texas Power LLC,Greens Bayou,3464,83,TX,Harris,29.822201,-95.219429,72.0,15.04,NG,GT,1976,49,1.0,630720.0,9486029.0,346896.0,157680.0,6307.2,-41.82,5.0,52.64,-102.49,-26.38,38.26,-64.64,stranded
2030,NRG Texas Power LLC,Greens Bayou,3464,84,TX,Harris,29.822201,-95.219429,72.0,15.04,NG,GT,1976,49,1.0,630720.0,9486029.0,346896.0,157680.0,6307.2,-41.82,5.0,52.64,-102.49,-26.38,38.26,-64.64,stranded
2030,"Walmart Stores Texas, LLC",WAL5312,64955,GEN1,TX,Tarrant,32.774643,-97.291803,0.4,15.06,NG,IC,2021,4,1.0,3504.0,52770.0,1927.2,876.0,35.0,-41.82,5.0,52.71,-102.56,-0.15,0.21,-0.36,stranded
2030,"Walmart Stores Texas, LLC",WAL5312,64955,GEN2,TX,Tarrant,32.774643,-97.291803,0.4,15.06,NG,IC,2021,4,1.0,3504.0,52770.0,1927.2,876.0,35.0,-41.82,5.0,52.71,-102.56,-0.15,0.21,-0.36,stranded
2030,"Walmart Stores Texas, LLC",WAL5312,64955,GEN3,TX,Tarrant,32.774643,-97.291803,0.4,15.06,NG,IC,2021,4,1.0,3504.0,52770.0,1927.2,876.0,35.0,-41.82,5.0,52.71,-102.56,-0.15,0.21,-0.36,stranded
2030,"Texas Microgrid, LLC",HEB_CPS00085,66612,H0851,TX,Bexar,29.433657,-98.703454,0.4,15.07,NG,IC,2019,6,1.0,3504.0,52805.0,1927.2,876.0,35.0,3611.3,5.0,52.75,3550.53,12.65,0.21,12.44,operating
2030,"Texas Microgrid, LLC",HEB_CPS00085,66612,H0852,TX,Bexar,29.433657,-98.703454,0.4,15.07,NG,IC,2019,6,1.0,3504.0,52805.0,1927.2,876.0,35.0,3611.3,5.0,52.75,3550.53,12.65,0.21,12.44,operating
2030,"Texas Microgrid, LLC",HEB_CPS00085,66612,H0853,TX,Bexar,29.433657,-98.703454,0.4,15.07,NG,IC,2019,6,1.0,3504.0,52805.0,1927.2,876.0,35.0,3611.3,5.0,52.75,3550.53,12.65,0.21,12.44,operating
2030,"Texas Microgrid, LLC",HEB_CPS00085,66612,H0854,TX,Bexar,29.433657,-98.703454,0.4,15.07,NG,IC,2019,6,1.0,3504.0,52805.0,1927.2,876.0,35.0,3611.3,5.0,52.75,3550.53,12.65,0.21,12.44,operating
2030,"Walmart Stores Texas, LLC",WAL5287,64953,GE N3,TX,Harris,30.077307,-95.51277,0.4,15.09,NG,IC,2020,5,1.0,3504.0,52875.0,1927.2,876.0,35.0,-41.82,5.0,52.81,-102.67,-0.15,0.21,-0.36,stranded
2030,"Walmart Stores Texas, LLC",WAL5287,64953,GEN1,TX,Harris,30.077307,-95.51277,0.4,15.09,NG,IC,2020,5,1.0,3504.0,52875.0,1927.2,876.0,35.0,-41.82,5.0,52.81,-102.67,-0.15,0.21,-0.36,stranded
2030,"Walmart Stores Texas, LLC",WAL5287,64953,GEN2,TX,Harris,30.077307,-95.51277,0.4,15.09,NG,IC,2020,5,1.0,3504.0,52875.0,1927.2,876.0,35.0,-41.82,5.0,52.81,-102.67,-0.15,0.21,-0.36,stranded
2030,"Walmart Stores Texas, LLC",WAL3584,64935,GEN1,TX,Harris,29.72355,-95.46539,0.4,15.11,NG,IC,2021,4,1.0,3504.0,52945.0,1927.2,876.0,35.0,-41.82,5.0,52.88,-102.74,-0.15,0.21,-0.36,stranded
2030,"Walmart Stores Texas, LLC",WAL3584,64935,GEN2,TX,Harris,29.72355,-95.46539,0.4,15.11,NG,IC,2021,4,1.0,3504.0,52945.0,1927.2,876.0,35.0,-41.82,5.0,52.88,-102.74,-0.15,0.21,-0.36,stranded
2030,"Walmart Stores Texas, LLC",WAL3584,64935,GEN3,TX,Harris,29.72355,-95.46539,0.4,15.11,NG,IC,2021,4,1.0,3504.0,52945.0,1927.2,876.0,35.0,-41.82,5.0,52.88,-102.74,-0.15,0.21,-0.36,stranded
2030,"Walmart Stores Texas, LLC",WAL602,64799,GEN1,TX,Montgomery,30.12423,-95.45769,0.4,15.11,NG,IC,2020,5,1.0,3504.0,52945.0,1927.2,876.0,35.0,-41.82,5.0,52.88,-102.74,-0.15,0.21,-0.36,stranded
2030,"Walmart Stores Texas, LLC",WAL602,64799,GEN2,TX,Montgomery,30.12423,-95.45769,0.4,15.11,NG,IC,2020,5,1.0,3504.0,52945.0,1927.2,876.0,35.0,-41.82,5.0,52.88,-102.74,-0.15,0.21,-0.36,stranded
2030,"Walmart Stores Texas, LLC",WAL602,64799,GEN3,TX,Montgomery,30.12423,-95.45769,0.4,15.11,NG,IC,2020,5,1.0,3504.0,52945.0,1927.2,876.0,35.0,-41.82,5.0,52.88,-102.74,-0.15,0.21,-0.36,stranded
2030,"Generate ER-NG, LLC",HEB00794,67433,H7941,TX,Collin,33.175806,-96.728417,0.4,15.11,NG,IC,2023,2,1.0,3504.0,52945.0,1927.2,876.0,35.0,-41.82,5.0,52.88,-102.74,-0.15,0.21,-0.36,stranded
2030,"Generate ER-NG, LLC",HEB00794,67433,H7942,TX,Collin,33.175806,-96.728417,0.4,15.11,NG,IC,2023,2,1.0,3504.0,52945.0,1927.2,876.0,35.0,-41.82,5.0,52.88,-102.74,-0.15,0.21,-0.36,stranded
2030,"Generate ER-NG, LLC",HEB00794,67433,H7943,TX,Collin,33.175806,-96.728417,0.4,15.11,NG,IC,2023,2,1.0,3504.0,52945.0,1927.2,876.0,35.0,-41.82,5.0,52.88,-102.74,-0.15,0.21,-0.36,stranded
2030,"Walmart Stores Texas, LLC",WAL2257,64885,GEN1,TX,Harris,29.853797,-95.509083,0.4,15.13,NG,IC,2021,4,1.0,3504.0,53016.0,1927.2,876.0,35.0,-41.82,5.0,52.96,-102.81,-0.15,0.21,-0.36,stranded
2030,"Walmart Stores Texas, LLC",WAL2257,64885,GEN2,TX,Harris,29.853797,-95.509083,0.4,15.13,NG,IC,2021,4,1.0,3504.0,53016.0,1927.2,876.0,35.0,-41.82,5.0,52.96,-102.81,-0.15,0.21,-0.36,stranded
2030,"Walmart Stores Texas, LLC",WAL2257,64885,GEN3,TX,Harris,29.853797,-95.509083,0.4,15.13,NG,IC,2021,4,1.0,3504.0,53016.0,1927.2,876.0,35.0,-41.82,5.0,52.96,-102.81,-0.15,0.21,-0.36,stranded
2030,"Walmart Stores Texas, LLC",WAL2980,64890,GEN1,TX,Tarrant,32.89517,-97.286531,0.4,15.17,NG,IC,2021,4,1.0,3504.0,53156.0,1927.2,876.0,35.0,-41.82,5.0,53.09,-102.95,-0.15,0.21,-0.36,stranded
2030,"Walmart Stores Texas, LLC",WAL2980,64890,GEN2,TX,Tarrant,32.89517,-97.286531,0.4,15.17,NG,IC,2021,4,1.0,3504.0,53156.0,1927.2,876.0,35.0,-41.82,5.0,53.09,-102.95,-0.15,0.21,-0.36,stranded
2030,"Walmart Stores Texas, LLC",WAL2980,64890,GEN3,TX,Tarrant,32.89517,-97.286531,0.4,15.17,NG,IC,2021,4,1.0,3504.0,53156.0,1927.2,876.0,35.0,-41.82,5.0,53.09,-102.95,-0.15,0.21,-0.36,stranded
2030,"Walmart Stores Texas, LLC",WAL972,64812,GEN1,TX,Tarrant,32.811848,-97.424739,0.4,15.24,NG,IC,2020,5,1.0,3504.0,53401.0,1927.2,876.0,35.0,-41.82,5.0,53.34,-103.19,-0.15,0.22,-0.36,stranded
2030,"Walmart Stores Texas, LLC",WAL972,64812,GEN2,TX,Tarrant,32.811848,-97.424739,0.4,15.24,NG,IC,2020,5,1.0,3504.0,53401.0,1927.2,876.0,35.0,-41.82,5.0,53.34,-103.19,-0.15,0.22,-0.36,stranded
2030,"Walmart Stores Texas, LLC",WAL972,64812,GEN3,TX,Tarrant,32.811848,-97.424739,0.4,15.24,NG,IC,2020,5,1.0,3504.0,53401.0,1927.2,876.0,35.0,-41.82,5.0,53.34,-103.19,-0.15,0.22,-0.36,stranded
2030,"Walmart Stores Texas, LLC",WAL1103,64815,GEN1,TX,Harris,29.998163,-95.486202,0.4,15.28,NG,IC,2019,6,1.0,3504.0,53541.0,1927.2,876.0,35.0,-41.82,5.0,53.48,-103.33,-0.15,0.22,-0.36,stranded
2030,"Walmart Stores Texas, LLC",WAL1103,64815,GEN2,TX,Harris,29.998163,-95.486202,0.4,15.28,NG,IC,2019,6,1.0,3504.0,53541.0,1927.2,876.0,35.0,-41.82,5.0,53.48,-103.33,-0.15,0.22,-0.36,stranded
2030,"Walmart Stores Texas, LLC",WAL1103,64815,GEN3,TX,Harris,29.998163,-95.486202,0.4,15.28,NG,IC,2019,6,1.0,3504.0,53541.0,1927.2,876.0,35.0,-41.82,5.0,53.48,-103.33,-0.15,0.22,-0.36,stranded
2030,"Generate ER-NG, LLC",HEB00796,67315,H7961,TX,Collin,33.116616,-96.653082,0.4,15.29,NG,IC,2023,2,1.0,3504.0,53576.0,1927.2,876.0,35.0,-41.82,5.0,53.52,-103.37,-0.15,0.22,-0.36,stranded
2030,"Generate ER-NG, LLC",HEB00796,67315,H7962,TX,Collin,33.116616,-96.653082,0.4,15.29,NG,IC,2023,2,1.0,3504.0,53576.0,1927.2,876.0,35.0,-41.82,5.0,53.52,-103.37,-0.15,0.22,-0.36,stranded
2030,"Generate ER-NG, LLC",HEB00796,67315,H7963,TX,Collin,33.116616,-96.653082,0.4,15.29,NG,IC,2023,2,1.0,3504.0,53576.0,1927.2,876.0,35.0,-41.82,5.0,53.52,-103.37,-0.15,0.22,-0.36,stranded
2030,"Texas Microgrid, LLC",HEB00769,67319,H7691,TX,Harris,29.553909,-95.150678,0.4,15.32,NG,IC,2021,4,1.0,3504.0,53681.0,1927.2,876.0,35.0,-41.82,5.0,53.62,-103.47,-0.15,0.22,-0.36,stranded
2030,"Texas Microgrid, LLC",HEB00769,67319,H7692,TX,Harris,29.553909,-95.150678,0.4,15.32,NG,IC,2021,4,1.0,3504.0,53681.0,1927.2,876.0,35.0,-41.82,5.0,53.62,-103.47,-0.15,0.22,-0.36,stranded
2030,"Texas Microgrid, LLC",HEB00769,67319,H7693,TX,Harris,29.553909,-95.150678,0.4,15.32,NG,IC,2021,4,1.0,3504.0,53681.0,1927.2,876.0,35.0,-41.82,5.0,53.62,-103.47,-0.15,0.22,-0.36,stranded
2030,"Walmart Stores Texas, LLC",WAL3390,64902,GEN1,TX,Montgomery,30.190279,-95.589487,0.4,15.33,NG,IC,2020,5,1.0,3504.0,53716.0,1927.2,876.0,35.0,-41.82,5.0,53.66,-103.51,-0.15,0.22,-0.36,stranded
2030,"Walmart Stores Texas, LLC",WAL3390,64902,GEN2,TX,Montgomery,30.190279,-95.589487,0.4,15.33,NG,IC,2020,5,1.0,3504.0,53716.0,1927.2,876.0,35.0,-41.82,5.0,53.66,-103.51,-0.15,0.22,-0.36,stranded
2030,"Walmart Stores Texas, LLC",WAL3390,64902,GEN3,TX,Montgomery,30.190279,-95.589487,0.4,15.33,NG,IC,2020,5,1.0,3504.0,53716.0,1927.2,876.0,35.0,-41.82,5.0,53.66,-103.51,-0.15,0.22,-0.36,stranded
2030,"Walmart Stores Texas, LLC",WAL4298,64942,GEN1,TX,Harris,29.936325,-95.25261,0.4,15.39,NG,IC,2021,4,1.0,3504.0,53927.0,1927.2,876.0,35.0,-41.82,5.0,53.87,-103.72,-0.15,0.22,-0.36,stranded
2030,"Walmart Stores Texas, LLC",WAL4298,64942,GEN2,TX,Harris,29.936325,-95.25261,0.4,15.39,NG,IC,2021,4,1.0,3504.0,53927.0,1927.2,876.0,35.0,-41.82,5.0,53.87,-103.72,-0.15,0.22,-0.36,stranded
2030,"Walmart Stores Texas, LLC",WAL4298,64942,GEN3,TX,Harris,29.936325,-95.25261,0.4,15.39,NG,IC,2021,4,1.0,3504.0,53927.0,1927.2,876.0,35.0,-41.82,5.0,53.87,-103.72,-0.15,0.22,-0.36,stranded
2030,"Texas Microgrid, LLC",HEB00020,65261,H0201,TX,Harris,29.992502,-95.744444,0.4,15.39,NG,IC,2018,7,1.0,3504.0,53927.0,1927.2,876.0,35.0,-41.82,5.0,53.87,-103.72,-0.15,0.22,-0.36,stranded
2030,"Texas Microgrid, LLC",HEB00020,65261,H0202,TX,Harris,29.992502,-95.744444,0.4,15.39,NG,IC,2018,7,1.0,3504.0,53927.0,1927.2,876.0,35.0,-41.82,5.0,53.87,-103.72,-0.15,0.22,-0.36,stranded
2030,"Texas Microgrid, LLC",HEB00020,65261,H0203,TX,Harris,29.992502,-95.744444,0.4,15.39,NG,IC,2018,7,1.0,3504.0,53927.0,1927.2,876.0,35.0,-41.82,5.0,53.87,-103.72,-0.15,0.22,-0.36,stranded
2030,"Texas Microgrid, LLC",HEB00099,65267,H0991,TX,Harris,29.995329,-95.576602,0.4,15.41,NG,IC,2017,8,1.0,3504.0,53997.0,1927.2,876.0,35.0,-41.82,5.0,53.94,-103.79,-0.15,0.22,-0.36,stranded
2030,"Texas Microgrid, LLC",HEB00099,65267,H0992,TX,Harris,29.995329,-95.576602,0.4,15.41,NG,IC,2017,8,1.0,3504.0,53997.0,1927.2,876.0,35.0,-41.82,5.0,53.94,-103.79,-0.15,0.22,-0.36,stranded
2030,"Texas Microgrid, LLC",HEB00099,65267,H0993,TX,Harris,29.995329,-95.576602,0.4,15.41,NG,IC,2017,8,1.0,3504.0,53997.0,1927.2,876.0,35.0,-41.82,5.0,53.94,-103.79,-0.15,0.22,-0.36,stranded
2030,"Texas Microgrid, LLC",HEB00054,65264,H0541,TX,Harris,29.601653,-95.250237,0.4,15.42,NG,IC,2018,7,1.0,3504.0,54032.0,1927.2,876.0,35.0,-41.82,5.0,53.97,-103.82,-0.15,0.22,-0.36,stranded
2030,"Texas Microgrid, LLC",HEB00054,65264,H0542,TX,Harris,29.601653,-95.250237,0.4,15.42,NG,IC,2018,7,1.0,3504.0,54032.0,1927.2,876.0,35.0,-41.82,5.0,53.97,-103.82,-0.15,0.22,-0.36,stranded
2030,"Texas Microgrid, LLC",HEB00054,65264,H0543,TX,Harris,29.601653,-95.250237,0.4,15.42,NG,IC,2018,7,1.0,3504.0,54032.0,1927.2,876.0,35.0,-41.82,5.0,53.97,-103.82,-0.15,0.22,-0.36,stranded
2030,"Texas Microgrid, LLC",HEB00109,65268,H1091,TX,Harris,29.786159,-95.539403,0.4,15.48,NG,IC,2018,7,1.0,3504.0,54242.0,1927.2,876.0,35.0,-41.82,5.0,54.18,-104.03,-0.15,0.22,-0.36,stranded
2030,"Texas Microgrid, LLC",HEB00109,65268,H1092,TX,Harris,29.786159,-95.539403,0.4,15.48,NG,IC,2018,7,1.0,3504.0,54242.0,1927.2,876.0,35.0,-41.82,5.0,54.18,-104.03,-0.15,0.22,-0.36,stranded
2030,"Texas Microgrid, LLC",HEB00109,65268,H1093,TX,Harris,29.786159,-95.539403,0.4,15.48,NG,IC,2018,7,1.0,3504.0,54242.0,1927.2,876.0,35.0,-41.82,5.0,54.18,-104.03,-0.15,0.22,-0.36,stranded
2030,"Texas Microgrid, LLC",HEB00110,65269,H1101,TX,Fort Bend,29.53658,-95.53628,0.4,15.56,NG,IC,2017,8,1.0,3504.0,54522.0,1927.2,876.0,35.0,-41.82,5.0,54.46,-104.31,-0.15,0.22,-0.37,stranded
2030,"Texas Microgrid, LLC",HEB00110,65269,H1102,TX,Fort Bend,29.53658,-95.53628,0.4,15.56,NG,IC,2017,8,1.0,3504.0,54522.0,1927.2,876.0,35.0,-41.82,5.0,54.46,-104.31,-0.15,0.22,-0.37,stranded
2030,"Texas Microgrid, LLC",HEB00110,65269,H1103,TX,Fort Bend,29.53658,-95.53628,0.4,15.56,NG,IC,2017,8,1.0,3504.0,54522.0,1927.2,876.0,35.0,-41.82,5.0,54.46,-104.31,-0.15,0.22,-0.37,stranded
2030,"Walmart Stores Texas, LLC",WAL565,64798,GEN1,TX,Navarro,32.101054,-96.403764,0.4,15.59,NG,IC,2022,3,1.0,3504.0,54627.0,1927.2,876.0,35.0,-41.82,5.0,54.56,-104.42,-0.15,0.22,-0.37,stranded
2030,"Walmart Stores Texas, LLC",WAL565,64798,GEN2,TX,Navarro,32.101054,-96.403764,0.4,15.59,NG,IC,2022,3,1.0,3504.0,54627.0,1927.2,876.0,35.0,-41.82,5.0,54.56,-104.42,-0.15,0.22,-0.37,stranded
2030,"Walmart Stores Texas, LLC",WAL565,64798,GEN3,TX,Navarro,32.101054,-96.403764,0.4,15.59,NG,IC,2022,3,1.0,3504.0,54627.0,1927.2,876.0,35.0,-41.82,5.0,54.56,-104.42,-0.15,0.22,-0.37,stranded
2030,"Generate ER-NG, LLC",HEB00789,67313,H7891,TX,Denton,33.155153,-96.846331,0.4,15.61,NG,IC,2022,3,1.0,3504.0,54697.0,1927.2,876.0,35.0,-41.82,5.0,54.63,-104.49,-0.15,0.22,-0.37,stranded
2030,"Generate ER-NG, LLC",HEB00789,67313,H7892,TX,Denton,33.155153,-96.846331,0.4,15.61,NG,IC,2022,3,1.0,3504.0,54697.0,1927.2,876.0,35.0,-41.82,5.0,54.63,-104.49,-0.15,0.22,-0.37,stranded
2030,"Generate ER-NG, LLC",HEB00789,67313,H7893,TX,Denton,33.155153,-96.846331,0.4,15.61,NG,IC,2022,3,1.0,3504.0,54697.0,1927.2,876.0,35.0,-41.82,5.0,54.63,-104.49,-0.15,0.22,-0.37,stranded
2030,"Walmart Stores Texas, LLC",WAL194,64769,GEN1,TX,Harris,29.776274,-94.974458,0.4,15.65,NG,IC,2021,4,1.0,3504.0,54838.0,1927.2,876.0,35.0,-41.82,5.0,54.77,-104.63,-0.15,0.22,-0.37,stranded
2030,"Walmart Stores Texas, LLC",WAL194,64769,GEN2,TX,Harris,29.776274,-94.974458,0.4,15.65,NG,IC,2021,4,1.0,3504.0,54838.0,1927.2,876.0,35.0,-41.82,5.0,54.77,-104.63,-0.15,0.22,-0.37,stranded
2030,"Walmart Stores Texas, LLC",WAL194,64769,GEN3,TX,Harris,29.776274,-94.974458,0.4,15.65,NG,IC,2021,4,1.0,3504.0,54838.0,1927.2,876.0,35.0,-41.82,5.0,54.77,-104.63,-0.15,0.22,-0.37,stranded
2030,"Texas Microgrid, LLC",HEBSnackPlant,66566,HSNP1,TX,Harris,29.844469,-95.540618,0.4,15.65,NG,IC,2019,6,1.0,3504.0,54838.0,1927.2,876.0,35.0,-41.82,5.0,54.77,-104.63,-0.15,0.22,-0.37,stranded
2030,"Texas Microgrid, LLC",HEBSnackPlant,66566,HSNP2,TX,Harris,29.844469,-95.540618,0.4,15.65,NG,IC,2019,6,1.0,3504.0,54838.0,1927.2,876.0,35.0,-41.82,5.0,54.77,-104.63,-0.15,0.22,-0.37,stranded
2030,"Texas Microgrid, LLC",HEBSnackPlant,66566,HSNP3,TX,Harris,29.844469,-95.540618,0.4,15.65,NG,IC,2019,6,1.0,3504.0,54838.0,1927.2,876.0,35.0,-41.82,5.0,54.77,-104.63,-0.15,0.22,-0.37,stranded
2030,"Texas Microgrid, LLC",HEBSnackPlant,66566,HSNP4,TX,Harris,29.844469,-95.540618,0.4,15.65,NG,IC,2019,6,1.0,3504.0,54838.0,1927.2,876.0,35.0,-41.82,5.0,54.77,-104.63,-0.15,0.22,-0.37,stranded
2030,"Walmart Stores Texas, LLC",WAL2439,64886,GEN1,TX,Chambers,29.817549,-94.900456,0.4,15.68,NG,IC,2021,4,1.0,3504.0,54943.0,1927.2,876.0,35.0,-41.82,5.0,54.88,-104.73,-0.15,0.22,-0.37,stranded
2030,"Walmart Stores Texas, LLC",WAL2439,64886,GEN2,TX,Chambers,29.817549,-94.900456,0.4,15.68,NG,IC,2021,4,1.0,3504.0,54943.0,1927.2,876.0,35.0,-41.82,5.0,54.88,-104.73,-0.15,0.22,-0.37,stranded
2030,"Walmart Stores Texas, LLC",WAL2439,64886,GEN3,TX,Chambers,29.817549,-94.900456,0.4,15.68,NG,IC,2021,4,1.0,3504.0,54943.0,1927.2,876.0,35.0,-41.82,5.0,54.88,-104.73,-0.15,0.22,-0.37,stranded
2030,"Walmart Stores Texas, LLC",WAL2724,64888,GEN1,TX,Harris,29.693424,-95.210408,0.4,15.7,NG,IC,2020,5,1.0,3504.0,55013.0,1927.2,876.0,35.0,-41.82,5.0,54.95,-104.8,-0.15,0.22,-0.37,stranded
2030,"Walmart Stores Texas, LLC",WAL2724,64888,GEN2,TX,Harris,29.693424,-95.210408,0.4,15.7,NG,IC,2020,5,1.0,3504.0,55013.0,1927.2,876.0,35.0,-41.82,5.0,54.95,-104.8,-0.15,0.22,-0.37,stranded
2030,"Walmart Stores Texas, LLC",WAL2724,64888,GEN3,TX,Harris,29.693424,-95.210408,0.4,15.7,NG,IC,2020,5,1.0,3504.0,55013.0,1927.2,876.0,35.0,-41.82,5.0,54.95,-104.8,-0.15,0.22,-0.37,stranded
2030,"Walmart Stores Texas, LLC",WAL414,64774,GEN1,TX,Wichita,33.857046,-98.499006,0.4,15.71,NG,IC,2021,4,1.0,3504.0,55048.0,1927.2,876.0,35.0,-41.82,5.0,54.98,-104.84,-0.15,0.22,-0.37,stranded
2030,"Walmart Stores Texas, LLC",WAL414,64774,GEN2,TX,Wichita,33.857046,-98.499006,0.4,15.71,NG,IC,2021,4,1.0,3504.0,55048.0,1927.2,876.0,35.0,-41.82,5.0,54.98,-104.84,-0.15,0.22,-0.37,stranded
2030,"Walmart Stores Texas, LLC",WAL414,64774,GEN3,TX,Wichita,33.857046,-98.499006,0.4,15.71,NG,IC,2021,4,1.0,3504.0,55048.0,1927.2,876.0,35.0,-41.82,5.0,54.98,-104.84,-0.15,0.22,-0.37,stranded
2030,"Walmart Stores Texas, LLC",WAL849,64805,GEN1,TX,Harris,30.064779,-95.429453,0.4,15.72,NG,IC,2020,5,1.0,3504.0,55083.0,1927.2,876.0,35.0,-41.82,5.0,55.02,-104.87,-0.15,0.22,-0.37,stranded
2030,"Walmart Stores Texas, LLC",WAL849,64805,GEN2,TX,Harris,30.064779,-95.429453,0.4,15.72,NG,IC,2020,5,1.0,3504.0,55083.0,1927.2,876.0,35.0,-41.82,5.0,55.02,-104.87,-0.15,0.22,-0.37,stranded
2030,"Walmart Stores Texas, LLC",WAL849,64805,GEN3,TX,Harris,30.064779,-95.429453,0.4,15.72,NG,IC,2020,5,1.0,3504.0,55083.0,1927.2,876.0,35.0,-41.82,5.0,55.02,-104.87,-0.15,0.22,-0.37,stranded
2030,Wharton County Generation LLC,Newgulf Cogen,50137,GEN1,TX,Wharton,29.2639,-95.8997,101.9,15.75,NG,GT,1984,41,1.0,892644.0,14059143.0,490954.2,223161.0,8926.4,-41.82,5.0,55.12,-104.98,-37.33,56.37,-93.71,stranded
2030,"Texas Microgrid, LLC",OTHERTraditionBuffalo,68737,TBUF1,TX,Harris,29.684609,-95.427081,0.4,15.88,NG,IC,2024,1,1.0,3504.0,55644.0,1927.2,876.0,35.0,-41.82,5.0,55.58,-105.43,-0.15,0.22,-0.37,stranded
2030,"Texas Microgrid, LLC",OTHERTraditionBuffalo,68737,TBUF2,TX,Harris,29.684609,-95.427081,0.4,15.88,NG,IC,2024,1,1.0,3504.0,55644.0,1927.2,876.0,35.0,-41.82,5.0,55.58,-105.43,-0.15,0.22,-0.37,stranded
2030,"Texas Microgrid, LLC",OTHERTraditionBuffalo,68737,TBUF3,TX,Harris,29.684609,-95.427081,0.4,15.88,NG,IC,2024,1,1.0,3504.0,55644.0,1927.2,876.0,35.0,-41.82,5.0,55.58,-105.43,-0.15,0.22,-0.37,stranded
2030,"Walmart Stores Texas, LLC",WAL4526,64945,GEN1,TX,Harris,29.829831,-95.377269,0.4,15.89,NG,IC,2021,4,1.0,3504.0,55679.0,1927.2,876.0,35.0,-41.82,5.0,55.62,-105.47,-0.15,0.22,-0.37,stranded
2030,"Walmart Stores Texas, LLC",WAL4526,64945,GEN2,TX,Harris,29.829831,-95.377269,0.4,15.89,NG,IC,2021,4,1.0,3504.0,55679.0,1927.2,876.0,35.0,-41.82,5.0,55.62,-105.47,-0.15,0.22,-0.37,stranded
2030,"Walmart Stores Texas, LLC",WAL4526,64945,GEN3,TX,Harris,29.829831,-95.377269,0.4,15.89,NG,IC,2021,4,1.0,3504.0,55679.0,1927.2,876.0,35.0,-41.82,5.0,55.62,-105.47,-0.15,0.22,-0.37,stranded
2030,"Generate ER-NG, LLC",OTHERBenEKDallas,67309,BEK1,TX,Dallas,32.818471,-96.853215,0.4,15.93,NG,IC,2023,2,1.0,3504.0,55819.0,1927.2,876.0,35.0,-41.82,5.0,55.75,-105.61,-0.15,0.22,-0.37,stranded
2030,"Generate ER-NG, LLC",OTHERBenEKDallas,67309,BEK2,TX,Dallas,32.818471,-96.853215,0.4,15.93,NG,IC,2023,2,1.0,3504.0,55819.0,1927.2,876.0,35.0,-41.82,5.0,55.75,-105.61,-0.15,0.22,-0.37,stranded
2030,"Generate ER-NG, LLC",OTHERBenEKDallas,67309,BEK3,TX,Dallas,32.818471,-96.853215,0.4,15.93,NG,IC,2023,2,1.0,3504.0,55819.0,1927.2,876.0,35.0,-41.82,5.0,55.75,-105.61,-0.15,0.22,-0.37,stranded
2030,"Generate ER-NG, LLC",OTHERBenEKDallas,67309,BEK4,TX,Dallas,32.818471,-96.853215,0.4,15.93,NG,IC,2023,2,1.0,3504.0,55819.0,1927.2,876.0,35.0,-41.82,5.0,55.75,-105.61,-0.15,0.22,-0.37,stranded
2030,"Walmart Stores Texas, LLC",WAL1062,64814,GEN1,TX,Harris,29.551973,-95.159125,0.4,15.93,NG,IC,2021,4,1.0,3504.0,55819.0,1927.2,876.0,35.0,-41.82,5.0,55.75,-105.61,-0.15,0.22,-0.37,stranded
2030,"Walmart Stores Texas, LLC",WAL1062,64814,GEN2,TX,Harris,29.551973,-95.159125,0.4,15.93,NG,IC,2021,4,1.0,3504.0,55819.0,1927.2,876.0,35.0,-41.82,5.0,55.75,-105.61,-0.15,0.22,-0.37,stranded
2030,"Walmart Stores Texas, LLC",WAL1062,64814,GEN3,TX,Harris,29.551973,-95.159125,0.4,15.93,NG,IC,2021,4,1.0,3504.0,55819.0,1927.2,876.0,35.0,-41.82,5.0,55.75,-105.61,-0.15,0.22,-0.37,stranded
2030,"Walmart Stores Texas, LLC",WAL3224,64893,GEN1,TX,Dallas,32.842209,-96.598028,0.4,15.96,NG,IC,2022,3,1.0,3504.0,55924.0,1927.2,876.0,35.0,-41.82,5.0,55.86,-105.71,-0.15,0.22,-0.37,stranded
2030,"Walmart Stores Texas, LLC",WAL3224,64893,GEN2,TX,Dallas,32.842209,-96.598028,0.4,15.96,NG,IC,2022,3,1.0,3504.0,55924.0,1927.2,876.0,35.0,-41.82,5.0,55.86,-105.71,-0.15,0.22,-0.37,stranded
2030,"Walmart Stores Texas, LLC",WAL3224,64893,GEN3,TX,Dallas,32.842209,-96.598028,0.4,15.96,NG,IC,2022,3,1.0,3504.0,55924.0,1927.2,876.0,35.0,-41.82,5.0,55.86,-105.71,-0.15,0.22,-0.37,stranded
2030,"Walmart Stores Texas, LLC",WAL3827,64939,GEN1,TX,Fort Bend,29.690142,-95.774624,0.4,15.98,NG,IC,2020,5,1.0,3504.0,55994.0,1927.2,876.0,35.0,-41.82,5.0,55.93,-105.78,-0.15,0.22,-0.37,stranded
2030,"Walmart Stores Texas, LLC",WAL3827,64939,GEN2,TX,Fort Bend,29.690142,-95.774624,0.4,15.98,NG,IC,2020,5,1.0,3504.0,55994.0,1927.2,876.0,35.0,-41.82,5.0,55.93,-105.78,-0.15,0.22,-0.37,stranded
2030,"Walmart Stores Texas, LLC",WAL3827,64939,GEN3,TX,Fort Bend,29.690142,-95.774624,0.4,15.98,NG,IC,2020,5,1.0,3504.0,55994.0,1927.2,876.0,35.0,-41.82,5.0,55.93,-105.78,-0.15,0.22,-0.37,stranded
2030,"Texas Microgrid, LLC",BUC00040,66561,B0401,TX,Fort Bend,29.787919,-95.799137,0.4,15.99,NG,IC,2017,8,1.0,3504.0,56029.0,1927.2,876.0,35.0,-41.82,5.0,55.97,-105.82,-0.15,0.22,-0.37,stranded
2030,"Texas Microgrid, LLC",BUC00040,66561,B0402,TX,Fort Bend,29.787919,-95.799137,0.4,15.99,NG,IC,2017,8,1.0,3504.0,56029.0,1927.2,876.0,35.0,-41.82,5.0,55.97,-105.82,-0.15,0.22,-0.37,stranded
2030,"Texas Microgrid, LLC",BUC00040,66561,B0403,TX,Fort Bend,29.787919,-95.799137,0.4,15.99,NG,IC,2017,8,1.0,3504.0,56029.0,1927.2,876.0,35.0,-41.82,5.0,55.97,-105.82,-0.15,0.22,-0.37,stranded
2030,"Texas Microgrid, LLC",BUC00040,66561,B0404,TX,Fort Bend,29.787919,-95.799137,0.4,15.99,NG,IC,2017,8,1.0,3504.0,56029.0,1927.2,876.0,35.0,-41.82,5.0,55.97,-105.82,-0.15,0.22,-0.37,stranded
2030,"Walmart Stores Texas, LLC",WAL772,64803,GEN1,TX,Harris,29.721093,-95.646224,0.4,16.2,NG,IC,2021,4,1.0,3504.0,56765.0,1927.2,876.0,35.0,-41.82,5.0,56.7,-106.55,-0.15,0.23,-0.37,stranded
2030,"Walmart Stores Texas, LLC",WAL772,64803,GEN2,TX,Harris,29.721093,-95.646224,0.4,16.2,NG,IC,2021,4,1.0,3504.0,56765.0,1927.2,876.0,35.0,-41.82,5.0,56.7,-106.55,-0.15,0.23,-0.37,stranded
2030,"Walmart Stores Texas, LLC",WAL772,64803,GEN3,TX,Harris,29.721093,-95.646224,0.4,16.2,NG,IC,2021,4,1.0,3504.0,56765.0,1927.2,876.0,35.0,-41.82,5.0,56.7,-106.55,-0.15,0.23,-0.37,stranded
2030,"Walmart Stores Texas, LLC",WAL3425,64923,GEN1,TX,Harris,29.630428,-95.237434,0.4,16.22,NG,IC,2021,4,1.0,3504.0,56835.0,1927.2,876.0,35.0,-41.82,5.0,56.77,-106.62,-0.15,0.23,-0.37,stranded
2030,"Walmart Stores Texas, LLC",WAL3425,64923,GEN2,TX,Harris,29.630428,-95.237434,0.4,16.22,NG,IC,2021,4,1.0,3504.0,56835.0,1927.2,876.0,35.0,-41.82,5.0,56.77,-106.62,-0.15,0.23,-0.37,stranded
2030,"Walmart Stores Texas, LLC",WAL3425,64923,GEN3,TX,Harris,29.630428,-95.237434,0.4,16.22,NG,IC,2021,4,1.0,3504.0,56835.0,1927.2,876.0,35.0,-41.82,5.0,56.77,-106.62,-0.15,0.23,-0.37,stranded
2030,"Walmart Stores Texas, LLC",WAL5612,64960,GEN1,TX,Harris,29.716069,-95.313027,0.4,16.31,NG,IC,2021,4,1.0,3504.0,57150.0,1927.2,876.0,35.0,-41.82,5.0,57.08,-106.94,-0.15,0.23,-0.37,stranded
2030,"Walmart Stores Texas, LLC",WAL5612,64960,GEN2,TX,Harris,29.716069,-95.313027,0.4,16.31,NG,IC,2021,4,1.0,3504.0,57150.0,1927.2,876.0,35.0,-41.82,5.0,57.08,-106.94,-0.15,0.23,-0.37,stranded
2030,"Walmart Stores Texas, LLC",WAL5612,64960,GEN3,TX,Harris,29.716069,-95.313027,0.4,16.31,NG,IC,2021,4,1.0,3504.0,57150.0,1927.2,876.0,35.0,-41.82,5.0,57.08,-106.94,-0.15,0.23,-0.37,stranded
2030,"Walmart Stores Texas, LLC",WAL2993,64891,GEN1,TX,Fort Bend,29.613582,-95.644645,0.4,16.35,NG,IC,2021,4,1.0,3504.0,57290.0,1927.2,876.0,35.0,-41.82,5.0,57.23,-107.08,-0.15,0.23,-0.38,stranded
2030,"Walmart Stores Texas, LLC",WAL2993,64891,GEN2,TX,Fort Bend,29.613582,-95.644645,0.4,16.35,NG,IC,2021,4,1.0,3504.0,57290.0,1927.2,876.0,35.0,-41.82,5.0,57.23,-107.08,-0.15,0.23,-0.38,stranded
2030,"Walmart Stores Texas, LLC",WAL2993,64891,GEN3,TX,Fort Bend,29.613582,-95.644645,0.4,16.35,NG,IC,2021,4,1.0,3504.0,57290.0,1927.2,876.0,35.0,-41.82,5.0,57.23,-107.08,-0.15,0.23,-0.38,stranded
2030,"Walmart Stores Texas, LLC",WAL3500,64925,GEN1,TX,Harris,29.80599,-95.1652,0.4,16.39,NG,IC,2021,4,1.0,3504.0,57431.0,1927.2,876.0,35.0,-41.82,5.0,57.37,-107.22,-0.15,0.23,-0.38,stranded
2030,"Walmart Stores Texas, LLC",WAL3500,64925,GEN2,TX,Harris,29.80599,-95.1652,0.4,16.39,NG,IC,2021,4,1.0,3504.0,57431.0,1927.2,876.0,35.0,-41.82,5.0,57.37,-107.22,-0.15,0.23,-0.38,stranded
2030,"Walmart Stores Texas, LLC",WAL3500,64925,GEN3,TX,Harris,29.80599,-95.1652,0.4,16.39,NG,IC,2021,4,1.0,3504.0,57431.0,1927.2,876.0,35.0,-41.82,5.0,57.37,-107.22,-0.15,0.23,-0.38,stranded
2030,"Walmart Stores Texas, LLC",WAL504,64792,GEN1,TX,Galveston,29.26514,-94.832945,0.4,16.4,NG,IC,2022,3,1.0,3504.0,57466.0,1927.2,876.0,35.0,-41.82,5.0,57.4,-107.25,-0.15,0.23,-0.38,stranded
2030,"Walmart Stores Texas, LLC",WAL504,64792,GEN2,TX,Galveston,29.26514,-94.832945,0.4,16.4,NG,IC,2022,3,1.0,3504.0,57466.0,1927.2,876.0,35.0,-41.82,5.0,57.4,-107.25,-0.15,0.23,-0.38,stranded
2030,"Walmart Stores Texas, LLC",WAL504,64792,GEN3,TX,Galveston,29.26514,-94.832945,0.4,16.4,NG,IC,2022,3,1.0,3504.0,57466.0,1927.2,876.0,35.0,-41.82,5.0,57.4,-107.25,-0.15,0.23,-0.38,stranded
2030,"Texas Microgrid, LLC",HEBHoustonDistributionCenter,66567,HDC10,TX,Harris,29.8397,-95.53685,0.4,16.4,NG,IC,2021,4,1.0,3504.0,57466.0,1927.2,876.0,35.0,-41.82,5.0,57.4,-107.25,-0.15,0.23,-0.38,stranded
2030,"Texas Microgrid, LLC",HEBHoustonDistributionCenter,66567,HDC11,TX,Harris,29.8397,-95.53685,0.4,16.4,NG,IC,2021,4,1.0,3504.0,57466.0,1927.2,876.0,35.0,-41.82,5.0,57.4,-107.25,-0.15,0.23,-0.38,stranded
2030,"Texas Microgrid, LLC",HEBHoustonDistributionCenter,66567,HDC12,TX,Harris,29.8397,-95.53685,0.4,16.4,NG,IC,2021,4,1.0,3504.0,57466.0,1927.2,876.0,35.0,-41.82,5.0,57.4,-107.25,-0.15,0.23,-0.38,stranded
2030,"Texas Microgrid, LLC",HEBHoustonDistributionCenter,66567,HDC13,TX,Harris,29.8397,-95.53685,0.4,16.4,NG,IC,2021,4,1.0,3504.0,57466.0,1927.2,876.0,35.0,-41.82,5.0,57.4,-107.25,-0.15,0.23,-0.38,stranded
2030,"Texas Microgrid, LLC",HEBHoustonDistributionCenter,66567,HDC14,TX,Harris,29.8397,-95.53685,0.4,16.4,NG,IC,2021,4,1.0,3504.0,57466.0,1927.2,876.0,35.0,-41.82,5.0,57.4,-107.25,-0.15,0.23,-0.38,stranded
2030,"Texas Microgrid, LLC",HEBHoustonDistributionCenter,66567,HDC15,TX,Harris,29.8397,-95.53685,0.4,16.4,NG,IC,2021,4,1.0,3504.0,57466.0,1927.2,876.0,35.0,-41.82,5.0,57.4,-107.25,-0.15,0.23,-0.38,stranded
2030,"Texas Microgrid, LLC",HEBHoustonDistributionCenter,66567,HDC16,TX,Harris,29.8397,-95.53685,0.4,16.4,NG,IC,2021,4,1.0,3504.0,57466.0,1927.2,876.0,35.0,-41.82,5.0,57.4,-107.25,-0.15,0.23,-0.38,stranded
2030,"Texas Microgrid, LLC",HEBHoustonDistributionCenter,66567,HDC17,TX,Harris,29.8397,-95.53685,0.4,16.4,NG,IC,2021,4,1.0,3504.0,57466.0,1927.2,876.0,35.0,-41.82,5.0,57.4,-107.25,-0.15,0.23,-0.38,stranded
2030,"Texas Microgrid, LLC",HEBHoustonDistributionCenter,66567,HDC18,TX,Harris,29.8397,-95.53685,0.4,16.4,NG,IC,2021,4,1.0,3504.0,57466.0,1927.2,876.0,35.0,-41.82,5.0,57.4,-107.25,-0.15,0.23,-0.38,stranded
2030,"Texas Microgrid, LLC",HEBHoustonDistributionCenter,66567,HDC19,TX,Harris,29.8397,-95.53685,0.4,16.4,NG,IC,2021,4,1.0,3504.0,57466.0,1927.2,876.0,35.0,-41.82,5.0,57.4,-107.25,-0.15,0.23,-0.38,stranded
2030,"Texas Microgrid, LLC",HEBHoustonDistributionCenter,66567,HDC20,TX,Harris,29.8397,-95.53685,0.4,16.4,NG,IC,2021,4,1.0,3504.0,57466.0,1927.2,876.0,35.0,-41.82,5.0,57.4,-107.25,-0.15,0.23,-0.38,stranded
2030,"Texas Microgrid, LLC",HEBHoustonDistributionCenter,66567,HDC21,TX,Harris,29.8397,-95.53685,0.4,16.4,NG,IC,2021,4,1.0,3504.0,57466.0,1927.2,876.0,35.0,-41.82,5.0,57.4,-107.25,-0.15,0.23,-0.38,stranded
2030,"Texas Microgrid, LLC",HEBHoustonDistributionCenter,66567,HDC22,TX,Harris,29.8397,-95.53685,0.4,16.4,NG,IC,2021,4,1.0,3504.0,57466.0,1927.2,876.0,35.0,-41.82,5.0,57.4,-107.25,-0.15,0.23,-0.38,stranded
2030,"Texas Microgrid, LLC",HEBHoustonDistributionCenter,66567,HDC23,TX,Harris,29.8397,-95.53685,0.4,16.4,NG,IC,2021,4,1.0,3504.0,57466.0,1927.2,876.0,35.0,-41.82,5.0,57.4,-107.25,-0.15,0.23,-0.38,stranded
2030,"Texas Microgrid, LLC",HEBHoustonDistributionCenter,66567,HDC24,TX,Harris,29.8397,-95.53685,0.4,16.4,NG,IC,2021,4,1.0,3504.0,57466.0,1927.2,876.0,35.0,-41.82,5.0,57.4,-107.25,-0.15,0.23,-0.38,stranded
2030,"Texas Microgrid, LLC",HEBHoustonDistributionCenter,66567,HDC25,TX,Harris,29.8397,-95.53685,0.4,16.4,NG,IC,2021,4,1.0,3504.0,57466.0,1927.2,876.0,35.0,-41.82,5.0,57.4,-107.25,-0.15,0.23,-0.38,stranded
2030,"Texas Microgrid, LLC",HEBHoustonDistributionCenter,66567,HDC26,TX,Harris,29.8397,-95.53685,0.4,16.4,NG,IC,2021,4,1.0,3504.0,57466.0,1927.2,876.0,35.0,-41.82,5.0,57.4,-107.25,-0.15,0.23,-0.38,stranded
2030,"Texas Microgrid, LLC",HEBHoustonDistributionCenter,66567,HDC27,TX,Harris,29.8397,-95.53685,0.4,16.4,NG,IC,2021,4,1.0,3504.0,57466.0,1927.2,876.0,35.0,-41.82,5.0,57.4,-107.25,-0.15,0.23,-0.38,stranded
2030,"Texas Microgrid, LLC",HEBHoustonDistributionCenter,66567,HDC28,TX,Harris,29.8397,-95.53685,0.4,16.4,NG,IC,2021,4,1.0,3504.0,57466.0,1927.2,876.0,35.0,-41.82,5.0,57.4,-107.25,-0.15,0.23,-0.38,stranded
2030,"Texas Microgrid, LLC",HEBHoustonDistributionCenter,66567,HDC29,TX,Harris,29.8397,-95.53685,0.4,16.4,NG,IC,2021,4,1.0,3504.0,57466.0,1927.2,876.0,35.0,-41.82,5.0,57.4,-107.25,-0.15,0.23,-0.38,stranded
2030,"Texas Microgrid, LLC",HEBHoustonDistributionCenter,66567,HDC30,TX,Harris,29.8397,-95.53685,0.4,16.4,NG,IC,2021,4,1.0,3504.0,57466.0,1927.2,876.0,35.0,-41.82,5.0,57.4,-107.25,-0.15,0.23,-0.38,stranded
2030,"Texas Microgrid, LLC",HEBHoustonDistributionCenter,66567,HDC31,TX,Harris,29.8397,-95.53685,0.4,16.4,NG,IC,2021,4,1.0,3504.0,57466.0,1927.2,876.0,35.0,-41.82,5.0,57.4,-107.25,-0.15,0.23,-0.38,stranded
2030,"Texas Microgrid, LLC",HEBHoustonDistributionCenter,66567,HDC32,TX,Harris,29.8397,-95.53685,0.4,16.4,NG,IC,2021,4,1.0,3504.0,57466.0,1927.2,876.0,35.0,-41.82,5.0,57.4,-107.25,-0.15,0.23,-0.38,stranded
2030,"Texas Microgrid, LLC",HEBHoustonDistributionCenter,66567,HHDC1,TX,Harris,29.8397,-95.53685,0.4,16.4,NG,IC,2021,4,1.0,3504.0,57466.0,1927.2,876.0,35.0,-41.82,5.0,57.4,-107.25,-0.15,0.23,-0.38,stranded
2030,"Texas Microgrid, LLC",HEBHoustonDistributionCenter,66567,HHDC2,TX,Harris,29.8397,-95.53685,0.4,16.4,NG,IC,2021,4,1.0,3504.0,57466.0,1927.2,876.0,35.0,-41.82,5.0,57.4,-107.25,-0.15,0.23,-0.38,stranded
2030,"Texas Microgrid, LLC",HEBHoustonDistributionCenter,66567,HHDC3,TX,Harris,29.8397,-95.53685,0.4,16.4,NG,IC,2021,4,1.0,3504.0,57466.0,1927.2,876.0,35.0,-41.82,5.0,57.4,-107.25,-0.15,0.23,-0.38,stranded
2030,"Texas Microgrid, LLC",HEBHoustonDistributionCenter,66567,HHDC4,TX,Harris,29.8397,-95.53685,0.4,16.4,NG,IC,2021,4,1.0,3504.0,57466.0,1927.2,876.0,35.0,-41.82,5.0,57.4,-107.25,-0.15,0.23,-0.38,stranded
2030,"Texas Microgrid, LLC",HEBHoustonDistributionCenter,66567,HHDC5,TX,Harris,29.8397,-95.53685,0.4,16.4,NG,IC,2021,4,1.0,3504.0,57466.0,1927.2,876.0,35.0,-41.82,5.0,57.4,-107.25,-0.15,0.23,-0.38,stranded
2030,"Texas Microgrid, LLC",HEBHoustonDistributionCenter,66567,HHDC6,TX,Harris,29.8397,-95.53685,0.4,16.4,NG,IC,2021,4,1.0,3504.0,57466.0,1927.2,876.0,35.0,-41.82,5.0,57.4,-107.25,-0.15,0.23,-0.38,stranded
2030,"Texas Microgrid, LLC",HEBHoustonDistributionCenter,66567,HHDC7,TX,Harris,29.8397,-95.53685,0.4,16.4,NG,IC,2021,4,1.0,3504.0,57466.0,1927.2,876.0,35.0,-41.82,5.0,57.4,-107.25,-0.15,0.23,-0.38,stranded
2030,"Texas Microgrid, LLC",HEBHoustonDistributionCenter,66567,HHDC8,TX,Harris,29.8397,-95.53685,0.4,16.4,NG,IC,2021,4,1.0,3504.0,57466.0,1927.2,876.0,35.0,-41.82,5.0,57.4,-107.25,-0.15,0.23,-0.38,stranded
2030,"Texas Microgrid, LLC",HEBHoustonDistributionCenter,66567,HHDC9,TX,Harris,29.8397,-95.53685,0.4,16.4,NG,IC,2021,4,1.0,3504.0,57466.0,1927.2,876.0,35.0,-41.82,5.0,57.4,-107.25,-0.15,0.23,-0.38,stranded
2030,"Generate ER-NG, LLC",HEB00776,67312,H7761,TX,Harris,29.803572,-95.760533,0.4,16.42,NG,IC,2022,3,1.0,3504.0,57536.0,1927.2,876.0,35.0,-41.82,5.0,57.47,-107.32,-0.15,0.23,-0.38,stranded
2030,"Generate ER-NG, LLC",HEB00776,67312,H7762,TX,Harris,29.803572,-95.760533,0.4,16.42,NG,IC,2022,3,1.0,3504.0,57536.0,1927.2,876.0,35.0,-41.82,5.0,57.47,-107.32,-0.15,0.23,-0.38,stranded
2030,"Generate ER-NG, LLC",HEB00776,67312,H7763,TX,Harris,29.803572,-95.760533,0.4,16.42,NG,IC,2022,3,1.0,3504.0,57536.0,1927.2,876.0,35.0,-41.82,5.0,57.47,-107.32,-0.15,0.23,-0.38,stranded
2030,"Generate ER-NG, LLC",HEB00779,68731,H7791,TX,Harris,29.682168,-95.354467,0.4,16.42,NG,IC,2024,1,1.0,3504.0,57536.0,1927.2,876.0,35.0,-41.82,5.0,57.47,-107.32,-0.15,0.23,-0.38,stranded
2030,"Generate ER-NG, LLC",HEB00779,68731,H7792,TX,Harris,29.682168,-95.354467,0.4,16.42,NG,IC,2024,1,1.0,3504.0,57536.0,1927.2,876.0,35.0,-41.82,5.0,57.47,-107.32,-0.15,0.23,-0.38,stranded
2030,"Generate ER-NG, LLC",HEB00779,68731,H7793,TX,Harris,29.682168,-95.354467,0.4,16.42,NG,IC,2024,1,1.0,3504.0,57536.0,1927.2,876.0,35.0,-41.82,5.0,57.47,-107.32,-0.15,0.23,-0.38,stranded
2030,"Generate ER-NG, LLC",RavenChem,66597,RAVC1,TX,Harris,29.820648,-94.913987,0.4,16.6,NG,IC,2021,4,1.0,3504.0,58166.0,1927.2,876.0,35.0,-41.82,5.0,58.1,-107.95,-0.15,0.23,-0.38,stranded
2030,"Generate ER-NG, LLC",RavenChem,66597,RAVC2,TX,Harris,29.820648,-94.913987,0.4,16.6,NG,IC,2021,4,1.0,3504.0,58166.0,1927.2,876.0,35.0,-41.82,5.0,58.1,-107.95,-0.15,0.23,-0.38,stranded
2030,"Generate ER-NG, LLC",RavenChem,66597,RAVC3,TX,Harris,29.820648,-94.913987,0.4,16.6,NG,IC,2021,4,1.0,3504.0,58166.0,1927.2,876.0,35.0,-41.82,5.0,58.1,-107.95,-0.15,0.23,-0.38,stranded
2030,"Generate ER-NG, LLC",RavenChem,66597,RAVC4,TX,Harris,29.820648,-94.913987,0.4,16.6,NG,IC,2021,4,1.0,3504.0,58166.0,1927.2,876.0,35.0,-41.82,5.0,58.1,-107.95,-0.15,0.23,-0.38,stranded
2030,"Generate ER-NG, LLC",RavenChem,66597,RAVC5,TX,Harris,29.820648,-94.913987,0.4,16.6,NG,IC,2021,4,1.0,3504.0,58166.0,1927.2,876.0,35.0,-41.82,5.0,58.1,-107.95,-0.15,0.23,-0.38,stranded
2030,"Generate ER-NG, LLC",RavenChem,66597,RAVC6,TX,Harris,29.820648,-94.913987,0.4,16.6,NG,IC,2021,4,1.0,3504.0,58166.0,1927.2,876.0,35.0,-41.82,5.0,58.1,-107.95,-0.15,0.23,-0.38,stranded
2030,"Generate ER-NG, LLC",RavenChem,66597,RAVC7,TX,Harris,29.820648,-94.913987,0.4,16.6,NG,IC,2021,4,1.0,3504.0,58166.0,1927.2,876.0,35.0,-41.82,5.0,58.1,-107.95,-0.15,0.23,-0.38,stranded
2030,"Generate ER-NG, LLC",RavenChem,66597,RAVC8,TX,Harris,29.820648,-94.913987,0.4,16.6,NG,IC,2021,4,1.0,3504.0,58166.0,1927.2,876.0,35.0,-41.82,5.0,58.1,-107.95,-0.15,0.23,-0.38,stranded
2030,City of Bryan - (TX),Bryan (TX),3561,7,TX,Brazos,30.64741,-96.372316,22.0,16.61,NG,GT,1975,50,1.0,192720.0,3201079.0,105996.0,48180.0,1927.2,-41.82,5.0,58.13,-107.99,-8.06,12.75,-20.81,stranded
2030,"Generate ER-NG, LLC",HEB00797,68732,H7971,TX,Harris,29.817229,-95.80365,0.4,16.75,NG,IC,2024,1,1.0,3504.0,58692.0,1927.2,876.0,35.0,-41.82,5.0,58.62,-108.48,-0.15,0.23,-0.38,stranded
2030,"Generate ER-NG, LLC",HEB00797,68732,H7972,TX,Harris,29.817229,-95.80365,0.4,16.75,NG,IC,2024,1,1.0,3504.0,58692.0,1927.2,876.0,35.0,-41.82,5.0,58.62,-108.48,-0.15,0.23,-0.38,stranded
2030,"Generate ER-NG, LLC",HEB00797,68732,H7973,TX,Harris,29.817229,-95.80365,0.4,16.75,NG,IC,2024,1,1.0,3504.0,58692.0,1927.2,876.0,35.0,-41.82,5.0,58.62,-108.48,-0.15,0.23,-0.38,stranded
2030,"Generate ER-NG, LLC",HEB00798,68733,H7981,TX,Harris,29.957375,-95.207348,0.4,16.87,NG,IC,2024,1,1.0,3504.0,59112.0,1927.2,876.0,35.0,-41.82,5.0,59.05,-108.9,-0.15,0.24,-0.38,stranded
2030,"Generate ER-NG, LLC",HEB00798,68733,H7982,TX,Harris,29.957375,-95.207348,0.4,16.87,NG,IC,2024,1,1.0,3504.0,59112.0,1927.2,876.0,35.0,-41.82,5.0,59.05,-108.9,-0.15,0.24,-0.38,stranded
2030,"Generate ER-NG, LLC",HEB00798,68733,H7983,TX,Harris,29.957375,-95.207348,0.4,16.87,NG,IC,2024,1,1.0,3504.0,59112.0,1927.2,876.0,35.0,-41.82,5.0,59.05,-108.9,-0.15,0.24,-0.38,stranded
2030,"Texas Microgrid, LLC",HEBTEMDistCenter1B,68735,HT1B1,TX,Bell,31.152387,-97.361183,0.4,17.04,NG,IC,2024,1,1.0,3504.0,59708.0,1927.2,876.0,35.0,3611.3,5.0,59.64,3543.64,12.65,0.24,12.42,operating
2030,"Texas Microgrid, LLC",HEBTEMDistCenter1B,68735,HT1B2,TX,Bell,31.152387,-97.361183,0.4,17.04,NG,IC,2024,1,1.0,3504.0,59708.0,1927.2,876.0,35.0,3611.3,5.0,59.64,3543.64,12.65,0.24,12.42,operating
2030,"Texas Microgrid, LLC",HEBTEMDistCenter1B,68735,HT1B3,TX,Bell,31.152387,-97.361183,0.4,17.04,NG,IC,2024,1,1.0,3504.0,59708.0,1927.2,876.0,35.0,3611.3,5.0,59.64,3543.64,12.65,0.24,12.42,operating
2030,"Texas Microgrid, LLC",HEBTEMDistCenter1B,68735,HT1B4,TX,Bell,31.152387,-97.361183,0.4,17.04,NG,IC,2024,1,1.0,3504.0,59708.0,1927.2,876.0,35.0,3611.3,5.0,59.64,3543.64,12.65,0.24,12.42,operating
2030,"Texas Microgrid, LLC",HEBTEMDistCenter2A,68736,HT2A1,TX,Bell,31.152387,-97.361183,0.4,17.04,NG,IC,2024,1,1.0,3504.0,59708.0,1927.2,876.0,35.0,3611.3,5.0,59.64,3543.64,12.65,0.24,12.42,operating
2030,"Texas Microgrid, LLC",HEBTEMDistCenter2A,68736,HT2A2,TX,Bell,31.152387,-97.361183,0.4,17.04,NG,IC,2024,1,1.0,3504.0,59708.0,1927.2,876.0,35.0,3611.3,5.0,59.64,3543.64,12.65,0.24,12.42,operating
2030,"Texas Microgrid, LLC",HEBTEMDistCenter2A,68736,HT2A3,TX,Bell,31.152387,-97.361183,0.4,17.04,NG,IC,2024,1,1.0,3504.0,59708.0,1927.2,876.0,35.0,3611.3,5.0,59.64,3543.64,12.65,0.24,12.42,operating
2030,"Texas Microgrid, LLC",HEBTEMDistCenter2A,68736,HT2A4,TX,Bell,31.152387,-97.361183,0.4,17.04,NG,IC,2024,1,1.0,3504.0,59708.0,1927.2,876.0,35.0,3611.3,5.0,59.64,3543.64,12.65,0.24,12.42,operating
2030,"Texas Microgrid, LLC",HEBTEMDistCenter2A,68736,HT2A5,TX,Bell,31.152387,-97.361183,0.4,17.04,NG,IC,2024,1,1.0,3504.0,59708.0,1927.2,876.0,35.0,3611.3,5.0,59.64,3543.64,12.65,0.24,12.42,operating
2030,"Texas Microgrid, LLC",HEBTEMDistCenter2A,68736,HT2A6,TX,Bell,31.152387,-97.361183,0.4,17.04,NG,IC,2024,1,1.0,3504.0,59708.0,1927.2,876.0,35.0,3611.3,5.0,59.64,3543.64,12.65,0.24,12.42,operating
2030,"Texas Microgrid, LLC",HEBTEMDistCenter2A,68736,HT2A7,TX,Bell,31.152387,-97.361183,0.4,17.04,NG,IC,2024,1,1.0,3504.0,59708.0,1927.2,876.0,35.0,3611.3,5.0,59.64,3543.64,12.65,0.24,12.42,operating
2030,"Texas Microgrid, LLC",HEBTEMDistCenter2A,68736,HT2A8,TX,Bell,31.152387,-97.361183,0.4,17.04,NG,IC,2024,1,1.0,3504.0,59708.0,1927.2,876.0,35.0,3611.3,5.0,59.64,3543.64,12.65,0.24,12.42,operating
2030,"Texas Microgrid, LLC",HEBTEMDistCenter,67317,HTE10,TX,Bell,31.152387,-97.361183,0.4,17.04,NG,IC,2023,2,1.0,3504.0,59708.0,1927.2,876.0,35.0,3611.3,5.0,59.64,3543.64,12.65,0.24,12.42,operating
2030,"Texas Microgrid, LLC",HEBTEMDistCenter,67317,HTE11,TX,Bell,31.152387,-97.361183,0.4,17.04,NG,IC,2023,2,1.0,3504.0,59708.0,1927.2,876.0,35.0,3611.3,5.0,59.64,3543.64,12.65,0.24,12.42,operating
2030,"Texas Microgrid, LLC",HEBTEMDistCenter,67317,HTE12,TX,Bell,31.152387,-97.361183,0.4,17.04,NG,IC,2023,2,1.0,3504.0,59708.0,1927.2,876.0,35.0,3611.3,5.0,59.64,3543.64,12.65,0.24,12.42,operating
2030,"Texas Microgrid, LLC",HEBTEMDistCenter,67317,HTEM1,TX,Bell,31.152387,-97.361183,0.4,17.04,NG,IC,2023,2,1.0,3504.0,59708.0,1927.2,876.0,35.0,3611.3,5.0,59.64,3543.64,12.65,0.24,12.42,operating
2030,"Texas Microgrid, LLC",HEBTEMDistCenter,67317,HTEM2,TX,Bell,31.152387,-97.361183,0.4,17.04,NG,IC,2023,2,1.0,3504.0,59708.0,1927.2,876.0,35.0,3611.3,5.0,59.64,3543.64,12.65,0.24,12.42,operating
2030,"Texas Microgrid, LLC",HEBTEMDistCenter,67317,HTEM3,TX,Bell,31.152387,-97.361183,0.4,17.04,NG,IC,2023,2,1.0,3504.0,59708.0,1927.2,876.0,35.0,3611.3,5.0,59.64,3543.64,12.65,0.24,12.42,operating
2030,"Texas Microgrid, LLC",HEBTEMDistCenter,67317,HTEM4,TX,Bell,31.152387,-97.361183,0.4,17.04,NG,IC,2023,2,1.0,3504.0,59708.0,1927.2,876.0,35.0,3611.3,5.0,59.64,3543.64,12.65,0.24,12.42,operating
2030,"Texas Microgrid, LLC",HEBTEMDistCenter,67317,HTEM5,TX,Bell,31.152387,-97.361183,0.4,17.04,NG,IC,2023,2,1.0,3504.0,59708.0,1927.2,876.0,35.0,3611.3,5.0,59.64,3543.64,12.65,0.24,12.42,operating
2030,"Texas Microgrid, LLC",HEBTEMDistCenter,67317,HTEM6,TX,Bell,31.152387,-97.361183,0.4,17.04,NG,IC,2023,2,1.0,3504.0,59708.0,1927.2,876.0,35.0,3611.3,5.0,59.64,3543.64,12.65,0.24,12.42,operating
2030,"Texas Microgrid, LLC",HEBTEMDistCenter,67317,HTEM7,TX,Bell,31.152387,-97.361183,0.4,17.04,NG,IC,2023,2,1.0,3504.0,59708.0,1927.2,876.0,35.0,3611.3,5.0,59.64,3543.64,12.65,0.24,12.42,operating
2030,"Texas Microgrid, LLC",HEBTEMDistCenter,67317,HTEM8,TX,Bell,31.152387,-97.361183,0.4,17.04,NG,IC,2023,2,1.0,3504.0,59708.0,1927.2,876.0,35.0,3611.3,5.0,59.64,3543.64,12.65,0.24,12.42,operating
2030,"Texas Microgrid, LLC",HEBTEMDistCenter,67317,HTEM9,TX,Bell,31.152387,-97.361183,0.4,17.04,NG,IC,2023,2,1.0,3504.0,59708.0,1927.2,876.0,35.0,3611.3,5.0,59.64,3543.64,12.65,0.24,12.42,operating
2030,"Walmart Stores Texas, LLC",WAL4538,64946,GEN1,TX,Harris,29.803665,-95.72045,0.4,17.08,NG,IC,2019,6,1.0,3504.0,59848.0,1927.2,876.0,35.0,-41.82,5.0,59.78,-109.63,-0.15,0.24,-0.38,stranded
2030,"Walmart Stores Texas, LLC",WAL4538,64946,GEN2,TX,Harris,29.803665,-95.72045,0.4,17.08,NG,IC,2019,6,1.0,3504.0,59848.0,1927.2,876.0,35.0,-41.82,5.0,59.78,-109.63,-0.15,0.24,-0.38,stranded
2030,"Walmart Stores Texas, LLC",WAL4538,64946,GEN3,TX,Harris,29.803665,-95.72045,0.4,17.08,NG,IC,2019,6,1.0,3504.0,59848.0,1927.2,876.0,35.0,-41.82,5.0,59.78,-109.63,-0.15,0.24,-0.38,stranded
2030,"Generate ER-NG, LLC",HEB00767,67434,H7671,TX,Montgomery,30.221151,-95.681969,0.4,17.09,NG,IC,2022,3,1.0,3504.0,59883.0,1927.2,876.0,35.0,-41.82,5.0,59.81,-109.67,-0.15,0.24,-0.38,stranded
2030,"Generate ER-NG, LLC",HEB00767,67434,H7672,TX,Montgomery,30.221151,-95.681969,0.4,17.09,NG,IC,2022,3,1.0,3504.0,59883.0,1927.2,876.0,35.0,-41.82,5.0,59.81,-109.67,-0.15,0.24,-0.38,stranded
2030,"Generate ER-NG, LLC",HEB00767,67434,H7673,TX,Montgomery,30.221151,-95.681969,0.4,17.09,NG,IC,2022,3,1.0,3504.0,59883.0,1927.2,876.0,35.0,-41.82,5.0,59.81,-109.67,-0.15,0.24,-0.38,stranded
2030,"Generate ER-NG, LLC",HEB00760,67311,H7601,TX,Brazoria,29.487596,-95.405161,0.4,17.11,NG,IC,2023,2,1.0,3504.0,59953.0,1927.2,876.0,35.0,-41.82,5.0,59.88,-109.74,-0.15,0.24,-0.38,stranded
2030,"Generate ER-NG, LLC",HEB00760,67311,H7602,TX,Brazoria,29.487596,-95.405161,0.4,17.11,NG,IC,2023,2,1.0,3504.0,59953.0,1927.2,876.0,35.0,-41.82,5.0,59.88,-109.74,-0.15,0.24,-0.38,stranded
2030,"Generate ER-NG, LLC",HEB00760,67311,H7603,TX,Brazoria,29.487596,-95.405161,0.4,17.11,NG,IC,2023,2,1.0,3504.0,59953.0,1927.2,876.0,35.0,-41.82,5.0,59.88,-109.74,-0.15,0.24,-0.38,stranded
2030,"Walmart Stores Texas, LLC",WAL752,64801,GEN1,TX,Harris,29.64662,-95.161425,0.4,17.46,NG,IC,2020,5,1.0,3504.0,61180.0,1927.2,876.0,35.0,-41.82,5.0,61.11,-110.96,-0.15,0.24,-0.39,stranded
2030,"Walmart Stores Texas, LLC",WAL752,64801,GEN2,TX,Harris,29.64662,-95.161425,0.4,17.46,NG,IC,2020,5,1.0,3504.0,61180.0,1927.2,876.0,35.0,-41.82,5.0,61.11,-110.96,-0.15,0.24,-0.39,stranded
2030,"Walmart Stores Texas, LLC",WAL752,64801,GEN3,TX,Harris,29.64662,-95.161425,0.4,17.46,NG,IC,2020,5,1.0,3504.0,61180.0,1927.2,876.0,35.0,-41.82,5.0,61.11,-110.96,-0.15,0.24,-0.39,stranded
2030,"Walmart Stores Texas, LLC",WAL3432,64924,GEN1,TX,Dallas,32.592923,-96.879836,0.4,17.53,NG,IC,2021,4,1.0,3504.0,61425.0,1927.2,876.0,35.0,-41.82,5.0,61.36,-111.21,-0.15,0.24,-0.39,stranded
2030,"Walmart Stores Texas, LLC",WAL3432,64924,GEN2,TX,Dallas,32.592923,-96.879836,0.4,17.53,NG,IC,2021,4,1.0,3504.0,61425.0,1927.2,876.0,35.0,-41.82,5.0,61.36,-111.21,-0.15,0.24,-0.39,stranded
2030,"Walmart Stores Texas, LLC",WAL3432,64924,GEN3,TX,Dallas,32.592923,-96.879836,0.4,17.53,NG,IC,2021,4,1.0,3504.0,61425.0,1927.2,876.0,35.0,-41.82,5.0,61.36,-111.21,-0.15,0.24,-0.39,stranded
2030,"Walmart Stores Texas, LLC",WAL768,64802,GEN1,TX,Harris,29.789117,-95.722232,0.4,17.55,NG,IC,2019,6,1.0,3504.0,61495.0,1927.2,876.0,35.0,-41.82,5.0,61.43,-111.28,-0.15,0.24,-0.39,stranded
2030,"Walmart Stores Texas, LLC",WAL768,64802,GEN2,TX,Harris,29.789117,-95.722232,0.4,17.55,NG,IC,2019,6,1.0,3504.0,61495.0,1927.2,876.0,35.0,-41.82,5.0,61.43,-111.28,-0.15,0.24,-0.39,stranded
2030,"Walmart Stores Texas, LLC",WAL768,64802,GEN3,TX,Harris,29.789117,-95.722232,0.4,17.55,NG,IC,2019,6,1.0,3504.0,61495.0,1927.2,876.0,35.0,-41.82,5.0,61.43,-111.28,-0.15,0.24,-0.39,stranded
2030,Equistar Chemicals LP,Corpus Christi,50475,GEN1,TX,Nueces,27.811083,-97.595813,41.0,17.73,NG,GT,1989,36,1.0,359160.0,6367907.0,197538.0,89790.0,3591.6,3611.3,5.0,62.05,3541.22,1297.04,25.17,1271.87,operating
2030,Entergy Texas Inc.,HEB00048,66593,H0481,TX,Jefferson,30.106498,-94.170414,0.4,17.92,NG,IC,2021,4,1.0,3504.0,62792.0,1927.2,876.0,35.0,-41.82,5.0,62.72,-112.57,-0.15,0.25,-0.39,stranded
2030,Entergy Texas Inc.,HEB00048,66593,H0482,TX,Jefferson,30.106498,-94.170414,0.4,17.92,NG,IC,2021,4,1.0,3504.0,62792.0,1927.2,876.0,35.0,-41.82,5.0,62.72,-112.57,-0.15,0.25,-0.39,stranded
2030,Entergy Texas Inc.,HEB00048,66593,H0483,TX,Jefferson,30.106498,-94.170414,0.4,17.92,NG,IC,2021,4,1.0,3504.0,62792.0,1927.2,876.0,35.0,-41.82,5.0,62.72,-112.57,-0.15,0.25,-0.39,stranded
2030,Luminant Generation Company LLC,DeCordova Steam Electric Station,8063,CT1,TX,Hood,32.403056,-97.700556,89.4,18.19,NG,GT,1990,35,1.0,783144.0,14245389.0,430729.2,195786.0,7831.4,-41.82,5.0,63.67,-113.52,-32.75,56.14,-88.9,stranded
2030,Luminant Generation Company LLC,DeCordova Steam Electric Station,8063,CT2,TX,Hood,32.403056,-97.700556,89.4,18.19,NG,GT,1990,35,1.0,783144.0,14245389.0,430729.2,195786.0,7831.4,-41.82,5.0,63.67,-113.52,-32.75,56.14,-88.9,stranded
2030,Luminant Generation Company LLC,DeCordova Steam Electric Station,8063,CT3,TX,Hood,32.403056,-97.700556,89.4,18.19,NG,GT,1990,35,1.0,783144.0,14245389.0,430729.2,195786.0,7831.4,-41.82,5.0,63.67,-113.52,-32.75,56.14,-88.9,stranded
2030,Luminant Generation Company LLC,DeCordova Steam Electric Station,8063,CT4,TX,Hood,32.403056,-97.700556,89.4,18.19,NG,GT,1990,35,1.0,783144.0,14245389.0,430729.2,195786.0,7831.4,-41.82,5.0,63.67,-113.52,-32.75,56.14,-88.9,stranded
2030,Petra Nova Power I LLC,Petra Nova Carbon Capture Cogen,58378,GT2,TX,Fort Bend,29.475278,-95.634167,82.2,19.4,NG,GT,2013,12,1.0,720072.0,13969397.0,396039.6,180018.0,7200.7,-41.82,5.0,67.9,-117.75,-30.12,54.67,-84.79,stranded
2030,City of Greenville - (TX),Powerlane Plant,4195,ST1,TX,Hunt,33.1707,-96.1264,18.8,21.07,NG,ST,1966,59,0.9999,164669.0,3469580.0,60927.6,16466.9,1646.7,-41.82,3.5,73.75,-121.11,-6.89,13.06,-19.94,stranded
2030,City of Greenville - (TX),Powerlane Plant,4195,EP,TX,Hunt,33.1707,-96.1264,8.4,21.07,NG,IC,2010,15,1.0,73584.0,1550415.0,40471.2,18396.0,735.8,-41.82,5.0,73.75,-123.6,-3.08,6.02,-9.09,stranded
2030,City of Greenville - (TX),Powerlane Plant,4195,EP2,TX,Hunt,33.1707,-96.1264,8.4,21.07,NG,IC,2010,15,1.0,73584.0,1550415.0,40471.2,18396.0,735.8,-41.82,5.0,73.75,-123.6,-3.08,6.02,-9.09,stranded
2030,City of Greenville - (TX),Powerlane Plant,4195,EP3,TX,Hunt,33.1707,-96.1264,8.4,21.07,NG,IC,2010,15,1.0,73584.0,1550415.0,40471.2,18396.0,735.8,-41.82,5.0,73.75,-123.6,-3.08,6.02,-9.09,stranded
2030,State Farm Mutual Auto Ins Co,State Farm Insur Support Center Central,55390,2A,TX,Dallas,32.9192,-96.9894,1.8,8.9,DFO,IC,1998,27,1.0,15768.0,140335.0,10249.2,18921.6,12614.4,-41.82,6.0,93.45,-144.85,-0.66,1.62,-2.28,stranded
2030,State Farm Mutual Auto Ins Co,State Farm Insur Support Center Central,55390,2B,TX,Dallas,32.9192,-96.9894,1.8,8.9,DFO,IC,1998,27,1.0,15768.0,140335.0,10249.2,18921.6,12614.4,-41.82,6.0,93.45,-144.85,-0.66,1.62,-2.28,stranded
2030,State Farm Mutual Auto Ins Co,State Farm Insur Support Center Central,55390,3A,TX,Dallas,32.9192,-96.9894,1.8,8.9,DFO,IC,1998,27,1.0,15768.0,140335.0,10249.2,18921.6,12614.4,-41.82,6.0,93.45,-144.85,-0.66,1.62,-2.28,stranded
2030,State Farm Mutual Auto Ins Co,State Farm Insur Support Center Central,55390,3B,TX,Dallas,32.9192,-96.9894,1.8,8.9,DFO,IC,1998,27,1.0,15768.0,140335.0,10249.2,18921.6,12614.4,-41.82,6.0,93.45,-144.85,-0.66,1.62,-2.28,stranded
2030,State Farm Mutual Auto Ins Co,State Farm Insur Support Center Central,55390,4A,TX,Dallas,32.9192,-96.9894,1.8,8.9,DFO,IC,1998,27,1.0,15768.0,140335.0,10249.2,18921.6,12614.4,-41.82,6.0,93.45,-144.85,-0.66,1.62,-2.28,stranded
2030,State Farm Mutual Auto Ins Co,State Farm Insur Support Center Central,55390,4B,TX,Dallas,32.9192,-96.9894,1.8,8.9,DFO,IC,1998,27,1.0,15768.0,140335.0,10249.2,18921.6,12614.4,-41.82,6.0,93.45,-144.85,-0.66,1.62,-2.28,stranded
2030,"Walmart Stores Texas, LLC",WAL5311,64954,GEN1,TX,Collin,33.216844,-96.735704,1.3,9.14,DFO,IC,2020,5,1.0,11388.0,104086.0,7402.2,13665.6,9110.4,-41.82,6.0,95.97,-147.37,-0.48,1.2,-1.68,stranded
2030,"Walmart Stores Texas, LLC",WAL3777,64938,GEN1,TX,Denton,33.179721,-96.883994,1.3,9.19,DFO,IC,2020,5,1.0,11388.0,104656.0,7402.2,13665.6,9110.4,-41.82,6.0,96.49,-147.9,-0.48,1.21,-1.68,stranded
2030,"Power Depot Group A, LLC",E. Porte Ct.,65539,EPC1,TX,Cameron,26.19208,-97.664239,0.6,9.2,DFO,IC,2013,12,1.0,5256.0,48355.0,3416.4,6307.2,4204.8,-41.82,6.0,96.6,-148.0,-0.22,0.56,-0.78,stranded
2030,"Power Depot Group A, LLC",E. Porte Ct.,65539,EPC10,TX,Cameron,26.19208,-97.664239,0.6,9.2,DFO,IC,2013,12,1.0,5256.0,48355.0,3416.4,6307.2,4204.8,-41.82,6.0,96.6,-148.0,-0.22,0.56,-0.78,stranded
2030,"Power Depot Group A, LLC",E. Porte Ct.,65539,EPC11,TX,Cameron,26.19208,-97.664239,0.6,9.2,DFO,IC,2013,12,1.0,5256.0,48355.0,3416.4,6307.2,4204.8,-41.82,6.0,96.6,-148.0,-0.22,0.56,-0.78,stranded
2030,"Power Depot Group A, LLC",E. Porte Ct.,65539,EPC12,TX,Cameron,26.19208,-97.664239,0.6,9.2,DFO,IC,2013,12,1.0,5256.0,48355.0,3416.4,6307.2,4204.8,-41.82,6.0,96.6,-148.0,-0.22,0.56,-0.78,stranded
2030,"Power Depot Group A, LLC",E. Porte Ct.,65539,EPC13,TX,Cameron,26.19208,-97.664239,0.6,9.2,DFO,IC,2013,12,1.0,5256.0,48355.0,3416.4,6307.2,4204.8,-41.82,6.0,96.6,-148.0,-0.22,0.56,-0.78,stranded
2030,"Power Depot Group A, LLC",E. Porte Ct.,65539,EPC14,TX,Cameron,26.19208,-97.664239,0.6,9.2,DFO,IC,2013,12,1.0,5256.0,48355.0,3416.4,6307.2,4204.8,-41.82,6.0,96.6,-148.0,-0.22,0.56,-0.78,stranded
2030,"Power Depot Group A, LLC",E. Porte Ct.,65539,EPC15,TX,Cameron,26.19208,-97.664239,0.6,9.2,DFO,IC,2013,12,1.0,5256.0,48355.0,3416.4,6307.2,4204.8,-41.82,6.0,96.6,-148.0,-0.22,0.56,-0.78,stranded
2030,"Power Depot Group A, LLC",E. Porte Ct.,65539,EPC2,TX,Cameron,26.19208,-97.664239,0.6,9.2,DFO,IC,2013,12,1.0,5256.0,48355.0,3416.4,6307.2,4204.8,-41.82,6.0,96.6,-148.0,-0.22,0.56,-0.78,stranded
2030,"Power Depot Group A, LLC",E. Porte Ct.,65539,EPC3,TX,Cameron,26.19208,-97.664239,0.6,9.2,DFO,IC,2013,12,1.0,5256.0,48355.0,3416.4,6307.2,4204.8,-41.82,6.0,96.6,-148.0,-0.22,0.56,-0.78,stranded
2030,"Power Depot Group A, LLC",E. Porte Ct.,65539,EPC4,TX,Cameron,26.19208,-97.664239,0.6,9.2,DFO,IC,2013,12,1.0,5256.0,48355.0,3416.4,6307.2,4204.8,-41.82,6.0,96.6,-148.0,-0.22,0.56,-0.78,stranded
2030,"Power Depot Group A, LLC",E. Porte Ct.,65539,EPC5,TX,Cameron,26.19208,-97.664239,0.6,9.2,DFO,IC,2013,12,1.0,5256.0,48355.0,3416.4,6307.2,4204.8,-41.82,6.0,96.6,-148.0,-0.22,0.56,-0.78,stranded
2030,"Power Depot Group A, LLC",E. Porte Ct.,65539,EPC6,TX,Cameron,26.19208,-97.664239,0.6,9.2,DFO,IC,2013,12,1.0,5256.0,48355.0,3416.4,6307.2,4204.8,-41.82,6.0,96.6,-148.0,-0.22,0.56,-0.78,stranded
2030,"Power Depot Group A, LLC",E. Porte Ct.,65539,EPC7,TX,Cameron,26.19208,-97.664239,0.6,9.2,DFO,IC,2013,12,1.0,5256.0,48355.0,3416.4,6307.2,4204.8,-41.82,6.0,96.6,-148.0,-0.22,0.56,-0.78,stranded
2030,"Power Depot Group A, LLC",E. Porte Ct.,65539,EPC8,TX,Cameron,26.19208,-97.664239,0.6,9.2,DFO,IC,2013,12,1.0,5256.0,48355.0,3416.4,6307.2,4204.8,-41.82,6.0,96.6,-148.0,-0.22,0.56,-0.78,stranded
2030,"Power Depot Group A, LLC",E. Porte Ct.,65539,EPC9,TX,Cameron,26.19208,-97.664239,0.6,9.2,DFO,IC,2013,12,1.0,5256.0,48355.0,3416.4,6307.2,4204.8,-41.82,6.0,96.6,-148.0,-0.22,0.56,-0.78,stranded
2030,"Walmart Stores Texas, LLC",WAL5211,64952,GEN1,TX,Collin,33.156306,-96.682687,1.3,9.28,DFO,IC,2020,5,1.0,11388.0,105681.0,7402.2,13665.6,9110.4,-41.82,6.0,97.44,-148.84,-0.48,1.22,-1.7,stranded
2030,"Power Depot Group A, LLC",Tumbleweed,65578,TWD1,TX,Andrews,32.35123,-102.5577,0.6,9.44,DFO,IC,2013,12,1.0,5256.0,49617.0,3416.4,6307.2,4204.8,3948.11,6.0,99.12,3839.42,20.75,0.57,20.18,operating
2030,"Power Depot Group A, LLC",Tumbleweed,65578,TWD10,TX,Andrews,32.35123,-102.5577,0.6,9.44,DFO,IC,2013,12,1.0,5256.0,49617.0,3416.4,6307.2,4204.8,3948.11,6.0,99.12,3839.42,20.75,0.57,20.18,operating
2030,"Power Depot Group A, LLC",Tumbleweed,65578,TWD11,TX,Andrews,32.35123,-102.5577,0.6,9.44,DFO,IC,2013,12,1.0,5256.0,49617.0,3416.4,6307.2,4204.8,3948.11,6.0,99.12,3839.42,20.75,0.57,20.18,operating
2030,"Power Depot Group A, LLC",Tumbleweed,65578,TWD12,TX,Andrews,32.35123,-102.5577,0.6,9.44,DFO,IC,2013,12,1.0,5256.0,49617.0,3416.4,6307.2,4204.8,3948.11,6.0,99.12,3839.42,20.75,0.57,20.18,operating
2030,"Power Depot Group A, LLC",Tumbleweed,65578,TWD13,TX,Andrews,32.35123,-102.5577,0.6,9.44,DFO,IC,2013,12,1.0,5256.0,49617.0,3416.4,6307.2,4204.8,3948.11,6.0,99.12,3839.42,20.75,0.57,20.18,operating
2030,"Power Depot Group A, LLC",Tumbleweed,65578,TWD14,TX,Andrews,32.35123,-102.5577,0.6,9.44,DFO,IC,2013,12,1.0,5256.0,49617.0,3416.4,6307.2,4204.8,3948.11,6.0,99.12,3839.42,20.75,0.57,20.18,operating
2030,"Power Depot Group A, LLC",Tumbleweed,65578,TWD15,TX,Andrews,32.35123,-102.5577,0.6,9.44,DFO,IC,2013,12,1.0,5256.0,49617.0,3416.4,6307.2,4204.8,3948.11,6.0,99.12,3839.42,20.75,0.57,20.18,operating
2030,"Power Depot Group A, LLC",Tumbleweed,65578,TWD2,TX,Andrews,32.35123,-102.5577,0.6,9.44,DFO,IC,2013,12,1.0,5256.0,49617.0,3416.4,6307.2,4204.8,3948.11,6.0,99.12,3839.42,20.75,0.57,20.18,operating
2030,"Power Depot Group A, LLC",Tumbleweed,65578,TWD3,TX,Andrews,32.35123,-102.5577,0.6,9.44,DFO,IC,2013,12,1.0,5256.0,49617.0,3416.4,6307.2,4204.8,3948.11,6.0,99.12,3839.42,20.75,0.57,20.18,operating
2030,"Power Depot Group A, LLC",Tumbleweed,65578,TWD4,TX,Andrews,32.35123,-102.5577,0.6,9.44,DFO,IC,2013,12,1.0,5256.0,49617.0,3416.4,6307.2,4204.8,3948.11,6.0,99.12,3839.42,20.75,0.57,20.18,operating
2030,"Power Depot Group A, LLC",Tumbleweed,65578,TWD5,TX,Andrews,32.35123,-102.5577,0.6,9.44,DFO,IC,2013,12,1.0,5256.0,49617.0,3416.4,6307.2,4204.8,3948.11,6.0,99.12,3839.42,20.75,0.57,20.18,operating
2030,"Power Depot Group A, LLC",Tumbleweed,65578,TWD6,TX,Andrews,32.35123,-102.5577,0.6,9.44,DFO,IC,2013,12,1.0,5256.0,49617.0,3416.4,6307.2,4204.8,3948.11,6.0,99.12,3839.42,20.75,0.57,20.18,operating
2030,"Power Depot Group A, LLC",Tumbleweed,65578,TWD7,TX,Andrews,32.35123,-102.5577,0.6,9.44,DFO,IC,2013,12,1.0,5256.0,49617.0,3416.4,6307.2,4204.8,3948.11,6.0,99.12,3839.42,20.75,0.57,20.18,operating
2030,"Power Depot Group A, LLC",Tumbleweed,65578,TWD8,TX,Andrews,32.35123,-102.5577,0.6,9.44,DFO,IC,2013,12,1.0,5256.0,49617.0,3416.4,6307.2,4204.8,3948.11,6.0,99.12,3839.42,20.75,0.57,20.18,operating
2030,"Power Depot Group A, LLC",Tumbleweed,65578,TWD9,TX,Andrews,32.35123,-102.5577,0.6,9.44,DFO,IC,2013,12,1.0,5256.0,49617.0,3416.4,6307.2,4204.8,3948.11,6.0,99.12,3839.42,20.75,0.57,20.18,operating
2030,"South Texas Electric Coop, Inc",Sam Rayburn,3631,4,TX,Victoria,28.8947,-97.135,1.6,9.44,DFO,IC,1991,34,1.0,14016.0,132311.0,9110.4,16819.2,11212.8,3611.3,6.0,99.12,3502.61,50.62,1.52,49.09,operating
2030,"South Texas Electric Coop, Inc",Sam Rayburn,3631,5,TX,Victoria,28.8947,-97.135,1.6,9.44,DFO,IC,1991,34,1.0,14016.0,132311.0,9110.4,16819.2,11212.8,3611.3,6.0,99.12,3502.61,50.62,1.52,49.09,operating
2030,"Power Depot Group A, LLC",Westover,65581,WSI1,TX,Ector,31.8362,-102.4461,0.6,9.49,DFO,IC,2013,12,1.0,5256.0,49879.0,3416.4,6307.2,4204.8,3948.11,6.0,99.64,3838.89,20.75,0.57,20.18,operating
2030,"Power Depot Group A, LLC",Westover,65581,WSI10,TX,Ector,31.8362,-102.4461,0.6,9.49,DFO,IC,2013,12,1.0,5256.0,49879.0,3416.4,6307.2,4204.8,3948.11,6.0,99.64,3838.89,20.75,0.57,20.18,operating
2030,"Power Depot Group A, LLC",Westover,65581,WSI11,TX,Ector,31.8362,-102.4461,0.6,9.49,DFO,IC,2013,12,1.0,5256.0,49879.0,3416.4,6307.2,4204.8,3948.11,6.0,99.64,3838.89,20.75,0.57,20.18,operating
2030,"Power Depot Group A, LLC",Westover,65581,WSI12,TX,Ector,31.8362,-102.4461,0.6,9.49,DFO,IC,2013,12,1.0,5256.0,49879.0,3416.4,6307.2,4204.8,3948.11,6.0,99.64,3838.89,20.75,0.57,20.18,operating
2030,"Power Depot Group A, LLC",Westover,65581,WSI13,TX,Ector,31.8362,-102.4461,0.6,9.49,DFO,IC,2013,12,1.0,5256.0,49879.0,3416.4,6307.2,4204.8,3948.11,6.0,99.64,3838.89,20.75,0.57,20.18,operating
2030,"Power Depot Group A, LLC",Westover,65581,WSI14,TX,Ector,31.8362,-102.4461,0.6,9.49,DFO,IC,2013,12,1.0,5256.0,49879.0,3416.4,6307.2,4204.8,3948.11,6.0,99.64,3838.89,20.75,0.57,20.18,operating
2030,"Power Depot Group A, LLC",Westover,65581,WSI15,TX,Ector,31.8362,-102.4461,0.6,9.49,DFO,IC,2013,12,1.0,5256.0,49879.0,3416.4,6307.2,4204.8,3948.11,6.0,99.64,3838.89,20.75,0.57,20.18,operating
2030,"Power Depot Group A, LLC",Westover,65581,WSI2,TX,Ector,31.8362,-102.4461,0.6,9.49,DFO,IC,2013,12,1.0,5256.0,49879.0,3416.4,6307.2,4204.8,3948.11,6.0,99.64,3838.89,20.75,0.57,20.18,operating
2030,"Power Depot Group A, LLC",Westover,65581,WSI3,TX,Ector,31.8362,-102.4461,0.6,9.49,DFO,IC,2013,12,1.0,5256.0,49879.0,3416.4,6307.2,4204.8,3948.11,6.0,99.64,3838.89,20.75,0.57,20.18,operating
2030,"Power Depot Group A, LLC",Westover,65581,WSI4,TX,Ector,31.8362,-102.4461,0.6,9.49,DFO,IC,2013,12,1.0,5256.0,49879.0,3416.4,6307.2,4204.8,3948.11,6.0,99.64,3838.89,20.75,0.57,20.18,operating
2030,"Power Depot Group A, LLC",Westover,65581,WSI5,TX,Ector,31.8362,-102.4461,0.6,9.49,DFO,IC,2013,12,1.0,5256.0,49879.0,3416.4,6307.2,4204.8,3948.11,6.0,99.64,3838.89,20.75,0.57,20.18,operating
2030,"Power Depot Group A, LLC",Westover,65581,WSI6,TX,Ector,31.8362,-102.4461,0.6,9.49,DFO,IC,2013,12,1.0,5256.0,49879.0,3416.4,6307.2,4204.8,3948.11,6.0,99.64,3838.89,20.75,0.57,20.18,operating
2030,"Power Depot Group A, LLC",Westover,65581,WSI7,TX,Ector,31.8362,-102.4461,0.6,9.49,DFO,IC,2013,12,1.0,5256.0,49879.0,3416.4,6307.2,4204.8,3948.11,6.0,99.64,3838.89,20.75,0.57,20.18,operating
2030,"Power Depot Group A, LLC",Westover,65581,WSI8,TX,Ector,31.8362,-102.4461,0.6,9.49,DFO,IC,2013,12,1.0,5256.0,49879.0,3416.4,6307.2,4204.8,3948.11,6.0,99.64,3838.89,20.75,0.57,20.18,operating
2030,"Power Depot Group A, LLC",Westover,65581,WSI9,TX,Ector,31.8362,-102.4461,0.6,9.49,DFO,IC,2013,12,1.0,5256.0,49879.0,3416.4,6307.2,4204.8,3948.11,6.0,99.64,3838.89,20.75,0.57,20.18,operating
2030,"Power Depot Group A, LLC",Bakke,65535,BAK1,TX,Andrews,32.295946,-102.54,0.6,9.5,DFO,IC,2013,12,1.0,5256.0,49932.0,3416.4,6307.2,4204.8,3948.11,6.0,99.75,3838.79,20.75,0.57,20.18,operating
2030,"Power Depot Group A, LLC",Bakke,65535,BAK10,TX,Andrews,32.295946,-102.54,0.6,9.5,DFO,IC,2013,12,1.0,5256.0,49932.0,3416.4,6307.2,4204.8,3948.11,6.0,99.75,3838.79,20.75,0.57,20.18,operating
2030,"Power Depot Group A, LLC",Bakke,65535,BAK11,TX,Andrews,32.295946,-102.54,0.6,9.5,DFO,IC,2013,12,1.0,5256.0,49932.0,3416.4,6307.2,4204.8,3948.11,6.0,99.75,3838.79,20.75,0.57,20.18,operating
2030,"Power Depot Group A, LLC",Bakke,65535,BAK12,TX,Andrews,32.295946,-102.54,0.6,9.5,DFO,IC,2013,12,1.0,5256.0,49932.0,3416.4,6307.2,4204.8,3948.11,6.0,99.75,3838.79,20.75,0.57,20.18,operating
2030,"Power Depot Group A, LLC",Bakke,65535,BAK13,TX,Andrews,32.295946,-102.54,0.6,9.5,DFO,IC,2013,12,1.0,5256.0,49932.0,3416.4,6307.2,4204.8,3948.11,6.0,99.75,3838.79,20.75,0.57,20.18,operating
2030,"Power Depot Group A, LLC",Bakke,65535,BAK14,TX,Andrews,32.295946,-102.54,0.6,9.5,DFO,IC,2013,12,1.0,5256.0,49932.0,3416.4,6307.2,4204.8,3948.11,6.0,99.75,3838.79,20.75,0.57,20.18,operating
2030,"Power Depot Group A, LLC",Bakke,65535,BAK15,TX,Andrews,32.295946,-102.54,0.6,9.5,DFO,IC,2013,12,1.0,5256.0,49932.0,3416.4,6307.2,4204.8,3948.11,6.0,99.75,3838.79,20.75,0.57,20.18,operating
2030,"Power Depot Group A, LLC",Bakke,65535,BAK2,TX,Andrews,32.295946,-102.54,0.6,9.5,DFO,IC,2013,12,1.0,5256.0,49932.0,3416.4,6307.2,4204.8,3948.11,6.0,99.75,3838.79,20.75,0.57,20.18,operating
2030,"Power Depot Group A, LLC",Bakke,65535,BAK3,TX,Andrews,32.295946,-102.54,0.6,9.5,DFO,IC,2013,12,1.0,5256.0,49932.0,3416.4,6307.2,4204.8,3948.11,6.0,99.75,3838.79,20.75,0.57,20.18,operating
2030,"Power Depot Group A, LLC",Bakke,65535,BAK4,TX,Andrews,32.295946,-102.54,0.6,9.5,DFO,IC,2013,12,1.0,5256.0,49932.0,3416.4,6307.2,4204.8,3948.11,6.0,99.75,3838.79,20.75,0.57,20.18,operating
2030,"Power Depot Group A, LLC",Bakke,65535,BAK5,TX,Andrews,32.295946,-102.54,0.6,9.5,DFO,IC,2013,12,1.0,5256.0,49932.0,3416.4,6307.2,4204.8,3948.11,6.0,99.75,3838.79,20.75,0.57,20.18,operating
2030,"Power Depot Group A, LLC",Bakke,65535,BAK6,TX,Andrews,32.295946,-102.54,0.6,9.5,DFO,IC,2013,12,1.0,5256.0,49932.0,3416.4,6307.2,4204.8,3948.11,6.0,99.75,3838.79,20.75,0.57,20.18,operating
2030,"Power Depot Group A, LLC",Bakke,65535,BAK7,TX,Andrews,32.295946,-102.54,0.6,9.5,DFO,IC,2013,12,1.0,5256.0,49932.0,3416.4,6307.2,4204.8,3948.11,6.0,99.75,3838.79,20.75,0.57,20.18,operating
2030,"Power Depot Group A, LLC",Bakke,65535,BAK8,TX,Andrews,32.295946,-102.54,0.6,9.5,DFO,IC,2013,12,1.0,5256.0,49932.0,3416.4,6307.2,4204.8,3948.11,6.0,99.75,3838.79,20.75,0.57,20.18,operating
2030,"Power Depot Group A, LLC",Bakke,65535,BAK9,TX,Andrews,32.295946,-102.54,0.6,9.5,DFO,IC,2013,12,1.0,5256.0,49932.0,3416.4,6307.2,4204.8,3948.11,6.0,99.75,3838.79,20.75,0.57,20.18,operating
2030,"Power Depot Group A, LLC",Frankel,65540,FRA1,TX,Andrews,32.381434,-102.78282,0.6,9.51,DFO,IC,2013,12,1.0,5256.0,49985.0,3416.4,6307.2,4204.8,3948.11,6.0,99.86,3838.68,20.75,0.58,20.18,operating
2030,"Power Depot Group A, LLC",Frankel,65540,FRA10,TX,Andrews,32.381434,-102.78282,0.6,9.51,DFO,IC,2013,12,1.0,5256.0,49985.0,3416.4,6307.2,4204.8,3948.11,6.0,99.86,3838.68,20.75,0.58,20.18,operating
2030,"Power Depot Group A, LLC",Frankel,65540,FRA11,TX,Andrews,32.381434,-102.78282,0.6,9.51,DFO,IC,2013,12,1.0,5256.0,49985.0,3416.4,6307.2,4204.8,3948.11,6.0,99.86,3838.68,20.75,0.58,20.18,operating
2030,"Power Depot Group A, LLC",Frankel,65540,FRA12,TX,Andrews,32.381434,-102.78282,0.6,9.51,DFO,IC,2013,12,1.0,5256.0,49985.0,3416.4,6307.2,4204.8,3948.11,6.0,99.86,3838.68,20.75,0.58,20.18,operating
2030,"Power Depot Group A, LLC",Frankel,65540,FRA13,TX,Andrews,32.381434,-102.78282,0.6,9.51,DFO,IC,2013,12,1.0,5256.0,49985.0,3416.4,6307.2,4204.8,3948.11,6.0,99.86,3838.68,20.75,0.58,20.18,operating
2030,"Power Depot Group A, LLC",Frankel,65540,FRA14,TX,Andrews,32.381434,-102.78282,0.6,9.51,DFO,IC,2013,12,1.0,5256.0,49985.0,3416.4,6307.2,4204.8,3948.11,6.0,99.86,3838.68,20.75,0.58,20.18,operating
2030,"Power Depot Group A, LLC",Frankel,65540,FRA15,TX,Andrews,32.381434,-102.78282,0.6,9.51,DFO,IC,2013,12,1.0,5256.0,49985.0,3416.4,6307.2,4204.8,3948.11,6.0,99.86,3838.68,20.75,0.58,20.18,operating
2030,"Power Depot Group A, LLC",Frankel,65540,FRA2,TX,Andrews,32.381434,-102.78282,0.6,9.51,DFO,IC,2013,12,1.0,5256.0,49985.0,3416.4,6307.2,4204.8,3948.11,6.0,99.86,3838.68,20.75,0.58,20.18,operating
2030,"Power Depot Group A, LLC",Frankel,65540,FRA3,TX,Andrews,32.381434,-102.78282,0.6,9.51,DFO,IC,2013,12,1.0,5256.0,49985.0,3416.4,6307.2,4204.8,3948.11,6.0,99.86,3838.68,20.75,0.58,20.18,operating
2030,"Power Depot Group A, LLC",Frankel,65540,FRA4,TX,Andrews,32.381434,-102.78282,0.6,9.51,DFO,IC,2013,12,1.0,5256.0,49985.0,3416.4,6307.2,4204.8,3948.11,6.0,99.86,3838.68,20.75,0.58,20.18,operating
2030,"Power Depot Group A, LLC",Frankel,65540,FRA5,TX,Andrews,32.381434,-102.78282,0.6,9.51,DFO,IC,2013,12,1.0,5256.0,49985.0,3416.4,6307.2,4204.8,3948.11,6.0,99.86,3838.68,20.75,0.58,20.18,operating
2030,"Power Depot Group A, LLC",Frankel,65540,FRA6,TX,Andrews,32.381434,-102.78282,0.6,9.51,DFO,IC,2013,12,1.0,5256.0,49985.0,3416.4,6307.2,4204.8,3948.11,6.0,99.86,3838.68,20.75,0.58,20.18,operating
2030,"Power Depot Group A, LLC",Frankel,65540,FRA7,TX,Andrews,32.381434,-102.78282,0.6,9.51,DFO,IC,2013,12,1.0,5256.0,49985.0,3416.4,6307.2,4204.8,3948.11,6.0,99.86,3838.68,20.75,0.58,20.18,operating
2030,"Power Depot Group A, LLC",Frankel,65540,FRA8,TX,Andrews,32.381434,-102.78282,0.6,9.51,DFO,IC,2013,12,1.0,5256.0,49985.0,3416.4,6307.2,4204.8,3948.11,6.0,99.86,3838.68,20.75,0.58,20.18,operating
2030,"Power Depot Group A, LLC",Frankel,65540,FRA9,TX,Andrews,32.381434,-102.78282,0.6,9.51,DFO,IC,2013,12,1.0,5256.0,49985.0,3416.4,6307.2,4204.8,3948.11,6.0,99.86,3838.68,20.75,0.58,20.18,operating
2030,"Power Depot Group A, LLC",Goldsmith,65542,GS1,TX,Ector,31.975269,-102.63501,0.6,9.51,DFO,IC,2013,12,1.0,5256.0,49985.0,3416.4,6307.2,4204.8,3948.11,6.0,99.86,3838.68,20.75,0.58,20.18,operating
2030,"Power Depot Group A, LLC",Goldsmith,65542,GS10,TX,Ector,31.975269,-102.63501,0.6,9.51,DFO,IC,2013,12,1.0,5256.0,49985.0,3416.4,6307.2,4204.8,3948.11,6.0,99.86,3838.68,20.75,0.58,20.18,operating
2030,"Power Depot Group A, LLC",Goldsmith,65542,GS11,TX,Ector,31.975269,-102.63501,0.6,9.51,DFO,IC,2013,12,1.0,5256.0,49985.0,3416.4,6307.2,4204.8,3948.11,6.0,99.86,3838.68,20.75,0.58,20.18,operating
2030,"Power Depot Group A, LLC",Goldsmith,65542,GS12,TX,Ector,31.975269,-102.63501,0.6,9.51,DFO,IC,2013,12,1.0,5256.0,49985.0,3416.4,6307.2,4204.8,3948.11,6.0,99.86,3838.68,20.75,0.58,20.18,operating
2030,"Power Depot Group A, LLC",Goldsmith,65542,GS13,TX,Ector,31.975269,-102.63501,0.6,9.51,DFO,IC,2013,12,1.0,5256.0,49985.0,3416.4,6307.2,4204.8,3948.11,6.0,99.86,3838.68,20.75,0.58,20.18,operating
2030,"Power Depot Group A, LLC",Goldsmith,65542,GS14,TX,Ector,31.975269,-102.63501,0.6,9.51,DFO,IC,2013,12,1.0,5256.0,49985.0,3416.4,6307.2,4204.8,3948.11,6.0,99.86,3838.68,20.75,0.58,20.18,operating
2030,"Power Depot Group A, LLC",Goldsmith,65542,GS15,TX,Ector,31.975269,-102.63501,0.6,9.51,DFO,IC,2013,12,1.0,5256.0,49985.0,3416.4,6307.2,4204.8,3948.11,6.0,99.86,3838.68,20.75,0.58,20.18,operating
2030,"Power Depot Group A, LLC",Goldsmith,65542,GS2,TX,Ector,31.975269,-102.63501,0.6,9.51,DFO,IC,2013,12,1.0,5256.0,49985.0,3416.4,6307.2,4204.8,3948.11,6.0,99.86,3838.68,20.75,0.58,20.18,operating
2030,"Power Depot Group A, LLC",Goldsmith,65542,GS3,TX,Ector,31.975269,-102.63501,0.6,9.51,DFO,IC,2013,12,1.0,5256.0,49985.0,3416.4,6307.2,4204.8,3948.11,6.0,99.86,3838.68,20.75,0.58,20.18,operating
2030,"Power Depot Group A, LLC",Goldsmith,65542,GS4,TX,Ector,31.975269,-102.63501,0.6,9.51,DFO,IC,2013,12,1.0,5256.0,49985.0,3416.4,6307.2,4204.8,3948.11,6.0,99.86,3838.68,20.75,0.58,20.18,operating
2030,"Power Depot Group A, LLC",Goldsmith,65542,GS5,TX,Ector,31.975269,-102.63501,0.6,9.51,DFO,IC,2013,12,1.0,5256.0,49985.0,3416.4,6307.2,4204.8,3948.11,6.0,99.86,3838.68,20.75,0.58,20.18,operating
2030,"Power Depot Group A, LLC",Goldsmith,65542,GS6,TX,Ector,31.975269,-102.63501,0.6,9.51,DFO,IC,2013,12,1.0,5256.0,49985.0,3416.4,6307.2,4204.8,3948.11,6.0,99.86,3838.68,20.75,0.58,20.18,operating
2030,"Power Depot Group A, LLC",Goldsmith,65542,GS7,TX,Ector,31.975269,-102.63501,0.6,9.51,DFO,IC,2013,12,1.0,5256.0,49985.0,3416.4,6307.2,4204.8,3948.11,6.0,99.86,3838.68,20.75,0.58,20.18,operating
2030,"Power Depot Group A, LLC",Goldsmith,65542,GS8,TX,Ector,31.975269,-102.63501,0.6,9.51,DFO,IC,2013,12,1.0,5256.0,49985.0,3416.4,6307.2,4204.8,3948.11,6.0,99.86,3838.68,20.75,0.58,20.18,operating
2030,"Power Depot Group A, LLC",Goldsmith,65542,GS9,TX,Ector,31.975269,-102.63501,0.6,9.51,DFO,IC,2013,12,1.0,5256.0,49985.0,3416.4,6307.2,4204.8,3948.11,6.0,99.86,3838.68,20.75,0.58,20.18,operating
2030,"Power Depot Group A, LLC",N. Mary Francis,65544,NMF1,TX,Ector,31.921616,-102.431039,0.6,9.52,DFO,IC,2013,12,1.0,5256.0,50037.0,3416.4,6307.2,4204.8,3948.11,6.0,99.96,3838.58,20.75,0.58,20.18,operating
2030,"Power Depot Group A, LLC",N. Mary Francis,65544,NMF10,TX,Ector,31.921616,-102.431039,0.6,9.52,DFO,IC,2013,12,1.0,5256.0,50037.0,3416.4,6307.2,4204.8,3948.11,6.0,99.96,3838.58,20.75,0.58,20.18,operating
2030,"Power Depot Group A, LLC",N. Mary Francis,65544,NMF11,TX,Ector,31.921616,-102.431039,0.6,9.52,DFO,IC,2013,12,1.0,5256.0,50037.0,3416.4,6307.2,4204.8,3948.11,6.0,99.96,3838.58,20.75,0.58,20.18,operating
2030,"Power Depot Group A, LLC",N. Mary Francis,65544,NMF12,TX,Ector,31.921616,-102.431039,0.6,9.52,DFO,IC,2013,12,1.0,5256.0,50037.0,3416.4,6307.2,4204.8,3948.11,6.0,99.96,3838.58,20.75,0.58,20.18,operating
2030,"Power Depot Group A, LLC",N. Mary Francis,65544,NMF13,TX,Ector,31.921616,-102.431039,0.6,9.52,DFO,IC,2013,12,1.0,5256.0,50037.0,3416.4,6307.2,4204.8,3948.11,6.0,99.96,3838.58,20.75,0.58,20.18,operating
2030,"Power Depot Group A, LLC",N. Mary Francis,65544,NMF14,TX,Ector,31.921616,-102.431039,0.6,9.52,DFO,IC,2013,12,1.0,5256.0,50037.0,3416.4,6307.2,4204.8,3948.11,6.0,99.96,3838.58,20.75,0.58,20.18,operating
2030,"Power Depot Group A, LLC",N. Mary Francis,65544,NMF15,TX,Ector,31.921616,-102.431039,0.6,9.52,DFO,IC,2013,12,1.0,5256.0,50037.0,3416.4,6307.2,4204.8,3948.11,6.0,99.96,3838.58,20.75,0.58,20.18,operating
2030,"Power Depot Group A, LLC",N. Mary Francis,65544,NMF2,TX,Ector,31.921616,-102.431039,0.6,9.52,DFO,IC,2013,12,1.0,5256.0,50037.0,3416.4,6307.2,4204.8,3948.11,6.0,99.96,3838.58,20.75,0.58,20.18,operating
2030,"Power Depot Group A, LLC",N. Mary Francis,65544,NMF3,TX,Ector,31.921616,-102.431039,0.6,9.52,DFO,IC,2013,12,1.0,5256.0,50037.0,3416.4,6307.2,4204.8,3948.11,6.0,99.96,3838.58,20.75,0.58,20.18,operating
2030,"Power Depot Group A, LLC",N. Mary Francis,65544,NMF4,TX,Ector,31.921616,-102.431039,0.6,9.52,DFO,IC,2013,12,1.0,5256.0,50037.0,3416.4,6307.2,4204.8,3948.11,6.0,99.96,3838.58,20.75,0.58,20.18,operating
2030,"Power Depot Group A, LLC",N. Mary Francis,65544,NMF5,TX,Ector,31.921616,-102.431039,0.6,9.52,DFO,IC,2013,12,1.0,5256.0,50037.0,3416.4,6307.2,4204.8,3948.11,6.0,99.96,3838.58,20.75,0.58,20.18,operating
2030,"Power Depot Group A, LLC",N. Mary Francis,65544,NMF6,TX,Ector,31.921616,-102.431039,0.6,9.52,DFO,IC,2013,12,1.0,5256.0,50037.0,3416.4,6307.2,4204.8,3948.11,6.0,99.96,3838.58,20.75,0.58,20.18,operating
2030,"Power Depot Group A, LLC",N. Mary Francis,65544,NMF7,TX,Ector,31.921616,-102.431039,0.6,9.52,DFO,IC,2013,12,1.0,5256.0,50037.0,3416.4,6307.2,4204.8,3948.11,6.0,99.96,3838.58,20.75,0.58,20.18,operating
2030,"Power Depot Group A, LLC",N. Mary Francis,65544,NMF8,TX,Ector,31.921616,-102.431039,0.6,9.52,DFO,IC,2013,12,1.0,5256.0,50037.0,3416.4,6307.2,4204.8,3948.11,6.0,99.96,3838.58,20.75,0.58,20.18,operating
2030,"Power Depot Group A, LLC",N. Mary Francis,65544,NMF9,TX,Ector,31.921616,-102.431039,0.6,9.52,DFO,IC,2013,12,1.0,5256.0,50037.0,3416.4,6307.2,4204.8,3948.11,6.0,99.96,3838.58,20.75,0.58,20.18,operating
2030,"Power Depot Group A, LLC",Southwick,65575,SW1,TX,Harris,29.59576,-95.36578,0.6,9.52,DFO,IC,2013,12,1.0,5256.0,50037.0,3416.4,6307.2,4204.8,-41.82,6.0,99.96,-151.36,-0.22,0.58,-0.8,stranded
2030,"Power Depot Group A, LLC",Southwick,65575,SW10,TX,Harris,29.59576,-95.36578,0.6,9.52,DFO,IC,2013,12,1.0,5256.0,50037.0,3416.4,6307.2,4204.8,-41.82,6.0,99.96,-151.36,-0.22,0.58,-0.8,stranded
2030,"Power Depot Group A, LLC",Southwick,65575,SW11,TX,Harris,29.59576,-95.36578,0.6,9.52,DFO,IC,2013,12,1.0,5256.0,50037.0,3416.4,6307.2,4204.8,-41.82,6.0,99.96,-151.36,-0.22,0.58,-0.8,stranded
2030,"Power Depot Group A, LLC",Southwick,65575,SW12,TX,Harris,29.59576,-95.36578,0.6,9.52,DFO,IC,2013,12,1.0,5256.0,50037.0,3416.4,6307.2,4204.8,-41.82,6.0,99.96,-151.36,-0.22,0.58,-0.8,stranded
2030,"Power Depot Group A, LLC",Southwick,65575,SW13,TX,Harris,29.59576,-95.36578,0.6,9.52,DFO,IC,2013,12,1.0,5256.0,50037.0,3416.4,6307.2,4204.8,-41.82,6.0,99.96,-151.36,-0.22,0.58,-0.8,stranded
2030,"Power Depot Group A, LLC",Southwick,65575,SW14,TX,Harris,29.59576,-95.36578,0.6,9.52,DFO,IC,2013,12,1.0,5256.0,50037.0,3416.4,6307.2,4204.8,-41.82,6.0,99.96,-151.36,-0.22,0.58,-0.8,stranded
2030,"Power Depot Group A, LLC",Southwick,65575,SW15,TX,Harris,29.59576,-95.36578,0.6,9.52,DFO,IC,2013,12,1.0,5256.0,50037.0,3416.4,6307.2,4204.8,-41.82,6.0,99.96,-151.36,-0.22,0.58,-0.8,stranded
2030,"Power Depot Group A, LLC",Southwick,65575,SW2,TX,Harris,29.59576,-95.36578,0.6,9.52,DFO,IC,2013,12,1.0,5256.0,50037.0,3416.4,6307.2,4204.8,-41.82,6.0,99.96,-151.36,-0.22,0.58,-0.8,stranded
2030,"Power Depot Group A, LLC",Southwick,65575,SW3,TX,Harris,29.59576,-95.36578,0.6,9.52,DFO,IC,2013,12,1.0,5256.0,50037.0,3416.4,6307.2,4204.8,-41.82,6.0,99.96,-151.36,-0.22,0.58,-0.8,stranded
2030,"Power Depot Group A, LLC",Southwick,65575,SW4,TX,Harris,29.59576,-95.36578,0.6,9.52,DFO,IC,2013,12,1.0,5256.0,50037.0,3416.4,6307.2,4204.8,-41.82,6.0,99.96,-151.36,-0.22,0.58,-0.8,stranded
2030,"Power Depot Group A, LLC",Southwick,65575,SW5,TX,Harris,29.59576,-95.36578,0.6,9.52,DFO,IC,2013,12,1.0,5256.0,50037.0,3416.4,6307.2,4204.8,-41.82,6.0,99.96,-151.36,-0.22,0.58,-0.8,stranded
2030,"Power Depot Group A, LLC",Southwick,65575,SW6,TX,Harris,29.59576,-95.36578,0.6,9.52,DFO,IC,2013,12,1.0,5256.0,50037.0,3416.4,6307.2,4204.8,-41.82,6.0,99.96,-151.36,-0.22,0.58,-0.8,stranded
2030,"Power Depot Group A, LLC",Southwick,65575,SW7,TX,Harris,29.59576,-95.36578,0.6,9.52,DFO,IC,2013,12,1.0,5256.0,50037.0,3416.4,6307.2,4204.8,-41.82,6.0,99.96,-151.36,-0.22,0.58,-0.8,stranded
2030,"Power Depot Group A, LLC",Southwick,65575,SW8,TX,Harris,29.59576,-95.36578,0.6,9.52,DFO,IC,2013,12,1.0,5256.0,50037.0,3416.4,6307.2,4204.8,-41.82,6.0,99.96,-151.36,-0.22,0.58,-0.8,stranded
2030,"Power Depot Group A, LLC",Southwick,65575,SW9,TX,Harris,29.59576,-95.36578,0.6,9.52,DFO,IC,2013,12,1.0,5256.0,50037.0,3416.4,6307.2,4204.8,-41.82,6.0,99.96,-151.36,-0.22,0.58,-0.8,stranded
2030,"Power Depot Group A, LLC",Santa Rosa,65574,SR1,TX,Cameron,26.23055,-97.82349,0.6,9.52,DFO,IC,2013,12,1.0,5256.0,50037.0,3416.4,6307.2,4204.8,-41.82,6.0,99.96,-151.36,-0.22,0.58,-0.8,stranded
2030,"Power Depot Group A, LLC",Santa Rosa,65574,SR10,TX,Cameron,26.23055,-97.82349,0.6,9.52,DFO,IC,2013,12,1.0,5256.0,50037.0,3416.4,6307.2,4204.8,-41.82,6.0,99.96,-151.36,-0.22,0.58,-0.8,stranded
2030,"Power Depot Group A, LLC",Santa Rosa,65574,SR11,TX,Cameron,26.23055,-97.82349,0.6,9.52,DFO,IC,2013,12,1.0,5256.0,50037.0,3416.4,6307.2,4204.8,-41.82,6.0,99.96,-151.36,-0.22,0.58,-0.8,stranded
2030,"Power Depot Group A, LLC",Santa Rosa,65574,SR12,TX,Cameron,26.23055,-97.82349,0.6,9.52,DFO,IC,2013,12,1.0,5256.0,50037.0,3416.4,6307.2,4204.8,-41.82,6.0,99.96,-151.36,-0.22,0.58,-0.8,stranded
2030,"Power Depot Group A, LLC",Santa Rosa,65574,SR13,TX,Cameron,26.23055,-97.82349,0.6,9.52,DFO,IC,2013,12,1.0,5256.0,50037.0,3416.4,6307.2,4204.8,-41.82,6.0,99.96,-151.36,-0.22,0.58,-0.8,stranded
2030,"Power Depot Group A, LLC",Santa Rosa,65574,SR14,TX,Cameron,26.23055,-97.82349,0.6,9.52,DFO,IC,2013,12,1.0,5256.0,50037.0,3416.4,6307.2,4204.8,-41.82,6.0,99.96,-151.36,-0.22,0.58,-0.8,stranded
2030,"Power Depot Group A, LLC",Santa Rosa,65574,SR15,TX,Cameron,26.23055,-97.82349,0.6,9.52,DFO,IC,2013,12,1.0,5256.0,50037.0,3416.4,6307.2,4204.8,-41.82,6.0,99.96,-151.36,-0.22,0.58,-0.8,stranded
2030,"Power Depot Group A, LLC",Santa Rosa,65574,SR2,TX,Cameron,26.23055,-97.82349,0.6,9.52,DFO,IC,2013,12,1.0,5256.0,50037.0,3416.4,6307.2,4204.8,-41.82,6.0,99.96,-151.36,-0.22,0.58,-0.8,stranded
2030,"Power Depot Group A, LLC",Santa Rosa,65574,SR3,TX,Cameron,26.23055,-97.82349,0.6,9.52,DFO,IC,2013,12,1.0,5256.0,50037.0,3416.4,6307.2,4204.8,-41.82,6.0,99.96,-151.36,-0.22,0.58,-0.8,stranded
2030,"Power Depot Group A, LLC",Santa Rosa,65574,SR4,TX,Cameron,26.23055,-97.82349,0.6,9.52,DFO,IC,2013,12,1.0,5256.0,50037.0,3416.4,6307.2,4204.8,-41.82,6.0,99.96,-151.36,-0.22,0.58,-0.8,stranded
2030,"Power Depot Group A, LLC",Santa Rosa,65574,SR5,TX,Cameron,26.23055,-97.82349,0.6,9.52,DFO,IC,2013,12,1.0,5256.0,50037.0,3416.4,6307.2,4204.8,-41.82,6.0,99.96,-151.36,-0.22,0.58,-0.8,stranded
2030,"Power Depot Group A, LLC",Santa Rosa,65574,SR6,TX,Cameron,26.23055,-97.82349,0.6,9.52,DFO,IC,2013,12,1.0,5256.0,50037.0,3416.4,6307.2,4204.8,-41.82,6.0,99.96,-151.36,-0.22,0.58,-0.8,stranded
2030,"Power Depot Group A, LLC",Santa Rosa,65574,SR7,TX,Cameron,26.23055,-97.82349,0.6,9.52,DFO,IC,2013,12,1.0,5256.0,50037.0,3416.4,6307.2,4204.8,-41.82,6.0,99.96,-151.36,-0.22,0.58,-0.8,stranded
2030,"Power Depot Group A, LLC",Santa Rosa,65574,SR8,TX,Cameron,26.23055,-97.82349,0.6,9.52,DFO,IC,2013,12,1.0,5256.0,50037.0,3416.4,6307.2,4204.8,-41.82,6.0,99.96,-151.36,-0.22,0.58,-0.8,stranded
2030,"Power Depot Group A, LLC",Santa Rosa,65574,SR9,TX,Cameron,26.23055,-97.82349,0.6,9.52,DFO,IC,2013,12,1.0,5256.0,50037.0,3416.4,6307.2,4204.8,-41.82,6.0,99.96,-151.36,-0.22,0.58,-0.8,stranded
2030,"Power Depot Group A, LLC",Clara,65537,CLA1,TX,Harris,29.845265,-95.553945,0.6,9.52,DFO,IC,2013,12,1.0,5256.0,50037.0,3416.4,6307.2,4204.8,-41.82,6.0,99.96,-151.36,-0.22,0.58,-0.8,stranded
2030,"Power Depot Group A, LLC",Clara,65537,CLA10,TX,Harris,29.845265,-95.553945,0.6,9.52,DFO,IC,2013,12,1.0,5256.0,50037.0,3416.4,6307.2,4204.8,-41.82,6.0,99.96,-151.36,-0.22,0.58,-0.8,stranded
2030,"Power Depot Group A, LLC",Clara,65537,CLA11,TX,Harris,29.845265,-95.553945,0.6,9.52,DFO,IC,2013,12,1.0,5256.0,50037.0,3416.4,6307.2,4204.8,-41.82,6.0,99.96,-151.36,-0.22,0.58,-0.8,stranded
2030,"Power Depot Group A, LLC",Clara,65537,CLA12,TX,Harris,29.845265,-95.553945,0.6,9.52,DFO,IC,2013,12,1.0,5256.0,50037.0,3416.4,6307.2,4204.8,-41.82,6.0,99.96,-151.36,-0.22,0.58,-0.8,stranded
2030,"Power Depot Group A, LLC",Clara,65537,CLA13,TX,Harris,29.845265,-95.553945,0.6,9.52,DFO,IC,2013,12,1.0,5256.0,50037.0,3416.4,6307.2,4204.8,-41.82,6.0,99.96,-151.36,-0.22,0.58,-0.8,stranded
2030,"Power Depot Group A, LLC",Clara,65537,CLA14,TX,Harris,29.845265,-95.553945,0.6,9.52,DFO,IC,2013,12,1.0,5256.0,50037.0,3416.4,6307.2,4204.8,-41.82,6.0,99.96,-151.36,-0.22,0.58,-0.8,stranded
2030,"Power Depot Group A, LLC",Clara,65537,CLA15,TX,Harris,29.845265,-95.553945,0.6,9.52,DFO,IC,2013,12,1.0,5256.0,50037.0,3416.4,6307.2,4204.8,-41.82,6.0,99.96,-151.36,-0.22,0.58,-0.8,stranded
2030,"Power Depot Group A, LLC",Clara,65537,CLA2,TX,Harris,29.845265,-95.553945,0.6,9.52,DFO,IC,2013,12,1.0,5256.0,50037.0,3416.4,6307.2,4204.8,-41.82,6.0,99.96,-151.36,-0.22,0.58,-0.8,stranded
2030,"Power Depot Group A, LLC",Clara,65537,CLA3,TX,Harris,29.845265,-95.553945,0.6,9.52,DFO,IC,2013,12,1.0,5256.0,50037.0,3416.4,6307.2,4204.8,-41.82,6.0,99.96,-151.36,-0.22,0.58,-0.8,stranded
2030,"Power Depot Group A, LLC",Clara,65537,CLA4,TX,Harris,29.845265,-95.553945,0.6,9.52,DFO,IC,2013,12,1.0,5256.0,50037.0,3416.4,6307.2,4204.8,-41.82,6.0,99.96,-151.36,-0.22,0.58,-0.8,stranded
2030,"Power Depot Group A, LLC",Clara,65537,CLA5,TX,Harris,29.845265,-95.553945,0.6,9.52,DFO,IC,2013,12,1.0,5256.0,50037.0,3416.4,6307.2,4204.8,-41.82,6.0,99.96,-151.36,-0.22,0.58,-0.8,stranded
2030,"Power Depot Group A, LLC",Clara,65537,CLA6,TX,Harris,29.845265,-95.553945,0.6,9.52,DFO,IC,2013,12,1.0,5256.0,50037.0,3416.4,6307.2,4204.8,-41.82,6.0,99.96,-151.36,-0.22,0.58,-0.8,stranded
2030,"Power Depot Group A, LLC",Clara,65537,CLA7,TX,Harris,29.845265,-95.553945,0.6,9.52,DFO,IC,2013,12,1.0,5256.0,50037.0,3416.4,6307.2,4204.8,-41.82,6.0,99.96,-151.36,-0.22,0.58,-0.8,stranded
2030,"Power Depot Group A, LLC",Clara,65537,CLA8,TX,Harris,29.845265,-95.553945,0.6,9.52,DFO,IC,2013,12,1.0,5256.0,50037.0,3416.4,6307.2,4204.8,-41.82,6.0,99.96,-151.36,-0.22,0.58,-0.8,stranded
2030,"Power Depot Group A, LLC",Clara,65537,CLA9,TX,Harris,29.845265,-95.553945,0.6,9.52,DFO,IC,2013,12,1.0,5256.0,50037.0,3416.4,6307.2,4204.8,-41.82,6.0,99.96,-151.36,-0.22,0.58,-0.8,stranded
2030,"Power Depot Group A, LLC",GCWA,65541,IPS1,TX,Galveston,29.380114,-94.953418,0.6,9.52,DFO,IC,2013,12,1.0,5256.0,50037.0,3416.4,6307.2,4204.8,-41.82,6.0,99.96,-151.36,-0.22,0.58,-0.8,stranded
2030,"Power Depot Group A, LLC",GCWA,65541,IPS2,TX,Galveston,29.380114,-94.953418,0.6,9.52,DFO,IC,2013,12,1.0,5256.0,50037.0,3416.4,6307.2,4204.8,-41.82,6.0,99.96,-151.36,-0.22,0.58,-0.8,stranded
2030,"Power Depot Group A, LLC",GCWA,65541,IPS3,TX,Galveston,29.380114,-94.953418,0.6,9.52,DFO,IC,2013,12,1.0,5256.0,50037.0,3416.4,6307.2,4204.8,-41.82,6.0,99.96,-151.36,-0.22,0.58,-0.8,stranded
2030,"Power Depot Group A, LLC",GCWA,65541,IPS4,TX,Galveston,29.380114,-94.953418,0.6,9.52,DFO,IC,2013,12,1.0,5256.0,50037.0,3416.4,6307.2,4204.8,-41.82,6.0,99.96,-151.36,-0.22,0.58,-0.8,stranded
2030,"Power Depot Group A, LLC",GCWA,65541,IPS5,TX,Galveston,29.380114,-94.953418,0.6,9.52,DFO,IC,2013,12,1.0,5256.0,50037.0,3416.4,6307.2,4204.8,-41.82,6.0,99.96,-151.36,-0.22,0.58,-0.8,stranded
2030,"Power Depot Group A, LLC",GCWA,65541,IPS6,TX,Galveston,29.380114,-94.953418,0.6,9.52,DFO,IC,2013,12,1.0,5256.0,50037.0,3416.4,6307.2,4204.8,-41.82,6.0,99.96,-151.36,-0.22,0.58,-0.8,stranded
2030,"Power Depot Group A, LLC",GCWA,65541,IPS7,TX,Galveston,29.380114,-94.953418,0.6,9.52,DFO,IC,2013,12,1.0,5256.0,50037.0,3416.4,6307.2,4204.8,-41.82,6.0,99.96,-151.36,-0.22,0.58,-0.8,stranded
2030,"Power Depot Group A, LLC",GCWA,65541,IPS8,TX,Galveston,29.380114,-94.953418,0.6,9.52,DFO,IC,2013,12,1.0,5256.0,50037.0,3416.4,6307.2,4204.8,-41.82,6.0,99.96,-151.36,-0.22,0.58,-0.8,stranded
2030,"Power Depot Group A, LLC",GCWA,65541,MUN1,TX,Galveston,29.380114,-94.953418,0.6,9.52,DFO,IC,2014,11,1.0,5256.0,50037.0,3416.4,6307.2,4204.8,-41.82,6.0,99.96,-151.36,-0.22,0.58,-0.8,stranded
2030,"Power Depot Group A, LLC",GCWA,65541,MUN2,TX,Galveston,29.380114,-94.953418,0.6,9.52,DFO,IC,2014,11,1.0,5256.0,50037.0,3416.4,6307.2,4204.8,-41.82,6.0,99.96,-151.36,-0.22,0.58,-0.8,stranded
2030,"Power Depot Group A, LLC",GCWA,65541,MUN3,TX,Galveston,29.380114,-94.953418,0.6,9.52,DFO,IC,2014,11,1.0,5256.0,50037.0,3416.4,6307.2,4204.8,-41.82,6.0,99.96,-151.36,-0.22,0.58,-0.8,stranded
2030,"Power Depot Group A, LLC",GCWA,65541,MUN4,TX,Galveston,29.380114,-94.953418,0.6,9.52,DFO,IC,2014,11,1.0,5256.0,50037.0,3416.4,6307.2,4204.8,-41.82,6.0,99.96,-151.36,-0.22,0.58,-0.8,stranded
2030,"Power Depot Group A, LLC",Stonegate,65576,STG1,TX,Fort Bend,29.785353,-95.875497,0.6,9.54,DFO,IC,2013,12,1.0,5256.0,50142.0,3416.4,6307.2,4204.8,-41.82,6.0,100.17,-151.57,-0.22,0.58,-0.8,stranded
2030,"Power Depot Group A, LLC",Stonegate,65576,STG10,TX,Fort Bend,29.785353,-95.875497,0.6,9.54,DFO,IC,2013,12,1.0,5256.0,50142.0,3416.4,6307.2,4204.8,-41.82,6.0,100.17,-151.57,-0.22,0.58,-0.8,stranded
2030,"Power Depot Group A, LLC",Stonegate,65576,STG11,TX,Fort Bend,29.785353,-95.875497,0.6,9.54,DFO,IC,2013,12,1.0,5256.0,50142.0,3416.4,6307.2,4204.8,-41.82,6.0,100.17,-151.57,-0.22,0.58,-0.8,stranded
2030,"Power Depot Group A, LLC",Stonegate,65576,STG12,TX,Fort Bend,29.785353,-95.875497,0.6,9.54,DFO,IC,2013,12,1.0,5256.0,50142.0,3416.4,6307.2,4204.8,-41.82,6.0,100.17,-151.57,-0.22,0.58,-0.8,stranded
2030,"Power Depot Group A, LLC",Stonegate,65576,STG13,TX,Fort Bend,29.785353,-95.875497,0.6,9.54,DFO,IC,2013,12,1.0,5256.0,50142.0,3416.4,6307.2,4204.8,-41.82,6.0,100.17,-151.57,-0.22,0.58,-0.8,stranded
2030,"Power Depot Group A, LLC",Stonegate,65576,STG14,TX,Fort Bend,29.785353,-95.875497,0.6,9.54,DFO,IC,2013,12,1.0,5256.0,50142.0,3416.4,6307.2,4204.8,-41.82,6.0,100.17,-151.57,-0.22,0.58,-0.8,stranded
2030,"Power Depot Group A, LLC",Stonegate,65576,STG15,TX,Fort Bend,29.785353,-95.875497,0.6,9.54,DFO,IC,2013,12,1.0,5256.0,50142.0,3416.4,6307.2,4204.8,-41.82,6.0,100.17,-151.57,-0.22,0.58,-0.8,stranded
2030,"Power Depot Group A, LLC",Stonegate,65576,STG2,TX,Fort Bend,29.785353,-95.875497,0.6,9.54,DFO,IC,2013,12,1.0,5256.0,50142.0,3416.4,6307.2,4204.8,-41.82,6.0,100.17,-151.57,-0.22,0.58,-0.8,stranded
2030,"Power Depot Group A, LLC",Stonegate,65576,STG3,TX,Fort Bend,29.785353,-95.875497,0.6,9.54,DFO,IC,2013,12,1.0,5256.0,50142.0,3416.4,6307.2,4204.8,-41.82,6.0,100.17,-151.57,-0.22,0.58,-0.8,stranded
2030,"Power Depot Group A, LLC",Stonegate,65576,STG4,TX,Fort Bend,29.785353,-95.875497,0.6,9.54,DFO,IC,2013,12,1.0,5256.0,50142.0,3416.4,6307.2,4204.8,-41.82,6.0,100.17,-151.57,-0.22,0.58,-0.8,stranded
2030,"Power Depot Group A, LLC",Stonegate,65576,STG5,TX,Fort Bend,29.785353,-95.875497,0.6,9.54,DFO,IC,2013,12,1.0,5256.0,50142.0,3416.4,6307.2,4204.8,-41.82,6.0,100.17,-151.57,-0.22,0.58,-0.8,stranded
2030,"Power Depot Group A, LLC",Stonegate,65576,STG6,TX,Fort Bend,29.785353,-95.875497,0.6,9.54,DFO,IC,2013,12,1.0,5256.0,50142.0,3416.4,6307.2,4204.8,-41.82,6.0,100.17,-151.57,-0.22,0.58,-0.8,stranded
2030,"Power Depot Group A, LLC",Stonegate,65576,STG7,TX,Fort Bend,29.785353,-95.875497,0.6,9.54,DFO,IC,2013,12,1.0,5256.0,50142.0,3416.4,6307.2,4204.8,-41.82,6.0,100.17,-151.57,-0.22,0.58,-0.8,stranded
2030,"Power Depot Group A, LLC",Stonegate,65576,STG8,TX,Fort Bend,29.785353,-95.875497,0.6,9.54,DFO,IC,2013,12,1.0,5256.0,50142.0,3416.4,6307.2,4204.8,-41.82,6.0,100.17,-151.57,-0.22,0.58,-0.8,stranded
2030,"Power Depot Group A, LLC",Stonegate,65576,STG9,TX,Fort Bend,29.785353,-95.875497,0.6,9.54,DFO,IC,2013,12,1.0,5256.0,50142.0,3416.4,6307.2,4204.8,-41.82,6.0,100.17,-151.57,-0.22,0.58,-0.8,stranded
2030,"Power Depot Group A, LLC",Mckeever,65543,MK1,TX,Fort Bend,29.508402,-95.479339,0.6,9.55,DFO,IC,2013,12,1.0,5256.0,50195.0,3416.4,6307.2,4204.8,-41.82,6.0,100.28,-151.68,-0.22,0.58,-0.8,stranded
2030,"Power Depot Group A, LLC",Mckeever,65543,MK10,TX,Fort Bend,29.508402,-95.479339,0.6,9.55,DFO,IC,2013,12,1.0,5256.0,50195.0,3416.4,6307.2,4204.8,-41.82,6.0,100.28,-151.68,-0.22,0.58,-0.8,stranded
2030,"Power Depot Group A, LLC",Mckeever,65543,MK11,TX,Fort Bend,29.508402,-95.479339,0.6,9.55,DFO,IC,2013,12,1.0,5256.0,50195.0,3416.4,6307.2,4204.8,-41.82,6.0,100.28,-151.68,-0.22,0.58,-0.8,stranded
2030,"Power Depot Group A, LLC",Mckeever,65543,MK12,TX,Fort Bend,29.508402,-95.479339,0.6,9.55,DFO,IC,2013,12,1.0,5256.0,50195.0,3416.4,6307.2,4204.8,-41.82,6.0,100.28,-151.68,-0.22,0.58,-0.8,stranded
2030,"Power Depot Group A, LLC",Mckeever,65543,MK13,TX,Fort Bend,29.508402,-95.479339,0.6,9.55,DFO,IC,2013,12,1.0,5256.0,50195.0,3416.4,6307.2,4204.8,-41.82,6.0,100.28,-151.68,-0.22,0.58,-0.8,stranded
2030,"Power Depot Group A, LLC",Mckeever,65543,MK14,TX,Fort Bend,29.508402,-95.479339,0.6,9.55,DFO,IC,2013,12,1.0,5256.0,50195.0,3416.4,6307.2,4204.8,-41.82,6.0,100.28,-151.68,-0.22,0.58,-0.8,stranded
2030,"Power Depot Group A, LLC",Mckeever,65543,MK15,TX,Fort Bend,29.508402,-95.479339,0.6,9.55,DFO,IC,2013,12,1.0,5256.0,50195.0,3416.4,6307.2,4204.8,-41.82,6.0,100.28,-151.68,-0.22,0.58,-0.8,stranded
2030,"Power Depot Group A, LLC",Mckeever,65543,MK2,TX,Fort Bend,29.508402,-95.479339,0.6,9.55,DFO,IC,2013,12,1.0,5256.0,50195.0,3416.4,6307.2,4204.8,-41.82,6.0,100.28,-151.68,-0.22,0.58,-0.8,stranded
2030,"Power Depot Group A, LLC",Mckeever,65543,MK3,TX,Fort Bend,29.508402,-95.479339,0.6,9.55,DFO,IC,2013,12,1.0,5256.0,50195.0,3416.4,6307.2,4204.8,-41.82,6.0,100.28,-151.68,-0.22,0.58,-0.8,stranded
2030,"Power Depot Group A, LLC",Mckeever,65543,MK4,TX,Fort Bend,29.508402,-95.479339,0.6,9.55,DFO,IC,2013,12,1.0,5256.0,50195.0,3416.4,6307.2,4204.8,-41.82,6.0,100.28,-151.68,-0.22,0.58,-0.8,stranded
2030,"Power Depot Group A, LLC",Mckeever,65543,MK5,TX,Fort Bend,29.508402,-95.479339,0.6,9.55,DFO,IC,2013,12,1.0,5256.0,50195.0,3416.4,6307.2,4204.8,-41.82,6.0,100.28,-151.68,-0.22,0.58,-0.8,stranded
2030,"Power Depot Group A, LLC",Mckeever,65543,MK6,TX,Fort Bend,29.508402,-95.479339,0.6,9.55,DFO,IC,2013,12,1.0,5256.0,50195.0,3416.4,6307.2,4204.8,-41.82,6.0,100.28,-151.68,-0.22,0.58,-0.8,stranded
2030,"Power Depot Group A, LLC",Mckeever,65543,MK7,TX,Fort Bend,29.508402,-95.479339,0.6,9.55,DFO,IC,2013,12,1.0,5256.0,50195.0,3416.4,6307.2,4204.8,-41.82,6.0,100.28,-151.68,-0.22,0.58,-0.8,stranded
2030,"Power Depot Group A, LLC",Mckeever,65543,MK8,TX,Fort Bend,29.508402,-95.479339,0.6,9.55,DFO,IC,2013,12,1.0,5256.0,50195.0,3416.4,6307.2,4204.8,-41.82,6.0,100.28,-151.68,-0.22,0.58,-0.8,stranded
2030,"Power Depot Group A, LLC",Mckeever,65543,MK9,TX,Fort Bend,29.508402,-95.479339,0.6,9.55,DFO,IC,2013,12,1.0,5256.0,50195.0,3416.4,6307.2,4204.8,-41.82,6.0,100.28,-151.68,-0.22,0.58,-0.8,stranded
2030,"Power Depot Group A, LLC",Ridge Rd,65573,RR1,TX,Hidalgo,26.16815,-98.09831,0.6,9.56,DFO,IC,2013,12,1.0,5256.0,50247.0,3416.4,6307.2,4204.8,-41.82,6.0,100.38,-151.78,-0.22,0.58,-0.8,stranded
2030,"Power Depot Group A, LLC",Ridge Rd,65573,RR10,TX,Hidalgo,26.16815,-98.09831,0.6,9.56,DFO,IC,2013,12,1.0,5256.0,50247.0,3416.4,6307.2,4204.8,-41.82,6.0,100.38,-151.78,-0.22,0.58,-0.8,stranded
2030,"Power Depot Group A, LLC",Ridge Rd,65573,RR11,TX,Hidalgo,26.16815,-98.09831,0.6,9.56,DFO,IC,2013,12,1.0,5256.0,50247.0,3416.4,6307.2,4204.8,-41.82,6.0,100.38,-151.78,-0.22,0.58,-0.8,stranded
2030,"Power Depot Group A, LLC",Ridge Rd,65573,RR12,TX,Hidalgo,26.16815,-98.09831,0.6,9.56,DFO,IC,2013,12,1.0,5256.0,50247.0,3416.4,6307.2,4204.8,-41.82,6.0,100.38,-151.78,-0.22,0.58,-0.8,stranded
2030,"Power Depot Group A, LLC",Ridge Rd,65573,RR13,TX,Hidalgo,26.16815,-98.09831,0.6,9.56,DFO,IC,2013,12,1.0,5256.0,50247.0,3416.4,6307.2,4204.8,-41.82,6.0,100.38,-151.78,-0.22,0.58,-0.8,stranded
2030,"Power Depot Group A, LLC",Ridge Rd,65573,RR14,TX,Hidalgo,26.16815,-98.09831,0.6,9.56,DFO,IC,2013,12,1.0,5256.0,50247.0,3416.4,6307.2,4204.8,-41.82,6.0,100.38,-151.78,-0.22,0.58,-0.8,stranded
2030,"Power Depot Group A, LLC",Ridge Rd,65573,RR15,TX,Hidalgo,26.16815,-98.09831,0.6,9.56,DFO,IC,2013,12,1.0,5256.0,50247.0,3416.4,6307.2,4204.8,-41.82,6.0,100.38,-151.78,-0.22,0.58,-0.8,stranded
2030,"Power Depot Group A, LLC",Ridge Rd,65573,RR2,TX,Hidalgo,26.16815,-98.09831,0.6,9.56,DFO,IC,2013,12,1.0,5256.0,50247.0,3416.4,6307.2,4204.8,-41.82,6.0,100.38,-151.78,-0.22,0.58,-0.8,stranded
2030,"Power Depot Group A, LLC",Ridge Rd,65573,RR3,TX,Hidalgo,26.16815,-98.09831,0.6,9.56,DFO,IC,2013,12,1.0,5256.0,50247.0,3416.4,6307.2,4204.8,-41.82,6.0,100.38,-151.78,-0.22,0.58,-0.8,stranded
2030,"Power Depot Group A, LLC",Ridge Rd,65573,RR4,TX,Hidalgo,26.16815,-98.09831,0.6,9.56,DFO,IC,2013,12,1.0,5256.0,50247.0,3416.4,6307.2,4204.8,-41.82,6.0,100.38,-151.78,-0.22,0.58,-0.8,stranded
2030,"Power Depot Group A, LLC",Ridge Rd,65573,RR5,TX,Hidalgo,26.16815,-98.09831,0.6,9.56,DFO,IC,2013,12,1.0,5256.0,50247.0,3416.4,6307.2,4204.8,-41.82,6.0,100.38,-151.78,-0.22,0.58,-0.8,stranded
2030,"Power Depot Group A, LLC",Ridge Rd,65573,RR6,TX,Hidalgo,26.16815,-98.09831,0.6,9.56,DFO,IC,2013,12,1.0,5256.0,50247.0,3416.4,6307.2,4204.8,-41.82,6.0,100.38,-151.78,-0.22,0.58,-0.8,stranded
2030,"Power Depot Group A, LLC",Ridge Rd,65573,RR7,TX,Hidalgo,26.16815,-98.09831,0.6,9.56,DFO,IC,2013,12,1.0,5256.0,50247.0,3416.4,6307.2,4204.8,-41.82,6.0,100.38,-151.78,-0.22,0.58,-0.8,stranded
2030,"Power Depot Group A, LLC",Ridge Rd,65573,RR8,TX,Hidalgo,26.16815,-98.09831,0.6,9.56,DFO,IC,2013,12,1.0,5256.0,50247.0,3416.4,6307.2,4204.8,-41.82,6.0,100.38,-151.78,-0.22,0.58,-0.8,stranded
2030,"Power Depot Group A, LLC",Ridge Rd,65573,RR9,TX,Hidalgo,26.16815,-98.09831,0.6,9.56,DFO,IC,2013,12,1.0,5256.0,50247.0,3416.4,6307.2,4204.8,-41.82,6.0,100.38,-151.78,-0.22,0.58,-0.8,stranded
2030,"Power Depot Group A, LLC",Citrus City,65536,CC1,TX,Hidalgo,26.320997,-98.351744,0.6,9.56,DFO,IC,2013,12,1.0,5256.0,50247.0,3416.4,6307.2,4204.8,-41.82,6.0,100.38,-151.78,-0.22,0.58,-0.8,stranded
2030,"Power Depot Group A, LLC",Citrus City,65536,CC10,TX,Hidalgo,26.320997,-98.351744,0.6,9.56,DFO,IC,2013,12,1.0,5256.0,50247.0,3416.4,6307.2,4204.8,-41.82,6.0,100.38,-151.78,-0.22,0.58,-0.8,stranded
2030,"Power Depot Group A, LLC",Citrus City,65536,CC11,TX,Hidalgo,26.320997,-98.351744,0.6,9.56,DFO,IC,2013,12,1.0,5256.0,50247.0,3416.4,6307.2,4204.8,-41.82,6.0,100.38,-151.78,-0.22,0.58,-0.8,stranded
2030,"Power Depot Group A, LLC",Citrus City,65536,CC12,TX,Hidalgo,26.320997,-98.351744,0.6,9.56,DFO,IC,2013,12,1.0,5256.0,50247.0,3416.4,6307.2,4204.8,-41.82,6.0,100.38,-151.78,-0.22,0.58,-0.8,stranded
2030,"Power Depot Group A, LLC",Citrus City,65536,CC13,TX,Hidalgo,26.320997,-98.351744,0.6,9.56,DFO,IC,2013,12,1.0,5256.0,50247.0,3416.4,6307.2,4204.8,-41.82,6.0,100.38,-151.78,-0.22,0.58,-0.8,stranded
2030,"Power Depot Group A, LLC",Citrus City,65536,CC14,TX,Hidalgo,26.320997,-98.351744,0.6,9.56,DFO,IC,2013,12,1.0,5256.0,50247.0,3416.4,6307.2,4204.8,-41.82,6.0,100.38,-151.78,-0.22,0.58,-0.8,stranded
2030,"Power Depot Group A, LLC",Citrus City,65536,CC15,TX,Hidalgo,26.320997,-98.351744,0.6,9.56,DFO,IC,2013,12,1.0,5256.0,50247.0,3416.4,6307.2,4204.8,-41.82,6.0,100.38,-151.78,-0.22,0.58,-0.8,stranded
2030,"Power Depot Group A, LLC",Citrus City,65536,CC2,TX,Hidalgo,26.320997,-98.351744,0.6,9.56,DFO,IC,2013,12,1.0,5256.0,50247.0,3416.4,6307.2,4204.8,-41.82,6.0,100.38,-151.78,-0.22,0.58,-0.8,stranded
2030,"Power Depot Group A, LLC",Citrus City,65536,CC3,TX,Hidalgo,26.320997,-98.351744,0.6,9.56,DFO,IC,2013,12,1.0,5256.0,50247.0,3416.4,6307.2,4204.8,-41.82,6.0,100.38,-151.78,-0.22,0.58,-0.8,stranded
2030,"Power Depot Group A, LLC",Citrus City,65536,CC4,TX,Hidalgo,26.320997,-98.351744,0.6,9.56,DFO,IC,2013,12,1.0,5256.0,50247.0,3416.4,6307.2,4204.8,-41.82,6.0,100.38,-151.78,-0.22,0.58,-0.8,stranded
2030,"Power Depot Group A, LLC",Citrus City,65536,CC5,TX,Hidalgo,26.320997,-98.351744,0.6,9.56,DFO,IC,2013,12,1.0,5256.0,50247.0,3416.4,6307.2,4204.8,-41.82,6.0,100.38,-151.78,-0.22,0.58,-0.8,stranded
2030,"Power Depot Group A, LLC",Citrus City,65536,CC6,TX,Hidalgo,26.320997,-98.351744,0.6,9.56,DFO,IC,2013,12,1.0,5256.0,50247.0,3416.4,6307.2,4204.8,-41.82,6.0,100.38,-151.78,-0.22,0.58,-0.8,stranded
2030,"Power Depot Group A, LLC",Citrus City,65536,CC7,TX,Hidalgo,26.320997,-98.351744,0.6,9.56,DFO,IC,2013,12,1.0,5256.0,50247.0,3416.4,6307.2,4204.8,-41.82,6.0,100.38,-151.78,-0.22,0.58,-0.8,stranded
2030,"Power Depot Group A, LLC",Citrus City,65536,CC8,TX,Hidalgo,26.320997,-98.351744,0.6,9.56,DFO,IC,2013,12,1.0,5256.0,50247.0,3416.4,6307.2,4204.8,-41.82,6.0,100.38,-151.78,-0.22,0.58,-0.8,stranded
2030,"Power Depot Group A, LLC",Citrus City,65536,CC9,TX,Hidalgo,26.320997,-98.351744,0.6,9.56,DFO,IC,2013,12,1.0,5256.0,50247.0,3416.4,6307.2,4204.8,-41.82,6.0,100.38,-151.78,-0.22,0.58,-0.8,stranded
2030,"Walmart Stores Texas, LLC",WAL202,64770,GEN1,TX,Collin,33.100353,-96.800708,1.3,9.56,DFO,IC,2020,5,1.0,11388.0,108869.0,7402.2,13665.6,9110.4,-41.82,6.0,100.38,-151.78,-0.48,1.25,-1.73,stranded
2030,"Power Depot Group A, LLC",Vaquero,65579,VQ1,TX,Cameron,26.168074,-97.654049,0.6,9.57,DFO,IC,2013,12,1.0,5256.0,50300.0,3416.4,6307.2,4204.8,-41.82,6.0,100.48,-151.89,-0.22,0.58,-0.8,stranded
2030,"Power Depot Group A, LLC",Vaquero,65579,VQ10,TX,Cameron,26.168074,-97.654049,0.6,9.57,DFO,IC,2013,12,1.0,5256.0,50300.0,3416.4,6307.2,4204.8,-41.82,6.0,100.48,-151.89,-0.22,0.58,-0.8,stranded
2030,"Power Depot Group A, LLC",Vaquero,65579,VQ11,TX,Cameron,26.168074,-97.654049,0.6,9.57,DFO,IC,2013,12,1.0,5256.0,50300.0,3416.4,6307.2,4204.8,-41.82,6.0,100.48,-151.89,-0.22,0.58,-0.8,stranded
2030,"Power Depot Group A, LLC",Vaquero,65579,VQ12,TX,Cameron,26.168074,-97.654049,0.6,9.57,DFO,IC,2013,12,1.0,5256.0,50300.0,3416.4,6307.2,4204.8,-41.82,6.0,100.48,-151.89,-0.22,0.58,-0.8,stranded
2030,"Power Depot Group A, LLC",Vaquero,65579,VQ13,TX,Cameron,26.168074,-97.654049,0.6,9.57,DFO,IC,2013,12,1.0,5256.0,50300.0,3416.4,6307.2,4204.8,-41.82,6.0,100.48,-151.89,-0.22,0.58,-0.8,stranded
2030,"Power Depot Group A, LLC",Vaquero,65579,VQ14,TX,Cameron,26.168074,-97.654049,0.6,9.57,DFO,IC,2013,12,1.0,5256.0,50300.0,3416.4,6307.2,4204.8,-41.82,6.0,100.48,-151.89,-0.22,0.58,-0.8,stranded
2030,"Power Depot Group A, LLC",Vaquero,65579,VQ15,TX,Cameron,26.168074,-97.654049,0.6,9.57,DFO,IC,2013,12,1.0,5256.0,50300.0,3416.4,6307.2,4204.8,-41.82,6.0,100.48,-151.89,-0.22,0.58,-0.8,stranded
2030,"Power Depot Group A, LLC",Vaquero,65579,VQ2,TX,Cameron,26.168074,-97.654049,0.6,9.57,DFO,IC,2013,12,1.0,5256.0,50300.0,3416.4,6307.2,4204.8,-41.82,6.0,100.48,-151.89,-0.22,0.58,-0.8,stranded
2030,"Power Depot Group A, LLC",Vaquero,65579,VQ3,TX,Cameron,26.168074,-97.654049,0.6,9.57,DFO,IC,2013,12,1.0,5256.0,50300.0,3416.4,6307.2,4204.8,-41.82,6.0,100.48,-151.89,-0.22,0.58,-0.8,stranded
2030,"Power Depot Group A, LLC",Vaquero,65579,VQ4,TX,Cameron,26.168074,-97.654049,0.6,9.57,DFO,IC,2013,12,1.0,5256.0,50300.0,3416.4,6307.2,4204.8,-41.82,6.0,100.48,-151.89,-0.22,0.58,-0.8,stranded
2030,"Power Depot Group A, LLC",Vaquero,65579,VQ5,TX,Cameron,26.168074,-97.654049,0.6,9.57,DFO,IC,2013,12,1.0,5256.0,50300.0,3416.4,6307.2,4204.8,-41.82,6.0,100.48,-151.89,-0.22,0.58,-0.8,stranded
2030,"Power Depot Group A, LLC",Vaquero,65579,VQ6,TX,Cameron,26.168074,-97.654049,0.6,9.57,DFO,IC,2013,12,1.0,5256.0,50300.0,3416.4,6307.2,4204.8,-41.82,6.0,100.48,-151.89,-0.22,0.58,-0.8,stranded
2030,"Power Depot Group A, LLC",Vaquero,65579,VQ7,TX,Cameron,26.168074,-97.654049,0.6,9.57,DFO,IC,2013,12,1.0,5256.0,50300.0,3416.4,6307.2,4204.8,-41.82,6.0,100.48,-151.89,-0.22,0.58,-0.8,stranded
2030,"Power Depot Group A, LLC",Vaquero,65579,VQ8,TX,Cameron,26.168074,-97.654049,0.6,9.57,DFO,IC,2013,12,1.0,5256.0,50300.0,3416.4,6307.2,4204.8,-41.82,6.0,100.48,-151.89,-0.22,0.58,-0.8,stranded
2030,"Power Depot Group A, LLC",Vaquero,65579,VQ9,TX,Cameron,26.168074,-97.654049,0.6,9.57,DFO,IC,2013,12,1.0,5256.0,50300.0,3416.4,6307.2,4204.8,-41.82,6.0,100.48,-151.89,-0.22,0.58,-0.8,stranded
2030,Luminant Generation Company LLC,Morgan Creek,3492,CT1,TX,Mitchell,32.3358,-100.9156,89.4,9.79,DFO,GT,1988,37,1.0,783144.0,7666980.0,509043.6,939772.8,626515.2,3948.11,6.0,102.79,3835.74,3091.94,88.0,3003.94,operating
2030,Luminant Generation Company LLC,Morgan Creek,3492,CT2,TX,Mitchell,32.3358,-100.9156,89.4,9.79,DFO,GT,1988,37,1.0,783144.0,7666980.0,509043.6,939772.8,626515.2,3948.11,6.0,102.79,3835.74,3091.94,88.0,3003.94,operating
2030,Luminant Generation Company LLC,Morgan Creek,3492,CT3,TX,Mitchell,32.3358,-100.9156,89.4,9.79,DFO,GT,1988,37,1.0,783144.0,7666980.0,509043.6,939772.8,626515.2,3948.11,6.0,102.79,3835.74,3091.94,88.0,3003.94,operating
2030,Luminant Generation Company LLC,Morgan Creek,3492,CT4,TX,Mitchell,32.3358,-100.9156,89.4,9.79,DFO,GT,1988,37,1.0,783144.0,7666980.0,509043.6,939772.8,626515.2,3948.11,6.0,102.79,3835.74,3091.94,88.0,3003.94,operating
2030,Luminant Generation Company LLC,Morgan Creek,3492,CT5,TX,Mitchell,32.3358,-100.9156,89.4,9.79,DFO,GT,1988,37,1.0,783144.0,7666980.0,509043.6,939772.8,626515.2,3948.11,6.0,102.79,3835.74,3091.94,88.0,3003.94,operating
2030,Luminant Generation Company LLC,Morgan Creek,3492,CT6,TX,Mitchell,32.3358,-100.9156,89.4,9.79,DFO,GT,1988,37,1.0,783144.0,7666980.0,509043.6,939772.8,626515.2,3948.11,6.0,102.79,3835.74,3091.94,88.0,3003.94,operating
2030,ClearGen LLC,"CG PS Victoria WWTP, LLC",66992,VWWTP,TX,Victoria,28.79346,-97.01223,1.3,9.94,DFO,IC,2020,5,1.0,11388.0,113197.0,7402.2,13665.6,9110.4,3611.3,6.0,104.37,3497.36,41.13,1.3,39.83,operating
2030,Pasadena Refining System Inc,PRSI FCC Generator,58069,55M1,TX,Harris,29.723333,-95.210278,4.7,10.5,PC,ST,1979,46,1.0,41172.0,432306.0,26761.8,49406.4,32937.6,-41.82,6.0,110.25,-161.65,-1.72,4.93,-6.66,stranded
2030,Vitro Architectural Glass,Works 4,54364,L1G,TX,Wichita,34.003489,-98.553539,2.0,10.58,DFO,IC,1975,50,1.0,17520.0,185362.0,11388.0,21024.0,14016.0,-41.82,6.0,111.09,-162.49,-0.73,2.11,-2.85,stranded
2030,Vitro Architectural Glass,Works 4,54364,L1PG,TX,Wichita,34.003489,-98.553539,0.9,10.58,DFO,IC,1980,45,1.0,7884.0,83413.0,5124.6,9460.8,6307.2,-41.82,6.0,111.09,-162.49,-0.33,0.95,-1.28,stranded
2030,Vitro Architectural Glass,Works 4,54364,L2G,TX,Wichita,34.003489,-98.553539,2.0,10.58,DFO,IC,1974,51,1.0,17520.0,185362.0,11388.0,21024.0,14016.0,-41.82,6.0,111.09,-162.49,-0.73,2.11,-2.85,stranded
2030,Luminant Generation Company LLC,Trinidad (TX),3507,D1,TX,Henderson,32.124519,-96.101277,2.0,11.26,DFO,IC,1966,59,1.0,17520.0,197275.0,11388.0,21024.0,14016.0,-41.82,6.0,118.23,-169.63,-0.73,2.24,-2.97,stranded
2030,Luminant Generation Company LLC,Trinidad (TX),3507,D2,TX,Henderson,32.124519,-96.101277,2.0,11.26,DFO,IC,1966,59,1.0,17520.0,197275.0,11388.0,21024.0,14016.0,-41.82,6.0,118.23,-169.63,-0.73,2.24,-2.97,stranded
2030,Seadrift Coke L P,Seadrift Coke LP,10167,GEN1,TX,Calhoun,28.513929,-96.794154,7.6,11.37,PC,ST,1983,42,1.0,66576.0,756969.0,43274.4,79891.2,53260.8,3611.3,6.0,119.38,3482.34,240.43,8.59,231.84,operating
2030,Brownsville Public Utilities Board,Silas Ray,3559,DG-3a,TX,Cameron,25.9131,-97.5214,1.3,11.79,DFO,IC,2001,24,1.0,11388.0,134265.0,7402.2,13665.6,9110.4,-41.82,6.0,123.79,-175.2,-0.48,1.52,-2.0,stranded
2030,Brownsville Public Utilities Board,Silas Ray,3559,DG-3b,TX,Cameron,25.9131,-97.5214,1.3,11.79,DFO,IC,2001,24,1.0,11388.0,134265.0,7402.2,13665.6,9110.4,-41.82,6.0,123.79,-175.2,-0.48,1.52,-2.0,stranded
2030,Brownsville Public Utilities Board,Silas Ray,3559,DG-4,TX,Cameron,25.9131,-97.5214,1.3,11.79,DFO,IC,2001,24,1.0,11388.0,134265.0,7402.2,13665.6,9110.4,-41.82,6.0,123.79,-175.2,-0.48,1.52,-2.0,stranded
2030,Brownsville Public Utilities Board,Silas Ray,3559,DG-6a,TX,Cameron,25.9131,-97.5214,1.3,11.79,DFO,IC,2001,24,1.0,11388.0,134265.0,7402.2,13665.6,9110.4,-41.82,6.0,123.79,-175.2,-0.48,1.52,-2.0,stranded
2030,Brownsville Public Utilities Board,Silas Ray,3559,DG-6b,TX,Cameron,25.9131,-97.5214,1.3,11.79,DFO,IC,2001,24,1.0,11388.0,134265.0,7402.2,13665.6,9110.4,-41.82,6.0,123.79,-175.2,-0.48,1.52,-2.0,stranded
2030,Austin Energy,Robert Mueller Energy Center,56374,DG1,TX,Travis,30.304994,-97.707675,1.5,12.09,DFO,IC,2006,19,1.0,13140.0,158863.0,8541.0,15768.0,10512.0,3611.3,6.0,126.94,3474.78,47.45,1.79,45.66,operating
2030,Luminant Generation Company LLC,Stryker Creek,3504,D1,TX,Cherokee,31.93985,-94.989834,2.0,12.15,DFO,IC,1966,59,1.0,17520.0,212868.0,11388.0,21024.0,14016.0,-41.82,6.0,127.58,-178.98,-0.73,2.4,-3.14,stranded
2030,Luminant Generation Company LLC,Stryker Creek,3504,D2,TX,Cherokee,31.93985,-94.989834,2.0,12.15,DFO,IC,1966,59,1.0,17520.0,212868.0,11388.0,21024.0,14016.0,-41.82,6.0,127.58,-178.98,-0.73,2.4,-3.14,stranded
2030,Luminant Generation Company LLC,Stryker Creek,3504,D3,TX,Cherokee,31.93985,-94.989834,2.0,12.15,DFO,IC,1966,59,1.0,17520.0,212868.0,11388.0,21024.0,14016.0,-41.82,6.0,127.58,-178.98,-0.73,2.4,-3.14,stranded
2030,Luminant Generation Company LLC,Stryker Creek,3504,D4,TX,Cherokee,31.93985,-94.989834,2.0,12.15,DFO,IC,1966,59,1.0,17520.0,212868.0,11388.0,21024.0,14016.0,-41.82,6.0,127.58,-178.98,-0.73,2.4,-3.14,stranded
2030,Luminant Generation Company LLC,Stryker Creek,3504,D5,TX,Cherokee,31.93985,-94.989834,2.0,12.15,DFO,IC,1966,59,1.0,17520.0,212868.0,11388.0,21024.0,14016.0,-41.82,6.0,127.58,-178.98,-0.73,2.4,-3.14,stranded
2030,Valero Refining Co,Valero Refinery Corpus Christi West,50121,TG1,TX,Nueces,27.8175,-97.4814,28.6,14.41,PC,ST,1983,42,1.0,250536.0,3610224.0,162848.4,300643.2,200428.8,3611.3,6.0,151.31,3450.42,904.76,40.31,864.46,operating
2030,Valero Refining Co,Valero Refinery Corpus Christi West,50121,TG2,TX,Nueces,27.8175,-97.4814,28.6,14.41,PC,ST,1983,42,1.0,250536.0,3610224.0,162848.4,300643.2,200428.8,3611.3,6.0,151.31,3450.42,904.76,40.31,864.46,operating
2030,"Power Depot Group A, LLC",Cutten,65538,CUT1,TX,Harris,29.956811,-95.527643,0.6,15.23,DFO,IC,2013,12,1.0,5256.0,80049.0,3416.4,6307.2,4204.8,-41.82,6.0,159.91,-211.32,-0.22,0.89,-1.11,stranded
2030,"Power Depot Group A, LLC",Cutten,65538,CUT10,TX,Harris,29.956811,-95.527643,0.6,15.23,DFO,IC,2013,12,1.0,5256.0,80049.0,3416.4,6307.2,4204.8,-41.82,6.0,159.91,-211.32,-0.22,0.89,-1.11,stranded
2030,"Power Depot Group A, LLC",Cutten,65538,CUT11,TX,Harris,29.956811,-95.527643,0.6,15.23,DFO,IC,2013,12,1.0,5256.0,80049.0,3416.4,6307.2,4204.8,-41.82,6.0,159.91,-211.32,-0.22,0.89,-1.11,stranded
2030,"Power Depot Group A, LLC",Cutten,65538,CUT12,TX,Harris,29.956811,-95.527643,0.6,15.23,DFO,IC,2013,12,1.0,5256.0,80049.0,3416.4,6307.2,4204.8,-41.82,6.0,159.91,-211.32,-0.22,0.89,-1.11,stranded
2030,"Power Depot Group A, LLC",Cutten,65538,CUT13,TX,Harris,29.956811,-95.527643,0.6,15.23,DFO,IC,2013,12,1.0,5256.0,80049.0,3416.4,6307.2,4204.8,-41.82,6.0,159.91,-211.32,-0.22,0.89,-1.11,stranded
2030,"Power Depot Group A, LLC",Cutten,65538,CUT14,TX,Harris,29.956811,-95.527643,0.6,15.23,DFO,IC,2013,12,1.0,5256.0,80049.0,3416.4,6307.2,4204.8,-41.82,6.0,159.91,-211.32,-0.22,0.89,-1.11,stranded
2030,"Power Depot Group A, LLC",Cutten,65538,CUT15,TX,Harris,29.956811,-95.527643,0.6,15.23,DFO,IC,2013,12,1.0,5256.0,80049.0,3416.4,6307.2,4204.8,-41.82,6.0,159.91,-211.32,-0.22,0.89,-1.11,stranded
2030,"Power Depot Group A, LLC",Cutten,65538,CUT2,TX,Harris,29.956811,-95.527643,0.6,15.23,DFO,IC,2013,12,1.0,5256.0,80049.0,3416.4,6307.2,4204.8,-41.82,6.0,159.91,-211.32,-0.22,0.89,-1.11,stranded
2030,"Power Depot Group A, LLC",Cutten,65538,CUT3,TX,Harris,29.956811,-95.527643,0.6,15.23,DFO,IC,2013,12,1.0,5256.0,80049.0,3416.4,6307.2,4204.8,-41.82,6.0,159.91,-211.32,-0.22,0.89,-1.11,stranded
2030,"Power Depot Group A, LLC",Cutten,65538,CUT4,TX,Harris,29.956811,-95.527643,0.6,15.23,DFO,IC,2013,12,1.0,5256.0,80049.0,3416.4,6307.2,4204.8,-41.82,6.0,159.91,-211.32,-0.22,0.89,-1.11,stranded
2030,"Power Depot Group A, LLC",Cutten,65538,CUT5,TX,Harris,29.956811,-95.527643,0.6,15.23,DFO,IC,2013,12,1.0,5256.0,80049.0,3416.4,6307.2,4204.8,-41.82,6.0,159.91,-211.32,-0.22,0.89,-1.11,stranded
2030,"Power Depot Group A, LLC",Cutten,65538,CUT6,TX,Harris,29.956811,-95.527643,0.6,15.23,DFO,IC,2013,12,1.0,5256.0,80049.0,3416.4,6307.2,4204.8,-41.82,6.0,159.91,-211.32,-0.22,0.89,-1.11,stranded
2030,"Power Depot Group A, LLC",Cutten,65538,CUT7,TX,Harris,29.956811,-95.527643,0.6,15.23,DFO,IC,2013,12,1.0,5256.0,80049.0,3416.4,6307.2,4204.8,-41.82,6.0,159.91,-211.32,-0.22,0.89,-1.11,stranded
2030,"Power Depot Group A, LLC",Cutten,65538,CUT8,TX,Harris,29.956811,-95.527643,0.6,15.23,DFO,IC,2013,12,1.0,5256.0,80049.0,3416.4,6307.2,4204.8,-41.82,6.0,159.91,-211.32,-0.22,0.89,-1.11,stranded
2030,"Power Depot Group A, LLC",Cutten,65538,CUT9,TX,Harris,29.956811,-95.527643,0.6,15.23,DFO,IC,2013,12,1.0,5256.0,80049.0,3416.4,6307.2,4204.8,-41.82,6.0,159.91,-211.32,-0.22,0.89,-1.11,stranded
2030,"Power Depot Group A, LLC",Villa Cavasos,65580,VC1,TX,Cameron,26.02131,-97.596284,0.6,17.2,DFO,IC,2013,12,1.0,5256.0,90403.0,3416.4,6307.2,4204.8,-41.82,6.0,180.6,-232.0,-0.22,1.0,-1.22,stranded
2030,"Power Depot Group A, LLC",Villa Cavasos,65580,VC10,TX,Cameron,26.02131,-97.596284,0.6,17.2,DFO,IC,2013,12,1.0,5256.0,90403.0,3416.4,6307.2,4204.8,-41.82,6.0,180.6,-232.0,-0.22,1.0,-1.22,stranded
2030,"Power Depot Group A, LLC",Villa Cavasos,65580,VC11,TX,Cameron,26.02131,-97.596284,0.6,17.2,DFO,IC,2013,12,1.0,5256.0,90403.0,3416.4,6307.2,4204.8,-41.82,6.0,180.6,-232.0,-0.22,1.0,-1.22,stranded
2030,"Power Depot Group A, LLC",Villa Cavasos,65580,VC12,TX,Cameron,26.02131,-97.596284,0.6,17.2,DFO,IC,2013,12,1.0,5256.0,90403.0,3416.4,6307.2,4204.8,-41.82,6.0,180.6,-232.0,-0.22,1.0,-1.22,stranded
2030,"Power Depot Group A, LLC",Villa Cavasos,65580,VC13,TX,Cameron,26.02131,-97.596284,0.6,17.2,DFO,IC,2013,12,1.0,5256.0,90403.0,3416.4,6307.2,4204.8,-41.82,6.0,180.6,-232.0,-0.22,1.0,-1.22,stranded
2030,"Power Depot Group A, LLC",Villa Cavasos,65580,VC14,TX,Cameron,26.02131,-97.596284,0.6,17.2,DFO,IC,2013,12,1.0,5256.0,90403.0,3416.4,6307.2,4204.8,-41.82,6.0,180.6,-232.0,-0.22,1.0,-1.22,stranded
2030,"Power Depot Group A, LLC",Villa Cavasos,65580,VC15,TX,Cameron,26.02131,-97.596284,0.6,17.2,DFO,IC,2013,12,1.0,5256.0,90403.0,3416.4,6307.2,4204.8,-41.82,6.0,180.6,-232.0,-0.22,1.0,-1.22,stranded
2030,"Power Depot Group A, LLC",Villa Cavasos,65580,VC2,TX,Cameron,26.02131,-97.596284,0.6,17.2,DFO,IC,2013,12,1.0,5256.0,90403.0,3416.4,6307.2,4204.8,-41.82,6.0,180.6,-232.0,-0.22,1.0,-1.22,stranded
2030,"Power Depot Group A, LLC",Villa Cavasos,65580,VC3,TX,Cameron,26.02131,-97.596284,0.6,17.2,DFO,IC,2013,12,1.0,5256.0,90403.0,3416.4,6307.2,4204.8,-41.82,6.0,180.6,-232.0,-0.22,1.0,-1.22,stranded
2030,"Power Depot Group A, LLC",Villa Cavasos,65580,VC4,TX,Cameron,26.02131,-97.596284,0.6,17.2,DFO,IC,2013,12,1.0,5256.0,90403.0,3416.4,6307.2,4204.8,-41.82,6.0,180.6,-232.0,-0.22,1.0,-1.22,stranded
2030,"Power Depot Group A, LLC",Villa Cavasos,65580,VC5,TX,Cameron,26.02131,-97.596284,0.6,17.2,DFO,IC,2013,12,1.0,5256.0,90403.0,3416.4,6307.2,4204.8,-41.82,6.0,180.6,-232.0,-0.22,1.0,-1.22,stranded
2030,"Power Depot Group A, LLC",Villa Cavasos,65580,VC6,TX,Cameron,26.02131,-97.596284,0.6,17.2,DFO,IC,2013,12,1.0,5256.0,90403.0,3416.4,6307.2,4204.8,-41.82,6.0,180.6,-232.0,-0.22,1.0,-1.22,stranded
2030,"Power Depot Group A, LLC",Villa Cavasos,65580,VC7,TX,Cameron,26.02131,-97.596284,0.6,17.2,DFO,IC,2013,12,1.0,5256.0,90403.0,3416.4,6307.2,4204.8,-41.82,6.0,180.6,-232.0,-0.22,1.0,-1.22,stranded
2030,"Power Depot Group A, LLC",Villa Cavasos,65580,VC8,TX,Cameron,26.02131,-97.596284,0.6,17.2,DFO,IC,2013,12,1.0,5256.0,90403.0,3416.4,6307.2,4204.8,-41.82,6.0,180.6,-232.0,-0.22,1.0,-1.22,stranded
2030,"Power Depot Group A, LLC",Villa Cavasos,65580,VC9,TX,Cameron,26.02131,-97.596284,0.6,17.2,DFO,IC,2013,12,1.0,5256.0,90403.0,3416.4,6307.2,4204.8,-41.82,6.0,180.6,-232.0,-0.22,1.0,-1.22,stranded
2030,City of Greenville - (TX),Powerlane Plant,4195,ST2,TX,Hunt,33.1707,-96.1264,25.0,21.07,DFO,ST,1967,58,1.0,219000.0,4614330.0,142350.0,262800.0,175200.0,-41.82,6.0,221.24,-272.64,-9.16,50.55,-59.71,stranded
2030,City of Greenville - (TX),Powerlane Plant,4195,ST3,TX,Hunt,33.1707,-96.1264,43.2,21.07,DFO,ST,1978,47,1.0,378432.0,7973562.0,245980.8,454118.4,302745.6,-41.82,6.0,221.24,-272.64,-15.83,87.35,-103.17,stranded
2035,"TPC Group, LLC",Texas Petrochemicals,50229,TG2,TX,Harris,29.6981,-95.2547,35.0,4.08,NG,ST,1972,53,0.0,0.0,0.0,0.0,0.0,0.0,0.0,3.5,14.28,-19.82,0.0,0.0,-0.0,stranded
2035,University of Texas at Austin,Hal C Weaver Power Plant,50118,GEN10,TX,Travis,30.2867,-97.7356,34.4,4.19,NG,CT,2010,15,0.0,0.0,0.0,0.0,0.0,0.0,0.0,3.5,14.67,-20.2,0.0,0.0,-0.0,stranded
2035,University of Texas at Austin,Hal C Weaver Power Plant,50118,GEN4,TX,Travis,30.2867,-97.7356,7.6,4.19,NG,CA,1951,74,0.0,0.0,0.0,0.0,0.0,0.0,0.0,3.5,14.67,-20.2,0.0,0.0,-0.0,stranded
2035,University of Texas at Austin,Hal C Weaver Power Plant,50118,GEN5,TX,Travis,30.2867,-97.7356,6.0,4.19,NG,CA,1959,66,0.0,0.0,0.0,0.0,0.0,0.0,0.0,3.5,14.67,-20.2,0.0,0.0,-0.0,stranded
2035,University of Texas at Austin,Hal C Weaver Power Plant,50118,GEN7,TX,Travis,30.2867,-97.7356,28.8,4.19,NG,CA,1979,46,0.0,0.0,0.0,0.0,0.0,0.0,0.0,3.5,14.67,-20.2,0.0,0.0,-0.0,stranded
2035,University of Texas at Austin,Hal C Weaver Power Plant,50118,GEN8,TX,Travis,30.2867,-97.7356,48.5,4.19,NG,CT,1987,38,0.0,0.0,0.0,0.0,0.0,0.0,0.0,3.5,14.67,-20.2,0.0,0.0,-0.0,stranded
2035,University of Texas at Austin,Hal C Weaver Power Plant,50118,GEN9,TX,Travis,30.2867,-97.7356,27.2,4.19,NG,CA,2004,21,0.0,0.0,0.0,0.0,0.0,0.0,0.0,3.5,14.67,-20.2,0.0,0.0,-0.0,stranded
2035,Ascend Performance Materials,Ascend Performance Materials Texas Inc.,10418,GEN1,TX,Brazoria,29.2558,-95.2103,6.0,4.24,NG,ST,1993,32,0.0,0.0,0.0,0.0,0.0,0.0,0.0,3.5,14.84,-20.38,0.0,0.0,-0.0,stranded
2035,Ascend Performance Materials,Ascend Performance Materials Texas Inc.,10418,GEN4,TX,Brazoria,29.2558,-95.2103,46.1,4.24,NG,ST,2000,25,0.0,0.0,0.0,0.0,0.0,0.0,0.0,3.5,14.84,-20.38,0.0,0.0,-0.0,stranded
2035,Air Liquide Large Industries U S LP,Bayou Cogen Plant,10298,GT1,TX,Harris,29.6225,-95.0458,79.6,3.93,NG,GT,2014,11,0.0,0.0,0.0,0.0,0.0,0.0,0.0,5.0,13.76,-21.78,0.0,0.0,-0.0,stranded
2035,Air Liquide Large Industries U S LP,Bayou Cogen Plant,10298,GT2,TX,Harris,29.6225,-95.0458,79.6,3.93,NG,GT,2016,9,0.0,0.0,0.0,0.0,0.0,0.0,0.0,5.0,13.76,-21.78,0.0,0.0,-0.0,stranded
2035,Air Liquide Large Industries U S LP,Bayou Cogen Plant,10298,GT3,TX,Harris,29.6225,-95.0458,79.6,3.93,NG,GT,2015,10,0.0,0.0,0.0,0.0,0.0,0.0,0.0,5.0,13.76,-21.78,0.0,0.0,-0.0,stranded
2035,Air Liquide Large Industries U S LP,Bayou Cogen Plant,10298,GT4,TX,Harris,29.6225,-95.0458,79.6,3.93,NG,GT,2015,10,0.0,0.0,0.0,0.0,0.0,0.0,0.0,5.0,13.76,-21.78,0.0,0.0,-0.0,stranded
2035,Formosa Plastics Corp,Formosa Utility Venture Ltd,10554,3ST1,TX,Calhoun,28.6917,-96.5417,40.0,4.95,NG,CA,2023,2,0.0,0.0,0.0,0.0,0.0,0.0,0.0,3.5,17.32,-22.86,0.0,0.0,-0.0,stranded
2035,Formosa Plastics Corp,Formosa Utility Venture Ltd,10554,3TBG1,TX,Calhoun,28.6917,-96.5417,102.0,4.95,NG,CT,2023,2,0.0,0.0,0.0,0.0,0.0,0.0,0.0,3.5,17.32,-22.86,0.0,0.0,-0.0,stranded
2035,Formosa Plastics Corp,Formosa Utility Venture Ltd,10554,3TBG2,TX,Calhoun,28.6917,-96.5417,102.0,4.95,NG,CT,2023,2,0.0,0.0,0.0,0.0,0.0,0.0,0.0,3.5,17.32,-22.86,0.0,0.0,-0.0,stranded
2035,Formosa Plastics Corp,Formosa Utility Venture Ltd,10554,BO3,TX,Calhoun,28.6917,-96.5417,36.2,4.95,NG,CT,1987,38,0.0,0.0,0.0,0.0,0.0,0.0,0.0,3.5,17.32,-22.86,0.0,0.0,-0.0,stranded
2035,Formosa Plastics Corp,Formosa Utility Venture Ltd,10554,ST1,TX,Calhoun,28.6917,-96.5417,33.5,4.95,NG,CA,1994,31,0.0,0.0,0.0,0.0,0.0,0.0,0.0,3.5,17.32,-22.86,0.0,0.0,-0.0,stranded
2035,Formosa Plastics Corp,Formosa Utility Venture Ltd,10554,ST2,TX,Calhoun,28.6917,-96.5417,66.3,4.95,NG,CA,1994,31,0.0,0.0,0.0,0.0,0.0,0.0,0.0,3.5,17.32,-22.86,0.0,0.0,-0.0,stranded
2035,Formosa Plastics Corp,Formosa Utility Venture Ltd,10554,ST3,TX,Calhoun,28.6917,-96.5417,55.0,4.95,NG,CA,2002,23,0.0,0.0,0.0,0.0,0.0,0.0,0.0,3.5,17.32,-22.86,0.0,0.0,-0.0,stranded
2035,Formosa Plastics Corp,Formosa Utility Venture Ltd,10554,TBG1,TX,Calhoun,28.6917,-96.5417,82.5,4.95,NG,CT,1993,32,0.0,0.0,0.0,0.0,0.0,0.0,0.0,3.5,17.32,-22.86,0.0,0.0,-0.0,stranded
2035,Formosa Plastics Corp,Formosa Utility Venture Ltd,10554,TBG2,TX,Calhoun,28.6917,-96.5417,82.5,4.95,NG,CT,1993,32,0.0,0.0,0.0,0.0,0.0,0.0,0.0,3.5,17.32,-22.86,0.0,0.0,-0.0,stranded
2035,Formosa Plastics Corp,Formosa Utility Venture Ltd,10554,TBG3,TX,Calhoun,28.6917,-96.5417,82.5,4.95,NG,CT,1993,32,0.0,0.0,0.0,0.0,0.0,0.0,0.0,3.5,17.32,-22.86,0.0,0.0,-0.0,stranded
2035,Formosa Plastics Corp,Formosa Utility Venture Ltd,10554,TBG4,TX,Calhoun,28.6917,-96.5417,82.5,4.95,NG,CT,1994,31,0.0,0.0,0.0,0.0,0.0,0.0,0.0,3.5,17.32,-22.86,0.0,0.0,-0.0,stranded
2035,Formosa Plastics Corp,Formosa Utility Venture Ltd,10554,TBG5,TX,Calhoun,28.6917,-96.5417,82.5,4.95,NG,CT,1994,31,0.0,0.0,0.0,0.0,0.0,0.0,0.0,3.5,17.32,-22.86,0.0,0.0,-0.0,stranded
2035,Formosa Plastics Corp,Formosa Utility Venture Ltd,10554,TBG6,TX,Calhoun,28.6917,-96.5417,85.9,4.95,NG,CT,2003,22,0.0,0.0,0.0,0.0,0.0,0.0,0.0,3.5,17.32,-22.86,0.0,0.0,-0.0,stranded
2035,South Houston Green Power LLC,Green Power 2,55470,ST1,TX,Galveston,29.378097,-94.932773,110.0,4.97,NG,CA,2003,22,0.0,0.0,0.0,0.0,0.0,0.0,0.0,3.5,17.39,-22.93,0.0,0.0,-0.0,stranded
2035,South Houston Green Power LLC,Green Power 2,55470,ST805,TX,Galveston,29.378097,-94.932773,250.0,4.97,NG,CA,2009,16,0.0,0.0,0.0,0.0,0.0,0.0,0.0,3.5,17.39,-22.93,0.0,0.0,-0.0,stranded
2035,South Houston Green Power LLC,Green Power 2,55470,TR1,TX,Galveston,29.378097,-94.932773,167.0,4.97,NG,CT,2003,22,0.0,0.0,0.0,0.0,0.0,0.0,0.0,3.5,17.39,-22.93,0.0,0.0,-0.0,stranded
2035,South Houston Green Power LLC,Green Power 2,55470,TR2,TX,Galveston,29.378097,-94.932773,167.0,4.97,NG,CT,2003,22,0.0,0.0,0.0,0.0,0.0,0.0,0.0,3.5,17.39,-22.93,0.0,0.0,-0.0,stranded
2035,South Houston Green Power LLC,Green Power 2,55470,TR3,TX,Galveston,29.378097,-94.932773,167.0,4.97,NG,CT,2003,22,0.0,0.0,0.0,0.0,0.0,0.0,0.0,3.5,17.39,-22.93,0.0,0.0,-0.0,stranded
2035,INEOS USA LLC,Power Island,10154,GEN1,TX,Brazoria,29.2293,-95.1952,41.0,4.39,NG,GT,1985,40,0.0,0.0,0.0,0.0,0.0,0.0,0.0,5.0,15.36,-23.39,0.0,0.0,-0.0,stranded
2035,INEOS USA LLC,Power Island,10154,GEN2,TX,Brazoria,29.2293,-95.1952,50.0,4.39,NG,GT,2020,5,0.0,0.0,0.0,0.0,0.0,0.0,0.0,5.0,15.36,-23.39,0.0,0.0,-0.0,stranded
2035,INEOS USA LLC,Power Island,10154,GEN3,TX,Brazoria,29.2293,-95.1952,50.0,4.39,NG,GT,2020,5,0.0,0.0,0.0,0.0,0.0,0.0,0.0,5.0,15.36,-23.39,0.0,0.0,-0.0,stranded
2035,"Texas A&M, Utilities & Energy Services",Central Utility Plant - Texas A&M,58151,GTG01,TX,Brazos,30.617778,-96.343333,34.1,5.12,NG,CT,2011,14,0.0,0.0,0.0,0.0,0.0,0.0,0.0,3.5,17.92,-23.46,0.0,0.0,-0.0,stranded
2035,"Texas A&M, Utilities & Energy Services",Central Utility Plant - Texas A&M,58151,STG02,TX,Brazos,30.617778,-96.343333,11.0,5.12,NG,CA,2011,14,0.0,0.0,0.0,0.0,0.0,0.0,0.0,3.5,17.92,-23.46,0.0,0.0,-0.0,stranded
2035,Ingleside Cogeneration LP,Ingleside Cogeneration,55313,CTG1,TX,San Patricio,27.882778,-97.242778,170.1,5.18,NG,CT,1999,26,0.0,0.0,0.0,0.0,0.0,0.0,0.0,3.5,18.13,-23.66,0.0,0.0,-0.0,stranded
2035,Ingleside Cogeneration LP,Ingleside Cogeneration,55313,CTG2,TX,San Patricio,27.882778,-97.242778,170.1,5.18,NG,CT,1999,26,0.0,0.0,0.0,0.0,0.0,0.0,0.0,3.5,18.13,-23.66,0.0,0.0,-0.0,stranded
2035,Ingleside Cogeneration LP,Ingleside Cogeneration,55313,STG,TX,San Patricio,27.882778,-97.242778,176.8,5.18,NG,CA,1999,26,0.0,0.0,0.0,0.0,0.0,0.0,0.0,3.5,18.13,-23.66,0.0,0.0,-0.0,stranded
2035,Flint Hills Resources Corpus Christi LLC,Corpus Refinery,50026,FR6,TX,Nueces,27.8322,-97.5281,47.0,4.48,NG,GT,1988,37,0.0,0.0,0.0,0.0,0.0,0.0,0.0,5.0,15.68,-23.7,0.0,0.0,-0.0,stranded
2035,Channel Energy Center LLC,Channel Energy Center LLC,55299,CTG1,TX,Harris,29.7189,-95.2319,215.0,5.21,NG,CT,2001,24,0.0,0.0,0.0,0.0,0.0,0.0,0.0,3.5,18.23,-23.77,0.0,0.0,-0.0,stranded
2035,Channel Energy Center LLC,Channel Energy Center LLC,55299,CTG2,TX,Harris,29.7189,-95.2319,215.0,5.21,NG,CT,2002,23,0.0,0.0,0.0,0.0,0.0,0.0,0.0,3.5,18.23,-23.77,0.0,0.0,-0.0,stranded
2035,Channel Energy Center LLC,Channel Energy Center LLC,55299,CTG3,TX,Harris,29.7189,-95.2319,208.8,5.21,NG,CT,2014,11,0.0,0.0,0.0,0.0,0.0,0.0,0.0,3.5,18.23,-23.77,0.0,0.0,-0.0,stranded
2035,Channel Energy Center LLC,Channel Energy Center LLC,55299,ST-1,TX,Harris,29.7189,-95.2319,285.0,5.21,NG,CA,2002,23,0.0,0.0,0.0,0.0,0.0,0.0,0.0,3.5,18.23,-23.77,0.0,0.0,-0.0,stranded
2035,Dow Hydrocarbons and Resources LLC,Freeport Energy Center,56152,CTG1,TX,Brazoria,28.988761,-95.395417,180.0,5.24,NG,CT,2007,18,0.0,0.0,0.0,0.0,0.0,0.0,0.0,3.5,18.34,-23.88,0.0,0.0,-0.0,stranded
2035,Dow Hydrocarbons and Resources LLC,Freeport Energy Center,56152,STG1,TX,Brazoria,28.988761,-95.395417,80.0,5.24,NG,CA,2007,18,0.0,0.0,0.0,0.0,0.0,0.0,0.0,3.5,18.34,-23.88,0.0,0.0,-0.0,stranded
2035,Odyssey Operating Services,"Odyssey Energy Altura Cogen, LLC",50815,GEN1,TX,Harris,29.8161,-95.10773,84.9,5.26,NG,CT,1985,40,0.0,0.0,0.0,0.0,0.0,0.0,0.0,3.5,18.41,-23.95,0.0,0.0,-0.0,stranded
2035,Odyssey Operating Services,"Odyssey Energy Altura Cogen, LLC",50815,GEN2,TX,Harris,29.8161,-95.10773,84.9,5.26,NG,CT,1985,40,0.0,0.0,0.0,0.0,0.0,0.0,0.0,3.5,18.41,-23.95,0.0,0.0,-0.0,stranded
2035,Odyssey Operating Services,"Odyssey Energy Altura Cogen, LLC",50815,GEN3,TX,Harris,29.8161,-95.10773,84.9,5.26,NG,CT,1985,40,0.0,0.0,0.0,0.0,0.0,0.0,0.0,3.5,18.41,-23.95,0.0,0.0,-0.0,stranded
2035,Odyssey Operating Services,"Odyssey Energy Altura Cogen, LLC",50815,GEN4,TX,Harris,29.8161,-95.10773,84.9,5.26,NG,CT,1986,39,0.0,0.0,0.0,0.0,0.0,0.0,0.0,3.5,18.41,-23.95,0.0,0.0,-0.0,stranded
2035,Odyssey Operating Services,"Odyssey Energy Altura Cogen, LLC",50815,GEN5,TX,Harris,29.8161,-95.10773,84.9,5.26,NG,CT,1986,39,0.0,0.0,0.0,0.0,0.0,0.0,0.0,3.5,18.41,-23.95,0.0,0.0,-0.0,stranded
2035,Odyssey Operating Services,"Odyssey Energy Altura Cogen, LLC",50815,GEN6,TX,Harris,29.8161,-95.10773,129.2,5.26,NG,CA,1986,39,0.0,0.0,0.0,0.0,0.0,0.0,0.0,3.5,18.41,-23.95,0.0,0.0,-0.0,stranded
2035,Odyssey Operating Services,"Odyssey Energy Altura Cogen, LLC",50815,GEN7,TX,Harris,29.8161,-95.10773,89.9,5.26,NG,CT,1995,30,0.0,0.0,0.0,0.0,0.0,0.0,0.0,3.5,18.41,-23.95,0.0,0.0,-0.0,stranded
2035,Targa Co-Generation LLC,Mont Belvieu Cogeneration Unit,57322,GT01,TX,Chambers,29.838138,-94.900661,15.0,4.58,NG,GT,2009,16,0.0,0.0,0.0,0.0,0.0,0.0,0.0,5.0,16.03,-24.05,0.0,0.0,-0.0,stranded
2035,Exxon Mobil Refining and Supply Co.,ExxonMobil Baytown Refinery,10436,GT38,TX,Harris,29.753517,-94.997277,45.7,4.67,NG,GT,1989,36,0.0,0.0,0.0,0.0,0.0,0.0,0.0,5.0,16.34,-24.37,0.0,0.0,-0.0,stranded
2035,Exxon Mobil Refining and Supply Co.,ExxonMobil Baytown Refinery,10436,GT41,TX,Harris,29.753517,-94.997277,27.6,4.67,NG,GT,1977,48,0.0,0.0,0.0,0.0,0.0,0.0,0.0,5.0,16.34,-24.37,0.0,0.0,-0.0,stranded
2035,Exxon Mobil Refining and Supply Co.,ExxonMobil Baytown Refinery,10436,GT42,TX,Harris,29.753517,-94.997277,27.6,4.67,NG,GT,1977,48,0.0,0.0,0.0,0.0,0.0,0.0,0.0,5.0,16.34,-24.37,0.0,0.0,-0.0,stranded
2035,Exxon Mobil Refining and Supply Co.,ExxonMobil Baytown Refinery,10436,GT43,TX,Harris,29.753517,-94.997277,27.6,4.67,NG,GT,1977,48,0.0,0.0,0.0,0.0,0.0,0.0,0.0,5.0,16.34,-24.37,0.0,0.0,-0.0,stranded
2035,Exxon Mobil Refining and Supply Co.,ExxonMobil Baytown Refinery,10436,GT44,TX,Harris,29.753517,-94.997277,27.6,4.67,NG,GT,1977,48,0.0,0.0,0.0,0.0,0.0,0.0,0.0,5.0,16.34,-24.37,0.0,0.0,-0.0,stranded
2035,Exxon Mobil Refining and Supply Co.,ExxonMobil Baytown Refinery,10436,GT45,TX,Harris,29.753517,-94.997277,45.7,4.67,NG,GT,1988,37,0.0,0.0,0.0,0.0,0.0,0.0,0.0,5.0,16.34,-24.37,0.0,0.0,-0.0,stranded
2035,Corpus Christi Cogeneration LLC,Corpus Christi Energy Center,55206,CT1,TX,Nueces,27.8139,-97.4283,198.9,5.57,NG,CT,2002,23,0.0,0.0,0.0,0.0,0.0,0.0,0.0,3.5,19.5,-25.03,0.0,0.0,-0.0,stranded
2035,Corpus Christi Cogeneration LLC,Corpus Christi Energy Center,55206,CT2,TX,Nueces,27.8139,-97.4283,198.9,5.57,NG,CT,2002,23,0.0,0.0,0.0,0.0,0.0,0.0,0.0,3.5,19.5,-25.03,0.0,0.0,-0.0,stranded
2035,Corpus Christi Cogeneration LLC,Corpus Christi Energy Center,55206,ST1,TX,Nueces,27.8139,-97.4283,195.5,5.57,NG,CA,2002,23,0.0,0.0,0.0,0.0,0.0,0.0,0.0,3.5,19.5,-25.03,0.0,0.0,-0.0,stranded
2035,BASF Corporation,BASF Freeport Works,55311,GEN1,TX,Brazoria,29.002,-95.394,81.0,4.89,NG,GT,1999,26,0.0,0.0,0.0,0.0,0.0,0.0,0.0,5.0,17.11,-25.14,0.0,0.0,-0.0,stranded
2035,Invista,Victoria Texas Plant,10790,GEN1,TX,Victoria,28.675088,-96.956014,102.4,4.9,NG,GT,1987,38,0.0,0.0,0.0,0.0,0.0,0.0,0.0,5.0,17.15,-25.18,0.0,0.0,-0.0,stranded
2035,Exxon Mobil Refining and Supply Co.,ExxonMobil Baytown Turbine,10692,GEN1,TX,Harris,29.759124,-95.009648,39.7,4.9,NG,GT,1989,36,0.0,0.0,0.0,0.0,0.0,0.0,0.0,5.0,17.15,-25.18,0.0,0.0,-0.0,stranded
2035,Exxon Mobil Refining and Supply Co.,ExxonMobil Baytown Turbine,10692,GEN2,TX,Harris,29.759124,-95.009648,39.7,4.9,NG,GT,1989,36,0.0,0.0,0.0,0.0,0.0,0.0,0.0,5.0,17.15,-25.18,0.0,0.0,-0.0,stranded
2035,Exxon Mobil Refining and Supply Co.,ExxonMobil Baytown Turbine,10692,GEN3,TX,Harris,29.759124,-95.009648,39.7,4.9,NG,GT,1989,36,0.0,0.0,0.0,0.0,0.0,0.0,0.0,5.0,17.15,-25.18,0.0,0.0,-0.0,stranded
2035,Exxon Mobil Refining and Supply Co.,ExxonMobil Baytown Turbine,10692,GEN4,TX,Harris,29.759124,-95.009648,98.9,4.9,NG,GT,1997,28,0.0,0.0,0.0,0.0,0.0,0.0,0.0,5.0,17.15,-25.18,0.0,0.0,-0.0,stranded
2035,Exxon Mobil Refining and Supply Co.,ExxonMobil Baytown Turbine,10692,GEN5,TX,Harris,29.759124,-95.009648,163.8,4.9,NG,GT,2004,21,0.0,0.0,0.0,0.0,0.0,0.0,0.0,5.0,17.15,-25.18,0.0,0.0,-0.0,stranded
2035,Rice University,Rice University,50054,GEN1,TX,Harris,29.721048,-95.39536,3.1,4.9,NG,GT,1986,39,0.0,0.0,0.0,0.0,0.0,0.0,0.0,5.0,17.15,-25.18,0.0,0.0,-0.0,stranded
2035,Rice University,Rice University,50054,GEN2,TX,Harris,29.721048,-95.39536,3.8,4.9,NG,GT,1989,36,0.0,0.0,0.0,0.0,0.0,0.0,0.0,5.0,17.15,-25.18,0.0,0.0,-0.0,stranded
2035,Oxy Vinyls LP,Houston Chemical Complex Battleground,50043,GT1,TX,Harris,29.7314,-95.0839,104.2,5.65,NG,CT,1982,43,0.0,0.0,0.0,0.0,0.0,0.0,0.0,3.5,19.78,-25.31,0.0,0.0,-0.0,stranded
2035,Oxy Vinyls LP,Houston Chemical Complex Battleground,50043,GT2,TX,Harris,29.7314,-95.0839,104.2,5.65,NG,CT,1982,43,0.0,0.0,0.0,0.0,0.0,0.0,0.0,3.5,19.78,-25.31,0.0,0.0,-0.0,stranded
2035,Oxy Vinyls LP,Houston Chemical Complex Battleground,50043,GT3,TX,Harris,29.7314,-95.0839,84.9,5.65,NG,CT,2005,20,0.0,0.0,0.0,0.0,0.0,0.0,0.0,3.5,19.78,-25.31,0.0,0.0,-0.0,stranded
2035,Oxy Vinyls LP,Houston Chemical Complex Battleground,50043,ST,TX,Harris,29.7314,-95.0839,87.4,5.65,NG,CA,1982,43,0.0,0.0,0.0,0.0,0.0,0.0,0.0,3.5,19.78,-25.31,0.0,0.0,-0.0,stranded
2035,South Houston Green Power LLC,Power Station 4,52132,GEN1,TX,Galveston,29.378164,-94.92195,78.2,5.83,NG,CT,1986,39,0.0,0.0,0.0,0.0,0.0,0.0,0.0,3.5,20.41,-25.94,0.0,0.0,-0.0,stranded
2035,South Houston Green Power LLC,Power Station 4,52132,GEN2,TX,Galveston,29.378164,-94.92195,78.2,5.83,NG,CT,1986,39,0.0,0.0,0.0,0.0,0.0,0.0,0.0,3.5,20.41,-25.94,0.0,0.0,-0.0,stranded
2035,South Houston Green Power LLC,Power Station 4,52132,GEN3,TX,Galveston,29.378164,-94.92195,34.7,5.83,NG,CA,1986,39,0.0,0.0,0.0,0.0,0.0,0.0,0.0,3.5,20.41,-25.94,0.0,0.0,-0.0,stranded
2035,Texas City Cogeneration LLC,Texas City Power Plant,52088,GEN1,TX,Galveston,29.378697,-94.943829,141.0,5.94,NG,CA,1987,38,0.0,0.0,0.0,0.0,0.0,0.0,0.0,3.5,20.79,-26.33,0.0,0.0,-0.0,stranded
2035,Texas City Cogeneration LLC,Texas City Power Plant,52088,GEN2,TX,Galveston,29.378697,-94.943829,103.0,5.94,NG,CT,1987,38,0.0,0.0,0.0,0.0,0.0,0.0,0.0,3.5,20.79,-26.33,0.0,0.0,-0.0,stranded
2035,Texas City Cogeneration LLC,Texas City Power Plant,52088,GEN3,TX,Galveston,29.378697,-94.943829,103.0,5.94,NG,CT,1987,38,0.0,0.0,0.0,0.0,0.0,0.0,0.0,3.5,20.79,-26.33,0.0,0.0,-0.0,stranded
2035,Texas City Cogeneration LLC,Texas City Power Plant,52088,GEN4,TX,Galveston,29.378697,-94.943829,103.0,5.94,NG,CT,1987,38,0.0,0.0,0.0,0.0,0.0,0.0,0.0,3.5,20.79,-26.33,0.0,0.0,-0.0,stranded
2035,Olin Blue Cube Operations,Freeport Energy,52120,G-61,TX,Brazoria,28.991289,-95.407481,94.5,5.96,NG,CT,1982,43,0.0,0.0,0.0,0.0,0.0,0.0,0.0,3.5,20.86,-26.39,0.0,0.0,-0.0,stranded
2035,Olin Blue Cube Operations,Freeport Energy,52120,G-63,TX,Brazoria,28.991289,-95.407481,94.5,5.96,NG,CT,1982,43,0.0,0.0,0.0,0.0,0.0,0.0,0.0,3.5,20.86,-26.39,0.0,0.0,-0.0,stranded
2035,Olin Blue Cube Operations,Freeport Energy,52120,G-64,TX,Brazoria,28.991289,-95.407481,64.8,5.96,NG,CA,1982,43,0.0,0.0,0.0,0.0,0.0,0.0,0.0,3.5,20.86,-26.39,0.0,0.0,-0.0,stranded
2035,Olin Blue Cube Operations,Freeport Energy,52120,G-65,TX,Brazoria,28.991289,-95.407481,111.3,5.96,NG,CA,1984,41,0.0,0.0,0.0,0.0,0.0,0.0,0.0,3.5,20.86,-26.39,0.0,0.0,-0.0,stranded
2035,Olin Blue Cube Operations,Freeport Energy,52120,G-66,TX,Brazoria,28.991289,-95.407481,119.0,5.96,NG,CT,1983,42,0.0,0.0,0.0,0.0,0.0,0.0,0.0,3.5,20.86,-26.39,0.0,0.0,-0.0,stranded
2035,Olin Blue Cube Operations,Freeport Energy,52120,G-67,TX,Brazoria,28.991289,-95.407481,119.0,5.96,NG,CT,1984,41,0.0,0.0,0.0,0.0,0.0,0.0,0.0,3.5,20.86,-26.39,0.0,0.0,-0.0,stranded
2035,Texas Medical Center Central,TECO CHP-1,57504,CHP1,TX,Harris,29.703454,-95.398317,48.0,5.32,NG,GT,2010,15,0.0,0.0,0.0,0.0,0.0,0.0,0.0,5.0,18.62,-26.65,0.0,0.0,-0.0,stranded
2035,Texas Medical Center Central,TECO CHP-1,57504,GTG2,TX,Harris,29.703454,-95.398317,50.0,5.32,NG,GT,2024,1,0.0,0.0,0.0,0.0,0.0,0.0,0.0,5.0,18.62,-26.65,0.0,0.0,-0.0,stranded
2035,Sweeny Cogeneration LLC,Sweeny Cogen Facility,55015,GEN1,TX,Brazoria,29.0728,-95.745,143.0,5.41,NG,GT,1997,28,0.0,0.0,0.0,0.0,0.0,0.0,0.0,5.0,18.94,-26.96,0.0,0.0,-0.0,stranded
2035,Sweeny Cogeneration LLC,Sweeny Cogen Facility,55015,GEN2,TX,Brazoria,29.0728,-95.745,143.0,5.41,NG,GT,1997,28,0.0,0.0,0.0,0.0,0.0,0.0,0.0,5.0,18.94,-26.96,0.0,0.0,-0.0,stranded
2035,Sweeny Cogeneration LLC,Sweeny Cogen Facility,55015,GEN3,TX,Brazoria,29.0728,-95.745,143.0,5.41,NG,GT,1997,28,0.0,0.0,0.0,0.0,0.0,0.0,0.0,5.0,18.94,-26.96,0.0,0.0,-0.0,stranded
2035,Sweeny Cogeneration LLC,Sweeny Cogen Facility,55015,GEN4,TX,Brazoria,29.0728,-95.745,143.0,5.41,NG,GT,2000,25,0.0,0.0,0.0,0.0,0.0,0.0,0.0,5.0,18.94,-26.96,0.0,0.0,-0.0,stranded
2035,EIF Channelview Cogeneration LLC,Channelview Cogeneration Plant,55187,GT1,TX,Harris,29.836952,-95.121744,192.1,6.15,NG,CT,2002,23,0.0,0.0,0.0,0.0,0.0,0.0,0.0,3.5,21.53,-27.06,0.0,0.0,-0.0,stranded
2035,EIF Channelview Cogeneration LLC,Channelview Cogeneration Plant,55187,GT2,TX,Harris,29.836952,-95.121744,192.1,6.15,NG,CT,2002,23,0.0,0.0,0.0,0.0,0.0,0.0,0.0,3.5,21.53,-27.06,0.0,0.0,-0.0,stranded
2035,EIF Channelview Cogeneration LLC,Channelview Cogeneration Plant,55187,GT3,TX,Harris,29.836952,-95.121744,192.1,6.15,NG,CT,2002,23,0.0,0.0,0.0,0.0,0.0,0.0,0.0,3.5,21.53,-27.06,0.0,0.0,-0.0,stranded
2035,EIF Channelview Cogeneration LLC,Channelview Cogeneration Plant,55187,GT4,TX,Harris,29.836952,-95.121744,192.1,6.15,NG,CT,2001,24,0.0,0.0,0.0,0.0,0.0,0.0,0.0,3.5,21.53,-27.06,0.0,0.0,-0.0,stranded
2035,EIF Channelview Cogeneration LLC,Channelview Cogeneration Plant,55187,ST1,TX,Harris,29.836952,-95.121744,149.9,6.15,NG,CA,2002,23,0.0,0.0,0.0,0.0,0.0,0.0,0.0,3.5,21.53,-27.06,0.0,0.0,-0.0,stranded
2035,Dow Chemical Company-Oyster Creek VIII,Oyster Creek Unit VIII,54676,G81,TX,Brazoria,28.9802,-95.342,99.0,6.28,NG,CT,1994,31,0.0,0.0,0.0,0.0,0.0,0.0,0.0,3.5,21.98,-27.52,0.0,0.0,-0.0,stranded
2035,Dow Chemical Company-Oyster Creek VIII,Oyster Creek Unit VIII,54676,G82,TX,Brazoria,28.9802,-95.342,99.0,6.28,NG,CT,1994,31,0.0,0.0,0.0,0.0,0.0,0.0,0.0,3.5,21.98,-27.52,0.0,0.0,-0.0,stranded
2035,Dow Chemical Company-Oyster Creek VIII,Oyster Creek Unit VIII,54676,G83,TX,Brazoria,28.9802,-95.342,99.0,6.28,NG,CT,1994,31,0.0,0.0,0.0,0.0,0.0,0.0,0.0,3.5,21.98,-27.52,0.0,0.0,-0.0,stranded
2035,Dow Chemical Company-Oyster Creek VIII,Oyster Creek Unit VIII,54676,G84,TX,Brazoria,28.9802,-95.342,200.9,6.28,NG,CA,1994,31,0.0,0.0,0.0,0.0,0.0,0.0,0.0,3.5,21.98,-27.52,0.0,0.0,-0.0,stranded
2035,Deer Park Energy Center,Deer Park Energy Center,55464,CTG1,TX,Harris,29.713414,-95.134508,180.0,6.5,NG,CT,2003,22,0.0,0.0,0.0,0.0,0.0,0.0,0.0,3.5,22.75,-28.29,0.0,0.0,-0.0,stranded
2035,Deer Park Energy Center,Deer Park Energy Center,55464,CTG2,TX,Harris,29.713414,-95.134508,180.0,6.5,NG,CT,2003,22,0.0,0.0,0.0,0.0,0.0,0.0,0.0,3.5,22.75,-28.29,0.0,0.0,-0.0,stranded
2035,Deer Park Energy Center,Deer Park Energy Center,55464,CTG3,TX,Harris,29.713414,-95.134508,180.0,6.5,NG,CT,2004,21,0.0,0.0,0.0,0.0,0.0,0.0,0.0,3.5,22.75,-28.29,0.0,0.0,-0.0,stranded
2035,Deer Park Energy Center,Deer Park Energy Center,55464,CTG4,TX,Harris,29.713414,-95.134508,180.0,6.5,NG,CT,2004,21,0.0,0.0,0.0,0.0,0.0,0.0,0.0,3.5,22.75,-28.29,0.0,0.0,-0.0,stranded
2035,Deer Park Energy Center,Deer Park Energy Center,55464,CTG6,TX,Harris,29.713414,-95.134508,180.0,6.5,NG,CT,2014,11,0.0,0.0,0.0,0.0,0.0,0.0,0.0,3.5,22.75,-28.29,0.0,0.0,-0.0,stranded
2035,Deer Park Energy Center,Deer Park Energy Center,55464,STG1,TX,Harris,29.713414,-95.134508,276.0,6.5,NG,CA,2004,21,0.0,0.0,0.0,0.0,0.0,0.0,0.0,3.5,22.75,-28.29,0.0,0.0,-0.0,stranded
2035,Baytown Energy Center LLC,Baytown Energy Center,55327,CTG1,TX,Chambers,29.7731,-94.9019,219.3,6.66,NG,CT,2002,23,0.0,0.0,0.0,0.0,0.0,0.0,0.0,3.5,23.31,-28.85,0.0,0.0,-0.0,stranded
2035,Baytown Energy Center LLC,Baytown Energy Center,55327,CTG2,TX,Chambers,29.7731,-94.9019,219.3,6.66,NG,CT,2002,23,0.0,0.0,0.0,0.0,0.0,0.0,0.0,3.5,23.31,-28.85,0.0,0.0,-0.0,stranded
2035,Baytown Energy Center LLC,Baytown Energy Center,55327,CTG3,TX,Chambers,29.7731,-94.9019,219.3,6.66,NG,CT,2002,23,0.0,0.0,0.0,0.0,0.0,0.0,0.0,3.5,23.31,-28.85,0.0,0.0,-0.0,stranded
2035,Baytown Energy Center LLC,Baytown Energy Center,55327,STG1,TX,Chambers,29.7731,-94.9019,275.0,6.66,NG,CA,2002,23,0.0,0.0,0.0,0.0,0.0,0.0,0.0,3.5,23.31,-28.85,0.0,0.0,-0.0,stranded
2035,Lower Colorado River Authority,Thomas C Ferguson,4937,CT-1,TX,Llano,30.558,-98.3721,185.3,6.71,NG,CT,2014,11,0.0,0.0,0.0,0.0,0.0,0.0,0.0,3.5,23.48,-29.02,0.0,0.0,-0.0,stranded
2035,Lower Colorado River Authority,Thomas C Ferguson,4937,CT-2,TX,Llano,30.558,-98.3721,185.3,6.71,NG,CT,2014,11,0.0,0.0,0.0,0.0,0.0,0.0,0.0,3.5,23.48,-29.02,0.0,0.0,-0.0,stranded
2035,Lower Colorado River Authority,Thomas C Ferguson,4937,STG,TX,Llano,30.558,-98.3721,204.0,6.71,NG,CA,2014,11,0.0,0.0,0.0,0.0,0.0,0.0,0.0,3.5,23.48,-29.02,0.0,0.0,-0.0,stranded
2035,"Constellation Power, Inc",Colorado Bend II,60122,CT7,TX,Wharton,29.289415,-96.065399,360.9,6.8,NG,CT,2017,8,0.0,0.0,0.0,0.0,0.0,0.0,0.0,3.5,23.8,-29.34,0.0,0.0,-0.0,stranded
2035,"Constellation Power, Inc",Colorado Bend II,60122,CT8,TX,Wharton,29.289415,-96.065399,360.9,6.8,NG,CT,2017,8,0.0,0.0,0.0,0.0,0.0,0.0,0.0,3.5,23.8,-29.34,0.0,0.0,-0.0,stranded
2035,"Constellation Power, Inc",Colorado Bend II,60122,STG9,TX,Wharton,29.289415,-96.065399,508.5,6.8,NG,CA,2017,8,0.0,0.0,0.0,0.0,0.0,0.0,0.0,3.5,23.8,-29.34,0.0,0.0,-0.0,stranded
2035,"Constellation Power, Inc",Wolf Hollow II,59812,CGT4,TX,Hood,32.337679,-97.734612,360.0,6.87,NG,CT,2017,8,0.0,0.0,0.0,0.0,0.0,0.0,0.0,3.5,24.05,-29.58,0.0,0.0,-0.0,stranded
2035,"Constellation Power, Inc",Wolf Hollow II,59812,CGT5,TX,Hood,32.337679,-97.734612,360.0,6.87,NG,CT,2017,8,0.0,0.0,0.0,0.0,0.0,0.0,0.0,3.5,24.05,-29.58,0.0,0.0,-0.0,stranded
2035,"Constellation Power, Inc",Wolf Hollow II,59812,STG6,TX,Hood,32.337679,-97.734612,511.2,6.87,NG,CA,2017,8,0.0,0.0,0.0,0.0,0.0,0.0,0.0,3.5,24.05,-29.58,0.0,0.0,-0.0,stranded
2035,City of San Antonio - (TX),Arthur Von Rosenberg,7512,1,TX,Bexar,29.257046,-98.384045,187.5,6.89,NG,CT,2000,25,0.0,0.0,0.0,0.0,0.0,0.0,0.0,3.5,24.11,-29.65,0.0,0.0,-0.0,stranded
2035,City of San Antonio - (TX),Arthur Von Rosenberg,7512,2,TX,Bexar,29.257046,-98.384045,187.5,6.89,NG,CT,2000,25,0.0,0.0,0.0,0.0,0.0,0.0,0.0,3.5,24.11,-29.65,0.0,0.0,-0.0,stranded
2035,City of San Antonio - (TX),Arthur Von Rosenberg,7512,3,TX,Bexar,29.257046,-98.384045,200.0,6.89,NG,CA,2000,25,0.0,0.0,0.0,0.0,0.0,0.0,0.0,3.5,24.11,-29.65,0.0,0.0,-0.0,stranded
2035,LaFrontera Holdings LLC,Odessa-Ector Power Plant,55215,CTG1,TX,Ector,31.8403,-102.3264,176.0,6.92,NG,CT,2001,24,0.0,0.0,0.0,0.0,0.0,0.0,0.0,3.5,24.22,-29.75,0.0,0.0,-0.0,stranded
2035,LaFrontera Holdings LLC,Odessa-Ector Power Plant,55215,CTG2,TX,Ector,31.8403,-102.3264,176.0,6.92,NG,CT,2001,24,0.0,0.0,0.0,0.0,0.0,0.0,0.0,3.5,24.22,-29.75,0.0,0.0,-0.0,stranded
2035,LaFrontera Holdings LLC,Odessa-Ector Power Plant,55215,CTG3,TX,Ector,31.8403,-102.3264,176.0,6.92,NG,CT,2001,24,0.0,0.0,0.0,0.0,0.0,0.0,0.0,3.5,24.22,-29.75,0.0,0.0,-0.0,stranded
2035,LaFrontera Holdings LLC,Odessa-Ector Power Plant,55215,CTG4,TX,Ector,31.8403,-102.3264,176.0,6.92,NG,CT,2001,24,0.0,0.0,0.0,0.0,0.0,0.0,0.0,3.5,24.22,-29.75,0.0,0.0,-0.0,stranded
2035,LaFrontera Holdings LLC,Odessa-Ector Power Plant,55215,STG1,TX,Ector,31.8403,-102.3264,224.4,6.92,NG,CA,2001,24,0.0,0.0,0.0,0.0,0.0,0.0,0.0,3.5,24.22,-29.75,0.0,0.0,-0.0,stranded
2035,LaFrontera Holdings LLC,Odessa-Ector Power Plant,55215,STG2,TX,Ector,31.8403,-102.3264,224.4,6.92,NG,CA,2001,24,0.0,0.0,0.0,0.0,0.0,0.0,0.0,3.5,24.22,-29.75,0.0,0.0,-0.0,stranded
2035,"Silicon Hills Campus, LLC",Central Utility Plant,10184,TG1,TX,Travis,30.397351,-97.842586,2.3,7.0,NG,ST,1988,37,0.0,0.0,0.0,0.0,0.0,0.0,0.0,3.5,24.5,-30.04,0.0,0.0,-0.0,stranded
2035,Freestone Power Generation LLC,Freestone Energy Center,55226,GT1,TX,Freestone,31.8907,-96.1131,166.7,7.04,NG,CT,2002,23,0.0,0.0,0.0,0.0,0.0,0.0,0.0,3.5,24.64,-30.18,0.0,0.0,-0.0,stranded
2035,Freestone Power Generation LLC,Freestone Energy Center,55226,GT2,TX,Freestone,31.8907,-96.1131,166.7,7.04,NG,CT,2002,23,0.0,0.0,0.0,0.0,0.0,0.0,0.0,3.5,24.64,-30.18,0.0,0.0,-0.0,stranded
2035,Freestone Power Generation LLC,Freestone Energy Center,55226,GT3,TX,Freestone,31.8907,-96.1131,166.7,7.04,NG,CT,2002,23,0.0,0.0,0.0,0.0,0.0,0.0,0.0,3.5,24.64,-30.18,0.0,0.0,-0.0,stranded
2035,Freestone Power Generation LLC,Freestone Energy Center,55226,GT4,TX,Freestone,31.8907,-96.1131,166.7,7.04,NG,CT,2002,23,0.0,0.0,0.0,0.0,0.0,0.0,0.0,3.5,24.64,-30.18,0.0,0.0,-0.0,stranded
2035,Freestone Power Generation LLC,Freestone Energy Center,55226,ST3,TX,Freestone,31.8907,-96.1131,184.6,7.04,NG,CA,2002,23,0.0,0.0,0.0,0.0,0.0,0.0,0.0,3.5,24.64,-30.18,0.0,0.0,-0.0,stranded
2035,Freestone Power Generation LLC,Freestone Energy Center,55226,ST6,TX,Freestone,31.8907,-96.1131,184.6,7.04,NG,CA,2002,23,0.0,0.0,0.0,0.0,0.0,0.0,0.0,3.5,24.64,-30.18,0.0,0.0,-0.0,stranded
2035,LaFrontera Holdings LLC,Lamar Power Project,55097,CTG1,TX,Lamar,33.6308,-95.59,176.0,7.05,NG,CT,2000,25,0.0,0.0,0.0,0.0,0.0,0.0,0.0,3.5,24.68,-30.21,0.0,0.0,-0.0,stranded
2035,LaFrontera Holdings LLC,Lamar Power Project,55097,CTG2,TX,Lamar,33.6308,-95.59,176.0,7.05,NG,CT,2000,25,0.0,0.0,0.0,0.0,0.0,0.0,0.0,3.5,24.68,-30.21,0.0,0.0,-0.0,stranded
2035,LaFrontera Holdings LLC,Lamar Power Project,55097,CTG3,TX,Lamar,33.6308,-95.59,176.0,7.05,NG,CT,2000,25,0.0,0.0,0.0,0.0,0.0,0.0,0.0,3.5,24.68,-30.21,0.0,0.0,-0.0,stranded
2035,LaFrontera Holdings LLC,Lamar Power Project,55097,CTG4,TX,Lamar,33.6308,-95.59,176.0,7.05,NG,CT,2000,25,0.0,0.0,0.0,0.0,0.0,0.0,0.0,3.5,24.68,-30.21,0.0,0.0,-0.0,stranded
2035,LaFrontera Holdings LLC,Lamar Power Project,55097,STG1,TX,Lamar,33.6308,-95.59,204.3,7.05,NG,CA,2000,25,0.0,0.0,0.0,0.0,0.0,0.0,0.0,3.5,24.68,-30.21,0.0,0.0,-0.0,stranded
2035,LaFrontera Holdings LLC,Lamar Power Project,55097,STG2,TX,Lamar,33.6308,-95.59,204.3,7.05,NG,CA,2000,25,0.0,0.0,0.0,0.0,0.0,0.0,0.0,3.5,24.68,-30.21,0.0,0.0,-0.0,stranded
2035,Guadalupe Power Partners LP,Guadalupe Generating Station,55153,CTG1,TX,Guadalupe,29.6244,-98.1419,171.1,7.07,NG,CT,2000,25,0.0,0.0,0.0,0.0,0.0,0.0,0.0,3.5,24.75,-30.28,0.0,0.0,-0.0,stranded
2035,Guadalupe Power Partners LP,Guadalupe Generating Station,55153,CTG2,TX,Guadalupe,29.6244,-98.1419,171.1,7.07,NG,CT,2000,25,0.0,0.0,0.0,0.0,0.0,0.0,0.0,3.5,24.75,-30.28,0.0,0.0,-0.0,stranded
2035,Guadalupe Power Partners LP,Guadalupe Generating Station,55153,CTG3,TX,Guadalupe,29.6244,-98.1419,171.1,7.07,NG,CT,2000,25,0.0,0.0,0.0,0.0,0.0,0.0,0.0,3.5,24.75,-30.28,0.0,0.0,-0.0,stranded
2035,Guadalupe Power Partners LP,Guadalupe Generating Station,55153,CTG4,TX,Guadalupe,29.6244,-98.1419,171.1,7.07,NG,CT,2000,25,0.0,0.0,0.0,0.0,0.0,0.0,0.0,3.5,24.75,-30.28,0.0,0.0,-0.0,stranded
2035,Guadalupe Power Partners LP,Guadalupe Generating Station,55153,STG1,TX,Guadalupe,29.6244,-98.1419,201.9,7.07,NG,CA,2000,25,0.0,0.0,0.0,0.0,0.0,0.0,0.0,3.5,24.75,-30.28,0.0,0.0,-0.0,stranded
2035,Guadalupe Power Partners LP,Guadalupe Generating Station,55153,STG2,TX,Guadalupe,29.6244,-98.1419,201.9,7.07,NG,CA,2000,25,0.0,0.0,0.0,0.0,0.0,0.0,0.0,3.5,24.75,-30.28,0.0,0.0,-0.0,stranded
2035,Wise County Power Company LLC,Wise County Power LLC,55320,GT1,TX,Wise,33.0583,-97.9103,261.0,7.07,NG,CT,2004,21,0.0,0.0,0.0,0.0,0.0,0.0,0.0,3.5,24.75,-30.28,0.0,0.0,-0.0,stranded
2035,Wise County Power Company LLC,Wise County Power LLC,55320,GT2,TX,Wise,33.0583,-97.9103,261.0,7.07,NG,CT,2004,21,0.0,0.0,0.0,0.0,0.0,0.0,0.0,3.5,24.75,-30.28,0.0,0.0,-0.0,stranded
2035,Wise County Power Company LLC,Wise County Power LLC,55320,ST1,TX,Wise,33.0583,-97.9103,299.7,7.07,NG,CA,2004,21,0.0,0.0,0.0,0.0,0.0,0.0,0.0,3.5,24.75,-30.28,0.0,0.0,-0.0,stranded
2035,Temple Generation Holdings LLC,Temple Power Station,58001,CTG-1,TX,Bell,31.055833,-97.317222,232.0,7.09,NG,CT,2014,11,0.0,0.0,0.0,0.0,0.0,0.0,0.0,3.5,24.81,-30.35,0.0,0.0,-0.0,stranded
2035,Temple Generation Holdings LLC,Temple Power Station,58001,CTG-2,TX,Bell,31.055833,-97.317222,232.0,7.09,NG,CT,2014,11,0.0,0.0,0.0,0.0,0.0,0.0,0.0,3.5,24.81,-30.35,0.0,0.0,-0.0,stranded
2035,Temple Generation Holdings LLC,Temple Power Station,58001,CTG-3,TX,Bell,31.055833,-97.317222,232.0,7.09,NG,CT,2015,10,0.0,0.0,0.0,0.0,0.0,0.0,0.0,3.5,24.81,-30.35,0.0,0.0,-0.0,stranded
2035,Temple Generation Holdings LLC,Temple Power Station,58001,CTG-4,TX,Bell,31.055833,-97.317222,232.0,7.09,NG,CT,2015,10,0.0,0.0,0.0,0.0,0.0,0.0,0.0,3.5,24.81,-30.35,0.0,0.0,-0.0,stranded
2035,Temple Generation Holdings LLC,Temple Power Station,58001,STG-1,TX,Bell,31.055833,-97.317222,339.2,7.09,NG,CA,2014,11,0.0,0.0,0.0,0.0,0.0,0.0,0.0,3.5,24.81,-30.35,0.0,0.0,-0.0,stranded
2035,Temple Generation Holdings LLC,Temple Power Station,58001,STG-2,TX,Bell,31.055833,-97.317222,339.2,7.09,NG,CA,2015,10,0.0,0.0,0.0,0.0,0.0,0.0,0.0,3.5,24.81,-30.35,0.0,0.0,-0.0,stranded
2035,Pasadena Cogeneration LP,Pasadena Cogeneration,55047,CTG1,TX,Harris,29.72475,-95.176479,175.0,7.11,NG,CT,1998,27,0.0,0.0,0.0,0.0,0.0,0.0,0.0,3.5,24.89,-30.42,0.0,0.0,-0.0,stranded
2035,Pasadena Cogeneration LP,Pasadena Cogeneration,55047,CTG2,TX,Harris,29.72475,-95.176479,185.0,7.11,NG,CT,2000,25,0.0,0.0,0.0,0.0,0.0,0.0,0.0,3.5,24.89,-30.42,0.0,0.0,-0.0,stranded
2035,Pasadena Cogeneration LP,Pasadena Cogeneration,55047,CTG3,TX,Harris,29.72475,-95.176479,185.0,7.11,NG,CT,2000,25,0.0,0.0,0.0,0.0,0.0,0.0,0.0,3.5,24.89,-30.42,0.0,0.0,-0.0,stranded
2035,Pasadena Cogeneration LP,Pasadena Cogeneration,55047,STG1,TX,Harris,29.72475,-95.176479,85.0,7.11,NG,CA,1998,27,0.0,0.0,0.0,0.0,0.0,0.0,0.0,3.5,24.89,-30.42,0.0,0.0,-0.0,stranded
2035,Pasadena Cogeneration LP,Pasadena Cogeneration,55047,STG2,TX,Harris,29.72475,-95.176479,185.0,7.11,NG,CA,2000,25,0.0,0.0,0.0,0.0,0.0,0.0,0.0,3.5,24.89,-30.42,0.0,0.0,-0.0,stranded
2035,"Thad Hill Energy Center, LLC",Thad Hill Energy Center,55172,GT-1,TX,Bosque,31.8594,-97.3586,154.0,7.11,NG,CT,2000,25,0.0,0.0,0.0,0.0,0.0,0.0,0.0,3.5,24.89,-30.42,0.0,0.0,-0.0,stranded
2035,"Thad Hill Energy Center, LLC",Thad Hill Energy Center,55172,GT-2,TX,Bosque,31.8594,-97.3586,154.0,7.11,NG,CT,2000,25,0.0,0.0,0.0,0.0,0.0,0.0,0.0,3.5,24.89,-30.42,0.0,0.0,-0.0,stranded
2035,"Thad Hill Energy Center, LLC",Thad Hill Energy Center,55172,GT-3,TX,Bosque,31.8594,-97.3586,154.0,7.11,NG,CT,2001,24,0.0,0.0,0.0,0.0,0.0,0.0,0.0,3.5,24.89,-30.42,0.0,0.0,-0.0,stranded
2035,"Thad Hill Energy Center, LLC",Thad Hill Energy Center,55172,ST-4,TX,Bosque,31.8594,-97.3586,95.0,7.11,NG,CA,2001,24,0.0,0.0,0.0,0.0,0.0,0.0,0.0,3.5,24.89,-30.42,0.0,0.0,-0.0,stranded
2035,"Thad Hill Energy Center, LLC",Thad Hill Energy Center,55172,ST-5,TX,Bosque,31.8594,-97.3586,250.0,7.11,NG,CA,2010,15,0.0,0.0,0.0,0.0,0.0,0.0,0.0,3.5,24.89,-30.42,0.0,0.0,-0.0,stranded
2035,Ennis Power Company LLC,Ennis Power Company LLC,55223,GT1,TX,Ellis,32.32,-96.675,285.0,7.12,NG,CT,2002,23,0.0,0.0,0.0,0.0,0.0,0.0,0.0,3.5,24.92,-30.46,0.0,0.0,-0.0,stranded
2035,Ennis Power Company LLC,Ennis Power Company LLC,55223,ST1,TX,Ellis,32.32,-96.675,133.0,7.12,NG,CA,2002,23,0.0,0.0,0.0,0.0,0.0,0.0,0.0,3.5,24.92,-30.46,0.0,0.0,-0.0,stranded
2035,City of San Antonio - (TX),Rio Nogales Power Project,55137,CTG1,TX,Guadalupe,29.593056,-97.973215,189.0,7.17,NG,CT,2002,23,0.0,0.0,0.0,0.0,0.0,0.0,0.0,3.5,25.09,-30.63,0.0,0.0,-0.0,stranded
2035,City of San Antonio - (TX),Rio Nogales Power Project,55137,CTG2,TX,Guadalupe,29.593056,-97.973215,189.0,7.17,NG,CT,2002,23,0.0,0.0,0.0,0.0,0.0,0.0,0.0,3.5,25.09,-30.63,0.0,0.0,-0.0,stranded
2035,City of San Antonio - (TX),Rio Nogales Power Project,55137,CTG3,TX,Guadalupe,29.593056,-97.973215,189.0,7.17,NG,CT,2002,23,0.0,0.0,0.0,0.0,0.0,0.0,0.0,3.5,25.09,-30.63,0.0,0.0,-0.0,stranded
2035,City of San Antonio - (TX),Rio Nogales Power Project,55137,STG1,TX,Guadalupe,29.593056,-97.973215,373.2,7.17,NG,CA,2002,23,0.0,0.0,0.0,0.0,0.0,0.0,0.0,3.5,25.09,-30.63,0.0,0.0,-0.0,stranded
2035,Frontera Generation Limited Partnership,Frontera Energy Center,55098,GEN1,TX,Hidalgo,26.208,-98.3992,172.0,7.25,NG,CT,1999,26,0.0,0.0,0.0,0.0,0.0,0.0,0.0,3.5,25.38,-30.91,0.0,0.0,-0.0,stranded
2035,Frontera Generation Limited Partnership,Frontera Energy Center,55098,GEN2,TX,Hidalgo,26.208,-98.3992,172.0,7.25,NG,CT,1999,26,0.0,0.0,0.0,0.0,0.0,0.0,0.0,3.5,25.38,-30.91,0.0,0.0,-0.0,stranded
2035,Frontera Generation Limited Partnership,Frontera Energy Center,55098,GEN3,TX,Hidalgo,26.208,-98.3992,185.0,7.25,NG,CA,2000,25,0.0,0.0,0.0,0.0,0.0,0.0,0.0,3.5,25.38,-30.91,0.0,0.0,-0.0,stranded
2035,"Jack County Power, LLC",Jack County,55230,CT1,TX,Wise,33.101,-97.9574,170.0,7.28,NG,CT,2006,19,0.0,0.0,0.0,0.0,0.0,0.0,0.0,3.5,25.48,-31.02,0.0,0.0,-0.0,stranded
2035,"Jack County Power, LLC",Jack County,55230,CT2,TX,Wise,33.101,-97.9574,170.0,7.28,NG,CT,2006,19,0.0,0.0,0.0,0.0,0.0,0.0,0.0,3.5,25.48,-31.02,0.0,0.0,-0.0,stranded
2035,"Jack County Power, LLC",Jack County,55230,CT3,TX,Wise,33.101,-97.9574,170.0,7.28,NG,CT,2011,14,0.0,0.0,0.0,0.0,0.0,0.0,0.0,3.5,25.48,-31.02,0.0,0.0,-0.0,stranded
2035,"Jack County Power, LLC",Jack County,55230,CT4,TX,Wise,33.101,-97.9574,170.0,7.28,NG,CT,2011,14,0.0,0.0,0.0,0.0,0.0,0.0,0.0,3.5,25.48,-31.02,0.0,0.0,-0.0,stranded
2035,"Jack County Power, LLC",Jack County,55230,ST1,TX,Wise,33.101,-97.9574,300.0,7.28,NG,CA,2006,19,0.0,0.0,0.0,0.0,0.0,0.0,0.0,3.5,25.48,-31.02,0.0,0.0,-0.0,stranded
2035,"Jack County Power, LLC",Jack County,55230,ST2,TX,Wise,33.101,-97.9574,300.0,7.28,NG,CA,2011,14,0.0,0.0,0.0,0.0,0.0,0.0,0.0,3.5,25.48,-31.02,0.0,0.0,-0.0,stranded
2035,Tenaska Frontier Partners Ltd,Tenaska Frontier Generation Station,55062,GTG1,TX,Grimes,30.5924,-95.9178,183.2,7.29,NG,CT,2000,25,0.0,0.0,0.0,0.0,0.0,0.0,0.0,3.5,25.52,-31.05,0.0,0.0,-0.0,stranded
2035,Tenaska Frontier Partners Ltd,Tenaska Frontier Generation Station,55062,GTG2,TX,Grimes,30.5924,-95.9178,183.2,7.29,NG,CT,2000,25,0.0,0.0,0.0,0.0,0.0,0.0,0.0,3.5,25.52,-31.05,0.0,0.0,-0.0,stranded
2035,Tenaska Frontier Partners Ltd,Tenaska Frontier Generation Station,55062,GTG3,TX,Grimes,30.5924,-95.9178,183.2,7.29,NG,CT,2000,25,0.0,0.0,0.0,0.0,0.0,0.0,0.0,3.5,25.52,-31.05,0.0,0.0,-0.0,stranded
2035,Tenaska Frontier Partners Ltd,Tenaska Frontier Generation Station,55062,STG1,TX,Grimes,30.5924,-95.9178,390.1,7.29,NG,CA,2000,25,0.0,0.0,0.0,0.0,0.0,0.0,0.0,3.5,25.52,-31.05,0.0,0.0,-0.0,stranded
2035,Lower Colorado River Authority,Lost Pines 1 Power Project,55154,CTA,TX,Bastrop,30.1478,-97.2714,202.5,7.29,NG,CT,2001,24,0.0,0.0,0.0,0.0,0.0,0.0,0.0,3.5,25.52,-31.05,0.0,0.0,-0.0,stranded
2035,Lower Colorado River Authority,Lost Pines 1 Power Project,55154,CTB,TX,Bastrop,30.1478,-97.2714,202.5,7.29,NG,CT,2001,24,0.0,0.0,0.0,0.0,0.0,0.0,0.0,3.5,25.52,-31.05,0.0,0.0,-0.0,stranded
2035,Lower Colorado River Authority,Lost Pines 1 Power Project,55154,ST,TX,Bastrop,30.1478,-97.2714,204.0,7.29,NG,CA,2001,24,0.0,0.0,0.0,0.0,0.0,0.0,0.0,3.5,25.52,-31.05,0.0,0.0,-0.0,stranded
2035,Rayburn Energy Station LLC,Rayburn Energy Station LLC,58005,CTG-1,TX,Grayson,33.582573,-96.617893,232.0,7.31,NG,CT,2014,11,0.0,0.0,0.0,0.0,0.0,0.0,0.0,3.5,25.58,-31.12,0.0,0.0,-0.0,stranded
2035,Rayburn Energy Station LLC,Rayburn Energy Station LLC,58005,CTG-2,TX,Grayson,33.582573,-96.617893,232.0,7.31,NG,CT,2014,11,0.0,0.0,0.0,0.0,0.0,0.0,0.0,3.5,25.58,-31.12,0.0,0.0,-0.0,stranded
2035,Rayburn Energy Station LLC,Rayburn Energy Station LLC,58005,STG-1,TX,Grayson,33.582573,-96.617893,339.2,7.31,NG,CA,2014,11,0.0,0.0,0.0,0.0,0.0,0.0,0.0,3.5,25.58,-31.12,0.0,0.0,-0.0,stranded
2035,LaFrontera Holdings LLC,Forney Energy Center,55480,ST1,TX,Kaufman,32.7563,-96.4916,382.5,7.31,NG,CA,2003,22,0.0,0.0,0.0,0.0,0.0,0.0,0.0,3.5,25.58,-31.12,0.0,0.0,-0.0,stranded
2035,LaFrontera Holdings LLC,Forney Energy Center,55480,ST2,TX,Kaufman,32.7563,-96.4916,382.5,7.31,NG,CA,2003,22,0.0,0.0,0.0,0.0,0.0,0.0,0.0,3.5,25.58,-31.12,0.0,0.0,-0.0,stranded
2035,LaFrontera Holdings LLC,Forney Energy Center,55480,U1,TX,Kaufman,32.7563,-96.4916,188.2,7.31,NG,CT,2003,22,0.0,0.0,0.0,0.0,0.0,0.0,0.0,3.5,25.58,-31.12,0.0,0.0,-0.0,stranded
2035,LaFrontera Holdings LLC,Forney Energy Center,55480,U2,TX,Kaufman,32.7563,-96.4916,188.2,7.31,NG,CT,2003,22,0.0,0.0,0.0,0.0,0.0,0.0,0.0,3.5,25.58,-31.12,0.0,0.0,-0.0,stranded
2035,LaFrontera Holdings LLC,Forney Energy Center,55480,U3,TX,Kaufman,32.7563,-96.4916,188.2,7.31,NG,CT,2003,22,0.0,0.0,0.0,0.0,0.0,0.0,0.0,3.5,25.58,-31.12,0.0,0.0,-0.0,stranded
2035,LaFrontera Holdings LLC,Forney Energy Center,55480,U4,TX,Kaufman,32.7563,-96.4916,188.2,7.31,NG,CT,2003,22,0.0,0.0,0.0,0.0,0.0,0.0,0.0,3.5,25.58,-31.12,0.0,0.0,-0.0,stranded
2035,LaFrontera Holdings LLC,Forney Energy Center,55480,U5,TX,Kaufman,32.7563,-96.4916,188.2,7.31,NG,CT,2003,22,0.0,0.0,0.0,0.0,0.0,0.0,0.0,3.5,25.58,-31.12,0.0,0.0,-0.0,stranded
2035,LaFrontera Holdings LLC,Forney Energy Center,55480,U6,TX,Kaufman,32.7563,-96.4916,188.2,7.31,NG,CT,2003,22,0.0,0.0,0.0,0.0,0.0,0.0,0.0,3.5,25.58,-31.12,0.0,0.0,-0.0,stranded
2035,Midlothian Energy LLC,Midlothian Energy Facility,55091,STK1,TX,Ellis,32.4302,-97.0537,289.0,7.36,NG,CS,2000,25,0.0,0.0,0.0,0.0,0.0,0.0,0.0,3.5,25.76,-31.3,0.0,0.0,-0.0,stranded
2035,Midlothian Energy LLC,Midlothian Energy Facility,55091,STK2,TX,Ellis,32.4302,-97.0537,289.0,7.36,NG,CS,2000,25,0.0,0.0,0.0,0.0,0.0,0.0,0.0,3.5,25.76,-31.3,0.0,0.0,-0.0,stranded
2035,Midlothian Energy LLC,Midlothian Energy Facility,55091,STK3,TX,Ellis,32.4302,-97.0537,289.0,7.36,NG,CS,2000,25,0.0,0.0,0.0,0.0,0.0,0.0,0.0,3.5,25.76,-31.3,0.0,0.0,-0.0,stranded
2035,Midlothian Energy LLC,Midlothian Energy Facility,55091,STK4,TX,Ellis,32.4302,-97.0537,289.0,7.36,NG,CS,2000,25,0.0,0.0,0.0,0.0,0.0,0.0,0.0,3.5,25.76,-31.3,0.0,0.0,-0.0,stranded
2035,Midlothian Energy LLC,Midlothian Energy Facility,55091,STK5,TX,Ellis,32.4302,-97.0537,289.0,7.36,NG,CS,2001,24,0.0,0.0,0.0,0.0,0.0,0.0,0.0,3.5,25.76,-31.3,0.0,0.0,-0.0,stranded
2035,Midlothian Energy LLC,Midlothian Energy Facility,55091,STK6,TX,Ellis,32.4302,-97.0537,289.0,7.36,NG,CS,2001,24,0.0,0.0,0.0,0.0,0.0,0.0,0.0,3.5,25.76,-31.3,0.0,0.0,-0.0,stranded
2035,"Wolf Hollow I Power, LLC",Wolf Hollow I LP,55139,CTG1,TX,Hood,32.33422,-97.731686,243.9,7.43,NG,CT,2003,22,0.0,0.0,0.0,0.0,0.0,0.0,0.0,3.5,26.0,-31.54,0.0,0.0,-0.0,stranded
2035,"Wolf Hollow I Power, LLC",Wolf Hollow I LP,55139,CTG2,TX,Hood,32.33422,-97.731686,243.9,7.43,NG,CT,2003,22,0.0,0.0,0.0,0.0,0.0,0.0,0.0,3.5,26.0,-31.54,0.0,0.0,-0.0,stranded
2035,"Wolf Hollow I Power, LLC",Wolf Hollow I LP,55139,ST,TX,Hood,32.33422,-97.731686,300.6,7.43,NG,CA,2003,22,0.0,0.0,0.0,0.0,0.0,0.0,0.0,3.5,26.0,-31.54,0.0,0.0,-0.0,stranded
2035,Calpine Corp - Hidalgo,Hidalgo Energy Center,55545,CTG1,TX,Hidalgo,26.34172,-98.175759,176.6,7.47,NG,CT,2000,25,0.0,0.0,0.0,0.0,0.0,0.0,0.0,3.5,26.14,-31.68,0.0,0.0,-0.0,stranded
2035,Calpine Corp - Hidalgo,Hidalgo Energy Center,55545,CTG2,TX,Hidalgo,26.34172,-98.175759,176.6,7.47,NG,CT,2000,25,0.0,0.0,0.0,0.0,0.0,0.0,0.0,3.5,26.14,-31.68,0.0,0.0,-0.0,stranded
2035,Calpine Corp - Hidalgo,Hidalgo Energy Center,55545,STG1,TX,Hidalgo,26.34172,-98.175759,198.1,7.47,NG,CA,2000,25,0.0,0.0,0.0,0.0,0.0,0.0,0.0,3.5,26.14,-31.68,0.0,0.0,-0.0,stranded
2035,"Bastrop Energy Partners, LP",Bastrop Energy Center,55168,0001,TX,Bastrop,30.1458,-97.55,188.2,7.53,NG,CT,2002,23,0.0,0.0,0.0,0.0,0.0,0.0,0.0,3.5,26.36,-31.89,0.0,0.0,-0.0,stranded
2035,"Bastrop Energy Partners, LP",Bastrop Energy Center,55168,0002,TX,Bastrop,30.1458,-97.55,188.2,7.53,NG,CT,2002,23,0.0,0.0,0.0,0.0,0.0,0.0,0.0,3.5,26.36,-31.89,0.0,0.0,-0.0,stranded
2035,"Bastrop Energy Partners, LP",Bastrop Energy Center,55168,0003,TX,Bastrop,30.1458,-97.55,242.3,7.53,NG,CA,2002,23,0.0,0.0,0.0,0.0,0.0,0.0,0.0,3.5,26.36,-31.89,0.0,0.0,-0.0,stranded
2035,NRG Cedar Bayou Development Company LLC,Cedar Bayou 4,56806,4,TX,Chambers,29.751645,-94.92312,178.5,7.57,NG,CA,2009,16,0.0,0.0,0.0,0.0,0.0,0.0,0.0,3.5,26.5,-32.03,0.0,0.0,-0.0,stranded
2035,NRG Cedar Bayou Development Company LLC,Cedar Bayou 4,56806,41,TX,Chambers,29.751645,-94.92312,178.5,7.57,NG,CT,2009,16,0.0,0.0,0.0,0.0,0.0,0.0,0.0,3.5,26.5,-32.03,0.0,0.0,-0.0,stranded
2035,NRG Cedar Bayou Development Company LLC,Cedar Bayou 4,56806,42,TX,Chambers,29.751645,-94.92312,178.5,7.57,NG,CT,2009,16,0.0,0.0,0.0,0.0,0.0,0.0,0.0,3.5,26.5,-32.03,0.0,0.0,-0.0,stranded
2035,Calpine Corp-Magic Valley,Magic Valley Generating Station,55123,CTG1,TX,Hidalgo,26.3403,-98.19,267.0,7.64,NG,CT,2002,23,0.0,0.0,0.0,0.0,0.0,0.0,0.0,3.5,26.74,-32.27,0.0,0.0,-0.0,stranded
2035,Calpine Corp-Magic Valley,Magic Valley Generating Station,55123,CTG2,TX,Hidalgo,26.3403,-98.19,267.0,7.64,NG,CT,2002,23,0.0,0.0,0.0,0.0,0.0,0.0,0.0,3.5,26.74,-32.27,0.0,0.0,-0.0,stranded
2035,Calpine Corp-Magic Valley,Magic Valley Generating Station,55123,STG,TX,Hidalgo,26.3403,-98.19,267.0,7.64,NG,CA,2002,23,0.0,0.0,0.0,0.0,0.0,0.0,0.0,3.5,26.74,-32.27,0.0,0.0,-0.0,stranded
2035,"Hays Energy, LLC",Hays Energy Project,55144,U1,TX,Hays,29.7806,-97.9894,241.7,7.66,NG,CS,2002,23,0.0,0.0,0.0,0.0,0.0,0.0,0.0,3.5,26.81,-32.34,0.0,0.0,-0.0,stranded
2035,"Hays Energy, LLC",Hays Energy Project,55144,U2,TX,Hays,29.7806,-97.9894,241.7,7.66,NG,CS,2002,23,0.0,0.0,0.0,0.0,0.0,0.0,0.0,3.5,26.81,-32.34,0.0,0.0,-0.0,stranded
2035,"Hays Energy, LLC",Hays Energy Project,55144,U3,TX,Hays,29.7806,-97.9894,252.8,7.66,NG,CS,2002,23,0.0,0.0,0.0,0.0,0.0,0.0,0.0,3.5,26.81,-32.34,0.0,0.0,-0.0,stranded
2035,"Hays Energy, LLC",Hays Energy Project,55144,U4,TX,Hays,29.7806,-97.9894,252.8,7.66,NG,CS,2002,23,0.0,0.0,0.0,0.0,0.0,0.0,0.0,3.5,26.81,-32.34,0.0,0.0,-0.0,stranded
2035,Tenaska Gateway Partners Ltd,Tenaska Gateway Generating Station,55132,GTG1,TX,Rusk,32.017826,-94.619743,183.2,7.69,NG,CT,2001,24,0.0,0.0,0.0,0.0,0.0,0.0,0.0,3.5,26.92,-32.45,0.0,0.0,-0.0,stranded
2035,Tenaska Gateway Partners Ltd,Tenaska Gateway Generating Station,55132,GTG2,TX,Rusk,32.017826,-94.619743,183.2,7.69,NG,CT,2001,24,0.0,0.0,0.0,0.0,0.0,0.0,0.0,3.5,26.92,-32.45,0.0,0.0,-0.0,stranded
2035,Tenaska Gateway Partners Ltd,Tenaska Gateway Generating Station,55132,GTG3,TX,Rusk,32.017826,-94.619743,183.2,7.69,NG,CT,2001,24,0.0,0.0,0.0,0.0,0.0,0.0,0.0,3.5,26.92,-32.45,0.0,0.0,-0.0,stranded
2035,Tenaska Gateway Partners Ltd,Tenaska Gateway Generating Station,55132,STG1,TX,Rusk,32.017826,-94.619743,390.0,7.69,NG,CA,2001,24,0.0,0.0,0.0,0.0,0.0,0.0,0.0,3.5,26.92,-32.45,0.0,0.0,-0.0,stranded
2035,Sandy Creek Energy Associates LP,Sandy Creek Energy Station,56611,S01,TX,McLennan,31.474378,-96.957149,1008.0,9.75,SUB,ST,2013,12,0.0,0.0,0.0,0.0,0.0,0.0,0.0,5.5,21.94,-32.66,0.0,0.0,-0.0,stranded
2035,Johnson County Power LLC,Johnson County,54817,GT-1,TX,Johnson,32.3994,-97.4078,178.2,7.76,NG,CT,1996,29,0.0,0.0,0.0,0.0,0.0,0.0,0.0,3.5,27.16,-32.7,0.0,0.0,-0.0,stranded
2035,Johnson County Power LLC,Johnson County,54817,ST-1,TX,Johnson,32.3994,-97.4078,104.4,7.76,NG,CA,1996,29,0.0,0.0,0.0,0.0,0.0,0.0,0.0,3.5,27.16,-32.7,0.0,0.0,-0.0,stranded
2035,Union Carbide Corp-Seadrift,Union Carbide Seadrift Cogen,50150,GE10,TX,Calhoun,28.5105,-96.7706,15.0,7.77,NG,ST,1964,61,0.0,0.0,0.0,0.0,0.0,0.0,0.0,3.5,27.2,-32.73,0.0,0.0,-0.0,stranded
2035,Union Carbide Corp-Seadrift,Union Carbide Seadrift Cogen,50150,GEN5,TX,Calhoun,28.5105,-96.7706,15.0,7.77,NG,ST,1987,38,0.0,0.0,0.0,0.0,0.0,0.0,0.0,3.5,27.2,-32.73,0.0,0.0,-0.0,stranded
2035,Union Carbide Corp-Seadrift,Union Carbide Seadrift Cogen,50150,GEN7,TX,Calhoun,28.5105,-96.7706,6.0,7.77,NG,ST,1987,38,0.0,0.0,0.0,0.0,0.0,0.0,0.0,3.5,27.2,-32.73,0.0,0.0,-0.0,stranded
2035,Union Carbide Corp-Seadrift,Union Carbide Seadrift Cogen,50150,GEN9,TX,Calhoun,28.5105,-96.7706,15.0,7.77,NG,ST,1987,38,0.0,0.0,0.0,0.0,0.0,0.0,0.0,3.5,27.2,-32.73,0.0,0.0,-0.0,stranded
2035,City of San Antonio - (TX),Nueces Bay,3441,7,TX,Nueces,27.819412,-97.419203,351.0,7.79,NG,CA,1972,53,0.0,0.0,0.0,0.0,0.0,0.0,0.0,3.5,27.27,-32.8,0.0,0.0,-0.0,stranded
2035,City of San Antonio - (TX),Nueces Bay,3441,8,TX,Nueces,27.819412,-97.419203,189.6,7.79,NG,CT,2010,15,0.0,0.0,0.0,0.0,0.0,0.0,0.0,3.5,27.27,-32.8,0.0,0.0,-0.0,stranded
2035,City of San Antonio - (TX),Nueces Bay,3441,9,TX,Nueces,27.819412,-97.419203,189.6,7.79,NG,CT,2010,15,0.0,0.0,0.0,0.0,0.0,0.0,0.0,3.5,27.27,-32.8,0.0,0.0,-0.0,stranded
2035,City of San Antonio - (TX),J K Spruce,7097,1,TX,Bexar,29.309722,-98.3203,566.0,10.01,SUB,ST,1992,33,0.0,0.0,0.0,0.0,0.0,0.0,0.0,5.5,22.52,-33.25,0.0,0.0,-0.0,stranded
2035,City of San Antonio - (TX),J K Spruce,7097,2,TX,Bexar,29.309722,-98.3203,922.5,10.01,SUB,ST,2010,15,0.0,0.0,0.0,0.0,0.0,0.0,0.0,5.5,22.52,-33.25,0.0,0.0,-0.0,stranded
2035,City of San Antonio - (TX),Barney M Davis,4939,1,TX,Nueces,27.6064,-97.3117,352.0,8.04,NG,ST,1974,51,0.0,0.0,0.0,0.0,0.0,0.0,0.0,3.5,28.14,-33.67,0.0,0.0,-0.0,stranded
2035,City of San Antonio - (TX),Barney M Davis,4939,2,TX,Nueces,27.6064,-97.3117,351.0,8.04,NG,CA,1976,49,0.0,0.0,0.0,0.0,0.0,0.0,0.0,3.5,28.14,-33.67,0.0,0.0,-0.0,stranded
2035,City of San Antonio - (TX),Barney M Davis,4939,3,TX,Nueces,27.6064,-97.3117,189.6,8.04,NG,CT,2010,15,0.0,0.0,0.0,0.0,0.0,0.0,0.0,3.5,28.14,-33.67,0.0,0.0,-0.0,stranded
2035,City of San Antonio - (TX),Barney M Davis,4939,4,TX,Nueces,27.6064,-97.3117,189.6,8.04,NG,CT,2010,15,0.0,0.0,0.0,0.0,0.0,0.0,0.0,3.5,28.14,-33.67,0.0,0.0,-0.0,stranded
2035,Kinder Morgan Production Company LP,EG178 Facility,56233,CT02,TX,Scurry,32.747058,-100.954661,60.5,8.15,NG,CT,2005,20,0.0,0.0,0.0,0.0,0.0,0.0,0.0,3.5,28.53,-34.06,0.0,0.0,-0.0,stranded
2035,Kinder Morgan Production Company LP,EG178 Facility,56233,CTG1,TX,Scurry,32.747058,-100.954661,60.5,8.15,NG,CT,2005,20,0.0,0.0,0.0,0.0,0.0,0.0,0.0,3.5,28.53,-34.06,0.0,0.0,-0.0,stranded
2035,Kinder Morgan Production Company LP,EG178 Facility,56233,STG,TX,Scurry,32.747058,-100.954661,32.9,8.15,NG,CA,2005,20,0.0,0.0,0.0,0.0,0.0,0.0,0.0,3.5,28.53,-34.06,0.0,0.0,-0.0,stranded
2035,"Victoria WLE, LP",Victoria,3443,5,TX,Victoria,28.7883,-97.01,180.0,8.33,NG,CA,1963,62,0.0,0.0,0.0,0.0,0.0,0.0,0.0,3.5,29.16,-34.69,0.0,0.0,-0.0,stranded
2035,"Victoria WLE, LP",Victoria,3443,7,TX,Victoria,28.7883,-97.01,196.9,8.33,NG,CT,2009,16,0.0,0.0,0.0,0.0,0.0,0.0,0.0,3.5,29.16,-34.69,0.0,0.0,-0.0,stranded
2035,Coleto Creek Power LP,Coleto Creek,6178,1,TX,Goliad,28.7128,-97.214167,622.4,10.65,SUB,ST,1980,45,0.0,0.0,0.0,0.0,0.0,0.0,0.0,5.5,23.96,-34.69,0.0,0.0,-0.0,stranded
2035,Austin Energy,Sand Hill,7900,5A,TX,Travis,30.2098,-97.6129,198.0,8.4,NG,CT,2004,21,0.0,0.0,0.0,0.0,0.0,0.0,0.0,3.5,29.4,-34.94,0.0,0.0,-0.0,stranded
2035,Austin Energy,Sand Hill,7900,5C,TX,Travis,30.2098,-97.6129,190.0,8.4,NG,CA,2004,21,0.0,0.0,0.0,0.0,0.0,0.0,0.0,3.5,29.4,-34.94,0.0,0.0,-0.0,stranded
2035,Lower Colorado River Authority,Fayette Power Project,6179,1,TX,Fayette,29.9172,-96.7506,615.0,10.78,SUB,ST,1979,46,0.0,0.0,0.0,0.0,0.0,0.0,0.0,5.5,24.25,-34.98,0.0,0.0,-0.0,stranded
2035,Lower Colorado River Authority,Fayette Power Project,6179,2,TX,Fayette,29.9172,-96.7506,615.0,10.78,SUB,ST,1980,45,0.0,0.0,0.0,0.0,0.0,0.0,0.0,5.5,24.25,-34.98,0.0,0.0,-0.0,stranded
2035,Lower Colorado River Authority,Fayette Power Project,6179,3,TX,Fayette,29.9172,-96.7506,460.0,10.78,SUB,ST,1988,37,0.0,0.0,0.0,0.0,0.0,0.0,0.0,5.5,24.25,-34.98,0.0,0.0,-0.0,stranded
2035,Union Carbide Corp-Seadrift,Union Carbide Seadrift Cogen,50150,GE11,TX,Calhoun,28.5105,-96.7706,35.0,7.77,NG,GT,2000,25,0.0,0.0,0.0,0.0,0.0,0.0,0.0,5.0,27.2,-35.22,0.0,0.0,-0.0,stranded
2035,Union Carbide Corp-Seadrift,Union Carbide Seadrift Cogen,50150,GEN6,TX,Calhoun,28.5105,-96.7706,35.0,7.77,NG,GT,1987,38,0.0,0.0,0.0,0.0,0.0,0.0,0.0,5.0,27.2,-35.22,0.0,0.0,-0.0,stranded
2035,Union Carbide Corp-Seadrift,Union Carbide Seadrift Cogen,50150,GEN8,TX,Calhoun,28.5105,-96.7706,35.0,7.77,NG,GT,1987,38,0.0,0.0,0.0,0.0,0.0,0.0,0.0,5.0,27.2,-35.22,0.0,0.0,-0.0,stranded
2035,Union Carbide Corp-Seadrift,Union Carbide Seadrift Cogen,50150,IGT,TX,Calhoun,28.5105,-96.7706,12.0,7.77,NG,GT,1969,56,0.0,0.0,0.0,0.0,0.0,0.0,0.0,5.0,27.2,-35.22,0.0,0.0,-0.0,stranded
2035,"Quail Run Energy Partners, LP",Quail Run Energy Center,56349,CT1A,TX,Ector,31.8414,-102.315,90.6,8.53,NG,CT,2007,18,0.0,0.0,0.0,0.0,0.0,0.0,0.0,3.5,29.85,-35.39,0.0,0.0,-0.0,stranded
2035,"Quail Run Energy Partners, LP",Quail Run Energy Center,56349,CT1B,TX,Ector,31.8414,-102.315,90.6,8.53,NG,CT,2007,18,0.0,0.0,0.0,0.0,0.0,0.0,0.0,3.5,29.85,-35.39,0.0,0.0,-0.0,stranded
2035,"Quail Run Energy Partners, LP",Quail Run Energy Center,56349,CT2A,TX,Ector,31.8414,-102.315,86.5,8.53,NG,CT,2002,23,0.0,0.0,0.0,0.0,0.0,0.0,0.0,3.5,29.85,-35.39,0.0,0.0,-0.0,stranded
2035,"Quail Run Energy Partners, LP",Quail Run Energy Center,56349,CT2B,TX,Ector,31.8414,-102.315,86.5,8.53,NG,CT,2002,23,0.0,0.0,0.0,0.0,0.0,0.0,0.0,3.5,29.85,-35.39,0.0,0.0,-0.0,stranded
2035,"Quail Run Energy Partners, LP",Quail Run Energy Center,56349,ST1,TX,Ector,31.8414,-102.315,98.1,8.53,NG,CA,2007,18,0.0,0.0,0.0,0.0,0.0,0.0,0.0,3.5,29.85,-35.39,0.0,0.0,-0.0,stranded
2035,"Quail Run Energy Partners, LP",Quail Run Energy Center,56349,ST2,TX,Ector,31.8414,-102.315,98.1,8.53,NG,CA,2008,17,0.0,0.0,0.0,0.0,0.0,0.0,0.0,3.5,29.85,-35.39,0.0,0.0,-0.0,stranded
2035,"WTG Jameson, L.P.",Jameson Gas Processing Plant,55052,620,TX,Coke,32.05,-100.6917,0.4,7.87,NG,IC,1981,44,0.0,0.0,0.0,0.0,0.0,0.0,0.0,5.0,27.55,-35.57,0.0,0.0,-0.0,stranded
2035,"WTG Jameson, L.P.",Jameson Gas Processing Plant,55052,621,TX,Coke,32.05,-100.6917,0.4,7.87,NG,IC,1981,44,0.0,0.0,0.0,0.0,0.0,0.0,0.0,5.0,27.55,-35.57,0.0,0.0,-0.0,stranded
2035,"WTG Jameson, L.P.",Jameson Gas Processing Plant,55052,622,TX,Coke,32.05,-100.6917,0.5,7.87,NG,IC,1986,39,0.0,0.0,0.0,0.0,0.0,0.0,0.0,5.0,27.55,-35.57,0.0,0.0,-0.0,stranded
2035,"WTG Jameson, L.P.",Jameson Gas Processing Plant,55052,GN410,TX,Coke,32.05,-100.6917,0.5,7.87,NG,IC,2017,8,0.0,0.0,0.0,0.0,0.0,0.0,0.0,5.0,27.55,-35.57,0.0,0.0,-0.0,stranded
2035,CER Colorado Bend Energy Partners LP,Colorado Bend Energy Center,56350,CT1A,TX,Wharton,29.2878,-96.0683,90.0,8.65,NG,CT,2002,23,0.0,0.0,0.0,0.0,0.0,0.0,0.0,3.5,30.28,-35.81,0.0,0.0,-0.0,stranded
2035,CER Colorado Bend Energy Partners LP,Colorado Bend Energy Center,56350,CT1B,TX,Wharton,29.2878,-96.0683,90.0,8.65,NG,CT,2002,23,0.0,0.0,0.0,0.0,0.0,0.0,0.0,3.5,30.28,-35.81,0.0,0.0,-0.0,stranded
2035,CER Colorado Bend Energy Partners LP,Colorado Bend Energy Center,56350,CT2A,TX,Wharton,29.2878,-96.0683,90.0,8.65,NG,CT,2002,23,0.0,0.0,0.0,0.0,0.0,0.0,0.0,3.5,30.28,-35.81,0.0,0.0,-0.0,stranded
2035,CER Colorado Bend Energy Partners LP,Colorado Bend Energy Center,56350,CT2B,TX,Wharton,29.2878,-96.0683,90.0,8.65,NG,CT,2002,23,0.0,0.0,0.0,0.0,0.0,0.0,0.0,3.5,30.28,-35.81,0.0,0.0,-0.0,stranded
2035,CER Colorado Bend Energy Partners LP,Colorado Bend Energy Center,56350,ST1,TX,Wharton,29.2878,-96.0683,105.1,8.65,NG,CA,2007,18,0.0,0.0,0.0,0.0,0.0,0.0,0.0,3.5,30.28,-35.81,0.0,0.0,-0.0,stranded
2035,CER Colorado Bend Energy Partners LP,Colorado Bend Energy Center,56350,ST2,TX,Wharton,29.2878,-96.0683,115.0,8.65,NG,CA,2008,17,0.0,0.0,0.0,0.0,0.0,0.0,0.0,3.5,30.28,-35.81,0.0,0.0,-0.0,stranded
2035,Luminant Generation Company LLC,Oak Grove (TX),6180,OG1,TX,Robertson,31.1803,-96.4866,916.8,11.21,LIG,ST,2010,15,0.0,0.0,0.0,0.0,0.0,0.0,0.0,5.5,25.22,-35.95,0.0,0.0,-0.0,stranded
2035,Luminant Generation Company LLC,Oak Grove (TX),6180,OG2,TX,Robertson,31.1803,-96.4866,878.6,11.21,LIG,ST,2011,14,0.0,0.0,0.0,0.0,0.0,0.0,0.0,5.5,25.22,-35.95,0.0,0.0,-0.0,stranded
2035,NRG Texas Power LLC,W A Parish,3470,5,TX,Fort Bend,29.4828,-95.6311,734.1,11.5,SUB,ST,1977,48,0.0,0.0,0.0,0.0,0.0,0.0,0.0,5.5,25.88,-36.6,0.0,0.0,-0.0,stranded
2035,NRG Texas Power LLC,W A Parish,3470,6,TX,Fort Bend,29.4828,-95.6311,734.1,11.5,SUB,ST,1978,47,0.0,0.0,0.0,0.0,0.0,0.0,0.0,5.5,25.88,-36.6,0.0,0.0,-0.0,stranded
2035,NRG Texas Power LLC,W A Parish,3470,7,TX,Fort Bend,29.4828,-95.6311,614.6,11.5,SUB,ST,1980,45,0.0,0.0,0.0,0.0,0.0,0.0,0.0,5.5,25.88,-36.6,0.0,0.0,-0.0,stranded
2035,NRG Texas Power LLC,W A Parish,3470,8,TX,Fort Bend,29.4828,-95.6311,654.0,11.5,SUB,ST,1982,43,0.0,0.0,0.0,0.0,0.0,0.0,0.0,5.5,25.88,-36.6,0.0,0.0,-0.0,stranded
2035,Luminant Generation Company LLC,Martin Lake,6146,1,TX,Rusk,32.2606,-94.5706,793.2,11.58,SUB,ST,1977,48,0.0,0.0,0.0,0.0,0.0,0.0,0.0,5.5,26.05,-36.78,0.0,0.0,-0.0,stranded
2035,Luminant Generation Company LLC,Martin Lake,6146,2,TX,Rusk,32.2606,-94.5706,793.2,11.58,SUB,ST,1978,47,0.0,0.0,0.0,0.0,0.0,0.0,0.0,5.5,26.05,-36.78,0.0,0.0,-0.0,stranded
2035,Luminant Generation Company LLC,Martin Lake,6146,3,TX,Rusk,32.2606,-94.5706,793.2,11.58,SUB,ST,1979,46,0.0,0.0,0.0,0.0,0.0,0.0,0.0,5.5,26.05,-36.78,0.0,0.0,-0.0,stranded
2035,"BHER Power Resources, Inc",C R Wing Cogen Plant,52176,GEN1,TX,Howard,32.273178,-101.422386,77.5,8.94,NG,CT,1987,38,0.0,0.0,0.0,0.0,0.0,0.0,0.0,3.5,31.29,-36.83,0.0,0.0,-0.0,stranded
2035,"BHER Power Resources, Inc",C R Wing Cogen Plant,52176,GEN2,TX,Howard,32.273178,-101.422386,77.5,8.94,NG,CT,1987,38,0.0,0.0,0.0,0.0,0.0,0.0,0.0,3.5,31.29,-36.83,0.0,0.0,-0.0,stranded
2035,"BHER Power Resources, Inc",C R Wing Cogen Plant,52176,GEN3,TX,Howard,32.273178,-101.422386,75.0,8.94,NG,CA,1988,37,0.0,0.0,0.0,0.0,0.0,0.0,0.0,3.5,31.29,-36.83,0.0,0.0,-0.0,stranded
2035,NRG Texas Power LLC,Limestone,298,1,TX,Limestone,31.4219,-96.2525,893.0,11.69,SUB,ST,1985,40,0.0,0.0,0.0,0.0,0.0,0.0,0.0,5.5,26.3,-37.03,0.0,0.0,-0.0,stranded
2035,NRG Texas Power LLC,Limestone,298,2,TX,Limestone,31.4219,-96.2525,956.8,11.69,SUB,ST,1986,39,0.0,0.0,0.0,0.0,0.0,0.0,0.0,5.5,26.3,-37.03,0.0,0.0,-0.0,stranded
2035,Gregory Power Partners LLC,Gregory Power Plant,55086,GT1A,TX,San Patricio,27.88929,-97.258417,184.9,9.03,NG,CT,2000,25,0.0,0.0,0.0,0.0,0.0,0.0,0.0,3.5,31.6,-37.14,0.0,0.0,-0.0,stranded
2035,Gregory Power Partners LLC,Gregory Power Plant,55086,GT1B,TX,San Patricio,27.88929,-97.258417,184.9,9.03,NG,CT,2000,25,0.0,0.0,0.0,0.0,0.0,0.0,0.0,3.5,31.6,-37.14,0.0,0.0,-0.0,stranded
2035,Gregory Power Partners LLC,Gregory Power Plant,55086,STG,TX,San Patricio,27.88929,-97.258417,100.0,9.03,NG,CA,2000,25,0.0,0.0,0.0,0.0,0.0,0.0,0.0,3.5,31.6,-37.14,0.0,0.0,-0.0,stranded
2035,Austin Energy,Sand Hill,7900,SH1,TX,Travis,30.2098,-97.6129,51.4,8.4,NG,GT,2001,24,0.0,0.0,0.0,0.0,0.0,0.0,0.0,5.0,29.4,-37.43,0.0,0.0,-0.0,stranded
2035,Austin Energy,Sand Hill,7900,SH2,TX,Travis,30.2098,-97.6129,51.4,8.4,NG,GT,2001,24,0.0,0.0,0.0,0.0,0.0,0.0,0.0,5.0,29.4,-37.43,0.0,0.0,-0.0,stranded
2035,Austin Energy,Sand Hill,7900,SH3,TX,Travis,30.2098,-97.6129,51.4,8.4,NG,GT,2001,24,0.0,0.0,0.0,0.0,0.0,0.0,0.0,5.0,29.4,-37.43,0.0,0.0,-0.0,stranded
2035,Austin Energy,Sand Hill,7900,SH4,TX,Travis,30.2098,-97.6129,51.4,8.4,NG,GT,2001,24,0.0,0.0,0.0,0.0,0.0,0.0,0.0,5.0,29.4,-37.43,0.0,0.0,-0.0,stranded
2035,Austin Energy,Sand Hill,7900,SH6,TX,Travis,30.2098,-97.6129,51.4,8.4,NG,GT,2010,15,0.0,0.0,0.0,0.0,0.0,0.0,0.0,5.0,29.4,-37.43,0.0,0.0,-0.0,stranded
2035,Austin Energy,Sand Hill,7900,SH7,TX,Travis,30.2098,-97.6129,51.4,8.4,NG,GT,2010,15,0.0,0.0,0.0,0.0,0.0,0.0,0.0,5.0,29.4,-37.43,0.0,0.0,-0.0,stranded
2035,"Major Oak Power, LLC",Major Oak Power,7030,1,TX,Robertson,31.091925,-96.69503,174.6,11.93,LIG,ST,1990,35,0.0,0.0,0.0,0.0,0.0,0.0,0.0,5.5,26.84,-37.57,0.0,0.0,-0.0,stranded
2035,"Major Oak Power, LLC",Major Oak Power,7030,2,TX,Robertson,31.091925,-96.69503,174.6,11.93,LIG,ST,1991,34,0.0,0.0,0.0,0.0,0.0,0.0,0.0,5.5,26.84,-37.57,0.0,0.0,-0.0,stranded
2035,City of Denton - (TX),Denton Energy Center,61643,DEC1,TX,Denton,33.214869,-97.209692,18.8,8.6,NG,IC,2018,7,0.0,0.0,0.0,0.0,0.0,0.0,0.0,5.0,30.1,-38.12,0.0,0.0,-0.0,stranded
2035,City of Denton - (TX),Denton Energy Center,61643,DEC10,TX,Denton,33.214869,-97.209692,18.8,8.6,NG,IC,2018,7,0.0,0.0,0.0,0.0,0.0,0.0,0.0,5.0,30.1,-38.12,0.0,0.0,-0.0,stranded
2035,City of Denton - (TX),Denton Energy Center,61643,DEC11,TX,Denton,33.214869,-97.209692,18.8,8.6,NG,IC,2018,7,0.0,0.0,0.0,0.0,0.0,0.0,0.0,5.0,30.1,-38.12,0.0,0.0,-0.0,stranded
2035,City of Denton - (TX),Denton Energy Center,61643,DEC12,TX,Denton,33.214869,-97.209692,18.8,8.6,NG,IC,2018,7,0.0,0.0,0.0,0.0,0.0,0.0,0.0,5.0,30.1,-38.12,0.0,0.0,-0.0,stranded
2035,City of Denton - (TX),Denton Energy Center,61643,DEC2,TX,Denton,33.214869,-97.209692,18.8,8.6,NG,IC,2018,7,0.0,0.0,0.0,0.0,0.0,0.0,0.0,5.0,30.1,-38.12,0.0,0.0,-0.0,stranded
2035,City of Denton - (TX),Denton Energy Center,61643,DEC3,TX,Denton,33.214869,-97.209692,18.8,8.6,NG,IC,2018,7,0.0,0.0,0.0,0.0,0.0,0.0,0.0,5.0,30.1,-38.12,0.0,0.0,-0.0,stranded
2035,City of Denton - (TX),Denton Energy Center,61643,DEC4,TX,Denton,33.214869,-97.209692,18.8,8.6,NG,IC,2018,7,0.0,0.0,0.0,0.0,0.0,0.0,0.0,5.0,30.1,-38.12,0.0,0.0,-0.0,stranded
2035,City of Denton - (TX),Denton Energy Center,61643,DEC5,TX,Denton,33.214869,-97.209692,18.8,8.6,NG,IC,2018,7,0.0,0.0,0.0,0.0,0.0,0.0,0.0,5.0,30.1,-38.12,0.0,0.0,-0.0,stranded
2035,City of Denton - (TX),Denton Energy Center,61643,DEC6,TX,Denton,33.214869,-97.209692,18.8,8.6,NG,IC,2018,7,0.0,0.0,0.0,0.0,0.0,0.0,0.0,5.0,30.1,-38.12,0.0,0.0,-0.0,stranded
2035,City of Denton - (TX),Denton Energy Center,61643,DEC7,TX,Denton,33.214869,-97.209692,18.8,8.6,NG,IC,2018,7,0.0,0.0,0.0,0.0,0.0,0.0,0.0,5.0,30.1,-38.12,0.0,0.0,-0.0,stranded
2035,City of Denton - (TX),Denton Energy Center,61643,DEC8,TX,Denton,33.214869,-97.209692,18.8,8.6,NG,IC,2018,7,0.0,0.0,0.0,0.0,0.0,0.0,0.0,5.0,30.1,-38.12,0.0,0.0,-0.0,stranded
2035,City of Denton - (TX),Denton Energy Center,61643,DEC9,TX,Denton,33.214869,-97.209692,18.8,8.6,NG,IC,2018,7,0.0,0.0,0.0,0.0,0.0,0.0,0.0,5.0,30.1,-38.12,0.0,0.0,-0.0,stranded
2035,"South Texas Electric Coop, Inc",Red Gate Power Plant,59391,ENG01,TX,Hidalgo,26.451111,-98.1775,18.7,8.6,NG,IC,2016,9,0.0,0.0,0.0,0.0,0.0,0.0,0.0,5.0,30.1,-38.12,0.0,0.0,-0.0,stranded
2035,"South Texas Electric Coop, Inc",Red Gate Power Plant,59391,ENG02,TX,Hidalgo,26.451111,-98.1775,18.7,8.6,NG,IC,2016,9,0.0,0.0,0.0,0.0,0.0,0.0,0.0,5.0,30.1,-38.12,0.0,0.0,-0.0,stranded
2035,"South Texas Electric Coop, Inc",Red Gate Power Plant,59391,ENG03,TX,Hidalgo,26.451111,-98.1775,18.7,8.6,NG,IC,2016,9,0.0,0.0,0.0,0.0,0.0,0.0,0.0,5.0,30.1,-38.12,0.0,0.0,-0.0,stranded
2035,"South Texas Electric Coop, Inc",Red Gate Power Plant,59391,ENG04,TX,Hidalgo,26.451111,-98.1775,18.7,8.6,NG,IC,2016,9,0.0,0.0,0.0,0.0,0.0,0.0,0.0,5.0,30.1,-38.12,0.0,0.0,-0.0,stranded
2035,"South Texas Electric Coop, Inc",Red Gate Power Plant,59391,ENG05,TX,Hidalgo,26.451111,-98.1775,18.7,8.6,NG,IC,2016,9,0.0,0.0,0.0,0.0,0.0,0.0,0.0,5.0,30.1,-38.12,0.0,0.0,-0.0,stranded
2035,"South Texas Electric Coop, Inc",Red Gate Power Plant,59391,ENG06,TX,Hidalgo,26.451111,-98.1775,18.7,8.6,NG,IC,2016,9,0.0,0.0,0.0,0.0,0.0,0.0,0.0,5.0,30.1,-38.12,0.0,0.0,-0.0,stranded
2035,"South Texas Electric Coop, Inc",Red Gate Power Plant,59391,ENG07,TX,Hidalgo,26.451111,-98.1775,18.7,8.6,NG,IC,2016,9,0.0,0.0,0.0,0.0,0.0,0.0,0.0,5.0,30.1,-38.12,0.0,0.0,-0.0,stranded
2035,"South Texas Electric Coop, Inc",Red Gate Power Plant,59391,ENG08,TX,Hidalgo,26.451111,-98.1775,18.7,8.6,NG,IC,2016,9,0.0,0.0,0.0,0.0,0.0,0.0,0.0,5.0,30.1,-38.12,0.0,0.0,-0.0,stranded
2035,"South Texas Electric Coop, Inc",Red Gate Power Plant,59391,ENG09,TX,Hidalgo,26.451111,-98.1775,18.7,8.6,NG,IC,2016,9,0.0,0.0,0.0,0.0,0.0,0.0,0.0,5.0,30.1,-38.12,0.0,0.0,-0.0,stranded
2035,"South Texas Electric Coop, Inc",Red Gate Power Plant,59391,ENG10,TX,Hidalgo,26.451111,-98.1775,18.7,8.6,NG,IC,2016,9,0.0,0.0,0.0,0.0,0.0,0.0,0.0,5.0,30.1,-38.12,0.0,0.0,-0.0,stranded
2035,"South Texas Electric Coop, Inc",Red Gate Power Plant,59391,ENG11,TX,Hidalgo,26.451111,-98.1775,18.7,8.6,NG,IC,2016,9,0.0,0.0,0.0,0.0,0.0,0.0,0.0,5.0,30.1,-38.12,0.0,0.0,-0.0,stranded
2035,"South Texas Electric Coop, Inc",Red Gate Power Plant,59391,ENG12,TX,Hidalgo,26.451111,-98.1775,18.7,8.6,NG,IC,2016,9,0.0,0.0,0.0,0.0,0.0,0.0,0.0,5.0,30.1,-38.12,0.0,0.0,-0.0,stranded
2035,CER Colorado Bend Energy Partners LP,Colorado Bend Energy Center,56350,CT4A,TX,Wharton,29.2878,-96.0683,37.0,8.65,NG,GT,2023,2,0.0,0.0,0.0,0.0,0.0,0.0,0.0,5.0,30.28,-38.3,0.0,0.0,-0.0,stranded
2035,CER Colorado Bend Energy Partners LP,Colorado Bend Energy Center,56350,CT4B,TX,Wharton,29.2878,-96.0683,37.0,8.65,NG,GT,2023,2,0.0,0.0,0.0,0.0,0.0,0.0,0.0,5.0,30.28,-38.3,0.0,0.0,-0.0,stranded
2035,"South Texas Electric Coop, Inc",Sam Rayburn,3631,10,TX,Victoria,28.8947,-97.135,42.0,9.44,NG,CA,2003,22,0.0,0.0,0.0,0.0,0.0,0.0,0.0,3.5,33.04,-38.58,0.0,0.0,-0.0,stranded
2035,"South Texas Electric Coop, Inc",Sam Rayburn,3631,7,TX,Victoria,28.8947,-97.135,49.2,9.44,NG,CT,2003,22,0.0,0.0,0.0,0.0,0.0,0.0,0.0,3.5,33.04,-38.58,0.0,0.0,-0.0,stranded
2035,"South Texas Electric Coop, Inc",Sam Rayburn,3631,8,TX,Victoria,28.8947,-97.135,49.2,9.44,NG,CT,2003,22,0.0,0.0,0.0,0.0,0.0,0.0,0.0,3.5,33.04,-38.58,0.0,0.0,-0.0,stranded
2035,"South Texas Electric Coop, Inc",Sam Rayburn,3631,9,TX,Victoria,28.8947,-97.135,49.2,9.44,NG,CT,2003,22,0.0,0.0,0.0,0.0,0.0,0.0,0.0,3.5,33.04,-38.58,0.0,0.0,-0.0,stranded
2035,"South Texas Electric Coop, Inc",Pearsall,3630,10A,TX,Frio,28.9275,-99.0919,8.4,9.12,NG,IC,2010,15,0.0,0.0,0.0,0.0,0.0,0.0,0.0,5.0,31.92,-39.95,0.0,0.0,-0.0,stranded
2035,"South Texas Electric Coop, Inc",Pearsall,3630,11A,TX,Frio,28.9275,-99.0919,8.4,9.12,NG,IC,2010,15,0.0,0.0,0.0,0.0,0.0,0.0,0.0,5.0,31.92,-39.95,0.0,0.0,-0.0,stranded
2035,"South Texas Electric Coop, Inc",Pearsall,3630,12A,TX,Frio,28.9275,-99.0919,8.4,9.12,NG,IC,2010,15,0.0,0.0,0.0,0.0,0.0,0.0,0.0,5.0,31.92,-39.95,0.0,0.0,-0.0,stranded
2035,"South Texas Electric Coop, Inc",Pearsall,3630,13A,TX,Frio,28.9275,-99.0919,8.4,9.12,NG,IC,2010,15,0.0,0.0,0.0,0.0,0.0,0.0,0.0,5.0,31.92,-39.95,0.0,0.0,-0.0,stranded
2035,"South Texas Electric Coop, Inc",Pearsall,3630,14A,TX,Frio,28.9275,-99.0919,8.4,9.12,NG,IC,2010,15,0.0,0.0,0.0,0.0,0.0,0.0,0.0,5.0,31.92,-39.95,0.0,0.0,-0.0,stranded
2035,"South Texas Electric Coop, Inc",Pearsall,3630,15A,TX,Frio,28.9275,-99.0919,8.4,9.12,NG,IC,2010,15,0.0,0.0,0.0,0.0,0.0,0.0,0.0,5.0,31.92,-39.95,0.0,0.0,-0.0,stranded
2035,"South Texas Electric Coop, Inc",Pearsall,3630,16A,TX,Frio,28.9275,-99.0919,8.4,9.12,NG,IC,2010,15,0.0,0.0,0.0,0.0,0.0,0.0,0.0,5.0,31.92,-39.95,0.0,0.0,-0.0,stranded
2035,"South Texas Electric Coop, Inc",Pearsall,3630,17A,TX,Frio,28.9275,-99.0919,8.4,9.12,NG,IC,2010,15,0.0,0.0,0.0,0.0,0.0,0.0,0.0,5.0,31.92,-39.95,0.0,0.0,-0.0,stranded
2035,"South Texas Electric Coop, Inc",Pearsall,3630,18A,TX,Frio,28.9275,-99.0919,8.4,9.12,NG,IC,2010,15,0.0,0.0,0.0,0.0,0.0,0.0,0.0,5.0,31.92,-39.95,0.0,0.0,-0.0,stranded
2035,"South Texas Electric Coop, Inc",Pearsall,3630,19A,TX,Frio,28.9275,-99.0919,8.4,9.12,NG,IC,2010,15,0.0,0.0,0.0,0.0,0.0,0.0,0.0,5.0,31.92,-39.95,0.0,0.0,-0.0,stranded
2035,"South Texas Electric Coop, Inc",Pearsall,3630,1A,TX,Frio,28.9275,-99.0919,8.4,9.12,NG,IC,2010,15,0.0,0.0,0.0,0.0,0.0,0.0,0.0,5.0,31.92,-39.95,0.0,0.0,-0.0,stranded
2035,"South Texas Electric Coop, Inc",Pearsall,3630,20A,TX,Frio,28.9275,-99.0919,8.4,9.12,NG,IC,2010,15,0.0,0.0,0.0,0.0,0.0,0.0,0.0,5.0,31.92,-39.95,0.0,0.0,-0.0,stranded
2035,"South Texas Electric Coop, Inc",Pearsall,3630,21A,TX,Frio,28.9275,-99.0919,8.4,9.12,NG,IC,2010,15,0.0,0.0,0.0,0.0,0.0,0.0,0.0,5.0,31.92,-39.95,0.0,0.0,-0.0,stranded
2035,"South Texas Electric Coop, Inc",Pearsall,3630,22A,TX,Frio,28.9275,-99.0919,8.4,9.12,NG,IC,2010,15,0.0,0.0,0.0,0.0,0.0,0.0,0.0,5.0,31.92,-39.95,0.0,0.0,-0.0,stranded
2035,"South Texas Electric Coop, Inc",Pearsall,3630,23A,TX,Frio,28.9275,-99.0919,8.4,9.12,NG,IC,2010,15,0.0,0.0,0.0,0.0,0.0,0.0,0.0,5.0,31.92,-39.95,0.0,0.0,-0.0,stranded
2035,"South Texas Electric Coop, Inc",Pearsall,3630,24A,TX,Frio,28.9275,-99.0919,8.4,9.12,NG,IC,2010,15,0.0,0.0,0.0,0.0,0.0,0.0,0.0,5.0,31.92,-39.95,0.0,0.0,-0.0,stranded
2035,"South Texas Electric Coop, Inc",Pearsall,3630,2A,TX,Frio,28.9275,-99.0919,8.4,9.12,NG,IC,2010,15,0.0,0.0,0.0,0.0,0.0,0.0,0.0,5.0,31.92,-39.95,0.0,0.0,-0.0,stranded
2035,"South Texas Electric Coop, Inc",Pearsall,3630,3A,TX,Frio,28.9275,-99.0919,8.4,9.12,NG,IC,2010,15,0.0,0.0,0.0,0.0,0.0,0.0,0.0,5.0,31.92,-39.95,0.0,0.0,-0.0,stranded
2035,"South Texas Electric Coop, Inc",Pearsall,3630,4A,TX,Frio,28.9275,-99.0919,8.4,9.12,NG,IC,2010,15,0.0,0.0,0.0,0.0,0.0,0.0,0.0,5.0,31.92,-39.95,0.0,0.0,-0.0,stranded
2035,"South Texas Electric Coop, Inc",Pearsall,3630,5A,TX,Frio,28.9275,-99.0919,8.4,9.12,NG,IC,2010,15,0.0,0.0,0.0,0.0,0.0,0.0,0.0,5.0,31.92,-39.95,0.0,0.0,-0.0,stranded
2035,"South Texas Electric Coop, Inc",Pearsall,3630,6A,TX,Frio,28.9275,-99.0919,8.4,9.12,NG,IC,2010,15,0.0,0.0,0.0,0.0,0.0,0.0,0.0,5.0,31.92,-39.95,0.0,0.0,-0.0,stranded
2035,"South Texas Electric Coop, Inc",Pearsall,3630,7A,TX,Frio,28.9275,-99.0919,8.4,9.12,NG,IC,2010,15,0.0,0.0,0.0,0.0,0.0,0.0,0.0,5.0,31.92,-39.95,0.0,0.0,-0.0,stranded
2035,"South Texas Electric Coop, Inc",Pearsall,3630,8A,TX,Frio,28.9275,-99.0919,8.4,9.12,NG,IC,2010,15,0.0,0.0,0.0,0.0,0.0,0.0,0.0,5.0,31.92,-39.95,0.0,0.0,-0.0,stranded
2035,"South Texas Electric Coop, Inc",Pearsall,3630,9A,TX,Frio,28.9275,-99.0919,8.4,9.12,NG,IC,2010,15,0.0,0.0,0.0,0.0,0.0,0.0,0.0,5.0,31.92,-39.95,0.0,0.0,-0.0,stranded
2035,SJRR			,SJRR Power LLC,62548,SJ-1,TX,Harris,29.88193,-95.11148,50.0,9.13,NG,GT,2022,3,0.0,0.0,0.0,0.0,0.0,0.0,0.0,5.0,31.96,-39.98,0.0,0.0,-0.0,stranded
2035,SJRR			,SJRR Power LLC,62548,SJ-2,TX,Harris,29.88193,-95.11148,50.0,9.13,NG,GT,2022,3,0.0,0.0,0.0,0.0,0.0,0.0,0.0,5.0,31.96,-39.98,0.0,0.0,-0.0,stranded
2035,"San Miguel Electric Coop, Inc",San Miguel,6183,1,TX,Atascosa,28.7044,-98.4775,410.0,13.17,LIG,ST,1982,43,0.0,0.0,0.0,0.0,0.0,0.0,0.0,5.5,29.63,-40.36,0.0,0.0,-0.0,stranded
2035,"Sky Global Power One Pledgor, LLC",Sky Global Power One,59938,UNIT1,TX,Colorado,29.550278,-96.537778,8.5,9.57,NG,IC,2016,9,0.0,0.0,0.0,0.0,0.0,0.0,0.0,5.0,33.5,-41.52,0.0,0.0,-0.0,stranded
2035,"Sky Global Power One Pledgor, LLC",Sky Global Power One,59938,UNIT2,TX,Colorado,29.550278,-96.537778,8.5,9.57,NG,IC,2016,9,0.0,0.0,0.0,0.0,0.0,0.0,0.0,5.0,33.5,-41.52,0.0,0.0,-0.0,stranded
2035,"Sky Global Power One Pledgor, LLC",Sky Global Power One,59938,UNIT3,TX,Colorado,29.550278,-96.537778,8.5,9.57,NG,IC,2016,9,0.0,0.0,0.0,0.0,0.0,0.0,0.0,5.0,33.5,-41.52,0.0,0.0,-0.0,stranded
2035,"Sky Global Power One Pledgor, LLC",Sky Global Power One,59938,UNIT4,TX,Colorado,29.550278,-96.537778,8.5,9.57,NG,IC,2016,9,0.0,0.0,0.0,0.0,0.0,0.0,0.0,5.0,33.5,-41.52,0.0,0.0,-0.0,stranded
2035,"Sky Global Power One Pledgor, LLC",Sky Global Power One,59938,UNIT5,TX,Colorado,29.550278,-96.537778,8.5,9.57,NG,IC,2016,9,0.0,0.0,0.0,0.0,0.0,0.0,0.0,5.0,33.5,-41.52,0.0,0.0,-0.0,stranded
2035,"Sky Global Power One Pledgor, LLC",Sky Global Power One,59938,UNIT6,TX,Colorado,29.550278,-96.537778,8.5,9.57,NG,IC,2016,9,0.0,0.0,0.0,0.0,0.0,0.0,0.0,5.0,33.5,-41.52,0.0,0.0,-0.0,stranded
2035,City of San Antonio - (TX),Laredo,3439,4,TX,Webb,27.5667,-99.5089,131.8,9.58,NG,GT,2008,17,0.0,0.0,0.0,0.0,0.0,0.0,0.0,5.0,33.53,-41.55,0.0,0.0,-0.0,stranded
2035,City of San Antonio - (TX),Laredo,3439,5,TX,Webb,27.5667,-99.5089,131.8,9.58,NG,GT,2008,17,0.0,0.0,0.0,0.0,0.0,0.0,0.0,5.0,33.53,-41.55,0.0,0.0,-0.0,stranded
2035,NRG Texas Power LLC,T H Wharton,3469,3,TX,Harris,29.9417,-95.5306,113.1,10.43,NG,CA,1974,51,0.0,0.0,0.0,0.0,0.0,0.0,0.0,3.5,36.5,-42.04,0.0,0.0,-0.0,stranded
2035,NRG Texas Power LLC,T H Wharton,3469,31,TX,Harris,29.9417,-95.5306,54.0,10.43,NG,CT,1972,53,0.0,0.0,0.0,0.0,0.0,0.0,0.0,3.5,36.5,-42.04,0.0,0.0,-0.0,stranded
2035,NRG Texas Power LLC,T H Wharton,3469,32,TX,Harris,29.9417,-95.5306,54.0,10.43,NG,CT,1972,53,0.0,0.0,0.0,0.0,0.0,0.0,0.0,3.5,36.5,-42.04,0.0,0.0,-0.0,stranded
2035,NRG Texas Power LLC,T H Wharton,3469,33,TX,Harris,29.9417,-95.5306,54.0,10.43,NG,CT,1972,53,0.0,0.0,0.0,0.0,0.0,0.0,0.0,3.5,36.5,-42.04,0.0,0.0,-0.0,stranded
2035,NRG Texas Power LLC,T H Wharton,3469,34,TX,Harris,29.9417,-95.5306,54.0,10.43,NG,CT,1972,53,0.0,0.0,0.0,0.0,0.0,0.0,0.0,3.5,36.5,-42.04,0.0,0.0,-0.0,stranded
2035,NRG Texas Power LLC,T H Wharton,3469,4,TX,Harris,29.9417,-95.5306,113.1,10.43,NG,CA,1974,51,0.0,0.0,0.0,0.0,0.0,0.0,0.0,3.5,36.5,-42.04,0.0,0.0,-0.0,stranded
2035,NRG Texas Power LLC,T H Wharton,3469,41,TX,Harris,29.9417,-95.5306,54.0,10.43,NG,CT,1972,53,0.0,0.0,0.0,0.0,0.0,0.0,0.0,3.5,36.5,-42.04,0.0,0.0,-0.0,stranded
2035,NRG Texas Power LLC,T H Wharton,3469,42,TX,Harris,29.9417,-95.5306,54.0,10.43,NG,CT,1972,53,0.0,0.0,0.0,0.0,0.0,0.0,0.0,3.5,36.5,-42.04,0.0,0.0,-0.0,stranded
2035,NRG Texas Power LLC,T H Wharton,3469,43,TX,Harris,29.9417,-95.5306,56.7,10.43,NG,CT,1974,51,0.0,0.0,0.0,0.0,0.0,0.0,0.0,3.5,36.5,-42.04,0.0,0.0,-0.0,stranded
2035,NRG Texas Power LLC,T H Wharton,3469,44,TX,Harris,29.9417,-95.5306,56.7,10.43,NG,CT,1974,51,0.0,0.0,0.0,0.0,0.0,0.0,0.0,3.5,36.5,-42.04,0.0,0.0,-0.0,stranded
2035,Paris Generation LP,Paris Energy Center,50109,GEN1,TX,Lamar,33.6968,-95.5577,87.8,10.66,NG,CT,1989,36,0.0,0.0,0.0,0.0,0.0,0.0,0.0,3.5,37.31,-42.84,0.0,0.0,-0.0,stranded
2035,Paris Generation LP,Paris Energy Center,50109,GEN2,TX,Lamar,33.6968,-95.5577,87.8,10.66,NG,CT,1989,36,0.0,0.0,0.0,0.0,0.0,0.0,0.0,3.5,37.31,-42.84,0.0,0.0,-0.0,stranded
2035,Paris Generation LP,Paris Energy Center,50109,GEN3,TX,Lamar,33.6968,-95.5577,90.0,10.66,NG,CA,1989,36,0.0,0.0,0.0,0.0,0.0,0.0,0.0,3.5,37.31,-42.84,0.0,0.0,-0.0,stranded
2035,ProEnergy Services,Brotman Power Station,65373,CTG-1,TX,Brazoria,29.364128,-95.435068,60.5,10.12,NG,GT,2023,2,0.0,0.0,0.0,0.0,0.0,0.0,0.0,5.0,35.42,-43.44,0.0,0.0,-0.0,stranded
2035,ProEnergy Services,Brotman Power Station,65373,CTG-2,TX,Brazoria,29.364128,-95.435068,60.5,10.12,NG,GT,2023,2,0.0,0.0,0.0,0.0,0.0,0.0,0.0,5.0,35.42,-43.44,0.0,0.0,-0.0,stranded
2035,ProEnergy Services,Brotman Power Station,65373,CTG-3,TX,Brazoria,29.364128,-95.435068,60.5,10.12,NG,GT,2023,2,0.0,0.0,0.0,0.0,0.0,0.0,0.0,5.0,35.42,-43.44,0.0,0.0,-0.0,stranded
2035,ProEnergy Services,Brotman Power Station,65373,CTG-4,TX,Brazoria,29.364128,-95.435068,60.5,10.12,NG,GT,2023,2,0.0,0.0,0.0,0.0,0.0,0.0,0.0,5.0,35.42,-43.44,0.0,0.0,-0.0,stranded
2035,ProEnergy Services,Brotman Power Station,65373,CTG-5,TX,Brazoria,29.364128,-95.435068,60.5,10.12,NG,GT,2023,2,0.0,0.0,0.0,0.0,0.0,0.0,0.0,5.0,35.42,-43.44,0.0,0.0,-0.0,stranded
2035,ProEnergy Services,Brotman Power Station,65373,CTG-6,TX,Brazoria,29.364128,-95.435068,60.5,10.12,NG,GT,2023,2,0.0,0.0,0.0,0.0,0.0,0.0,0.0,5.0,35.42,-43.44,0.0,0.0,-0.0,stranded
2035,ProEnergy Services,Brotman Power Station,65373,CTG-7,TX,Brazoria,29.364128,-95.435068,60.5,10.12,NG,GT,2023,2,0.0,0.0,0.0,0.0,0.0,0.0,0.0,5.0,35.42,-43.44,0.0,0.0,-0.0,stranded
2035,ProEnergy Services,Brotman Power Station,65373,CTG-8,TX,Brazoria,29.364128,-95.435068,60.5,10.12,NG,GT,2023,2,0.0,0.0,0.0,0.0,0.0,0.0,0.0,5.0,35.42,-43.44,0.0,0.0,-0.0,stranded
2035,City of San Antonio - (TX),O W Sommers,3611,1,TX,Bexar,29.308056,-98.3242,446.0,10.88,NG,ST,1972,53,0.0,0.0,0.0,0.0,0.0,0.0,0.0,3.5,38.08,-43.62,0.0,0.0,-0.0,stranded
2035,City of San Antonio - (TX),O W Sommers,3611,2,TX,Bexar,29.308056,-98.3242,446.0,10.88,NG,ST,1974,51,0.0,0.0,0.0,0.0,0.0,0.0,0.0,3.5,38.08,-43.62,0.0,0.0,-0.0,stranded
2035,"EnLink Midstream Services, LLC",Bridgeport Gas Processing Plant,55053,14,TX,Wise,33.195763,-97.802547,0.8,10.2,NG,IC,2013,12,0.0,0.0,0.0,0.0,0.0,0.0,0.0,5.0,35.7,-43.72,0.0,0.0,-0.0,stranded
2035,"EnLink Midstream Services, LLC",Bridgeport Gas Processing Plant,55053,15,TX,Wise,33.195763,-97.802547,0.8,10.2,NG,IC,2013,12,0.0,0.0,0.0,0.0,0.0,0.0,0.0,5.0,35.7,-43.72,0.0,0.0,-0.0,stranded
2035,"EnLink Midstream Services, LLC",Bridgeport Gas Processing Plant,55053,16,TX,Wise,33.195763,-97.802547,0.8,10.2,NG,IC,2013,12,0.0,0.0,0.0,0.0,0.0,0.0,0.0,5.0,35.7,-43.72,0.0,0.0,-0.0,stranded
2035,"EnLink Midstream Services, LLC",Bridgeport Gas Processing Plant,55053,17,TX,Wise,33.195763,-97.802547,0.8,10.2,NG,IC,2013,12,0.0,0.0,0.0,0.0,0.0,0.0,0.0,5.0,35.7,-43.72,0.0,0.0,-0.0,stranded
2035,"EnLink Midstream Services, LLC",Bridgeport Gas Processing Plant,55053,2723,TX,Wise,33.195763,-97.802547,0.8,10.2,NG,IC,2009,16,0.0,0.0,0.0,0.0,0.0,0.0,0.0,5.0,35.7,-43.72,0.0,0.0,-0.0,stranded
2035,"EnLink Midstream Services, LLC",Bridgeport Gas Processing Plant,55053,654,TX,Wise,33.195763,-97.802547,0.8,10.2,NG,IC,2000,25,0.0,0.0,0.0,0.0,0.0,0.0,0.0,5.0,35.7,-43.72,0.0,0.0,-0.0,stranded
2035,"EnLink Midstream Services, LLC",Bridgeport Gas Processing Plant,55053,655,TX,Wise,33.195763,-97.802547,0.8,10.2,NG,IC,2001,24,0.0,0.0,0.0,0.0,0.0,0.0,0.0,5.0,35.7,-43.72,0.0,0.0,-0.0,stranded
2035,"EnLink Midstream Services, LLC",Bridgeport Gas Processing Plant,55053,656,TX,Wise,33.195763,-97.802547,0.8,10.2,NG,IC,2001,24,0.0,0.0,0.0,0.0,0.0,0.0,0.0,5.0,35.7,-43.72,0.0,0.0,-0.0,stranded
2035,"EnLink Midstream Services, LLC",Bridgeport Gas Processing Plant,55053,657,TX,Wise,33.195763,-97.802547,0.8,10.2,NG,IC,2001,24,0.0,0.0,0.0,0.0,0.0,0.0,0.0,5.0,35.7,-43.72,0.0,0.0,-0.0,stranded
2035,"EnLink Midstream Services, LLC",Bridgeport Gas Processing Plant,55053,658,TX,Wise,33.195763,-97.802547,0.8,10.2,NG,IC,2001,24,0.0,0.0,0.0,0.0,0.0,0.0,0.0,5.0,35.7,-43.72,0.0,0.0,-0.0,stranded
2035,"EnLink Midstream Services, LLC",Bridgeport Gas Processing Plant,55053,666,TX,Wise,33.195763,-97.802547,0.8,10.2,NG,IC,2001,24,0.0,0.0,0.0,0.0,0.0,0.0,0.0,5.0,35.7,-43.72,0.0,0.0,-0.0,stranded
2035,"EnLink Midstream Services, LLC",Bridgeport Gas Processing Plant,55053,667,TX,Wise,33.195763,-97.802547,0.8,10.2,NG,IC,2001,24,0.0,0.0,0.0,0.0,0.0,0.0,0.0,5.0,35.7,-43.72,0.0,0.0,-0.0,stranded
2035,"EnLink Midstream Services, LLC",Bridgeport Gas Processing Plant,55053,671,TX,Wise,33.195763,-97.802547,0.8,10.2,NG,IC,2002,23,0.0,0.0,0.0,0.0,0.0,0.0,0.0,5.0,35.7,-43.72,0.0,0.0,-0.0,stranded
2035,City of San Antonio - (TX),Topaz Generating,63688,CTG-1,TX,Galveston,29.426389,-94.976667,60.5,10.25,NG,GT,2021,4,0.0,0.0,0.0,0.0,0.0,0.0,0.0,5.0,35.88,-43.9,0.0,0.0,-0.0,stranded
2035,City of San Antonio - (TX),Topaz Generating,63688,CTG-2,TX,Galveston,29.426389,-94.976667,60.5,10.25,NG,GT,2021,4,0.0,0.0,0.0,0.0,0.0,0.0,0.0,5.0,35.88,-43.9,0.0,0.0,-0.0,stranded
2035,City of San Antonio - (TX),Topaz Generating,63688,CTG-3,TX,Galveston,29.426389,-94.976667,60.5,10.25,NG,GT,2021,4,0.0,0.0,0.0,0.0,0.0,0.0,0.0,5.0,35.88,-43.9,0.0,0.0,-0.0,stranded
2035,City of San Antonio - (TX),Topaz Generating,63688,CTG-4,TX,Galveston,29.426389,-94.976667,60.5,10.25,NG,GT,2021,4,0.0,0.0,0.0,0.0,0.0,0.0,0.0,5.0,35.88,-43.9,0.0,0.0,-0.0,stranded
2035,City of San Antonio - (TX),Topaz Generating,63688,CTG-5,TX,Galveston,29.426389,-94.976667,60.5,10.25,NG,GT,2021,4,0.0,0.0,0.0,0.0,0.0,0.0,0.0,5.0,35.88,-43.9,0.0,0.0,-0.0,stranded
2035,City of San Antonio - (TX),Topaz Generating,63688,CTG-6,TX,Galveston,29.426389,-94.976667,60.5,10.25,NG,GT,2021,4,0.0,0.0,0.0,0.0,0.0,0.0,0.0,5.0,35.88,-43.9,0.0,0.0,-0.0,stranded
2035,City of San Antonio - (TX),Topaz Generating,63688,CTG-7,TX,Galveston,29.426389,-94.976667,60.5,10.25,NG,GT,2021,4,0.0,0.0,0.0,0.0,0.0,0.0,0.0,5.0,35.88,-43.9,0.0,0.0,-0.0,stranded
2035,City of San Antonio - (TX),Topaz Generating,63688,CTG-8,TX,Galveston,29.426389,-94.976667,60.5,10.25,NG,GT,2021,4,0.0,0.0,0.0,0.0,0.0,0.0,0.0,5.0,35.88,-43.9,0.0,0.0,-0.0,stranded
2035,City of San Antonio - (TX),Topaz Generating,63688,CTG-9,TX,Galveston,29.426389,-94.976667,60.5,10.25,NG,GT,2021,4,0.0,0.0,0.0,0.0,0.0,0.0,0.0,5.0,35.88,-43.9,0.0,0.0,-0.0,stranded
2035,City of San Antonio - (TX),Topaz Generating,63688,CTG10,TX,Galveston,29.426389,-94.976667,60.5,10.25,NG,GT,2021,4,0.0,0.0,0.0,0.0,0.0,0.0,0.0,5.0,35.88,-43.9,0.0,0.0,-0.0,stranded
2035,City of San Antonio - (TX),Mark One Power Station,65372,CTG-1,TX,Brazoria,29.227109,-95.430756,60.5,10.3,NG,GT,2022,3,0.0,0.0,0.0,0.0,0.0,0.0,0.0,5.0,36.05,-44.08,0.0,0.0,-0.0,stranded
2035,City of San Antonio - (TX),Mark One Power Station,65372,CTG-2,TX,Brazoria,29.227109,-95.430756,60.5,10.3,NG,GT,2022,3,0.0,0.0,0.0,0.0,0.0,0.0,0.0,5.0,36.05,-44.08,0.0,0.0,-0.0,stranded
2035,City of San Antonio - (TX),Mark One Power Station,65372,CTG-3,TX,Brazoria,29.227109,-95.430756,60.5,10.3,NG,GT,2022,3,0.0,0.0,0.0,0.0,0.0,0.0,0.0,5.0,36.05,-44.08,0.0,0.0,-0.0,stranded
2035,City of San Antonio - (TX),Mark One Power Station,65372,CTG-4,TX,Brazoria,29.227109,-95.430756,60.5,10.3,NG,GT,2022,3,0.0,0.0,0.0,0.0,0.0,0.0,0.0,5.0,36.05,-44.08,0.0,0.0,-0.0,stranded
2035,City of San Antonio - (TX),Mark One Power Station,65372,CTG-5,TX,Brazoria,29.227109,-95.430756,60.5,10.3,NG,GT,2022,3,0.0,0.0,0.0,0.0,0.0,0.0,0.0,5.0,36.05,-44.08,0.0,0.0,-0.0,stranded
2035,City of San Antonio - (TX),Mark One Power Station,65372,CTG-6,TX,Brazoria,29.227109,-95.430756,60.5,10.3,NG,GT,2022,3,0.0,0.0,0.0,0.0,0.0,0.0,0.0,5.0,36.05,-44.08,0.0,0.0,-0.0,stranded
2035,City of San Antonio - (TX),Mark One Power Station,65372,CTG-7,TX,Brazoria,29.227109,-95.430756,60.5,10.3,NG,GT,2024,1,0.0,0.0,0.0,0.0,0.0,0.0,0.0,5.0,36.05,-44.08,0.0,0.0,-0.0,stranded
2035,City of San Antonio - (TX),Mark One Power Station,65372,CTG-8,TX,Brazoria,29.227109,-95.430756,60.5,10.3,NG,GT,2024,1,0.0,0.0,0.0,0.0,0.0,0.0,0.0,5.0,36.05,-44.08,0.0,0.0,-0.0,stranded
2035,City of San Antonio - (TX),V H Braunig,3612,1,TX,Bexar,29.2567,-98.3825,225.0,11.03,NG,ST,1966,59,0.0,0.0,0.0,0.0,0.0,0.0,0.0,3.5,38.6,-44.14,0.0,0.0,-0.0,stranded
2035,City of San Antonio - (TX),V H Braunig,3612,2,TX,Bexar,29.2567,-98.3825,252.0,11.03,NG,ST,1968,57,0.0,0.0,0.0,0.0,0.0,0.0,0.0,3.5,38.6,-44.14,0.0,0.0,-0.0,stranded
2035,City of San Antonio - (TX),V H Braunig,3612,3,TX,Bexar,29.2567,-98.3825,417.0,11.03,NG,ST,1970,55,0.0,0.0,0.0,0.0,0.0,0.0,0.0,3.5,38.6,-44.14,0.0,0.0,-0.0,stranded
2035,City of San Antonio - (TX),Remy Jade Power Station,66604,CTG-1,TX,Harris,29.848372,-95.016398,60.5,10.32,NG,GT,2024,1,0.0,0.0,0.0,0.0,0.0,0.0,0.0,5.0,36.12,-44.15,0.0,0.0,-0.0,stranded
2035,City of San Antonio - (TX),Remy Jade Power Station,66604,CTG-2,TX,Harris,29.848372,-95.016398,60.5,10.32,NG,GT,2024,1,0.0,0.0,0.0,0.0,0.0,0.0,0.0,5.0,36.12,-44.15,0.0,0.0,-0.0,stranded
2035,City of San Antonio - (TX),Remy Jade Power Station,66604,CTG-3,TX,Harris,29.848372,-95.016398,60.5,10.32,NG,GT,2024,1,0.0,0.0,0.0,0.0,0.0,0.0,0.0,5.0,36.12,-44.15,0.0,0.0,-0.0,stranded
2035,City of San Antonio - (TX),Remy Jade Power Station,66604,CTG-4,TX,Harris,29.848372,-95.016398,60.5,10.32,NG,GT,2024,1,0.0,0.0,0.0,0.0,0.0,0.0,0.0,5.0,36.12,-44.15,0.0,0.0,-0.0,stranded
2035,City of San Antonio - (TX),Remy Jade Power Station,66604,CTG-5,TX,Harris,29.848372,-95.016398,60.5,10.32,NG,GT,2024,1,0.0,0.0,0.0,0.0,0.0,0.0,0.0,5.0,36.12,-44.15,0.0,0.0,-0.0,stranded
2035,City of San Antonio - (TX),Remy Jade Power Station,66604,CTG-6,TX,Harris,29.848372,-95.016398,60.5,10.32,NG,GT,2024,1,0.0,0.0,0.0,0.0,0.0,0.0,0.0,5.0,36.12,-44.15,0.0,0.0,-0.0,stranded
2035,City of San Antonio - (TX),Remy Jade Power Station,66604,CTG-7,TX,Harris,29.848372,-95.016398,60.5,10.32,NG,GT,2024,1,0.0,0.0,0.0,0.0,0.0,0.0,0.0,5.0,36.12,-44.15,0.0,0.0,-0.0,stranded
2035,City of San Antonio - (TX),Remy Jade Power Station,66604,CTG-8,TX,Harris,29.848372,-95.016398,60.5,10.32,NG,GT,2024,1,0.0,0.0,0.0,0.0,0.0,0.0,0.0,5.0,36.12,-44.15,0.0,0.0,-0.0,stranded
2035,City of San Antonio - (TX),HO Clarke Generating,63335,CTG-1,TX,Harris,29.64536,-95.45169,60.5,10.34,NG,GT,2021,4,0.0,0.0,0.0,0.0,0.0,0.0,0.0,5.0,36.19,-44.21,0.0,0.0,-0.0,stranded
2035,City of San Antonio - (TX),HO Clarke Generating,63335,CTG-2,TX,Harris,29.64536,-95.45169,60.5,10.34,NG,GT,2021,4,0.0,0.0,0.0,0.0,0.0,0.0,0.0,5.0,36.19,-44.21,0.0,0.0,-0.0,stranded
2035,City of San Antonio - (TX),HO Clarke Generating,63335,CTG-3,TX,Harris,29.64536,-95.45169,60.5,10.34,NG,GT,2021,4,0.0,0.0,0.0,0.0,0.0,0.0,0.0,5.0,36.19,-44.21,0.0,0.0,-0.0,stranded
2035,City of San Antonio - (TX),HO Clarke Generating,63335,CTG-4,TX,Harris,29.64536,-95.45169,60.5,10.34,NG,GT,2021,4,0.0,0.0,0.0,0.0,0.0,0.0,0.0,5.0,36.19,-44.21,0.0,0.0,-0.0,stranded
2035,City of San Antonio - (TX),HO Clarke Generating,63335,CTG-5,TX,Harris,29.64536,-95.45169,60.5,10.34,NG,GT,2021,4,0.0,0.0,0.0,0.0,0.0,0.0,0.0,5.0,36.19,-44.21,0.0,0.0,-0.0,stranded
2035,City of San Antonio - (TX),HO Clarke Generating,63335,CTG-6,TX,Harris,29.64536,-95.45169,60.5,10.34,NG,GT,2021,4,0.0,0.0,0.0,0.0,0.0,0.0,0.0,5.0,36.19,-44.21,0.0,0.0,-0.0,stranded
2035,City of San Antonio - (TX),HO Clarke Generating,63335,CTG-7,TX,Harris,29.64536,-95.45169,60.5,10.34,NG,GT,2021,4,0.0,0.0,0.0,0.0,0.0,0.0,0.0,5.0,36.19,-44.21,0.0,0.0,-0.0,stranded
2035,City of San Antonio - (TX),HO Clarke Generating,63335,CTG-8,TX,Harris,29.64536,-95.45169,60.5,10.34,NG,GT,2021,4,0.0,0.0,0.0,0.0,0.0,0.0,0.0,5.0,36.19,-44.21,0.0,0.0,-0.0,stranded
2035,Tres Power Victoria LLC,"Tres Port Power, LLC",61242,VP-1,TX,Victoria,28.69637,-96.9453,50.0,10.36,NG,GT,2019,6,0.0,0.0,0.0,0.0,0.0,0.0,0.0,5.0,36.26,-44.28,0.0,0.0,-0.0,stranded
2035,Tres Power Victoria LLC,"Tres Port Power, LLC",61242,VP-2,TX,Victoria,28.69637,-96.9453,50.0,10.36,NG,GT,2019,6,0.0,0.0,0.0,0.0,0.0,0.0,0.0,5.0,36.26,-44.28,0.0,0.0,-0.0,stranded
2035,Ameresco Dallas LLC,Ameresco Dallas LLC,58946,ENG1,TX,Dallas,32.648611,-96.644444,1.4,10.36,LFG,IC,2011,14,0.0,0.0,0.0,0.0,0.0,0.0,0.0,5.0,36.26,-44.28,0.0,0.0,-0.0,stranded
2035,Ameresco Dallas LLC,Ameresco Dallas LLC,58946,ENG2,TX,Dallas,32.648611,-96.644444,1.4,10.36,LFG,IC,2011,14,0.0,0.0,0.0,0.0,0.0,0.0,0.0,5.0,36.26,-44.28,0.0,0.0,-0.0,stranded
2035,Ameresco Dallas LLC,Ameresco Dallas LLC,58946,ENG3,TX,Dallas,32.648611,-96.644444,1.4,10.36,LFG,IC,2011,14,0.0,0.0,0.0,0.0,0.0,0.0,0.0,5.0,36.26,-44.28,0.0,0.0,-0.0,stranded
2035,ProEnergy Services,Braes Bayou Plant,64383,CTG-1,TX,Fort Bend,29.480277,-95.620277,60.5,10.38,NG,GT,2022,3,0.0,0.0,0.0,0.0,0.0,0.0,0.0,5.0,36.33,-44.36,0.0,0.0,-0.0,stranded
2035,ProEnergy Services,Braes Bayou Plant,64383,CTG-2,TX,Fort Bend,29.480277,-95.620277,60.5,10.38,NG,GT,2022,3,0.0,0.0,0.0,0.0,0.0,0.0,0.0,5.0,36.33,-44.36,0.0,0.0,-0.0,stranded
2035,ProEnergy Services,Braes Bayou Plant,64383,CTG-3,TX,Fort Bend,29.480277,-95.620277,60.5,10.38,NG,GT,2022,3,0.0,0.0,0.0,0.0,0.0,0.0,0.0,5.0,36.33,-44.36,0.0,0.0,-0.0,stranded
2035,ProEnergy Services,Braes Bayou Plant,64383,CTG-4,TX,Fort Bend,29.480277,-95.620277,60.5,10.38,NG,GT,2022,3,0.0,0.0,0.0,0.0,0.0,0.0,0.0,5.0,36.33,-44.36,0.0,0.0,-0.0,stranded
2035,ProEnergy Services,Braes Bayou Plant,64383,CTG-5,TX,Fort Bend,29.480277,-95.620277,60.5,10.38,NG,GT,2022,3,0.0,0.0,0.0,0.0,0.0,0.0,0.0,5.0,36.33,-44.36,0.0,0.0,-0.0,stranded
2035,ProEnergy Services,Braes Bayou Plant,64383,CTG-6,TX,Fort Bend,29.480277,-95.620277,60.5,10.38,NG,GT,2022,3,0.0,0.0,0.0,0.0,0.0,0.0,0.0,5.0,36.33,-44.36,0.0,0.0,-0.0,stranded
2035,ProEnergy Services,Braes Bayou Plant,64383,CTG-7,TX,Fort Bend,29.480277,-95.620277,60.5,10.38,NG,GT,2022,3,0.0,0.0,0.0,0.0,0.0,0.0,0.0,5.0,36.33,-44.36,0.0,0.0,-0.0,stranded
2035,ProEnergy Services,Braes Bayou Plant,64383,CTG-8,TX,Fort Bend,29.480277,-95.620277,60.5,10.38,NG,GT,2022,3,0.0,0.0,0.0,0.0,0.0,0.0,0.0,5.0,36.33,-44.36,0.0,0.0,-0.0,stranded
2035,City of San Antonio - (TX),Leon Creek,3609,CGT1,TX,Bexar,29.3525,-98.5761,57.4,10.38,NG,GT,2004,21,0.0,0.0,0.0,0.0,0.0,0.0,0.0,5.0,36.33,-44.36,0.0,0.0,-0.0,stranded
2035,City of San Antonio - (TX),Leon Creek,3609,CGT2,TX,Bexar,29.3525,-98.5761,57.4,10.38,NG,GT,2004,21,0.0,0.0,0.0,0.0,0.0,0.0,0.0,5.0,36.33,-44.36,0.0,0.0,-0.0,stranded
2035,City of San Antonio - (TX),Leon Creek,3609,CGT3,TX,Bexar,29.3525,-98.5761,57.4,10.38,NG,GT,2004,21,0.0,0.0,0.0,0.0,0.0,0.0,0.0,5.0,36.33,-44.36,0.0,0.0,-0.0,stranded
2035,City of San Antonio - (TX),Leon Creek,3609,CGT4,TX,Bexar,29.3525,-98.5761,57.4,10.38,NG,GT,2004,21,0.0,0.0,0.0,0.0,0.0,0.0,0.0,5.0,36.33,-44.36,0.0,0.0,-0.0,stranded
2035,NRG Texas Power LLC,T H Wharton,3469,51,TX,Harris,29.9417,-95.5306,85.0,10.43,NG,GT,1975,50,0.0,0.0,0.0,0.0,0.0,0.0,0.0,5.0,36.5,-44.53,0.0,0.0,-0.0,stranded
2035,NRG Texas Power LLC,T H Wharton,3469,52,TX,Harris,29.9417,-95.5306,85.0,10.43,NG,GT,1975,50,0.0,0.0,0.0,0.0,0.0,0.0,0.0,5.0,36.5,-44.53,0.0,0.0,-0.0,stranded
2035,NRG Texas Power LLC,T H Wharton,3469,53,TX,Harris,29.9417,-95.5306,85.0,10.43,NG,GT,1975,50,0.0,0.0,0.0,0.0,0.0,0.0,0.0,5.0,36.5,-44.53,0.0,0.0,-0.0,stranded
2035,NRG Texas Power LLC,T H Wharton,3469,54,TX,Harris,29.9417,-95.5306,85.0,10.43,NG,GT,1975,50,0.0,0.0,0.0,0.0,0.0,0.0,0.0,5.0,36.5,-44.53,0.0,0.0,-0.0,stranded
2035,NRG Texas Power LLC,T H Wharton,3469,55,TX,Harris,29.9417,-95.5306,85.0,10.43,NG,GT,1975,50,0.0,0.0,0.0,0.0,0.0,0.0,0.0,5.0,36.5,-44.53,0.0,0.0,-0.0,stranded
2035,NRG Texas Power LLC,T H Wharton,3469,56,TX,Harris,29.9417,-95.5306,85.0,10.43,NG,GT,1975,50,0.0,0.0,0.0,0.0,0.0,0.0,0.0,5.0,36.5,-44.53,0.0,0.0,-0.0,stranded
2035,NRG Texas Power LLC,T H Wharton,3469,GT1,TX,Harris,29.9417,-95.5306,16.3,10.43,NG,GT,1967,58,0.0,0.0,0.0,0.0,0.0,0.0,0.0,5.0,36.5,-44.53,0.0,0.0,-0.0,stranded
2035,NRG Texas Power LLC,Cedar Bayou,3460,1,TX,Chambers,29.75,-94.9256,765.0,11.16,NG,ST,1970,55,0.0,0.0,0.0,0.0,0.0,0.0,0.0,3.5,39.06,-44.59,0.0,0.0,-0.0,stranded
2035,NRG Texas Power LLC,Cedar Bayou,3460,2,TX,Chambers,29.75,-94.9256,765.0,11.16,NG,ST,1972,53,0.0,0.0,0.0,0.0,0.0,0.0,0.0,3.5,39.06,-44.59,0.0,0.0,-0.0,stranded
2035,Deer Park Refinery Limited Partnership (DPRLP),Shell Deer Park,50304,GEN4,TX,Harris,29.723185,-95.128856,88.2,10.45,NG,GT,1995,30,0.0,0.0,0.0,0.0,0.0,0.0,0.0,5.0,36.57,-44.6,0.0,0.0,-0.0,stranded
2035,Deer Park Refinery Limited Partnership (DPRLP),Shell Deer Park,50304,GEN5,TX,Harris,29.723185,-95.128856,94.0,10.45,NG,GT,1995,30,0.0,0.0,0.0,0.0,0.0,0.0,0.0,5.0,36.57,-44.6,0.0,0.0,-0.0,stranded
2035,"Silicon Hills Campus, LLC",Central Utility Plant,10184,EG1,TX,Travis,30.397351,-97.842586,6.0,10.5,NG,IC,1988,37,0.0,0.0,0.0,0.0,0.0,0.0,0.0,5.0,36.75,-44.77,0.0,0.0,-0.0,stranded
2035,"Silicon Hills Campus, LLC",Central Utility Plant,10184,EG2,TX,Travis,30.397351,-97.842586,6.0,10.5,NG,IC,1988,37,0.0,0.0,0.0,0.0,0.0,0.0,0.0,5.0,36.75,-44.77,0.0,0.0,-0.0,stranded
2035,"Walmart Stores Texas, LLC",WAL537,64796,GEN1,TX,Ector,31.8957,-102.332512,0.4,10.5,NG,IC,2021,4,0.0,0.0,0.0,0.0,0.0,0.0,0.0,5.0,36.75,-44.77,0.0,0.0,-0.0,stranded
2035,"Walmart Stores Texas, LLC",WAL537,64796,GEN2,TX,Ector,31.8957,-102.332512,0.4,10.5,NG,IC,2021,4,0.0,0.0,0.0,0.0,0.0,0.0,0.0,5.0,36.75,-44.77,0.0,0.0,-0.0,stranded
2035,"Walmart Stores Texas, LLC",WAL537,64796,GEN3,TX,Ector,31.8957,-102.332512,0.4,10.5,NG,IC,2021,4,0.0,0.0,0.0,0.0,0.0,0.0,0.0,5.0,36.75,-44.77,0.0,0.0,-0.0,stranded
2035,"Walmart Stores Texas, LLC",WAL1801,64884,GEN1,TX,Tarrant,32.668729,-97.131834,0.4,10.5,NG,IC,2022,3,0.0,0.0,0.0,0.0,0.0,0.0,0.0,5.0,36.75,-44.77,0.0,0.0,-0.0,stranded
2035,"Walmart Stores Texas, LLC",WAL1801,64884,GEN2,TX,Tarrant,32.668729,-97.131834,0.4,10.5,NG,IC,2022,3,0.0,0.0,0.0,0.0,0.0,0.0,0.0,5.0,36.75,-44.77,0.0,0.0,-0.0,stranded
2035,"Walmart Stores Texas, LLC",WAL1801,64884,GEN3,TX,Tarrant,32.668729,-97.131834,0.4,10.5,NG,IC,2022,3,0.0,0.0,0.0,0.0,0.0,0.0,0.0,5.0,36.75,-44.77,0.0,0.0,-0.0,stranded
2035,"Walmart Stores Texas, LLC",WAL5479,64958,GEN1,TX,Travis,30.453115,-97.606035,0.4,10.5,NG,IC,2021,4,0.0,0.0,0.0,0.0,0.0,0.0,0.0,5.0,36.75,-44.77,0.0,0.0,-0.0,stranded
2035,"Walmart Stores Texas, LLC",WAL5479,64958,GEN2,TX,Travis,30.453115,-97.606035,0.4,10.5,NG,IC,2021,4,0.0,0.0,0.0,0.0,0.0,0.0,0.0,5.0,36.75,-44.77,0.0,0.0,-0.0,stranded
2035,"Walmart Stores Texas, LLC",WAL5479,64958,GEN3,TX,Travis,30.453115,-97.606035,0.4,10.5,NG,IC,2021,4,0.0,0.0,0.0,0.0,0.0,0.0,0.0,5.0,36.75,-44.77,0.0,0.0,-0.0,stranded
2035,"Generate ER-NG, LLC",NEWPP,69279,NEWP1,TX,Harris,29.933747,-95.199855,30.0,10.5,NG,IC,2024,1,0.0,0.0,0.0,0.0,0.0,0.0,0.0,5.0,36.75,-44.77,0.0,0.0,-0.0,stranded
2035,Tres Power Victoria LLC,Tres City Power LLC,61241,VC-1,TX,Victoria,28.7853,-97.0093,50.0,10.53,NG,GT,2020,5,0.0,0.0,0.0,0.0,0.0,0.0,0.0,5.0,36.85,-44.88,0.0,0.0,-0.0,stranded
2035,Tres Power Victoria LLC,Tres City Power LLC,61241,VC-2,TX,Victoria,28.7853,-97.0093,50.0,10.53,NG,GT,2020,5,0.0,0.0,0.0,0.0,0.0,0.0,0.0,5.0,36.85,-44.88,0.0,0.0,-0.0,stranded
2035,Luminant Generation Company LLC,Graham,3490,1,TX,Young,33.1344,-98.6117,247.7,11.25,NG,ST,1960,65,0.0,0.0,0.0,0.0,0.0,0.0,0.0,3.5,39.38,-44.91,0.0,0.0,-0.0,stranded
2035,Luminant Generation Company LLC,Graham,3490,2,TX,Young,33.1344,-98.6117,387.0,11.25,NG,ST,1969,56,0.0,0.0,0.0,0.0,0.0,0.0,0.0,3.5,39.38,-44.91,0.0,0.0,-0.0,stranded
2035,Luminant Generation Company LLC,Trinidad (TX),3507,6,TX,Henderson,32.124519,-96.101277,239.3,11.26,NG,ST,1965,60,0.0,0.0,0.0,0.0,0.0,0.0,0.0,3.5,39.41,-44.94,0.0,0.0,-0.0,stranded
2035,Lower Colorado River Authority,Sim Gideon,3601,1,TX,Bastrop,30.1456,-97.2708,136.0,11.3,NG,ST,1965,60,0.0,0.0,0.0,0.0,0.0,0.0,0.0,3.5,39.55,-45.09,0.0,0.0,-0.0,stranded
2035,Lower Colorado River Authority,Sim Gideon,3601,2,TX,Bastrop,30.1456,-97.2708,136.0,11.3,NG,ST,1968,57,0.0,0.0,0.0,0.0,0.0,0.0,0.0,3.5,39.55,-45.09,0.0,0.0,-0.0,stranded
2035,Lower Colorado River Authority,Sim Gideon,3601,3,TX,Bastrop,30.1456,-97.2708,351.0,11.3,NG,ST,1972,53,0.0,0.0,0.0,0.0,0.0,0.0,0.0,3.5,39.55,-45.09,0.0,0.0,-0.0,stranded
2035,Lower Colorado River Authority,Winchester Power Park,56674,CGT1,TX,Fayette,30.02547,-96.9945,60.5,10.66,NG,GT,2010,15,0.0,0.0,0.0,0.0,0.0,0.0,0.0,5.0,37.31,-45.34,0.0,0.0,-0.0,stranded
2035,Lower Colorado River Authority,Winchester Power Park,56674,CGT2,TX,Fayette,30.02547,-96.9945,60.5,10.66,NG,GT,2010,15,0.0,0.0,0.0,0.0,0.0,0.0,0.0,5.0,37.31,-45.34,0.0,0.0,-0.0,stranded
2035,Lower Colorado River Authority,Winchester Power Park,56674,CGT3,TX,Fayette,30.02547,-96.9945,60.5,10.66,NG,GT,2010,15,0.0,0.0,0.0,0.0,0.0,0.0,0.0,5.0,37.31,-45.34,0.0,0.0,-0.0,stranded
2035,Lower Colorado River Authority,Winchester Power Park,56674,CGT4,TX,Fayette,30.02547,-96.9945,60.5,10.66,NG,GT,2010,15,0.0,0.0,0.0,0.0,0.0,0.0,0.0,5.0,37.31,-45.34,0.0,0.0,-0.0,stranded
2035,Victoria Port Power II,Victoria Port Power II LLC,61966,VP2-1,TX,Victoria,28.698477,-96.946125,50.0,10.74,NG,GT,2022,3,0.0,0.0,0.0,0.0,0.0,0.0,0.0,5.0,37.59,-45.62,0.0,0.0,-0.0,stranded
2035,Victoria Port Power II,Victoria Port Power II LLC,61966,VP2-2,TX,Victoria,28.698477,-96.946125,50.0,10.74,NG,GT,2022,3,0.0,0.0,0.0,0.0,0.0,0.0,0.0,5.0,37.59,-45.62,0.0,0.0,-0.0,stranded
2035,"Peaker Power, LLC",Port Comfort Power LLC,60459,PC1,TX,Calhoun,28.64807,-96.54621,60.5,10.76,NG,GT,2017,8,0.0,0.0,0.0,0.0,0.0,0.0,0.0,5.0,37.66,-45.68,0.0,0.0,-0.0,stranded
2035,"Peaker Power, LLC",Port Comfort Power LLC,60459,PC2,TX,Calhoun,28.64807,-96.54621,60.5,10.76,NG,GT,2017,8,0.0,0.0,0.0,0.0,0.0,0.0,0.0,5.0,37.66,-45.68,0.0,0.0,-0.0,stranded
2035,NRG Texas Power LLC,W A Parish,3470,1,TX,Fort Bend,29.4828,-95.6311,187.8,11.5,NG,ST,1958,67,0.0,0.0,0.0,0.0,0.0,0.0,0.0,3.5,40.25,-45.78,0.0,0.0,-0.0,stranded
2035,NRG Texas Power LLC,W A Parish,3470,2,TX,Fort Bend,29.4828,-95.6311,187.8,11.5,NG,ST,1958,67,0.0,0.0,0.0,0.0,0.0,0.0,0.0,3.5,40.25,-45.78,0.0,0.0,-0.0,stranded
2035,NRG Texas Power LLC,W A Parish,3470,3,TX,Fort Bend,29.4828,-95.6311,299.2,11.5,NG,ST,1961,64,0.0,0.0,0.0,0.0,0.0,0.0,0.0,3.5,40.25,-45.78,0.0,0.0,-0.0,stranded
2035,NRG Texas Power LLC,W A Parish,3470,4,TX,Fort Bend,29.4828,-95.6311,580.5,11.5,NG,ST,1968,57,0.0,0.0,0.0,0.0,0.0,0.0,0.0,3.5,40.25,-45.78,0.0,0.0,-0.0,stranded
2035,"Peaker Power, LLC",Chamon Power LLC,60460,CH1,TX,Harris,29.883214,-95.111345,60.5,10.88,NG,GT,2017,8,0.0,0.0,0.0,0.0,0.0,0.0,0.0,5.0,38.08,-46.11,0.0,0.0,-0.0,stranded
2035,"Peaker Power, LLC",Chamon Power LLC,60460,CH2,TX,Harris,29.883214,-95.111345,60.5,10.88,NG,GT,2017,8,0.0,0.0,0.0,0.0,0.0,0.0,0.0,5.0,38.08,-46.11,0.0,0.0,-0.0,stranded
2035,Shell Chemical LP,Westhollow Technology Center,54330,1,TX,Harris,29.726017,-95.638249,3.7,10.88,NG,GT,1988,37,0.0,0.0,0.0,0.0,0.0,0.0,0.0,5.0,38.08,-46.11,0.0,0.0,-0.0,stranded
2035,WM Renewable Energy LLC,Mesquite Creek LFGTE Project,57167,GEN1,TX,Comal,29.7372,-98.0228,1.6,10.93,LFG,IC,2010,15,0.0,0.0,0.0,0.0,0.0,0.0,0.0,5.0,38.25,-46.28,0.0,0.0,-0.0,stranded
2035,WM Renewable Energy LLC,Mesquite Creek LFGTE Project,57167,GEN2,TX,Comal,29.7372,-98.0228,1.6,10.93,LFG,IC,2010,15,0.0,0.0,0.0,0.0,0.0,0.0,0.0,5.0,38.25,-46.28,0.0,0.0,-0.0,stranded
2035,Freeport LNG Development L.P,Freeport LP Pretreatment Facility,59145,65GTG,TX,Brazoria,28.979167,-95.306944,87.0,11.0,NG,GT,2019,6,0.0,0.0,0.0,0.0,0.0,0.0,0.0,5.0,38.5,-46.52,0.0,0.0,-0.0,stranded
2035,"Ector County Generation, LLC",Ector County Energy Center,58471,CTG1,TX,Ector,32.069167,-102.585556,179.4,11.03,NG,GT,2015,10,0.0,0.0,0.0,0.0,0.0,0.0,0.0,5.0,38.6,-46.63,0.0,0.0,-0.0,stranded
2035,"Ector County Generation, LLC",Ector County Energy Center,58471,CTG2,TX,Ector,32.069167,-102.585556,179.4,11.03,NG,GT,2015,10,0.0,0.0,0.0,0.0,0.0,0.0,0.0,5.0,38.6,-46.63,0.0,0.0,-0.0,stranded
2035,City of San Antonio - (TX),V H Braunig,3612,5,TX,Bexar,29.2567,-98.3825,61.0,11.03,NG,GT,2010,15,0.0,0.0,0.0,0.0,0.0,0.0,0.0,5.0,38.6,-46.63,0.0,0.0,-0.0,stranded
2035,City of San Antonio - (TX),V H Braunig,3612,6,TX,Bexar,29.2567,-98.3825,61.0,11.03,NG,GT,2010,15,0.0,0.0,0.0,0.0,0.0,0.0,0.0,5.0,38.6,-46.63,0.0,0.0,-0.0,stranded
2035,City of San Antonio - (TX),V H Braunig,3612,7,TX,Bexar,29.2567,-98.3825,61.0,11.03,NG,GT,2010,15,0.0,0.0,0.0,0.0,0.0,0.0,0.0,5.0,38.6,-46.63,0.0,0.0,-0.0,stranded
2035,City of San Antonio - (TX),V H Braunig,3612,8,TX,Bexar,29.2567,-98.3825,61.0,11.03,NG,GT,2010,15,0.0,0.0,0.0,0.0,0.0,0.0,0.0,5.0,38.6,-46.63,0.0,0.0,-0.0,stranded
2035,Brownsville Public Utilities Board,Silas Ray,3559,6,TX,Cameron,25.9131,-97.5214,25.0,11.79,NG,CA,1959,66,0.0,0.0,0.0,0.0,0.0,0.0,0.0,3.5,41.27,-46.8,0.0,0.0,-0.0,stranded
2035,Brownsville Public Utilities Board,Silas Ray,3559,9,TX,Cameron,25.9131,-97.5214,50.0,11.79,NG,CT,1996,29,0.0,0.0,0.0,0.0,0.0,0.0,0.0,3.5,41.27,-46.8,0.0,0.0,-0.0,stranded
2035,Luminant Generation Company LLC,Lake Hubbard,3452,1,TX,Dallas,32.8358,-96.5458,396.5,11.85,NG,ST,1970,55,0.0,0.0,0.0,0.0,0.0,0.0,0.0,3.5,41.48,-47.01,0.0,0.0,-0.0,stranded
2035,Luminant Generation Company LLC,Lake Hubbard,3452,2,TX,Dallas,32.8358,-96.5458,531.0,11.85,NG,ST,1973,52,0.0,0.0,0.0,0.0,0.0,0.0,0.0,3.5,41.48,-47.01,0.0,0.0,-0.0,stranded
2035,"Generate ER-NG, LLC",HEB00790,67314,H7901,TX,Collin,33.055367,-96.796681,0.4,11.22,NG,IC,2022,3,0.0,0.0,0.0,0.0,0.0,0.0,0.0,5.0,39.27,-47.3,0.0,0.0,-0.0,stranded
2035,"Generate ER-NG, LLC",HEB00790,67314,H7902,TX,Collin,33.055367,-96.796681,0.4,11.22,NG,IC,2022,3,0.0,0.0,0.0,0.0,0.0,0.0,0.0,5.0,39.27,-47.3,0.0,0.0,-0.0,stranded
2035,"Generate ER-NG, LLC",HEB00790,67314,H7903,TX,Collin,33.055367,-96.796681,0.4,11.22,NG,IC,2022,3,0.0,0.0,0.0,0.0,0.0,0.0,0.0,5.0,39.27,-47.3,0.0,0.0,-0.0,stranded
2035,Ticona Polymers Inc,Ticona Polymers Inc,10243,GEN5,TX,Nueces,27.5697,-97.8228,44.2,11.37,NG,GT,1989,36,0.0,0.0,0.0,0.0,0.0,0.0,0.0,5.0,39.79,-47.82,0.0,0.0,-0.0,stranded
2035,The Methodist Hospital,"The Methodist Hospital, Gas Turbine",59381,GT-1,TX,Harris,29.709444,-95.400278,5.0,11.37,NG,GT,2010,15,0.0,0.0,0.0,0.0,0.0,0.0,0.0,5.0,39.79,-47.82,0.0,0.0,-0.0,stranded
2035,Energy Systems Group LLC,NASA Johnson Space Center CHP,62762,CTG-1,TX,Harris,29.562372,-95.089302,5.6,11.37,NG,GT,2018,7,0.0,0.0,0.0,0.0,0.0,0.0,0.0,5.0,39.79,-47.82,0.0,0.0,-0.0,stranded
2035,Energy Systems Group LLC,NASA Johnson Space Center CHP,62762,CTG-2,TX,Harris,29.562372,-95.089302,5.6,11.37,NG,GT,2018,7,0.0,0.0,0.0,0.0,0.0,0.0,0.0,5.0,39.79,-47.82,0.0,0.0,-0.0,stranded
2035,"Mountain Creek Power, LLC",Mountain Creek,3453,6,TX,Dallas,32.7231,-96.9358,135.7,12.12,NG,ST,1956,69,0.0,0.0,0.0,0.0,0.0,0.0,0.0,3.5,42.42,-47.95,0.0,0.0,-0.0,stranded
2035,"Mountain Creek Power, LLC",Mountain Creek,3453,7,TX,Dallas,32.7231,-96.9358,136.0,12.12,NG,ST,1958,67,0.0,0.0,0.0,0.0,0.0,0.0,0.0,3.5,42.42,-47.95,0.0,0.0,-0.0,stranded
2035,"Mountain Creek Power, LLC",Mountain Creek,3453,8,TX,Dallas,32.7231,-96.9358,580.5,12.12,NG,ST,1967,58,0.0,0.0,0.0,0.0,0.0,0.0,0.0,3.5,42.42,-47.95,0.0,0.0,-0.0,stranded
2035,Luminant Generation Company LLC,Stryker Creek,3504,ST1,TX,Cherokee,31.93985,-94.989834,176.8,12.15,NG,ST,1958,67,0.0,0.0,0.0,0.0,0.0,0.0,0.0,3.5,42.52,-48.06,0.0,0.0,-0.0,stranded
2035,Luminant Generation Company LLC,Stryker Creek,3504,ST2,TX,Cherokee,31.93985,-94.989834,526.6,12.15,NG,ST,1965,60,0.0,0.0,0.0,0.0,0.0,0.0,0.0,3.5,42.52,-48.06,0.0,0.0,-0.0,stranded
2035,NRG Texas Power LLC,W A Parish,3470,GT1,TX,Fort Bend,29.4828,-95.6311,16.3,11.5,NG,GT,1967,58,0.0,0.0,0.0,0.0,0.0,0.0,0.0,5.0,40.25,-48.27,0.0,0.0,-0.0,stranded
2035,"Walmart Stores Texas, LLC",WAL3572,64934,GEN1,TX,Brazoria,29.557643,-95.382896,1.3,11.61,NG,IC,2019,6,0.0,0.0,0.0,0.0,0.0,0.0,0.0,5.0,40.63,-48.66,0.0,0.0,-0.0,stranded
2035,WM Renewable Energy LLC,Austin Gas Recovery,56524,GEN1,TX,Travis,30.3344,-97.6217,1.6,11.68,LFG,IC,2007,18,0.0,0.0,0.0,0.0,0.0,0.0,0.0,5.0,40.88,-48.9,0.0,0.0,-0.0,stranded
2035,WM Renewable Energy LLC,Austin Gas Recovery,56524,GEN2,TX,Travis,30.3344,-97.6217,1.6,11.68,LFG,IC,2007,18,0.0,0.0,0.0,0.0,0.0,0.0,0.0,5.0,40.88,-48.9,0.0,0.0,-0.0,stranded
2035,WM Renewable Energy LLC,Austin Gas Recovery,56524,GEN3,TX,Travis,30.3344,-97.6217,1.6,11.68,LFG,IC,2007,18,0.0,0.0,0.0,0.0,0.0,0.0,0.0,5.0,40.88,-48.9,0.0,0.0,-0.0,stranded
2035,Austin Energy,Decker Creek,3548,GT1,TX,Travis,30.3033,-97.6128,51.5,11.7,NG,GT,1988,37,0.0,0.0,0.0,0.0,0.0,0.0,0.0,5.0,40.95,-48.97,0.0,0.0,-0.0,stranded
2035,Austin Energy,Decker Creek,3548,GT2,TX,Travis,30.3033,-97.6128,51.5,11.7,NG,GT,1988,37,0.0,0.0,0.0,0.0,0.0,0.0,0.0,5.0,40.95,-48.97,0.0,0.0,-0.0,stranded
2035,Austin Energy,Decker Creek,3548,GT3,TX,Travis,30.3033,-97.6128,51.5,11.7,NG,GT,1988,37,0.0,0.0,0.0,0.0,0.0,0.0,0.0,5.0,40.95,-48.97,0.0,0.0,-0.0,stranded
2035,Austin Energy,Decker Creek,3548,GT4,TX,Travis,30.3033,-97.6128,51.5,11.7,NG,GT,1988,37,0.0,0.0,0.0,0.0,0.0,0.0,0.0,5.0,40.95,-48.97,0.0,0.0,-0.0,stranded
2035,Ft Worth City of,Village Creek Water Reclamation Facility,54520,SD1,TX,Tarrant,32.775093,-97.14209,0.9,11.72,NG,IC,1994,31,0.0,0.0,0.0,0.0,0.0,0.0,0.0,5.0,41.02,-49.05,0.0,0.0,-0.0,stranded
2035,Ft Worth City of,Village Creek Water Reclamation Facility,54520,SD2,TX,Tarrant,32.775093,-97.14209,0.9,11.72,NG,IC,1994,31,0.0,0.0,0.0,0.0,0.0,0.0,0.0,5.0,41.02,-49.05,0.0,0.0,-0.0,stranded
2035,Ft Worth City of,Village Creek Water Reclamation Facility,54520,TG1,TX,Tarrant,32.775093,-97.14209,5.3,11.72,NG,GT,2001,24,0.0,0.0,0.0,0.0,0.0,0.0,0.0,5.0,41.02,-49.05,0.0,0.0,-0.0,stranded
2035,Ft Worth City of,Village Creek Water Reclamation Facility,54520,TG2,TX,Tarrant,32.775093,-97.14209,5.3,11.72,NG,GT,2001,24,0.0,0.0,0.0,0.0,0.0,0.0,0.0,5.0,41.02,-49.05,0.0,0.0,-0.0,stranded
2035,WM Renewable Energy LLC,Farmers Branch Renewable Energy Facility,57165,GEN1,TX,Denton,33.031111,-96.957222,1.6,11.75,LFG,IC,2011,14,0.0,0.0,0.0,0.0,0.0,0.0,0.0,5.0,41.12,-49.15,0.0,0.0,-0.0,stranded
2035,WM Renewable Energy LLC,Farmers Branch Renewable Energy Facility,57165,GEN2,TX,Denton,33.031111,-96.957222,1.6,11.75,LFG,IC,2011,14,0.0,0.0,0.0,0.0,0.0,0.0,0.0,5.0,41.12,-49.15,0.0,0.0,-0.0,stranded
2035,Brownsville Public Utilities Board,Silas Ray,3559,10,TX,Cameron,25.9131,-97.5214,61.0,11.79,NG,GT,2004,21,0.0,0.0,0.0,0.0,0.0,0.0,0.0,5.0,41.27,-49.29,0.0,0.0,-0.0,stranded
2035,"Walmart Stores Texas, LLC",WAL3510,64926,GEN1,TX,Brazoria,29.545976,-95.235941,1.3,11.82,NG,IC,2019,6,0.0,0.0,0.0,0.0,0.0,0.0,0.0,5.0,41.37,-49.4,0.0,0.0,-0.0,stranded
2035,City of Bryan - (TX),Dansby,6243,1,TX,Brazos,30.7217,-96.4608,105.0,12.61,NG,ST,1978,47,0.0,0.0,0.0,0.0,0.0,0.0,0.0,3.5,44.13,-49.67,0.0,0.0,-0.0,stranded
2035,"Nelson Gardens Energy, LLC",Nelson Gardens Landfill Gas to Energy,59649,UNIT1,TX,Bexar,29.33,-98.66,1.1,12.08,LFG,IC,2014,11,0.0,0.0,0.0,0.0,0.0,0.0,0.0,5.0,42.28,-50.3,0.0,0.0,-0.0,stranded
2035,"Nelson Gardens Energy, LLC",Nelson Gardens Landfill Gas to Energy,59649,UNIT2,TX,Bexar,29.33,-98.66,1.1,12.08,LFG,IC,2014,11,0.0,0.0,0.0,0.0,0.0,0.0,0.0,5.0,42.28,-50.3,0.0,0.0,-0.0,stranded
2035,"Nelson Gardens Energy, LLC",Nelson Gardens Landfill Gas to Energy,59649,UNIT3,TX,Bexar,29.33,-98.66,1.1,12.08,LFG,IC,2014,11,0.0,0.0,0.0,0.0,0.0,0.0,0.0,5.0,42.28,-50.3,0.0,0.0,-0.0,stranded
2035,"Nelson Gardens Energy, LLC",Nelson Gardens Landfill Gas to Energy,59649,UNIT4,TX,Bexar,29.33,-98.66,1.1,12.08,LFG,IC,2014,11,0.0,0.0,0.0,0.0,0.0,0.0,0.0,5.0,42.28,-50.3,0.0,0.0,-0.0,stranded
2035,Austin Energy,Robert Mueller Energy Center,56374,CT1,TX,Travis,30.304994,-97.707675,4.6,12.09,NG,GT,2006,19,0.0,0.0,0.0,0.0,0.0,0.0,0.0,5.0,42.31,-50.34,0.0,0.0,-0.0,stranded
2035,RW Miller Power LLC,R W Miller,3628,1,TX,Palo Pinto,32.6581,-98.3103,66.0,12.86,NG,ST,1968,57,0.0,0.0,0.0,0.0,0.0,0.0,0.0,3.5,45.01,-50.55,0.0,0.0,-0.0,stranded
2035,RW Miller Power LLC,R W Miller,3628,2,TX,Palo Pinto,32.6581,-98.3103,100.0,12.86,NG,ST,1972,53,0.0,0.0,0.0,0.0,0.0,0.0,0.0,3.5,45.01,-50.55,0.0,0.0,-0.0,stranded
2035,RW Miller Power LLC,R W Miller,3628,3,TX,Palo Pinto,32.6581,-98.3103,200.0,12.86,NG,ST,1975,50,0.0,0.0,0.0,0.0,0.0,0.0,0.0,3.5,45.01,-50.55,0.0,0.0,-0.0,stranded
2035,WM Renewable Energy LLC,Westside Landfill Gas Recovery,57020,GEN1,TX,Parker,32.724553,-97.537118,1.6,12.27,LFG,IC,2010,15,0.0,0.0,0.0,0.0,0.0,0.0,0.0,5.0,42.95,-50.97,0.0,0.0,-0.0,stranded
2035,WM Renewable Energy LLC,Westside Landfill Gas Recovery,57020,GEN2,TX,Parker,32.724553,-97.537118,1.6,12.27,LFG,IC,2010,15,0.0,0.0,0.0,0.0,0.0,0.0,0.0,5.0,42.95,-50.97,0.0,0.0,-0.0,stranded
2035,"Walmart Stores Texas, LLC",WAL897,64808,GEN1,TX,Pecos,30.896466,-102.907161,1.3,12.54,NG,IC,2021,4,0.0,0.0,0.0,0.0,0.0,0.0,0.0,5.0,43.89,-51.91,0.0,0.0,-0.0,stranded
2035,"Constellation Power, Inc",Handley,3491,3,TX,Tarrant,32.7283,-97.2192,404.8,13.32,NG,ST,1963,62,0.0,0.0,0.0,0.0,0.0,0.0,0.0,3.5,46.62,-52.16,0.0,0.0,-0.0,stranded
2035,"Constellation Power, Inc",Handley,3491,4,TX,Tarrant,32.7283,-97.2192,455.0,13.32,NG,ST,1976,49,0.0,0.0,0.0,0.0,0.0,0.0,0.0,3.5,46.62,-52.16,0.0,0.0,-0.0,stranded
2035,"Constellation Power, Inc",Handley,3491,5,TX,Tarrant,32.7283,-97.2192,455.0,13.32,NG,ST,1977,48,0.0,0.0,0.0,0.0,0.0,0.0,0.0,3.5,46.62,-52.16,0.0,0.0,-0.0,stranded
2035,City of Bryan - (TX),Dansby,6243,2,TX,Brazos,30.7217,-96.4608,49.1,12.61,NG,GT,2004,21,0.0,0.0,0.0,0.0,0.0,0.0,0.0,5.0,44.13,-52.16,0.0,0.0,-0.0,stranded
2035,City of Bryan - (TX),Dansby,6243,3,TX,Brazos,30.7217,-96.4608,49.1,12.61,NG,GT,2010,15,0.0,0.0,0.0,0.0,0.0,0.0,0.0,5.0,44.13,-52.16,0.0,0.0,-0.0,stranded
2035,"Walmart Stores Texas, LLC",WAL529,64794,GEN1,TX,Galveston,29.372305,-95.000453,1.3,12.82,NG,IC,2019,6,0.0,0.0,0.0,0.0,0.0,0.0,0.0,5.0,44.87,-52.9,0.0,0.0,-0.0,stranded
2035,RW Miller Power LLC,R W Miller,3628,4,TX,Palo Pinto,32.6581,-98.3103,118.8,12.86,NG,GT,1994,31,0.0,0.0,0.0,0.0,0.0,0.0,0.0,5.0,45.01,-53.03,0.0,0.0,-0.0,stranded
2035,RW Miller Power LLC,R W Miller,3628,5,TX,Palo Pinto,32.6581,-98.3103,118.8,12.86,NG,GT,1994,31,0.0,0.0,0.0,0.0,0.0,0.0,0.0,5.0,45.01,-53.03,0.0,0.0,-0.0,stranded
2035,"LaPorte Power, LLC",Exelon LaPorte Generating Station,55365,GT1,TX,Harris,29.7028,-95.0718,59.0,12.93,NG,GT,2001,24,0.0,0.0,0.0,0.0,0.0,0.0,0.0,5.0,45.25,-53.28,0.0,0.0,-0.0,stranded
2035,"LaPorte Power, LLC",Exelon LaPorte Generating Station,55365,GT2,TX,Harris,29.7028,-95.0718,59.0,12.93,NG,GT,2001,24,0.0,0.0,0.0,0.0,0.0,0.0,0.0,5.0,45.25,-53.28,0.0,0.0,-0.0,stranded
2035,"LaPorte Power, LLC",Exelon LaPorte Generating Station,55365,GT3,TX,Harris,29.7028,-95.0718,59.0,12.93,NG,GT,2001,24,0.0,0.0,0.0,0.0,0.0,0.0,0.0,5.0,45.25,-53.28,0.0,0.0,-0.0,stranded
2035,"LaPorte Power, LLC",Exelon LaPorte Generating Station,55365,GT4,TX,Harris,29.7028,-95.0718,59.0,12.93,NG,GT,2001,24,0.0,0.0,0.0,0.0,0.0,0.0,0.0,5.0,45.25,-53.28,0.0,0.0,-0.0,stranded
2035,City of Garland - (TX),Ray Olinger,3576,1,TX,Collin,33.068055,-96.452481,75.0,13.76,NG,ST,1967,58,0.0,0.0,0.0,0.0,0.0,0.0,0.0,3.5,48.16,-53.69,0.0,0.0,-0.0,stranded
2035,City of Garland - (TX),Ray Olinger,3576,2,TX,Collin,33.068055,-96.452481,113.4,13.76,NG,ST,1971,54,0.0,0.0,0.0,0.0,0.0,0.0,0.0,3.5,48.16,-53.69,0.0,0.0,-0.0,stranded
2035,City of Garland - (TX),Ray Olinger,3576,3,TX,Collin,33.068055,-96.452481,156.6,13.76,NG,ST,1976,49,0.0,0.0,0.0,0.0,0.0,0.0,0.0,3.5,48.16,-53.69,0.0,0.0,-0.0,stranded
2035,"Walmart Stores Texas, LLC",WAL462,64791,GEN1,TX,Brazoria,29.421764,-95.230784,1.3,13.11,NG,IC,2019,6,0.0,0.0,0.0,0.0,0.0,0.0,0.0,5.0,45.88,-53.91,0.0,0.0,-0.0,stranded
2035,"Walmart Stores Texas, LLC",WAL1272,64829,GEN1,TX,Scurry,32.691018,-100.91789,0.4,13.23,NG,IC,2021,4,0.0,0.0,0.0,0.0,0.0,0.0,0.0,5.0,46.3,-54.33,0.0,0.0,-0.0,stranded
2035,"Walmart Stores Texas, LLC",WAL1272,64829,GEN2,TX,Scurry,32.691018,-100.91789,0.4,13.23,NG,IC,2021,4,0.0,0.0,0.0,0.0,0.0,0.0,0.0,5.0,46.3,-54.33,0.0,0.0,-0.0,stranded
2035,"Walmart Stores Texas, LLC",WAL1272,64829,GEN3,TX,Scurry,32.691018,-100.91789,0.4,13.23,NG,IC,2021,4,0.0,0.0,0.0,0.0,0.0,0.0,0.0,5.0,46.3,-54.33,0.0,0.0,-0.0,stranded
2035,Tejas Power Generation LLC,Friendswood Energy,60468,GT-1,TX,Harris,29.647267,-95.451516,121.5,13.23,NG,GT,2018,7,0.0,0.0,0.0,0.0,0.0,0.0,0.0,5.0,46.3,-54.33,0.0,0.0,-0.0,stranded
2035,"Walmart Stores Texas, LLC",WAL5388,64957,GEN1,TX,Galveston,29.470152,-95.089643,1.3,13.3,NG,IC,2020,5,0.0,0.0,0.0,0.0,0.0,0.0,0.0,5.0,46.55,-54.58,0.0,0.0,-0.0,stranded
2035,NRG Texas Power LLC,San Jacinto Steam Electric Station,7325,1,TX,Harris,29.694838,-95.040622,88.2,13.34,NG,GT,1995,30,0.0,0.0,0.0,0.0,0.0,0.0,0.0,5.0,46.69,-54.71,0.0,0.0,-0.0,stranded
2035,NRG Texas Power LLC,San Jacinto Steam Electric Station,7325,2,TX,Harris,29.694838,-95.040622,88.2,13.34,NG,GT,1995,30,0.0,0.0,0.0,0.0,0.0,0.0,0.0,5.0,46.69,-54.71,0.0,0.0,-0.0,stranded
2035,PHR Holdings LLC,Bacliff,60264,BCGT1,TX,Galveston,29.49233,-94.98483,71.2,13.37,NG,GT,2018,7,0.0,0.0,0.0,0.0,0.0,0.0,0.0,5.0,46.79,-54.82,0.0,0.0,-0.0,stranded
2035,PHR Holdings LLC,Bacliff,60264,BCGT2,TX,Galveston,29.49233,-94.98483,71.2,13.37,NG,GT,2018,7,0.0,0.0,0.0,0.0,0.0,0.0,0.0,5.0,46.79,-54.82,0.0,0.0,-0.0,stranded
2035,PHR Holdings LLC,Bacliff,60264,BCGT3,TX,Galveston,29.49233,-94.98483,71.2,13.37,NG,GT,2018,7,0.0,0.0,0.0,0.0,0.0,0.0,0.0,5.0,46.79,-54.82,0.0,0.0,-0.0,stranded
2035,PHR Holdings LLC,Bacliff,60264,BCGT4,TX,Galveston,29.49233,-94.98483,71.2,13.37,NG,GT,2018,7,0.0,0.0,0.0,0.0,0.0,0.0,0.0,5.0,46.79,-54.82,0.0,0.0,-0.0,stranded
2035,PHR Holdings LLC,Bacliff,60264,BCGT5,TX,Galveston,29.49233,-94.98483,71.2,13.37,NG,GT,2018,7,0.0,0.0,0.0,0.0,0.0,0.0,0.0,5.0,46.79,-54.82,0.0,0.0,-0.0,stranded
2035,PHR Holdings LLC,Bacliff,60264,BCGT6,TX,Galveston,29.49233,-94.98483,71.2,13.37,NG,GT,2018,7,0.0,0.0,0.0,0.0,0.0,0.0,0.0,5.0,46.79,-54.82,0.0,0.0,-0.0,stranded
2035,"Walmart Stores Texas, LLC",WAL896,64807,GEN1,TX,Dallas,32.673532,-97.036234,0.4,13.63,NG,IC,2021,4,0.0,0.0,0.0,0.0,0.0,0.0,0.0,5.0,47.71,-55.73,0.0,0.0,-0.0,stranded
2035,"Walmart Stores Texas, LLC",WAL896,64807,GEN2,TX,Dallas,32.673532,-97.036234,0.4,13.63,NG,IC,2021,4,0.0,0.0,0.0,0.0,0.0,0.0,0.0,5.0,47.71,-55.73,0.0,0.0,-0.0,stranded
2035,"Walmart Stores Texas, LLC",WAL896,64807,GEN3,TX,Dallas,32.673532,-97.036234,0.4,13.63,NG,IC,2021,4,0.0,0.0,0.0,0.0,0.0,0.0,0.0,5.0,47.71,-55.73,0.0,0.0,-0.0,stranded
2035,Luminant Generation Company LLC,Permian Basin,3494,CT1,TX,Ward,31.5839,-102.9633,89.4,13.7,NG,GT,1988,37,0.0,0.0,0.0,0.0,0.0,0.0,0.0,5.0,47.95,-55.97,0.0,0.0,-0.0,stranded
2035,Luminant Generation Company LLC,Permian Basin,3494,CT2,TX,Ward,31.5839,-102.9633,89.4,13.7,NG,GT,1988,37,0.0,0.0,0.0,0.0,0.0,0.0,0.0,5.0,47.95,-55.97,0.0,0.0,-0.0,stranded
2035,Luminant Generation Company LLC,Permian Basin,3494,CT3,TX,Ward,31.5839,-102.9633,89.4,13.7,NG,GT,1988,37,0.0,0.0,0.0,0.0,0.0,0.0,0.0,5.0,47.95,-55.97,0.0,0.0,-0.0,stranded
2035,Luminant Generation Company LLC,Permian Basin,3494,CT4,TX,Ward,31.5839,-102.9633,89.4,13.7,NG,GT,1990,35,0.0,0.0,0.0,0.0,0.0,0.0,0.0,5.0,47.95,-55.97,0.0,0.0,-0.0,stranded
2035,Luminant Generation Company LLC,Permian Basin,3494,CT5,TX,Ward,31.5839,-102.9633,89.4,13.7,NG,GT,1990,35,0.0,0.0,0.0,0.0,0.0,0.0,0.0,5.0,47.95,-55.97,0.0,0.0,-0.0,stranded
2035,"Walmart Stores Texas, LLC",WAL3631,64936,GEN1,TX,Tarrant,32.576636,-97.338514,0.4,13.73,NG,IC,2020,5,0.0,0.0,0.0,0.0,0.0,0.0,0.0,5.0,48.05,-56.08,0.0,0.0,-0.0,stranded
2035,"Walmart Stores Texas, LLC",WAL3631,64936,GEN2,TX,Tarrant,32.576636,-97.338514,0.4,13.73,NG,IC,2020,5,0.0,0.0,0.0,0.0,0.0,0.0,0.0,5.0,48.05,-56.08,0.0,0.0,-0.0,stranded
2035,"Walmart Stores Texas, LLC",WAL3631,64936,GEN3,TX,Tarrant,32.576636,-97.338514,0.4,13.73,NG,IC,2020,5,0.0,0.0,0.0,0.0,0.0,0.0,0.0,5.0,48.05,-56.08,0.0,0.0,-0.0,stranded
2035,City of Garland - (TX),Ray Olinger,3576,4,TX,Collin,33.068055,-96.452481,82.7,13.76,NG,GT,2001,24,0.0,0.0,0.0,0.0,0.0,0.0,0.0,5.0,48.16,-56.18,0.0,0.0,-0.0,stranded
2035,City of Garland - (TX),Spencer,4266,4,TX,Denton,33.1975,-97.1061,61.1,14.49,NG,ST,1966,59,0.0,0.0,0.0,0.0,0.0,0.0,0.0,3.5,50.72,-56.25,0.0,0.0,-0.0,stranded
2035,City of Garland - (TX),Spencer,4266,5,TX,Denton,33.1975,-97.1061,65.4,14.49,NG,ST,1973,52,0.0,0.0,0.0,0.0,0.0,0.0,0.0,3.5,50.72,-56.25,0.0,0.0,-0.0,stranded
2035,Entergy Texas Inc.,HEB00594,66594,H5941,TX,Montgomery,30.178935,-95.538096,0.4,13.87,NG,IC,2019,6,0.0,0.0,0.0,0.0,0.0,0.0,0.0,5.0,48.54,-56.57,0.0,0.0,-0.0,stranded
2035,Entergy Texas Inc.,HEB00594,66594,H5942,TX,Montgomery,30.178935,-95.538096,0.4,13.87,NG,IC,2019,6,0.0,0.0,0.0,0.0,0.0,0.0,0.0,5.0,48.54,-56.57,0.0,0.0,-0.0,stranded
2035,Entergy Texas Inc.,HEB00594,66594,H5943,TX,Montgomery,30.178935,-95.538096,0.4,13.87,NG,IC,2019,6,0.0,0.0,0.0,0.0,0.0,0.0,0.0,5.0,48.54,-56.57,0.0,0.0,-0.0,stranded
2035,"Walmart Stores Texas, LLC",WAL546,64797,GEN1,TX,Fort Bend,29.558105,-95.761271,0.4,14.02,NG,IC,2020,5,0.0,0.0,0.0,0.0,0.0,0.0,0.0,5.0,49.07,-57.09,0.0,0.0,-0.0,stranded
2035,"Walmart Stores Texas, LLC",WAL546,64797,GEN2,TX,Fort Bend,29.558105,-95.761271,0.4,14.02,NG,IC,2020,5,0.0,0.0,0.0,0.0,0.0,0.0,0.0,5.0,49.07,-57.09,0.0,0.0,-0.0,stranded
2035,"Walmart Stores Texas, LLC",WAL546,64797,GEN3,TX,Fort Bend,29.558105,-95.761271,0.4,14.02,NG,IC,2020,5,0.0,0.0,0.0,0.0,0.0,0.0,0.0,5.0,49.07,-57.09,0.0,0.0,-0.0,stranded
2035,"Walmart Stores Texas, LLC",WAL1455,64883,GEN1,TX,Tarrant,32.764483,-97.169261,0.4,14.03,NG,IC,2021,4,0.0,0.0,0.0,0.0,0.0,0.0,0.0,5.0,49.1,-57.13,0.0,0.0,-0.0,stranded
2035,"Walmart Stores Texas, LLC",WAL1455,64883,GEN2,TX,Tarrant,32.764483,-97.169261,0.4,14.03,NG,IC,2021,4,0.0,0.0,0.0,0.0,0.0,0.0,0.0,5.0,49.1,-57.13,0.0,0.0,-0.0,stranded
2035,"Walmart Stores Texas, LLC",WAL1455,64883,GEN3,TX,Tarrant,32.764483,-97.169261,0.4,14.03,NG,IC,2021,4,0.0,0.0,0.0,0.0,0.0,0.0,0.0,5.0,49.1,-57.13,0.0,0.0,-0.0,stranded
2035,"Walmart Stores Texas, LLC",WAL3298,64899,GEN1,TX,Galveston,29.535168,-95.018815,0.4,14.07,NG,IC,2020,5,0.0,0.0,0.0,0.0,0.0,0.0,0.0,5.0,49.25,-57.27,0.0,0.0,-0.0,stranded
2035,"Walmart Stores Texas, LLC",WAL3298,64899,GEN2,TX,Galveston,29.535168,-95.018815,0.4,14.07,NG,IC,2020,5,0.0,0.0,0.0,0.0,0.0,0.0,0.0,5.0,49.25,-57.27,0.0,0.0,-0.0,stranded
2035,"Walmart Stores Texas, LLC",WAL3298,64899,GEN3,TX,Galveston,29.535168,-95.018815,0.4,14.07,NG,IC,2020,5,0.0,0.0,0.0,0.0,0.0,0.0,0.0,5.0,49.25,-57.27,0.0,0.0,-0.0,stranded
2035,"Texas Microgrid, LLC",HEB00070,65266,H0701,TX,Taylor,32.433318,-99.758324,0.4,14.11,NG,IC,2018,7,0.0,0.0,0.0,0.0,0.0,0.0,0.0,5.0,49.38,-57.41,0.0,0.0,-0.0,stranded
2035,"Texas Microgrid, LLC",HEB00070,65266,H0702,TX,Taylor,32.433318,-99.758324,0.4,14.11,NG,IC,2018,7,0.0,0.0,0.0,0.0,0.0,0.0,0.0,5.0,49.38,-57.41,0.0,0.0,-0.0,stranded
2035,"Texas Microgrid, LLC",HEB00070,65266,H0703,TX,Taylor,32.433318,-99.758324,0.4,14.11,NG,IC,2018,7,0.0,0.0,0.0,0.0,0.0,0.0,0.0,5.0,49.38,-57.41,0.0,0.0,-0.0,stranded
2035,"Walmart Stores Texas, LLC",WAL3302,64900,GEN1,TX,Harris,29.679366,-95.5614,0.4,14.11,NG,IC,2021,4,0.0,0.0,0.0,0.0,0.0,0.0,0.0,5.0,49.38,-57.41,0.0,0.0,-0.0,stranded
2035,"Walmart Stores Texas, LLC",WAL3302,64900,GEN2,TX,Harris,29.679366,-95.5614,0.4,14.11,NG,IC,2021,4,0.0,0.0,0.0,0.0,0.0,0.0,0.0,5.0,49.38,-57.41,0.0,0.0,-0.0,stranded
2035,"Walmart Stores Texas, LLC",WAL3302,64900,GEN3,TX,Harris,29.679366,-95.5614,0.4,14.11,NG,IC,2021,4,0.0,0.0,0.0,0.0,0.0,0.0,0.0,5.0,49.38,-57.41,0.0,0.0,-0.0,stranded
2035,"Generate ER-NG, LLC",FTBLID2,66595,FLD10,TX,Fort Bend,29.575316,-95.636882,0.4,14.12,NG,IC,2021,4,0.0,0.0,0.0,0.0,0.0,0.0,0.0,5.0,49.42,-57.44,0.0,0.0,-0.0,stranded
2035,"Generate ER-NG, LLC",FTBLID2,66595,FLD11,TX,Fort Bend,29.575316,-95.636882,0.4,14.12,NG,IC,2021,4,0.0,0.0,0.0,0.0,0.0,0.0,0.0,5.0,49.42,-57.44,0.0,0.0,-0.0,stranded
2035,"Generate ER-NG, LLC",FTBLID2,66595,FLD12,TX,Fort Bend,29.575316,-95.636882,0.4,14.12,NG,IC,2021,4,0.0,0.0,0.0,0.0,0.0,0.0,0.0,5.0,49.42,-57.44,0.0,0.0,-0.0,stranded
2035,"Generate ER-NG, LLC",FTBLID2,66595,FLD13,TX,Fort Bend,29.575316,-95.636882,0.4,14.12,NG,IC,2021,4,0.0,0.0,0.0,0.0,0.0,0.0,0.0,5.0,49.42,-57.44,0.0,0.0,-0.0,stranded
2035,"Generate ER-NG, LLC",FTBLID2,66595,FLD14,TX,Fort Bend,29.575316,-95.636882,0.4,14.12,NG,IC,2021,4,0.0,0.0,0.0,0.0,0.0,0.0,0.0,5.0,49.42,-57.44,0.0,0.0,-0.0,stranded
2035,"Generate ER-NG, LLC",FTBLID2,66595,FLD15,TX,Fort Bend,29.575316,-95.636882,0.4,14.12,NG,IC,2021,4,0.0,0.0,0.0,0.0,0.0,0.0,0.0,5.0,49.42,-57.44,0.0,0.0,-0.0,stranded
2035,"Generate ER-NG, LLC",FTBLID2,66595,FLD16,TX,Fort Bend,29.575316,-95.636882,0.4,14.12,NG,IC,2021,4,0.0,0.0,0.0,0.0,0.0,0.0,0.0,5.0,49.42,-57.44,0.0,0.0,-0.0,stranded
2035,"Generate ER-NG, LLC",FTBLID2,66595,FLD17,TX,Fort Bend,29.575316,-95.636882,0.4,14.12,NG,IC,2021,4,0.0,0.0,0.0,0.0,0.0,0.0,0.0,5.0,49.42,-57.44,0.0,0.0,-0.0,stranded
2035,"Generate ER-NG, LLC",FTBLID2,66595,FLD18,TX,Fort Bend,29.575316,-95.636882,0.4,14.12,NG,IC,2021,4,0.0,0.0,0.0,0.0,0.0,0.0,0.0,5.0,49.42,-57.44,0.0,0.0,-0.0,stranded
2035,"Generate ER-NG, LLC",FTBLID2,66595,FLD19,TX,Fort Bend,29.575316,-95.636882,0.4,14.12,NG,IC,2021,4,0.0,0.0,0.0,0.0,0.0,0.0,0.0,5.0,49.42,-57.44,0.0,0.0,-0.0,stranded
2035,"Generate ER-NG, LLC",FTBLID2,66595,FLD20,TX,Fort Bend,29.575316,-95.636882,0.4,14.12,NG,IC,2021,4,0.0,0.0,0.0,0.0,0.0,0.0,0.0,5.0,49.42,-57.44,0.0,0.0,-0.0,stranded
2035,"Generate ER-NG, LLC",FTBLID2,66595,FLD21,TX,Fort Bend,29.575316,-95.636882,0.4,14.12,NG,IC,2021,4,0.0,0.0,0.0,0.0,0.0,0.0,0.0,5.0,49.42,-57.44,0.0,0.0,-0.0,stranded
2035,"Generate ER-NG, LLC",FTBLID2,66595,FLD22,TX,Fort Bend,29.575316,-95.636882,0.4,14.12,NG,IC,2021,4,0.0,0.0,0.0,0.0,0.0,0.0,0.0,5.0,49.42,-57.44,0.0,0.0,-0.0,stranded
2035,"Generate ER-NG, LLC",FTBLID2,66595,FLD23,TX,Fort Bend,29.575316,-95.636882,0.4,14.12,NG,IC,2021,4,0.0,0.0,0.0,0.0,0.0,0.0,0.0,5.0,49.42,-57.44,0.0,0.0,-0.0,stranded
2035,"Generate ER-NG, LLC",FTBLID2,66595,FLD24,TX,Fort Bend,29.575316,-95.636882,0.4,14.12,NG,IC,2021,4,0.0,0.0,0.0,0.0,0.0,0.0,0.0,5.0,49.42,-57.44,0.0,0.0,-0.0,stranded
2035,"Generate ER-NG, LLC",FTBLID2,66595,FLD25,TX,Fort Bend,29.575316,-95.636882,0.4,14.12,NG,IC,2021,4,0.0,0.0,0.0,0.0,0.0,0.0,0.0,5.0,49.42,-57.44,0.0,0.0,-0.0,stranded
2035,"Generate ER-NG, LLC",FTBLID2,66595,FLD26,TX,Fort Bend,29.575316,-95.636882,0.4,14.12,NG,IC,2021,4,0.0,0.0,0.0,0.0,0.0,0.0,0.0,5.0,49.42,-57.44,0.0,0.0,-0.0,stranded
2035,"Generate ER-NG, LLC",FTBLID2,66595,FLD27,TX,Fort Bend,29.575316,-95.636882,0.4,14.12,NG,IC,2021,4,0.0,0.0,0.0,0.0,0.0,0.0,0.0,5.0,49.42,-57.44,0.0,0.0,-0.0,stranded
2035,"Generate ER-NG, LLC",FTBLID2,66595,FLD28,TX,Fort Bend,29.575316,-95.636882,0.4,14.12,NG,IC,2021,4,0.0,0.0,0.0,0.0,0.0,0.0,0.0,5.0,49.42,-57.44,0.0,0.0,-0.0,stranded
2035,"Generate ER-NG, LLC",FTBLID2,66595,FLID1,TX,Fort Bend,29.575316,-95.636882,0.4,14.12,NG,IC,2021,4,0.0,0.0,0.0,0.0,0.0,0.0,0.0,5.0,49.42,-57.44,0.0,0.0,-0.0,stranded
2035,"Generate ER-NG, LLC",FTBLID2,66595,FLID2,TX,Fort Bend,29.575316,-95.636882,0.4,14.12,NG,IC,2021,4,0.0,0.0,0.0,0.0,0.0,0.0,0.0,5.0,49.42,-57.44,0.0,0.0,-0.0,stranded
2035,"Generate ER-NG, LLC",FTBLID2,66595,FLID3,TX,Fort Bend,29.575316,-95.636882,0.4,14.12,NG,IC,2021,4,0.0,0.0,0.0,0.0,0.0,0.0,0.0,5.0,49.42,-57.44,0.0,0.0,-0.0,stranded
2035,"Generate ER-NG, LLC",FTBLID2,66595,FLID4,TX,Fort Bend,29.575316,-95.636882,0.4,14.12,NG,IC,2021,4,0.0,0.0,0.0,0.0,0.0,0.0,0.0,5.0,49.42,-57.44,0.0,0.0,-0.0,stranded
2035,"Generate ER-NG, LLC",FTBLID2,66595,FLID5,TX,Fort Bend,29.575316,-95.636882,0.4,14.12,NG,IC,2021,4,0.0,0.0,0.0,0.0,0.0,0.0,0.0,5.0,49.42,-57.44,0.0,0.0,-0.0,stranded
2035,"Generate ER-NG, LLC",FTBLID2,66595,FLID6,TX,Fort Bend,29.575316,-95.636882,0.4,14.12,NG,IC,2021,4,0.0,0.0,0.0,0.0,0.0,0.0,0.0,5.0,49.42,-57.44,0.0,0.0,-0.0,stranded
2035,"Generate ER-NG, LLC",FTBLID2,66595,FLID7,TX,Fort Bend,29.575316,-95.636882,0.4,14.12,NG,IC,2021,4,0.0,0.0,0.0,0.0,0.0,0.0,0.0,5.0,49.42,-57.44,0.0,0.0,-0.0,stranded
2035,"Generate ER-NG, LLC",FTBLID2,66595,FLID8,TX,Fort Bend,29.575316,-95.636882,0.4,14.12,NG,IC,2021,4,0.0,0.0,0.0,0.0,0.0,0.0,0.0,5.0,49.42,-57.44,0.0,0.0,-0.0,stranded
2035,"Generate ER-NG, LLC",FTBLID2,66595,FLID9,TX,Fort Bend,29.575316,-95.636882,0.4,14.12,NG,IC,2021,4,0.0,0.0,0.0,0.0,0.0,0.0,0.0,5.0,49.42,-57.44,0.0,0.0,-0.0,stranded
2035,"Walmart Stores Texas, LLC",WAL2667,64887,GEN1,TX,Dallas,32.793829,-96.689543,0.4,14.12,NG,IC,2021,4,0.0,0.0,0.0,0.0,0.0,0.0,0.0,5.0,49.42,-57.44,0.0,0.0,-0.0,stranded
2035,"Walmart Stores Texas, LLC",WAL2667,64887,GEN2,TX,Dallas,32.793829,-96.689543,0.4,14.12,NG,IC,2021,4,0.0,0.0,0.0,0.0,0.0,0.0,0.0,5.0,49.42,-57.44,0.0,0.0,-0.0,stranded
2035,"Walmart Stores Texas, LLC",WAL2667,64887,GEN3,TX,Dallas,32.793829,-96.689543,0.4,14.12,NG,IC,2021,4,0.0,0.0,0.0,0.0,0.0,0.0,0.0,5.0,49.42,-57.44,0.0,0.0,-0.0,stranded
2035,"Texas Microgrid, LLC",OTHERCitizensHospital,66614,CTZH1,TX,Victoria,28.812804,-96.977765,0.4,14.12,NG,IC,2020,5,0.0,0.0,0.0,0.0,0.0,0.0,0.0,5.0,49.42,-57.44,0.0,0.0,-0.0,stranded
2035,"Texas Microgrid, LLC",OTHERCitizensHospital,66614,CTZH2,TX,Victoria,28.812804,-96.977765,0.4,14.12,NG,IC,2020,5,0.0,0.0,0.0,0.0,0.0,0.0,0.0,5.0,49.42,-57.44,0.0,0.0,-0.0,stranded
2035,"Texas Microgrid, LLC",OTHERCitizensHospital,66614,CTZH3,TX,Victoria,28.812804,-96.977765,0.4,14.12,NG,IC,2020,5,0.0,0.0,0.0,0.0,0.0,0.0,0.0,5.0,49.42,-57.44,0.0,0.0,-0.0,stranded
2035,"Texas Microgrid, LLC",OTHERCitizensHospital,66614,CTZH4,TX,Victoria,28.812804,-96.977765,0.4,14.12,NG,IC,2020,5,0.0,0.0,0.0,0.0,0.0,0.0,0.0,5.0,49.42,-57.44,0.0,0.0,-0.0,stranded
2035,"Texas Microgrid, LLC",OTHERCitizensHospital,66614,CTZH5,TX,Victoria,28.812804,-96.977765,0.4,14.12,NG,IC,2020,5,0.0,0.0,0.0,0.0,0.0,0.0,0.0,5.0,49.42,-57.44,0.0,0.0,-0.0,stranded
2035,"Texas Microgrid, LLC",OTHERCitizensHospital,66614,CTZH6,TX,Victoria,28.812804,-96.977765,0.4,14.12,NG,IC,2020,5,0.0,0.0,0.0,0.0,0.0,0.0,0.0,5.0,49.42,-57.44,0.0,0.0,-0.0,stranded
2035,"Texas Microgrid, LLC",OTHERCitizensHospital,66614,CTZH7,TX,Victoria,28.812804,-96.977765,0.4,14.12,NG,IC,2020,5,0.0,0.0,0.0,0.0,0.0,0.0,0.0,5.0,49.42,-57.44,0.0,0.0,-0.0,stranded
2035,"Walmart Stores Texas, LLC",WAL940,64809,GEN1,TX,Tarrant,32.755036,-97.433843,0.4,14.14,NG,IC,2020,5,0.0,0.0,0.0,0.0,0.0,0.0,0.0,5.0,49.49,-57.52,0.0,0.0,-0.0,stranded
2035,"Walmart Stores Texas, LLC",WAL940,64809,GEN2,TX,Tarrant,32.755036,-97.433843,0.4,14.14,NG,IC,2020,5,0.0,0.0,0.0,0.0,0.0,0.0,0.0,5.0,49.49,-57.52,0.0,0.0,-0.0,stranded
2035,"Walmart Stores Texas, LLC",WAL940,64809,GEN3,TX,Tarrant,32.755036,-97.433843,0.4,14.14,NG,IC,2020,5,0.0,0.0,0.0,0.0,0.0,0.0,0.0,5.0,49.49,-57.52,0.0,0.0,-0.0,stranded
2035,"Texas Microgrid, LLC",HEB00095,66564,H0951,TX,Webb,27.607476,-99.473866,0.4,14.15,NG,IC,2018,7,0.0,0.0,0.0,0.0,0.0,0.0,0.0,5.0,49.52,-57.55,0.0,0.0,-0.0,stranded
2035,"Texas Microgrid, LLC",HEB00095,66564,H0952,TX,Webb,27.607476,-99.473866,0.4,14.15,NG,IC,2018,7,0.0,0.0,0.0,0.0,0.0,0.0,0.0,5.0,49.52,-57.55,0.0,0.0,-0.0,stranded
2035,"Texas Microgrid, LLC",HEB00095,66564,H0953,TX,Webb,27.607476,-99.473866,0.4,14.15,NG,IC,2018,7,0.0,0.0,0.0,0.0,0.0,0.0,0.0,5.0,49.52,-57.55,0.0,0.0,-0.0,stranded
2035,"Texas Microgrid, LLC",HEB00095,66564,H0954,TX,Webb,27.607476,-99.473866,0.4,14.15,NG,IC,2018,7,0.0,0.0,0.0,0.0,0.0,0.0,0.0,5.0,49.52,-57.55,0.0,0.0,-0.0,stranded
2035,"Texas Microgrid, LLC",HEB00182,65274,H1821,TX,Bell,31.07212,-97.370901,0.4,14.16,NG,IC,2018,7,0.0,0.0,0.0,0.0,0.0,0.0,0.0,5.0,49.56,-57.59,0.0,0.0,-0.0,stranded
2035,"Texas Microgrid, LLC",HEB00182,65274,H1822,TX,Bell,31.07212,-97.370901,0.4,14.16,NG,IC,2018,7,0.0,0.0,0.0,0.0,0.0,0.0,0.0,5.0,49.56,-57.59,0.0,0.0,-0.0,stranded
2035,"Texas Microgrid, LLC",HEB00182,65274,H1823,TX,Bell,31.07212,-97.370901,0.4,14.16,NG,IC,2018,7,0.0,0.0,0.0,0.0,0.0,0.0,0.0,5.0,49.56,-57.59,0.0,0.0,-0.0,stranded
2035,"Walmart Stores Texas, LLC",WAL791,64804,GEN1,TX,Jim Wells,27.769271,-98.043187,0.4,14.17,NG,IC,2021,4,0.0,0.0,0.0,0.0,0.0,0.0,0.0,5.0,49.59,-57.62,0.0,0.0,-0.0,stranded
2035,"Walmart Stores Texas, LLC",WAL791,64804,GEN2,TX,Jim Wells,27.769271,-98.043187,0.4,14.17,NG,IC,2021,4,0.0,0.0,0.0,0.0,0.0,0.0,0.0,5.0,49.59,-57.62,0.0,0.0,-0.0,stranded
2035,"Walmart Stores Texas, LLC",WAL791,64804,GEN3,TX,Jim Wells,27.769271,-98.043187,0.4,14.17,NG,IC,2021,4,0.0,0.0,0.0,0.0,0.0,0.0,0.0,5.0,49.59,-57.62,0.0,0.0,-0.0,stranded
2035,"Texas Microgrid, LLC",HEB00591,66562,H5911,TX,Williamson,30.518818,-97.65854,0.4,14.18,NG,IC,2018,7,0.0,0.0,0.0,0.0,0.0,0.0,0.0,5.0,49.63,-57.65,0.0,0.0,-0.0,stranded
2035,"Texas Microgrid, LLC",HEB00591,66562,H5912,TX,Williamson,30.518818,-97.65854,0.4,14.18,NG,IC,2018,7,0.0,0.0,0.0,0.0,0.0,0.0,0.0,5.0,49.63,-57.65,0.0,0.0,-0.0,stranded
2035,"Texas Microgrid, LLC",HEB00591,66562,H5913,TX,Williamson,30.518818,-97.65854,0.4,14.18,NG,IC,2018,7,0.0,0.0,0.0,0.0,0.0,0.0,0.0,5.0,49.63,-57.65,0.0,0.0,-0.0,stranded
2035,"Texas Microgrid, LLC",HEB00591,66562,H5914,TX,Williamson,30.518818,-97.65854,0.4,14.18,NG,IC,2018,7,0.0,0.0,0.0,0.0,0.0,0.0,0.0,5.0,49.63,-57.65,0.0,0.0,-0.0,stranded
2035,"Texas Microgrid, LLC",HEB00092,66563,H0921,TX,Victoria,28.851871,-96.996805,0.4,14.18,NG,IC,2018,7,0.0,0.0,0.0,0.0,0.0,0.0,0.0,5.0,49.63,-57.65,0.0,0.0,-0.0,stranded
2035,"Texas Microgrid, LLC",HEB00092,66563,H0922,TX,Victoria,28.851871,-96.996805,0.4,14.18,NG,IC,2018,7,0.0,0.0,0.0,0.0,0.0,0.0,0.0,5.0,49.63,-57.65,0.0,0.0,-0.0,stranded
2035,"Texas Microgrid, LLC",HEB00092,66563,H0923,TX,Victoria,28.851871,-96.996805,0.4,14.18,NG,IC,2018,7,0.0,0.0,0.0,0.0,0.0,0.0,0.0,5.0,49.63,-57.65,0.0,0.0,-0.0,stranded
2035,"Texas Microgrid, LLC",HEB00092,66563,H0924,TX,Victoria,28.851871,-96.996805,0.4,14.18,NG,IC,2018,7,0.0,0.0,0.0,0.0,0.0,0.0,0.0,5.0,49.63,-57.65,0.0,0.0,-0.0,stranded
2035,"Walmart Stores Texas, LLC",WAL4509,64943,GEN1,TX,Tarrant,32.677829,-97.467729,0.4,14.21,NG,IC,2020,5,0.0,0.0,0.0,0.0,0.0,0.0,0.0,5.0,49.73,-57.76,0.0,0.0,-0.0,stranded
2035,"Walmart Stores Texas, LLC",WAL4509,64943,GEN2,TX,Tarrant,32.677829,-97.467729,0.4,14.21,NG,IC,2020,5,0.0,0.0,0.0,0.0,0.0,0.0,0.0,5.0,49.73,-57.76,0.0,0.0,-0.0,stranded
2035,"Walmart Stores Texas, LLC",WAL4509,64943,GEN3,TX,Tarrant,32.677829,-97.467729,0.4,14.21,NG,IC,2020,5,0.0,0.0,0.0,0.0,0.0,0.0,0.0,5.0,49.73,-57.76,0.0,0.0,-0.0,stranded
2035,"Generate ER-NG, LLC",Praxair,66596,PRAX1,TX,Brazoria,29.004862,-95.388434,0.4,14.22,NG,IC,2019,6,0.0,0.0,0.0,0.0,0.0,0.0,0.0,5.0,49.77,-57.8,0.0,0.0,-0.0,stranded
2035,"Generate ER-NG, LLC",Praxair,66596,PRAX2,TX,Brazoria,29.004862,-95.388434,0.4,14.22,NG,IC,2019,6,0.0,0.0,0.0,0.0,0.0,0.0,0.0,5.0,49.77,-57.8,0.0,0.0,-0.0,stranded
2035,"Generate ER-NG, LLC",Praxair,66596,PRAX3,TX,Brazoria,29.004862,-95.388434,0.4,14.22,NG,IC,2019,6,0.0,0.0,0.0,0.0,0.0,0.0,0.0,5.0,49.77,-57.8,0.0,0.0,-0.0,stranded
2035,"Walmart Stores Texas, LLC",WAL456,64777,GEN1,TX,Cameron,25.976057,-97.519445,0.4,14.22,NG,IC,2021,4,0.0,0.0,0.0,0.0,0.0,0.0,0.0,5.0,49.77,-57.8,0.0,0.0,-0.0,stranded
2035,"Walmart Stores Texas, LLC",WAL456,64777,GEN2,TX,Cameron,25.976057,-97.519445,0.4,14.22,NG,IC,2021,4,0.0,0.0,0.0,0.0,0.0,0.0,0.0,5.0,49.77,-57.8,0.0,0.0,-0.0,stranded
2035,"Walmart Stores Texas, LLC",WAL456,64777,GEN3,TX,Cameron,25.976057,-97.519445,0.4,14.22,NG,IC,2021,4,0.0,0.0,0.0,0.0,0.0,0.0,0.0,5.0,49.77,-57.8,0.0,0.0,-0.0,stranded
2035,"Walmart Stores Texas, LLC",WAL5080,64948,GEN1,TX,Tarrant,32.847939,-97.18405,0.4,14.22,NG,IC,2022,3,0.0,0.0,0.0,0.0,0.0,0.0,0.0,5.0,49.77,-57.8,0.0,0.0,-0.0,stranded
2035,"Walmart Stores Texas, LLC",WAL5080,64948,GEN2,TX,Tarrant,32.847939,-97.18405,0.4,14.22,NG,IC,2022,3,0.0,0.0,0.0,0.0,0.0,0.0,0.0,5.0,49.77,-57.8,0.0,0.0,-0.0,stranded
2035,"Walmart Stores Texas, LLC",WAL5080,64948,GEN3,TX,Tarrant,32.847939,-97.18405,0.4,14.22,NG,IC,2022,3,0.0,0.0,0.0,0.0,0.0,0.0,0.0,5.0,49.77,-57.8,0.0,0.0,-0.0,stranded
2035,"Walmart Stores Texas, LLC",WAL3285,64897,GEN1,TX,Dallas,32.59732,-96.946914,0.4,14.24,NG,IC,2021,4,0.0,0.0,0.0,0.0,0.0,0.0,0.0,5.0,49.84,-57.87,0.0,0.0,-0.0,stranded
2035,"Walmart Stores Texas, LLC",WAL3285,64897,GEN2,TX,Dallas,32.59732,-96.946914,0.4,14.24,NG,IC,2021,4,0.0,0.0,0.0,0.0,0.0,0.0,0.0,5.0,49.84,-57.87,0.0,0.0,-0.0,stranded
2035,"Walmart Stores Texas, LLC",WAL3285,64897,GEN3,TX,Dallas,32.59732,-96.946914,0.4,14.24,NG,IC,2021,4,0.0,0.0,0.0,0.0,0.0,0.0,0.0,5.0,49.84,-57.87,0.0,0.0,-0.0,stranded
2035,"Texas Microgrid, LLC",OTHERTraditionClearfork,67381,CLFK1,TX,Tarrant,32.707171,-97.408328,0.4,14.24,NG,IC,2023,2,0.0,0.0,0.0,0.0,0.0,0.0,0.0,5.0,49.84,-57.87,0.0,0.0,-0.0,stranded
2035,"Texas Microgrid, LLC",OTHERTraditionClearfork,67381,CLFK2,TX,Tarrant,32.707171,-97.408328,0.4,14.24,NG,IC,2023,2,0.0,0.0,0.0,0.0,0.0,0.0,0.0,5.0,49.84,-57.87,0.0,0.0,-0.0,stranded
2035,"Texas Microgrid, LLC",OTHERTraditionClearfork,67381,CLFK3,TX,Tarrant,32.707171,-97.408328,0.4,14.24,NG,IC,2023,2,0.0,0.0,0.0,0.0,0.0,0.0,0.0,5.0,49.84,-57.87,0.0,0.0,-0.0,stranded
2035,"Walmart Stores Texas, LLC",WAL947,64810,GEN1,TX,Grayson,33.673162,-96.612131,0.4,14.28,NG,IC,2020,5,0.0,0.0,0.0,0.0,0.0,0.0,0.0,5.0,49.98,-58.0,0.0,0.0,-0.0,stranded
2035,"Walmart Stores Texas, LLC",WAL947,64810,GEN2,TX,Grayson,33.673162,-96.612131,0.4,14.28,NG,IC,2020,5,0.0,0.0,0.0,0.0,0.0,0.0,0.0,5.0,49.98,-58.0,0.0,0.0,-0.0,stranded
2035,"Walmart Stores Texas, LLC",WAL947,64810,GEN3,TX,Grayson,33.673162,-96.612131,0.4,14.28,NG,IC,2020,5,0.0,0.0,0.0,0.0,0.0,0.0,0.0,5.0,49.98,-58.0,0.0,0.0,-0.0,stranded
2035,"Generate ER-NG, LLC",HEB00055,67310,H0551,TX,Tarrant,32.938924,-97.131314,0.4,14.28,NG,IC,2023,2,0.0,0.0,0.0,0.0,0.0,0.0,0.0,5.0,49.98,-58.0,0.0,0.0,-0.0,stranded
2035,"Generate ER-NG, LLC",HEB00055,67310,H0552,TX,Tarrant,32.938924,-97.131314,0.4,14.28,NG,IC,2023,2,0.0,0.0,0.0,0.0,0.0,0.0,0.0,5.0,49.98,-58.0,0.0,0.0,-0.0,stranded
2035,"Generate ER-NG, LLC",HEB00055,67310,H0553,TX,Tarrant,32.938924,-97.131314,0.4,14.28,NG,IC,2023,2,0.0,0.0,0.0,0.0,0.0,0.0,0.0,5.0,49.98,-58.0,0.0,0.0,-0.0,stranded
2035,"Texas Microgrid, LLC",HEB00057,65265,H0571,TX,Nueces,27.665051,-97.28064,0.4,14.29,NG,IC,2017,8,0.0,0.0,0.0,0.0,0.0,0.0,0.0,5.0,50.02,-58.04,0.0,0.0,-0.0,stranded
2035,"Texas Microgrid, LLC",HEB00057,65265,H0572,TX,Nueces,27.665051,-97.28064,0.4,14.29,NG,IC,2017,8,0.0,0.0,0.0,0.0,0.0,0.0,0.0,5.0,50.02,-58.04,0.0,0.0,-0.0,stranded
2035,"Texas Microgrid, LLC",HEB00057,65265,H0573,TX,Nueces,27.665051,-97.28064,0.4,14.29,NG,IC,2017,8,0.0,0.0,0.0,0.0,0.0,0.0,0.0,5.0,50.02,-58.04,0.0,0.0,-0.0,stranded
2035,"Texas Microgrid, LLC",HEB00292,65026,H2921,TX,Matagorda,28.982463,-95.958458,0.4,14.29,NG,IC,2016,9,0.0,0.0,0.0,0.0,0.0,0.0,0.0,5.0,50.02,-58.04,0.0,0.0,-0.0,stranded
2035,"Texas Microgrid, LLC",HEB00292,65026,H2922,TX,Matagorda,28.982463,-95.958458,0.4,14.29,NG,IC,2016,9,0.0,0.0,0.0,0.0,0.0,0.0,0.0,5.0,50.02,-58.04,0.0,0.0,-0.0,stranded
2035,"Texas Microgrid, LLC",HEB00292,65026,H2923,TX,Matagorda,28.982463,-95.958458,0.4,14.29,NG,IC,2016,9,0.0,0.0,0.0,0.0,0.0,0.0,0.0,5.0,50.02,-58.04,0.0,0.0,-0.0,stranded
2035,"Walmart Stores Texas, LLC",WAL407,64773,GEN1,TX,Bell,31.089722,-97.729279,0.4,14.32,NG,IC,2021,4,0.0,0.0,0.0,0.0,0.0,0.0,0.0,5.0,50.12,-58.15,0.0,0.0,-0.0,stranded
2035,"Walmart Stores Texas, LLC",WAL407,64773,GEN2,TX,Bell,31.089722,-97.729279,0.4,14.32,NG,IC,2021,4,0.0,0.0,0.0,0.0,0.0,0.0,0.0,5.0,50.12,-58.15,0.0,0.0,-0.0,stranded
2035,"Walmart Stores Texas, LLC",WAL407,64773,GEN3,TX,Bell,31.089722,-97.729279,0.4,14.32,NG,IC,2021,4,0.0,0.0,0.0,0.0,0.0,0.0,0.0,5.0,50.12,-58.15,0.0,0.0,-0.0,stranded
2035,"Walmart Stores Texas, LLC",WAL5116,64950,GEN1,TX,Harris,29.664286,-95.098302,0.4,14.33,NG,IC,2020,5,0.0,0.0,0.0,0.0,0.0,0.0,0.0,5.0,50.16,-58.18,0.0,0.0,-0.0,stranded
2035,"Walmart Stores Texas, LLC",WAL5116,64950,GEN2,TX,Harris,29.664286,-95.098302,0.4,14.33,NG,IC,2020,5,0.0,0.0,0.0,0.0,0.0,0.0,0.0,5.0,50.16,-58.18,0.0,0.0,-0.0,stranded
2035,"Walmart Stores Texas, LLC",WAL5116,64950,GEN3,TX,Harris,29.664286,-95.098302,0.4,14.33,NG,IC,2020,5,0.0,0.0,0.0,0.0,0.0,0.0,0.0,5.0,50.16,-58.18,0.0,0.0,-0.0,stranded
2035,"Texas Microgrid, LLC",HEB_CPSSADC,66613,SAD10,TX,Bexar,29.417338,-98.360879,0.4,14.33,NG,IC,2020,5,0.0,0.0,0.0,0.0,0.0,0.0,0.0,5.0,50.16,-58.18,0.0,0.0,-0.0,stranded
2035,"Texas Microgrid, LLC",HEB_CPSSADC,66613,SAD11,TX,Bexar,29.417338,-98.360879,0.4,14.33,NG,IC,2020,5,0.0,0.0,0.0,0.0,0.0,0.0,0.0,5.0,50.16,-58.18,0.0,0.0,-0.0,stranded
2035,"Texas Microgrid, LLC",HEB_CPSSADC,66613,SAD12,TX,Bexar,29.417338,-98.360879,0.4,14.33,NG,IC,2020,5,0.0,0.0,0.0,0.0,0.0,0.0,0.0,5.0,50.16,-58.18,0.0,0.0,-0.0,stranded
2035,"Texas Microgrid, LLC",HEB_CPSSADC,66613,SAD13,TX,Bexar,29.417338,-98.360879,0.4,14.33,NG,IC,2020,5,0.0,0.0,0.0,0.0,0.0,0.0,0.0,5.0,50.16,-58.18,0.0,0.0,-0.0,stranded
2035,"Texas Microgrid, LLC",HEB_CPSSADC,66613,SAD14,TX,Bexar,29.417338,-98.360879,0.4,14.33,NG,IC,2020,5,0.0,0.0,0.0,0.0,0.0,0.0,0.0,5.0,50.16,-58.18,0.0,0.0,-0.0,stranded
2035,"Texas Microgrid, LLC",HEB_CPSSADC,66613,SAD15,TX,Bexar,29.417338,-98.360879,0.4,14.33,NG,IC,2020,5,0.0,0.0,0.0,0.0,0.0,0.0,0.0,5.0,50.16,-58.18,0.0,0.0,-0.0,stranded
2035,"Texas Microgrid, LLC",HEB_CPSSADC,66613,SAD16,TX,Bexar,29.417338,-98.360879,0.4,14.33,NG,IC,2020,5,0.0,0.0,0.0,0.0,0.0,0.0,0.0,5.0,50.16,-58.18,0.0,0.0,-0.0,stranded
2035,"Texas Microgrid, LLC",HEB_CPSSADC,66613,SADC1,TX,Bexar,29.417338,-98.360879,0.4,14.33,NG,IC,2020,5,0.0,0.0,0.0,0.0,0.0,0.0,0.0,5.0,50.16,-58.18,0.0,0.0,-0.0,stranded
2035,"Texas Microgrid, LLC",HEB_CPSSADC,66613,SADC2,TX,Bexar,29.417338,-98.360879,0.4,14.33,NG,IC,2020,5,0.0,0.0,0.0,0.0,0.0,0.0,0.0,5.0,50.16,-58.18,0.0,0.0,-0.0,stranded
2035,"Texas Microgrid, LLC",HEB_CPSSADC,66613,SADC3,TX,Bexar,29.417338,-98.360879,0.4,14.33,NG,IC,2020,5,0.0,0.0,0.0,0.0,0.0,0.0,0.0,5.0,50.16,-58.18,0.0,0.0,-0.0,stranded
2035,"Texas Microgrid, LLC",HEB_CPSSADC,66613,SADC4,TX,Bexar,29.417338,-98.360879,0.4,14.33,NG,IC,2020,5,0.0,0.0,0.0,0.0,0.0,0.0,0.0,5.0,50.16,-58.18,0.0,0.0,-0.0,stranded
2035,"Texas Microgrid, LLC",HEB_CPSSADC,66613,SADC5,TX,Bexar,29.417338,-98.360879,0.4,14.33,NG,IC,2020,5,0.0,0.0,0.0,0.0,0.0,0.0,0.0,5.0,50.16,-58.18,0.0,0.0,-0.0,stranded
2035,"Texas Microgrid, LLC",HEB_CPSSADC,66613,SADC6,TX,Bexar,29.417338,-98.360879,0.4,14.33,NG,IC,2020,5,0.0,0.0,0.0,0.0,0.0,0.0,0.0,5.0,50.16,-58.18,0.0,0.0,-0.0,stranded
2035,"Texas Microgrid, LLC",HEB_CPSSADC,66613,SADC7,TX,Bexar,29.417338,-98.360879,0.4,14.33,NG,IC,2020,5,0.0,0.0,0.0,0.0,0.0,0.0,0.0,5.0,50.16,-58.18,0.0,0.0,-0.0,stranded
2035,"Texas Microgrid, LLC",HEB_CPSSADC,66613,SADC8,TX,Bexar,29.417338,-98.360879,0.4,14.33,NG,IC,2020,5,0.0,0.0,0.0,0.0,0.0,0.0,0.0,5.0,50.16,-58.18,0.0,0.0,-0.0,stranded
2035,"Texas Microgrid, LLC",HEB_CPSSADC,66613,SADC9,TX,Bexar,29.417338,-98.360879,0.4,14.33,NG,IC,2020,5,0.0,0.0,0.0,0.0,0.0,0.0,0.0,5.0,50.16,-58.18,0.0,0.0,-0.0,stranded
2035,"Texas Microgrid, LLC",HEB00069,66550,H0691,TX,Nueces,27.694932,-97.262513,0.4,14.34,NG,IC,2017,8,0.0,0.0,0.0,0.0,0.0,0.0,0.0,5.0,50.19,-58.21,0.0,0.0,-0.0,stranded
2035,"Texas Microgrid, LLC",HEB00069,66550,H0692,TX,Nueces,27.694932,-97.262513,0.4,14.34,NG,IC,2017,8,0.0,0.0,0.0,0.0,0.0,0.0,0.0,5.0,50.19,-58.21,0.0,0.0,-0.0,stranded
2035,"Texas Microgrid, LLC",HEB00069,66550,H0693,TX,Nueces,27.694932,-97.262513,0.4,14.34,NG,IC,2017,8,0.0,0.0,0.0,0.0,0.0,0.0,0.0,5.0,50.19,-58.21,0.0,0.0,-0.0,stranded
2035,"Texas Microgrid, LLC",HEB00069,66550,H0694,TX,Nueces,27.694932,-97.262513,0.4,14.34,NG,IC,2017,8,0.0,0.0,0.0,0.0,0.0,0.0,0.0,5.0,50.19,-58.21,0.0,0.0,-0.0,stranded
2035,"Walmart Stores Texas, LLC",WAL5316,64956,GEN1,TX,Tarrant,32.882111,-97.387586,0.4,14.35,NG,IC,2020,5,0.0,0.0,0.0,0.0,0.0,0.0,0.0,5.0,50.23,-58.25,0.0,0.0,-0.0,stranded
2035,"Walmart Stores Texas, LLC",WAL5316,64956,GEN2,TX,Tarrant,32.882111,-97.387586,0.4,14.35,NG,IC,2020,5,0.0,0.0,0.0,0.0,0.0,0.0,0.0,5.0,50.23,-58.25,0.0,0.0,-0.0,stranded
2035,"Walmart Stores Texas, LLC",WAL5316,64956,GEN3,TX,Tarrant,32.882111,-97.387586,0.4,14.35,NG,IC,2020,5,0.0,0.0,0.0,0.0,0.0,0.0,0.0,5.0,50.23,-58.25,0.0,0.0,-0.0,stranded
2035,"Walmart Stores Texas, LLC",WAL3297,64898,GEN1,TX,Harris,29.920574,-95.602626,0.4,14.36,NG,IC,2020,5,0.0,0.0,0.0,0.0,0.0,0.0,0.0,5.0,50.26,-58.28,0.0,0.0,-0.0,stranded
2035,"Walmart Stores Texas, LLC",WAL3297,64898,GEN2,TX,Harris,29.920574,-95.602626,0.4,14.36,NG,IC,2020,5,0.0,0.0,0.0,0.0,0.0,0.0,0.0,5.0,50.26,-58.28,0.0,0.0,-0.0,stranded
2035,"Walmart Stores Texas, LLC",WAL3297,64898,GEN3,TX,Harris,29.920574,-95.602626,0.4,14.36,NG,IC,2020,5,0.0,0.0,0.0,0.0,0.0,0.0,0.0,5.0,50.26,-58.28,0.0,0.0,-0.0,stranded
2035,"Texas Microgrid, LLC",OTHERTexasA&M,67318,TAM10,TX,Brazos,30.641955,-96.460971,0.4,14.36,NG,IC,2018,7,0.0,0.0,0.0,0.0,0.0,0.0,0.0,5.0,50.26,-58.28,0.0,0.0,-0.0,stranded
2035,"Texas Microgrid, LLC",OTHERTexasA&M,67318,TAM11,TX,Brazos,30.641955,-96.460971,0.4,14.36,NG,IC,2018,7,0.0,0.0,0.0,0.0,0.0,0.0,0.0,5.0,50.26,-58.28,0.0,0.0,-0.0,stranded
2035,"Texas Microgrid, LLC",OTHERTexasA&M,67318,TAM12,TX,Brazos,30.641955,-96.460971,0.4,14.36,NG,IC,2018,7,0.0,0.0,0.0,0.0,0.0,0.0,0.0,5.0,50.26,-58.28,0.0,0.0,-0.0,stranded
2035,"Texas Microgrid, LLC",OTHERTexasA&M,67318,TAM13,TX,Brazos,30.641955,-96.460971,0.4,14.36,NG,IC,2018,7,0.0,0.0,0.0,0.0,0.0,0.0,0.0,5.0,50.26,-58.28,0.0,0.0,-0.0,stranded
2035,"Texas Microgrid, LLC",OTHERTexasA&M,67318,TAM14,TX,Brazos,30.641955,-96.460971,0.4,14.36,NG,IC,2018,7,0.0,0.0,0.0,0.0,0.0,0.0,0.0,5.0,50.26,-58.28,0.0,0.0,-0.0,stranded
2035,"Texas Microgrid, LLC",OTHERTexasA&M,67318,TAM15,TX,Brazos,30.641955,-96.460971,0.4,14.36,NG,IC,2018,7,0.0,0.0,0.0,0.0,0.0,0.0,0.0,5.0,50.26,-58.28,0.0,0.0,-0.0,stranded
2035,"Texas Microgrid, LLC",OTHERTexasA&M,67318,TAM16,TX,Brazos,30.641955,-96.460971,0.4,14.36,NG,IC,2018,7,0.0,0.0,0.0,0.0,0.0,0.0,0.0,5.0,50.26,-58.28,0.0,0.0,-0.0,stranded
2035,"Texas Microgrid, LLC",OTHERTexasA&M,67318,TAM17,TX,Brazos,30.641955,-96.460971,0.4,14.36,NG,IC,2018,7,0.0,0.0,0.0,0.0,0.0,0.0,0.0,5.0,50.26,-58.28,0.0,0.0,-0.0,stranded
2035,"Texas Microgrid, LLC",OTHERTexasA&M,67318,TAM18,TX,Brazos,30.641955,-96.460971,0.4,14.36,NG,IC,2018,7,0.0,0.0,0.0,0.0,0.0,0.0,0.0,5.0,50.26,-58.28,0.0,0.0,-0.0,stranded
2035,"Texas Microgrid, LLC",OTHERTexasA&M,67318,TAM19,TX,Brazos,30.641955,-96.460971,0.4,14.36,NG,IC,2018,7,0.0,0.0,0.0,0.0,0.0,0.0,0.0,5.0,50.26,-58.28,0.0,0.0,-0.0,stranded
2035,"Texas Microgrid, LLC",OTHERTexasA&M,67318,TAM20,TX,Brazos,30.641955,-96.460971,0.4,14.36,NG,IC,2018,7,0.0,0.0,0.0,0.0,0.0,0.0,0.0,5.0,50.26,-58.28,0.0,0.0,-0.0,stranded
2035,"Texas Microgrid, LLC",OTHERTexasA&M,67318,TAM21,TX,Brazos,30.641955,-96.460971,0.4,14.36,NG,IC,2018,7,0.0,0.0,0.0,0.0,0.0,0.0,0.0,5.0,50.26,-58.28,0.0,0.0,-0.0,stranded
2035,"Texas Microgrid, LLC",OTHERTexasA&M,67318,TAM22,TX,Brazos,30.641955,-96.460971,0.4,14.36,NG,IC,2018,7,0.0,0.0,0.0,0.0,0.0,0.0,0.0,5.0,50.26,-58.28,0.0,0.0,-0.0,stranded
2035,"Texas Microgrid, LLC",OTHERTexasA&M,67318,TAM23,TX,Brazos,30.641955,-96.460971,0.4,14.36,NG,IC,2018,7,0.0,0.0,0.0,0.0,0.0,0.0,0.0,5.0,50.26,-58.28,0.0,0.0,-0.0,stranded
2035,"Texas Microgrid, LLC",OTHERTexasA&M,67318,TAM24,TX,Brazos,30.641955,-96.460971,0.4,14.36,NG,IC,2018,7,0.0,0.0,0.0,0.0,0.0,0.0,0.0,5.0,50.26,-58.28,0.0,0.0,-0.0,stranded
2035,"Texas Microgrid, LLC",OTHERTexasA&M,67318,TAMU1,TX,Brazos,30.641955,-96.460971,0.4,14.36,NG,IC,2018,7,0.0,0.0,0.0,0.0,0.0,0.0,0.0,5.0,50.26,-58.28,0.0,0.0,-0.0,stranded
2035,"Texas Microgrid, LLC",OTHERTexasA&M,67318,TAMU2,TX,Brazos,30.641955,-96.460971,0.4,14.36,NG,IC,2018,7,0.0,0.0,0.0,0.0,0.0,0.0,0.0,5.0,50.26,-58.28,0.0,0.0,-0.0,stranded
2035,"Texas Microgrid, LLC",OTHERTexasA&M,67318,TAMU3,TX,Brazos,30.641955,-96.460971,0.4,14.36,NG,IC,2018,7,0.0,0.0,0.0,0.0,0.0,0.0,0.0,5.0,50.26,-58.28,0.0,0.0,-0.0,stranded
2035,"Texas Microgrid, LLC",OTHERTexasA&M,67318,TAMU4,TX,Brazos,30.641955,-96.460971,0.4,14.36,NG,IC,2018,7,0.0,0.0,0.0,0.0,0.0,0.0,0.0,5.0,50.26,-58.28,0.0,0.0,-0.0,stranded
2035,"Texas Microgrid, LLC",OTHERTexasA&M,67318,TAMU5,TX,Brazos,30.641955,-96.460971,0.4,14.36,NG,IC,2018,7,0.0,0.0,0.0,0.0,0.0,0.0,0.0,5.0,50.26,-58.28,0.0,0.0,-0.0,stranded
2035,"Texas Microgrid, LLC",OTHERTexasA&M,67318,TAMU6,TX,Brazos,30.641955,-96.460971,0.4,14.36,NG,IC,2018,7,0.0,0.0,0.0,0.0,0.0,0.0,0.0,5.0,50.26,-58.28,0.0,0.0,-0.0,stranded
2035,"Texas Microgrid, LLC",OTHERTexasA&M,67318,TAMU7,TX,Brazos,30.641955,-96.460971,0.4,14.36,NG,IC,2018,7,0.0,0.0,0.0,0.0,0.0,0.0,0.0,5.0,50.26,-58.28,0.0,0.0,-0.0,stranded
2035,"Texas Microgrid, LLC",OTHERTexasA&M,67318,TAMU8,TX,Brazos,30.641955,-96.460971,0.4,14.36,NG,IC,2018,7,0.0,0.0,0.0,0.0,0.0,0.0,0.0,5.0,50.26,-58.28,0.0,0.0,-0.0,stranded
2035,"Texas Microgrid, LLC",OTHERTexasA&M,67318,TAMU9,TX,Brazos,30.641955,-96.460971,0.4,14.36,NG,IC,2018,7,0.0,0.0,0.0,0.0,0.0,0.0,0.0,5.0,50.26,-58.28,0.0,0.0,-0.0,stranded
2035,"Walmart Stores Texas, LLC",WAL3886,64940,GEN1,TX,Hidalgo,26.267703,-98.204552,0.4,14.37,NG,IC,2021,4,0.0,0.0,0.0,0.0,0.0,0.0,0.0,5.0,50.29,-58.32,0.0,0.0,-0.0,stranded
2035,"Walmart Stores Texas, LLC",WAL3886,64940,GEN2,TX,Hidalgo,26.267703,-98.204552,0.4,14.37,NG,IC,2021,4,0.0,0.0,0.0,0.0,0.0,0.0,0.0,5.0,50.29,-58.32,0.0,0.0,-0.0,stranded
2035,"Walmart Stores Texas, LLC",WAL3886,64940,GEN3,TX,Hidalgo,26.267703,-98.204552,0.4,14.37,NG,IC,2021,4,0.0,0.0,0.0,0.0,0.0,0.0,0.0,5.0,50.29,-58.32,0.0,0.0,-0.0,stranded
2035,"Walmart Stores Texas, LLC",WAL5480,64959,GEN1,TX,Williamson,30.53366,-97.612014,0.4,14.39,NG,IC,2021,4,0.0,0.0,0.0,0.0,0.0,0.0,0.0,5.0,50.37,-58.39,0.0,0.0,-0.0,stranded
2035,"Walmart Stores Texas, LLC",WAL5480,64959,GEN2,TX,Williamson,30.53366,-97.612014,0.4,14.39,NG,IC,2021,4,0.0,0.0,0.0,0.0,0.0,0.0,0.0,5.0,50.37,-58.39,0.0,0.0,-0.0,stranded
2035,"Walmart Stores Texas, LLC",WAL5480,64959,GEN3,TX,Williamson,30.53366,-97.612014,0.4,14.39,NG,IC,2021,4,0.0,0.0,0.0,0.0,0.0,0.0,0.0,5.0,50.37,-58.39,0.0,0.0,-0.0,stranded
2035,"Walmart Stores Texas, LLC",WAL5764,64962,GEN1,TX,Tarrant,32.967341,-97.411976,0.4,14.4,NG,IC,2021,4,0.0,0.0,0.0,0.0,0.0,0.0,0.0,5.0,50.4,-58.42,0.0,0.0,-0.0,stranded
2035,"Walmart Stores Texas, LLC",WAL5764,64962,GEN2,TX,Tarrant,32.967341,-97.411976,0.4,14.4,NG,IC,2021,4,0.0,0.0,0.0,0.0,0.0,0.0,0.0,5.0,50.4,-58.42,0.0,0.0,-0.0,stranded
2035,"Walmart Stores Texas, LLC",WAL5764,64962,GEN3,TX,Tarrant,32.967341,-97.411976,0.4,14.4,NG,IC,2021,4,0.0,0.0,0.0,0.0,0.0,0.0,0.0,5.0,50.4,-58.42,0.0,0.0,-0.0,stranded
2035,"Walmart Stores Texas, LLC",WAL5091,64949,GEN1,TX,Harris,29.975997,-95.697345,0.4,14.4,NG,IC,2020,5,0.0,0.0,0.0,0.0,0.0,0.0,0.0,5.0,50.4,-58.42,0.0,0.0,-0.0,stranded
2035,"Walmart Stores Texas, LLC",WAL5091,64949,GEN2,TX,Harris,29.975997,-95.697345,0.4,14.4,NG,IC,2020,5,0.0,0.0,0.0,0.0,0.0,0.0,0.0,5.0,50.4,-58.42,0.0,0.0,-0.0,stranded
2035,"Walmart Stores Texas, LLC",WAL5091,64949,GEN3,TX,Harris,29.975997,-95.697345,0.4,14.4,NG,IC,2020,5,0.0,0.0,0.0,0.0,0.0,0.0,0.0,5.0,50.4,-58.42,0.0,0.0,-0.0,stranded
2035,"Generate ER-NG, LLC",HEB00750,68730,H7501,TX,Tarrant,32.56722,-97.114802,0.4,14.4,NG,IC,2024,1,0.0,0.0,0.0,0.0,0.0,0.0,0.0,5.0,50.4,-58.42,0.0,0.0,-0.0,stranded
2035,"Generate ER-NG, LLC",HEB00750,68730,H7502,TX,Tarrant,32.56722,-97.114802,0.4,14.4,NG,IC,2024,1,0.0,0.0,0.0,0.0,0.0,0.0,0.0,5.0,50.4,-58.42,0.0,0.0,-0.0,stranded
2035,"Generate ER-NG, LLC",HEB00750,68730,H7503,TX,Tarrant,32.56722,-97.114802,0.4,14.4,NG,IC,2024,1,0.0,0.0,0.0,0.0,0.0,0.0,0.0,5.0,50.4,-58.42,0.0,0.0,-0.0,stranded
2035,"Walmart Stores Texas, LLC",WAL5045,64947,GEN1,TX,Harris,30.014278,-95.594987,0.4,14.44,NG,IC,2020,5,0.0,0.0,0.0,0.0,0.0,0.0,0.0,5.0,50.54,-58.56,0.0,0.0,-0.0,stranded
2035,"Walmart Stores Texas, LLC",WAL5045,64947,GEN2,TX,Harris,30.014278,-95.594987,0.4,14.44,NG,IC,2020,5,0.0,0.0,0.0,0.0,0.0,0.0,0.0,5.0,50.54,-58.56,0.0,0.0,-0.0,stranded
2035,"Walmart Stores Texas, LLC",WAL5045,64947,GEN3,TX,Harris,30.014278,-95.594987,0.4,14.44,NG,IC,2020,5,0.0,0.0,0.0,0.0,0.0,0.0,0.0,5.0,50.54,-58.56,0.0,0.0,-0.0,stranded
2035,"Walmart Stores Texas, LLC",WAL3320,64901,GEN1,TX,Hidalgo,26.260742,-98.315859,0.4,14.46,NG,IC,2021,4,0.0,0.0,0.0,0.0,0.0,0.0,0.0,5.0,50.61,-58.63,0.0,0.0,-0.0,stranded
2035,"Walmart Stores Texas, LLC",WAL3320,64901,GEN2,TX,Hidalgo,26.260742,-98.315859,0.4,14.46,NG,IC,2021,4,0.0,0.0,0.0,0.0,0.0,0.0,0.0,5.0,50.61,-58.63,0.0,0.0,-0.0,stranded
2035,"Walmart Stores Texas, LLC",WAL3320,64901,GEN3,TX,Hidalgo,26.260742,-98.315859,0.4,14.46,NG,IC,2021,4,0.0,0.0,0.0,0.0,0.0,0.0,0.0,5.0,50.61,-58.63,0.0,0.0,-0.0,stranded
2035,"Walmart Stores Texas, LLC",WAL3773,64937,GEN1,TX,Tarrant,32.765261,-97.483775,0.4,14.46,NG,IC,2020,5,0.0,0.0,0.0,0.0,0.0,0.0,0.0,5.0,50.61,-58.63,0.0,0.0,-0.0,stranded
2035,"Walmart Stores Texas, LLC",WAL3773,64937,GEN2,TX,Tarrant,32.765261,-97.483775,0.4,14.46,NG,IC,2020,5,0.0,0.0,0.0,0.0,0.0,0.0,0.0,5.0,50.61,-58.63,0.0,0.0,-0.0,stranded
2035,"Walmart Stores Texas, LLC",WAL3773,64937,GEN3,TX,Tarrant,32.765261,-97.483775,0.4,14.46,NG,IC,2020,5,0.0,0.0,0.0,0.0,0.0,0.0,0.0,5.0,50.61,-58.63,0.0,0.0,-0.0,stranded
2035,"Walmart Stores Texas, LLC",WAL1232,64816,GEN1,TX,Bell,31.080808,-97.457755,0.4,14.49,NG,IC,2020,5,0.0,0.0,0.0,0.0,0.0,0.0,0.0,5.0,50.72,-58.74,0.0,0.0,-0.0,stranded
2035,"Walmart Stores Texas, LLC",WAL1232,64816,GEN2,TX,Bell,31.080808,-97.457755,0.4,14.49,NG,IC,2020,5,0.0,0.0,0.0,0.0,0.0,0.0,0.0,5.0,50.72,-58.74,0.0,0.0,-0.0,stranded
2035,"Walmart Stores Texas, LLC",WAL1232,64816,GEN3,TX,Bell,31.080808,-97.457755,0.4,14.49,NG,IC,2020,5,0.0,0.0,0.0,0.0,0.0,0.0,0.0,5.0,50.72,-58.74,0.0,0.0,-0.0,stranded
2035,"Walmart Stores Texas, LLC",WAL5165,64951,GEN1,TX,Hidalgo,26.191785,-98.128306,0.4,14.51,NG,IC,2021,4,0.0,0.0,0.0,0.0,0.0,0.0,0.0,5.0,50.78,-58.81,0.0,0.0,-0.0,stranded
2035,"Walmart Stores Texas, LLC",WAL5165,64951,GEN2,TX,Hidalgo,26.191785,-98.128306,0.4,14.51,NG,IC,2021,4,0.0,0.0,0.0,0.0,0.0,0.0,0.0,5.0,50.78,-58.81,0.0,0.0,-0.0,stranded
2035,"Walmart Stores Texas, LLC",WAL5165,64951,GEN3,TX,Hidalgo,26.191785,-98.128306,0.4,14.51,NG,IC,2021,4,0.0,0.0,0.0,0.0,0.0,0.0,0.0,5.0,50.78,-58.81,0.0,0.0,-0.0,stranded
2035,"Walmart Stores Texas, LLC",WAL744,64800,GEN1,TX,Harris,29.995621,-95.176468,0.4,14.51,NG,IC,2020,5,0.0,0.0,0.0,0.0,0.0,0.0,0.0,5.0,50.78,-58.81,0.0,0.0,-0.0,stranded
2035,"Walmart Stores Texas, LLC",WAL744,64800,GEN2,TX,Harris,29.995621,-95.176468,0.4,14.51,NG,IC,2020,5,0.0,0.0,0.0,0.0,0.0,0.0,0.0,5.0,50.78,-58.81,0.0,0.0,-0.0,stranded
2035,"Walmart Stores Texas, LLC",WAL744,64800,GEN3,TX,Harris,29.995621,-95.176468,0.4,14.51,NG,IC,2020,5,0.0,0.0,0.0,0.0,0.0,0.0,0.0,5.0,50.78,-58.81,0.0,0.0,-0.0,stranded
2035,"Walmart Stores Texas, LLC",WAL284,64772,GEN1,TX,Tarrant,32.576159,-97.130048,0.4,14.54,NG,IC,2021,4,0.0,0.0,0.0,0.0,0.0,0.0,0.0,5.0,50.89,-58.91,0.0,0.0,-0.0,stranded
2035,"Walmart Stores Texas, LLC",WAL284,64772,GEN2,TX,Tarrant,32.576159,-97.130048,0.4,14.54,NG,IC,2021,4,0.0,0.0,0.0,0.0,0.0,0.0,0.0,5.0,50.89,-58.91,0.0,0.0,-0.0,stranded
2035,"Walmart Stores Texas, LLC",WAL284,64772,GEN3,TX,Tarrant,32.576159,-97.130048,0.4,14.54,NG,IC,2021,4,0.0,0.0,0.0,0.0,0.0,0.0,0.0,5.0,50.89,-58.91,0.0,0.0,-0.0,stranded
2035,"Generate ER-NG, LLC",AbbVie Waco,67308,AB1,TX,McLennan,31.48819,-97.20061,0.4,14.57,NG,IC,2023,2,0.0,0.0,0.0,0.0,0.0,0.0,0.0,5.0,51.0,-59.02,0.0,0.0,-0.0,stranded
2035,"Generate ER-NG, LLC",AbbVie Waco,67308,AB10,TX,McLennan,31.48819,-97.20061,0.4,14.57,NG,IC,2023,2,0.0,0.0,0.0,0.0,0.0,0.0,0.0,5.0,51.0,-59.02,0.0,0.0,-0.0,stranded
2035,"Generate ER-NG, LLC",AbbVie Waco,67308,AB11,TX,McLennan,31.48819,-97.20061,0.4,14.57,NG,IC,2023,2,0.0,0.0,0.0,0.0,0.0,0.0,0.0,5.0,51.0,-59.02,0.0,0.0,-0.0,stranded
2035,"Generate ER-NG, LLC",AbbVie Waco,67308,AB12,TX,McLennan,31.48819,-97.20061,0.4,14.57,NG,IC,2023,2,0.0,0.0,0.0,0.0,0.0,0.0,0.0,5.0,51.0,-59.02,0.0,0.0,-0.0,stranded
2035,"Generate ER-NG, LLC",AbbVie Waco,67308,AB13,TX,McLennan,31.48819,-97.20061,0.4,14.57,NG,IC,2023,2,0.0,0.0,0.0,0.0,0.0,0.0,0.0,5.0,51.0,-59.02,0.0,0.0,-0.0,stranded
2035,"Generate ER-NG, LLC",AbbVie Waco,67308,AB14,TX,McLennan,31.48819,-97.20061,0.4,14.57,NG,IC,2023,2,0.0,0.0,0.0,0.0,0.0,0.0,0.0,5.0,51.0,-59.02,0.0,0.0,-0.0,stranded
2035,"Generate ER-NG, LLC",AbbVie Waco,67308,AB2,TX,McLennan,31.48819,-97.20061,0.4,14.57,NG,IC,2023,2,0.0,0.0,0.0,0.0,0.0,0.0,0.0,5.0,51.0,-59.02,0.0,0.0,-0.0,stranded
2035,"Generate ER-NG, LLC",AbbVie Waco,67308,AB3,TX,McLennan,31.48819,-97.20061,0.4,14.57,NG,IC,2023,2,0.0,0.0,0.0,0.0,0.0,0.0,0.0,5.0,51.0,-59.02,0.0,0.0,-0.0,stranded
2035,"Generate ER-NG, LLC",AbbVie Waco,67308,AB4,TX,McLennan,31.48819,-97.20061,0.4,14.57,NG,IC,2023,2,0.0,0.0,0.0,0.0,0.0,0.0,0.0,5.0,51.0,-59.02,0.0,0.0,-0.0,stranded
2035,"Generate ER-NG, LLC",AbbVie Waco,67308,AB5,TX,McLennan,31.48819,-97.20061,0.4,14.57,NG,IC,2023,2,0.0,0.0,0.0,0.0,0.0,0.0,0.0,5.0,51.0,-59.02,0.0,0.0,-0.0,stranded
2035,"Generate ER-NG, LLC",AbbVie Waco,67308,AB6,TX,McLennan,31.48819,-97.20061,0.4,14.57,NG,IC,2023,2,0.0,0.0,0.0,0.0,0.0,0.0,0.0,5.0,51.0,-59.02,0.0,0.0,-0.0,stranded
2035,"Generate ER-NG, LLC",AbbVie Waco,67308,AB7,TX,McLennan,31.48819,-97.20061,0.4,14.57,NG,IC,2023,2,0.0,0.0,0.0,0.0,0.0,0.0,0.0,5.0,51.0,-59.02,0.0,0.0,-0.0,stranded
2035,"Generate ER-NG, LLC",AbbVie Waco,67308,AB8,TX,McLennan,31.48819,-97.20061,0.4,14.57,NG,IC,2023,2,0.0,0.0,0.0,0.0,0.0,0.0,0.0,5.0,51.0,-59.02,0.0,0.0,-0.0,stranded
2035,"Generate ER-NG, LLC",AbbVie Waco,67308,AB9,TX,McLennan,31.48819,-97.20061,0.4,14.57,NG,IC,2023,2,0.0,0.0,0.0,0.0,0.0,0.0,0.0,5.0,51.0,-59.02,0.0,0.0,-0.0,stranded
2035,"Texas Microgrid, LLC",HEB00028,65262,H0281,TX,Galveston,29.466105,-95.09527,0.4,14.62,NG,IC,2017,8,0.0,0.0,0.0,0.0,0.0,0.0,0.0,5.0,51.17,-59.19,0.0,0.0,-0.0,stranded
2035,"Texas Microgrid, LLC",HEB00028,65262,H0282,TX,Galveston,29.466105,-95.09527,0.4,14.62,NG,IC,2017,8,0.0,0.0,0.0,0.0,0.0,0.0,0.0,5.0,51.17,-59.19,0.0,0.0,-0.0,stranded
2035,"Texas Microgrid, LLC",HEB00028,65262,H0283,TX,Galveston,29.466105,-95.09527,0.4,14.62,NG,IC,2017,8,0.0,0.0,0.0,0.0,0.0,0.0,0.0,5.0,51.17,-59.19,0.0,0.0,-0.0,stranded
2035,"Walmart Stores Texas, LLC",WAL3406,64922,GEN1,TX,Dallas,32.959048,-96.81664,0.4,14.63,NG,IC,2022,3,0.0,0.0,0.0,0.0,0.0,0.0,0.0,5.0,51.21,-59.23,0.0,0.0,-0.0,stranded
2035,"Walmart Stores Texas, LLC",WAL3406,64922,GEN2,TX,Dallas,32.959048,-96.81664,0.4,14.63,NG,IC,2022,3,0.0,0.0,0.0,0.0,0.0,0.0,0.0,5.0,51.21,-59.23,0.0,0.0,-0.0,stranded
2035,"Walmart Stores Texas, LLC",WAL3406,64922,GEN3,TX,Dallas,32.959048,-96.81664,0.4,14.63,NG,IC,2022,3,0.0,0.0,0.0,0.0,0.0,0.0,0.0,5.0,51.21,-59.23,0.0,0.0,-0.0,stranded
2035,"Walmart Stores Texas, LLC",WAL461,64778,GEN1,TX,Maverick,28.702031,-100.482722,0.4,14.66,NG,IC,2021,4,0.0,0.0,0.0,0.0,0.0,0.0,0.0,5.0,51.31,-59.34,0.0,0.0,-0.0,stranded
2035,"Walmart Stores Texas, LLC",WAL461,64778,GEN2,TX,Maverick,28.702031,-100.482722,0.4,14.66,NG,IC,2021,4,0.0,0.0,0.0,0.0,0.0,0.0,0.0,5.0,51.31,-59.34,0.0,0.0,-0.0,stranded
2035,"Walmart Stores Texas, LLC",WAL461,64778,GEN3,TX,Maverick,28.702031,-100.482722,0.4,14.66,NG,IC,2021,4,0.0,0.0,0.0,0.0,0.0,0.0,0.0,5.0,51.31,-59.34,0.0,0.0,-0.0,stranded
2035,"Texas Microgrid, LLC",HEB00038,65263,H0381,TX,Hidalgo,26.202647,-98.164666,0.4,14.68,NG,IC,2018,7,0.0,0.0,0.0,0.0,0.0,0.0,0.0,5.0,51.38,-59.4,0.0,0.0,-0.0,stranded
2035,"Texas Microgrid, LLC",HEB00038,65263,H0382,TX,Hidalgo,26.202647,-98.164666,0.4,14.68,NG,IC,2018,7,0.0,0.0,0.0,0.0,0.0,0.0,0.0,5.0,51.38,-59.4,0.0,0.0,-0.0,stranded
2035,"Texas Microgrid, LLC",HEB00038,65263,H0383,TX,Hidalgo,26.202647,-98.164666,0.4,14.68,NG,IC,2018,7,0.0,0.0,0.0,0.0,0.0,0.0,0.0,5.0,51.38,-59.4,0.0,0.0,-0.0,stranded
2035,"Texas Microgrid, LLC",OTHERNFBWA,67316,NFB1,TX,Fort Bend,29.705627,-95.619133,0.4,14.71,NG,IC,2021,4,0.0,0.0,0.0,0.0,0.0,0.0,0.0,5.0,51.48,-59.51,0.0,0.0,-0.0,stranded
2035,"Texas Microgrid, LLC",OTHERNFBWA,67316,NFB2,TX,Fort Bend,29.705627,-95.619133,0.4,14.71,NG,IC,2021,4,0.0,0.0,0.0,0.0,0.0,0.0,0.0,5.0,51.48,-59.51,0.0,0.0,-0.0,stranded
2035,"Texas Microgrid, LLC",OTHERNFBWA,67316,NFB3,TX,Fort Bend,29.705627,-95.619133,0.4,14.71,NG,IC,2021,4,0.0,0.0,0.0,0.0,0.0,0.0,0.0,5.0,51.48,-59.51,0.0,0.0,-0.0,stranded
2035,"Texas Microgrid, LLC",OTHERNFBWA,67316,NFB4,TX,Fort Bend,29.705627,-95.619133,0.4,14.71,NG,IC,2021,4,0.0,0.0,0.0,0.0,0.0,0.0,0.0,5.0,51.48,-59.51,0.0,0.0,-0.0,stranded
2035,"Texas Microgrid, LLC",OTHERNFBWA,67316,NFB5,TX,Fort Bend,29.705627,-95.619133,0.4,14.71,NG,IC,2021,4,0.0,0.0,0.0,0.0,0.0,0.0,0.0,5.0,51.48,-59.51,0.0,0.0,-0.0,stranded
2035,"Texas Microgrid, LLC",OTHERNFBWA,67316,NFB6,TX,Fort Bend,29.705627,-95.619133,0.4,14.71,NG,IC,2021,4,0.0,0.0,0.0,0.0,0.0,0.0,0.0,5.0,51.48,-59.51,0.0,0.0,-0.0,stranded
2035,"Walmart Stores Texas, LLC",WAL872,64806,GEN1,TX,Brazoria,29.573168,-95.283899,0.4,14.71,NG,IC,2020,5,0.0,0.0,0.0,0.0,0.0,0.0,0.0,5.0,51.48,-59.51,0.0,0.0,-0.0,stranded
2035,"Walmart Stores Texas, LLC",WAL872,64806,GEN2,TX,Brazoria,29.573168,-95.283899,0.4,14.71,NG,IC,2020,5,0.0,0.0,0.0,0.0,0.0,0.0,0.0,5.0,51.48,-59.51,0.0,0.0,-0.0,stranded
2035,"Walmart Stores Texas, LLC",WAL872,64806,GEN3,TX,Brazoria,29.573168,-95.283899,0.4,14.71,NG,IC,2020,5,0.0,0.0,0.0,0.0,0.0,0.0,0.0,5.0,51.48,-59.51,0.0,0.0,-0.0,stranded
2035,"Walmart Stores Texas, LLC",WAL1040,64813,GEN1,TX,Harris,29.877618,-95.651482,0.4,14.73,NG,IC,2019,6,0.0,0.0,0.0,0.0,0.0,0.0,0.0,5.0,51.55,-59.58,0.0,0.0,-0.0,stranded
2035,"Walmart Stores Texas, LLC",WAL1040,64813,GEN2,TX,Harris,29.877618,-95.651482,0.4,14.73,NG,IC,2019,6,0.0,0.0,0.0,0.0,0.0,0.0,0.0,5.0,51.55,-59.58,0.0,0.0,-0.0,stranded
2035,"Walmart Stores Texas, LLC",WAL1040,64813,GEN3,TX,Harris,29.877618,-95.651482,0.4,14.73,NG,IC,2019,6,0.0,0.0,0.0,0.0,0.0,0.0,0.0,5.0,51.55,-59.58,0.0,0.0,-0.0,stranded
2035,"Walmart Stores Texas, LLC",WAL6929,64963,GEN1,TX,Bell,31.11497,-97.414441,0.4,14.73,NG,IC,2020,5,0.0,0.0,0.0,0.0,0.0,0.0,0.0,5.0,51.55,-59.58,0.0,0.0,-0.0,stranded
2035,"Walmart Stores Texas, LLC",WAL6929,64963,GEN2,TX,Bell,31.11497,-97.414441,0.4,14.73,NG,IC,2020,5,0.0,0.0,0.0,0.0,0.0,0.0,0.0,5.0,51.55,-59.58,0.0,0.0,-0.0,stranded
2035,"Walmart Stores Texas, LLC",WAL6929,64963,GEN3,TX,Bell,31.11497,-97.414441,0.4,14.73,NG,IC,2020,5,0.0,0.0,0.0,0.0,0.0,0.0,0.0,5.0,51.55,-59.58,0.0,0.0,-0.0,stranded
2035,Signal Hill Generating LLC,Signal Hill Generating LLC,50127,GTA,TX,Wichita,33.8625,-98.5894,20.0,15.46,NG,CT,1987,38,0.0,0.0,0.0,0.0,0.0,0.0,0.0,3.5,54.11,-59.64,0.0,0.0,-0.0,stranded
2035,Signal Hill Generating LLC,Signal Hill Generating LLC,50127,GTB,TX,Wichita,33.8625,-98.5894,20.0,15.46,NG,CT,1987,38,0.0,0.0,0.0,0.0,0.0,0.0,0.0,3.5,54.11,-59.64,0.0,0.0,-0.0,stranded
2035,Signal Hill Generating LLC,Signal Hill Generating LLC,50127,GTC,TX,Wichita,33.8625,-98.5894,20.0,15.46,NG,CT,1987,38,0.0,0.0,0.0,0.0,0.0,0.0,0.0,3.5,54.11,-59.64,0.0,0.0,-0.0,stranded
2035,Signal Hill Generating LLC,Signal Hill Generating LLC,50127,STD,TX,Wichita,33.8625,-98.5894,20.0,15.46,NG,CA,1987,38,0.0,0.0,0.0,0.0,0.0,0.0,0.0,3.5,54.11,-59.64,0.0,0.0,-0.0,stranded
2035,"Walmart Stores Texas, LLC",WAL3226,64895,GEN1,TX,Fort Bend,29.783981,-95.804075,0.4,14.77,NG,IC,2019,6,0.0,0.0,0.0,0.0,0.0,0.0,0.0,5.0,51.7,-59.72,0.0,0.0,-0.0,stranded
2035,"Walmart Stores Texas, LLC",WAL3226,64895,GEN2,TX,Fort Bend,29.783981,-95.804075,0.4,14.77,NG,IC,2019,6,0.0,0.0,0.0,0.0,0.0,0.0,0.0,5.0,51.7,-59.72,0.0,0.0,-0.0,stranded
2035,"Walmart Stores Texas, LLC",WAL3226,64895,GEN3,TX,Fort Bend,29.783981,-95.804075,0.4,14.77,NG,IC,2019,6,0.0,0.0,0.0,0.0,0.0,0.0,0.0,5.0,51.7,-59.72,0.0,0.0,-0.0,stranded
2035,"Texas Microgrid, LLC",HEBCCBakery,66565,HCCB1,TX,Nueces,27.786287,-97.46234,0.4,14.78,NG,IC,2019,6,0.0,0.0,0.0,0.0,0.0,0.0,0.0,5.0,51.73,-59.75,0.0,0.0,-0.0,stranded
2035,"Texas Microgrid, LLC",HEBCCBakery,66565,HCCB2,TX,Nueces,27.786287,-97.46234,0.4,14.78,NG,IC,2019,6,0.0,0.0,0.0,0.0,0.0,0.0,0.0,5.0,51.73,-59.75,0.0,0.0,-0.0,stranded
2035,"Texas Microgrid, LLC",HEBCCBakery,66565,HCCB3,TX,Nueces,27.786287,-97.46234,0.4,14.78,NG,IC,2019,6,0.0,0.0,0.0,0.0,0.0,0.0,0.0,5.0,51.73,-59.75,0.0,0.0,-0.0,stranded
2035,"Texas Microgrid, LLC",HEBCCBakery,66565,HCCB4,TX,Nueces,27.786287,-97.46234,0.4,14.78,NG,IC,2019,6,0.0,0.0,0.0,0.0,0.0,0.0,0.0,5.0,51.73,-59.75,0.0,0.0,-0.0,stranded
2035,"Texas Microgrid, LLC",HEBCCBakery,66565,HCCB5,TX,Nueces,27.786287,-97.46234,0.4,14.78,NG,IC,2019,6,0.0,0.0,0.0,0.0,0.0,0.0,0.0,5.0,51.73,-59.75,0.0,0.0,-0.0,stranded
2035,"Texas Microgrid, LLC",HEBCCBakery,66565,HCCB6,TX,Nueces,27.786287,-97.46234,0.4,14.78,NG,IC,2019,6,0.0,0.0,0.0,0.0,0.0,0.0,0.0,5.0,51.73,-59.75,0.0,0.0,-0.0,stranded
2035,"Texas Microgrid, LLC",HEBCCBakery,66565,HCCB7,TX,Nueces,27.786287,-97.46234,0.4,14.78,NG,IC,2019,6,0.0,0.0,0.0,0.0,0.0,0.0,0.0,5.0,51.73,-59.75,0.0,0.0,-0.0,stranded
2035,"Texas Microgrid, LLC",HEBCCBakery,66565,HCCB8,TX,Nueces,27.786287,-97.46234,0.4,14.78,NG,IC,2019,6,0.0,0.0,0.0,0.0,0.0,0.0,0.0,5.0,51.73,-59.75,0.0,0.0,-0.0,stranded
2035,"Walmart Stores Texas, LLC",WAL4512,64944,GEN1,TX,Harris,29.818196,-95.767961,0.4,14.78,NG,IC,2020,5,0.0,0.0,0.0,0.0,0.0,0.0,0.0,5.0,51.73,-59.75,0.0,0.0,-0.0,stranded
2035,"Walmart Stores Texas, LLC",WAL4512,64944,GEN2,TX,Harris,29.818196,-95.767961,0.4,14.78,NG,IC,2020,5,0.0,0.0,0.0,0.0,0.0,0.0,0.0,5.0,51.73,-59.75,0.0,0.0,-0.0,stranded
2035,"Walmart Stores Texas, LLC",WAL4512,64944,GEN3,TX,Harris,29.818196,-95.767961,0.4,14.78,NG,IC,2020,5,0.0,0.0,0.0,0.0,0.0,0.0,0.0,5.0,51.73,-59.75,0.0,0.0,-0.0,stranded
2035,"Walmart Stores Texas, LLC",WAL266,64771,GEN1,TX,Tarrant,32.922049,-97.081986,0.4,14.79,NG,IC,2021,4,0.0,0.0,0.0,0.0,0.0,0.0,0.0,5.0,51.77,-59.79,0.0,0.0,-0.0,stranded
2035,"Walmart Stores Texas, LLC",WAL266,64771,GEN2,TX,Tarrant,32.922049,-97.081986,0.4,14.79,NG,IC,2021,4,0.0,0.0,0.0,0.0,0.0,0.0,0.0,5.0,51.77,-59.79,0.0,0.0,-0.0,stranded
2035,"Walmart Stores Texas, LLC",WAL266,64771,GEN3,TX,Tarrant,32.922049,-97.081986,0.4,14.79,NG,IC,2021,4,0.0,0.0,0.0,0.0,0.0,0.0,0.0,5.0,51.77,-59.79,0.0,0.0,-0.0,stranded
2035,Formosa Plastics Corp,CFB Power Plant,56708,G2101,TX,Calhoun,28.650278,-96.539722,155.0,15.53,NG,ST,2012,13,0.0,0.0,0.0,0.0,0.0,0.0,0.0,3.5,54.35,-59.89,0.0,0.0,-0.0,stranded
2035,Formosa Plastics Corp,CFB Power Plant,56708,G2201,TX,Calhoun,28.650278,-96.539722,155.0,15.53,NG,ST,2012,13,0.0,0.0,0.0,0.0,0.0,0.0,0.0,3.5,54.35,-59.89,0.0,0.0,-0.0,stranded
2035,"Walmart Stores Texas, LLC",WAL522,64793,GEN1,TX,Harris,29.894458,-95.06497,0.4,14.85,NG,IC,2020,5,0.0,0.0,0.0,0.0,0.0,0.0,0.0,5.0,51.98,-60.0,0.0,0.0,-0.0,stranded
2035,"Walmart Stores Texas, LLC",WAL522,64793,GEN2,TX,Harris,29.894458,-95.06497,0.4,14.85,NG,IC,2020,5,0.0,0.0,0.0,0.0,0.0,0.0,0.0,5.0,51.98,-60.0,0.0,0.0,-0.0,stranded
2035,"Walmart Stores Texas, LLC",WAL522,64793,GEN3,TX,Harris,29.894458,-95.06497,0.4,14.85,NG,IC,2020,5,0.0,0.0,0.0,0.0,0.0,0.0,0.0,5.0,51.98,-60.0,0.0,0.0,-0.0,stranded
2035,"Walmart Stores Texas, LLC",WAL5713,64961,GEN1,TX,Webb,27.610637,-99.462215,0.4,14.86,NG,IC,2021,4,0.0,0.0,0.0,0.0,0.0,0.0,0.0,5.0,52.01,-60.03,0.0,0.0,-0.0,stranded
2035,"Walmart Stores Texas, LLC",WAL5713,64961,GEN2,TX,Webb,27.610637,-99.462215,0.4,14.86,NG,IC,2021,4,0.0,0.0,0.0,0.0,0.0,0.0,0.0,5.0,52.01,-60.03,0.0,0.0,-0.0,stranded
2035,"Walmart Stores Texas, LLC",WAL5713,64961,GEN3,TX,Webb,27.610637,-99.462215,0.4,14.86,NG,IC,2021,4,0.0,0.0,0.0,0.0,0.0,0.0,0.0,5.0,52.01,-60.03,0.0,0.0,-0.0,stranded
2035,Enterprise Products Optg LP,Enterprise Products Operating,10261,GEN3,TX,Chambers,29.8247,-94.9197,3.4,14.9,NG,GT,1991,34,0.0,0.0,0.0,0.0,0.0,0.0,0.0,5.0,52.15,-60.17,0.0,0.0,-0.0,stranded
2035,Enterprise Products Optg LP,Enterprise Products Operating,10261,GEN4,TX,Chambers,29.8247,-94.9197,3.4,14.9,NG,GT,1991,34,0.0,0.0,0.0,0.0,0.0,0.0,0.0,5.0,52.15,-60.17,0.0,0.0,-0.0,stranded
2035,Enterprise Products Optg LP,Enterprise Products Operating,10261,GEN5,TX,Chambers,29.8247,-94.9197,3.4,14.9,NG,GT,1991,34,0.0,0.0,0.0,0.0,0.0,0.0,0.0,5.0,52.15,-60.17,0.0,0.0,-0.0,stranded
2035,Enterprise Products Optg LP,Enterprise Products Operating,10261,GEN6,TX,Chambers,29.8247,-94.9197,3.5,14.9,NG,GT,1996,29,0.0,0.0,0.0,0.0,0.0,0.0,0.0,5.0,52.15,-60.17,0.0,0.0,-0.0,stranded
2035,Enterprise Products Optg LP,Enterprise Products Operating,10261,GEN7,TX,Chambers,29.8247,-94.9197,3.5,14.9,NG,GT,1996,29,0.0,0.0,0.0,0.0,0.0,0.0,0.0,5.0,52.15,-60.17,0.0,0.0,-0.0,stranded
2035,Enterprise Products Optg LP,Enterprise Products Operating,10261,GEN8,TX,Chambers,29.8247,-94.9197,3.5,14.9,NG,GT,1996,29,0.0,0.0,0.0,0.0,0.0,0.0,0.0,5.0,52.15,-60.17,0.0,0.0,-0.0,stranded
2035,"Walmart Stores Texas, LLC",WAL2883,64889,GEN1,TX,Collin,33.097094,-96.798596,0.4,14.91,NG,IC,2021,4,0.0,0.0,0.0,0.0,0.0,0.0,0.0,5.0,52.19,-60.21,0.0,0.0,-0.0,stranded
2035,"Walmart Stores Texas, LLC",WAL2883,64889,GEN2,TX,Collin,33.097094,-96.798596,0.4,14.91,NG,IC,2021,4,0.0,0.0,0.0,0.0,0.0,0.0,0.0,5.0,52.19,-60.21,0.0,0.0,-0.0,stranded
2035,"Walmart Stores Texas, LLC",WAL2883,64889,GEN3,TX,Collin,33.097094,-96.798596,0.4,14.91,NG,IC,2021,4,0.0,0.0,0.0,0.0,0.0,0.0,0.0,5.0,52.19,-60.21,0.0,0.0,-0.0,stranded
2035,"Walmart Stores Texas, LLC",WAL3518,64933,GEN1,TX,Webb,27.612565,-99.471825,0.4,14.91,NG,IC,2021,4,0.0,0.0,0.0,0.0,0.0,0.0,0.0,5.0,52.19,-60.21,0.0,0.0,-0.0,stranded
2035,"Walmart Stores Texas, LLC",WAL3518,64933,GEN2,TX,Webb,27.612565,-99.471825,0.4,14.91,NG,IC,2021,4,0.0,0.0,0.0,0.0,0.0,0.0,0.0,5.0,52.19,-60.21,0.0,0.0,-0.0,stranded
2035,"Walmart Stores Texas, LLC",WAL3518,64933,GEN3,TX,Webb,27.612565,-99.471825,0.4,14.91,NG,IC,2021,4,0.0,0.0,0.0,0.0,0.0,0.0,0.0,5.0,52.19,-60.21,0.0,0.0,-0.0,stranded
2035,"Generate ER-NG, LLC",HEB00801,68734,H8011,TX,Tarrant,32.914505,-97.308935,0.4,14.92,NG,IC,2024,1,0.0,0.0,0.0,0.0,0.0,0.0,0.0,5.0,52.22,-60.24,0.0,0.0,-0.0,stranded
2035,"Generate ER-NG, LLC",HEB00801,68734,H8012,TX,Tarrant,32.914505,-97.308935,0.4,14.92,NG,IC,2024,1,0.0,0.0,0.0,0.0,0.0,0.0,0.0,5.0,52.22,-60.24,0.0,0.0,-0.0,stranded
2035,"Generate ER-NG, LLC",HEB00801,68734,H8013,TX,Tarrant,32.914505,-97.308935,0.4,14.92,NG,IC,2024,1,0.0,0.0,0.0,0.0,0.0,0.0,0.0,5.0,52.22,-60.24,0.0,0.0,-0.0,stranded
2035,"Texas Microgrid, LLC",HEB00063,66549,H0631,TX,Brazoria,29.55952,-95.39038,0.4,14.96,NG,IC,2017,8,0.0,0.0,0.0,0.0,0.0,0.0,0.0,5.0,52.36,-60.38,0.0,0.0,-0.0,stranded
2035,"Texas Microgrid, LLC",HEB00063,66549,H0632,TX,Brazoria,29.55952,-95.39038,0.4,14.96,NG,IC,2017,8,0.0,0.0,0.0,0.0,0.0,0.0,0.0,5.0,52.36,-60.38,0.0,0.0,-0.0,stranded
2035,"Texas Microgrid, LLC",HEB00063,66549,H0633,TX,Brazoria,29.55952,-95.39038,0.4,14.96,NG,IC,2017,8,0.0,0.0,0.0,0.0,0.0,0.0,0.0,5.0,52.36,-60.38,0.0,0.0,-0.0,stranded
2035,"Texas Microgrid, LLC",HEB00063,66549,H0634,TX,Brazoria,29.55952,-95.39038,0.4,14.96,NG,IC,2017,8,0.0,0.0,0.0,0.0,0.0,0.0,0.0,5.0,52.36,-60.38,0.0,0.0,-0.0,stranded
2035,"Walmart Stores Texas, LLC",WAL447,64775,GEN1,TX,Val Verde,29.395822,-100.901074,0.4,14.98,NG,IC,2021,4,0.0,0.0,0.0,0.0,0.0,0.0,0.0,5.0,52.43,-60.45,0.0,0.0,-0.0,stranded
2035,"Walmart Stores Texas, LLC",WAL447,64775,GEN2,TX,Val Verde,29.395822,-100.901074,0.4,14.98,NG,IC,2021,4,0.0,0.0,0.0,0.0,0.0,0.0,0.0,5.0,52.43,-60.45,0.0,0.0,-0.0,stranded
2035,"Walmart Stores Texas, LLC",WAL447,64775,GEN3,TX,Val Verde,29.395822,-100.901074,0.4,14.98,NG,IC,2021,4,0.0,0.0,0.0,0.0,0.0,0.0,0.0,5.0,52.43,-60.45,0.0,0.0,-0.0,stranded
2035,"Walmart Stores Texas, LLC",WAL536,64795,GEN1,TX,Jones,32.48078,-99.698015,0.4,14.99,NG,IC,2021,4,0.0,0.0,0.0,0.0,0.0,0.0,0.0,5.0,52.47,-60.49,0.0,0.0,-0.0,stranded
2035,"Walmart Stores Texas, LLC",WAL536,64795,GEN2,TX,Jones,32.48078,-99.698015,0.4,14.99,NG,IC,2021,4,0.0,0.0,0.0,0.0,0.0,0.0,0.0,5.0,52.47,-60.49,0.0,0.0,-0.0,stranded
2035,"Walmart Stores Texas, LLC",WAL536,64795,GEN3,TX,Jones,32.48078,-99.698015,0.4,14.99,NG,IC,2021,4,0.0,0.0,0.0,0.0,0.0,0.0,0.0,5.0,52.47,-60.49,0.0,0.0,-0.0,stranded
2035,"Walmart Stores Texas, LLC",WAL452,64776,GEN1,TX,Hidalgo,26.243944,-98.245055,0.4,15.03,NG,IC,2021,4,0.0,0.0,0.0,0.0,0.0,0.0,0.0,5.0,52.6,-60.63,0.0,0.0,-0.0,stranded
2035,"Walmart Stores Texas, LLC",WAL452,64776,GEN2,TX,Hidalgo,26.243944,-98.245055,0.4,15.03,NG,IC,2021,4,0.0,0.0,0.0,0.0,0.0,0.0,0.0,5.0,52.6,-60.63,0.0,0.0,-0.0,stranded
2035,"Walmart Stores Texas, LLC",WAL452,64776,GEN3,TX,Hidalgo,26.243944,-98.245055,0.4,15.03,NG,IC,2021,4,0.0,0.0,0.0,0.0,0.0,0.0,0.0,5.0,52.6,-60.63,0.0,0.0,-0.0,stranded
2035,"Walmart Stores Texas, LLC",WAL3284,64896,GEN1,TX,Tarrant,32.66674,-97.209254,0.4,15.04,NG,IC,2021,4,0.0,0.0,0.0,0.0,0.0,0.0,0.0,5.0,52.64,-60.66,0.0,0.0,-0.0,stranded
2035,"Walmart Stores Texas, LLC",WAL3284,64896,GEN2,TX,Tarrant,32.66674,-97.209254,0.4,15.04,NG,IC,2021,4,0.0,0.0,0.0,0.0,0.0,0.0,0.0,5.0,52.64,-60.66,0.0,0.0,-0.0,stranded
2035,"Walmart Stores Texas, LLC",WAL3284,64896,GEN3,TX,Tarrant,32.66674,-97.209254,0.4,15.04,NG,IC,2021,4,0.0,0.0,0.0,0.0,0.0,0.0,0.0,5.0,52.64,-60.66,0.0,0.0,-0.0,stranded
2035,NRG Texas Power LLC,Greens Bayou,3464,73,TX,Harris,29.822201,-95.219429,72.0,15.04,NG,GT,1976,49,0.0,0.0,0.0,0.0,0.0,0.0,0.0,5.0,52.64,-60.66,0.0,0.0,-0.0,stranded
2035,NRG Texas Power LLC,Greens Bayou,3464,74,TX,Harris,29.822201,-95.219429,72.0,15.04,NG,GT,1976,49,0.0,0.0,0.0,0.0,0.0,0.0,0.0,5.0,52.64,-60.66,0.0,0.0,-0.0,stranded
2035,NRG Texas Power LLC,Greens Bayou,3464,81,TX,Harris,29.822201,-95.219429,72.0,15.04,NG,GT,1976,49,0.0,0.0,0.0,0.0,0.0,0.0,0.0,5.0,52.64,-60.66,0.0,0.0,-0.0,stranded
2035,NRG Texas Power LLC,Greens Bayou,3464,82,TX,Harris,29.822201,-95.219429,72.0,15.04,NG,GT,1976,49,0.0,0.0,0.0,0.0,0.0,0.0,0.0,5.0,52.64,-60.66,0.0,0.0,-0.0,stranded
2035,NRG Texas Power LLC,Greens Bayou,3464,83,TX,Harris,29.822201,-95.219429,72.0,15.04,NG,GT,1976,49,0.0,0.0,0.0,0.0,0.0,0.0,0.0,5.0,52.64,-60.66,0.0,0.0,-0.0,stranded
2035,NRG Texas Power LLC,Greens Bayou,3464,84,TX,Harris,29.822201,-95.219429,72.0,15.04,NG,GT,1976,49,0.0,0.0,0.0,0.0,0.0,0.0,0.0,5.0,52.64,-60.66,0.0,0.0,-0.0,stranded
2035,"Walmart Stores Texas, LLC",WAL5312,64955,GEN1,TX,Tarrant,32.774643,-97.291803,0.4,15.06,NG,IC,2021,4,0.0,0.0,0.0,0.0,0.0,0.0,0.0,5.0,52.71,-60.73,0.0,0.0,-0.0,stranded
2035,"Walmart Stores Texas, LLC",WAL5312,64955,GEN2,TX,Tarrant,32.774643,-97.291803,0.4,15.06,NG,IC,2021,4,0.0,0.0,0.0,0.0,0.0,0.0,0.0,5.0,52.71,-60.73,0.0,0.0,-0.0,stranded
2035,"Walmart Stores Texas, LLC",WAL5312,64955,GEN3,TX,Tarrant,32.774643,-97.291803,0.4,15.06,NG,IC,2021,4,0.0,0.0,0.0,0.0,0.0,0.0,0.0,5.0,52.71,-60.73,0.0,0.0,-0.0,stranded
2035,"Texas Microgrid, LLC",HEB_CPS00085,66612,H0851,TX,Bexar,29.433657,-98.703454,0.4,15.07,NG,IC,2019,6,0.0,0.0,0.0,0.0,0.0,0.0,0.0,5.0,52.75,-60.77,0.0,0.0,-0.0,stranded
2035,"Texas Microgrid, LLC",HEB_CPS00085,66612,H0852,TX,Bexar,29.433657,-98.703454,0.4,15.07,NG,IC,2019,6,0.0,0.0,0.0,0.0,0.0,0.0,0.0,5.0,52.75,-60.77,0.0,0.0,-0.0,stranded
2035,"Texas Microgrid, LLC",HEB_CPS00085,66612,H0853,TX,Bexar,29.433657,-98.703454,0.4,15.07,NG,IC,2019,6,0.0,0.0,0.0,0.0,0.0,0.0,0.0,5.0,52.75,-60.77,0.0,0.0,-0.0,stranded
2035,"Texas Microgrid, LLC",HEB_CPS00085,66612,H0854,TX,Bexar,29.433657,-98.703454,0.4,15.07,NG,IC,2019,6,0.0,0.0,0.0,0.0,0.0,0.0,0.0,5.0,52.75,-60.77,0.0,0.0,-0.0,stranded
2035,"Walmart Stores Texas, LLC",WAL5287,64953,GE N3,TX,Harris,30.077307,-95.51277,0.4,15.09,NG,IC,2020,5,0.0,0.0,0.0,0.0,0.0,0.0,0.0,5.0,52.81,-60.84,0.0,0.0,-0.0,stranded
2035,"Walmart Stores Texas, LLC",WAL5287,64953,GEN1,TX,Harris,30.077307,-95.51277,0.4,15.09,NG,IC,2020,5,0.0,0.0,0.0,0.0,0.0,0.0,0.0,5.0,52.81,-60.84,0.0,0.0,-0.0,stranded
2035,"Walmart Stores Texas, LLC",WAL5287,64953,GEN2,TX,Harris,30.077307,-95.51277,0.4,15.09,NG,IC,2020,5,0.0,0.0,0.0,0.0,0.0,0.0,0.0,5.0,52.81,-60.84,0.0,0.0,-0.0,stranded
2035,"Walmart Stores Texas, LLC",WAL3584,64935,GEN1,TX,Harris,29.72355,-95.46539,0.4,15.11,NG,IC,2021,4,0.0,0.0,0.0,0.0,0.0,0.0,0.0,5.0,52.88,-60.91,0.0,0.0,-0.0,stranded
2035,"Walmart Stores Texas, LLC",WAL3584,64935,GEN2,TX,Harris,29.72355,-95.46539,0.4,15.11,NG,IC,2021,4,0.0,0.0,0.0,0.0,0.0,0.0,0.0,5.0,52.88,-60.91,0.0,0.0,-0.0,stranded
2035,"Walmart Stores Texas, LLC",WAL3584,64935,GEN3,TX,Harris,29.72355,-95.46539,0.4,15.11,NG,IC,2021,4,0.0,0.0,0.0,0.0,0.0,0.0,0.0,5.0,52.88,-60.91,0.0,0.0,-0.0,stranded
2035,"Walmart Stores Texas, LLC",WAL602,64799,GEN1,TX,Montgomery,30.12423,-95.45769,0.4,15.11,NG,IC,2020,5,0.0,0.0,0.0,0.0,0.0,0.0,0.0,5.0,52.88,-60.91,0.0,0.0,-0.0,stranded
2035,"Walmart Stores Texas, LLC",WAL602,64799,GEN2,TX,Montgomery,30.12423,-95.45769,0.4,15.11,NG,IC,2020,5,0.0,0.0,0.0,0.0,0.0,0.0,0.0,5.0,52.88,-60.91,0.0,0.0,-0.0,stranded
2035,"Walmart Stores Texas, LLC",WAL602,64799,GEN3,TX,Montgomery,30.12423,-95.45769,0.4,15.11,NG,IC,2020,5,0.0,0.0,0.0,0.0,0.0,0.0,0.0,5.0,52.88,-60.91,0.0,0.0,-0.0,stranded
2035,"Generate ER-NG, LLC",HEB00794,67433,H7941,TX,Collin,33.175806,-96.728417,0.4,15.11,NG,IC,2023,2,0.0,0.0,0.0,0.0,0.0,0.0,0.0,5.0,52.88,-60.91,0.0,0.0,-0.0,stranded
2035,"Generate ER-NG, LLC",HEB00794,67433,H7942,TX,Collin,33.175806,-96.728417,0.4,15.11,NG,IC,2023,2,0.0,0.0,0.0,0.0,0.0,0.0,0.0,5.0,52.88,-60.91,0.0,0.0,-0.0,stranded
2035,"Generate ER-NG, LLC",HEB00794,67433,H7943,TX,Collin,33.175806,-96.728417,0.4,15.11,NG,IC,2023,2,0.0,0.0,0.0,0.0,0.0,0.0,0.0,5.0,52.88,-60.91,0.0,0.0,-0.0,stranded
2035,"Walmart Stores Texas, LLC",WAL2257,64885,GEN1,TX,Harris,29.853797,-95.509083,0.4,15.13,NG,IC,2021,4,0.0,0.0,0.0,0.0,0.0,0.0,0.0,5.0,52.96,-60.98,0.0,0.0,-0.0,stranded
2035,"Walmart Stores Texas, LLC",WAL2257,64885,GEN2,TX,Harris,29.853797,-95.509083,0.4,15.13,NG,IC,2021,4,0.0,0.0,0.0,0.0,0.0,0.0,0.0,5.0,52.96,-60.98,0.0,0.0,-0.0,stranded
2035,"Walmart Stores Texas, LLC",WAL2257,64885,GEN3,TX,Harris,29.853797,-95.509083,0.4,15.13,NG,IC,2021,4,0.0,0.0,0.0,0.0,0.0,0.0,0.0,5.0,52.96,-60.98,0.0,0.0,-0.0,stranded
2035,"Walmart Stores Texas, LLC",WAL2980,64890,GEN1,TX,Tarrant,32.89517,-97.286531,0.4,15.17,NG,IC,2021,4,0.0,0.0,0.0,0.0,0.0,0.0,0.0,5.0,53.09,-61.12,0.0,0.0,-0.0,stranded
2035,"Walmart Stores Texas, LLC",WAL2980,64890,GEN2,TX,Tarrant,32.89517,-97.286531,0.4,15.17,NG,IC,2021,4,0.0,0.0,0.0,0.0,0.0,0.0,0.0,5.0,53.09,-61.12,0.0,0.0,-0.0,stranded
2035,"Walmart Stores Texas, LLC",WAL2980,64890,GEN3,TX,Tarrant,32.89517,-97.286531,0.4,15.17,NG,IC,2021,4,0.0,0.0,0.0,0.0,0.0,0.0,0.0,5.0,53.09,-61.12,0.0,0.0,-0.0,stranded
2035,"Walmart Stores Texas, LLC",WAL972,64812,GEN1,TX,Tarrant,32.811848,-97.424739,0.4,15.24,NG,IC,2020,5,0.0,0.0,0.0,0.0,0.0,0.0,0.0,5.0,53.34,-61.37,0.0,0.0,-0.0,stranded
2035,"Walmart Stores Texas, LLC",WAL972,64812,GEN2,TX,Tarrant,32.811848,-97.424739,0.4,15.24,NG,IC,2020,5,0.0,0.0,0.0,0.0,0.0,0.0,0.0,5.0,53.34,-61.37,0.0,0.0,-0.0,stranded
2035,"Walmart Stores Texas, LLC",WAL972,64812,GEN3,TX,Tarrant,32.811848,-97.424739,0.4,15.24,NG,IC,2020,5,0.0,0.0,0.0,0.0,0.0,0.0,0.0,5.0,53.34,-61.37,0.0,0.0,-0.0,stranded
2035,"Walmart Stores Texas, LLC",WAL1103,64815,GEN1,TX,Harris,29.998163,-95.486202,0.4,15.28,NG,IC,2019,6,0.0,0.0,0.0,0.0,0.0,0.0,0.0,5.0,53.48,-61.5,0.0,0.0,-0.0,stranded
2035,"Walmart Stores Texas, LLC",WAL1103,64815,GEN2,TX,Harris,29.998163,-95.486202,0.4,15.28,NG,IC,2019,6,0.0,0.0,0.0,0.0,0.0,0.0,0.0,5.0,53.48,-61.5,0.0,0.0,-0.0,stranded
2035,"Walmart Stores Texas, LLC",WAL1103,64815,GEN3,TX,Harris,29.998163,-95.486202,0.4,15.28,NG,IC,2019,6,0.0,0.0,0.0,0.0,0.0,0.0,0.0,5.0,53.48,-61.5,0.0,0.0,-0.0,stranded
2035,"Generate ER-NG, LLC",HEB00796,67315,H7961,TX,Collin,33.116616,-96.653082,0.4,15.29,NG,IC,2023,2,0.0,0.0,0.0,0.0,0.0,0.0,0.0,5.0,53.52,-61.54,0.0,0.0,-0.0,stranded
2035,"Generate ER-NG, LLC",HEB00796,67315,H7962,TX,Collin,33.116616,-96.653082,0.4,15.29,NG,IC,2023,2,0.0,0.0,0.0,0.0,0.0,0.0,0.0,5.0,53.52,-61.54,0.0,0.0,-0.0,stranded
2035,"Generate ER-NG, LLC",HEB00796,67315,H7963,TX,Collin,33.116616,-96.653082,0.4,15.29,NG,IC,2023,2,0.0,0.0,0.0,0.0,0.0,0.0,0.0,5.0,53.52,-61.54,0.0,0.0,-0.0,stranded
2035,"Texas Microgrid, LLC",HEB00769,67319,H7691,TX,Harris,29.553909,-95.150678,0.4,15.32,NG,IC,2021,4,0.0,0.0,0.0,0.0,0.0,0.0,0.0,5.0,53.62,-61.65,0.0,0.0,-0.0,stranded
2035,"Texas Microgrid, LLC",HEB00769,67319,H7692,TX,Harris,29.553909,-95.150678,0.4,15.32,NG,IC,2021,4,0.0,0.0,0.0,0.0,0.0,0.0,0.0,5.0,53.62,-61.65,0.0,0.0,-0.0,stranded
2035,"Texas Microgrid, LLC",HEB00769,67319,H7693,TX,Harris,29.553909,-95.150678,0.4,15.32,NG,IC,2021,4,0.0,0.0,0.0,0.0,0.0,0.0,0.0,5.0,53.62,-61.65,0.0,0.0,-0.0,stranded
2035,"Walmart Stores Texas, LLC",WAL3390,64902,GEN1,TX,Montgomery,30.190279,-95.589487,0.4,15.33,NG,IC,2020,5,0.0,0.0,0.0,0.0,0.0,0.0,0.0,5.0,53.66,-61.68,0.0,0.0,-0.0,stranded
2035,"Walmart Stores Texas, LLC",WAL3390,64902,GEN2,TX,Montgomery,30.190279,-95.589487,0.4,15.33,NG,IC,2020,5,0.0,0.0,0.0,0.0,0.0,0.0,0.0,5.0,53.66,-61.68,0.0,0.0,-0.0,stranded
2035,"Walmart Stores Texas, LLC",WAL3390,64902,GEN3,TX,Montgomery,30.190279,-95.589487,0.4,15.33,NG,IC,2020,5,0.0,0.0,0.0,0.0,0.0,0.0,0.0,5.0,53.66,-61.68,0.0,0.0,-0.0,stranded
2035,"Walmart Stores Texas, LLC",WAL4298,64942,GEN1,TX,Harris,29.936325,-95.25261,0.4,15.39,NG,IC,2021,4,0.0,0.0,0.0,0.0,0.0,0.0,0.0,5.0,53.87,-61.89,0.0,0.0,-0.0,stranded
2035,"Walmart Stores Texas, LLC",WAL4298,64942,GEN2,TX,Harris,29.936325,-95.25261,0.4,15.39,NG,IC,2021,4,0.0,0.0,0.0,0.0,0.0,0.0,0.0,5.0,53.87,-61.89,0.0,0.0,-0.0,stranded
2035,"Walmart Stores Texas, LLC",WAL4298,64942,GEN3,TX,Harris,29.936325,-95.25261,0.4,15.39,NG,IC,2021,4,0.0,0.0,0.0,0.0,0.0,0.0,0.0,5.0,53.87,-61.89,0.0,0.0,-0.0,stranded
2035,"Texas Microgrid, LLC",HEB00020,65261,H0201,TX,Harris,29.992502,-95.744444,0.4,15.39,NG,IC,2018,7,0.0,0.0,0.0,0.0,0.0,0.0,0.0,5.0,53.87,-61.89,0.0,0.0,-0.0,stranded
2035,"Texas Microgrid, LLC",HEB00020,65261,H0202,TX,Harris,29.992502,-95.744444,0.4,15.39,NG,IC,2018,7,0.0,0.0,0.0,0.0,0.0,0.0,0.0,5.0,53.87,-61.89,0.0,0.0,-0.0,stranded
2035,"Texas Microgrid, LLC",HEB00020,65261,H0203,TX,Harris,29.992502,-95.744444,0.4,15.39,NG,IC,2018,7,0.0,0.0,0.0,0.0,0.0,0.0,0.0,5.0,53.87,-61.89,0.0,0.0,-0.0,stranded
2035,"Texas Microgrid, LLC",HEB00099,65267,H0991,TX,Harris,29.995329,-95.576602,0.4,15.41,NG,IC,2017,8,0.0,0.0,0.0,0.0,0.0,0.0,0.0,5.0,53.94,-61.96,0.0,0.0,-0.0,stranded
2035,"Texas Microgrid, LLC",HEB00099,65267,H0992,TX,Harris,29.995329,-95.576602,0.4,15.41,NG,IC,2017,8,0.0,0.0,0.0,0.0,0.0,0.0,0.0,5.0,53.94,-61.96,0.0,0.0,-0.0,stranded
2035,"Texas Microgrid, LLC",HEB00099,65267,H0993,TX,Harris,29.995329,-95.576602,0.4,15.41,NG,IC,2017,8,0.0,0.0,0.0,0.0,0.0,0.0,0.0,5.0,53.94,-61.96,0.0,0.0,-0.0,stranded
2035,"Texas Microgrid, LLC",HEB00054,65264,H0541,TX,Harris,29.601653,-95.250237,0.4,15.42,NG,IC,2018,7,0.0,0.0,0.0,0.0,0.0,0.0,0.0,5.0,53.97,-61.99,0.0,0.0,-0.0,stranded
2035,"Texas Microgrid, LLC",HEB00054,65264,H0542,TX,Harris,29.601653,-95.250237,0.4,15.42,NG,IC,2018,7,0.0,0.0,0.0,0.0,0.0,0.0,0.0,5.0,53.97,-61.99,0.0,0.0,-0.0,stranded
2035,"Texas Microgrid, LLC",HEB00054,65264,H0543,TX,Harris,29.601653,-95.250237,0.4,15.42,NG,IC,2018,7,0.0,0.0,0.0,0.0,0.0,0.0,0.0,5.0,53.97,-61.99,0.0,0.0,-0.0,stranded
2035,"Texas Microgrid, LLC",HEB00109,65268,H1091,TX,Harris,29.786159,-95.539403,0.4,15.48,NG,IC,2018,7,0.0,0.0,0.0,0.0,0.0,0.0,0.0,5.0,54.18,-62.2,0.0,0.0,-0.0,stranded
2035,"Texas Microgrid, LLC",HEB00109,65268,H1092,TX,Harris,29.786159,-95.539403,0.4,15.48,NG,IC,2018,7,0.0,0.0,0.0,0.0,0.0,0.0,0.0,5.0,54.18,-62.2,0.0,0.0,-0.0,stranded
2035,"Texas Microgrid, LLC",HEB00109,65268,H1093,TX,Harris,29.786159,-95.539403,0.4,15.48,NG,IC,2018,7,0.0,0.0,0.0,0.0,0.0,0.0,0.0,5.0,54.18,-62.2,0.0,0.0,-0.0,stranded
2035,"Texas Microgrid, LLC",HEB00110,65269,H1101,TX,Fort Bend,29.53658,-95.53628,0.4,15.56,NG,IC,2017,8,0.0,0.0,0.0,0.0,0.0,0.0,0.0,5.0,54.46,-62.48,0.0,0.0,-0.0,stranded
2035,"Texas Microgrid, LLC",HEB00110,65269,H1102,TX,Fort Bend,29.53658,-95.53628,0.4,15.56,NG,IC,2017,8,0.0,0.0,0.0,0.0,0.0,0.0,0.0,5.0,54.46,-62.48,0.0,0.0,-0.0,stranded
2035,"Texas Microgrid, LLC",HEB00110,65269,H1103,TX,Fort Bend,29.53658,-95.53628,0.4,15.56,NG,IC,2017,8,0.0,0.0,0.0,0.0,0.0,0.0,0.0,5.0,54.46,-62.48,0.0,0.0,-0.0,stranded
2035,"Walmart Stores Texas, LLC",WAL565,64798,GEN1,TX,Navarro,32.101054,-96.403764,0.4,15.59,NG,IC,2022,3,0.0,0.0,0.0,0.0,0.0,0.0,0.0,5.0,54.56,-62.59,0.0,0.0,-0.0,stranded
2035,"Walmart Stores Texas, LLC",WAL565,64798,GEN2,TX,Navarro,32.101054,-96.403764,0.4,15.59,NG,IC,2022,3,0.0,0.0,0.0,0.0,0.0,0.0,0.0,5.0,54.56,-62.59,0.0,0.0,-0.0,stranded
2035,"Walmart Stores Texas, LLC",WAL565,64798,GEN3,TX,Navarro,32.101054,-96.403764,0.4,15.59,NG,IC,2022,3,0.0,0.0,0.0,0.0,0.0,0.0,0.0,5.0,54.56,-62.59,0.0,0.0,-0.0,stranded
2035,"Generate ER-NG, LLC",HEB00789,67313,H7891,TX,Denton,33.155153,-96.846331,0.4,15.61,NG,IC,2022,3,0.0,0.0,0.0,0.0,0.0,0.0,0.0,5.0,54.63,-62.66,0.0,0.0,-0.0,stranded
2035,"Generate ER-NG, LLC",HEB00789,67313,H7892,TX,Denton,33.155153,-96.846331,0.4,15.61,NG,IC,2022,3,0.0,0.0,0.0,0.0,0.0,0.0,0.0,5.0,54.63,-62.66,0.0,0.0,-0.0,stranded
2035,"Generate ER-NG, LLC",HEB00789,67313,H7893,TX,Denton,33.155153,-96.846331,0.4,15.61,NG,IC,2022,3,0.0,0.0,0.0,0.0,0.0,0.0,0.0,5.0,54.63,-62.66,0.0,0.0,-0.0,stranded
2035,"Walmart Stores Texas, LLC",WAL194,64769,GEN1,TX,Harris,29.776274,-94.974458,0.4,15.65,NG,IC,2021,4,0.0,0.0,0.0,0.0,0.0,0.0,0.0,5.0,54.77,-62.8,0.0,0.0,-0.0,stranded
2035,"Walmart Stores Texas, LLC",WAL194,64769,GEN2,TX,Harris,29.776274,-94.974458,0.4,15.65,NG,IC,2021,4,0.0,0.0,0.0,0.0,0.0,0.0,0.0,5.0,54.77,-62.8,0.0,0.0,-0.0,stranded
2035,"Walmart Stores Texas, LLC",WAL194,64769,GEN3,TX,Harris,29.776274,-94.974458,0.4,15.65,NG,IC,2021,4,0.0,0.0,0.0,0.0,0.0,0.0,0.0,5.0,54.77,-62.8,0.0,0.0,-0.0,stranded
2035,"Texas Microgrid, LLC",HEBSnackPlant,66566,HSNP1,TX,Harris,29.844469,-95.540618,0.4,15.65,NG,IC,2019,6,0.0,0.0,0.0,0.0,0.0,0.0,0.0,5.0,54.77,-62.8,0.0,0.0,-0.0,stranded
2035,"Texas Microgrid, LLC",HEBSnackPlant,66566,HSNP2,TX,Harris,29.844469,-95.540618,0.4,15.65,NG,IC,2019,6,0.0,0.0,0.0,0.0,0.0,0.0,0.0,5.0,54.77,-62.8,0.0,0.0,-0.0,stranded
2035,"Texas Microgrid, LLC",HEBSnackPlant,66566,HSNP3,TX,Harris,29.844469,-95.540618,0.4,15.65,NG,IC,2019,6,0.0,0.0,0.0,0.0,0.0,0.0,0.0,5.0,54.77,-62.8,0.0,0.0,-0.0,stranded
2035,"Texas Microgrid, LLC",HEBSnackPlant,66566,HSNP4,TX,Harris,29.844469,-95.540618,0.4,15.65,NG,IC,2019,6,0.0,0.0,0.0,0.0,0.0,0.0,0.0,5.0,54.77,-62.8,0.0,0.0,-0.0,stranded
2035,"Walmart Stores Texas, LLC",WAL2439,64886,GEN1,TX,Chambers,29.817549,-94.900456,0.4,15.68,NG,IC,2021,4,0.0,0.0,0.0,0.0,0.0,0.0,0.0,5.0,54.88,-62.9,0.0,0.0,-0.0,stranded
2035,"Walmart Stores Texas, LLC",WAL2439,64886,GEN2,TX,Chambers,29.817549,-94.900456,0.4,15.68,NG,IC,2021,4,0.0,0.0,0.0,0.0,0.0,0.0,0.0,5.0,54.88,-62.9,0.0,0.0,-0.0,stranded
2035,"Walmart Stores Texas, LLC",WAL2439,64886,GEN3,TX,Chambers,29.817549,-94.900456,0.4,15.68,NG,IC,2021,4,0.0,0.0,0.0,0.0,0.0,0.0,0.0,5.0,54.88,-62.9,0.0,0.0,-0.0,stranded
2035,"Walmart Stores Texas, LLC",WAL2724,64888,GEN1,TX,Harris,29.693424,-95.210408,0.4,15.7,NG,IC,2020,5,0.0,0.0,0.0,0.0,0.0,0.0,0.0,5.0,54.95,-62.97,0.0,0.0,-0.0,stranded
2035,"Walmart Stores Texas, LLC",WAL2724,64888,GEN2,TX,Harris,29.693424,-95.210408,0.4,15.7,NG,IC,2020,5,0.0,0.0,0.0,0.0,0.0,0.0,0.0,5.0,54.95,-62.97,0.0,0.0,-0.0,stranded
2035,"Walmart Stores Texas, LLC",WAL2724,64888,GEN3,TX,Harris,29.693424,-95.210408,0.4,15.7,NG,IC,2020,5,0.0,0.0,0.0,0.0,0.0,0.0,0.0,5.0,54.95,-62.97,0.0,0.0,-0.0,stranded
2035,"Walmart Stores Texas, LLC",WAL414,64774,GEN1,TX,Wichita,33.857046,-98.499006,0.4,15.71,NG,IC,2021,4,0.0,0.0,0.0,0.0,0.0,0.0,0.0,5.0,54.98,-63.01,0.0,0.0,-0.0,stranded
2035,"Walmart Stores Texas, LLC",WAL414,64774,GEN2,TX,Wichita,33.857046,-98.499006,0.4,15.71,NG,IC,2021,4,0.0,0.0,0.0,0.0,0.0,0.0,0.0,5.0,54.98,-63.01,0.0,0.0,-0.0,stranded
2035,"Walmart Stores Texas, LLC",WAL414,64774,GEN3,TX,Wichita,33.857046,-98.499006,0.4,15.71,NG,IC,2021,4,0.0,0.0,0.0,0.0,0.0,0.0,0.0,5.0,54.98,-63.01,0.0,0.0,-0.0,stranded
2035,"Walmart Stores Texas, LLC",WAL849,64805,GEN1,TX,Harris,30.064779,-95.429453,0.4,15.72,NG,IC,2020,5,0.0,0.0,0.0,0.0,0.0,0.0,0.0,5.0,55.02,-63.05,0.0,0.0,-0.0,stranded
2035,"Walmart Stores Texas, LLC",WAL849,64805,GEN2,TX,Harris,30.064779,-95.429453,0.4,15.72,NG,IC,2020,5,0.0,0.0,0.0,0.0,0.0,0.0,0.0,5.0,55.02,-63.05,0.0,0.0,-0.0,stranded
2035,"Walmart Stores Texas, LLC",WAL849,64805,GEN3,TX,Harris,30.064779,-95.429453,0.4,15.72,NG,IC,2020,5,0.0,0.0,0.0,0.0,0.0,0.0,0.0,5.0,55.02,-63.05,0.0,0.0,-0.0,stranded
2035,Wharton County Generation LLC,Newgulf Cogen,50137,GEN1,TX,Wharton,29.2639,-95.8997,101.9,15.75,NG,GT,1984,41,0.0,0.0,0.0,0.0,0.0,0.0,0.0,5.0,55.12,-63.15,0.0,0.0,-0.0,stranded
2035,"Texas Microgrid, LLC",OTHERTraditionBuffalo,68737,TBUF1,TX,Harris,29.684609,-95.427081,0.4,15.88,NG,IC,2024,1,0.0,0.0,0.0,0.0,0.0,0.0,0.0,5.0,55.58,-63.61,0.0,0.0,-0.0,stranded
2035,"Texas Microgrid, LLC",OTHERTraditionBuffalo,68737,TBUF2,TX,Harris,29.684609,-95.427081,0.4,15.88,NG,IC,2024,1,0.0,0.0,0.0,0.0,0.0,0.0,0.0,5.0,55.58,-63.61,0.0,0.0,-0.0,stranded
2035,"Texas Microgrid, LLC",OTHERTraditionBuffalo,68737,TBUF3,TX,Harris,29.684609,-95.427081,0.4,15.88,NG,IC,2024,1,0.0,0.0,0.0,0.0,0.0,0.0,0.0,5.0,55.58,-63.61,0.0,0.0,-0.0,stranded
2035,"Walmart Stores Texas, LLC",WAL4526,64945,GEN1,TX,Harris,29.829831,-95.377269,0.4,15.89,NG,IC,2021,4,0.0,0.0,0.0,0.0,0.0,0.0,0.0,5.0,55.62,-63.64,0.0,0.0,-0.0,stranded
2035,"Walmart Stores Texas, LLC",WAL4526,64945,GEN2,TX,Harris,29.829831,-95.377269,0.4,15.89,NG,IC,2021,4,0.0,0.0,0.0,0.0,0.0,0.0,0.0,5.0,55.62,-63.64,0.0,0.0,-0.0,stranded
2035,"Walmart Stores Texas, LLC",WAL4526,64945,GEN3,TX,Harris,29.829831,-95.377269,0.4,15.89,NG,IC,2021,4,0.0,0.0,0.0,0.0,0.0,0.0,0.0,5.0,55.62,-63.64,0.0,0.0,-0.0,stranded
2035,"Generate ER-NG, LLC",OTHERBenEKDallas,67309,BEK1,TX,Dallas,32.818471,-96.853215,0.4,15.93,NG,IC,2023,2,0.0,0.0,0.0,0.0,0.0,0.0,0.0,5.0,55.75,-63.78,0.0,0.0,-0.0,stranded
2035,"Generate ER-NG, LLC",OTHERBenEKDallas,67309,BEK2,TX,Dallas,32.818471,-96.853215,0.4,15.93,NG,IC,2023,2,0.0,0.0,0.0,0.0,0.0,0.0,0.0,5.0,55.75,-63.78,0.0,0.0,-0.0,stranded
2035,"Generate ER-NG, LLC",OTHERBenEKDallas,67309,BEK3,TX,Dallas,32.818471,-96.853215,0.4,15.93,NG,IC,2023,2,0.0,0.0,0.0,0.0,0.0,0.0,0.0,5.0,55.75,-63.78,0.0,0.0,-0.0,stranded
2035,"Generate ER-NG, LLC",OTHERBenEKDallas,67309,BEK4,TX,Dallas,32.818471,-96.853215,0.4,15.93,NG,IC,2023,2,0.0,0.0,0.0,0.0,0.0,0.0,0.0,5.0,55.75,-63.78,0.0,0.0,-0.0,stranded
2035,"Walmart Stores Texas, LLC",WAL1062,64814,GEN1,TX,Harris,29.551973,-95.159125,0.4,15.93,NG,IC,2021,4,0.0,0.0,0.0,0.0,0.0,0.0,0.0,5.0,55.75,-63.78,0.0,0.0,-0.0,stranded
2035,"Walmart Stores Texas, LLC",WAL1062,64814,GEN2,TX,Harris,29.551973,-95.159125,0.4,15.93,NG,IC,2021,4,0.0,0.0,0.0,0.0,0.0,0.0,0.0,5.0,55.75,-63.78,0.0,0.0,-0.0,stranded
2035,"Walmart Stores Texas, LLC",WAL1062,64814,GEN3,TX,Harris,29.551973,-95.159125,0.4,15.93,NG,IC,2021,4,0.0,0.0,0.0,0.0,0.0,0.0,0.0,5.0,55.75,-63.78,0.0,0.0,-0.0,stranded
2035,"Walmart Stores Texas, LLC",WAL3224,64893,GEN1,TX,Dallas,32.842209,-96.598028,0.4,15.96,NG,IC,2022,3,0.0,0.0,0.0,0.0,0.0,0.0,0.0,5.0,55.86,-63.88,0.0,0.0,-0.0,stranded
2035,"Walmart Stores Texas, LLC",WAL3224,64893,GEN2,TX,Dallas,32.842209,-96.598028,0.4,15.96,NG,IC,2022,3,0.0,0.0,0.0,0.0,0.0,0.0,0.0,5.0,55.86,-63.88,0.0,0.0,-0.0,stranded
2035,"Walmart Stores Texas, LLC",WAL3224,64893,GEN3,TX,Dallas,32.842209,-96.598028,0.4,15.96,NG,IC,2022,3,0.0,0.0,0.0,0.0,0.0,0.0,0.0,5.0,55.86,-63.88,0.0,0.0,-0.0,stranded
2035,"Walmart Stores Texas, LLC",WAL3827,64939,GEN1,TX,Fort Bend,29.690142,-95.774624,0.4,15.98,NG,IC,2020,5,0.0,0.0,0.0,0.0,0.0,0.0,0.0,5.0,55.93,-63.95,0.0,0.0,-0.0,stranded
2035,"Walmart Stores Texas, LLC",WAL3827,64939,GEN2,TX,Fort Bend,29.690142,-95.774624,0.4,15.98,NG,IC,2020,5,0.0,0.0,0.0,0.0,0.0,0.0,0.0,5.0,55.93,-63.95,0.0,0.0,-0.0,stranded
2035,"Walmart Stores Texas, LLC",WAL3827,64939,GEN3,TX,Fort Bend,29.690142,-95.774624,0.4,15.98,NG,IC,2020,5,0.0,0.0,0.0,0.0,0.0,0.0,0.0,5.0,55.93,-63.95,0.0,0.0,-0.0,stranded
2035,"Texas Microgrid, LLC",BUC00040,66561,B0401,TX,Fort Bend,29.787919,-95.799137,0.4,15.99,NG,IC,2017,8,0.0,0.0,0.0,0.0,0.0,0.0,0.0,5.0,55.97,-63.99,0.0,0.0,-0.0,stranded
2035,"Texas Microgrid, LLC",BUC00040,66561,B0402,TX,Fort Bend,29.787919,-95.799137,0.4,15.99,NG,IC,2017,8,0.0,0.0,0.0,0.0,0.0,0.0,0.0,5.0,55.97,-63.99,0.0,0.0,-0.0,stranded
2035,"Texas Microgrid, LLC",BUC00040,66561,B0403,TX,Fort Bend,29.787919,-95.799137,0.4,15.99,NG,IC,2017,8,0.0,0.0,0.0,0.0,0.0,0.0,0.0,5.0,55.97,-63.99,0.0,0.0,-0.0,stranded
2035,"Texas Microgrid, LLC",BUC00040,66561,B0404,TX,Fort Bend,29.787919,-95.799137,0.4,15.99,NG,IC,2017,8,0.0,0.0,0.0,0.0,0.0,0.0,0.0,5.0,55.97,-63.99,0.0,0.0,-0.0,stranded
2035,"Walmart Stores Texas, LLC",WAL772,64803,GEN1,TX,Harris,29.721093,-95.646224,0.4,16.2,NG,IC,2021,4,0.0,0.0,0.0,0.0,0.0,0.0,0.0,5.0,56.7,-64.72,0.0,0.0,-0.0,stranded
2035,"Walmart Stores Texas, LLC",WAL772,64803,GEN2,TX,Harris,29.721093,-95.646224,0.4,16.2,NG,IC,2021,4,0.0,0.0,0.0,0.0,0.0,0.0,0.0,5.0,56.7,-64.72,0.0,0.0,-0.0,stranded
2035,"Walmart Stores Texas, LLC",WAL772,64803,GEN3,TX,Harris,29.721093,-95.646224,0.4,16.2,NG,IC,2021,4,0.0,0.0,0.0,0.0,0.0,0.0,0.0,5.0,56.7,-64.72,0.0,0.0,-0.0,stranded
2035,"Walmart Stores Texas, LLC",WAL3425,64923,GEN1,TX,Harris,29.630428,-95.237434,0.4,16.22,NG,IC,2021,4,0.0,0.0,0.0,0.0,0.0,0.0,0.0,5.0,56.77,-64.8,0.0,0.0,-0.0,stranded
2035,"Walmart Stores Texas, LLC",WAL3425,64923,GEN2,TX,Harris,29.630428,-95.237434,0.4,16.22,NG,IC,2021,4,0.0,0.0,0.0,0.0,0.0,0.0,0.0,5.0,56.77,-64.8,0.0,0.0,-0.0,stranded
2035,"Walmart Stores Texas, LLC",WAL3425,64923,GEN3,TX,Harris,29.630428,-95.237434,0.4,16.22,NG,IC,2021,4,0.0,0.0,0.0,0.0,0.0,0.0,0.0,5.0,56.77,-64.8,0.0,0.0,-0.0,stranded
2035,"Walmart Stores Texas, LLC",WAL5612,64960,GEN1,TX,Harris,29.716069,-95.313027,0.4,16.31,NG,IC,2021,4,0.0,0.0,0.0,0.0,0.0,0.0,0.0,5.0,57.08,-65.11,0.0,0.0,-0.0,stranded
2035,"Walmart Stores Texas, LLC",WAL5612,64960,GEN2,TX,Harris,29.716069,-95.313027,0.4,16.31,NG,IC,2021,4,0.0,0.0,0.0,0.0,0.0,0.0,0.0,5.0,57.08,-65.11,0.0,0.0,-0.0,stranded
2035,"Walmart Stores Texas, LLC",WAL5612,64960,GEN3,TX,Harris,29.716069,-95.313027,0.4,16.31,NG,IC,2021,4,0.0,0.0,0.0,0.0,0.0,0.0,0.0,5.0,57.08,-65.11,0.0,0.0,-0.0,stranded
2035,"Walmart Stores Texas, LLC",WAL2993,64891,GEN1,TX,Fort Bend,29.613582,-95.644645,0.4,16.35,NG,IC,2021,4,0.0,0.0,0.0,0.0,0.0,0.0,0.0,5.0,57.23,-65.25,0.0,0.0,-0.0,stranded
2035,"Walmart Stores Texas, LLC",WAL2993,64891,GEN2,TX,Fort Bend,29.613582,-95.644645,0.4,16.35,NG,IC,2021,4,0.0,0.0,0.0,0.0,0.0,0.0,0.0,5.0,57.23,-65.25,0.0,0.0,-0.0,stranded
2035,"Walmart Stores Texas, LLC",WAL2993,64891,GEN3,TX,Fort Bend,29.613582,-95.644645,0.4,16.35,NG,IC,2021,4,0.0,0.0,0.0,0.0,0.0,0.0,0.0,5.0,57.23,-65.25,0.0,0.0,-0.0,stranded
2035,"Walmart Stores Texas, LLC",WAL3500,64925,GEN1,TX,Harris,29.80599,-95.1652,0.4,16.39,NG,IC,2021,4,0.0,0.0,0.0,0.0,0.0,0.0,0.0,5.0,57.37,-65.39,0.0,0.0,-0.0,stranded
2035,"Walmart Stores Texas, LLC",WAL3500,64925,GEN2,TX,Harris,29.80599,-95.1652,0.4,16.39,NG,IC,2021,4,0.0,0.0,0.0,0.0,0.0,0.0,0.0,5.0,57.37,-65.39,0.0,0.0,-0.0,stranded
2035,"Walmart Stores Texas, LLC",WAL3500,64925,GEN3,TX,Harris,29.80599,-95.1652,0.4,16.39,NG,IC,2021,4,0.0,0.0,0.0,0.0,0.0,0.0,0.0,5.0,57.37,-65.39,0.0,0.0,-0.0,stranded
2035,"Walmart Stores Texas, LLC",WAL504,64792,GEN1,TX,Galveston,29.26514,-94.832945,0.4,16.4,NG,IC,2022,3,0.0,0.0,0.0,0.0,0.0,0.0,0.0,5.0,57.4,-65.42,0.0,0.0,-0.0,stranded
2035,"Walmart Stores Texas, LLC",WAL504,64792,GEN2,TX,Galveston,29.26514,-94.832945,0.4,16.4,NG,IC,2022,3,0.0,0.0,0.0,0.0,0.0,0.0,0.0,5.0,57.4,-65.42,0.0,0.0,-0.0,stranded
2035,"Walmart Stores Texas, LLC",WAL504,64792,GEN3,TX,Galveston,29.26514,-94.832945,0.4,16.4,NG,IC,2022,3,0.0,0.0,0.0,0.0,0.0,0.0,0.0,5.0,57.4,-65.42,0.0,0.0,-0.0,stranded
2035,"Texas Microgrid, LLC",HEBHoustonDistributionCenter,66567,HDC10,TX,Harris,29.8397,-95.53685,0.4,16.4,NG,IC,2021,4,0.0,0.0,0.0,0.0,0.0,0.0,0.0,5.0,57.4,-65.42,0.0,0.0,-0.0,stranded
2035,"Texas Microgrid, LLC",HEBHoustonDistributionCenter,66567,HDC11,TX,Harris,29.8397,-95.53685,0.4,16.4,NG,IC,2021,4,0.0,0.0,0.0,0.0,0.0,0.0,0.0,5.0,57.4,-65.42,0.0,0.0,-0.0,stranded
2035,"Texas Microgrid, LLC",HEBHoustonDistributionCenter,66567,HDC12,TX,Harris,29.8397,-95.53685,0.4,16.4,NG,IC,2021,4,0.0,0.0,0.0,0.0,0.0,0.0,0.0,5.0,57.4,-65.42,0.0,0.0,-0.0,stranded
2035,"Texas Microgrid, LLC",HEBHoustonDistributionCenter,66567,HDC13,TX,Harris,29.8397,-95.53685,0.4,16.4,NG,IC,2021,4,0.0,0.0,0.0,0.0,0.0,0.0,0.0,5.0,57.4,-65.42,0.0,0.0,-0.0,stranded
2035,"Texas Microgrid, LLC",HEBHoustonDistributionCenter,66567,HDC14,TX,Harris,29.8397,-95.53685,0.4,16.4,NG,IC,2021,4,0.0,0.0,0.0,0.0,0.0,0.0,0.0,5.0,57.4,-65.42,0.0,0.0,-0.0,stranded
2035,"Texas Microgrid, LLC",HEBHoustonDistributionCenter,66567,HDC15,TX,Harris,29.8397,-95.53685,0.4,16.4,NG,IC,2021,4,0.0,0.0,0.0,0.0,0.0,0.0,0.0,5.0,57.4,-65.42,0.0,0.0,-0.0,stranded
2035,"Texas Microgrid, LLC",HEBHoustonDistributionCenter,66567,HDC16,TX,Harris,29.8397,-95.53685,0.4,16.4,NG,IC,2021,4,0.0,0.0,0.0,0.0,0.0,0.0,0.0,5.0,57.4,-65.42,0.0,0.0,-0.0,stranded
2035,"Texas Microgrid, LLC",HEBHoustonDistributionCenter,66567,HDC17,TX,Harris,29.8397,-95.53685,0.4,16.4,NG,IC,2021,4,0.0,0.0,0.0,0.0,0.0,0.0,0.0,5.0,57.4,-65.42,0.0,0.0,-0.0,stranded
2035,"Texas Microgrid, LLC",HEBHoustonDistributionCenter,66567,HDC18,TX,Harris,29.8397,-95.53685,0.4,16.4,NG,IC,2021,4,0.0,0.0,0.0,0.0,0.0,0.0,0.0,5.0,57.4,-65.42,0.0,0.0,-0.0,stranded
2035,"Texas Microgrid, LLC",HEBHoustonDistributionCenter,66567,HDC19,TX,Harris,29.8397,-95.53685,0.4,16.4,NG,IC,2021,4,0.0,0.0,0.0,0.0,0.0,0.0,0.0,5.0,57.4,-65.42,0.0,0.0,-0.0,stranded
2035,"Texas Microgrid, LLC",HEBHoustonDistributionCenter,66567,HDC20,TX,Harris,29.8397,-95.53685,0.4,16.4,NG,IC,2021,4,0.0,0.0,0.0,0.0,0.0,0.0,0.0,5.0,57.4,-65.42,0.0,0.0,-0.0,stranded
2035,"Texas Microgrid, LLC",HEBHoustonDistributionCenter,66567,HDC21,TX,Harris,29.8397,-95.53685,0.4,16.4,NG,IC,2021,4,0.0,0.0,0.0,0.0,0.0,0.0,0.0,5.0,57.4,-65.42,0.0,0.0,-0.0,stranded
2035,"Texas Microgrid, LLC",HEBHoustonDistributionCenter,66567,HDC22,TX,Harris,29.8397,-95.53685,0.4,16.4,NG,IC,2021,4,0.0,0.0,0.0,0.0,0.0,0.0,0.0,5.0,57.4,-65.42,0.0,0.0,-0.0,stranded
2035,"Texas Microgrid, LLC",HEBHoustonDistributionCenter,66567,HDC23,TX,Harris,29.8397,-95.53685,0.4,16.4,NG,IC,2021,4,0.0,0.0,0.0,0.0,0.0,0.0,0.0,5.0,57.4,-65.42,0.0,0.0,-0.0,stranded
2035,"Texas Microgrid, LLC",HEBHoustonDistributionCenter,66567,HDC24,TX,Harris,29.8397,-95.53685,0.4,16.4,NG,IC,2021,4,0.0,0.0,0.0,0.0,0.0,0.0,0.0,5.0,57.4,-65.42,0.0,0.0,-0.0,stranded
2035,"Texas Microgrid, LLC",HEBHoustonDistributionCenter,66567,HDC25,TX,Harris,29.8397,-95.53685,0.4,16.4,NG,IC,2021,4,0.0,0.0,0.0,0.0,0.0,0.0,0.0,5.0,57.4,-65.42,0.0,0.0,-0.0,stranded
2035,"Texas Microgrid, LLC",HEBHoustonDistributionCenter,66567,HDC26,TX,Harris,29.8397,-95.53685,0.4,16.4,NG,IC,2021,4,0.0,0.0,0.0,0.0,0.0,0.0,0.0,5.0,57.4,-65.42,0.0,0.0,-0.0,stranded
2035,"Texas Microgrid, LLC",HEBHoustonDistributionCenter,66567,HDC27,TX,Harris,29.8397,-95.53685,0.4,16.4,NG,IC,2021,4,0.0,0.0,0.0,0.0,0.0,0.0,0.0,5.0,57.4,-65.42,0.0,0.0,-0.0,stranded
2035,"Texas Microgrid, LLC",HEBHoustonDistributionCenter,66567,HDC28,TX,Harris,29.8397,-95.53685,0.4,16.4,NG,IC,2021,4,0.0,0.0,0.0,0.0,0.0,0.0,0.0,5.0,57.4,-65.42,0.0,0.0,-0.0,stranded
2035,"Texas Microgrid, LLC",HEBHoustonDistributionCenter,66567,HDC29,TX,Harris,29.8397,-95.53685,0.4,16.4,NG,IC,2021,4,0.0,0.0,0.0,0.0,0.0,0.0,0.0,5.0,57.4,-65.42,0.0,0.0,-0.0,stranded
2035,"Texas Microgrid, LLC",HEBHoustonDistributionCenter,66567,HDC30,TX,Harris,29.8397,-95.53685,0.4,16.4,NG,IC,2021,4,0.0,0.0,0.0,0.0,0.0,0.0,0.0,5.0,57.4,-65.42,0.0,0.0,-0.0,stranded
2035,"Texas Microgrid, LLC",HEBHoustonDistributionCenter,66567,HDC31,TX,Harris,29.8397,-95.53685,0.4,16.4,NG,IC,2021,4,0.0,0.0,0.0,0.0,0.0,0.0,0.0,5.0,57.4,-65.42,0.0,0.0,-0.0,stranded
2035,"Texas Microgrid, LLC",HEBHoustonDistributionCenter,66567,HDC32,TX,Harris,29.8397,-95.53685,0.4,16.4,NG,IC,2021,4,0.0,0.0,0.0,0.0,0.0,0.0,0.0,5.0,57.4,-65.42,0.0,0.0,-0.0,stranded
2035,"Texas Microgrid, LLC",HEBHoustonDistributionCenter,66567,HHDC1,TX,Harris,29.8397,-95.53685,0.4,16.4,NG,IC,2021,4,0.0,0.0,0.0,0.0,0.0,0.0,0.0,5.0,57.4,-65.42,0.0,0.0,-0.0,stranded
2035,"Texas Microgrid, LLC",HEBHoustonDistributionCenter,66567,HHDC2,TX,Harris,29.8397,-95.53685,0.4,16.4,NG,IC,2021,4,0.0,0.0,0.0,0.0,0.0,0.0,0.0,5.0,57.4,-65.42,0.0,0.0,-0.0,stranded
2035,"Texas Microgrid, LLC",HEBHoustonDistributionCenter,66567,HHDC3,TX,Harris,29.8397,-95.53685,0.4,16.4,NG,IC,2021,4,0.0,0.0,0.0,0.0,0.0,0.0,0.0,5.0,57.4,-65.42,0.0,0.0,-0.0,stranded
2035,"Texas Microgrid, LLC",HEBHoustonDistributionCenter,66567,HHDC4,TX,Harris,29.8397,-95.53685,0.4,16.4,NG,IC,2021,4,0.0,0.0,0.0,0.0,0.0,0.0,0.0,5.0,57.4,-65.42,0.0,0.0,-0.0,stranded
2035,"Texas Microgrid, LLC",HEBHoustonDistributionCenter,66567,HHDC5,TX,Harris,29.8397,-95.53685,0.4,16.4,NG,IC,2021,4,0.0,0.0,0.0,0.0,0.0,0.0,0.0,5.0,57.4,-65.42,0.0,0.0,-0.0,stranded
2035,"Texas Microgrid, LLC",HEBHoustonDistributionCenter,66567,HHDC6,TX,Harris,29.8397,-95.53685,0.4,16.4,NG,IC,2021,4,0.0,0.0,0.0,0.0,0.0,0.0,0.0,5.0,57.4,-65.42,0.0,0.0,-0.0,stranded
2035,"Texas Microgrid, LLC",HEBHoustonDistributionCenter,66567,HHDC7,TX,Harris,29.8397,-95.53685,0.4,16.4,NG,IC,2021,4,0.0,0.0,0.0,0.0,0.0,0.0,0.0,5.0,57.4,-65.42,0.0,0.0,-0.0,stranded
2035,"Texas Microgrid, LLC",HEBHoustonDistributionCenter,66567,HHDC8,TX,Harris,29.8397,-95.53685,0.4,16.4,NG,IC,2021,4,0.0,0.0,0.0,0.0,0.0,0.0,0.0,5.0,57.4,-65.42,0.0,0.0,-0.0,stranded
2035,"Texas Microgrid, LLC",HEBHoustonDistributionCenter,66567,HHDC9,TX,Harris,29.8397,-95.53685,0.4,16.4,NG,IC,2021,4,0.0,0.0,0.0,0.0,0.0,0.0,0.0,5.0,57.4,-65.42,0.0,0.0,-0.0,stranded
2035,"Generate ER-NG, LLC",HEB00776,67312,H7761,TX,Harris,29.803572,-95.760533,0.4,16.42,NG,IC,2022,3,0.0,0.0,0.0,0.0,0.0,0.0,0.0,5.0,57.47,-65.5,0.0,0.0,-0.0,stranded
2035,"Generate ER-NG, LLC",HEB00776,67312,H7762,TX,Harris,29.803572,-95.760533,0.4,16.42,NG,IC,2022,3,0.0,0.0,0.0,0.0,0.0,0.0,0.0,5.0,57.47,-65.5,0.0,0.0,-0.0,stranded
2035,"Generate ER-NG, LLC",HEB00776,67312,H7763,TX,Harris,29.803572,-95.760533,0.4,16.42,NG,IC,2022,3,0.0,0.0,0.0,0.0,0.0,0.0,0.0,5.0,57.47,-65.5,0.0,0.0,-0.0,stranded
2035,"Generate ER-NG, LLC",HEB00779,68731,H7791,TX,Harris,29.682168,-95.354467,0.4,16.42,NG,IC,2024,1,0.0,0.0,0.0,0.0,0.0,0.0,0.0,5.0,57.47,-65.5,0.0,0.0,-0.0,stranded
2035,"Generate ER-NG, LLC",HEB00779,68731,H7792,TX,Harris,29.682168,-95.354467,0.4,16.42,NG,IC,2024,1,0.0,0.0,0.0,0.0,0.0,0.0,0.0,5.0,57.47,-65.5,0.0,0.0,-0.0,stranded
2035,"Generate ER-NG, LLC",HEB00779,68731,H7793,TX,Harris,29.682168,-95.354467,0.4,16.42,NG,IC,2024,1,0.0,0.0,0.0,0.0,0.0,0.0,0.0,5.0,57.47,-65.5,0.0,0.0,-0.0,stranded
2035,"Generate ER-NG, LLC",RavenChem,66597,RAVC1,TX,Harris,29.820648,-94.913987,0.4,16.6,NG,IC,2021,4,0.0,0.0,0.0,0.0,0.0,0.0,0.0,5.0,58.1,-66.13,0.0,0.0,-0.0,stranded
2035,"Generate ER-NG, LLC",RavenChem,66597,RAVC2,TX,Harris,29.820648,-94.913987,0.4,16.6,NG,IC,2021,4,0.0,0.0,0.0,0.0,0.0,0.0,0.0,5.0,58.1,-66.13,0.0,0.0,-0.0,stranded
2035,"Generate ER-NG, LLC",RavenChem,66597,RAVC3,TX,Harris,29.820648,-94.913987,0.4,16.6,NG,IC,2021,4,0.0,0.0,0.0,0.0,0.0,0.0,0.0,5.0,58.1,-66.13,0.0,0.0,-0.0,stranded
2035,"Generate ER-NG, LLC",RavenChem,66597,RAVC4,TX,Harris,29.820648,-94.913987,0.4,16.6,NG,IC,2021,4,0.0,0.0,0.0,0.0,0.0,0.0,0.0,5.0,58.1,-66.13,0.0,0.0,-0.0,stranded
2035,"Generate ER-NG, LLC",RavenChem,66597,RAVC5,TX,Harris,29.820648,-94.913987,0.4,16.6,NG,IC,2021,4,0.0,0.0,0.0,0.0,0.0,0.0,0.0,5.0,58.1,-66.13,0.0,0.0,-0.0,stranded
2035,"Generate ER-NG, LLC",RavenChem,66597,RAVC6,TX,Harris,29.820648,-94.913987,0.4,16.6,NG,IC,2021,4,0.0,0.0,0.0,0.0,0.0,0.0,0.0,5.0,58.1,-66.13,0.0,0.0,-0.0,stranded
2035,"Generate ER-NG, LLC",RavenChem,66597,RAVC7,TX,Harris,29.820648,-94.913987,0.4,16.6,NG,IC,2021,4,0.0,0.0,0.0,0.0,0.0,0.0,0.0,5.0,58.1,-66.13,0.0,0.0,-0.0,stranded
2035,"Generate ER-NG, LLC",RavenChem,66597,RAVC8,TX,Harris,29.820648,-94.913987,0.4,16.6,NG,IC,2021,4,0.0,0.0,0.0,0.0,0.0,0.0,0.0,5.0,58.1,-66.13,0.0,0.0,-0.0,stranded
2035,City of Bryan - (TX),Bryan (TX),3561,7,TX,Brazos,30.64741,-96.372316,22.0,16.61,NG,GT,1975,50,0.0,0.0,0.0,0.0,0.0,0.0,0.0,5.0,58.13,-66.16,0.0,0.0,-0.0,stranded
2035,"Generate ER-NG, LLC",HEB00797,68732,H7971,TX,Harris,29.817229,-95.80365,0.4,16.75,NG,IC,2024,1,0.0,0.0,0.0,0.0,0.0,0.0,0.0,5.0,58.62,-66.65,0.0,0.0,-0.0,stranded
2035,"Generate ER-NG, LLC",HEB00797,68732,H7972,TX,Harris,29.817229,-95.80365,0.4,16.75,NG,IC,2024,1,0.0,0.0,0.0,0.0,0.0,0.0,0.0,5.0,58.62,-66.65,0.0,0.0,-0.0,stranded
2035,"Generate ER-NG, LLC",HEB00797,68732,H7973,TX,Harris,29.817229,-95.80365,0.4,16.75,NG,IC,2024,1,0.0,0.0,0.0,0.0,0.0,0.0,0.0,5.0,58.62,-66.65,0.0,0.0,-0.0,stranded
2035,"Generate ER-NG, LLC",HEB00798,68733,H7981,TX,Harris,29.957375,-95.207348,0.4,16.87,NG,IC,2024,1,0.0,0.0,0.0,0.0,0.0,0.0,0.0,5.0,59.05,-67.07,0.0,0.0,-0.0,stranded
2035,"Generate ER-NG, LLC",HEB00798,68733,H7982,TX,Harris,29.957375,-95.207348,0.4,16.87,NG,IC,2024,1,0.0,0.0,0.0,0.0,0.0,0.0,0.0,5.0,59.05,-67.07,0.0,0.0,-0.0,stranded
2035,"Generate ER-NG, LLC",HEB00798,68733,H7983,TX,Harris,29.957375,-95.207348,0.4,16.87,NG,IC,2024,1,0.0,0.0,0.0,0.0,0.0,0.0,0.0,5.0,59.05,-67.07,0.0,0.0,-0.0,stranded
2035,"Texas Microgrid, LLC",HEBTEMDistCenter1B,68735,HT1B1,TX,Bell,31.152387,-97.361183,0.4,17.04,NG,IC,2024,1,0.0,0.0,0.0,0.0,0.0,0.0,0.0,5.0,59.64,-67.67,0.0,0.0,-0.0,stranded
2035,"Texas Microgrid, LLC",HEBTEMDistCenter1B,68735,HT1B2,TX,Bell,31.152387,-97.361183,0.4,17.04,NG,IC,2024,1,0.0,0.0,0.0,0.0,0.0,0.0,0.0,5.0,59.64,-67.67,0.0,0.0,-0.0,stranded
2035,"Texas Microgrid, LLC",HEBTEMDistCenter1B,68735,HT1B3,TX,Bell,31.152387,-97.361183,0.4,17.04,NG,IC,2024,1,0.0,0.0,0.0,0.0,0.0,0.0,0.0,5.0,59.64,-67.67,0.0,0.0,-0.0,stranded
2035,"Texas Microgrid, LLC",HEBTEMDistCenter1B,68735,HT1B4,TX,Bell,31.152387,-97.361183,0.4,17.04,NG,IC,2024,1,0.0,0.0,0.0,0.0,0.0,0.0,0.0,5.0,59.64,-67.67,0.0,0.0,-0.0,stranded
2035,"Texas Microgrid, LLC",HEBTEMDistCenter2A,68736,HT2A1,TX,Bell,31.152387,-97.361183,0.4,17.04,NG,IC,2024,1,0.0,0.0,0.0,0.0,0.0,0.0,0.0,5.0,59.64,-67.67,0.0,0.0,-0.0,stranded
2035,"Texas Microgrid, LLC",HEBTEMDistCenter2A,68736,HT2A2,TX,Bell,31.152387,-97.361183,0.4,17.04,NG,IC,2024,1,0.0,0.0,0.0,0.0,0.0,0.0,0.0,5.0,59.64,-67.67,0.0,0.0,-0.0,stranded
2035,"Texas Microgrid, LLC",HEBTEMDistCenter2A,68736,HT2A3,TX,Bell,31.152387,-97.361183,0.4,17.04,NG,IC,2024,1,0.0,0.0,0.0,0.0,0.0,0.0,0.0,5.0,59.64,-67.67,0.0,0.0,-0.0,stranded
2035,"Texas Microgrid, LLC",HEBTEMDistCenter2A,68736,HT2A4,TX,Bell,31.152387,-97.361183,0.4,17.04,NG,IC,2024,1,0.0,0.0,0.0,0.0,0.0,0.0,0.0,5.0,59.64,-67.67,0.0,0.0,-0.0,stranded
2035,"Texas Microgrid, LLC",HEBTEMDistCenter2A,68736,HT2A5,TX,Bell,31.152387,-97.361183,0.4,17.04,NG,IC,2024,1,0.0,0.0,0.0,0.0,0.0,0.0,0.0,5.0,59.64,-67.67,0.0,0.0,-0.0,stranded
2035,"Texas Microgrid, LLC",HEBTEMDistCenter2A,68736,HT2A6,TX,Bell,31.152387,-97.361183,0.4,17.04,NG,IC,2024,1,0.0,0.0,0.0,0.0,0.0,0.0,0.0,5.0,59.64,-67.67,0.0,0.0,-0.0,stranded
2035,"Texas Microgrid, LLC",HEBTEMDistCenter2A,68736,HT2A7,TX,Bell,31.152387,-97.361183,0.4,17.04,NG,IC,2024,1,0.0,0.0,0.0,0.0,0.0,0.0,0.0,5.0,59.64,-67.67,0.0,0.0,-0.0,stranded
2035,"Texas Microgrid, LLC",HEBTEMDistCenter2A,68736,HT2A8,TX,Bell,31.152387,-97.361183,0.4,17.04,NG,IC,2024,1,0.0,0.0,0.0,0.0,0.0,0.0,0.0,5.0,59.64,-67.67,0.0,0.0,-0.0,stranded
2035,"Texas Microgrid, LLC",HEBTEMDistCenter,67317,HTE10,TX,Bell,31.152387,-97.361183,0.4,17.04,NG,IC,2023,2,0.0,0.0,0.0,0.0,0.0,0.0,0.0,5.0,59.64,-67.67,0.0,0.0,-0.0,stranded
2035,"Texas Microgrid, LLC",HEBTEMDistCenter,67317,HTE11,TX,Bell,31.152387,-97.361183,0.4,17.04,NG,IC,2023,2,0.0,0.0,0.0,0.0,0.0,0.0,0.0,5.0,59.64,-67.67,0.0,0.0,-0.0,stranded
2035,"Texas Microgrid, LLC",HEBTEMDistCenter,67317,HTE12,TX,Bell,31.152387,-97.361183,0.4,17.04,NG,IC,2023,2,0.0,0.0,0.0,0.0,0.0,0.0,0.0,5.0,59.64,-67.67,0.0,0.0,-0.0,stranded
2035,"Texas Microgrid, LLC",HEBTEMDistCenter,67317,HTEM1,TX,Bell,31.152387,-97.361183,0.4,17.04,NG,IC,2023,2,0.0,0.0,0.0,0.0,0.0,0.0,0.0,5.0,59.64,-67.67,0.0,0.0,-0.0,stranded
2035,"Texas Microgrid, LLC",HEBTEMDistCenter,67317,HTEM2,TX,Bell,31.152387,-97.361183,0.4,17.04,NG,IC,2023,2,0.0,0.0,0.0,0.0,0.0,0.0,0.0,5.0,59.64,-67.67,0.0,0.0,-0.0,stranded
2035,"Texas Microgrid, LLC",HEBTEMDistCenter,67317,HTEM3,TX,Bell,31.152387,-97.361183,0.4,17.04,NG,IC,2023,2,0.0,0.0,0.0,0.0,0.0,0.0,0.0,5.0,59.64,-67.67,0.0,0.0,-0.0,stranded
2035,"Texas Microgrid, LLC",HEBTEMDistCenter,67317,HTEM4,TX,Bell,31.152387,-97.361183,0.4,17.04,NG,IC,2023,2,0.0,0.0,0.0,0.0,0.0,0.0,0.0,5.0,59.64,-67.67,0.0,0.0,-0.0,stranded
2035,"Texas Microgrid, LLC",HEBTEMDistCenter,67317,HTEM5,TX,Bell,31.152387,-97.361183,0.4,17.04,NG,IC,2023,2,0.0,0.0,0.0,0.0,0.0,0.0,0.0,5.0,59.64,-67.67,0.0,0.0,-0.0,stranded
2035,"Texas Microgrid, LLC",HEBTEMDistCenter,67317,HTEM6,TX,Bell,31.152387,-97.361183,0.4,17.04,NG,IC,2023,2,0.0,0.0,0.0,0.0,0.0,0.0,0.0,5.0,59.64,-67.67,0.0,0.0,-0.0,stranded
2035,"Texas Microgrid, LLC",HEBTEMDistCenter,67317,HTEM7,TX,Bell,31.152387,-97.361183,0.4,17.04,NG,IC,2023,2,0.0,0.0,0.0,0.0,0.0,0.0,0.0,5.0,59.64,-67.67,0.0,0.0,-0.0,stranded
2035,"Texas Microgrid, LLC",HEBTEMDistCenter,67317,HTEM8,TX,Bell,31.152387,-97.361183,0.4,17.04,NG,IC,2023,2,0.0,0.0,0.0,0.0,0.0,0.0,0.0,5.0,59.64,-67.67,0.0,0.0,-0.0,stranded
2035,"Texas Microgrid, LLC",HEBTEMDistCenter,67317,HTEM9,TX,Bell,31.152387,-97.361183,0.4,17.04,NG,IC,2023,2,0.0,0.0,0.0,0.0,0.0,0.0,0.0,5.0,59.64,-67.67,0.0,0.0,-0.0,stranded
2035,"Walmart Stores Texas, LLC",WAL4538,64946,GEN1,TX,Harris,29.803665,-95.72045,0.4,17.08,NG,IC,2019,6,0.0,0.0,0.0,0.0,0.0,0.0,0.0,5.0,59.78,-67.81,0.0,0.0,-0.0,stranded
2035,"Walmart Stores Texas, LLC",WAL4538,64946,GEN2,TX,Harris,29.803665,-95.72045,0.4,17.08,NG,IC,2019,6,0.0,0.0,0.0,0.0,0.0,0.0,0.0,5.0,59.78,-67.81,0.0,0.0,-0.0,stranded
2035,"Walmart Stores Texas, LLC",WAL4538,64946,GEN3,TX,Harris,29.803665,-95.72045,0.4,17.08,NG,IC,2019,6,0.0,0.0,0.0,0.0,0.0,0.0,0.0,5.0,59.78,-67.81,0.0,0.0,-0.0,stranded
2035,"Generate ER-NG, LLC",HEB00767,67434,H7671,TX,Montgomery,30.221151,-95.681969,0.4,17.09,NG,IC,2022,3,0.0,0.0,0.0,0.0,0.0,0.0,0.0,5.0,59.81,-67.84,0.0,0.0,-0.0,stranded
2035,"Generate ER-NG, LLC",HEB00767,67434,H7672,TX,Montgomery,30.221151,-95.681969,0.4,17.09,NG,IC,2022,3,0.0,0.0,0.0,0.0,0.0,0.0,0.0,5.0,59.81,-67.84,0.0,0.0,-0.0,stranded
2035,"Generate ER-NG, LLC",HEB00767,67434,H7673,TX,Montgomery,30.221151,-95.681969,0.4,17.09,NG,IC,2022,3,0.0,0.0,0.0,0.0,0.0,0.0,0.0,5.0,59.81,-67.84,0.0,0.0,-0.0,stranded
2035,"Generate ER-NG, LLC",HEB00760,67311,H7601,TX,Brazoria,29.487596,-95.405161,0.4,17.11,NG,IC,2023,2,0.0,0.0,0.0,0.0,0.0,0.0,0.0,5.0,59.88,-67.91,0.0,0.0,-0.0,stranded
2035,"Generate ER-NG, LLC",HEB00760,67311,H7602,TX,Brazoria,29.487596,-95.405161,0.4,17.11,NG,IC,2023,2,0.0,0.0,0.0,0.0,0.0,0.0,0.0,5.0,59.88,-67.91,0.0,0.0,-0.0,stranded
2035,"Generate ER-NG, LLC",HEB00760,67311,H7603,TX,Brazoria,29.487596,-95.405161,0.4,17.11,NG,IC,2023,2,0.0,0.0,0.0,0.0,0.0,0.0,0.0,5.0,59.88,-67.91,0.0,0.0,-0.0,stranded
2035,"Walmart Stores Texas, LLC",WAL752,64801,GEN1,TX,Harris,29.64662,-95.161425,0.4,17.46,NG,IC,2020,5,0.0,0.0,0.0,0.0,0.0,0.0,0.0,5.0,61.11,-69.14,0.0,0.0,-0.0,stranded
2035,"Walmart Stores Texas, LLC",WAL752,64801,GEN2,TX,Harris,29.64662,-95.161425,0.4,17.46,NG,IC,2020,5,0.0,0.0,0.0,0.0,0.0,0.0,0.0,5.0,61.11,-69.14,0.0,0.0,-0.0,stranded
2035,"Walmart Stores Texas, LLC",WAL752,64801,GEN3,TX,Harris,29.64662,-95.161425,0.4,17.46,NG,IC,2020,5,0.0,0.0,0.0,0.0,0.0,0.0,0.0,5.0,61.11,-69.14,0.0,0.0,-0.0,stranded
2035,"Walmart Stores Texas, LLC",WAL3432,64924,GEN1,TX,Dallas,32.592923,-96.879836,0.4,17.53,NG,IC,2021,4,0.0,0.0,0.0,0.0,0.0,0.0,0.0,5.0,61.36,-69.38,0.0,0.0,-0.0,stranded
2035,"Walmart Stores Texas, LLC",WAL3432,64924,GEN2,TX,Dallas,32.592923,-96.879836,0.4,17.53,NG,IC,2021,4,0.0,0.0,0.0,0.0,0.0,0.0,0.0,5.0,61.36,-69.38,0.0,0.0,-0.0,stranded
2035,"Walmart Stores Texas, LLC",WAL3432,64924,GEN3,TX,Dallas,32.592923,-96.879836,0.4,17.53,NG,IC,2021,4,0.0,0.0,0.0,0.0,0.0,0.0,0.0,5.0,61.36,-69.38,0.0,0.0,-0.0,stranded
2035,"Walmart Stores Texas, LLC",WAL768,64802,GEN1,TX,Harris,29.789117,-95.722232,0.4,17.55,NG,IC,2019,6,0.0,0.0,0.0,0.0,0.0,0.0,0.0,5.0,61.43,-69.45,0.0,0.0,-0.0,stranded
2035,"Walmart Stores Texas, LLC",WAL768,64802,GEN2,TX,Harris,29.789117,-95.722232,0.4,17.55,NG,IC,2019,6,0.0,0.0,0.0,0.0,0.0,0.0,0.0,5.0,61.43,-69.45,0.0,0.0,-0.0,stranded
2035,"Walmart Stores Texas, LLC",WAL768,64802,GEN3,TX,Harris,29.789117,-95.722232,0.4,17.55,NG,IC,2019,6,0.0,0.0,0.0,0.0,0.0,0.0,0.0,5.0,61.43,-69.45,0.0,0.0,-0.0,stranded
2035,Equistar Chemicals LP,Corpus Christi,50475,GEN1,TX,Nueces,27.811083,-97.595813,41.0,17.73,NG,GT,1989,36,0.0,0.0,0.0,0.0,0.0,0.0,0.0,5.0,62.05,-70.08,0.0,0.0,-0.0,stranded
2035,Entergy Texas Inc.,HEB00048,66593,H0481,TX,Jefferson,30.106498,-94.170414,0.4,17.92,NG,IC,2021,4,0.0,0.0,0.0,0.0,0.0,0.0,0.0,5.0,62.72,-70.75,0.0,0.0,-0.0,stranded
2035,Entergy Texas Inc.,HEB00048,66593,H0482,TX,Jefferson,30.106498,-94.170414,0.4,17.92,NG,IC,2021,4,0.0,0.0,0.0,0.0,0.0,0.0,0.0,5.0,62.72,-70.75,0.0,0.0,-0.0,stranded
2035,Entergy Texas Inc.,HEB00048,66593,H0483,TX,Jefferson,30.106498,-94.170414,0.4,17.92,NG,IC,2021,4,0.0,0.0,0.0,0.0,0.0,0.0,0.0,5.0,62.72,-70.75,0.0,0.0,-0.0,stranded
2035,Luminant Generation Company LLC,DeCordova Steam Electric Station,8063,CT1,TX,Hood,32.403056,-97.700556,89.4,18.19,NG,GT,1990,35,0.0,0.0,0.0,0.0,0.0,0.0,0.0,5.0,63.67,-71.69,0.0,0.0,-0.0,stranded
2035,Luminant Generation Company LLC,DeCordova Steam Electric Station,8063,CT2,TX,Hood,32.403056,-97.700556,89.4,18.19,NG,GT,1990,35,0.0,0.0,0.0,0.0,0.0,0.0,0.0,5.0,63.67,-71.69,0.0,0.0,-0.0,stranded
2035,Luminant Generation Company LLC,DeCordova Steam Electric Station,8063,CT3,TX,Hood,32.403056,-97.700556,89.4,18.19,NG,GT,1990,35,0.0,0.0,0.0,0.0,0.0,0.0,0.0,5.0,63.67,-71.69,0.0,0.0,-0.0,stranded
2035,Luminant Generation Company LLC,DeCordova Steam Electric Station,8063,CT4,TX,Hood,32.403056,-97.700556,89.4,18.19,NG,GT,1990,35,0.0,0.0,0.0,0.0,0.0,0.0,0.0,5.0,63.67,-71.69,0.0,0.0,-0.0,stranded
2035,Petra Nova Power I LLC,Petra Nova Carbon Capture Cogen,58378,GT2,TX,Fort Bend,29.475278,-95.634167,82.2,19.4,NG,GT,2013,12,0.0,0.0,0.0,0.0,0.0,0.0,0.0,5.0,67.9,-75.92,0.0,0.0,-0.0,stranded
2035,City of Greenville - (TX),Powerlane Plant,4195,ST1,TX,Hunt,33.1707,-96.1264,18.8,21.07,NG,ST,1966,59,0.0,0.0,0.0,0.0,0.0,0.0,0.0,3.5,73.75,-79.28,0.0,0.0,-0.0,stranded
2035,City of Greenville - (TX),Powerlane Plant,4195,EP,TX,Hunt,33.1707,-96.1264,8.4,21.07,NG,IC,2010,15,0.0,0.0,0.0,0.0,0.0,0.0,0.0,5.0,73.75,-81.77,0.0,0.0,-0.0,stranded
2035,City of Greenville - (TX),Powerlane Plant,4195,EP2,TX,Hunt,33.1707,-96.1264,8.4,21.07,NG,IC,2010,15,0.0,0.0,0.0,0.0,0.0,0.0,0.0,5.0,73.75,-81.77,0.0,0.0,-0.0,stranded
2035,City of Greenville - (TX),Powerlane Plant,4195,EP3,TX,Hunt,33.1707,-96.1264,8.4,21.07,NG,IC,2010,15,0.0,0.0,0.0,0.0,0.0,0.0,0.0,5.0,73.75,-81.77,0.0,0.0,-0.0,stranded
2035,State Farm Mutual Auto Ins Co,State Farm Insur Support Center Central,55390,2A,TX,Dallas,32.9192,-96.9894,1.8,8.9,DFO,IC,1998,27,0.0,0.0,0.0,0.0,0.0,0.0,0.0,6.0,93.45,-103.03,0.0,0.0,-0.0,stranded
2035,State Farm Mutual Auto Ins Co,State Farm Insur Support Center Central,55390,2B,TX,Dallas,32.9192,-96.9894,1.8,8.9,DFO,IC,1998,27,0.0,0.0,0.0,0.0,0.0,0.0,0.0,6.0,93.45,-103.03,0.0,0.0,-0.0,stranded
2035,State Farm Mutual Auto Ins Co,State Farm Insur Support Center Central,55390,3A,TX,Dallas,32.9192,-96.9894,1.8,8.9,DFO,IC,1998,27,0.0,0.0,0.0,0.0,0.0,0.0,0.0,6.0,93.45,-103.03,0.0,0.0,-0.0,stranded
2035,State Farm Mutual Auto Ins Co,State Farm Insur Support Center Central,55390,3B,TX,Dallas,32.9192,-96.9894,1.8,8.9,DFO,IC,1998,27,0.0,0.0,0.0,0.0,0.0,0.0,0.0,6.0,93.45,-103.03,0.0,0.0,-0.0,stranded
2035,State Farm Mutual Auto Ins Co,State Farm Insur Support Center Central,55390,4A,TX,Dallas,32.9192,-96.9894,1.8,8.9,DFO,IC,1998,27,0.0,0.0,0.0,0.0,0.0,0.0,0.0,6.0,93.45,-103.03,0.0,0.0,-0.0,stranded
2035,State Farm Mutual Auto Ins Co,State Farm Insur Support Center Central,55390,4B,TX,Dallas,32.9192,-96.9894,1.8,8.9,DFO,IC,1998,27,0.0,0.0,0.0,0.0,0.0,0.0,0.0,6.0,93.45,-103.03,0.0,0.0,-0.0,stranded
2035,"Walmart Stores Texas, LLC",WAL5311,64954,GEN1,TX,Collin,33.216844,-96.735704,1.3,9.14,DFO,IC,2020,5,0.0,0.0,0.0,0.0,0.0,0.0,0.0,6.0,95.97,-105.55,0.0,0.0,-0.0,stranded
2035,"Walmart Stores Texas, LLC",WAL3777,64938,GEN1,TX,Denton,33.179721,-96.883994,1.3,9.19,DFO,IC,2020,5,0.0,0.0,0.0,0.0,0.0,0.0,0.0,6.0,96.49,-106.07,0.0,0.0,-0.0,stranded
2035,"Power Depot Group A, LLC",E. Porte Ct.,65539,EPC1,TX,Cameron,26.19208,-97.664239,0.6,9.2,DFO,IC,2013,12,0.0,0.0,0.0,0.0,0.0,0.0,0.0,6.0,96.6,-106.17,0.0,0.0,-0.0,stranded
2035,"Power Depot Group A, LLC",E. Porte Ct.,65539,EPC10,TX,Cameron,26.19208,-97.664239,0.6,9.2,DFO,IC,2013,12,0.0,0.0,0.0,0.0,0.0,0.0,0.0,6.0,96.6,-106.17,0.0,0.0,-0.0,stranded
2035,"Power Depot Group A, LLC",E. Porte Ct.,65539,EPC11,TX,Cameron,26.19208,-97.664239,0.6,9.2,DFO,IC,2013,12,0.0,0.0,0.0,0.0,0.0,0.0,0.0,6.0,96.6,-106.17,0.0,0.0,-0.0,stranded
2035,"Power Depot Group A, LLC",E. Porte Ct.,65539,EPC12,TX,Cameron,26.19208,-97.664239,0.6,9.2,DFO,IC,2013,12,0.0,0.0,0.0,0.0,0.0,0.0,0.0,6.0,96.6,-106.17,0.0,0.0,-0.0,stranded
2035,"Power Depot Group A, LLC",E. Porte Ct.,65539,EPC13,TX,Cameron,26.19208,-97.664239,0.6,9.2,DFO,IC,2013,12,0.0,0.0,0.0,0.0,0.0,0.0,0.0,6.0,96.6,-106.17,0.0,0.0,-0.0,stranded
2035,"Power Depot Group A, LLC",E. Porte Ct.,65539,EPC14,TX,Cameron,26.19208,-97.664239,0.6,9.2,DFO,IC,2013,12,0.0,0.0,0.0,0.0,0.0,0.0,0.0,6.0,96.6,-106.17,0.0,0.0,-0.0,stranded
2035,"Power Depot Group A, LLC",E. Porte Ct.,65539,EPC15,TX,Cameron,26.19208,-97.664239,0.6,9.2,DFO,IC,2013,12,0.0,0.0,0.0,0.0,0.0,0.0,0.0,6.0,96.6,-106.17,0.0,0.0,-0.0,stranded
2035,"Power Depot Group A, LLC",E. Porte Ct.,65539,EPC2,TX,Cameron,26.19208,-97.664239,0.6,9.2,DFO,IC,2013,12,0.0,0.0,0.0,0.0,0.0,0.0,0.0,6.0,96.6,-106.17,0.0,0.0,-0.0,stranded
2035,"Power Depot Group A, LLC",E. Porte Ct.,65539,EPC3,TX,Cameron,26.19208,-97.664239,0.6,9.2,DFO,IC,2013,12,0.0,0.0,0.0,0.0,0.0,0.0,0.0,6.0,96.6,-106.17,0.0,0.0,-0.0,stranded
2035,"Power Depot Group A, LLC",E. Porte Ct.,65539,EPC4,TX,Cameron,26.19208,-97.664239,0.6,9.2,DFO,IC,2013,12,0.0,0.0,0.0,0.0,0.0,0.0,0.0,6.0,96.6,-106.17,0.0,0.0,-0.0,stranded
2035,"Power Depot Group A, LLC",E. Porte Ct.,65539,EPC5,TX,Cameron,26.19208,-97.664239,0.6,9.2,DFO,IC,2013,12,0.0,0.0,0.0,0.0,0.0,0.0,0.0,6.0,96.6,-106.17,0.0,0.0,-0.0,stranded
2035,"Power Depot Group A, LLC",E. Porte Ct.,65539,EPC6,TX,Cameron,26.19208,-97.664239,0.6,9.2,DFO,IC,2013,12,0.0,0.0,0.0,0.0,0.0,0.0,0.0,6.0,96.6,-106.17,0.0,0.0,-0.0,stranded
2035,"Power Depot Group A, LLC",E. Porte Ct.,65539,EPC7,TX,Cameron,26.19208,-97.664239,0.6,9.2,DFO,IC,2013,12,0.0,0.0,0.0,0.0,0.0,0.0,0.0,6.0,96.6,-106.17,0.0,0.0,-0.0,stranded
2035,"Power Depot Group A, LLC",E. Porte Ct.,65539,EPC8,TX,Cameron,26.19208,-97.664239,0.6,9.2,DFO,IC,2013,12,0.0,0.0,0.0,0.0,0.0,0.0,0.0,6.0,96.6,-106.17,0.0,0.0,-0.0,stranded
2035,"Power Depot Group A, LLC",E. Porte Ct.,65539,EPC9,TX,Cameron,26.19208,-97.664239,0.6,9.2,DFO,IC,2013,12,0.0,0.0,0.0,0.0,0.0,0.0,0.0,6.0,96.6,-106.17,0.0,0.0,-0.0,stranded
2035,"Walmart Stores Texas, LLC",WAL5211,64952,GEN1,TX,Collin,33.156306,-96.682687,1.3,9.28,DFO,IC,2020,5,0.0,0.0,0.0,0.0,0.0,0.0,0.0,6.0,97.44,-107.02,0.0,0.0,-0.0,stranded
2035,"Power Depot Group A, LLC",Tumbleweed,65578,TWD1,TX,Andrews,32.35123,-102.5577,0.6,9.44,DFO,IC,2013,12,0.0,0.0,0.0,0.0,0.0,0.0,0.0,6.0,99.12,-108.69,0.0,0.0,-0.0,stranded
2035,"Power Depot Group A, LLC",Tumbleweed,65578,TWD10,TX,Andrews,32.35123,-102.5577,0.6,9.44,DFO,IC,2013,12,0.0,0.0,0.0,0.0,0.0,0.0,0.0,6.0,99.12,-108.69,0.0,0.0,-0.0,stranded
2035,"Power Depot Group A, LLC",Tumbleweed,65578,TWD11,TX,Andrews,32.35123,-102.5577,0.6,9.44,DFO,IC,2013,12,0.0,0.0,0.0,0.0,0.0,0.0,0.0,6.0,99.12,-108.69,0.0,0.0,-0.0,stranded
2035,"Power Depot Group A, LLC",Tumbleweed,65578,TWD12,TX,Andrews,32.35123,-102.5577,0.6,9.44,DFO,IC,2013,12,0.0,0.0,0.0,0.0,0.0,0.0,0.0,6.0,99.12,-108.69,0.0,0.0,-0.0,stranded
2035,"Power Depot Group A, LLC",Tumbleweed,65578,TWD13,TX,Andrews,32.35123,-102.5577,0.6,9.44,DFO,IC,2013,12,0.0,0.0,0.0,0.0,0.0,0.0,0.0,6.0,99.12,-108.69,0.0,0.0,-0.0,stranded
2035,"Power Depot Group A, LLC",Tumbleweed,65578,TWD14,TX,Andrews,32.35123,-102.5577,0.6,9.44,DFO,IC,2013,12,0.0,0.0,0.0,0.0,0.0,0.0,0.0,6.0,99.12,-108.69,0.0,0.0,-0.0,stranded
2035,"Power Depot Group A, LLC",Tumbleweed,65578,TWD15,TX,Andrews,32.35123,-102.5577,0.6,9.44,DFO,IC,2013,12,0.0,0.0,0.0,0.0,0.0,0.0,0.0,6.0,99.12,-108.69,0.0,0.0,-0.0,stranded
2035,"Power Depot Group A, LLC",Tumbleweed,65578,TWD2,TX,Andrews,32.35123,-102.5577,0.6,9.44,DFO,IC,2013,12,0.0,0.0,0.0,0.0,0.0,0.0,0.0,6.0,99.12,-108.69,0.0,0.0,-0.0,stranded
2035,"Power Depot Group A, LLC",Tumbleweed,65578,TWD3,TX,Andrews,32.35123,-102.5577,0.6,9.44,DFO,IC,2013,12,0.0,0.0,0.0,0.0,0.0,0.0,0.0,6.0,99.12,-108.69,0.0,0.0,-0.0,stranded
2035,"Power Depot Group A, LLC",Tumbleweed,65578,TWD4,TX,Andrews,32.35123,-102.5577,0.6,9.44,DFO,IC,2013,12,0.0,0.0,0.0,0.0,0.0,0.0,0.0,6.0,99.12,-108.69,0.0,0.0,-0.0,stranded
2035,"Power Depot Group A, LLC",Tumbleweed,65578,TWD5,TX,Andrews,32.35123,-102.5577,0.6,9.44,DFO,IC,2013,12,0.0,0.0,0.0,0.0,0.0,0.0,0.0,6.0,99.12,-108.69,0.0,0.0,-0.0,stranded
2035,"Power Depot Group A, LLC",Tumbleweed,65578,TWD6,TX,Andrews,32.35123,-102.5577,0.6,9.44,DFO,IC,2013,12,0.0,0.0,0.0,0.0,0.0,0.0,0.0,6.0,99.12,-108.69,0.0,0.0,-0.0,stranded
2035,"Power Depot Group A, LLC",Tumbleweed,65578,TWD7,TX,Andrews,32.35123,-102.5577,0.6,9.44,DFO,IC,2013,12,0.0,0.0,0.0,0.0,0.0,0.0,0.0,6.0,99.12,-108.69,0.0,0.0,-0.0,stranded
2035,"Power Depot Group A, LLC",Tumbleweed,65578,TWD8,TX,Andrews,32.35123,-102.5577,0.6,9.44,DFO,IC,2013,12,0.0,0.0,0.0,0.0,0.0,0.0,0.0,6.0,99.12,-108.69,0.0,0.0,-0.0,stranded
2035,"Power Depot Group A, LLC",Tumbleweed,65578,TWD9,TX,Andrews,32.35123,-102.5577,0.6,9.44,DFO,IC,2013,12,0.0,0.0,0.0,0.0,0.0,0.0,0.0,6.0,99.12,-108.69,0.0,0.0,-0.0,stranded
2035,"South Texas Electric Coop, Inc",Sam Rayburn,3631,4,TX,Victoria,28.8947,-97.135,1.6,9.44,DFO,IC,1991,34,0.0,0.0,0.0,0.0,0.0,0.0,0.0,6.0,99.12,-108.69,0.0,0.0,-0.0,stranded
2035,"South Texas Electric Coop, Inc",Sam Rayburn,3631,5,TX,Victoria,28.8947,-97.135,1.6,9.44,DFO,IC,1991,34,0.0,0.0,0.0,0.0,0.0,0.0,0.0,6.0,99.12,-108.69,0.0,0.0,-0.0,stranded
2035,"Power Depot Group A, LLC",Westover,65581,WSI1,TX,Ector,31.8362,-102.4461,0.6,9.49,DFO,IC,2013,12,0.0,0.0,0.0,0.0,0.0,0.0,0.0,6.0,99.64,-109.22,0.0,0.0,-0.0,stranded
2035,"Power Depot Group A, LLC",Westover,65581,WSI10,TX,Ector,31.8362,-102.4461,0.6,9.49,DFO,IC,2013,12,0.0,0.0,0.0,0.0,0.0,0.0,0.0,6.0,99.64,-109.22,0.0,0.0,-0.0,stranded
2035,"Power Depot Group A, LLC",Westover,65581,WSI11,TX,Ector,31.8362,-102.4461,0.6,9.49,DFO,IC,2013,12,0.0,0.0,0.0,0.0,0.0,0.0,0.0,6.0,99.64,-109.22,0.0,0.0,-0.0,stranded
2035,"Power Depot Group A, LLC",Westover,65581,WSI12,TX,Ector,31.8362,-102.4461,0.6,9.49,DFO,IC,2013,12,0.0,0.0,0.0,0.0,0.0,0.0,0.0,6.0,99.64,-109.22,0.0,0.0,-0.0,stranded
2035,"Power Depot Group A, LLC",Westover,65581,WSI13,TX,Ector,31.8362,-102.4461,0.6,9.49,DFO,IC,2013,12,0.0,0.0,0.0,0.0,0.0,0.0,0.0,6.0,99.64,-109.22,0.0,0.0,-0.0,stranded
2035,"Power Depot Group A, LLC",Westover,65581,WSI14,TX,Ector,31.8362,-102.4461,0.6,9.49,DFO,IC,2013,12,0.0,0.0,0.0,0.0,0.0,0.0,0.0,6.0,99.64,-109.22,0.0,0.0,-0.0,stranded
2035,"Power Depot Group A, LLC",Westover,65581,WSI15,TX,Ector,31.8362,-102.4461,0.6,9.49,DFO,IC,2013,12,0.0,0.0,0.0,0.0,0.0,0.0,0.0,6.0,99.64,-109.22,0.0,0.0,-0.0,stranded
2035,"Power Depot Group A, LLC",Westover,65581,WSI2,TX,Ector,31.8362,-102.4461,0.6,9.49,DFO,IC,2013,12,0.0,0.0,0.0,0.0,0.0,0.0,0.0,6.0,99.64,-109.22,0.0,0.0,-0.0,stranded
2035,"Power Depot Group A, LLC",Westover,65581,WSI3,TX,Ector,31.8362,-102.4461,0.6,9.49,DFO,IC,2013,12,0.0,0.0,0.0,0.0,0.0,0.0,0.0,6.0,99.64,-109.22,0.0,0.0,-0.0,stranded
2035,"Power Depot Group A, LLC",Westover,65581,WSI4,TX,Ector,31.8362,-102.4461,0.6,9.49,DFO,IC,2013,12,0.0,0.0,0.0,0.0,0.0,0.0,0.0,6.0,99.64,-109.22,0.0,0.0,-0.0,stranded
2035,"Power Depot Group A, LLC",Westover,65581,WSI5,TX,Ector,31.8362,-102.4461,0.6,9.49,DFO,IC,2013,12,0.0,0.0,0.0,0.0,0.0,0.0,0.0,6.0,99.64,-109.22,0.0,0.0,-0.0,stranded
2035,"Power Depot Group A, LLC",Westover,65581,WSI6,TX,Ector,31.8362,-102.4461,0.6,9.49,DFO,IC,2013,12,0.0,0.0,0.0,0.0,0.0,0.0,0.0,6.0,99.64,-109.22,0.0,0.0,-0.0,stranded
2035,"Power Depot Group A, LLC",Westover,65581,WSI7,TX,Ector,31.8362,-102.4461,0.6,9.49,DFO,IC,2013,12,0.0,0.0,0.0,0.0,0.0,0.0,0.0,6.0,99.64,-109.22,0.0,0.0,-0.0,stranded
2035,"Power Depot Group A, LLC",Westover,65581,WSI8,TX,Ector,31.8362,-102.4461,0.6,9.49,DFO,IC,2013,12,0.0,0.0,0.0,0.0,0.0,0.0,0.0,6.0,99.64,-109.22,0.0,0.0,-0.0,stranded
2035,"Power Depot Group A, LLC",Westover,65581,WSI9,TX,Ector,31.8362,-102.4461,0.6,9.49,DFO,IC,2013,12,0.0,0.0,0.0,0.0,0.0,0.0,0.0,6.0,99.64,-109.22,0.0,0.0,-0.0,stranded
2035,"Power Depot Group A, LLC",Bakke,65535,BAK1,TX,Andrews,32.295946,-102.54,0.6,9.5,DFO,IC,2013,12,0.0,0.0,0.0,0.0,0.0,0.0,0.0,6.0,99.75,-109.33,0.0,0.0,-0.0,stranded
2035,"Power Depot Group A, LLC",Bakke,65535,BAK10,TX,Andrews,32.295946,-102.54,0.6,9.5,DFO,IC,2013,12,0.0,0.0,0.0,0.0,0.0,0.0,0.0,6.0,99.75,-109.33,0.0,0.0,-0.0,stranded
2035,"Power Depot Group A, LLC",Bakke,65535,BAK11,TX,Andrews,32.295946,-102.54,0.6,9.5,DFO,IC,2013,12,0.0,0.0,0.0,0.0,0.0,0.0,0.0,6.0,99.75,-109.33,0.0,0.0,-0.0,stranded
2035,"Power Depot Group A, LLC",Bakke,65535,BAK12,TX,Andrews,32.295946,-102.54,0.6,9.5,DFO,IC,2013,12,0.0,0.0,0.0,0.0,0.0,0.0,0.0,6.0,99.75,-109.33,0.0,0.0,-0.0,stranded
2035,"Power Depot Group A, LLC",Bakke,65535,BAK13,TX,Andrews,32.295946,-102.54,0.6,9.5,DFO,IC,2013,12,0.0,0.0,0.0,0.0,0.0,0.0,0.0,6.0,99.75,-109.33,0.0,0.0,-0.0,stranded
2035,"Power Depot Group A, LLC",Bakke,65535,BAK14,TX,Andrews,32.295946,-102.54,0.6,9.5,DFO,IC,2013,12,0.0,0.0,0.0,0.0,0.0,0.0,0.0,6.0,99.75,-109.33,0.0,0.0,-0.0,stranded
2035,"Power Depot Group A, LLC",Bakke,65535,BAK15,TX,Andrews,32.295946,-102.54,0.6,9.5,DFO,IC,2013,12,0.0,0.0,0.0,0.0,0.0,0.0,0.0,6.0,99.75,-109.33,0.0,0.0,-0.0,stranded
2035,"Power Depot Group A, LLC",Bakke,65535,BAK2,TX,Andrews,32.295946,-102.54,0.6,9.5,DFO,IC,2013,12,0.0,0.0,0.0,0.0,0.0,0.0,0.0,6.0,99.75,-109.33,0.0,0.0,-0.0,stranded
2035,"Power Depot Group A, LLC",Bakke,65535,BAK3,TX,Andrews,32.295946,-102.54,0.6,9.5,DFO,IC,2013,12,0.0,0.0,0.0,0.0,0.0,0.0,0.0,6.0,99.75,-109.33,0.0,0.0,-0.0,stranded
2035,"Power Depot Group A, LLC",Bakke,65535,BAK4,TX,Andrews,32.295946,-102.54,0.6,9.5,DFO,IC,2013,12,0.0,0.0,0.0,0.0,0.0,0.0,0.0,6.0,99.75,-109.33,0.0,0.0,-0.0,stranded
2035,"Power Depot Group A, LLC",Bakke,65535,BAK5,TX,Andrews,32.295946,-102.54,0.6,9.5,DFO,IC,2013,12,0.0,0.0,0.0,0.0,0.0,0.0,0.0,6.0,99.75,-109.33,0.0,0.0,-0.0,stranded
2035,"Power Depot Group A, LLC",Bakke,65535,BAK6,TX,Andrews,32.295946,-102.54,0.6,9.5,DFO,IC,2013,12,0.0,0.0,0.0,0.0,0.0,0.0,0.0,6.0,99.75,-109.33,0.0,0.0,-0.0,stranded
2035,"Power Depot Group A, LLC",Bakke,65535,BAK7,TX,Andrews,32.295946,-102.54,0.6,9.5,DFO,IC,2013,12,0.0,0.0,0.0,0.0,0.0,0.0,0.0,6.0,99.75,-109.33,0.0,0.0,-0.0,stranded
2035,"Power Depot Group A, LLC",Bakke,65535,BAK8,TX,Andrews,32.295946,-102.54,0.6,9.5,DFO,IC,2013,12,0.0,0.0,0.0,0.0,0.0,0.0,0.0,6.0,99.75,-109.33,0.0,0.0,-0.0,stranded
2035,"Power Depot Group A, LLC",Bakke,65535,BAK9,TX,Andrews,32.295946,-102.54,0.6,9.5,DFO,IC,2013,12,0.0,0.0,0.0,0.0,0.0,0.0,0.0,6.0,99.75,-109.33,0.0,0.0,-0.0,stranded
2035,"Power Depot Group A, LLC",Frankel,65540,FRA1,TX,Andrews,32.381434,-102.78282,0.6,9.51,DFO,IC,2013,12,0.0,0.0,0.0,0.0,0.0,0.0,0.0,6.0,99.86,-109.43,0.0,0.0,-0.0,stranded
2035,"Power Depot Group A, LLC",Frankel,65540,FRA10,TX,Andrews,32.381434,-102.78282,0.6,9.51,DFO,IC,2013,12,0.0,0.0,0.0,0.0,0.0,0.0,0.0,6.0,99.86,-109.43,0.0,0.0,-0.0,stranded
2035,"Power Depot Group A, LLC",Frankel,65540,FRA11,TX,Andrews,32.381434,-102.78282,0.6,9.51,DFO,IC,2013,12,0.0,0.0,0.0,0.0,0.0,0.0,0.0,6.0,99.86,-109.43,0.0,0.0,-0.0,stranded
2035,"Power Depot Group A, LLC",Frankel,65540,FRA12,TX,Andrews,32.381434,-102.78282,0.6,9.51,DFO,IC,2013,12,0.0,0.0,0.0,0.0,0.0,0.0,0.0,6.0,99.86,-109.43,0.0,0.0,-0.0,stranded
2035,"Power Depot Group A, LLC",Frankel,65540,FRA13,TX,Andrews,32.381434,-102.78282,0.6,9.51,DFO,IC,2013,12,0.0,0.0,0.0,0.0,0.0,0.0,0.0,6.0,99.86,-109.43,0.0,0.0,-0.0,stranded
2035,"Power Depot Group A, LLC",Frankel,65540,FRA14,TX,Andrews,32.381434,-102.78282,0.6,9.51,DFO,IC,2013,12,0.0,0.0,0.0,0.0,0.0,0.0,0.0,6.0,99.86,-109.43,0.0,0.0,-0.0,stranded
2035,"Power Depot Group A, LLC",Frankel,65540,FRA15,TX,Andrews,32.381434,-102.78282,0.6,9.51,DFO,IC,2013,12,0.0,0.0,0.0,0.0,0.0,0.0,0.0,6.0,99.86,-109.43,0.0,0.0,-0.0,stranded
2035,"Power Depot Group A, LLC",Frankel,65540,FRA2,TX,Andrews,32.381434,-102.78282,0.6,9.51,DFO,IC,2013,12,0.0,0.0,0.0,0.0,0.0,0.0,0.0,6.0,99.86,-109.43,0.0,0.0,-0.0,stranded
2035,"Power Depot Group A, LLC",Frankel,65540,FRA3,TX,Andrews,32.381434,-102.78282,0.6,9.51,DFO,IC,2013,12,0.0,0.0,0.0,0.0,0.0,0.0,0.0,6.0,99.86,-109.43,0.0,0.0,-0.0,stranded
2035,"Power Depot Group A, LLC",Frankel,65540,FRA4,TX,Andrews,32.381434,-102.78282,0.6,9.51,DFO,IC,2013,12,0.0,0.0,0.0,0.0,0.0,0.0,0.0,6.0,99.86,-109.43,0.0,0.0,-0.0,stranded
2035,"Power Depot Group A, LLC",Frankel,65540,FRA5,TX,Andrews,32.381434,-102.78282,0.6,9.51,DFO,IC,2013,12,0.0,0.0,0.0,0.0,0.0,0.0,0.0,6.0,99.86,-109.43,0.0,0.0,-0.0,stranded
2035,"Power Depot Group A, LLC",Frankel,65540,FRA6,TX,Andrews,32.381434,-102.78282,0.6,9.51,DFO,IC,2013,12,0.0,0.0,0.0,0.0,0.0,0.0,0.0,6.0,99.86,-109.43,0.0,0.0,-0.0,stranded
2035,"Power Depot Group A, LLC",Frankel,65540,FRA7,TX,Andrews,32.381434,-102.78282,0.6,9.51,DFO,IC,2013,12,0.0,0.0,0.0,0.0,0.0,0.0,0.0,6.0,99.86,-109.43,0.0,0.0,-0.0,stranded
2035,"Power Depot Group A, LLC",Frankel,65540,FRA8,TX,Andrews,32.381434,-102.78282,0.6,9.51,DFO,IC,2013,12,0.0,0.0,0.0,0.0,0.0,0.0,0.0,6.0,99.86,-109.43,0.0,0.0,-0.0,stranded
2035,"Power Depot Group A, LLC",Frankel,65540,FRA9,TX,Andrews,32.381434,-102.78282,0.6,9.51,DFO,IC,2013,12,0.0,0.0,0.0,0.0,0.0,0.0,0.0,6.0,99.86,-109.43,0.0,0.0,-0.0,stranded
2035,"Power Depot Group A, LLC",Goldsmith,65542,GS1,TX,Ector,31.975269,-102.63501,0.6,9.51,DFO,IC,2013,12,0.0,0.0,0.0,0.0,0.0,0.0,0.0,6.0,99.86,-109.43,0.0,0.0,-0.0,stranded
2035,"Power Depot Group A, LLC",Goldsmith,65542,GS10,TX,Ector,31.975269,-102.63501,0.6,9.51,DFO,IC,2013,12,0.0,0.0,0.0,0.0,0.0,0.0,0.0,6.0,99.86,-109.43,0.0,0.0,-0.0,stranded
2035,"Power Depot Group A, LLC",Goldsmith,65542,GS11,TX,Ector,31.975269,-102.63501,0.6,9.51,DFO,IC,2013,12,0.0,0.0,0.0,0.0,0.0,0.0,0.0,6.0,99.86,-109.43,0.0,0.0,-0.0,stranded
2035,"Power Depot Group A, LLC",Goldsmith,65542,GS12,TX,Ector,31.975269,-102.63501,0.6,9.51,DFO,IC,2013,12,0.0,0.0,0.0,0.0,0.0,0.0,0.0,6.0,99.86,-109.43,0.0,0.0,-0.0,stranded
2035,"Power Depot Group A, LLC",Goldsmith,65542,GS13,TX,Ector,31.975269,-102.63501,0.6,9.51,DFO,IC,2013,12,0.0,0.0,0.0,0.0,0.0,0.0,0.0,6.0,99.86,-109.43,0.0,0.0,-0.0,stranded
2035,"Power Depot Group A, LLC",Goldsmith,65542,GS14,TX,Ector,31.975269,-102.63501,0.6,9.51,DFO,IC,2013,12,0.0,0.0,0.0,0.0,0.0,0.0,0.0,6.0,99.86,-109.43,0.0,0.0,-0.0,stranded
2035,"Power Depot Group A, LLC",Goldsmith,65542,GS15,TX,Ector,31.975269,-102.63501,0.6,9.51,DFO,IC,2013,12,0.0,0.0,0.0,0.0,0.0,0.0,0.0,6.0,99.86,-109.43,0.0,0.0,-0.0,stranded
2035,"Power Depot Group A, LLC",Goldsmith,65542,GS2,TX,Ector,31.975269,-102.63501,0.6,9.51,DFO,IC,2013,12,0.0,0.0,0.0,0.0,0.0,0.0,0.0,6.0,99.86,-109.43,0.0,0.0,-0.0,stranded
2035,"Power Depot Group A, LLC",Goldsmith,65542,GS3,TX,Ector,31.975269,-102.63501,0.6,9.51,DFO,IC,2013,12,0.0,0.0,0.0,0.0,0.0,0.0,0.0,6.0,99.86,-109.43,0.0,0.0,-0.0,stranded
2035,"Power Depot Group A, LLC",Goldsmith,65542,GS4,TX,Ector,31.975269,-102.63501,0.6,9.51,DFO,IC,2013,12,0.0,0.0,0.0,0.0,0.0,0.0,0.0,6.0,99.86,-109.43,0.0,0.0,-0.0,stranded
2035,"Power Depot Group A, LLC",Goldsmith,65542,GS5,TX,Ector,31.975269,-102.63501,0.6,9.51,DFO,IC,2013,12,0.0,0.0,0.0,0.0,0.0,0.0,0.0,6.0,99.86,-109.43,0.0,0.0,-0.0,stranded
2035,"Power Depot Group A, LLC",Goldsmith,65542,GS6,TX,Ector,31.975269,-102.63501,0.6,9.51,DFO,IC,2013,12,0.0,0.0,0.0,0.0,0.0,0.0,0.0,6.0,99.86,-109.43,0.0,0.0,-0.0,stranded
2035,"Power Depot Group A, LLC",Goldsmith,65542,GS7,TX,Ector,31.975269,-102.63501,0.6,9.51,DFO,IC,2013,12,0.0,0.0,0.0,0.0,0.0,0.0,0.0,6.0,99.86,-109.43,0.0,0.0,-0.0,stranded
2035,"Power Depot Group A, LLC",Goldsmith,65542,GS8,TX,Ector,31.975269,-102.63501,0.6,9.51,DFO,IC,2013,12,0.0,0.0,0.0,0.0,0.0,0.0,0.0,6.0,99.86,-109.43,0.0,0.0,-0.0,stranded
2035,"Power Depot Group A, LLC",Goldsmith,65542,GS9,TX,Ector,31.975269,-102.63501,0.6,9.51,DFO,IC,2013,12,0.0,0.0,0.0,0.0,0.0,0.0,0.0,6.0,99.86,-109.43,0.0,0.0,-0.0,stranded
2035,"Power Depot Group A, LLC",N. Mary Francis,65544,NMF1,TX,Ector,31.921616,-102.431039,0.6,9.52,DFO,IC,2013,12,0.0,0.0,0.0,0.0,0.0,0.0,0.0,6.0,99.96,-109.53,0.0,0.0,-0.0,stranded
2035,"Power Depot Group A, LLC",N. Mary Francis,65544,NMF10,TX,Ector,31.921616,-102.431039,0.6,9.52,DFO,IC,2013,12,0.0,0.0,0.0,0.0,0.0,0.0,0.0,6.0,99.96,-109.53,0.0,0.0,-0.0,stranded
2035,"Power Depot Group A, LLC",N. Mary Francis,65544,NMF11,TX,Ector,31.921616,-102.431039,0.6,9.52,DFO,IC,2013,12,0.0,0.0,0.0,0.0,0.0,0.0,0.0,6.0,99.96,-109.53,0.0,0.0,-0.0,stranded
2035,"Power Depot Group A, LLC",N. Mary Francis,65544,NMF12,TX,Ector,31.921616,-102.431039,0.6,9.52,DFO,IC,2013,12,0.0,0.0,0.0,0.0,0.0,0.0,0.0,6.0,99.96,-109.53,0.0,0.0,-0.0,stranded
2035,"Power Depot Group A, LLC",N. Mary Francis,65544,NMF13,TX,Ector,31.921616,-102.431039,0.6,9.52,DFO,IC,2013,12,0.0,0.0,0.0,0.0,0.0,0.0,0.0,6.0,99.96,-109.53,0.0,0.0,-0.0,stranded
2035,"Power Depot Group A, LLC",N. Mary Francis,65544,NMF14,TX,Ector,31.921616,-102.431039,0.6,9.52,DFO,IC,2013,12,0.0,0.0,0.0,0.0,0.0,0.0,0.0,6.0,99.96,-109.53,0.0,0.0,-0.0,stranded
2035,"Power Depot Group A, LLC",N. Mary Francis,65544,NMF15,TX,Ector,31.921616,-102.431039,0.6,9.52,DFO,IC,2013,12,0.0,0.0,0.0,0.0,0.0,0.0,0.0,6.0,99.96,-109.53,0.0,0.0,-0.0,stranded
2035,"Power Depot Group A, LLC",N. Mary Francis,65544,NMF2,TX,Ector,31.921616,-102.431039,0.6,9.52,DFO,IC,2013,12,0.0,0.0,0.0,0.0,0.0,0.0,0.0,6.0,99.96,-109.53,0.0,0.0,-0.0,stranded
2035,"Power Depot Group A, LLC",N. Mary Francis,65544,NMF3,TX,Ector,31.921616,-102.431039,0.6,9.52,DFO,IC,2013,12,0.0,0.0,0.0,0.0,0.0,0.0,0.0,6.0,99.96,-109.53,0.0,0.0,-0.0,stranded
2035,"Power Depot Group A, LLC",N. Mary Francis,65544,NMF4,TX,Ector,31.921616,-102.431039,0.6,9.52,DFO,IC,2013,12,0.0,0.0,0.0,0.0,0.0,0.0,0.0,6.0,99.96,-109.53,0.0,0.0,-0.0,stranded
2035,"Power Depot Group A, LLC",N. Mary Francis,65544,NMF5,TX,Ector,31.921616,-102.431039,0.6,9.52,DFO,IC,2013,12,0.0,0.0,0.0,0.0,0.0,0.0,0.0,6.0,99.96,-109.53,0.0,0.0,-0.0,stranded
2035,"Power Depot Group A, LLC",N. Mary Francis,65544,NMF6,TX,Ector,31.921616,-102.431039,0.6,9.52,DFO,IC,2013,12,0.0,0.0,0.0,0.0,0.0,0.0,0.0,6.0,99.96,-109.53,0.0,0.0,-0.0,stranded
2035,"Power Depot Group A, LLC",N. Mary Francis,65544,NMF7,TX,Ector,31.921616,-102.431039,0.6,9.52,DFO,IC,2013,12,0.0,0.0,0.0,0.0,0.0,0.0,0.0,6.0,99.96,-109.53,0.0,0.0,-0.0,stranded
2035,"Power Depot Group A, LLC",N. Mary Francis,65544,NMF8,TX,Ector,31.921616,-102.431039,0.6,9.52,DFO,IC,2013,12,0.0,0.0,0.0,0.0,0.0,0.0,0.0,6.0,99.96,-109.53,0.0,0.0,-0.0,stranded
2035,"Power Depot Group A, LLC",N. Mary Francis,65544,NMF9,TX,Ector,31.921616,-102.431039,0.6,9.52,DFO,IC,2013,12,0.0,0.0,0.0,0.0,0.0,0.0,0.0,6.0,99.96,-109.53,0.0,0.0,-0.0,stranded
2035,"Power Depot Group A, LLC",Southwick,65575,SW1,TX,Harris,29.59576,-95.36578,0.6,9.52,DFO,IC,2013,12,0.0,0.0,0.0,0.0,0.0,0.0,0.0,6.0,99.96,-109.53,0.0,0.0,-0.0,stranded
2035,"Power Depot Group A, LLC",Southwick,65575,SW10,TX,Harris,29.59576,-95.36578,0.6,9.52,DFO,IC,2013,12,0.0,0.0,0.0,0.0,0.0,0.0,0.0,6.0,99.96,-109.53,0.0,0.0,-0.0,stranded
2035,"Power Depot Group A, LLC",Southwick,65575,SW11,TX,Harris,29.59576,-95.36578,0.6,9.52,DFO,IC,2013,12,0.0,0.0,0.0,0.0,0.0,0.0,0.0,6.0,99.96,-109.53,0.0,0.0,-0.0,stranded
2035,"Power Depot Group A, LLC",Southwick,65575,SW12,TX,Harris,29.59576,-95.36578,0.6,9.52,DFO,IC,2013,12,0.0,0.0,0.0,0.0,0.0,0.0,0.0,6.0,99.96,-109.53,0.0,0.0,-0.0,stranded
2035,"Power Depot Group A, LLC",Southwick,65575,SW13,TX,Harris,29.59576,-95.36578,0.6,9.52,DFO,IC,2013,12,0.0,0.0,0.0,0.0,0.0,0.0,0.0,6.0,99.96,-109.53,0.0,0.0,-0.0,stranded
2035,"Power Depot Group A, LLC",Southwick,65575,SW14,TX,Harris,29.59576,-95.36578,0.6,9.52,DFO,IC,2013,12,0.0,0.0,0.0,0.0,0.0,0.0,0.0,6.0,99.96,-109.53,0.0,0.0,-0.0,stranded
2035,"Power Depot Group A, LLC",Southwick,65575,SW15,TX,Harris,29.59576,-95.36578,0.6,9.52,DFO,IC,2013,12,0.0,0.0,0.0,0.0,0.0,0.0,0.0,6.0,99.96,-109.53,0.0,0.0,-0.0,stranded
2035,"Power Depot Group A, LLC",Southwick,65575,SW2,TX,Harris,29.59576,-95.36578,0.6,9.52,DFO,IC,2013,12,0.0,0.0,0.0,0.0,0.0,0.0,0.0,6.0,99.96,-109.53,0.0,0.0,-0.0,stranded
2035,"Power Depot Group A, LLC",Southwick,65575,SW3,TX,Harris,29.59576,-95.36578,0.6,9.52,DFO,IC,2013,12,0.0,0.0,0.0,0.0,0.0,0.0,0.0,6.0,99.96,-109.53,0.0,0.0,-0.0,stranded
2035,"Power Depot Group A, LLC",Southwick,65575,SW4,TX,Harris,29.59576,-95.36578,0.6,9.52,DFO,IC,2013,12,0.0,0.0,0.0,0.0,0.0,0.0,0.0,6.0,99.96,-109.53,0.0,0.0,-0.0,stranded
2035,"Power Depot Group A, LLC",Southwick,65575,SW5,TX,Harris,29.59576,-95.36578,0.6,9.52,DFO,IC,2013,12,0.0,0.0,0.0,0.0,0.0,0.0,0.0,6.0,99.96,-109.53,0.0,0.0,-0.0,stranded
2035,"Power Depot Group A, LLC",Southwick,65575,SW6,TX,Harris,29.59576,-95.36578,0.6,9.52,DFO,IC,2013,12,0.0,0.0,0.0,0.0,0.0,0.0,0.0,6.0,99.96,-109.53,0.0,0.0,-0.0,stranded
2035,"Power Depot Group A, LLC",Southwick,65575,SW7,TX,Harris,29.59576,-95.36578,0.6,9.52,DFO,IC,2013,12,0.0,0.0,0.0,0.0,0.0,0.0,0.0,6.0,99.96,-109.53,0.0,0.0,-0.0,stranded
2035,"Power Depot Group A, LLC",Southwick,65575,SW8,TX,Harris,29.59576,-95.36578,0.6,9.52,DFO,IC,2013,12,0.0,0.0,0.0,0.0,0.0,0.0,0.0,6.0,99.96,-109.53,0.0,0.0,-0.0,stranded
2035,"Power Depot Group A, LLC",Southwick,65575,SW9,TX,Harris,29.59576,-95.36578,0.6,9.52,DFO,IC,2013,12,0.0,0.0,0.0,0.0,0.0,0.0,0.0,6.0,99.96,-109.53,0.0,0.0,-0.0,stranded
2035,"Power Depot Group A, LLC",Santa Rosa,65574,SR1,TX,Cameron,26.23055,-97.82349,0.6,9.52,DFO,IC,2013,12,0.0,0.0,0.0,0.0,0.0,0.0,0.0,6.0,99.96,-109.53,0.0,0.0,-0.0,stranded
2035,"Power Depot Group A, LLC",Santa Rosa,65574,SR10,TX,Cameron,26.23055,-97.82349,0.6,9.52,DFO,IC,2013,12,0.0,0.0,0.0,0.0,0.0,0.0,0.0,6.0,99.96,-109.53,0.0,0.0,-0.0,stranded
2035,"Power Depot Group A, LLC",Santa Rosa,65574,SR11,TX,Cameron,26.23055,-97.82349,0.6,9.52,DFO,IC,2013,12,0.0,0.0,0.0,0.0,0.0,0.0,0.0,6.0,99.96,-109.53,0.0,0.0,-0.0,stranded
2035,"Power Depot Group A, LLC",Santa Rosa,65574,SR12,TX,Cameron,26.23055,-97.82349,0.6,9.52,DFO,IC,2013,12,0.0,0.0,0.0,0.0,0.0,0.0,0.0,6.0,99.96,-109.53,0.0,0.0,-0.0,stranded
2035,"Power Depot Group A, LLC",Santa Rosa,65574,SR13,TX,Cameron,26.23055,-97.82349,0.6,9.52,DFO,IC,2013,12,0.0,0.0,0.0,0.0,0.0,0.0,0.0,6.0,99.96,-109.53,0.0,0.0,-0.0,stranded
2035,"Power Depot Group A, LLC",Santa Rosa,65574,SR14,TX,Cameron,26.23055,-97.82349,0.6,9.52,DFO,IC,2013,12,0.0,0.0,0.0,0.0,0.0,0.0,0.0,6.0,99.96,-109.53,0.0,0.0,-0.0,stranded
2035,"Power Depot Group A, LLC",Santa Rosa,65574,SR15,TX,Cameron,26.23055,-97.82349,0.6,9.52,DFO,IC,2013,12,0.0,0.0,0.0,0.0,0.0,0.0,0.0,6.0,99.96,-109.53,0.0,0.0,-0.0,stranded
2035,"Power Depot Group A, LLC",Santa Rosa,65574,SR2,TX,Cameron,26.23055,-97.82349,0.6,9.52,DFO,IC,2013,12,0.0,0.0,0.0,0.0,0.0,0.0,0.0,6.0,99.96,-109.53,0.0,0.0,-0.0,stranded
2035,"Power Depot Group A, LLC",Santa Rosa,65574,SR3,TX,Cameron,26.23055,-97.82349,0.6,9.52,DFO,IC,2013,12,0.0,0.0,0.0,0.0,0.0,0.0,0.0,6.0,99.96,-109.53,0.0,0.0,-0.0,stranded
2035,"Power Depot Group A, LLC",Santa Rosa,65574,SR4,TX,Cameron,26.23055,-97.82349,0.6,9.52,DFO,IC,2013,12,0.0,0.0,0.0,0.0,0.0,0.0,0.0,6.0,99.96,-109.53,0.0,0.0,-0.0,stranded
2035,"Power Depot Group A, LLC",Santa Rosa,65574,SR5,TX,Cameron,26.23055,-97.82349,0.6,9.52,DFO,IC,2013,12,0.0,0.0,0.0,0.0,0.0,0.0,0.0,6.0,99.96,-109.53,0.0,0.0,-0.0,stranded
2035,"Power Depot Group A, LLC",Santa Rosa,65574,SR6,TX,Cameron,26.23055,-97.82349,0.6,9.52,DFO,IC,2013,12,0.0,0.0,0.0,0.0,0.0,0.0,0.0,6.0,99.96,-109.53,0.0,0.0,-0.0,stranded
2035,"Power Depot Group A, LLC",Santa Rosa,65574,SR7,TX,Cameron,26.23055,-97.82349,0.6,9.52,DFO,IC,2013,12,0.0,0.0,0.0,0.0,0.0,0.0,0.0,6.0,99.96,-109.53,0.0,0.0,-0.0,stranded
2035,"Power Depot Group A, LLC",Santa Rosa,65574,SR8,TX,Cameron,26.23055,-97.82349,0.6,9.52,DFO,IC,2013,12,0.0,0.0,0.0,0.0,0.0,0.0,0.0,6.0,99.96,-109.53,0.0,0.0,-0.0,stranded
2035,"Power Depot Group A, LLC",Santa Rosa,65574,SR9,TX,Cameron,26.23055,-97.82349,0.6,9.52,DFO,IC,2013,12,0.0,0.0,0.0,0.0,0.0,0.0,0.0,6.0,99.96,-109.53,0.0,0.0,-0.0,stranded
2035,"Power Depot Group A, LLC",Clara,65537,CLA1,TX,Harris,29.845265,-95.553945,0.6,9.52,DFO,IC,2013,12,0.0,0.0,0.0,0.0,0.0,0.0,0.0,6.0,99.96,-109.53,0.0,0.0,-0.0,stranded
2035,"Power Depot Group A, LLC",Clara,65537,CLA10,TX,Harris,29.845265,-95.553945,0.6,9.52,DFO,IC,2013,12,0.0,0.0,0.0,0.0,0.0,0.0,0.0,6.0,99.96,-109.53,0.0,0.0,-0.0,stranded
2035,"Power Depot Group A, LLC",Clara,65537,CLA11,TX,Harris,29.845265,-95.553945,0.6,9.52,DFO,IC,2013,12,0.0,0.0,0.0,0.0,0.0,0.0,0.0,6.0,99.96,-109.53,0.0,0.0,-0.0,stranded
2035,"Power Depot Group A, LLC",Clara,65537,CLA12,TX,Harris,29.845265,-95.553945,0.6,9.52,DFO,IC,2013,12,0.0,0.0,0.0,0.0,0.0,0.0,0.0,6.0,99.96,-109.53,0.0,0.0,-0.0,stranded
2035,"Power Depot Group A, LLC",Clara,65537,CLA13,TX,Harris,29.845265,-95.553945,0.6,9.52,DFO,IC,2013,12,0.0,0.0,0.0,0.0,0.0,0.0,0.0,6.0,99.96,-109.53,0.0,0.0,-0.0,stranded
2035,"Power Depot Group A, LLC",Clara,65537,CLA14,TX,Harris,29.845265,-95.553945,0.6,9.52,DFO,IC,2013,12,0.0,0.0,0.0,0.0,0.0,0.0,0.0,6.0,99.96,-109.53,0.0,0.0,-0.0,stranded
2035,"Power Depot Group A, LLC",Clara,65537,CLA15,TX,Harris,29.845265,-95.553945,0.6,9.52,DFO,IC,2013,12,0.0,0.0,0.0,0.0,0.0,0.0,0.0,6.0,99.96,-109.53,0.0,0.0,-0.0,stranded
2035,"Power Depot Group A, LLC",Clara,65537,CLA2,TX,Harris,29.845265,-95.553945,0.6,9.52,DFO,IC,2013,12,0.0,0.0,0.0,0.0,0.0,0.0,0.0,6.0,99.96,-109.53,0.0,0.0,-0.0,stranded
2035,"Power Depot Group A, LLC",Clara,65537,CLA3,TX,Harris,29.845265,-95.553945,0.6,9.52,DFO,IC,2013,12,0.0,0.0,0.0,0.0,0.0,0.0,0.0,6.0,99.96,-109.53,0.0,0.0,-0.0,stranded
2035,"Power Depot Group A, LLC",Clara,65537,CLA4,TX,Harris,29.845265,-95.553945,0.6,9.52,DFO,IC,2013,12,0.0,0.0,0.0,0.0,0.0,0.0,0.0,6.0,99.96,-109.53,0.0,0.0,-0.0,stranded
2035,"Power Depot Group A, LLC",Clara,65537,CLA5,TX,Harris,29.845265,-95.553945,0.6,9.52,DFO,IC,2013,12,0.0,0.0,0.0,0.0,0.0,0.0,0.0,6.0,99.96,-109.53,0.0,0.0,-0.0,stranded
2035,"Power Depot Group A, LLC",Clara,65537,CLA6,TX,Harris,29.845265,-95.553945,0.6,9.52,DFO,IC,2013,12,0.0,0.0,0.0,0.0,0.0,0.0,0.0,6.0,99.96,-109.53,0.0,0.0,-0.0,stranded
2035,"Power Depot Group A, LLC",Clara,65537,CLA7,TX,Harris,29.845265,-95.553945,0.6,9.52,DFO,IC,2013,12,0.0,0.0,0.0,0.0,0.0,0.0,0.0,6.0,99.96,-109.53,0.0,0.0,-0.0,stranded
2035,"Power Depot Group A, LLC",Clara,65537,CLA8,TX,Harris,29.845265,-95.553945,0.6,9.52,DFO,IC,2013,12,0.0,0.0,0.0,0.0,0.0,0.0,0.0,6.0,99.96,-109.53,0.0,0.0,-0.0,stranded
2035,"Power Depot Group A, LLC",Clara,65537,CLA9,TX,Harris,29.845265,-95.553945,0.6,9.52,DFO,IC,2013,12,0.0,0.0,0.0,0.0,0.0,0.0,0.0,6.0,99.96,-109.53,0.0,0.0,-0.0,stranded
2035,"Power Depot Group A, LLC",GCWA,65541,IPS1,TX,Galveston,29.380114,-94.953418,0.6,9.52,DFO,IC,2013,12,0.0,0.0,0.0,0.0,0.0,0.0,0.0,6.0,99.96,-109.53,0.0,0.0,-0.0,stranded
2035,"Power Depot Group A, LLC",GCWA,65541,IPS2,TX,Galveston,29.380114,-94.953418,0.6,9.52,DFO,IC,2013,12,0.0,0.0,0.0,0.0,0.0,0.0,0.0,6.0,99.96,-109.53,0.0,0.0,-0.0,stranded
2035,"Power Depot Group A, LLC",GCWA,65541,IPS3,TX,Galveston,29.380114,-94.953418,0.6,9.52,DFO,IC,2013,12,0.0,0.0,0.0,0.0,0.0,0.0,0.0,6.0,99.96,-109.53,0.0,0.0,-0.0,stranded
2035,"Power Depot Group A, LLC",GCWA,65541,IPS4,TX,Galveston,29.380114,-94.953418,0.6,9.52,DFO,IC,2013,12,0.0,0.0,0.0,0.0,0.0,0.0,0.0,6.0,99.96,-109.53,0.0,0.0,-0.0,stranded
2035,"Power Depot Group A, LLC",GCWA,65541,IPS5,TX,Galveston,29.380114,-94.953418,0.6,9.52,DFO,IC,2013,12,0.0,0.0,0.0,0.0,0.0,0.0,0.0,6.0,99.96,-109.53,0.0,0.0,-0.0,stranded
2035,"Power Depot Group A, LLC",GCWA,65541,IPS6,TX,Galveston,29.380114,-94.953418,0.6,9.52,DFO,IC,2013,12,0.0,0.0,0.0,0.0,0.0,0.0,0.0,6.0,99.96,-109.53,0.0,0.0,-0.0,stranded
2035,"Power Depot Group A, LLC",GCWA,65541,IPS7,TX,Galveston,29.380114,-94.953418,0.6,9.52,DFO,IC,2013,12,0.0,0.0,0.0,0.0,0.0,0.0,0.0,6.0,99.96,-109.53,0.0,0.0,-0.0,stranded
2035,"Power Depot Group A, LLC",GCWA,65541,IPS8,TX,Galveston,29.380114,-94.953418,0.6,9.52,DFO,IC,2013,12,0.0,0.0,0.0,0.0,0.0,0.0,0.0,6.0,99.96,-109.53,0.0,0.0,-0.0,stranded
2035,"Power Depot Group A, LLC",GCWA,65541,MUN1,TX,Galveston,29.380114,-94.953418,0.6,9.52,DFO,IC,2014,11,0.0,0.0,0.0,0.0,0.0,0.0,0.0,6.0,99.96,-109.53,0.0,0.0,-0.0,stranded
2035,"Power Depot Group A, LLC",GCWA,65541,MUN2,TX,Galveston,29.380114,-94.953418,0.6,9.52,DFO,IC,2014,11,0.0,0.0,0.0,0.0,0.0,0.0,0.0,6.0,99.96,-109.53,0.0,0.0,-0.0,stranded
2035,"Power Depot Group A, LLC",GCWA,65541,MUN3,TX,Galveston,29.380114,-94.953418,0.6,9.52,DFO,IC,2014,11,0.0,0.0,0.0,0.0,0.0,0.0,0.0,6.0,99.96,-109.53,0.0,0.0,-0.0,stranded
2035,"Power Depot Group A, LLC",GCWA,65541,MUN4,TX,Galveston,29.380114,-94.953418,0.6,9.52,DFO,IC,2014,11,0.0,0.0,0.0,0.0,0.0,0.0,0.0,6.0,99.96,-109.53,0.0,0.0,-0.0,stranded
2035,"Power Depot Group A, LLC",Stonegate,65576,STG1,TX,Fort Bend,29.785353,-95.875497,0.6,9.54,DFO,IC,2013,12,0.0,0.0,0.0,0.0,0.0,0.0,0.0,6.0,100.17,-109.74,0.0,0.0,-0.0,stranded
2035,"Power Depot Group A, LLC",Stonegate,65576,STG10,TX,Fort Bend,29.785353,-95.875497,0.6,9.54,DFO,IC,2013,12,0.0,0.0,0.0,0.0,0.0,0.0,0.0,6.0,100.17,-109.74,0.0,0.0,-0.0,stranded
2035,"Power Depot Group A, LLC",Stonegate,65576,STG11,TX,Fort Bend,29.785353,-95.875497,0.6,9.54,DFO,IC,2013,12,0.0,0.0,0.0,0.0,0.0,0.0,0.0,6.0,100.17,-109.74,0.0,0.0,-0.0,stranded
2035,"Power Depot Group A, LLC",Stonegate,65576,STG12,TX,Fort Bend,29.785353,-95.875497,0.6,9.54,DFO,IC,2013,12,0.0,0.0,0.0,0.0,0.0,0.0,0.0,6.0,100.17,-109.74,0.0,0.0,-0.0,stranded
2035,"Power Depot Group A, LLC",Stonegate,65576,STG13,TX,Fort Bend,29.785353,-95.875497,0.6,9.54,DFO,IC,2013,12,0.0,0.0,0.0,0.0,0.0,0.0,0.0,6.0,100.17,-109.74,0.0,0.0,-0.0,stranded
2035,"Power Depot Group A, LLC",Stonegate,65576,STG14,TX,Fort Bend,29.785353,-95.875497,0.6,9.54,DFO,IC,2013,12,0.0,0.0,0.0,0.0,0.0,0.0,0.0,6.0,100.17,-109.74,0.0,0.0,-0.0,stranded
2035,"Power Depot Group A, LLC",Stonegate,65576,STG15,TX,Fort Bend,29.785353,-95.875497,0.6,9.54,DFO,IC,2013,12,0.0,0.0,0.0,0.0,0.0,0.0,0.0,6.0,100.17,-109.74,0.0,0.0,-0.0,stranded
2035,"Power Depot Group A, LLC",Stonegate,65576,STG2,TX,Fort Bend,29.785353,-95.875497,0.6,9.54,DFO,IC,2013,12,0.0,0.0,0.0,0.0,0.0,0.0,0.0,6.0,100.17,-109.74,0.0,0.0,-0.0,stranded
2035,"Power Depot Group A, LLC",Stonegate,65576,STG3,TX,Fort Bend,29.785353,-95.875497,0.6,9.54,DFO,IC,2013,12,0.0,0.0,0.0,0.0,0.0,0.0,0.0,6.0,100.17,-109.74,0.0,0.0,-0.0,stranded
2035,"Power Depot Group A, LLC",Stonegate,65576,STG4,TX,Fort Bend,29.785353,-95.875497,0.6,9.54,DFO,IC,2013,12,0.0,0.0,0.0,0.0,0.0,0.0,0.0,6.0,100.17,-109.74,0.0,0.0,-0.0,stranded
2035,"Power Depot Group A, LLC",Stonegate,65576,STG5,TX,Fort Bend,29.785353,-95.875497,0.6,9.54,DFO,IC,2013,12,0.0,0.0,0.0,0.0,0.0,0.0,0.0,6.0,100.17,-109.74,0.0,0.0,-0.0,stranded
2035,"Power Depot Group A, LLC",Stonegate,65576,STG6,TX,Fort Bend,29.785353,-95.875497,0.6,9.54,DFO,IC,2013,12,0.0,0.0,0.0,0.0,0.0,0.0,0.0,6.0,100.17,-109.74,0.0,0.0,-0.0,stranded
2035,"Power Depot Group A, LLC",Stonegate,65576,STG7,TX,Fort Bend,29.785353,-95.875497,0.6,9.54,DFO,IC,2013,12,0.0,0.0,0.0,0.0,0.0,0.0,0.0,6.0,100.17,-109.74,0.0,0.0,-0.0,stranded
2035,"Power Depot Group A, LLC",Stonegate,65576,STG8,TX,Fort Bend,29.785353,-95.875497,0.6,9.54,DFO,IC,2013,12,0.0,0.0,0.0,0.0,0.0,0.0,0.0,6.0,100.17,-109.74,0.0,0.0,-0.0,stranded
2035,"Power Depot Group A, LLC",Stonegate,65576,STG9,TX,Fort Bend,29.785353,-95.875497,0.6,9.54,DFO,IC,2013,12,0.0,0.0,0.0,0.0,0.0,0.0,0.0,6.0,100.17,-109.74,0.0,0.0,-0.0,stranded
2035,"Power Depot Group A, LLC",Mckeever,65543,MK1,TX,Fort Bend,29.508402,-95.479339,0.6,9.55,DFO,IC,2013,12,0.0,0.0,0.0,0.0,0.0,0.0,0.0,6.0,100.28,-109.85,0.0,0.0,-0.0,stranded
2035,"Power Depot Group A, LLC",Mckeever,65543,MK10,TX,Fort Bend,29.508402,-95.479339,0.6,9.55,DFO,IC,2013,12,0.0,0.0,0.0,0.0,0.0,0.0,0.0,6.0,100.28,-109.85,0.0,0.0,-0.0,stranded
2035,"Power Depot Group A, LLC",Mckeever,65543,MK11,TX,Fort Bend,29.508402,-95.479339,0.6,9.55,DFO,IC,2013,12,0.0,0.0,0.0,0.0,0.0,0.0,0.0,6.0,100.28,-109.85,0.0,0.0,-0.0,stranded
2035,"Power Depot Group A, LLC",Mckeever,65543,MK12,TX,Fort Bend,29.508402,-95.479339,0.6,9.55,DFO,IC,2013,12,0.0,0.0,0.0,0.0,0.0,0.0,0.0,6.0,100.28,-109.85,0.0,0.0,-0.0,stranded
2035,"Power Depot Group A, LLC",Mckeever,65543,MK13,TX,Fort Bend,29.508402,-95.479339,0.6,9.55,DFO,IC,2013,12,0.0,0.0,0.0,0.0,0.0,0.0,0.0,6.0,100.28,-109.85,0.0,0.0,-0.0,stranded
2035,"Power Depot Group A, LLC",Mckeever,65543,MK14,TX,Fort Bend,29.508402,-95.479339,0.6,9.55,DFO,IC,2013,12,0.0,0.0,0.0,0.0,0.0,0.0,0.0,6.0,100.28,-109.85,0.0,0.0,-0.0,stranded
2035,"Power Depot Group A, LLC",Mckeever,65543,MK15,TX,Fort Bend,29.508402,-95.479339,0.6,9.55,DFO,IC,2013,12,0.0,0.0,0.0,0.0,0.0,0.0,0.0,6.0,100.28,-109.85,0.0,0.0,-0.0,stranded
2035,"Power Depot Group A, LLC",Mckeever,65543,MK2,TX,Fort Bend,29.508402,-95.479339,0.6,9.55,DFO,IC,2013,12,0.0,0.0,0.0,0.0,0.0,0.0,0.0,6.0,100.28,-109.85,0.0,0.0,-0.0,stranded
2035,"Power Depot Group A, LLC",Mckeever,65543,MK3,TX,Fort Bend,29.508402,-95.479339,0.6,9.55,DFO,IC,2013,12,0.0,0.0,0.0,0.0,0.0,0.0,0.0,6.0,100.28,-109.85,0.0,0.0,-0.0,stranded
2035,"Power Depot Group A, LLC",Mckeever,65543,MK4,TX,Fort Bend,29.508402,-95.479339,0.6,9.55,DFO,IC,2013,12,0.0,0.0,0.0,0.0,0.0,0.0,0.0,6.0,100.28,-109.85,0.0,0.0,-0.0,stranded
2035,"Power Depot Group A, LLC",Mckeever,65543,MK5,TX,Fort Bend,29.508402,-95.479339,0.6,9.55,DFO,IC,2013,12,0.0,0.0,0.0,0.0,0.0,0.0,0.0,6.0,100.28,-109.85,0.0,0.0,-0.0,stranded
2035,"Power Depot Group A, LLC",Mckeever,65543,MK6,TX,Fort Bend,29.508402,-95.479339,0.6,9.55,DFO,IC,2013,12,0.0,0.0,0.0,0.0,0.0,0.0,0.0,6.0,100.28,-109.85,0.0,0.0,-0.0,stranded
2035,"Power Depot Group A, LLC",Mckeever,65543,MK7,TX,Fort Bend,29.508402,-95.479339,0.6,9.55,DFO,IC,2013,12,0.0,0.0,0.0,0.0,0.0,0.0,0.0,6.0,100.28,-109.85,0.0,0.0,-0.0,stranded
2035,"Power Depot Group A, LLC",Mckeever,65543,MK8,TX,Fort Bend,29.508402,-95.479339,0.6,9.55,DFO,IC,2013,12,0.0,0.0,0.0,0.0,0.0,0.0,0.0,6.0,100.28,-109.85,0.0,0.0,-0.0,stranded
2035,"Power Depot Group A, LLC",Mckeever,65543,MK9,TX,Fort Bend,29.508402,-95.479339,0.6,9.55,DFO,IC,2013,12,0.0,0.0,0.0,0.0,0.0,0.0,0.0,6.0,100.28,-109.85,0.0,0.0,-0.0,stranded
2035,"Power Depot Group A, LLC",Ridge Rd,65573,RR1,TX,Hidalgo,26.16815,-98.09831,0.6,9.56,DFO,IC,2013,12,0.0,0.0,0.0,0.0,0.0,0.0,0.0,6.0,100.38,-109.96,0.0,0.0,-0.0,stranded
2035,"Power Depot Group A, LLC",Ridge Rd,65573,RR10,TX,Hidalgo,26.16815,-98.09831,0.6,9.56,DFO,IC,2013,12,0.0,0.0,0.0,0.0,0.0,0.0,0.0,6.0,100.38,-109.96,0.0,0.0,-0.0,stranded
2035,"Power Depot Group A, LLC",Ridge Rd,65573,RR11,TX,Hidalgo,26.16815,-98.09831,0.6,9.56,DFO,IC,2013,12,0.0,0.0,0.0,0.0,0.0,0.0,0.0,6.0,100.38,-109.96,0.0,0.0,-0.0,stranded
2035,"Power Depot Group A, LLC",Ridge Rd,65573,RR12,TX,Hidalgo,26.16815,-98.09831,0.6,9.56,DFO,IC,2013,12,0.0,0.0,0.0,0.0,0.0,0.0,0.0,6.0,100.38,-109.96,0.0,0.0,-0.0,stranded
2035,"Power Depot Group A, LLC",Ridge Rd,65573,RR13,TX,Hidalgo,26.16815,-98.09831,0.6,9.56,DFO,IC,2013,12,0.0,0.0,0.0,0.0,0.0,0.0,0.0,6.0,100.38,-109.96,0.0,0.0,-0.0,stranded
2035,"Power Depot Group A, LLC",Ridge Rd,65573,RR14,TX,Hidalgo,26.16815,-98.09831,0.6,9.56,DFO,IC,2013,12,0.0,0.0,0.0,0.0,0.0,0.0,0.0,6.0,100.38,-109.96,0.0,0.0,-0.0,stranded
2035,"Power Depot Group A, LLC",Ridge Rd,65573,RR15,TX,Hidalgo,26.16815,-98.09831,0.6,9.56,DFO,IC,2013,12,0.0,0.0,0.0,0.0,0.0,0.0,0.0,6.0,100.38,-109.96,0.0,0.0,-0.0,stranded
2035,"Power Depot Group A, LLC",Ridge Rd,65573,RR2,TX,Hidalgo,26.16815,-98.09831,0.6,9.56,DFO,IC,2013,12,0.0,0.0,0.0,0.0,0.0,0.0,0.0,6.0,100.38,-109.96,0.0,0.0,-0.0,stranded
2035,"Power Depot Group A, LLC",Ridge Rd,65573,RR3,TX,Hidalgo,26.16815,-98.09831,0.6,9.56,DFO,IC,2013,12,0.0,0.0,0.0,0.0,0.0,0.0,0.0,6.0,100.38,-109.96,0.0,0.0,-0.0,stranded
2035,"Power Depot Group A, LLC",Ridge Rd,65573,RR4,TX,Hidalgo,26.16815,-98.09831,0.6,9.56,DFO,IC,2013,12,0.0,0.0,0.0,0.0,0.0,0.0,0.0,6.0,100.38,-109.96,0.0,0.0,-0.0,stranded
2035,"Power Depot Group A, LLC",Ridge Rd,65573,RR5,TX,Hidalgo,26.16815,-98.09831,0.6,9.56,DFO,IC,2013,12,0.0,0.0,0.0,0.0,0.0,0.0,0.0,6.0,100.38,-109.96,0.0,0.0,-0.0,stranded
2035,"Power Depot Group A, LLC",Ridge Rd,65573,RR6,TX,Hidalgo,26.16815,-98.09831,0.6,9.56,DFO,IC,2013,12,0.0,0.0,0.0,0.0,0.0,0.0,0.0,6.0,100.38,-109.96,0.0,0.0,-0.0,stranded
2035,"Power Depot Group A, LLC",Ridge Rd,65573,RR7,TX,Hidalgo,26.16815,-98.09831,0.6,9.56,DFO,IC,2013,12,0.0,0.0,0.0,0.0,0.0,0.0,0.0,6.0,100.38,-109.96,0.0,0.0,-0.0,stranded
2035,"Power Depot Group A, LLC",Ridge Rd,65573,RR8,TX,Hidalgo,26.16815,-98.09831,0.6,9.56,DFO,IC,2013,12,0.0,0.0,0.0,0.0,0.0,0.0,0.0,6.0,100.38,-109.96,0.0,0.0,-0.0,stranded
2035,"Power Depot Group A, LLC",Ridge Rd,65573,RR9,TX,Hidalgo,26.16815,-98.09831,0.6,9.56,DFO,IC,2013,12,0.0,0.0,0.0,0.0,0.0,0.0,0.0,6.0,100.38,-109.96,0.0,0.0,-0.0,stranded
2035,"Power Depot Group A, LLC",Citrus City,65536,CC1,TX,Hidalgo,26.320997,-98.351744,0.6,9.56,DFO,IC,2013,12,0.0,0.0,0.0,0.0,0.0,0.0,0.0,6.0,100.38,-109.96,0.0,0.0,-0.0,stranded
2035,"Power Depot Group A, LLC",Citrus City,65536,CC10,TX,Hidalgo,26.320997,-98.351744,0.6,9.56,DFO,IC,2013,12,0.0,0.0,0.0,0.0,0.0,0.0,0.0,6.0,100.38,-109.96,0.0,0.0,-0.0,stranded
2035,"Power Depot Group A, LLC",Citrus City,65536,CC11,TX,Hidalgo,26.320997,-98.351744,0.6,9.56,DFO,IC,2013,12,0.0,0.0,0.0,0.0,0.0,0.0,0.0,6.0,100.38,-109.96,0.0,0.0,-0.0,stranded
2035,"Power Depot Group A, LLC",Citrus City,65536,CC12,TX,Hidalgo,26.320997,-98.351744,0.6,9.56,DFO,IC,2013,12,0.0,0.0,0.0,0.0,0.0,0.0,0.0,6.0,100.38,-109.96,0.0,0.0,-0.0,stranded
2035,"Power Depot Group A, LLC",Citrus City,65536,CC13,TX,Hidalgo,26.320997,-98.351744,0.6,9.56,DFO,IC,2013,12,0.0,0.0,0.0,0.0,0.0,0.0,0.0,6.0,100.38,-109.96,0.0,0.0,-0.0,stranded
2035,"Power Depot Group A, LLC",Citrus City,65536,CC14,TX,Hidalgo,26.320997,-98.351744,0.6,9.56,DFO,IC,2013,12,0.0,0.0,0.0,0.0,0.0,0.0,0.0,6.0,100.38,-109.96,0.0,0.0,-0.0,stranded
2035,"Power Depot Group A, LLC",Citrus City,65536,CC15,TX,Hidalgo,26.320997,-98.351744,0.6,9.56,DFO,IC,2013,12,0.0,0.0,0.0,0.0,0.0,0.0,0.0,6.0,100.38,-109.96,0.0,0.0,-0.0,stranded
2035,"Power Depot Group A, LLC",Citrus City,65536,CC2,TX,Hidalgo,26.320997,-98.351744,0.6,9.56,DFO,IC,2013,12,0.0,0.0,0.0,0.0,0.0,0.0,0.0,6.0,100.38,-109.96,0.0,0.0,-0.0,stranded
2035,"Power Depot Group A, LLC",Citrus City,65536,CC3,TX,Hidalgo,26.320997,-98.351744,0.6,9.56,DFO,IC,2013,12,0.0,0.0,0.0,0.0,0.0,0.0,0.0,6.0,100.38,-109.96,0.0,0.0,-0.0,stranded
2035,"Power Depot Group A, LLC",Citrus City,65536,CC4,TX,Hidalgo,26.320997,-98.351744,0.6,9.56,DFO,IC,2013,12,0.0,0.0,0.0,0.0,0.0,0.0,0.0,6.0,100.38,-109.96,0.0,0.0,-0.0,stranded
2035,"Power Depot Group A, LLC",Citrus City,65536,CC5,TX,Hidalgo,26.320997,-98.351744,0.6,9.56,DFO,IC,2013,12,0.0,0.0,0.0,0.0,0.0,0.0,0.0,6.0,100.38,-109.96,0.0,0.0,-0.0,stranded
2035,"Power Depot Group A, LLC",Citrus City,65536,CC6,TX,Hidalgo,26.320997,-98.351744,0.6,9.56,DFO,IC,2013,12,0.0,0.0,0.0,0.0,0.0,0.0,0.0,6.0,100.38,-109.96,0.0,0.0,-0.0,stranded
2035,"Power Depot Group A, LLC",Citrus City,65536,CC7,TX,Hidalgo,26.320997,-98.351744,0.6,9.56,DFO,IC,2013,12,0.0,0.0,0.0,0.0,0.0,0.0,0.0,6.0,100.38,-109.96,0.0,0.0,-0.0,stranded
2035,"Power Depot Group A, LLC",Citrus City,65536,CC8,TX,Hidalgo,26.320997,-98.351744,0.6,9.56,DFO,IC,2013,12,0.0,0.0,0.0,0.0,0.0,0.0,0.0,6.0,100.38,-109.96,0.0,0.0,-0.0,stranded
2035,"Power Depot Group A, LLC",Citrus City,65536,CC9,TX,Hidalgo,26.320997,-98.351744,0.6,9.56,DFO,IC,2013,12,0.0,0.0,0.0,0.0,0.0,0.0,0.0,6.0,100.38,-109.96,0.0,0.0,-0.0,stranded
2035,"Walmart Stores Texas, LLC",WAL202,64770,GEN1,TX,Collin,33.100353,-96.800708,1.3,9.56,DFO,IC,2020,5,0.0,0.0,0.0,0.0,0.0,0.0,0.0,6.0,100.38,-109.96,0.0,0.0,-0.0,stranded
2035,"Power Depot Group A, LLC",Vaquero,65579,VQ1,TX,Cameron,26.168074,-97.654049,0.6,9.57,DFO,IC,2013,12,0.0,0.0,0.0,0.0,0.0,0.0,0.0,6.0,100.48,-110.06,0.0,0.0,-0.0,stranded
2035,"Power Depot Group A, LLC",Vaquero,65579,VQ10,TX,Cameron,26.168074,-97.654049,0.6,9.57,DFO,IC,2013,12,0.0,0.0,0.0,0.0,0.0,0.0,0.0,6.0,100.48,-110.06,0.0,0.0,-0.0,stranded
2035,"Power Depot Group A, LLC",Vaquero,65579,VQ11,TX,Cameron,26.168074,-97.654049,0.6,9.57,DFO,IC,2013,12,0.0,0.0,0.0,0.0,0.0,0.0,0.0,6.0,100.48,-110.06,0.0,0.0,-0.0,stranded
2035,"Power Depot Group A, LLC",Vaquero,65579,VQ12,TX,Cameron,26.168074,-97.654049,0.6,9.57,DFO,IC,2013,12,0.0,0.0,0.0,0.0,0.0,0.0,0.0,6.0,100.48,-110.06,0.0,0.0,-0.0,stranded
2035,"Power Depot Group A, LLC",Vaquero,65579,VQ13,TX,Cameron,26.168074,-97.654049,0.6,9.57,DFO,IC,2013,12,0.0,0.0,0.0,0.0,0.0,0.0,0.0,6.0,100.48,-110.06,0.0,0.0,-0.0,stranded
2035,"Power Depot Group A, LLC",Vaquero,65579,VQ14,TX,Cameron,26.168074,-97.654049,0.6,9.57,DFO,IC,2013,12,0.0,0.0,0.0,0.0,0.0,0.0,0.0,6.0,100.48,-110.06,0.0,0.0,-0.0,stranded
2035,"Power Depot Group A, LLC",Vaquero,65579,VQ15,TX,Cameron,26.168074,-97.654049,0.6,9.57,DFO,IC,2013,12,0.0,0.0,0.0,0.0,0.0,0.0,0.0,6.0,100.48,-110.06,0.0,0.0,-0.0,stranded
2035,"Power Depot Group A, LLC",Vaquero,65579,VQ2,TX,Cameron,26.168074,-97.654049,0.6,9.57,DFO,IC,2013,12,0.0,0.0,0.0,0.0,0.0,0.0,0.0,6.0,100.48,-110.06,0.0,0.0,-0.0,stranded
2035,"Power Depot Group A, LLC",Vaquero,65579,VQ3,TX,Cameron,26.168074,-97.654049,0.6,9.57,DFO,IC,2013,12,0.0,0.0,0.0,0.0,0.0,0.0,0.0,6.0,100.48,-110.06,0.0,0.0,-0.0,stranded
2035,"Power Depot Group A, LLC",Vaquero,65579,VQ4,TX,Cameron,26.168074,-97.654049,0.6,9.57,DFO,IC,2013,12,0.0,0.0,0.0,0.0,0.0,0.0,0.0,6.0,100.48,-110.06,0.0,0.0,-0.0,stranded
2035,"Power Depot Group A, LLC",Vaquero,65579,VQ5,TX,Cameron,26.168074,-97.654049,0.6,9.57,DFO,IC,2013,12,0.0,0.0,0.0,0.0,0.0,0.0,0.0,6.0,100.48,-110.06,0.0,0.0,-0.0,stranded
2035,"Power Depot Group A, LLC",Vaquero,65579,VQ6,TX,Cameron,26.168074,-97.654049,0.6,9.57,DFO,IC,2013,12,0.0,0.0,0.0,0.0,0.0,0.0,0.0,6.0,100.48,-110.06,0.0,0.0,-0.0,stranded
2035,"Power Depot Group A, LLC",Vaquero,65579,VQ7,TX,Cameron,26.168074,-97.654049,0.6,9.57,DFO,IC,2013,12,0.0,0.0,0.0,0.0,0.0,0.0,0.0,6.0,100.48,-110.06,0.0,0.0,-0.0,stranded
2035,"Power Depot Group A, LLC",Vaquero,65579,VQ8,TX,Cameron,26.168074,-97.654049,0.6,9.57,DFO,IC,2013,12,0.0,0.0,0.0,0.0,0.0,0.0,0.0,6.0,100.48,-110.06,0.0,0.0,-0.0,stranded
2035,"Power Depot Group A, LLC",Vaquero,65579,VQ9,TX,Cameron,26.168074,-97.654049,0.6,9.57,DFO,IC,2013,12,0.0,0.0,0.0,0.0,0.0,0.0,0.0,6.0,100.48,-110.06,0.0,0.0,-0.0,stranded
2035,Luminant Generation Company LLC,Morgan Creek,3492,CT1,TX,Mitchell,32.3358,-100.9156,89.4,9.79,DFO,GT,1988,37,0.0,0.0,0.0,0.0,0.0,0.0,0.0,6.0,102.79,-112.37,0.0,0.0,-0.0,stranded
2035,Luminant Generation Company LLC,Morgan Creek,3492,CT2,TX,Mitchell,32.3358,-100.9156,89.4,9.79,DFO,GT,1988,37,0.0,0.0,0.0,0.0,0.0,0.0,0.0,6.0,102.79,-112.37,0.0,0.0,-0.0,stranded
2035,Luminant Generation Company LLC,Morgan Creek,3492,CT3,TX,Mitchell,32.3358,-100.9156,89.4,9.79,DFO,GT,1988,37,0.0,0.0,0.0,0.0,0.0,0.0,0.0,6.0,102.79,-112.37,0.0,0.0,-0.0,stranded
2035,Luminant Generation Company LLC,Morgan Creek,3492,CT4,TX,Mitchell,32.3358,-100.9156,89.4,9.79,DFO,GT,1988,37,0.0,0.0,0.0,0.0,0.0,0.0,0.0,6.0,102.79,-112.37,0.0,0.0,-0.0,stranded
2035,Luminant Generation Company LLC,Morgan Creek,3492,CT5,TX,Mitchell,32.3358,-100.9156,89.4,9.79,DFO,GT,1988,37,0.0,0.0,0.0,0.0,0.0,0.0,0.0,6.0,102.79,-112.37,0.0,0.0,-0.0,stranded
2035,Luminant Generation Company LLC,Morgan Creek,3492,CT6,TX,Mitchell,32.3358,-100.9156,89.4,9.79,DFO,GT,1988,37,0.0,0.0,0.0,0.0,0.0,0.0,0.0,6.0,102.79,-112.37,0.0,0.0,-0.0,stranded
2035,ClearGen LLC,"CG PS Victoria WWTP, LLC",66992,VWWTP,TX,Victoria,28.79346,-97.01223,1.3,9.94,DFO,IC,2020,5,0.0,0.0,0.0,0.0,0.0,0.0,0.0,6.0,104.37,-113.94,0.0,0.0,-0.0,stranded
2035,Pasadena Refining System Inc,PRSI FCC Generator,58069,55M1,TX,Harris,29.723333,-95.210278,4.7,10.5,PC,ST,1979,46,0.0,0.0,0.0,0.0,0.0,0.0,0.0,6.0,110.25,-119.83,0.0,0.0,-0.0,stranded
2035,Vitro Architectural Glass,Works 4,54364,L1G,TX,Wichita,34.003489,-98.553539,2.0,10.58,DFO,IC,1975,50,0.0,0.0,0.0,0.0,0.0,0.0,0.0,6.0,111.09,-120.67,0.0,0.0,-0.0,stranded
2035,Vitro Architectural Glass,Works 4,54364,L1PG,TX,Wichita,34.003489,-98.553539,0.9,10.58,DFO,IC,1980,45,0.0,0.0,0.0,0.0,0.0,0.0,0.0,6.0,111.09,-120.67,0.0,0.0,-0.0,stranded
2035,Vitro Architectural Glass,Works 4,54364,L2G,TX,Wichita,34.003489,-98.553539,2.0,10.58,DFO,IC,1974,51,0.0,0.0,0.0,0.0,0.0,0.0,0.0,6.0,111.09,-120.67,0.0,0.0,-0.0,stranded
2035,Luminant Generation Company LLC,Trinidad (TX),3507,D1,TX,Henderson,32.124519,-96.101277,2.0,11.26,DFO,IC,1966,59,0.0,0.0,0.0,0.0,0.0,0.0,0.0,6.0,118.23,-127.81,0.0,0.0,-0.0,stranded
2035,Luminant Generation Company LLC,Trinidad (TX),3507,D2,TX,Henderson,32.124519,-96.101277,2.0,11.26,DFO,IC,1966,59,0.0,0.0,0.0,0.0,0.0,0.0,0.0,6.0,118.23,-127.81,0.0,0.0,-0.0,stranded
2035,Seadrift Coke L P,Seadrift Coke LP,10167,GEN1,TX,Calhoun,28.513929,-96.794154,7.6,11.37,PC,ST,1983,42,0.0,0.0,0.0,0.0,0.0,0.0,0.0,6.0,119.38,-128.96,0.0,0.0,-0.0,stranded
2035,Brownsville Public Utilities Board,Silas Ray,3559,DG-3a,TX,Cameron,25.9131,-97.5214,1.3,11.79,DFO,IC,2001,24,0.0,0.0,0.0,0.0,0.0,0.0,0.0,6.0,123.79,-133.37,0.0,0.0,-0.0,stranded
2035,Brownsville Public Utilities Board,Silas Ray,3559,DG-3b,TX,Cameron,25.9131,-97.5214,1.3,11.79,DFO,IC,2001,24,0.0,0.0,0.0,0.0,0.0,0.0,0.0,6.0,123.79,-133.37,0.0,0.0,-0.0,stranded
2035,Brownsville Public Utilities Board,Silas Ray,3559,DG-4,TX,Cameron,25.9131,-97.5214,1.3,11.79,DFO,IC,2001,24,0.0,0.0,0.0,0.0,0.0,0.0,0.0,6.0,123.79,-133.37,0.0,0.0,-0.0,stranded
2035,Brownsville Public Utilities Board,Silas Ray,3559,DG-6a,TX,Cameron,25.9131,-97.5214,1.3,11.79,DFO,IC,2001,24,0.0,0.0,0.0,0.0,0.0,0.0,0.0,6.0,123.79,-133.37,0.0,0.0,-0.0,stranded
2035,Brownsville Public Utilities Board,Silas Ray,3559,DG-6b,TX,Cameron,25.9131,-97.5214,1.3,11.79,DFO,IC,2001,24,0.0,0.0,0.0,0.0,0.0,0.0,0.0,6.0,123.79,-133.37,0.0,0.0,-0.0,stranded
2035,Austin Energy,Robert Mueller Energy Center,56374,DG1,TX,Travis,30.304994,-97.707675,1.5,12.09,DFO,IC,2006,19,0.0,0.0,0.0,0.0,0.0,0.0,0.0,6.0,126.94,-136.52,0.0,0.0,-0.0,stranded
2035,Luminant Generation Company LLC,Stryker Creek,3504,D1,TX,Cherokee,31.93985,-94.989834,2.0,12.15,DFO,IC,1966,59,0.0,0.0,0.0,0.0,0.0,0.0,0.0,6.0,127.58,-137.15,0.0,0.0,-0.0,stranded
2035,Luminant Generation Company LLC,Stryker Creek,3504,D2,TX,Cherokee,31.93985,-94.989834,2.0,12.15,DFO,IC,1966,59,0.0,0.0,0.0,0.0,0.0,0.0,0.0,6.0,127.58,-137.15,0.0,0.0,-0.0,stranded
2035,Luminant Generation Company LLC,Stryker Creek,3504,D3,TX,Cherokee,31.93985,-94.989834,2.0,12.15,DFO,IC,1966,59,0.0,0.0,0.0,0.0,0.0,0.0,0.0,6.0,127.58,-137.15,0.0,0.0,-0.0,stranded
2035,Luminant Generation Company LLC,Stryker Creek,3504,D4,TX,Cherokee,31.93985,-94.989834,2.0,12.15,DFO,IC,1966,59,0.0,0.0,0.0,0.0,0.0,0.0,0.0,6.0,127.58,-137.15,0.0,0.0,-0.0,stranded
2035,Luminant Generation Company LLC,Stryker Creek,3504,D5,TX,Cherokee,31.93985,-94.989834,2.0,12.15,DFO,IC,1966,59,0.0,0.0,0.0,0.0,0.0,0.0,0.0,6.0,127.58,-137.15,0.0,0.0,-0.0,stranded
2035,Valero Refining Co,Valero Refinery Corpus Christi West,50121,TG1,TX,Nueces,27.8175,-97.4814,28.6,14.41,PC,ST,1983,42,0.0,0.0,0.0,0.0,0.0,0.0,0.0,6.0,151.31,-160.88,0.0,0.0,-0.0,stranded
2035,Valero Refining Co,Valero Refinery Corpus Christi West,50121,TG2,TX,Nueces,27.8175,-97.4814,28.6,14.41,PC,ST,1983,42,0.0,0.0,0.0,0.0,0.0,0.0,0.0,6.0,151.31,-160.88,0.0,0.0,-0.0,stranded
2035,"Power Depot Group A, LLC",Cutten,65538,CUT1,TX,Harris,29.956811,-95.527643,0.6,15.23,DFO,IC,2013,12,0.0,0.0,0.0,0.0,0.0,0.0,0.0,6.0,159.91,-169.49,0.0,0.0,-0.0,stranded
2035,"Power Depot Group A, LLC",Cutten,65538,CUT10,TX,Harris,29.956811,-95.527643,0.6,15.23,DFO,IC,2013,12,0.0,0.0,0.0,0.0,0.0,0.0,0.0,6.0,159.91,-169.49,0.0,0.0,-0.0,stranded
2035,"Power Depot Group A, LLC",Cutten,65538,CUT11,TX,Harris,29.956811,-95.527643,0.6,15.23,DFO,IC,2013,12,0.0,0.0,0.0,0.0,0.0,0.0,0.0,6.0,159.91,-169.49,0.0,0.0,-0.0,stranded
2035,"Power Depot Group A, LLC",Cutten,65538,CUT12,TX,Harris,29.956811,-95.527643,0.6,15.23,DFO,IC,2013,12,0.0,0.0,0.0,0.0,0.0,0.0,0.0,6.0,159.91,-169.49,0.0,0.0,-0.0,stranded
2035,"Power Depot Group A, LLC",Cutten,65538,CUT13,TX,Harris,29.956811,-95.527643,0.6,15.23,DFO,IC,2013,12,0.0,0.0,0.0,0.0,0.0,0.0,0.0,6.0,159.91,-169.49,0.0,0.0,-0.0,stranded
2035,"Power Depot Group A, LLC",Cutten,65538,CUT14,TX,Harris,29.956811,-95.527643,0.6,15.23,DFO,IC,2013,12,0.0,0.0,0.0,0.0,0.0,0.0,0.0,6.0,159.91,-169.49,0.0,0.0,-0.0,stranded
2035,"Power Depot Group A, LLC",Cutten,65538,CUT15,TX,Harris,29.956811,-95.527643,0.6,15.23,DFO,IC,2013,12,0.0,0.0,0.0,0.0,0.0,0.0,0.0,6.0,159.91,-169.49,0.0,0.0,-0.0,stranded
2035,"Power Depot Group A, LLC",Cutten,65538,CUT2,TX,Harris,29.956811,-95.527643,0.6,15.23,DFO,IC,2013,12,0.0,0.0,0.0,0.0,0.0,0.0,0.0,6.0,159.91,-169.49,0.0,0.0,-0.0,stranded
2035,"Power Depot Group A, LLC",Cutten,65538,CUT3,TX,Harris,29.956811,-95.527643,0.6,15.23,DFO,IC,2013,12,0.0,0.0,0.0,0.0,0.0,0.0,0.0,6.0,159.91,-169.49,0.0,0.0,-0.0,stranded
2035,"Power Depot Group A, LLC",Cutten,65538,CUT4,TX,Harris,29.956811,-95.527643,0.6,15.23,DFO,IC,2013,12,0.0,0.0,0.0,0.0,0.0,0.0,0.0,6.0,159.91,-169.49,0.0,0.0,-0.0,stranded
2035,"Power Depot Group A, LLC",Cutten,65538,CUT5,TX,Harris,29.956811,-95.527643,0.6,15.23,DFO,IC,2013,12,0.0,0.0,0.0,0.0,0.0,0.0,0.0,6.0,159.91,-169.49,0.0,0.0,-0.0,stranded
2035,"Power Depot Group A, LLC",Cutten,65538,CUT6,TX,Harris,29.956811,-95.527643,0.6,15.23,DFO,IC,2013,12,0.0,0.0,0.0,0.0,0.0,0.0,0.0,6.0,159.91,-169.49,0.0,0.0,-0.0,stranded
2035,"Power Depot Group A, LLC",Cutten,65538,CUT7,TX,Harris,29.956811,-95.527643,0.6,15.23,DFO,IC,2013,12,0.0,0.0,0.0,0.0,0.0,0.0,0.0,6.0,159.91,-169.49,0.0,0.0,-0.0,stranded
2035,"Power Depot Group A, LLC",Cutten,65538,CUT8,TX,Harris,29.956811,-95.527643,0.6,15.23,DFO,IC,2013,12,0.0,0.0,0.0,0.0,0.0,0.0,0.0,6.0,159.91,-169.49,0.0,0.0,-0.0,stranded
2035,"Power Depot Group A, LLC",Cutten,65538,CUT9,TX,Harris,29.956811,-95.527643,0.6,15.23,DFO,IC,2013,12,0.0,0.0,0.0,0.0,0.0,0.0,0.0,6.0,159.91,-169.49,0.0,0.0,-0.0,stranded
2035,"Power Depot Group A, LLC",Villa Cavasos,65580,VC1,TX,Cameron,26.02131,-97.596284,0.6,17.2,DFO,IC,2013,12,0.0,0.0,0.0,0.0,0.0,0.0,0.0,6.0,180.6,-190.17,0.0,0.0,-0.0,stranded
2035,"Power Depot Group A, LLC",Villa Cavasos,65580,VC10,TX,Cameron,26.02131,-97.596284,0.6,17.2,DFO,IC,2013,12,0.0,0.0,0.0,0.0,0.0,0.0,0.0,6.0,180.6,-190.17,0.0,0.0,-0.0,stranded
2035,"Power Depot Group A, LLC",Villa Cavasos,65580,VC11,TX,Cameron,26.02131,-97.596284,0.6,17.2,DFO,IC,2013,12,0.0,0.0,0.0,0.0,0.0,0.0,0.0,6.0,180.6,-190.17,0.0,0.0,-0.0,stranded
2035,"Power Depot Group A, LLC",Villa Cavasos,65580,VC12,TX,Cameron,26.02131,-97.596284,0.6,17.2,DFO,IC,2013,12,0.0,0.0,0.0,0.0,0.0,0.0,0.0,6.0,180.6,-190.17,0.0,0.0,-0.0,stranded
2035,"Power Depot Group A, LLC",Villa Cavasos,65580,VC13,TX,Cameron,26.02131,-97.596284,0.6,17.2,DFO,IC,2013,12,0.0,0.0,0.0,0.0,0.0,0.0,0.0,6.0,180.6,-190.17,0.0,0.0,-0.0,stranded
2035,"Power Depot Group A, LLC",Villa Cavasos,65580,VC14,TX,Cameron,26.02131,-97.596284,0.6,17.2,DFO,IC,2013,12,0.0,0.0,0.0,0.0,0.0,0.0,0.0,6.0,180.6,-190.17,0.0,0.0,-0.0,stranded
2035,"Power Depot Group A, LLC",Villa Cavasos,65580,VC15,TX,Cameron,26.02131,-97.596284,0.6,17.2,DFO,IC,2013,12,0.0,0.0,0.0,0.0,0.0,0.0,0.0,6.0,180.6,-190.17,0.0,0.0,-0.0,stranded
2035,"Power Depot Group A, LLC",Villa Cavasos,65580,VC2,TX,Cameron,26.02131,-97.596284,0.6,17.2,DFO,IC,2013,12,0.0,0.0,0.0,0.0,0.0,0.0,0.0,6.0,180.6,-190.17,0.0,0.0,-0.0,stranded
2035,"Power Depot Group A, LLC",Villa Cavasos,65580,VC3,TX,Cameron,26.02131,-97.596284,0.6,17.2,DFO,IC,2013,12,0.0,0.0,0.0,0.0,0.0,0.0,0.0,6.0,180.6,-190.17,0.0,0.0,-0.0,stranded
2035,"Power Depot Group A, LLC",Villa Cavasos,65580,VC4,TX,Cameron,26.02131,-97.596284,0.6,17.2,DFO,IC,2013,12,0.0,0.0,0.0,0.0,0.0,0.0,0.0,6.0,180.6,-190.17,0.0,0.0,-0.0,stranded
2035,"Power Depot Group A, LLC",Villa Cavasos,65580,VC5,TX,Cameron,26.02131,-97.596284,0.6,17.2,DFO,IC,2013,12,0.0,0.0,0.0,0.0,0.0,0.0,0.0,6.0,180.6,-190.17,0.0,0.0,-0.0,stranded
2035,"Power Depot Group A, LLC",Villa Cavasos,65580,VC6,TX,Cameron,26.02131,-97.596284,0.6,17.2,DFO,IC,2013,12,0.0,0.0,0.0,0.0,0.0,0.0,0.0,6.0,180.6,-190.17,0.0,0.0,-0.0,stranded
2035,"Power Depot Group A, LLC",Villa Cavasos,65580,VC7,TX,Cameron,26.02131,-97.596284,0.6,17.2,DFO,IC,2013,12,0.0,0.0,0.0,0.0,0.0,0.0,0.0,6.0,180.6,-190.17,0.0,0.0,-0.0,stranded
2035,"Power Depot Group A, LLC",Villa Cavasos,65580,VC8,TX,Cameron,26.02131,-97.596284,0.6,17.2,DFO,IC,2013,12,0.0,0.0,0.0,0.0,0.0,0.0,0.0,6.0,180.6,-190.17,0.0,0.0,-0.0,stranded
2035,"Power Depot Group A, LLC",Villa Cavasos,65580,VC9,TX,Cameron,26.02131,-97.596284,0.6,17.2,DFO,IC,2013,12,0.0,0.0,0.0,0.0,0.0,0.0,0.0,6.0,180.6,-190.17,0.0,0.0,-0.0,stranded
2035,City of Greenville - (TX),Powerlane Plant,4195,ST2,TX,Hunt,33.1707,-96.1264,25.0,21.07,DFO,ST,1967,58,0.0,0.0,0.0,0.0,0.0,0.0,0.0,6.0,221.24,-230.81,0.0,0.0,-0.0,stranded
2035,City of Greenville - (TX),Powerlane Plant,4195,ST3,TX,Hunt,33.1707,-96.1264,43.2,21.07,DFO,ST,1978,47,0.0,0.0,0.0,0.0,0.0,0.0,0.0,6.0,221.24,-230.81,0.0,0.0,-0.0,stranded
