hour,datetime,load_mw,it_load_mw,cooling_load_mw,other_load_mw,pue
0,2023-01-01 00:00:00,72.582,67.763,3.132,1.687,1.0711
1,2023-01-01 01:00:00,71.66,66.882,3.106,1.673,1.0714
2,2023-01-01 02:00:00,73.258,68.31,3.217,1.732,1.0724
3,2023-01-01 03:00:00,73.808,68.721,3.307,1.78,1.074
4,2023-01-01 04:00:00,72.162,67.059,3.317,1.786,1.0761
5,2023-01-01 05:00:00,73.268,67.936,3.466,1.866,1.0785
6,2023-01-01 06:00:00,75.015,69.389,3.657,1.969,1.0811
7,2023-01-01 07:00:00,75.348,69.532,3.781,2.036,1.0837
8,2023-01-01 08:00:00,76.202,70.163,3.925,2.113,1.0861
9,2023-01-01 09:00:00,76.104,69.94,4.006,2.157,1.0881
10,2023-01-01 10:00:00,77.839,71.431,4.165,2.243,1.0897
11,2023-01-01 11:00:00,78.023,71.535,4.217,2.271,1.0907
12,2023-01-01 12:00:00,77.569,71.096,4.207,2.265,1.091
13,2023-01-01 13:00:00,78.289,71.779,4.231,2.278,1.0907
14,2023-01-01 14:00:00,77.523,71.143,4.147,2.233,1.0897
15,2023-01-01 15:00:00,76.096,69.936,4.004,2.156,1.0881
16,2023-01-01 16:00:00,76.491,70.433,3.938,2.12,1.086
17,2023-01-01 17:00:00,74.856,69.082,3.754,2.021,1.0836
18,2023-01-01 18:00:00,75.578,69.915,3.681,1.982,1.081
19,2023-01-01 19:00:00,74.207,68.812,3.507,1.888,1.0784
20,2023-01-01 20:00:00,73.485,68.296,3.373,1.816,1.076
21,2023-01-01 21:00:00,72.581,67.586,3.247,1.748,1.0739
22,2023-01-01 22:00:00,73.604,68.64,3.226,1.737,1.0723
23,2023-01-01 23:00:00,72.315,67.501,3.129,1.685,1.0713
24,2023-01-02 00:00:00,72.772,67.95,3.134,1.688,1.071
25,2023-01-02 01:00:00,72.916,68.063,3.154,1.698,1.0713
26,2023-01-02 02:00:00,73.835,68.857,3.235,1.742,1.0723
27,2023-01-02 03:00:00,74.117,69.018,3.314,1.784,1.0739
28,2023-01-02 04:00:00,74.685,69.414,3.426,1.845,1.0759
29,2023-01-02 05:00:00,75.321,69.849,3.557,1.915,1.0783
30,2023-01-02 06:00:00,77.285,71.499,3.761,2.025,1.0809
31,2023-01-02 07:00:00,76.028,70.168,3.809,2.051,1.0835
32,2023-01-02 08:00:00,76.575,70.516,3.938,2.12,1.0859
33,2023-01-02 09:00:00,76.885,70.668,4.041,2.176,1.088
34,2023-01-02 10:00:00,78.39,71.947,4.188,2.255,1.0896
35,2023-01-02 11:00:00,79.044,72.481,4.266,2.297,1.0906
36,2023-01-02 12:00:00,78.184,71.67,4.234,2.28,1.0909
37,2023-01-02 13:00:00,77.54,71.102,4.184,2.253,1.0905
38,2023-01-02 14:00:00,77.29,70.938,4.128,2.223,1.0895
39,2023-01-02 15:00:00,77.997,71.693,4.098,2.207,1.0879
40,2023-01-02 16:00:00,77.525,71.395,3.985,2.146,1.0859
41,2023-01-02 17:00:00,76.744,70.833,3.842,2.069,1.0834
42,2023-01-02 18:00:00,75.156,69.534,3.654,1.968,1.0809
43,2023-01-02 19:00:00,75.165,69.71,3.546,1.909,1.0783
44,2023-01-02 20:00:00,74.455,69.207,3.412,1.837,1.0758
45,2023-01-02 21:00:00,73.999,68.916,3.304,1.779,1.0738
46,2023-01-02 22:00:00,74.081,69.094,3.241,1.745,1.0722
47,2023-01-02 23:00:00,73.338,68.466,3.167,1.705,1.0712
48,2023-01-03 00:00:00,73.592,68.725,3.163,1.703,1.0708
49,2023-01-03 01:00:00,73.221,68.357,3.161,1.702,1.0712
50,2023-01-03 02:00:00,73.642,68.687,3.221,1.734,1.0721
51,2023-01-03 03:00:00,74.307,69.204,3.316,1.786,1.0737
52,2023-01-03 04:00:00,73.267,68.105,3.355,1.807,1.0758
53,2023-01-03 05:00:00,74.744,69.323,3.524,1.897,1.0782
54,2023-01-03 06:00:00,75.299,69.671,3.658,1.97,1.0808
55,2023-01-03 07:00:00,75.842,70.006,3.793,2.043,1.0834
56,2023-01-03 08:00:00,76.745,70.682,3.941,2.122,1.0858
57,2023-01-03 09:00:00,78.633,72.284,4.127,2.222,1.0878
58,2023-01-03 10:00:00,77.25,70.909,4.121,2.219,1.0894
59,2023-01-03 11:00:00,78.911,72.368,4.253,2.29,1.0904
60,2023-01-03 12:00:00,76.976,70.572,4.163,2.241,1.0907
61,2023-01-03 13:00:00,77.916,71.456,4.199,2.261,1.0904
62,2023-01-03 14:00:00,78.033,71.629,4.162,2.241,1.0894
63,2023-01-03 15:00:00,77.939,71.648,4.089,2.202,1.0878
64,2023-01-03 16:00:00,77.491,71.373,3.977,2.141,1.0857
65,2023-01-03 17:00:00,76.924,71.008,3.845,2.07,1.0833
66,2023-01-03 18:00:00,75.386,69.756,3.66,1.971,1.0807
67,2023-01-03 19:00:00,74.631,69.223,3.515,1.893,1.0781
68,2023-01-03 20:00:00,75.004,69.726,3.431,1.847,1.0757
69,2023-01-03 21:00:00,73.682,68.629,3.284,1.769,1.0736
70,2023-01-03 22:00:00,72.46,67.591,3.165,1.704,1.072
71,2023-01-03 23:00:00,72.312,67.516,3.117,1.678,1.071
72,2023-01-04 00:00:00,72.385,67.606,3.106,1.673,1.0707
73,2023-01-04 01:00:00,73.534,68.658,3.169,1.707,1.071
74,2023-01-04 02:00:00,73.523,68.584,3.21,1.729,1.072
75,2023-01-04 03:00:00,74.342,69.246,3.313,1.784,1.0736
76,2023-01-04 04:00:00,74.033,68.826,3.385,1.823,1.0757
77,2023-01-04 05:00:00,75.096,69.658,3.535,1.903,1.0781
78,2023-01-04 06:00:00,76.119,70.438,3.693,1.988,1.0807
79,2023-01-04 07:00:00,76.082,70.236,3.8,2.046,1.0832
80,2023-01-04 08:00:00,77.292,71.195,3.963,2.134,1.0856
81,2023-01-04 09:00:00,76.981,70.774,4.035,2.173,1.0877
82,2023-01-04 10:00:00,77.624,71.261,4.136,2.227,1.0893
83,2023-01-04 11:00:00,77.872,71.423,4.192,2.257,1.0903
84,2023-01-04 12:00:00,77.339,70.913,4.177,2.249,1.0906
85,2023-01-04 13:00:00,78.534,72.031,4.227,2.276,1.0903
86,2023-01-04 14:00:00,77.542,71.187,4.131,2.224,1.0893
87,2023-01-04 15:00:00,77.493,71.246,4.06,2.186,1.0877
88,2023-01-04 16:00:00,77.307,71.212,3.962,2.134,1.0856
89,2023-01-04 17:00:00,76.652,70.766,3.826,2.06,1.0832
90,2023-01-04 18:00:00,76.145,70.466,3.691,1.988,1.0806
91,2023-01-04 19:00:00,74.897,69.478,3.522,1.897,1.078
92,2023-01-04 20:00:00,74.031,68.829,3.381,1.821,1.0756
93,2023-01-04 21:00:00,73.757,68.707,3.283,1.768,1.0735
94,2023-01-04 22:00:00,72.143,67.303,3.146,1.694,1.0719
95,2023-01-04 23:00:00,72.068,67.297,3.102,1.67,1.0709
96,2023-01-05 00:00:00,72.075,67.324,3.088,1.663,1.0706
97,2023-01-05 01:00:00,72.405,67.612,3.116,1.678,1.0709
98,2023-01-05 02:00:00,73.708,68.764,3.213,1.73,1.0719
99,2023-01-05 03:00:00,73.135,68.129,3.254,1.752,1.0735
100,2023-01-05 04:00:00,74.062,68.86,3.381,1.821,1.0755
101,2023-01-05 05:00:00,75.949,70.457,3.57,1.922,1.078
102,2023-01-05 06:00:00,75.368,69.751,3.651,1.966,1.0805
103,2023-01-05 07:00:00,76.868,70.969,3.834,2.065,1.0831
104,2023-01-05 08:00:00,76.227,70.221,3.904,2.102,1.0855
105,2023-01-05 09:00:00,77.321,71.094,4.048,2.18,1.0876
106,2023-01-05 10:00:00,77.169,70.851,4.107,2.211,1.0892
107,2023-01-05 11:00:00,77.896,71.453,4.188,2.255,1.0902
108,2023-01-05 12:00:00,78.885,72.338,4.256,2.291,1.0905
109,2023-01-05 13:00:00,76.836,70.481,4.131,2.224,1.0902
110,2023-01-05 14:00:00,78.223,71.82,4.162,2.241,1.0892
111,2023-01-05 15:00:00,77.656,71.404,4.064,2.188,1.0876
112,2023-01-05 16:00:00,76.483,70.459,3.915,2.108,1.0855
113,2023-01-05 17:00:00,75.209,69.441,3.75,2.019,1.0831
114,2023-01-05 18:00:00,75.688,70.05,3.664,1.973,1.0805
115,2023-01-05 19:00:00,74.564,69.176,3.502,1.886,1.0779
116,2023-01-05 20:00:00,74.517,69.288,3.399,1.83,1.0755
117,2023-01-05 21:00:00,73.826,68.778,3.281,1.767,1.0734
118,2023-01-05 22:00:00,74.603,69.606,3.249,1.749,1.0718
119,2023-01-05 23:00:00,72.966,68.142,3.136,1.689,1.0708
120,2023-01-06 00:00:00,72.291,67.534,3.093,1.665,1.0705
121,2023-01-06 01:00:00,73.28,68.435,3.149,1.696,1.0708
122,2023-01-06 02:00:00,73.566,68.638,3.203,1.725,1.0718
123,2023-01-06 03:00:00,74.829,69.714,3.325,1.79,1.0734
124,2023-01-06 04:00:00,74.968,69.71,3.418,1.841,1.0754
125,2023-01-06 05:00:00,75.23,69.797,3.532,1.902,1.0778
126,2023-01-06 06:00:00,76.737,71.024,3.713,1.999,1.0804
127,2023-01-06 07:00:00,75.4,69.621,3.757,2.023,1.083
128,2023-01-06 08:00:00,76.443,70.427,3.91,2.106,1.0854
129,2023-01-06 09:00:00,76.764,70.589,4.014,2.161,1.0875
130,2023-01-06 10:00:00,77.588,71.243,4.125,2.221,1.0891
131,2023-01-06 11:00:00,77.097,70.727,4.141,2.23,1.0901
132,2023-01-06 12:00:00,78.721,72.195,4.242,2.284,1.0904
133,2023-01-06 13:00:00,77.977,71.535,4.187,2.255,1.0901
134,2023-01-06 14:00:00,76.763,70.486,4.08,2.197,1.0891
135,2023-01-06 15:00:00,76.695,70.527,4.009,2.159,1.0875
136,2023-01-06 16:00:00,77.165,71.094,3.946,2.125,1.0854
137,2023-01-06 17:00:00,76.934,71.04,3.831,2.063,1.083
138,2023-01-06 18:00:00,77.137,71.398,3.73,2.009,1.0804
139,2023-01-06 19:00:00,77.155,71.587,3.62,1.949,1.0778
140,2023-01-06 20:00:00,74.647,69.415,3.401,1.831,1.0754
141,2023-01-06 21:00:00,73.059,68.07,3.243,1.746,1.0733
142,2023-01-06 22:00:00,71.796,66.992,3.122,1.681,1.0717
143,2023-01-06 23:00:00,73.34,68.497,3.148,1.695,1.0707
144,2023-01-07 00:00:00,71.693,66.981,3.063,1.649,1.0704
145,2023-01-07 01:00:00,72.078,67.319,3.093,1.666,1.0707
146,2023-01-07 02:00:00,72.185,67.356,3.139,1.69,1.0717
147,2023-01-07 03:00:00,72.944,67.964,3.237,1.743,1.0733
148,2023-01-07 04:00:00,74.383,69.171,3.387,1.824,1.0753
149,2023-01-07 05:00:00,74.318,68.957,3.485,1.876,1.0777
150,2023-01-07 06:00:00,74.747,69.189,3.613,1.945,1.0803
151,2023-01-07 07:00:00,74.752,69.028,3.72,2.003,1.0829
152,2023-01-07 08:00:00,74.89,69.003,3.827,2.061,1.0853
153,2023-01-07 09:00:00,76.332,70.197,3.988,2.147,1.0874
154,2023-01-07 10:00:00,77.076,70.778,4.094,2.204,1.089
155,2023-01-07 11:00:00,78.727,72.228,4.224,2.275,1.09
156,2023-01-07 12:00:00,77.566,71.141,4.176,2.249,1.0903
157,2023-01-07 13:00:00,78.127,71.678,4.192,2.257,1.09
158,2023-01-07 14:00:00,76.735,70.466,4.075,2.194,1.089
159,2023-01-07 15:00:00,75.798,69.708,3.959,2.132,1.0874
160,2023-01-07 16:00:00,75.428,69.499,3.853,2.075,1.0853
161,2023-01-07 17:00:00,74.984,69.245,3.73,2.009,1.0829
162,2023-01-07 18:00:00,76.474,70.79,3.694,1.989,1.0803
163,2023-01-07 19:00:00,73.577,68.272,3.448,1.857,1.0777
164,2023-01-07 20:00:00,74.207,69.012,3.377,1.818,1.0753
165,2023-01-07 21:00:00,72.367,67.431,3.209,1.728,1.0732
166,2023-01-07 22:00:00,73.338,68.437,3.186,1.715,1.0716
167,2023-01-07 23:00:00,72.672,67.879,3.116,1.678,1.0706
168,2023-01-08 00:00:00,72.179,67.44,3.08,1.659,1.0703
169,2023-01-08 01:00:00,72.353,67.581,3.102,1.67,1.0706
170,2023-01-08 02:00:00,72.147,67.326,3.133,1.687,1.0716
171,2023-01-08 03:00:00,73.379,68.375,3.253,1.751,1.0732
172,2023-01-08 04:00:00,73.232,68.107,3.332,1.794,1.0753
173,2023-01-08 05:00:00,73.27,67.989,3.432,1.848,1.0777
174,2023-01-08 06:00:00,73.895,68.405,3.568,1.921,1.0803
175,2023-01-08 07:00:00,75.662,69.874,3.762,2.026,1.0828
176,2023-01-08 08:00:00,77.357,71.28,3.95,2.127,1.0852
177,2023-01-08 09:00:00,76.818,70.649,4.01,2.159,1.0873
178,2023-01-08 10:00:00,77.02,70.732,4.087,2.201,1.0889
179,2023-01-08 11:00:00,77.59,71.19,4.16,2.24,1.0899
180,2023-01-08 12:00:00,78.458,71.964,4.221,2.273,1.0902
181,2023-01-08 13:00:00,77.539,71.144,4.157,2.238,1.0899
182,2023-01-08 14:00:00,76.797,70.528,4.075,2.194,1.0889
183,2023-01-08 15:00:00,77.537,71.312,4.046,2.179,1.0873
184,2023-01-08 16:00:00,76.481,70.475,3.904,2.102,1.0852
185,2023-01-08 17:00:00,76.693,70.828,3.812,2.053,1.0828
186,2023-01-08 18:00:00,74.997,69.428,3.62,1.949,1.0802
187,2023-01-08 19:00:00,73.267,67.99,3.43,1.847,1.0776
188,2023-01-08 20:00:00,72.541,67.467,3.298,1.776,1.0752
189,2023-01-08 21:00:00,74.28,69.218,3.29,1.772,1.0731
190,2023-01-08 22:00:00,73.927,68.991,3.208,1.727,1.0715
191,2023-01-08 23:00:00,72.244,67.484,3.094,1.666,1.0705
192,2023-01-09 00:00:00,72.754,67.982,3.102,1.67,1.0702
193,2023-01-09 01:00:00,74.223,69.333,3.179,1.712,1.0705
194,2023-01-09 02:00:00,72.553,67.71,3.148,1.695,1.0715
195,2023-01-09 03:00:00,73.118,68.136,3.238,1.744,1.0731
196,2023-01-09 04:00:00,74.806,69.575,3.4,1.831,1.0752
197,2023-01-09 05:00:00,74.646,69.271,3.494,1.881,1.0776
198,2023-01-09 06:00:00,75.609,69.996,3.648,1.964,1.0802
199,2023-01-09 07:00:00,76.16,70.339,3.784,2.038,1.0828
200,2023-01-09 08:00:00,77.168,71.111,3.937,2.12,1.0852
201,2023-01-09 09:00:00,78.524,72.223,4.096,2.205,1.0872
202,2023-01-09 10:00:00,77.937,71.579,4.133,2.225,1.0888
203,2023-01-09 11:00:00,78.621,72.141,4.212,2.268,1.0898
204,2023-01-09 12:00:00,76.655,70.315,4.121,2.219,1.0902
205,2023-01-09 13:00:00,78.092,71.656,4.184,2.253,1.0898
206,2023-01-09 14:00:00,77.225,70.925,4.095,2.205,1.0888
207,2023-01-09 15:00:00,76.524,70.384,3.991,2.149,1.0872
208,2023-01-09 16:00:00,76.243,70.26,3.889,2.094,1.0852
209,2023-01-09 17:00:00,76.029,70.219,3.776,2.033,1.0827
210,2023-01-09 18:00:00,76.303,70.641,3.68,1.982,1.0801
211,2023-01-09 19:00:00,73.94,68.619,3.459,1.863,1.0776
212,2023-01-09 20:00:00,74.342,69.146,3.377,1.819,1.0751
213,2023-01-09 21:00:00,73.423,68.424,3.25,1.75,1.0731
214,2023-01-09 22:00:00,73.134,68.255,3.171,1.708,1.0715
215,2023-01-09 23:00:00,73.875,69.012,3.161,1.702,1.0705
216,2023-01-10 00:00:00,73.44,68.627,3.128,1.685,1.0701
217,2023-01-10 01:00:00,74.126,69.246,3.172,1.708,1.0705
218,2023-01-10 02:00:00,73.263,68.376,3.176,1.71,1.0715
219,2023-01-10 03:00:00,73.263,68.275,3.242,1.746,1.0731
220,2023-01-10 04:00:00,74.15,68.968,3.368,1.813,1.0751
221,2023-01-10 05:00:00,75.122,69.717,3.514,1.892,1.0775
222,2023-01-10 06:00:00,75.742,70.124,3.652,1.966,1.0801
223,2023-01-10 07:00:00,75.458,69.694,3.747,2.017,1.0827
224,2023-01-10 08:00:00,76.976,70.938,3.925,2.113,1.0851
225,2023-01-10 09:00:00,77.622,71.397,4.046,2.179,1.0872
226,2023-01-10 10:00:00,79.783,73.278,4.228,2.277,1.0888
227,2023-01-10 11:00:00,79.558,73.004,4.26,2.294,1.0898
228,2023-01-10 12:00:00,77.564,71.153,4.167,2.244,1.0901
229,2023-01-10 13:00:00,77.906,71.489,4.171,2.246,1.0898
230,2023-01-10 14:00:00,76.748,70.491,4.067,2.19,1.0888
231,2023-01-10 15:00:00,76.998,70.824,4.013,2.161,1.0872
232,2023-01-10 16:00:00,77.146,71.096,3.933,2.118,1.0851
233,2023-01-10 17:00:00,77.192,71.297,3.832,2.063,1.0827
234,2023-01-10 18:00:00,75.055,69.49,3.618,1.948,1.0801
235,2023-01-10 19:00:00,74.444,69.089,3.481,1.874,1.0775
236,2023-01-10 20:00:00,72.7,67.622,3.301,1.777,1.0751
237,2023-01-10 21:00:00,73.661,68.649,3.258,1.754,1.073
238,2023-01-10 22:00:00,72.579,67.741,3.145,1.693,1.0714
239,2023-01-10 23:00:00,72.724,67.939,3.11,1.675,1.0704
240,2023-01-11 00:00:00,72.376,67.636,3.081,1.659,1.0701
241,2023-01-11 01:00:00,73.05,68.244,3.124,1.682,1.0704
242,2023-01-11 02:00:00,72.057,67.254,3.122,1.681,1.0714
243,2023-01-11 03:00:00,72.681,67.736,3.214,1.731,1.073
244,2023-01-11 04:00:00,75.917,70.615,3.446,1.856,1.0751
245,2023-01-11 05:00:00,73.965,68.646,3.457,1.862,1.0775
246,2023-01-11 06:00:00,74.776,69.232,3.603,1.94,1.0801
247,2023-01-11 07:00:00,77.669,71.739,3.854,2.075,1.0827
248,2023-01-11 08:00:00,79.111,72.909,4.031,2.171,1.0851
249,2023-01-11 09:00:00,76.553,70.417,3.988,2.148,1.0871
250,2023-01-11 10:00:00,77.58,71.258,4.11,2.213,1.0887
251,2023-01-11 11:00:00,78.383,71.929,4.195,2.259,1.0897
252,2023-01-11 12:00:00,79.531,72.96,4.271,2.3,1.0901
253,2023-01-11 13:00:00,77.37,71.0,4.141,2.23,1.0897
254,2023-01-11 14:00:00,77.673,71.344,4.114,2.215,1.0887
255,2023-01-11 15:00:00,78.036,71.782,4.065,2.189,1.0871
256,2023-01-11 16:00:00,77.234,71.179,3.935,2.119,1.0851
257,2023-01-11 17:00:00,75.99,70.19,3.77,2.03,1.0826
258,2023-01-11 18:00:00,75.503,69.906,3.638,1.959,1.0801
259,2023-01-11 19:00:00,73.897,68.585,3.453,1.859,1.0775
260,2023-01-11 20:00:00,74.134,68.958,3.364,1.811,1.0751
261,2023-01-11 21:00:00,73.581,68.576,3.253,1.752,1.073
262,2023-01-11 22:00:00,73.547,68.647,3.185,1.715,1.0714
263,2023-01-11 23:00:00,72.702,67.921,3.107,1.673,1.0704
264,2023-01-12 00:00:00,73.384,68.58,3.122,1.681,1.07
265,2023-01-12 01:00:00,73.876,69.019,3.158,1.7,1.0704
266,2023-01-12 02:00:00,73.49,68.593,3.183,1.714,1.0714
267,2023-01-12 03:00:00,74.044,69.009,3.273,1.762,1.073
268,2023-01-12 04:00:00,74.352,69.162,3.373,1.816,1.075
269,2023-01-12 05:00:00,74.934,69.547,3.501,1.885,1.0775
270,2023-01-12 06:00:00,75.057,69.495,3.615,1.947,1.08
271,2023-01-12 07:00:00,76.514,70.674,3.796,2.044,1.0826
272,2023-01-12 08:00:00,76.828,70.807,3.914,2.107,1.085
273,2023-01-12 09:00:00,79.035,72.703,4.116,2.216,1.0871
274,2023-01-12 10:00:00,79.057,72.617,4.186,2.254,1.0887
275,2023-01-12 11:00:00,78.415,71.96,4.195,2.259,1.0897
276,2023-01-12 12:00:00,77.627,71.216,4.168,2.244,1.09
277,2023-01-12 13:00:00,77.272,70.912,4.134,2.226,1.0897
278,2023-01-12 14:00:00,78.766,72.349,4.171,2.246,1.0887
279,2023-01-12 15:00:00,77.642,71.421,4.043,2.177,1.0871
280,2023-01-12 16:00:00,77.266,71.211,3.936,2.119,1.085
281,2023-01-12 17:00:00,74.951,69.232,3.718,2.002,1.0826
282,2023-01-12 18:00:00,76.303,70.649,3.675,1.979,1.08
283,2023-01-12 19:00:00,75.275,69.865,3.516,1.893,1.0774
284,2023-01-12 20:00:00,73.475,68.348,3.333,1.795,1.075
285,2023-01-12 21:00:00,73.425,68.432,3.245,1.747,1.0729
286,2023-01-12 22:00:00,73.569,68.669,3.185,1.715,1.0714
287,2023-01-12 23:00:00,73.155,68.346,3.126,1.683,1.0704
288,2023-01-13 00:00:00,72.81,68.045,3.097,1.668,1.07
289,2023-01-13 01:00:00,73.038,68.237,3.121,1.68,1.0704
290,2023-01-13 02:00:00,73.182,68.308,3.168,1.706,1.0714
291,2023-01-13 03:00:00,73.893,68.869,3.265,1.758,1.0729
292,2023-01-13 04:00:00,75.418,70.155,3.421,1.842,1.075
293,2023-01-13 05:00:00,72.996,67.75,3.41,1.836,1.0774
294,2023-01-13 06:00:00,75.422,69.834,3.632,1.956,1.08
295,2023-01-13 07:00:00,76.406,70.576,3.789,2.04,1.0826
296,2023-01-13 08:00:00,77.125,71.082,3.928,2.115,1.085
297,2023-01-13 09:00:00,77.158,70.977,4.018,2.163,1.0871
298,2023-01-13 10:00:00,76.518,70.286,4.051,2.181,1.0887
299,2023-01-13 11:00:00,78.369,71.92,4.192,2.257,1.0897
300,2023-01-13 12:00:00,79.526,72.959,4.269,2.298,1.09
301,2023-01-13 13:00:00,76.949,70.617,4.116,2.216,1.0897
302,2023-01-13 14:00:00,78.515,72.12,4.157,2.238,1.0887
303,2023-01-13 15:00:00,77.191,71.007,4.019,2.164,1.0871
304,2023-01-13 16:00:00,76.853,70.832,3.914,2.107,1.085
305,2023-01-13 17:00:00,75.474,69.716,3.743,2.015,1.0826
306,2023-01-13 18:00:00,75.348,69.766,3.628,1.954,1.08
307,2023-01-13 19:00:00,75.912,70.457,3.545,1.909,1.0774
308,2023-01-13 20:00:00,74.748,69.533,3.39,1.825,1.075
309,2023-01-13 21:00:00,75.079,69.975,3.317,1.786,1.0729
310,2023-01-13 22:00:00,74.253,69.309,3.214,1.731,1.0713
311,2023-01-13 23:00:00,73.444,68.617,3.137,1.689,1.0703
312,2023-01-14 00:00:00,73.585,68.771,3.129,1.685,1.07
313,2023-01-14 01:00:00,72.694,67.917,3.105,1.672,1.0703
314,2023-01-14 02:00:00,73.241,68.364,3.17,1.707,1.0713
315,2023-01-14 03:00:00,72.804,67.855,3.217,1.732,1.0729
316,2023-01-14 04:00:00,73.607,68.472,3.338,1.797,1.075
317,2023-01-14 05:00:00,73.651,68.359,3.44,1.852,1.0774
318,2023-01-14 06:00:00,75.592,69.993,3.64,1.96,1.08
319,2023-01-14 07:00:00,74.621,68.928,3.7,1.992,1.0826
320,2023-01-14 08:00:00,76.734,70.723,3.907,2.104,1.085
321,2023-01-14 09:00:00,76.534,70.404,3.985,2.146,1.0871
322,2023-01-14 10:00:00,77.987,71.635,4.128,2.223,1.0887
323,2023-01-14 11:00:00,77.928,71.516,4.168,2.244,1.0897
324,2023-01-14 12:00:00,78.834,72.324,4.231,2.278,1.09
325,2023-01-14 13:00:00,77.913,71.502,4.167,2.244,1.0897
326,2023-01-14 14:00:00,75.896,69.715,4.018,2.163,1.0887
327,2023-01-14 15:00:00,76.628,70.491,3.99,2.148,1.0871
328,2023-01-14 16:00:00,75.25,69.355,3.832,2.063,1.085
329,2023-01-14 17:00:00,75.121,69.39,3.725,2.006,1.0826
330,2023-01-14 18:00:00,75.986,70.358,3.659,1.97,1.08
331,2023-01-14 19:00:00,74.657,69.293,3.487,1.877,1.0774
332,2023-01-14 20:00:00,73.031,67.936,3.312,1.783,1.075
333,2023-01-14 21:00:00,72.265,67.353,3.193,1.719,1.0729
334,2023-01-14 22:00:00,72.645,67.807,3.144,1.693,1.0713
335,2023-01-14 23:00:00,71.454,66.758,3.052,1.644,1.0703
336,2023-01-15 00:00:00,71.776,67.08,3.052,1.643,1.07
337,2023-01-15 01:00:00,72.599,67.828,3.101,1.67,1.0703
338,2023-01-15 02:00:00,73.487,68.593,3.181,1.713,1.0713
339,2023-01-15 03:00:00,73.484,68.489,3.247,1.748,1.0729
340,2023-01-15 04:00:00,71.833,66.821,3.258,1.754,1.075
341,2023-01-15 05:00:00,74.406,69.06,3.475,1.871,1.0774
342,2023-01-15 06:00:00,74.899,69.35,3.606,1.942,1.08
343,2023-01-15 07:00:00,75.827,70.043,3.76,2.025,1.0826
344,2023-01-15 08:00:00,77.368,71.306,3.94,2.121,1.085
345,2023-01-15 09:00:00,75.109,69.093,3.911,2.106,1.0871
346,2023-01-15 10:00:00,76.644,70.402,4.057,2.185,1.0887
347,2023-01-15 11:00:00,77.806,71.404,4.161,2.241,1.0897
348,2023-01-15 12:00:00,76.238,69.943,4.092,2.203,1.09
349,2023-01-15 13:00:00,78.481,72.024,4.198,2.26,1.0897
350,2023-01-15 14:00:00,77.375,71.073,4.096,2.206,1.0887
351,2023-01-15 15:00:00,77.324,71.13,4.026,2.168,1.0871
352,2023-01-15 16:00:00,75.707,69.775,3.855,2.076,1.085
353,2023-01-15 17:00:00,76.131,70.323,3.775,2.033,1.0826
354,2023-01-15 18:00:00,75.652,70.048,3.643,1.961,1.08
355,2023-01-15 19:00:00,74.353,69.01,3.473,1.87,1.0774
356,2023-01-15 20:00:00,73.734,68.589,3.344,1.801,1.075
357,2023-01-15 21:00:00,73.23,68.252,3.236,1.742,1.0729
358,2023-01-15 22:00:00,71.973,67.18,3.116,1.678,1.0713
359,2023-01-15 23:00:00,72.255,67.506,3.087,1.662,1.0703
360,2023-01-16 00:00:00,72.914,68.143,3.101,1.67,1.07
361,2023-01-16 01:00:00,73.403,68.578,3.136,1.689,1.0704
362,2023-01-16 02:00:00,74.121,69.184,3.209,1.728,1.0714
363,2023-01-16 03:00:00,72.983,68.022,3.225,1.737,1.0729
364,2023-01-16 04:00:00,74.216,69.037,3.366,1.813,1.075
365,2023-01-16 05:00:00,76.049,70.584,3.552,1.913,1.0774
366,2023-01-16 06:00:00,75.039,69.479,3.614,1.946,1.08
367,2023-01-16 07:00:00,75.649,69.877,3.752,2.02,1.0826
368,2023-01-16 08:00:00,77.054,71.017,3.924,2.113,1.085
369,2023-01-16 09:00:00,78.084,71.829,4.066,2.189,1.0871
370,2023-01-16 10:00:00,77.866,71.524,4.123,2.22,1.0887
371,2023-01-16 11:00:00,79.133,72.621,4.233,2.279,1.0897
372,2023-01-16 12:00:00,78.863,72.35,4.233,2.279,1.09
373,2023-01-16 13:00:00,78.762,72.28,4.213,2.269,1.0897
374,2023-01-16 14:00:00,78.28,71.903,4.145,2.232,1.0887
375,2023-01-16 15:00:00,79.213,72.867,4.125,2.221,1.0871
376,2023-01-16 16:00:00,76.745,70.731,3.909,2.105,1.085
377,2023-01-16 17:00:00,74.755,69.05,3.708,1.997,1.0826
378,2023-01-16 18:00:00,76.815,71.123,3.699,1.992,1.08
379,2023-01-16 19:00:00,74.587,69.227,3.484,1.876,1.0774
380,2023-01-16 20:00:00,74.392,69.201,3.375,1.817,1.075
381,2023-01-16 21:00:00,74.763,69.679,3.304,1.779,1.073
382,2023-01-16 22:00:00,72.17,67.363,3.125,1.683,1.0714
383,2023-01-16 23:00:00,72.179,67.433,3.084,1.661,1.0704
384,2023-01-17 00:00:00,71.83,67.129,3.056,1.645,1.07
385,2023-01-17 01:00:00,72.522,67.754,3.099,1.669,1.0704
386,2023-01-17 02:00:00,73.702,68.792,3.191,1.718,1.0714
387,2023-01-17 03:00:00,74.173,69.129,3.279,1.765,1.073
388,2023-01-17 04:00:00,74.52,69.318,3.381,1.82,1.075
389,2023-01-17 05:00:00,73.868,68.558,3.451,1.858,1.0774
390,2023-01-17 06:00:00,73.856,68.383,3.558,1.916,1.08
391,2023-01-17 07:00:00,76.315,70.491,3.786,2.039,1.0826
392,2023-01-17 08:00:00,76.544,70.545,3.899,2.1,1.085
393,2023-01-17 09:00:00,77.793,71.559,4.052,2.182,1.0871
394,2023-01-17 10:00:00,78.394,72.007,4.152,2.236,1.0887
395,2023-01-17 11:00:00,78.227,71.787,4.186,2.254,1.0897
396,2023-01-17 12:00:00,78.791,72.282,4.231,2.278,1.09
397,2023-01-17 13:00:00,78.296,71.851,4.19,2.256,1.0897
398,2023-01-17 14:00:00,78.263,71.887,4.145,2.232,1.0887
399,2023-01-17 15:00:00,76.907,70.744,4.006,2.157,1.0871
400,2023-01-17 16:00:00,76.767,70.749,3.911,2.106,1.0851
401,2023-01-17 17:00:00,76.424,70.591,3.792,2.042,1.0826
402,2023-01-17 18:00:00,76.224,70.574,3.672,1.977,1.0801
403,2023-01-17 19:00:00,74.638,69.271,3.488,1.878,1.0775
404,2023-01-17 20:00:00,74.705,69.49,3.39,1.825,1.0751
405,2023-01-17 21:00:00,73.582,68.576,3.253,1.752,1.073
406,2023-01-17 22:00:00,73.286,68.402,3.175,1.709,1.0714
407,2023-01-17 23:00:00,73.74,68.89,3.152,1.697,1.0704
408,2023-01-18 00:00:00,71.539,66.855,3.045,1.639,1.0701
409,2023-01-18 01:00:00,72.148,67.402,3.085,1.661,1.0704
410,2023-01-18 02:00:00,72.263,67.447,3.13,1.686,1.0714
411,2023-01-18 03:00:00,72.029,67.129,3.185,1.715,1.073
412,2023-01-18 04:00:00,73.804,68.65,3.35,1.804,1.0751
413,2023-01-18 05:00:00,75.501,70.072,3.529,1.9,1.0775
414,2023-01-18 06:00:00,75.39,69.801,3.633,1.956,1.0801
415,2023-01-18 07:00:00,76.427,70.591,3.793,2.042,1.0827
416,2023-01-18 08:00:00,77.732,71.637,3.962,2.133,1.0851
417,2023-01-18 09:00:00,78.456,72.167,4.088,2.201,1.0871
418,2023-01-18 10:00:00,77.809,71.467,4.122,2.22,1.0887
419,2023-01-18 11:00:00,79.156,72.638,4.237,2.282,1.0897
420,2023-01-18 12:00:00,78.284,71.814,4.205,2.264,1.0901
421,2023-01-18 13:00:00,77.485,71.104,4.148,2.233,1.0897
422,2023-01-18 14:00:00,77.409,71.099,4.101,2.208,1.0887
423,2023-01-18 15:00:00,76.32,70.201,3.977,2.142,1.0872
424,2023-01-18 16:00:00,76.231,70.253,3.886,2.092,1.0851
425,2023-01-18 17:00:00,76.007,70.202,3.773,2.032,1.0827
426,2023-01-18 18:00:00,76.214,70.563,3.674,1.978,1.0801
427,2023-01-18 19:00:00,76.235,70.752,3.565,1.919,1.0775
428,2023-01-18 20:00:00,73.276,68.157,3.327,1.791,1.0751
429,2023-01-18 21:00:00,74.079,69.038,3.277,1.765,1.073
430,2023-01-18 22:00:00,72.597,67.756,3.146,1.694,1.0714
431,2023-01-18 23:00:00,73.477,68.642,3.143,1.692,1.0704
432,2023-01-19 00:00:00,72.937,68.158,3.106,1.672,1.0701
433,2023-01-19 01:00:00,71.75,67.028,3.069,1.653,1.0704
434,2023-01-19 02:00:00,74.074,69.134,3.211,1.729,1.0715
435,2023-01-19 03:00:00,73.331,68.339,3.245,1.747,1.073
436,2023-01-19 04:00:00,73.916,68.751,3.357,1.808,1.0751
437,2023-01-19 05:00:00,74.132,68.798,3.467,1.867,1.0775
438,2023-01-19 06:00:00,75.114,69.542,3.622,1.95,1.0801
439,2023-01-19 07:00:00,76.604,70.752,3.804,2.048,1.0827
440,2023-01-19 08:00:00,76.764,70.743,3.914,2.108,1.0851
441,2023-01-19 09:00:00,77.699,71.468,4.051,2.181,1.0872
442,2023-01-19 10:00:00,78.141,71.769,4.142,2.23,1.0888
443,2023-01-19 11:00:00,79.135,72.615,4.238,2.282,1.0898
444,2023-01-19 12:00:00,77.956,71.51,4.19,2.256,1.0901
445,2023-01-19 13:00:00,77.001,70.657,4.124,2.221,1.0898
446,2023-01-19 14:00:00,78.679,72.263,4.171,2.246,1.0888
447,2023-01-19 15:00:00,77.198,71.005,4.025,2.167,1.0872
448,2023-01-19 16:00:00,77.756,71.655,3.966,2.135,1.0851
449,2023-01-19 17:00:00,76.572,70.721,3.803,2.048,1.0827
450,2023-01-19 18:00:00,75.511,69.908,3.642,1.961,1.0801
451,2023-01-19 19:00:00,75.204,69.791,3.519,1.895,1.0776
452,2023-01-19 20:00:00,75.788,70.491,3.443,1.854,1.0752
453,2023-01-19 21:00:00,75.348,70.216,3.336,1.796,1.0731
454,2023-01-19 22:00:00,73.433,68.533,3.185,1.715,1.0715
455,2023-01-19 23:00:00,73.246,68.422,3.135,1.688,1.0705
456,2023-01-20 00:00:00,73.845,69.003,3.147,1.695,1.0702
457,2023-01-20 01:00:00,72.492,67.718,3.103,1.671,1.0705
458,2023-01-20 02:00:00,73.631,68.718,3.194,1.72,1.0715
459,2023-01-20 03:00:00,73.77,68.744,3.266,1.759,1.0731
460,2023-01-20 04:00:00,74.558,69.345,3.388,1.825,1.0752
461,2023-01-20 05:00:00,74.314,68.964,3.478,1.873,1.0776
462,2023-01-20 06:00:00,74.411,68.887,3.59,1.933,1.0802
463,2023-01-20 07:00:00,74.713,69.002,3.712,1.999,1.0828
464,2023-01-20 08:00:00,76.064,70.093,3.881,2.09,1.0852
465,2023-01-20 09:00:00,77.104,70.916,4.022,2.166,1.0873
466,2023-01-20 10:00:00,77.646,71.31,4.118,2.218,1.0889
467,2023-01-20 11:00:00,79.61,73.046,4.266,2.297,1.0899
468,2023-01-20 12:00:00,79.066,72.524,4.252,2.289,1.0902
469,2023-01-20 13:00:00,77.398,71.017,4.148,2.234,1.0899
470,2023-01-20 14:00:00,78.136,71.759,4.145,2.232,1.0889
471,2023-01-20 15:00:00,77.145,70.952,4.025,2.167,1.0873
472,2023-01-20 16:00:00,76.698,70.676,3.914,2.108,1.0852
473,2023-01-20 17:00:00,76.427,70.583,3.799,2.045,1.0828
474,2023-01-20 18:00:00,76.083,70.433,3.672,1.977,1.0802
475,2023-01-20 19:00:00,74.69,69.31,3.497,1.883,1.0776
476,2023-01-20 20:00:00,75.125,69.87,3.416,1.839,1.0752
477,2023-01-20 21:00:00,72.935,67.963,3.232,1.74,1.0732
478,2023-01-20 22:00:00,73.39,68.489,3.186,1.715,1.0716
479,2023-01-20 23:00:00,75.077,70.128,3.217,1.732,1.0706
480,2023-01-21 00:00:00,72.461,67.706,3.091,1.664,1.0702
481,2023-01-21 01:00:00,73.455,68.613,3.148,1.695,1.0706
482,2023-01-21 02:00:00,72.705,67.849,3.157,1.7,1.0716
483,2023-01-21 03:00:00,73.479,68.469,3.256,1.753,1.0732
484,2023-01-21 04:00:00,73.531,68.385,3.345,1.801,1.0752
485,2023-01-21 05:00:00,74.065,68.728,3.469,1.868,1.0777
486,2023-01-21 06:00:00,74.272,68.754,3.586,1.931,1.0803
487,2023-01-21 07:00:00,75.858,70.054,3.772,2.031,1.0828
488,2023-01-21 08:00:00,75.511,69.579,3.856,2.076,1.0853
489,2023-01-21 09:00:00,77.204,71.003,4.031,2.17,1.0873
490,2023-01-21 10:00:00,77.94,71.575,4.137,2.228,1.0889
491,2023-01-21 11:00:00,77.654,71.247,4.165,2.242,1.0899
492,2023-01-21 12:00:00,77.245,70.85,4.157,2.238,1.0903
493,2023-01-21 13:00:00,77.721,71.308,4.168,2.245,1.0899
494,2023-01-21 14:00:00,76.878,70.599,4.081,2.198,1.0889
495,2023-01-21 15:00:00,77.411,71.192,4.042,2.177,1.0874
496,2023-01-21 16:00:00,74.768,68.893,3.819,2.056,1.0853
497,2023-01-21 17:00:00,75.279,69.518,3.745,2.016,1.0829
498,2023-01-21 18:00:00,73.359,67.906,3.544,1.908,1.0803
499,2023-01-21 19:00:00,73.069,67.801,3.424,1.844,1.0777
500,2023-01-21 20:00:00,74.604,69.38,3.396,1.828,1.0753
501,2023-01-21 21:00:00,73.719,68.689,3.27,1.761,1.0732
502,2023-01-21 22:00:00,72.101,67.281,3.133,1.687,1.0716
503,2023-01-21 23:00:00,71.26,66.558,3.056,1.646,1.0706
504,2023-01-22 00:00:00,70.078,65.475,2.992,1.611,1.0703
505,2023-01-22 01:00:00,71.979,67.229,3.088,1.663,1.0707
506,2023-01-22 02:00:00,74.457,69.479,3.236,1.743,1.0717
507,2023-01-22 03:00:00,73.375,68.367,3.255,1.753,1.0733
508,2023-01-22 04:00:00,73.158,68.033,3.331,1.794,1.0753
509,2023-01-22 05:00:00,74.55,69.173,3.495,1.882,1.0777
510,2023-01-22 06:00:00,73.687,68.207,3.562,1.918,1.0803
511,2023-01-22 07:00:00,75.312,69.545,3.749,2.018,1.0829
512,2023-01-22 08:00:00,76.239,70.245,3.897,2.098,1.0853
513,2023-01-22 09:00:00,76.638,70.477,4.005,2.156,1.0874
514,2023-01-22 10:00:00,77.722,71.369,4.129,2.223,1.089
515,2023-01-22 11:00:00,77.643,71.232,4.168,2.244,1.09
516,2023-01-22 12:00:00,77.98,71.518,4.2,2.262,1.0904
517,2023-01-22 13:00:00,76.856,70.509,4.126,2.221,1.09
518,2023-01-22 14:00:00,77.804,71.444,4.134,2.226,1.089
519,2023-01-22 15:00:00,77.945,71.678,4.074,2.194,1.0874
520,2023-01-22 16:00:00,75.429,69.496,3.856,2.077,1.0854
521,2023-01-22 17:00:00,74.867,69.132,3.728,2.007,1.083
522,2023-01-22 18:00:00,75.88,70.235,3.67,1.976,1.0804
523,2023-01-22 19:00:00,74.059,68.713,3.475,1.871,1.0778
524,2023-01-22 20:00:00,74.64,69.408,3.401,1.831,1.0754
525,2023-01-22 21:00:00,72.72,67.753,3.229,1.739,1.0733
526,2023-01-22 22:00:00,73.739,68.803,3.208,1.727,1.0717
527,2023-01-22 23:00:00,72.491,67.702,3.113,1.676,1.0707
528,2023-01-23 00:00:00,73.248,68.431,3.132,1.686,1.0704
529,2023-01-23 01:00:00,74.315,69.405,3.192,1.719,1.0707
530,2023-01-23 02:00:00,73.127,68.231,3.182,1.713,1.0718
531,2023-01-23 03:00:00,73.099,68.104,3.247,1.748,1.0733
532,2023-01-23 04:00:00,74.001,68.811,3.373,1.816,1.0754
533,2023-01-23 05:00:00,75.302,69.864,3.535,1.903,1.0778
534,2023-01-23 06:00:00,74.446,68.904,3.602,1.94,1.0804
535,2023-01-23 07:00:00,76.785,70.899,3.826,2.06,1.083
536,2023-01-23 08:00:00,76.521,70.498,3.915,2.108,1.0854
537,2023-01-23 09:00:00,78.345,72.041,4.098,2.207,1.0875
538,2023-01-23 10:00:00,76.063,69.84,4.045,2.178,1.0891
539,2023-01-23 11:00:00,77.55,71.14,4.167,2.244,1.0901
540,2023-01-23 12:00:00,76.953,70.569,4.149,2.234,1.0905
541,2023-01-23 13:00:00,77.52,71.112,4.165,2.243,1.0901
542,2023-01-23 14:00:00,78.078,71.689,4.153,2.236,1.0891
543,2023-01-23 15:00:00,77.337,71.112,4.046,2.179,1.0875
544,2023-01-23 16:00:00,76.74,70.698,3.928,2.115,1.0855
545,2023-01-23 17:00:00,76.184,70.342,3.798,2.045,1.0831
546,2023-01-23 18:00:00,75.787,70.142,3.669,1.976,1.0805
547,2023-01-23 19:00:00,74.203,68.841,3.486,1.877,1.0779
548,2023-01-23 20:00:00,74.875,69.62,3.416,1.839,1.0755
549,2023-01-23 21:00:00,74.309,69.226,3.304,1.779,1.0734
550,2023-01-23 22:00:00,73.693,68.754,3.21,1.729,1.0718
551,2023-01-23 23:00:00,73.566,68.699,3.163,1.703,1.0708
552,2023-01-24 00:00:00,73.284,68.457,3.137,1.689,1.0705
553,2023-01-24 01:00:00,74.675,69.734,3.211,1.729,1.0709
554,2023-01-24 02:00:00,73.34,68.423,3.196,1.721,1.0719
555,2023-01-24 03:00:00,73.582,68.548,3.273,1.762,1.0734
556,2023-01-24 04:00:00,73.778,68.598,3.368,1.813,1.0755
557,2023-01-24 05:00:00,74.189,68.824,3.487,1.877,1.0779
558,2023-01-24 06:00:00,74.696,69.129,3.619,1.949,1.0805
559,2023-01-24 07:00:00,75.636,69.831,3.773,2.032,1.0831
560,2023-01-24 08:00:00,76.884,70.826,3.938,2.121,1.0855
561,2023-01-24 09:00:00,77.734,71.471,4.07,2.192,1.0876
562,2023-01-24 10:00:00,77.935,71.551,4.149,2.234,1.0892
563,2023-01-24 11:00:00,77.574,71.154,4.173,2.247,1.0902
564,2023-01-24 12:00:00,78.935,72.38,4.261,2.294,1.0906
565,2023-01-24 13:00:00,78.723,72.208,4.235,2.28,1.0902
566,2023-01-24 14:00:00,77.775,71.404,4.141,2.23,1.0892
567,2023-01-24 15:00:00,76.984,70.78,4.032,2.171,1.0876
568,2023-01-24 16:00:00,77.357,71.259,3.964,2.134,1.0856
569,2023-01-24 17:00:00,76.455,70.585,3.816,2.055,1.0832
570,2023-01-24 18:00:00,74.546,68.986,3.614,1.946,1.0806
571,2023-01-24 19:00:00,74.921,69.499,3.524,1.898,1.078
572,2023-01-24 20:00:00,74.548,69.308,3.406,1.834,1.0756
573,2023-01-24 21:00:00,73.143,68.133,3.257,1.754,1.0735
574,2023-01-24 22:00:00,73.554,68.617,3.209,1.728,1.072
575,2023-01-24 23:00:00,72.066,67.291,3.104,1.671,1.071
576,2023-01-25 00:00:00,74.071,69.185,3.176,1.71,1.0706
577,2023-01-25 01:00:00,74.093,69.183,3.191,1.718,1.071
578,2023-01-25 02:00:00,73.224,68.308,3.196,1.721,1.072
579,2023-01-25 03:00:00,74.094,69.017,3.3,1.777,1.0736
580,2023-01-25 04:00:00,72.539,67.438,3.316,1.785,1.0756
581,2023-01-25 05:00:00,74.103,68.738,3.488,1.878,1.0781
582,2023-01-25 06:00:00,75.423,69.794,3.659,1.97,1.0807
583,2023-01-25 07:00:00,75.505,69.702,3.772,2.031,1.0832
584,2023-01-25 08:00:00,77.489,71.375,3.974,2.14,1.0857
585,2023-01-25 09:00:00,79.008,72.636,4.142,2.231,1.0877
586,2023-01-25 10:00:00,77.007,70.692,4.105,2.21,1.0893
587,2023-01-25 11:00:00,77.527,71.104,4.175,2.248,1.0903
588,2023-01-25 12:00:00,78.436,71.915,4.239,2.283,1.0907
589,2023-01-25 13:00:00,79.397,72.818,4.276,2.303,1.0903
590,2023-01-25 14:00:00,76.974,70.66,4.104,2.21,1.0894
591,2023-01-25 15:00:00,77.68,71.412,4.074,2.194,1.0878
592,2023-01-25 16:00:00,78.333,72.15,4.019,2.164,1.0857
593,2023-01-25 17:00:00,75.069,69.297,3.752,2.02,1.0833
594,2023-01-25 18:00:00,74.681,69.103,3.625,1.952,1.0807
595,2023-01-25 19:00:00,74.661,69.251,3.517,1.894,1.0781
596,2023-01-25 20:00:00,73.968,68.761,3.385,1.822,1.0757
597,2023-01-25 21:00:00,74.438,69.331,3.32,1.787,1.0737
598,2023-01-25 22:00:00,73.602,68.654,3.216,1.732,1.0721
599,2023-01-25 23:00:00,71.834,67.067,3.099,1.669,1.0711
600,2023-01-26 00:00:00,73.465,68.611,3.155,1.699,1.0707
601,2023-01-26 01:00:00,72.733,67.905,3.138,1.69,1.0711
602,2023-01-26 02:00:00,74.379,69.377,3.251,1.751,1.0721
603,2023-01-26 03:00:00,73.358,68.323,3.273,1.762,1.0737
604,2023-01-26 04:00:00,73.883,68.679,3.382,1.821,1.0758
605,2023-01-26 05:00:00,75.393,69.926,3.554,1.914,1.0782
606,2023-01-26 06:00:00,76.232,70.534,3.704,1.994,1.0808
607,2023-01-26 07:00:00,76.667,70.767,3.835,2.065,1.0834
608,2023-01-26 08:00:00,75.674,69.695,3.887,2.093,1.0858
609,2023-01-26 09:00:00,77.907,71.614,4.09,2.202,1.0879
610,2023-01-26 10:00:00,77.125,70.792,4.117,2.217,1.0895
611,2023-01-26 11:00:00,78.356,71.855,4.225,2.275,1.0905
612,2023-01-26 12:00:00,77.179,70.753,4.177,2.249,1.0908
613,2023-01-26 13:00:00,78.518,72.003,4.235,2.28,1.0905
614,2023-01-26 14:00:00,77.3,70.951,4.127,2.222,1.0895
615,2023-01-26 15:00:00,76.523,70.34,4.019,2.164,1.0879
616,2023-01-26 16:00:00,77.501,71.375,3.982,2.144,1.0858
617,2023-01-26 17:00:00,76.514,70.622,3.83,2.062,1.0834
618,2023-01-26 18:00:00,75.195,69.57,3.656,1.969,1.0809
619,2023-01-26 19:00:00,76.086,70.563,3.59,1.933,1.0783
620,2023-01-26 20:00:00,74.037,68.817,3.393,1.827,1.0759
621,2023-01-26 21:00:00,73.861,68.785,3.299,1.777,1.0738
622,2023-01-26 22:00:00,73.632,68.673,3.223,1.736,1.0722
623,2023-01-26 23:00:00,72.71,67.876,3.142,1.692,1.0712
624,2023-01-27 00:00:00,73.441,68.58,3.16,1.701,1.0709
625,2023-01-27 01:00:00,72.776,67.936,3.146,1.694,1.0712
626,2023-01-27 02:00:00,73.123,68.196,3.202,1.724,1.0722
627,2023-01-27 03:00:00,74.864,69.716,3.346,1.802,1.0738
628,2023-01-27 04:00:00,73.589,68.397,3.375,1.817,1.0759
629,2023-01-27 05:00:00,73.173,67.858,3.455,1.86,1.0783
630,2023-01-27 06:00:00,76.883,71.128,3.741,2.015,1.0809
631,2023-01-27 07:00:00,78.271,72.237,3.921,2.112,1.0835
632,2023-01-27 08:00:00,76.658,70.591,3.943,2.123,1.0859
633,2023-01-27 09:00:00,76.032,69.882,3.998,2.153,1.088
634,2023-01-27 10:00:00,77.687,71.298,4.153,2.236,1.0896
635,2023-01-27 11:00:00,77.968,71.49,4.211,2.267,1.0906
636,2023-01-27 12:00:00,78.131,71.617,4.234,2.28,1.091
637,2023-01-27 13:00:00,77.337,70.911,4.177,2.249,1.0906
638,2023-01-27 14:00:00,78.368,71.921,4.19,2.256,1.0896
639,2023-01-27 15:00:00,77.909,71.605,4.098,2.207,1.088
640,2023-01-27 16:00:00,75.833,69.829,3.903,2.101,1.086
641,2023-01-27 17:00:00,76.872,70.942,3.854,2.075,1.0836
642,2023-01-27 18:00:00,77.223,71.437,3.761,2.025,1.081
643,2023-01-27 19:00:00,75.13,69.667,3.551,1.912,1.0784
644,2023-01-27 20:00:00,74.125,68.889,3.404,1.833,1.076
645,2023-01-27 21:00:00,73.74,68.663,3.3,1.777,1.0739
646,2023-01-27 22:00:00,73.902,68.915,3.241,1.745,1.0724
647,2023-01-27 23:00:00,71.887,67.098,3.113,1.676,1.0714
648,2023-01-28 00:00:00,72.472,67.665,3.124,1.682,1.071
649,2023-01-28 01:00:00,72.143,67.336,3.124,1.682,1.0714
650,2023-01-28 02:00:00,74.078,69.078,3.25,1.75,1.0724
651,2023-01-28 03:00:00,72.967,67.941,3.267,1.759,1.074
652,2023-01-28 04:00:00,74.886,69.593,3.441,1.853,1.0761
653,2023-01-28 05:00:00,73.417,68.074,3.473,1.87,1.0785
654,2023-01-28 06:00:00,75.363,69.711,3.674,1.978,1.0811
655,2023-01-28 07:00:00,75.831,69.977,3.806,2.049,1.0837
656,2023-01-28 08:00:00,75.556,69.567,3.893,2.096,1.0861
657,2023-01-28 09:00:00,76.892,70.662,4.049,2.18,1.0882
658,2023-01-28 10:00:00,78.097,71.664,4.181,2.251,1.0898
659,2023-01-28 11:00:00,77.187,70.764,4.175,2.248,1.0908
660,2023-01-28 12:00:00,76.231,69.866,4.138,2.228,1.0911
661,2023-01-28 13:00:00,77.422,70.978,4.188,2.255,1.0908
662,2023-01-28 14:00:00,76.486,70.184,4.096,2.206,1.0898
663,2023-01-28 15:00:00,76.499,70.298,4.03,2.17,1.0882
664,2023-01-28 16:00:00,76.158,70.118,3.926,2.114,1.0861
665,2023-01-28 17:00:00,74.3,68.559,3.732,2.009,1.0837
666,2023-01-28 18:00:00,73.701,68.169,3.596,1.936,1.0812
667,2023-01-28 19:00:00,74.621,69.185,3.533,1.903,1.0786
668,2023-01-28 20:00:00,73.243,68.059,3.37,1.814,1.0762
669,2023-01-28 21:00:00,71.178,66.267,3.192,1.719,1.0741
670,2023-01-28 22:00:00,73.29,68.334,3.221,1.735,1.0725
671,2023-01-28 23:00:00,72.65,67.8,3.152,1.697,1.0715
672,2023-01-29 00:00:00,71.824,67.05,3.103,1.671,1.0712
673,2023-01-29 01:00:00,71.459,66.688,3.101,1.67,1.0715
674,2023-01-29 02:00:00,73.33,68.37,3.224,1.736,1.0726
675,2023-01-29 03:00:00,73.372,68.307,3.292,1.773,1.0741
676,2023-01-29 04:00:00,75.436,70.093,3.473,1.87,1.0762
677,2023-01-29 05:00:00,74.579,69.141,3.534,1.903,1.0786
678,2023-01-29 06:00:00,75.223,69.571,3.674,1.978,1.0812
679,2023-01-29 07:00:00,75.474,69.636,3.795,2.043,1.0838
680,2023-01-29 08:00:00,76.849,70.747,3.966,2.136,1.0863
681,2023-01-29 09:00:00,77.244,70.975,4.075,2.194,1.0883
682,2023-01-29 10:00:00,78.139,71.692,4.191,2.256,1.0899
683,2023-01-29 11:00:00,77.048,70.625,4.174,2.248,1.0909
684,2023-01-29 12:00:00,77.203,70.745,4.198,2.26,1.0913
685,2023-01-29 13:00:00,77.081,70.655,4.177,2.249,1.0909
686,2023-01-29 14:00:00,77.789,71.369,4.173,2.247,1.09
687,2023-01-29 15:00:00,77.913,71.586,4.112,2.214,1.0884
688,2023-01-29 16:00:00,75.883,69.854,3.919,2.11,1.0863
689,2023-01-29 17:00:00,75.283,69.456,3.788,2.04,1.0839
690,2023-01-29 18:00:00,75.174,69.52,3.675,1.979,1.0813
691,2023-01-29 19:00:00,74.083,68.675,3.515,1.893,1.0787
692,2023-01-29 20:00:00,74.366,69.091,3.428,1.846,1.0763
693,2023-01-29 21:00:00,71.425,66.486,3.21,1.728,1.0743
694,2023-01-29 22:00:00,72.091,67.206,3.176,1.71,1.0727
695,2023-01-29 23:00:00,71.871,67.062,3.126,1.683,1.0717
696,2023-01-30 00:00:00,71.381,66.626,3.091,1.664,1.0714
697,2023-01-30 01:00:00,72.486,67.635,3.153,1.698,1.0717
698,2023-01-30 02:00:00,72.778,67.844,3.207,1.727,1.0727
699,2023-01-30 03:00:00,73.722,68.622,3.315,1.785,1.0743
700,2023-01-30 04:00:00,75.245,69.904,3.471,1.869,1.0764
701,2023-01-30 05:00:00,74.844,69.376,3.554,1.914,1.0788
702,2023-01-30 06:00:00,74.919,69.278,3.666,1.974,1.0814
703,2023-01-30 07:00:00,76.329,70.413,3.845,2.07,1.084
704,2023-01-30 08:00:00,77.799,71.609,4.023,2.166,1.0864
705,2023-01-30 09:00:00,76.799,70.554,4.059,2.186,1.0885
706,2023-01-30 10:00:00,77.265,70.878,4.151,2.235,1.0901
707,2023-01-30 11:00:00,78.649,72.081,4.269,2.299,1.0911
708,2023-01-30 12:00:00,78.143,71.595,4.256,2.292,1.0915
709,2023-01-30 13:00:00,78.718,72.144,4.273,2.301,1.0911
710,2023-01-30 14:00:00,77.951,71.506,4.189,2.256,1.0901
711,2023-01-30 15:00:00,78.081,71.729,4.129,2.223,1.0886
712,2023-01-30 16:00:00,76.218,70.15,3.944,2.124,1.0865
713,2023-01-30 17:00:00,76.368,70.444,3.85,2.073,1.0841
714,2023-01-30 18:00:00,75.546,69.853,3.701,1.993,1.0815
715,2023-01-30 19:00:00,74.118,68.696,3.524,1.898,1.0789
716,2023-01-30 20:00:00,73.236,68.031,3.384,1.822,1.0765
717,2023-01-30 21:00:00,74.398,69.243,3.351,1.805,1.0745
718,2023-01-30 22:00:00,73.212,68.239,3.233,1.741,1.0729
719,2023-01-30 23:00:00,72.453,67.594,3.158,1.701,1.0719
720,2023-01-31 00:00:00,73.061,68.183,3.171,1.708,1.0716
721,2023-01-31 01:00:00,74.068,69.099,3.23,1.739,1.0719
722,2023-01-31 02:00:00,71.765,66.888,3.17,1.707,1.0729
723,2023-01-31 03:00:00,72.76,67.715,3.279,1.766,1.0745
724,2023-01-31 04:00:00,73.724,68.479,3.409,1.836,1.0766
725,2023-01-31 05:00:00,76.145,70.57,3.624,1.951,1.079
726,2023-01-31 06:00:00,75.926,70.198,3.723,2.005,1.0816
727,2023-01-31 07:00:00,76.967,70.99,3.885,2.092,1.0842
728,2023-01-31 08:00:00,76.147,70.077,3.945,2.124,1.0866
729,2023-01-31 09:00:00,76.703,70.454,4.062,2.187,1.0887
730,2023-01-31 10:00:00,78.315,71.829,4.216,2.27,1.0903
731,2023-01-31 11:00:00,78.28,71.731,4.257,2.292,1.0913
732,2023-01-31 12:00:00,78.745,72.134,4.297,2.314,1.0917
733,2023-01-31 13:00:00,78.094,71.559,4.248,2.287,1.0913
734,2023-01-31 14:00:00,78.188,71.71,4.21,2.267,1.0903
735,2023-01-31 15:00:00,77.68,71.348,4.116,2.216,1.0887
736,2023-01-31 16:00:00,77.61,71.419,4.024,2.167,1.0867
737,2023-01-31 17:00:00,77.003,71.018,3.891,2.095,1.0843
738,2023-01-31 18:00:00,74.492,68.866,3.657,1.969,1.0817
739,2023-01-31 19:00:00,73.352,67.974,3.496,1.882,1.0791
740,2023-01-31 20:00:00,75.183,69.826,3.482,1.875,1.0767
741,2023-01-31 21:00:00,74.789,69.594,3.377,1.818,1.0747
742,2023-01-31 22:00:00,72.722,67.77,3.219,1.733,1.0731
743,2023-01-31 23:00:00,71.838,67.008,3.14,1.691,1.0721
744,2023-02-01 00:00:00,73.221,68.319,3.186,1.716,1.0718
745,2023-02-01 01:00:00,73.933,68.961,3.232,1.74,1.0721
746,2023-02-01 02:00:00,74.841,69.743,3.314,1.785,1.0731
747,2023-02-01 03:00:00,74.288,69.124,3.357,1.807,1.0747
748,2023-02-01 04:00:00,74.153,68.865,3.437,1.851,1.0768
749,2023-02-01 05:00:00,74.381,68.922,3.548,1.911,1.0792
750,2023-02-01 06:00:00,75.735,70.008,3.722,2.004,1.0818
751,2023-02-01 07:00:00,76.172,70.243,3.853,2.075,1.0844
752,2023-02-01 08:00:00,76.256,70.164,3.96,2.132,1.0868
753,2023-02-01 09:00:00,79.132,72.672,4.199,2.261,1.0889
754,2023-02-01 10:00:00,79.35,72.765,4.28,2.305,1.0905
755,2023-02-01 11:00:00,79.118,72.486,4.311,2.321,1.0915
756,2023-02-01 12:00:00,77.637,71.105,4.245,2.286,1.0919
757,2023-02-01 13:00:00,78.905,72.289,4.3,2.316,1.0915
758,2023-02-01 14:00:00,78.478,71.963,4.235,2.28,1.0905
759,2023-02-01 15:00:00,77.911,71.547,4.137,2.227,1.0889
760,2023-02-01 16:00:00,77.984,71.75,4.052,2.182,1.0869
761,2023-02-01 17:00:00,76.887,70.898,3.893,2.096,1.0845
762,2023-02-01 18:00:00,76.294,70.518,3.754,2.022,1.0819
763,2023-02-01 19:00:00,75.545,69.993,3.609,1.943,1.0793
764,2023-02-01 20:00:00,74.699,69.364,3.468,1.867,1.0769
765,2023-02-01 21:00:00,72.568,67.514,3.285,1.769,1.0749
766,2023-02-01 22:00:00,73.566,68.543,3.265,1.758,1.0733
767,2023-02-01 23:00:00,72.83,67.92,3.191,1.718,1.0723
768,2023-02-02 00:00:00,72.201,67.354,3.15,1.696,1.072
769,2023-02-02 01:00:00,74.511,69.487,3.266,1.759,1.0723
770,2023-02-02 02:00:00,74.804,69.695,3.321,1.788,1.0733
771,2023-02-02 03:00:00,74.937,69.714,3.395,1.828,1.0749
772,2023-02-02 04:00:00,74.64,69.304,3.468,1.868,1.077
773,2023-02-02 05:00:00,76.091,70.493,3.639,1.959,1.0794
774,2023-02-02 06:00:00,75.75,70.008,3.732,2.01,1.082
775,2023-02-02 07:00:00,76.568,70.595,3.882,2.091,1.0846
776,2023-02-02 08:00:00,76.211,70.11,3.966,2.136,1.087
777,2023-02-02 09:00:00,77.888,71.515,4.142,2.23,1.0891
778,2023-02-02 10:00:00,78.049,71.558,4.219,2.272,1.0907
779,2023-02-02 11:00:00,77.27,70.779,4.219,2.272,1.0917
780,2023-02-02 12:00:00,78.317,71.714,4.292,2.311,1.0921
781,2023-02-02 13:00:00,78.206,71.635,4.271,2.3,1.0917
782,2023-02-02 14:00:00,79.378,72.774,4.292,2.311,1.0907
783,2023-02-02 15:00:00,78.271,71.863,4.165,2.243,1.0892
784,2023-02-02 16:00:00,77.057,70.883,4.013,2.161,1.0871
785,2023-02-02 17:00:00,76.609,70.627,3.888,2.094,1.0847
786,2023-02-02 18:00:00,75.782,70.031,3.738,2.013,1.0821
787,2023-02-02 19:00:00,74.926,69.405,3.588,1.932,1.0795
788,2023-02-02 20:00:00,73.641,68.367,3.428,1.846,1.0771
789,2023-02-02 21:00:00,73.811,68.657,3.35,1.804,1.0751
790,2023-02-02 22:00:00,72.957,67.962,3.247,1.748,1.0735
791,2023-02-02 23:00:00,72.324,67.434,3.178,1.711,1.0725
792,2023-02-03 00:00:00,73.56,68.608,3.219,1.733,1.0722
793,2023-02-03 01:00:00,73.558,68.584,3.233,1.741,1.0725
794,2023-02-03 02:00:00,72.178,67.234,3.214,1.73,1.0735
795,2023-02-03 03:00:00,73.837,68.677,3.354,1.806,1.0751
796,2023-02-03 04:00:00,75.213,69.822,3.504,1.887,1.0772
797,2023-02-03 05:00:00,75.886,70.289,3.638,1.959,1.0796
798,2023-02-03 06:00:00,76.533,70.718,3.78,2.035,1.0822
799,2023-02-03 07:00:00,76.459,70.48,3.886,2.093,1.0848
800,2023-02-03 08:00:00,76.416,70.283,3.986,2.146,1.0873
801,2023-02-03 09:00:00,76.775,70.479,4.092,2.204,1.0893
802,2023-02-03 10:00:00,78.282,71.757,4.241,2.284,1.0909
803,2023-02-03 11:00:00,78.571,71.956,4.3,2.315,1.0919
804,2023-02-03 12:00:00,79.356,72.651,4.358,2.347,1.0923
805,2023-02-03 13:00:00,79.124,72.46,4.331,2.332,1.092
806,2023-02-03 14:00:00,77.92,71.423,4.223,2.274,1.091
807,2023-02-03 15:00:00,76.657,70.366,4.089,2.202,1.0894
808,2023-02-03 16:00:00,76.821,70.652,4.01,2.159,1.0873
809,2023-02-03 17:00:00,76.601,70.605,3.898,2.099,1.0849
810,2023-02-03 18:00:00,75.611,69.859,3.739,2.013,1.0823
811,2023-02-03 19:00:00,74.658,69.143,3.585,1.93,1.0798
812,2023-02-03 20:00:00,74.664,69.302,3.485,1.877,1.0774
813,2023-02-03 21:00:00,73.561,68.41,3.349,1.803,1.0753
814,2023-02-03 22:00:00,73.061,68.045,3.261,1.756,1.0737
815,2023-02-03 23:00:00,73.512,68.528,3.24,1.745,1.0727
816,2023-02-04 00:00:00,72.139,67.269,3.166,1.705,1.0724
817,2023-02-04 01:00:00,72.712,67.781,3.205,1.726,1.0728
818,2023-02-04 02:00:00,72.99,67.976,3.259,1.755,1.0738
819,2023-02-04 03:00:00,72.334,67.265,3.295,1.774,1.0754
820,2023-02-04 04:00:00,73.361,68.088,3.428,1.846,1.0774
821,2023-02-04 05:00:00,75.432,69.854,3.626,1.953,1.0799
822,2023-02-04 06:00:00,74.134,68.487,3.671,1.977,1.0825
823,2023-02-04 07:00:00,74.079,68.271,3.775,2.033,1.0851
824,2023-02-04 08:00:00,74.897,68.872,3.916,2.109,1.0875
825,2023-02-04 09:00:00,76.877,70.558,4.108,2.212,1.0896
826,2023-02-04 10:00:00,77.295,70.837,4.198,2.26,1.0912
827,2023-02-04 11:00:00,77.444,70.908,4.248,2.288,1.0922
828,2023-02-04 12:00:00,78.552,71.9,4.324,2.328,1.0925
829,2023-02-04 13:00:00,75.492,69.119,4.142,2.23,1.0922
830,2023-02-04 14:00:00,77.577,71.093,4.215,2.269,1.0912
831,2023-02-04 15:00:00,78.05,71.63,4.173,2.247,1.0896
832,2023-02-04 16:00:00,75.461,69.386,3.949,2.127,1.0876
833,2023-02-04 17:00:00,75.405,69.487,3.847,2.071,1.0852
834,2023-02-04 18:00:00,74.453,68.773,3.692,1.988,1.0826
835,2023-02-04 19:00:00,73.679,68.221,3.548,1.91,1.08
836,2023-02-04 20:00:00,73.489,68.197,3.44,1.852,1.0776
837,2023-02-04 21:00:00,74.279,69.062,3.391,1.826,1.0755
838,2023-02-04 22:00:00,74.179,69.071,3.321,1.788,1.074
839,2023-02-04 23:00:00,72.291,67.374,3.196,1.721,1.073
840,2023-02-05 00:00:00,73.888,68.884,3.253,1.751,1.0726
841,2023-02-05 01:00:00,72.572,67.635,3.209,1.728,1.073
842,2023-02-05 02:00:00,74.119,69.012,3.32,1.788,1.074
843,2023-02-05 03:00:00,73.138,67.997,3.342,1.799,1.0756
844,2023-02-05 04:00:00,73.84,68.517,3.46,1.863,1.0777
845,2023-02-05 05:00:00,74.639,69.103,3.598,1.938,1.0801
846,2023-02-05 06:00:00,77.441,71.525,3.845,2.071,1.0827
847,2023-02-05 07:00:00,76.35,70.349,3.901,2.1,1.0853
848,2023-02-05 08:00:00,75.793,69.68,3.973,2.14,1.0877
849,2023-02-05 09:00:00,77.612,71.216,4.157,2.239,1.0898
850,2023-02-05 10:00:00,77.012,70.562,4.193,2.258,1.0914
851,2023-02-05 11:00:00,77.177,70.648,4.244,2.285,1.0924
852,2023-02-05 12:00:00,78.336,71.686,4.323,2.328,1.0928
853,2023-02-05 13:00:00,77.577,71.012,4.267,2.298,1.0924
854,2023-02-05 14:00:00,77.505,71.011,4.221,2.273,1.0915
855,2023-02-05 15:00:00,76.888,70.547,4.121,2.219,1.0899
856,2023-02-05 16:00:00,76.594,70.411,4.019,2.164,1.0878
857,2023-02-05 17:00:00,76.034,70.05,3.889,2.094,1.0854
858,2023-02-05 18:00:00,73.572,67.944,3.658,1.97,1.0828
859,2023-02-05 19:00:00,74.877,69.314,3.616,1.947,1.0803
860,2023-02-05 20:00:00,73.011,67.738,3.428,1.846,1.0779
861,2023-02-05 21:00:00,72.135,67.053,3.303,1.779,1.0758
862,2023-02-05 22:00:00,72.771,67.744,3.268,1.76,1.0742
863,2023-02-05 23:00:00,72.624,67.668,3.221,1.734,1.0732
864,2023-02-06 00:00:00,72.704,67.765,3.211,1.729,1.0729
865,2023-02-06 01:00:00,73.938,68.891,3.28,1.766,1.0732
866,2023-02-06 02:00:00,72.561,67.545,3.26,1.756,1.0743
867,2023-02-06 03:00:00,73.672,68.478,3.377,1.818,1.0759
868,2023-02-06 04:00:00,74.071,68.716,3.481,1.875,1.0779
869,2023-02-06 05:00:00,75.101,69.514,3.631,1.955,1.0804
870,2023-02-06 06:00:00,76.019,70.195,3.785,2.038,1.083
871,2023-02-06 07:00:00,75.715,69.747,3.879,2.089,1.0856
872,2023-02-06 08:00:00,77.663,71.382,4.082,2.198,1.088
873,2023-02-06 09:00:00,77.702,71.282,4.173,2.247,1.0901
874,2023-02-06 10:00:00,76.625,70.191,4.182,2.252,1.0917
875,2023-02-06 11:00:00,76.836,70.319,4.236,2.281,1.0927
876,2023-02-06 12:00:00,78.415,71.741,4.338,2.336,1.093
877,2023-02-06 13:00:00,78.167,71.536,4.31,2.321,1.0927
878,2023-02-06 14:00:00,77.995,71.443,4.259,2.293,1.0917
879,2023-02-06 15:00:00,77.637,71.218,4.172,2.247,1.0901
880,2023-02-06 16:00:00,77.289,71.033,4.066,2.19,1.0881
881,2023-02-06 17:00:00,77.209,71.116,3.96,2.132,1.0857
882,2023-02-06 18:00:00,74.974,69.222,3.739,2.013,1.0831
883,2023-02-06 19:00:00,74.26,68.727,3.597,1.937,1.0805
884,2023-02-06 20:00:00,73.7,68.36,3.471,1.869,1.0781
885,2023-02-06 21:00:00,74.21,68.965,3.409,1.836,1.0761
886,2023-02-06 22:00:00,74.521,69.356,3.358,1.808,1.0745
887,2023-02-06 23:00:00,73.006,68.008,3.249,1.749,1.0735
888,2023-02-07 00:00:00,71.364,66.499,3.162,1.703,1.0732
889,2023-02-07 01:00:00,72.051,67.117,3.207,1.727,1.0735
890,2023-02-07 02:00:00,72.962,67.901,3.289,1.771,1.0745
891,2023-02-07 03:00:00,73.577,68.372,3.383,1.822,1.0761
892,2023-02-07 04:00:00,74.223,68.839,3.499,1.884,1.0782
893,2023-02-07 05:00:00,75.184,69.574,3.646,1.963,1.0806
894,2023-02-07 06:00:00,75.59,69.782,3.775,2.033,1.0832
895,2023-02-07 07:00:00,77.297,71.187,3.971,2.138,1.0858
896,2023-02-07 08:00:00,76.615,70.402,4.038,2.175,1.0883
897,2023-02-07 09:00:00,77.014,70.634,4.147,2.233,1.0903
898,2023-02-07 10:00:00,78.456,71.851,4.294,2.312,1.0919
899,2023-02-07 11:00:00,77.179,70.615,4.266,2.297,1.0929
900,2023-02-07 12:00:00,78.742,72.023,4.368,2.352,1.0933
901,2023-02-07 13:00:00,78.434,71.762,4.336,2.335,1.093
902,2023-02-07 14:00:00,77.981,71.412,4.27,2.299,1.092
903,2023-02-07 15:00:00,78.89,72.349,4.251,2.289,1.0904
904,2023-02-07 16:00:00,76.662,70.439,4.045,2.178,1.0883
905,2023-02-07 17:00:00,78.074,71.895,4.016,2.163,1.0859
906,2023-02-07 18:00:00,75.665,69.842,3.785,2.038,1.0834
907,2023-02-07 19:00:00,74.2,68.653,3.605,1.941,1.0808
908,2023-02-07 20:00:00,74.596,69.174,3.525,1.898,1.0784
909,2023-02-07 21:00:00,73.2,68.009,3.374,1.817,1.0763
910,2023-02-07 22:00:00,73.038,67.958,3.302,1.778,1.0748
911,2023-02-07 23:00:00,73.647,68.588,3.289,1.771,1.0738
912,2023-02-08 00:00:00,73.679,68.639,3.276,1.764,1.0734
913,2023-02-08 01:00:00,72.882,67.874,3.255,1.753,1.0738
914,2023-02-08 02:00:00,74.35,69.176,3.363,1.811,1.0748
915,2023-02-08 03:00:00,74.888,69.573,3.455,1.86,1.0764
916,2023-02-08 04:00:00,75.634,70.13,3.578,1.926,1.0785
917,2023-02-08 05:00:00,75.574,69.918,3.677,1.98,1.0809
918,2023-02-08 06:00:00,76.879,70.954,3.851,2.074,1.0835
919,2023-02-08 07:00:00,75.089,69.136,3.869,2.084,1.0861
920,2023-02-08 08:00:00,76.907,70.652,4.066,2.189,1.0885
921,2023-02-08 09:00:00,77.03,70.631,4.16,2.24,1.0906
922,2023-02-08 10:00:00,78.201,71.599,4.292,2.311,1.0922
923,2023-02-08 11:00:00,77.936,71.29,4.32,2.326,1.0932
924,2023-02-08 12:00:00,78.337,71.634,4.357,2.346,1.0936
925,2023-02-08 13:00:00,79.816,73.008,4.425,2.383,1.0932
926,2023-02-08 14:00:00,77.984,71.397,4.282,2.305,1.0923
927,2023-02-08 15:00:00,78.013,71.527,4.216,2.27,1.0907
928,2023-02-08 16:00:00,76.979,70.712,4.073,2.193,1.0886
929,2023-02-08 17:00:00,76.585,70.506,3.952,2.128,1.0862
930,2023-02-08 18:00:00,75.86,70.004,3.806,2.049,1.0836
931,2023-02-08 19:00:00,75.525,69.861,3.681,1.982,1.0811
932,2023-02-08 20:00:00,75.443,69.941,3.577,1.926,1.0787
933,2023-02-08 21:00:00,75.272,69.916,3.482,1.875,1.0766
934,2023-02-08 22:00:00,73.856,68.701,3.351,1.804,1.075
935,2023-02-08 23:00:00,73.811,68.722,3.308,1.781,1.074
936,2023-02-09 00:00:00,72.416,67.444,3.232,1.74,1.0737
937,2023-02-09 01:00:00,73.303,68.248,3.286,1.769,1.0741
938,2023-02-09 02:00:00,74.334,69.143,3.374,1.817,1.0751
939,2023-02-09 03:00:00,74.688,69.369,3.458,1.862,1.0767
940,2023-02-09 04:00:00,74.73,69.273,3.547,1.91,1.0788
941,2023-02-09 05:00:00,75.865,70.168,3.703,1.994,1.0812
942,2023-02-09 06:00:00,76.238,70.344,3.831,2.063,1.0838
943,2023-02-09 07:00:00,77.452,71.293,4.003,2.156,1.0864
944,2023-02-09 08:00:00,77.39,71.078,4.103,2.21,1.0888
945,2023-02-09 09:00:00,77.441,70.988,4.194,2.258,1.0909
946,2023-02-09 10:00:00,78.388,71.751,4.314,2.323,1.0925
947,2023-02-09 11:00:00,76.151,69.639,4.233,2.279,1.0935
948,2023-02-09 12:00:00,78.778,72.018,4.394,2.366,1.0939
949,2023-02-09 13:00:00,75.603,69.136,4.203,2.263,1.0935
950,2023-02-09 14:00:00,76.816,70.309,4.23,2.278,1.0926
951,2023-02-09 15:00:00,78.063,71.554,4.231,2.278,1.091
952,2023-02-09 16:00:00,77.541,71.209,4.116,2.216,1.0889
953,2023-02-09 17:00:00,75.664,69.639,3.916,2.109,1.0865
954,2023-02-09 18:00:00,75.335,69.502,3.792,2.042,1.0839
955,2023-02-09 19:00:00,76.243,70.506,3.729,2.008,1.0814
956,2023-02-09 20:00:00,74.218,68.786,3.531,1.901,1.079
957,2023-02-09 21:00:00,75.742,70.333,3.516,1.893,1.0769
958,2023-02-09 22:00:00,73.642,68.483,3.353,1.806,1.0753
959,2023-02-09 23:00:00,73.695,68.595,3.315,1.785,1.0743
960,2023-02-10 00:00:00,74.517,69.382,3.338,1.797,1.074
961,2023-02-10 01:00:00,73.488,68.401,3.306,1.78,1.0744
962,2023-02-10 02:00:00,72.892,67.783,3.321,1.788,1.0754
963,2023-02-10 03:00:00,73.973,68.686,3.437,1.851,1.077
964,2023-02-10 04:00:00,74.563,69.1,3.551,1.912,1.0791
965,2023-02-10 05:00:00,74.181,68.592,3.633,1.956,1.0815
966,2023-02-10 06:00:00,75.692,69.821,3.816,2.055,1.0841
967,2023-02-10 07:00:00,75.996,69.933,3.941,2.122,1.0867
968,2023-02-10 08:00:00,77.896,71.522,4.143,2.231,1.0891
969,2023-02-10 09:00:00,77.761,71.262,4.224,2.275,1.0912
970,2023-02-10 10:00:00,77.936,71.318,4.302,2.316,1.0928
971,2023-02-10 11:00:00,78.335,71.616,4.367,2.351,1.0938
972,2023-02-10 12:00:00,78.677,71.906,4.401,2.37,1.0942
973,2023-02-10 13:00:00,78.89,72.122,4.399,2.369,1.0938
974,2023-02-10 14:00:00,77.391,70.816,4.274,2.301,1.0929
975,2023-02-10 15:00:00,76.944,70.508,4.183,2.252,1.0913
976,2023-02-10 16:00:00,78.041,71.648,4.155,2.237,1.0892
977,2023-02-10 17:00:00,76.256,70.164,3.96,2.132,1.0868
978,2023-02-10 18:00:00,74.822,69.008,3.779,2.035,1.0842
979,2023-02-10 19:00:00,75.563,69.858,3.708,1.997,1.0817
980,2023-02-10 20:00:00,74.955,69.449,3.578,1.927,1.0793
981,2023-02-10 21:00:00,72.918,67.691,3.397,1.829,1.0772
982,2023-02-10 22:00:00,73.837,68.645,3.375,1.817,1.0756
983,2023-02-10 23:00:00,73.962,68.825,3.339,1.798,1.0746
984,2023-02-11 00:00:00,72.852,67.812,3.276,1.764,1.0743
985,2023-02-11 01:00:00,73.134,68.052,3.303,1.779,1.0747
986,2023-02-11 02:00:00,71.857,66.801,3.286,1.77,1.0757
987,2023-02-11 03:00:00,73.573,68.294,3.431,1.847,1.0773
988,2023-02-11 04:00:00,73.627,68.213,3.519,1.895,1.0794
989,2023-02-11 05:00:00,74.113,68.509,3.643,1.961,1.0818
990,2023-02-11 06:00:00,75.81,69.909,3.835,2.065,1.0844
991,2023-02-11 07:00:00,76.947,70.788,4.003,2.156,1.087
992,2023-02-11 08:00:00,77.819,71.431,4.152,2.236,1.0894
993,2023-02-11 09:00:00,77.997,71.458,4.25,2.289,1.0915
994,2023-02-11 10:00:00,77.325,70.739,4.281,2.305,1.0931
995,2023-02-11 11:00:00,77.942,71.237,4.358,2.347,1.0941
996,2023-02-11 12:00:00,78.35,71.587,4.396,2.367,1.0945
997,2023-02-11 13:00:00,77.767,71.075,4.35,2.342,1.0942
998,2023-02-11 14:00:00,77.513,70.907,4.294,2.312,1.0932
999,2023-02-11 15:00:00,77.627,71.114,4.234,2.28,1.0916
1000,2023-02-11 16:00:00,76.413,70.134,4.081,2.198,1.0895
1001,2023-02-11 17:00:00,75.276,69.242,3.922,2.112,1.0871
1002,2023-02-11 18:00:00,74.845,69.01,3.793,2.042,1.0846
1003,2023-02-11 19:00:00,74.971,69.291,3.692,1.988,1.082
1004,2023-02-11 20:00:00,73.873,68.427,3.54,1.906,1.0796
1005,2023-02-11 21:00:00,73.596,68.301,3.442,1.853,1.0775
1006,2023-02-11 22:00:00,73.437,68.254,3.37,1.814,1.076
1007,2023-02-11 23:00:00,72.396,67.347,3.282,1.767,1.075
1008,2023-02-12 00:00:00,73.161,68.079,3.303,1.778,1.0746
1009,2023-02-12 01:00:00,72.965,67.875,3.309,1.782,1.075
1010,2023-02-12 02:00:00,72.006,66.92,3.306,1.78,1.076
1011,2023-02-12 03:00:00,74.433,69.072,3.484,1.876,1.0776
1012,2023-02-12 04:00:00,73.499,68.074,3.526,1.899,1.0797
1013,2023-02-12 05:00:00,73.247,67.688,3.613,1.945,1.0821
1014,2023-02-12 06:00:00,74.377,68.568,3.776,2.033,1.0847
1015,2023-02-12 07:00:00,75.067,69.038,3.918,2.11,1.0873
1016,2023-02-12 08:00:00,76.513,70.212,4.096,2.205,1.0897
1017,2023-02-12 09:00:00,76.806,70.346,4.199,2.261,1.0918
1018,2023-02-12 10:00:00,77.174,70.58,4.286,2.308,1.0934
1019,2023-02-12 11:00:00,78.17,71.424,4.385,2.361,1.0944
1020,2023-02-12 12:00:00,78.046,71.288,4.393,2.365,1.0948
1021,2023-02-12 13:00:00,77.939,71.212,4.373,2.355,1.0945
1022,2023-02-12 14:00:00,77.75,71.102,4.321,2.327,1.0935
1023,2023-02-12 15:00:00,77.492,70.969,4.24,2.283,1.0919
1024,2023-02-12 16:00:00,74.872,68.699,4.012,2.161,1.0899
1025,2023-02-12 17:00:00,75.576,69.498,3.951,2.127,1.0875
1026,2023-02-12 18:00:00,73.527,67.774,3.739,2.013,1.0849
1027,2023-02-12 19:00:00,74.541,68.872,3.685,1.984,1.0823
1028,2023-02-12 20:00:00,73.889,68.422,3.554,1.914,1.0799
1029,2023-02-12 21:00:00,74.15,68.794,3.481,1.875,1.0779
1030,2023-02-12 22:00:00,73.85,68.616,3.402,1.832,1.0763
1031,2023-02-12 23:00:00,72.853,67.752,3.316,1.785,1.0753
1032,2023-02-13 00:00:00,72.99,67.9,3.309,1.782,1.075
1033,2023-02-13 01:00:00,73.82,68.649,3.361,1.81,1.0753
1034,2023-02-13 02:00:00,73.314,68.115,3.38,1.82,1.0763
1035,2023-02-13 03:00:00,74.121,68.762,3.483,1.876,1.0779
1036,2023-02-13 04:00:00,75.402,69.815,3.631,1.955,1.08
1037,2023-02-13 05:00:00,74.858,69.157,3.706,1.996,1.0824
1038,2023-02-13 06:00:00,76.565,70.564,3.901,2.1,1.085
1039,2023-02-13 07:00:00,77.144,70.927,4.041,2.176,1.0876
1040,2023-02-13 08:00:00,76.531,70.207,4.111,2.213,1.0901
1041,2023-02-13 09:00:00,78.547,71.919,4.308,2.32,1.0922
1042,2023-02-13 10:00:00,78.756,72.005,4.388,2.363,1.0938
1043,2023-02-13 11:00:00,78.563,71.762,4.421,2.38,1.0948
1044,2023-02-13 12:00:00,77.991,71.216,4.404,2.371,1.0951
1045,2023-02-13 13:00:00,77.829,71.089,4.381,2.359,1.0948
1046,2023-02-13 14:00:00,77.813,71.139,4.338,2.336,1.0938
1047,2023-02-13 15:00:00,78.224,71.617,4.294,2.312,1.0922
1048,2023-02-13 16:00:00,76.538,70.206,4.116,2.216,1.0902
1049,2023-02-13 17:00:00,76.971,70.759,4.038,2.174,1.0878
1050,2023-02-13 18:00:00,75.022,69.131,3.829,2.062,1.0852
1051,2023-02-13 19:00:00,75.14,69.404,3.728,2.008,1.0826
1052,2023-02-13 20:00:00,74.755,69.202,3.61,1.944,1.0802
1053,2023-02-13 21:00:00,75.984,70.474,3.582,1.929,1.0782
1054,2023-02-13 22:00:00,72.693,67.52,3.362,1.811,1.0766
1055,2023-02-13 23:00:00,74.584,69.34,3.409,1.835,1.0756
1056,2023-02-14 00:00:00,73.502,68.355,3.346,1.802,1.0753
1057,2023-02-14 01:00:00,73.787,68.597,3.373,1.816,1.0757
1058,2023-02-14 02:00:00,73.824,68.567,3.417,1.84,1.0767
1059,2023-02-14 03:00:00,74.481,69.074,3.514,1.892,1.0783
1060,2023-02-14 04:00:00,74.564,69.017,3.605,1.941,1.0804
1061,2023-02-14 05:00:00,76.407,70.565,3.797,2.045,1.0828
1062,2023-02-14 06:00:00,75.63,69.68,3.867,2.082,1.0854
1063,2023-02-14 07:00:00,77.514,71.245,4.075,2.194,1.088
1064,2023-02-14 08:00:00,76.791,70.424,4.139,2.229,1.0904
1065,2023-02-14 09:00:00,77.781,71.195,4.281,2.305,1.0925
1066,2023-02-14 10:00:00,77.425,70.765,4.329,2.331,1.0941
1067,2023-02-14 11:00:00,78.858,72.009,4.452,2.397,1.0951
1068,2023-02-14 12:00:00,79.708,72.762,4.515,2.431,1.0955
1069,2023-02-14 13:00:00,78.452,71.636,4.43,2.386,1.0951
1070,2023-02-14 14:00:00,78.099,71.378,4.369,2.352,1.0942
1071,2023-02-14 15:00:00,76.981,70.457,4.24,2.283,1.0926
1072,2023-02-14 16:00:00,77.116,70.714,4.161,2.241,1.0905
1073,2023-02-14 17:00:00,75.449,69.338,3.972,2.139,1.0881
1074,2023-02-14 18:00:00,75.296,69.361,3.858,2.077,1.0856
1075,2023-02-14 19:00:00,75.491,69.706,3.76,2.025,1.083
1076,2023-02-14 20:00:00,75.694,70.048,3.669,1.976,1.0806
1077,2023-02-14 21:00:00,76.284,70.729,3.611,1.944,1.0785
1078,2023-02-14 22:00:00,73.313,68.074,3.405,1.834,1.077
1079,2023-02-14 23:00:00,74.581,69.314,3.423,1.843,1.076
1080,2023-02-15 00:00:00,73.597,68.421,3.364,1.812,1.0756
1081,2023-02-15 01:00:00,73.388,68.204,3.369,1.814,1.076
1082,2023-02-15 02:00:00,74.085,68.787,3.444,1.854,1.077
1083,2023-02-15 03:00:00,74.216,68.806,3.516,1.893,1.0786
1084,2023-02-15 04:00:00,74.787,69.202,3.63,1.955,1.0807
1085,2023-02-15 05:00:00,75.019,69.261,3.743,2.015,1.0831
1086,2023-02-15 06:00:00,74.939,69.021,3.847,2.071,1.0857
1087,2023-02-15 07:00:00,75.501,69.372,3.983,2.145,1.0883
1088,2023-02-15 08:00:00,77.807,71.332,4.209,2.266,1.0908
1089,2023-02-15 09:00:00,77.64,71.044,4.288,2.309,1.0929
1090,2023-02-15 10:00:00,77.814,71.098,4.365,2.351,1.0945
1091,2023-02-15 11:00:00,78.541,71.696,4.449,2.396,1.0955
1092,2023-02-15 12:00:00,79.235,72.306,4.504,2.425,1.0958
1093,2023-02-15 13:00:00,78.675,71.817,4.458,2.401,1.0955
1094,2023-02-15 14:00:00,77.772,71.056,4.365,2.351,1.0945
1095,2023-02-15 15:00:00,78.797,72.096,4.356,2.345,1.0929
1096,2023-02-15 16:00:00,78.523,71.98,4.252,2.29,1.0909
1097,2023-02-15 17:00:00,77.064,70.799,4.072,2.193,1.0885
1098,2023-02-15 18:00:00,76.754,70.682,3.947,2.125,1.0859
1099,2023-02-15 19:00:00,76.285,70.416,3.815,2.054,1.0833
1100,2023-02-15 20:00:00,75.576,69.916,3.679,1.981,1.0809
1101,2023-02-15 21:00:00,74.651,69.192,3.548,1.911,1.0789
1102,2023-02-15 22:00:00,74.231,68.903,3.463,1.865,1.0773
1103,2023-02-15 23:00:00,73.915,68.673,3.407,1.835,1.0763
1104,2023-02-16 00:00:00,72.611,67.482,3.334,1.795,1.076
1105,2023-02-16 01:00:00,74.054,68.8,3.415,1.839,1.0764
1106,2023-02-16 02:00:00,72.761,67.535,3.397,1.829,1.0774
1107,2023-02-16 03:00:00,73.593,68.206,3.502,1.885,1.079
1108,2023-02-16 04:00:00,75.715,70.037,3.691,1.987,1.0811
1109,2023-02-16 05:00:00,75.991,70.135,3.806,2.05,1.0835
1110,2023-02-16 06:00:00,77.158,71.041,3.976,2.141,1.0861
1111,2023-02-16 07:00:00,76.495,70.263,4.051,2.181,1.0887
1112,2023-02-16 08:00:00,76.454,70.068,4.15,2.235,1.0911
1113,2023-02-16 09:00:00,77.694,71.069,4.306,2.319,1.0932
1114,2023-02-16 10:00:00,78.375,71.587,4.412,2.376,1.0948
1115,2023-02-16 11:00:00,78.621,71.746,4.469,2.406,1.0958
1116,2023-02-16 12:00:00,79.522,72.544,4.536,2.442,1.0962
1117,2023-02-16 13:00:00,78.286,71.437,4.451,2.397,1.0959
1118,2023-02-16 14:00:00,78.571,71.762,4.426,2.383,1.0949
1119,2023-02-16 15:00:00,77.128,70.545,4.279,2.304,1.0933
1120,2023-02-16 16:00:00,77.686,71.19,4.223,2.274,1.0913
1121,2023-02-16 17:00:00,76.715,70.455,4.069,2.191,1.0889
1122,2023-02-16 18:00:00,75.47,69.475,3.896,2.098,1.0863
1123,2023-02-16 19:00:00,75.19,69.382,3.775,2.033,1.0837
1124,2023-02-16 20:00:00,74.606,68.996,3.647,1.964,1.0813
1125,2023-02-16 21:00:00,74.008,68.573,3.533,1.902,1.0793
1126,2023-02-16 22:00:00,75.141,69.724,3.521,1.896,1.0777
1127,2023-02-16 23:00:00,73.475,68.241,3.402,1.832,1.0767
1128,2023-02-17 00:00:00,73.279,68.079,3.38,1.82,1.0764
1129,2023-02-17 01:00:00,71.97,66.841,3.334,1.795,1.0767
1130,2023-02-17 02:00:00,73.134,67.859,3.429,1.847,1.0777
1131,2023-02-17 03:00:00,74.02,68.578,3.537,1.905,1.0794
1132,2023-02-17 04:00:00,74.235,68.645,3.634,1.957,1.0814
1133,2023-02-17 05:00:00,76.428,70.514,3.844,2.07,1.0839
1134,2023-02-17 06:00:00,75.927,69.885,3.928,2.115,1.0865
1135,2023-02-17 07:00:00,77.711,71.355,4.131,2.225,1.0891
1136,2023-02-17 08:00:00,77.407,70.918,4.218,2.271,1.0915
1137,2023-02-17 09:00:00,77.933,71.263,4.335,2.334,1.0936
1138,2023-02-17 10:00:00,78.255,71.453,4.421,2.381,1.0952
1139,2023-02-17 11:00:00,78.59,71.693,4.483,2.414,1.0962
1140,2023-02-17 12:00:00,79.998,72.953,4.579,2.466,1.0966
1141,2023-02-17 13:00:00,76.81,70.067,4.383,2.36,1.0962
1142,2023-02-17 14:00:00,76.793,70.114,4.341,2.338,1.0953
1143,2023-02-17 15:00:00,77.495,70.857,4.315,2.323,1.0937
1144,2023-02-17 16:00:00,77.38,70.885,4.222,2.273,1.0916
1145,2023-02-17 17:00:00,77.266,70.936,4.114,2.215,1.0892
1146,2023-02-17 18:00:00,76.426,70.331,3.962,2.133,1.0867
1147,2023-02-17 19:00:00,75.103,69.278,3.786,2.039,1.0841
1148,2023-02-17 20:00:00,75.543,69.838,3.708,1.997,1.0817
1149,2023-02-17 21:00:00,75.017,69.484,3.597,1.937,1.0796
1150,2023-02-17 22:00:00,73.969,68.613,3.481,1.875,1.0781
1151,2023-02-17 23:00:00,74.301,68.983,3.456,1.861,1.0771
1152,2023-02-18 00:00:00,72.94,67.741,3.38,1.82,1.0768
1153,2023-02-18 01:00:00,72.4,67.217,3.369,1.814,1.0771
1154,2023-02-18 02:00:00,73.607,68.273,3.467,1.867,1.0781
1155,2023-02-18 03:00:00,73.573,68.14,3.531,1.901,1.0797
1156,2023-02-18 04:00:00,74.024,68.426,3.639,1.959,1.0818
1157,2023-02-18 05:00:00,75.765,69.878,3.826,2.06,1.0842
1158,2023-02-18 06:00:00,73.454,67.584,3.815,2.054,1.0868
1159,2023-02-18 07:00:00,74.911,68.761,3.998,2.153,1.0895
1160,2023-02-18 08:00:00,75.715,69.344,4.141,2.23,1.0919
1161,2023-02-18 09:00:00,76.888,70.283,4.293,2.312,1.094
1162,2023-02-18 10:00:00,77.388,70.637,4.388,2.363,1.0956
1163,2023-02-18 11:00:00,76.69,69.935,4.391,2.364,1.0966
1164,2023-02-18 12:00:00,77.182,70.36,4.434,2.387,1.0969
1165,2023-02-18 13:00:00,77.189,70.388,4.421,2.38,1.0966
1166,2023-02-18 14:00:00,79.473,72.536,4.509,2.428,1.0956
1167,2023-02-18 15:00:00,78.552,71.799,4.39,2.364,1.0941
1168,2023-02-18 16:00:00,76.317,69.887,4.18,2.251,1.092
1169,2023-02-18 17:00:00,75.727,69.498,4.048,2.18,1.0896
1170,2023-02-18 18:00:00,74.458,68.496,3.875,2.087,1.087
1171,2023-02-18 19:00:00,73.214,67.511,3.707,1.996,1.0845
1172,2023-02-18 20:00:00,73.952,68.343,3.646,1.963,1.0821
1173,2023-02-18 21:00:00,72.755,67.364,3.504,1.887,1.08
1174,2023-02-18 22:00:00,73.038,67.725,3.453,1.86,1.0784
1175,2023-02-18 23:00:00,71.64,66.489,3.348,1.803,1.0775
1176,2023-02-19 00:00:00,72.186,67.017,3.36,1.809,1.0771
1177,2023-02-19 01:00:00,72.961,67.714,3.411,1.837,1.0775
1178,2023-02-19 02:00:00,73.383,68.041,3.472,1.87,1.0785
1179,2023-02-19 03:00:00,73.831,68.355,3.56,1.917,1.0801
1180,2023-02-19 04:00:00,73.05,67.501,3.607,1.942,1.0822
1181,2023-02-19 05:00:00,75.323,69.445,3.82,2.057,1.0846
1182,2023-02-19 06:00:00,74.737,68.74,3.898,2.099,1.0872
1183,2023-02-19 07:00:00,76.503,70.196,4.099,2.207,1.0898
1184,2023-02-19 08:00:00,76.642,70.168,4.208,2.266,1.0923
1185,2023-02-19 09:00:00,76.139,69.574,4.267,2.298,1.0944
1186,2023-02-19 10:00:00,77.369,70.594,4.404,2.371,1.096
1187,2023-02-19 11:00:00,78.156,71.246,4.491,2.418,1.097
1188,2023-02-19 12:00:00,78.437,71.479,4.522,2.435,1.0973
1189,2023-02-19 13:00:00,77.769,70.892,4.47,2.407,1.097
1190,2023-02-19 14:00:00,78.791,71.888,4.487,2.416,1.096
1191,2023-02-19 15:00:00,77.972,71.243,4.374,2.355,1.0945
1192,2023-02-19 16:00:00,76.463,69.995,4.204,2.264,1.0924
1193,2023-02-19 17:00:00,76.604,70.278,4.112,2.214,1.09
1194,2023-02-19 18:00:00,76.831,70.654,4.016,2.162,1.0874
1195,2023-02-19 19:00:00,76.179,70.219,3.874,2.086,1.0849
1196,2023-02-19 20:00:00,73.138,67.565,3.622,1.95,1.0825
1197,2023-02-19 21:00:00,72.835,67.414,3.524,1.897,1.0804
1198,2023-02-19 22:00:00,74.25,68.824,3.527,1.899,1.0788
1199,2023-02-19 23:00:00,72.075,66.869,3.384,1.822,1.0779
1200,2023-02-20 00:00:00,72.544,67.324,3.393,1.827,1.0775
1201,2023-02-20 01:00:00,73.264,67.969,3.441,1.853,1.0779
1202,2023-02-20 02:00:00,74.206,68.779,3.528,1.9,1.0789
1203,2023-02-20 03:00:00,74.222,68.691,3.595,1.936,1.0805
1204,2023-02-20 04:00:00,74.342,68.67,3.687,1.985,1.0826
1205,2023-02-20 05:00:00,74.949,69.075,3.818,2.056,1.085
1206,2023-02-20 06:00:00,75.592,69.501,3.959,2.132,1.0876
1207,2023-02-20 07:00:00,76.14,69.837,4.097,2.206,1.0902
1208,2023-02-20 08:00:00,79.188,72.472,4.366,2.351,1.0927
1209,2023-02-20 09:00:00,78.216,71.446,4.401,2.37,1.0948
1210,2023-02-20 10:00:00,79.088,72.136,4.519,2.433,1.0964
1211,2023-02-20 11:00:00,78.296,71.348,4.516,2.432,1.0974
1212,2023-02-20 12:00:00,78.62,71.62,4.55,2.45,1.0977
1213,2023-02-20 13:00:00,78.126,71.191,4.508,2.427,1.0974
1214,2023-02-20 14:00:00,76.377,69.659,4.366,2.351,1.0964
1215,2023-02-20 15:00:00,76.939,70.273,4.333,2.333,1.0949
1216,2023-02-20 16:00:00,76.068,69.608,4.199,2.261,1.0928
1217,2023-02-20 17:00:00,75.106,68.878,4.048,2.18,1.0904
1218,2023-02-20 18:00:00,75.239,69.163,3.949,2.126,1.0878
1219,2023-02-20 19:00:00,76.484,70.475,3.906,2.103,1.0853
1220,2023-02-20 20:00:00,74.82,69.094,3.722,2.004,1.0829
1221,2023-02-20 21:00:00,75.297,69.666,3.66,1.971,1.0808
1222,2023-02-20 22:00:00,74.222,68.772,3.543,1.908,1.0793
1223,2023-02-20 23:00:00,74.247,68.857,3.503,1.886,1.0783
1224,2023-02-21 00:00:00,72.89,67.619,3.426,1.845,1.0779
1225,2023-02-21 01:00:00,74.054,68.676,3.495,1.882,1.0783
1226,2023-02-21 02:00:00,74.467,68.995,3.557,1.915,1.0793
1227,2023-02-21 03:00:00,73.891,68.359,3.596,1.936,1.0809
1228,2023-02-21 04:00:00,75.288,69.517,3.751,2.02,1.083
1229,2023-02-21 05:00:00,75.92,69.943,3.885,2.092,1.0854
1230,2023-02-21 06:00:00,75.745,69.615,3.984,2.145,1.088
1231,2023-02-21 07:00:00,75.983,69.667,4.105,2.21,1.0907
1232,2023-02-21 08:00:00,76.566,70.046,4.238,2.282,1.0931
1233,2023-02-21 09:00:00,78.084,71.298,4.411,2.375,1.0952
1234,2023-02-21 10:00:00,78.688,71.744,4.513,2.43,1.0968
1235,2023-02-21 11:00:00,78.092,71.136,4.522,2.435,1.0978
1236,2023-02-21 12:00:00,78.813,71.769,4.579,2.465,1.0982
1237,2023-02-21 13:00:00,79.142,72.09,4.584,2.468,1.0978
1238,2023-02-21 14:00:00,78.916,71.948,4.529,2.439,1.0968
1239,2023-02-21 15:00:00,79.214,72.324,4.479,2.412,1.0953
1240,2023-02-21 16:00:00,78.459,71.769,4.349,2.342,1.0932
1241,2023-02-21 17:00:00,76.087,69.752,4.118,2.217,1.0908
1242,2023-02-21 18:00:00,77.461,71.179,4.083,2.199,1.0883
1243,2023-02-21 19:00:00,75.103,69.175,3.853,2.075,1.0857
1244,2023-02-21 20:00:00,75.675,69.856,3.782,2.036,1.0833
1245,2023-02-21 21:00:00,74.4,68.81,3.634,1.957,1.0812
1246,2023-02-21 22:00:00,73.629,68.196,3.531,1.902,1.0797
1247,2023-02-21 23:00:00,72.32,67.044,3.429,1.846,1.0787
1248,2023-02-22 00:00:00,73.469,68.13,3.47,1.869,1.0784
1249,2023-02-22 01:00:00,72.509,67.218,3.439,1.852,1.0787
1250,2023-02-22 02:00:00,74.676,69.162,3.585,1.93,1.0797
1251,2023-02-22 03:00:00,75.504,69.824,3.692,1.988,1.0813
1252,2023-02-22 04:00:00,74.288,68.567,3.718,2.002,1.0834
1253,2023-02-22 05:00:00,75.748,69.758,3.893,2.096,1.0859
1254,2023-02-22 06:00:00,75.64,69.492,3.996,2.152,1.0885
1255,2023-02-22 07:00:00,76.389,70.013,4.145,2.232,1.0911
1256,2023-02-22 08:00:00,78.095,71.417,4.341,2.337,1.0935
1257,2023-02-22 09:00:00,78.018,71.21,4.425,2.383,1.0956
1258,2023-02-22 10:00:00,79.803,72.733,4.595,2.474,1.0972
1259,2023-02-22 11:00:00,78.361,71.353,4.555,2.453,1.0982
1260,2023-02-22 12:00:00,79.591,72.45,4.642,2.5,1.0986
1261,2023-02-22 13:00:00,78.809,71.759,4.583,2.468,1.0983
1262,2023-02-22 14:00:00,79.083,72.073,4.557,2.454,1.0973
1263,2023-02-22 15:00:00,77.712,70.924,4.412,2.376,1.0957
1264,2023-02-22 16:00:00,77.474,70.84,4.312,2.322,1.0936
1265,2023-02-22 17:00:00,76.794,70.372,4.174,2.248,1.0913
1266,2023-02-22 18:00:00,75.571,69.415,4.001,2.155,1.0887
1267,2023-02-22 19:00:00,76.039,70.011,3.919,2.11,1.0861
1268,2023-02-22 20:00:00,75.405,69.58,3.786,2.039,1.0837
1269,2023-02-22 21:00:00,74.827,69.178,3.672,1.977,1.0817
1270,2023-02-22 22:00:00,75.132,69.56,3.621,1.95,1.0801
1271,2023-02-22 23:00:00,74.808,69.324,3.565,1.92,1.0791
1272,2023-02-23 00:00:00,73.344,67.988,3.482,1.875,1.0788
1273,2023-02-23 01:00:00,73.998,68.571,3.528,1.9,1.0791
1274,2023-02-23 02:00:00,73.503,68.048,3.546,1.909,1.0802
1275,2023-02-23 03:00:00,74.403,68.779,3.656,1.968,1.0818
1276,2023-02-23 04:00:00,74.467,68.705,3.745,2.017,1.0839
1277,2023-02-23 05:00:00,76.78,70.681,3.964,2.135,1.0863
1278,2023-02-23 06:00:00,76.5,70.255,4.059,2.186,1.0889
1279,2023-02-23 07:00:00,76.733,70.3,4.181,2.251,1.0915
1280,2023-02-23 08:00:00,78.446,71.711,4.378,2.358,1.0939
1281,2023-02-23 09:00:00,76.412,69.718,4.351,2.343,1.096
1282,2023-02-23 10:00:00,76.95,70.106,4.449,2.396,1.0976
1283,2023-02-23 11:00:00,79.374,72.247,4.632,2.494,1.0986
1284,2023-02-23 12:00:00,78.9,71.792,4.62,2.488,1.099
1285,2023-02-23 13:00:00,78.958,71.866,4.61,2.482,1.0987
1286,2023-02-23 14:00:00,77.484,70.587,4.483,2.414,1.0977
1287,2023-02-23 15:00:00,78.068,71.221,4.45,2.396,1.0961
1288,2023-02-23 16:00:00,79.077,72.277,4.42,2.38,1.0941
1289,2023-02-23 17:00:00,77.542,71.03,4.233,2.279,1.0917
1290,2023-02-23 18:00:00,76.367,70.119,4.062,2.187,1.0891
1291,2023-02-23 19:00:00,75.232,69.24,3.895,2.097,1.0865
1292,2023-02-23 20:00:00,74.642,68.849,3.766,2.028,1.0842
1293,2023-02-23 21:00:00,72.795,67.272,3.59,1.933,1.0821
1294,2023-02-23 22:00:00,74.194,68.665,3.594,1.935,1.0805
1295,2023-02-23 23:00:00,74.382,68.901,3.563,1.918,1.0795
1296,2023-02-24 00:00:00,72.467,67.147,3.458,1.862,1.0792
1297,2023-02-24 01:00:00,73.246,67.847,3.51,1.89,1.0796
1298,2023-02-24 02:00:00,73.129,67.674,3.545,1.909,1.0806
1299,2023-02-24 03:00:00,73.684,68.087,3.638,1.959,1.0822
1300,2023-02-24 04:00:00,74.993,69.162,3.79,2.041,1.0843
1301,2023-02-24 05:00:00,73.993,68.088,3.838,2.067,1.0867
1302,2023-02-24 06:00:00,76.722,70.43,4.09,2.202,1.0893
1303,2023-02-24 07:00:00,77.507,70.981,4.242,2.284,1.0919
1304,2023-02-24 08:00:00,77.371,70.699,4.337,2.335,1.0944
1305,2023-02-24 09:00:00,76.205,69.501,4.358,2.346,1.0965
1306,2023-02-24 10:00:00,77.763,70.818,4.514,2.431,1.0981
1307,2023-02-24 11:00:00,79.742,72.553,4.673,2.516,1.0991
1308,2023-02-24 12:00:00,76.747,69.805,4.512,2.43,1.0994
1309,2023-02-24 13:00:00,78.529,71.447,4.603,2.479,1.0991
1310,2023-02-24 14:00:00,77.627,70.69,4.509,2.428,1.0981
1311,2023-02-24 15:00:00,78.735,71.801,4.507,2.427,1.0966
1312,2023-02-24 16:00:00,77.057,70.402,4.325,2.329,1.0945
1313,2023-02-24 17:00:00,77.252,70.736,4.236,2.281,1.0921
1314,2023-02-24 18:00:00,76.7,70.396,4.098,2.207,1.0896
1315,2023-02-24 19:00:00,76.994,70.832,4.005,2.157,1.087
1316,2023-02-24 20:00:00,74.818,68.983,3.793,2.042,1.0846
1317,2023-02-24 21:00:00,74.723,69.026,3.703,1.994,1.0825
1318,2023-02-24 22:00:00,72.906,67.445,3.55,1.911,1.081
1319,2023-02-24 23:00:00,74.674,69.143,3.595,1.936,1.08
1320,2023-02-25 00:00:00,72.357,67.018,3.47,1.869,1.0797
1321,2023-02-25 01:00:00,72.596,67.217,3.496,1.883,1.08
1322,2023-02-25 02:00:00,73.261,67.769,3.57,1.922,1.081
1323,2023-02-25 03:00:00,72.504,66.969,3.598,1.937,1.0827
1324,2023-02-25 04:00:00,74.397,68.585,3.778,2.034,1.0847
1325,2023-02-25 05:00:00,75.585,69.524,3.939,2.121,1.0872
1326,2023-02-25 06:00:00,75.745,69.505,4.056,2.184,1.0898
1327,2023-02-25 07:00:00,74.982,68.641,4.122,2.22,1.0924
1328,2023-02-25 08:00:00,76.734,70.088,4.32,2.326,1.0948
1329,2023-02-25 09:00:00,77.943,71.057,4.476,2.41,1.0969
1330,2023-02-25 10:00:00,76.348,69.501,4.451,2.396,1.0985
1331,2023-02-25 11:00:00,77.229,70.238,4.544,2.447,1.0995
1332,2023-02-25 12:00:00,78.822,71.664,4.653,2.506,1.0999
1333,2023-02-25 13:00:00,78.267,71.179,4.607,2.481,1.0996
1334,2023-02-25 14:00:00,78.114,71.104,4.557,2.454,1.0986
1335,2023-02-25 15:00:00,78.809,71.839,4.53,2.439,1.097
1336,2023-02-25 16:00:00,77.199,70.503,4.352,2.343,1.095
1337,2023-02-25 17:00:00,76.714,70.213,4.225,2.275,1.0926
1338,2023-02-25 18:00:00,77.606,71.198,4.165,2.243,1.09
1339,2023-02-25 19:00:00,74.704,68.697,3.904,2.102,1.0874
1340,2023-02-25 20:00:00,73.638,67.866,3.752,2.02,1.085
1341,2023-02-25 21:00:00,74.036,68.362,3.688,1.986,1.083
1342,2023-02-25 22:00:00,73.636,68.092,3.604,1.94,1.0814
1343,2023-02-25 23:00:00,72.65,67.241,3.516,1.893,1.0804
1344,2023-02-26 00:00:00,72.182,66.827,3.48,1.874,1.0801
1345,2023-02-26 01:00:00,74.798,69.227,3.621,1.95,1.0805
1346,2023-02-26 02:00:00,73.556,68.013,3.603,1.94,1.0815
1347,2023-02-26 03:00:00,73.164,67.55,3.649,1.965,1.0831
1348,2023-02-26 04:00:00,74.95,69.066,3.825,2.059,1.0852
1349,2023-02-26 05:00:00,74.797,68.771,3.917,2.109,1.0876
1350,2023-02-26 06:00:00,75.36,69.123,4.054,2.183,1.0902
1351,2023-02-26 07:00:00,76.659,70.147,4.233,2.279,1.0928
1352,2023-02-26 08:00:00,75.87,69.271,4.29,2.31,1.0953
1353,2023-02-26 09:00:00,77.676,70.784,4.48,2.412,1.0974
1354,2023-02-26 10:00:00,79.296,72.155,4.642,2.499,1.099
1355,2023-02-26 11:00:00,78.448,71.317,4.635,2.496,1.1
1356,2023-02-26 12:00:00,77.89,70.787,4.617,2.486,1.1004
1357,2023-02-26 13:00:00,77.701,70.635,4.593,2.473,1.1
1358,2023-02-26 14:00:00,77.514,70.528,4.541,2.445,1.099
1359,2023-02-26 15:00:00,77.218,70.36,4.458,2.401,1.0975
1360,2023-02-26 16:00:00,76.582,69.911,4.336,2.335,1.0954
1361,2023-02-26 17:00:00,76.944,70.394,4.257,2.292,1.093
1362,2023-02-26 18:00:00,74.246,68.087,4.004,2.156,1.0905
1363,2023-02-26 19:00:00,75.555,69.45,3.968,2.137,1.0879
1364,2023-02-26 20:00:00,73.987,68.159,3.788,2.04,1.0855
1365,2023-02-26 21:00:00,74.029,68.326,3.706,1.996,1.0835
1366,2023-02-26 22:00:00,72.481,66.996,3.566,1.92,1.0819
1367,2023-02-26 23:00:00,74.085,68.54,3.604,1.941,1.0809
1368,2023-02-27 00:00:00,74.692,69.122,3.621,1.95,1.0806
1369,2023-02-27 01:00:00,74.565,68.981,3.629,1.954,1.0809
1370,2023-02-27 02:00:00,72.95,67.424,3.592,1.934,1.082
1371,2023-02-27 03:00:00,75.138,69.343,3.767,2.028,1.0836
1372,2023-02-27 04:00:00,75.354,69.408,3.865,2.081,1.0857
1373,2023-02-27 05:00:00,74.451,68.423,3.918,2.11,1.0881
1374,2023-02-27 06:00:00,76.33,69.983,4.126,2.222,1.0907
1375,2023-02-27 07:00:00,77.306,70.708,4.288,2.309,1.0933
1376,2023-02-27 08:00:00,78.087,71.264,4.435,2.388,1.0957
1377,2023-02-27 09:00:00,78.343,71.362,4.538,2.443,1.0978
1378,2023-02-27 10:00:00,78.851,71.719,4.636,2.496,1.0994
1379,2023-02-27 11:00:00,80.027,72.722,4.749,2.557,1.1005
1380,2023-02-27 12:00:00,79.928,72.608,4.758,2.562,1.1008
1381,2023-02-27 13:00:00,76.686,69.683,4.552,2.451,1.1005
1382,2023-02-27 14:00:00,78.388,71.293,4.612,2.483,1.0995
1383,2023-02-27 15:00:00,78.088,71.122,4.528,2.438,1.0979
1384,2023-02-27 16:00:00,76.328,69.649,4.341,2.338,1.0959
1385,2023-02-27 17:00:00,77.113,70.519,4.286,2.308,1.0935
1386,2023-02-27 18:00:00,77.319,70.874,4.189,2.256,1.0909
1387,2023-02-27 19:00:00,74.865,68.786,3.951,2.127,1.0884
1388,2023-02-27 20:00:00,75.324,69.36,3.876,2.087,1.086
1389,2023-02-27 21:00:00,73.839,68.121,3.716,2.001,1.0839
1390,2023-02-27 22:00:00,73.615,68.014,3.641,1.96,1.0824
1391,2023-02-27 23:00:00,74.987,69.344,3.668,1.975,1.0814
1392,2023-02-28 00:00:00,73.371,67.87,3.576,1.925,1.0811
1393,2023-02-28 01:00:00,74.221,68.633,3.632,1.956,1.0814
1394,2023-02-28 02:00:00,72.712,67.175,3.599,1.938,1.0824
1395,2023-02-28 03:00:00,75.955,70.066,3.828,2.061,1.084
1396,2023-02-28 04:00:00,75.537,69.547,3.894,2.097,1.0861
1397,2023-02-28 05:00:00,75.567,69.419,3.996,2.152,1.0886
1398,2023-02-28 06:00:00,76.822,70.403,4.172,2.247,1.0912
1399,2023-02-28 07:00:00,75.981,69.466,4.235,2.28,1.0938
1400,2023-02-28 08:00:00,78.602,71.703,4.484,2.415,1.0962
1401,2023-02-28 09:00:00,77.991,71.011,4.537,2.443,1.0983
1402,2023-02-28 10:00:00,78.504,71.373,4.635,2.496,1.0999
1403,2023-02-28 11:00:00,78.547,71.346,4.681,2.52,1.1009
1404,2023-02-28 12:00:00,78.57,71.344,4.697,2.529,1.1013
1405,2023-02-28 13:00:00,79.464,72.177,4.737,2.551,1.101
1406,2023-02-28 14:00:00,78.864,71.695,4.66,2.509,1.1
1407,2023-02-28 15:00:00,78.75,71.694,4.587,2.47,1.0984
1408,2023-02-28 16:00:00,77.699,70.869,4.439,2.39,1.0964
1409,2023-02-28 17:00:00,77.467,70.812,4.326,2.329,1.094
1410,2023-02-28 18:00:00,76.079,69.707,4.142,2.23,1.0914
1411,2023-02-28 19:00:00,77.425,71.108,4.106,2.211,1.0888
1412,2023-02-28 20:00:00,73.909,68.027,3.823,2.058,1.0865
1413,2023-02-28 21:00:00,75.523,69.645,3.821,2.057,1.0844
1414,2023-02-28 22:00:00,75.194,69.442,3.739,2.013,1.0828
1415,2023-02-28 23:00:00,73.256,67.713,3.603,1.94,1.0819
1416,2023-03-01 00:00:00,75.502,69.81,3.7,1.992,1.0815
1417,2023-03-01 01:00:00,74.658,69.006,3.673,1.978,1.0819
1418,2023-03-01 02:00:00,74.899,69.164,3.728,2.007,1.0829
1419,2023-03-01 03:00:00,74.596,68.782,3.779,2.035,1.0845
1420,2023-03-01 04:00:00,74.947,68.973,3.883,2.091,1.0866
1421,2023-03-01 05:00:00,75.58,69.4,4.017,2.163,1.089
1422,2023-03-01 06:00:00,76.714,70.273,4.187,2.254,1.0917
1423,2023-03-01 07:00:00,78.167,71.434,4.377,2.357,1.0943
1424,2023-03-01 08:00:00,77.867,71.002,4.463,2.403,1.0967
1425,2023-03-01 09:00:00,77.574,70.599,4.533,2.441,1.0988
1426,2023-03-01 10:00:00,79.33,72.093,4.705,2.533,1.1004
1427,2023-03-01 11:00:00,79.671,72.335,4.768,2.568,1.1014
1428,2023-03-01 12:00:00,79.557,72.208,4.777,2.572,1.1018
1429,2023-03-01 13:00:00,79.539,72.212,4.762,2.564,1.1015
1430,2023-03-01 14:00:00,78.493,71.326,4.658,2.508,1.1005
1431,2023-03-01 15:00:00,77.569,70.587,4.538,2.444,1.0989
1432,2023-03-01 16:00:00,77.073,70.267,4.424,2.382,1.0969
1433,2023-03-01 17:00:00,75.855,69.308,4.256,2.292,1.0945
1434,2023-03-01 18:00:00,76.614,70.166,4.191,2.257,1.0919
1435,2023-03-01 19:00:00,75.696,69.489,4.035,2.173,1.0893
1436,2023-03-01 20:00:00,74.8,68.817,3.889,2.094,1.0869
1437,2023-03-01 21:00:00,72.355,66.694,3.68,1.982,1.0849
1438,2023-03-01 22:00:00,73.245,67.611,3.662,1.972,1.0833
1439,2023-03-01 23:00:00,74.784,69.094,3.698,1.991,1.0823
1440,2023-03-02 00:00:00,73.345,67.785,3.614,1.946,1.082
1441,2023-03-02 01:00:00,74.21,68.562,3.671,1.977,1.0824
1442,2023-03-02 02:00:00,73.142,67.511,3.66,1.971,1.0834
1443,2023-03-02 03:00:00,75.701,69.77,3.855,2.076,1.085
1444,2023-03-02 04:00:00,75.036,69.024,3.908,2.104,1.0871
1445,2023-03-02 05:00:00,75.995,69.75,4.059,2.186,1.0895
1446,2023-03-02 06:00:00,78.228,71.628,4.29,2.31,1.0921
1447,2023-03-02 07:00:00,78.291,71.514,4.405,2.372,1.0948
1448,2023-03-02 08:00:00,77.528,70.66,4.464,2.404,1.0972
1449,2023-03-02 09:00:00,77.853,70.822,4.57,2.461,1.0993
1450,2023-03-02 10:00:00,78.48,71.288,4.675,2.517,1.1009
1451,2023-03-02 11:00:00,79.389,72.047,4.772,2.57,1.1019
1452,2023-03-02 12:00:00,79.007,71.676,4.765,2.566,1.1023
1453,2023-03-02 13:00:00,78.694,71.414,4.732,2.548,1.1019
1454,2023-03-02 14:00:00,79.867,72.543,4.761,2.564,1.101
1455,2023-03-02 15:00:00,78.231,71.157,4.598,2.476,1.0994
1456,2023-03-02 16:00:00,79.541,72.485,4.587,2.47,1.0974
1457,2023-03-02 17:00:00,77.213,70.516,4.353,2.344,1.095
1458,2023-03-02 18:00:00,77.833,71.25,4.279,2.304,1.0924
1459,2023-03-02 19:00:00,76.067,69.797,4.075,2.194,1.0898
1460,2023-03-02 20:00:00,75.902,69.799,3.967,2.136,1.0874
1461,2023-03-02 21:00:00,74.083,68.255,3.788,2.04,1.0854
1462,2023-03-02 22:00:00,73.577,67.887,3.699,1.992,1.0838
1463,2023-03-02 23:00:00,74.317,68.631,3.695,1.99,1.0828
1464,2023-03-03 00:00:00,74.631,68.942,3.698,1.991,1.0825
1465,2023-03-03 01:00:00,74.002,68.338,3.681,1.982,1.0829
1466,2023-03-03 02:00:00,73.254,67.584,3.686,1.985,1.0839
1467,2023-03-03 03:00:00,73.609,67.81,3.769,2.029,1.0855
1468,2023-03-03 04:00:00,74.094,68.126,3.879,2.089,1.0876
1469,2023-03-03 05:00:00,74.46,68.31,3.998,2.153,1.09
1470,2023-03-03 06:00:00,76.569,70.077,4.22,2.272,1.0926
1471,2023-03-03 07:00:00,78.026,71.24,4.411,2.375,1.0953
1472,2023-03-03 08:00:00,77.788,70.866,4.5,2.423,1.0977
1473,2023-03-03 09:00:00,76.605,69.655,4.517,2.432,1.0998
1474,2023-03-03 10:00:00,78.619,71.382,4.704,2.533,1.1014
1475,2023-03-03 11:00:00,78.906,71.576,4.764,2.565,1.1024
1476,2023-03-03 12:00:00,80.742,73.217,4.891,2.634,1.1028
1477,2023-03-03 13:00:00,77.911,70.67,4.706,2.534,1.1024
1478,2023-03-03 14:00:00,78.471,71.242,4.699,2.53,1.1015
1479,2023-03-03 15:00:00,79.668,72.432,4.703,2.533,1.0999
1480,2023-03-03 16:00:00,78.156,71.19,4.528,2.438,1.0979
1481,2023-03-03 17:00:00,77.611,70.847,4.396,2.367,1.0955
1482,2023-03-03 18:00:00,76.59,70.08,4.232,2.279,1.0929
1483,2023-03-03 19:00:00,76.081,69.778,4.097,2.206,1.0903
1484,2023-03-03 20:00:00,75.796,69.669,3.982,2.144,1.0879
1485,2023-03-03 21:00:00,74.053,68.196,3.807,2.05,1.0859
1486,2023-03-03 22:00:00,74.926,69.099,3.787,2.039,1.0843
1487,2023-03-03 23:00:00,72.961,67.349,3.648,1.965,1.0833
1488,2023-03-04 00:00:00,73.407,67.78,3.658,1.97,1.083
1489,2023-03-04 01:00:00,73.383,67.735,3.671,1.977,1.0834
1490,2023-03-04 02:00:00,73.038,67.353,3.695,1.99,1.0844
1491,2023-03-04 03:00:00,73.9,68.047,3.804,2.049,1.086
1492,2023-03-04 04:00:00,73.98,67.989,3.894,2.097,1.0881
1493,2023-03-04 05:00:00,74.262,68.097,4.008,2.158,1.0905
1494,2023-03-04 06:00:00,75.485,69.052,4.181,2.251,1.0931
1495,2023-03-04 07:00:00,75.586,68.98,4.294,2.312,1.0958
1496,2023-03-04 08:00:00,77.314,70.401,4.493,2.419,1.0982
1497,2023-03-04 09:00:00,76.725,69.732,4.546,2.448,1.1003
1498,2023-03-04 10:00:00,78.58,71.314,4.723,2.543,1.1019
1499,2023-03-04 11:00:00,77.384,70.163,4.694,2.527,1.1029
1500,2023-03-04 12:00:00,77.951,70.654,4.743,2.554,1.1033
1501,2023-03-04 13:00:00,77.817,70.553,4.722,2.542,1.103
1502,2023-03-04 14:00:00,79.06,71.743,4.756,2.561,1.102
1503,2023-03-04 15:00:00,77.875,70.769,4.619,2.487,1.1004
1504,2023-03-04 16:00:00,76.915,70.027,4.477,2.411,1.0984
1505,2023-03-04 17:00:00,76.83,70.102,4.373,2.355,1.096
1506,2023-03-04 18:00:00,74.16,67.825,4.118,2.217,1.0934
1507,2023-03-04 19:00:00,75.068,68.817,4.063,2.188,1.0908
1508,2023-03-04 20:00:00,75.999,69.823,4.014,2.162,1.0884
1509,2023-03-04 21:00:00,74.044,68.155,3.828,2.061,1.0864
1510,2023-03-04 22:00:00,73.586,67.832,3.74,2.014,1.0848
1511,2023-03-04 23:00:00,73.695,67.993,3.706,1.996,1.0839
1512,2023-03-05 00:00:00,73.872,68.177,3.702,1.993,1.0835
1513,2023-03-05 01:00:00,71.766,66.211,3.611,1.944,1.0839
1514,2023-03-05 02:00:00,72.263,66.607,3.676,1.98,1.0849
1515,2023-03-05 03:00:00,74.112,68.21,3.836,2.066,1.0865
1516,2023-03-05 04:00:00,73.944,67.925,3.913,2.107,1.0886
1517,2023-03-05 05:00:00,76.118,69.765,4.129,2.223,1.0911
1518,2023-03-05 06:00:00,75.55,69.079,4.206,2.265,1.0937
1519,2023-03-05 07:00:00,74.984,68.399,4.28,2.305,1.0963
1520,2023-03-05 08:00:00,76.127,69.287,4.445,2.394,1.0987
1521,2023-03-05 09:00:00,75.529,68.613,4.495,2.421,1.1008
1522,2023-03-05 10:00:00,77.887,70.652,4.703,2.532,1.1024
1523,2023-03-05 11:00:00,78.187,70.859,4.764,2.565,1.1034
1524,2023-03-05 12:00:00,78.097,70.753,4.773,2.57,1.1038
1525,2023-03-05 13:00:00,79.169,71.746,4.826,2.598,1.1035
1526,2023-03-05 14:00:00,78.999,71.655,4.774,2.571,1.1025
1527,2023-03-05 15:00:00,77.525,70.418,4.62,2.488,1.1009
1528,2023-03-05 16:00:00,75.472,68.681,4.414,2.377,1.0989
1529,2023-03-05 17:00:00,76.957,70.185,4.402,2.37,1.0965
1530,2023-03-05 18:00:00,76.234,69.689,4.255,2.291,1.0939
1531,2023-03-05 19:00:00,75.373,69.064,4.101,2.208,1.0914
1532,2023-03-05 20:00:00,75.261,69.112,3.997,2.152,1.089
1533,2023-03-05 21:00:00,73.092,67.247,3.799,2.046,1.0869
1534,2023-03-05 22:00:00,75.096,69.191,3.839,2.067,1.0854
1535,2023-03-05 23:00:00,72.586,66.938,3.671,1.977,1.0844
1536,2023-03-06 00:00:00,74.555,68.774,3.758,2.023,1.0841
1537,2023-03-06 01:00:00,72.795,67.128,3.683,1.983,1.0844
1538,2023-03-06 02:00:00,73.629,67.833,3.767,2.028,1.0854
1539,2023-03-06 03:00:00,75.902,69.824,3.951,2.127,1.087
1540,2023-03-06 04:00:00,75.088,68.942,3.995,2.151,1.0891
1541,2023-03-06 05:00:00,76.558,70.135,4.175,2.248,1.0916
1542,2023-03-06 06:00:00,76.775,70.166,4.296,2.313,1.0942
1543,2023-03-06 07:00:00,77.192,70.379,4.428,2.384,1.0968
1544,2023-03-06 08:00:00,78.957,71.83,4.633,2.495,1.0992
1545,2023-03-06 09:00:00,78.273,71.072,4.681,2.52,1.1013
1546,2023-03-06 10:00:00,77.502,70.269,4.702,2.532,1.1029
1547,2023-03-06 11:00:00,78.522,71.128,4.806,2.588,1.104
1548,2023-03-06 12:00:00,79.661,72.136,4.891,2.634,1.1043
1549,2023-03-06 13:00:00,79.452,71.967,4.865,2.62,1.104
1550,2023-03-06 14:00:00,77.673,70.419,4.716,2.539,1.103
1551,2023-03-06 15:00:00,77.906,70.73,4.664,2.512,1.1015
1552,2023-03-06 16:00:00,77.473,70.468,4.553,2.452,1.0994
1553,2023-03-06 17:00:00,77.007,70.197,4.427,2.384,1.097
1554,2023-03-06 18:00:00,75.557,69.037,4.238,2.282,1.0945
1555,2023-03-06 19:00:00,75.457,69.107,4.127,2.222,1.0919
1556,2023-03-06 20:00:00,74.756,68.615,3.991,2.149,1.0895
1557,2023-03-06 21:00:00,75.363,69.303,3.939,2.121,1.0874
1558,2023-03-06 22:00:00,74.981,69.051,3.854,2.075,1.0859
1559,2023-03-06 23:00:00,73.998,68.208,3.764,2.027,1.0849
1560,2023-03-07 00:00:00,73.725,67.976,3.737,2.012,1.0846
1561,2023-03-07 01:00:00,74.219,68.408,3.777,2.034,1.0849
1562,2023-03-07 02:00:00,73.751,67.913,3.795,2.043,1.086
1563,2023-03-07 03:00:00,73.912,67.96,3.869,2.083,1.0876
1564,2023-03-07 04:00:00,74.606,68.467,3.991,2.149,1.0897
1565,2023-03-07 05:00:00,75.467,69.103,4.137,2.228,1.0921
1566,2023-03-07 06:00:00,75.739,69.186,4.259,2.294,1.0947
1567,2023-03-07 07:00:00,77.434,70.566,4.464,2.404,1.0973
1568,2023-03-07 08:00:00,78.507,71.386,4.629,2.493,1.0998
1569,2023-03-07 09:00:00,77.269,70.126,4.643,2.5,1.1019
1570,2023-03-07 10:00:00,78.934,71.533,4.811,2.59,1.1035
1571,2023-03-07 11:00:00,79.011,71.536,4.858,2.616,1.1045
1572,2023-03-07 12:00:00,79.537,71.989,4.906,2.642,1.1048
1573,2023-03-07 13:00:00,79.174,71.681,4.87,2.623,1.1045
1574,2023-03-07 14:00:00,77.798,70.498,4.745,2.555,1.1036
1575,2023-03-07 15:00:00,77.529,70.354,4.664,2.511,1.102
1576,2023-03-07 16:00:00,77.981,70.896,4.605,2.48,1.0999
1577,2023-03-07 17:00:00,78.116,71.173,4.513,2.43,1.0975
1578,2023-03-07 18:00:00,74.952,68.45,4.226,2.276,1.095
1579,2023-03-07 19:00:00,76.239,69.789,4.192,2.257,1.0924
1580,2023-03-07 20:00:00,76.256,69.958,4.094,2.204,1.09
1581,2023-03-07 21:00:00,74.696,68.655,3.926,2.114,1.088
1582,2023-03-07 22:00:00,74.821,68.87,3.868,2.083,1.0864
1583,2023-03-07 23:00:00,73.612,67.817,3.766,2.028,1.0854
1584,2023-03-08 00:00:00,73.969,68.166,3.771,2.031,1.0851
1585,2023-03-08 01:00:00,72.917,67.175,3.732,2.01,1.0855
1586,2023-03-08 02:00:00,72.626,66.843,3.758,2.024,1.0865
1587,2023-03-08 03:00:00,75.54,69.422,3.976,2.141,1.0881
1588,2023-03-08 04:00:00,74.609,68.436,4.013,2.161,1.0902
1589,2023-03-08 05:00:00,75.642,69.228,4.169,2.245,1.0926
1590,2023-03-08 06:00:00,75.605,69.029,4.274,2.301,1.0953
1591,2023-03-08 07:00:00,76.264,69.466,4.419,2.379,1.0979
1592,2023-03-08 08:00:00,77.85,70.753,4.613,2.484,1.1003
1593,2023-03-08 09:00:00,77.969,70.727,4.707,2.535,1.1024
1594,2023-03-08 10:00:00,79.246,71.78,4.853,2.613,1.104
1595,2023-03-08 11:00:00,79.57,72.007,4.916,2.647,1.105
1596,2023-03-08 12:00:00,79.56,71.975,4.93,2.655,1.1054
1597,2023-03-08 13:00:00,79.407,71.857,4.908,2.643,1.1051
1598,2023-03-08 14:00:00,80.179,72.62,4.914,2.646,1.1041
1599,2023-03-08 15:00:00,77.717,70.49,4.698,2.53,1.1025
1600,2023-03-08 16:00:00,77.954,70.837,4.626,2.491,1.1005
1601,2023-03-08 17:00:00,78.234,71.246,4.543,2.446,1.0981
1602,2023-03-08 18:00:00,77.656,70.885,4.401,2.37,1.0955
1603,2023-03-08 19:00:00,74.924,68.552,4.142,2.23,1.093
1604,2023-03-08 20:00:00,75.147,68.906,4.057,2.184,1.0906
1605,2023-03-08 21:00:00,75.884,69.713,4.011,2.16,1.0885
1606,2023-03-08 22:00:00,74.826,68.84,3.891,2.095,1.087
1607,2023-03-08 23:00:00,74.331,68.446,3.825,2.06,1.086
1608,2023-03-09 00:00:00,73.931,68.098,3.792,2.042,1.0857
1609,2023-03-09 01:00:00,73.894,68.041,3.805,2.049,1.086
1610,2023-03-09 02:00:00,74.665,68.686,3.886,2.093,1.087
1611,2023-03-09 03:00:00,74.667,68.586,3.952,2.128,1.0887
1612,2023-03-09 04:00:00,75.366,69.095,4.076,2.195,1.0908
1613,2023-03-09 05:00:00,76.088,69.602,4.216,2.27,1.0932
1614,2023-03-09 06:00:00,76.186,69.525,4.329,2.331,1.0958
1615,2023-03-09 07:00:00,77.795,70.825,4.53,2.439,1.0984
1616,2023-03-09 08:00:00,80.268,72.915,4.779,2.574,1.1008
1617,2023-03-09 09:00:00,77.199,69.994,4.683,2.522,1.1029
1618,2023-03-09 10:00:00,79.243,71.742,4.875,2.625,1.1045
1619,2023-03-09 11:00:00,78.671,71.158,4.883,2.629,1.1056
1620,2023-03-09 12:00:00,79.798,72.154,4.968,2.675,1.1059
1621,2023-03-09 13:00:00,79.298,71.723,4.924,2.651,1.1056
1622,2023-03-09 14:00:00,79.588,72.049,4.901,2.639,1.1046
1623,2023-03-09 15:00:00,79.488,72.06,4.828,2.6,1.1031
1624,2023-03-09 16:00:00,78.184,71.01,4.663,2.511,1.101
1625,2023-03-09 17:00:00,78.273,71.245,4.568,2.46,1.0986
1626,2023-03-09 18:00:00,74.926,68.359,4.269,2.299,1.0961
1627,2023-03-09 19:00:00,77.268,70.66,4.295,2.313,1.0935
1628,2023-03-09 20:00:00,75.71,69.388,4.11,2.213,1.0911
1629,2023-03-09 21:00:00,75.709,69.517,4.025,2.167,1.0891
1630,2023-03-09 22:00:00,73.549,67.631,3.847,2.071,1.0875
1631,2023-03-09 23:00:00,73.589,67.728,3.809,2.051,1.0865
1632,2023-03-10 00:00:00,74.245,68.352,3.83,2.062,1.0862
1633,2023-03-10 01:00:00,74.211,68.298,3.843,2.069,1.0866
1634,2023-03-10 02:00:00,74.699,68.683,3.911,2.106,1.0876
1635,2023-03-10 03:00:00,75.724,69.522,4.031,2.171,1.0892
1636,2023-03-10 04:00:00,74.088,67.889,4.029,2.169,1.0913
1637,2023-03-10 05:00:00,76.812,70.229,4.279,2.304,1.0937
1638,2023-03-10 06:00:00,76.751,70.006,4.384,2.361,1.0963
1639,2023-03-10 07:00:00,77.268,70.31,4.523,2.435,1.099
1640,2023-03-10 08:00:00,76.927,69.845,4.603,2.479,1.1014
1641,2023-03-10 09:00:00,78.998,71.59,4.816,2.593,1.1035
1642,2023-03-10 10:00:00,77.165,69.826,4.77,2.569,1.1051
1643,2023-03-10 11:00:00,79.801,72.144,4.977,2.68,1.1061
1644,2023-03-10 12:00:00,78.235,70.706,4.894,2.635,1.1065
1645,2023-03-10 13:00:00,79.343,71.728,4.95,2.665,1.1062
1646,2023-03-10 14:00:00,78.946,71.432,4.884,2.63,1.1052
1647,2023-03-10 15:00:00,79.523,72.056,4.854,2.613,1.1036
1648,2023-03-10 16:00:00,77.937,70.75,4.671,2.515,1.1016
1649,2023-03-10 17:00:00,76.907,69.967,4.511,2.429,1.0992
1650,2023-03-10 18:00:00,76.375,69.645,4.374,2.355,1.0966
1651,2023-03-10 19:00:00,77.064,70.438,4.307,2.319,1.0941
1652,2023-03-10 20:00:00,75.872,69.5,4.141,2.23,1.0917
1653,2023-03-10 21:00:00,74.631,68.493,3.99,2.149,1.0896
1654,2023-03-10 22:00:00,74.335,68.319,3.911,2.106,1.0881
1655,2023-03-10 23:00:00,73.066,67.213,3.805,2.049,1.0871
1656,2023-03-11 00:00:00,73.707,67.822,3.825,2.06,1.0868
1657,2023-03-11 01:00:00,72.161,66.378,3.759,2.024,1.0871
1658,2023-03-11 02:00:00,74.333,68.311,3.914,2.108,1.0882
1659,2023-03-11 03:00:00,74.27,68.153,3.977,2.141,1.0898
1660,2023-03-11 04:00:00,76.535,70.096,4.185,2.254,1.0919
1661,2023-03-11 05:00:00,74.496,68.077,4.173,2.247,1.0943
1662,2023-03-11 06:00:00,75.937,69.228,4.361,2.348,1.0969
1663,2023-03-11 07:00:00,78.079,71.012,4.594,2.473,1.0995
1664,2023-03-11 08:00:00,78.249,71.009,4.706,2.534,1.102
1665,2023-03-11 09:00:00,77.339,70.05,4.738,2.551,1.104
1666,2023-03-11 10:00:00,78.471,70.972,4.874,2.625,1.1057
1667,2023-03-11 11:00:00,78.566,70.992,4.923,2.651,1.1067
1668,2023-03-11 12:00:00,78.874,71.247,4.958,2.669,1.107
1669,2023-03-11 13:00:00,78.026,70.501,4.891,2.634,1.1067
1670,2023-03-11 14:00:00,78.236,70.753,4.864,2.619,1.1058
1671,2023-03-11 15:00:00,76.652,69.419,4.701,2.531,1.1042
1672,2023-03-11 16:00:00,77.447,70.27,4.665,2.512,1.1021
1673,2023-03-11 17:00:00,77.058,70.068,4.543,2.446,1.0998
1674,2023-03-11 18:00:00,75.861,69.141,4.368,2.352,1.0972
1675,2023-03-11 19:00:00,74.124,67.717,4.165,2.243,1.0946
1676,2023-03-11 20:00:00,75.492,69.117,4.144,2.231,1.0922
1677,2023-03-11 21:00:00,74.479,68.318,4.005,2.157,1.0902
1678,2023-03-11 22:00:00,73.239,67.276,3.876,2.087,1.0886
1679,2023-03-11 23:00:00,73.322,67.413,3.841,2.068,1.0876
1680,2023-03-12 00:00:00,72.307,66.5,3.775,2.033,1.0873
1681,2023-03-12 01:00:00,72.758,66.892,3.813,2.053,1.0877
1682,2023-03-12 02:00:00,73.388,67.408,3.887,2.093,1.0887
1683,2023-03-12 03:00:00,75.148,68.922,4.047,2.179,1.0903
1684,2023-03-12 04:00:00,74.26,67.977,4.084,2.199,1.0924
1685,2023-03-12 05:00:00,75.869,69.295,4.273,2.301,1.0949
1686,2023-03-12 06:00:00,75.641,68.923,4.367,2.351,1.0975
1687,2023-03-12 07:00:00,76.925,69.926,4.549,2.45,1.1001
1688,2023-03-12 08:00:00,77.26,70.076,4.67,2.515,1.1025
1689,2023-03-12 09:00:00,78.592,71.149,4.838,2.605,1.1046
1690,2023-03-12 10:00:00,77.924,70.441,4.864,2.619,1.1062
1691,2023-03-12 11:00:00,77.385,69.89,4.872,2.624,1.1073
1692,2023-03-12 12:00:00,77.625,70.083,4.902,2.64,1.1076
1693,2023-03-12 13:00:00,78.195,70.618,4.925,2.652,1.1073
1694,2023-03-12 14:00:00,77.378,69.941,4.834,2.603,1.1063
1695,2023-03-12 15:00:00,78.244,70.825,4.823,2.597,1.1048
1696,2023-03-12 16:00:00,77.023,69.849,4.663,2.511,1.1027
1697,2023-03-12 17:00:00,78.58,71.415,4.657,2.508,1.1003
1698,2023-03-12 18:00:00,74.739,68.084,4.326,2.33,1.0978
1699,2023-03-12 19:00:00,75.557,68.99,4.269,2.299,1.0952
1700,2023-03-12 20:00:00,73.912,67.635,4.08,2.197,1.0928
1701,2023-03-12 21:00:00,73.863,67.717,3.995,2.151,1.0908
1702,2023-03-12 22:00:00,73.938,67.883,3.936,2.119,1.0892
1703,2023-03-12 23:00:00,71.803,65.982,3.784,2.037,1.0882
1704,2023-03-13 00:00:00,74.43,68.416,3.909,2.105,1.0879
1705,2023-03-13 01:00:00,75.789,69.642,3.996,2.151,1.0883
1706,2023-03-13 02:00:00,74.254,68.167,3.956,2.13,1.0893
1707,2023-03-13 03:00:00,75.212,68.944,4.074,2.194,1.0909
1708,2023-03-13 04:00:00,76.338,69.842,4.222,2.273,1.093
1709,2023-03-13 05:00:00,76.059,69.432,4.307,2.319,1.0954
1710,2023-03-13 06:00:00,76.417,69.593,4.435,2.388,1.098
1711,2023-03-13 07:00:00,75.791,68.86,4.505,2.426,1.1007
1712,2023-03-13 08:00:00,78.677,71.324,4.779,2.574,1.1031
1713,2023-03-13 09:00:00,78.643,71.158,4.865,2.62,1.1052
1714,2023-03-13 10:00:00,78.369,70.807,4.916,2.647,1.1068
1715,2023-03-13 11:00:00,79.519,71.779,5.031,2.709,1.1078
1716,2023-03-13 12:00:00,79.06,71.341,5.017,2.701,1.1082
1717,2023-03-13 13:00:00,79.014,71.32,5.001,2.693,1.1079
1718,2023-03-13 14:00:00,79.63,71.94,4.999,2.692,1.1069
1719,2023-03-13 15:00:00,77.706,70.301,4.813,2.592,1.1053
1720,2023-03-13 16:00:00,79.004,71.608,4.808,2.589,1.1033
1721,2023-03-13 17:00:00,76.484,69.475,4.556,2.453,1.1009
1722,2023-03-13 18:00:00,76.374,69.536,4.445,2.393,1.0983
1723,2023-03-13 19:00:00,77.683,70.893,4.413,2.376,1.0958
1724,2023-03-13 20:00:00,76.443,69.914,4.244,2.285,1.0934
1725,2023-03-13 21:00:00,75.118,68.831,4.086,2.2,1.0913
1726,2023-03-13 22:00:00,73.915,67.826,3.958,2.131,1.0898
1727,2023-03-13 23:00:00,73.972,67.939,3.921,2.111,1.0888
1728,2023-03-14 00:00:00,74.345,68.301,3.928,2.115,1.0885
1729,2023-03-14 01:00:00,74.407,68.336,3.946,2.125,1.0888
1730,2023-03-14 02:00:00,74.57,68.421,3.997,2.152,1.0899
1731,2023-03-14 03:00:00,75.029,68.741,4.088,2.201,1.0915
1732,2023-03-14 04:00:00,75.429,68.975,4.195,2.259,1.0936
1733,2023-03-14 05:00:00,75.118,68.538,4.277,2.303,1.096
1734,2023-03-14 06:00:00,76.507,69.638,4.464,2.404,1.0986
1735,2023-03-14 07:00:00,78.29,71.093,4.678,2.519,1.1012
1736,2023-03-14 08:00:00,77.166,69.917,4.712,2.537,1.1037
1737,2023-03-14 09:00:00,78.625,71.105,4.888,2.632,1.1058
1738,2023-03-14 10:00:00,78.56,70.942,4.952,2.666,1.1074
1739,2023-03-14 11:00:00,79.548,71.768,5.057,2.723,1.1084
1740,2023-03-14 12:00:00,79.253,71.478,5.054,2.721,1.1088
1741,2023-03-14 13:00:00,80.612,72.725,5.127,2.761,1.1085
1742,2023-03-14 14:00:00,79.595,71.87,5.021,2.704,1.1075
1743,2023-03-14 15:00:00,77.767,70.319,4.841,2.607,1.1059
1744,2023-03-14 16:00:00,78.755,71.345,4.817,2.594,1.1039
1745,2023-03-14 17:00:00,77.005,69.911,4.611,2.483,1.1015
1746,2023-03-14 18:00:00,76.48,69.596,4.475,2.409,1.0989
1747,2023-03-14 19:00:00,76.489,69.767,4.369,2.353,1.0964
1748,2023-03-14 20:00:00,75.244,68.781,4.201,2.262,1.094
1749,2023-03-14 21:00:00,75.766,69.388,4.146,2.232,1.0919
1750,2023-03-14 22:00:00,74.081,67.942,3.99,2.149,1.0904
1751,2023-03-14 23:00:00,73.943,67.876,3.943,2.123,1.0894
1752,2023-03-15 00:00:00,73.828,67.791,3.924,2.113,1.0891
1753,2023-03-15 01:00:00,73.987,67.914,3.948,2.126,1.0894
1754,2023-03-15 02:00:00,75.518,69.254,4.072,2.192,1.0905
1755,2023-03-15 03:00:00,75.574,69.203,4.141,2.23,1.0921
1756,2023-03-15 04:00:00,76.944,70.322,4.304,2.318,1.0942
1757,2023-03-15 05:00:00,78.006,71.134,4.466,2.405,1.0966
1758,2023-03-15 06:00:00,76.152,69.278,4.468,2.406,1.0992
1759,2023-03-15 07:00:00,77.681,70.502,4.666,2.513,1.1018
1760,2023-03-15 08:00:00,77.355,70.052,4.747,2.556,1.1043
1761,2023-03-15 09:00:00,78.212,70.693,4.887,2.631,1.1064
1762,2023-03-15 10:00:00,78.748,71.074,4.988,2.686,1.108
1763,2023-03-15 11:00:00,78.683,70.95,5.026,2.707,1.109
1764,2023-03-15 12:00:00,78.78,71.014,5.048,2.718,1.1094
1765,2023-03-15 13:00:00,79.396,71.589,5.074,2.732,1.109
1766,2023-03-15 14:00:00,78.3,70.664,4.964,2.673,1.1081
1767,2023-03-15 15:00:00,79.477,71.827,4.972,2.677,1.1065
1768,2023-03-15 16:00:00,77.569,70.233,4.769,2.568,1.1045
1769,2023-03-15 17:00:00,79.811,72.42,4.805,2.587,1.1021
1770,2023-03-15 18:00:00,76.618,69.684,4.507,2.427,1.0995
1771,2023-03-15 19:00:00,76.344,69.597,4.385,2.361,1.0969
1772,2023-03-15 20:00:00,74.669,68.218,4.193,2.258,1.0946
1773,2023-03-15 21:00:00,76.428,69.957,4.207,2.265,1.0925
1774,2023-03-15 22:00:00,75.568,69.268,4.095,2.205,1.0909
1775,2023-03-15 23:00:00,74.682,68.517,4.007,2.158,1.09
1776,2023-03-16 00:00:00,73.342,67.307,3.922,2.112,1.0897
1777,2023-03-16 01:00:00,74.62,68.457,4.006,2.157,1.09
1778,2023-03-16 02:00:00,73.863,67.699,4.006,2.157,1.091
1779,2023-03-16 03:00:00,76.252,69.786,4.203,2.263,1.0927
1780,2023-03-16 04:00:00,76.295,69.691,4.292,2.311,1.0948
1781,2023-03-16 05:00:00,76.38,69.614,4.398,2.368,1.0972
1782,2023-03-16 06:00:00,75.11,68.295,4.43,2.386,1.0998
1783,2023-03-16 07:00:00,76.909,69.765,4.644,2.501,1.1024
1784,2023-03-16 08:00:00,78.838,71.356,4.863,2.619,1.1049
1785,2023-03-16 09:00:00,79.796,72.086,5.011,2.698,1.1069
1786,2023-03-16 10:00:00,80.14,72.292,5.101,2.747,1.1086
1787,2023-03-16 11:00:00,78.31,70.576,5.027,2.707,1.1096
1788,2023-03-16 12:00:00,79.873,71.961,5.143,2.769,1.11
1789,2023-03-16 13:00:00,80.339,72.401,5.159,2.778,1.1096
1790,2023-03-16 14:00:00,77.999,70.355,4.969,2.676,1.1087
1791,2023-03-16 15:00:00,78.861,71.232,4.959,2.67,1.1071
1792,2023-03-16 16:00:00,78.532,71.067,4.853,2.613,1.105
1793,2023-03-16 17:00:00,77.454,70.242,4.687,2.524,1.1027
1794,2023-03-16 18:00:00,75.581,68.703,4.47,2.407,1.1001
1795,2023-03-16 19:00:00,76.08,69.319,4.395,2.366,1.0975
1796,2023-03-16 20:00:00,75.451,68.896,4.261,2.294,1.0951
1797,2023-03-16 21:00:00,75.051,68.659,4.155,2.237,1.0931
1798,2023-03-16 22:00:00,74.323,68.09,4.051,2.182,1.0915
1799,2023-03-16 23:00:00,74.158,68.0,4.003,2.155,1.0906
1800,2023-03-17 00:00:00,74.379,68.222,4.002,2.155,1.0902
1801,2023-03-17 01:00:00,74.837,68.619,4.042,2.176,1.0906
1802,2023-03-17 02:00:00,74.528,68.271,4.067,2.19,1.0916
1803,2023-03-17 03:00:00,74.861,68.476,4.151,2.235,1.0933
1804,2023-03-17 04:00:00,75.787,69.19,4.288,2.309,1.0953
1805,2023-03-17 05:00:00,74.872,68.202,4.335,2.334,1.0978
1806,2023-03-17 06:00:00,77.395,70.334,4.59,2.472,1.1004
1807,2023-03-17 07:00:00,77.71,70.453,4.717,2.54,1.103
1808,2023-03-17 08:00:00,78.379,70.903,4.86,2.617,1.1054
1809,2023-03-17 09:00:00,79.644,71.91,5.027,2.707,1.1075
1810,2023-03-17 10:00:00,77.806,70.149,4.977,2.68,1.1092
1811,2023-03-17 11:00:00,78.056,70.309,5.035,2.711,1.1102
1812,2023-03-17 12:00:00,79.895,71.942,5.17,2.784,1.1105
1813,2023-03-17 13:00:00,79.588,71.685,5.136,2.766,1.1102
1814,2023-03-17 14:00:00,79.461,71.635,5.087,2.739,1.1093
1815,2023-03-17 15:00:00,78.551,70.914,4.964,2.673,1.1077
1816,2023-03-17 16:00:00,78.877,71.34,4.899,2.638,1.1056
1817,2023-03-17 17:00:00,78.448,71.106,4.773,2.57,1.1033
1818,2023-03-17 18:00:00,77.422,70.339,4.604,2.479,1.1007
1819,2023-03-17 19:00:00,76.172,69.364,4.425,2.383,1.0981
1820,2023-03-17 20:00:00,74.127,67.65,4.21,2.267,1.0957
1821,2023-03-17 21:00:00,75.795,69.301,4.221,2.273,1.0937
1822,2023-03-17 22:00:00,75.729,69.34,4.153,2.236,1.0921
1823,2023-03-17 23:00:00,75.029,68.761,4.075,2.194,1.0912
1824,2023-03-18 00:00:00,73.015,66.934,3.953,2.128,1.0909
1825,2023-03-18 01:00:00,74.291,68.081,4.037,2.174,1.0912
1826,2023-03-18 02:00:00,74.695,68.387,4.1,2.208,1.0922
1827,2023-03-18 03:00:00,75.644,69.154,4.219,2.272,1.0939
1828,2023-03-18 04:00:00,74.318,67.812,4.229,2.277,1.096
1829,2023-03-18 05:00:00,75.447,68.689,4.393,2.365,1.0984
1830,2023-03-18 06:00:00,76.875,69.823,4.584,2.468,1.101
1831,2023-03-18 07:00:00,77.025,69.793,4.701,2.531,1.1036
1832,2023-03-18 08:00:00,76.752,69.393,4.784,2.576,1.1061
1833,2023-03-18 09:00:00,78.488,70.828,4.979,2.681,1.1081
1834,2023-03-18 10:00:00,79.038,71.221,5.081,2.736,1.1098
1835,2023-03-18 11:00:00,78.924,71.052,5.117,2.755,1.1108
1836,2023-03-18 12:00:00,79.118,71.204,5.144,2.77,1.1112
1837,2023-03-18 13:00:00,78.658,70.809,5.101,2.747,1.1108
1838,2023-03-18 14:00:00,79.744,71.85,5.131,2.763,1.1099
1839,2023-03-18 15:00:00,77.478,69.907,4.921,2.65,1.1083
1840,2023-03-18 16:00:00,77.177,69.764,4.818,2.594,1.1063
1841,2023-03-18 17:00:00,77.007,69.761,4.71,2.536,1.1039
1842,2023-03-18 18:00:00,76.998,69.915,4.604,2.479,1.1013
1843,2023-03-18 19:00:00,74.494,67.799,4.352,2.343,1.0987
1844,2023-03-18 20:00:00,74.013,67.508,4.228,2.277,1.0964
1845,2023-03-18 21:00:00,72.921,66.636,4.085,2.2,1.0943
1846,2023-03-18 22:00:00,74.096,67.807,4.088,2.201,1.0927
1847,2023-03-18 23:00:00,72.96,66.827,3.986,2.147,1.0918
1848,2023-03-19 00:00:00,73.434,67.281,4.0,2.154,1.0915
1849,2023-03-19 01:00:00,74.323,68.073,4.063,2.188,1.0918
1850,2023-03-19 02:00:00,73.587,67.335,4.064,2.188,1.0928
1851,2023-03-19 03:00:00,74.669,68.224,4.189,2.256,1.0945
1852,2023-03-19 04:00:00,74.802,68.215,4.281,2.305,1.0966
1853,2023-03-19 05:00:00,76.18,69.318,4.46,2.402,1.099
1854,2023-03-19 06:00:00,76.708,69.633,4.599,2.476,1.1016
1855,2023-03-19 07:00:00,76.488,69.269,4.693,2.527,1.1042
1856,2023-03-19 08:00:00,77.529,70.057,4.857,2.615,1.1067
1857,2023-03-19 09:00:00,79.019,71.268,5.038,2.713,1.1088
1858,2023-03-19 10:00:00,78.937,71.091,5.1,2.746,1.1104
1859,2023-03-19 11:00:00,77.812,70.012,5.069,2.73,1.1114
1860,2023-03-19 12:00:00,79.501,71.509,5.195,2.797,1.1118
1861,2023-03-19 13:00:00,78.058,70.231,5.088,2.74,1.1114
1862,2023-03-19 14:00:00,79.737,71.804,5.156,2.776,1.1105
1863,2023-03-19 15:00:00,79.015,71.254,5.044,2.716,1.1089
1864,2023-03-19 16:00:00,77.899,70.378,4.889,2.632,1.1069
1865,2023-03-19 17:00:00,77.162,69.863,4.745,2.555,1.1045
1866,2023-03-19 18:00:00,76.202,69.154,4.581,2.467,1.1019
1867,2023-03-19 19:00:00,76.209,69.322,4.477,2.411,1.0994
1868,2023-03-19 20:00:00,74.775,68.165,4.296,2.313,1.097
1869,2023-03-19 21:00:00,74.704,68.227,4.21,2.267,1.0949
1870,2023-03-19 22:00:00,74.78,68.395,4.15,2.235,1.0934
1871,2023-03-19 23:00:00,73.426,67.216,4.036,2.173,1.0924
1872,2023-03-20 00:00:00,74.063,67.819,4.059,2.185,1.0921
1873,2023-03-20 01:00:00,73.711,67.474,4.054,2.183,1.0924
1874,2023-03-20 02:00:00,74.07,67.739,4.115,2.216,1.0935
1875,2023-03-20 03:00:00,73.899,67.483,4.17,2.246,1.0951
1876,2023-03-20 04:00:00,76.403,69.636,4.398,2.368,1.0972
1877,2023-03-20 05:00:00,77.867,70.813,4.585,2.469,1.0996
1878,2023-03-20 06:00:00,78.255,70.998,4.718,2.54,1.1022
1879,2023-03-20 07:00:00,76.582,69.315,4.723,2.543,1.1048
1880,2023-03-20 08:00:00,79.04,71.382,4.977,2.68,1.1073
1881,2023-03-20 09:00:00,80.133,72.233,5.135,2.765,1.1094
1882,2023-03-20 10:00:00,79.098,71.196,5.136,2.766,1.111
1883,2023-03-20 11:00:00,79.8,71.761,5.225,2.813,1.112
1884,2023-03-20 12:00:00,78.25,70.344,5.138,2.767,1.1124
1885,2023-03-20 13:00:00,79.932,71.877,5.236,2.819,1.1121
1886,2023-03-20 14:00:00,78.633,70.771,5.11,2.752,1.1111
1887,2023-03-20 15:00:00,79.195,71.377,5.082,2.736,1.1095
1888,2023-03-20 16:00:00,77.283,69.782,4.875,2.625,1.1075
1889,2023-03-20 17:00:00,78.277,70.833,4.839,2.605,1.1051
1890,2023-03-20 18:00:00,77.968,70.717,4.713,2.538,1.1025
1891,2023-03-20 19:00:00,75.897,68.999,4.484,2.414,1.1
1892,2023-03-20 20:00:00,74.997,68.329,4.334,2.334,1.0976
1893,2023-03-20 21:00:00,73.679,67.253,4.177,2.249,1.0955
1894,2023-03-20 22:00:00,74.716,68.298,4.172,2.246,1.094
1895,2023-03-20 23:00:00,74.218,67.903,4.105,2.21,1.093
1896,2023-03-21 00:00:00,73.39,67.164,4.047,2.179,1.0927
1897,2023-03-21 01:00:00,75.013,68.627,4.151,2.235,1.0931
1898,2023-03-21 02:00:00,74.583,68.169,4.169,2.245,1.0941
1899,2023-03-21 03:00:00,74.518,68.01,4.23,2.278,1.0957
1900,2023-03-21 04:00:00,75.459,68.737,4.369,2.353,1.0978
1901,2023-03-21 05:00:00,77.343,70.297,4.58,2.466,1.1002
1902,2023-03-21 06:00:00,77.665,70.422,4.708,2.535,1.1028
1903,2023-03-21 07:00:00,77.782,70.362,4.823,2.597,1.1055
1904,2023-03-21 08:00:00,79.002,71.308,5.001,2.693,1.1079
1905,2023-03-21 09:00:00,78.171,70.425,5.035,2.711,1.11
1906,2023-03-21 10:00:00,79.522,71.538,5.19,2.794,1.1116
1907,2023-03-21 11:00:00,79.88,71.793,5.256,2.83,1.1126
1908,2023-03-21 12:00:00,79.492,71.421,5.246,2.825,1.113
1909,2023-03-21 13:00:00,80.108,71.995,5.273,2.839,1.1127
1910,2023-03-21 14:00:00,78.897,70.969,5.153,2.775,1.1117
1911,2023-03-21 15:00:00,79.48,71.594,5.126,2.76,1.1101
1912,2023-03-21 16:00:00,78.965,71.261,5.007,2.696,1.1081
1913,2023-03-21 17:00:00,75.643,68.411,4.701,2.531,1.1057
1914,2023-03-21 18:00:00,78.14,70.833,4.749,2.557,1.1032
1915,2023-03-21 19:00:00,74.195,67.414,4.408,2.373,1.1006
1916,2023-03-21 20:00:00,75.44,68.694,4.385,2.361,1.0982
1917,2023-03-21 21:00:00,76.162,69.48,4.343,2.339,1.0962
1918,2023-03-21 22:00:00,74.72,68.262,4.197,2.26,1.0946
1919,2023-03-21 23:00:00,73.583,67.283,4.095,2.205,1.0936
1920,2023-03-22 00:00:00,73.782,67.484,4.093,2.204,1.0933
1921,2023-03-22 01:00:00,75.495,69.028,4.203,2.263,1.0937
1922,2023-03-22 02:00:00,73.498,67.139,4.133,2.225,1.0947
1923,2023-03-22 03:00:00,76.252,69.553,4.355,2.345,1.0963
1924,2023-03-22 04:00:00,75.886,69.086,4.42,2.38,1.0984
1925,2023-03-22 05:00:00,75.642,68.712,4.504,2.425,1.1009
1926,2023-03-22 06:00:00,76.792,69.592,4.68,2.52,1.1035
1927,2023-03-22 07:00:00,77.139,69.741,4.809,2.589,1.1061
1928,2023-03-22 08:00:00,79.239,71.481,5.042,2.715,1.1085
1929,2023-03-22 09:00:00,79.687,71.75,5.159,2.778,1.1106
1930,2023-03-22 10:00:00,78.204,70.312,5.129,2.762,1.1122
1931,2023-03-22 11:00:00,79.495,71.408,5.257,2.831,1.1133
1932,2023-03-22 12:00:00,79.23,71.146,5.255,2.829,1.1136
1933,2023-03-22 13:00:00,80.822,72.596,5.347,2.879,1.1133
1934,2023-03-22 14:00:00,78.498,70.57,5.153,2.775,1.1123
1935,2023-03-22 15:00:00,80.376,72.36,5.21,2.806,1.1108
1936,2023-03-22 16:00:00,78.555,70.852,5.007,2.696,1.1087
1937,2023-03-22 17:00:00,77.045,69.64,4.814,2.592,1.1063
1938,2023-03-22 18:00:00,76.742,69.526,4.69,2.525,1.1038
1939,2023-03-22 19:00:00,75.969,68.986,4.539,2.444,1.1012
1940,2023-03-22 20:00:00,74.977,68.233,4.383,2.36,1.0988
1941,2023-03-22 21:00:00,75.491,68.829,4.33,2.332,1.0968
1942,2023-03-22 22:00:00,74.065,67.625,4.186,2.254,1.0952
1943,2023-03-22 23:00:00,73.078,66.783,4.092,2.203,1.0943
1944,2023-03-23 00:00:00,74.371,67.984,4.151,2.235,1.0939
1945,2023-03-23 01:00:00,73.371,67.048,4.11,2.213,1.0943
1946,2023-03-23 02:00:00,74.437,67.958,4.211,2.268,1.0953
1947,2023-03-23 03:00:00,74.731,68.126,4.293,2.312,1.0969
1948,2023-03-23 04:00:00,75.301,68.515,4.411,2.375,1.099
1949,2023-03-23 05:00:00,78.148,70.948,4.68,2.52,1.1015
1950,2023-03-23 06:00:00,77.33,70.039,4.739,2.552,1.1041
1951,2023-03-23 07:00:00,78.161,70.625,4.899,2.638,1.1067
1952,2023-03-23 08:00:00,77.232,69.632,4.94,2.66,1.1092
1953,2023-03-23 09:00:00,78.654,70.78,5.118,2.756,1.1112
1954,2023-03-23 10:00:00,79.755,71.666,5.258,2.831,1.1129
1955,2023-03-23 11:00:00,79.056,70.973,5.254,2.829,1.1139
1956,2023-03-23 12:00:00,80.656,72.386,5.376,2.895,1.1143
1957,2023-03-23 13:00:00,78.921,70.848,5.247,2.825,1.1139
1958,2023-03-23 14:00:00,79.372,71.315,5.237,2.82,1.113
1959,2023-03-23 15:00:00,78.718,70.827,5.129,2.762,1.1114
1960,2023-03-23 16:00:00,78.754,70.99,5.046,2.717,1.1094
1961,2023-03-23 17:00:00,77.493,70.005,4.868,2.621,1.107
1962,2023-03-23 18:00:00,77.1,69.81,4.738,2.551,1.1044
1963,2023-03-23 19:00:00,76.449,69.382,4.593,2.473,1.1019
1964,2023-03-23 20:00:00,75.435,68.611,4.436,2.389,1.0995
1965,2023-03-23 21:00:00,75.834,69.102,4.376,2.356,1.0974
1966,2023-03-23 22:00:00,75.232,68.651,4.278,2.303,1.0959
1967,2023-03-23 23:00:00,74.723,68.248,4.209,2.267,1.0949
1968,2023-03-24 00:00:00,74.375,67.949,4.177,2.249,1.0946
1969,2023-03-24 01:00:00,75.406,68.867,4.25,2.288,1.0949
1970,2023-03-24 02:00:00,74.876,68.319,4.262,2.295,1.096
1971,2023-03-24 03:00:00,75.237,68.548,4.348,2.341,1.0976
1972,2023-03-24 04:00:00,76.096,69.198,4.483,2.414,1.0997
1973,2023-03-24 05:00:00,77.958,70.735,4.695,2.528,1.1021
1974,2023-03-24 06:00:00,76.295,69.062,4.701,2.532,1.1047
1975,2023-03-24 07:00:00,78.613,70.992,4.954,2.667,1.1073
1976,2023-03-24 08:00:00,77.185,69.55,4.963,2.672,1.1098
1977,2023-03-24 09:00:00,79.377,71.39,5.192,2.796,1.1119
1978,2023-03-24 10:00:00,80.86,72.618,5.357,2.885,1.1135
1979,2023-03-24 11:00:00,80.282,72.032,5.362,2.887,1.1145
1980,2023-03-24 12:00:00,80.127,71.869,5.367,2.89,1.1149
1981,2023-03-24 13:00:00,79.467,71.298,5.31,2.859,1.1146
1982,2023-03-24 14:00:00,79.664,71.537,5.283,2.844,1.1136
1983,2023-03-24 15:00:00,79.023,71.061,5.175,2.787,1.112
1984,2023-03-24 16:00:00,78.06,70.325,5.028,2.707,1.11
1985,2023-03-24 17:00:00,77.81,70.25,4.914,2.646,1.1076
1986,2023-03-24 18:00:00,77.507,70.139,4.789,2.579,1.1051
1987,2023-03-24 19:00:00,76.083,69.01,4.597,2.475,1.1025
1988,2023-03-24 20:00:00,75.424,68.561,4.461,2.402,1.1001
1989,2023-03-24 21:00:00,74.46,67.81,4.322,2.327,1.0981
1990,2023-03-24 22:00:00,75.393,68.758,4.313,2.322,1.0965
1991,2023-03-24 23:00:00,75.253,68.691,4.265,2.297,1.0955
1992,2023-03-25 00:00:00,74.159,67.712,4.191,2.256,1.0952
1993,2023-03-25 01:00:00,74.812,68.285,4.242,2.284,1.0956
1994,2023-03-25 02:00:00,74.4,67.846,4.26,2.294,1.0966
1995,2023-03-25 03:00:00,75.049,68.337,4.363,2.349,1.0982
1996,2023-03-25 04:00:00,75.523,68.638,4.476,2.41,1.1003
1997,2023-03-25 05:00:00,75.851,68.783,4.594,2.474,1.1028
1998,2023-03-25 06:00:00,76.191,68.928,4.721,2.542,1.1054
1999,2023-03-25 07:00:00,79.003,71.303,5.005,2.695,1.108
2000,2023-03-25 08:00:00,77.573,69.859,5.014,2.7,1.1104
2001,2023-03-25 09:00:00,77.956,70.071,5.125,2.76,1.1125
2002,2023-03-25 10:00:00,79.237,71.119,5.276,2.841,1.1141
2003,2023-03-25 11:00:00,79.363,71.167,5.327,2.869,1.1152
2004,2023-03-25 12:00:00,78.162,70.067,5.262,2.833,1.1155
2005,2023-03-25 13:00:00,80.046,71.776,5.375,2.894,1.1152
2006,2023-03-25 14:00:00,78.832,70.75,5.254,2.829,1.1142
2007,2023-03-25 15:00:00,77.621,69.76,5.109,2.751,1.1127
2008,2023-03-25 16:00:00,78.863,71.007,5.106,2.75,1.1106
2009,2023-03-25 17:00:00,77.789,70.191,4.939,2.659,1.1083
2010,2023-03-25 18:00:00,75.646,68.415,4.7,2.531,1.1057
2011,2023-03-25 19:00:00,77.32,70.091,4.699,2.53,1.1031
2012,2023-03-25 20:00:00,75.826,68.886,4.511,2.429,1.1007
2013,2023-03-25 21:00:00,74.773,68.055,4.366,2.351,1.0987
2014,2023-03-25 22:00:00,75.59,68.898,4.35,2.342,1.0971
2015,2023-03-25 23:00:00,74.234,67.721,4.233,2.279,1.0962
2016,2023-03-26 00:00:00,74.003,67.53,4.207,2.266,1.0959
2017,2023-03-26 01:00:00,73.608,67.147,4.2,2.261,1.0962
2018,2023-03-26 02:00:00,74.823,68.192,4.31,2.321,1.0972
2019,2023-03-26 03:00:00,75.158,68.396,4.395,2.367,1.0989
2020,2023-03-26 04:00:00,75.345,68.435,4.491,2.418,1.101
2021,2023-03-26 05:00:00,75.356,68.294,4.59,2.472,1.1034
2022,2023-03-26 06:00:00,76.747,69.391,4.782,2.575,1.106
2023,2023-03-26 07:00:00,77.276,69.704,4.922,2.65,1.1086
2024,2023-03-26 08:00:00,76.932,69.242,4.999,2.692,1.1111
2025,2023-03-26 09:00:00,77.373,69.507,5.113,2.753,1.1132
2026,2023-03-26 10:00:00,79.385,71.211,5.313,2.861,1.1148
2027,2023-03-26 11:00:00,77.179,69.169,5.207,2.804,1.1158
2028,2023-03-26 12:00:00,79.465,71.194,5.376,2.895,1.1162
2029,2023-03-26 13:00:00,78.842,70.656,5.321,2.865,1.1159
2030,2023-03-26 14:00:00,79.973,71.731,5.357,2.884,1.1149
2031,2023-03-26 15:00:00,78.147,70.192,5.171,2.784,1.1133
2032,2023-03-26 16:00:00,78.497,70.637,5.109,2.751,1.1113
2033,2023-03-26 17:00:00,77.041,69.475,4.918,2.648,1.1089
2034,2023-03-26 18:00:00,76.757,69.38,4.795,2.582,1.1063
2035,2023-03-26 19:00:00,76.561,69.363,4.679,2.519,1.1038
2036,2023-03-26 20:00:00,75.006,68.101,4.488,2.417,1.1014
2037,2023-03-26 21:00:00,75.591,68.76,4.44,2.391,1.0993
2038,2023-03-26 22:00:00,73.649,67.089,4.264,2.296,1.0978
2039,2023-03-26 23:00:00,74.381,67.816,4.268,2.298,1.0968
2040,2023-03-27 00:00:00,75.544,68.896,4.321,2.327,1.0965
2041,2023-03-27 01:00:00,75.433,68.772,4.33,2.332,1.0969
2042,2023-03-27 02:00:00,76.661,69.826,4.443,2.392,1.0979
2043,2023-03-27 03:00:00,75.017,68.228,4.413,2.376,1.0995
2044,2023-03-27 04:00:00,75.085,68.16,4.502,2.424,1.1016
2045,2023-03-27 05:00:00,76.015,68.851,4.656,2.507,1.104
2046,2023-03-27 06:00:00,77.978,70.462,4.885,2.63,1.1067
2047,2023-03-27 07:00:00,78.538,70.801,5.029,2.708,1.1093
2048,2023-03-27 08:00:00,78.872,70.947,5.152,2.774,1.1117
2049,2023-03-27 09:00:00,78.47,70.451,5.212,2.806,1.1138
2050,2023-03-27 10:00:00,80.369,72.052,5.406,2.911,1.1154
2051,2023-03-27 11:00:00,79.082,70.833,5.362,2.887,1.1165
2052,2023-03-27 12:00:00,81.038,72.561,5.51,2.967,1.1168
2053,2023-03-27 13:00:00,82.276,73.691,5.581,3.005,1.1165
2054,2023-03-27 14:00:00,80.064,71.772,5.39,2.902,1.1155
2055,2023-03-27 15:00:00,79.811,71.646,5.308,2.858,1.114
2056,2023-03-27 16:00:00,78.425,70.53,5.131,2.763,1.1119
2057,2023-03-27 17:00:00,76.765,69.186,4.926,2.653,1.1095
2058,2023-03-27 18:00:00,77.022,69.578,4.839,2.605,1.107
2059,2023-03-27 19:00:00,75.965,68.782,4.669,2.514,1.1044
2060,2023-03-27 20:00:00,75.062,68.112,4.518,2.433,1.102
2061,2023-03-27 21:00:00,76.965,69.968,4.548,2.449,1.1
2062,2023-03-27 22:00:00,75.436,68.675,4.394,2.366,1.0984
2063,2023-03-27 23:00:00,75.259,68.575,4.344,2.339,1.0975
2064,2023-03-28 00:00:00,74.643,68.034,4.296,2.313,1.0971
2065,2023-03-28 01:00:00,74.838,68.189,4.322,2.327,1.0975
2066,2023-03-28 02:00:00,75.975,69.16,4.43,2.385,1.0985
2067,2023-03-28 03:00:00,75.625,68.74,4.475,2.41,1.1002
2068,2023-03-28 04:00:00,76.603,69.496,4.619,2.487,1.1023
2069,2023-03-28 05:00:00,76.677,69.41,4.724,2.543,1.1047
2070,2023-03-28 06:00:00,77.247,69.76,4.866,2.62,1.1073
2071,2023-03-28 07:00:00,77.105,69.468,4.964,2.673,1.1099
2072,2023-03-28 08:00:00,77.299,69.491,5.075,2.733,1.1124
2073,2023-03-28 09:00:00,79.188,71.054,5.287,2.847,1.1145
2074,2023-03-28 10:00:00,79.861,71.555,5.399,2.907,1.1161
2075,2023-03-28 11:00:00,79.08,70.79,5.389,2.902,1.1171
2076,2023-03-28 12:00:00,80.152,71.726,5.477,2.949,1.1175
2077,2023-03-28 13:00:00,80.132,71.728,5.462,2.941,1.1172
2078,2023-03-28 14:00:00,78.14,70.006,5.287,2.847,1.1162
2079,2023-03-28 15:00:00,78.689,70.597,5.26,2.832,1.1146
2080,2023-03-28 16:00:00,79.172,71.16,5.208,2.804,1.1126
2081,2023-03-28 17:00:00,78.518,70.724,5.066,2.728,1.1102
2082,2023-03-28 18:00:00,76.64,69.192,4.841,2.607,1.1076
2083,2023-03-28 19:00:00,76.978,69.658,4.758,2.562,1.1051
2084,2023-03-28 20:00:00,77.013,69.841,4.662,2.51,1.1027
2085,2023-03-28 21:00:00,76.282,69.307,4.534,2.441,1.1007
2086,2023-03-28 22:00:00,75.197,68.418,4.407,2.373,1.0991
2087,2023-03-28 23:00:00,74.652,67.982,4.336,2.335,1.0981
2088,2023-03-29 00:00:00,74.441,67.809,4.311,2.321,1.0978
2089,2023-03-29 01:00:00,75.375,68.637,4.38,2.358,1.0982
2090,2023-03-29 02:00:00,75.428,68.621,4.425,2.382,1.0992
2091,2023-03-29 03:00:00,76.18,69.203,4.535,2.442,1.1008
2092,2023-03-29 04:00:00,76.341,69.217,4.63,2.493,1.1029
2093,2023-03-29 05:00:00,77.507,70.12,4.802,2.586,1.1054
2094,2023-03-29 06:00:00,77.631,70.066,4.917,2.648,1.108
2095,2023-03-29 07:00:00,78.854,71.002,5.104,2.748,1.1106
2096,2023-03-29 08:00:00,79.564,71.485,5.252,2.828,1.113
2097,2023-03-29 09:00:00,78.81,70.674,5.288,2.848,1.1151
2098,2023-03-29 10:00:00,78.451,70.25,5.33,2.87,1.1167
2099,2023-03-29 11:00:00,81.341,72.771,5.57,2.999,1.1178
2100,2023-03-29 12:00:00,80.427,71.93,5.523,2.974,1.1181
2101,2023-03-29 13:00:00,78.795,70.49,5.398,2.907,1.1178
2102,2023-03-29 14:00:00,79.314,71.016,5.394,2.904,1.1168
2103,2023-03-29 15:00:00,80.053,71.778,5.379,2.896,1.1153
2104,2023-03-29 16:00:00,78.683,70.679,5.202,2.801,1.1132
2105,2023-03-29 17:00:00,77.865,70.094,5.051,2.72,1.1109
2106,2023-03-29 18:00:00,78.668,70.981,4.996,2.69,1.1083
2107,2023-03-29 19:00:00,76.09,68.814,4.729,2.547,1.1057
2108,2023-03-29 20:00:00,75.653,68.566,4.606,2.48,1.1034
2109,2023-03-29 21:00:00,75.892,68.911,4.538,2.443,1.1013
2110,2023-03-29 22:00:00,75.616,68.758,4.458,2.4,1.0997
2111,2023-03-29 23:00:00,75.439,68.657,4.408,2.374,1.0988
2112,2023-03-30 00:00:00,75.671,68.888,4.409,2.374,1.0985
2113,2023-03-30 01:00:00,75.213,68.449,4.397,2.368,1.0988
2114,2023-03-30 02:00:00,75.7,68.827,4.467,2.405,1.0999
2115,2023-03-30 03:00:00,75.54,68.581,4.523,2.436,1.1015
2116,2023-03-30 04:00:00,76.333,69.169,4.657,2.507,1.1036
2117,2023-03-30 05:00:00,77.003,69.622,4.797,2.583,1.106
2118,2023-03-30 06:00:00,77.771,70.151,4.953,2.667,1.1086
2119,2023-03-30 07:00:00,78.891,70.994,5.133,2.764,1.1112
2120,2023-03-30 08:00:00,79.365,71.264,5.266,2.835,1.1137
2121,2023-03-30 09:00:00,79.52,71.268,5.363,2.888,1.1158
2122,2023-03-30 10:00:00,79.278,70.949,5.414,2.915,1.1174
2123,2023-03-30 11:00:00,80.233,71.738,5.522,2.973,1.1184
2124,2023-03-30 12:00:00,80.251,71.73,5.539,2.982,1.1188
2125,2023-03-30 13:00:00,80.335,71.826,5.531,2.978,1.1185
2126,2023-03-30 14:00:00,81.645,73.06,5.58,3.005,1.1175
2127,2023-03-30 15:00:00,79.088,70.871,5.341,2.876,1.1159
2128,2023-03-30 16:00:00,79.277,71.171,5.269,2.837,1.1139
2129,2023-03-30 17:00:00,79.141,71.201,5.161,2.779,1.1115
2130,2023-03-30 18:00:00,77.703,70.069,4.962,2.672,1.109
2131,2023-03-30 19:00:00,78.757,71.184,4.923,2.651,1.1064
2132,2023-03-30 20:00:00,76.023,68.86,4.655,2.507,1.104
2133,2023-03-30 21:00:00,76.024,68.989,4.573,2.462,1.102
2134,2023-03-30 22:00:00,74.745,67.925,4.433,2.387,1.1004
2135,2023-03-30 23:00:00,74.831,68.064,4.399,2.369,1.0994
2136,2023-03-31 00:00:00,75.207,68.424,4.409,2.374,1.0991
2137,2023-03-31 01:00:00,75.757,68.902,4.456,2.399,1.0995
2138,2023-03-31 02:00:00,75.614,68.708,4.489,2.417,1.1005
2139,2023-03-31 03:00:00,76.757,69.644,4.623,2.49,1.1021
2140,2023-03-31 04:00:00,76.257,69.059,4.679,2.519,1.1042
2141,2023-03-31 05:00:00,76.708,69.315,4.806,2.588,1.1067
2142,2023-03-31 06:00:00,79.75,71.893,5.107,2.75,1.1093
2143,2023-03-31 07:00:00,78.644,70.729,5.145,2.77,1.1119
2144,2023-03-31 08:00:00,78.418,70.371,5.23,2.816,1.1143
2145,2023-03-31 09:00:00,78.99,70.751,5.355,2.883,1.1164
2146,2023-03-31 10:00:00,79.221,70.856,5.437,2.928,1.1181
2147,2023-03-31 11:00:00,80.961,72.346,5.6,3.015,1.1191
2148,2023-03-31 12:00:00,80.035,71.495,5.551,2.989,1.1195
2149,2023-03-31 13:00:00,80.331,71.78,5.559,2.993,1.1191
2150,2023-03-31 14:00:00,79.917,71.471,5.49,2.956,1.1182
2151,2023-03-31 15:00:00,80.116,71.749,5.438,2.928,1.1166
2152,2023-03-31 16:00:00,78.334,70.282,5.234,2.818,1.1146
2153,2023-03-31 17:00:00,77.519,69.7,5.082,2.737,1.1122
2154,2023-03-31 18:00:00,77.848,70.157,4.999,2.692,1.1096
2155,2023-03-31 19:00:00,77.458,69.968,4.869,2.622,1.1071
2156,2023-03-31 20:00:00,76.618,69.358,4.719,2.541,1.1047
2157,2023-03-31 21:00:00,75.195,68.196,4.549,2.45,1.1026
2158,2023-03-31 22:00:00,75.928,68.959,4.53,2.439,1.1011
2159,2023-03-31 23:00:00,74.575,67.789,4.411,2.375,1.1001
2160,2023-04-01 00:00:00,73.889,67.185,4.358,2.346,1.0998
2161,2023-04-01 01:00:00,73.654,66.949,4.358,2.347,1.1002
2162,2023-04-01 02:00:00,75.646,68.695,4.518,2.433,1.1012
2163,2023-04-01 03:00:00,75.548,68.506,4.577,2.465,1.1028
2164,2023-04-01 04:00:00,76.07,68.848,4.694,2.528,1.1049
2165,2023-04-01 05:00:00,77.204,69.72,4.864,2.619,1.1073
2166,2023-04-01 06:00:00,79.105,71.269,5.094,2.743,1.11
2167,2023-04-01 07:00:00,76.274,68.556,5.016,2.701,1.1126
2168,2023-04-01 08:00:00,77.669,69.658,5.207,2.804,1.115
2169,2023-04-01 09:00:00,78.316,70.106,5.336,2.873,1.1171
2170,2023-04-01 10:00:00,78.557,70.22,5.419,2.918,1.1187
2171,2023-04-01 11:00:00,78.647,70.236,5.467,2.944,1.1198
2172,2023-04-01 12:00:00,79.35,70.84,5.531,2.978,1.1201
2173,2023-04-01 13:00:00,78.542,70.139,5.462,2.941,1.1198
2174,2023-04-01 14:00:00,79.493,71.05,5.488,2.955,1.1188
2175,2023-04-01 15:00:00,78.85,70.574,5.38,2.897,1.1173
2176,2023-04-01 16:00:00,78.637,70.512,5.281,2.844,1.1152
2177,2023-04-01 17:00:00,78.02,70.108,5.142,2.769,1.1128
2178,2023-04-01 18:00:00,77.411,69.722,4.998,2.691,1.1103
2179,2023-04-01 19:00:00,75.974,68.586,4.802,2.586,1.1077
2180,2023-04-01 20:00:00,77.274,69.91,4.787,2.578,1.1053
2181,2023-04-01 21:00:00,75.274,68.227,4.581,2.467,1.1033
2182,2023-04-01 22:00:00,73.244,66.481,4.396,2.367,1.1017
2183,2023-04-01 23:00:00,73.65,66.908,4.382,2.36,1.1008
2184,2023-04-02 00:00:00,72.995,66.332,4.331,2.332,1.1005
2185,2023-04-02 01:00:00,74.44,67.622,4.432,2.386,1.1008
2186,2023-04-02 02:00:00,74.594,67.699,4.482,2.413,1.1018
2187,2023-04-02 03:00:00,74.743,67.735,4.555,2.453,1.1035
2188,2023-04-02 04:00:00,77.205,69.833,4.792,2.58,1.1056
2189,2023-04-02 05:00:00,76.709,69.231,4.86,2.617,1.108
2190,2023-04-02 06:00:00,77.53,69.808,5.019,2.703,1.1106
2191,2023-04-02 07:00:00,76.926,69.101,5.086,2.739,1.1132
2192,2023-04-02 08:00:00,77.512,69.476,5.224,2.813,1.1157
2193,2023-04-02 09:00:00,78.874,70.563,5.402,2.909,1.1178
2194,2023-04-02 10:00:00,79.406,70.937,5.505,2.964,1.1194
2195,2023-04-02 11:00:00,78.083,69.691,5.455,2.937,1.1204
2196,2023-04-02 12:00:00,79.491,70.924,5.568,2.998,1.1208
2197,2023-04-02 13:00:00,79.554,71.0,5.56,2.994,1.1205
2198,2023-04-02 14:00:00,79.11,70.665,5.489,2.956,1.1195
2199,2023-04-02 15:00:00,78.22,69.968,5.364,2.888,1.1179
2200,2023-04-02 16:00:00,77.887,69.797,5.258,2.831,1.1159
2201,2023-04-02 17:00:00,77.533,69.629,5.138,2.766,1.1135
2202,2023-04-02 18:00:00,77.06,69.364,5.003,2.694,1.111
2203,2023-04-02 19:00:00,76.779,69.27,4.881,2.628,1.1084
2204,2023-04-02 20:00:00,76.516,69.182,4.767,2.567,1.106
2205,2023-04-02 21:00:00,74.911,67.857,4.586,2.469,1.104
2206,2023-04-02 22:00:00,74.374,67.465,4.491,2.418,1.1024
2207,2023-04-02 23:00:00,74.805,67.916,4.478,2.411,1.1014
2208,2023-04-03 00:00:00,75.622,68.678,4.514,2.431,1.1011
2209,2023-04-03 01:00:00,74.908,68.006,4.486,2.416,1.1015
2210,2023-04-03 02:00:00,76.115,69.038,4.6,2.477,1.1025
2211,2023-04-03 03:00:00,76.68,69.448,4.701,2.531,1.1041
2212,2023-04-03 04:00:00,77.469,70.029,4.836,2.604,1.1062
2213,2023-04-03 05:00:00,78.485,70.792,5.001,2.693,1.1087
2214,2023-04-03 06:00:00,77.116,69.394,5.02,2.703,1.1113
2215,2023-04-03 07:00:00,78.489,70.463,5.217,2.809,1.1139
2216,2023-04-03 08:00:00,79.13,70.883,5.361,2.886,1.1163
2217,2023-04-03 09:00:00,79.598,71.169,5.479,2.95,1.1184
2218,2023-04-03 10:00:00,79.593,71.061,5.546,2.986,1.1201
2219,2023-04-03 11:00:00,79.206,70.65,5.561,2.994,1.1211
2220,2023-04-03 12:00:00,80.537,71.815,5.67,3.053,1.1215
2221,2023-04-03 13:00:00,79.772,71.153,5.603,3.017,1.1211
2222,2023-04-03 14:00:00,80.177,71.576,5.591,3.011,1.1202
2223,2023-04-03 15:00:00,79.065,70.682,5.45,2.934,1.1186
2224,2023-04-03 16:00:00,78.277,70.105,5.312,2.86,1.1166
2225,2023-04-03 17:00:00,78.681,70.617,5.241,2.822,1.1142
2226,2023-04-03 18:00:00,77.931,70.106,5.087,2.739,1.1116
2227,2023-04-03 19:00:00,77.582,69.953,4.959,2.67,1.1091
2228,2023-04-03 20:00:00,78.193,70.655,4.9,2.638,1.1067
2229,2023-04-03 21:00:00,76.172,68.957,4.69,2.525,1.1046
2230,2023-04-03 22:00:00,75.918,68.824,4.611,2.483,1.1031
2231,2023-04-03 23:00:00,74.453,67.555,4.484,2.414,1.1021
2232,2023-04-04 00:00:00,74.205,67.349,4.456,2.4,1.1018
2233,2023-04-04 01:00:00,76.51,69.418,4.61,2.482,1.1022
2234,2023-04-04 02:00:00,74.838,67.838,4.55,2.45,1.1032
2235,2023-04-04 03:00:00,75.162,68.032,4.635,2.496,1.1048
2236,2023-04-04 04:00:00,76.485,69.098,4.802,2.585,1.1069
2237,2023-04-04 05:00:00,77.082,69.484,4.939,2.659,1.1093
2238,2023-04-04 06:00:00,77.135,69.368,5.048,2.718,1.112
2239,2023-04-04 07:00:00,78.288,70.239,5.231,2.817,1.1146
2240,2023-04-04 08:00:00,80.13,71.736,5.456,2.938,1.117
2241,2023-04-04 09:00:00,79.092,70.673,5.472,2.947,1.1191
2242,2023-04-04 10:00:00,79.057,70.54,5.536,2.981,1.1207
2243,2023-04-04 11:00:00,81.16,72.35,5.726,3.083,1.1218
2244,2023-04-04 12:00:00,80.9,72.095,5.723,3.082,1.1221
2245,2023-04-04 13:00:00,79.936,71.256,5.642,3.038,1.1218
2246,2023-04-04 14:00:00,78.917,70.408,5.531,2.978,1.1208
2247,2023-04-04 15:00:00,79.152,70.716,5.483,2.952,1.1193
2248,2023-04-04 16:00:00,79.142,70.837,5.398,2.907,1.1172
2249,2023-04-04 17:00:00,79.455,71.269,5.321,2.865,1.1149
2250,2023-04-04 18:00:00,77.054,69.274,5.057,2.723,1.1123
2251,2023-04-04 19:00:00,77.114,69.488,4.957,2.669,1.1097
2252,2023-04-04 20:00:00,77.069,69.598,4.857,2.615,1.1074
2253,2023-04-04 21:00:00,74.162,67.096,4.593,2.473,1.1053
2254,2023-04-04 22:00:00,76.389,69.208,4.667,2.513,1.1038
2255,2023-04-04 23:00:00,74.418,67.482,4.508,2.428,1.1028
2256,2023-04-05 00:00:00,75.5,68.482,4.561,2.456,1.1025
2257,2023-04-05 01:00:00,75.525,68.482,4.578,2.465,1.1028
2258,2023-04-05 02:00:00,76.436,69.244,4.675,2.517,1.1039
2259,2023-04-05 03:00:00,76.442,69.148,4.741,2.553,1.1055
2260,2023-04-05 04:00:00,74.719,67.461,4.717,2.54,1.1076
2261,2023-04-05 05:00:00,76.589,68.998,4.934,2.657,1.11
2262,2023-04-05 06:00:00,77.992,70.097,5.132,2.763,1.1126
2263,2023-04-05 07:00:00,78.421,70.316,5.268,2.837,1.1153
2264,2023-04-05 08:00:00,79.59,71.209,5.448,2.933,1.1177
2265,2023-04-05 09:00:00,80.39,71.79,5.59,3.01,1.1198
2266,2023-04-05 10:00:00,80.676,71.941,5.678,3.057,1.1214
2267,2023-04-05 11:00:00,80.3,71.54,5.694,3.066,1.1224
2268,2023-04-05 12:00:00,79.11,70.458,5.624,3.028,1.1228
2269,2023-04-05 13:00:00,80.114,71.372,5.683,3.06,1.1225
2270,2023-04-05 14:00:00,80.533,71.807,5.672,3.054,1.1215
2271,2023-04-05 15:00:00,78.929,70.474,5.495,2.959,1.12
2272,2023-04-05 16:00:00,79.727,71.317,5.466,2.943,1.1179
2273,2023-04-05 17:00:00,79.302,71.089,5.339,2.875,1.1155
2274,2023-04-05 18:00:00,78.007,70.089,5.147,2.771,1.113
2275,2023-04-05 19:00:00,74.845,67.402,4.838,2.605,1.1104
2276,2023-04-05 20:00:00,75.602,68.23,4.791,2.58,1.108
2277,2023-04-05 21:00:00,77.511,70.083,4.828,2.6,1.106
2278,2023-04-05 22:00:00,75.214,68.102,4.623,2.489,1.1044
2279,2023-04-05 23:00:00,73.844,66.921,4.5,2.423,1.1035
2280,2023-04-06 00:00:00,76.244,69.115,4.634,2.495,1.1031
2281,2023-04-06 01:00:00,75.391,68.319,4.597,2.475,1.1035
2282,2023-04-06 02:00:00,76.498,69.258,4.706,2.534,1.1045
2283,2023-04-06 03:00:00,76.277,68.956,4.758,2.562,1.1062
2284,2023-04-06 04:00:00,76.964,69.446,4.887,2.631,1.1083
2285,2023-04-06 05:00:00,77.528,69.801,5.023,2.704,1.1107
2286,2023-04-06 06:00:00,78.476,70.488,5.192,2.796,1.1133
2287,2023-04-06 07:00:00,80.4,72.047,5.429,2.923,1.1159
2288,2023-04-06 08:00:00,80.025,71.555,5.506,2.965,1.1184
2289,2023-04-06 09:00:00,78.58,70.131,5.492,2.957,1.1205
2290,2023-04-06 10:00:00,80.598,71.828,5.7,3.069,1.1221
2291,2023-04-06 11:00:00,81.414,72.489,5.801,3.124,1.1231
2292,2023-04-06 12:00:00,81.556,72.592,5.827,3.137,1.1235
2293,2023-04-06 13:00:00,80.185,71.392,5.716,3.078,1.1232
2294,2023-04-06 14:00:00,81.17,72.331,5.745,3.094,1.1222
2295,2023-04-06 15:00:00,80.56,71.887,5.637,3.035,1.1206
2296,2023-04-06 16:00:00,81.295,72.676,5.603,3.017,1.1186
2297,2023-04-06 17:00:00,78.055,69.928,5.282,2.844,1.1162
2298,2023-04-06 18:00:00,77.56,69.645,5.145,2.77,1.1137
2299,2023-04-06 19:00:00,77.036,69.333,5.007,2.696,1.1111
2300,2023-04-06 20:00:00,76.259,68.782,4.86,2.617,1.1087
2301,2023-04-06 21:00:00,75.408,68.14,4.725,2.544,1.1067
2302,2023-04-06 22:00:00,73.546,66.551,4.547,2.448,1.1051
2303,2023-04-06 23:00:00,75.087,68.005,4.603,2.479,1.1041
2304,2023-04-07 00:00:00,75.622,68.509,4.624,2.49,1.1038
2305,2023-04-07 01:00:00,75.046,67.964,4.603,2.479,1.1042
2306,2023-04-07 02:00:00,77.188,69.839,4.777,2.572,1.1052
2307,2023-04-07 03:00:00,76.12,68.772,4.776,2.572,1.1068
2308,2023-04-07 04:00:00,77.658,70.029,4.959,2.67,1.1089
2309,2023-04-07 05:00:00,77.497,69.73,5.048,2.718,1.1114
2310,2023-04-07 06:00:00,78.624,70.578,5.23,2.816,1.114
2311,2023-04-07 07:00:00,78.887,70.648,5.355,2.884,1.1166
2312,2023-04-07 08:00:00,80.385,71.833,5.559,2.993,1.1191
2313,2023-04-07 09:00:00,79.912,71.277,5.613,3.022,1.1212
2314,2023-04-07 10:00:00,80.686,71.863,5.735,3.088,1.1228
2315,2023-04-07 11:00:00,80.854,71.947,5.79,3.117,1.1238
2316,2023-04-07 12:00:00,80.432,71.548,5.775,3.109,1.1242
2317,2023-04-07 13:00:00,80.888,71.974,5.794,3.12,1.1239
2318,2023-04-07 14:00:00,82.06,73.08,5.837,3.143,1.1229
2319,2023-04-07 15:00:00,79.668,71.048,5.603,3.017,1.1213
2320,2023-04-07 16:00:00,79.658,71.169,5.518,2.971,1.1193
2321,2023-04-07 17:00:00,79.672,71.333,5.42,2.919,1.1169
2322,2023-04-07 18:00:00,78.893,70.798,5.262,2.833,1.1143
2323,2023-04-07 19:00:00,77.33,69.555,5.054,2.721,1.1118
2324,2023-04-07 20:00:00,74.836,67.457,4.797,2.583,1.1094
2325,2023-04-07 21:00:00,76.545,69.124,4.823,2.597,1.1074
2326,2023-04-07 22:00:00,74.012,66.931,4.602,2.478,1.1058
2327,2023-04-07 23:00:00,76.607,69.339,4.724,2.544,1.1048
2328,2023-04-08 00:00:00,74.741,67.669,4.597,2.475,1.1045
2329,2023-04-08 01:00:00,75.474,68.309,4.657,2.507,1.1049
2330,2023-04-08 02:00:00,74.265,67.153,4.623,2.489,1.1059
2331,2023-04-08 03:00:00,74.177,66.976,4.681,2.521,1.1075
2332,2023-04-08 04:00:00,76.128,68.608,4.889,2.632,1.1096
2333,2023-04-08 05:00:00,76.536,68.824,5.013,2.699,1.1121
2334,2023-04-08 06:00:00,76.864,68.956,5.14,2.768,1.1147
2335,2023-04-08 07:00:00,78.001,69.812,5.323,2.866,1.1173
2336,2023-04-08 08:00:00,80.747,72.112,5.612,3.022,1.1197
2337,2023-04-08 09:00:00,79.787,71.122,5.632,3.033,1.1218
2338,2023-04-08 10:00:00,80.383,71.55,5.742,3.092,1.1235
2339,2023-04-08 11:00:00,80.492,71.581,5.792,3.119,1.1245
2340,2023-04-08 12:00:00,81.086,72.086,5.85,3.15,1.1249
2341,2023-04-08 13:00:00,79.682,70.857,5.736,3.089,1.1245
2342,2023-04-08 14:00:00,77.95,69.377,5.572,3.0,1.1236
2343,2023-04-08 15:00:00,78.995,70.405,5.583,3.006,1.122
2344,2023-04-08 16:00:00,79.23,70.743,5.516,2.97,1.12
2345,2023-04-08 17:00:00,77.196,69.074,5.279,2.843,1.1176
2346,2023-04-08 18:00:00,77.133,69.177,5.172,2.785,1.115
2347,2023-04-08 19:00:00,76.051,68.363,4.997,2.691,1.1125
2348,2023-04-08 20:00:00,77.124,69.476,4.971,2.677,1.1101
2349,2023-04-08 21:00:00,75.997,68.587,4.816,2.593,1.108
2350,2023-04-08 22:00:00,75.506,68.241,4.723,2.543,1.1065
2351,2023-04-08 23:00:00,75.224,68.045,4.666,2.513,1.1055
2352,2023-04-09 00:00:00,74.627,67.524,4.617,2.486,1.1052
2353,2023-04-09 01:00:00,74.899,67.748,4.648,2.503,1.1056
2354,2023-04-09 02:00:00,74.091,66.955,4.639,2.498,1.1066
2355,2023-04-09 03:00:00,73.731,66.532,4.679,2.52,1.1082
2356,2023-04-09 04:00:00,76.089,68.53,4.914,2.646,1.1103
2357,2023-04-09 05:00:00,76.862,69.074,5.062,2.726,1.1127
2358,2023-04-09 06:00:00,78.239,70.146,5.26,2.832,1.1154
2359,2023-04-09 07:00:00,79.212,70.853,5.433,2.926,1.118
2360,2023-04-09 08:00:00,79.857,71.274,5.579,3.004,1.1204
2361,2023-04-09 09:00:00,78.395,69.839,5.562,2.995,1.1225
2362,2023-04-09 10:00:00,79.329,70.569,5.694,3.066,1.1241
2363,2023-04-09 11:00:00,80.254,71.327,5.803,3.125,1.1252
2364,2023-04-09 12:00:00,81.964,72.822,5.942,3.2,1.1255
2365,2023-04-09 13:00:00,81.046,72.026,5.863,3.157,1.1252
2366,2023-04-09 14:00:00,80.495,71.599,5.783,3.114,1.1243
2367,2023-04-09 15:00:00,78.887,70.266,5.604,3.017,1.1227
2368,2023-04-09 16:00:00,77.949,69.557,5.455,2.937,1.1206
2369,2023-04-09 17:00:00,78.62,70.305,5.404,2.91,1.1183
2370,2023-04-09 18:00:00,76.459,68.53,5.154,2.775,1.1157
2371,2023-04-09 19:00:00,76.451,68.68,5.051,2.72,1.1131
2372,2023-04-09 20:00:00,75.915,68.345,4.92,2.649,1.1108
2373,2023-04-09 21:00:00,76.699,69.178,4.889,2.632,1.1087
2374,2023-04-09 22:00:00,74.773,67.536,4.704,2.533,1.1072
2375,2023-04-09 23:00:00,72.9,65.902,4.549,2.449,1.1062
2376,2023-04-10 00:00:00,75.867,68.603,4.721,2.542,1.1059
2377,2023-04-10 01:00:00,75.026,67.82,4.684,2.522,1.1062
2378,2023-04-10 02:00:00,75.864,68.514,4.777,2.572,1.1073
2379,2023-04-10 03:00:00,76.183,68.702,4.863,2.618,1.1089
2380,2023-04-10 04:00:00,76.584,68.933,4.973,2.678,1.111
2381,2023-04-10 05:00:00,78.052,70.1,5.168,2.783,1.1134
2382,2023-04-10 06:00:00,76.926,68.927,5.199,2.8,1.116
2383,2023-04-10 07:00:00,78.408,70.091,5.406,2.911,1.1187
2384,2023-04-10 08:00:00,79.995,71.354,5.617,3.024,1.1211
2385,2023-04-10 09:00:00,79.531,70.808,5.67,3.053,1.1232
2386,2023-04-10 10:00:00,79.175,70.389,5.711,3.075,1.1248
2387,2023-04-10 11:00:00,81.239,72.158,5.903,3.178,1.1258
2388,2023-04-10 12:00:00,81.692,72.536,5.951,3.204,1.1262
2389,2023-04-10 13:00:00,80.681,71.659,5.864,3.158,1.1259
2390,2023-04-10 14:00:00,78.906,70.143,5.696,3.067,1.1249
2391,2023-04-10 15:00:00,80.582,71.732,5.752,3.097,1.1234
2392,2023-04-10 16:00:00,78.172,69.713,5.498,2.96,1.1213
2393,2023-04-10 17:00:00,79.075,70.669,5.464,2.942,1.1189
2394,2023-04-10 18:00:00,77.454,69.379,5.249,2.826,1.1164
2395,2023-04-10 19:00:00,76.559,68.735,5.086,2.738,1.1138
2396,2023-04-10 20:00:00,76.485,68.816,4.985,2.684,1.1114
2397,2023-04-10 21:00:00,76.143,68.634,4.881,2.628,1.1094
2398,2023-04-10 22:00:00,75.371,68.034,4.769,2.568,1.1078
2399,2023-04-10 23:00:00,76.066,68.722,4.774,2.571,1.1069
2400,2023-04-11 00:00:00,75.177,67.938,4.706,2.534,1.1066
2401,2023-04-11 01:00:00,76.374,68.996,4.796,2.582,1.1069
2402,2023-04-11 02:00:00,76.096,68.681,4.82,2.595,1.108
2403,2023-04-11 03:00:00,75.756,68.274,4.863,2.618,1.1096
2404,2023-04-11 04:00:00,76.171,68.519,4.974,2.678,1.1117
2405,2023-04-11 05:00:00,76.199,68.394,5.073,2.732,1.1141
2406,2023-04-11 06:00:00,78.399,70.204,5.327,2.868,1.1167
2407,2023-04-11 07:00:00,78.584,70.205,5.446,2.933,1.1193
2408,2023-04-11 08:00:00,77.644,69.214,5.479,2.95,1.1218
2409,2023-04-11 09:00:00,79.642,70.862,5.706,3.073,1.1239
2410,2023-04-11 10:00:00,79.781,70.885,5.783,3.114,1.1255
2411,2023-04-11 11:00:00,82.004,72.793,5.987,3.224,1.1265
2412,2023-04-11 12:00:00,79.512,70.558,5.82,3.134,1.1269
2413,2023-04-11 13:00:00,79.629,70.681,5.816,3.132,1.1266
2414,2023-04-11 14:00:00,81.374,72.293,5.903,3.179,1.1256
2415,2023-04-11 15:00:00,81.143,72.187,5.821,3.134,1.1241
2416,2023-04-11 16:00:00,78.938,70.354,5.58,3.005,1.122
2417,2023-04-11 17:00:00,78.386,70.01,5.444,2.932,1.1196
2418,2023-04-11 18:00:00,78.677,70.431,5.36,2.886,1.1171
2419,2023-04-11 19:00:00,75.696,67.918,5.056,2.722,1.1145
2420,2023-04-11 20:00:00,75.427,67.822,4.943,2.662,1.1121
2421,2023-04-11 21:00:00,76.115,68.566,4.907,2.642,1.1101
2422,2023-04-11 22:00:00,77.12,69.569,4.908,2.643,1.1085
2423,2023-04-11 23:00:00,75.319,68.005,4.754,2.56,1.1076
2424,2023-04-12 00:00:00,75.648,68.321,4.763,2.565,1.1072
2425,2023-04-12 01:00:00,76.54,69.103,4.834,2.603,1.1076
2426,2023-04-12 02:00:00,77.56,69.959,4.94,2.66,1.1086
2427,2023-04-12 03:00:00,75.896,68.359,4.899,2.638,1.1103
2428,2023-04-12 04:00:00,76.879,69.113,5.048,2.718,1.1124
2429,2023-04-12 05:00:00,78.953,70.823,5.285,2.846,1.1148
2430,2023-04-12 06:00:00,77.029,68.934,5.261,2.833,1.1174
2431,2023-04-12 07:00:00,79.716,71.172,5.553,2.99,1.12
2432,2023-04-12 08:00:00,78.755,70.162,5.586,3.008,1.1225
2433,2023-04-12 09:00:00,80.193,71.309,5.774,3.109,1.1246
2434,2023-04-12 10:00:00,80.349,71.346,5.852,3.151,1.1262
2435,2023-04-12 11:00:00,80.055,71.02,5.873,3.162,1.1272
2436,2023-04-12 12:00:00,80.129,71.062,5.893,3.173,1.1276
2437,2023-04-12 13:00:00,81.033,71.884,5.947,3.202,1.1273
2438,2023-04-12 14:00:00,81.334,72.212,5.929,3.192,1.1263
2439,2023-04-12 15:00:00,80.022,71.147,5.769,3.106,1.1247
2440,2023-04-12 16:00:00,79.627,70.924,5.657,3.046,1.1227
2441,2023-04-12 17:00:00,79.378,70.853,5.541,2.984,1.1203
2442,2023-04-12 18:00:00,77.483,69.32,5.306,2.857,1.1178
2443,2023-04-12 19:00:00,78.137,70.065,5.247,2.825,1.1152
2444,2023-04-12 20:00:00,77.562,69.699,5.111,2.752,1.1128
2445,2023-04-12 21:00:00,78.404,70.585,5.083,2.737,1.1108
2446,2023-04-12 22:00:00,75.672,68.221,4.843,2.608,1.1092
2447,2023-04-12 23:00:00,75.349,67.989,4.784,2.576,1.1082
2448,2023-04-13 00:00:00,76.213,68.788,4.826,2.599,1.1079
2449,2023-04-13 01:00:00,76.343,68.883,4.849,2.611,1.1083
2450,2023-04-13 02:00:00,75.557,68.11,4.84,2.606,1.1093
2451,2023-04-13 03:00:00,76.078,68.48,4.939,2.659,1.111
2452,2023-04-13 04:00:00,77.361,69.504,5.107,2.75,1.113
2453,2023-04-13 05:00:00,76.933,68.968,5.177,2.788,1.1155
2454,2023-04-13 06:00:00,77.946,69.713,5.352,2.882,1.1181
2455,2023-04-13 07:00:00,79.029,70.516,5.533,2.98,1.1207
2456,2023-04-13 08:00:00,80.387,71.572,5.73,3.085,1.1232
2457,2023-04-13 09:00:00,79.685,70.814,5.766,3.105,1.1253
2458,2023-04-13 10:00:00,79.136,70.226,5.792,3.119,1.1269
2459,2023-04-13 11:00:00,79.347,70.349,5.849,3.149,1.1279
2460,2023-04-13 12:00:00,79.959,70.868,5.909,3.182,1.1283
2461,2023-04-13 13:00:00,79.828,70.771,5.887,3.17,1.128
2462,2023-04-13 14:00:00,80.476,71.407,5.895,3.174,1.127
2463,2023-04-13 15:00:00,79.237,70.405,5.74,3.091,1.1254
2464,2023-04-13 16:00:00,79.068,70.383,5.645,3.04,1.1234
2465,2023-04-13 17:00:00,78.371,69.911,5.499,2.961,1.121
2466,2023-04-13 18:00:00,77.947,69.692,5.366,2.889,1.1185
2467,2023-04-13 19:00:00,78.64,70.473,5.309,2.859,1.1159
2468,2023-04-13 20:00:00,77.487,69.588,5.134,2.765,1.1135
2469,2023-04-13 21:00:00,76.44,68.774,4.983,2.683,1.1115
2470,2023-04-13 22:00:00,75.653,68.162,4.869,2.622,1.1099
2471,2023-04-13 23:00:00,75.415,68.006,4.815,2.593,1.1089
2472,2023-04-14 00:00:00,75.918,68.479,4.835,2.603,1.1086
2473,2023-04-14 01:00:00,76.208,68.719,4.868,2.621,1.109
2474,2023-04-14 02:00:00,75.314,67.849,4.852,2.613,1.11
2475,2023-04-14 03:00:00,76.467,68.788,4.992,2.688,1.1116
2476,2023-04-14 04:00:00,75.403,67.703,5.005,2.695,1.1137
2477,2023-04-14 05:00:00,77.792,69.695,5.263,2.834,1.1162
2478,2023-04-14 06:00:00,78.913,70.534,5.446,2.933,1.1188
2479,2023-04-14 07:00:00,78.787,70.257,5.545,2.986,1.1214
2480,2023-04-14 08:00:00,81.082,72.147,5.808,3.127,1.1239
2481,2023-04-14 09:00:00,79.515,70.621,5.782,3.113,1.126
2482,2023-04-14 10:00:00,80.81,71.668,5.943,3.2,1.1276
2483,2023-04-14 11:00:00,80.881,71.665,5.99,3.226,1.1286
2484,2023-04-14 12:00:00,80.924,71.68,6.009,3.236,1.129
2485,2023-04-14 13:00:00,80.823,71.61,5.988,3.225,1.1287
2486,2023-04-14 14:00:00,80.732,71.591,5.942,3.199,1.1277
2487,2023-04-14 15:00:00,80.891,71.831,5.889,3.171,1.1261
2488,2023-04-14 16:00:00,80.753,71.839,5.794,3.12,1.1241
2489,2023-04-14 17:00:00,79.025,70.451,5.573,3.001,1.1217
2490,2023-04-14 18:00:00,78.978,70.571,5.465,2.943,1.1191
2491,2023-04-14 19:00:00,77.106,69.056,5.233,2.818,1.1166
2492,2023-04-14 20:00:00,77.616,69.661,5.171,2.784,1.1142
2493,2023-04-14 21:00:00,75.881,68.229,4.974,2.678,1.1122
2494,2023-04-14 22:00:00,76.906,69.248,4.978,2.68,1.1106
2495,2023-04-14 23:00:00,77.515,69.857,4.978,2.68,1.1096
2496,2023-04-15 00:00:00,74.839,67.465,4.794,2.581,1.1093
2497,2023-04-15 01:00:00,73.322,66.075,4.711,2.537,1.1097
2498,2023-04-15 02:00:00,74.863,67.401,4.85,2.612,1.1107
2499,2023-04-15 03:00:00,76.667,68.925,5.032,2.71,1.1123
2500,2023-04-15 04:00:00,76.686,68.812,5.118,2.756,1.1144
2501,2023-04-15 05:00:00,77.088,69.021,5.243,2.823,1.1169
2502,2023-04-15 06:00:00,78.371,70.006,5.437,2.928,1.1195
2503,2023-04-15 07:00:00,78.65,70.092,5.563,2.995,1.1221
2504,2023-04-15 08:00:00,79.873,71.027,5.75,3.096,1.1245
2505,2023-04-15 09:00:00,80.195,71.181,5.859,3.155,1.1266
2506,2023-04-15 10:00:00,81.1,71.881,5.993,3.227,1.1283
2507,2023-04-15 11:00:00,80.452,71.242,5.987,3.224,1.1293
2508,2023-04-15 12:00:00,80.978,71.684,6.041,3.253,1.1297
2509,2023-04-15 13:00:00,79.93,70.775,5.95,3.204,1.1293
2510,2023-04-15 14:00:00,79.431,70.395,5.874,3.163,1.1284
2511,2023-04-15 15:00:00,80.829,71.732,5.913,3.184,1.1268
2512,2023-04-15 16:00:00,79.101,70.326,5.704,3.071,1.1248
2513,2023-04-15 17:00:00,78.922,70.316,5.594,3.012,1.1224
2514,2023-04-15 18:00:00,77.701,69.387,5.404,2.91,1.1198
2515,2023-04-15 19:00:00,76.462,68.437,5.217,2.809,1.1173
2516,2023-04-15 20:00:00,76.295,68.433,5.11,2.752,1.1149
2517,2023-04-15 21:00:00,76.862,69.068,5.066,2.728,1.1128
2518,2023-04-15 22:00:00,75.76,68.173,4.931,2.655,1.1113
2519,2023-04-15 23:00:00,73.738,66.412,4.762,2.564,1.1103
2520,2023-04-16 00:00:00,74.813,67.399,4.819,2.595,1.11
2521,2023-04-16 01:00:00,76.457,68.857,4.94,2.66,1.1104
2522,2023-04-16 02:00:00,75.169,67.635,4.897,2.637,1.1114
2523,2023-04-16 03:00:00,74.352,66.802,4.907,2.642,1.113
2524,2023-04-16 04:00:00,77.779,69.75,5.219,2.81,1.1151
2525,2023-04-16 05:00:00,77.474,69.325,5.297,2.852,1.1176
2526,2023-04-16 06:00:00,77.573,69.251,5.409,2.913,1.1202
2527,2023-04-16 07:00:00,78.026,69.493,5.546,2.987,1.1228
2528,2023-04-16 08:00:00,79.816,70.933,5.774,3.109,1.1252
2529,2023-04-16 09:00:00,79.091,70.158,5.807,3.127,1.1273
2530,2023-04-16 10:00:00,80.854,71.619,6.003,3.232,1.1289
2531,2023-04-16 11:00:00,80.646,71.37,6.03,3.247,1.13
2532,2023-04-16 12:00:00,80.505,71.221,6.034,3.249,1.1303
2533,2023-04-16 13:00:00,80.337,71.092,6.009,3.235,1.13
2534,2023-04-16 14:00:00,79.817,70.693,5.93,3.193,1.1291
2535,2023-04-16 15:00:00,80.356,71.269,5.907,3.18,1.1275
2536,2023-04-16 16:00:00,78.297,69.569,5.673,3.055,1.1255
2537,2023-04-16 17:00:00,77.063,68.618,5.489,2.956,1.1231
2538,2023-04-16 18:00:00,78.134,69.73,5.462,2.941,1.1205
2539,2023-04-16 19:00:00,77.462,69.289,5.313,2.861,1.118
2540,2023-04-16 20:00:00,76.708,68.761,5.166,2.781,1.1156
2541,2023-04-16 21:00:00,76.108,68.348,5.044,2.716,1.1135
2542,2023-04-16 22:00:00,75.125,67.56,4.917,2.648,1.112
2543,2023-04-16 23:00:00,75.727,68.161,4.918,2.648,1.111
2544,2023-04-17 00:00:00,75.769,68.218,4.908,2.643,1.1107
2545,2023-04-17 01:00:00,75.517,67.969,4.906,2.642,1.1111
2546,2023-04-17 02:00:00,75.918,68.266,4.974,2.678,1.1121
2547,2023-04-17 03:00:00,78.156,70.177,5.187,2.793,1.1137
2548,2023-04-17 04:00:00,75.775,67.911,5.112,2.752,1.1158
2549,2023-04-17 05:00:00,78.162,69.897,5.372,2.893,1.1182
2550,2023-04-17 06:00:00,77.143,68.825,5.407,2.911,1.1209
2551,2023-04-17 07:00:00,79.067,70.377,5.648,3.041,1.1235
2552,2023-04-17 08:00:00,79.458,70.571,5.776,3.11,1.1259
2553,2023-04-17 09:00:00,78.711,69.778,5.806,3.126,1.128
2554,2023-04-17 10:00:00,81.094,71.788,6.049,3.257,1.1296
2555,2023-04-17 11:00:00,80.757,71.424,6.066,3.266,1.1307
2556,2023-04-17 12:00:00,79.49,70.281,5.986,3.223,1.131
2557,2023-04-17 13:00:00,81.726,72.278,6.141,3.307,1.1307
2558,2023-04-17 14:00:00,81.93,72.52,6.116,3.293,1.1298
2559,2023-04-17 15:00:00,81.546,72.281,6.023,3.243,1.1282
2560,2023-04-17 16:00:00,80.099,71.126,5.832,3.14,1.1261
2561,2023-04-17 17:00:00,79.209,70.485,5.67,3.053,1.1238
2562,2023-04-17 18:00:00,79.527,70.93,5.588,3.009,1.1212
2563,2023-04-17 19:00:00,79.116,70.725,5.454,2.937,1.1186
2564,2023-04-17 20:00:00,78.047,69.918,5.284,2.845,1.1163
2565,2023-04-17 21:00:00,75.882,68.103,5.056,2.723,1.1142
2566,2023-04-17 22:00:00,76.357,68.625,5.025,2.706,1.1127
2567,2023-04-17 23:00:00,76.281,68.617,4.981,2.682,1.1117
2568,2023-04-18 00:00:00,74.444,66.983,4.849,2.611,1.1114
2569,2023-04-18 01:00:00,76.308,68.638,4.986,2.685,1.1117
2570,2023-04-18 02:00:00,77.978,70.076,5.137,2.766,1.1128
2571,2023-04-18 03:00:00,77.128,69.211,5.146,2.771,1.1144
2572,2023-04-18 04:00:00,78.329,70.156,5.312,2.86,1.1165
2573,2023-04-18 05:00:00,77.962,69.675,5.386,2.9,1.1189
2574,2023-04-18 06:00:00,78.451,69.949,5.526,2.976,1.1215
2575,2023-04-18 07:00:00,79.501,70.72,5.708,3.073,1.1242
2576,2023-04-18 08:00:00,79.205,70.304,5.786,3.115,1.1266
2577,2023-04-18 09:00:00,79.645,70.563,5.903,3.179,1.1287
2578,2023-04-18 10:00:00,81.838,72.402,6.133,3.302,1.1303
2579,2023-04-18 11:00:00,82.194,72.651,6.203,3.34,1.1314
2580,2023-04-18 12:00:00,80.416,71.056,6.084,3.276,1.1317
2581,2023-04-18 13:00:00,81.878,72.368,6.181,3.328,1.1314
2582,2023-04-18 14:00:00,80.775,71.455,6.058,3.262,1.1304
2583,2023-04-18 15:00:00,80.687,71.475,5.988,3.224,1.1289
2584,2023-04-18 16:00:00,80.227,71.197,5.87,3.161,1.1268
2585,2023-04-18 17:00:00,80.004,71.149,5.756,3.099,1.1245
2586,2023-04-18 18:00:00,78.597,70.058,5.551,2.989,1.1219
2587,2023-04-18 19:00:00,78.951,70.534,5.471,2.946,1.1193
2588,2023-04-18 20:00:00,77.451,69.342,5.271,2.838,1.117
2589,2023-04-18 21:00:00,77.151,69.199,5.169,2.783,1.1149
2590,2023-04-18 22:00:00,75.598,67.901,5.003,2.694,1.1133
2591,2023-04-18 23:00:00,77.667,69.821,5.1,2.746,1.1124
2592,2023-04-19 00:00:00,76.264,68.579,4.995,2.69,1.1121
2593,2023-04-19 01:00:00,76.545,68.809,5.029,2.708,1.1124
2594,2023-04-19 02:00:00,75.001,67.359,4.968,2.675,1.1135
2595,2023-04-19 03:00:00,76.034,68.187,5.1,2.746,1.1151
2596,2023-04-19 04:00:00,78.193,69.992,5.331,2.871,1.1172
2597,2023-04-19 05:00:00,78.091,69.748,5.423,2.92,1.1196
2598,2023-04-19 06:00:00,77.053,68.66,5.455,2.937,1.1222
2599,2023-04-19 07:00:00,80.067,71.18,5.777,3.11,1.1249
2600,2023-04-19 08:00:00,79.468,70.494,5.833,3.141,1.1273
2601,2023-04-19 09:00:00,81.571,72.225,6.075,3.271,1.1294
2602,2023-04-19 10:00:00,80.815,71.454,6.085,3.276,1.131
2603,2023-04-19 11:00:00,81.319,71.834,6.165,3.32,1.132
2604,2023-04-19 12:00:00,82.185,72.575,6.246,3.363,1.1324
2605,2023-04-19 13:00:00,80.449,71.062,6.102,3.285,1.1321
2606,2023-04-19 14:00:00,80.107,70.821,6.036,3.25,1.1311
2607,2023-04-19 15:00:00,80.312,71.1,5.988,3.224,1.1296
2608,2023-04-19 16:00:00,80.566,71.454,5.923,3.189,1.1275
2609,2023-04-19 17:00:00,78.221,69.521,5.655,3.045,1.1251
2610,2023-04-19 18:00:00,77.27,68.832,5.484,2.953,1.1226
2611,2023-04-19 19:00:00,78.54,70.124,5.471,2.946,1.12
2612,2023-04-19 20:00:00,76.785,68.703,5.253,2.829,1.1176
2613,2023-04-19 21:00:00,76.405,68.488,5.146,2.771,1.1156
2614,2023-04-19 22:00:00,74.846,67.185,4.98,2.681,1.114
2615,2023-04-19 23:00:00,75.504,67.834,4.985,2.684,1.1131
2616,2023-04-20 00:00:00,75.939,68.245,5.002,2.693,1.1128
2617,2023-04-20 01:00:00,76.762,68.961,5.071,2.73,1.1131
2618,2023-04-20 02:00:00,75.7,67.945,5.041,2.715,1.1141
2619,2023-04-20 03:00:00,78.017,69.923,5.262,2.833,1.1158
2620,2023-04-20 04:00:00,76.737,68.646,5.259,2.832,1.1179
2621,2023-04-20 05:00:00,77.378,69.069,5.401,2.908,1.1203
2622,2023-04-20 06:00:00,79.813,71.076,5.679,3.058,1.1229
2623,2023-04-20 07:00:00,79.464,70.601,5.761,3.102,1.1255
2624,2023-04-20 08:00:00,79.51,70.489,5.864,3.157,1.128
2625,2023-04-20 09:00:00,80.381,71.129,6.014,3.238,1.1301
2626,2023-04-20 10:00:00,82.006,72.463,6.203,3.34,1.1317
2627,2023-04-20 11:00:00,82.368,72.717,6.273,3.378,1.1327
2628,2023-04-20 12:00:00,80.652,71.178,6.158,3.316,1.1331
2629,2023-04-20 13:00:00,81.176,71.661,6.185,3.33,1.1328
2630,2023-04-20 14:00:00,81.014,71.579,6.133,3.302,1.1318
2631,2023-04-20 15:00:00,79.736,70.547,5.973,3.216,1.1303
2632,2023-04-20 16:00:00,79.918,70.836,5.903,3.179,1.1282
2633,2023-04-20 17:00:00,79.322,70.457,5.762,3.103,1.1258
2634,2023-04-20 18:00:00,79.525,70.798,5.673,3.054,1.1233
2635,2023-04-20 19:00:00,78.889,70.392,5.523,2.974,1.1207
2636,2023-04-20 20:00:00,77.046,68.895,5.299,2.853,1.1183
2637,2023-04-20 21:00:00,76.591,68.613,5.186,2.792,1.1163
2638,2023-04-20 22:00:00,76.859,68.949,5.141,2.768,1.1147
2639,2023-04-20 23:00:00,75.624,67.9,5.02,2.703,1.1138
2640,2023-04-21 00:00:00,76.451,68.662,5.063,2.726,1.1134
2641,2023-04-21 01:00:00,76.015,68.248,5.049,2.719,1.1138
2642,2023-04-21 02:00:00,75.592,67.806,5.061,2.725,1.1148
2643,2023-04-21 03:00:00,76.022,68.093,5.154,2.775,1.1165
2644,2023-04-21 04:00:00,78.453,70.138,5.405,2.91,1.1186
2645,2023-04-21 05:00:00,77.839,69.438,5.461,2.941,1.121
2646,2023-04-21 06:00:00,79.943,71.148,5.717,3.078,1.1236
2647,2023-04-21 07:00:00,78.941,70.093,5.751,3.097,1.1262
2648,2023-04-21 08:00:00,80.224,71.079,5.945,3.201,1.1287
2649,2023-04-21 09:00:00,82.447,72.912,6.197,3.337,1.1308
2650,2023-04-21 10:00:00,80.145,70.775,6.09,3.279,1.1324
2651,2023-04-21 11:00:00,79.749,70.362,6.102,3.285,1.1334
2652,2023-04-21 12:00:00,82.37,72.651,6.318,3.402,1.1338
2653,2023-04-21 13:00:00,80.603,71.112,6.169,3.322,1.1335
2654,2023-04-21 14:00:00,80.975,71.501,6.158,3.316,1.1325
2655,2023-04-21 15:00:00,80.101,70.827,6.028,3.246,1.1309
2656,2023-04-21 16:00:00,80.222,71.063,5.954,3.206,1.1289
2657,2023-04-21 17:00:00,78.617,69.788,5.739,3.09,1.1265
2658,2023-04-21 18:00:00,78.535,69.874,5.63,3.031,1.124
2659,2023-04-21 19:00:00,78.343,69.862,5.512,2.968,1.1214
2660,2023-04-21 20:00:00,76.562,68.419,5.293,2.85,1.119
2661,2023-04-21 21:00:00,76.258,68.273,5.191,2.795,1.117
2662,2023-04-21 22:00:00,76.117,68.241,5.119,2.756,1.1154
2663,2023-04-21 23:00:00,75.012,67.309,5.007,2.696,1.1144
2664,2023-04-22 00:00:00,74.93,67.254,4.989,2.686,1.1141
2665,2023-04-22 01:00:00,75.443,67.693,5.038,2.713,1.1145
2666,2023-04-22 02:00:00,75.303,67.505,5.069,2.729,1.1155
2667,2023-04-22 03:00:00,75.823,67.873,5.168,2.783,1.1171
2668,2023-04-22 04:00:00,76.568,68.411,5.302,2.855,1.1192
2669,2023-04-22 05:00:00,76.709,68.388,5.409,2.912,1.1217
2670,2023-04-22 06:00:00,78.458,69.784,5.638,3.036,1.1243
2671,2023-04-22 07:00:00,79.738,70.758,5.837,3.143,1.1269
2672,2023-04-22 08:00:00,78.885,69.85,5.873,3.162,1.1294
2673,2023-04-22 09:00:00,80.194,70.877,6.056,3.261,1.1315
2674,2023-04-22 10:00:00,80.049,70.648,6.111,3.29,1.1331
2675,2023-04-22 11:00:00,80.8,71.246,6.21,3.344,1.1341
2676,2023-04-22 12:00:00,81.847,72.146,6.306,3.395,1.1345
2677,2023-04-22 13:00:00,80.918,71.346,6.221,3.35,1.1342
2678,2023-04-22 14:00:00,78.84,69.574,6.023,3.243,1.1332
2679,2023-04-22 15:00:00,80.181,70.855,6.062,3.264,1.1316
2680,2023-04-22 16:00:00,80.243,71.038,5.983,3.222,1.1296
2681,2023-04-22 17:00:00,78.45,69.598,5.754,3.098,1.1272
2682,2023-04-22 18:00:00,78.721,69.997,5.671,3.053,1.1246
2683,2023-04-22 19:00:00,76.71,68.364,5.425,2.921,1.1221
2684,2023-04-22 20:00:00,75.451,67.385,5.243,2.823,1.1197
2685,2023-04-22 21:00:00,76.181,68.161,5.213,2.807,1.1177
2686,2023-04-22 22:00:00,74.281,66.555,5.022,2.704,1.1161
2687,2023-04-22 23:00:00,75.206,67.442,5.047,2.717,1.1151
2688,2023-04-23 00:00:00,76.31,68.451,5.108,2.751,1.1148
2689,2023-04-23 01:00:00,73.906,66.273,4.962,2.672,1.1152
2690,2023-04-23 02:00:00,74.662,66.889,5.052,2.72,1.1162
2691,2023-04-23 03:00:00,75.274,67.34,5.157,2.777,1.1178
2692,2023-04-23 04:00:00,76.581,68.381,5.33,2.87,1.1199
2693,2023-04-23 05:00:00,76.984,68.591,5.455,2.938,1.1224
2694,2023-04-23 06:00:00,79.063,70.279,5.709,3.074,1.125
2695,2023-04-23 07:00:00,79.406,70.421,5.841,3.145,1.1276
2696,2023-04-23 08:00:00,79.692,70.522,5.961,3.21,1.13
2697,2023-04-23 09:00:00,79.973,70.639,6.067,3.267,1.1321
2698,2023-04-23 10:00:00,80.599,71.091,6.181,3.328,1.1338
2699,2023-04-23 11:00:00,79.874,70.387,6.166,3.32,1.1348
2700,2023-04-23 12:00:00,81.334,71.65,6.294,3.389,1.1351
2701,2023-04-23 13:00:00,79.679,70.212,6.154,3.314,1.1348
2702,2023-04-23 14:00:00,80.958,71.4,6.213,3.345,1.1339
2703,2023-04-23 15:00:00,80.81,71.368,6.138,3.305,1.1323
2704,2023-04-23 16:00:00,79.483,70.323,5.954,3.206,1.1303
2705,2023-04-23 17:00:00,78.534,69.63,5.788,3.116,1.1279
2706,2023-04-23 18:00:00,78.3,69.58,5.668,3.052,1.1253
2707,2023-04-23 19:00:00,75.05,66.844,5.334,2.872,1.1228
2708,2023-04-23 20:00:00,76.899,68.637,5.37,2.892,1.1204
2709,2023-04-23 21:00:00,76.028,67.983,5.229,2.816,1.1183
2710,2023-04-23 22:00:00,75.66,67.749,5.142,2.769,1.1168
2711,2023-04-23 23:00:00,75.991,68.104,5.126,2.76,1.1158
2712,2023-04-24 00:00:00,76.074,68.198,5.12,2.757,1.1155
2713,2023-04-24 01:00:00,75.333,67.511,5.084,2.738,1.1159
2714,2023-04-24 02:00:00,76.379,68.385,5.196,2.798,1.1169
2715,2023-04-24 03:00:00,76.964,68.81,5.3,2.854,1.1185
2716,2023-04-24 04:00:00,77.552,69.205,5.425,2.921,1.1206
2717,2023-04-24 05:00:00,78.232,69.66,5.571,3.0,1.123
2718,2023-04-24 06:00:00,79.615,70.728,5.777,3.111,1.1257
2719,2023-04-24 07:00:00,78.633,69.693,5.811,3.129,1.1283
2720,2023-04-24 08:00:00,80.279,70.998,6.032,3.248,1.1307
2721,2023-04-24 09:00:00,81.722,72.14,6.228,3.354,1.1328
2722,2023-04-24 10:00:00,79.752,70.301,6.143,3.308,1.1344
2723,2023-04-24 11:00:00,81.545,71.816,6.323,3.405,1.1355
2724,2023-04-24 12:00:00,81.031,71.34,6.299,3.392,1.1358
2725,2023-04-24 13:00:00,81.111,71.431,6.292,3.388,1.1355
2726,2023-04-24 14:00:00,80.419,70.882,6.199,3.338,1.1345
2727,2023-04-24 15:00:00,80.577,71.119,6.148,3.31,1.133
2728,2023-04-24 16:00:00,81.613,72.164,6.142,3.307,1.1309
2729,2023-04-24 17:00:00,78.512,69.568,5.813,3.13,1.1286
2730,2023-04-24 18:00:00,77.898,69.181,5.666,3.051,1.126
2731,2023-04-24 19:00:00,77.108,68.636,5.507,2.965,1.1234
2732,2023-04-24 20:00:00,78.849,70.334,5.534,2.98,1.1211
2733,2023-04-24 21:00:00,76.584,68.439,5.294,2.851,1.119
2734,2023-04-24 22:00:00,76.508,68.467,5.227,2.815,1.1175
2735,2023-04-24 23:00:00,75.952,68.028,5.151,2.773,1.1165
2736,2023-04-25 00:00:00,75.441,67.589,5.104,2.748,1.1162
2737,2023-04-25 01:00:00,76.087,68.145,5.162,2.78,1.1165
2738,2023-04-25 02:00:00,78.459,70.205,5.365,2.889,1.1176
2739,2023-04-25 03:00:00,78.049,69.737,5.403,2.909,1.1192
2740,2023-04-25 04:00:00,76.839,68.528,5.402,2.909,1.1213
2741,2023-04-25 05:00:00,78.661,70.0,5.63,3.031,1.1237
2742,2023-04-25 06:00:00,78.188,69.418,5.701,3.07,1.1263
2743,2023-04-25 07:00:00,78.135,69.209,5.801,3.124,1.129
2744,2023-04-25 08:00:00,80.995,71.589,6.114,3.292,1.1314
2745,2023-04-25 09:00:00,81.668,72.05,6.252,3.366,1.1335
2746,2023-04-25 10:00:00,82.01,72.248,6.345,3.417,1.1351
2747,2023-04-25 11:00:00,81.077,71.361,6.315,3.4,1.1361
2748,2023-04-25 12:00:00,81.412,71.633,6.356,3.423,1.1365
2749,2023-04-25 13:00:00,82.051,72.215,6.393,3.442,1.1362
2750,2023-04-25 14:00:00,81.498,71.79,6.31,3.398,1.1352
2751,2023-04-25 15:00:00,80.447,70.962,6.165,3.32,1.1337
2752,2023-04-25 16:00:00,78.921,69.742,5.967,3.213,1.1316
2753,2023-04-25 17:00:00,79.648,70.533,5.925,3.191,1.1292
2754,2023-04-25 18:00:00,79.719,70.755,5.826,3.137,1.1267
2755,2023-04-25 19:00:00,77.237,68.709,5.543,2.985,1.1241
2756,2023-04-25 20:00:00,78.042,69.572,5.505,2.964,1.1217
2757,2023-04-25 21:00:00,77.253,68.995,5.368,2.89,1.1197
2758,2023-04-25 22:00:00,77.162,69.01,5.299,2.853,1.1181
2759,2023-04-25 23:00:00,76.995,68.92,5.249,2.826,1.1172
2760,2023-04-26 00:00:00,75.682,67.764,5.147,2.771,1.1169
2761,2023-04-26 01:00:00,75.052,67.178,5.119,2.756,1.1172
2762,2023-04-26 02:00:00,76.165,68.111,5.235,2.819,1.1182
2763,2023-04-26 03:00:00,77.702,69.385,5.406,2.911,1.1199
2764,2023-04-26 04:00:00,77.13,68.746,5.45,2.935,1.122
2765,2023-04-26 05:00:00,77.653,69.061,5.585,3.007,1.1244
2766,2023-04-26 06:00:00,77.455,68.725,5.674,3.055,1.127
2767,2023-04-26 07:00:00,80.972,71.68,6.04,3.252,1.1296
2768,2023-04-26 08:00:00,80.89,71.453,6.134,3.303,1.1321
2769,2023-04-26 09:00:00,81.407,71.776,6.26,3.371,1.1342
2770,2023-04-26 10:00:00,81.996,72.193,6.372,3.431,1.1358
2771,2023-04-26 11:00:00,81.958,72.094,6.412,3.452,1.1368
2772,2023-04-26 12:00:00,81.399,71.579,6.383,3.437,1.1372
2773,2023-04-26 13:00:00,81.373,71.576,6.368,3.429,1.1369
2774,2023-04-26 14:00:00,80.895,71.216,6.291,3.388,1.1359
2775,2023-04-26 15:00:00,82.9,73.082,6.382,3.436,1.1343
2776,2023-04-26 16:00:00,80.693,71.264,6.129,3.3,1.1323
2777,2023-04-26 17:00:00,79.239,70.128,5.922,3.189,1.1299
2778,2023-04-26 18:00:00,79.283,70.326,5.822,3.135,1.1274
2779,2023-04-26 19:00:00,77.431,68.839,5.584,3.007,1.1248
2780,2023-04-26 20:00:00,78.769,70.178,5.584,3.007,1.1224
2781,2023-04-26 21:00:00,76.521,68.3,5.344,2.878,1.1204
2782,2023-04-26 22:00:00,77.014,68.835,5.316,2.862,1.1188
2783,2023-04-26 23:00:00,77.193,69.056,5.289,2.848,1.1178
2784,2023-04-27 00:00:00,76.572,68.519,5.234,2.819,1.1175
2785,2023-04-27 01:00:00,76.437,68.376,5.24,2.821,1.1179
2786,2023-04-27 02:00:00,76.637,68.492,5.295,2.851,1.1189
2787,2023-04-27 03:00:00,77.007,68.723,5.385,2.899,1.1205
2788,2023-04-27 04:00:00,77.149,68.721,5.478,2.95,1.1226
2789,2023-04-27 05:00:00,77.892,69.232,5.629,3.031,1.1251
2790,2023-04-27 06:00:00,80.107,71.036,5.896,3.175,1.1277
2791,2023-04-27 07:00:00,79.548,70.377,5.961,3.21,1.1303
2792,2023-04-27 08:00:00,79.661,70.325,6.068,3.268,1.1328
2793,2023-04-27 09:00:00,80.434,70.876,6.213,3.345,1.1349
2794,2023-04-27 10:00:00,82.151,72.286,6.412,3.453,1.1365
2795,2023-04-27 11:00:00,82.086,72.163,6.45,3.473,1.1375
2796,2023-04-27 12:00:00,82.088,72.142,6.465,3.481,1.1379
2797,2023-04-27 13:00:00,81.347,71.51,6.394,3.443,1.1376
2798,2023-04-27 14:00:00,81.74,71.917,6.385,3.438,1.1366
2799,2023-04-27 15:00:00,80.345,70.787,6.213,3.345,1.135
2800,2023-04-27 16:00:00,80.094,70.693,6.11,3.29,1.133
2801,2023-04-27 17:00:00,80.421,71.132,6.038,3.251,1.1306
2802,2023-04-27 18:00:00,79.653,70.612,5.877,3.164,1.128
2803,2023-04-27 19:00:00,77.5,68.86,5.616,3.024,1.1255
2804,2023-04-27 20:00:00,76.961,68.526,5.483,2.952,1.1231
2805,2023-04-27 21:00:00,77.171,68.839,5.416,2.916,1.121
2806,2023-04-27 22:00:00,78.02,69.693,5.413,2.915,1.1195
2807,2023-04-27 23:00:00,74.906,66.969,5.159,2.778,1.1185
2808,2023-04-28 00:00:00,76.535,68.445,5.259,2.832,1.1182
2809,2023-04-28 01:00:00,75.332,67.346,5.191,2.795,1.1186
2810,2023-04-28 02:00:00,76.178,68.04,5.289,2.848,1.1196
2811,2023-04-28 03:00:00,76.812,68.507,5.398,2.907,1.1212
2812,2023-04-28 04:00:00,77.319,68.831,5.517,2.971,1.1233
2813,2023-04-28 05:00:00,77.872,69.173,5.654,3.045,1.1258
2814,2023-04-28 06:00:00,78.992,70.005,5.841,3.145,1.1284
2815,2023-04-28 07:00:00,79.258,70.078,5.967,3.213,1.131
2816,2023-04-28 08:00:00,79.171,69.851,6.058,3.262,1.1334
2817,2023-04-28 09:00:00,81.512,71.783,6.324,3.405,1.1355
2818,2023-04-28 10:00:00,81.923,72.043,6.422,3.458,1.1371
2819,2023-04-28 11:00:00,82.268,72.281,6.492,3.496,1.1382
2820,2023-04-28 12:00:00,80.462,70.671,6.364,3.427,1.1385
2821,2023-04-28 13:00:00,81.838,71.9,6.46,3.478,1.1382
2822,2023-04-28 14:00:00,81.87,71.989,6.423,3.458,1.1373
2823,2023-04-28 15:00:00,80.084,70.516,6.22,3.349,1.1357
2824,2023-04-28 16:00:00,80.355,70.881,6.158,3.316,1.1337
2825,2023-04-28 17:00:00,79.609,70.372,6.004,3.233,1.1313
2826,2023-04-28 18:00:00,80.465,71.29,5.964,3.211,1.1287
2827,2023-04-28 19:00:00,79.837,70.894,5.813,3.13,1.1261
2828,2023-04-28 20:00:00,76.371,67.96,5.467,2.944,1.1238
2829,2023-04-28 21:00:00,79.091,70.508,5.579,3.004,1.1217
2830,2023-04-28 22:00:00,75.996,67.844,5.299,2.853,1.1202
2831,2023-04-28 23:00:00,77.22,68.996,5.345,2.878,1.1192
2832,2023-04-29 00:00:00,76.34,68.229,5.272,2.839,1.1189
2833,2023-04-29 01:00:00,74.892,66.913,5.186,2.793,1.1192
2834,2023-04-29 02:00:00,76.324,68.13,5.326,2.868,1.1203
2835,2023-04-29 03:00:00,76.274,67.987,5.387,2.9,1.1219
2836,2023-04-29 04:00:00,77.345,68.813,5.546,2.986,1.124
2837,2023-04-29 05:00:00,77.733,69.009,5.671,3.054,1.1264
2838,2023-04-29 06:00:00,79.188,70.137,5.883,3.168,1.129
2839,2023-04-29 07:00:00,78.996,69.806,5.974,3.217,1.1317
2840,2023-04-29 08:00:00,79.452,70.057,6.107,3.288,1.1341
2841,2023-04-29 09:00:00,81.016,71.305,6.313,3.399,1.1362
2842,2023-04-29 10:00:00,81.037,71.222,6.38,3.435,1.1378
2843,2023-04-29 11:00:00,81.43,71.503,6.453,3.475,1.1388
2844,2023-04-29 12:00:00,80.411,70.585,6.387,3.439,1.1392
2845,2023-04-29 13:00:00,80.018,70.259,6.343,3.416,1.1389
2846,2023-04-29 14:00:00,80.131,70.418,6.313,3.399,1.1379
2847,2023-04-29 15:00:00,79.663,70.103,6.214,3.346,1.1364
2848,2023-04-29 16:00:00,80.225,70.725,6.175,3.325,1.1343
2849,2023-04-29 17:00:00,79.729,70.436,6.041,3.253,1.1319
2850,2023-04-29 18:00:00,78.143,69.191,5.819,3.133,1.1294
2851,2023-04-29 19:00:00,78.707,69.849,5.758,3.1,1.1268
2852,2023-04-29 20:00:00,78.017,69.383,5.612,3.022,1.1244
2853,2023-04-29 21:00:00,76.584,68.233,5.428,2.923,1.1224
2854,2023-04-29 22:00:00,75.33,67.209,5.279,2.842,1.1208
2855,2023-04-29 23:00:00,76.948,68.712,5.353,2.883,1.1199
2856,2023-04-30 00:00:00,75.578,67.507,5.246,2.825,1.1195
2857,2023-04-30 01:00:00,75.816,67.698,5.277,2.841,1.1199
2858,2023-04-30 02:00:00,75.716,67.547,5.31,2.859,1.1209
2859,2023-04-30 03:00:00,75.705,67.44,5.372,2.893,1.1226
2860,2023-04-30 04:00:00,75.799,67.397,5.461,2.941,1.1247
2861,2023-04-30 05:00:00,78.097,69.29,5.724,3.082,1.1271
2862,2023-04-30 06:00:00,77.67,68.752,5.797,3.121,1.1297
2863,2023-04-30 07:00:00,81.408,71.895,6.184,3.33,1.1323
2864,2023-04-30 08:00:00,78.77,69.415,6.081,3.274,1.1348
2865,2023-04-30 09:00:00,79.191,69.657,6.197,3.337,1.1369
2866,2023-04-30 10:00:00,81.029,71.173,6.407,3.45,1.1385
2867,2023-04-30 11:00:00,82.114,72.061,6.535,3.519,1.1395
2868,2023-04-30 12:00:00,81.04,71.095,6.464,3.481,1.1399
2869,2023-04-30 13:00:00,81.355,71.391,6.477,3.487,1.1396
2870,2023-04-30 14:00:00,79.161,69.525,6.263,3.373,1.1386
2871,2023-04-30 15:00:00,79.664,70.063,6.241,3.36,1.137
2872,2023-04-30 16:00:00,78.795,69.423,6.092,3.28,1.135
2873,2023-04-30 17:00:00,77.5,68.426,5.898,3.176,1.1326
2874,2023-04-30 18:00:00,78.405,69.382,5.865,3.158,1.13
2875,2023-04-30 19:00:00,75.854,67.277,5.575,3.002,1.1275
2876,2023-04-30 20:00:00,75.944,67.499,5.489,2.956,1.1251
2877,2023-04-30 21:00:00,76.016,67.687,5.414,2.915,1.1231
2878,2023-04-30 22:00:00,75.368,67.203,5.307,2.858,1.1215
2879,2023-04-30 23:00:00,76.069,67.887,5.318,2.864,1.1205
2880,2023-05-01 00:00:00,76.694,68.464,5.35,2.881,1.1202
2881,2023-05-01 01:00:00,77.248,68.935,5.403,2.909,1.1206
2882,2023-05-01 02:00:00,77.404,69.011,5.455,2.937,1.1216
2883,2023-05-01 03:00:00,78.133,69.561,5.572,3.0,1.1232
2884,2023-05-01 04:00:00,77.787,69.124,5.631,3.032,1.1253
2885,2023-05-01 05:00:00,78.672,69.759,5.793,3.119,1.1278
2886,2023-05-01 06:00:00,79.531,70.358,5.963,3.211,1.1304
2887,2023-05-01 07:00:00,79.935,70.552,6.099,3.284,1.133
2888,2023-05-01 08:00:00,80.158,70.597,6.215,3.346,1.1354
2889,2023-05-01 09:00:00,80.77,71.005,6.348,3.418,1.1375
2890,2023-05-01 10:00:00,80.815,70.943,6.417,3.455,1.1392
2891,2023-05-01 11:00:00,82.076,71.986,6.559,3.532,1.1402
2892,2023-05-01 12:00:00,81.759,71.684,6.549,3.526,1.1405
2893,2023-05-01 13:00:00,81.214,71.226,6.492,3.496,1.1402
2894,2023-05-01 14:00:00,80.947,71.052,6.432,3.463,1.1393
2895,2023-05-01 15:00:00,80.083,70.39,6.3,3.392,1.1377
2896,2023-05-01 16:00:00,81.268,71.56,6.31,3.398,1.1357
2897,2023-05-01 17:00:00,79.905,70.508,6.108,3.289,1.1333
2898,2023-05-01 18:00:00,78.467,69.396,5.896,3.175,1.1307
2899,2023-05-01 19:00:00,79.098,70.113,5.84,3.145,1.1282
2900,2023-05-01 20:00:00,77.377,68.733,5.619,3.026,1.1258
2901,2023-05-01 21:00:00,76.164,67.778,5.451,2.935,1.1237
2902,2023-05-01 22:00:00,77.653,69.199,5.495,2.959,1.1222
2903,2023-05-01 23:00:00,76.167,67.934,5.351,2.882,1.1212
2904,2023-05-02 00:00:00,76.179,67.964,5.34,2.875,1.1209
2905,2023-05-02 01:00:00,76.624,68.338,5.386,2.9,1.1212
2906,2023-05-02 02:00:00,77.756,69.284,5.507,2.965,1.1223
2907,2023-05-02 03:00:00,77.297,68.777,5.538,2.982,1.1239
2908,2023-05-02 04:00:00,76.889,68.286,5.592,3.011,1.126
2909,2023-05-02 05:00:00,78.908,69.928,5.837,3.143,1.1284
2910,2023-05-02 06:00:00,78.789,69.661,5.934,3.195,1.131
2911,2023-05-02 07:00:00,81.368,71.774,6.236,3.358,1.1337
2912,2023-05-02 08:00:00,80.52,70.874,6.27,3.376,1.1361
2913,2023-05-02 09:00:00,79.302,69.673,6.259,3.37,1.1382
2914,2023-05-02 10:00:00,81.8,71.766,6.522,3.512,1.1398
2915,2023-05-02 11:00:00,83.34,73.052,6.688,3.601,1.1408
2916,2023-05-02 12:00:00,83.141,72.853,6.687,3.601,1.1412
2917,2023-05-02 13:00:00,83.254,72.972,6.683,3.599,1.1409
2918,2023-05-02 14:00:00,80.709,70.802,6.439,3.467,1.1399
2919,2023-05-02 15:00:00,81.821,71.876,6.464,3.481,1.1384
2920,2023-05-02 16:00:00,79.962,70.37,6.235,3.357,1.1363
2921,2023-05-02 17:00:00,80.067,70.61,6.147,3.31,1.1339
2922,2023-05-02 18:00:00,78.188,69.109,5.901,3.178,1.1314
2923,2023-05-02 19:00:00,77.996,69.096,5.785,3.115,1.1288
2924,2023-05-02 20:00:00,77.331,68.652,5.642,3.038,1.1264
2925,2023-05-02 21:00:00,78.023,69.392,5.61,3.021,1.1244
2926,2023-05-02 22:00:00,77.525,69.045,5.512,2.968,1.1228
2927,2023-05-02 23:00:00,76.851,68.503,5.426,2.922,1.1219
2928,2023-05-03 00:00:00,75.485,67.305,5.317,2.863,1.1215
2929,2023-05-03 01:00:00,76.392,68.091,5.396,2.905,1.1219
2930,2023-05-03 02:00:00,76.317,67.962,5.431,2.924,1.1229
2931,2023-05-03 03:00:00,78.012,69.371,5.616,3.024,1.1246
2932,2023-05-03 04:00:00,78.809,69.95,5.758,3.101,1.1266
2933,2023-05-03 05:00:00,79.36,70.287,5.898,3.176,1.1291
2934,2023-05-03 06:00:00,78.621,69.471,5.947,3.202,1.1317
2935,2023-05-03 07:00:00,77.741,68.535,5.984,3.222,1.1343
2936,2023-05-03 08:00:00,79.162,69.638,6.19,3.333,1.1368
2937,2023-05-03 09:00:00,82.263,72.233,6.52,3.511,1.1389
2938,2023-05-03 10:00:00,81.241,71.235,6.504,3.502,1.1405
2939,2023-05-03 11:00:00,81.235,71.165,6.545,3.524,1.1415
2940,2023-05-03 12:00:00,83.242,72.9,6.722,3.62,1.1419
2941,2023-05-03 13:00:00,82.849,72.576,6.678,3.596,1.1416
2942,2023-05-03 14:00:00,81.589,71.533,6.537,3.52,1.1406
2943,2023-05-03 15:00:00,80.907,71.032,6.419,3.456,1.139
2944,2023-05-03 16:00:00,80.478,70.783,6.302,3.393,1.137
2945,2023-05-03 17:00:00,80.116,70.612,6.178,3.326,1.1346
2946,2023-05-03 18:00:00,80.51,71.12,6.104,3.287,1.132
2947,2023-05-03 19:00:00,78.885,69.843,5.878,3.165,1.1295
2948,2023-05-03 20:00:00,78.483,69.633,5.752,3.097,1.1271
2949,2023-05-03 21:00:00,78.282,69.581,5.655,3.045,1.125
2950,2023-05-03 22:00:00,76.021,67.666,5.431,2.924,1.1235
2951,2023-05-03 23:00:00,77.271,68.838,5.482,2.952,1.1225
2952,2023-05-04 00:00:00,76.359,68.044,5.405,2.91,1.1222
2953,2023-05-04 01:00:00,74.705,66.548,5.302,2.855,1.1226
2954,2023-05-04 02:00:00,75.275,66.995,5.382,2.898,1.1236
2955,2023-05-04 03:00:00,76.57,68.05,5.538,2.982,1.1252
2956,2023-05-04 04:00:00,78.344,69.497,5.751,3.097,1.1273
2957,2023-05-04 05:00:00,78.66,69.627,5.872,3.162,1.1297
2958,2023-05-04 06:00:00,79.411,70.129,6.034,3.249,1.1324
2959,2023-05-04 07:00:00,81.512,71.819,6.301,3.393,1.135
2960,2023-05-04 08:00:00,79.604,69.987,6.251,3.366,1.1374
2961,2023-05-04 09:00:00,81.154,71.218,6.458,3.478,1.1395
2962,2023-05-04 10:00:00,81.852,71.729,6.58,3.543,1.1411
2963,2023-05-04 11:00:00,81.293,71.175,6.577,3.541,1.1422
2964,2023-05-04 12:00:00,81.999,71.77,6.649,3.58,1.1425
2965,2023-05-04 13:00:00,80.606,70.57,6.523,3.513,1.1422
2966,2023-05-04 14:00:00,82.743,72.502,6.656,3.584,1.1412
2967,2023-05-04 15:00:00,80.644,70.76,6.424,3.459,1.1397
2968,2023-05-04 16:00:00,82.247,72.297,6.468,3.483,1.1376
2969,2023-05-04 17:00:00,79.956,70.43,6.192,3.334,1.1352
2970,2023-05-04 18:00:00,80.103,70.72,6.099,3.284,1.1327
2971,2023-05-04 19:00:00,78.555,69.51,5.879,3.166,1.1301
2972,2023-05-04 20:00:00,77.931,69.103,5.738,3.09,1.1277
2973,2023-05-04 21:00:00,76.946,68.354,5.585,3.007,1.1257
2974,2023-05-04 22:00:00,77.08,68.568,5.533,2.979,1.1241
2975,2023-05-04 23:00:00,76.973,68.532,5.486,2.954,1.1232
2976,2023-05-05 00:00:00,76.018,67.701,5.406,2.911,1.1229
2977,2023-05-05 01:00:00,76.628,68.222,5.464,2.942,1.1232
2978,2023-05-05 02:00:00,76.513,68.057,5.496,2.96,1.1242
2979,2023-05-05 03:00:00,79.229,70.372,5.757,3.1,1.1259
2980,2023-05-05 04:00:00,77.899,69.062,5.744,3.093,1.128
2981,2023-05-05 05:00:00,79.839,70.629,5.986,3.223,1.1304
2982,2023-05-05 06:00:00,79.156,69.863,6.04,3.252,1.133
2983,2023-05-05 07:00:00,80.215,70.634,6.227,3.353,1.1356
2984,2023-05-05 08:00:00,79.608,69.95,6.278,3.38,1.1381
2985,2023-05-05 09:00:00,80.866,70.924,6.462,3.479,1.1402
2986,2023-05-05 10:00:00,81.823,71.663,6.604,3.556,1.1418
2987,2023-05-05 11:00:00,83.197,72.801,6.758,3.639,1.1428
2988,2023-05-05 12:00:00,82.201,71.905,6.692,3.603,1.1432
2989,2023-05-05 13:00:00,83.039,72.659,6.747,3.633,1.1429
2990,2023-05-05 14:00:00,82.175,71.964,6.637,3.574,1.1419
2991,2023-05-05 15:00:00,82.533,72.377,6.602,3.555,1.1403
2992,2023-05-05 16:00:00,80.629,70.834,6.367,3.428,1.1383
2993,2023-05-05 17:00:00,81.928,72.126,6.371,3.431,1.1359
2994,2023-05-05 18:00:00,78.949,69.66,6.037,3.251,1.1333
2995,2023-05-05 19:00:00,78.036,69.011,5.866,3.159,1.1308
2996,2023-05-05 20:00:00,77.044,68.278,5.698,3.068,1.1284
2997,2023-05-05 21:00:00,79.289,70.394,5.781,3.113,1.1263
2998,2023-05-05 22:00:00,77.676,69.058,5.601,3.016,1.1248
2999,2023-05-05 23:00:00,76.505,68.076,5.479,2.95,1.1238
3000,2023-05-06 00:00:00,76.875,68.424,5.493,2.958,1.1235
3001,2023-05-06 01:00:00,76.525,68.091,5.482,2.952,1.1239
3002,2023-05-06 02:00:00,77.799,69.161,5.615,3.023,1.1249
3003,2023-05-06 03:00:00,75.453,66.979,5.508,2.966,1.1265
3004,2023-05-06 04:00:00,77.015,68.239,5.705,3.072,1.1286
3005,2023-05-06 05:00:00,77.503,68.523,5.837,3.143,1.131
3006,2023-05-06 06:00:00,76.997,67.918,5.901,3.177,1.1337
3007,2023-05-06 07:00:00,80.102,70.495,6.245,3.362,1.1363
3008,2023-05-06 08:00:00,79.694,69.986,6.31,3.398,1.1387
3009,2023-05-06 09:00:00,81.061,71.055,6.504,3.502,1.1408
3010,2023-05-06 10:00:00,82.789,72.467,6.709,3.613,1.1424
3011,2023-05-06 11:00:00,80.892,70.743,6.597,3.552,1.1435
3012,2023-05-06 12:00:00,80.932,70.755,6.615,3.562,1.1438
3013,2023-05-06 13:00:00,81.273,71.073,6.63,3.57,1.1435
3014,2023-05-06 14:00:00,81.699,71.507,6.625,3.567,1.1425
3015,2023-05-06 15:00:00,80.029,70.141,6.427,3.461,1.141
3016,2023-05-06 16:00:00,79.422,69.733,6.297,3.391,1.1389
3017,2023-05-06 17:00:00,80.119,70.493,6.257,3.369,1.1365
3018,2023-05-06 18:00:00,78.886,69.565,6.058,3.262,1.134
3019,2023-05-06 19:00:00,76.276,67.416,5.759,3.101,1.1314
3020,2023-05-06 20:00:00,76.286,67.567,5.667,3.052,1.129
3021,2023-05-06 21:00:00,77.891,69.113,5.705,3.072,1.127
3022,2023-05-06 22:00:00,76.604,68.066,5.55,2.988,1.1254
3023,2023-05-06 23:00:00,75.424,67.076,5.426,2.922,1.1245
3024,2023-05-07 00:00:00,75.802,67.431,5.441,2.93,1.1241
3025,2023-05-07 01:00:00,76.038,67.619,5.473,2.947,1.1245
3026,2023-05-07 02:00:00,76.874,68.299,5.573,3.001,1.1255
3027,2023-05-07 03:00:00,75.645,67.112,5.547,2.987,1.1272
3028,2023-05-07 04:00:00,76.604,67.836,5.699,3.069,1.1293
3029,2023-05-07 05:00:00,78.13,69.038,5.91,3.182,1.1317
3030,2023-05-07 06:00:00,78.528,69.23,6.044,3.254,1.1343
3031,2023-05-07 07:00:00,79.759,70.153,6.244,3.362,1.1369
3032,2023-05-07 08:00:00,78.974,69.314,6.279,3.381,1.1394
3033,2023-05-07 09:00:00,80.801,70.787,6.509,3.505,1.1415
3034,2023-05-07 10:00:00,81.821,71.58,6.657,3.584,1.1431
3035,2023-05-07 11:00:00,81.61,71.331,6.681,3.598,1.1441
3036,2023-05-07 12:00:00,81.426,71.147,6.681,3.597,1.1445
3037,2023-05-07 13:00:00,81.147,70.923,6.646,3.578,1.1442
3038,2023-05-07 14:00:00,80.287,70.231,6.536,3.52,1.1432
3039,2023-05-07 15:00:00,80.469,70.487,6.489,3.494,1.1416
3040,2023-05-07 16:00:00,80.975,71.057,6.447,3.471,1.1396
3041,2023-05-07 17:00:00,79.228,69.67,6.213,3.345,1.1372
3042,2023-05-07 18:00:00,77.923,68.677,6.01,3.236,1.1346
3043,2023-05-07 19:00:00,77.549,68.502,5.881,3.166,1.1321
3044,2023-05-07 20:00:00,77.457,68.566,5.78,3.112,1.1297
3045,2023-05-07 21:00:00,76.455,67.801,5.625,3.029,1.1276
3046,2023-05-07 22:00:00,76.713,68.124,5.583,3.006,1.1261
3047,2023-05-07 23:00:00,76.48,67.976,5.528,2.976,1.1251
3048,2023-05-08 00:00:00,77.467,68.872,5.586,3.008,1.1248
3049,2023-05-08 01:00:00,77.98,69.306,5.638,3.036,1.1252
3050,2023-05-08 02:00:00,77.911,69.182,5.674,3.055,1.1262
3051,2023-05-08 03:00:00,76.813,68.109,5.658,3.046,1.1278
3052,2023-05-08 04:00:00,77.389,68.493,5.783,3.114,1.1299
3053,2023-05-08 05:00:00,78.69,69.494,5.978,3.219,1.1323
3054,2023-05-08 06:00:00,79.088,69.684,6.112,3.291,1.1349
3055,2023-05-08 07:00:00,79.238,69.656,6.228,3.354,1.1376
3056,2023-05-08 08:00:00,80.445,70.566,6.422,3.458,1.14
3057,2023-05-08 09:00:00,80.981,70.905,6.549,3.526,1.1421
3058,2023-05-08 10:00:00,81.256,71.045,6.637,3.574,1.1437
3059,2023-05-08 11:00:00,81.814,71.469,6.724,3.621,1.1447
3060,2023-05-08 12:00:00,83.106,72.575,6.845,3.686,1.1451
3061,2023-05-08 13:00:00,82.23,71.83,6.76,3.64,1.1448
3062,2023-05-08 14:00:00,83.78,73.246,6.847,3.687,1.1438
3063,2023-05-08 15:00:00,81.508,71.357,6.598,3.553,1.1423
3064,2023-05-08 16:00:00,80.581,70.672,6.441,3.468,1.1402
3065,2023-05-08 17:00:00,80.167,70.456,6.312,3.399,1.1378
3066,2023-05-08 18:00:00,79.673,70.18,6.17,3.323,1.1353
3067,2023-05-08 19:00:00,79.121,69.852,6.025,3.244,1.1327
3068,2023-05-08 20:00:00,79.777,70.579,5.979,3.219,1.1303
3069,2023-05-08 21:00:00,76.916,68.171,5.684,3.061,1.1283
3070,2023-05-08 22:00:00,77.84,69.086,5.69,3.064,1.1267
3071,2023-05-08 23:00:00,77.063,68.455,5.595,3.013,1.1257
3072,2023-05-09 00:00:00,75.573,67.15,5.475,2.948,1.1254
3073,2023-05-09 01:00:00,77.51,68.849,5.63,3.031,1.1258
3074,2023-05-09 02:00:00,78.169,69.372,5.718,3.079,1.1268
3075,2023-05-09 03:00:00,76.917,68.163,5.69,3.064,1.1284
3076,2023-05-09 04:00:00,78.141,69.119,5.864,3.158,1.1305
3077,2023-05-09 05:00:00,77.426,68.339,5.907,3.18,1.133
3078,2023-05-09 06:00:00,78.49,69.119,6.091,3.28,1.1356
3079,2023-05-09 07:00:00,81.025,71.187,6.395,3.443,1.1382
3080,2023-05-09 08:00:00,80.47,70.549,6.449,3.473,1.1406
3081,2023-05-09 09:00:00,80.519,70.461,6.537,3.52,1.1427
3082,2023-05-09 10:00:00,82.023,71.676,6.725,3.621,1.1444
3083,2023-05-09 11:00:00,81.694,71.325,6.74,3.629,1.1454
3084,2023-05-09 12:00:00,81.829,71.42,6.766,3.643,1.1457
3085,2023-05-09 13:00:00,82.709,72.208,6.826,3.675,1.1454
3086,2023-05-09 14:00:00,80.916,70.702,6.639,3.575,1.1445
3087,2023-05-09 15:00:00,80.693,70.604,6.558,3.531,1.1429
3088,2023-05-09 16:00:00,80.981,70.983,6.499,3.499,1.1408
3089,2023-05-09 17:00:00,80.981,71.132,6.402,3.447,1.1385
3090,2023-05-09 18:00:00,80.498,70.867,6.26,3.371,1.1359
3091,2023-05-09 19:00:00,78.293,69.082,5.987,3.224,1.1333
3092,2023-05-09 20:00:00,78.919,69.781,5.94,3.198,1.131
3093,2023-05-09 21:00:00,77.007,68.214,5.716,3.078,1.1289
3094,2023-05-09 22:00:00,78.647,69.763,5.775,3.109,1.1273
3095,2023-05-09 23:00:00,76.048,67.516,5.546,2.986,1.1264
3096,2023-05-10 00:00:00,77.901,69.18,5.669,3.052,1.1261
3097,2023-05-10 01:00:00,76.428,67.85,5.576,3.002,1.1264
3098,2023-05-10 02:00:00,78.802,69.894,5.79,3.118,1.1275
3099,2023-05-10 03:00:00,78.105,69.176,5.803,3.125,1.1291
3100,2023-05-10 04:00:00,77.387,68.414,5.833,3.141,1.1312
3101,2023-05-10 05:00:00,78.424,69.181,6.008,3.235,1.1336
3102,2023-05-10 06:00:00,80.157,70.547,6.246,3.363,1.1362
3103,2023-05-10 07:00:00,81.073,71.19,6.424,3.459,1.1388
3104,2023-05-10 08:00:00,80.831,70.825,6.504,3.502,1.1413
3105,2023-05-10 09:00:00,81.486,71.269,6.641,3.576,1.1434
3106,2023-05-10 10:00:00,82.492,72.046,6.79,3.656,1.145
3107,2023-05-10 11:00:00,82.263,71.783,6.813,3.668,1.146
3108,2023-05-10 12:00:00,81.214,70.845,6.74,3.629,1.1464
3109,2023-05-10 13:00:00,81.509,71.121,6.752,3.636,1.1461
3110,2023-05-10 14:00:00,82.08,71.68,6.76,3.64,1.1451
3111,2023-05-10 15:00:00,82.435,72.088,6.725,3.621,1.1435
3112,2023-05-10 16:00:00,82.194,72.006,6.622,3.566,1.1415
3113,2023-05-10 17:00:00,80.874,70.999,6.419,3.456,1.1391
3114,2023-05-10 18:00:00,79.786,70.201,6.23,3.355,1.1365
3115,2023-05-10 19:00:00,79.459,70.071,6.102,3.286,1.134
3116,2023-05-10 20:00:00,77.693,68.658,5.872,3.162,1.1316
3117,2023-05-10 21:00:00,77.549,68.655,5.781,3.113,1.1295
3118,2023-05-10 22:00:00,76.598,67.908,5.649,3.042,1.128
3119,2023-05-10 23:00:00,76.0,67.436,5.567,2.998,1.127
3120,2023-05-11 00:00:00,77.16,68.483,5.639,3.037,1.1267
3121,2023-05-11 01:00:00,77.135,68.439,5.652,3.043,1.1271
3122,2023-05-11 02:00:00,77.799,68.966,5.742,3.092,1.1281
3123,2023-05-11 03:00:00,78.113,69.145,5.829,3.139,1.1297
3124,2023-05-11 04:00:00,78.427,69.295,5.936,3.196,1.1318
3125,2023-05-11 05:00:00,79.324,69.937,6.102,3.286,1.1342
3126,2023-05-11 06:00:00,79.545,69.97,6.224,3.351,1.1368
3127,2023-05-11 07:00:00,80.608,70.742,6.413,3.453,1.1395
3128,2023-05-11 08:00:00,80.351,70.367,6.49,3.495,1.1419
3129,2023-05-11 09:00:00,81.791,71.496,6.692,3.603,1.144
3130,2023-05-11 10:00:00,82.465,71.983,6.813,3.668,1.1456
3131,2023-05-11 11:00:00,81.665,71.222,6.788,3.655,1.1466
3132,2023-05-11 12:00:00,82.339,71.786,6.859,3.693,1.147
3133,2023-05-11 13:00:00,81.706,71.254,6.794,3.658,1.1467
3134,2023-05-11 14:00:00,81.514,71.147,6.739,3.628,1.1457
3135,2023-05-11 15:00:00,80.605,70.45,6.601,3.554,1.1441
3136,2023-05-11 16:00:00,81.959,71.761,6.628,3.569,1.1421
3137,2023-05-11 17:00:00,81.147,71.199,6.466,3.482,1.1397
3138,2023-05-11 18:00:00,80.029,70.376,6.274,3.378,1.1372
3139,2023-05-11 19:00:00,80.474,70.928,6.205,3.341,1.1346
3140,2023-05-11 20:00:00,78.114,68.993,5.929,3.192,1.1322
3141,2023-05-11 21:00:00,80.111,70.885,5.997,3.229,1.1302
3142,2023-05-11 22:00:00,77.112,68.325,5.711,3.075,1.1286
3143,2023-05-11 23:00:00,77.229,68.488,5.682,3.059,1.1276
3144,2023-05-12 00:00:00,76.625,67.972,5.625,3.029,1.1273
3145,2023-05-12 01:00:00,77.325,68.57,5.691,3.064,1.1277
3146,2023-05-12 02:00:00,77.959,69.069,5.778,3.111,1.1287
3147,2023-05-12 03:00:00,77.633,68.683,5.818,3.133,1.1303
3148,2023-05-12 04:00:00,79.687,70.369,6.057,3.261,1.1324
3149,2023-05-12 05:00:00,79.116,69.714,6.111,3.29,1.1349
3150,2023-05-12 06:00:00,79.838,70.189,6.272,3.377,1.1375
3151,2023-05-12 07:00:00,79.597,69.817,6.357,3.423,1.1401
3152,2023-05-12 08:00:00,81.311,71.168,6.593,3.55,1.1425
3153,2023-05-12 09:00:00,81.432,71.144,6.687,3.601,1.1446
3154,2023-05-12 10:00:00,81.485,71.09,6.757,3.638,1.1462
3155,2023-05-12 11:00:00,81.624,71.147,6.81,3.667,1.1473
3156,2023-05-12 12:00:00,84.488,73.62,7.064,3.804,1.1476
3157,2023-05-12 13:00:00,82.039,71.506,6.847,3.687,1.1473
3158,2023-05-12 14:00:00,80.811,70.496,6.705,3.611,1.1463
3159,2023-05-12 15:00:00,80.991,70.749,6.657,3.585,1.1448
3160,2023-05-12 16:00:00,80.949,70.839,6.572,3.539,1.1427
3161,2023-05-12 17:00:00,80.776,70.836,6.462,3.479,1.1403
3162,2023-05-12 18:00:00,80.086,70.388,6.304,3.394,1.1378
3163,2023-05-12 19:00:00,79.488,70.021,6.154,3.314,1.1352
3164,2023-05-12 20:00:00,77.795,68.674,5.929,3.193,1.1328
3165,2023-05-12 21:00:00,78.025,69.001,5.866,3.158,1.1308
3166,2023-05-12 22:00:00,76.641,67.871,5.701,3.07,1.1292
3167,2023-05-12 23:00:00,76.581,67.876,5.658,3.047,1.1282
3168,2023-05-13 00:00:00,75.467,66.908,5.564,2.996,1.1279
3169,2023-05-13 01:00:00,75.345,66.778,5.569,2.999,1.1283
3170,2023-05-13 02:00:00,77.392,68.529,5.76,3.102,1.1293
3171,2023-05-13 03:00:00,77.519,68.545,5.834,3.141,1.1309
3172,2023-05-13 04:00:00,78.302,69.109,5.976,3.218,1.133
3173,2023-05-13 05:00:00,78.205,68.875,6.065,3.266,1.1355
3174,2023-05-13 06:00:00,79.488,69.844,6.269,3.375,1.1381
3175,2023-05-13 07:00:00,78.161,68.52,6.266,3.374,1.1407
3176,2023-05-13 08:00:00,80.91,70.779,6.585,3.546,1.1431
3177,2023-05-13 09:00:00,80.924,70.661,6.67,3.592,1.1452
3178,2023-05-13 10:00:00,81.718,71.255,6.801,3.662,1.1468
3179,2023-05-13 11:00:00,81.793,71.256,6.849,3.688,1.1479
3180,2023-05-13 12:00:00,80.789,70.359,6.779,3.65,1.1482
3181,2023-05-13 13:00:00,80.288,69.942,6.725,3.621,1.1479
3182,2023-05-13 14:00:00,80.65,70.317,6.716,3.617,1.1469
3183,2023-05-13 15:00:00,81.245,70.933,6.703,3.609,1.1454
3184,2023-05-13 16:00:00,80.786,70.658,6.583,3.545,1.1433
3185,2023-05-13 17:00:00,78.492,68.795,6.303,3.394,1.141
3186,2023-05-13 18:00:00,78.109,68.613,6.172,3.323,1.1384
3187,2023-05-13 19:00:00,77.623,68.341,6.034,3.249,1.1358
3188,2023-05-13 20:00:00,77.272,68.175,5.913,3.184,1.1334
3189,2023-05-13 21:00:00,75.927,67.109,5.732,3.086,1.1314
3190,2023-05-13 22:00:00,75.46,66.789,5.636,3.035,1.1298
3191,2023-05-13 23:00:00,75.672,67.034,5.615,3.023,1.1289
3192,2023-05-14 00:00:00,76.301,67.61,5.649,3.042,1.1285
3193,2023-05-14 01:00:00,75.392,66.783,5.596,3.013,1.1289
3194,2023-05-14 02:00:00,76.5,67.703,5.718,3.079,1.1299
3195,2023-05-14 03:00:00,77.854,68.804,5.883,3.168,1.1315
3196,2023-05-14 04:00:00,76.537,67.514,5.865,3.158,1.1336
3197,2023-05-14 05:00:00,78.052,68.703,6.077,3.272,1.1361
3198,2023-05-14 06:00:00,79.728,70.017,6.312,3.399,1.1387
3199,2023-05-14 07:00:00,79.275,69.46,6.38,3.435,1.1413
3200,2023-05-14 08:00:00,79.803,69.773,6.519,3.51,1.1437
3201,2023-05-14 09:00:00,81.758,71.352,6.764,3.642,1.1458
3202,2023-05-14 10:00:00,81.012,70.601,6.767,3.644,1.1475
3203,2023-05-14 11:00:00,82.419,71.764,6.926,3.729,1.1485
3204,2023-05-14 12:00:00,81.971,71.35,6.903,3.717,1.1488
3205,2023-05-14 13:00:00,81.259,70.75,6.831,3.678,1.1485
3206,2023-05-14 14:00:00,81.65,71.151,6.824,3.675,1.1476
3207,2023-05-14 15:00:00,81.092,70.762,6.715,3.616,1.146
3208,2023-05-14 16:00:00,81.094,70.89,6.633,3.572,1.1439
3209,2023-05-14 17:00:00,79.189,69.369,6.383,3.437,1.1416
3210,2023-05-14 18:00:00,78.965,69.329,6.264,3.373,1.139
3211,2023-05-14 19:00:00,78.191,68.804,6.102,3.286,1.1364
3212,2023-05-14 20:00:00,78.156,68.918,6.005,3.233,1.134
3213,2023-05-14 21:00:00,76.235,67.345,5.778,3.111,1.132
3214,2023-05-14 22:00:00,77.431,68.496,5.807,3.127,1.1304
3215,2023-05-14 23:00:00,76.731,67.936,5.717,3.078,1.1295
3216,2023-05-15 00:00:00,76.024,67.328,5.652,3.043,1.1291
3217,2023-05-15 01:00:00,78.112,69.155,5.822,3.135,1.1295
3218,2023-05-15 02:00:00,79.192,70.048,5.944,3.2,1.1305
3219,2023-05-15 03:00:00,78.644,69.464,5.967,3.213,1.1322
3220,2023-05-15 04:00:00,79.538,70.124,6.119,3.295,1.1343
3221,2023-05-15 05:00:00,79.121,69.607,6.184,3.33,1.1367
3222,2023-05-15 06:00:00,78.426,68.837,6.233,3.356,1.1393
3223,2023-05-15 07:00:00,78.977,69.162,6.38,3.435,1.1419
3224,2023-05-15 08:00:00,81.31,71.054,6.667,3.59,1.1444
3225,2023-05-15 09:00:00,81.195,70.823,6.742,3.63,1.1464
3226,2023-05-15 10:00:00,81.369,70.875,6.821,3.673,1.1481
3227,2023-05-15 11:00:00,82.328,71.646,6.943,3.738,1.1491
3228,2023-05-15 12:00:00,82.968,72.181,7.012,3.776,1.1495
3229,2023-05-15 13:00:00,81.213,70.673,6.851,3.689,1.1491
3230,2023-05-15 14:00:00,81.751,71.201,6.857,3.692,1.1482
3231,2023-05-15 15:00:00,82.892,72.294,6.889,3.709,1.1466
3232,2023-05-15 16:00:00,80.259,70.122,6.589,3.548,1.1446
3233,2023-05-15 17:00:00,81.164,71.062,6.567,3.536,1.1422
3234,2023-05-15 18:00:00,79.385,69.661,6.321,3.404,1.1396
3235,2023-05-15 19:00:00,79.512,69.929,6.229,3.354,1.137
3236,2023-05-15 20:00:00,79.304,69.893,6.117,3.294,1.1347
3237,2023-05-15 21:00:00,78.469,69.281,5.972,3.215,1.1326
3238,2023-05-15 22:00:00,78.179,69.121,5.887,3.17,1.131
3239,2023-05-15 23:00:00,76.283,67.504,5.707,3.073,1.1301
3240,2023-05-16 00:00:00,77.986,69.03,5.822,3.135,1.1298
3241,2023-05-16 01:00:00,76.523,67.713,5.727,3.084,1.1301
3242,2023-05-16 02:00:00,77.671,68.666,5.853,3.152,1.1311
3243,2023-05-16 03:00:00,78.096,68.943,5.949,3.203,1.1328
3244,2023-05-16 04:00:00,78.832,69.465,6.089,3.279,1.1349
3245,2023-05-16 05:00:00,79.363,69.783,6.227,3.353,1.1373
3246,2023-05-16 06:00:00,79.12,69.409,6.312,3.399,1.1399
3247,2023-05-16 07:00:00,79.414,69.508,6.439,3.467,1.1425
3248,2023-05-16 08:00:00,81.848,71.486,6.735,3.627,1.145
3249,2023-05-16 09:00:00,81.862,71.368,6.821,3.673,1.147
3250,2023-05-16 10:00:00,83.071,72.32,6.988,3.763,1.1487
3251,2023-05-16 11:00:00,82.385,71.659,6.972,3.754,1.1497
3252,2023-05-16 12:00:00,81.385,70.766,6.902,3.716,1.15
3253,2023-05-16 13:00:00,83.202,72.367,7.043,3.793,1.1497
3254,2023-05-16 14:00:00,81.856,71.256,6.89,3.71,1.1488
3255,2023-05-16 15:00:00,81.998,71.477,6.839,3.682,1.1472
3256,2023-05-16 16:00:00,80.643,70.422,6.644,3.578,1.1451
3257,2023-05-16 17:00:00,81.826,71.604,6.645,3.578,1.1428
3258,2023-05-16 18:00:00,79.114,69.386,6.323,3.405,1.1402
3259,2023-05-16 19:00:00,78.85,69.311,6.201,3.339,1.1376
3260,2023-05-16 20:00:00,78.559,69.2,6.083,3.276,1.1352
3261,2023-05-16 21:00:00,77.055,67.998,5.887,3.17,1.1332
3262,2023-05-16 22:00:00,77.761,68.716,5.88,3.166,1.1316
3263,2023-05-16 23:00:00,78.511,69.438,5.897,3.176,1.1307
3264,2023-05-17 00:00:00,76.758,67.907,5.753,3.098,1.1303
3265,2023-05-17 01:00:00,77.551,68.586,5.827,3.138,1.1307
3266,2023-05-17 02:00:00,75.328,66.56,5.699,3.069,1.1317
3267,2023-05-17 03:00:00,77.901,68.735,5.958,3.208,1.1333
3268,2023-05-17 04:00:00,78.239,68.906,6.066,3.267,1.1354
3269,2023-05-17 05:00:00,78.484,68.974,6.182,3.329,1.1379
3270,2023-05-17 06:00:00,80.698,70.757,6.462,3.479,1.1405
3271,2023-05-17 07:00:00,80.274,70.225,6.532,3.517,1.1431
3272,2023-05-17 08:00:00,81.048,70.751,6.693,3.604,1.1455
3273,2023-05-17 09:00:00,81.452,70.973,6.811,3.667,1.1476
3274,2023-05-17 10:00:00,80.647,70.174,6.808,3.666,1.1493
3275,2023-05-17 11:00:00,81.552,70.898,6.925,3.729,1.1503
3276,2023-05-17 12:00:00,83.333,72.423,7.091,3.818,1.1506
3277,2023-05-17 13:00:00,80.768,70.213,6.861,3.694,1.1503
3278,2023-05-17 14:00:00,81.58,70.979,6.891,3.71,1.1494
3279,2023-05-17 15:00:00,81.444,70.958,6.816,3.67,1.1478
3280,2023-05-17 16:00:00,82.603,72.096,6.83,3.678,1.1457
3281,2023-05-17 17:00:00,81.168,70.991,6.615,3.562,1.1434
3282,2023-05-17 18:00:00,79.41,69.61,6.37,3.43,1.1408
3283,2023-05-17 19:00:00,80.2,70.46,6.331,3.409,1.1382
3284,2023-05-17 20:00:00,77.926,68.607,6.058,3.262,1.1358
3285,2023-05-17 21:00:00,78.763,69.469,6.041,3.253,1.1338
3286,2023-05-17 22:00:00,76.463,67.533,5.804,3.125,1.1322
3287,2023-05-17 23:00:00,78.125,69.061,5.892,3.173,1.1313
3288,2023-05-18 00:00:00,76.865,67.966,5.784,3.115,1.1309
3289,2023-05-18 01:00:00,76.464,67.59,5.769,3.106,1.1313
3290,2023-05-18 02:00:00,77.375,68.332,5.877,3.165,1.1323
3291,2023-05-18 03:00:00,78.193,68.957,6.003,3.233,1.1339
3292,2023-05-18 04:00:00,78.135,68.779,6.082,3.275,1.136
3293,2023-05-18 05:00:00,79.619,69.935,6.295,3.389,1.1385
3294,2023-05-18 06:00:00,79.41,69.592,6.382,3.436,1.1411
3295,2023-05-18 07:00:00,81.073,70.887,6.621,3.565,1.1437
3296,2023-05-18 08:00:00,81.587,71.185,6.762,3.641,1.1461
3297,2023-05-18 09:00:00,81.748,71.195,6.859,3.694,1.1482
3298,2023-05-18 10:00:00,81.876,71.207,6.935,3.734,1.1498
3299,2023-05-18 11:00:00,82.628,71.796,7.04,3.791,1.1509
3300,2023-05-18 12:00:00,83.044,72.135,7.091,3.818,1.1512
3301,2023-05-18 13:00:00,84.17,73.134,7.174,3.863,1.1509
3302,2023-05-18 14:00:00,82.995,72.173,7.034,3.788,1.1499
3303,2023-05-18 15:00:00,82.592,71.921,6.936,3.735,1.1484
3304,2023-05-18 16:00:00,83.724,73.037,6.947,3.741,1.1463
3305,2023-05-18 17:00:00,81.007,70.814,6.625,3.568,1.1439
3306,2023-05-18 18:00:00,80.283,70.339,6.464,3.48,1.1414
3307,2023-05-18 19:00:00,79.762,70.04,6.319,3.403,1.1388
3308,2023-05-18 20:00:00,77.753,68.419,6.067,3.267,1.1364
3309,2023-05-18 21:00:00,77.65,68.452,5.979,3.219,1.1344
3310,2023-05-18 22:00:00,77.179,68.13,5.882,3.167,1.1328
3311,2023-05-18 23:00:00,77.828,68.763,5.893,3.173,1.1318
3312,2023-05-19 00:00:00,77.088,68.128,5.824,3.136,1.1315
3313,2023-05-19 01:00:00,77.428,68.406,5.864,3.158,1.1319
3314,2023-05-19 02:00:00,78.449,69.246,5.982,3.221,1.1329
3315,2023-05-19 03:00:00,78.698,69.367,6.065,3.266,1.1345
3316,2023-05-19 04:00:00,78.44,69.012,6.128,3.3,1.1366
3317,2023-05-19 05:00:00,78.684,69.078,6.244,3.362,1.1391
3318,2023-05-19 06:00:00,80.824,70.795,6.519,3.51,1.1417
3319,2023-05-19 07:00:00,81.238,70.995,6.658,3.585,1.1443
3320,2023-05-19 08:00:00,79.984,69.751,6.652,3.582,1.1467
3321,2023-05-19 09:00:00,81.586,71.018,6.869,3.699,1.1488
3322,2023-05-19 10:00:00,82.406,71.631,7.004,3.771,1.1504
3323,2023-05-19 11:00:00,83.175,72.236,7.111,3.829,1.1514
3324,2023-05-19 12:00:00,83.376,72.387,7.143,3.846,1.1518
3325,2023-05-19 13:00:00,82.78,71.889,7.079,3.812,1.1515
3326,2023-05-19 14:00:00,82.751,71.925,7.037,3.789,1.1505
3327,2023-05-19 15:00:00,81.9,71.282,6.902,3.716,1.149
3328,2023-05-19 16:00:00,80.746,70.403,6.723,3.62,1.1469
3329,2023-05-19 17:00:00,80.425,70.27,6.601,3.554,1.1445
3330,2023-05-19 18:00:00,79.952,70.013,6.46,3.479,1.142
3331,2023-05-19 19:00:00,79.214,69.523,6.299,3.392,1.1394
3332,2023-05-19 20:00:00,77.095,67.805,6.038,3.251,1.137
3333,2023-05-19 21:00:00,77.727,68.484,6.007,3.235,1.135
3334,2023-05-19 22:00:00,77.664,68.524,5.941,3.199,1.1334
3335,2023-05-19 23:00:00,77.132,68.113,5.862,3.157,1.1324
3336,2023-05-20 00:00:00,76.278,67.377,5.785,3.115,1.1321
3337,2023-05-20 01:00:00,76.952,67.951,5.851,3.15,1.1325
3338,2023-05-20 02:00:00,75.977,67.029,5.816,3.132,1.1335
3339,2023-05-20 03:00:00,75.964,66.923,5.877,3.164,1.1351
3340,2023-05-20 04:00:00,77.535,68.181,6.08,3.274,1.1372
3341,2023-05-20 05:00:00,79.07,69.382,6.297,3.391,1.1396
3342,2023-05-20 06:00:00,80.507,70.481,6.516,3.509,1.1422
3343,2023-05-20 07:00:00,80.484,70.3,6.619,3.564,1.1449
3344,2023-05-20 08:00:00,79.332,69.147,6.62,3.565,1.1473
3345,2023-05-20 09:00:00,80.888,70.375,6.833,3.679,1.1494
3346,2023-05-20 10:00:00,81.715,70.995,6.968,3.752,1.151
3347,2023-05-20 11:00:00,81.925,71.115,7.027,3.784,1.152
3348,2023-05-20 12:00:00,82.312,71.428,7.075,3.81,1.1524
3349,2023-05-20 13:00:00,81.046,70.348,6.953,3.744,1.1521
3350,2023-05-20 14:00:00,81.567,70.861,6.959,3.747,1.1511
3351,2023-05-20 15:00:00,81.423,70.832,6.884,3.707,1.1495
3352,2023-05-20 16:00:00,81.188,70.753,6.782,3.652,1.1475
3353,2023-05-20 17:00:00,79.228,69.189,6.525,3.514,1.1451
3354,2023-05-20 18:00:00,78.901,69.058,6.398,3.445,1.1425
3355,2023-05-20 19:00:00,76.325,66.954,6.091,3.28,1.14
3356,2023-05-20 20:00:00,77.344,67.99,6.08,3.274,1.1376
3357,2023-05-20 21:00:00,76.87,67.695,5.963,3.211,1.1355
3358,2023-05-20 22:00:00,76.056,67.071,5.84,3.145,1.134
3359,2023-05-20 23:00:00,76.732,67.726,5.854,3.152,1.133
3360,2023-05-21 00:00:00,76.467,67.511,5.822,3.135,1.1327
3361,2023-05-21 01:00:00,74.812,66.028,5.71,3.074,1.133
3362,2023-05-21 02:00:00,77.042,67.935,5.92,3.187,1.1341
3363,2023-05-21 03:00:00,76.558,67.413,5.945,3.201,1.1357
3364,2023-05-21 04:00:00,78.238,68.765,6.158,3.316,1.1378
3365,2023-05-21 05:00:00,77.476,67.95,6.192,3.334,1.1402
3366,2023-05-21 06:00:00,79.221,69.321,6.435,3.465,1.1428
3367,2023-05-21 07:00:00,79.669,69.555,6.575,3.54,1.1454
3368,2023-05-21 08:00:00,80.794,70.387,6.765,3.643,1.1479
3369,2023-05-21 09:00:00,81.215,70.625,6.884,3.707,1.15
3370,2023-05-21 10:00:00,81.343,70.637,6.959,3.747,1.1516
3371,2023-05-21 11:00:00,80.583,69.915,6.934,3.734,1.1526
3372,2023-05-21 12:00:00,80.725,70.016,6.961,3.748,1.153
3373,2023-05-21 13:00:00,81.355,70.582,7.003,3.771,1.1526
3374,2023-05-21 14:00:00,81.549,70.81,6.98,3.759,1.1517
3375,2023-05-21 15:00:00,80.635,70.112,6.84,3.683,1.1501
3376,2023-05-21 16:00:00,81.066,70.613,6.795,3.659,1.148
3377,2023-05-21 17:00:00,79.689,69.557,6.585,3.546,1.1457
3378,2023-05-21 18:00:00,78.444,68.624,6.383,3.437,1.1431
3379,2023-05-21 19:00:00,78.3,68.652,6.271,3.377,1.1405
3380,2023-05-21 20:00:00,78.057,68.583,6.158,3.316,1.1381
3381,2023-05-21 21:00:00,77.584,68.29,6.041,3.253,1.1361
3382,2023-05-21 22:00:00,78.395,69.099,6.042,3.253,1.1345
3383,2023-05-21 23:00:00,76.108,67.141,5.828,3.138,1.1335
3384,2023-05-22 00:00:00,77.285,68.199,5.906,3.18,1.1332
3385,2023-05-22 01:00:00,77.774,68.608,5.958,3.208,1.1336
3386,2023-05-22 02:00:00,77.685,68.468,5.991,3.226,1.1346
3387,2023-05-22 03:00:00,77.732,68.412,6.058,3.262,1.1362
3388,2023-05-22 04:00:00,77.452,68.041,6.118,3.294,1.1383
3389,2023-05-22 05:00:00,78.929,69.189,6.33,3.409,1.1408
3390,2023-05-22 06:00:00,79.177,69.248,6.453,3.475,1.1434
3391,2023-05-22 07:00:00,79.353,69.244,6.571,3.538,1.146
3392,2023-05-22 08:00:00,80.755,70.318,6.784,3.653,1.1484
3393,2023-05-22 09:00:00,81.116,70.504,6.898,3.714,1.1505
3394,2023-05-22 10:00:00,82.866,71.924,7.112,3.83,1.1521
3395,2023-05-22 11:00:00,83.155,72.111,7.178,3.865,1.1531
3396,2023-05-22 12:00:00,82.035,71.117,7.096,3.821,1.1535
3397,2023-05-22 13:00:00,82.463,71.508,7.121,3.834,1.1532
3398,2023-05-22 14:00:00,80.903,70.215,6.947,3.741,1.1522
3399,2023-05-22 15:00:00,81.571,70.891,6.942,3.738,1.1507
3400,2023-05-22 16:00:00,81.728,71.154,6.873,3.701,1.1486
3401,2023-05-22 17:00:00,81.416,71.03,6.751,3.635,1.1462
3402,2023-05-22 18:00:00,79.485,69.501,6.489,3.494,1.1437
3403,2023-05-22 19:00:00,80.199,70.283,6.445,3.471,1.1411
3404,2023-05-22 20:00:00,77.504,68.064,6.136,3.304,1.1387
3405,2023-05-22 21:00:00,77.166,67.889,6.03,3.247,1.1366
3406,2023-05-22 22:00:00,78.299,68.981,6.057,3.261,1.1351
3407,2023-05-22 23:00:00,78.797,69.479,6.056,3.261,1.1341
3408,2023-05-23 00:00:00,77.773,68.595,5.965,3.212,1.1338
3409,2023-05-23 01:00:00,77.442,68.281,5.954,3.206,1.1342
3410,2023-05-23 02:00:00,75.997,66.948,5.882,3.167,1.1352
3411,2023-05-23 03:00:00,76.559,67.347,5.988,3.224,1.1368
3412,2023-05-23 04:00:00,78.828,69.216,6.248,3.364,1.1389
3413,2023-05-23 05:00:00,79.089,69.296,6.365,3.427,1.1413
3414,2023-05-23 06:00:00,79.189,69.226,6.476,3.487,1.1439
3415,2023-05-23 07:00:00,80.83,70.499,6.715,3.616,1.1465
3416,2023-05-23 08:00:00,81.526,70.956,6.871,3.7,1.149
3417,2023-05-23 09:00:00,82.76,71.899,7.06,3.802,1.1511
3418,2023-05-23 10:00:00,82.545,71.611,7.107,3.827,1.1527
3419,2023-05-23 11:00:00,83.701,72.55,7.248,3.903,1.1537
3420,2023-05-23 12:00:00,82.811,71.756,7.186,3.869,1.1541
3421,2023-05-23 13:00:00,82.619,71.61,7.156,3.853,1.1537
3422,2023-05-23 14:00:00,83.3,72.261,7.176,3.864,1.1528
3423,2023-05-23 15:00:00,81.22,70.553,6.934,3.734,1.1512
3424,2023-05-23 16:00:00,83.71,72.845,7.062,3.803,1.1492
3425,2023-05-23 17:00:00,81.094,70.716,6.746,3.633,1.1468
3426,2023-05-23 18:00:00,80.399,70.267,6.586,3.546,1.1442
3427,2023-05-23 19:00:00,79.817,69.915,6.437,3.466,1.1416
3428,2023-05-23 20:00:00,80.247,70.439,6.376,3.433,1.1392
3429,2023-05-23 21:00:00,78.828,69.317,6.182,3.329,1.1372
3430,2023-05-23 22:00:00,76.497,67.361,5.939,3.198,1.1356
3431,2023-05-23 23:00:00,78.623,69.292,6.065,3.266,1.1347
3432,2023-05-24 00:00:00,77.148,68.011,5.939,3.198,1.1343
3433,2023-05-24 01:00:00,77.596,68.385,5.988,3.224,1.1347
3434,2023-05-24 02:00:00,76.762,67.589,5.963,3.211,1.1357
3435,2023-05-24 03:00:00,78.625,69.131,6.171,3.323,1.1373
3436,2023-05-24 04:00:00,78.244,68.669,6.223,3.351,1.1394
3437,2023-05-24 05:00:00,79.493,69.617,6.42,3.457,1.1419
3438,2023-05-24 06:00:00,79.886,69.801,6.555,3.53,1.1445
3439,2023-05-24 07:00:00,82.361,71.8,6.865,3.696,1.1471
3440,2023-05-24 08:00:00,83.067,72.263,7.023,3.782,1.1495
3441,2023-05-24 09:00:00,82.076,71.27,7.024,3.782,1.1516
3442,2023-05-24 10:00:00,82.525,71.56,7.127,3.838,1.1532
3443,2023-05-24 11:00:00,82.447,71.429,7.162,3.856,1.1542
3444,2023-05-24 12:00:00,83.737,72.524,7.288,3.925,1.1546
3445,2023-05-24 13:00:00,82.486,71.46,7.167,3.859,1.1543
3446,2023-05-24 14:00:00,82.14,71.221,7.098,3.822,1.1533
3447,2023-05-24 15:00:00,82.837,71.922,7.094,3.82,1.1518
3448,2023-05-24 16:00:00,81.052,70.498,6.86,3.694,1.1497
3449,2023-05-24 17:00:00,80.801,70.427,6.744,3.631,1.1473
3450,2023-05-24 18:00:00,78.865,68.893,6.482,3.49,1.1447
3451,2023-05-24 19:00:00,79.998,70.04,6.473,3.485,1.1422
3452,2023-05-24 20:00:00,80.337,70.484,6.404,3.449,1.1398
3453,2023-05-24 21:00:00,78.809,69.267,6.202,3.339,1.1377
3454,2023-05-24 22:00:00,78.973,69.508,6.152,3.313,1.1362
3455,2023-05-24 23:00:00,76.873,67.717,5.951,3.204,1.1352
3456,2023-05-25 00:00:00,77.643,68.415,5.998,3.23,1.1349
3457,2023-05-25 01:00:00,76.799,67.649,5.947,3.202,1.1352
3458,2023-05-25 02:00:00,77.635,68.325,6.052,3.259,1.1363
3459,2023-05-25 03:00:00,78.858,69.303,6.211,3.344,1.1379
3460,2023-05-25 04:00:00,78.882,69.196,6.296,3.39,1.14
3461,2023-05-25 05:00:00,78.321,68.558,6.346,3.417,1.1424
3462,2023-05-25 06:00:00,79.097,69.079,6.511,3.506,1.145
3463,2023-05-25 07:00:00,79.744,69.486,6.668,3.59,1.1476
3464,2023-05-25 08:00:00,81.906,71.219,6.947,3.741,1.1501
3465,2023-05-25 09:00:00,83.741,72.682,7.188,3.871,1.1522
3466,2023-05-25 10:00:00,83.613,72.469,7.243,3.9,1.1538
3467,2023-05-25 11:00:00,81.255,70.363,7.079,3.812,1.1548
3468,2023-05-25 12:00:00,84.031,72.745,7.336,3.95,1.1552
3469,2023-05-25 13:00:00,83.547,72.346,7.281,3.921,1.1548
3470,2023-05-25 14:00:00,81.27,70.434,7.044,3.793,1.1539
3471,2023-05-25 15:00:00,81.842,71.025,7.031,3.786,1.1523
3472,2023-05-25 16:00:00,82.405,71.642,6.996,3.767,1.1502
3473,2023-05-25 17:00:00,81.312,70.838,6.808,3.666,1.1479
3474,2023-05-25 18:00:00,79.12,69.084,6.524,3.513,1.1453
3475,2023-05-25 19:00:00,79.961,69.975,6.491,3.495,1.1427
3476,2023-05-25 20:00:00,77.119,67.629,6.169,3.322,1.1403
3477,2023-05-25 21:00:00,78.093,68.607,6.166,3.32,1.1383
3478,2023-05-25 22:00:00,78.753,69.281,6.157,3.315,1.1367
3479,2023-05-25 23:00:00,77.596,68.323,6.028,3.246,1.1357
3480,2023-05-26 00:00:00,77.096,67.901,5.977,3.218,1.1354
3481,2023-05-26 01:00:00,78.292,68.932,6.084,3.276,1.1358
3482,2023-05-26 02:00:00,78.629,69.167,6.15,3.312,1.1368
3483,2023-05-26 03:00:00,79.324,69.68,6.269,3.376,1.1384
3484,2023-05-26 04:00:00,79.535,69.737,6.369,3.429,1.1405
3485,2023-05-26 05:00:00,80.353,70.304,6.532,3.517,1.1429
3486,2023-05-26 06:00:00,80.776,70.513,6.671,3.592,1.1455
3487,2023-05-26 07:00:00,81.105,70.639,6.803,3.663,1.1482
3488,2023-05-26 08:00:00,81.62,70.938,6.944,3.739,1.1506
3489,2023-05-26 09:00:00,81.923,71.071,7.054,3.798,1.1527
3490,2023-05-26 10:00:00,81.571,70.667,7.087,3.816,1.1543
3491,2023-05-26 11:00:00,82.053,71.022,7.17,3.861,1.1553
3492,2023-05-26 12:00:00,82.692,71.553,7.241,3.899,1.1557
3493,2023-05-26 13:00:00,83.024,71.859,7.257,3.908,1.1554
3494,2023-05-26 14:00:00,83.721,72.524,7.278,3.919,1.1544
3495,2023-05-26 15:00:00,82.09,71.208,7.073,3.809,1.1528
3496,2023-05-26 16:00:00,82.369,71.577,7.015,3.777,1.1508
3497,2023-05-26 17:00:00,81.774,71.208,6.868,3.698,1.1484
3498,2023-05-26 18:00:00,80.021,69.838,6.619,3.564,1.1458
3499,2023-05-26 19:00:00,79.985,69.963,6.514,3.508,1.1432
3500,2023-05-26 20:00:00,78.667,68.955,6.313,3.399,1.1409
3501,2023-05-26 21:00:00,79.361,69.688,6.288,3.386,1.1388
3502,2023-05-26 22:00:00,78.39,68.93,6.149,3.311,1.1372
3503,2023-05-26 23:00:00,76.671,67.476,5.976,3.218,1.1363
3504,2023-05-27 00:00:00,76.862,67.663,5.979,3.219,1.1359
3505,2023-05-27 01:00:00,78.136,68.763,6.092,3.281,1.1363
3506,2023-05-27 02:00:00,76.949,67.658,6.039,3.252,1.1373
3507,2023-05-27 03:00:00,77.876,68.376,6.175,3.325,1.1389
3508,2023-05-27 04:00:00,78.511,68.807,6.308,3.396,1.141
3509,2023-05-27 05:00:00,77.895,68.121,6.353,3.421,1.1435
3510,2023-05-27 06:00:00,79.833,69.657,6.614,3.561,1.1461
3511,2023-05-27 07:00:00,79.003,68.777,6.647,3.579,1.1487
3512,2023-05-27 08:00:00,80.276,69.737,6.85,3.689,1.1511
3513,2023-05-27 09:00:00,82.213,71.29,7.1,3.823,1.1532
3514,2023-05-27 10:00:00,82.068,71.065,7.152,3.851,1.1548
3515,2023-05-27 11:00:00,81.807,70.777,7.17,3.861,1.1558
3516,2023-05-27 12:00:00,82.51,71.363,7.246,3.902,1.1562
3517,2023-05-27 13:00:00,82.008,70.948,7.189,3.871,1.1559
3518,2023-05-27 14:00:00,81.796,70.824,7.131,3.84,1.1549
3519,2023-05-27 15:00:00,81.884,70.997,7.076,3.81,1.1533
3520,2023-05-27 16:00:00,80.206,69.666,6.851,3.689,1.1513
3521,2023-05-27 17:00:00,80.172,69.781,6.754,3.637,1.1489
3522,2023-05-27 18:00:00,79.191,69.081,6.571,3.538,1.1463
3523,2023-05-27 19:00:00,77.476,67.737,6.33,3.408,1.1438
3524,2023-05-27 20:00:00,77.363,67.781,6.229,3.354,1.1414
3525,2023-05-27 21:00:00,78.796,69.16,6.263,3.373,1.1393
3526,2023-05-27 22:00:00,77.429,68.054,6.094,3.281,1.1378
3527,2023-05-27 23:00:00,75.804,66.683,5.929,3.192,1.1368
3528,2023-05-28 00:00:00,75.543,66.472,5.896,3.175,1.1365
3529,2023-05-28 01:00:00,76.771,67.531,6.006,3.234,1.1368
3530,2023-05-28 02:00:00,78.372,68.877,6.171,3.323,1.1378
3531,2023-05-28 03:00:00,77.406,67.932,6.158,3.316,1.1395
3532,2023-05-28 04:00:00,79.155,69.34,6.38,3.435,1.1416
3533,2023-05-28 05:00:00,79.042,69.093,6.466,3.482,1.144
3534,2023-05-28 06:00:00,79.837,69.63,6.635,3.573,1.1466
3535,2023-05-28 07:00:00,79.086,68.818,6.674,3.594,1.1492
3536,2023-05-28 08:00:00,81.572,70.831,6.981,3.759,1.1516
3537,2023-05-28 09:00:00,81.111,70.303,7.025,3.783,1.1537
3538,2023-05-28 10:00:00,82.514,71.42,7.211,3.883,1.1553
3539,2023-05-28 11:00:00,81.431,70.42,7.157,3.854,1.1564
3540,2023-05-28 12:00:00,82.328,71.174,7.25,3.904,1.1567
3541,2023-05-28 13:00:00,82.378,71.237,7.242,3.9,1.1564
3542,2023-05-28 14:00:00,81.698,70.708,7.143,3.846,1.1554
3543,2023-05-28 15:00:00,81.717,70.821,7.083,3.814,1.1539
3544,2023-05-28 16:00:00,80.613,69.989,6.906,3.719,1.1518
3545,2023-05-28 17:00:00,79.653,69.299,6.73,3.624,1.1494
3546,2023-05-28 18:00:00,80.766,70.424,6.722,3.62,1.1469
3547,2023-05-28 19:00:00,79.621,69.581,6.526,3.514,1.1443
3548,2023-05-28 20:00:00,77.526,67.892,6.262,3.372,1.1419
3549,2023-05-28 21:00:00,78.034,68.46,6.223,3.351,1.1398
3550,2023-05-28 22:00:00,76.566,67.265,6.046,3.255,1.1383
3551,2023-05-28 23:00:00,75.949,66.78,5.96,3.209,1.1373
3552,2023-05-29 00:00:00,78.422,68.974,6.141,3.307,1.137
3553,2023-05-29 01:00:00,76.335,67.117,5.992,3.226,1.1373
3554,2023-05-29 02:00:00,78.699,69.133,6.217,3.348,1.1384
3555,2023-05-29 03:00:00,78.186,68.586,6.24,3.36,1.14
3556,2023-05-29 04:00:00,78.776,68.977,6.369,3.43,1.1421
3557,2023-05-29 05:00:00,79.925,69.834,6.559,3.532,1.1445
3558,2023-05-29 06:00:00,80.764,70.407,6.732,3.625,1.1471
3559,2023-05-29 07:00:00,80.336,69.874,6.8,3.661,1.1497
3560,2023-05-29 08:00:00,82.237,71.377,7.059,3.801,1.1521
3561,2023-05-29 09:00:00,82.317,71.317,7.15,3.85,1.1542
3562,2023-05-29 10:00:00,81.645,70.636,7.156,3.853,1.1558
3563,2023-05-29 11:00:00,82.799,71.571,7.298,3.93,1.1569
3564,2023-05-29 12:00:00,84.15,72.717,7.432,4.002,1.1572
3565,2023-05-29 13:00:00,84.297,72.864,7.432,4.002,1.1569
3566,2023-05-29 14:00:00,83.248,72.018,7.299,3.93,1.1559
3567,2023-05-29 15:00:00,81.272,70.404,7.064,3.804,1.1544
3568,2023-05-29 16:00:00,82.066,71.218,7.051,3.797,1.1523
3569,2023-05-29 17:00:00,81.7,71.049,6.924,3.728,1.1499
3570,2023-05-29 18:00:00,80.898,70.508,6.753,3.636,1.1474
3571,2023-05-29 19:00:00,80.246,70.097,6.597,3.552,1.1448
3572,2023-05-29 20:00:00,79.259,69.379,6.422,3.458,1.1424
3573,2023-05-29 21:00:00,78.355,68.712,6.268,3.375,1.1403
3574,2023-05-29 22:00:00,77.504,68.059,6.139,3.306,1.1388
3575,2023-05-29 23:00:00,76.211,66.981,6.0,3.231,1.1378
3576,2023-05-30 00:00:00,77.904,68.488,6.12,3.296,1.1375
3577,2023-05-30 01:00:00,77.874,68.44,6.132,3.302,1.1378
3578,2023-05-30 02:00:00,78.439,68.875,6.217,3.347,1.1389
3579,2023-05-30 03:00:00,77.354,67.826,6.193,3.335,1.1405
3580,2023-05-30 04:00:00,79.496,69.577,6.447,3.472,1.1426
3581,2023-05-30 05:00:00,81.278,70.985,6.69,3.602,1.145
3582,2023-05-30 06:00:00,80.396,70.055,6.721,3.619,1.1476
3583,2023-05-30 07:00:00,80.986,70.41,6.875,3.702,1.1502
3584,2023-05-30 08:00:00,81.943,71.091,7.054,3.798,1.1526
3585,2023-05-30 09:00:00,83.904,72.66,7.308,3.935,1.1547
3586,2023-05-30 10:00:00,81.868,70.799,7.195,3.874,1.1564
3587,2023-05-30 11:00:00,83.137,71.833,7.348,3.957,1.1574
3588,2023-05-30 12:00:00,82.419,71.19,7.299,3.93,1.1577
3589,2023-05-30 13:00:00,82.532,71.307,7.296,3.929,1.1574
3590,2023-05-30 14:00:00,82.663,71.481,7.268,3.914,1.1564
3591,2023-05-30 15:00:00,83.359,72.181,7.266,3.912,1.1549
3592,2023-05-30 16:00:00,83.159,72.136,7.165,3.858,1.1528
3593,2023-05-30 17:00:00,81.412,70.767,6.919,3.726,1.1504
3594,2023-05-30 18:00:00,80.047,69.736,6.702,3.609,1.1479
3595,2023-05-30 19:00:00,81.65,71.292,6.733,3.625,1.1453
3596,2023-05-30 20:00:00,78.661,68.826,6.393,3.442,1.1429
3597,2023-05-30 21:00:00,77.991,68.363,6.259,3.37,1.1408
3598,2023-05-30 22:00:00,76.607,67.242,6.087,3.278,1.1393
3599,2023-05-30 23:00:00,78.869,69.287,6.228,3.354,1.1383
3600,2023-05-31 00:00:00,78.438,68.928,6.182,3.329,1.138
3601,2023-05-31 01:00:00,79.686,70.002,6.295,3.389,1.1383
3602,2023-05-31 02:00:00,76.92,67.512,6.115,3.293,1.1394
3603,2023-05-31 03:00:00,79.621,69.783,6.394,3.443,1.141
3604,2023-05-31 04:00:00,79.07,69.174,6.432,3.464,1.1431
3605,2023-05-31 05:00:00,80.312,70.111,6.63,3.57,1.1455
3606,2023-05-31 06:00:00,79.043,68.847,6.628,3.569,1.1481
3607,2023-05-31 07:00:00,82.253,71.481,7.002,3.77,1.1507
3608,2023-05-31 08:00:00,82.364,71.426,7.11,3.828,1.1531
3609,2023-05-31 09:00:00,82.264,71.21,7.185,3.869,1.1552
3610,2023-05-31 10:00:00,83.255,71.967,7.337,3.951,1.1568
3611,2023-05-31 11:00:00,82.387,71.155,7.301,3.931,1.1579
3612,2023-05-31 12:00:00,82.633,71.344,7.337,3.951,1.1582
3613,2023-05-31 13:00:00,82.635,71.366,7.325,3.944,1.1579
3614,2023-05-31 14:00:00,81.238,70.219,7.162,3.857,1.1569
3615,2023-05-31 15:00:00,83.001,71.841,7.255,3.906,1.1554
3616,2023-05-31 16:00:00,82.702,71.709,7.146,3.848,1.1533
3617,2023-05-31 17:00:00,80.52,69.962,6.863,3.695,1.1509
3618,2023-05-31 18:00:00,80.664,70.244,6.773,3.647,1.1483
3619,2023-05-31 19:00:00,79.472,69.361,6.572,3.539,1.1458
3620,2023-05-31 20:00:00,79.299,69.355,6.464,3.481,1.1434
3621,2023-05-31 21:00:00,77.98,68.323,6.277,3.38,1.1413
3622,2023-05-31 22:00:00,77.351,67.866,6.165,3.32,1.1398
3623,2023-05-31 23:00:00,78.629,69.046,6.229,3.354,1.1388
3624,2023-06-01 00:00:00,77.649,68.205,6.139,3.305,1.1385
3625,2023-06-01 01:00:00,79.405,69.725,6.292,3.388,1.1388
3626,2023-06-01 02:00:00,78.099,68.517,6.228,3.354,1.1398
3627,2023-06-01 03:00:00,77.749,68.114,6.263,3.372,1.1415
3628,2023-06-01 04:00:00,80.03,69.984,6.53,3.516,1.1435
3629,2023-06-01 05:00:00,80.205,69.989,6.641,3.576,1.146
3630,2023-06-01 06:00:00,80.985,70.509,6.81,3.667,1.1486
3631,2023-06-01 07:00:00,82.065,71.286,7.006,3.772,1.1512
3632,2023-06-01 08:00:00,81.236,70.418,7.032,3.786,1.1536
3633,2023-06-01 09:00:00,82.227,71.148,7.201,3.878,1.1557
3634,2023-06-01 10:00:00,82.628,71.396,7.301,3.931,1.1573
3635,2023-06-01 11:00:00,81.996,70.787,7.286,3.923,1.1583
3636,2023-06-01 12:00:00,82.923,71.565,7.383,3.975,1.1587
3637,2023-06-01 13:00:00,84.129,72.626,7.477,4.026,1.1584
3638,2023-06-01 14:00:00,82.965,71.682,7.334,3.949,1.1574
3639,2023-06-01 15:00:00,81.25,70.295,7.121,3.834,1.1558
3640,2023-06-01 16:00:00,80.518,69.786,6.976,3.756,1.1538
3641,2023-06-01 17:00:00,82.461,71.618,7.048,3.795,1.1514
3642,2023-06-01 18:00:00,80.345,69.937,6.765,3.643,1.1488
3643,2023-06-01 19:00:00,79.199,69.094,6.569,3.537,1.1463
3644,2023-06-01 20:00:00,78.85,68.933,6.446,3.471,1.1439
3645,2023-06-01 21:00:00,77.333,67.728,6.243,3.362,1.1418
3646,2023-06-01 22:00:00,79.225,69.481,6.334,3.411,1.1402
3647,2023-06-01 23:00:00,77.509,68.034,6.159,3.316,1.1393
3648,2023-06-02 00:00:00,78.823,69.207,6.25,3.366,1.1389
3649,2023-06-02 01:00:00,77.867,68.346,6.189,3.332,1.1393
3650,2023-06-02 02:00:00,79.236,69.485,6.338,3.413,1.1403
3651,2023-06-02 03:00:00,78.728,68.942,6.36,3.425,1.1419
3652,2023-06-02 04:00:00,79.764,69.722,6.527,3.515,1.144
3653,2023-06-02 05:00:00,80.31,70.05,6.669,3.591,1.1465
3654,2023-06-02 06:00:00,80.936,70.436,6.825,3.675,1.1491
3655,2023-06-02 07:00:00,81.419,70.696,6.97,3.753,1.1517
3656,2023-06-02 08:00:00,81.609,70.712,7.083,3.814,1.1541
3657,2023-06-02 09:00:00,83.915,72.578,7.369,3.968,1.1562
3658,2023-06-02 10:00:00,82.066,70.881,7.27,3.915,1.1578
3659,2023-06-02 11:00:00,83.08,71.693,7.401,3.985,1.1588
3660,2023-06-02 12:00:00,83.183,71.76,7.425,3.998,1.1592
3661,2023-06-02 13:00:00,83.406,71.972,7.432,4.002,1.1589
3662,2023-06-02 14:00:00,82.458,71.215,7.308,3.935,1.1579
3663,2023-06-02 15:00:00,82.627,71.458,7.26,3.909,1.1563
3664,2023-06-02 16:00:00,81.672,70.757,7.095,3.82,1.1543
3665,2023-06-02 17:00:00,79.877,69.346,6.845,3.686,1.1519
3666,2023-06-02 18:00:00,80.459,70.007,6.794,3.658,1.1493
3667,2023-06-02 19:00:00,78.868,68.777,6.56,3.532,1.1467
3668,2023-06-02 20:00:00,77.713,67.911,6.371,3.431,1.1443
3669,2023-06-02 21:00:00,78.656,68.858,6.368,3.429,1.1423
3670,2023-06-02 22:00:00,78.511,68.826,6.295,3.39,1.1407
3671,2023-06-02 23:00:00,78.275,68.678,6.238,3.359,1.1397
3672,2023-06-03 00:00:00,77.42,67.947,6.157,3.316,1.1394
3673,2023-06-03 01:00:00,75.518,66.257,6.02,3.241,1.1398
3674,2023-06-03 02:00:00,76.241,66.832,6.116,3.293,1.1408
3675,2023-06-03 03:00:00,79.333,69.444,6.428,3.461,1.1424
3676,2023-06-03 04:00:00,77.473,67.692,6.358,3.423,1.1445
3677,2023-06-03 05:00:00,79.453,69.275,6.616,3.562,1.1469
3678,2023-06-03 06:00:00,79.11,68.819,6.689,3.602,1.1495
3679,2023-06-03 07:00:00,80.429,69.809,6.903,3.717,1.1521
3680,2023-06-03 08:00:00,80.51,69.732,7.006,3.772,1.1546
3681,2023-06-03 09:00:00,82.043,70.931,7.223,3.889,1.1567
3682,2023-06-03 10:00:00,82.134,70.911,7.295,3.928,1.1583
3683,2023-06-03 11:00:00,81.935,70.677,7.318,3.94,1.1593
3684,2023-06-03 12:00:00,81.541,70.315,7.297,3.929,1.1596
3685,2023-06-03 13:00:00,82.518,71.178,7.371,3.969,1.1593
3686,2023-06-03 14:00:00,81.046,69.967,7.201,3.878,1.1583
3687,2023-06-03 15:00:00,81.942,70.837,7.219,3.887,1.1568
3688,2023-06-03 16:00:00,83.156,72.014,7.243,3.9,1.1547
3689,2023-06-03 17:00:00,81.468,70.698,7.0,3.769,1.1523
3690,2023-06-03 18:00:00,80.257,69.803,6.795,3.659,1.1498
3691,2023-06-03 19:00:00,78.912,68.787,6.581,3.544,1.1472
3692,2023-06-03 20:00:00,76.779,67.068,6.313,3.399,1.1448
3693,2023-06-03 21:00:00,76.721,67.137,6.229,3.354,1.1428
3694,2023-06-03 22:00:00,78.379,68.682,6.303,3.394,1.1412
3695,2023-06-03 23:00:00,76.458,67.057,6.111,3.29,1.1402
3696,2023-06-04 00:00:00,76.441,67.061,6.097,3.283,1.1399
3697,2023-06-04 01:00:00,76.959,67.494,6.152,3.313,1.1402
3698,2023-06-04 02:00:00,76.511,67.041,6.155,3.314,1.1413
3699,2023-06-04 03:00:00,76.805,67.204,6.241,3.36,1.1429
3700,2023-06-04 04:00:00,78.303,68.39,6.444,3.47,1.145
3701,2023-06-04 05:00:00,78.278,68.223,6.536,3.519,1.1474
3702,2023-06-04 06:00:00,79.098,68.781,6.706,3.611,1.15
3703,2023-06-04 07:00:00,79.767,69.206,6.865,3.696,1.1526
3704,2023-06-04 08:00:00,81.477,70.541,7.108,3.828,1.155
3705,2023-06-04 09:00:00,81.432,70.375,7.187,3.87,1.1571
3706,2023-06-04 10:00:00,81.911,70.691,7.293,3.927,1.1587
3707,2023-06-04 11:00:00,82.815,71.408,7.415,3.993,1.1597
3708,2023-06-04 12:00:00,82.31,70.951,7.384,3.976,1.1601
3709,2023-06-04 13:00:00,82.108,70.796,7.353,3.959,1.1598
3710,2023-06-04 14:00:00,82.443,71.145,7.344,3.954,1.1588
3711,2023-06-04 15:00:00,82.17,71.005,7.257,3.908,1.1572
3712,2023-06-04 16:00:00,80.946,70.072,7.068,3.806,1.1552
3713,2023-06-04 17:00:00,80.475,69.809,6.933,3.733,1.1528
3714,2023-06-04 18:00:00,79.081,68.753,6.713,3.615,1.1502
3715,2023-06-04 19:00:00,78.321,68.245,6.55,3.527,1.1477
3716,2023-06-04 20:00:00,78.981,68.963,6.511,3.506,1.1453
3717,2023-06-04 21:00:00,78.166,68.374,6.364,3.427,1.1432
3718,2023-06-04 22:00:00,77.749,68.103,6.27,3.376,1.1416
3719,2023-06-04 23:00:00,77.343,67.806,6.199,3.338,1.1407
3720,2023-06-05 00:00:00,77.865,68.282,6.228,3.354,1.1403
3721,2023-06-05 01:00:00,78.476,68.797,6.291,3.388,1.1407
3722,2023-06-05 02:00:00,78.937,69.139,6.368,3.429,1.1417
3723,2023-06-05 03:00:00,79.347,69.4,6.465,3.481,1.1433
3724,2023-06-05 04:00:00,79.095,69.054,6.527,3.514,1.1454
3725,2023-06-05 05:00:00,80.943,70.518,6.776,3.649,1.1478
3726,2023-06-05 06:00:00,80.715,70.16,6.861,3.694,1.1504
3727,2023-06-05 07:00:00,81.746,70.896,7.053,3.798,1.1531
3728,2023-06-05 08:00:00,82.123,71.072,7.183,3.868,1.1555
3729,2023-06-05 09:00:00,82.663,71.41,7.314,3.938,1.1576
3730,2023-06-05 10:00:00,82.302,71.001,7.346,3.956,1.1592
3731,2023-06-05 11:00:00,83.744,72.181,7.516,4.047,1.1602
3732,2023-06-05 12:00:00,85.581,73.742,7.696,4.144,1.1606
3733,2023-06-05 13:00:00,82.873,71.428,7.439,4.006,1.1602
3734,2023-06-05 14:00:00,82.962,71.565,7.408,3.989,1.1593
3735,2023-06-05 15:00:00,82.109,70.925,7.269,3.914,1.1577
3736,2023-06-05 16:00:00,81.51,70.533,7.135,3.842,1.1556
3737,2023-06-05 17:00:00,82.496,71.534,7.125,3.837,1.1532
3738,2023-06-05 18:00:00,80.005,69.529,6.809,3.666,1.1507
3739,2023-06-05 19:00:00,79.466,69.215,6.663,3.588,1.1481
3740,2023-06-05 20:00:00,77.924,68.014,6.441,3.468,1.1457
3741,2023-06-05 21:00:00,78.034,68.232,6.371,3.431,1.1437
3742,2023-06-05 22:00:00,76.849,67.289,6.214,3.346,1.1421
3743,2023-06-05 23:00:00,78.453,68.752,6.306,3.395,1.1411
3744,2023-06-06 00:00:00,80.094,70.21,6.425,3.459,1.1408
3745,2023-06-06 01:00:00,77.658,68.053,6.243,3.362,1.1411
3746,2023-06-06 02:00:00,76.887,67.318,6.22,3.349,1.1422
3747,2023-06-06 03:00:00,79.368,69.393,6.484,3.492,1.1438
3748,2023-06-06 04:00:00,78.624,68.616,6.505,3.503,1.1458
3749,2023-06-06 05:00:00,80.904,70.457,6.791,3.657,1.1483
3750,2023-06-06 06:00:00,80.335,69.803,6.846,3.686,1.1509
3751,2023-06-06 07:00:00,80.757,70.011,6.985,3.761,1.1535
3752,2023-06-06 08:00:00,81.782,70.75,7.171,3.861,1.1559
3753,2023-06-06 09:00:00,83.108,71.768,7.371,3.969,1.158
3754,2023-06-06 10:00:00,82.746,71.356,7.403,3.986,1.1596
3755,2023-06-06 11:00:00,82.803,71.343,7.449,4.011,1.1606
3756,2023-06-06 12:00:00,83.14,71.611,7.494,4.035,1.161
3757,2023-06-06 13:00:00,82.176,70.8,7.394,3.981,1.1607
3758,2023-06-06 14:00:00,83.258,71.793,7.452,4.013,1.1597
3759,2023-06-06 15:00:00,81.053,69.987,7.193,3.873,1.1581
3760,2023-06-06 16:00:00,81.577,70.564,7.158,3.854,1.1561
3761,2023-06-06 17:00:00,81.893,70.985,7.091,3.818,1.1537
3762,2023-06-06 18:00:00,80.821,70.212,6.896,3.713,1.1511
3763,2023-06-06 19:00:00,80.352,69.96,6.754,3.637,1.1485
3764,2023-06-06 20:00:00,79.175,69.079,6.562,3.533,1.1461
3765,2023-06-06 21:00:00,79.607,69.581,6.517,3.509,1.1441
3766,2023-06-06 22:00:00,78.984,69.132,6.404,3.448,1.1425
3767,2023-06-06 23:00:00,78.334,68.622,6.313,3.399,1.1415
3768,2023-06-07 00:00:00,78.629,68.899,6.324,3.405,1.1412
3769,2023-06-07 01:00:00,78.58,68.835,6.334,3.411,1.1416
3770,2023-06-07 02:00:00,77.898,68.177,6.319,3.402,1.1426
3771,2023-06-07 03:00:00,77.601,67.822,6.357,3.423,1.1442
3772,2023-06-07 04:00:00,79.574,69.419,6.601,3.554,1.1463
3773,2023-06-07 05:00:00,80.329,69.929,6.76,3.64,1.1487
3774,2023-06-07 06:00:00,81.471,70.763,6.96,3.748,1.1513
3775,2023-06-07 07:00:00,80.541,69.798,6.983,3.76,1.1539
3776,2023-06-07 08:00:00,81.223,70.24,7.139,3.844,1.1564
3777,2023-06-07 09:00:00,82.898,71.559,7.37,3.968,1.1584
3778,2023-06-07 10:00:00,82.904,71.466,7.435,4.003,1.1601
3779,2023-06-07 11:00:00,81.705,70.37,7.367,3.967,1.1611
3780,2023-06-07 12:00:00,83.637,72.013,7.556,4.069,1.1614
3781,2023-06-07 13:00:00,81.734,70.394,7.371,3.969,1.1611
3782,2023-06-07 14:00:00,82.199,70.854,7.374,3.971,1.1601
3783,2023-06-07 15:00:00,83.628,72.184,7.439,4.006,1.1586
3784,2023-06-07 16:00:00,83.444,72.152,7.34,3.952,1.1565
3785,2023-06-07 17:00:00,80.328,69.602,6.972,3.754,1.1541
3786,2023-06-07 18:00:00,80.342,69.769,6.872,3.7,1.1515
3787,2023-06-07 19:00:00,79.941,69.577,6.737,3.628,1.149
3788,2023-06-07 20:00:00,80.686,70.372,6.704,3.61,1.1466
3789,2023-06-07 21:00:00,78.305,68.418,6.427,3.461,1.1445
3790,2023-06-07 22:00:00,77.892,68.151,6.332,3.41,1.1429
3791,2023-06-07 23:00:00,79.245,69.394,6.403,3.448,1.142
3792,2023-06-08 00:00:00,77.617,67.988,6.259,3.37,1.1416
3793,2023-06-08 01:00:00,78.587,68.815,6.351,3.42,1.142
3794,2023-06-08 02:00:00,77.097,67.45,6.27,3.376,1.143
3795,2023-06-08 03:00:00,78.57,68.643,6.453,3.474,1.1446
3796,2023-06-08 04:00:00,77.934,67.963,6.481,3.49,1.1467
3797,2023-06-08 05:00:00,79.07,68.808,6.67,3.592,1.1491
3798,2023-06-08 06:00:00,81.299,70.587,6.962,3.749,1.1517
3799,2023-06-08 07:00:00,81.287,70.418,7.065,3.804,1.1543
3800,2023-06-08 08:00:00,81.728,70.652,7.2,3.877,1.1568
3801,2023-06-08 09:00:00,81.947,70.713,7.302,3.932,1.1589
3802,2023-06-08 10:00:00,82.813,71.361,7.443,4.008,1.1605
3803,2023-06-08 11:00:00,83.512,71.901,7.547,4.064,1.1615
3804,2023-06-08 12:00:00,84.162,72.438,7.621,4.103,1.1618
3805,2023-06-08 13:00:00,81.136,69.853,7.334,3.949,1.1615
3806,2023-06-08 14:00:00,82.321,70.933,7.402,3.986,1.1605
3807,2023-06-08 15:00:00,82.691,71.349,7.373,3.97,1.159
3808,2023-06-08 16:00:00,81.916,70.806,7.222,3.889,1.1569
3809,2023-06-08 17:00:00,81.665,70.735,7.105,3.826,1.1545
3810,2023-06-08 18:00:00,80.852,70.187,6.932,3.733,1.152
3811,2023-06-08 19:00:00,79.691,69.334,6.732,3.625,1.1494
3812,2023-06-08 20:00:00,78.862,68.756,6.569,3.537,1.147
3813,2023-06-08 21:00:00,78.532,68.591,6.462,3.479,1.1449
3814,2023-06-08 22:00:00,79.222,69.289,6.457,3.477,1.1434
3815,2023-06-08 23:00:00,77.45,67.797,6.274,3.378,1.1424
3816,2023-06-09 00:00:00,77.895,68.206,6.298,3.391,1.1421
3817,2023-06-09 01:00:00,78.184,68.438,6.335,3.411,1.1424
3818,2023-06-09 02:00:00,79.556,69.577,6.487,3.493,1.1434
3819,2023-06-09 03:00:00,78.495,68.552,6.463,3.48,1.145
3820,2023-06-09 04:00:00,80.065,69.796,6.675,3.594,1.1471
3821,2023-06-09 05:00:00,80.939,70.409,6.844,3.685,1.1496
3822,2023-06-09 06:00:00,80.6,69.955,6.919,3.725,1.1522
3823,2023-06-09 07:00:00,81.186,70.305,7.072,3.808,1.1548
3824,2023-06-09 08:00:00,81.749,70.645,7.218,3.887,1.1572
3825,2023-06-09 09:00:00,82.376,71.058,7.357,3.961,1.1593
3826,2023-06-09 10:00:00,83.716,72.114,7.541,4.061,1.1609
3827,2023-06-09 11:00:00,83.485,71.852,7.561,4.072,1.1619
3828,2023-06-09 12:00:00,83.584,71.915,7.585,4.084,1.1623
3829,2023-06-09 13:00:00,82.384,70.903,7.463,4.019,1.1619
3830,2023-06-09 14:00:00,82.24,70.838,7.411,3.991,1.161
3831,2023-06-09 15:00:00,84.331,72.738,7.535,4.058,1.1594
3832,2023-06-09 16:00:00,81.881,70.751,7.235,3.896,1.1573
3833,2023-06-09 17:00:00,80.742,69.911,7.04,3.791,1.1549
3834,2023-06-09 18:00:00,81.82,71.002,7.032,3.786,1.1524
3835,2023-06-09 19:00:00,80.191,69.744,6.791,3.656,1.1498
3836,2023-06-09 20:00:00,79.778,69.53,6.661,3.587,1.1474
3837,2023-06-09 21:00:00,78.646,68.666,6.487,3.493,1.1453
3838,2023-06-09 22:00:00,78.075,68.261,6.379,3.435,1.1438
3839,2023-06-09 23:00:00,77.928,68.191,6.329,3.408,1.1428
3840,2023-06-10 00:00:00,76.067,66.582,6.166,3.32,1.1425
3841,2023-06-10 01:00:00,77.195,67.548,6.271,3.377,1.1428
3842,2023-06-10 02:00:00,77.771,67.992,6.357,3.423,1.1438
3843,2023-06-10 03:00:00,79.445,69.358,6.557,3.531,1.1454
3844,2023-06-10 04:00:00,78.589,68.485,6.567,3.536,1.1475
3845,2023-06-10 05:00:00,77.292,67.213,6.551,3.528,1.15
3846,2023-06-10 06:00:00,79.797,69.234,6.866,3.697,1.1526
3847,2023-06-10 07:00:00,82.791,71.671,7.229,3.892,1.1552
3848,2023-06-10 08:00:00,81.936,70.781,7.251,3.904,1.1576
3849,2023-06-10 09:00:00,81.143,69.97,7.262,3.911,1.1597
3850,2023-06-10 10:00:00,82.718,71.229,7.468,4.021,1.1613
3851,2023-06-10 11:00:00,81.909,70.471,7.435,4.003,1.1623
3852,2023-06-10 12:00:00,81.505,70.102,7.412,3.991,1.1627
3853,2023-06-10 13:00:00,82.231,70.747,7.465,4.02,1.1623
3854,2023-06-10 14:00:00,82.316,70.88,7.434,4.003,1.1614
3855,2023-06-10 15:00:00,80.288,69.227,7.19,3.871,1.1598
3856,2023-06-10 16:00:00,80.312,69.371,7.112,3.83,1.1577
3857,2023-06-10 17:00:00,80.596,69.76,7.043,3.793,1.1553
3858,2023-06-10 18:00:00,79.557,69.014,6.853,3.69,1.1528
3859,2023-06-10 19:00:00,79.505,69.123,6.748,3.634,1.1502
3860,2023-06-10 20:00:00,77.562,67.575,6.492,3.495,1.1478
3861,2023-06-10 21:00:00,78.555,68.562,6.495,3.497,1.1457
3862,2023-06-10 22:00:00,76.609,66.956,6.274,3.378,1.1442
3863,2023-06-10 23:00:00,78.605,68.76,6.399,3.446,1.1432
3864,2023-06-11 00:00:00,75.828,66.349,6.161,3.317,1.1429
3865,2023-06-11 01:00:00,76.418,66.845,6.223,3.351,1.1432
3866,2023-06-11 02:00:00,77.895,68.077,6.382,3.437,1.1442
3867,2023-06-11 03:00:00,79.323,69.228,6.562,3.534,1.1458
3868,2023-06-11 04:00:00,78.8,68.646,6.6,3.554,1.1479
3869,2023-06-11 05:00:00,79.652,69.241,6.767,3.644,1.1504
3870,2023-06-11 06:00:00,79.914,69.312,6.891,3.711,1.153
3871,2023-06-11 07:00:00,79.774,69.034,6.98,3.759,1.1556
3872,2023-06-11 08:00:00,80.865,69.832,7.171,3.861,1.158
3873,2023-06-11 09:00:00,80.845,69.689,7.251,3.904,1.1601
3874,2023-06-11 10:00:00,81.225,69.92,7.348,3.957,1.1617
3875,2023-06-11 11:00:00,82.867,71.272,7.537,4.058,1.1627
3876,2023-06-11 12:00:00,81.721,70.264,7.447,4.01,1.1631
3877,2023-06-11 13:00:00,82.803,71.214,7.533,4.056,1.1627
3878,2023-06-11 14:00:00,81.211,69.904,7.349,3.957,1.1617
3879,2023-06-11 15:00:00,82.076,70.745,7.365,3.966,1.1602
3880,2023-06-11 16:00:00,80.875,69.833,7.177,3.865,1.1581
3881,2023-06-11 17:00:00,81.753,70.738,7.16,3.855,1.1557
3882,2023-06-11 18:00:00,80.175,69.527,6.921,3.727,1.1532
3883,2023-06-11 19:00:00,80.209,69.712,6.823,3.674,1.1506
3884,2023-06-11 20:00:00,77.957,67.896,6.54,3.521,1.1482
3885,2023-06-11 21:00:00,78.053,68.102,6.469,3.483,1.1461
3886,2023-06-11 22:00:00,76.797,67.098,6.305,3.395,1.1446
3887,2023-06-11 23:00:00,76.985,67.32,6.282,3.383,1.1436
3888,2023-06-12 00:00:00,77.817,68.067,6.338,3.413,1.1432
3889,2023-06-12 01:00:00,77.538,67.802,6.329,3.408,1.1436
3890,2023-06-12 02:00:00,77.415,67.634,6.358,3.423,1.1446
3891,2023-06-12 03:00:00,77.683,67.773,6.442,3.469,1.1462
3892,2023-06-12 04:00:00,77.496,67.487,6.506,3.503,1.1483
3893,2023-06-12 05:00:00,79.18,68.808,6.742,3.63,1.1507
3894,2023-06-12 06:00:00,81.241,70.439,7.021,3.78,1.1533
3895,2023-06-12 07:00:00,80.146,69.334,7.028,3.784,1.1559
3896,2023-06-12 08:00:00,80.99,69.917,7.198,3.876,1.1584
3897,2023-06-12 09:00:00,84.123,72.491,7.561,4.071,1.1605
3898,2023-06-12 10:00:00,82.588,71.07,7.487,4.031,1.1621
3899,2023-06-12 11:00:00,83.643,71.915,7.623,4.105,1.1631
3900,2023-06-12 12:00:00,84.0,72.2,7.67,4.13,1.1634
3901,2023-06-12 13:00:00,83.923,72.154,7.65,4.119,1.1631
3902,2023-06-12 14:00:00,81.872,70.45,7.424,3.998,1.1621
3903,2023-06-12 15:00:00,82.487,71.076,7.418,3.994,1.1606
3904,2023-06-12 16:00:00,80.796,69.742,7.185,3.869,1.1585
3905,2023-06-12 17:00:00,83.431,72.165,7.322,3.943,1.1561
3906,2023-06-12 18:00:00,79.459,68.884,6.874,3.702,1.1535
3907,2023-06-12 19:00:00,79.202,68.814,6.752,3.636,1.151
3908,2023-06-12 20:00:00,78.558,68.397,6.605,3.556,1.1486
3909,2023-06-12 21:00:00,77.636,67.715,6.448,3.472,1.1465
3910,2023-06-12 22:00:00,79.494,69.431,6.541,3.522,1.1449
3911,2023-06-12 23:00:00,80.083,70.005,6.55,3.527,1.1439
3912,2023-06-13 00:00:00,77.672,67.917,6.34,3.414,1.1436
3913,2023-06-13 01:00:00,77.088,67.385,6.306,3.396,1.144
3914,2023-06-13 02:00:00,76.622,66.919,6.307,3.396,1.145
3915,2023-06-13 03:00:00,78.647,68.592,6.536,3.519,1.1466
3916,2023-06-13 04:00:00,79.149,68.904,6.659,3.586,1.1487
3917,2023-06-13 05:00:00,79.532,69.091,6.786,3.654,1.1511
3918,2023-06-13 06:00:00,80.939,70.155,7.01,3.774,1.1537
3919,2023-06-13 07:00:00,81.786,70.73,7.187,3.87,1.1563
3920,2023-06-13 08:00:00,82.388,71.101,7.337,3.951,1.1587
3921,2023-06-13 09:00:00,82.438,71.016,7.424,3.998,1.1608
3922,2023-06-13 10:00:00,82.236,70.744,7.47,4.022,1.1624
3923,2023-06-13 11:00:00,83.951,72.156,7.666,4.128,1.1635
3924,2023-06-13 12:00:00,83.514,71.759,7.641,4.114,1.1638
3925,2023-06-13 13:00:00,84.134,72.312,7.684,4.138,1.1635
3926,2023-06-13 14:00:00,83.78,72.069,7.612,4.099,1.1625
3927,2023-06-13 15:00:00,81.546,70.242,7.348,3.956,1.1609
3928,2023-06-13 16:00:00,80.972,69.871,7.215,3.885,1.1589
3929,2023-06-13 17:00:00,80.865,69.924,7.112,3.829,1.1565
3930,2023-06-13 18:00:00,79.92,69.261,6.929,3.731,1.1539
3931,2023-06-13 19:00:00,80.68,70.076,6.893,3.712,1.1513
3932,2023-06-13 20:00:00,79.702,69.371,6.716,3.616,1.1489
3933,2023-06-13 21:00:00,79.745,69.532,6.638,3.574,1.1469
3934,2023-06-13 22:00:00,78.753,68.762,6.494,3.497,1.1453
3935,2023-06-13 23:00:00,78.335,68.456,6.422,3.458,1.1443
3936,2023-06-14 00:00:00,79.038,69.09,6.466,3.482,1.144
3937,2023-06-14 01:00:00,78.546,68.638,6.44,3.468,1.1443
3938,2023-06-14 02:00:00,78.494,68.532,6.475,3.487,1.1454
3939,2023-06-14 03:00:00,80.057,69.799,6.668,3.59,1.147
3940,2023-06-14 04:00:00,79.521,69.206,6.705,3.61,1.1491
3941,2023-06-14 05:00:00,79.837,69.334,6.827,3.676,1.1515
3942,2023-06-14 06:00:00,80.109,69.414,6.952,3.743,1.1541
3943,2023-06-14 07:00:00,82.061,70.945,7.225,3.891,1.1567
3944,2023-06-14 08:00:00,83.156,71.741,7.42,3.995,1.1591
3945,2023-06-14 09:00:00,82.68,71.202,7.461,4.017,1.1612
3946,2023-06-14 10:00:00,84.223,72.431,7.665,4.127,1.1628
3947,2023-06-14 11:00:00,81.83,70.311,7.487,4.031,1.1638
3948,2023-06-14 12:00:00,83.484,71.711,7.652,4.121,1.1642
3949,2023-06-14 13:00:00,83.404,71.662,7.632,4.11,1.1638
3950,2023-06-14 14:00:00,82.571,71.007,7.517,4.048,1.1629
3951,2023-06-14 15:00:00,84.665,72.906,7.643,4.116,1.1613
3952,2023-06-14 16:00:00,82.107,70.829,7.331,3.947,1.1592
3953,2023-06-14 17:00:00,81.172,70.168,7.153,3.852,1.1568
3954,2023-06-14 18:00:00,80.819,70.018,7.021,3.78,1.1543
3955,2023-06-14 19:00:00,78.482,68.145,6.719,3.618,1.1517
3956,2023-06-14 20:00:00,78.833,68.593,6.656,3.584,1.1493
3957,2023-06-14 21:00:00,79.676,69.451,6.647,3.579,1.1472
3958,2023-06-14 22:00:00,77.956,68.044,6.442,3.469,1.1457
3959,2023-06-14 23:00:00,77.528,67.729,6.369,3.43,1.1447
3960,2023-06-15 00:00:00,79.151,69.167,6.49,3.494,1.1444
3961,2023-06-15 01:00:00,79.268,69.248,6.513,3.507,1.1447
3962,2023-06-15 02:00:00,78.879,68.846,6.521,3.511,1.1457
3963,2023-06-15 03:00:00,78.527,68.444,6.554,3.529,1.1473
3964,2023-06-15 04:00:00,79.26,68.957,6.697,3.606,1.1494
3965,2023-06-15 05:00:00,79.458,68.984,6.808,3.666,1.1518
3966,2023-06-15 06:00:00,80.007,69.304,6.957,3.746,1.1544
3967,2023-06-15 07:00:00,80.671,69.722,7.117,3.832,1.157
3968,2023-06-15 08:00:00,81.676,70.442,7.302,3.932,1.1595
3969,2023-06-15 09:00:00,81.905,70.513,7.405,3.987,1.1616
3970,2023-06-15 10:00:00,81.911,70.421,7.468,4.021,1.1632
3971,2023-06-15 11:00:00,83.639,71.844,7.667,4.128,1.1642
3972,2023-06-15 12:00:00,83.746,71.914,7.691,4.141,1.1645
3973,2023-06-15 13:00:00,84.848,72.881,7.779,4.188,1.1642
3974,2023-06-15 14:00:00,82.644,71.048,7.537,4.059,1.1632
3975,2023-06-15 15:00:00,82.993,71.445,7.506,4.042,1.1616
3976,2023-06-15 16:00:00,82.439,71.094,7.375,3.971,1.1596
3977,2023-06-15 17:00:00,81.322,70.275,7.18,3.866,1.1572
3978,2023-06-15 18:00:00,81.424,70.521,7.087,3.816,1.1546
3979,2023-06-15 19:00:00,80.746,70.09,6.927,3.73,1.152
3980,2023-06-15 20:00:00,79.732,69.354,6.746,3.632,1.1496
3981,2023-06-15 21:00:00,78.705,68.584,6.579,3.543,1.1476
3982,2023-06-15 22:00:00,78.197,68.234,6.476,3.487,1.146
3983,2023-06-15 23:00:00,77.12,67.352,6.349,3.419,1.145
3984,2023-06-16 00:00:00,77.48,67.686,6.366,3.428,1.1447
3985,2023-06-16 01:00:00,77.72,67.874,6.399,3.446,1.1451
3986,2023-06-16 02:00:00,77.586,67.698,6.427,3.461,1.1461
3987,2023-06-16 03:00:00,79.27,69.071,6.63,3.57,1.1477
3988,2023-06-16 04:00:00,80.44,69.963,6.81,3.667,1.1498
3989,2023-06-16 05:00:00,79.398,68.911,6.817,3.67,1.1522
3990,2023-06-16 06:00:00,81.064,70.198,7.063,3.803,1.1548
3991,2023-06-16 07:00:00,80.703,69.729,7.133,3.841,1.1574
3992,2023-06-16 08:00:00,81.954,70.662,7.34,3.952,1.1598
3993,2023-06-16 09:00:00,82.209,70.754,7.446,4.009,1.1619
3994,2023-06-16 10:00:00,83.699,71.937,7.645,4.117,1.1635
3995,2023-06-16 11:00:00,82.931,71.215,7.615,4.101,1.1645
3996,2023-06-16 12:00:00,84.404,72.458,7.765,4.181,1.1649
3997,2023-06-16 13:00:00,83.286,71.518,7.649,4.119,1.1645
3998,2023-06-16 14:00:00,82.683,71.061,7.555,4.068,1.1636
3999,2023-06-16 15:00:00,81.757,70.36,7.408,3.989,1.162
4000,2023-06-16 16:00:00,82.415,71.052,7.386,3.977,1.1599
4001,2023-06-16 17:00:00,82.277,71.08,7.278,3.919,1.1575
4002,2023-06-16 18:00:00,81.068,70.191,7.07,3.807,1.155
4003,2023-06-16 19:00:00,81.95,71.114,7.044,3.793,1.1524
4004,2023-06-16 20:00:00,80.643,70.126,6.836,3.681,1.15
4005,2023-06-16 21:00:00,78.687,68.547,6.591,3.549,1.1479
4006,2023-06-16 22:00:00,78.252,68.262,6.493,3.496,1.1463
4007,2023-06-16 23:00:00,78.616,68.638,6.485,3.492,1.1454
4008,2023-06-17 00:00:00,76.675,66.963,6.313,3.399,1.145
4009,2023-06-17 01:00:00,78.375,68.426,6.467,3.482,1.1454
4010,2023-06-17 02:00:00,77.998,68.038,6.475,3.486,1.1464
4011,2023-06-17 03:00:00,78.342,68.242,6.565,3.535,1.148
4012,2023-06-17 04:00:00,79.248,68.906,6.722,3.62,1.1501
4013,2023-06-17 05:00:00,80.737,70.053,6.945,3.739,1.1525
4014,2023-06-17 06:00:00,80.188,69.42,6.999,3.769,1.1551
4015,2023-06-17 07:00:00,80.663,69.674,7.143,3.846,1.1577
4016,2023-06-17 08:00:00,82.638,71.231,7.415,3.993,1.1601
4017,2023-06-17 09:00:00,82.768,71.215,7.51,4.044,1.1622
4018,2023-06-17 10:00:00,82.156,70.591,7.517,4.048,1.1638
4019,2023-06-17 11:00:00,82.697,70.994,7.607,4.096,1.1648
4020,2023-06-17 12:00:00,82.947,71.187,7.644,4.116,1.1652
4021,2023-06-17 13:00:00,82.99,71.244,7.635,4.111,1.1649
4022,2023-06-17 14:00:00,81.316,69.866,7.443,4.008,1.1639
4023,2023-06-17 15:00:00,80.732,69.458,7.328,3.946,1.1623
4024,2023-06-17 16:00:00,80.7,69.554,7.245,3.901,1.1603
4025,2023-06-17 17:00:00,79.982,69.078,7.088,3.817,1.1579
4026,2023-06-17 18:00:00,79.54,68.849,6.949,3.742,1.1553
4027,2023-06-17 19:00:00,79.873,69.291,6.878,3.703,1.1527
4028,2023-06-17 20:00:00,78.574,68.307,6.674,3.593,1.1503
4029,2023-06-17 21:00:00,78.311,68.2,6.572,3.539,1.1483
4030,2023-06-17 22:00:00,76.744,66.927,6.381,3.436,1.1467
4031,2023-06-17 23:00:00,77.089,67.286,6.372,3.431,1.1457
4032,2023-06-18 00:00:00,77.84,67.961,6.421,3.458,1.1454
4033,2023-06-18 01:00:00,77.939,68.026,6.443,3.469,1.1457
4034,2023-06-18 02:00:00,77.149,67.277,6.417,3.455,1.1467
4035,2023-06-18 03:00:00,78.288,68.176,6.573,3.539,1.1483
4036,2023-06-18 04:00:00,80.488,69.964,6.84,3.683,1.1504
4037,2023-06-18 05:00:00,79.356,68.835,6.839,3.682,1.1528
4038,2023-06-18 06:00:00,79.512,68.815,6.953,3.744,1.1554
4039,2023-06-18 07:00:00,80.636,69.631,7.153,3.852,1.158
4040,2023-06-18 08:00:00,81.511,70.24,7.326,3.945,1.1605
4041,2023-06-18 09:00:00,81.881,70.432,7.442,4.007,1.1626
4042,2023-06-18 10:00:00,82.415,70.794,7.554,4.067,1.1642
4043,2023-06-18 11:00:00,81.538,69.98,7.513,4.045,1.1652
4044,2023-06-18 12:00:00,82.025,70.376,7.572,4.077,1.1655
4045,2023-06-18 13:00:00,82.596,70.886,7.611,4.098,1.1652
4046,2023-06-18 14:00:00,82.309,70.7,7.546,4.063,1.1642
4047,2023-06-18 15:00:00,81.548,70.141,7.415,3.993,1.1626
4048,2023-06-18 16:00:00,81.3,70.051,7.311,3.937,1.1606
4049,2023-06-18 17:00:00,80.836,69.796,7.176,3.864,1.1582
4050,2023-06-18 18:00:00,80.803,69.923,7.072,3.808,1.1556
4051,2023-06-18 19:00:00,79.302,68.778,6.841,3.684,1.153
4052,2023-06-18 20:00:00,79.053,68.704,6.727,3.622,1.1506
4053,2023-06-18 21:00:00,77.739,67.683,6.536,3.519,1.1486
4054,2023-06-18 22:00:00,78.208,68.185,6.515,3.508,1.147
4055,2023-06-18 23:00:00,77.783,67.873,6.441,3.468,1.146
4056,2023-06-19 00:00:00,78.887,68.856,6.52,3.511,1.1457
4057,2023-06-19 01:00:00,78.857,68.809,6.531,3.517,1.146
4058,2023-06-19 02:00:00,79.027,68.897,6.585,3.546,1.147
4059,2023-06-19 03:00:00,78.905,68.694,6.637,3.574,1.1486
4060,2023-06-19 04:00:00,79.742,69.296,6.789,3.656,1.1507
4061,2023-06-19 05:00:00,81.057,70.292,6.998,3.768,1.1532
4062,2023-06-19 06:00:00,80.375,69.544,7.041,3.791,1.1558
4063,2023-06-19 07:00:00,81.1,70.013,7.207,3.88,1.1584
4064,2023-06-19 08:00:00,82.418,71.002,7.42,3.996,1.1608
4065,2023-06-19 09:00:00,83.178,71.528,7.572,4.077,1.1629
4066,2023-06-19 10:00:00,82.606,70.939,7.584,4.084,1.1645
4067,2023-06-19 11:00:00,83.493,71.638,7.706,4.149,1.1655
4068,2023-06-19 12:00:00,83.572,71.684,7.727,4.161,1.1658
4069,2023-06-19 13:00:00,81.748,70.14,7.546,4.063,1.1655
4070,2023-06-19 14:00:00,83.102,71.362,7.631,4.109,1.1645
4071,2023-06-19 15:00:00,82.717,71.127,7.533,4.056,1.1629
4072,2023-06-19 16:00:00,82.147,70.763,7.4,3.985,1.1609
4073,2023-06-19 17:00:00,82.767,71.444,7.36,3.963,1.1585
4074,2023-06-19 18:00:00,79.93,69.149,7.008,3.773,1.1559
4075,2023-06-19 19:00:00,79.545,68.97,6.874,3.701,1.1533
4076,2023-06-19 20:00:00,77.454,67.296,6.602,3.555,1.1509
4077,2023-06-19 21:00:00,78.613,68.426,6.622,3.565,1.1489
4078,2023-06-19 22:00:00,78.254,68.208,6.531,3.516,1.1473
4079,2023-06-19 23:00:00,77.895,67.953,6.463,3.48,1.1463
4080,2023-06-20 00:00:00,79.102,69.025,6.55,3.527,1.146
4081,2023-06-20 01:00:00,78.997,68.912,6.555,3.53,1.1463
4082,2023-06-20 02:00:00,78.638,68.539,6.564,3.535,1.1473
4083,2023-06-20 03:00:00,78.707,68.503,6.632,3.571,1.149
4084,2023-06-20 04:00:00,80.392,69.843,6.857,3.692,1.151
4085,2023-06-20 05:00:00,80.204,69.533,6.936,3.735,1.1535
4086,2023-06-20 06:00:00,80.262,69.427,7.043,3.792,1.1561
4087,2023-06-20 07:00:00,80.239,69.252,7.142,3.846,1.1587
4088,2023-06-20 08:00:00,81.933,70.566,7.389,3.978,1.1611
4089,2023-06-20 09:00:00,83.476,71.766,7.611,4.098,1.1632
4090,2023-06-20 10:00:00,85.155,73.109,7.83,4.216,1.1648
4091,2023-06-20 11:00:00,83.626,71.733,7.73,4.162,1.1658
4092,2023-06-20 12:00:00,83.045,71.214,7.69,4.141,1.1661
4093,2023-06-20 13:00:00,82.61,70.861,7.637,4.112,1.1658
4094,2023-06-20 14:00:00,83.753,71.902,7.703,4.148,1.1648
4095,2023-06-20 15:00:00,81.43,70.002,7.428,4.0,1.1632
4096,2023-06-20 16:00:00,82.746,71.26,7.466,4.02,1.1612
4097,2023-06-20 17:00:00,82.303,71.025,7.33,3.947,1.1588
4098,2023-06-20 18:00:00,81.288,70.305,7.138,3.844,1.1562
4099,2023-06-20 19:00:00,80.054,69.393,6.93,3.731,1.1536
4100,2023-06-20 20:00:00,80.034,69.52,6.834,3.68,1.1512
4101,2023-06-20 21:00:00,79.158,68.882,6.679,3.596,1.1492
4102,2023-06-20 22:00:00,77.967,67.94,6.518,3.51,1.1476
4103,2023-06-20 23:00:00,79.81,69.605,6.633,3.572,1.1466
4104,2023-06-21 00:00:00,77.951,68.004,6.466,3.482,1.1463
4105,2023-06-21 01:00:00,78.949,68.853,6.562,3.534,1.1466
4106,2023-06-21 02:00:00,76.653,66.791,6.41,3.451,1.1476
4107,2023-06-21 03:00:00,80.052,69.656,6.757,3.639,1.1492
4108,2023-06-21 04:00:00,80.769,70.153,6.901,3.716,1.1513
4109,2023-06-21 05:00:00,80.264,69.568,6.953,3.744,1.1538
4110,2023-06-21 06:00:00,81.397,70.391,7.154,3.852,1.1564
4111,2023-06-21 07:00:00,82.105,70.844,7.32,3.941,1.159
4112,2023-06-21 08:00:00,81.79,70.425,7.387,3.978,1.1614
4113,2023-06-21 09:00:00,83.327,71.62,7.61,4.097,1.1635
4114,2023-06-21 10:00:00,82.66,70.95,7.612,4.099,1.1651
4115,2023-06-21 11:00:00,83.099,71.264,7.693,4.142,1.1661
4116,2023-06-21 12:00:00,84.611,72.539,7.847,4.225,1.1664
4117,2023-06-21 13:00:00,84.393,72.373,7.813,4.207,1.1661
4118,2023-06-21 14:00:00,82.747,71.021,7.622,4.104,1.1651
4119,2023-06-21 15:00:00,82.289,70.724,7.518,4.048,1.1635
4120,2023-06-21 16:00:00,81.794,70.423,7.391,3.98,1.1615
4121,2023-06-21 17:00:00,82.254,70.966,7.338,3.951,1.1591
4122,2023-06-21 18:00:00,80.145,69.3,7.049,3.796,1.1565
4123,2023-06-21 19:00:00,80.54,69.797,6.983,3.76,1.1539
4124,2023-06-21 20:00:00,80.201,69.648,6.859,3.694,1.1515
4125,2023-06-21 21:00:00,78.969,68.701,6.674,3.594,1.1495
4126,2023-06-21 22:00:00,79.424,69.192,6.651,3.581,1.1479
4127,2023-06-21 23:00:00,78.1,68.097,6.502,3.501,1.1469
4128,2023-06-22 00:00:00,78.081,68.1,6.488,3.493,1.1466
4129,2023-06-22 01:00:00,77.561,67.626,6.458,3.477,1.1469
4130,2023-06-22 02:00:00,79.433,69.196,6.653,3.583,1.1479
4131,2023-06-22 03:00:00,78.428,68.226,6.631,3.571,1.1495
4132,2023-06-22 04:00:00,79.887,69.37,6.836,3.681,1.1516
4133,2023-06-22 05:00:00,80.202,69.497,6.958,3.747,1.154
4134,2023-06-22 06:00:00,80.112,69.263,7.052,3.797,1.1566
4135,2023-06-22 07:00:00,81.177,70.027,7.248,3.903,1.1592
4136,2023-06-22 08:00:00,83.457,71.843,7.549,4.065,1.1617
4137,2023-06-22 09:00:00,83.066,71.379,7.597,4.091,1.1637
4138,2023-06-22 10:00:00,82.517,70.809,7.61,4.098,1.1653
4139,2023-06-22 11:00:00,83.865,71.904,7.775,4.186,1.1664
4140,2023-06-22 12:00:00,83.592,71.648,7.764,4.18,1.1667
4141,2023-06-22 13:00:00,86.438,74.108,8.014,4.315,1.1664
4142,2023-06-22 14:00:00,83.576,71.715,7.709,4.151,1.1654
4143,2023-06-22 15:00:00,82.597,70.971,7.557,4.069,1.1638
4144,2023-06-22 16:00:00,83.494,71.869,7.556,4.069,1.1617
4145,2023-06-22 17:00:00,80.185,69.164,7.164,3.857,1.1593
4146,2023-06-22 18:00:00,81.05,70.066,7.14,3.845,1.1568
4147,2023-06-22 19:00:00,81.882,70.943,7.11,3.829,1.1542
4148,2023-06-22 20:00:00,79.524,69.044,6.812,3.668,1.1518
4149,2023-06-22 21:00:00,77.664,67.549,6.574,3.54,1.1497
4150,2023-06-22 22:00:00,78.313,68.207,6.568,3.537,1.1482
4151,2023-06-22 23:00:00,79.531,69.328,6.632,3.571,1.1472
4152,2023-06-23 00:00:00,78.574,68.513,6.539,3.521,1.1468
4153,2023-06-23 01:00:00,77.691,67.722,6.479,3.489,1.1472
4154,2023-06-23 02:00:00,78.083,68.005,6.551,3.527,1.1482
4155,2023-06-23 03:00:00,78.613,68.371,6.657,3.585,1.1498
4156,2023-06-23 04:00:00,79.915,69.378,6.849,3.688,1.1519
4157,2023-06-23 05:00:00,81.36,70.484,7.069,3.807,1.1543
4158,2023-06-23 06:00:00,81.836,70.737,7.214,3.885,1.1569
4159,2023-06-23 07:00:00,82.061,70.772,7.338,3.951,1.1595
4160,2023-06-23 08:00:00,81.269,69.943,7.362,3.964,1.1619
4161,2023-06-23 09:00:00,81.839,70.308,7.495,4.036,1.164
4162,2023-06-23 10:00:00,83.794,71.889,7.739,4.167,1.1656
4163,2023-06-23 11:00:00,82.537,70.749,7.662,4.126,1.1666
4164,2023-06-23 12:00:00,83.546,71.592,7.77,4.184,1.167
4165,2023-06-23 13:00:00,83.885,71.903,7.788,4.194,1.1666
4166,2023-06-23 14:00:00,82.434,70.719,7.615,4.1,1.1657
4167,2023-06-23 15:00:00,82.091,70.52,7.521,4.05,1.1641
4168,2023-06-23 16:00:00,82.281,70.809,7.457,4.015,1.162
4169,2023-06-23 17:00:00,82.107,70.805,7.346,3.956,1.1596
4170,2023-06-23 18:00:00,81.852,70.743,7.221,3.888,1.157
4171,2023-06-23 19:00:00,80.78,69.972,7.025,3.783,1.1545
4172,2023-06-23 20:00:00,79.695,69.177,6.837,3.682,1.1521
4173,2023-06-23 21:00:00,78.476,68.24,6.653,3.583,1.15
4174,2023-06-23 22:00:00,77.788,67.735,6.535,3.519,1.1484
4175,2023-06-23 23:00:00,77.97,67.952,6.512,3.506,1.1474
4176,2023-06-24 00:00:00,77.816,67.837,6.486,3.493,1.1471
4177,2023-06-24 01:00:00,77.849,67.845,6.503,3.501,1.1475
4178,2023-06-24 02:00:00,76.16,66.315,6.399,3.446,1.1485
4179,2023-06-24 03:00:00,77.644,67.513,6.585,3.546,1.1501
4180,2023-06-24 04:00:00,79.807,69.268,6.85,3.689,1.1521
4181,2023-06-24 05:00:00,79.553,68.903,6.923,3.728,1.1546
4182,2023-06-24 06:00:00,79.044,68.308,6.978,3.757,1.1572
4183,2023-06-24 07:00:00,82.81,71.402,7.415,3.993,1.1598
4184,2023-06-24 08:00:00,81.533,70.155,7.396,3.982,1.1622
4185,2023-06-24 09:00:00,82.438,70.806,7.56,4.071,1.1643
4186,2023-06-24 10:00:00,82.888,71.095,7.665,4.127,1.1659
4187,2023-06-24 11:00:00,82.537,70.733,7.672,4.131,1.1669
4188,2023-06-24 12:00:00,82.337,70.541,7.668,4.129,1.1672
4189,2023-06-24 13:00:00,84.572,72.476,7.862,4.234,1.1669
4190,2023-06-24 14:00:00,83.383,71.518,7.713,4.153,1.1659
4191,2023-06-24 15:00:00,82.799,71.113,7.596,4.09,1.1643
4192,2023-06-24 16:00:00,82.031,70.578,7.444,4.008,1.1623
4193,2023-06-24 17:00:00,80.09,69.051,7.175,3.864,1.1599
4194,2023-06-24 18:00:00,81.235,70.194,7.177,3.864,1.1573
4195,2023-06-24 19:00:00,78.817,68.257,6.864,3.696,1.1547
4196,2023-06-24 20:00:00,79.075,68.623,6.794,3.658,1.1523
4197,2023-06-24 21:00:00,76.969,66.915,6.535,3.519,1.1503
4198,2023-06-24 22:00:00,76.221,66.356,6.412,3.453,1.1487
4199,2023-06-24 23:00:00,77.85,67.832,6.512,3.506,1.1477
4200,2023-06-25 00:00:00,76.854,66.984,6.416,3.455,1.1474
4201,2023-06-25 01:00:00,75.998,66.217,6.357,3.423,1.1477
4202,2023-06-25 02:00:00,78.3,68.163,6.589,3.548,1.1487
4203,2023-06-25 03:00:00,80.0,69.547,6.795,3.659,1.1503
4204,2023-06-25 04:00:00,79.974,69.398,6.874,3.702,1.1524
4205,2023-06-25 05:00:00,79.298,68.667,6.91,3.721,1.1548
4206,2023-06-25 06:00:00,80.216,69.306,7.091,3.818,1.1574
4207,2023-06-25 07:00:00,81.635,70.374,7.32,3.941,1.16
4208,2023-06-25 08:00:00,82.487,70.96,7.492,4.034,1.1624
4209,2023-06-25 09:00:00,81.862,70.297,7.517,4.048,1.1645
4210,2023-06-25 10:00:00,82.607,70.839,7.649,4.119,1.1661
4211,2023-06-25 11:00:00,83.1,71.201,7.735,4.165,1.1671
4212,2023-06-25 12:00:00,83.402,71.438,7.777,4.187,1.1675
4213,2023-06-25 13:00:00,82.747,70.897,7.703,4.148,1.1671
4214,2023-06-25 14:00:00,82.484,70.731,7.639,4.113,1.1662
4215,2023-06-25 15:00:00,83.271,71.503,7.649,4.119,1.1646
4216,2023-06-25 16:00:00,82.564,71.022,7.502,4.04,1.1625
4217,2023-06-25 17:00:00,81.309,70.087,7.294,3.928,1.1601
4218,2023-06-25 18:00:00,81.61,70.503,7.219,3.887,1.1575
4219,2023-06-25 19:00:00,79.203,68.577,6.907,3.719,1.155
4220,2023-06-25 20:00:00,80.173,69.561,6.898,3.714,1.1526
4221,2023-06-25 21:00:00,78.742,68.442,6.695,3.605,1.1505
4222,2023-06-25 22:00:00,80.509,70.074,6.783,3.652,1.1489
4223,2023-06-25 23:00:00,76.653,66.775,6.42,3.457,1.1479
4224,2023-06-26 00:00:00,77.77,67.767,6.501,3.501,1.1476
4225,2023-06-26 01:00:00,78.752,68.603,6.597,3.552,1.1479
4226,2023-06-26 02:00:00,79.005,68.763,6.658,3.585,1.149
4227,2023-06-26 03:00:00,80.686,70.128,6.863,3.695,1.1506
4228,2023-06-26 04:00:00,79.137,68.657,6.812,3.668,1.1526
4229,2023-06-26 05:00:00,81.062,70.181,7.073,3.809,1.1551
4230,2023-06-26 06:00:00,81.978,70.814,7.257,3.907,1.1577
4231,2023-06-26 07:00:00,82.315,70.946,7.39,3.979,1.1603
4232,2023-06-26 08:00:00,81.622,70.202,7.423,3.997,1.1627
4233,2023-06-26 09:00:00,84.122,72.223,7.734,4.165,1.1648
4234,2023-06-26 10:00:00,84.416,72.376,7.826,4.214,1.1664
4235,2023-06-26 11:00:00,84.178,72.11,7.844,4.224,1.1674
4236,2023-06-26 12:00:00,83.95,71.893,7.837,4.22,1.1677
4237,2023-06-26 13:00:00,83.875,71.849,7.817,4.209,1.1674
4238,2023-06-26 14:00:00,83.351,71.46,7.729,4.162,1.1664
4239,2023-06-26 15:00:00,83.501,71.686,7.679,4.135,1.1648
4240,2023-06-26 16:00:00,82.435,70.897,7.5,4.038,1.1627
4241,2023-06-26 17:00:00,81.061,69.859,7.281,3.921,1.1603
4242,2023-06-26 18:00:00,80.194,69.266,7.103,3.825,1.1578
4243,2023-06-26 19:00:00,79.732,69.021,6.962,3.749,1.1552
4244,2023-06-26 20:00:00,79.866,69.28,6.88,3.705,1.1528
4245,2023-06-26 21:00:00,79.105,68.744,6.735,3.626,1.1507
4246,2023-06-26 22:00:00,78.872,68.635,6.654,3.583,1.1491
4247,2023-06-26 23:00:00,78.833,68.66,6.612,3.56,1.1482
4248,2023-06-27 00:00:00,77.835,67.811,6.516,3.508,1.1478
4249,2023-06-27 01:00:00,79.609,69.336,6.678,3.596,1.1482
4250,2023-06-27 02:00:00,78.486,68.297,6.623,3.566,1.1492
4251,2023-06-27 03:00:00,78.781,68.459,6.71,3.613,1.1508
4252,2023-06-27 04:00:00,80.081,69.463,6.902,3.716,1.1529
4253,2023-06-27 05:00:00,78.861,68.262,6.89,3.71,1.1553
4254,2023-06-27 06:00:00,80.411,69.447,7.127,3.837,1.1579
4255,2023-06-27 07:00:00,82.556,71.14,7.421,3.996,1.1605
4256,2023-06-27 08:00:00,81.006,69.659,7.376,3.972,1.1629
4257,2023-06-27 09:00:00,83.901,72.02,7.723,4.159,1.165
4258,2023-06-27 10:00:00,84.662,72.573,7.858,4.231,1.1666
4259,2023-06-27 11:00:00,83.403,71.432,7.781,4.19,1.1676
4260,2023-06-27 12:00:00,84.038,71.954,7.854,4.229,1.1679
4261,2023-06-27 13:00:00,84.621,72.474,7.895,4.251,1.1676
4262,2023-06-27 14:00:00,83.05,71.189,7.71,4.151,1.1666
4263,2023-06-27 15:00:00,83.702,71.845,7.707,4.15,1.165
4264,2023-06-27 16:00:00,81.879,70.405,7.458,4.016,1.163
4265,2023-06-27 17:00:00,81.377,70.119,7.318,3.941,1.1606
4266,2023-06-27 18:00:00,80.411,69.44,7.131,3.84,1.158
4267,2023-06-27 19:00:00,80.632,69.787,7.05,3.796,1.1554
4268,2023-06-27 20:00:00,80.636,69.936,6.955,3.745,1.153
4269,2023-06-27 21:00:00,78.994,68.634,6.734,3.626,1.1509
4270,2023-06-27 22:00:00,77.691,67.595,6.563,3.534,1.1494
4271,2023-06-27 23:00:00,77.575,67.552,6.515,3.508,1.1484
4272,2023-06-28 00:00:00,78.671,68.526,6.594,3.551,1.148
4273,2023-06-28 01:00:00,79.929,69.601,6.713,3.615,1.1484
4274,2023-06-28 02:00:00,79.033,68.76,6.677,3.595,1.1494
4275,2023-06-28 03:00:00,78.834,68.492,6.722,3.62,1.151
4276,2023-06-28 04:00:00,80.325,69.661,6.931,3.732,1.1531
4277,2023-06-28 05:00:00,80.168,69.379,7.012,3.776,1.1555
4278,2023-06-28 06:00:00,80.76,69.735,7.166,3.859,1.1581
4279,2023-06-28 07:00:00,80.995,69.782,7.289,3.925,1.1607
4280,2023-06-28 08:00:00,83.582,71.861,7.619,4.102,1.1631
4281,2023-06-28 09:00:00,80.934,69.46,7.458,4.016,1.1652
4282,2023-06-28 10:00:00,84.095,72.074,7.814,4.207,1.1668
4283,2023-06-28 11:00:00,83.341,71.366,7.784,4.191,1.1678
4284,2023-06-28 12:00:00,83.479,71.463,7.811,4.206,1.1681
4285,2023-06-28 13:00:00,85.105,72.875,7.949,4.28,1.1678
4286,2023-06-28 14:00:00,82.863,71.016,7.701,4.147,1.1668
4287,2023-06-28 15:00:00,82.454,70.761,7.6,4.093,1.1652
4288,2023-06-28 16:00:00,82.334,70.784,7.508,4.043,1.1632
4289,2023-06-28 17:00:00,82.117,70.743,7.393,3.981,1.1608
4290,2023-06-28 18:00:00,80.716,69.691,7.166,3.859,1.1582
4291,2023-06-28 19:00:00,79.097,68.445,6.923,3.728,1.1556
4292,2023-06-28 20:00:00,79.017,68.519,6.824,3.674,1.1532
4293,2023-06-28 21:00:00,80.189,69.659,6.844,3.685,1.1512
4294,2023-06-28 22:00:00,78.788,68.537,6.663,3.588,1.1496
4295,2023-06-28 23:00:00,78.822,68.625,6.628,3.569,1.1486
4296,2023-06-29 00:00:00,78.158,68.067,6.559,3.532,1.1482
4297,2023-06-29 01:00:00,77.93,67.848,6.553,3.529,1.1486
4298,2023-06-29 02:00:00,80.08,69.659,6.774,3.647,1.1496
4299,2023-06-29 03:00:00,79.008,68.631,6.745,3.632,1.1512
4300,2023-06-29 04:00:00,79.363,68.815,6.856,3.692,1.1533
4301,2023-06-29 05:00:00,81.263,70.314,7.116,3.832,1.1557
4302,2023-06-29 06:00:00,80.495,69.494,7.151,3.85,1.1583
4303,2023-06-29 07:00:00,81.305,70.037,7.325,3.944,1.1609
4304,2023-06-29 08:00:00,82.458,70.882,7.525,4.052,1.1633
4305,2023-06-29 09:00:00,83.02,71.238,7.659,4.124,1.1654
4306,2023-06-29 10:00:00,83.67,71.697,7.782,4.191,1.167
4307,2023-06-29 11:00:00,85.444,73.155,7.988,4.301,1.168
4308,2023-06-29 12:00:00,84.104,71.985,7.877,4.242,1.1683
4309,2023-06-29 13:00:00,81.791,70.026,7.648,4.118,1.168
4310,2023-06-29 14:00:00,83.727,71.744,7.789,4.194,1.167
4311,2023-06-29 15:00:00,83.054,71.264,7.664,4.127,1.1654
4312,2023-06-29 16:00:00,82.49,70.905,7.53,4.055,1.1634
4313,2023-06-29 17:00:00,81.994,70.625,7.39,3.979,1.161
4314,2023-06-29 18:00:00,81.065,69.98,7.205,3.88,1.1584
4315,2023-06-29 19:00:00,80.341,69.51,7.04,3.791,1.1558
4316,2023-06-29 20:00:00,80.225,69.554,6.936,3.735,1.1534
4317,2023-06-29 21:00:00,78.733,68.383,6.727,3.622,1.1514
4318,2023-06-29 22:00:00,77.979,67.821,6.602,3.555,1.1498
4319,2023-06-29 23:00:00,80.904,70.426,6.811,3.667,1.1488
4320,2023-06-30 00:00:00,77.806,67.749,6.537,3.52,1.1484
4321,2023-06-30 01:00:00,78.554,68.38,6.613,3.561,1.1488
4322,2023-06-30 02:00:00,77.54,67.437,6.566,3.536,1.1498
4323,2023-06-30 03:00:00,79.267,68.844,6.775,3.648,1.1514
4324,2023-06-30 04:00:00,78.981,68.472,6.831,3.678,1.1535
4325,2023-06-30 05:00:00,80.031,69.237,7.016,3.778,1.1559
4326,2023-06-30 06:00:00,81.942,70.732,7.287,3.924,1.1585
4327,2023-06-30 07:00:00,82.186,70.783,7.412,3.991,1.1611
4328,2023-06-30 08:00:00,82.927,71.273,7.575,4.079,1.1635
4329,2023-06-30 09:00:00,81.588,69.998,7.534,4.057,1.1656
4330,2023-06-30 10:00:00,84.973,72.801,7.911,4.26,1.1672
4331,2023-06-30 11:00:00,82.773,70.856,7.746,4.171,1.1682
4332,2023-06-30 12:00:00,85.093,72.82,7.977,4.296,1.1685
4333,2023-06-30 13:00:00,84.584,72.405,7.916,4.263,1.1682
4334,2023-06-30 14:00:00,83.946,71.92,7.817,4.209,1.1672
4335,2023-06-30 15:00:00,82.339,70.639,7.605,4.095,1.1656
4336,2023-06-30 16:00:00,82.591,70.981,7.547,4.064,1.1636
4337,2023-06-30 17:00:00,81.425,70.123,7.346,3.956,1.1612
4338,2023-06-30 18:00:00,81.124,70.02,7.218,3.886,1.1586
4339,2023-06-30 19:00:00,80.194,69.372,7.035,3.788,1.156
4340,2023-06-30 20:00:00,78.096,67.698,6.759,3.639,1.1536
4341,2023-06-30 21:00:00,80.087,69.548,6.85,3.689,1.1515
4342,2023-06-30 22:00:00,78.689,68.428,6.67,3.591,1.15
4343,2023-06-30 23:00:00,78.095,67.97,6.581,3.544,1.149
4344,2023-07-01 00:00:00,77.139,67.158,6.488,3.494,1.1486
4345,2023-07-01 01:00:00,77.97,67.861,6.571,3.538,1.149
4346,2023-07-01 02:00:00,77.232,67.159,6.547,3.525,1.15
4347,2023-07-01 03:00:00,76.562,66.484,6.55,3.527,1.1516
4348,2023-07-01 04:00:00,79.268,68.71,6.863,3.695,1.1537
4349,2023-07-01 05:00:00,80.013,69.21,7.021,3.781,1.1561
4350,2023-07-01 06:00:00,80.134,69.16,7.133,3.841,1.1587
4351,2023-07-01 07:00:00,80.069,68.949,7.228,3.892,1.1613
4352,2023-07-01 08:00:00,81.734,70.237,7.473,4.024,1.1637
4353,2023-07-01 09:00:00,81.035,69.512,7.49,4.033,1.1658
4354,2023-07-01 10:00:00,81.828,70.096,7.626,4.106,1.1674
4355,2023-07-01 11:00:00,82.329,70.465,7.712,4.152,1.1684
4356,2023-07-01 12:00:00,83.728,71.641,7.857,4.23,1.1687
4357,2023-07-01 13:00:00,82.647,70.737,7.742,4.169,1.1684
4358,2023-07-01 14:00:00,82.304,70.502,7.671,4.131,1.1674
4359,2023-07-01 15:00:00,83.828,71.906,7.75,4.173,1.1658
4360,2023-07-01 16:00:00,81.953,70.422,7.495,4.036,1.1637
4361,2023-07-01 17:00:00,81.283,69.99,7.34,3.952,1.1613
4362,2023-07-01 18:00:00,80.002,69.041,7.125,3.836,1.1588
4363,2023-07-01 19:00:00,79.117,68.43,6.947,3.741,1.1562
4364,2023-07-01 20:00:00,77.181,66.895,6.686,3.6,1.1538
4365,2023-07-01 21:00:00,79.169,68.741,6.779,3.65,1.1517
4366,2023-07-01 22:00:00,78.322,68.098,6.645,3.578,1.1501
4367,2023-07-01 23:00:00,77.549,67.484,6.542,3.523,1.1491
4368,2023-07-02 00:00:00,77.491,67.454,6.524,3.513,1.1488
4369,2023-07-02 01:00:00,78.286,68.125,6.605,3.556,1.1492
4370,2023-07-02 02:00:00,76.711,66.696,6.51,3.505,1.1502
4371,2023-07-02 03:00:00,77.916,67.65,6.673,3.593,1.1518
4372,2023-07-02 04:00:00,78.033,67.63,6.762,3.641,1.1538
4373,2023-07-02 05:00:00,81.038,70.087,7.118,3.833,1.1562
4374,2023-07-02 06:00:00,81.018,69.913,7.218,3.887,1.1588
4375,2023-07-02 07:00:00,79.223,68.211,7.158,3.854,1.1614
4376,2023-07-02 08:00:00,80.44,69.115,7.361,3.964,1.1639
4377,2023-07-02 09:00:00,82.134,70.445,7.598,4.091,1.1659
4378,2023-07-02 10:00:00,82.293,70.485,7.675,4.133,1.1675
4379,2023-07-02 11:00:00,81.872,70.063,7.675,4.133,1.1685
4380,2023-07-02 12:00:00,84.641,72.411,7.949,4.28,1.1689
4381,2023-07-02 13:00:00,83.212,71.209,7.802,4.201,1.1686
4382,2023-07-02 14:00:00,83.069,71.148,7.749,4.173,1.1676
4383,2023-07-02 15:00:00,81.68,70.053,7.558,4.069,1.166
4384,2023-07-02 16:00:00,82.266,70.681,7.53,4.055,1.1639
4385,2023-07-02 17:00:00,80.709,69.487,7.295,3.928,1.1615
4386,2023-07-02 18:00:00,80.084,69.102,7.138,3.844,1.1589
4387,2023-07-02 19:00:00,80.105,69.275,7.04,3.791,1.1563
4388,2023-07-02 20:00:00,77.642,67.285,6.732,3.625,1.1539
4389,2023-07-02 21:00:00,79.687,69.18,6.829,3.677,1.1519
4390,2023-07-02 22:00:00,78.119,67.912,6.634,3.572,1.1503
4391,2023-07-02 23:00:00,78.734,68.506,6.648,3.58,1.1493
4392,2023-07-03 00:00:00,77.552,67.497,6.536,3.519,1.149
4393,2023-07-03 01:00:00,77.766,67.663,6.567,3.536,1.1493
4394,2023-07-03 02:00:00,77.843,67.671,6.612,3.56,1.1503
4395,2023-07-03 03:00:00,79.41,68.938,6.807,3.665,1.1519
4396,2023-07-03 04:00:00,79.823,69.171,6.924,3.728,1.154
4397,2023-07-03 05:00:00,80.049,69.222,7.037,3.789,1.1564
4398,2023-07-03 06:00:00,80.307,69.29,7.161,3.856,1.159
4399,2023-07-03 07:00:00,80.808,69.566,7.307,3.935,1.1616
4400,2023-07-03 08:00:00,82.46,70.841,7.552,4.067,1.164
4401,2023-07-03 09:00:00,82.689,70.912,7.656,4.122,1.1661
4402,2023-07-03 10:00:00,82.947,71.036,7.743,4.169,1.1677
4403,2023-07-03 11:00:00,85.05,72.773,7.98,4.297,1.1687
4404,2023-07-03 12:00:00,83.811,71.692,7.877,4.242,1.169
4405,2023-07-03 13:00:00,84.824,72.579,7.959,4.286,1.1687
4406,2023-07-03 14:00:00,83.074,71.142,7.755,4.176,1.1677
4407,2023-07-03 15:00:00,83.272,71.409,7.711,4.152,1.1661
4408,2023-07-03 16:00:00,82.458,70.836,7.554,4.068,1.1641
4409,2023-07-03 17:00:00,80.462,69.265,7.278,3.919,1.1617
4410,2023-07-03 18:00:00,82.294,71.0,7.341,3.953,1.1591
4411,2023-07-03 19:00:00,80.321,69.452,7.065,3.804,1.1565
4412,2023-07-03 20:00:00,80.379,69.647,6.976,3.756,1.1541
4413,2023-07-03 21:00:00,78.61,68.236,6.743,3.631,1.152
4414,2023-07-03 22:00:00,78.655,68.369,6.686,3.6,1.1504
4415,2023-07-03 23:00:00,77.821,67.703,6.577,3.541,1.1494
4416,2023-07-04 00:00:00,79.421,69.115,6.699,3.607,1.1491
4417,2023-07-04 01:00:00,78.77,68.528,6.657,3.585,1.1495
4418,2023-07-04 02:00:00,79.085,68.741,6.723,3.62,1.1505
4419,2023-07-04 03:00:00,80.314,69.713,6.89,3.71,1.1521
4420,2023-07-04 04:00:00,80.714,69.934,7.007,3.773,1.1541
4421,2023-07-04 05:00:00,81.055,70.083,7.132,3.84,1.1566
4422,2023-07-04 06:00:00,79.987,69.005,7.138,3.844,1.1591
4423,2023-07-04 07:00:00,81.283,69.966,7.356,3.961,1.1617
4424,2023-07-04 08:00:00,81.692,70.172,7.488,4.032,1.1642
4425,2023-07-04 09:00:00,83.674,71.747,7.753,4.174,1.1662
4426,2023-07-04 10:00:00,83.658,71.635,7.815,4.208,1.1678
4427,2023-07-04 11:00:00,82.657,70.717,7.761,4.179,1.1688
4428,2023-07-04 12:00:00,83.735,71.618,7.876,4.241,1.1692
4429,2023-07-04 13:00:00,82.573,70.644,7.753,4.175,1.1688
4430,2023-07-04 14:00:00,83.476,71.478,7.799,4.199,1.1679
4431,2023-07-04 15:00:00,81.731,70.079,7.574,4.078,1.1663
4432,2023-07-04 16:00:00,82.944,71.245,7.604,4.095,1.1642
4433,2023-07-04 17:00:00,82.16,70.718,7.437,4.005,1.1618
4434,2023-07-04 18:00:00,82.694,71.336,7.383,3.975,1.1592
4435,2023-07-04 19:00:00,81.127,70.141,7.141,3.845,1.1566
4436,2023-07-04 20:00:00,79.444,68.829,6.9,3.715,1.1542
4437,2023-07-04 21:00:00,79.886,69.335,6.858,3.693,1.1522
4438,2023-07-04 22:00:00,77.671,67.506,6.607,3.558,1.1506
4439,2023-07-04 23:00:00,77.753,67.636,6.576,3.541,1.1496
4440,2023-07-05 00:00:00,78.704,68.483,6.644,3.577,1.1493
4441,2023-07-05 01:00:00,76.792,66.799,6.495,3.498,1.1496
4442,2023-07-05 02:00:00,78.768,68.458,6.702,3.609,1.1506
4443,2023-07-05 03:00:00,78.405,68.048,6.732,3.625,1.1522
4444,2023-07-05 04:00:00,79.871,69.196,6.939,3.736,1.1543
4445,2023-07-05 05:00:00,79.572,68.793,7.006,3.773,1.1567
4446,2023-07-05 06:00:00,81.494,70.297,7.278,3.919,1.1593
4447,2023-07-05 07:00:00,81.873,70.466,7.415,3.992,1.1619
4448,2023-07-05 08:00:00,83.661,71.855,7.674,4.132,1.1643
4449,2023-07-05 09:00:00,83.095,71.242,7.704,4.148,1.1664
4450,2023-07-05 10:00:00,82.899,70.977,7.749,4.173,1.168
4451,2023-07-05 11:00:00,83.602,71.518,7.855,4.23,1.169
4452,2023-07-05 12:00:00,82.798,70.809,7.793,4.196,1.1693
4453,2023-07-05 13:00:00,84.137,71.975,7.906,4.257,1.169
4454,2023-07-05 14:00:00,84.012,71.928,7.854,4.229,1.168
4455,2023-07-05 15:00:00,85.108,72.966,7.892,4.25,1.1664
4456,2023-07-05 16:00:00,82.016,70.44,7.524,4.052,1.1643
4457,2023-07-05 17:00:00,81.644,70.265,7.396,3.982,1.1619
4458,2023-07-05 18:00:00,80.687,69.597,7.209,3.882,1.1593
4459,2023-07-05 19:00:00,80.621,69.696,7.102,3.824,1.1568
4460,2023-07-05 20:00:00,80.103,69.392,6.962,3.749,1.1544
4461,2023-07-05 21:00:00,79.192,68.725,6.803,3.663,1.1523
4462,2023-07-05 22:00:00,79.681,69.245,6.783,3.653,1.1507
4463,2023-07-05 23:00:00,78.04,67.878,6.605,3.557,1.1497
4464,2023-07-06 00:00:00,79.239,68.94,6.694,3.604,1.1494
4465,2023-07-06 01:00:00,78.971,68.687,6.685,3.599,1.1497
4466,2023-07-06 02:00:00,78.797,68.476,6.709,3.612,1.1507
4467,2023-07-06 03:00:00,78.983,68.542,6.786,3.654,1.1523
4468,2023-07-06 04:00:00,81.759,70.824,7.108,3.827,1.1544
4469,2023-07-06 05:00:00,79.792,68.975,7.031,3.786,1.1568
4470,2023-07-06 06:00:00,81.4,70.209,7.275,3.917,1.1594
4471,2023-07-06 07:00:00,81.256,69.928,7.363,3.965,1.162
4472,2023-07-06 08:00:00,83.984,72.125,7.708,4.151,1.1644
4473,2023-07-06 09:00:00,83.822,71.858,7.777,4.187,1.1665
4474,2023-07-06 10:00:00,82.982,71.041,7.762,4.179,1.1681
4475,2023-07-06 11:00:00,84.232,72.049,7.919,4.264,1.1691
4476,2023-07-06 12:00:00,84.118,71.93,7.922,4.266,1.1694
4477,2023-07-06 13:00:00,83.391,71.329,7.84,4.222,1.1691
4478,2023-07-06 14:00:00,84.158,72.046,7.872,4.239,1.1681
4479,2023-07-06 15:00:00,83.418,71.51,7.74,4.168,1.1665
4480,2023-07-06 16:00:00,82.707,71.026,7.592,4.088,1.1645
4481,2023-07-06 17:00:00,81.836,70.424,7.418,3.994,1.162
4482,2023-07-06 18:00:00,81.512,70.302,7.287,3.924,1.1595
4483,2023-07-06 19:00:00,80.644,69.708,7.108,3.828,1.1569
4484,2023-07-06 20:00:00,79.851,69.166,6.945,3.74,1.1545
4485,2023-07-06 21:00:00,78.726,68.314,6.768,3.644,1.1524
4486,2023-07-06 22:00:00,80.178,69.67,6.83,3.678,1.1508
4487,2023-07-06 23:00:00,77.699,67.574,6.581,3.544,1.1498
4488,2023-07-07 00:00:00,78.797,68.549,6.661,3.587,1.1495
4489,2023-07-07 01:00:00,78.287,68.085,6.631,3.571,1.1498
4490,2023-07-07 02:00:00,80.232,69.716,6.836,3.681,1.1508
4491,2023-07-07 03:00:00,78.516,68.13,6.751,3.635,1.1524
4492,2023-07-07 04:00:00,79.211,68.61,6.891,3.71,1.1545
4493,2023-07-07 05:00:00,79.676,68.868,7.025,3.783,1.1569
4494,2023-07-07 06:00:00,81.429,70.226,7.282,3.921,1.1595
4495,2023-07-07 07:00:00,80.757,69.492,7.323,3.943,1.1621
4496,2023-07-07 08:00:00,82.146,70.54,7.544,4.062,1.1645
4497,2023-07-07 09:00:00,81.348,69.731,7.551,4.066,1.1666
4498,2023-07-07 10:00:00,83.741,71.684,7.837,4.22,1.1682
4499,2023-07-07 11:00:00,83.411,71.34,7.846,4.225,1.1692
4500,2023-07-07 12:00:00,82.697,70.708,7.792,4.196,1.1695
4501,2023-07-07 13:00:00,84.71,72.45,7.969,4.291,1.1692
4502,2023-07-07 14:00:00,82.476,70.6,7.719,4.157,1.1682
4503,2023-07-07 15:00:00,83.759,71.795,7.776,4.187,1.1666
4504,2023-07-07 16:00:00,81.967,70.384,7.529,4.054,1.1646
4505,2023-07-07 17:00:00,83.18,71.574,7.544,4.062,1.1622
4506,2023-07-07 18:00:00,81.778,70.525,7.315,3.939,1.1596
4507,2023-07-07 19:00:00,79.649,68.841,7.025,3.783,1.157
4508,2023-07-07 20:00:00,79.069,68.483,6.881,3.705,1.1546
4509,2023-07-07 21:00:00,79.738,69.186,6.859,3.693,1.1525
4510,2023-07-07 22:00:00,78.609,68.301,6.701,3.608,1.1509
4511,2023-07-07 23:00:00,78.415,68.191,6.646,3.578,1.1499
4512,2023-07-08 00:00:00,78.679,68.441,6.655,3.583,1.1496
4513,2023-07-08 01:00:00,77.144,67.086,6.538,3.521,1.1499
4514,2023-07-08 02:00:00,78.09,67.848,6.657,3.584,1.1509
4515,2023-07-08 03:00:00,79.215,68.731,6.815,3.669,1.1525
4516,2023-07-08 04:00:00,79.658,68.991,6.934,3.733,1.1546
4517,2023-07-08 05:00:00,79.529,68.735,7.016,3.778,1.157
4518,2023-07-08 06:00:00,80.127,69.098,7.169,3.86,1.1596
4519,2023-07-08 07:00:00,79.653,68.536,7.226,3.891,1.1622
4520,2023-07-08 08:00:00,80.867,69.436,7.43,4.001,1.1646
4521,2023-07-08 09:00:00,82.556,70.76,7.667,4.129,1.1667
4522,2023-07-08 10:00:00,82.621,70.719,7.736,4.166,1.1683
4523,2023-07-08 11:00:00,83.07,71.043,7.818,4.21,1.1693
4524,2023-07-08 12:00:00,83.954,71.777,7.915,4.262,1.1696
4525,2023-07-08 13:00:00,82.038,70.159,7.721,4.157,1.1693
4526,2023-07-08 14:00:00,82.542,70.65,7.729,4.162,1.1683
4527,2023-07-08 15:00:00,82.452,70.67,7.659,4.124,1.1667
4528,2023-07-08 16:00:00,81.156,69.682,7.458,4.016,1.1647
4529,2023-07-08 17:00:00,82.235,70.755,7.462,4.018,1.1623
4530,2023-07-08 18:00:00,81.102,69.936,7.258,3.908,1.1597
4531,2023-07-08 19:00:00,79.897,69.05,7.05,3.796,1.1571
4532,2023-07-08 20:00:00,80.459,69.681,7.006,3.772,1.1547
4533,2023-07-08 21:00:00,77.24,67.013,6.647,3.579,1.1526
4534,2023-07-08 22:00:00,78.015,67.779,6.653,3.583,1.151
4535,2023-07-08 23:00:00,78.048,67.866,6.618,3.564,1.15
4536,2023-07-09 00:00:00,76.925,66.91,6.51,3.505,1.1497
4537,2023-07-09 01:00:00,77.995,67.82,6.614,3.561,1.15
4538,2023-07-09 02:00:00,77.131,67.01,6.579,3.542,1.151
4539,2023-07-09 03:00:00,79.008,68.546,6.8,3.662,1.1526
4540,2023-07-09 04:00:00,79.866,69.165,6.955,3.745,1.1547
4541,2023-07-09 05:00:00,79.885,69.038,7.051,3.796,1.1571
4542,2023-07-09 06:00:00,78.864,68.003,7.059,3.801,1.1597
4543,2023-07-09 07:00:00,80.287,69.076,7.287,3.924,1.1623
4544,2023-07-09 08:00:00,82.194,70.57,7.556,4.068,1.1647
4545,2023-07-09 09:00:00,82.32,70.552,7.649,4.119,1.1668
4546,2023-07-09 10:00:00,80.536,68.93,7.544,4.062,1.1684
4547,2023-07-09 11:00:00,84.033,71.86,7.912,4.26,1.1694
4548,2023-07-09 12:00:00,83.221,71.146,7.849,4.226,1.1697
4549,2023-07-09 13:00:00,82.345,70.417,7.753,4.175,1.1694
4550,2023-07-09 14:00:00,83.554,71.512,7.828,4.215,1.1684
4551,2023-07-09 15:00:00,81.75,70.063,7.597,4.091,1.1668
4552,2023-07-09 16:00:00,81.175,69.693,7.463,4.019,1.1647
4553,2023-07-09 17:00:00,81.368,70.004,7.387,3.977,1.1623
4554,2023-07-09 18:00:00,81.817,70.547,7.325,3.944,1.1597
4555,2023-07-09 19:00:00,80.983,69.984,7.149,3.85,1.1572
4556,2023-07-09 20:00:00,79.305,68.677,6.908,3.72,1.1548
4557,2023-07-09 21:00:00,78.828,68.386,6.787,3.655,1.1527
4558,2023-07-09 22:00:00,78.665,68.339,6.712,3.614,1.1511
4559,2023-07-09 23:00:00,76.746,66.73,6.511,3.506,1.1501
4560,2023-07-10 00:00:00,78.99,68.701,6.688,3.601,1.1498
4561,2023-07-10 01:00:00,77.973,67.796,6.615,3.562,1.1501
4562,2023-07-10 02:00:00,79.09,68.707,6.749,3.634,1.1511
4563,2023-07-10 03:00:00,79.08,68.603,6.81,3.667,1.1527
4564,2023-07-10 04:00:00,80.229,69.476,6.99,3.764,1.1548
4565,2023-07-10 05:00:00,80.575,69.63,7.115,3.831,1.1572
4566,2023-07-10 06:00:00,78.69,67.849,7.047,3.794,1.1598
4567,2023-07-10 07:00:00,82.038,70.578,7.449,4.011,1.1624
4568,2023-07-10 08:00:00,83.078,71.325,7.64,4.114,1.1648
4569,2023-07-10 09:00:00,83.489,71.55,7.761,4.179,1.1669
4570,2023-07-10 10:00:00,83.479,71.444,7.823,4.212,1.1685
4571,2023-07-10 11:00:00,85.183,72.84,8.023,4.32,1.1695
4572,2023-07-10 12:00:00,84.188,71.968,7.943,4.277,1.1698
4573,2023-07-10 13:00:00,84.198,71.997,7.931,4.27,1.1695
4574,2023-07-10 14:00:00,84.418,72.247,7.911,4.26,1.1685
4575,2023-07-10 15:00:00,83.422,71.491,7.755,4.176,1.1669
4576,2023-07-10 16:00:00,81.824,70.246,7.525,4.052,1.1648
4577,2023-07-10 17:00:00,79.911,68.746,7.257,3.908,1.1624
4578,2023-07-10 18:00:00,80.8,69.666,7.237,3.897,1.1598
4579,2023-07-10 19:00:00,81.099,70.08,7.162,3.857,1.1572
4580,2023-07-10 20:00:00,79.542,68.878,6.932,3.732,1.1548
4581,2023-07-10 21:00:00,79.913,69.323,6.883,3.706,1.1528
4582,2023-07-10 22:00:00,78.957,68.589,6.74,3.629,1.1512
4583,2023-07-10 23:00:00,79.605,69.211,6.756,3.638,1.1502
4584,2023-07-11 00:00:00,78.239,68.043,6.627,3.568,1.1498
4585,2023-07-11 01:00:00,78.945,68.637,6.7,3.608,1.1502
4586,2023-07-11 02:00:00,79.246,68.839,6.765,3.642,1.1512
4587,2023-07-11 03:00:00,80.479,69.814,6.933,3.733,1.1528
4588,2023-07-11 04:00:00,78.449,67.93,6.837,3.682,1.1548
4589,2023-07-11 05:00:00,80.113,69.226,7.076,3.81,1.1573
4590,2023-07-11 06:00:00,81.879,70.594,7.335,3.95,1.1599
4591,2023-07-11 07:00:00,83.155,71.535,7.553,4.067,1.1624
4592,2023-07-11 08:00:00,82.755,71.043,7.613,4.099,1.1649
4593,2023-07-11 09:00:00,82.89,71.033,7.707,4.15,1.1669
4594,2023-07-11 10:00:00,84.187,72.046,7.892,4.249,1.1685
4595,2023-07-11 11:00:00,84.555,72.298,7.967,4.29,1.1695
4596,2023-07-11 12:00:00,83.643,71.498,7.894,4.251,1.1699
4597,2023-07-11 13:00:00,84.114,71.922,7.925,4.267,1.1695
4598,2023-07-11 14:00:00,84.534,72.342,7.925,4.267,1.1685
4599,2023-07-11 15:00:00,84.674,72.561,7.874,4.24,1.1669
4600,2023-07-11 16:00:00,83.166,71.395,7.651,4.12,1.1649
4601,2023-07-11 17:00:00,81.935,70.484,7.443,4.008,1.1625
4602,2023-07-11 18:00:00,81.148,69.962,7.271,3.915,1.1599
4603,2023-07-11 19:00:00,80.938,69.937,7.15,3.85,1.1573
4604,2023-07-11 20:00:00,79.738,69.044,6.951,3.743,1.1549
4605,2023-07-11 21:00:00,79.424,68.895,6.843,3.685,1.1528
4606,2023-07-11 22:00:00,77.989,67.744,6.659,3.586,1.1512
4607,2023-07-11 23:00:00,79.616,69.218,6.759,3.64,1.1502
4608,2023-07-12 00:00:00,77.562,67.452,6.572,3.539,1.1499
4609,2023-07-12 01:00:00,78.224,68.007,6.641,3.576,1.1502
4610,2023-07-12 02:00:00,78.92,68.553,6.739,3.629,1.1512
4611,2023-07-12 03:00:00,80.878,70.156,6.969,3.753,1.1528
4612,2023-07-12 04:00:00,79.491,68.829,6.93,3.732,1.1549
4613,2023-07-12 05:00:00,79.948,69.081,7.064,3.804,1.1573
4614,2023-07-12 06:00:00,80.746,69.614,7.236,3.896,1.1599
4615,2023-07-12 07:00:00,83.251,71.614,7.564,4.073,1.1625
4616,2023-07-12 08:00:00,80.27,68.906,7.386,3.977,1.1649
4617,2023-07-12 09:00:00,82.314,70.536,7.656,4.122,1.167
4618,2023-07-12 10:00:00,85.805,73.427,8.046,4.332,1.1686
4619,2023-07-12 11:00:00,84.331,72.104,7.948,4.279,1.1696
4620,2023-07-12 12:00:00,83.036,70.976,7.839,4.221,1.1699
4621,2023-07-12 13:00:00,83.813,71.661,7.899,4.253,1.1696
4622,2023-07-12 14:00:00,83.627,71.563,7.842,4.222,1.1686
4623,2023-07-12 15:00:00,83.825,71.83,7.797,4.198,1.167
4624,2023-07-12 16:00:00,84.064,72.163,7.736,4.165,1.1649
4625,2023-07-12 17:00:00,82.219,70.725,7.471,4.023,1.1625
4626,2023-07-12 18:00:00,80.757,69.622,7.237,3.897,1.1599
4627,2023-07-12 19:00:00,81.127,70.098,7.169,3.86,1.1573
4628,2023-07-12 20:00:00,79.27,68.636,6.912,3.722,1.1549
4629,2023-07-12 21:00:00,78.44,68.039,6.76,3.64,1.1529
4630,2023-07-12 22:00:00,77.426,67.253,6.613,3.561,1.1513
4631,2023-07-12 23:00:00,77.315,67.214,6.565,3.535,1.1503
4632,2023-07-13 00:00:00,77.762,67.622,6.59,3.549,1.1499
4633,2023-07-13 01:00:00,77.627,67.485,6.592,3.55,1.1503
4634,2023-07-13 02:00:00,79.097,68.704,6.756,3.638,1.1513
4635,2023-07-13 03:00:00,78.306,67.923,6.749,3.634,1.1529
4636,2023-07-13 04:00:00,77.294,66.924,6.74,3.629,1.1549
4637,2023-07-13 05:00:00,79.645,68.816,7.039,3.79,1.1574
4638,2023-07-13 06:00:00,80.813,69.67,7.243,3.9,1.1599
4639,2023-07-13 07:00:00,81.411,70.029,7.398,3.984,1.1625
4640,2023-07-13 08:00:00,83.805,71.939,7.713,4.153,1.1649
4641,2023-07-13 09:00:00,82.634,70.808,7.687,4.139,1.167
4642,2023-07-13 10:00:00,84.295,72.132,7.906,4.257,1.1686
4643,2023-07-13 11:00:00,83.834,71.677,7.902,4.255,1.1696
4644,2023-07-13 12:00:00,83.91,71.72,7.923,4.266,1.17
4645,2023-07-13 13:00:00,83.166,71.106,7.839,4.221,1.1696
4646,2023-07-13 14:00:00,83.526,71.474,7.834,4.218,1.1686
4647,2023-07-13 15:00:00,82.511,70.702,7.676,4.133,1.167
4648,2023-07-13 16:00:00,82.705,70.994,7.612,4.099,1.165
4649,2023-07-13 17:00:00,81.713,70.288,7.426,3.999,1.1625
4650,2023-07-13 18:00:00,80.43,69.339,7.21,3.882,1.16
4651,2023-07-13 19:00:00,81.296,70.241,7.185,3.869,1.1574
4652,2023-07-13 20:00:00,80.182,69.424,6.993,3.765,1.155
4653,2023-07-13 21:00:00,78.914,68.449,6.803,3.663,1.1529
4654,2023-07-13 22:00:00,78.964,68.586,6.745,3.632,1.1513
4655,2023-07-13 23:00:00,78.51,68.251,6.668,3.591,1.1503
4656,2023-07-14 00:00:00,77.787,67.643,6.594,3.551,1.15
4657,2023-07-14 01:00:00,78.634,68.359,6.679,3.596,1.1503
4658,2023-07-14 02:00:00,78.346,68.05,6.693,3.604,1.1513
4659,2023-07-14 03:00:00,78.514,68.101,6.768,3.644,1.1529
4660,2023-07-14 04:00:00,78.526,67.989,6.849,3.688,1.155
4661,2023-07-14 05:00:00,80.202,69.296,7.089,3.817,1.1574
4662,2023-07-14 06:00:00,81.659,70.397,7.32,3.942,1.16
4663,2023-07-14 07:00:00,81.341,69.967,7.393,3.981,1.1626
4664,2023-07-14 08:00:00,84.623,72.639,7.79,4.194,1.165
4665,2023-07-14 09:00:00,83.861,71.857,7.802,4.201,1.1671
4666,2023-07-14 10:00:00,84.643,72.429,7.939,4.275,1.1686
4667,2023-07-14 11:00:00,84.503,72.247,7.966,4.29,1.1696
4668,2023-07-14 12:00:00,85.464,73.047,8.071,4.346,1.17
4669,2023-07-14 13:00:00,83.208,71.139,7.844,4.224,1.1696
4670,2023-07-14 14:00:00,81.481,69.723,7.643,4.115,1.1686
4671,2023-07-14 15:00:00,82.774,70.925,7.701,4.147,1.1671
4672,2023-07-14 16:00:00,83.024,71.266,7.643,4.115,1.165
4673,2023-07-14 17:00:00,82.03,70.559,7.456,4.015,1.1626
4674,2023-07-14 18:00:00,81.423,70.193,7.299,3.93,1.16
4675,2023-07-14 19:00:00,81.564,70.472,7.21,3.882,1.1574
4676,2023-07-14 20:00:00,80.147,69.392,6.991,3.764,1.155
4677,2023-07-14 21:00:00,79.922,69.322,6.89,3.71,1.1529
4678,2023-07-14 22:00:00,78.091,67.827,6.672,3.592,1.1513
4679,2023-07-14 23:00:00,77.697,67.543,6.6,3.554,1.1503
4680,2023-07-15 00:00:00,78.981,68.68,6.696,3.605,1.15
4681,2023-07-15 01:00:00,77.855,67.68,6.613,3.561,1.1503
4682,2023-07-15 02:00:00,77.54,67.348,6.625,3.567,1.1513
4683,2023-07-15 03:00:00,77.969,67.628,6.722,3.62,1.1529
4684,2023-07-15 04:00:00,78.506,67.971,6.848,3.687,1.155
4685,2023-07-15 05:00:00,79.11,68.351,6.993,3.766,1.1574
4686,2023-07-15 06:00:00,79.346,68.402,7.114,3.83,1.16
4687,2023-07-15 07:00:00,79.873,68.703,7.26,3.909,1.1626
4688,2023-07-15 08:00:00,81.595,70.038,7.511,4.045,1.165
4689,2023-07-15 09:00:00,81.837,70.122,7.615,4.1,1.1671
4690,2023-07-15 10:00:00,83.665,71.591,7.848,4.226,1.1687
4691,2023-07-15 11:00:00,83.274,71.196,7.851,4.228,1.1697
4692,2023-07-15 12:00:00,83.346,71.236,7.871,4.238,1.17
4693,2023-07-15 13:00:00,82.426,70.47,7.771,4.184,1.1697
4694,2023-07-15 14:00:00,82.66,70.731,7.754,4.175,1.1687
4695,2023-07-15 15:00:00,82.617,70.79,7.687,4.139,1.1671
4696,2023-07-15 16:00:00,82.338,70.676,7.58,4.082,1.165
4697,2023-07-15 17:00:00,81.017,69.687,7.365,3.966,1.1626
4698,2023-07-15 18:00:00,81.264,70.055,7.286,3.923,1.16
4699,2023-07-15 19:00:00,79.691,68.853,7.045,3.793,1.1574
4700,2023-07-15 20:00:00,79.672,68.98,6.95,3.742,1.155
4701,2023-07-15 21:00:00,78.076,67.72,6.732,3.625,1.1529
4702,2023-07-15 22:00:00,76.582,66.516,6.543,3.523,1.1513
4703,2023-07-15 23:00:00,77.99,67.797,6.625,3.567,1.1503
4704,2023-07-16 00:00:00,78.266,68.058,6.636,3.573,1.15
4705,2023-07-16 01:00:00,78.237,68.012,6.646,3.579,1.1503
4706,2023-07-16 02:00:00,78.383,68.08,6.697,3.606,1.1513
4707,2023-07-16 03:00:00,78.19,67.819,6.741,3.63,1.1529
4708,2023-07-16 04:00:00,78.379,67.86,6.837,3.681,1.155
4709,2023-07-16 05:00:00,80.131,69.233,7.084,3.814,1.1574
4710,2023-07-16 06:00:00,80.734,69.599,7.238,3.898,1.16
4711,2023-07-16 07:00:00,80.637,69.36,7.33,3.947,1.1626
4712,2023-07-16 08:00:00,82.659,70.952,7.61,4.097,1.165
4713,2023-07-16 09:00:00,81.601,69.919,7.593,4.089,1.1671
4714,2023-07-16 10:00:00,82.282,70.407,7.719,4.156,1.1687
4715,2023-07-16 11:00:00,84.374,72.136,7.955,4.283,1.1697
4716,2023-07-16 12:00:00,83.84,71.658,7.918,4.264,1.17
4717,2023-07-16 13:00:00,82.741,70.74,7.801,4.201,1.1697
4718,2023-07-16 14:00:00,82.994,71.017,7.785,4.192,1.1687
4719,2023-07-16 15:00:00,82.449,70.646,7.672,4.131,1.1671
4720,2023-07-16 16:00:00,79.515,68.253,7.32,3.942,1.165
4721,2023-07-16 17:00:00,80.356,69.118,7.305,3.933,1.1626
4722,2023-07-16 18:00:00,80.347,69.264,7.203,3.879,1.16
4723,2023-07-16 19:00:00,79.395,68.597,7.019,3.779,1.1574
4724,2023-07-16 20:00:00,79.231,68.598,6.911,3.721,1.155
4725,2023-07-16 21:00:00,79.383,68.853,6.844,3.685,1.1529
4726,2023-07-16 22:00:00,77.784,67.559,6.646,3.578,1.1513
4727,2023-07-16 23:00:00,76.922,66.869,6.534,3.519,1.1503
4728,2023-07-17 00:00:00,78.749,68.477,6.676,3.595,1.15
4729,2023-07-17 01:00:00,78.316,68.081,6.653,3.582,1.1503
4730,2023-07-17 02:00:00,78.723,68.375,6.726,3.622,1.1513
4731,2023-07-17 03:00:00,79.043,68.558,6.815,3.669,1.1529
4732,2023-07-17 04:00:00,81.652,70.694,7.122,3.835,1.155
4733,2023-07-17 05:00:00,78.679,67.979,6.955,3.745,1.1574
4734,2023-07-17 06:00:00,80.884,69.728,7.251,3.905,1.16
4735,2023-07-17 07:00:00,81.904,70.45,7.445,4.009,1.1626
4736,2023-07-17 08:00:00,81.932,70.328,7.542,4.061,1.165
4737,2023-07-17 09:00:00,83.874,71.867,7.804,4.202,1.1671
4738,2023-07-17 10:00:00,84.242,72.085,7.902,4.255,1.1687
4739,2023-07-17 11:00:00,83.814,71.657,7.902,4.255,1.1697
4740,2023-07-17 12:00:00,83.725,71.561,7.907,4.258,1.17
4741,2023-07-17 13:00:00,83.761,71.612,7.897,4.252,1.1696
4742,2023-07-17 14:00:00,83.491,71.442,7.832,4.217,1.1686
4743,2023-07-17 15:00:00,83.074,71.183,7.73,4.162,1.1671
4744,2023-07-17 16:00:00,82.415,70.743,7.587,4.085,1.165
4745,2023-07-17 17:00:00,82.112,70.63,7.464,4.019,1.1626
4746,2023-07-17 18:00:00,81.811,70.527,7.334,3.949,1.16
4747,2023-07-17 19:00:00,79.497,68.686,7.027,3.784,1.1574
4748,2023-07-17 20:00:00,78.989,68.39,6.89,3.71,1.155
4749,2023-07-17 21:00:00,77.866,67.539,6.713,3.615,1.1529
4750,2023-07-17 22:00:00,79.546,69.091,6.796,3.659,1.1513
4751,2023-07-17 23:00:00,78.78,68.485,6.692,3.603,1.1503
4752,2023-07-18 00:00:00,78.893,68.604,6.688,3.601,1.15
4753,2023-07-18 01:00:00,77.427,67.309,6.577,3.541,1.1503
4754,2023-07-18 02:00:00,80.286,69.734,6.859,3.693,1.1513
4755,2023-07-18 03:00:00,78.786,68.336,6.792,3.657,1.1529
4756,2023-07-18 04:00:00,79.974,69.243,6.975,3.756,1.155
4757,2023-07-18 05:00:00,81.185,70.145,7.176,3.864,1.1574
4758,2023-07-18 06:00:00,80.397,69.309,7.207,3.881,1.16
4759,2023-07-18 07:00:00,81.461,70.071,7.404,3.987,1.1626
4760,2023-07-18 08:00:00,82.714,71.0,7.614,4.1,1.165
4761,2023-07-18 09:00:00,85.472,73.238,7.952,4.282,1.167
4762,2023-07-18 10:00:00,83.822,71.726,7.862,4.233,1.1686
4763,2023-07-18 11:00:00,85.166,72.815,8.029,4.323,1.1696
4764,2023-07-18 12:00:00,84.933,72.594,8.02,4.319,1.17
4765,2023-07-18 13:00:00,84.152,71.948,7.933,4.272,1.1696
4766,2023-07-18 14:00:00,82.766,70.823,7.763,4.18,1.1686
4767,2023-07-18 15:00:00,84.003,71.979,7.815,4.208,1.167
4768,2023-07-18 16:00:00,81.345,69.826,7.487,4.032,1.165
4769,2023-07-18 17:00:00,83.208,71.574,7.562,4.072,1.1626
4770,2023-07-18 18:00:00,81.36,70.14,7.293,3.927,1.16
4771,2023-07-18 19:00:00,78.345,67.692,6.924,3.729,1.1574
4772,2023-07-18 20:00:00,79.561,68.887,6.939,3.736,1.155
4773,2023-07-18 21:00:00,79.803,69.22,6.879,3.704,1.1529
4774,2023-07-18 22:00:00,78.655,68.319,6.719,3.618,1.1513
4775,2023-07-18 23:00:00,79.152,68.81,6.722,3.62,1.1503
4776,2023-07-19 00:00:00,77.8,67.655,6.594,3.551,1.15
4777,2023-07-19 01:00:00,77.525,67.395,6.584,3.545,1.1503
4778,2023-07-19 02:00:00,78.788,68.434,6.73,3.624,1.1513
4779,2023-07-19 03:00:00,79.3,68.785,6.835,3.681,1.1529
4780,2023-07-19 04:00:00,79.554,68.881,6.938,3.736,1.1549
4781,2023-07-19 05:00:00,81.485,70.406,7.201,3.878,1.1574
4782,2023-07-19 06:00:00,80.506,69.405,7.216,3.885,1.1599
4783,2023-07-19 07:00:00,82.159,70.672,7.466,4.02,1.1625
4784,2023-07-19 08:00:00,82.621,70.923,7.604,4.094,1.1649
4785,2023-07-19 09:00:00,81.863,70.148,7.615,4.1,1.167
4786,2023-07-19 10:00:00,82.494,70.592,7.736,4.166,1.1686
4787,2023-07-19 11:00:00,83.859,71.699,7.904,4.256,1.1696
4788,2023-07-19 12:00:00,85.566,73.137,8.079,4.35,1.1699
4789,2023-07-19 13:00:00,84.323,72.096,7.948,4.279,1.1696
4790,2023-07-19 14:00:00,82.161,70.308,7.705,4.149,1.1686
4791,2023-07-19 15:00:00,80.593,69.06,7.497,4.037,1.167
4792,2023-07-19 16:00:00,83.162,71.388,7.653,4.121,1.1649
4793,2023-07-19 17:00:00,81.824,70.386,7.435,4.004,1.1625
4794,2023-07-19 18:00:00,82.122,70.799,7.36,3.963,1.1599
4795,2023-07-19 19:00:00,79.776,68.931,7.049,3.796,1.1573
4796,2023-07-19 20:00:00,80.117,69.37,6.986,3.761,1.1549
4797,2023-07-19 21:00:00,79.956,69.355,6.891,3.71,1.1529
4798,2023-07-19 22:00:00,78.483,68.171,6.703,3.609,1.1513
4799,2023-07-19 23:00:00,78.231,68.011,6.643,3.577,1.1503
4800,2023-07-20 00:00:00,78.502,68.268,6.652,3.582,1.1499
4801,2023-07-20 01:00:00,79.01,68.69,6.709,3.612,1.1503
4802,2023-07-20 02:00:00,78.831,68.474,6.732,3.625,1.1513
4803,2023-07-20 03:00:00,80.058,69.444,6.899,3.715,1.1528
4804,2023-07-20 04:00:00,79.46,68.802,6.928,3.73,1.1549
4805,2023-07-20 05:00:00,79.412,68.617,7.017,3.778,1.1573
4806,2023-07-20 06:00:00,82.799,71.384,7.42,3.995,1.1599
4807,2023-07-20 07:00:00,81.409,70.03,7.396,3.983,1.1625
4808,2023-07-20 08:00:00,82.099,70.477,7.554,4.068,1.1649
4809,2023-07-20 09:00:00,83.078,71.191,7.726,4.16,1.167
4810,2023-07-20 10:00:00,83.625,71.563,7.841,4.222,1.1686
4811,2023-07-20 11:00:00,83.529,71.42,7.871,4.238,1.1696
4812,2023-07-20 12:00:00,83.926,71.738,7.922,4.266,1.1699
4813,2023-07-20 13:00:00,83.813,71.663,7.898,4.253,1.1696
4814,2023-07-20 14:00:00,83.712,71.638,7.848,4.226,1.1685
4815,2023-07-20 15:00:00,81.205,69.587,7.552,4.066,1.167
4816,2023-07-20 16:00:00,84.095,72.192,7.737,4.166,1.1649
4817,2023-07-20 17:00:00,81.78,70.35,7.429,4.0,1.1625
4818,2023-07-20 18:00:00,81.663,70.406,7.317,3.94,1.1599
4819,2023-07-20 19:00:00,79.37,68.582,7.012,3.776,1.1573
4820,2023-07-20 20:00:00,79.45,68.795,6.926,3.729,1.1549
4821,2023-07-20 21:00:00,78.727,68.292,6.783,3.652,1.1528
4822,2023-07-20 22:00:00,80.024,69.513,6.832,3.679,1.1512
4823,2023-07-20 23:00:00,78.099,67.9,6.629,3.57,1.1502
4824,2023-07-21 00:00:00,79.089,68.781,6.7,3.608,1.1499
4825,2023-07-21 01:00:00,78.046,67.854,6.625,3.567,1.1502
4826,2023-07-21 02:00:00,78.475,68.168,6.7,3.607,1.1512
4827,2023-07-21 03:00:00,79.071,68.591,6.812,3.668,1.1528
4828,2023-07-21 04:00:00,80.867,70.024,7.048,3.795,1.1549
4829,2023-07-21 05:00:00,78.954,68.224,6.974,3.755,1.1573
4830,2023-07-21 06:00:00,80.121,69.079,7.178,3.865,1.1599
4831,2023-07-21 07:00:00,80.313,69.09,7.295,3.928,1.1624
4832,2023-07-21 08:00:00,81.672,70.114,7.513,4.045,1.1648
4833,2023-07-21 09:00:00,82.465,70.669,7.667,4.129,1.1669
4834,2023-07-21 10:00:00,82.246,70.385,7.709,4.151,1.1685
4835,2023-07-21 11:00:00,83.241,71.176,7.842,4.223,1.1695
4836,2023-07-21 12:00:00,82.286,70.34,7.765,4.181,1.1698
4837,2023-07-21 13:00:00,83.008,70.978,7.82,4.211,1.1695
4838,2023-07-21 14:00:00,84.547,72.356,7.924,4.267,1.1685
4839,2023-07-21 15:00:00,83.457,71.52,7.759,4.178,1.1669
4840,2023-07-21 16:00:00,82.71,71.006,7.607,4.096,1.1648
4841,2023-07-21 17:00:00,81.079,69.751,7.363,3.965,1.1624
4842,2023-07-21 18:00:00,79.94,68.925,7.16,3.855,1.1598
4843,2023-07-21 19:00:00,79.559,68.75,7.026,3.783,1.1572
4844,2023-07-21 20:00:00,79.792,69.095,6.953,3.744,1.1548
4845,2023-07-21 21:00:00,79.966,69.37,6.887,3.709,1.1527
4846,2023-07-21 22:00:00,79.563,69.116,6.79,3.656,1.1511
4847,2023-07-21 23:00:00,79.074,68.751,6.71,3.613,1.1501
4848,2023-07-22 00:00:00,77.076,67.034,6.527,3.515,1.1498
4849,2023-07-22 01:00:00,77.78,67.627,6.6,3.554,1.1501
4850,2023-07-22 02:00:00,77.77,67.56,6.637,3.574,1.1511
4851,2023-07-22 03:00:00,78.295,67.922,6.743,3.631,1.1527
4852,2023-07-22 04:00:00,80.663,69.851,7.028,3.784,1.1548
4853,2023-07-22 05:00:00,78.243,67.614,6.909,3.72,1.1572
4854,2023-07-22 06:00:00,80.183,69.136,7.181,3.866,1.1598
4855,2023-07-22 07:00:00,82.065,70.601,7.451,4.012,1.1624
4856,2023-07-22 08:00:00,80.543,69.149,7.406,3.988,1.1648
4857,2023-07-22 09:00:00,81.781,70.087,7.601,4.093,1.1668
4858,2023-07-22 10:00:00,82.311,70.445,7.713,4.153,1.1684
4859,2023-07-22 11:00:00,82.836,70.834,7.801,4.201,1.1694
4860,2023-07-22 12:00:00,81.805,69.933,7.717,4.155,1.1698
4861,2023-07-22 13:00:00,83.505,71.407,7.864,4.234,1.1694
4862,2023-07-22 14:00:00,83.287,71.282,7.804,4.202,1.1684
4863,2023-07-22 15:00:00,82.72,70.893,7.688,4.14,1.1668
4864,2023-07-22 16:00:00,81.027,69.566,7.45,4.011,1.1648
4865,2023-07-22 17:00:00,81.147,69.813,7.367,3.967,1.1623
4866,2023-07-22 18:00:00,79.64,68.67,7.131,3.84,1.1597
4867,2023-07-22 19:00:00,79.398,68.614,7.009,3.774,1.1572
4868,2023-07-22 20:00:00,80.754,69.932,7.034,3.788,1.1547
4869,2023-07-22 21:00:00,78.531,68.13,6.761,3.64,1.1527
4870,2023-07-22 22:00:00,77.068,66.953,6.575,3.54,1.1511
4871,2023-07-22 23:00:00,77.901,67.736,6.608,3.558,1.1501
4872,2023-07-23 00:00:00,76.576,66.604,6.482,3.49,1.1497
4873,2023-07-23 01:00:00,76.79,66.77,6.513,3.507,1.1501
4874,2023-07-23 02:00:00,77.185,67.056,6.584,3.545,1.1511
4875,2023-07-23 03:00:00,78.094,67.752,6.722,3.62,1.1526
4876,2023-07-23 04:00:00,79.769,69.081,6.947,3.741,1.1547
4877,2023-07-23 05:00:00,80.133,69.252,7.073,3.808,1.1571
4878,2023-07-23 06:00:00,80.792,69.666,7.232,3.894,1.1597
4879,2023-07-23 07:00:00,80.179,68.984,7.277,3.918,1.1623
4880,2023-07-23 08:00:00,81.292,69.796,7.472,4.023,1.1647
4881,2023-07-23 09:00:00,82.523,70.728,7.667,4.128,1.1668
4882,2023-07-23 10:00:00,82.224,70.376,7.701,4.147,1.1684
4883,2023-07-23 11:00:00,82.785,70.796,7.793,4.196,1.1694
4884,2023-07-23 12:00:00,83.468,71.359,7.871,4.238,1.1697
4885,2023-07-23 13:00:00,82.727,70.746,7.787,4.193,1.1693
4886,2023-07-23 14:00:00,82.922,70.974,7.766,4.182,1.1683
4887,2023-07-23 15:00:00,83.6,71.652,7.766,4.182,1.1667
4888,2023-07-23 16:00:00,81.591,70.055,7.499,4.038,1.1647
4889,2023-07-23 17:00:00,82.03,70.578,7.444,4.008,1.1623
4890,2023-07-23 18:00:00,80.819,69.692,7.233,3.895,1.1597
4891,2023-07-23 19:00:00,78.473,67.82,6.924,3.728,1.1571
4892,2023-07-23 20:00:00,78.117,67.654,6.801,3.662,1.1547
4893,2023-07-23 21:00:00,77.775,67.479,6.693,3.604,1.1526
4894,2023-07-23 22:00:00,77.331,67.186,6.594,3.551,1.151
4895,2023-07-23 23:00:00,77.678,67.546,6.585,3.546,1.15
4896,2023-07-24 00:00:00,78.958,68.68,6.68,3.597,1.1496
4897,2023-07-24 01:00:00,79.565,69.188,6.745,3.632,1.15
4898,2023-07-24 02:00:00,79.072,68.7,6.742,3.63,1.151
4899,2023-07-24 03:00:00,78.894,68.451,6.788,3.655,1.1526
4900,2023-07-24 04:00:00,78.131,67.667,6.801,3.662,1.1546
4901,2023-07-24 05:00:00,80.526,69.596,7.104,3.825,1.157
4902,2023-07-24 06:00:00,81.194,70.018,7.265,3.912,1.1596
4903,2023-07-24 07:00:00,82.03,70.581,7.442,4.007,1.1622
4904,2023-07-24 08:00:00,84.259,72.349,7.741,4.168,1.1646
4905,2023-07-24 09:00:00,84.124,72.106,7.812,4.207,1.1667
4906,2023-07-24 10:00:00,84.191,72.065,7.882,4.244,1.1683
4907,2023-07-24 11:00:00,83.037,71.017,7.813,4.207,1.1693
4908,2023-07-24 12:00:00,83.499,71.391,7.87,4.238,1.1696
4909,2023-07-24 13:00:00,83.747,71.624,7.88,4.243,1.1693
4910,2023-07-24 14:00:00,82.914,70.973,7.762,4.179,1.1682
4911,2023-07-24 15:00:00,83.518,71.588,7.755,4.176,1.1667
4912,2023-07-24 16:00:00,82.831,71.125,7.609,4.097,1.1646
4913,2023-07-24 17:00:00,80.993,69.691,7.346,3.956,1.1622
4914,2023-07-24 18:00:00,82.142,70.838,7.347,3.956,1.1596
4915,2023-07-24 19:00:00,80.547,69.619,7.104,3.825,1.157
4916,2023-07-24 20:00:00,78.412,67.915,6.823,3.674,1.1546
4917,2023-07-24 21:00:00,79.207,68.727,6.812,3.668,1.1525
4918,2023-07-24 22:00:00,79.045,68.681,6.736,3.627,1.1509
4919,2023-07-24 23:00:00,79.332,68.991,6.722,3.619,1.1499
4920,2023-07-25 00:00:00,78.185,68.014,6.611,3.56,1.1495
4921,2023-07-25 01:00:00,79.215,68.889,6.711,3.614,1.1499
4922,2023-07-25 02:00:00,78.968,68.615,6.729,3.623,1.1509
4923,2023-07-25 03:00:00,78.185,67.842,6.723,3.62,1.1525
4924,2023-07-25 04:00:00,78.663,68.134,6.844,3.685,1.1545
4925,2023-07-25 05:00:00,81.371,70.333,7.175,3.863,1.1569
4926,2023-07-25 06:00:00,82.137,70.837,7.345,3.955,1.1595
4927,2023-07-25 07:00:00,82.136,70.679,7.447,4.01,1.1621
4928,2023-07-25 08:00:00,83.754,71.922,7.691,4.141,1.1645
4929,2023-07-25 09:00:00,83.967,71.977,7.793,4.196,1.1666
4930,2023-07-25 10:00:00,84.101,71.994,7.869,4.237,1.1682
4931,2023-07-25 11:00:00,83.072,71.052,7.812,4.207,1.1692
4932,2023-07-25 12:00:00,85.329,72.962,8.038,4.328,1.1695
4933,2023-07-25 13:00:00,84.256,72.066,7.923,4.266,1.1691
4934,2023-07-25 14:00:00,83.225,71.245,7.787,4.193,1.1681
4935,2023-07-25 15:00:00,82.556,70.77,7.661,4.125,1.1666
4936,2023-07-25 16:00:00,82.742,71.055,7.596,4.09,1.1645
4937,2023-07-25 17:00:00,80.511,69.283,7.298,3.93,1.1621
4938,2023-07-25 18:00:00,81.731,70.49,7.306,3.934,1.1595
4939,2023-07-25 19:00:00,79.685,68.88,7.023,3.782,1.1569
4940,2023-07-25 20:00:00,80.101,69.384,6.966,3.751,1.1545
4941,2023-07-25 21:00:00,78.82,68.397,6.775,3.648,1.1524
4942,2023-07-25 22:00:00,78.598,68.299,6.694,3.605,1.1508
4943,2023-07-25 23:00:00,77.932,67.78,6.599,3.553,1.1498
4944,2023-07-26 00:00:00,78.319,68.137,6.618,3.564,1.1494
4945,2023-07-26 01:00:00,80.061,69.632,6.779,3.65,1.1498
4946,2023-07-26 02:00:00,79.925,69.454,6.806,3.665,1.1508
4947,2023-07-26 03:00:00,79.525,69.011,6.834,3.68,1.1524
4948,2023-07-26 04:00:00,79.779,69.107,6.936,3.735,1.1544
4949,2023-07-26 05:00:00,81.137,70.138,7.15,3.85,1.1568
4950,2023-07-26 06:00:00,82.076,70.791,7.335,3.95,1.1594
4951,2023-07-26 07:00:00,81.191,69.872,7.357,3.962,1.162
4952,2023-07-26 08:00:00,82.464,70.821,7.568,4.075,1.1644
4953,2023-07-26 09:00:00,81.608,69.962,7.57,4.076,1.1665
4954,2023-07-26 10:00:00,84.452,72.302,7.898,4.253,1.168
4955,2023-07-26 11:00:00,85.499,73.136,8.036,4.327,1.169
4956,2023-07-26 12:00:00,83.968,71.806,7.906,4.257,1.1694
4957,2023-07-26 13:00:00,82.069,70.203,7.713,4.153,1.169
4958,2023-07-26 14:00:00,84.03,71.942,7.857,4.231,1.168
4959,2023-07-26 15:00:00,82.356,70.605,7.638,4.113,1.1664
4960,2023-07-26 16:00:00,81.983,70.411,7.522,4.05,1.1644
4961,2023-07-26 17:00:00,82.372,70.892,7.462,4.018,1.1619
4962,2023-07-26 18:00:00,81.361,70.178,7.269,3.914,1.1593
4963,2023-07-26 19:00:00,80.054,69.205,7.051,3.797,1.1568
4964,2023-07-26 20:00:00,79.269,68.67,6.889,3.709,1.1543
4965,2023-07-26 21:00:00,79.334,68.851,6.814,3.669,1.1523
4966,2023-07-26 22:00:00,78.473,68.198,6.679,3.596,1.1507
4967,2023-07-26 23:00:00,77.64,67.533,6.57,3.538,1.1497
4968,2023-07-27 00:00:00,78.173,68.017,6.601,3.555,1.1493
4969,2023-07-27 01:00:00,78.806,68.547,6.668,3.59,1.1497
4970,2023-07-27 02:00:00,78.658,68.36,6.694,3.604,1.1506
4971,2023-07-27 03:00:00,78.09,67.773,6.706,3.611,1.1522
4972,2023-07-27 04:00:00,80.59,69.817,7.002,3.77,1.1543
4973,2023-07-27 05:00:00,78.228,67.63,6.889,3.709,1.1567
4974,2023-07-27 06:00:00,80.788,69.688,7.215,3.885,1.1593
4975,2023-07-27 07:00:00,81.353,70.019,7.367,3.967,1.1619
4976,2023-07-27 08:00:00,82.639,70.979,7.579,4.081,1.1643
4977,2023-07-27 09:00:00,83.546,71.631,7.745,4.17,1.1663
4978,2023-07-27 10:00:00,84.446,72.304,7.892,4.25,1.1679
4979,2023-07-27 11:00:00,83.217,71.192,7.817,4.209,1.1689
4980,2023-07-27 12:00:00,84.374,72.161,7.939,4.275,1.1693
4981,2023-07-27 13:00:00,83.96,71.827,7.886,4.246,1.1689
4982,2023-07-27 14:00:00,82.124,70.317,7.674,4.132,1.1679
4983,2023-07-27 15:00:00,84.636,72.568,7.845,4.224,1.1663
4984,2023-07-27 16:00:00,81.342,69.868,7.458,4.016,1.1642
4985,2023-07-27 17:00:00,82.194,70.747,7.441,4.007,1.1618
4986,2023-07-27 18:00:00,81.462,70.273,7.273,3.916,1.1592
4987,2023-07-27 19:00:00,80.663,69.74,7.1,3.823,1.1566
4988,2023-07-27 20:00:00,79.385,68.779,6.894,3.712,1.1542
4989,2023-07-27 21:00:00,79.891,69.342,6.857,3.692,1.1521
4990,2023-07-27 22:00:00,77.537,67.392,6.594,3.551,1.1505
4991,2023-07-27 23:00:00,78.471,68.264,6.635,3.573,1.1495
4992,2023-07-28 00:00:00,77.978,67.855,6.58,3.543,1.1492
4993,2023-07-28 01:00:00,77.978,67.836,6.593,3.55,1.1495
4994,2023-07-28 02:00:00,79.138,68.785,6.729,3.624,1.1505
4995,2023-07-28 03:00:00,80.09,69.517,6.873,3.701,1.1521
4996,2023-07-28 04:00:00,79.504,68.885,6.903,3.717,1.1542
4997,2023-07-28 05:00:00,81.068,70.094,7.133,3.841,1.1566
4998,2023-07-28 06:00:00,81.181,70.035,7.245,3.901,1.1591
4999,2023-07-28 07:00:00,81.121,69.828,7.341,3.953,1.1617
5000,2023-07-28 08:00:00,82.298,70.694,7.542,4.061,1.1641
5001,2023-07-28 09:00:00,82.833,71.028,7.673,4.132,1.1662
5002,2023-07-28 10:00:00,82.945,71.028,7.746,4.171,1.1678
5003,2023-07-28 11:00:00,84.141,71.99,7.898,4.253,1.1688
5004,2023-07-28 12:00:00,84.076,71.914,7.905,4.257,1.1691
5005,2023-07-28 13:00:00,82.488,70.577,7.742,4.169,1.1688
5006,2023-07-28 14:00:00,82.163,70.359,7.672,4.131,1.1678
5007,2023-07-28 15:00:00,83.421,71.535,7.726,4.16,1.1662
5008,2023-07-28 16:00:00,81.841,70.304,7.499,4.038,1.1641
5009,2023-07-28 17:00:00,82.089,70.664,7.426,3.999,1.1617
5010,2023-07-28 18:00:00,81.769,70.547,7.295,3.928,1.1591
5011,2023-07-28 19:00:00,79.401,68.657,6.983,3.76,1.1565
5012,2023-07-28 20:00:00,78.634,68.137,6.823,3.674,1.1541
5013,2023-07-28 21:00:00,80.564,69.935,6.909,3.72,1.152
5014,2023-07-28 22:00:00,79.067,68.731,6.719,3.618,1.1504
5015,2023-07-28 23:00:00,78.177,68.016,6.604,3.556,1.1494
5016,2023-07-29 00:00:00,76.866,66.896,6.481,3.49,1.149
5017,2023-07-29 01:00:00,77.298,67.252,6.53,3.516,1.1494
5018,2023-07-29 02:00:00,77.018,66.951,6.544,3.524,1.1504
5019,2023-07-29 03:00:00,79.117,68.681,6.783,3.653,1.152
5020,2023-07-29 04:00:00,78.336,67.881,6.796,3.659,1.154
5021,2023-07-29 05:00:00,80.501,69.613,7.078,3.811,1.1564
5022,2023-07-29 06:00:00,79.994,69.02,7.133,3.841,1.159
5023,2023-07-29 07:00:00,80.176,69.023,7.249,3.904,1.1616
5024,2023-07-29 08:00:00,81.336,69.877,7.448,4.011,1.164
5025,2023-07-29 09:00:00,80.109,68.701,7.415,3.993,1.1661
5026,2023-07-29 10:00:00,82.588,70.731,7.707,4.15,1.1676
5027,2023-07-29 11:00:00,82.822,70.871,7.768,4.183,1.1686
5028,2023-07-29 12:00:00,83.73,71.627,7.867,4.236,1.169
5029,2023-07-29 13:00:00,81.417,69.67,7.636,4.112,1.1686
5030,2023-07-29 14:00:00,83.635,71.629,7.804,4.202,1.1676
5031,2023-07-29 15:00:00,82.918,71.112,7.674,4.132,1.166
5032,2023-07-29 16:00:00,82.699,71.051,7.571,4.077,1.1639
5033,2023-07-29 17:00:00,80.977,69.716,7.319,3.941,1.1615
5034,2023-07-29 18:00:00,81.136,70.01,7.232,3.894,1.1589
5035,2023-07-29 19:00:00,78.419,67.817,6.891,3.711,1.1563
5036,2023-07-29 20:00:00,79.532,68.924,6.895,3.713,1.1539
5037,2023-07-29 21:00:00,77.775,67.523,6.664,3.588,1.1518
5038,2023-07-29 22:00:00,76.639,66.628,6.507,3.504,1.1502
5039,2023-07-29 23:00:00,76.795,66.823,6.482,3.49,1.1492
5040,2023-07-30 00:00:00,77.612,67.554,6.538,3.52,1.1489
5041,2023-07-30 01:00:00,77.035,67.033,6.502,3.501,1.1492
5042,2023-07-30 02:00:00,78.269,68.048,6.644,3.578,1.1502
5043,2023-07-30 03:00:00,76.936,66.797,6.591,3.549,1.1518
5044,2023-07-30 04:00:00,77.235,66.936,6.694,3.605,1.1539
5045,2023-07-30 05:00:00,80.716,69.808,7.09,3.818,1.1563
5046,2023-07-30 06:00:00,81.041,69.933,7.22,3.888,1.1588
5047,2023-07-30 07:00:00,80.16,69.018,7.242,3.899,1.1614
5048,2023-07-30 08:00:00,81.669,70.173,7.473,4.024,1.1638
5049,2023-07-30 09:00:00,83.071,71.251,7.683,4.137,1.1659
5050,2023-07-30 10:00:00,83.018,71.109,7.741,4.168,1.1675
5051,2023-07-30 11:00:00,83.071,71.094,7.785,4.192,1.1685
5052,2023-07-30 12:00:00,83.939,71.817,7.88,4.243,1.1688
5053,2023-07-30 13:00:00,82.351,70.479,7.717,4.155,1.1685
5054,2023-07-30 14:00:00,82.699,70.837,7.71,4.152,1.1674
5055,2023-07-30 15:00:00,82.222,70.525,7.603,4.094,1.1659
5056,2023-07-30 16:00:00,81.446,69.984,7.45,4.012,1.1638
5057,2023-07-30 17:00:00,80.691,69.48,7.287,3.924,1.1614
5058,2023-07-30 18:00:00,80.361,69.351,7.157,3.854,1.1588
5059,2023-07-30 19:00:00,79.626,68.871,6.991,3.764,1.1562
5060,2023-07-30 20:00:00,78.098,67.691,6.765,3.643,1.1537
5061,2023-07-30 21:00:00,79.032,68.624,6.765,3.643,1.1517
5062,2023-07-30 22:00:00,77.171,67.101,6.545,3.524,1.1501
5063,2023-07-30 23:00:00,77.512,67.457,6.536,3.519,1.1491
5064,2023-07-31 00:00:00,78.163,68.043,6.578,3.542,1.1487
5065,2023-07-31 01:00:00,78.779,68.56,6.642,3.577,1.1491
5066,2023-07-31 02:00:00,77.054,67.001,6.534,3.519,1.15
5067,2023-07-31 03:00:00,79.907,69.386,6.838,3.682,1.1516
5068,2023-07-31 04:00:00,79.202,68.651,6.858,3.693,1.1537
5069,2023-07-31 05:00:00,81.39,70.401,7.143,3.846,1.1561
5070,2023-07-31 06:00:00,80.719,69.665,7.185,3.869,1.1587
5071,2023-07-31 07:00:00,81.774,70.419,7.381,3.974,1.1613
5072,2023-07-31 08:00:00,84.033,72.215,7.682,4.137,1.1637
5073,2023-07-31 09:00:00,82.817,71.043,7.653,4.121,1.1657
5074,2023-07-31 10:00:00,84.493,72.383,7.871,4.238,1.1673
5075,2023-07-31 11:00:00,83.788,71.718,7.845,4.224,1.1683
5076,2023-07-31 12:00:00,84.189,72.041,7.896,4.252,1.1686
5077,2023-07-31 13:00:00,83.812,71.739,7.847,4.225,1.1683
5078,2023-07-31 14:00:00,84.171,72.109,7.84,4.222,1.1673
5079,2023-07-31 15:00:00,82.481,70.758,7.62,4.103,1.1657
5080,2023-07-31 16:00:00,81.669,70.186,7.464,4.019,1.1636
5081,2023-07-31 17:00:00,81.29,70.006,7.334,3.949,1.1612
5082,2023-07-31 18:00:00,81.182,70.07,7.223,3.889,1.1586
5083,2023-07-31 19:00:00,80.217,69.392,7.036,3.789,1.156
5084,2023-07-31 20:00:00,80.314,69.622,6.95,3.742,1.1536
5085,2023-07-31 21:00:00,80.231,69.676,6.861,3.694,1.1515
5086,2023-07-31 22:00:00,77.964,67.801,6.606,3.557,1.1499
5087,2023-07-31 23:00:00,77.89,67.796,6.561,3.533,1.1489
5088,2023-08-01 00:00:00,77.233,67.245,6.492,3.496,1.1485
5089,2023-08-01 01:00:00,80.112,69.731,6.748,3.633,1.1489
5090,2023-08-01 02:00:00,78.993,68.698,6.692,3.603,1.1499
5091,2023-08-01 03:00:00,79.563,69.098,6.802,3.663,1.1514
5092,2023-08-01 04:00:00,78.654,68.187,6.804,3.664,1.1535
5093,2023-08-01 05:00:00,80.389,69.546,7.048,3.795,1.1559
5094,2023-08-01 06:00:00,81.507,70.356,7.248,3.903,1.1585
5095,2023-08-01 07:00:00,81.596,70.276,7.358,3.962,1.1611
5096,2023-08-01 08:00:00,83.338,71.628,7.611,4.098,1.1635
5097,2023-08-01 09:00:00,84.916,72.856,7.839,4.221,1.1655
5098,2023-08-01 10:00:00,82.694,70.853,7.697,4.144,1.1671
5099,2023-08-01 11:00:00,82.907,70.975,7.756,4.176,1.1681
5100,2023-08-01 12:00:00,83.118,71.136,7.789,4.194,1.1684
5101,2023-08-01 13:00:00,85.055,72.815,7.956,4.284,1.1681
5102,2023-08-01 14:00:00,84.317,72.245,7.846,4.225,1.1671
5103,2023-08-01 15:00:00,82.916,71.143,7.653,4.121,1.1655
5104,2023-08-01 16:00:00,82.487,70.901,7.531,4.055,1.1634
5105,2023-08-01 17:00:00,81.132,69.881,7.313,3.938,1.161
5106,2023-08-01 18:00:00,81.81,70.623,7.271,3.915,1.1584
5107,2023-08-01 19:00:00,80.075,69.281,7.016,3.778,1.1558
5108,2023-08-01 20:00:00,79.517,68.943,6.873,3.701,1.1534
5109,2023-08-01 21:00:00,79.657,69.189,6.804,3.664,1.1513
5110,2023-08-01 22:00:00,78.586,68.353,6.651,3.581,1.1497
5111,2023-08-01 23:00:00,78.278,68.145,6.586,3.547,1.1487
5112,2023-08-02 00:00:00,78.383,68.257,6.582,3.544,1.1483
5113,2023-08-02 01:00:00,79.106,68.866,6.655,3.584,1.1487
5114,2023-08-02 02:00:00,80.06,69.637,6.775,3.648,1.1497
5115,2023-08-02 03:00:00,79.635,69.172,6.801,3.662,1.1513
5116,2023-08-02 04:00:00,80.371,69.687,6.945,3.739,1.1533
5117,2023-08-02 05:00:00,80.215,69.407,7.025,3.783,1.1557
5118,2023-08-02 06:00:00,80.507,69.505,7.152,3.851,1.1583
5119,2023-08-02 07:00:00,82.319,70.911,7.415,3.993,1.1609
5120,2023-08-02 08:00:00,82.587,70.995,7.535,4.057,1.1633
5121,2023-08-02 09:00:00,81.856,70.242,7.549,4.065,1.1653
5122,2023-08-02 10:00:00,83.185,71.286,7.735,4.165,1.1669
5123,2023-08-02 11:00:00,83.661,71.632,7.818,4.21,1.1679
5124,2023-08-02 12:00:00,83.404,71.393,7.808,4.204,1.1682
5125,2023-08-02 13:00:00,84.939,72.728,7.937,4.274,1.1679
5126,2023-08-02 14:00:00,83.843,71.851,7.794,4.197,1.1669
5127,2023-08-02 15:00:00,84.133,72.199,7.757,4.177,1.1653
5128,2023-08-02 16:00:00,82.657,71.059,7.539,4.059,1.1632
5129,2023-08-02 17:00:00,81.848,70.51,7.369,3.968,1.1608
5130,2023-08-02 18:00:00,80.315,69.344,7.131,3.84,1.1582
5131,2023-08-02 19:00:00,80.378,69.555,7.035,3.788,1.1556
5132,2023-08-02 20:00:00,79.724,69.134,6.884,3.707,1.1532
5133,2023-08-02 21:00:00,78.051,67.806,6.66,3.586,1.1511
5134,2023-08-02 22:00:00,78.289,68.107,6.618,3.564,1.1495
5135,2023-08-02 23:00:00,78.193,68.083,6.572,3.539,1.1485
5136,2023-08-03 00:00:00,78.693,68.539,6.6,3.554,1.1481
5137,2023-08-03 01:00:00,78.823,68.633,6.624,3.567,1.1485
5138,2023-08-03 02:00:00,78.253,68.078,6.614,3.561,1.1495
5139,2023-08-03 03:00:00,79.527,69.091,6.784,3.653,1.1511
5140,2023-08-03 04:00:00,79.562,68.998,6.867,3.698,1.1531
5141,2023-08-03 05:00:00,78.042,67.538,6.827,3.676,1.1555
5142,2023-08-03 06:00:00,80.674,69.661,7.158,3.855,1.1581
5143,2023-08-03 07:00:00,82.65,71.208,7.437,4.004,1.1607
5144,2023-08-03 08:00:00,81.064,69.698,7.388,3.978,1.1631
5145,2023-08-03 09:00:00,83.093,71.316,7.655,4.122,1.1651
5146,2023-08-03 10:00:00,84.733,72.625,7.87,4.238,1.1667
5147,2023-08-03 11:00:00,83.092,71.158,7.757,4.177,1.1677
5148,2023-08-03 12:00:00,83.809,71.752,7.837,4.22,1.168
5149,2023-08-03 13:00:00,82.646,70.778,7.715,4.154,1.1677
5150,2023-08-03 14:00:00,84.765,72.655,7.872,4.239,1.1667
5151,2023-08-03 15:00:00,82.93,71.179,7.638,4.113,1.1651
5152,2023-08-03 16:00:00,82.466,70.908,7.513,4.045,1.163
5153,2023-08-03 17:00:00,82.867,71.401,7.453,4.013,1.1606
5154,2023-08-03 18:00:00,81.595,70.463,7.236,3.896,1.158
5155,2023-08-03 19:00:00,79.646,68.934,6.963,3.749,1.1554
5156,2023-08-03 20:00:00,79.177,68.672,6.828,3.677,1.153
5157,2023-08-03 21:00:00,79.537,69.109,6.778,3.65,1.1509
5158,2023-08-03 22:00:00,78.207,68.048,6.603,3.556,1.1493
5159,2023-08-03 23:00:00,76.737,66.828,6.441,3.468,1.1483
5160,2023-08-04 00:00:00,78.304,68.213,6.559,3.532,1.1479
5161,2023-08-04 01:00:00,77.248,67.273,6.483,3.491,1.1483
5162,2023-08-04 02:00:00,80.006,69.616,6.754,3.637,1.1493
5163,2023-08-04 03:00:00,79.277,68.886,6.754,3.637,1.1508
5164,2023-08-04 04:00:00,78.964,68.491,6.807,3.665,1.1529
5165,2023-08-04 05:00:00,79.783,69.058,6.971,3.754,1.1553
5166,2023-08-04 06:00:00,79.52,68.677,7.048,3.795,1.1579
5167,2023-08-04 07:00:00,80.865,69.683,7.268,3.913,1.1605
5168,2023-08-04 08:00:00,83.245,71.586,7.578,4.081,1.1629
5169,2023-08-04 09:00:00,84.806,72.8,7.804,4.202,1.1649
5170,2023-08-04 10:00:00,84.016,72.024,7.795,4.197,1.1665
5171,2023-08-04 11:00:00,83.623,71.626,7.798,4.199,1.1675
5172,2023-08-04 12:00:00,83.438,71.448,7.794,4.197,1.1678
5173,2023-08-04 13:00:00,82.915,71.021,7.731,4.163,1.1675
5174,2023-08-04 14:00:00,85.102,72.957,7.894,4.251,1.1665
5175,2023-08-04 15:00:00,82.828,71.105,7.62,4.103,1.1649
5176,2023-08-04 16:00:00,84.135,72.356,7.656,4.122,1.1628
5177,2023-08-04 17:00:00,82.883,71.428,7.446,4.009,1.1604
5178,2023-08-04 18:00:00,79.633,68.781,7.053,3.798,1.1578
5179,2023-08-04 19:00:00,79.8,69.081,6.968,3.752,1.1552
5180,2023-08-04 20:00:00,79.144,68.657,6.817,3.671,1.1527
5181,2023-08-04 21:00:00,79.059,68.707,6.729,3.623,1.1507
5182,2023-08-04 22:00:00,78.645,68.442,6.632,3.571,1.1491
5183,2023-08-04 23:00:00,80.832,70.407,6.776,3.649,1.1481
5184,2023-08-05 00:00:00,76.662,66.796,6.413,3.453,1.1477
5185,2023-08-05 01:00:00,77.803,67.77,6.521,3.511,1.148
5186,2023-08-05 02:00:00,78.382,68.216,6.608,3.558,1.149
5187,2023-08-05 03:00:00,78.312,68.061,6.663,3.588,1.1506
5188,2023-08-05 04:00:00,78.96,68.502,6.798,3.66,1.1527
5189,2023-08-05 05:00:00,78.679,68.116,6.866,3.697,1.1551
5190,2023-08-05 06:00:00,80.312,69.375,7.109,3.828,1.1577
5191,2023-08-05 07:00:00,81.345,70.111,7.302,3.932,1.1602
5192,2023-08-05 08:00:00,81.854,70.404,7.443,4.008,1.1626
5193,2023-08-05 09:00:00,82.619,70.937,7.594,4.089,1.1647
5194,2023-08-05 10:00:00,83.744,71.804,7.76,4.179,1.1663
5195,2023-08-05 11:00:00,83.63,71.646,7.789,4.194,1.1673
5196,2023-08-05 12:00:00,83.016,71.1,7.745,4.171,1.1676
5197,2023-08-05 13:00:00,81.906,70.17,7.628,4.107,1.1672
5198,2023-08-05 14:00:00,82.098,70.396,7.606,4.096,1.1662
5199,2023-08-05 15:00:00,81.971,70.384,7.532,4.056,1.1646
5200,2023-08-05 16:00:00,81.788,70.352,7.433,4.003,1.1626
5201,2023-08-05 17:00:00,80.534,69.418,7.225,3.891,1.1601
5202,2023-08-05 18:00:00,79.459,68.645,7.029,3.785,1.1575
5203,2023-08-05 19:00:00,78.553,68.015,6.85,3.688,1.1549
5204,2023-08-05 20:00:00,77.529,67.269,6.669,3.591,1.1525
5205,2023-08-05 21:00:00,78.112,67.898,6.639,3.575,1.1504
5206,2023-08-05 22:00:00,76.691,66.756,6.458,3.477,1.1488
5207,2023-08-05 23:00:00,76.8,66.909,6.429,3.462,1.1478
5208,2023-08-06 00:00:00,77.196,67.274,6.449,3.472,1.1475
5209,2023-08-06 01:00:00,76.529,66.674,6.406,3.449,1.1478
5210,2023-08-06 02:00:00,78.176,68.05,6.582,3.544,1.1488
5211,2023-08-06 03:00:00,78.893,68.581,6.703,3.609,1.1504
5212,2023-08-06 04:00:00,78.412,68.04,6.742,3.63,1.1524
5213,2023-08-06 05:00:00,79.154,68.541,6.898,3.714,1.1548
5214,2023-08-06 06:00:00,80.644,69.676,7.129,3.839,1.1574
5215,2023-08-06 07:00:00,80.333,69.253,7.202,3.878,1.16
5216,2023-08-06 08:00:00,80.934,69.627,7.35,3.957,1.1624
5217,2023-08-06 09:00:00,83.113,71.375,7.63,4.108,1.1645
5218,2023-08-06 10:00:00,83.295,71.434,7.709,4.151,1.166
5219,2023-08-06 11:00:00,83.339,71.411,7.753,4.175,1.167
5220,2023-08-06 12:00:00,83.697,71.698,7.799,4.2,1.1674
5221,2023-08-06 13:00:00,81.231,69.606,7.556,4.069,1.167
5222,2023-08-06 14:00:00,83.675,71.763,7.743,4.169,1.166
5223,2023-08-06 15:00:00,82.453,70.812,7.567,4.074,1.1644
5224,2023-08-06 16:00:00,82.388,70.883,7.478,4.027,1.1623
5225,2023-08-06 17:00:00,81.22,70.024,7.277,3.919,1.1599
5226,2023-08-06 18:00:00,80.24,69.334,7.089,3.817,1.1573
5227,2023-08-06 19:00:00,79.275,68.654,6.903,3.717,1.1547
5228,2023-08-06 20:00:00,79.14,68.682,6.798,3.66,1.1523
5229,2023-08-06 21:00:00,78.034,67.844,6.623,3.566,1.1502
5230,2023-08-06 22:00:00,78.554,68.392,6.606,3.557,1.1486
5231,2023-08-06 23:00:00,76.313,66.499,6.379,3.435,1.1476
5232,2023-08-07 00:00:00,77.863,67.871,6.495,3.497,1.1472
5233,2023-08-07 01:00:00,80.032,69.741,6.689,3.602,1.1476
5234,2023-08-07 02:00:00,78.154,68.046,6.57,3.538,1.1485
5235,2023-08-07 03:00:00,78.893,68.595,6.694,3.604,1.1501
5236,2023-08-07 04:00:00,78.933,68.507,6.777,3.649,1.1522
5237,2023-08-07 05:00:00,80.57,69.782,7.012,3.776,1.1546
5238,2023-08-07 06:00:00,80.405,69.485,7.098,3.822,1.1572
5239,2023-08-07 07:00:00,81.557,70.323,7.302,3.932,1.1597
5240,2023-08-07 08:00:00,83.058,71.469,7.532,4.056,1.1621
5241,2023-08-07 09:00:00,82.366,70.748,7.551,4.066,1.1642
5242,2023-08-07 10:00:00,84.015,72.068,7.766,4.182,1.1658
5243,2023-08-07 11:00:00,84.318,72.266,7.834,4.218,1.1668
5244,2023-08-07 12:00:00,84.601,72.488,7.873,4.24,1.1671
5245,2023-08-07 13:00:00,83.76,71.789,7.781,4.19,1.1668
5246,2023-08-07 14:00:00,86.013,73.784,7.949,4.28,1.1657
5247,2023-08-07 15:00:00,83.79,71.976,7.679,4.135,1.1641
5248,2023-08-07 16:00:00,82.625,71.102,7.49,4.033,1.1621
5249,2023-08-07 17:00:00,80.989,69.84,7.247,3.902,1.1596
5250,2023-08-07 18:00:00,80.914,69.932,7.138,3.844,1.157
5251,2023-08-07 19:00:00,81.44,70.545,7.082,3.813,1.1544
5252,2023-08-07 20:00:00,81.012,70.322,6.948,3.741,1.152
5253,2023-08-07 21:00:00,80.262,69.797,6.802,3.663,1.1499
5254,2023-08-07 22:00:00,79.274,69.034,6.656,3.584,1.1483
5255,2023-08-07 23:00:00,77.365,67.431,6.457,3.477,1.1473
5256,2023-08-08 00:00:00,78.672,68.591,6.553,3.528,1.147
5257,2023-08-08 01:00:00,77.375,67.441,6.457,3.477,1.1473
5258,2023-08-08 02:00:00,77.444,67.443,6.501,3.5,1.1483
5259,2023-08-08 03:00:00,79.26,68.93,6.715,3.616,1.1499
5260,2023-08-08 04:00:00,80.049,69.491,6.862,3.695,1.1519
5261,2023-08-08 05:00:00,81.01,70.179,7.04,3.791,1.1543
5262,2023-08-08 06:00:00,81.386,70.348,7.175,3.863,1.1569
5263,2023-08-08 07:00:00,82.12,70.825,7.342,3.953,1.1595
5264,2023-08-08 08:00:00,81.548,70.186,7.385,3.977,1.1619
5265,2023-08-08 09:00:00,82.831,71.164,7.583,4.083,1.1639
5266,2023-08-08 10:00:00,82.123,70.461,7.581,4.082,1.1655
5267,2023-08-08 11:00:00,81.992,70.288,7.607,4.096,1.1665
5268,2023-08-08 12:00:00,84.326,72.268,7.837,4.22,1.1668
5269,2023-08-08 13:00:00,83.011,71.163,7.701,4.147,1.1665
5270,2023-08-08 14:00:00,84.062,72.126,7.758,4.177,1.1655
5271,2023-08-08 15:00:00,83.815,72.013,7.671,4.13,1.1639
5272,2023-08-08 16:00:00,81.838,70.441,7.408,3.989,1.1618
5273,2023-08-08 17:00:00,82.16,70.866,7.341,3.953,1.1594
5274,2023-08-08 18:00:00,80.439,69.537,7.086,3.816,1.1568
5275,2023-08-08 19:00:00,78.778,68.255,6.84,3.683,1.1542
5276,2023-08-08 20:00:00,79.714,69.211,6.827,3.676,1.1517
5277,2023-08-08 21:00:00,78.675,68.433,6.657,3.585,1.1497
5278,2023-08-08 22:00:00,78.271,68.176,6.561,3.533,1.1481
5279,2023-08-08 23:00:00,79.941,69.692,6.662,3.587,1.1471
5280,2023-08-09 00:00:00,77.038,67.182,6.406,3.45,1.1467
5281,2023-08-09 01:00:00,78.661,68.578,6.554,3.529,1.147
5282,2023-08-09 02:00:00,77.822,67.788,6.522,3.512,1.148
5283,2023-08-09 03:00:00,79.78,69.398,6.748,3.634,1.1496
5284,2023-08-09 04:00:00,79.849,69.334,6.835,3.68,1.1517
5285,2023-08-09 05:00:00,80.568,69.813,6.991,3.764,1.1541
5286,2023-08-09 06:00:00,80.199,69.339,7.06,3.801,1.1566
5287,2023-08-09 07:00:00,81.049,69.917,7.236,3.896,1.1592
5288,2023-08-09 08:00:00,83.083,71.524,7.513,4.046,1.1616
5289,2023-08-09 09:00:00,84.339,72.477,7.711,4.152,1.1637
5290,2023-08-09 10:00:00,83.725,71.852,7.718,4.156,1.1652
5291,2023-08-09 11:00:00,82.875,71.062,7.679,4.135,1.1662
5292,2023-08-09 12:00:00,83.978,71.987,7.794,4.197,1.1666
5293,2023-08-09 13:00:00,85.588,73.39,7.929,4.269,1.1662
5294,2023-08-09 14:00:00,83.414,71.587,7.687,4.139,1.1652
5295,2023-08-09 15:00:00,84.083,72.261,7.684,4.138,1.1636
5296,2023-08-09 16:00:00,81.721,70.357,7.387,3.977,1.1615
5297,2023-08-09 17:00:00,81.627,70.423,7.283,3.921,1.1591
5298,2023-08-09 18:00:00,81.456,70.434,7.165,3.858,1.1565
5299,2023-08-09 19:00:00,80.571,69.825,6.985,3.761,1.1539
5300,2023-08-09 20:00:00,78.978,68.589,6.753,3.636,1.1515
5301,2023-08-09 21:00:00,78.384,68.196,6.622,3.566,1.1494
5302,2023-08-09 22:00:00,79.4,69.176,6.645,3.578,1.1478
5303,2023-08-09 23:00:00,79.292,69.144,6.597,3.552,1.1468
5304,2023-08-10 00:00:00,79.457,69.309,6.596,3.552,1.1464
5305,2023-08-10 01:00:00,79.782,69.572,6.636,3.573,1.1468
5306,2023-08-10 02:00:00,78.711,68.579,6.586,3.546,1.1477
5307,2023-08-10 03:00:00,78.78,68.545,6.653,3.582,1.1493
5308,2023-08-10 04:00:00,80.678,70.071,6.895,3.712,1.1514
5309,2023-08-10 05:00:00,80.818,70.046,7.001,3.77,1.1538
5310,2023-08-10 06:00:00,80.149,69.312,7.044,3.793,1.1564
5311,2023-08-10 07:00:00,80.811,69.729,7.203,3.879,1.1589
5312,2023-08-10 08:00:00,82.709,71.219,7.468,4.021,1.1613
5313,2023-08-10 09:00:00,82.732,71.113,7.552,4.067,1.1634
5314,2023-08-10 10:00:00,83.292,71.497,7.666,4.128,1.165
5315,2023-08-10 11:00:00,84.463,72.441,7.814,4.208,1.166
5316,2023-08-10 12:00:00,84.3,72.281,7.812,4.207,1.1663
5317,2023-08-10 13:00:00,84.671,72.621,7.832,4.217,1.1659
5318,2023-08-10 14:00:00,81.735,70.163,7.521,4.05,1.1649
5319,2023-08-10 15:00:00,83.078,71.415,7.581,4.082,1.1633
5320,2023-08-10 16:00:00,82.867,71.361,7.479,4.027,1.1612
5321,2023-08-10 17:00:00,80.403,69.384,7.162,3.857,1.1588
5322,2023-08-10 18:00:00,80.405,69.542,7.061,3.802,1.1562
5323,2023-08-10 19:00:00,79.551,68.959,6.885,3.707,1.1536
5324,2023-08-10 20:00:00,79.593,69.14,6.794,3.658,1.1512
5325,2023-08-10 21:00:00,80.324,69.902,6.775,3.648,1.1491
5326,2023-08-10 22:00:00,80.21,69.9,6.702,3.609,1.1475
5327,2023-08-10 23:00:00,77.663,67.74,6.45,3.473,1.1465
5328,2023-08-11 00:00:00,78.646,68.619,6.518,3.51,1.1461
5329,2023-08-11 01:00:00,78.763,68.701,6.54,3.522,1.1465
5330,2023-08-11 02:00:00,78.894,68.756,6.59,3.548,1.1474
5331,2023-08-11 03:00:00,79.331,69.042,6.688,3.601,1.149
5332,2023-08-11 04:00:00,79.813,69.338,6.809,3.667,1.1511
5333,2023-08-11 05:00:00,81.584,70.728,7.056,3.799,1.1535
5334,2023-08-11 06:00:00,81.816,70.772,7.179,3.866,1.1561
5335,2023-08-11 07:00:00,80.769,69.711,7.188,3.871,1.1586
5336,2023-08-11 08:00:00,82.935,71.432,7.477,4.026,1.161
5337,2023-08-11 09:00:00,83.582,71.862,7.618,4.102,1.1631
5338,2023-08-11 10:00:00,83.549,71.736,7.678,4.134,1.1647
5339,2023-08-11 11:00:00,84.49,72.482,7.805,4.203,1.1657
5340,2023-08-11 12:00:00,83.813,71.882,7.755,4.176,1.166
5341,2023-08-11 13:00:00,83.728,71.831,7.733,4.164,1.1656
5342,2023-08-11 14:00:00,83.387,71.6,7.661,4.125,1.1646
5343,2023-08-11 15:00:00,81.207,69.825,7.399,3.984,1.163
5344,2023-08-11 16:00:00,82.216,70.819,7.408,3.989,1.1609
5345,2023-08-11 17:00:00,81.079,69.985,7.211,3.883,1.1585
5346,2023-08-11 18:00:00,79.954,69.169,7.01,3.774,1.1559
5347,2023-08-11 19:00:00,81.367,70.551,7.03,3.786,1.1533
5348,2023-08-11 20:00:00,79.961,69.478,6.814,3.669,1.1509
5349,2023-08-11 21:00:00,78.97,68.742,6.649,3.58,1.1488
5350,2023-08-11 22:00:00,78.112,68.089,6.515,3.508,1.1472
5351,2023-08-11 23:00:00,78.533,68.517,6.511,3.506,1.1462
5352,2023-08-12 00:00:00,78.196,68.244,6.469,3.483,1.1458
5353,2023-08-12 01:00:00,76.828,67.031,6.368,3.429,1.1462
5354,2023-08-12 02:00:00,77.755,67.781,6.483,3.491,1.1471
5355,2023-08-12 03:00:00,78.883,68.67,6.638,3.575,1.1487
5356,2023-08-12 04:00:00,77.183,67.07,6.573,3.54,1.1508
5357,2023-08-12 05:00:00,79.347,68.807,6.851,3.689,1.1532
5358,2023-08-12 06:00:00,79.747,68.999,6.986,3.761,1.1558
5359,2023-08-12 07:00:00,80.689,69.659,7.169,3.86,1.1583
5360,2023-08-12 08:00:00,81.047,69.824,7.295,3.928,1.1607
5361,2023-08-12 09:00:00,82.132,70.634,7.474,4.024,1.1628
5362,2023-08-12 10:00:00,84.023,72.162,7.71,4.151,1.1644
5363,2023-08-12 11:00:00,82.464,70.764,7.606,4.095,1.1654
5364,2023-08-12 12:00:00,83.06,71.254,7.673,4.132,1.1657
5365,2023-08-12 13:00:00,84.354,72.387,7.779,4.189,1.1653
5366,2023-08-12 14:00:00,82.003,70.431,7.522,4.05,1.1643
5367,2023-08-12 15:00:00,83.492,71.808,7.595,4.089,1.1627
5368,2023-08-12 16:00:00,81.451,70.179,7.327,3.945,1.1606
5369,2023-08-12 17:00:00,82.233,71.0,7.301,3.931,1.1582
5370,2023-08-12 18:00:00,80.69,69.825,7.062,3.803,1.1556
5371,2023-08-12 19:00:00,79.629,69.062,6.868,3.698,1.153
5372,2023-08-12 20:00:00,78.675,68.379,6.693,3.604,1.1506
5373,2023-08-12 21:00:00,77.668,67.626,6.527,3.515,1.1485
5374,2023-08-12 22:00:00,77.802,67.838,6.477,3.488,1.1469
5375,2023-08-12 23:00:00,78.192,68.238,6.47,3.484,1.1459
5376,2023-08-13 00:00:00,77.37,67.541,6.389,3.44,1.1455
5377,2023-08-13 01:00:00,77.217,67.388,6.389,3.44,1.1458
5378,2023-08-13 02:00:00,77.536,67.609,6.453,3.475,1.1468
5379,2023-08-13 03:00:00,78.962,68.757,6.633,3.572,1.1484
5380,2023-08-13 04:00:00,79.708,69.283,6.776,3.649,1.1505
5381,2023-08-13 05:00:00,78.833,68.38,6.795,3.659,1.1529
5382,2023-08-13 06:00:00,79.531,68.832,6.955,3.745,1.1554
5383,2023-08-13 07:00:00,81.083,70.018,7.192,3.872,1.158
5384,2023-08-13 08:00:00,82.673,71.244,7.429,4.0,1.1604
5385,2023-08-13 09:00:00,82.93,71.34,7.534,4.057,1.1625
5386,2023-08-13 10:00:00,81.413,69.939,7.458,4.016,1.164
5387,2023-08-13 11:00:00,82.491,70.806,7.596,4.09,1.165
5388,2023-08-13 12:00:00,82.04,70.399,7.567,4.074,1.1654
5389,2023-08-13 13:00:00,82.486,70.803,7.594,4.089,1.165
5390,2023-08-13 14:00:00,83.736,71.939,7.668,4.129,1.164
5391,2023-08-13 15:00:00,80.835,69.542,7.341,3.953,1.1624
5392,2023-08-13 16:00:00,80.11,69.042,7.194,3.874,1.1603
5393,2023-08-13 17:00:00,80.094,69.173,7.099,3.822,1.1579
5394,2023-08-13 18:00:00,80.293,69.501,7.015,3.777,1.1553
5395,2023-08-13 19:00:00,79.86,69.282,6.876,3.702,1.1527
5396,2023-08-13 20:00:00,79.058,68.731,6.713,3.615,1.1503
5397,2023-08-13 21:00:00,79.092,68.886,6.634,3.572,1.1482
5398,2023-08-13 22:00:00,76.304,66.55,6.34,3.414,1.1466
5399,2023-08-13 23:00:00,78.403,68.441,6.475,3.487,1.1456
5400,2023-08-14 00:00:00,77.91,68.032,6.421,3.457,1.1452
5401,2023-08-14 01:00:00,78.837,68.822,6.51,3.505,1.1455
5402,2023-08-14 02:00:00,77.456,67.558,6.434,3.464,1.1465
5403,2023-08-14 03:00:00,78.949,68.766,6.619,3.564,1.1481
5404,2023-08-14 04:00:00,79.694,69.29,6.762,3.641,1.1501
5405,2023-08-14 05:00:00,81.088,70.356,6.976,3.756,1.1525
5406,2023-08-14 06:00:00,79.576,68.89,6.946,3.74,1.1551
5407,2023-08-14 07:00:00,81.588,70.474,7.224,3.89,1.1577
5408,2023-08-14 08:00:00,81.34,70.115,7.296,3.929,1.1601
5409,2023-08-14 09:00:00,83.2,71.591,7.545,4.063,1.1621
5410,2023-08-14 10:00:00,83.857,72.06,7.669,4.129,1.1637
5411,2023-08-14 11:00:00,84.548,72.591,7.772,4.185,1.1647
5412,2023-08-14 12:00:00,83.155,71.375,7.657,4.123,1.165
5413,2023-08-14 13:00:00,84.252,72.339,7.743,4.17,1.1647
5414,2023-08-14 14:00:00,84.329,72.468,7.709,4.151,1.1637
5415,2023-08-14 15:00:00,81.446,70.087,7.383,3.976,1.1621
5416,2023-08-14 16:00:00,82.711,71.304,7.415,3.993,1.16
5417,2023-08-14 17:00:00,82.33,71.124,7.284,3.922,1.1576
5418,2023-08-14 18:00:00,80.637,69.819,7.032,3.787,1.155
5419,2023-08-14 19:00:00,79.166,68.7,6.803,3.663,1.1524
5420,2023-08-14 20:00:00,80.248,69.785,6.801,3.662,1.1499
5421,2023-08-14 21:00:00,77.965,67.923,6.527,3.515,1.1478
5422,2023-08-14 22:00:00,78.356,68.36,6.498,3.499,1.1462
5423,2023-08-14 23:00:00,78.198,68.282,6.445,3.471,1.1452
5424,2023-08-15 00:00:00,78.711,68.751,6.474,3.486,1.1449
5425,2023-08-15 01:00:00,77.726,67.871,6.405,3.449,1.1452
5426,2023-08-15 02:00:00,77.946,68.005,6.462,3.479,1.1462
5427,2023-08-15 03:00:00,79.002,68.832,6.611,3.56,1.1478
5428,2023-08-15 04:00:00,80.291,69.829,6.8,3.661,1.1498
5429,2023-08-15 05:00:00,81.978,71.148,7.039,3.79,1.1522
5430,2023-08-15 06:00:00,79.616,68.945,6.936,3.735,1.1548
5431,2023-08-15 07:00:00,81.795,70.674,7.229,3.892,1.1574
5432,2023-08-15 08:00:00,81.316,70.114,7.281,3.92,1.1598
5433,2023-08-15 09:00:00,83.593,71.951,7.568,4.075,1.1618
5434,2023-08-15 10:00:00,82.436,70.859,7.525,4.052,1.1634
5435,2023-08-15 11:00:00,82.924,71.218,7.609,4.097,1.1644
5436,2023-08-15 12:00:00,83.087,71.338,7.637,4.112,1.1647
5437,2023-08-15 13:00:00,83.41,71.637,7.652,4.121,1.1643
5438,2023-08-15 14:00:00,83.459,71.742,7.616,4.101,1.1633
5439,2023-08-15 15:00:00,83.152,71.576,7.524,4.052,1.1617
5440,2023-08-15 16:00:00,82.185,70.871,7.354,3.96,1.1596
5441,2023-08-15 17:00:00,80.452,69.522,7.104,3.825,1.1572
5442,2023-08-15 18:00:00,81.411,70.509,7.086,3.816,1.1546
5443,2023-08-15 19:00:00,80.076,69.51,6.868,3.698,1.152
5444,2023-08-15 20:00:00,80.4,69.938,6.8,3.662,1.1496
5445,2023-08-15 21:00:00,78.336,68.267,6.545,3.524,1.1475
5446,2023-08-15 22:00:00,77.191,67.363,6.388,3.44,1.1459
5447,2023-08-15 23:00:00,78.179,68.286,6.431,3.463,1.1449
5448,2023-08-16 00:00:00,79.152,69.157,6.497,3.498,1.1445
5449,2023-08-16 01:00:00,78.333,68.422,6.442,3.469,1.1449
5450,2023-08-16 02:00:00,78.312,68.345,6.479,3.489,1.1458
5451,2023-08-16 03:00:00,78.2,68.153,6.53,3.516,1.1474
5452,2023-08-16 04:00:00,80.871,70.355,6.835,3.681,1.1495
5453,2023-08-16 05:00:00,79.279,68.826,6.794,3.658,1.1519
5454,2023-08-16 06:00:00,80.224,69.492,6.976,3.756,1.1544
5455,2023-08-16 07:00:00,81.977,70.852,7.231,3.894,1.157
5456,2023-08-16 08:00:00,80.667,69.576,7.209,3.882,1.1594
5457,2023-08-16 09:00:00,83.776,72.13,7.57,4.076,1.1615
5458,2023-08-16 10:00:00,83.684,71.952,7.625,4.106,1.163
5459,2023-08-16 11:00:00,84.182,72.32,7.71,4.152,1.164
5460,2023-08-16 12:00:00,83.997,72.141,7.707,4.15,1.1644
5461,2023-08-16 13:00:00,83.316,71.578,7.63,4.108,1.164
5462,2023-08-16 14:00:00,82.306,70.771,7.497,4.037,1.163
5463,2023-08-16 15:00:00,82.62,71.139,7.462,4.018,1.1614
5464,2023-08-16 16:00:00,81.373,70.192,7.268,3.913,1.1593
5465,2023-08-16 17:00:00,81.898,70.793,7.218,3.887,1.1569
5466,2023-08-16 18:00:00,81.45,70.565,7.076,3.81,1.1543
5467,2023-08-16 19:00:00,81.285,70.581,6.958,3.746,1.1517
5468,2023-08-16 20:00:00,79.74,69.385,6.73,3.624,1.1492
5469,2023-08-16 21:00:00,79.623,69.41,6.639,3.575,1.1471
5470,2023-08-16 22:00:00,78.214,68.276,6.459,3.478,1.1455
5471,2023-08-16 23:00:00,77.799,67.975,6.386,3.439,1.1445
5472,2023-08-17 00:00:00,78.469,68.582,6.427,3.461,1.1442
5473,2023-08-17 01:00:00,77.871,68.039,6.391,3.441,1.1445
5474,2023-08-17 02:00:00,78.664,68.673,6.494,3.497,1.1455
5475,2023-08-17 03:00:00,78.023,68.02,6.502,3.501,1.1471
5476,2023-08-17 04:00:00,78.723,68.508,6.64,3.575,1.1491
5477,2023-08-17 05:00:00,80.596,69.992,6.893,3.712,1.1515
5478,2023-08-17 06:00:00,81.502,70.621,7.073,3.809,1.1541
5479,2023-08-17 07:00:00,80.692,69.763,7.104,3.825,1.1567
5480,2023-08-17 08:00:00,82.692,71.344,7.376,3.972,1.1591
5481,2023-08-17 09:00:00,82.281,70.865,7.421,3.996,1.1611
5482,2023-08-17 10:00:00,83.163,71.527,7.564,4.073,1.1627
5483,2023-08-17 11:00:00,84.578,72.682,7.732,4.163,1.1637
5484,2023-08-17 12:00:00,84.174,72.315,7.708,4.151,1.164
5485,2023-08-17 13:00:00,84.07,72.247,7.685,4.138,1.1636
5486,2023-08-17 14:00:00,84.699,72.852,7.701,4.147,1.1626
5487,2023-08-17 15:00:00,82.136,70.745,7.404,3.987,1.161
5488,2023-08-17 16:00:00,81.34,70.185,7.251,3.904,1.1589
5489,2023-08-17 17:00:00,80.895,69.947,7.116,3.831,1.1565
5490,2023-08-17 18:00:00,80.568,69.822,6.985,3.761,1.1539
5491,2023-08-17 19:00:00,78.172,67.899,6.677,3.596,1.1513
5492,2023-08-17 20:00:00,79.249,68.98,6.675,3.594,1.1489
5493,2023-08-17 21:00:00,78.419,68.381,6.524,3.513,1.1468
5494,2023-08-17 22:00:00,79.055,69.033,6.514,3.508,1.1452
5495,2023-08-17 23:00:00,78.44,68.556,6.424,3.459,1.1442
5496,2023-08-18 00:00:00,77.584,67.83,6.34,3.414,1.1438
5497,2023-08-18 01:00:00,78.628,68.723,6.438,3.467,1.1441
5498,2023-08-18 02:00:00,79.003,68.991,6.508,3.504,1.1451
5499,2023-08-18 03:00:00,78.233,68.225,6.505,3.503,1.1467
5500,2023-08-18 04:00:00,79.011,68.78,6.65,3.581,1.1487
5501,2023-08-18 05:00:00,78.266,67.989,6.68,3.597,1.1511
5502,2023-08-18 06:00:00,79.879,69.237,6.918,3.725,1.1537
5503,2023-08-18 07:00:00,80.863,69.933,7.104,3.825,1.1563
5504,2023-08-18 08:00:00,82.182,70.927,7.316,3.939,1.1587
5505,2023-08-18 09:00:00,81.92,70.576,7.374,3.971,1.1607
5506,2023-08-18 10:00:00,82.706,71.156,7.507,4.042,1.1623
5507,2023-08-18 11:00:00,82.4,70.833,7.519,4.048,1.1633
5508,2023-08-18 12:00:00,83.629,71.87,7.644,4.116,1.1636
5509,2023-08-18 13:00:00,83.742,71.988,7.64,4.114,1.1633
5510,2023-08-18 14:00:00,83.447,71.797,7.572,4.077,1.1623
5511,2023-08-18 15:00:00,82.692,71.246,7.44,4.006,1.1606
5512,2023-08-18 16:00:00,80.863,69.796,7.194,3.873,1.1586
5513,2023-08-18 17:00:00,80.951,70.019,7.106,3.826,1.1561
5514,2023-08-18 18:00:00,80.418,69.715,6.957,3.746,1.1535
5515,2023-08-18 19:00:00,79.719,69.265,6.795,3.659,1.1509
5516,2023-08-18 20:00:00,79.45,69.177,6.677,3.595,1.1485
5517,2023-08-18 21:00:00,79.974,69.76,6.639,3.575,1.1464
5518,2023-08-18 22:00:00,79.052,69.053,6.5,3.5,1.1448
5519,2023-08-18 23:00:00,77.341,67.618,6.32,3.403,1.1438
5520,2023-08-19 00:00:00,77.782,68.025,6.342,3.415,1.1434
5521,2023-08-19 01:00:00,77.842,68.058,6.36,3.424,1.1438
5522,2023-08-19 02:00:00,76.95,67.22,6.324,3.405,1.1447
5523,2023-08-19 03:00:00,78.703,68.657,6.53,3.516,1.1463
5524,2023-08-19 04:00:00,78.449,68.313,6.588,3.548,1.1484
5525,2023-08-19 05:00:00,78.091,67.86,6.65,3.581,1.1508
5526,2023-08-19 06:00:00,80.294,69.619,6.939,3.736,1.1533
5527,2023-08-19 07:00:00,80.804,69.905,7.084,3.815,1.1559
5528,2023-08-19 08:00:00,81.1,70.016,7.205,3.879,1.1583
5529,2023-08-19 09:00:00,81.819,70.511,7.35,3.958,1.1604
5530,2023-08-19 10:00:00,81.698,70.312,7.401,3.985,1.1619
5531,2023-08-19 11:00:00,83.053,71.417,7.563,4.072,1.1629
5532,2023-08-19 12:00:00,82.613,71.02,7.536,4.058,1.1632
5533,2023-08-19 13:00:00,82.689,71.107,7.529,4.054,1.1629
5534,2023-08-19 14:00:00,82.569,71.066,7.477,4.026,1.1619
5535,2023-08-19 15:00:00,80.905,69.729,7.264,3.911,1.1603
5536,2023-08-19 16:00:00,80.55,69.549,7.151,3.851,1.1582
5537,2023-08-19 17:00:00,78.829,68.206,6.905,3.718,1.1558
5538,2023-08-19 18:00:00,80.369,69.695,6.938,3.736,1.1532
5539,2023-08-19 19:00:00,78.235,67.999,6.654,3.583,1.1505
5540,2023-08-19 20:00:00,78.667,68.518,6.597,3.552,1.1481
5541,2023-08-19 21:00:00,78.299,68.322,6.485,3.492,1.146
5542,2023-08-19 22:00:00,78.057,68.206,6.403,3.448,1.1444
5543,2023-08-19 23:00:00,76.342,66.767,6.224,3.351,1.1434
5544,2023-08-20 00:00:00,77.161,67.504,6.277,3.38,1.1431
5545,2023-08-20 01:00:00,78.64,68.779,6.41,3.451,1.1434
5546,2023-08-20 02:00:00,78.943,68.984,6.473,3.486,1.1444
5547,2023-08-20 03:00:00,78.787,68.754,6.522,3.512,1.1459
5548,2023-08-20 04:00:00,78.822,68.661,6.605,3.556,1.148
5549,2023-08-20 05:00:00,78.391,68.143,6.661,3.587,1.1504
5550,2023-08-20 06:00:00,80.48,69.803,6.94,3.737,1.153
5551,2023-08-20 07:00:00,80.474,69.642,7.04,3.791,1.1555
5552,2023-08-20 08:00:00,81.712,70.567,7.244,3.901,1.1579
5553,2023-08-20 09:00:00,81.308,70.094,7.289,3.925,1.16
5554,2023-08-20 10:00:00,82.115,70.694,7.424,3.997,1.1616
5555,2023-08-20 11:00:00,82.662,71.105,7.512,4.045,1.1625
5556,2023-08-20 12:00:00,82.822,71.222,7.539,4.06,1.1629
5557,2023-08-20 13:00:00,82.928,71.336,7.535,4.057,1.1625
5558,2023-08-20 14:00:00,81.78,70.41,7.391,3.98,1.1615
5559,2023-08-20 15:00:00,80.724,69.597,7.233,3.895,1.1599
5560,2023-08-20 16:00:00,82.565,71.312,7.314,3.938,1.1578
5561,2023-08-20 17:00:00,82.603,71.495,7.22,3.888,1.1554
5562,2023-08-20 18:00:00,80.247,69.613,6.912,3.722,1.1528
5563,2023-08-20 19:00:00,78.119,67.92,6.629,3.57,1.1502
5564,2023-08-20 20:00:00,77.912,67.884,6.518,3.51,1.1477
5565,2023-08-20 21:00:00,78.383,68.419,6.477,3.488,1.1456
5566,2023-08-20 22:00:00,78.622,68.723,6.434,3.464,1.144
5567,2023-08-20 23:00:00,76.309,66.761,6.206,3.342,1.143
5568,2023-08-21 00:00:00,77.887,68.163,6.321,3.403,1.1427
5569,2023-08-21 01:00:00,78.234,68.447,6.361,3.425,1.143
5570,2023-08-21 02:00:00,79.036,69.09,6.465,3.481,1.144
5571,2023-08-21 03:00:00,78.495,68.522,6.482,3.49,1.1455
5572,2023-08-21 04:00:00,78.071,68.03,6.527,3.514,1.1476
5573,2023-08-21 05:00:00,80.479,69.982,6.823,3.674,1.15
5574,2023-08-21 06:00:00,81.587,70.787,7.02,3.78,1.1526
5575,2023-08-21 07:00:00,81.316,70.395,7.098,3.822,1.1551
5576,2023-08-21 08:00:00,82.368,71.159,7.286,3.923,1.1575
5577,2023-08-21 09:00:00,82.221,70.905,7.355,3.96,1.1596
5578,2023-08-21 10:00:00,82.353,70.924,7.429,4.0,1.1612
5579,2023-08-21 11:00:00,84.149,72.409,7.631,4.109,1.1621
5580,2023-08-21 12:00:00,83.722,72.021,7.605,4.095,1.1625
5581,2023-08-21 13:00:00,83.711,72.034,7.59,4.087,1.1621
5582,2023-08-21 14:00:00,84.257,72.567,7.598,4.091,1.1611
5583,2023-08-21 15:00:00,81.742,70.499,7.308,3.935,1.1595
5584,2023-08-21 16:00:00,81.583,70.489,7.211,3.883,1.1574
5585,2023-08-21 17:00:00,81.498,70.563,7.108,3.827,1.155
5586,2023-08-21 18:00:00,80.21,69.605,6.893,3.712,1.1524
5587,2023-08-21 19:00:00,80.592,70.095,6.823,3.674,1.1498
5588,2023-08-21 20:00:00,79.158,68.994,6.607,3.558,1.1473
5589,2023-08-21 21:00:00,77.954,68.068,6.426,3.46,1.1452
5590,2023-08-21 22:00:00,78.374,68.53,6.398,3.445,1.1436
5591,2023-08-21 23:00:00,78.188,68.429,6.343,3.416,1.1426
5592,2023-08-22 00:00:00,78.707,68.904,6.371,3.431,1.1423
5593,2023-08-22 01:00:00,78.364,68.585,6.356,3.423,1.1426
5594,2023-08-22 02:00:00,78.686,68.807,6.421,3.457,1.1436
5595,2023-08-22 03:00:00,78.999,68.987,6.508,3.504,1.1451
5596,2023-08-22 04:00:00,79.148,68.993,6.601,3.554,1.1472
5597,2023-08-22 05:00:00,79.374,69.046,6.713,3.615,1.1496
5598,2023-08-22 06:00:00,80.884,70.202,6.943,3.739,1.1522
5599,2023-08-22 07:00:00,81.085,70.22,7.062,3.803,1.1547
5600,2023-08-22 08:00:00,83.38,72.058,7.359,3.963,1.1571
5601,2023-08-22 09:00:00,83.666,72.177,7.468,4.021,1.1592
5602,2023-08-22 10:00:00,83.526,71.959,7.519,4.049,1.1607
5603,2023-08-22 11:00:00,83.593,71.955,7.564,4.073,1.1617
5604,2023-08-22 12:00:00,83.306,71.688,7.551,4.066,1.1621
5605,2023-08-22 13:00:00,82.257,70.808,7.442,4.007,1.1617
5606,2023-08-22 14:00:00,82.831,71.364,7.453,4.013,1.1607
5607,2023-08-22 15:00:00,82.652,71.308,7.373,3.97,1.1591
5608,2023-08-22 16:00:00,82.187,71.036,7.249,3.903,1.157
5609,2023-08-22 17:00:00,81.721,70.782,7.111,3.829,1.1546
5610,2023-08-22 18:00:00,81.38,70.645,6.977,3.757,1.152
5611,2023-08-22 19:00:00,79.377,69.063,6.704,3.61,1.1493
5612,2023-08-22 20:00:00,78.732,68.647,6.555,3.53,1.1469
5613,2023-08-22 21:00:00,79.884,69.778,6.569,3.537,1.1448
5614,2023-08-22 22:00:00,78.91,69.024,6.426,3.46,1.1432
5615,2023-08-22 23:00:00,77.711,68.036,6.289,3.386,1.1422
5616,2023-08-23 00:00:00,77.845,68.175,6.286,3.385,1.1418
5617,2023-08-23 01:00:00,77.939,68.238,6.306,3.395,1.1422
5618,2023-08-23 02:00:00,78.313,68.507,6.374,3.432,1.1432
5619,2023-08-23 03:00:00,79.093,69.093,6.5,3.5,1.1447
5620,2023-08-23 04:00:00,81.306,70.899,6.764,3.642,1.1468
5621,2023-08-23 05:00:00,80.074,69.68,6.756,3.638,1.1492
5622,2023-08-23 06:00:00,81.156,70.464,6.95,3.742,1.1517
5623,2023-08-23 07:00:00,79.962,69.272,6.948,3.741,1.1543
5624,2023-08-23 08:00:00,81.589,70.536,7.185,3.869,1.1567
5625,2023-08-23 09:00:00,83.544,72.098,7.44,4.006,1.1588
5626,2023-08-23 10:00:00,83.309,71.797,7.482,4.029,1.1603
5627,2023-08-23 11:00:00,79.687,68.618,7.195,3.874,1.1613
5628,2023-08-23 12:00:00,83.896,72.222,7.588,4.086,1.1616
5629,2023-08-23 13:00:00,84.812,73.033,7.656,4.123,1.1613
5630,2023-08-23 14:00:00,81.356,70.118,7.304,3.933,1.1603
5631,2023-08-23 15:00:00,83.772,72.301,7.456,4.015,1.1587
5632,2023-08-23 16:00:00,79.728,68.935,7.015,3.778,1.1566
5633,2023-08-23 17:00:00,82.07,71.11,7.124,3.836,1.1541
5634,2023-08-23 18:00:00,80.6,69.994,6.894,3.712,1.1515
5635,2023-08-23 19:00:00,78.014,67.902,6.573,3.539,1.1489
5636,2023-08-23 20:00:00,79.61,69.437,6.612,3.56,1.1465
5637,2023-08-23 21:00:00,79.614,69.568,6.53,3.516,1.1444
5638,2023-08-23 22:00:00,78.555,68.739,6.38,3.436,1.1428
5639,2023-08-23 23:00:00,78.462,68.719,6.333,3.41,1.1418
5640,2023-08-24 00:00:00,77.573,67.962,6.248,3.364,1.1414
5641,2023-08-24 01:00:00,76.505,67.007,6.174,3.324,1.1417
5642,2023-08-24 02:00:00,78.813,68.969,6.399,3.445,1.1427
5643,2023-08-24 03:00:00,80.087,69.987,6.565,3.535,1.1443
5644,2023-08-24 04:00:00,80.148,69.916,6.651,3.581,1.1464
5645,2023-08-24 05:00:00,78.294,68.156,6.59,3.548,1.1487
5646,2023-08-24 06:00:00,79.371,68.94,6.781,3.651,1.1513
5647,2023-08-24 07:00:00,80.612,69.861,6.988,3.763,1.1539
5648,2023-08-24 08:00:00,80.662,69.76,7.087,3.816,1.1563
5649,2023-08-24 09:00:00,82.553,71.268,7.335,3.95,1.1583
5650,2023-08-24 10:00:00,83.271,71.791,7.462,4.018,1.1599
5651,2023-08-24 11:00:00,82.062,70.689,7.393,3.981,1.1609
5652,2023-08-24 12:00:00,83.949,72.294,7.576,4.079,1.1612
5653,2023-08-24 13:00:00,83.71,72.111,7.54,4.06,1.1609
5654,2023-08-24 14:00:00,82.501,71.132,7.39,3.979,1.1598
5655,2023-08-24 15:00:00,82.369,71.117,7.314,3.938,1.1582
5656,2023-08-24 16:00:00,80.363,69.51,7.055,3.799,1.1561
5657,2023-08-24 17:00:00,81.014,70.22,7.016,3.778,1.1537
5658,2023-08-24 18:00:00,80.583,70.005,6.876,3.702,1.1511
5659,2023-08-24 19:00:00,80.01,69.665,6.724,3.621,1.1485
5660,2023-08-24 20:00:00,79.526,69.39,6.588,3.547,1.1461
5661,2023-08-24 21:00:00,78.858,68.934,6.451,3.474,1.144
5662,2023-08-24 22:00:00,78.023,68.299,6.321,3.403,1.1424
5663,2023-08-24 23:00:00,78.194,68.51,6.295,3.389,1.1414
5664,2023-08-25 00:00:00,78.673,68.951,6.319,3.403,1.141
5665,2023-08-25 01:00:00,77.887,68.243,6.269,3.375,1.1413
5666,2023-08-25 02:00:00,78.484,68.707,6.355,3.422,1.1423
5667,2023-08-25 03:00:00,78.506,68.632,6.418,3.456,1.1439
5668,2023-08-25 04:00:00,78.693,68.672,6.514,3.507,1.1459
5669,2023-08-25 05:00:00,80.282,69.913,6.74,3.629,1.1483
5670,2023-08-25 06:00:00,80.115,69.611,6.827,3.676,1.1509
5671,2023-08-25 07:00:00,81.576,70.723,7.054,3.799,1.1535
5672,2023-08-25 08:00:00,81.944,70.895,7.182,3.867,1.1558
5673,2023-08-25 09:00:00,82.24,71.025,7.29,3.925,1.1579
5674,2023-08-25 10:00:00,82.654,71.286,7.389,3.979,1.1595
5675,2023-08-25 11:00:00,82.781,71.335,7.44,4.006,1.1605
5676,2023-08-25 12:00:00,81.948,70.598,7.378,3.973,1.1608
5677,2023-08-25 13:00:00,83.502,71.958,7.503,4.04,1.1604
5678,2023-08-25 14:00:00,83.103,71.678,7.427,3.999,1.1594
5679,2023-08-25 15:00:00,83.167,71.832,7.367,3.967,1.1578
5680,2023-08-25 16:00:00,81.481,70.503,7.135,3.842,1.1557
5681,2023-08-25 17:00:00,82.782,71.78,7.151,3.851,1.1533
5682,2023-08-25 18:00:00,80.241,69.734,6.829,3.677,1.1507
5683,2023-08-25 19:00:00,79.141,68.934,6.634,3.572,1.1481
5684,2023-08-25 20:00:00,78.395,68.429,6.477,3.488,1.1456
5685,2023-08-25 21:00:00,77.245,67.549,6.302,3.394,1.1435
5686,2023-08-25 22:00:00,79.43,69.557,6.417,3.455,1.1419
5687,2023-08-25 23:00:00,79.03,69.269,6.345,3.416,1.1409
5688,2023-08-26 00:00:00,77.524,67.971,6.21,3.344,1.1406
5689,2023-08-26 01:00:00,76.419,66.982,6.134,3.303,1.1409
5690,2023-08-26 02:00:00,78.848,69.052,6.367,3.428,1.1419
5691,2023-08-26 03:00:00,77.543,67.816,6.322,3.404,1.1434
5692,2023-08-26 04:00:00,78.164,68.237,6.453,3.475,1.1455
5693,2023-08-26 05:00:00,80.183,69.853,6.714,3.615,1.1479
5694,2023-08-26 06:00:00,80.256,69.761,6.822,3.673,1.1504
5695,2023-08-26 07:00:00,82.203,71.294,7.091,3.818,1.153
5696,2023-08-26 08:00:00,81.282,70.349,7.106,3.826,1.1554
5697,2023-08-26 09:00:00,81.323,70.26,7.191,3.872,1.1575
5698,2023-08-26 10:00:00,81.581,70.387,7.276,3.918,1.159
5699,2023-08-26 11:00:00,80.85,69.697,7.249,3.903,1.16
5700,2023-08-26 12:00:00,82.215,70.855,7.384,3.976,1.1603
5701,2023-08-26 13:00:00,83.276,71.792,7.465,4.02,1.16
5702,2023-08-26 14:00:00,82.558,71.235,7.36,3.963,1.159
5703,2023-08-26 15:00:00,81.653,70.552,7.216,3.885,1.1573
5704,2023-08-26 16:00:00,80.266,69.479,7.012,3.775,1.1553
5705,2023-08-26 17:00:00,80.596,69.912,6.945,3.74,1.1528
5706,2023-08-26 18:00:00,80.526,70.009,6.836,3.681,1.1502
5707,2023-08-26 19:00:00,79.356,69.149,6.635,3.573,1.1476
5708,2023-08-26 20:00:00,78.493,68.542,6.468,3.483,1.1452
5709,2023-08-26 21:00:00,77.164,67.505,6.279,3.381,1.1431
5710,2023-08-26 22:00:00,78.068,68.391,6.29,3.387,1.1415
5711,2023-08-26 23:00:00,74.606,65.417,5.973,3.216,1.1405
5712,2023-08-27 00:00:00,77.32,67.818,6.176,3.326,1.1401
5713,2023-08-27 01:00:00,79.156,69.409,6.336,3.411,1.1404
5714,2023-08-27 02:00:00,76.165,66.729,6.133,3.303,1.1414
5715,2023-08-27 03:00:00,77.601,67.894,6.31,3.398,1.143
5716,2023-08-27 04:00:00,78.342,68.419,6.45,3.473,1.145
5717,2023-08-27 05:00:00,78.625,68.523,6.566,3.536,1.1474
5718,2023-08-27 06:00:00,80.529,70.025,6.827,3.676,1.15
5719,2023-08-27 07:00:00,80.776,70.084,6.95,3.742,1.1526
5720,2023-08-27 08:00:00,81.172,70.282,7.079,3.812,1.155
5721,2023-08-27 09:00:00,82.258,71.096,7.256,3.907,1.157
5722,2023-08-27 10:00:00,82.059,70.827,7.301,3.931,1.1586
5723,2023-08-27 11:00:00,84.898,73.216,7.593,4.089,1.1596
5724,2023-08-27 12:00:00,82.532,71.156,7.395,3.982,1.1599
5725,2023-08-27 13:00:00,82.473,71.127,7.375,3.971,1.1595
5726,2023-08-27 14:00:00,80.653,69.618,7.172,3.862,1.1585
5727,2023-08-27 15:00:00,81.164,70.157,7.155,3.852,1.1569
5728,2023-08-27 16:00:00,81.966,70.978,7.142,3.846,1.1548
5729,2023-08-27 17:00:00,79.304,68.818,6.816,3.67,1.1524
5730,2023-08-27 18:00:00,77.942,67.79,6.599,3.553,1.1498
5731,2023-08-27 19:00:00,79.004,68.87,6.588,3.547,1.1472
5732,2023-08-27 20:00:00,79.426,69.385,6.527,3.515,1.1447
5733,2023-08-27 21:00:00,77.805,68.092,6.313,3.399,1.1426
5734,2023-08-27 22:00:00,77.075,67.549,6.192,3.334,1.141
5735,2023-08-27 23:00:00,75.592,66.309,6.034,3.249,1.14
5736,2023-08-28 00:00:00,78.142,68.567,6.224,3.351,1.1396
5737,2023-08-28 01:00:00,78.399,68.773,6.257,3.369,1.14
5738,2023-08-28 02:00:00,76.714,67.237,6.16,3.317,1.141
5739,2023-08-28 03:00:00,79.47,69.557,6.444,3.47,1.1425
5740,2023-08-28 04:00:00,79.732,69.661,6.546,3.525,1.1446
5741,2023-08-28 05:00:00,80.677,70.34,6.719,3.618,1.147
5742,2023-08-28 06:00:00,80.937,70.408,6.843,3.685,1.1495
5743,2023-08-28 07:00:00,81.696,70.911,7.011,3.775,1.1521
5744,2023-08-28 08:00:00,82.246,71.24,7.154,3.852,1.1545
5745,2023-08-28 09:00:00,83.092,71.845,7.311,3.936,1.1565
5746,2023-08-28 10:00:00,81.349,70.242,7.219,3.887,1.1581
5747,2023-08-28 11:00:00,81.878,70.64,7.305,3.933,1.1591
5748,2023-08-28 12:00:00,82.591,71.235,7.381,3.975,1.1594
5749,2023-08-28 13:00:00,82.988,71.599,7.402,3.986,1.1591
5750,2023-08-28 14:00:00,83.132,71.787,7.374,3.971,1.158
5751,2023-08-28 15:00:00,82.644,71.465,7.266,3.913,1.1564
5752,2023-08-28 16:00:00,82.716,71.657,7.189,3.871,1.1543
5753,2023-08-28 17:00:00,82.081,71.257,7.036,3.789,1.1519
5754,2023-08-28 18:00:00,79.749,69.389,6.734,3.626,1.1493
5755,2023-08-28 19:00:00,79.941,69.714,6.647,3.579,1.1467
5756,2023-08-28 20:00:00,78.418,68.532,6.426,3.46,1.1443
5757,2023-08-28 21:00:00,78.388,68.631,6.342,3.415,1.1422
5758,2023-08-28 22:00:00,78.368,68.71,6.278,3.38,1.1406
5759,2023-08-28 23:00:00,75.123,65.924,5.979,3.22,1.1395
5760,2023-08-29 00:00:00,79.672,69.938,6.327,3.407,1.1392
5761,2023-08-29 01:00:00,78.291,68.706,6.23,3.355,1.1395
5762,2023-08-29 02:00:00,77.63,68.067,6.215,3.347,1.1405
5763,2023-08-29 03:00:00,80.071,70.112,6.474,3.486,1.1421
5764,2023-08-29 04:00:00,78.808,68.882,6.452,3.474,1.1441
5765,2023-08-29 05:00:00,79.842,69.64,6.631,3.571,1.1465
5766,2023-08-29 06:00:00,80.043,69.659,6.749,3.634,1.1491
5767,2023-08-29 07:00:00,82.468,71.609,7.058,3.8,1.1516
5768,2023-08-29 08:00:00,81.707,70.802,7.088,3.817,1.154
5769,2023-08-29 09:00:00,82.477,71.342,7.238,3.897,1.1561
5770,2023-08-29 10:00:00,83.765,72.358,7.415,3.992,1.1576
5771,2023-08-29 11:00:00,83.537,72.1,7.434,4.003,1.1586
5772,2023-08-29 12:00:00,83.11,71.712,7.409,3.989,1.1589
5773,2023-08-29 13:00:00,83.96,72.468,7.47,4.022,1.1586
5774,2023-08-29 14:00:00,84.841,73.292,7.506,4.042,1.1576
5775,2023-08-29 15:00:00,82.604,71.46,7.244,3.901,1.156
5776,2023-08-29 16:00:00,81.875,70.957,7.097,3.821,1.1539
5777,2023-08-29 17:00:00,81.259,70.572,6.947,3.74,1.1514
5778,2023-08-29 18:00:00,81.472,70.917,6.86,3.694,1.1488
5779,2023-08-29 19:00:00,79.235,69.128,6.57,3.538,1.1462
5780,2023-08-29 20:00:00,78.841,68.93,6.442,3.469,1.1438
5781,2023-08-29 21:00:00,77.277,67.686,6.234,3.357,1.1417
5782,2023-08-29 22:00:00,77.133,67.656,6.16,3.317,1.1401
5783,2023-08-29 23:00:00,77.396,67.947,6.142,3.307,1.1391
5784,2023-08-30 00:00:00,77.672,68.211,6.15,3.311,1.1387
5785,2023-08-30 01:00:00,79.217,69.548,6.285,3.384,1.139
5786,2023-08-30 02:00:00,78.5,68.86,6.267,3.374,1.14
5787,2023-08-30 03:00:00,77.769,68.124,6.269,3.376,1.1416
5788,2023-08-30 04:00:00,78.47,68.615,6.406,3.449,1.1436
5789,2023-08-30 05:00:00,80.805,70.509,6.692,3.603,1.146
5790,2023-08-30 06:00:00,81.307,70.789,6.837,3.681,1.1486
5791,2023-08-30 07:00:00,81.125,70.473,6.924,3.728,1.1512
5792,2023-08-30 08:00:00,81.4,70.565,7.043,3.792,1.1535
5793,2023-08-30 09:00:00,83.232,72.025,7.284,3.922,1.1556
5794,2023-08-30 10:00:00,81.951,70.82,7.235,3.896,1.1572
5795,2023-08-30 11:00:00,83.346,71.965,7.398,3.983,1.1581
5796,2023-08-30 12:00:00,84.963,73.341,7.554,4.068,1.1585
5797,2023-08-30 13:00:00,83.191,71.834,7.382,3.975,1.1581
5798,2023-08-30 14:00:00,82.121,70.973,7.247,3.902,1.1571
5799,2023-08-30 15:00:00,82.645,71.525,7.228,3.892,1.1555
5800,2023-08-30 16:00:00,81.367,70.546,7.033,3.787,1.1534
5801,2023-08-30 17:00:00,79.965,69.477,6.817,3.671,1.151
5802,2023-08-30 18:00:00,80.948,70.491,6.797,3.66,1.1483
5803,2023-08-30 19:00:00,80.579,70.33,6.662,3.587,1.1457
5804,2023-08-30 20:00:00,78.782,68.907,6.419,3.456,1.1433
5805,2023-08-30 21:00:00,78.171,68.498,6.287,3.386,1.1412
5806,2023-08-30 22:00:00,77.278,67.811,6.153,3.313,1.1396
5807,2023-08-30 23:00:00,77.657,68.205,6.144,3.308,1.1386
5808,2023-08-31 00:00:00,77.236,67.856,6.097,3.283,1.1382
5809,2023-08-31 01:00:00,76.968,67.602,6.088,3.278,1.1385
5810,2023-08-31 02:00:00,79.549,69.809,6.331,3.409,1.1395
5811,2023-08-31 03:00:00,78.837,69.089,6.336,3.412,1.1411
5812,2023-08-31 04:00:00,79.478,69.526,6.469,3.483,1.1431
5813,2023-08-31 05:00:00,80.377,70.165,6.637,3.574,1.1455
5814,2023-08-31 06:00:00,80.987,70.54,6.791,3.656,1.1481
5815,2023-08-31 07:00:00,80.735,70.164,6.871,3.7,1.1507
5816,2023-08-31 08:00:00,81.943,71.066,7.07,3.807,1.1531
5817,2023-08-31 09:00:00,82.07,71.049,7.163,3.857,1.1551
5818,2023-08-31 10:00:00,83.076,71.822,7.315,3.939,1.1567
5819,2023-08-31 11:00:00,83.27,71.93,7.371,3.969,1.1577
5820,2023-08-31 12:00:00,82.775,71.482,7.34,3.952,1.158
5821,2023-08-31 13:00:00,81.913,70.76,7.249,3.904,1.1576
5822,2023-08-31 14:00:00,82.833,71.618,7.29,3.925,1.1566
5823,2023-08-31 15:00:00,82.113,71.094,7.162,3.857,1.155
5824,2023-08-31 16:00:00,80.186,69.552,6.912,3.722,1.1529
5825,2023-08-31 17:00:00,81.462,70.808,6.925,3.729,1.1505
5826,2023-08-31 18:00:00,81.126,70.676,6.792,3.657,1.1479
5827,2023-08-31 19:00:00,81.675,71.317,6.733,3.625,1.1452
5828,2023-08-31 20:00:00,78.684,68.851,6.391,3.442,1.1428
5829,2023-08-31 21:00:00,78.009,68.385,6.255,3.368,1.1407
5830,2023-08-31 22:00:00,77.127,67.708,6.122,3.297,1.1391
5831,2023-08-31 23:00:00,77.909,68.456,6.145,3.309,1.1381
5832,2023-09-01 00:00:00,77.811,68.392,6.123,3.297,1.1377
5833,2023-09-01 01:00:00,77.094,67.742,6.079,3.273,1.1381
5834,2023-09-01 02:00:00,77.866,68.362,6.178,3.327,1.139
5835,2023-09-01 03:00:00,76.851,67.377,6.158,3.316,1.1406
5836,2023-09-01 04:00:00,79.727,69.773,6.469,3.484,1.1426
5837,2023-09-01 05:00:00,79.016,69.008,6.506,3.503,1.145
5838,2023-09-01 06:00:00,80.305,69.976,6.714,3.615,1.1476
5839,2023-09-01 07:00:00,79.884,69.454,6.78,3.651,1.1502
5840,2023-09-01 08:00:00,81.218,70.467,6.988,3.763,1.1526
5841,2023-09-01 09:00:00,82.026,71.042,7.14,3.844,1.1546
5842,2023-09-01 10:00:00,82.676,71.508,7.259,3.909,1.1562
5843,2023-09-01 11:00:00,83.346,72.026,7.358,3.962,1.1572
5844,2023-09-01 12:00:00,84.215,72.757,7.448,4.01,1.1575
5845,2023-09-01 13:00:00,83.548,72.203,7.374,3.971,1.1571
5846,2023-09-01 14:00:00,83.458,72.189,7.325,3.944,1.1561
5847,2023-09-01 15:00:00,83.412,72.25,7.255,3.907,1.1545
5848,2023-09-01 16:00:00,82.136,71.274,7.06,3.802,1.1524
5849,2023-09-01 17:00:00,80.989,70.427,6.865,3.697,1.15
5850,2023-09-01 18:00:00,81.125,70.706,6.772,3.647,1.1474
5851,2023-09-01 19:00:00,80.474,70.298,6.614,3.561,1.1447
5852,2023-09-01 20:00:00,79.481,69.579,6.436,3.466,1.1423
5853,2023-09-01 21:00:00,77.244,67.744,6.175,3.325,1.1402
5854,2023-09-01 22:00:00,77.307,67.895,6.117,3.294,1.1386
5855,2023-09-01 23:00:00,77.49,68.117,6.092,3.28,1.1376
5856,2023-09-02 00:00:00,77.441,68.096,6.074,3.271,1.1372
5857,2023-09-02 01:00:00,76.892,67.595,6.044,3.254,1.1376
5858,2023-09-02 02:00:00,78.081,68.58,6.175,3.325,1.1385
5859,2023-09-02 03:00:00,78.648,68.983,6.282,3.383,1.1401
5860,2023-09-02 04:00:00,79.11,69.264,6.4,3.446,1.1421
5861,2023-09-02 05:00:00,79.764,69.691,6.547,3.526,1.1445
5862,2023-09-02 06:00:00,78.662,68.574,6.557,3.531,1.1471
5863,2023-09-02 07:00:00,80.581,70.091,6.819,3.672,1.1497
5864,2023-09-02 08:00:00,80.356,69.75,6.894,3.712,1.1521
5865,2023-09-02 09:00:00,80.076,69.383,6.95,3.742,1.1541
5866,2023-09-02 10:00:00,81.608,70.614,7.146,3.848,1.1557
5867,2023-09-02 11:00:00,83.184,71.918,7.323,3.943,1.1567
5868,2023-09-02 12:00:00,82.576,71.373,7.283,3.921,1.157
5869,2023-09-02 13:00:00,83.742,72.403,7.371,3.969,1.1566
5870,2023-09-02 14:00:00,81.977,70.94,7.175,3.863,1.1556
5871,2023-09-02 15:00:00,83.376,72.251,7.232,3.894,1.154
5872,2023-09-02 16:00:00,80.977,70.299,6.941,3.737,1.1519
5873,2023-09-02 17:00:00,80.196,69.769,6.778,3.65,1.1495
5874,2023-09-02 18:00:00,78.45,68.404,6.529,3.516,1.1469
5875,2023-09-02 19:00:00,79.667,69.624,6.528,3.515,1.1442
5876,2023-09-02 20:00:00,77.727,68.074,6.275,3.379,1.1418
5877,2023-09-02 21:00:00,77.056,67.61,6.14,3.306,1.1397
5878,2023-09-02 22:00:00,78.167,68.681,6.165,3.32,1.1381
5879,2023-09-02 23:00:00,77.8,68.42,6.097,3.283,1.1371
5880,2023-09-03 00:00:00,77.686,68.342,6.074,3.27,1.1367
5881,2023-09-03 01:00:00,76.587,67.356,6.0,3.231,1.137
5882,2023-09-03 02:00:00,77.099,67.749,6.078,3.273,1.138
5883,2023-09-03 03:00:00,77.515,68.021,6.172,3.323,1.1396
5884,2023-09-03 04:00:00,78.742,68.973,6.35,3.419,1.1416
5885,2023-09-03 05:00:00,80.007,69.935,6.547,3.525,1.144
5886,2023-09-03 06:00:00,79.754,69.558,6.628,3.569,1.1466
5887,2023-09-03 07:00:00,81.746,71.135,6.897,3.714,1.1492
5888,2023-09-03 08:00:00,81.533,70.803,6.975,3.756,1.1516
5889,2023-09-03 09:00:00,81.182,70.373,7.026,3.783,1.1536
5890,2023-09-03 10:00:00,82.474,71.396,7.201,3.877,1.1552
5891,2023-09-03 11:00:00,83.456,72.185,7.326,3.945,1.1561
5892,2023-09-03 12:00:00,83.785,72.449,7.368,3.968,1.1565
5893,2023-09-03 13:00:00,83.033,71.821,7.287,3.924,1.1561
5894,2023-09-03 14:00:00,81.819,70.834,7.14,3.845,1.1551
5895,2023-09-03 15:00:00,81.188,70.386,7.021,3.781,1.1535
5896,2023-09-03 16:00:00,81.262,70.578,6.945,3.739,1.1514
5897,2023-09-03 17:00:00,81.489,70.925,6.867,3.697,1.1489
5898,2023-09-03 18:00:00,79.789,69.604,6.621,3.565,1.1463
5899,2023-09-03 19:00:00,79.106,69.165,6.462,3.479,1.1437
5900,2023-09-03 20:00:00,78.134,68.461,6.287,3.386,1.1413
5901,2023-09-03 21:00:00,77.275,67.833,6.138,3.305,1.1392
5902,2023-09-03 22:00:00,76.982,67.671,6.052,3.259,1.1376
5903,2023-09-03 23:00:00,76.951,67.704,6.01,3.236,1.1366
5904,2023-09-04 00:00:00,78.913,69.453,6.149,3.311,1.1362
5905,2023-09-04 01:00:00,77.445,68.142,6.047,3.256,1.1365
5906,2023-09-04 02:00:00,77.943,68.521,6.124,3.298,1.1375
5907,2023-09-04 03:00:00,77.635,68.157,6.161,3.318,1.1391
5908,2023-09-04 04:00:00,79.452,69.627,6.387,3.439,1.1411
5909,2023-09-04 05:00:00,80.622,70.504,6.577,3.541,1.1435
5910,2023-09-04 06:00:00,81.529,71.137,6.754,3.637,1.1461
5911,2023-09-04 07:00:00,81.089,70.595,6.821,3.673,1.1486
5912,2023-09-04 08:00:00,82.042,71.277,6.997,3.768,1.151
5913,2023-09-04 09:00:00,82.019,71.13,7.078,3.811,1.1531
5914,2023-09-04 10:00:00,83.002,71.885,7.226,3.891,1.1546
5915,2023-09-04 11:00:00,83.101,71.91,7.274,3.917,1.1556
5916,2023-09-04 12:00:00,82.986,71.791,7.277,3.918,1.1559
5917,2023-09-04 13:00:00,82.956,71.787,7.26,3.909,1.1556
5918,2023-09-04 14:00:00,82.934,71.832,7.217,3.886,1.1546
5919,2023-09-04 15:00:00,81.896,71.032,7.062,3.803,1.153
5920,2023-09-04 16:00:00,81.372,70.705,6.933,3.733,1.1509
5921,2023-09-04 17:00:00,82.282,71.648,6.912,3.722,1.1484
5922,2023-09-04 18:00:00,82.381,71.897,6.814,3.669,1.1458
5923,2023-09-04 19:00:00,78.543,68.704,6.395,3.444,1.1432
5924,2023-09-04 20:00:00,77.85,68.243,6.244,3.362,1.1408
5925,2023-09-04 21:00:00,77.535,68.093,6.138,3.305,1.1387
5926,2023-09-04 22:00:00,77.789,68.412,6.095,3.282,1.1371
5927,2023-09-04 23:00:00,78.315,68.937,6.096,3.282,1.136
5928,2023-09-05 00:00:00,77.98,68.664,6.056,3.261,1.1357
5929,2023-09-05 01:00:00,77.737,68.43,6.049,3.257,1.136
5930,2023-09-05 02:00:00,78.286,68.855,6.131,3.301,1.137
5931,2023-09-05 03:00:00,77.738,68.278,6.149,3.311,1.1385
5932,2023-09-05 04:00:00,78.649,68.954,6.301,3.393,1.1406
5933,2023-09-05 05:00:00,79.475,69.533,6.462,3.48,1.143
5934,2023-09-05 06:00:00,78.918,68.891,6.518,3.509,1.1455
5935,2023-09-05 07:00:00,79.955,69.64,6.705,3.61,1.1481
5936,2023-09-05 08:00:00,80.639,70.09,6.857,3.692,1.1505
5937,2023-09-05 09:00:00,82.722,71.772,7.117,3.832,1.1526
5938,2023-09-05 10:00:00,82.736,71.687,7.182,3.867,1.1541
5939,2023-09-05 11:00:00,83.304,72.118,7.271,3.915,1.1551
5940,2023-09-05 12:00:00,81.413,70.462,7.118,3.833,1.1554
5941,2023-09-05 13:00:00,81.607,70.652,7.121,3.834,1.1551
5942,2023-09-05 14:00:00,83.067,71.98,7.207,3.881,1.154
5943,2023-09-05 15:00:00,79.854,69.292,6.865,3.697,1.1524
5944,2023-09-05 16:00:00,82.516,71.732,7.009,3.774,1.1503
5945,2023-09-05 17:00:00,79.407,69.177,6.65,3.581,1.1479
5946,2023-09-05 18:00:00,80.846,70.59,6.666,3.589,1.1453
5947,2023-09-05 19:00:00,78.759,68.925,6.392,3.442,1.1427
5948,2023-09-05 20:00:00,79.656,69.859,6.368,3.429,1.1402
5949,2023-09-05 21:00:00,80.818,71.008,6.376,3.433,1.1381
5950,2023-09-05 22:00:00,76.026,66.893,5.937,3.197,1.1365
5951,2023-09-05 23:00:00,78.119,68.796,6.06,3.263,1.1355
5952,2023-09-06 00:00:00,76.037,66.984,5.884,3.169,1.1352
5953,2023-09-06 01:00:00,77.903,68.608,6.041,3.253,1.1355
5954,2023-09-06 02:00:00,77.664,68.34,6.061,3.264,1.1364
5955,2023-09-06 03:00:00,78.356,68.853,6.177,3.326,1.138
5956,2023-09-06 04:00:00,78.079,68.487,6.235,3.357,1.1401
5957,2023-09-06 05:00:00,80.078,70.093,6.49,3.495,1.1425
5958,2023-09-06 06:00:00,78.99,68.986,6.503,3.501,1.145
5959,2023-09-06 07:00:00,81.848,71.322,6.842,3.684,1.1476
5960,2023-09-06 08:00:00,81.175,70.589,6.881,3.705,1.15
5961,2023-09-06 09:00:00,80.936,70.256,6.942,3.738,1.152
5962,2023-09-06 10:00:00,83.787,72.632,7.251,3.904,1.1536
5963,2023-09-06 11:00:00,82.717,71.643,7.198,3.876,1.1546
5964,2023-09-06 12:00:00,84.405,73.085,7.358,3.962,1.1549
5965,2023-09-06 13:00:00,83.755,72.545,7.286,3.923,1.1545
5966,2023-09-06 14:00:00,81.849,70.957,7.08,3.812,1.1535
5967,2023-09-06 15:00:00,81.989,71.178,7.027,3.784,1.1519
5968,2023-09-06 16:00:00,81.589,70.96,6.909,3.72,1.1498
5969,2023-09-06 17:00:00,82.061,71.521,6.85,3.689,1.1474
5970,2023-09-06 18:00:00,80.483,70.306,6.615,3.562,1.1447
5971,2023-09-06 19:00:00,79.573,69.67,6.437,3.466,1.1421
5972,2023-09-06 20:00:00,78.622,68.985,6.264,3.373,1.1397
5973,2023-09-06 21:00:00,78.185,68.727,6.147,3.31,1.1376
5974,2023-09-06 22:00:00,78.835,69.398,6.135,3.303,1.136
5975,2023-09-06 23:00:00,77.533,68.312,5.993,3.227,1.135
5976,2023-09-07 00:00:00,77.124,67.974,5.948,3.203,1.1346
5977,2023-09-07 01:00:00,77.078,67.914,5.956,3.207,1.1349
5978,2023-09-07 02:00:00,77.352,68.097,6.016,3.239,1.1359
5979,2023-09-07 03:00:00,77.099,67.781,6.057,3.261,1.1375
5980,2023-09-07 04:00:00,78.171,68.6,6.221,3.35,1.1395
5981,2023-09-07 05:00:00,80.614,70.596,6.512,3.506,1.1419
5982,2023-09-07 06:00:00,79.948,69.855,6.56,3.532,1.1445
5983,2023-09-07 07:00:00,81.378,70.946,6.781,3.651,1.147
5984,2023-09-07 08:00:00,79.471,69.14,6.716,3.616,1.1494
5985,2023-09-07 09:00:00,82.486,71.635,7.053,3.798,1.1515
5986,2023-09-07 10:00:00,82.33,71.403,7.103,3.825,1.153
5987,2023-09-07 11:00:00,82.343,71.353,7.143,3.846,1.154
5988,2023-09-07 12:00:00,82.97,71.877,7.211,3.883,1.1543
5989,2023-09-07 13:00:00,82.328,71.343,7.14,3.845,1.154
5990,2023-09-07 14:00:00,80.74,70.029,6.962,3.749,1.153
5991,2023-09-07 15:00:00,82.762,71.883,7.071,3.808,1.1513
5992,2023-09-07 16:00:00,81.648,71.045,6.892,3.711,1.1492
5993,2023-09-07 17:00:00,80.544,70.233,6.702,3.609,1.1468
5994,2023-09-07 18:00:00,79.32,69.324,6.498,3.499,1.1442
5995,2023-09-07 19:00:00,78.22,68.518,6.306,3.396,1.1416
5996,2023-09-07 20:00:00,78.923,69.282,6.267,3.374,1.1392
5997,2023-09-07 21:00:00,79.472,69.892,6.227,3.353,1.1371
5998,2023-09-07 22:00:00,77.922,68.627,6.042,3.253,1.1355
5999,2023-09-07 23:00:00,76.394,67.342,5.884,3.168,1.1344
6000,2023-09-08 00:00:00,77.579,68.408,5.961,3.21,1.1341
6001,2023-09-08 01:00:00,77.447,68.272,5.964,3.211,1.1344
6002,2023-09-08 02:00:00,78.441,69.089,6.079,3.273,1.1354
6003,2023-09-08 03:00:00,78.661,69.187,6.158,3.316,1.1369
6004,2023-09-08 04:00:00,76.351,67.035,6.055,3.261,1.139
6005,2023-09-08 05:00:00,79.814,69.929,6.425,3.46,1.1414
6006,2023-09-08 06:00:00,79.271,69.298,6.483,3.491,1.1439
6007,2023-09-08 07:00:00,79.633,69.458,6.614,3.561,1.1465
6008,2023-09-08 08:00:00,81.275,70.743,6.846,3.686,1.1489
6009,2023-09-08 09:00:00,82.32,71.525,7.017,3.778,1.1509
6010,2023-09-08 10:00:00,81.098,70.367,6.975,3.756,1.1525
6011,2023-09-08 11:00:00,83.262,72.184,7.201,3.877,1.1535
6012,2023-09-08 12:00:00,83.401,72.284,7.226,3.891,1.1538
6013,2023-09-08 13:00:00,82.727,71.723,7.153,3.851,1.1534
6014,2023-09-08 14:00:00,81.715,70.908,7.024,3.782,1.1524
6015,2023-09-08 15:00:00,81.19,70.552,6.915,3.724,1.1508
6016,2023-09-08 16:00:00,82.239,71.593,6.92,3.726,1.1487
6017,2023-09-08 17:00:00,79.545,69.395,6.597,3.552,1.1463
6018,2023-09-08 18:00:00,80.908,70.745,6.606,3.557,1.1437
6019,2023-09-08 19:00:00,79.224,69.431,6.365,3.427,1.141
6020,2023-09-08 20:00:00,78.63,69.058,6.222,3.35,1.1386
6021,2023-09-08 21:00:00,76.79,67.567,5.995,3.228,1.1365
6022,2023-09-08 22:00:00,77.606,68.382,5.996,3.229,1.1349
6023,2023-09-08 23:00:00,77.942,68.739,5.982,3.221,1.1339
6024,2023-09-09 00:00:00,75.508,66.615,5.781,3.113,1.1335
6025,2023-09-09 01:00:00,77.054,67.959,5.912,3.183,1.1338
6026,2023-09-09 02:00:00,76.993,67.847,5.945,3.201,1.1348
6027,2023-09-09 03:00:00,76.832,67.612,5.993,3.227,1.1364
6028,2023-09-09 04:00:00,78.577,69.023,6.21,3.344,1.1384
6029,2023-09-09 05:00:00,76.783,67.305,6.16,3.317,1.1408
6030,2023-09-09 06:00:00,79.513,69.543,6.481,3.49,1.1434
6031,2023-09-09 07:00:00,81.231,70.887,6.724,3.621,1.1459
6032,2023-09-09 08:00:00,81.741,71.183,6.863,3.695,1.1483
6033,2023-09-09 09:00:00,81.458,70.81,6.921,3.727,1.1504
6034,2023-09-09 10:00:00,81.332,70.604,6.973,3.755,1.1519
6035,2023-09-09 11:00:00,81.333,70.545,7.012,3.776,1.1529
6036,2023-09-09 12:00:00,81.693,70.838,7.056,3.799,1.1532
6037,2023-09-09 13:00:00,82.281,71.371,7.092,3.819,1.1529
6038,2023-09-09 14:00:00,80.918,70.25,6.934,3.734,1.1518
6039,2023-09-09 15:00:00,81.744,71.068,6.94,3.737,1.1502
6040,2023-09-09 16:00:00,82.285,71.668,6.901,3.716,1.1481
6041,2023-09-09 17:00:00,79.867,69.71,6.602,3.555,1.1457
6042,2023-09-09 18:00:00,78.141,68.359,6.358,3.424,1.1431
6043,2023-09-09 19:00:00,77.445,67.906,6.201,3.339,1.1405
6044,2023-09-09 20:00:00,78.489,68.969,6.188,3.332,1.138
6045,2023-09-09 21:00:00,77.268,68.021,6.011,3.237,1.136
6046,2023-09-09 22:00:00,77.587,68.398,5.972,3.216,1.1343
6047,2023-09-09 23:00:00,76.2,67.236,5.826,3.137,1.1333
6048,2023-09-10 00:00:00,77.19,68.131,5.888,3.17,1.133
6049,2023-09-10 01:00:00,76.494,67.499,5.847,3.148,1.1333
6050,2023-09-10 02:00:00,76.302,67.272,5.87,3.161,1.1342
6051,2023-09-10 03:00:00,76.987,67.782,5.984,3.222,1.1358
6052,2023-09-10 04:00:00,76.904,67.587,6.056,3.261,1.1379
6053,2023-09-10 05:00:00,80.09,70.24,6.403,3.448,1.1402
6054,2023-09-10 06:00:00,79.12,69.233,6.427,3.46,1.1428
6055,2023-09-10 07:00:00,80.41,70.204,6.634,3.572,1.1454
6056,2023-09-10 08:00:00,80.113,69.799,6.704,3.61,1.1478
6057,2023-09-10 09:00:00,80.258,69.801,6.797,3.66,1.1498
6058,2023-09-10 10:00:00,81.347,70.652,6.952,3.743,1.1514
6059,2023-09-10 11:00:00,82.694,71.761,7.106,3.827,1.1524
6060,2023-09-10 12:00:00,81.477,70.685,7.014,3.777,1.1527
6061,2023-09-10 13:00:00,81.1,70.381,6.968,3.752,1.1523
6062,2023-09-10 14:00:00,81.654,70.924,6.974,3.755,1.1513
6063,2023-09-10 15:00:00,81.496,70.887,6.896,3.713,1.1497
6064,2023-09-10 16:00:00,81.851,71.325,6.842,3.684,1.1476
6065,2023-09-10 17:00:00,80.16,70.001,6.604,3.556,1.1451
6066,2023-09-10 18:00:00,79.692,69.751,6.462,3.479,1.1425
6067,2023-09-10 19:00:00,79.054,69.351,6.307,3.396,1.1399
6068,2023-09-10 20:00:00,76.914,67.618,6.042,3.254,1.1375
6069,2023-09-10 21:00:00,76.512,67.388,5.93,3.193,1.1354
6070,2023-09-10 22:00:00,75.992,67.026,5.828,3.138,1.1338
6071,2023-09-10 23:00:00,75.528,66.677,5.753,3.098,1.1327
6072,2023-09-11 00:00:00,77.916,68.807,5.921,3.188,1.1324
6073,2023-09-11 01:00:00,77.604,68.513,5.91,3.182,1.1327
6074,2023-09-11 02:00:00,77.702,68.54,5.955,3.207,1.1337
6075,2023-09-11 03:00:00,76.002,66.948,5.885,3.169,1.1352
6076,2023-09-11 04:00:00,80.251,70.564,6.297,3.391,1.1373
6077,2023-09-11 05:00:00,78.548,68.921,6.257,3.369,1.1397
6078,2023-09-11 06:00:00,81.597,71.436,6.605,3.556,1.1422
6079,2023-09-11 07:00:00,79.494,69.438,6.536,3.519,1.1448
6080,2023-09-11 08:00:00,80.655,70.306,6.727,3.622,1.1472
6081,2023-09-11 09:00:00,80.097,69.695,6.761,3.64,1.1492
6082,2023-09-11 10:00:00,82.592,71.769,7.035,3.788,1.1508
6083,2023-09-11 11:00:00,81.684,70.919,6.997,3.767,1.1518
6084,2023-09-11 12:00:00,81.798,70.999,7.019,3.78,1.1521
6085,2023-09-11 13:00:00,81.462,70.73,6.976,3.756,1.1517
6086,2023-09-11 14:00:00,82.92,72.06,7.059,3.801,1.1507
6087,2023-09-11 15:00:00,82.431,71.735,6.952,3.743,1.1491
6088,2023-09-11 16:00:00,82.749,72.143,6.893,3.712,1.147
6089,2023-09-11 17:00:00,80.089,69.973,6.575,3.54,1.1446
6090,2023-09-11 18:00:00,80.112,70.153,6.473,3.485,1.142
6091,2023-09-11 19:00:00,78.21,68.645,6.217,3.348,1.1393
6092,2023-09-11 20:00:00,78.322,68.89,6.13,3.301,1.1369
6093,2023-09-11 21:00:00,77.62,68.399,5.994,3.227,1.1348
6094,2023-09-11 22:00:00,77.975,68.81,5.957,3.208,1.1332
6095,2023-09-11 23:00:00,78.144,69.022,5.93,3.193,1.1322
6096,2023-09-12 00:00:00,78.031,68.944,5.907,3.181,1.1318
6097,2023-09-12 01:00:00,76.667,67.72,5.816,3.132,1.1321
6098,2023-09-12 02:00:00,78.392,69.183,5.985,3.223,1.1331
6099,2023-09-12 03:00:00,77.988,68.732,6.016,3.24,1.1347
6100,2023-09-12 04:00:00,78.317,68.898,6.123,3.297,1.1367
6101,2023-09-12 05:00:00,78.656,69.051,6.243,3.362,1.1391
6102,2023-09-12 06:00:00,79.469,69.608,6.41,3.451,1.1417
6103,2023-09-12 07:00:00,82.01,71.673,6.719,3.618,1.1442
6104,2023-09-12 08:00:00,81.513,71.09,6.775,3.648,1.1466
6105,2023-09-12 09:00:00,81.968,71.36,6.896,3.713,1.1487
6106,2023-09-12 10:00:00,82.048,71.332,6.965,3.751,1.1502
6107,2023-09-12 11:00:00,84.501,73.403,7.214,3.885,1.1512
6108,2023-09-12 12:00:00,83.673,72.664,7.156,3.853,1.1515
6109,2023-09-12 13:00:00,81.946,71.186,6.994,3.766,1.1512
6110,2023-09-12 14:00:00,82.032,71.324,6.96,3.748,1.1501
6111,2023-09-12 15:00:00,81.645,71.087,6.863,3.695,1.1485
6112,2023-09-12 16:00:00,81.37,70.977,6.755,3.637,1.1464
6113,2023-09-12 17:00:00,80.036,69.962,6.548,3.526,1.144
6114,2023-09-12 18:00:00,80.247,70.307,6.461,3.479,1.1414
6115,2023-09-12 19:00:00,80.355,70.564,6.365,3.427,1.1388
6116,2023-09-12 20:00:00,77.504,68.205,6.044,3.254,1.1363
6117,2023-09-12 21:00:00,77.097,67.973,5.931,3.193,1.1342
6118,2023-09-12 22:00:00,77.184,68.146,5.874,3.163,1.1326
6119,2023-09-12 23:00:00,76.953,68.004,5.817,3.132,1.1316
6120,2023-09-13 00:00:00,78.789,69.649,5.941,3.199,1.1312
6121,2023-09-13 01:00:00,78.089,69.011,5.901,3.177,1.1315
6122,2023-09-13 02:00:00,78.309,69.145,5.956,3.207,1.1325
6123,2023-09-13 03:00:00,77.773,68.578,5.977,3.218,1.1341
6124,2023-09-13 04:00:00,78.307,68.925,6.099,3.284,1.1361
6125,2023-09-13 05:00:00,78.024,68.531,6.17,3.322,1.1385
6126,2023-09-13 06:00:00,80.5,70.547,6.469,3.484,1.1411
6127,2023-09-13 07:00:00,80.966,70.797,6.61,3.559,1.1436
6128,2023-09-13 08:00:00,82.257,71.775,6.813,3.669,1.146
6129,2023-09-13 09:00:00,81.617,71.09,6.843,3.684,1.1481
6130,2023-09-13 10:00:00,82.103,71.416,6.947,3.741,1.1496
6131,2023-09-13 11:00:00,82.625,71.809,7.03,3.786,1.1506
6132,2023-09-13 12:00:00,83.298,72.374,7.101,3.823,1.1509
6133,2023-09-13 13:00:00,81.301,70.661,6.916,3.724,1.1506
6134,2023-09-13 14:00:00,82.803,72.031,7.002,3.77,1.1495
6135,2023-09-13 15:00:00,81.759,71.223,6.849,3.688,1.1479
6136,2023-09-13 16:00:00,80.362,70.134,6.648,3.58,1.1458
6137,2023-09-13 17:00:00,78.888,68.994,6.431,3.463,1.1434
6138,2023-09-13 18:00:00,79.746,69.904,6.397,3.445,1.1408
6139,2023-09-13 19:00:00,80.31,70.56,6.337,3.412,1.1382
6140,2023-09-13 20:00:00,79.839,70.297,6.202,3.34,1.1357
6141,2023-09-13 21:00:00,78.234,69.011,5.995,3.228,1.1336
6142,2023-09-13 22:00:00,79.081,69.858,5.995,3.228,1.132
6143,2023-09-13 23:00:00,77.225,68.28,5.814,3.131,1.131
6144,2023-09-14 00:00:00,77.921,68.917,5.852,3.151,1.1306
6145,2023-09-14 01:00:00,76.898,67.994,5.788,3.117,1.131
6146,2023-09-14 02:00:00,77.112,68.124,5.842,3.146,1.1319
6147,2023-09-14 03:00:00,77.405,68.288,5.926,3.191,1.1335
6148,2023-09-14 04:00:00,76.857,67.683,5.963,3.211,1.1355
6149,2023-09-14 05:00:00,80.165,70.448,6.316,3.401,1.1379
6150,2023-09-14 06:00:00,79.322,69.551,6.351,3.42,1.1405
6151,2023-09-14 07:00:00,79.891,69.892,6.499,3.5,1.1431
6152,2023-09-14 08:00:00,80.237,70.049,6.622,3.566,1.1454
6153,2023-09-14 09:00:00,81.58,71.094,6.816,3.67,1.1475
6154,2023-09-14 10:00:00,83.594,72.75,7.049,3.795,1.1491
6155,2023-09-14 11:00:00,84.132,73.156,7.134,3.841,1.15
6156,2023-09-14 12:00:00,81.2,70.587,6.898,3.714,1.1503
6157,2023-09-14 13:00:00,82.157,71.442,6.965,3.75,1.15
6158,2023-09-14 14:00:00,81.336,70.791,6.854,3.691,1.149
6159,2023-09-14 15:00:00,82.528,71.929,6.889,3.709,1.1473
6160,2023-09-14 16:00:00,81.399,71.076,6.71,3.613,1.1452
6161,2023-09-14 17:00:00,80.005,70.007,6.499,3.499,1.1428
6162,2023-09-14 18:00:00,79.872,70.051,6.384,3.437,1.1402
6163,2023-09-14 19:00:00,78.736,69.213,6.19,3.333,1.1376
6164,2023-09-14 20:00:00,79.75,70.255,6.172,3.323,1.1351
6165,2023-09-14 21:00:00,78.345,69.145,5.98,3.22,1.1331
6166,2023-09-14 22:00:00,78.016,68.953,5.891,3.172,1.1314
6167,2023-09-14 23:00:00,75.108,66.443,5.632,3.033,1.1304
6168,2023-09-15 00:00:00,77.073,68.203,5.765,3.104,1.13
6169,2023-09-15 01:00:00,78.863,69.768,5.912,3.183,1.1304
6170,2023-09-15 02:00:00,78.529,69.413,5.926,3.191,1.1313
6171,2023-09-15 03:00:00,76.437,67.47,5.829,3.138,1.1329
6172,2023-09-15 04:00:00,78.204,68.906,6.044,3.255,1.135
6173,2023-09-15 05:00:00,78.142,68.706,6.133,3.303,1.1373
6174,2023-09-15 06:00:00,81.158,71.198,6.474,3.486,1.1399
6175,2023-09-15 07:00:00,80.685,70.624,6.54,3.521,1.1425
6176,2023-09-15 08:00:00,80.526,70.338,6.622,3.566,1.1449
6177,2023-09-15 09:00:00,81.729,71.261,6.804,3.664,1.1469
6178,2023-09-15 10:00:00,80.037,69.69,6.725,3.621,1.1485
6179,2023-09-15 11:00:00,81.53,70.931,6.89,3.71,1.1494
6180,2023-09-15 12:00:00,82.524,71.776,6.986,3.762,1.1498
6181,2023-09-15 13:00:00,83.08,72.282,7.019,3.779,1.1494
6182,2023-09-15 14:00:00,80.565,70.157,6.766,3.643,1.1484
6183,2023-09-15 15:00:00,81.385,70.971,6.77,3.645,1.1467
6184,2023-09-15 16:00:00,81.936,71.582,6.73,3.624,1.1447
6185,2023-09-15 17:00:00,79.312,69.437,6.419,3.456,1.1422
6186,2023-09-15 18:00:00,79.955,70.16,6.366,3.428,1.1396
6187,2023-09-15 19:00:00,79.127,69.593,6.197,3.337,1.137
6188,2023-09-15 20:00:00,79.787,70.325,6.151,3.312,1.1346
6189,2023-09-15 21:00:00,77.688,68.601,5.906,3.18,1.1325
6190,2023-09-15 22:00:00,77.309,68.364,5.814,3.131,1.1308
6191,2023-09-15 23:00:00,77.854,68.908,5.815,3.131,1.1298
6192,2023-09-16 00:00:00,75.246,66.622,5.606,3.018,1.1295
6193,2023-09-16 01:00:00,76.208,67.455,5.69,3.064,1.1298
6194,2023-09-16 02:00:00,76.286,67.465,5.733,3.087,1.1307
6195,2023-09-16 03:00:00,76.957,67.965,5.845,3.147,1.1323
6196,2023-09-16 04:00:00,78.292,69.019,6.027,3.245,1.1344
6197,2023-09-16 05:00:00,78.702,69.235,6.154,3.313,1.1367
6198,2023-09-16 06:00:00,78.356,68.776,6.227,3.353,1.1393
6199,2023-09-16 07:00:00,79.758,69.849,6.441,3.468,1.1419
6200,2023-09-16 08:00:00,81.492,71.218,6.678,3.596,1.1443
6201,2023-09-16 09:00:00,80.19,69.955,6.652,3.582,1.1463
6202,2023-09-16 10:00:00,81.403,70.917,6.816,3.67,1.1479
6203,2023-09-16 11:00:00,81.401,70.855,6.855,3.691,1.1488
6204,2023-09-16 12:00:00,81.596,71.006,6.884,3.707,1.1491
6205,2023-09-16 13:00:00,80.241,69.849,6.755,3.637,1.1488
6206,2023-09-16 14:00:00,82.413,71.803,6.896,3.713,1.1478
6207,2023-09-16 15:00:00,80.225,69.995,6.649,3.58,1.1461
6208,2023-09-16 16:00:00,81.105,70.893,6.638,3.574,1.144
6209,2023-09-16 17:00:00,79.134,69.318,6.381,3.436,1.1416
6210,2023-09-16 18:00:00,78.434,68.862,6.222,3.35,1.139
6211,2023-09-16 19:00:00,79.202,69.696,6.179,3.327,1.1364
6212,2023-09-16 20:00:00,78.379,69.121,6.018,3.24,1.1339
6213,2023-09-16 21:00:00,77.202,68.209,5.846,3.148,1.1319
6214,2023-09-16 22:00:00,77.215,68.317,5.783,3.114,1.1302
6215,2023-09-16 23:00:00,76.118,67.408,5.661,3.048,1.1292
6216,2023-09-17 00:00:00,76.247,67.544,5.657,3.046,1.1288
6217,2023-09-17 01:00:00,75.819,67.146,5.637,3.035,1.1292
6218,2023-09-17 02:00:00,77.321,68.417,5.787,3.116,1.1301
6219,2023-09-17 03:00:00,76.477,67.577,5.785,3.115,1.1317
6220,2023-09-17 04:00:00,78.755,69.465,6.039,3.252,1.1337
6221,2023-09-17 05:00:00,77.968,68.626,6.072,3.27,1.1361
6222,2023-09-17 06:00:00,78.928,69.314,6.249,3.365,1.1387
6223,2023-09-17 07:00:00,80.212,70.284,6.453,3.475,1.1413
6224,2023-09-17 08:00:00,80.274,70.192,6.554,3.529,1.1436
6225,2023-09-17 09:00:00,80.575,70.329,6.66,3.586,1.1457
6226,2023-09-17 10:00:00,81.219,70.795,6.776,3.649,1.1473
6227,2023-09-17 11:00:00,82.231,71.616,6.9,3.715,1.1482
6228,2023-09-17 12:00:00,81.071,70.586,6.815,3.67,1.1485
6229,2023-09-17 13:00:00,81.408,70.902,6.829,3.677,1.1482
6230,2023-09-17 14:00:00,81.244,70.823,6.774,3.648,1.1472
6231,2023-09-17 15:00:00,81.497,71.143,6.73,3.624,1.1455
6232,2023-09-17 16:00:00,80.161,70.105,6.536,3.52,1.1434
6233,2023-09-17 17:00:00,81.033,71.019,6.509,3.505,1.141
6234,2023-09-17 18:00:00,78.766,69.19,6.224,3.351,1.1384
6235,2023-09-17 19:00:00,78.006,68.681,6.061,3.264,1.1358
6236,2023-09-17 20:00:00,77.413,68.305,5.92,3.188,1.1333
6237,2023-09-17 21:00:00,75.953,67.141,5.728,3.084,1.1312
6238,2023-09-17 22:00:00,75.751,67.059,5.65,3.042,1.1296
6239,2023-09-17 23:00:00,75.885,67.238,5.621,3.026,1.1286
6240,2023-09-18 00:00:00,77.899,69.045,5.755,3.099,1.1282
6241,2023-09-18 01:00:00,77.065,68.286,5.706,3.072,1.1286
6242,2023-09-18 02:00:00,76.972,68.145,5.737,3.089,1.1295
6243,2023-09-18 03:00:00,78.748,69.621,5.932,3.194,1.1311
6244,2023-09-18 04:00:00,79.558,70.211,6.076,3.272,1.1331
6245,2023-09-18 05:00:00,79.97,70.426,6.204,3.34,1.1355
6246,2023-09-18 06:00:00,78.986,69.403,6.229,3.354,1.1381
6247,2023-09-18 07:00:00,79.966,70.106,6.409,3.451,1.1406
6248,2023-09-18 08:00:00,82.464,72.145,6.707,3.612,1.143
6249,2023-09-18 09:00:00,81.766,71.406,6.734,3.626,1.1451
6250,2023-09-18 10:00:00,81.788,71.328,6.799,3.661,1.1466
6251,2023-09-18 11:00:00,82.85,72.193,6.927,3.73,1.1476
6252,2023-09-18 12:00:00,83.173,72.455,6.967,3.751,1.1479
6253,2023-09-18 13:00:00,81.81,71.29,6.838,3.682,1.1476
6254,2023-09-18 14:00:00,82.171,71.669,6.826,3.676,1.1465
6255,2023-09-18 15:00:00,82.304,71.886,6.772,3.646,1.1449
6256,2023-09-18 16:00:00,80.07,70.063,6.504,3.502,1.1428
6257,2023-09-18 17:00:00,80.354,70.462,6.43,3.462,1.1404
6258,2023-09-18 18:00:00,78.757,69.22,6.199,3.338,1.1378
6259,2023-09-18 19:00:00,78.166,68.859,6.05,3.257,1.1352
6260,2023-09-18 20:00:00,77.853,68.731,5.929,3.193,1.1327
6261,2023-09-18 21:00:00,78.122,69.097,5.867,3.159,1.1306
6262,2023-09-18 22:00:00,77.065,68.259,5.724,3.082,1.129
6263,2023-09-18 23:00:00,76.54,67.856,5.645,3.04,1.128
6264,2023-09-19 00:00:00,77.001,68.286,5.665,3.05,1.1276
6265,2023-09-19 01:00:00,76.143,67.507,5.614,3.023,1.1279
6266,2023-09-19 02:00:00,77.652,68.785,5.764,3.103,1.1289
6267,2023-09-19 03:00:00,78.629,69.555,5.899,3.176,1.1305
6268,2023-09-19 04:00:00,78.222,69.07,5.949,3.204,1.1325
6269,2023-09-19 05:00:00,78.768,69.405,6.086,3.277,1.1349
6270,2023-09-19 06:00:00,79.92,70.261,6.278,3.38,1.1375
6271,2023-09-19 07:00:00,78.7,69.033,6.283,3.383,1.14
6272,2023-09-19 08:00:00,81.398,71.251,6.596,3.551,1.1424
6273,2023-09-19 09:00:00,84.013,73.409,6.893,3.712,1.1445
6274,2023-09-19 10:00:00,81.86,71.43,6.78,3.651,1.146
6275,2023-09-19 11:00:00,82.133,71.607,6.842,3.684,1.147
6276,2023-09-19 12:00:00,82.917,72.271,6.92,3.726,1.1473
6277,2023-09-19 13:00:00,83.546,72.842,6.957,3.746,1.1469
6278,2023-09-19 14:00:00,82.733,72.198,6.848,3.687,1.1459
6279,2023-09-19 15:00:00,79.791,69.729,6.54,3.522,1.1443
6280,2023-09-19 16:00:00,81.404,71.269,6.588,3.547,1.1422
6281,2023-09-19 17:00:00,82.352,72.253,6.564,3.535,1.1398
6282,2023-09-19 18:00:00,80.096,70.436,6.279,3.381,1.1372
6283,2023-09-19 19:00:00,77.987,68.739,6.011,3.237,1.1345
6284,2023-09-19 20:00:00,78.48,69.322,5.953,3.205,1.1321
6285,2023-09-19 21:00:00,76.689,67.866,5.735,3.088,1.13
6286,2023-09-19 22:00:00,78.251,69.347,5.787,3.116,1.1284
6287,2023-09-19 23:00:00,76.256,67.641,5.6,3.015,1.1274
6288,2023-09-20 00:00:00,76.976,68.302,5.638,3.036,1.127
6289,2023-09-20 01:00:00,76.33,67.709,5.603,3.017,1.1273
6290,2023-09-20 02:00:00,76.839,68.102,5.679,3.058,1.1283
6291,2023-09-20 03:00:00,78.867,69.803,5.892,3.172,1.1299
6292,2023-09-20 04:00:00,78.324,69.197,5.932,3.194,1.1319
6293,2023-09-20 05:00:00,78.442,69.156,6.036,3.25,1.1343
6294,2023-09-20 06:00:00,78.668,69.198,6.155,3.314,1.1368
6295,2023-09-20 07:00:00,78.782,69.143,6.265,3.374,1.1394
6296,2023-09-20 08:00:00,79.924,69.999,6.451,3.474,1.1418
6297,2023-09-20 09:00:00,81.574,71.316,6.668,3.59,1.1438
6298,2023-09-20 10:00:00,82.7,72.202,6.824,3.674,1.1454
6299,2023-09-20 11:00:00,81.734,71.298,6.783,3.653,1.1464
6300,2023-09-20 12:00:00,83.535,72.849,6.946,3.74,1.1467
6301,2023-09-20 13:00:00,81.604,71.188,6.771,3.646,1.1463
6302,2023-09-20 14:00:00,81.716,71.349,6.738,3.628,1.1453
6303,2023-09-20 15:00:00,80.609,70.482,6.582,3.544,1.1437
6304,2023-09-20 16:00:00,81.701,71.569,6.586,3.547,1.1416
6305,2023-09-20 17:00:00,81.929,71.921,6.505,3.503,1.1391
6306,2023-09-20 18:00:00,78.156,68.767,6.103,3.286,1.1365
6307,2023-09-20 19:00:00,78.586,69.305,6.033,3.248,1.1339
6308,2023-09-20 20:00:00,79.215,70.01,5.983,3.222,1.1315
6309,2023-09-20 21:00:00,76.515,67.75,5.698,3.068,1.1294
6310,2023-09-20 22:00:00,77.682,68.881,5.72,3.08,1.1278
6311,2023-09-20 23:00:00,77.931,69.165,5.698,3.068,1.1267
6312,2023-09-21 00:00:00,76.937,68.305,5.611,3.021,1.1264
6313,2023-09-21 01:00:00,77.398,68.695,5.657,3.046,1.1267
6314,2023-09-21 02:00:00,78.617,69.717,5.785,3.115,1.1277
6315,2023-09-21 03:00:00,79.189,70.126,5.89,3.172,1.1292
6316,2023-09-21 04:00:00,78.15,69.082,5.894,3.174,1.1313
6317,2023-09-21 05:00:00,78.42,69.174,6.01,3.236,1.1337
6318,2023-09-21 06:00:00,78.803,69.356,6.141,3.307,1.1362
6319,2023-09-21 07:00:00,81.009,71.137,6.417,3.455,1.1388
6320,2023-09-21 08:00:00,79.784,69.915,6.415,3.454,1.1412
6321,2023-09-21 09:00:00,81.237,71.061,6.615,3.562,1.1432
6322,2023-09-21 10:00:00,81.951,71.587,6.737,3.627,1.1448
6323,2023-09-21 11:00:00,81.735,71.338,6.758,3.639,1.1457
6324,2023-09-21 12:00:00,82.454,71.946,6.83,3.678,1.1461
6325,2023-09-21 13:00:00,84.192,73.486,6.959,3.747,1.1457
6326,2023-09-21 14:00:00,81.764,71.43,6.717,3.617,1.1447
6327,2023-09-21 15:00:00,81.08,70.933,6.596,3.551,1.1431
6328,2023-09-21 16:00:00,81.676,71.586,6.559,3.532,1.141
6329,2023-09-21 17:00:00,80.403,70.621,6.358,3.424,1.1385
6330,2023-09-21 18:00:00,80.658,71.008,6.273,3.378,1.1359
6331,2023-09-21 19:00:00,78.947,69.662,6.035,3.25,1.1333
6332,2023-09-21 20:00:00,77.973,68.951,5.864,3.158,1.1308
6333,2023-09-21 21:00:00,76.206,67.514,5.65,3.042,1.1288
6334,2023-09-21 22:00:00,75.913,67.351,5.566,2.997,1.1271
6335,2023-09-21 23:00:00,75.477,67.025,5.494,2.958,1.1261
6336,2023-09-22 00:00:00,77.131,68.516,5.6,3.015,1.1257
6337,2023-09-22 01:00:00,75.847,67.356,5.519,2.972,1.1261
6338,2023-09-22 02:00:00,78.175,69.363,5.727,3.084,1.127
6339,2023-09-22 03:00:00,77.629,68.784,5.749,3.096,1.1286
6340,2023-09-22 04:00:00,77.962,68.954,5.855,3.153,1.1306
6341,2023-09-22 05:00:00,78.129,68.956,5.962,3.21,1.133
6342,2023-09-22 06:00:00,79.986,70.436,6.208,3.343,1.1356
6343,2023-09-22 07:00:00,79.545,69.89,6.276,3.379,1.1381
6344,2023-09-22 08:00:00,80.049,70.185,6.411,3.452,1.1405
6345,2023-09-22 09:00:00,82.345,72.069,6.679,3.596,1.1426
6346,2023-09-22 10:00:00,82.108,71.764,6.724,3.62,1.1441
6347,2023-09-22 11:00:00,81.905,71.526,6.747,3.633,1.1451
6348,2023-09-22 12:00:00,82.699,72.199,6.825,3.675,1.1454
6349,2023-09-22 13:00:00,82.097,71.697,6.76,3.64,1.1451
6350,2023-09-22 14:00:00,82.123,71.784,6.721,3.619,1.144
6351,2023-09-22 15:00:00,80.73,70.666,6.542,3.522,1.1424
6352,2023-09-22 16:00:00,82.473,72.324,6.597,3.552,1.1403
6353,2023-09-22 17:00:00,79.705,70.047,6.278,3.38,1.1379
6354,2023-09-22 18:00:00,80.705,71.089,6.25,3.366,1.1353
6355,2023-09-22 19:00:00,78.623,69.415,5.985,3.223,1.1327
6356,2023-09-22 20:00:00,78.765,69.69,5.899,3.176,1.1302
6357,2023-09-22 21:00:00,78.152,69.277,5.769,3.106,1.1281
6358,2023-09-22 22:00:00,78.052,69.287,5.697,3.068,1.1265
6359,2023-09-22 23:00:00,76.219,67.721,5.523,2.974,1.1255
6360,2023-09-23 00:00:00,76.848,68.303,5.554,2.991,1.1251
6361,2023-09-23 01:00:00,77.544,68.902,5.617,3.025,1.1254
6362,2023-09-23 02:00:00,76.148,67.603,5.554,2.991,1.1264
6363,2023-09-23 03:00:00,76.799,68.087,5.663,3.049,1.128
6364,2023-09-23 04:00:00,76.906,68.059,5.751,3.097,1.13
6365,2023-09-23 05:00:00,77.687,68.605,5.904,3.179,1.1324
6366,2023-09-23 06:00:00,80.012,70.498,6.184,3.33,1.1349
6367,2023-09-23 07:00:00,78.545,69.05,6.172,3.323,1.1375
6368,2023-09-23 08:00:00,79.24,69.516,6.321,3.404,1.1399
6369,2023-09-23 09:00:00,81.837,71.665,6.612,3.56,1.1419
6370,2023-09-23 10:00:00,81.478,71.253,6.646,3.579,1.1435
6371,2023-09-23 11:00:00,82.945,72.475,6.806,3.665,1.1445
6372,2023-09-23 12:00:00,80.976,70.735,6.657,3.585,1.1448
6373,2023-09-23 13:00:00,81.344,71.079,6.672,3.593,1.1444
6374,2023-09-23 14:00:00,80.441,70.353,6.557,3.531,1.1434
6375,2023-09-23 15:00:00,80.653,70.638,6.51,3.505,1.1418
6376,2023-09-23 16:00:00,78.562,68.933,6.259,3.37,1.1397
6377,2023-09-23 17:00:00,79.871,70.232,6.265,3.374,1.1372
6378,2023-09-23 18:00:00,78.887,69.526,6.084,3.276,1.1346
6379,2023-09-23 19:00:00,77.89,68.807,5.904,3.179,1.132
6380,2023-09-23 20:00:00,76.983,68.152,5.74,3.091,1.1296
6381,2023-09-23 21:00:00,76.033,67.436,5.588,3.009,1.1275
6382,2023-09-23 22:00:00,76.889,68.294,5.587,3.008,1.1259
6383,2023-09-23 23:00:00,75.128,66.79,5.42,2.918,1.1248
6384,2023-09-24 00:00:00,76.361,67.908,5.494,2.958,1.1245
6385,2023-09-24 01:00:00,77.679,69.062,5.602,3.016,1.1248
6386,2023-09-24 02:00:00,77.479,68.824,5.626,3.029,1.1258
6387,2023-09-24 03:00:00,75.54,67.009,5.545,2.986,1.1273
6388,2023-09-24 04:00:00,76.852,68.049,5.722,3.081,1.1294
6389,2023-09-24 05:00:00,78.251,69.142,5.921,3.188,1.1317
6390,2023-09-24 06:00:00,78.552,69.251,6.046,3.255,1.1343
6391,2023-09-24 07:00:00,78.186,68.773,6.118,3.295,1.1369
6392,2023-09-24 08:00:00,80.254,70.445,6.376,3.433,1.1393
6393,2023-09-24 09:00:00,80.496,70.53,6.478,3.488,1.1413
6394,2023-09-24 10:00:00,82.464,72.156,6.7,3.608,1.1429
6395,2023-09-24 11:00:00,80.998,70.813,6.62,3.565,1.1438
6396,2023-09-24 12:00:00,82.227,71.868,6.734,3.626,1.1441
6397,2023-09-24 13:00:00,80.183,70.103,6.552,3.528,1.1438
6398,2023-09-24 14:00:00,80.102,70.096,6.504,3.502,1.1428
6399,2023-09-24 15:00:00,81.069,71.043,6.517,3.509,1.1411
6400,2023-09-24 16:00:00,80.796,70.934,6.411,3.452,1.139
6401,2023-09-24 17:00:00,78.52,69.083,6.134,3.303,1.1366
6402,2023-09-24 18:00:00,78.604,69.317,6.037,3.251,1.134
6403,2023-09-24 19:00:00,76.797,67.88,5.796,3.121,1.1314
6404,2023-09-24 20:00:00,77.104,68.298,5.724,3.082,1.1289
6405,2023-09-24 21:00:00,77.355,68.648,5.66,3.047,1.1268
6406,2023-09-24 22:00:00,75.93,67.48,5.492,2.957,1.1252
6407,2023-09-24 23:00:00,75.81,67.435,5.444,2.931,1.1242
6408,2023-09-25 00:00:00,75.812,67.459,5.43,2.924,1.1238
6409,2023-09-25 01:00:00,76.279,67.856,5.475,2.948,1.1241
6410,2023-09-25 02:00:00,78.437,69.715,5.669,3.053,1.1251
6411,2023-09-25 03:00:00,77.53,68.814,5.666,3.051,1.1267
6412,2023-09-25 04:00:00,77.231,68.423,5.725,3.083,1.1287
6413,2023-09-25 05:00:00,78.416,69.327,5.908,3.181,1.1311
6414,2023-09-25 06:00:00,78.089,68.882,5.985,3.222,1.1337
6415,2023-09-25 07:00:00,79.244,69.743,6.175,3.325,1.1362
6416,2023-09-25 08:00:00,81.783,71.827,6.471,3.485,1.1386
6417,2023-09-25 09:00:00,81.143,71.138,6.504,3.502,1.1407
6418,2023-09-25 10:00:00,83.198,72.839,6.733,3.626,1.1422
6419,2023-09-25 11:00:00,81.879,71.624,6.666,3.589,1.1432
6420,2023-09-25 12:00:00,82.017,71.725,6.69,3.602,1.1435
6421,2023-09-25 13:00:00,82.464,72.139,6.712,3.614,1.1431
6422,2023-09-25 14:00:00,79.542,69.645,6.433,3.464,1.1421
6423,2023-09-25 15:00:00,81.409,71.381,6.518,3.51,1.1405
6424,2023-09-25 16:00:00,80.645,70.841,6.373,3.431,1.1384
6425,2023-09-25 17:00:00,81.213,71.493,6.318,3.402,1.136
6426,2023-09-25 18:00:00,80.099,70.675,6.125,3.298,1.1333
6427,2023-09-25 19:00:00,77.741,68.753,5.842,3.146,1.1307
6428,2023-09-25 20:00:00,78.974,69.994,5.836,3.143,1.1283
6429,2023-09-25 21:00:00,77.233,68.579,5.625,3.029,1.1262
6430,2023-09-25 22:00:00,76.304,67.851,5.494,2.958,1.1246
6431,2023-09-25 23:00:00,76.904,68.448,5.497,2.96,1.1235
6432,2023-09-26 00:00:00,76.497,68.108,5.453,2.936,1.1232
6433,2023-09-26 01:00:00,77.955,69.387,5.57,2.999,1.1235
6434,2023-09-26 02:00:00,77.276,68.723,5.56,2.994,1.1245
6435,2023-09-26 03:00:00,77.59,68.907,5.645,3.039,1.126
6436,2023-09-26 04:00:00,78.689,69.755,5.807,3.127,1.1281
6437,2023-09-26 05:00:00,79.484,70.312,5.962,3.21,1.1305
6438,2023-09-26 06:00:00,79.932,70.549,6.1,3.284,1.133
6439,2023-09-26 07:00:00,81.133,71.447,6.296,3.39,1.1356
6440,2023-09-26 08:00:00,81.138,71.301,6.394,3.443,1.138
6441,2023-09-26 09:00:00,81.345,71.355,6.493,3.496,1.14
6442,2023-09-26 10:00:00,82.63,72.383,6.66,3.586,1.1416
6443,2023-09-26 11:00:00,81.836,71.627,6.636,3.573,1.1425
6444,2023-09-26 12:00:00,82.026,71.773,6.664,3.589,1.1429
6445,2023-09-26 13:00:00,83.282,72.895,6.751,3.635,1.1425
6446,2023-09-26 14:00:00,82.928,72.651,6.68,3.597,1.1415
6447,2023-09-26 15:00:00,81.193,71.232,6.475,3.486,1.1398
6448,2023-09-26 16:00:00,80.276,70.558,6.317,3.402,1.1377
6449,2023-09-26 17:00:00,81.148,71.477,6.286,3.385,1.1353
6450,2023-09-26 18:00:00,79.923,70.56,6.086,3.277,1.1327
6451,2023-09-26 19:00:00,78.843,69.768,5.899,3.176,1.1301
6452,2023-09-26 20:00:00,77.694,68.9,5.716,3.078,1.1276
6453,2023-09-26 21:00:00,77.656,68.995,5.63,3.031,1.1255
6454,2023-09-26 22:00:00,76.954,68.469,5.515,2.97,1.1239
6455,2023-09-26 23:00:00,76.182,67.845,5.419,2.918,1.1229
6456,2023-09-27 00:00:00,76.714,68.34,5.443,2.931,1.1225
6457,2023-09-27 01:00:00,76.909,68.495,5.469,2.945,1.1228
6458,2023-09-27 02:00:00,76.668,68.222,5.49,2.956,1.1238
6459,2023-09-27 03:00:00,78.095,69.395,5.655,3.045,1.1254
6460,2023-09-27 04:00:00,78.95,70.027,5.8,3.123,1.1274
6461,2023-09-27 05:00:00,79.341,70.226,5.925,3.19,1.1298
6462,2023-09-27 06:00:00,79.046,69.807,6.006,3.234,1.1324
6463,2023-09-27 07:00:00,80.559,70.982,6.225,3.352,1.1349
6464,2023-09-27 08:00:00,80.669,70.93,6.33,3.409,1.1373
6465,2023-09-27 09:00:00,80.179,70.372,6.374,3.432,1.1393
6466,2023-09-27 10:00:00,82.13,71.986,6.593,3.55,1.1409
6467,2023-09-27 11:00:00,81.979,71.793,6.621,3.565,1.1419
6468,2023-09-27 12:00:00,84.026,73.565,6.8,3.661,1.1422
6469,2023-09-27 13:00:00,83.023,72.71,6.703,3.609,1.1418
6470,2023-09-27 14:00:00,82.153,72.013,6.591,3.549,1.1408
6471,2023-09-27 15:00:00,81.351,71.412,6.461,3.479,1.1392
6472,2023-09-27 16:00:00,80.721,70.99,6.326,3.406,1.1371
6473,2023-09-27 17:00:00,79.142,69.75,6.105,3.287,1.1346
6474,2023-09-27 18:00:00,77.864,68.783,5.903,3.179,1.132
6475,2023-09-27 19:00:00,77.858,68.936,5.799,3.123,1.1294
6476,2023-09-27 20:00:00,77.865,69.092,5.703,3.071,1.127
6477,2023-09-27 21:00:00,75.692,67.289,5.462,2.941,1.1249
6478,2023-09-27 22:00:00,76.498,68.103,5.457,2.938,1.1233
6479,2023-09-27 23:00:00,76.465,68.136,5.414,2.915,1.1222
6480,2023-09-28 00:00:00,76.398,68.099,5.394,2.905,1.1219
6481,2023-09-28 01:00:00,76.136,67.846,5.388,2.901,1.1222
6482,2023-09-28 02:00:00,76.65,68.245,5.463,2.942,1.1232
6483,2023-09-28 03:00:00,78.696,69.969,5.672,3.054,1.1247
6484,2023-09-28 04:00:00,78.409,69.589,5.734,3.087,1.1268
6485,2023-09-28 05:00:00,78.086,69.155,5.805,3.126,1.1291
6486,2023-09-28 06:00:00,79.165,69.952,5.988,3.225,1.1317
6487,2023-09-28 07:00:00,79.89,70.433,6.147,3.31,1.1343
6488,2023-09-28 08:00:00,79.949,70.337,6.248,3.364,1.1366
6489,2023-09-28 09:00:00,80.504,70.699,6.374,3.432,1.1387
6490,2023-09-28 10:00:00,82.352,72.223,6.584,3.545,1.1403
6491,2023-09-28 11:00:00,81.48,71.397,6.554,3.529,1.1412
6492,2023-09-28 12:00:00,81.031,70.984,6.531,3.516,1.1415
6493,2023-09-28 13:00:00,81.777,71.66,6.576,3.541,1.1412
6494,2023-09-28 14:00:00,81.632,71.598,6.522,3.512,1.1401
6495,2023-09-28 15:00:00,79.534,69.857,6.29,3.387,1.1385
6496,2023-09-28 16:00:00,80.512,70.846,6.283,3.383,1.1364
6497,2023-09-28 17:00:00,80.582,71.061,6.189,3.332,1.134
6498,2023-09-28 18:00:00,79.554,70.316,6.005,3.233,1.1314
6499,2023-09-28 19:00:00,80.264,71.108,5.951,3.205,1.1288
6500,2023-09-28 20:00:00,78.843,70.001,5.748,3.095,1.1263
6501,2023-09-28 21:00:00,78.445,69.777,5.634,3.034,1.1242
6502,2023-09-28 22:00:00,79.081,70.445,5.614,3.023,1.1226
6503,2023-09-28 23:00:00,77.21,68.84,5.44,2.929,1.1216
6504,2023-09-29 00:00:00,76.651,68.364,5.386,2.9,1.1212
6505,2023-09-29 01:00:00,77.375,68.991,5.45,2.934,1.1215
6506,2023-09-29 02:00:00,76.434,68.093,5.422,2.919,1.1225
6507,2023-09-29 03:00:00,77.378,68.838,5.551,2.989,1.1241
6508,2023-09-29 04:00:00,77.331,68.672,5.629,3.031,1.1261
6509,2023-09-29 05:00:00,78.797,69.826,5.831,3.14,1.1285
6510,2023-09-29 06:00:00,78.657,69.544,5.924,3.19,1.131
6511,2023-09-29 07:00:00,79.321,69.972,6.077,3.272,1.1336
6512,2023-09-29 08:00:00,80.842,71.164,6.29,3.387,1.136
6513,2023-09-29 09:00:00,80.961,71.141,6.383,3.437,1.138
6514,2023-09-29 10:00:00,79.961,70.166,6.367,3.428,1.1396
6515,2023-09-29 11:00:00,80.605,70.671,6.457,3.477,1.1406
6516,2023-09-29 12:00:00,80.942,70.947,6.497,3.498,1.1409
6517,2023-09-29 13:00:00,81.059,71.072,6.491,3.495,1.1405
6518,2023-09-29 14:00:00,81.821,71.806,6.51,3.505,1.1395
6519,2023-09-29 15:00:00,81.233,71.391,6.398,3.445,1.1379
6520,2023-09-29 16:00:00,81.344,71.621,6.32,3.403,1.1358
6521,2023-09-29 17:00:00,80.444,70.98,6.151,3.312,1.1333
6522,2023-09-29 18:00:00,79.998,70.75,6.011,3.237,1.1307
6523,2023-09-29 19:00:00,78.936,69.973,5.826,3.137,1.1281
6524,2023-09-29 20:00:00,77.976,69.272,5.658,3.047,1.1257
6525,2023-09-29 21:00:00,78.123,69.532,5.584,3.007,1.1236
6526,2023-09-29 22:00:00,77.558,69.128,5.479,2.95,1.1219
6527,2023-09-29 23:00:00,76.864,68.573,5.389,2.902,1.1209
6528,2023-09-30 00:00:00,76.69,68.44,5.363,2.888,1.1205
6529,2023-09-30 01:00:00,73.94,65.968,5.182,2.79,1.1209
6530,2023-09-30 02:00:00,75.815,67.581,5.352,2.882,1.1218
6531,2023-09-30 03:00:00,76.221,67.849,5.442,2.93,1.1234
6532,2023-09-30 04:00:00,77.916,69.232,5.645,3.039,1.1254
6533,2023-09-30 05:00:00,78.888,69.947,5.811,3.129,1.1278
6534,2023-09-30 06:00:00,77.188,68.285,5.787,3.116,1.1304
6535,2023-09-30 07:00:00,80.145,70.741,6.113,3.292,1.1329
6536,2023-09-30 08:00:00,78.74,69.355,6.101,3.285,1.1353
6537,2023-09-30 09:00:00,79.318,69.739,6.227,3.353,1.1374
6538,2023-09-30 10:00:00,80.467,70.652,6.38,3.435,1.1389
6539,2023-09-30 11:00:00,80.668,70.768,6.435,3.465,1.1399
6540,2023-09-30 12:00:00,79.768,69.959,6.376,3.433,1.1402
6541,2023-09-30 13:00:00,81.437,71.445,6.494,3.497,1.1398
6542,2023-09-30 14:00:00,81.188,71.291,6.433,3.464,1.1388
6543,2023-09-30 15:00:00,81.054,71.275,6.356,3.423,1.1372
6544,2023-09-30 16:00:00,79.311,69.872,6.136,3.304,1.1351
6545,2023-09-30 17:00:00,78.975,69.725,6.012,3.237,1.1327
6546,2023-09-30 18:00:00,78.288,69.279,5.856,3.153,1.13
6547,2023-09-30 19:00:00,78.953,70.029,5.801,3.123,1.1274
6548,2023-09-30 20:00:00,74.746,66.441,5.398,2.907,1.125
6549,2023-09-30 21:00:00,75.675,67.393,5.383,2.899,1.1229
6550,2023-09-30 22:00:00,76.009,67.788,5.344,2.877,1.1213
6551,2023-09-30 23:00:00,74.888,66.85,5.225,2.814,1.1202
6552,2023-10-01 00:00:00,75.445,67.369,5.25,2.827,1.1199
6553,2023-10-01 01:00:00,75.637,67.521,5.275,2.84,1.1202
6554,2023-10-01 02:00:00,75.481,67.324,5.302,2.855,1.1212
6555,2023-10-01 03:00:00,76.466,68.108,5.433,2.926,1.1227
6556,2023-10-01 04:00:00,77.457,68.865,5.585,3.007,1.1248
6557,2023-10-01 05:00:00,77.415,68.682,5.677,3.057,1.1272
6558,2023-10-01 06:00:00,77.931,68.983,5.816,3.132,1.1297
6559,2023-10-01 07:00:00,78.848,69.637,5.987,3.224,1.1323
6560,2023-10-01 08:00:00,79.619,70.17,6.142,3.307,1.1347
6561,2023-10-01 09:00:00,78.795,69.319,6.159,3.317,1.1367
6562,2023-10-01 10:00:00,80.974,71.139,6.393,3.443,1.1383
6563,2023-10-01 11:00:00,80.515,70.675,6.396,3.444,1.1392
6564,2023-10-01 12:00:00,81.971,71.933,6.525,3.513,1.1395
6565,2023-10-01 13:00:00,81.342,71.404,6.46,3.478,1.1392
6566,2023-10-01 14:00:00,81.531,71.635,6.433,3.464,1.1382
6567,2023-10-01 15:00:00,79.364,69.83,6.197,3.337,1.1365
6568,2023-10-01 16:00:00,79.314,69.915,6.109,3.29,1.1344
6569,2023-10-01 17:00:00,77.976,68.883,5.91,3.182,1.132
6570,2023-10-01 18:00:00,77.709,68.806,5.786,3.116,1.1294
6571,2023-10-01 19:00:00,78.562,69.724,5.745,3.093,1.1268
6572,2023-10-01 20:00:00,78.103,69.466,5.614,3.023,1.1243
6573,2023-10-01 21:00:00,75.48,67.259,5.343,2.877,1.1222
6574,2023-10-01 22:00:00,75.6,67.464,5.289,2.848,1.1206
6575,2023-10-01 23:00:00,75.635,67.556,5.251,2.827,1.1196
6576,2023-10-02 00:00:00,76.845,68.66,5.32,2.865,1.1192
6577,2023-10-02 01:00:00,75.095,67.078,5.211,2.806,1.1195
6578,2023-10-02 02:00:00,75.479,67.362,5.276,2.841,1.1205
6579,2023-10-02 03:00:00,77.54,69.105,5.483,2.952,1.1221
6580,2023-10-02 04:00:00,76.17,67.761,5.466,2.943,1.1241
6581,2023-10-02 05:00:00,77.991,69.234,5.692,3.065,1.1265
6582,2023-10-02 06:00:00,79.161,70.113,5.881,3.167,1.129
6583,2023-10-02 07:00:00,80.054,70.744,6.052,3.259,1.1316
6584,2023-10-02 08:00:00,80.259,70.776,6.164,3.319,1.134
6585,2023-10-02 09:00:00,80.637,70.981,6.276,3.38,1.136
6586,2023-10-02 10:00:00,82.028,72.107,6.449,3.472,1.1376
6587,2023-10-02 11:00:00,81.851,71.89,6.475,3.486,1.1386
6588,2023-10-02 12:00:00,81.199,71.297,6.436,3.466,1.1389
6589,2023-10-02 13:00:00,81.65,71.717,6.457,3.477,1.1385
6590,2023-10-02 14:00:00,81.653,71.784,6.415,3.454,1.1375
6591,2023-10-02 15:00:00,82.282,72.44,6.397,3.445,1.1359
6592,2023-10-02 16:00:00,80.98,71.425,6.21,3.344,1.1338
6593,2023-10-02 17:00:00,80.667,71.303,6.087,3.277,1.1313
6594,2023-10-02 18:00:00,78.527,69.573,5.82,3.134,1.1287
6595,2023-10-02 19:00:00,77.903,69.18,5.67,3.053,1.1261
6596,2023-10-02 20:00:00,77.487,68.96,5.543,2.984,1.1237
6597,2023-10-02 21:00:00,77.008,68.662,5.425,2.921,1.1216
6598,2023-10-02 22:00:00,75.908,67.779,5.284,2.845,1.1199
6599,2023-10-02 23:00:00,77.424,69.196,5.348,2.88,1.1189
6600,2023-10-03 00:00:00,77.032,68.868,5.306,2.857,1.1185
6601,2023-10-03 01:00:00,76.189,68.096,5.261,2.833,1.1189
6602,2023-10-03 02:00:00,77.194,68.934,5.369,2.891,1.1198
6603,2023-10-03 03:00:00,77.284,68.919,5.438,2.928,1.1214
6604,2023-10-03 04:00:00,78.223,69.629,5.586,3.008,1.1234
6605,2023-10-03 05:00:00,77.238,68.606,5.61,3.021,1.1258
6606,2023-10-03 06:00:00,78.871,69.898,5.832,3.141,1.1284
6607,2023-10-03 07:00:00,79.632,70.412,5.993,3.227,1.1309
6608,2023-10-03 08:00:00,80.819,71.312,6.18,3.327,1.1333
6609,2023-10-03 09:00:00,80.381,70.798,6.229,3.354,1.1354
6610,2023-10-03 10:00:00,79.318,69.766,6.209,3.343,1.1369
6611,2023-10-03 11:00:00,80.714,70.933,6.358,3.423,1.1379
6612,2023-10-03 12:00:00,81.618,71.707,6.442,3.469,1.1382
6613,2023-10-03 13:00:00,81.623,71.735,6.427,3.461,1.1378
6614,2023-10-03 14:00:00,82.639,72.694,6.464,3.481,1.1368
6615,2023-10-03 15:00:00,81.331,71.645,6.296,3.39,1.1352
6616,2023-10-03 16:00:00,80.373,70.932,6.136,3.304,1.1331
6617,2023-10-03 17:00:00,79.632,70.43,5.981,3.221,1.1307
6618,2023-10-03 18:00:00,79.834,70.773,5.89,3.172,1.128
6619,2023-10-03 19:00:00,77.805,69.134,5.636,3.035,1.1254
6620,2023-10-03 20:00:00,77.516,69.027,5.518,2.971,1.123
6621,2023-10-03 21:00:00,76.22,68.0,5.343,2.877,1.1209
6622,2023-10-03 22:00:00,77.764,69.478,5.386,2.9,1.1193
6623,2023-10-03 23:00:00,76.694,68.584,5.271,2.838,1.1182
6624,2023-10-04 00:00:00,75.741,67.755,5.191,2.795,1.1179
6625,2023-10-04 01:00:00,76.293,68.23,5.241,2.822,1.1182
6626,2023-10-04 02:00:00,77.044,68.841,5.332,2.871,1.1192
6627,2023-10-04 03:00:00,76.866,68.587,5.382,2.898,1.1207
6628,2023-10-04 04:00:00,77.19,68.751,5.486,2.954,1.1228
6629,2023-10-04 05:00:00,77.735,69.089,5.62,3.026,1.1251
6630,2023-10-04 06:00:00,79.206,70.237,5.83,3.139,1.1277
6631,2023-10-04 07:00:00,79.347,70.202,5.944,3.201,1.1303
6632,2023-10-04 08:00:00,79.916,70.557,6.083,3.276,1.1326
6633,2023-10-04 09:00:00,79.771,70.302,6.155,3.314,1.1347
6634,2023-10-04 10:00:00,81.321,71.57,6.338,3.413,1.1362
6635,2023-10-04 11:00:00,81.383,71.564,6.383,3.437,1.1372
6636,2023-10-04 12:00:00,81.362,71.525,6.394,3.443,1.1375
6637,2023-10-04 13:00:00,81.682,71.83,6.404,3.448,1.1372
6638,2023-10-04 14:00:00,81.846,72.039,6.374,3.432,1.1361
6639,2023-10-04 15:00:00,81.377,71.729,6.272,3.377,1.1345
6640,2023-10-04 16:00:00,80.698,71.262,6.134,3.303,1.1324
6641,2023-10-04 17:00:00,79.42,70.284,5.938,3.197,1.13
6642,2023-10-04 18:00:00,78.468,69.603,5.762,3.103,1.1274
6643,2023-10-04 19:00:00,77.401,68.816,5.58,3.005,1.1247
6644,2023-10-04 20:00:00,77.113,68.71,5.462,2.941,1.1223
6645,2023-10-04 21:00:00,77.044,68.776,5.374,2.894,1.1202
6646,2023-10-04 22:00:00,75.99,67.934,5.236,2.82,1.1186
6647,2023-10-04 23:00:00,76.415,68.377,5.225,2.813,1.1176
6648,2023-10-05 00:00:00,75.493,67.574,5.147,2.772,1.1172
6649,2023-10-05 01:00:00,75.037,67.147,5.128,2.761,1.1175
6650,2023-10-05 02:00:00,77.24,69.058,5.318,2.864,1.1185
6651,2023-10-05 03:00:00,76.645,68.43,5.339,2.875,1.12
6652,2023-10-05 04:00:00,76.906,68.539,5.439,2.928,1.1221
6653,2023-10-05 05:00:00,77.342,68.781,5.564,2.996,1.1245
6654,2023-10-05 06:00:00,79.225,70.296,5.804,3.125,1.127
6655,2023-10-05 07:00:00,80.669,71.415,6.015,3.239,1.1296
6656,2023-10-05 08:00:00,79.909,70.593,6.055,3.261,1.132
6657,2023-10-05 09:00:00,80.613,71.087,6.192,3.334,1.134
6658,2023-10-05 10:00:00,82.063,72.266,6.368,3.429,1.1356
6659,2023-10-05 11:00:00,80.039,70.423,6.25,3.365,1.1365
6660,2023-10-05 12:00:00,83.134,73.127,6.505,3.503,1.1369
6661,2023-10-05 13:00:00,83.419,73.401,6.512,3.506,1.1365
6662,2023-10-05 14:00:00,79.052,69.621,6.13,3.301,1.1355
6663,2023-10-05 15:00:00,80.694,71.169,6.191,3.334,1.1338
6664,2023-10-05 16:00:00,79.642,70.372,6.026,3.245,1.1317
6665,2023-10-05 17:00:00,79.353,70.268,5.906,3.18,1.1293
6666,2023-10-05 18:00:00,78.538,69.707,5.74,3.091,1.1267
6667,2023-10-05 19:00:00,78.814,70.115,5.654,3.045,1.1241
6668,2023-10-05 20:00:00,77.444,69.046,5.459,2.939,1.1216
6669,2023-10-05 21:00:00,76.268,68.125,5.293,2.85,1.1195
6670,2023-10-05 22:00:00,76.425,68.364,5.239,2.821,1.1179
6671,2023-10-05 23:00:00,76.696,68.67,5.217,2.809,1.1169
6672,2023-10-06 00:00:00,75.277,67.421,5.106,2.749,1.1165
6673,2023-10-06 01:00:00,75.003,67.157,5.1,2.746,1.1168
6674,2023-10-06 02:00:00,78.111,69.879,5.35,2.881,1.1178
6675,2023-10-06 03:00:00,76.466,68.313,5.3,2.854,1.1194
6676,2023-10-06 04:00:00,77.409,69.029,5.447,2.933,1.1214
6677,2023-10-06 05:00:00,77.843,69.269,5.573,3.001,1.1238
6678,2023-10-06 06:00:00,79.276,70.384,5.78,3.112,1.1263
6679,2023-10-06 07:00:00,80.935,71.694,6.007,3.235,1.1289
6680,2023-10-06 08:00:00,80.639,71.281,6.083,3.275,1.1313
6681,2023-10-06 09:00:00,79.531,70.175,6.082,3.275,1.1333
6682,2023-10-06 10:00:00,80.063,70.547,6.185,3.331,1.1349
6683,2023-10-06 11:00:00,81.113,71.411,6.306,3.396,1.1359
6684,2023-10-06 12:00:00,81.307,71.562,6.334,3.411,1.1362
6685,2023-10-06 13:00:00,80.057,70.485,6.222,3.35,1.1358
6686,2023-10-06 14:00:00,81.805,72.089,6.315,3.401,1.1348
6687,2023-10-06 15:00:00,79.862,70.477,6.1,3.285,1.1332
6688,2023-10-06 16:00:00,81.346,71.92,6.127,3.299,1.1311
6689,2023-10-06 17:00:00,80.953,71.727,5.997,3.229,1.1286
6690,2023-10-06 18:00:00,78.624,69.826,5.719,3.079,1.126
6691,2023-10-06 19:00:00,78.473,69.854,5.602,3.017,1.1234
6692,2023-10-06 20:00:00,76.519,68.263,5.366,2.89,1.1209
6693,2023-10-06 21:00:00,77.423,69.199,5.346,2.878,1.1188
6694,2023-10-06 22:00:00,76.123,68.136,5.192,2.796,1.1172
6695,2023-10-06 23:00:00,75.398,67.549,5.102,2.747,1.1162
6696,2023-10-07 00:00:00,75.148,67.347,5.071,2.73,1.1158
6697,2023-10-07 01:00:00,75.098,67.284,5.079,2.735,1.1161
6698,2023-10-07 02:00:00,75.469,67.557,5.143,2.769,1.1171
6699,2023-10-07 03:00:00,76.884,68.727,5.302,2.855,1.1187
6700,2023-10-07 04:00:00,76.069,67.875,5.326,2.868,1.1207
6701,2023-10-07 05:00:00,78.686,70.062,5.606,3.019,1.1231
6702,2023-10-07 06:00:00,76.964,68.372,5.585,3.007,1.1257
6703,2023-10-07 07:00:00,79.973,70.884,5.908,3.181,1.1282
6704,2023-10-07 08:00:00,78.536,69.463,5.897,3.175,1.1306
6705,2023-10-07 09:00:00,79.893,70.537,6.082,3.275,1.1326
6706,2023-10-07 10:00:00,79.93,70.472,6.148,3.31,1.1342
6707,2023-10-07 11:00:00,80.314,70.75,6.217,3.347,1.1352
6708,2023-10-07 12:00:00,81.314,71.611,6.307,3.396,1.1355
6709,2023-10-07 13:00:00,81.774,72.04,6.327,3.407,1.1351
6710,2023-10-07 14:00:00,81.257,71.649,6.245,3.363,1.1341
6711,2023-10-07 15:00:00,79.561,70.254,6.05,3.257,1.1325
6712,2023-10-07 16:00:00,79.47,70.304,5.958,3.208,1.1304
6713,2023-10-07 17:00:00,78.059,69.205,5.755,3.099,1.1279
6714,2023-10-07 18:00:00,77.204,68.606,5.589,3.009,1.1253
6715,2023-10-07 19:00:00,76.394,68.045,5.427,2.922,1.1227
6716,2023-10-07 20:00:00,76.311,68.119,5.325,2.867,1.1203
6717,2023-10-07 21:00:00,76.3,68.237,5.241,2.822,1.1182
6718,2023-10-07 22:00:00,74.19,66.446,5.034,2.71,1.1165
6719,2023-10-07 23:00:00,75.384,67.577,5.074,2.732,1.1155
6720,2023-10-08 00:00:00,76.512,68.611,5.135,2.765,1.1151
6721,2023-10-08 01:00:00,76.292,68.395,5.133,2.764,1.1155
6722,2023-10-08 02:00:00,75.219,67.375,5.099,2.746,1.1164
6723,2023-10-08 03:00:00,75.0,67.085,5.145,2.77,1.118
6724,2023-10-08 04:00:00,76.999,68.747,5.364,2.888,1.12
6725,2023-10-08 05:00:00,75.454,67.225,5.349,2.88,1.1224
6726,2023-10-08 06:00:00,78.835,70.077,5.693,3.065,1.125
6727,2023-10-08 07:00:00,78.481,69.603,5.77,3.107,1.1275
6728,2023-10-08 08:00:00,80.741,71.457,6.034,3.249,1.1299
6729,2023-10-08 09:00:00,78.477,69.329,5.947,3.202,1.132
6730,2023-10-08 10:00:00,81.0,71.458,6.202,3.34,1.1335
6731,2023-10-08 11:00:00,80.458,70.92,6.2,3.338,1.1345
6732,2023-10-08 12:00:00,80.365,70.818,6.205,3.341,1.1348
6733,2023-10-08 13:00:00,79.446,70.031,6.12,3.295,1.1344
6734,2023-10-08 14:00:00,80.736,71.233,6.177,3.326,1.1334
6735,2023-10-08 15:00:00,80.37,71.011,6.083,3.276,1.1318
6736,2023-10-08 16:00:00,80.688,71.425,6.021,3.242,1.1297
6737,2023-10-08 17:00:00,79.425,70.459,5.828,3.138,1.1273
6738,2023-10-08 18:00:00,77.47,68.884,5.581,3.005,1.1246
6739,2023-10-08 19:00:00,76.459,68.144,5.405,2.91,1.122
6740,2023-10-08 20:00:00,75.535,67.467,5.244,2.824,1.1196
6741,2023-10-08 21:00:00,77.211,69.094,5.276,2.841,1.1175
6742,2023-10-08 22:00:00,75.03,67.24,5.064,2.727,1.1159
6743,2023-10-08 23:00:00,76.529,68.646,5.124,2.759,1.1148
6744,2023-10-09 00:00:00,76.472,68.618,5.105,2.749,1.1145
6745,2023-10-09 01:00:00,76.408,68.541,5.114,2.753,1.1148
6746,2023-10-09 02:00:00,76.172,68.27,5.136,2.766,1.1157
6747,2023-10-09 03:00:00,77.346,69.225,5.279,2.842,1.1173
6748,2023-10-09 04:00:00,77.363,69.114,5.362,2.887,1.1194
6749,2023-10-09 05:00:00,77.724,69.289,5.483,2.952,1.1217
6750,2023-10-09 06:00:00,79.248,70.487,5.695,3.066,1.1243
6751,2023-10-09 07:00:00,79.277,70.352,5.801,3.124,1.1269
6752,2023-10-09 08:00:00,79.404,70.316,5.907,3.181,1.1292
6753,2023-10-09 09:00:00,81.065,71.657,6.115,3.293,1.1313
6754,2023-10-09 10:00:00,80.965,71.471,6.171,3.323,1.1328
6755,2023-10-09 11:00:00,81.671,72.033,6.265,3.374,1.1338
6756,2023-10-09 12:00:00,81.013,71.432,6.228,3.353,1.1341
6757,2023-10-09 13:00:00,80.32,70.844,6.159,3.317,1.1338
6758,2023-10-09 14:00:00,82.383,72.73,6.275,3.379,1.1327
6759,2023-10-09 15:00:00,81.802,72.32,6.163,3.319,1.1311
6760,2023-10-09 16:00:00,80.717,71.494,5.995,3.228,1.129
6761,2023-10-09 17:00:00,79.064,70.181,5.774,3.109,1.1266
6762,2023-10-09 18:00:00,78.44,69.79,5.623,3.028,1.124
6763,2023-10-09 19:00:00,79.071,70.515,5.561,2.995,1.1213
6764,2023-10-09 20:00:00,77.067,68.877,5.323,2.866,1.1189
6765,2023-10-09 21:00:00,76.299,68.32,5.187,2.793,1.1168
6766,2023-10-09 22:00:00,77.834,69.795,5.225,2.814,1.1152
6767,2023-10-09 23:00:00,76.07,68.276,5.066,2.728,1.1142
6768,2023-10-10 00:00:00,77.394,69.488,5.139,2.767,1.1138
6769,2023-10-10 01:00:00,75.013,67.331,4.993,2.689,1.1141
6770,2023-10-10 02:00:00,76.769,68.847,5.149,2.773,1.1151
6771,2023-10-10 03:00:00,78.401,70.212,5.323,2.866,1.1166
6772,2023-10-10 04:00:00,77.351,69.146,5.333,2.872,1.1187
6773,2023-10-10 05:00:00,77.759,69.362,5.458,2.939,1.1211
6774,2023-10-10 06:00:00,77.734,69.183,5.559,2.993,1.1236
6775,2023-10-10 07:00:00,80.195,71.211,5.84,3.145,1.1262
6776,2023-10-10 08:00:00,79.378,70.336,5.877,3.165,1.1286
6777,2023-10-10 09:00:00,80.466,71.171,6.041,3.253,1.1306
6778,2023-10-10 10:00:00,79.988,70.651,6.069,3.268,1.1322
6779,2023-10-10 11:00:00,82.469,72.78,6.298,3.391,1.1331
6780,2023-10-10 12:00:00,82.241,72.558,6.293,3.389,1.1334
6781,2023-10-10 13:00:00,81.205,71.668,6.199,3.338,1.1331
6782,2023-10-10 14:00:00,80.044,70.708,6.069,3.268,1.132
6783,2023-10-10 15:00:00,81.744,72.313,6.13,3.301,1.1304
6784,2023-10-10 16:00:00,79.681,70.619,5.89,3.172,1.1283
6785,2023-10-10 17:00:00,78.451,69.679,5.701,3.07,1.1259
6786,2023-10-10 18:00:00,77.243,68.767,5.51,2.967,1.1233
6787,2023-10-10 19:00:00,77.431,69.095,5.419,2.918,1.1207
6788,2023-10-10 20:00:00,76.158,68.107,5.233,2.818,1.1182
6789,2023-10-10 21:00:00,76.26,68.327,5.157,2.777,1.1161
6790,2023-10-10 22:00:00,76.906,69.006,5.135,2.765,1.1145
6791,2023-10-10 23:00:00,75.768,68.047,5.019,2.702,1.1135
6792,2023-10-11 00:00:00,76.246,68.499,5.036,2.711,1.1131
6793,2023-10-11 01:00:00,75.493,67.803,4.998,2.691,1.1134
6794,2023-10-11 02:00:00,76.368,68.53,5.095,2.743,1.1144
6795,2023-10-11 03:00:00,78.235,70.107,5.283,2.845,1.1159
6796,2023-10-11 04:00:00,77.008,68.881,5.282,2.844,1.118
6797,2023-10-11 05:00:00,78.22,69.816,5.462,2.941,1.1204
6798,2023-10-11 06:00:00,77.374,68.904,5.505,2.964,1.1229
6799,2023-10-11 07:00:00,80.491,71.517,5.833,3.141,1.1255
6800,2023-10-11 08:00:00,79.561,70.541,5.863,3.157,1.1279
6801,2023-10-11 09:00:00,81.323,71.973,6.077,3.272,1.1299
6802,2023-10-11 10:00:00,80.82,71.429,6.104,3.287,1.1315
6803,2023-10-11 11:00:00,81.67,72.118,6.208,3.343,1.1324
6804,2023-10-11 12:00:00,81.807,72.22,6.232,3.356,1.1328
6805,2023-10-11 13:00:00,80.822,71.374,6.142,3.307,1.1324
6806,2023-10-11 14:00:00,81.774,72.28,6.171,3.323,1.1314
6807,2023-10-11 15:00:00,79.879,70.706,5.963,3.211,1.1297
6808,2023-10-11 16:00:00,80.535,71.42,5.925,3.191,1.1276
6809,2023-10-11 17:00:00,78.966,70.18,5.711,3.075,1.1252
6810,2023-10-11 18:00:00,78.855,70.245,5.597,3.014,1.1226
6811,2023-10-11 19:00:00,77.528,69.224,5.398,2.907,1.12
6812,2023-10-11 20:00:00,77.288,69.16,5.283,2.845,1.1175
6813,2023-10-11 21:00:00,75.86,68.01,5.102,2.747,1.1154
6814,2023-10-11 22:00:00,76.471,68.658,5.079,2.735,1.1138
6815,2023-10-11 23:00:00,76.048,68.341,5.01,2.698,1.1128
6816,2023-10-12 00:00:00,75.501,67.872,4.959,2.67,1.1124
6817,2023-10-12 01:00:00,75.967,68.271,5.002,2.693,1.1127
6818,2023-10-12 02:00:00,76.375,68.578,5.068,2.729,1.1137
6819,2023-10-12 03:00:00,76.206,68.331,5.119,2.756,1.1153
6820,2023-10-12 04:00:00,77.132,69.035,5.263,2.834,1.1173
6821,2023-10-12 05:00:00,77.082,68.843,5.355,2.884,1.1197
6822,2023-10-12 06:00:00,80.399,71.642,5.692,3.065,1.1222
6823,2023-10-12 07:00:00,80.079,71.194,5.775,3.11,1.1248
6824,2023-10-12 08:00:00,80.104,71.066,5.875,3.163,1.1272
6825,2023-10-12 09:00:00,81.369,72.058,6.052,3.259,1.1292
6826,2023-10-12 10:00:00,79.302,70.13,5.962,3.21,1.1308
6827,2023-10-12 11:00:00,79.11,69.9,5.986,3.223,1.1318
6828,2023-10-12 12:00:00,80.909,71.47,6.135,3.304,1.1321
6829,2023-10-12 13:00:00,80.04,70.725,6.054,3.26,1.1317
6830,2023-10-12 14:00:00,80.673,71.35,6.06,3.263,1.1307
6831,2023-10-12 15:00:00,80.593,71.381,5.988,3.224,1.129
6832,2023-10-12 16:00:00,80.599,71.519,5.902,3.178,1.127
6833,2023-10-12 17:00:00,78.329,69.656,5.637,3.036,1.1245
6834,2023-10-12 18:00:00,78.846,70.28,5.568,2.998,1.1219
6835,2023-10-12 19:00:00,77.854,69.557,5.393,2.904,1.1193
6836,2023-10-12 20:00:00,77.473,69.368,5.268,2.837,1.1168
6837,2023-10-12 21:00:00,76.247,68.399,5.101,2.747,1.1147
6838,2023-10-12 22:00:00,77.309,69.453,5.107,2.75,1.1131
6839,2023-10-12 23:00:00,75.886,68.237,4.972,2.677,1.1121
6840,2023-10-13 00:00:00,77.256,69.492,5.046,2.717,1.1117
6841,2023-10-13 01:00:00,75.347,67.756,4.934,2.657,1.112
6842,2023-10-13 02:00:00,76.802,69.004,5.069,2.729,1.113
6843,2023-10-13 03:00:00,76.594,68.721,5.117,2.756,1.1146
6844,2023-10-13 04:00:00,76.929,68.896,5.222,2.812,1.1166
6845,2023-10-13 05:00:00,78.318,69.99,5.413,2.915,1.119
6846,2023-10-13 06:00:00,78.274,69.791,5.514,2.969,1.1215
6847,2023-10-13 07:00:00,77.102,68.59,5.533,2.979,1.1241
6848,2023-10-13 08:00:00,77.425,68.731,5.651,3.043,1.1265
6849,2023-10-13 09:00:00,81.399,72.128,6.026,3.245,1.1285
6850,2023-10-13 10:00:00,81.793,72.377,6.12,3.296,1.1301
6851,2023-10-13 11:00:00,82.581,73.012,6.22,3.349,1.1311
6852,2023-10-13 12:00:00,81.162,71.738,6.126,3.299,1.1314
6853,2023-10-13 13:00:00,80.059,70.786,6.028,3.246,1.131
6854,2023-10-13 14:00:00,80.479,71.222,6.017,3.24,1.13
6855,2023-10-13 15:00:00,80.391,71.245,5.944,3.201,1.1284
6856,2023-10-13 16:00:00,79.03,70.17,5.759,3.101,1.1263
6857,2023-10-13 17:00:00,80.473,71.607,5.763,3.103,1.1238
6858,2023-10-13 18:00:00,80.242,71.568,5.638,3.036,1.1212
6859,2023-10-13 19:00:00,78.169,69.882,5.387,2.901,1.1186
6860,2023-10-13 20:00:00,77.145,69.117,5.218,2.81,1.1161
6861,2023-10-13 21:00:00,75.595,67.856,5.03,2.709,1.114
6862,2023-10-13 22:00:00,77.388,69.567,5.084,2.737,1.1124
6863,2023-10-13 23:00:00,75.979,68.363,4.95,2.666,1.1114
6864,2023-10-14 00:00:00,74.825,67.348,4.861,2.617,1.111
6865,2023-10-14 01:00:00,75.512,67.946,4.918,2.648,1.1113
6866,2023-10-14 02:00:00,74.942,67.374,4.919,2.649,1.1123
6867,2023-10-14 03:00:00,75.928,68.165,5.046,2.717,1.1139
6868,2023-10-14 04:00:00,75.23,67.415,5.08,2.735,1.1159
6869,2023-10-14 05:00:00,77.843,69.608,5.353,2.882,1.1183
6870,2023-10-14 06:00:00,77.594,69.227,5.438,2.928,1.1209
6871,2023-10-14 07:00:00,79.273,70.564,5.661,3.048,1.1234
6872,2023-10-14 08:00:00,78.845,70.034,5.727,3.084,1.1258
6873,2023-10-14 09:00:00,79.448,70.442,5.854,3.152,1.1278
6874,2023-10-14 10:00:00,79.021,69.967,5.885,3.169,1.1294
6875,2023-10-14 11:00:00,80.847,71.522,6.061,3.264,1.1304
6876,2023-10-14 12:00:00,79.642,70.437,5.983,3.222,1.1307
6877,2023-10-14 13:00:00,79.857,70.65,5.985,3.222,1.1303
6878,2023-10-14 14:00:00,79.972,70.816,5.951,3.205,1.1293
6879,2023-10-14 15:00:00,79.639,70.622,5.861,3.156,1.1277
6880,2023-10-14 16:00:00,77.643,68.981,5.63,3.032,1.1256
6881,2023-10-14 17:00:00,78.16,69.591,5.57,2.999,1.1231
6882,2023-10-14 18:00:00,78.276,69.857,5.472,2.947,1.1205
6883,2023-10-14 19:00:00,76.668,68.582,5.256,2.83,1.1179
6884,2023-10-14 20:00:00,76.15,68.268,5.123,2.759,1.1155
6885,2023-10-14 21:00:00,75.905,68.176,5.023,2.705,1.1134
6886,2023-10-14 22:00:00,75.261,67.696,4.917,2.648,1.1117
6887,2023-10-14 23:00:00,74.294,66.888,4.814,2.592,1.1107
6888,2023-10-15 00:00:00,74.976,67.525,4.843,2.608,1.1103
6889,2023-10-15 01:00:00,75.864,68.305,4.913,2.645,1.1107
6890,2023-10-15 02:00:00,74.533,67.049,4.865,2.62,1.1116
6891,2023-10-15 03:00:00,75.475,67.8,4.988,2.686,1.1132
6892,2023-10-15 04:00:00,75.231,67.458,5.053,2.721,1.1152
6893,2023-10-15 05:00:00,77.681,69.506,5.314,2.861,1.1176
6894,2023-10-15 06:00:00,77.556,69.235,5.408,2.912,1.1202
6895,2023-10-15 07:00:00,77.646,69.158,5.517,2.971,1.1227
6896,2023-10-15 08:00:00,79.028,70.24,5.712,3.076,1.1251
6897,2023-10-15 09:00:00,78.557,69.695,5.76,3.102,1.1272
6898,2023-10-15 10:00:00,79.114,70.092,5.864,3.158,1.1287
6899,2023-10-15 11:00:00,79.042,69.968,5.898,3.176,1.1297
6900,2023-10-15 12:00:00,79.443,70.303,5.941,3.199,1.13
6901,2023-10-15 13:00:00,81.266,71.941,6.062,3.264,1.1296
6902,2023-10-15 14:00:00,79.343,70.302,5.877,3.164,1.1286
6903,2023-10-15 15:00:00,79.862,70.864,5.849,3.15,1.127
6904,2023-10-15 16:00:00,78.28,69.59,5.649,3.042,1.1249
6905,2023-10-15 17:00:00,78.891,70.285,5.594,3.012,1.1224
6906,2023-10-15 18:00:00,76.8,68.582,5.342,2.876,1.1198
6907,2023-10-15 19:00:00,76.947,68.875,5.247,2.825,1.1172
6908,2023-10-15 20:00:00,76.319,68.462,5.107,2.75,1.1148
6909,2023-10-15 21:00:00,77.544,69.692,5.104,2.748,1.1127
6910,2023-10-15 22:00:00,75.802,68.226,4.925,2.652,1.1111
6911,2023-10-15 23:00:00,74.588,67.195,4.806,2.588,1.11
6912,2023-10-16 00:00:00,76.266,68.73,4.899,2.638,1.1097
6913,2023-10-16 01:00:00,77.483,69.806,4.99,2.687,1.11
6914,2023-10-16 02:00:00,74.815,67.344,4.856,2.615,1.1109
6915,2023-10-16 03:00:00,75.842,68.173,4.985,2.684,1.1125
6916,2023-10-16 04:00:00,76.858,68.959,5.134,2.765,1.1145
6917,2023-10-16 05:00:00,77.353,69.255,5.263,2.834,1.1169
6918,2023-10-16 06:00:00,78.103,69.767,5.418,2.918,1.1195
6919,2023-10-16 07:00:00,78.027,69.54,5.516,2.97,1.122
6920,2023-10-16 08:00:00,80.799,71.858,5.812,3.129,1.1244
6921,2023-10-16 09:00:00,79.125,70.242,5.774,3.109,1.1265
6922,2023-10-16 10:00:00,80.514,71.375,5.94,3.198,1.128
6923,2023-10-16 11:00:00,81.765,72.422,6.073,3.27,1.129
6924,2023-10-16 12:00:00,81.004,71.729,6.029,3.246,1.1293
6925,2023-10-16 13:00:00,80.16,71.005,5.951,3.204,1.1289
6926,2023-10-16 14:00:00,79.599,70.571,5.868,3.159,1.1279
6927,2023-10-16 15:00:00,80.053,71.076,5.835,3.142,1.1263
6928,2023-10-16 16:00:00,79.082,70.345,5.679,3.058,1.1242
6929,2023-10-16 17:00:00,79.192,70.597,5.587,3.008,1.1218
6930,2023-10-16 18:00:00,77.242,69.019,5.345,2.878,1.1191
6931,2023-10-16 19:00:00,78.286,70.116,5.311,2.86,1.1165
6932,2023-10-16 20:00:00,77.101,69.206,5.132,2.763,1.1141
6933,2023-10-16 21:00:00,76.611,68.895,5.015,2.7,1.112
6934,2023-10-16 22:00:00,77.163,69.493,4.985,2.684,1.1104
6935,2023-10-16 23:00:00,75.438,68.003,4.833,2.602,1.1093
6936,2023-10-17 00:00:00,75.124,67.742,4.798,2.584,1.109
6937,2023-10-17 01:00:00,75.349,67.926,4.825,2.598,1.1093
6938,2023-10-17 02:00:00,75.885,68.35,4.898,2.637,1.1102
6939,2023-10-17 03:00:00,76.38,68.699,4.993,2.688,1.1118
6940,2023-10-17 04:00:00,76.347,68.544,5.073,2.731,1.1139
6941,2023-10-17 05:00:00,76.05,68.131,5.148,2.772,1.1162
6942,2023-10-17 06:00:00,77.876,69.607,5.375,2.894,1.1188
6943,2023-10-17 07:00:00,79.285,70.705,5.577,3.003,1.1214
6944,2023-10-17 08:00:00,79.752,70.97,5.708,3.074,1.1237
6945,2023-10-17 09:00:00,81.143,72.077,5.893,3.173,1.1258
6946,2023-10-17 10:00:00,82.166,72.884,6.033,3.248,1.1273
6947,2023-10-17 11:00:00,81.489,72.222,6.023,3.243,1.1283
6948,2023-10-17 12:00:00,82.071,72.718,6.08,3.274,1.1286
6949,2023-10-17 13:00:00,81.491,72.227,6.021,3.242,1.1283
6950,2023-10-17 14:00:00,81.963,72.712,6.013,3.238,1.1272
6951,2023-10-17 15:00:00,81.644,72.533,5.922,3.189,1.1256
6952,2023-10-17 16:00:00,80.377,71.541,5.743,3.093,1.1235
6953,2023-10-17 17:00:00,79.537,70.947,5.583,3.006,1.1211
6954,2023-10-17 18:00:00,78.131,69.856,5.378,2.896,1.1185
6955,2023-10-17 19:00:00,77.571,69.518,5.234,2.818,1.1158
6956,2023-10-17 20:00:00,76.7,68.889,5.077,2.734,1.1134
6957,2023-10-17 21:00:00,76.899,69.197,5.006,2.695,1.1113
6958,2023-10-17 22:00:00,75.436,67.98,4.846,2.61,1.1097
6959,2023-10-17 23:00:00,75.583,68.176,4.815,2.593,1.1086
6960,2023-10-18 00:00:00,73.813,66.601,4.687,2.524,1.1083
6961,2023-10-18 01:00:00,77.065,69.516,4.907,2.642,1.1086
6962,2023-10-18 02:00:00,75.816,68.33,4.866,2.62,1.1096
6963,2023-10-18 03:00:00,76.758,69.081,4.99,2.687,1.1111
6964,2023-10-18 04:00:00,78.083,70.145,5.16,2.778,1.1132
6965,2023-10-18 05:00:00,77.818,69.757,5.239,2.821,1.1155
6966,2023-10-18 06:00:00,79.398,71.011,5.451,2.935,1.1181
6967,2023-10-18 07:00:00,77.98,69.584,5.458,2.939,1.1207
6968,2023-10-18 08:00:00,81.481,72.553,5.803,3.125,1.123
6969,2023-10-18 09:00:00,81.005,71.998,5.854,3.152,1.1251
6970,2023-10-18 10:00:00,80.738,71.662,5.9,3.177,1.1267
6971,2023-10-18 11:00:00,81.965,72.688,6.03,3.247,1.1276
6972,2023-10-18 12:00:00,80.007,70.932,5.899,3.176,1.1279
6973,2023-10-18 13:00:00,80.608,71.488,5.928,3.192,1.1276
6974,2023-10-18 14:00:00,81.704,72.527,5.965,3.212,1.1265
6975,2023-10-18 15:00:00,78.666,69.93,5.678,3.058,1.1249
6976,2023-10-18 16:00:00,80.02,71.267,5.69,3.064,1.1228
6977,2023-10-18 17:00:00,79.351,70.825,5.542,2.984,1.1204
6978,2023-10-18 18:00:00,79.784,71.378,5.464,2.942,1.1178
6979,2023-10-18 19:00:00,76.32,68.439,5.122,2.758,1.1151
6980,2023-10-18 20:00:00,78.17,70.252,5.147,2.771,1.1127
6981,2023-10-18 21:00:00,75.933,68.371,4.915,2.647,1.1106
6982,2023-10-18 22:00:00,75.601,68.172,4.829,2.6,1.109
6983,2023-10-18 23:00:00,74.737,67.454,4.734,2.549,1.108
6984,2023-10-19 00:00:00,74.75,67.489,4.72,2.541,1.1076
6985,2023-10-19 01:00:00,75.993,68.592,4.811,2.59,1.1079
6986,2023-10-19 02:00:00,75.077,67.706,4.791,2.58,1.1089
6987,2023-10-19 03:00:00,76.932,69.281,4.973,2.678,1.1104
6988,2023-10-19 04:00:00,76.384,68.661,5.02,2.703,1.1125
6989,2023-10-19 05:00:00,76.589,68.698,5.129,2.762,1.1149
6990,2023-10-19 06:00:00,77.807,69.631,5.314,2.862,1.1174
6991,2023-10-19 07:00:00,79.17,70.689,5.513,2.968,1.12
6992,2023-10-19 08:00:00,79.33,70.681,5.622,3.027,1.1224
6993,2023-10-19 09:00:00,80.127,71.261,5.762,3.103,1.1244
6994,2023-10-19 10:00:00,81.073,72.003,5.895,3.174,1.126
6995,2023-10-19 11:00:00,81.644,72.448,5.978,3.219,1.1269
6996,2023-10-19 12:00:00,80.635,71.533,5.917,3.186,1.1272
6997,2023-10-19 13:00:00,79.963,70.959,5.852,3.151,1.1269
6998,2023-10-19 14:00:00,80.576,71.569,5.855,3.152,1.1259
6999,2023-10-19 15:00:00,80.458,71.567,5.779,3.112,1.1242
7000,2023-10-19 16:00:00,78.384,69.852,5.545,2.986,1.1221
7001,2023-10-19 17:00:00,78.188,69.83,5.433,2.925,1.1197
7002,2023-10-19 18:00:00,77.633,69.497,5.289,2.848,1.1171
7003,2023-10-19 19:00:00,77.345,69.402,5.163,2.78,1.1145
7004,2023-10-19 20:00:00,76.276,68.592,4.994,2.689,1.112
7005,2023-10-19 21:00:00,76.87,69.257,4.948,2.664,1.1099
7006,2023-10-19 22:00:00,74.656,67.361,4.742,2.553,1.1083
7007,2023-10-19 23:00:00,74.413,67.204,4.686,2.523,1.1073
7008,2023-10-20 00:00:00,75.288,68.016,4.726,2.545,1.1069
7009,2023-10-20 01:00:00,75.497,68.187,4.752,2.559,1.1072
7010,2023-10-20 02:00:00,74.765,67.466,4.744,2.555,1.1082
7011,2023-10-20 03:00:00,75.838,68.338,4.875,2.625,1.1097
7012,2023-10-20 04:00:00,76.54,68.844,5.002,2.694,1.1118
7013,2023-10-20 05:00:00,77.181,69.272,5.141,2.768,1.1142
7014,2023-10-20 06:00:00,78.29,70.106,5.319,2.864,1.1167
7015,2023-10-20 07:00:00,78.339,69.99,5.427,2.922,1.1193
7016,2023-10-20 08:00:00,80.659,71.909,5.687,3.062,1.1217
7017,2023-10-20 09:00:00,80.435,71.579,5.756,3.099,1.1237
7018,2023-10-20 10:00:00,79.839,70.951,5.778,3.111,1.1253
7019,2023-10-20 11:00:00,80.816,71.757,5.888,3.171,1.1262
7020,2023-10-20 12:00:00,80.929,71.837,5.91,3.182,1.1266
7021,2023-10-20 13:00:00,81.695,72.541,5.95,3.204,1.1262
7022,2023-10-20 14:00:00,79.994,71.095,5.784,3.115,1.1252
7023,2023-10-20 15:00:00,80.642,71.775,5.764,3.104,1.1235
7024,2023-10-20 16:00:00,79.515,70.904,5.597,3.014,1.1214
7025,2023-10-20 17:00:00,80.006,71.497,5.531,2.978,1.119
7026,2023-10-20 18:00:00,79.156,70.904,5.364,2.888,1.1164
7027,2023-10-20 19:00:00,77.613,69.685,5.153,2.775,1.1138
7028,2023-10-20 20:00:00,76.617,68.941,4.989,2.686,1.1113
7029,2023-10-20 21:00:00,76.667,69.117,4.907,2.642,1.1092
7030,2023-10-20 22:00:00,75.715,68.358,4.782,2.575,1.1076
7031,2023-10-20 23:00:00,76.892,69.486,4.814,2.592,1.1066
7032,2023-10-21 00:00:00,74.786,67.605,4.668,2.513,1.1062
7033,2023-10-21 01:00:00,74.498,67.326,4.662,2.51,1.1065
7034,2023-10-21 02:00:00,74.715,67.463,4.714,2.538,1.1075
7035,2023-10-21 03:00:00,74.544,67.213,4.765,2.566,1.1091
7036,2023-10-21 04:00:00,76.46,68.815,4.97,2.676,1.1111
7037,2023-10-21 05:00:00,76.021,68.273,5.036,2.712,1.1135
7038,2023-10-21 06:00:00,78.2,70.069,5.285,2.846,1.116
7039,2023-10-21 07:00:00,77.014,68.848,5.308,2.858,1.1186
7040,2023-10-21 08:00:00,78.765,70.264,5.526,2.975,1.121
7041,2023-10-21 09:00:00,80.12,71.343,5.705,3.072,1.123
7042,2023-10-21 10:00:00,77.944,69.309,5.613,3.022,1.1246
7043,2023-10-21 11:00:00,81.494,72.403,5.909,3.182,1.1256
7044,2023-10-21 12:00:00,79.658,70.752,5.789,3.117,1.1259
7045,2023-10-21 13:00:00,80.011,71.089,5.799,3.123,1.1255
7046,2023-10-21 14:00:00,80.08,71.216,5.762,3.103,1.1245
7047,2023-10-21 15:00:00,79.775,71.046,5.674,3.055,1.1229
7048,2023-10-21 16:00:00,78.864,70.367,5.523,2.974,1.1208
7049,2023-10-21 17:00:00,78.787,70.451,5.418,2.918,1.1183
7050,2023-10-21 18:00:00,77.724,69.663,5.239,2.821,1.1157
7051,2023-10-21 19:00:00,78.005,70.08,5.151,2.774,1.1131
7052,2023-10-21 20:00:00,76.402,68.791,4.947,2.664,1.1106
7053,2023-10-21 21:00:00,76.975,69.438,4.899,2.638,1.1085
7054,2023-10-21 22:00:00,75.731,68.415,4.755,2.56,1.1069
7055,2023-10-21 23:00:00,73.372,66.346,4.567,2.459,1.1059
7056,2023-10-22 00:00:00,76.699,69.378,4.759,2.563,1.1055
7057,2023-10-22 01:00:00,74.321,67.208,4.624,2.49,1.1058
7058,2023-10-22 02:00:00,76.184,68.831,4.779,2.573,1.1068
7059,2023-10-22 03:00:00,75.46,68.081,4.796,2.582,1.1084
7060,2023-10-22 04:00:00,76.805,69.168,4.964,2.673,1.1104
7061,2023-10-22 05:00:00,76.077,68.365,5.013,2.699,1.1128
7062,2023-10-22 06:00:00,77.783,69.738,5.229,2.816,1.1154
7063,2023-10-22 07:00:00,77.78,69.576,5.333,2.872,1.1179
7064,2023-10-22 08:00:00,79.856,71.28,5.574,3.001,1.1203
7065,2023-10-22 09:00:00,79.512,70.845,5.634,3.034,1.1223
7066,2023-10-22 10:00:00,80.327,71.471,5.756,3.1,1.1239
7067,2023-10-22 11:00:00,78.152,69.476,5.639,3.037,1.1249
7068,2023-10-22 12:00:00,79.877,70.99,5.777,3.111,1.1252
7069,2023-10-22 13:00:00,80.175,71.278,5.783,3.114,1.1248
7070,2023-10-22 14:00:00,79.758,70.972,5.711,3.075,1.1238
7071,2023-10-22 15:00:00,79.911,71.21,5.655,3.045,1.1222
7072,2023-10-22 16:00:00,78.315,69.919,5.457,2.938,1.1201
7073,2023-10-22 17:00:00,77.997,69.787,5.336,2.873,1.1176
7074,2023-10-22 18:00:00,78.193,70.127,5.243,2.823,1.115
7075,2023-10-22 19:00:00,74.811,67.252,4.914,2.646,1.1124
7076,2023-10-22 20:00:00,76.407,68.838,4.92,2.649,1.11
7077,2023-10-22 21:00:00,75.145,67.829,4.756,2.561,1.1079
7078,2023-10-22 22:00:00,74.28,67.146,4.637,2.497,1.1062
7079,2023-10-22 23:00:00,74.984,67.845,4.64,2.499,1.1052
7080,2023-10-23 00:00:00,76.355,69.109,4.71,2.536,1.1049
7081,2023-10-23 01:00:00,76.297,69.037,4.719,2.541,1.1052
7082,2023-10-23 02:00:00,75.648,68.39,4.718,2.54,1.1061
7083,2023-10-23 03:00:00,76.847,69.376,4.856,2.615,1.1077
7084,2023-10-23 04:00:00,77.385,69.733,4.974,2.678,1.1097
7085,2023-10-23 05:00:00,77.277,69.486,5.064,2.727,1.1121
7086,2023-10-23 06:00:00,77.487,69.515,5.182,2.79,1.1147
7087,2023-10-23 07:00:00,78.216,70.008,5.335,2.873,1.1172
7088,2023-10-23 08:00:00,80.01,71.461,5.556,2.992,1.1196
7089,2023-10-23 09:00:00,79.871,71.208,5.631,3.032,1.1217
7090,2023-10-23 10:00:00,79.506,70.783,5.67,3.053,1.1232
7091,2023-10-23 11:00:00,79.268,70.511,5.692,3.065,1.1242
7092,2023-10-23 12:00:00,81.338,72.332,5.854,3.152,1.1245
7093,2023-10-23 13:00:00,80.16,71.308,5.754,3.098,1.1241
7094,2023-10-23 14:00:00,80.58,71.747,5.741,3.092,1.1231
7095,2023-10-23 15:00:00,80.866,72.105,5.694,3.066,1.1215
7096,2023-10-23 16:00:00,78.311,69.959,5.429,2.923,1.1194
7097,2023-10-23 17:00:00,78.657,70.421,5.353,2.883,1.117
7098,2023-10-23 18:00:00,77.871,69.881,5.194,2.797,1.1143
7099,2023-10-23 19:00:00,77.613,69.813,5.07,2.73,1.1117
7100,2023-10-23 20:00:00,77.641,69.992,4.972,2.677,1.1093
7101,2023-10-23 21:00:00,75.102,67.832,4.726,2.545,1.1072
7102,2023-10-23 22:00:00,76.155,68.883,4.727,2.545,1.1056
7103,2023-10-23 23:00:00,76.248,69.032,4.691,2.526,1.1045
7104,2023-10-24 00:00:00,75.215,68.12,4.612,2.484,1.1042
7105,2023-10-24 01:00:00,75.34,68.213,4.633,2.494,1.1045
7106,2023-10-24 02:00:00,76.03,68.777,4.714,2.538,1.1055
7107,2023-10-24 03:00:00,76.388,69.004,4.8,2.584,1.107
7108,2023-10-24 04:00:00,77.115,69.533,4.929,2.654,1.1091
7109,2023-10-24 05:00:00,77.734,69.94,5.066,2.728,1.1114
7110,2023-10-24 06:00:00,77.214,69.313,5.136,2.766,1.114
7111,2023-10-24 07:00:00,79.439,71.146,5.39,2.902,1.1166
7112,2023-10-24 08:00:00,80.219,71.692,5.543,2.984,1.1189
7113,2023-10-24 09:00:00,80.002,71.368,5.612,3.022,1.121
7114,2023-10-24 10:00:00,79.105,70.47,5.613,3.022,1.1225
7115,2023-10-24 11:00:00,80.455,71.61,5.749,3.096,1.1235
7116,2023-10-24 12:00:00,80.788,71.886,5.786,3.116,1.1238
7117,2023-10-24 13:00:00,79.641,70.889,5.689,3.063,1.1235
7118,2023-10-24 14:00:00,79.988,71.263,5.671,3.054,1.1224
7119,2023-10-24 15:00:00,78.738,70.251,5.517,2.971,1.1208
7120,2023-10-24 16:00:00,79.764,71.3,5.502,2.963,1.1187
7121,2023-10-24 17:00:00,78.774,70.569,5.333,2.872,1.1163
7122,2023-10-24 18:00:00,76.673,68.848,5.086,2.739,1.1137
7123,2023-10-24 19:00:00,77.543,69.793,5.037,2.712,1.111
7124,2023-10-24 20:00:00,76.588,69.085,4.877,2.626,1.1086
7125,2023-10-24 21:00:00,76.486,69.124,4.785,2.577,1.1065
7126,2023-10-24 22:00:00,75.365,68.21,4.65,2.504,1.1049
7127,2023-10-24 23:00:00,74.785,67.749,4.573,2.463,1.1039
7128,2023-10-25 00:00:00,74.718,67.71,4.555,2.453,1.1035
7129,2023-10-25 01:00:00,74.984,67.933,4.583,2.468,1.1038
7130,2023-10-25 02:00:00,75.674,68.498,4.665,2.512,1.1048
7131,2023-10-25 03:00:00,76.189,68.866,4.76,2.563,1.1063
7132,2023-10-25 04:00:00,76.468,68.991,4.86,2.617,1.1084
7133,2023-10-25 05:00:00,76.921,69.251,4.986,2.685,1.1108
7134,2023-10-25 06:00:00,77.658,69.754,5.138,2.767,1.1133
7135,2023-10-25 07:00:00,80.576,72.208,5.439,2.929,1.1159
7136,2023-10-25 08:00:00,78.653,70.335,5.407,2.911,1.1183
7137,2023-10-25 09:00:00,79.37,70.847,5.54,2.983,1.1203
7138,2023-10-25 10:00:00,82.817,73.821,5.848,3.149,1.1219
7139,2023-10-25 11:00:00,80.827,71.985,5.748,3.095,1.1228
7140,2023-10-25 12:00:00,79.501,70.784,5.666,3.051,1.1231
7141,2023-10-25 13:00:00,81.155,72.28,5.768,3.106,1.1228
7142,2023-10-25 14:00:00,79.508,70.879,5.609,3.02,1.1218
7143,2023-10-25 15:00:00,80.508,71.874,5.612,3.022,1.1201
7144,2023-10-25 16:00:00,79.076,70.727,5.426,2.922,1.118
7145,2023-10-25 17:00:00,78.254,70.145,5.27,2.838,1.1156
7146,2023-10-25 18:00:00,79.162,71.126,5.223,2.813,1.113
7147,2023-10-25 19:00:00,77.663,69.944,5.017,2.702,1.1104
7148,2023-10-25 20:00:00,77.34,69.806,4.897,2.637,1.1079
7149,2023-10-25 21:00:00,76.376,69.067,4.751,2.558,1.1058
7150,2023-10-25 22:00:00,75.277,68.173,4.618,2.486,1.1042
7151,2023-10-25 23:00:00,75.83,68.738,4.61,2.482,1.1032
7152,2023-10-26 00:00:00,76.2,69.096,4.617,2.486,1.1028
7153,2023-10-26 01:00:00,75.458,68.404,4.585,2.469,1.1031
7154,2023-10-26 02:00:00,77.006,69.746,4.719,2.541,1.1041
7155,2023-10-26 03:00:00,76.686,69.358,4.763,2.565,1.1057
7156,2023-10-26 04:00:00,76.734,69.273,4.849,2.611,1.1077
7157,2023-10-26 05:00:00,77.398,69.723,4.989,2.686,1.1101
7158,2023-10-26 06:00:00,77.992,70.096,5.132,2.763,1.1126
7159,2023-10-26 07:00:00,77.592,69.577,5.21,2.805,1.1152
7160,2023-10-26 08:00:00,79.138,70.812,5.412,2.914,1.1176
7161,2023-10-26 09:00:00,79.933,71.392,5.551,2.989,1.1196
7162,2023-10-26 10:00:00,79.856,71.224,5.61,3.021,1.1212
7163,2023-10-26 11:00:00,80.713,71.927,5.711,3.075,1.1222
7164,2023-10-26 12:00:00,80.554,71.765,5.713,3.076,1.1225
7165,2023-10-26 13:00:00,81.052,72.232,5.733,3.087,1.1221
7166,2023-10-26 14:00:00,80.695,71.98,5.665,3.05,1.1211
7167,2023-10-26 15:00:00,79.878,71.354,5.54,2.983,1.1195
7168,2023-10-26 16:00:00,78.123,69.918,5.334,2.872,1.1174
7169,2023-10-26 17:00:00,79.947,71.706,5.356,2.884,1.1149
7170,2023-10-26 18:00:00,77.751,69.901,5.102,2.747,1.1123
7171,2023-10-26 19:00:00,77.113,69.49,4.954,2.668,1.1097
7172,2023-10-26 20:00:00,76.273,68.885,4.802,2.586,1.1072
7173,2023-10-26 21:00:00,75.615,68.421,4.676,2.518,1.1051
7174,2023-10-26 22:00:00,76.767,69.565,4.681,2.521,1.1035
7175,2023-10-26 23:00:00,76.381,69.28,4.616,2.485,1.1025
7176,2023-10-27 00:00:00,75.563,68.561,4.552,2.451,1.1021
7177,2023-10-27 01:00:00,75.225,68.234,4.544,2.447,1.1024
7178,2023-10-27 02:00:00,76.045,68.918,4.633,2.495,1.1034
7179,2023-10-27 03:00:00,76.038,68.814,4.696,2.528,1.105
7180,2023-10-27 04:00:00,76.375,68.992,4.799,2.584,1.107
7181,2023-10-27 05:00:00,77.418,69.784,4.963,2.672,1.1094
7182,2023-10-27 06:00:00,77.494,69.691,5.072,2.731,1.112
7183,2023-10-27 07:00:00,78.718,70.63,5.258,2.831,1.1145
7184,2023-10-27 08:00:00,79.321,71.018,5.397,2.906,1.1169
7185,2023-10-27 09:00:00,80.183,71.659,5.541,2.983,1.119
7186,2023-10-27 10:00:00,79.648,71.082,5.568,2.998,1.1205
7187,2023-10-27 11:00:00,80.957,72.187,5.7,3.069,1.1215
7188,2023-10-27 12:00:00,79.777,71.116,5.63,3.032,1.1218
7189,2023-10-27 13:00:00,79.946,71.29,5.627,3.03,1.1214
7190,2023-10-27 14:00:00,79.711,71.145,5.568,2.998,1.1204
7191,2023-10-27 15:00:00,78.86,70.487,5.442,2.93,1.1188
7192,2023-10-27 16:00:00,79.939,71.586,5.429,2.924,1.1167
7193,2023-10-27 17:00:00,77.746,69.775,5.181,2.79,1.1142
7194,2023-10-27 18:00:00,77.27,69.511,5.044,2.716,1.1116
7195,2023-10-27 19:00:00,78.103,70.426,4.99,2.687,1.109
7196,2023-10-27 20:00:00,76.05,68.726,4.761,2.563,1.1066
7197,2023-10-27 21:00:00,75.801,68.631,4.661,2.51,1.1045
7198,2023-10-27 22:00:00,74.747,67.776,4.531,2.44,1.1029
7199,2023-10-27 23:00:00,75.908,68.893,4.56,2.455,1.1018
7200,2023-10-28 00:00:00,75.056,68.143,4.494,2.42,1.1015
7201,2023-10-28 01:00:00,75.06,68.127,4.507,2.427,1.1018
7202,2023-10-28 02:00:00,75.164,68.161,4.552,2.451,1.1027
7203,2023-10-28 03:00:00,75.219,68.114,4.618,2.487,1.1043
7204,2023-10-28 04:00:00,75.296,68.058,4.705,2.533,1.1063
7205,2023-10-28 05:00:00,75.7,68.277,4.825,2.598,1.1087
7206,2023-10-28 06:00:00,78.016,70.203,5.078,2.735,1.1113
7207,2023-10-28 07:00:00,78.291,70.288,5.202,2.801,1.1139
7208,2023-10-28 08:00:00,77.79,69.69,5.265,2.835,1.1162
7209,2023-10-28 09:00:00,78.912,70.565,5.425,2.921,1.1183
7210,2023-10-28 10:00:00,79.067,70.605,5.5,2.961,1.1198
7211,2023-10-28 11:00:00,78.682,70.201,5.513,2.968,1.1208
7212,2023-10-28 12:00:00,79.795,71.174,5.604,3.017,1.1211
7213,2023-10-28 13:00:00,79.237,70.7,5.549,2.988,1.1208
7214,2023-10-28 14:00:00,78.548,70.149,5.459,2.94,1.1197
7215,2023-10-28 15:00:00,77.711,69.502,5.336,2.873,1.1181
7216,2023-10-28 16:00:00,77.094,69.08,5.209,2.805,1.116
7217,2023-10-28 17:00:00,77.385,69.493,5.13,2.762,1.1136
7218,2023-10-28 18:00:00,76.923,69.24,4.994,2.689,1.111
7219,2023-10-28 19:00:00,75.627,68.234,4.805,2.587,1.1083
7220,2023-10-28 20:00:00,76.175,68.881,4.741,2.553,1.1059
7221,2023-10-28 21:00:00,75.077,68.017,4.589,2.471,1.1038
7222,2023-10-28 22:00:00,75.156,68.188,4.529,2.439,1.1022
7223,2023-10-28 23:00:00,74.308,67.482,4.437,2.389,1.1012
7224,2023-10-29 00:00:00,73.752,66.999,4.389,2.363,1.1008
7225,2023-10-29 01:00:00,74.533,67.69,4.448,2.395,1.1011
7226,2023-10-29 02:00:00,73.729,66.901,4.439,2.39,1.1021
7227,2023-10-29 03:00:00,75.533,68.44,4.61,2.482,1.1036
7228,2023-10-29 04:00:00,74.931,67.769,4.655,2.507,1.1057
7229,2023-10-29 05:00:00,76.999,69.49,4.881,2.628,1.1081
7230,2023-10-29 06:00:00,76.703,69.063,4.966,2.674,1.1106
7231,2023-10-29 07:00:00,78.476,70.497,5.186,2.793,1.1132
7232,2023-10-29 08:00:00,77.408,69.389,5.212,2.807,1.1156
7233,2023-10-29 09:00:00,78.303,70.063,5.356,2.884,1.1176
7234,2023-10-29 10:00:00,79.553,71.082,5.506,2.965,1.1192
7235,2023-10-29 11:00:00,80.437,71.81,5.608,3.02,1.1201
7236,2023-10-29 12:00:00,80.915,72.217,5.654,3.045,1.1205
7237,2023-10-29 13:00:00,79.548,71.019,5.543,2.985,1.1201
7238,2023-10-29 14:00:00,80.686,72.102,5.58,3.005,1.1191
7239,2023-10-29 15:00:00,78.595,70.335,5.369,2.891,1.1174
7240,2023-10-29 16:00:00,79.127,70.944,5.319,2.864,1.1153
7241,2023-10-29 17:00:00,76.894,69.093,5.071,2.73,1.1129
7242,2023-10-29 18:00:00,77.269,69.594,4.989,2.686,1.1103
7243,2023-10-29 19:00:00,74.444,67.208,4.704,2.533,1.1077
7244,2023-10-29 20:00:00,74.758,67.64,4.627,2.491,1.1052
7245,2023-10-29 21:00:00,75.442,68.389,4.585,2.469,1.1031
7246,2023-10-29 22:00:00,73.654,66.866,4.412,2.376,1.1015
7247,2023-10-29 23:00:00,74.732,67.908,4.436,2.388,1.1005
7248,2023-10-30 00:00:00,75.781,68.885,4.483,2.414,1.1001
7249,2023-10-30 01:00:00,74.784,67.959,4.436,2.389,1.1004
7250,2023-10-30 02:00:00,74.682,67.806,4.469,2.407,1.1014
7251,2023-10-30 03:00:00,75.477,68.431,4.58,2.466,1.103
7252,2023-10-30 04:00:00,75.637,68.449,4.672,2.516,1.105
7253,2023-10-30 05:00:00,76.937,69.476,4.85,2.611,1.1074
7254,2023-10-30 06:00:00,77.776,70.071,5.008,2.697,1.11
7255,2023-10-30 07:00:00,78.141,70.239,5.137,2.766,1.1125
7256,2023-10-30 08:00:00,80.325,72.047,5.381,2.897,1.1149
7257,2023-10-30 09:00:00,79.005,70.734,5.377,2.895,1.1169
7258,2023-10-30 10:00:00,81.08,72.49,5.584,3.007,1.1185
7259,2023-10-30 11:00:00,79.439,70.962,5.511,2.967,1.1195
7260,2023-10-30 12:00:00,80.402,71.801,5.59,3.01,1.1198
7261,2023-10-30 13:00:00,81.179,72.519,5.629,3.031,1.1194
7262,2023-10-30 14:00:00,80.868,72.307,5.564,2.996,1.1184
7263,2023-10-30 15:00:00,79.228,70.943,5.385,2.9,1.1168
7264,2023-10-30 16:00:00,79.436,71.264,5.312,2.86,1.1147
7265,2023-10-30 17:00:00,78.688,70.748,5.161,2.779,1.1122
7266,2023-10-30 18:00:00,77.254,69.622,4.961,2.671,1.1096
7267,2023-10-30 19:00:00,77.466,69.978,4.867,2.621,1.107
7268,2023-10-30 20:00:00,77.793,70.429,4.787,2.578,1.1046
7269,2023-10-30 21:00:00,76.172,69.093,4.602,2.478,1.1025
7270,2023-10-30 22:00:00,75.827,68.881,4.515,2.431,1.1008
7271,2023-10-30 23:00:00,75.646,68.78,4.463,2.403,1.0998
7272,2023-10-31 00:00:00,73.913,67.227,4.346,2.34,1.0995
7273,2023-10-31 01:00:00,75.479,68.632,4.451,2.397,1.0998
7274,2023-10-31 02:00:00,74.6,67.773,4.438,2.39,1.1007
7275,2023-10-31 03:00:00,75.342,68.35,4.545,2.447,1.1023
7276,2023-10-31 04:00:00,78.009,70.638,4.791,2.58,1.1043
7277,2023-10-31 05:00:00,76.773,69.37,4.812,2.591,1.1067
7278,2023-10-31 06:00:00,77.075,69.482,4.936,2.658,1.1093
7279,2023-10-31 07:00:00,79.23,71.26,5.181,2.79,1.1118
7280,2023-10-31 08:00:00,78.232,70.212,5.213,2.807,1.1142
7281,2023-10-31 09:00:00,79.171,70.924,5.36,2.886,1.1163
7282,2023-10-31 10:00:00,80.92,72.39,5.545,2.986,1.1178
7283,2023-10-31 11:00:00,80.241,71.72,5.539,2.982,1.1188
7284,2023-10-31 12:00:00,79.074,70.657,5.471,2.946,1.1191
7285,2023-10-31 13:00:00,80.63,72.071,5.563,2.996,1.1188
7286,2023-10-31 14:00:00,79.625,71.238,5.451,2.935,1.1177
7287,2023-10-31 15:00:00,80.712,72.315,5.458,2.939,1.1161
7288,2023-10-31 16:00:00,78.483,70.451,5.221,2.811,1.114
7289,2023-10-31 17:00:00,79.131,71.189,5.163,2.78,1.1116
7290,2023-10-31 18:00:00,79.005,71.243,5.046,2.717,1.109
7291,2023-10-31 19:00:00,76.284,68.951,4.766,2.566,1.1063
7292,2023-10-31 20:00:00,76.158,68.99,4.659,2.509,1.1039
7293,2023-10-31 21:00:00,76.062,69.035,4.568,2.46,1.1018
7294,2023-10-31 22:00:00,74.685,67.884,4.421,2.38,1.1002
7295,2023-10-31 23:00:00,75.291,68.499,4.415,2.377,1.0992
7296,2023-11-01 00:00:00,74.819,68.093,4.372,2.354,1.0988
7297,2023-11-01 01:00:00,74.891,68.138,4.389,2.363,1.0991
7298,2023-11-01 02:00:00,75.376,68.519,4.457,2.4,1.1001
7299,2023-11-01 03:00:00,75.806,68.812,4.546,2.448,1.1016
7300,2023-11-01 04:00:00,76.419,69.24,4.666,2.513,1.1037
7301,2023-11-01 05:00:00,76.46,69.128,4.766,2.566,1.1061
7302,2023-11-01 06:00:00,77.173,69.611,4.915,2.647,1.1086
7303,2023-11-01 07:00:00,78.194,70.37,5.086,2.738,1.1112
7304,2023-11-01 08:00:00,78.889,70.844,5.23,2.816,1.1136
7305,2023-11-01 09:00:00,79.131,70.93,5.33,2.87,1.1156
7306,2023-11-01 10:00:00,80.149,71.742,5.464,2.942,1.1172
7307,2023-11-01 11:00:00,78.74,70.42,5.408,2.912,1.1181
7308,2023-11-01 12:00:00,79.678,71.239,5.485,2.954,1.1185
7309,2023-11-01 13:00:00,79.937,71.494,5.488,2.955,1.1181
7310,2023-11-01 14:00:00,79.218,70.916,5.396,2.906,1.1171
7311,2023-11-01 15:00:00,80.734,72.378,5.431,2.925,1.1154
7312,2023-11-01 16:00:00,78.923,70.888,5.223,2.812,1.1134
7313,2023-11-01 17:00:00,78.404,70.577,5.088,2.74,1.1109
7314,2023-11-01 18:00:00,77.206,69.662,4.904,2.64,1.1083
7315,2023-11-01 19:00:00,76.885,69.536,4.777,2.572,1.1057
7316,2023-11-01 20:00:00,75.323,68.274,4.582,2.467,1.1032
7317,2023-11-01 21:00:00,75.586,68.644,4.513,2.43,1.1011
7318,2023-11-01 22:00:00,74.579,67.829,4.388,2.363,1.0995
7319,2023-11-01 23:00:00,74.825,68.115,4.361,2.348,1.0985
7320,2023-11-02 00:00:00,72.98,66.458,4.239,2.283,1.0981
7321,2023-11-02 01:00:00,74.167,67.52,4.321,2.326,1.0984
7322,2023-11-02 02:00:00,76.42,69.509,4.492,2.419,1.0994
7323,2023-11-02 03:00:00,76.346,69.344,4.551,2.451,1.101
7324,2023-11-02 04:00:00,77.265,70.048,4.691,2.526,1.103
7325,2023-11-02 05:00:00,77.952,70.518,4.832,2.602,1.1054
7326,2023-11-02 06:00:00,78.08,70.471,4.946,2.663,1.108
7327,2023-11-02 07:00:00,77.888,70.136,5.039,2.713,1.1105
7328,2023-11-02 08:00:00,78.07,70.149,5.148,2.772,1.1129
7329,2023-11-02 09:00:00,80.322,72.04,5.383,2.899,1.115
7330,2023-11-02 10:00:00,79.899,71.561,5.42,2.918,1.1165
7331,2023-11-02 11:00:00,82.064,73.436,5.608,3.02,1.1175
7332,2023-11-02 12:00:00,79.917,71.494,5.474,2.948,1.1178
7333,2023-11-02 13:00:00,81.653,73.071,5.578,3.003,1.1174
7334,2023-11-02 14:00:00,79.718,71.406,5.403,2.909,1.1164
7335,2023-11-02 15:00:00,80.458,72.173,5.385,2.9,1.1148
7336,2023-11-02 16:00:00,80.184,72.063,5.279,2.842,1.1127
7337,2023-11-02 17:00:00,77.426,69.737,4.998,2.691,1.1103
7338,2023-11-02 18:00:00,77.159,69.661,4.874,2.624,1.1076
7339,2023-11-02 19:00:00,76.052,68.824,4.698,2.53,1.105
7340,2023-11-02 20:00:00,75.267,68.264,4.552,2.451,1.1026
7341,2023-11-02 21:00:00,76.186,69.23,4.522,2.435,1.1005
7342,2023-11-02 22:00:00,75.104,68.347,4.392,2.365,1.0989
7343,2023-11-02 23:00:00,75.034,68.346,4.347,2.341,1.0978
7344,2023-11-03 00:00:00,75.33,68.639,4.349,2.342,1.0975
7345,2023-11-03 01:00:00,73.562,67.009,4.259,2.293,1.0978
7346,2023-11-03 02:00:00,76.238,69.385,4.454,2.398,1.0988
7347,2023-11-03 03:00:00,75.392,68.518,4.468,2.406,1.1003
7348,2023-11-03 04:00:00,76.612,69.498,4.624,2.49,1.1024
7349,2023-11-03 05:00:00,77.312,69.982,4.765,2.566,1.1048
7350,2023-11-03 06:00:00,78.574,70.96,4.95,2.665,1.1073
7351,2023-11-03 07:00:00,78.112,70.38,5.026,2.706,1.1099
7352,2023-11-03 08:00:00,77.178,69.388,5.063,2.726,1.1123
7353,2023-11-03 09:00:00,79.425,71.277,5.296,2.851,1.1143
7354,2023-11-03 10:00:00,79.958,71.656,5.397,2.906,1.1159
7355,2023-11-03 11:00:00,79.258,70.966,5.389,2.902,1.1168
7356,2023-11-03 12:00:00,80.271,71.853,5.471,2.946,1.1171
7357,2023-11-03 13:00:00,79.78,71.438,5.423,2.92,1.1168
7358,2023-11-03 14:00:00,78.745,70.576,5.31,2.859,1.1158
7359,2023-11-03 15:00:00,79.892,71.707,5.32,2.865,1.1141
7360,2023-11-03 16:00:00,78.377,70.48,5.133,2.764,1.112
7361,2023-11-03 17:00:00,77.859,70.168,4.999,2.692,1.1096
7362,2023-11-03 18:00:00,77.131,69.676,4.845,2.609,1.107
7363,2023-11-03 19:00:00,77.761,70.412,4.777,2.572,1.1044
7364,2023-11-03 20:00:00,76.139,69.096,4.578,2.465,1.1019
7365,2023-11-03 21:00:00,75.688,68.818,4.466,2.405,1.0998
7366,2023-11-03 22:00:00,74.872,68.176,4.352,2.344,1.0982
7367,2023-11-03 23:00:00,75.304,68.634,4.336,2.335,1.0972
7368,2023-11-04 00:00:00,75.126,68.495,4.311,2.321,1.0968
7369,2023-11-04 01:00:00,74.675,68.063,4.297,2.314,1.0971
7370,2023-11-04 02:00:00,74.963,68.265,4.353,2.344,1.0981
7371,2023-11-04 03:00:00,75.313,68.487,4.437,2.389,1.0997
7372,2023-11-04 04:00:00,74.32,67.459,4.46,2.402,1.1017
7373,2023-11-04 05:00:00,75.337,68.234,4.617,2.486,1.1041
7374,2023-11-04 06:00:00,76.533,69.157,4.795,2.582,1.1067
7375,2023-11-04 07:00:00,76.808,69.245,4.916,2.647,1.1092
7376,2023-11-04 08:00:00,77.179,69.43,5.037,2.712,1.1116
7377,2023-11-04 09:00:00,77.095,69.227,5.114,2.754,1.1137
7378,2023-11-04 10:00:00,77.923,69.873,5.233,2.818,1.1152
7379,2023-11-04 11:00:00,79.038,70.811,5.348,2.88,1.1162
7380,2023-11-04 12:00:00,79.273,71.001,5.377,2.895,1.1165
7381,2023-11-04 13:00:00,78.615,70.435,5.317,2.863,1.1161
7382,2023-11-04 14:00:00,79.028,70.871,5.302,2.855,1.1151
7383,2023-11-04 15:00:00,78.205,70.234,5.181,2.79,1.1135
7384,2023-11-04 16:00:00,78.84,70.938,5.136,2.766,1.1114
7385,2023-11-04 17:00:00,77.227,69.64,4.932,2.656,1.109
7386,2023-11-04 18:00:00,77.208,69.787,4.824,2.597,1.1063
7387,2023-11-04 19:00:00,76.145,68.989,4.651,2.504,1.1037
7388,2023-11-04 20:00:00,74.274,67.444,4.44,2.391,1.1013
7389,2023-11-04 21:00:00,74.744,67.999,4.384,2.361,1.0992
7390,2023-11-04 22:00:00,73.449,66.92,4.244,2.285,1.0976
7391,2023-11-04 23:00:00,74.054,67.534,4.238,2.282,1.0965
7392,2023-11-05 00:00:00,73.475,67.028,4.19,2.256,1.0962
7393,2023-11-05 01:00:00,74.426,67.877,4.257,2.292,1.0965
7394,2023-11-05 02:00:00,73.36,66.845,4.235,2.28,1.0975
7395,2023-11-05 03:00:00,74.814,68.073,4.382,2.359,1.099
7396,2023-11-05 04:00:00,75.782,68.826,4.521,2.435,1.1011
7397,2023-11-05 05:00:00,76.671,69.482,4.672,2.516,1.1035
7398,2023-11-05 06:00:00,76.055,68.765,4.739,2.552,1.106
7399,2023-11-05 07:00:00,77.34,69.765,4.924,2.651,1.1086
7400,2023-11-05 08:00:00,78.105,70.304,5.071,2.73,1.111
7401,2023-11-05 09:00:00,79.714,71.62,5.261,2.833,1.113
7402,2023-11-05 10:00:00,77.773,69.779,5.196,2.798,1.1146
7403,2023-11-05 11:00:00,78.481,70.353,5.284,2.845,1.1155
7404,2023-11-05 12:00:00,81.472,73.013,5.498,2.961,1.1159
7405,2023-11-05 13:00:00,78.975,70.799,5.315,2.862,1.1155
7406,2023-11-05 14:00:00,77.446,69.492,5.17,2.784,1.1145
7407,2023-11-05 15:00:00,78.043,70.13,5.144,2.77,1.1128
7408,2023-11-05 16:00:00,75.794,68.237,4.912,2.645,1.1107
7409,2023-11-05 17:00:00,77.495,69.922,4.922,2.651,1.1083
7410,2023-11-05 18:00:00,77.251,69.867,4.8,2.585,1.1057
7411,2023-11-05 19:00:00,75.24,68.209,4.57,2.461,1.1031
7412,2023-11-05 20:00:00,74.949,68.095,4.454,2.399,1.1006
7413,2023-11-05 21:00:00,75.48,68.709,4.401,2.37,1.0985
7414,2023-11-05 22:00:00,73.011,66.559,4.193,2.258,1.0969
7415,2023-11-05 23:00:00,73.08,66.685,4.157,2.238,1.0959
7416,2023-11-06 00:00:00,74.595,68.09,4.228,2.277,1.0955
7417,2023-11-06 01:00:00,74.28,67.783,4.223,2.274,1.0958
7418,2023-11-06 02:00:00,74.889,68.279,4.297,2.314,1.0968
7419,2023-11-06 03:00:00,74.556,67.878,4.341,2.337,1.0984
7420,2023-11-06 04:00:00,76.232,69.275,4.522,2.435,1.1004
7421,2023-11-06 05:00:00,76.582,69.443,4.641,2.499,1.1028
7422,2023-11-06 06:00:00,77.801,70.384,4.821,2.596,1.1054
7423,2023-11-06 07:00:00,78.213,70.593,4.953,2.667,1.1079
7424,2023-11-06 08:00:00,78.854,71.02,5.093,2.742,1.1103
7425,2023-11-06 09:00:00,78.116,70.225,5.129,2.762,1.1124
7426,2023-11-06 10:00:00,80.047,71.86,5.321,2.865,1.1139
7427,2023-11-06 11:00:00,79.669,71.459,5.337,2.874,1.1149
7428,2023-11-06 12:00:00,79.886,71.633,5.364,2.889,1.1152
7429,2023-11-06 13:00:00,80.742,72.424,5.406,2.911,1.1148
7430,2023-11-06 14:00:00,79.094,71.012,5.254,2.829,1.1138
7431,2023-11-06 15:00:00,80.282,72.183,5.264,2.835,1.1122
7432,2023-11-06 16:00:00,79.801,71.886,5.145,2.77,1.1101
7433,2023-11-06 17:00:00,78.622,70.98,4.967,2.675,1.1077
7434,2023-11-06 18:00:00,76.595,69.314,4.733,2.549,1.1051
7435,2023-11-06 19:00:00,74.984,68.017,4.529,2.439,1.1024
7436,2023-11-06 20:00:00,76.868,69.88,4.542,2.446,1.1
7437,2023-11-06 21:00:00,75.58,68.841,4.381,2.359,1.0979
7438,2023-11-06 22:00:00,74.507,67.963,4.253,2.29,1.0963
7439,2023-11-06 23:00:00,75.716,69.131,4.28,2.305,1.0953
7440,2023-11-07 00:00:00,74.066,67.647,4.172,2.247,1.0949
7441,2023-11-07 01:00:00,74.488,68.013,4.209,2.266,1.0952
7442,2023-11-07 02:00:00,75.474,68.852,4.304,2.318,1.0962
7443,2023-11-07 03:00:00,74.628,67.983,4.319,2.326,1.0977
7444,2023-11-07 04:00:00,75.938,69.048,4.479,2.412,1.0998
7445,2023-11-07 05:00:00,77.493,70.309,4.669,2.514,1.1022
7446,2023-11-07 06:00:00,77.495,70.148,4.775,2.571,1.1047
7447,2023-11-07 07:00:00,78.979,71.326,4.974,2.679,1.1073
7448,2023-11-07 08:00:00,79.529,71.669,5.109,2.751,1.1097
7449,2023-11-07 09:00:00,79.202,71.243,5.174,2.786,1.1117
7450,2023-11-07 10:00:00,77.796,69.88,5.146,2.771,1.1133
7451,2023-11-07 11:00:00,79.019,70.916,5.267,2.836,1.1143
7452,2023-11-07 12:00:00,80.566,72.284,5.383,2.899,1.1146
7453,2023-11-07 13:00:00,78.669,70.605,5.241,2.822,1.1142
7454,2023-11-07 14:00:00,79.355,71.287,5.244,2.824,1.1132
7455,2023-11-07 15:00:00,79.448,71.474,5.183,2.791,1.1116
7456,2023-11-07 16:00:00,79.775,71.904,5.116,2.755,1.1095
7457,2023-11-07 17:00:00,77.548,70.05,4.873,2.624,1.107
7458,2023-11-07 18:00:00,76.812,69.55,4.72,2.542,1.1044
7459,2023-11-07 19:00:00,76.587,69.51,4.6,2.477,1.1018
7460,2023-11-07 20:00:00,76.263,69.371,4.48,2.412,1.0994
7461,2023-11-07 21:00:00,75.332,68.655,4.34,2.337,1.0973
7462,2023-11-07 22:00:00,75.84,69.219,4.303,2.317,1.0956
7463,2023-11-07 23:00:00,74.161,67.75,4.167,2.244,1.0946
7464,2023-11-08 00:00:00,74.775,68.334,4.187,2.254,1.0943
7465,2023-11-08 01:00:00,75.111,68.621,4.218,2.271,1.0946
7466,2023-11-08 02:00:00,74.721,68.204,4.236,2.281,1.0955
7467,2023-11-08 03:00:00,76.085,69.35,4.377,2.357,1.0971
7468,2023-11-08 04:00:00,76.093,69.229,4.462,2.402,1.0992
7469,2023-11-08 05:00:00,77.217,70.099,4.626,2.491,1.1015
7470,2023-11-08 06:00:00,77.437,70.136,4.746,2.555,1.1041
7471,2023-11-08 07:00:00,78.259,70.716,4.903,2.64,1.1067
7472,2023-11-08 08:00:00,78.113,70.432,4.992,2.688,1.109
7473,2023-11-08 09:00:00,78.661,70.796,5.112,2.753,1.1111
7474,2023-11-08 10:00:00,80.526,72.373,5.299,2.854,1.1127
7475,2023-11-08 11:00:00,80.332,72.135,5.328,2.869,1.1136
7476,2023-11-08 12:00:00,79.128,71.034,5.261,2.833,1.1139
7477,2023-11-08 13:00:00,79.973,71.817,5.302,2.855,1.1136
7478,2023-11-08 14:00:00,77.716,69.854,5.11,2.752,1.1125
7479,2023-11-08 15:00:00,78.694,70.836,5.108,2.75,1.1109
7480,2023-11-08 16:00:00,79.335,71.548,5.062,2.725,1.1088
7481,2023-11-08 17:00:00,77.852,70.365,4.866,2.62,1.1064
7482,2023-11-08 18:00:00,77.356,70.083,4.728,2.546,1.1038
7483,2023-11-08 19:00:00,74.258,67.436,4.435,2.388,1.1012
7484,2023-11-08 20:00:00,75.648,68.85,4.418,2.379,1.0987
7485,2023-11-08 21:00:00,75.667,68.999,4.334,2.334,1.0966
7486,2023-11-08 22:00:00,75.348,68.81,4.25,2.288,1.095
7487,2023-11-08 23:00:00,75.467,68.983,4.215,2.269,1.094
7488,2023-11-09 00:00:00,74.479,68.103,4.145,2.232,1.0936
7489,2023-11-09 01:00:00,74.6,68.194,4.164,2.242,1.0939
7490,2023-11-09 02:00:00,73.964,67.552,4.168,2.244,1.0949
7491,2023-11-09 03:00:00,75.24,68.619,4.303,2.317,1.0965
7492,2023-11-09 04:00:00,74.965,68.242,4.37,2.353,1.0985
7493,2023-11-09 05:00:00,75.141,68.254,4.477,2.411,1.1009
7494,2023-11-09 06:00:00,76.405,69.24,4.657,2.507,1.1035
7495,2023-11-09 07:00:00,79.091,71.509,4.928,2.654,1.106
7496,2023-11-09 08:00:00,78.349,70.686,4.981,2.682,1.1084
7497,2023-11-09 09:00:00,79.277,71.391,5.126,2.76,1.1105
7498,2023-11-09 10:00:00,79.127,71.156,5.181,2.79,1.112
7499,2023-11-09 11:00:00,78.396,70.437,5.173,2.786,1.113
7500,2023-11-09 12:00:00,80.61,72.405,5.333,2.872,1.1133
7501,2023-11-09 13:00:00,78.095,70.17,5.151,2.774,1.1129
7502,2023-11-09 14:00:00,79.088,71.127,5.174,2.786,1.1119
7503,2023-11-09 15:00:00,79.053,71.199,5.105,2.749,1.1103
7504,2023-11-09 16:00:00,78.723,71.036,4.996,2.69,1.1082
7505,2023-11-09 17:00:00,77.342,69.944,4.809,2.589,1.1058
7506,2023-11-09 18:00:00,75.802,68.713,4.607,2.481,1.1032
7507,2023-11-09 19:00:00,75.922,68.986,4.508,2.428,1.1005
7508,2023-11-09 20:00:00,75.331,68.601,4.375,2.356,1.0981
7509,2023-11-09 21:00:00,74.771,68.221,4.257,2.292,1.096
7510,2023-11-09 22:00:00,75.692,69.163,4.243,2.285,1.0944
7511,2023-11-09 23:00:00,73.759,67.46,4.094,2.204,1.0934
7512,2023-11-10 00:00:00,74.828,68.461,4.138,2.228,1.093
7513,2023-11-10 01:00:00,74.805,68.42,4.15,2.235,1.0933
7514,2023-11-10 02:00:00,75.677,69.157,4.238,2.282,1.0943
7515,2023-11-10 03:00:00,75.251,68.669,4.278,2.304,1.0959
7516,2023-11-10 04:00:00,76.5,69.679,4.434,2.387,1.0979
7517,2023-11-10 05:00:00,76.389,69.427,4.525,2.437,1.1003
7518,2023-11-10 06:00:00,77.534,70.304,4.7,2.531,1.1028
7519,2023-11-10 07:00:00,76.716,69.401,4.755,2.56,1.1054
7520,2023-11-10 08:00:00,76.469,69.028,4.836,2.604,1.1078
7521,2023-11-10 09:00:00,79.355,71.502,5.105,2.749,1.1098
7522,2023-11-10 10:00:00,79.818,71.817,5.2,2.8,1.1114
7523,2023-11-10 11:00:00,80.117,72.023,5.261,2.833,1.1124
7524,2023-11-10 12:00:00,79.427,71.383,5.229,2.815,1.1127
7525,2023-11-10 13:00:00,80.903,72.733,5.31,2.859,1.1123
7526,2023-11-10 14:00:00,79.117,71.194,5.15,2.773,1.1113
7527,2023-11-10 15:00:00,79.378,71.532,5.1,2.746,1.1097
7528,2023-11-10 16:00:00,78.961,71.291,4.985,2.684,1.1076
7529,2023-11-10 17:00:00,79.191,71.656,4.897,2.637,1.1051
7530,2023-11-10 18:00:00,76.933,69.778,4.651,2.504,1.1025
7531,2023-11-10 19:00:00,75.993,69.09,4.487,2.416,1.0999
7532,2023-11-10 20:00:00,74.713,68.076,4.314,2.323,1.0975
7533,2023-11-10 21:00:00,76.512,69.849,4.331,2.332,1.0954
7534,2023-11-10 22:00:00,75.229,68.779,4.192,2.257,1.0938
7535,2023-11-10 23:00:00,74.992,68.627,4.137,2.228,1.0927
7536,2023-11-11 00:00:00,76.173,69.732,4.187,2.255,1.0924
7537,2023-11-11 01:00:00,74.125,67.837,4.087,2.201,1.0927
7538,2023-11-11 02:00:00,73.137,66.873,4.071,2.192,1.0937
7539,2023-11-11 03:00:00,74.394,67.925,4.205,2.264,1.0952
7540,2023-11-11 04:00:00,74.332,67.743,4.283,2.306,1.0973
7541,2023-11-11 05:00:00,75.404,68.57,4.442,2.392,1.0997
7542,2023-11-11 06:00:00,76.074,69.018,4.586,2.469,1.1022
7543,2023-11-11 07:00:00,76.608,69.342,4.723,2.543,1.1048
7544,2023-11-11 08:00:00,76.616,69.2,4.821,2.596,1.1072
7545,2023-11-11 09:00:00,79.478,71.652,5.087,2.739,1.1092
7546,2023-11-11 10:00:00,78.893,71.025,5.114,2.754,1.1108
7547,2023-11-11 11:00:00,78.748,70.833,5.145,2.771,1.1118
7548,2023-11-11 12:00:00,79.602,71.58,5.214,2.808,1.1121
7549,2023-11-11 13:00:00,79.287,71.32,5.178,2.788,1.1117
7550,2023-11-11 14:00:00,78.868,71.009,5.108,2.751,1.1107
7551,2023-11-11 15:00:00,78.762,71.017,5.035,2.711,1.1091
7552,2023-11-11 16:00:00,77.785,70.269,4.886,2.631,1.107
7553,2023-11-11 17:00:00,77.562,70.222,4.771,2.569,1.1045
7554,2023-11-11 18:00:00,76.944,69.827,4.626,2.491,1.1019
7555,2023-11-11 19:00:00,75.809,68.961,4.451,2.397,1.0993
7556,2023-11-11 20:00:00,74.884,68.271,4.299,2.315,1.0969
7557,2023-11-11 21:00:00,75.686,69.134,4.259,2.293,1.0948
7558,2023-11-11 22:00:00,73.733,67.45,4.084,2.199,1.0932
7559,2023-11-11 23:00:00,74.138,67.884,4.065,2.189,1.0921
7560,2023-11-12 00:00:00,74.065,67.84,4.046,2.179,1.0918
7561,2023-11-12 01:00:00,73.369,67.183,4.021,2.165,1.0921
7562,2023-11-12 02:00:00,73.474,67.219,4.066,2.189,1.0931
7563,2023-11-12 03:00:00,74.231,67.815,4.171,2.246,1.0946
7564,2023-11-12 04:00:00,74.661,68.08,4.278,2.303,1.0967
7565,2023-11-12 05:00:00,74.544,67.826,4.367,2.351,1.099
7566,2023-11-12 06:00:00,75.839,68.844,4.547,2.448,1.1016
7567,2023-11-12 07:00:00,77.225,69.939,4.736,2.55,1.1042
7568,2023-11-12 08:00:00,78.633,71.061,4.922,2.65,1.1066
7569,2023-11-12 09:00:00,78.628,70.926,5.007,2.696,1.1086
7570,2023-11-12 10:00:00,76.597,68.996,4.941,2.66,1.1102
7571,2023-11-12 11:00:00,79.379,71.439,5.161,2.779,1.1111
7572,2023-11-12 12:00:00,78.535,70.659,5.119,2.756,1.1115
7573,2023-11-12 13:00:00,79.229,71.308,5.149,2.773,1.1111
7574,2023-11-12 14:00:00,78.599,70.806,5.066,2.728,1.1101
7575,2023-11-12 15:00:00,78.038,70.403,4.963,2.672,1.1085
7576,2023-11-12 16:00:00,77.559,70.103,4.846,2.61,1.1064
7577,2023-11-12 17:00:00,76.984,69.737,4.711,2.536,1.1039
7578,2023-11-12 18:00:00,77.357,70.241,4.625,2.491,1.1013
7579,2023-11-12 19:00:00,75.627,68.833,4.416,2.378,1.0987
7580,2023-11-12 20:00:00,75.844,69.185,4.329,2.331,1.0963
7581,2023-11-12 21:00:00,75.191,68.72,4.206,2.265,1.0942
7582,2023-11-12 22:00:00,74.568,68.251,4.106,2.211,1.0925
7583,2023-11-12 23:00:00,72.432,66.359,3.948,2.126,1.0915
7584,2023-11-13 00:00:00,75.324,69.032,4.09,2.202,1.0912
7585,2023-11-13 01:00:00,74.208,67.989,4.042,2.177,1.0915
7586,2023-11-13 02:00:00,75.363,68.985,4.145,2.232,1.0924
7587,2023-11-13 03:00:00,74.482,68.082,4.16,2.24,1.094
7588,2023-11-13 04:00:00,74.855,68.295,4.264,2.296,1.0961
7589,2023-11-13 05:00:00,77.913,70.931,4.539,2.444,1.0984
7590,2023-11-13 06:00:00,76.333,69.33,4.552,2.451,1.101
7591,2023-11-13 07:00:00,78.635,71.255,4.797,2.583,1.1036
7592,2023-11-13 08:00:00,78.476,70.958,4.887,2.631,1.106
7593,2023-11-13 09:00:00,78.605,70.943,4.98,2.682,1.108
7594,2023-11-13 10:00:00,79.316,71.484,5.091,2.741,1.1096
7595,2023-11-13 11:00:00,78.603,70.78,5.085,2.738,1.1105
7596,2023-11-13 12:00:00,79.693,71.74,5.169,2.783,1.1109
7597,2023-11-13 13:00:00,78.769,70.932,5.094,2.743,1.1105
7598,2023-11-13 14:00:00,79.037,71.239,5.069,2.729,1.1095
7599,2023-11-13 15:00:00,79.638,71.885,5.039,2.713,1.1078
7600,2023-11-13 16:00:00,78.567,71.053,4.884,2.63,1.1057
7601,2023-11-13 17:00:00,76.587,69.415,4.661,2.51,1.1033
7602,2023-11-13 18:00:00,77.705,70.596,4.621,2.488,1.1007
7603,2023-11-13 19:00:00,76.363,69.542,4.434,2.387,1.0981
7604,2023-11-13 20:00:00,75.321,68.745,4.274,2.301,1.0956
7605,2023-11-13 21:00:00,75.767,69.285,4.213,2.269,1.0936
7606,2023-11-13 22:00:00,74.653,68.367,4.086,2.2,1.0919
7607,2023-11-13 23:00:00,73.63,67.494,3.989,2.148,1.0909
7608,2023-11-14 00:00:00,75.841,69.543,4.093,2.204,1.0905
7609,2023-11-14 01:00:00,74.503,68.298,4.034,2.172,1.0909
7610,2023-11-14 02:00:00,74.712,68.427,4.085,2.2,1.0918
7611,2023-11-14 03:00:00,74.875,68.479,4.157,2.239,1.0934
7612,2023-11-14 04:00:00,76.628,69.951,4.34,2.337,1.0954
7613,2023-11-14 05:00:00,75.948,69.18,4.399,2.369,1.0978
7614,2023-11-14 06:00:00,75.838,68.919,4.498,2.422,1.1004
7615,2023-11-14 07:00:00,77.183,69.978,4.683,2.522,1.103
7616,2023-11-14 08:00:00,79.368,71.804,4.917,2.648,1.1053
7617,2023-11-14 09:00:00,79.533,71.82,5.014,2.7,1.1074
7618,2023-11-14 10:00:00,79.11,71.337,5.052,2.72,1.109
7619,2023-11-14 11:00:00,80.638,72.652,5.191,2.795,1.1099
7620,2023-11-14 12:00:00,80.242,72.274,5.179,2.789,1.1102
7621,2023-11-14 13:00:00,79.361,71.504,5.107,2.75,1.1099
7622,2023-11-14 14:00:00,79.172,71.399,5.052,2.72,1.1089
7623,2023-11-14 15:00:00,79.133,71.468,4.982,2.683,1.1072
7624,2023-11-14 16:00:00,77.684,70.293,4.804,2.587,1.1051
7625,2023-11-14 17:00:00,77.693,70.456,4.704,2.533,1.1027
7626,2023-11-14 18:00:00,77.245,70.216,4.569,2.46,1.1001
7627,2023-11-14 19:00:00,75.031,68.366,4.332,2.333,1.0975
7628,2023-11-14 20:00:00,75.55,68.992,4.263,2.295,1.095
7629,2023-11-14 21:00:00,74.922,68.55,4.142,2.23,1.093
7630,2023-11-14 22:00:00,75.525,69.204,4.109,2.212,1.0913
7631,2023-11-14 23:00:00,73.071,67.018,3.934,2.118,1.0903
7632,2023-11-15 00:00:00,74.098,67.983,3.975,2.14,1.09
7633,2023-11-15 01:00:00,74.108,67.972,3.988,2.147,1.0903
7634,2023-11-15 02:00:00,75.466,69.157,4.101,2.208,1.0912
7635,2023-11-15 03:00:00,75.111,68.732,4.146,2.233,1.0928
7636,2023-11-15 04:00:00,77.058,70.382,4.339,2.337,1.0949
7637,2023-11-15 05:00:00,76.818,70.011,4.425,2.383,1.0972
7638,2023-11-15 06:00:00,76.67,69.713,4.522,2.435,1.0998
7639,2023-11-15 07:00:00,77.85,70.621,4.699,2.53,1.1024
7640,2023-11-15 08:00:00,78.025,70.627,4.809,2.589,1.1048
7641,2023-11-15 09:00:00,79.511,71.839,4.987,2.685,1.1068
7642,2023-11-15 10:00:00,78.232,70.583,4.972,2.677,1.1084
7643,2023-11-15 11:00:00,78.889,71.114,5.054,2.721,1.1093
7644,2023-11-15 12:00:00,79.972,72.069,5.137,2.766,1.1097
7645,2023-11-15 13:00:00,80.477,72.548,5.154,2.775,1.1093
7646,2023-11-15 14:00:00,77.55,69.974,4.924,2.651,1.1083
7647,2023-11-15 15:00:00,79.9,72.2,5.005,2.695,1.1067
7648,2023-11-15 16:00:00,78.177,70.777,4.81,2.59,1.1046
7649,2023-11-15 17:00:00,76.194,69.134,4.589,2.471,1.1021
7650,2023-11-15 18:00:00,74.655,67.899,4.392,2.365,1.0995
7651,2023-11-15 19:00:00,75.111,68.476,4.313,2.322,1.0969
7652,2023-11-15 20:00:00,75.639,69.111,4.243,2.285,1.0945
7653,2023-11-15 21:00:00,75.063,68.716,4.125,2.221,1.0924
7654,2023-11-15 22:00:00,75.183,68.928,4.066,2.189,1.0907
7655,2023-11-15 23:00:00,74.019,67.925,3.961,2.133,1.0897
7656,2023-11-16 00:00:00,73.504,67.474,3.919,2.11,1.0894
7657,2023-11-16 01:00:00,74.12,68.02,3.965,2.135,1.0897
7658,2023-11-16 02:00:00,74.718,68.508,4.037,2.174,1.0906
7659,2023-11-16 03:00:00,75.28,68.924,4.131,2.224,1.0922
7660,2023-11-16 04:00:00,75.036,68.573,4.201,2.262,1.0943
7661,2023-11-16 05:00:00,76.961,70.178,4.409,2.374,1.0966
7662,2023-11-16 06:00:00,76.467,69.565,4.486,2.416,1.0992
7663,2023-11-16 07:00:00,76.952,69.844,4.62,2.488,1.1018
7664,2023-11-16 08:00:00,77.838,70.495,4.773,2.57,1.1042
7665,2023-11-16 09:00:00,79.636,71.99,4.97,2.676,1.1062
7666,2023-11-16 10:00:00,79.12,71.423,5.003,2.694,1.1078
7667,2023-11-16 11:00:00,78.947,71.204,5.033,2.71,1.1087
7668,2023-11-16 12:00:00,80.294,72.398,5.132,2.764,1.1091
7669,2023-11-16 13:00:00,81.146,73.19,5.171,2.784,1.1087
7670,2023-11-16 14:00:00,79.379,71.662,5.016,2.701,1.1077
7671,2023-11-16 15:00:00,79.748,72.101,4.971,2.676,1.1061
7672,2023-11-16 16:00:00,79.044,71.6,4.839,2.605,1.104
7673,2023-11-16 17:00:00,77.139,70.029,4.622,2.489,1.1015
7674,2023-11-16 18:00:00,76.945,70.019,4.502,2.424,1.0989
7675,2023-11-16 19:00:00,75.261,68.649,4.297,2.314,1.0963
7676,2023-11-16 20:00:00,75.457,68.982,4.209,2.266,1.0939
7677,2023-11-16 21:00:00,74.595,68.324,4.076,2.195,1.0918
7678,2023-11-16 22:00:00,74.352,68.202,3.997,2.152,1.0902
7679,2023-11-16 23:00:00,73.827,67.785,3.927,2.115,1.0891
7680,2023-11-17 00:00:00,74.09,68.049,3.926,2.114,1.0888
7681,2023-11-17 01:00:00,74.801,68.682,3.977,2.142,1.0891
7682,2023-11-17 02:00:00,74.561,68.401,4.004,2.156,1.0901
7683,2023-11-17 03:00:00,73.638,67.458,4.018,2.163,1.0916
7684,2023-11-17 04:00:00,75.029,68.603,4.177,2.249,1.0937
7685,2023-11-17 05:00:00,75.062,68.483,4.276,2.303,1.0961
7686,2023-11-17 06:00:00,77.091,70.171,4.498,2.422,1.0986
7687,2023-11-17 07:00:00,77.97,70.805,4.657,2.508,1.1012
7688,2023-11-17 08:00:00,78.414,71.055,4.784,2.576,1.1036
7689,2023-11-17 09:00:00,78.152,70.686,4.853,2.613,1.1056
7690,2023-11-17 10:00:00,79.373,71.688,4.995,2.689,1.1072
7691,2023-11-17 11:00:00,79.08,71.361,5.017,2.702,1.1082
7692,2023-11-17 12:00:00,78.65,70.953,5.003,2.694,1.1085
7693,2023-11-17 13:00:00,80.017,72.21,5.075,2.732,1.1081
7694,2023-11-17 14:00:00,79.808,72.088,5.018,2.702,1.1071
7695,2023-11-17 15:00:00,79.486,71.902,4.93,2.654,1.1055
7696,2023-11-17 16:00:00,77.732,70.449,4.734,2.549,1.1034
7697,2023-11-17 17:00:00,78.474,71.278,4.677,2.518,1.1009
7698,2023-11-17 18:00:00,76.504,69.654,4.452,2.397,1.0983
7699,2023-11-17 19:00:00,76.706,70.005,4.356,2.345,1.0957
7700,2023-11-17 20:00:00,75.182,68.767,4.17,2.245,1.0933
7701,2023-11-17 21:00:00,74.862,68.606,4.067,2.19,1.0912
7702,2023-11-17 22:00:00,72.773,66.79,3.889,2.094,1.0896
7703,2023-11-17 23:00:00,74.129,68.098,3.92,2.111,1.0886
7704,2023-11-18 00:00:00,73.577,67.614,3.876,2.087,1.0882
7705,2023-11-18 01:00:00,73.281,67.323,3.873,2.085,1.0885
7706,2023-11-18 02:00:00,75.189,69.014,4.014,2.161,1.0895
7707,2023-11-18 03:00:00,73.372,67.249,3.98,2.143,1.091
7708,2023-11-18 04:00:00,74.364,68.03,4.117,2.217,1.0931
7709,2023-11-18 05:00:00,74.727,68.214,4.234,2.28,1.0955
7710,2023-11-18 06:00:00,75.661,68.905,4.391,2.365,1.098
7711,2023-11-18 07:00:00,77.565,70.475,4.609,2.482,1.1006
7712,2023-11-18 08:00:00,78.544,71.21,4.767,2.567,1.103
7713,2023-11-18 09:00:00,77.405,70.047,4.783,2.575,1.105
7714,2023-11-18 10:00:00,77.805,70.309,4.872,2.624,1.1066
7715,2023-11-18 11:00:00,77.731,70.18,4.908,2.643,1.1076
7716,2023-11-18 12:00:00,79.73,71.964,5.047,2.718,1.1079
7717,2023-11-18 13:00:00,79.494,71.775,5.017,2.701,1.1075
7718,2023-11-18 14:00:00,78.276,70.741,4.898,2.637,1.1065
7719,2023-11-18 15:00:00,76.857,69.56,4.743,2.554,1.1049
7720,2023-11-18 16:00:00,76.381,69.26,4.628,2.492,1.1028
7721,2023-11-18 17:00:00,76.886,69.872,4.559,2.455,1.1004
7722,2023-11-18 18:00:00,76.497,69.685,4.428,2.384,1.0978
7723,2023-11-18 19:00:00,73.814,67.401,4.168,2.245,1.0951
7724,2023-11-18 20:00:00,74.523,68.2,4.11,2.213,1.0927
7725,2023-11-18 21:00:00,75.466,69.195,4.076,2.195,1.0906
7726,2023-11-18 22:00:00,73.652,67.632,3.913,2.107,1.089
7727,2023-11-18 23:00:00,74.692,68.652,3.926,2.114,1.088
7728,2023-11-19 00:00:00,73.963,68.004,3.873,2.085,1.0876
7729,2023-11-19 01:00:00,72.729,66.851,3.821,2.057,1.0879
7730,2023-11-19 02:00:00,73.588,67.58,3.905,2.103,1.0889
7731,2023-11-19 03:00:00,74.122,67.972,3.997,2.152,1.0905
7732,2023-11-19 04:00:00,74.027,67.758,4.075,2.194,1.0925
7733,2023-11-19 05:00:00,74.638,68.168,4.205,2.264,1.0949
7734,2023-11-19 06:00:00,77.212,70.355,4.458,2.4,1.0975
7735,2023-11-19 07:00:00,75.978,69.069,4.491,2.418,1.1
7736,2023-11-19 08:00:00,78.195,70.93,4.722,2.543,1.1024
7737,2023-11-19 09:00:00,77.569,70.232,4.769,2.568,1.1045
7738,2023-11-19 10:00:00,78.305,70.798,4.88,2.628,1.106
7739,2023-11-19 11:00:00,79.023,71.384,4.965,2.674,1.107
7740,2023-11-19 12:00:00,78.212,70.631,4.928,2.653,1.1073
7741,2023-11-19 13:00:00,79.024,71.388,4.964,2.673,1.107
7742,2023-11-19 14:00:00,76.734,69.383,4.778,2.573,1.1059
7743,2023-11-19 15:00:00,78.237,70.845,4.804,2.587,1.1043
7744,2023-11-19 16:00:00,75.445,68.447,4.549,2.449,1.1022
7745,2023-11-19 17:00:00,76.54,69.594,4.515,2.431,1.0998
7746,2023-11-19 18:00:00,76.691,69.898,4.416,2.378,1.0972
7747,2023-11-19 19:00:00,75.835,69.283,4.259,2.293,1.0946
7748,2023-11-19 20:00:00,73.737,67.516,4.044,2.177,1.0921
7749,2023-11-19 21:00:00,73.299,67.244,3.936,2.119,1.09
7750,2023-11-19 22:00:00,73.254,67.302,3.869,2.083,1.0884
7751,2023-11-19 23:00:00,73.661,67.74,3.849,2.072,1.0874
7752,2023-11-20 00:00:00,72.645,66.828,3.781,2.036,1.087
7753,2023-11-20 01:00:00,74.268,68.3,3.879,2.089,1.0874
7754,2023-11-20 02:00:00,74.772,68.702,3.945,2.124,1.0883
7755,2023-11-20 03:00:00,74.729,68.564,4.007,2.158,1.0899
7756,2023-11-20 04:00:00,75.883,69.493,4.154,2.237,1.092
7757,2023-11-20 05:00:00,76.28,69.704,4.274,2.302,1.0943
7758,2023-11-20 06:00:00,76.368,69.621,4.385,2.361,1.0969
7759,2023-11-20 07:00:00,75.971,69.098,4.468,2.406,1.0995
7760,2023-11-20 08:00:00,78.197,70.968,4.699,2.53,1.1019
7761,2023-11-20 09:00:00,77.903,70.57,4.766,2.567,1.1039
7762,2023-11-20 10:00:00,78.611,71.111,4.875,2.625,1.1055
7763,2023-11-20 11:00:00,79.693,72.026,4.984,2.684,1.1065
7764,2023-11-20 12:00:00,80.509,72.742,5.048,2.718,1.1068
7765,2023-11-20 13:00:00,79.289,71.664,4.956,2.669,1.1064
7766,2023-11-20 14:00:00,79.481,71.903,4.925,2.652,1.1054
7767,2023-11-20 15:00:00,77.514,70.226,4.737,2.551,1.1038
7768,2023-11-20 16:00:00,78.271,71.047,4.695,2.528,1.1017
7769,2023-11-20 17:00:00,77.399,70.411,4.542,2.446,1.0992
7770,2023-11-20 18:00:00,77.708,70.86,4.451,2.396,1.0966
7771,2023-11-20 19:00:00,75.672,69.169,4.227,2.276,1.094
7772,2023-11-20 20:00:00,75.271,68.956,4.105,2.21,1.0916
7773,2023-11-20 21:00:00,75.723,69.504,4.043,2.177,1.0895
7774,2023-11-20 22:00:00,74.432,68.42,3.908,2.104,1.0879
7775,2023-11-20 23:00:00,73.399,67.533,3.813,2.053,1.0869
7776,2023-11-21 00:00:00,76.093,70.036,3.937,2.12,1.0865
7777,2023-11-21 01:00:00,73.419,67.555,3.812,2.052,1.0868
7778,2023-11-21 02:00:00,74.447,68.439,3.905,2.103,1.0878
7779,2023-11-21 03:00:00,75.171,69.005,4.008,2.158,1.0893
7780,2023-11-21 04:00:00,75.647,69.312,4.118,2.217,1.0914
7781,2023-11-21 05:00:00,75.924,69.414,4.231,2.278,1.0938
7782,2023-11-21 06:00:00,76.603,69.871,4.376,2.356,1.0963
7783,2023-11-21 07:00:00,77.241,70.288,4.519,2.433,1.0989
7784,2023-11-21 08:00:00,77.195,70.094,4.615,2.485,1.1013
7785,2023-11-21 09:00:00,80.261,72.743,4.887,2.631,1.1034
7786,2023-11-21 10:00:00,78.849,71.362,4.867,2.62,1.1049
7787,2023-11-21 11:00:00,79.744,72.108,4.963,2.673,1.1059
7788,2023-11-21 12:00:00,79.111,71.516,4.937,2.659,1.1062
7789,2023-11-21 13:00:00,79.004,71.442,4.915,2.647,1.1058
7790,2023-11-21 14:00:00,78.66,71.197,4.851,2.612,1.1048
7791,2023-11-21 15:00:00,77.393,70.153,4.706,2.534,1.1032
7792,2023-11-21 16:00:00,77.918,70.763,4.651,2.504,1.1011
7793,2023-11-21 17:00:00,77.092,70.168,4.501,2.424,1.0987
7794,2023-11-21 18:00:00,77.624,70.82,4.423,2.381,1.0961
7795,2023-11-21 19:00:00,75.131,68.709,4.174,2.248,1.0935
7796,2023-11-21 20:00:00,74.976,68.721,4.066,2.189,1.091
7797,2023-11-21 21:00:00,74.193,68.134,3.939,2.121,1.0889
7798,2023-11-21 22:00:00,75.563,69.494,3.944,2.124,1.0873
7799,2023-11-21 23:00:00,73.544,67.701,3.798,2.045,1.0863
7800,2023-11-22 00:00:00,74.543,68.644,3.834,2.065,1.0859
7801,2023-11-22 01:00:00,74.939,68.989,3.868,2.083,1.0863
7802,2023-11-22 02:00:00,74.347,68.382,3.877,2.088,1.0872
7803,2023-11-22 03:00:00,73.819,67.799,3.913,2.107,1.0888
7804,2023-11-22 04:00:00,74.363,68.17,4.025,2.167,1.0908
7805,2023-11-22 05:00:00,76.689,70.149,4.251,2.289,1.0932
7806,2023-11-22 06:00:00,75.739,69.118,4.304,2.317,1.0958
7807,2023-11-22 07:00:00,77.684,70.727,4.522,2.435,1.0984
7808,2023-11-22 08:00:00,78.104,70.955,4.647,2.502,1.1008
7809,2023-11-22 09:00:00,78.852,71.501,4.778,2.573,1.1028
7810,2023-11-22 10:00:00,79.344,71.846,4.874,2.624,1.1044
7811,2023-11-22 11:00:00,78.52,71.037,4.864,2.619,1.1053
7812,2023-11-22 12:00:00,78.576,71.067,4.881,2.628,1.1057
7813,2023-11-22 13:00:00,79.792,72.191,4.941,2.661,1.1053
7814,2023-11-22 14:00:00,78.486,71.075,4.817,2.594,1.1043
7815,2023-11-22 15:00:00,76.428,69.312,4.625,2.491,1.1027
7816,2023-11-22 16:00:00,78.503,71.329,4.663,2.511,1.1006
7817,2023-11-22 17:00:00,76.57,69.728,4.448,2.395,1.0981
7818,2023-11-22 18:00:00,77.045,70.327,4.367,2.351,1.0955
7819,2023-11-22 19:00:00,77.075,70.522,4.259,2.293,1.0929
7820,2023-11-22 20:00:00,75.392,69.137,4.066,2.189,1.0905
7821,2023-11-22 21:00:00,75.599,69.46,3.99,2.149,1.0884
7822,2023-11-22 22:00:00,74.544,68.592,3.869,2.083,1.0868
7823,2023-11-22 23:00:00,75.374,69.421,3.869,2.084,1.0858
7824,2023-11-23 00:00:00,73.271,67.507,3.747,2.018,1.0854
7825,2023-11-23 01:00:00,74.158,68.304,3.805,2.049,1.0857
7826,2023-11-23 02:00:00,74.933,68.956,3.885,2.092,1.0867
7827,2023-11-23 03:00:00,74.686,68.629,3.937,2.12,1.0882
7828,2023-11-23 04:00:00,76.246,69.932,4.105,2.21,1.0903
7829,2023-11-23 05:00:00,75.663,69.245,4.172,2.246,1.0927
7830,2023-11-23 06:00:00,78.254,71.449,4.424,2.382,1.0953
7831,2023-11-23 07:00:00,78.975,71.938,4.574,2.463,1.0978
7832,2023-11-23 08:00:00,78.194,71.072,4.629,2.493,1.1002
7833,2023-11-23 09:00:00,78.948,71.624,4.761,2.563,1.1023
7834,2023-11-23 10:00:00,79.861,72.35,4.883,2.629,1.1038
7835,2023-11-23 11:00:00,78.285,70.859,4.827,2.599,1.1048
7836,2023-11-23 12:00:00,78.277,70.832,4.84,2.606,1.1051
7837,2023-11-23 13:00:00,80.172,72.57,4.941,2.661,1.1048
7838,2023-11-23 14:00:00,79.146,71.707,4.835,2.603,1.1037
7839,2023-11-23 15:00:00,78.338,71.079,4.718,2.541,1.1021
7840,2023-11-23 16:00:00,77.973,70.883,4.609,2.482,1.1
7841,2023-11-23 17:00:00,75.495,68.783,4.363,2.349,1.0976
7842,2023-11-23 18:00:00,76.503,69.867,4.314,2.323,1.095
7843,2023-11-23 19:00:00,75.396,69.02,4.144,2.231,1.0924
7844,2023-11-23 20:00:00,76.042,69.768,4.079,2.196,1.0899
7845,2023-11-23 21:00:00,75.561,69.459,3.966,2.136,1.0878
7846,2023-11-23 22:00:00,74.829,68.888,3.861,2.079,1.0862
7847,2023-11-23 23:00:00,74.431,68.586,3.799,2.046,1.0852
7848,2023-11-24 00:00:00,72.904,67.202,3.706,1.996,1.0848
7849,2023-11-24 01:00:00,74.576,68.723,3.804,2.049,1.0852
7850,2023-11-24 02:00:00,74.863,68.925,3.859,2.078,1.0861
7851,2023-11-24 03:00:00,75.742,69.634,3.97,2.138,1.0877
7852,2023-11-24 04:00:00,76.946,70.608,4.12,2.218,1.0898
7853,2023-11-24 05:00:00,74.662,68.362,4.095,2.205,1.0921
7854,2023-11-24 06:00:00,76.332,69.728,4.293,2.312,1.0947
7855,2023-11-24 07:00:00,76.737,69.933,4.422,2.381,1.0973
7856,2023-11-24 08:00:00,78.072,70.996,4.6,2.477,1.0997
7857,2023-11-24 09:00:00,78.494,71.247,4.711,2.537,1.1017
7858,2023-11-24 10:00:00,78.721,71.352,4.79,2.579,1.1033
7859,2023-11-24 11:00:00,79.959,72.41,4.907,2.642,1.1043
7860,2023-11-24 12:00:00,78.402,70.979,4.825,2.598,1.1046
7861,2023-11-24 13:00:00,78.357,70.962,4.807,2.588,1.1042
7862,2023-11-24 14:00:00,78.105,70.799,4.749,2.557,1.1032
7863,2023-11-24 15:00:00,78.196,70.985,4.687,2.524,1.1016
7864,2023-11-24 16:00:00,76.981,70.015,4.528,2.438,1.0995
7865,2023-11-24 17:00:00,77.254,70.419,4.443,2.392,1.0971
7866,2023-11-24 18:00:00,76.485,69.884,4.29,2.31,1.0945
7867,2023-11-24 19:00:00,75.333,68.997,4.119,2.218,1.0918
7868,2023-11-24 20:00:00,75.972,69.737,4.053,2.182,1.0894
7869,2023-11-24 21:00:00,74.721,68.721,3.9,2.1,1.0873
7870,2023-11-24 22:00:00,75.161,69.228,3.856,2.077,1.0857
7871,2023-11-24 23:00:00,73.946,68.173,3.752,2.021,1.0847
7872,2023-11-25 00:00:00,73.227,67.533,3.701,1.993,1.0843
7873,2023-11-25 01:00:00,72.905,67.216,3.698,1.991,1.0846
7874,2023-11-25 02:00:00,73.582,67.78,3.772,2.031,1.0856
7875,2023-11-25 03:00:00,74.538,68.561,3.885,2.092,1.0872
7876,2023-11-25 04:00:00,74.217,68.137,3.952,2.128,1.0892
7877,2023-11-25 05:00:00,75.551,69.21,4.122,2.219,1.0916
7878,2023-11-25 06:00:00,75.205,68.731,4.208,2.266,1.0942
7879,2023-11-25 07:00:00,77.084,70.284,4.42,2.38,1.0968
7880,2023-11-25 08:00:00,76.686,69.769,4.496,2.421,1.0991
7881,2023-11-25 09:00:00,78.332,71.134,4.679,2.519,1.1012
7882,2023-11-25 10:00:00,78.14,70.858,4.733,2.548,1.1028
7883,2023-11-25 11:00:00,79.53,72.055,4.859,2.616,1.1037
7884,2023-11-25 12:00:00,77.551,70.242,4.751,2.558,1.1041
7885,2023-11-25 13:00:00,77.211,69.957,4.715,2.539,1.1037
7886,2023-11-25 14:00:00,77.611,70.384,4.697,2.529,1.1027
7887,2023-11-25 15:00:00,76.599,69.568,4.57,2.461,1.1011
7888,2023-11-25 16:00:00,76.056,69.207,4.452,2.397,1.099
7889,2023-11-25 17:00:00,76.964,70.188,4.404,2.371,1.0965
7890,2023-11-25 18:00:00,75.806,69.297,4.231,2.278,1.0939
7891,2023-11-25 19:00:00,74.767,68.511,4.066,2.19,1.0913
7892,2023-11-25 20:00:00,74.212,68.154,3.937,2.12,1.0889
7893,2023-11-25 21:00:00,73.515,67.644,3.816,2.055,1.0868
7894,2023-11-25 22:00:00,74.812,68.94,3.817,2.055,1.0852
7895,2023-11-25 23:00:00,72.741,67.095,3.67,1.976,1.0842
7896,2023-11-26 00:00:00,72.207,66.625,3.629,1.954,1.0838
7897,2023-11-26 01:00:00,73.901,68.167,3.727,2.007,1.0841
7898,2023-11-26 02:00:00,73.388,67.633,3.741,2.014,1.0851
7899,2023-11-26 03:00:00,75.512,69.49,3.914,2.108,1.0867
7900,2023-11-26 04:00:00,74.094,68.057,3.924,2.113,1.0887
7901,2023-11-26 05:00:00,75.765,69.439,4.112,2.214,1.0911
7902,2023-11-26 06:00:00,76.619,70.058,4.265,2.297,1.0937
7903,2023-11-26 07:00:00,76.065,69.388,4.34,2.337,1.0962
7904,2023-11-26 08:00:00,76.524,69.655,4.465,2.404,1.0986
7905,2023-11-26 09:00:00,78.21,71.056,4.65,2.504,1.1007
7906,2023-11-26 10:00:00,78.499,71.218,4.733,2.548,1.1022
7907,2023-11-26 11:00:00,77.228,70.003,4.696,2.529,1.1032
7908,2023-11-26 12:00:00,77.534,70.26,4.728,2.546,1.1035
7909,2023-11-26 13:00:00,76.356,69.215,4.642,2.499,1.1032
7910,2023-11-26 14:00:00,78.509,71.232,4.73,2.547,1.1022
7911,2023-11-26 15:00:00,77.428,70.354,4.598,2.476,1.1005
7912,2023-11-26 16:00:00,76.959,70.061,4.483,2.414,1.0984
7913,2023-11-26 17:00:00,75.153,68.569,4.279,2.304,1.096
7914,2023-11-26 18:00:00,74.933,68.531,4.161,2.24,1.0934
7915,2023-11-26 19:00:00,74.733,68.512,4.043,2.177,1.0908
7916,2023-11-26 20:00:00,73.959,67.954,3.903,2.102,1.0884
7917,2023-11-26 21:00:00,74.024,68.145,3.821,2.058,1.0863
7918,2023-11-26 22:00:00,73.966,68.193,3.753,2.021,1.0847
7919,2023-11-26 23:00:00,74.986,69.198,3.762,2.026,1.0836
7920,2023-11-27 00:00:00,73.919,68.236,3.694,1.989,1.0833
7921,2023-11-27 01:00:00,74.866,69.09,3.754,2.022,1.0836
7922,2023-11-27 02:00:00,73.646,67.903,3.733,2.01,1.0846
7923,2023-11-27 03:00:00,73.412,67.59,3.785,2.038,1.0861
7924,2023-11-27 04:00:00,74.953,68.878,3.948,2.126,1.0882
7925,2023-11-27 05:00:00,74.627,68.429,4.029,2.169,1.0906
7926,2023-11-27 06:00:00,76.532,70.01,4.239,2.283,1.0931
7927,2023-11-27 07:00:00,76.598,69.907,4.349,2.342,1.0957
7928,2023-11-27 08:00:00,76.326,69.507,4.432,2.387,1.0981
7929,2023-11-27 09:00:00,79.709,72.453,4.717,2.54,1.1002
7930,2023-11-27 10:00:00,78.376,71.139,4.704,2.533,1.1017
7931,2023-11-27 11:00:00,77.789,70.544,4.709,2.536,1.1027
7932,2023-11-27 12:00:00,79.835,72.379,4.847,2.61,1.103
7933,2023-11-27 13:00:00,78.488,71.18,4.75,2.558,1.1027
7934,2023-11-27 14:00:00,79.625,72.279,4.775,2.571,1.1016
7935,2023-11-27 15:00:00,77.799,70.724,4.598,2.476,1.1
7936,2023-11-27 16:00:00,77.401,70.496,4.488,2.416,1.0979
7937,2023-11-27 17:00:00,77.446,70.694,4.389,2.363,1.0955
7938,2023-11-27 18:00:00,76.957,70.415,4.252,2.289,1.0929
7939,2023-11-27 19:00:00,76.413,70.085,4.113,2.215,1.0903
7940,2023-11-27 20:00:00,75.13,69.062,3.944,2.124,1.0879
7941,2023-11-27 21:00:00,75.061,69.133,3.854,2.075,1.0858
7942,2023-11-27 22:00:00,74.813,69.006,3.775,2.032,1.0842
7943,2023-11-27 23:00:00,74.14,68.45,3.699,1.992,1.0831
7944,2023-11-28 00:00:00,73.791,68.15,3.666,1.974,1.0828
7945,2023-11-28 01:00:00,72.89,67.298,3.635,1.957,1.0831
7946,2023-11-28 02:00:00,74.696,68.904,3.765,2.027,1.0841
7947,2023-11-28 03:00:00,74.683,68.792,3.829,2.062,1.0856
7948,2023-11-28 04:00:00,74.871,68.835,3.923,2.113,1.0877
7949,2023-11-28 05:00:00,76.787,70.442,4.124,2.221,1.0901
7950,2023-11-28 06:00:00,75.393,69.001,4.155,2.237,1.0926
7951,2023-11-28 07:00:00,78.421,71.604,4.431,2.386,1.0952
7952,2023-11-28 08:00:00,77.775,70.859,4.495,2.421,1.0976
7953,2023-11-28 09:00:00,78.581,71.46,4.629,2.492,1.0997
7954,2023-11-28 10:00:00,78.45,71.239,4.687,2.524,1.1012
7955,2023-11-28 11:00:00,77.731,70.523,4.685,2.523,1.1022
7956,2023-11-28 12:00:00,78.998,71.652,4.775,2.571,1.1025
7957,2023-11-28 13:00:00,79.272,71.925,4.776,2.572,1.1022
7958,2023-11-28 14:00:00,79.27,71.989,4.732,2.548,1.1011
7959,2023-11-28 15:00:00,78.175,71.099,4.6,2.477,1.0995
7960,2023-11-28 16:00:00,76.096,69.34,4.391,2.365,1.0974
7961,2023-11-28 17:00:00,75.964,69.374,4.284,2.307,1.095
7962,2023-11-28 18:00:00,78.037,71.436,4.29,2.31,1.0924
7963,2023-11-28 19:00:00,74.958,68.782,4.014,2.161,1.0898
7964,2023-11-28 20:00:00,76.249,70.124,3.982,2.144,1.0874
7965,2023-11-28 21:00:00,73.916,68.109,3.775,2.032,1.0853
7966,2023-11-28 22:00:00,74.075,68.357,3.717,2.001,1.0836
7967,2023-11-28 23:00:00,74.428,68.747,3.692,1.988,1.0826
7968,2023-11-29 00:00:00,73.243,67.676,3.619,1.949,1.0823
7969,2023-11-29 01:00:00,75.158,69.424,3.727,2.007,1.0826
7970,2023-11-29 02:00:00,74.265,68.537,3.723,2.005,1.0836
7971,2023-11-29 03:00:00,74.967,69.085,3.823,2.059,1.0851
7972,2023-11-29 04:00:00,74.948,68.938,3.907,2.104,1.0872
7973,2023-11-29 05:00:00,76.279,70.008,4.076,2.195,1.0896
7974,2023-11-29 06:00:00,77.657,71.105,4.259,2.293,1.0921
7975,2023-11-29 07:00:00,77.025,70.361,4.332,2.332,1.0947
7976,2023-11-29 08:00:00,79.086,72.086,4.55,2.45,1.0971
7977,2023-11-29 09:00:00,77.83,70.809,4.564,2.457,1.0992
7978,2023-11-29 10:00:00,79.308,72.05,4.717,2.54,1.1007
7979,2023-11-29 11:00:00,79.359,72.033,4.762,2.564,1.1017
7980,2023-11-29 12:00:00,78.246,71.002,4.708,2.535,1.102
7981,2023-11-29 13:00:00,79.143,71.84,4.747,2.556,1.1017
7982,2023-11-29 14:00:00,78.719,71.521,4.679,2.519,1.1006
7983,2023-11-29 15:00:00,77.636,70.64,4.547,2.448,1.099
7984,2023-11-29 16:00:00,78.021,71.126,4.482,2.413,1.0969
7985,2023-11-29 17:00:00,77.223,70.555,4.334,2.334,1.0945
7986,2023-11-29 18:00:00,76.377,69.949,4.178,2.25,1.0919
7987,2023-11-29 19:00:00,75.705,69.499,4.034,2.172,1.0893
7988,2023-11-29 20:00:00,75.061,69.062,3.899,2.1,1.0869
7989,2023-11-29 21:00:00,74.312,68.505,3.775,2.032,1.0848
7990,2023-11-29 22:00:00,74.285,68.582,3.707,1.996,1.0832
7991,2023-11-29 23:00:00,73.433,67.859,3.623,1.951,1.0821
7992,2023-11-30 00:00:00,75.843,70.11,3.727,2.007,1.0818
7993,2023-11-30 01:00:00,72.85,67.323,3.593,1.934,1.0821
7994,2023-11-30 02:00:00,73.731,68.075,3.676,1.979,1.0831
7995,2023-11-30 03:00:00,74.199,68.409,3.764,2.027,1.0846
7996,2023-11-30 04:00:00,76.67,70.553,3.976,2.141,1.0867
7997,2023-11-30 05:00:00,74.736,68.623,3.974,2.14,1.0891
7998,2023-11-30 06:00:00,76.741,70.298,4.188,2.255,1.0917
7999,2023-11-30 07:00:00,77.281,70.627,4.326,2.329,1.0942
8000,2023-11-30 08:00:00,77.979,71.109,4.466,2.405,1.0966
8001,2023-11-30 09:00:00,79.217,72.103,4.624,2.49,1.0987
8002,2023-11-30 10:00:00,79.62,72.367,4.715,2.539,1.1002
8003,2023-11-30 11:00:00,78.599,71.375,4.696,2.528,1.1012
8004,2023-11-30 12:00:00,79.185,71.886,4.744,2.555,1.1015
8005,2023-11-30 13:00:00,77.507,70.385,4.629,2.492,1.1012
8006,2023-11-30 14:00:00,78.754,71.585,4.66,2.509,1.1002
8007,2023-11-30 15:00:00,77.647,70.682,4.527,2.438,1.0985
8008,2023-11-30 16:00:00,77.568,70.745,4.435,2.388,1.0965
8009,2023-11-30 17:00:00,75.786,69.273,4.234,2.28,1.094
8010,2023-11-30 18:00:00,76.708,70.283,4.176,2.249,1.0914
8011,2023-11-30 19:00:00,74.43,68.359,3.946,2.125,1.0888
8012,2023-11-30 20:00:00,75.208,69.229,3.887,2.093,1.0864
8013,2023-11-30 21:00:00,73.627,67.904,3.72,2.003,1.0843
8014,2023-11-30 22:00:00,73.502,67.89,3.648,1.964,1.0827
8015,2023-11-30 23:00:00,74.762,69.118,3.668,1.975,1.0817
8016,2023-12-01 00:00:00,74.243,68.662,3.628,1.954,1.0813
8017,2023-12-01 01:00:00,74.755,69.114,3.666,1.974,1.0816
8018,2023-12-01 02:00:00,75.323,69.576,3.735,2.011,1.0826
8019,2023-12-01 03:00:00,73.963,68.222,3.732,2.01,1.0842
8020,2023-12-01 04:00:00,76.224,70.174,3.932,2.117,1.0862
8021,2023-12-01 05:00:00,74.593,68.521,3.946,2.125,1.0886
8022,2023-12-01 06:00:00,76.952,70.522,4.179,2.25,1.0912
8023,2023-12-01 07:00:00,76.68,70.108,4.272,2.3,1.0937
8024,2023-12-01 08:00:00,76.975,70.224,4.388,2.363,1.0961
8025,2023-12-01 09:00:00,78.704,71.668,4.574,2.463,1.0982
8026,2023-12-01 10:00:00,79.377,72.177,4.68,2.52,1.0998
8027,2023-12-01 11:00:00,79.617,72.331,4.736,2.55,1.1007
8028,2023-12-01 12:00:00,79.166,71.9,4.723,2.543,1.1011
8029,2023-12-01 13:00:00,79.011,71.783,4.698,2.53,1.1007
8030,2023-12-01 14:00:00,79.049,71.884,4.657,2.508,1.0997
8031,2023-12-01 15:00:00,78.457,71.45,4.554,2.452,1.0981
8032,2023-12-01 16:00:00,78.093,71.254,4.445,2.394,1.096
8033,2023-12-01 17:00:00,77.2,70.596,4.292,2.311,1.0935
8034,2023-12-01 18:00:00,77.009,70.59,4.172,2.247,1.0909
8035,2023-12-01 19:00:00,74.45,68.408,3.928,2.115,1.0883
8036,2023-12-01 20:00:00,74.963,69.033,3.854,2.075,1.0859
8037,2023-12-01 21:00:00,73.475,67.794,3.693,1.989,1.0838
8038,2023-12-01 22:00:00,74.323,68.678,3.669,1.976,1.0822
8039,2023-12-01 23:00:00,75.098,69.459,3.665,1.973,1.0812
8040,2023-12-02 00:00:00,72.651,67.218,3.531,1.901,1.0808
8041,2023-12-02 01:00:00,73.192,67.699,3.57,1.923,1.0811
8042,2023-12-02 02:00:00,73.924,68.314,3.646,1.963,1.0821
8043,2023-12-02 03:00:00,72.19,66.615,3.624,1.951,1.0837
8044,2023-12-02 04:00:00,73.895,68.06,3.793,2.042,1.0857
8045,2023-12-02 05:00:00,75.192,69.102,3.959,2.132,1.0881
8046,2023-12-02 06:00:00,73.374,67.272,3.966,2.136,1.0907
8047,2023-12-02 07:00:00,75.511,69.069,4.187,2.255,1.0933
8048,2023-12-02 08:00:00,77.732,70.946,4.411,2.375,1.0957
8049,2023-12-02 09:00:00,78.201,71.24,4.525,2.436,1.0977
8050,2023-12-02 10:00:00,78.134,71.078,4.587,2.47,1.0993
8051,2023-12-02 11:00:00,78.787,71.608,4.667,2.513,1.1003
8052,2023-12-02 12:00:00,78.362,71.201,4.655,2.507,1.1006
8053,2023-12-02 13:00:00,78.533,71.379,4.65,2.504,1.1002
8054,2023-12-02 14:00:00,77.598,70.595,4.552,2.451,1.0992
8055,2023-12-02 15:00:00,77.511,70.619,4.48,2.412,1.0976
8056,2023-12-02 16:00:00,76.392,69.732,4.329,2.331,1.0955
8057,2023-12-02 17:00:00,77.212,70.637,4.273,2.301,1.0931
8058,2023-12-02 18:00:00,76.731,70.365,4.138,2.228,1.0905
8059,2023-12-02 19:00:00,75.947,69.813,3.987,2.147,1.0879
8060,2023-12-02 20:00:00,73.96,68.139,3.784,2.037,1.0854
8061,2023-12-02 21:00:00,73.011,67.395,3.651,1.966,1.0833
8062,2023-12-02 22:00:00,74.291,68.678,3.648,1.965,1.0817
8063,2023-12-02 23:00:00,73.478,67.99,3.567,1.921,1.0807
8064,2023-12-03 00:00:00,73.226,67.78,3.54,1.906,1.0804
8065,2023-12-03 01:00:00,72.585,67.166,3.522,1.896,1.0807
8066,2023-12-03 02:00:00,73.642,68.082,3.613,1.946,1.0817
8067,2023-12-03 03:00:00,72.904,67.303,3.641,1.96,1.0832
8068,2023-12-03 04:00:00,74.742,68.869,3.817,2.055,1.0853
8069,2023-12-03 05:00:00,75.933,69.812,3.978,2.142,1.0877
8070,2023-12-03 06:00:00,76.798,70.442,4.132,2.225,1.0902
8071,2023-12-03 07:00:00,76.768,70.249,4.238,2.282,1.0928
8072,2023-12-03 08:00:00,75.796,69.208,4.282,2.306,1.0952
8073,2023-12-03 09:00:00,77.549,70.676,4.468,2.406,1.0972
8074,2023-12-03 10:00:00,79.459,72.313,4.645,2.501,1.0988
8075,2023-12-03 11:00:00,77.406,70.382,4.566,2.458,1.0998
8076,2023-12-03 12:00:00,78.118,71.009,4.621,2.488,1.1001
8077,2023-12-03 13:00:00,79.161,71.98,4.668,2.513,1.0998
8078,2023-12-03 14:00:00,78.283,71.248,4.573,2.462,1.0987
8079,2023-12-03 15:00:00,79.294,72.274,4.563,2.457,1.0971
8080,2023-12-03 16:00:00,76.283,69.662,4.304,2.317,1.095
8081,2023-12-03 17:00:00,75.456,69.06,4.157,2.239,1.0926
8082,2023-12-03 18:00:00,76.471,70.157,4.104,2.21,1.09
8083,2023-12-03 19:00:00,73.954,68.01,3.864,2.08,1.0874
8084,2023-12-03 20:00:00,74.09,68.287,3.771,2.031,1.085
8085,2023-12-03 21:00:00,73.654,68.017,3.664,1.973,1.0829
8086,2023-12-03 22:00:00,74.077,68.51,3.619,1.949,1.0813
8087,2023-12-03 23:00:00,73.5,68.04,3.549,1.911,1.0803
8088,2023-12-04 00:00:00,74.048,68.57,3.561,1.917,1.0799
8089,2023-12-04 01:00:00,73.485,68.028,3.547,1.91,1.0802
8090,2023-12-04 02:00:00,74.965,69.335,3.659,1.97,1.0812
8091,2023-12-04 03:00:00,77.505,71.581,3.851,2.074,1.0828
8092,2023-12-04 04:00:00,75.513,69.609,3.838,2.066,1.0848
8093,2023-12-04 05:00:00,75.688,69.617,3.946,2.125,1.0872
8094,2023-12-04 06:00:00,75.295,69.091,4.032,2.171,1.0898
8095,2023-12-04 07:00:00,76.472,70.007,4.202,2.263,1.0923
8096,2023-12-04 08:00:00,77.426,70.725,4.355,2.345,1.0947
8097,2023-12-04 09:00:00,77.722,70.863,4.458,2.401,1.0968
8098,2023-12-04 10:00:00,78.538,71.504,4.572,2.462,1.0984
8099,2023-12-04 11:00:00,80.181,72.935,4.71,2.536,1.0993
8100,2023-12-04 12:00:00,79.861,72.623,4.705,2.533,1.0997
8101,2023-12-04 13:00:00,78.688,71.579,4.62,2.488,1.0993
8102,2023-12-04 14:00:00,77.616,70.67,4.515,2.431,1.0983
8103,2023-12-04 15:00:00,79.152,72.174,4.536,2.442,1.0967
8104,2023-12-04 16:00:00,77.542,70.841,4.356,2.345,1.0946
8105,2023-12-04 17:00:00,75.626,69.244,4.148,2.234,1.0922
8106,2023-12-04 18:00:00,76.812,70.499,4.104,2.21,1.0896
8107,2023-12-04 19:00:00,76.375,70.265,3.971,2.138,1.0869
8108,2023-12-04 20:00:00,73.126,67.427,3.704,1.995,1.0845
8109,2023-12-04 21:00:00,73.806,68.185,3.653,1.967,1.0824
8110,2023-12-04 22:00:00,73.936,68.407,3.594,1.935,1.0808
8111,2023-12-04 23:00:00,74.316,68.824,3.57,1.922,1.0798
8112,2023-12-05 00:00:00,73.282,67.889,3.506,1.888,1.0794
8113,2023-12-05 01:00:00,73.129,67.727,3.512,1.891,1.0798
8114,2023-12-05 02:00:00,74.565,68.993,3.621,1.95,1.0807
8115,2023-12-05 03:00:00,74.068,68.435,3.662,1.972,1.0823
8116,2023-12-05 04:00:00,75.369,69.504,3.812,2.052,1.0844
8117,2023-12-05 05:00:00,74.736,68.769,3.878,2.088,1.0868
8118,2023-12-05 06:00:00,75.222,69.053,4.01,2.159,1.0893
8119,2023-12-05 07:00:00,77.505,70.982,4.24,2.283,1.0919
8120,2023-12-05 08:00:00,77.752,71.052,4.355,2.345,1.0943
8121,2023-12-05 09:00:00,78.809,71.883,4.502,2.424,1.0963
8122,2023-12-05 10:00:00,78.109,71.143,4.528,2.438,1.0979
8123,2023-12-05 11:00:00,78.169,71.134,4.573,2.462,1.0989
8124,2023-12-05 12:00:00,79.916,72.703,4.689,2.525,1.0992
8125,2023-12-05 13:00:00,77.607,70.624,4.538,2.444,1.0989
8126,2023-12-05 14:00:00,79.475,72.392,4.604,2.479,1.0978
8127,2023-12-05 15:00:00,79.107,72.162,4.514,2.431,1.0962
8128,2023-12-05 16:00:00,78.207,71.477,4.374,2.355,1.0942
8129,2023-12-05 17:00:00,76.389,69.971,4.172,2.246,1.0917
8130,2023-12-05 18:00:00,75.615,69.428,4.022,2.165,1.0891
8131,2023-12-05 19:00:00,75.404,69.4,3.902,2.101,1.0865
8132,2023-12-05 20:00:00,73.954,68.218,3.728,2.007,1.0841
8133,2023-12-05 21:00:00,73.672,68.089,3.629,1.954,1.082
8134,2023-12-05 22:00:00,74.477,68.936,3.602,1.939,1.0804
8135,2023-12-05 23:00:00,74.222,68.764,3.547,1.91,1.0794
8136,2023-12-06 00:00:00,72.849,67.515,3.467,1.867,1.079
8137,2023-12-06 01:00:00,74.239,68.783,3.547,1.91,1.0793
8138,2023-12-06 02:00:00,74.328,68.802,3.592,1.934,1.0803
8139,2023-12-06 03:00:00,75.536,69.819,3.716,2.001,1.0819
8140,2023-12-06 04:00:00,75.359,69.523,3.793,2.042,1.0839
8141,2023-12-06 05:00:00,76.356,70.288,3.944,2.124,1.0863
8142,2023-12-06 06:00:00,76.586,70.334,4.064,2.188,1.0889
8143,2023-12-06 07:00:00,77.646,71.139,4.229,2.277,1.0915
8144,2023-12-06 08:00:00,76.542,69.974,4.269,2.299,1.0939
8145,2023-12-06 09:00:00,77.977,71.152,4.436,2.389,1.0959
8146,2023-12-06 10:00:00,78.457,71.488,4.53,2.439,1.0975
8147,2023-12-06 11:00:00,78.562,71.52,4.577,2.465,1.0985
8148,2023-12-06 12:00:00,79.179,72.061,4.627,2.492,1.0988
8149,2023-12-06 13:00:00,79.235,72.134,4.615,2.485,1.0984
8150,2023-12-06 14:00:00,78.783,71.79,4.546,2.448,1.0974
8151,2023-12-06 15:00:00,77.927,71.114,4.428,2.385,1.0958
8152,2023-12-06 16:00:00,76.954,70.36,4.286,2.308,1.0937
8153,2023-12-06 17:00:00,77.723,71.221,4.226,2.276,1.0913
8154,2023-12-06 18:00:00,76.474,70.245,4.049,2.18,1.0887
8155,2023-12-06 19:00:00,74.759,68.834,3.851,2.074,1.0861
8156,2023-12-06 20:00:00,74.76,68.989,3.751,2.02,1.0836
8157,2023-12-06 21:00:00,73.051,67.542,3.581,1.928,1.0816
8158,2023-12-06 22:00:00,73.986,68.509,3.56,1.917,1.0799
8159,2023-12-06 23:00:00,73.552,68.171,3.498,1.883,1.0789
8160,2023-12-07 00:00:00,73.179,67.848,3.465,1.866,1.0786
8161,2023-12-07 01:00:00,74.896,69.419,3.56,1.917,1.0789
8162,2023-12-07 02:00:00,73.081,67.675,3.514,1.892,1.0799
8163,2023-12-07 03:00:00,74.898,69.257,3.667,1.974,1.0814
8164,2023-12-07 04:00:00,76.556,70.656,3.835,2.065,1.0835
8165,2023-12-07 05:00:00,76.34,70.301,3.925,2.114,1.0859
8166,2023-12-07 06:00:00,76.169,69.978,4.024,2.167,1.0885
8167,2023-12-07 07:00:00,76.001,69.659,4.122,2.22,1.091
8168,2023-12-07 08:00:00,76.455,69.922,4.246,2.287,1.0934
8169,2023-12-07 09:00:00,77.724,70.949,4.404,2.371,1.0955
8170,2023-12-07 10:00:00,77.929,71.035,4.481,2.413,1.0971
8171,2023-12-07 11:00:00,78.166,71.187,4.536,2.443,1.098
8172,2023-12-07 12:00:00,78.557,71.522,4.573,2.462,1.0984
8173,2023-12-07 13:00:00,78.638,71.619,4.562,2.457,1.098
8174,2023-12-07 14:00:00,78.824,71.855,4.53,2.439,1.097
8175,2023-12-07 15:00:00,77.083,70.371,4.363,2.349,1.0954
8176,2023-12-07 16:00:00,76.965,70.397,4.269,2.299,1.0933
8177,2023-12-07 17:00:00,76.733,70.341,4.154,2.237,1.0909
8178,2023-12-07 18:00:00,76.029,69.863,4.008,2.158,1.0883
8179,2023-12-07 19:00:00,76.899,70.833,3.943,2.123,1.0857
8180,2023-12-07 20:00:00,75.054,69.288,3.748,2.018,1.0832
8181,2023-12-07 21:00:00,73.12,67.633,3.567,1.921,1.0811
8182,2023-12-07 22:00:00,74.247,68.777,3.555,1.914,1.0795
8183,2023-12-07 23:00:00,74.085,68.692,3.505,1.888,1.0785
8184,2023-12-08 00:00:00,73.489,68.162,3.463,1.864,1.0782
8185,2023-12-08 01:00:00,72.754,67.46,3.441,1.853,1.0785
8186,2023-12-08 02:00:00,75.254,69.715,3.601,1.939,1.0795
8187,2023-12-08 03:00:00,73.525,68.014,3.582,1.929,1.081
8188,2023-12-08 04:00:00,75.369,69.588,3.758,2.024,1.0831
8189,2023-12-08 05:00:00,75.644,69.687,3.872,2.085,1.0855
8190,2023-12-08 06:00:00,76.621,70.421,4.03,2.17,1.088
8191,2023-12-08 07:00:00,78.14,71.648,4.22,2.272,1.0906
8192,2023-12-08 08:00:00,77.897,71.268,4.309,2.32,1.093
8193,2023-12-08 09:00:00,77.582,70.846,4.378,2.357,1.0951
8194,2023-12-08 10:00:00,79.276,72.29,4.541,2.445,1.0966
8195,2023-12-08 11:00:00,78.204,71.249,4.521,2.434,1.0976
8196,2023-12-08 12:00:00,78.903,71.864,4.575,2.464,1.0979
8197,2023-12-08 13:00:00,77.693,70.785,4.49,2.418,1.0976
8198,2023-12-08 14:00:00,77.629,70.792,4.444,2.393,1.0966
8199,2023-12-08 15:00:00,78.042,71.273,4.4,2.369,1.095
8200,2023-12-08 16:00:00,77.739,71.133,4.294,2.312,1.0929
8201,2023-12-08 17:00:00,75.526,69.261,4.072,2.193,1.0904
8202,2023-12-08 18:00:00,76.528,70.348,4.017,2.163,1.0878
8203,2023-12-08 19:00:00,74.853,68.973,3.821,2.058,1.0852
8204,2023-12-08 20:00:00,75.819,70.021,3.769,2.029,1.0828
8205,2023-12-08 21:00:00,74.047,68.516,3.595,1.936,1.0807
8206,2023-12-08 22:00:00,73.054,67.698,3.481,1.875,1.0791
8207,2023-12-08 23:00:00,73.702,68.363,3.47,1.869,1.0781
8208,2023-12-09 00:00:00,72.11,66.909,3.381,1.821,1.0777
8209,2023-12-09 01:00:00,73.845,68.498,3.476,1.872,1.0781
8210,2023-12-09 02:00:00,73.143,67.785,3.483,1.875,1.079
8211,2023-12-09 03:00:00,73.435,67.956,3.561,1.917,1.0806
8212,2023-12-09 04:00:00,74.53,68.839,3.699,1.992,1.0827
8213,2023-12-09 05:00:00,73.94,68.144,3.768,2.029,1.0851
8214,2023-12-09 06:00:00,74.392,68.398,3.896,2.098,1.0876
8215,2023-12-09 07:00:00,76.357,70.039,4.107,2.211,1.0902
8216,2023-12-09 08:00:00,75.833,69.405,4.178,2.25,1.0926
8217,2023-12-09 09:00:00,76.372,69.767,4.293,2.311,1.0947
8218,2023-12-09 10:00:00,78.272,71.401,4.466,2.405,1.0962
8219,2023-12-09 11:00:00,78.295,71.358,4.509,2.428,1.0972
8220,2023-12-09 12:00:00,77.017,70.172,4.449,2.396,1.0975
8221,2023-12-09 13:00:00,77.414,70.557,4.457,2.4,1.0972
8222,2023-12-09 14:00:00,76.932,70.183,4.387,2.362,1.0962
8223,2023-12-09 15:00:00,78.568,71.781,4.412,2.376,1.0946
8224,2023-12-09 16:00:00,77.357,70.809,4.256,2.292,1.0925
8225,2023-12-09 17:00:00,75.713,69.458,4.065,2.189,1.09
8226,2023-12-09 18:00:00,75.798,69.703,3.962,2.133,1.0874
8227,2023-12-09 19:00:00,73.658,67.898,3.744,2.016,1.0848
8228,2023-12-09 20:00:00,73.554,67.954,3.64,1.96,1.0824
8229,2023-12-09 21:00:00,73.608,68.136,3.557,1.915,1.0803
8230,2023-12-09 22:00:00,73.461,68.101,3.484,1.876,1.0787
8231,2023-12-09 23:00:00,72.789,67.541,3.411,1.837,1.0777
8232,2023-12-10 00:00:00,72.961,67.724,3.404,1.833,1.0773
8233,2023-12-10 01:00:00,72.919,67.664,3.416,1.839,1.0777
8234,2023-12-10 02:00:00,72.992,67.67,3.459,1.863,1.0786
8235,2023-12-10 03:00:00,73.298,67.855,3.538,1.905,1.0802
8236,2023-12-10 04:00:00,73.732,68.127,3.643,1.962,1.0823
8237,2023-12-10 05:00:00,74.852,69.009,3.798,2.045,1.0847
8238,2023-12-10 06:00:00,75.658,69.588,3.946,2.125,1.0872
8239,2023-12-10 07:00:00,76.169,69.892,4.08,2.197,1.0898
8240,2023-12-10 08:00:00,75.745,69.35,4.156,2.238,1.0922
8241,2023-12-10 09:00:00,76.421,69.838,4.279,2.304,1.0943
8242,2023-12-10 10:00:00,77.908,71.095,4.429,2.385,1.0958
8243,2023-12-10 11:00:00,78.993,72.021,4.532,2.44,1.0968
8244,2023-12-10 12:00:00,78.069,71.157,4.493,2.419,1.0971
8245,2023-12-10 13:00:00,77.545,70.702,4.448,2.395,1.0968
8246,2023-12-10 14:00:00,77.77,70.973,4.418,2.379,1.0958
8247,2023-12-10 15:00:00,76.309,69.742,4.269,2.298,1.0942
8248,2023-12-10 16:00:00,77.637,71.091,4.255,2.291,1.0921
8249,2023-12-10 17:00:00,76.148,69.884,4.072,2.193,1.0896
8250,2023-12-10 18:00:00,74.823,68.831,3.894,2.097,1.087
8251,2023-12-10 19:00:00,74.534,68.73,3.772,2.031,1.0844
8252,2023-12-10 20:00:00,73.637,68.056,3.628,1.953,1.082
8253,2023-12-10 21:00:00,74.494,68.981,3.584,1.93,1.0799
8254,2023-12-10 22:00:00,72.941,67.643,3.443,1.854,1.0783
8255,2023-12-10 23:00:00,72.953,67.718,3.403,1.832,1.0773
8256,2023-12-11 00:00:00,73.934,68.652,3.434,1.849,1.0769
8257,2023-12-11 01:00:00,73.029,67.791,3.405,1.833,1.0773
8258,2023-12-11 02:00:00,73.99,68.62,3.49,1.879,1.0783
8259,2023-12-11 03:00:00,74.459,68.955,3.578,1.927,1.0798
8260,2023-12-11 04:00:00,73.608,68.037,3.621,1.95,1.0819
8261,2023-12-11 05:00:00,75.6,69.724,3.819,2.057,1.0843
8262,2023-12-11 06:00:00,76.045,69.968,3.95,2.127,1.0868
8263,2023-12-11 07:00:00,76.852,70.544,4.1,2.208,1.0894
8264,2023-12-11 08:00:00,77.41,70.9,4.231,2.278,1.0918
8265,2023-12-11 09:00:00,78.123,71.419,4.358,2.346,1.0939
8266,2023-12-11 10:00:00,79.367,72.452,4.495,2.42,1.0954
8267,2023-12-11 11:00:00,77.698,70.865,4.442,2.392,1.0964
8268,2023-12-11 12:00:00,78.429,71.51,4.497,2.422,1.0968
8269,2023-12-11 13:00:00,79.113,72.157,4.521,2.434,1.0964
8270,2023-12-11 14:00:00,78.706,71.852,4.455,2.399,1.0954
8271,2023-12-11 15:00:00,78.27,71.559,4.362,2.349,1.0938
8272,2023-12-11 16:00:00,79.478,72.803,4.339,2.336,1.0917
8273,2023-12-11 17:00:00,77.21,70.883,4.113,2.214,1.0893
8274,2023-12-11 18:00:00,76.926,70.792,3.988,2.147,1.0867
8275,2023-12-11 19:00:00,75.16,69.332,3.788,2.04,1.0841
8276,2023-12-11 20:00:00,74.016,68.43,3.631,1.955,1.0816
8277,2023-12-11 21:00:00,73.994,68.543,3.544,1.908,1.0795
8278,2023-12-11 22:00:00,74.359,68.983,3.494,1.882,1.0779
8279,2023-12-11 23:00:00,73.871,68.594,3.43,1.847,1.0769
8280,2023-12-12 00:00:00,73.779,68.532,3.411,1.836,1.0766
8281,2023-12-12 01:00:00,73.4,68.16,3.406,1.834,1.0769
8282,2023-12-12 02:00:00,73.535,68.223,3.453,1.859,1.0779
8283,2023-12-12 03:00:00,74.089,68.637,3.544,1.908,1.0794
8284,2023-12-12 04:00:00,75.307,69.632,3.689,1.986,1.0815
8285,2023-12-12 05:00:00,76.02,70.136,3.825,2.059,1.0839
8286,2023-12-12 06:00:00,75.288,69.296,3.895,2.097,1.0865
8287,2023-12-12 07:00:00,77.307,70.987,4.108,2.212,1.089
8288,2023-12-12 08:00:00,76.858,70.419,4.185,2.254,1.0914
8289,2023-12-12 09:00:00,78.257,71.566,4.349,2.342,1.0935
8290,2023-12-12 10:00:00,78.167,71.381,4.411,2.375,1.0951
8291,2023-12-12 11:00:00,79.778,72.786,4.544,2.447,1.0961
8292,2023-12-12 12:00:00,78.344,71.457,4.476,2.41,1.0964
8293,2023-12-12 13:00:00,78.711,71.815,4.482,2.413,1.096
8294,2023-12-12 14:00:00,78.775,71.94,4.443,2.392,1.095
8295,2023-12-12 15:00:00,77.222,70.626,4.288,2.309,1.0934
8296,2023-12-12 16:00:00,77.291,70.824,4.204,2.264,1.0913
8297,2023-12-12 17:00:00,76.512,70.266,4.06,2.186,1.0889
8298,2023-12-12 18:00:00,75.649,69.64,3.906,2.103,1.0863
8299,2023-12-12 19:00:00,75.033,69.239,3.766,2.028,1.0837
8300,2023-12-12 20:00:00,75.583,69.903,3.692,1.988,1.0813
8301,2023-12-12 21:00:00,73.754,68.344,3.517,1.894,1.0792
8302,2023-12-12 22:00:00,74.223,68.881,3.473,1.87,1.0776
8303,2023-12-12 23:00:00,73.776,68.53,3.41,1.836,1.0765
8304,2023-12-13 00:00:00,72.398,67.272,3.332,1.794,1.0762
8305,2023-12-13 01:00:00,73.928,68.673,3.415,1.839,1.0765
8306,2023-12-13 02:00:00,72.726,67.495,3.4,1.831,1.0775
8307,2023-12-13 03:00:00,74.674,69.202,3.557,1.915,1.0791
8308,2023-12-13 04:00:00,74.349,68.77,3.626,1.953,1.0811
8309,2023-12-13 05:00:00,75.362,69.553,3.776,2.033,1.0835
8310,2023-12-13 06:00:00,75.043,69.094,3.867,2.082,1.0861
8311,2023-12-13 07:00:00,76.793,70.539,4.066,2.189,1.0887
8312,2023-12-13 08:00:00,78.037,71.524,4.234,2.28,1.0911
8313,2023-12-13 09:00:00,77.254,70.673,4.278,2.303,1.0931
8314,2023-12-13 10:00:00,77.823,71.091,4.376,2.356,1.0947
8315,2023-12-13 11:00:00,78.899,72.009,4.478,2.411,1.0957
8316,2023-12-13 12:00:00,79.006,72.086,4.498,2.422,1.096
8317,2023-12-13 13:00:00,76.681,69.986,4.351,2.343,1.0957
8318,2023-12-13 14:00:00,79.828,72.926,4.486,2.416,1.0946
8319,2023-12-13 15:00:00,78.269,71.607,4.33,2.332,1.093
8320,2023-12-13 16:00:00,77.853,71.363,4.219,2.272,1.0909
8321,2023-12-13 17:00:00,76.58,70.352,4.048,2.18,1.0885
8322,2023-12-13 18:00:00,74.604,68.701,3.837,2.066,1.0859
8323,2023-12-13 19:00:00,75.853,70.019,3.792,2.042,1.0833
8324,2023-12-13 20:00:00,74.289,68.729,3.614,1.946,1.0809
8325,2023-12-13 21:00:00,74.592,69.143,3.542,1.907,1.0788
8326,2023-12-13 22:00:00,73.606,68.331,3.429,1.846,1.0772
8327,2023-12-13 23:00:00,73.693,68.476,3.391,1.826,1.0762
8328,2023-12-14 00:00:00,72.842,67.708,3.337,1.797,1.0758
8329,2023-12-14 01:00:00,74.163,68.915,3.411,1.837,1.0762
8330,2023-12-14 02:00:00,72.871,67.653,3.392,1.826,1.0771
8331,2023-12-14 03:00:00,75.871,70.334,3.598,1.938,1.0787
8332,2023-12-14 04:00:00,76.401,70.692,3.711,1.998,1.0808
8333,2023-12-14 05:00:00,76.569,70.69,3.821,2.058,1.0832
8334,2023-12-14 06:00:00,76.971,70.893,3.951,2.127,1.0857
8335,2023-12-14 07:00:00,76.61,70.394,4.041,2.176,1.0883
8336,2023-12-14 08:00:00,78.195,71.692,4.227,2.276,1.0907
8337,2023-12-14 09:00:00,77.772,71.17,4.291,2.311,1.0928
8338,2023-12-14 10:00:00,77.072,70.428,4.319,2.325,1.0943
8339,2023-12-14 11:00:00,79.677,72.743,4.507,2.427,1.0953
8340,2023-12-14 12:00:00,79.479,72.54,4.51,2.428,1.0956
8341,2023-12-14 13:00:00,78.498,71.668,4.439,2.39,1.0953
8342,2023-12-14 14:00:00,77.32,70.658,4.33,2.332,1.0943
8343,2023-12-14 15:00:00,77.391,70.827,4.267,2.297,1.0927
8344,2023-12-14 16:00:00,75.905,69.6,4.098,2.207,1.0906
8345,2023-12-14 17:00:00,77.384,71.114,4.075,2.194,1.0882
8346,2023-12-14 18:00:00,74.771,68.878,3.831,2.063,1.0856
8347,2023-12-14 19:00:00,75.534,69.748,3.761,2.025,1.083
8348,2023-12-14 20:00:00,74.054,68.534,3.588,1.932,1.0805
8349,2023-12-14 21:00:00,73.08,67.764,3.455,1.861,1.0784
8350,2023-12-14 22:00:00,73.927,68.651,3.429,1.846,1.0768
8351,2023-12-14 23:00:00,73.238,68.076,3.355,1.807,1.0758
8352,2023-12-15 00:00:00,74.032,68.837,3.377,1.818,1.0755
8353,2023-12-15 01:00:00,72.533,67.422,3.322,1.789,1.0758
8354,2023-12-15 02:00:00,73.172,67.954,3.392,1.826,1.0768
8355,2023-12-15 03:00:00,72.348,67.091,3.417,1.84,1.0784
8356,2023-12-15 04:00:00,73.032,67.596,3.533,1.903,1.0804
8357,2023-12-15 05:00:00,76.67,70.806,3.811,2.052,1.0828
8358,2023-12-15 06:00:00,77.56,71.459,3.966,2.136,1.0854
8359,2023-12-15 07:00:00,76.721,70.518,4.032,2.171,1.088
8360,2023-12-15 08:00:00,76.65,70.298,4.129,2.223,1.0904
8361,2023-12-15 09:00:00,77.593,71.029,4.267,2.297,1.0924
8362,2023-12-15 10:00:00,78.906,72.127,4.407,2.373,1.094
8363,2023-12-15 11:00:00,78.105,71.33,4.404,2.371,1.095
8364,2023-12-15 12:00:00,78.77,71.916,4.455,2.399,1.0953
8365,2023-12-15 13:00:00,78.487,71.681,4.424,2.382,1.0949
8366,2023-12-15 14:00:00,77.798,71.117,4.342,2.338,1.0939
8367,2023-12-15 15:00:00,77.412,70.869,4.253,2.29,1.0923
8368,2023-12-15 16:00:00,77.495,71.08,4.17,2.245,1.0902
8369,2023-12-15 17:00:00,75.896,69.769,3.983,2.144,1.0878
8370,2023-12-15 18:00:00,76.308,70.316,3.895,2.097,1.0852
8371,2023-12-15 19:00:00,74.935,69.217,3.717,2.001,1.0826
8372,2023-12-15 20:00:00,74.764,69.214,3.608,1.943,1.0802
8373,2023-12-15 21:00:00,75.178,69.731,3.54,1.906,1.0781
8374,2023-12-15 22:00:00,73.597,68.367,3.4,1.831,1.0765
8375,2023-12-15 23:00:00,74.159,68.953,3.383,1.822,1.0755
8376,2023-12-16 00:00:00,71.276,66.296,3.238,1.743,1.0751
8377,2023-12-16 01:00:00,72.357,67.28,3.3,1.777,1.0755
8378,2023-12-16 02:00:00,72.987,67.804,3.369,1.814,1.0764
8379,2023-12-16 03:00:00,74.824,69.409,3.52,1.895,1.078
8380,2023-12-16 04:00:00,72.422,67.053,3.49,1.879,1.0801
8381,2023-12-16 05:00:00,74.452,68.78,3.687,1.985,1.0825
8382,2023-12-16 06:00:00,76.3,70.32,3.887,2.093,1.085
8383,2023-12-16 07:00:00,75.267,69.203,3.941,2.122,1.0876
8384,2023-12-16 08:00:00,76.33,70.026,4.097,2.206,1.09
8385,2023-12-16 09:00:00,77.286,70.77,4.236,2.281,1.0921
8386,2023-12-16 10:00:00,77.589,70.945,4.319,2.325,1.0937
8387,2023-12-16 11:00:00,78.908,72.086,4.434,2.388,1.0946
8388,2023-12-16 12:00:00,78.141,71.364,4.405,2.372,1.095
8389,2023-12-16 13:00:00,78.724,71.92,4.423,2.382,1.0946
8390,2023-12-16 14:00:00,77.168,70.564,4.293,2.312,1.0936
8391,2023-12-16 15:00:00,76.46,70.019,4.187,2.254,1.092
8392,2023-12-16 16:00:00,76.312,70.017,4.092,2.203,1.0899
8393,2023-12-16 17:00:00,74.973,68.942,3.92,2.111,1.0875
8394,2023-12-16 18:00:00,75.549,69.638,3.842,2.069,1.0849
8395,2023-12-16 19:00:00,74.219,68.577,3.668,1.975,1.0823
8396,2023-12-16 20:00:00,73.381,67.955,3.527,1.899,1.0799
8397,2023-12-16 21:00:00,73.732,68.412,3.458,1.862,1.0778
8398,2023-12-16 22:00:00,72.086,66.984,3.316,1.786,1.0762
8399,2023-12-16 23:00:00,73.271,68.149,3.329,1.793,1.0752
8400,2023-12-17 00:00:00,72.243,67.215,3.268,1.76,1.0748
8401,2023-12-17 01:00:00,73.561,68.421,3.341,1.799,1.0751
8402,2023-12-17 02:00:00,72.648,67.51,3.34,1.798,1.0761
8403,2023-12-17 03:00:00,73.827,68.505,3.459,1.863,1.0777
8404,2023-12-17 04:00:00,74.017,68.551,3.553,1.913,1.0797
8405,2023-12-17 05:00:00,75.066,69.368,3.704,1.994,1.0821
8406,2023-12-17 06:00:00,75.254,69.377,3.82,2.057,1.0847
8407,2023-12-17 07:00:00,74.576,68.589,3.892,2.096,1.0873
8408,2023-12-17 08:00:00,77.239,70.881,4.132,2.225,1.0897
8409,2023-12-17 09:00:00,76.942,70.476,4.203,2.263,1.0917
8410,2023-12-17 10:00:00,78.029,71.368,4.329,2.331,1.0933
8411,2023-12-17 11:00:00,78.214,71.474,4.381,2.359,1.0943
8412,2023-12-17 12:00:00,77.181,70.509,4.337,2.335,1.0946
8413,2023-12-17 13:00:00,76.983,70.35,4.311,2.321,1.0943
8414,2023-12-17 14:00:00,77.922,71.274,4.321,2.327,1.0933
8415,2023-12-17 15:00:00,76.772,70.325,4.19,2.256,1.0917
8416,2023-12-17 16:00:00,77.176,70.831,4.124,2.221,1.0896
8417,2023-12-17 17:00:00,75.697,69.628,3.945,2.124,1.0872
8418,2023-12-17 18:00:00,75.937,70.016,3.848,2.072,1.0846
8419,2023-12-17 19:00:00,74.81,69.143,3.683,1.983,1.082
8420,2023-12-17 20:00:00,74.084,68.627,3.548,1.91,1.0795
8421,2023-12-17 21:00:00,73.052,67.801,3.413,1.838,1.0774
8422,2023-12-17 22:00:00,73.101,67.947,3.35,1.804,1.0758
8423,2023-12-17 23:00:00,73.566,68.445,3.329,1.793,1.0748
8424,2023-12-18 00:00:00,73.292,68.212,3.302,1.778,1.0745
8425,2023-12-18 01:00:00,73.819,68.681,3.34,1.798,1.0748
8426,2023-12-18 02:00:00,73.71,68.517,3.375,1.818,1.0758
8427,2023-12-18 03:00:00,74.176,68.85,3.462,1.864,1.0774
8428,2023-12-18 04:00:00,75.917,70.331,3.631,1.955,1.0794
8429,2023-12-18 05:00:00,76.148,70.388,3.744,2.016,1.0818
8430,2023-12-18 06:00:00,75.968,70.056,3.843,2.069,1.0844
8431,2023-12-18 07:00:00,76.744,70.603,3.991,2.149,1.087
8432,2023-12-18 08:00:00,76.674,70.384,4.089,2.202,1.0894
8433,2023-12-18 09:00:00,77.619,71.116,4.226,2.276,1.0914
8434,2023-12-18 10:00:00,78.404,71.732,4.337,2.335,1.093
8435,2023-12-18 11:00:00,79.08,72.286,4.416,2.378,1.094
8436,2023-12-18 12:00:00,79.091,72.274,4.431,2.386,1.0943
8437,2023-12-18 13:00:00,77.577,70.914,4.331,2.332,1.094
8438,2023-12-18 14:00:00,78.911,72.199,4.362,2.349,1.093
8439,2023-12-18 15:00:00,77.677,71.175,4.226,2.276,1.0914
8440,2023-12-18 16:00:00,76.449,70.184,4.072,2.193,1.0893
8441,2023-12-18 17:00:00,77.588,71.388,4.03,2.17,1.0868
8442,2023-12-18 18:00:00,77.008,71.024,3.889,2.094,1.0842
8443,2023-12-18 19:00:00,75.425,69.732,3.7,1.993,1.0816
8444,2023-12-18 20:00:00,75.136,69.621,3.585,1.93,1.0792
8445,2023-12-18 21:00:00,74.645,69.3,3.474,1.871,1.0771
8446,2023-12-18 22:00:00,74.708,69.461,3.41,1.836,1.0755
8447,2023-12-18 23:00:00,73.948,68.819,3.333,1.795,1.0745
8448,2023-12-19 00:00:00,72.314,67.321,3.245,1.748,1.0742
8449,2023-12-19 01:00:00,74.91,69.716,3.376,1.818,1.0745
8450,2023-12-19 02:00:00,74.456,69.23,3.397,1.829,1.0755
8451,2023-12-19 03:00:00,73.677,68.406,3.426,1.845,1.0771
8452,2023-12-19 04:00:00,73.816,68.404,3.518,1.894,1.0791
8453,2023-12-19 05:00:00,75.598,69.9,3.704,1.994,1.0815
8454,2023-12-19 06:00:00,75.675,69.805,3.815,2.054,1.0841
8455,2023-12-19 07:00:00,76.81,70.684,3.982,2.144,1.0867
8456,2023-12-19 08:00:00,77.754,71.395,4.133,2.226,1.0891
8457,2023-12-19 09:00:00,77.296,70.841,4.196,2.259,1.0911
8458,2023-12-19 10:00:00,77.291,70.734,4.262,2.295,1.0927
8459,2023-12-19 11:00:00,78.702,71.96,4.382,2.36,1.0937
8460,2023-12-19 12:00:00,78.087,71.377,4.362,2.349,1.094
8461,2023-12-19 13:00:00,78.517,71.793,4.371,2.353,1.0937
8462,2023-12-19 14:00:00,77.114,70.575,4.25,2.289,1.0927
8463,2023-12-19 15:00:00,77.531,71.061,4.205,2.264,1.091
8464,2023-12-19 16:00:00,77.725,71.375,4.127,2.222,1.089
8465,2023-12-19 17:00:00,77.011,70.877,3.987,2.147,1.0865
8466,2023-12-19 18:00:00,75.278,69.448,3.789,2.04,1.0839
8467,2023-12-19 19:00:00,74.32,68.729,3.634,1.957,1.0813
8468,2023-12-19 20:00:00,74.592,69.136,3.546,1.91,1.0789
8469,2023-12-19 21:00:00,74.469,69.155,3.454,1.86,1.0768
8470,2023-12-19 22:00:00,73.942,68.768,3.363,1.811,1.0752
8471,2023-12-19 23:00:00,72.994,67.951,3.278,1.765,1.0742
8472,2023-12-20 00:00:00,73.515,68.458,3.287,1.77,1.0739
8473,2023-12-20 01:00:00,74.507,69.361,3.345,1.801,1.0742
8474,2023-12-20 02:00:00,73.788,68.628,3.354,1.806,1.0752
8475,2023-12-20 03:00:00,72.81,67.619,3.374,1.817,1.0768
8476,2023-12-20 04:00:00,74.727,69.267,3.549,1.911,1.0788
8477,2023-12-20 05:00:00,76.742,70.978,3.747,2.018,1.0812
8478,2023-12-20 06:00:00,74.889,69.099,3.763,2.026,1.0838
8479,2023-12-20 07:00:00,76.56,70.474,3.956,2.13,1.0864
8480,2023-12-20 08:00:00,76.994,70.717,4.08,2.197,1.0888
8481,2023-12-20 09:00:00,77.781,71.305,4.21,2.267,1.0908
8482,2023-12-20 10:00:00,78.272,71.652,4.304,2.317,1.0924
8483,2023-12-20 11:00:00,79.258,72.488,4.4,2.369,1.0934
8484,2023-12-20 12:00:00,78.539,71.809,4.374,2.355,1.0937
8485,2023-12-20 13:00:00,79.361,72.584,4.405,2.372,1.0934
8486,2023-12-20 14:00:00,78.03,71.433,4.288,2.309,1.0924
8487,2023-12-20 15:00:00,77.435,70.992,4.188,2.255,1.0908
8488,2023-12-20 16:00:00,76.65,70.407,4.058,2.185,1.0887
8489,2023-12-20 17:00:00,75.148,69.181,3.878,2.088,1.0862
8490,2023-12-20 18:00:00,76.065,70.193,3.816,2.055,1.0836
8491,2023-12-20 19:00:00,76.738,70.985,3.74,2.014,1.081
8492,2023-12-20 20:00:00,74.906,69.446,3.549,1.911,1.0786
8493,2023-12-20 21:00:00,74.543,69.243,3.445,1.855,1.0765
8494,2023-12-20 22:00:00,73.306,68.195,3.322,1.789,1.0749
8495,2023-12-20 23:00:00,73.176,68.139,3.274,1.763,1.0739
8496,2023-12-21 00:00:00,74.012,68.939,3.297,1.775,1.0736
8497,2023-12-21 01:00:00,74.868,69.716,3.349,1.803,1.0739
8498,2023-12-21 02:00:00,74.733,69.526,3.385,1.822,1.0749
8499,2023-12-21 03:00:00,74.628,69.326,3.446,1.855,1.0765
8500,2023-12-21 04:00:00,74.58,69.15,3.53,1.901,1.0785
8501,2023-12-21 05:00:00,75.334,69.694,3.666,1.974,1.0809
8502,2023-12-21 06:00:00,75.274,69.473,3.771,2.03,1.0835
8503,2023-12-21 07:00:00,75.417,69.439,3.885,2.092,1.0861
8504,2023-12-21 08:00:00,76.288,70.086,4.031,2.17,1.0885
8505,2023-12-21 09:00:00,77.725,71.272,4.194,2.259,1.0905
8506,2023-12-21 10:00:00,77.88,71.311,4.27,2.299,1.0921
8507,2023-12-21 11:00:00,77.241,70.662,4.276,2.303,1.0931
8508,2023-12-21 12:00:00,78.425,71.724,4.356,2.346,1.0934
8509,2023-12-21 13:00:00,78.12,71.467,4.324,2.328,1.0931
8510,2023-12-21 14:00:00,77.204,70.695,4.231,2.278,1.0921
8511,2023-12-21 15:00:00,77.4,70.978,4.174,2.248,1.0905
8512,2023-12-21 16:00:00,76.895,70.65,4.059,2.186,1.0884
8513,2023-12-21 17:00:00,76.041,70.021,3.913,2.107,1.086
8514,2023-12-21 18:00:00,76.538,70.649,3.828,2.061,1.0834
8515,2023-12-21 19:00:00,73.724,68.215,3.581,1.928,1.0808
8516,2023-12-21 20:00:00,73.041,67.735,3.449,1.857,1.0783
8517,2023-12-21 21:00:00,74.009,68.765,3.409,1.835,1.0763
8518,2023-12-21 22:00:00,73.67,68.552,3.327,1.791,1.0747
8519,2023-12-21 23:00:00,73.644,68.593,3.284,1.768,1.0736
8520,2023-12-22 00:00:00,72.848,67.873,3.234,1.741,1.0733
8521,2023-12-22 01:00:00,72.649,67.667,3.238,1.744,1.0736
8522,2023-12-22 02:00:00,73.589,68.479,3.321,1.788,1.0746
8523,2023-12-22 03:00:00,73.669,68.453,3.39,1.825,1.0762
8524,2023-12-22 04:00:00,75.705,70.211,3.571,1.923,1.0783
8525,2023-12-22 05:00:00,74.911,69.32,3.634,1.957,1.0807
8526,2023-12-22 06:00:00,75.786,69.963,3.785,2.038,1.0832
8527,2023-12-22 07:00:00,78.38,72.186,4.026,2.168,1.0858
8528,2023-12-22 08:00:00,76.978,70.739,4.056,2.184,1.0882
8529,2023-12-22 09:00:00,78.092,71.627,4.203,2.263,1.0903
8530,2023-12-22 10:00:00,78.578,71.968,4.296,2.313,1.0918
8531,2023-12-22 11:00:00,78.905,72.202,4.357,2.346,1.0928
8532,2023-12-22 12:00:00,78.656,71.953,4.357,2.346,1.0932
8533,2023-12-22 13:00:00,78.492,71.826,4.333,2.333,1.0928
8534,2023-12-22 14:00:00,78.157,71.586,4.271,2.3,1.0918
8535,2023-12-22 15:00:00,77.223,70.834,4.153,2.236,1.0902
8536,2023-12-22 16:00:00,77.368,71.103,4.072,2.193,1.0881
8537,2023-12-22 17:00:00,78.032,71.873,4.003,2.156,1.0857
8538,2023-12-22 18:00:00,76.735,70.847,3.827,2.06,1.0831
8539,2023-12-22 19:00:00,75.375,69.76,3.65,1.965,1.0805
8540,2023-12-22 20:00:00,75.168,69.724,3.538,1.905,1.0781
8541,2023-12-22 21:00:00,73.333,68.154,3.366,1.813,1.076
8542,2023-12-22 22:00:00,73.383,68.302,3.303,1.778,1.0744
8543,2023-12-22 23:00:00,74.034,68.973,3.29,1.771,1.0734
8544,2023-12-23 00:00:00,73.6,68.591,3.256,1.753,1.073
8545,2023-12-23 01:00:00,71.99,67.07,3.198,1.722,1.0734
8546,2023-12-23 02:00:00,72.46,67.446,3.259,1.755,1.0743
8547,2023-12-23 03:00:00,74.873,69.59,3.434,1.849,1.0759
8548,2023-12-23 04:00:00,73.834,68.492,3.472,1.869,1.078
8549,2023-12-23 05:00:00,75.76,70.123,3.664,1.973,1.0804
8550,2023-12-23 06:00:00,75.206,69.445,3.745,2.016,1.083
8551,2023-12-23 07:00:00,75.907,69.925,3.888,2.094,1.0855
8552,2023-12-23 08:00:00,76.114,69.961,3.999,2.153,1.0879
8553,2023-12-23 09:00:00,77.605,71.197,4.165,2.243,1.09
8554,2023-12-23 10:00:00,78.338,71.766,4.272,2.3,1.0916
8555,2023-12-23 11:00:00,76.77,70.266,4.228,2.277,1.0926
8556,2023-12-23 12:00:00,77.381,70.803,4.275,2.302,1.0929
8557,2023-12-23 13:00:00,78.26,71.631,4.309,2.32,1.0925
8558,2023-12-23 14:00:00,77.199,70.725,4.208,2.266,1.0915
8559,2023-12-23 15:00:00,76.505,70.192,4.103,2.21,1.0899
8560,2023-12-23 16:00:00,77.109,70.882,4.048,2.18,1.0879
8561,2023-12-23 17:00:00,76.551,70.525,3.916,2.109,1.0854
8562,2023-12-23 18:00:00,74.7,68.985,3.714,2.0,1.0828
8563,2023-12-23 19:00:00,74.532,68.996,3.598,1.938,1.0802
8564,2023-12-23 20:00:00,72.838,67.579,3.418,1.84,1.0778
8565,2023-12-23 21:00:00,72.543,67.436,3.32,1.787,1.0757
8566,2023-12-23 22:00:00,72.903,67.871,3.27,1.761,1.0741
8567,2023-12-23 23:00:00,72.577,67.632,3.214,1.731,1.0731
8568,2023-12-24 00:00:00,71.74,66.873,3.163,1.703,1.0728
8569,2023-12-24 01:00:00,72.014,67.108,3.189,1.717,1.0731
8570,2023-12-24 02:00:00,72.006,67.039,3.228,1.738,1.0741
8571,2023-12-24 03:00:00,73.555,68.381,3.363,1.811,1.0757
8572,2023-12-24 04:00:00,72.259,67.048,3.388,1.824,1.0777
8573,2023-12-24 05:00:00,73.599,68.139,3.549,1.911,1.0801
8574,2023-12-24 06:00:00,73.62,67.996,3.655,1.968,1.0827
8575,2023-12-24 07:00:00,76.02,70.046,3.883,2.091,1.0853
8576,2023-12-24 08:00:00,74.956,68.913,3.928,2.115,1.0877
8577,2023-12-24 09:00:00,76.892,70.56,4.116,2.216,1.0897
8578,2023-12-24 10:00:00,78.535,71.963,4.272,2.3,1.0913
8579,2023-12-24 11:00:00,78.823,72.162,4.33,2.332,1.0923
8580,2023-12-24 12:00:00,76.251,69.786,4.203,2.263,1.0926
8581,2023-12-24 13:00:00,77.771,71.199,4.271,2.3,1.0923
8582,2023-12-24 14:00:00,76.525,70.123,4.161,2.24,1.0913
8583,2023-12-24 15:00:00,75.954,69.702,4.063,2.188,1.0897
8584,2023-12-24 16:00:00,76.236,70.096,3.991,2.149,1.0876
8585,2023-12-24 17:00:00,76.628,70.613,3.91,2.105,1.0852
8586,2023-12-24 18:00:00,75.478,69.72,3.743,2.015,1.0826
8587,2023-12-24 19:00:00,73.813,68.346,3.553,1.913,1.08
8588,2023-12-24 20:00:00,74.264,68.919,3.475,1.871,1.0776
8589,2023-12-24 21:00:00,71.511,66.492,3.262,1.757,1.0755
8590,2023-12-24 22:00:00,72.227,67.257,3.23,1.739,1.0739
8591,2023-12-24 23:00:00,71.918,67.033,3.175,1.71,1.0729
8592,2023-12-25 00:00:00,73.259,68.305,3.22,1.734,1.0725
8593,2023-12-25 01:00:00,73.134,68.168,3.228,1.738,1.0729
8594,2023-12-25 02:00:00,73.435,68.385,3.282,1.767,1.0738
8595,2023-12-25 03:00:00,73.817,68.64,3.365,1.812,1.0754
8596,2023-12-25 04:00:00,74.498,69.141,3.482,1.875,1.0775
8597,2023-12-25 05:00:00,75.511,69.925,3.631,1.955,1.0799
8598,2023-12-25 06:00:00,75.886,70.105,3.758,2.023,1.0825
8599,2023-12-25 07:00:00,76.229,70.254,3.883,2.091,1.085
8600,2023-12-25 08:00:00,77.378,71.156,4.044,2.178,1.0874
8601,2023-12-25 09:00:00,78.244,71.816,4.178,2.25,1.0895
8602,2023-12-25 10:00:00,77.605,71.126,4.211,2.268,1.0911
8603,2023-12-25 11:00:00,78.246,71.649,4.288,2.309,1.0921
8604,2023-12-25 12:00:00,79.269,72.563,4.358,2.347,1.0924
8605,2023-12-25 13:00:00,77.447,70.918,4.243,2.285,1.0921
8606,2023-12-25 14:00:00,79.405,72.779,4.307,2.319,1.091
8607,2023-12-25 15:00:00,76.588,70.3,4.087,2.201,1.0894
8608,2023-12-25 16:00:00,76.804,70.633,4.011,2.16,1.0874
8609,2023-12-25 17:00:00,75.716,69.788,3.853,2.075,1.0849
8610,2023-12-25 18:00:00,77.422,71.532,3.829,2.062,1.0823
8611,2023-12-25 19:00:00,74.713,69.195,3.587,1.931,1.0797
8612,2023-12-25 20:00:00,74.093,68.774,3.457,1.861,1.0773
8613,2023-12-25 21:00:00,73.658,68.503,3.351,1.804,1.0752
8614,2023-12-25 22:00:00,73.6,68.551,3.282,1.767,1.0736
8615,2023-12-25 23:00:00,73.025,68.08,3.214,1.731,1.0726
8616,2023-12-26 00:00:00,73.084,68.157,3.203,1.724,1.0723
8617,2023-12-26 01:00:00,70.62,65.839,3.108,1.673,1.0726
8618,2023-12-26 02:00:00,73.569,68.524,3.279,1.765,1.0736
8619,2023-12-26 03:00:00,73.946,68.775,3.361,1.81,1.0752
8620,2023-12-26 04:00:00,75.248,69.852,3.508,1.889,1.0773
8621,2023-12-26 05:00:00,76.076,70.463,3.648,1.964,1.0797
8622,2023-12-26 06:00:00,75.614,69.869,3.735,2.011,1.0822
8623,2023-12-26 07:00:00,77.048,71.024,3.915,2.108,1.0848
8624,2023-12-26 08:00:00,76.218,70.104,3.974,2.14,1.0872
8625,2023-12-26 09:00:00,78.182,71.775,4.165,2.243,1.0893
8626,2023-12-26 10:00:00,77.576,71.115,4.2,2.261,1.0909
8627,2023-12-26 11:00:00,77.369,70.861,4.23,2.278,1.0918
8628,2023-12-26 12:00:00,78.222,71.62,4.291,2.311,1.0922
8629,2023-12-26 13:00:00,79.344,72.671,4.337,2.336,1.0918
8630,2023-12-26 14:00:00,78.149,71.642,4.229,2.277,1.0908
8631,2023-12-26 15:00:00,78.734,72.285,4.192,2.257,1.0892
8632,2023-12-26 16:00:00,76.481,70.351,3.985,2.146,1.0871
8633,2023-12-26 17:00:00,77.217,71.186,3.92,2.111,1.0847
8634,2023-12-26 18:00:00,75.254,69.543,3.712,1.999,1.0821
8635,2023-12-26 19:00:00,75.248,69.705,3.603,1.94,1.0795
8636,2023-12-26 20:00:00,74.618,69.277,3.472,1.869,1.0771
8637,2023-12-26 21:00:00,74.419,69.226,3.376,1.818,1.075
8638,2023-12-26 22:00:00,73.701,68.66,3.277,1.764,1.0734
8639,2023-12-26 23:00:00,72.701,67.792,3.191,1.718,1.0724
8640,2023-12-27 00:00:00,73.829,68.866,3.226,1.737,1.0721
8641,2023-12-27 01:00:00,74.555,69.522,3.272,1.762,1.0724
8642,2023-12-27 02:00:00,73.072,68.076,3.247,1.749,1.0734
8643,2023-12-27 03:00:00,72.537,67.478,3.288,1.771,1.075
8644,2023-12-27 04:00:00,74.826,69.475,3.479,1.873,1.077
8645,2023-12-27 05:00:00,74.821,69.315,3.579,1.927,1.0794
8646,2023-12-27 06:00:00,75.641,69.908,3.727,2.007,1.082
8647,2023-12-27 07:00:00,76.835,70.842,3.895,2.097,1.0846
8648,2023-12-27 08:00:00,76.693,70.556,3.99,2.148,1.087
8649,2023-12-27 09:00:00,77.377,71.049,4.113,2.215,1.0891
8650,2023-12-27 10:00:00,77.921,71.445,4.209,2.266,1.0906
8651,2023-12-27 11:00:00,79.382,72.719,4.331,2.332,1.0916
8652,2023-12-27 12:00:00,78.371,71.771,4.29,2.31,1.092
8653,2023-12-27 13:00:00,77.314,70.825,4.217,2.271,1.0916
8654,2023-12-27 14:00:00,77.082,70.678,4.162,2.241,1.0906
8655,2023-12-27 15:00:00,77.684,71.335,4.127,2.222,1.089
8656,2023-12-27 16:00:00,76.176,70.084,3.96,2.132,1.0869
8657,2023-12-27 17:00:00,75.22,69.359,3.81,2.051,1.0845
8658,2023-12-27 18:00:00,76.215,70.445,3.75,2.019,1.0819
8659,2023-12-27 19:00:00,75.58,70.026,3.61,1.944,1.0793
8660,2023-12-27 20:00:00,74.162,68.867,3.442,1.853,1.0769
8661,2023-12-27 21:00:00,74.127,68.968,3.354,1.806,1.0748
8662,2023-12-27 22:00:00,73.64,68.616,3.265,1.758,1.0732
8663,2023-12-27 23:00:00,73.694,68.731,3.226,1.737,1.0722
8664,2023-12-28 00:00:00,73.608,68.673,3.207,1.727,1.0719
8665,2023-12-28 01:00:00,71.285,66.486,3.12,1.68,1.0722
8666,2023-12-28 02:00:00,73.315,68.316,3.249,1.75,1.0732
8667,2023-12-28 03:00:00,74.293,69.125,3.359,1.809,1.0748
8668,2023-12-28 04:00:00,74.126,68.838,3.437,1.851,1.0768
8669,2023-12-28 05:00:00,75.084,69.572,3.583,1.929,1.0792
8670,2023-12-28 06:00:00,76.295,70.525,3.75,2.019,1.0818
8671,2023-12-28 07:00:00,76.459,70.51,3.867,2.082,1.0844
8672,2023-12-28 08:00:00,78.173,71.931,4.058,2.185,1.0868
8673,2023-12-28 09:00:00,78.426,72.026,4.16,2.24,1.0888
8674,2023-12-28 10:00:00,77.892,71.433,4.199,2.261,1.0904
8675,2023-12-28 11:00:00,78.093,71.552,4.252,2.289,1.0914
8676,2023-12-28 12:00:00,76.155,69.755,4.16,2.24,1.0918
8677,2023-12-28 13:00:00,77.994,71.462,4.246,2.286,1.0914
8678,2023-12-28 14:00:00,76.947,70.568,4.146,2.233,1.0904
8679,2023-12-28 15:00:00,77.732,71.392,4.121,2.219,1.0888
8680,2023-12-28 16:00:00,77.137,70.982,4.001,2.154,1.0867
8681,2023-12-28 17:00:00,76.92,70.94,3.887,2.093,1.0843
8682,2023-12-28 18:00:00,76.777,70.978,3.769,2.03,1.0817
8683,2023-12-28 19:00:00,75.029,69.529,3.575,1.925,1.0791
8684,2023-12-28 20:00:00,76.144,70.721,3.525,1.898,1.0767
8685,2023-12-28 21:00:00,74.067,68.925,3.342,1.8,1.0746
8686,2023-12-28 22:00:00,72.5,67.567,3.206,1.727,1.073
8687,2023-12-28 23:00:00,72.806,67.916,3.178,1.711,1.072
8688,2023-12-29 00:00:00,72.861,67.989,3.166,1.705,1.0717
8689,2023-12-29 01:00:00,73.671,68.724,3.216,1.731,1.072
8690,2023-12-29 02:00:00,72.771,67.821,3.217,1.732,1.073
8691,2023-12-29 03:00:00,73.665,68.554,3.322,1.789,1.0746
8692,2023-12-29 04:00:00,74.3,69.012,3.437,1.851,1.0766
8693,2023-12-29 05:00:00,74.704,69.233,3.556,1.915,1.079
8694,2023-12-29 06:00:00,76.327,70.568,3.743,2.015,1.0816
8695,2023-12-29 07:00:00,76.871,70.902,3.88,2.089,1.0842
8696,2023-12-29 08:00:00,77.899,71.692,4.035,2.173,1.0866
8697,2023-12-29 09:00:00,77.3,71.006,4.092,2.203,1.0886
8698,2023-12-29 10:00:00,78.886,72.357,4.244,2.285,1.0902
8699,2023-12-29 11:00:00,77.188,70.736,4.194,2.258,1.0912
8700,2023-12-29 12:00:00,77.258,70.778,4.212,2.268,1.0916
8701,2023-12-29 13:00:00,77.302,70.841,4.2,2.261,1.0912
8702,2023-12-29 14:00:00,77.973,71.522,4.193,2.258,1.0902
8703,2023-12-29 15:00:00,78.465,72.079,4.151,2.235,1.0886
8704,2023-12-29 16:00:00,76.549,70.454,3.962,2.134,1.0865
8705,2023-12-29 17:00:00,76.017,70.119,3.833,2.064,1.0841
8706,2023-12-29 18:00:00,75.542,69.849,3.701,1.993,1.0815
8707,2023-12-29 19:00:00,75.468,69.948,3.588,1.932,1.0789
8708,2023-12-29 20:00:00,74.053,68.791,3.42,1.842,1.0765
8709,2023-12-29 21:00:00,73.478,68.389,3.308,1.781,1.0744
8710,2023-12-29 22:00:00,72.461,67.543,3.197,1.721,1.0728
8711,2023-12-29 23:00:00,72.786,67.909,3.17,1.707,1.0718
8712,2023-12-30 00:00:00,73.26,68.374,3.176,1.71,1.0715
8713,2023-12-30 01:00:00,72.532,67.673,3.158,1.7,1.0718
8714,2023-12-30 02:00:00,72.163,67.267,3.182,1.714,1.0728
8715,2023-12-30 03:00:00,74.054,68.928,3.332,1.794,1.0744
8716,2023-12-30 04:00:00,73.214,68.015,3.379,1.819,1.0764
8717,2023-12-30 05:00:00,75.347,69.841,3.579,1.927,1.0788
8718,2023-12-30 06:00:00,76.005,70.283,3.719,2.003,1.0814
8719,2023-12-30 07:00:00,75.654,69.792,3.81,2.052,1.084
8720,2023-12-30 08:00:00,75.099,69.126,3.882,2.09,1.0864
8721,2023-12-30 09:00:00,78.522,72.14,4.148,2.234,1.0885
8722,2023-12-30 10:00:00,77.488,71.087,4.161,2.24,1.09
8723,2023-12-30 11:00:00,77.206,70.764,4.187,2.255,1.091
8724,2023-12-30 12:00:00,78.272,71.719,4.259,2.294,1.0914
8725,2023-12-30 13:00:00,77.988,71.482,4.229,2.277,1.091
8726,2023-12-30 14:00:00,78.19,71.733,4.197,2.26,1.09
8727,2023-12-30 15:00:00,76.27,70.074,4.027,2.169,1.0884
8728,2023-12-30 16:00:00,76.476,70.398,3.951,2.127,1.0863
8729,2023-12-30 17:00:00,74.707,68.923,3.76,2.024,1.0839
8730,2023-12-30 18:00:00,75.44,69.766,3.688,1.986,1.0813
8731,2023-12-30 19:00:00,74.25,68.831,3.522,1.897,1.0787
8732,2023-12-30 20:00:00,73.858,68.622,3.404,1.833,1.0763
8733,2023-12-30 21:00:00,73.005,67.96,3.279,1.766,1.0742
8734,2023-12-30 22:00:00,72.52,67.609,3.192,1.719,1.0726
8735,2023-12-30 23:00:00,71.801,67.002,3.12,1.68,1.0716
8736,2023-12-31 00:00:00,72.958,68.103,3.155,1.699,1.0713
8737,2023-12-31 01:00:00,73.569,68.652,3.196,1.721,1.0716
8738,2023-12-31 02:00:00,72.288,67.395,3.181,1.713,1.0726
8739,2023-12-31 03:00:00,73.528,68.45,3.301,1.777,1.0742
8740,2023-12-31 04:00:00,73.968,68.728,3.406,1.834,1.0763
8741,2023-12-31 05:00:00,74.269,68.853,3.52,1.896,1.0787
8742,2023-12-31 06:00:00,73.774,68.231,3.603,1.94,1.0812
8743,2023-12-31 07:00:00,74.612,68.842,3.751,2.02,1.0838
8744,2023-12-31 08:00:00,75.632,69.628,3.902,2.101,1.0862
8745,2023-12-31 09:00:00,75.136,69.04,3.962,2.133,1.0883
8746,2023-12-31 10:00:00,78.254,71.801,4.194,2.259,1.0899
8747,2023-12-31 11:00:00,77.722,71.248,4.208,2.266,1.0909
8748,2023-12-31 12:00:00,77.507,71.029,4.21,2.267,1.0912
8749,2023-12-31 13:00:00,75.767,69.457,4.102,2.209,1.0908
8750,2023-12-31 14:00:00,75.786,69.539,4.061,2.187,1.0898
8751,2023-12-31 15:00:00,76.76,70.536,4.046,2.179,1.0882
8752,2023-12-31 16:00:00,77.72,71.554,4.008,2.158,1.0862
8753,2023-12-31 17:00:00,75.065,69.264,3.771,2.03,1.0838
8754,2023-12-31 18:00:00,75.578,69.905,3.688,1.986,1.0812
8755,2023-12-31 19:00:00,73.893,68.511,3.498,1.884,1.0786
8756,2023-12-31 20:00:00,73.677,68.464,3.388,1.825,1.0761
8757,2023-12-31 21:00:00,74.017,68.913,3.318,1.786,1.0741
8758,2023-12-31 22:00:00,72.437,67.542,3.182,1.713,1.0725
8759,2023-12-31 23:00:00,71.924,67.127,3.118,1.679,1.0715
